step,samples_seen,step_over_d,step_over_d2,phase,phase_step,last_task,train_W,train_w,include_lora,n_S_seen,n_Sprime_seen,n_S_over_d2,n_Sprime_over_d,train_loss_last,train_loss_mean_since_log,train_loss_S_mean_since_log,train_loss_Sprime_mean_since_log,lr_W,lr_w,elapsed_sec,Q0,Q,M,rho_W,eps_W,q0,q,m,rho_w,eps_w,C_W_from_wstar,C_w_from_Wstar,C_W_w,Delta_eff,E_S,E_Sprime,E_S_W_only,grad_W_S_norm,grad_W_Sprime_norm,grad_w_S_norm,grad_w_Sprime_norm,Gamma_W,Gamma_w,F_S
0,0,0.0,0.0,initial,0,none,False,False,True,0,0,0.0,0.0,nan,nan,nan,nan,0.001,0.001,1.5422701835632324e-06,1.994584321975708,1.9937628507614136,1.0102918148040771,0.5066218122332676,1.9677635431289673,0.9436385631561279,1.1904999017715454,0.01875934563577175,0.017699058428111432,2.307039927896056,-0.00010037183528766036,-0.006856794003397226,0.0010086463298648596,1.9677635431289673,1.747550129890442,2.043030023574829,1.3237707614898682,1.022336721420288,1.2455722093582153,1.1831740140914917,0.723021388053894,0.0012609993573278189,0.12061996012926102,0.0
500,500,2.5,0.0125,pretrain_W_on_S,500,S,True,False,False,500,0,0.0125,0.0,0.4728327691555023,1.3700648234784603,1.3700648234784603,nan,0.001,0.001,2.1462257262319326,1.994584321975708,1.9934881925582886,1.010306477546692,0.506664064921514,1.9674595594406128,0.9436385631561279,1.1904999017715454,0.01875934563577175,0.017699058428111432,2.307039927896056,-9.939918527379632e-05,-0.006856794003397226,0.0010072023142129183,1.9674595594406128,1.7474333047866821,2.042917013168335,1.3236218690872192,1.022291898727417,1.2456398010253906,1.1830328702926636,0.7231915593147278,0.0012586809461936355,0.12059847265481949,0.0
1000,1000,5.0,0.025,pretrain_W_on_S,1000,S,True,False,False,1000,0,0.025,0.0,1.6186548471450806,1.4285321924090386,1.4285321924090386,nan,0.001,0.001,4.1870090663433075,1.994584321975708,1.993196964263916,1.0103187561035156,0.5067072362931175,1.9671437740325928,0.9436385631561279,1.1904999017715454,0.01875934563577175,0.017699058428111432,2.307039927896056,-0.00010388393275206909,-0.006856794003397226,0.0010058939224109054,1.9671437740325928,1.747310996055603,2.0427961349487305,1.3234632015228271,1.0222383737564087,1.245681881904602,1.1831861734390259,0.7233865857124329,0.0012563697528094053,0.12059372663497925,0.0
1500,1500,7.5,0.0375,pretrain_W_on_S,1500,S,True,False,False,1500,0,0.0375,0.0,1.7254263162612915,1.329384072303772,1.329384072303772,nan,0.001,0.001,6.229904398322105,1.994584321975708,1.9929255247116089,1.0103302001953125,0.5067474822442394,1.966849446296692,0.9436385631561279,1.1904999017715454,0.01875934563577175,0.017699058428111432,2.307039927896056,-0.00010475320596015081,-0.006856794003397226,0.0010016992455348372,1.966849446296692,1.7471957206726074,2.0426886081695557,1.323313593864441,1.022255778312683,1.2456423044204712,1.1830614805221558,0.7235949635505676,0.0012571846600621939,0.1205599308013916,0.0
2000,2000,10.0,0.05,pretrain_W_on_S,2000,S,True,False,False,2000,0,0.05,0.0,0.4446162283420563,1.3401428137421607,1.3401428137421607,nan,0.001,0.001,8.296895353123546,1.994584321975708,1.9926514625549316,1.0103437900543213,0.5067891458471246,1.966548204421997,0.9436385631561279,1.1904999017715454,0.01875934563577175,0.017699058428111432,2.307039927896056,-0.00010359224688727409,-0.006856794003397226,0.0010025710798799992,1.966548204421997,1.7470911741256714,2.0425705909729004,1.3231627941131592,1.02226984500885,1.245821237564087,1.1831196546554565,0.7238866090774536,0.0012550671817734838,0.12051865458488464,0.0
2500,2500,12.5,0.0625,pretrain_W_on_S,2500,S,True,False,False,2500,0,0.0625,0.0,2.2993314266204834,1.3201179228425026,1.3201179228425026,nan,0.001,0.001,10.387726342305541,1.994584321975708,1.992387056350708,1.0103576183319092,0.5068297090163234,1.9662561416625977,0.9436385631561279,1.1904999017715454,0.01875934563577175,0.017699058428111432,2.307039927896056,-0.00010148229193873703,-0.006856794003397226,0.0010020488407462835,1.9662561416625977,1.746980905532837,2.0424563884735107,1.3230174779891968,1.0225105285644531,1.2457306385040283,1.1832258701324463,0.7241688370704651,0.0012529648374766111,0.12046008557081223,0.0
3000,3000,15.0,0.075,pretrain_W_on_S,3000,S,True,False,False,3000,0,0.075,0.0,0.4203709065914154,1.3570712821483613,1.3570712821483613,nan,0.001,0.001,12.426825523376465,1.994584321975708,1.9921081066131592,1.0103724002838135,0.5068726084482345,1.9659476280212402,0.9436385631561279,1.1904999017715454,0.01875934563577175,0.017699058428111432,2.307039927896056,-0.0001008471954264678,-0.006856794003397226,0.001000531716272235,1.9659476280212402,1.7468589544296265,2.0423333644866943,1.3228603601455688,1.022651195526123,1.2458745241165161,1.1833064556121826,0.7241432666778564,0.001254693022929132,0.12047390639781952,0.0
3500,3500,17.5,0.0875,pretrain_W_on_S,3500,S,True,False,False,3500,0,0.0875,0.0,1.3632255792617798,1.346225407242775,1.346225407242775,nan,0.001,0.001,14.45708479732275,1.994584321975708,1.9918335676193237,1.0103864669799805,0.5069145962653931,1.9656449556350708,0.9436385631561279,1.1904999017715454,0.01875934563577175,0.017699058428111432,2.307039927896056,-0.00010196786024607718,-0.006856794003397226,0.0010005164658650756,1.9656449556350708,1.746748447418213,2.042214870452881,1.3227070569992065,1.022631287574768,1.2459992170333862,1.1833178997039795,0.7244011759757996,0.001251855748705566,0.12044893205165863,0.0
4000,4000,20.0,0.1,pretrain_W_on_S,4000,S,True,False,False,4000,0,0.1,0.0,0.8974025249481201,1.3603252282738685,1.3603252282738685,nan,0.001,0.001,16.494918923825026,1.994584321975708,1.991554856300354,1.0104039907455444,0.5069588578627136,1.9653311967849731,0.9436385631561279,1.1904999017715454,0.01875934563577175,0.017699058428111432,2.307039927896056,-9.787077578948811e-05,-0.006856794003397226,0.0010036287130787969,1.9653311967849731,1.7466174364089966,2.0420868396759033,1.3225445747375488,1.0224369764328003,1.2462427616119385,1.1831326484680176,0.7245595455169678,0.0012515842681750655,0.12044114619493484,0.0
4500,4500,22.5,0.1125,pretrain_W_on_S,4500,S,True,False,False,4500,0,0.1125,0.0,1.0649749040603638,1.36126365172863,1.36126365172863,nan,0.001,0.001,18.515409722924232,1.994584321975708,1.991288423538208,1.0104196071624756,0.5070006079545909,1.9650335311889648,0.9436385631561279,1.1904999017715454,0.01875934563577175,0.017699058428111432,2.307039927896056,-9.810652409214526e-05,-0.006856794003397226,0.0010010211262851954,1.9650335311889648,1.7464978694915771,2.0419728755950928,1.322387456893921,1.0225474834442139,1.2463024854660034,1.183205246925354,0.7246806621551514,0.001251082168892026,0.1204436644911766,0.0
5000,5000,25.0,0.125,pretrain_W_on_S,5000,S,True,False,False,5000,0,0.125,0.0,0.5990987420082092,1.3522553443014622,1.3522553443014622,nan,0.001,0.001,20.544933810830116,1.994584321975708,1.9910149574279785,1.0104342699050903,0.5070427829159394,1.9647307395935059,0.9436385631561279,1.1904999017715454,0.01875934563577175,0.017699058428111432,2.307039927896056,-9.991044498747215e-05,-0.006856794003397226,0.0009999413741752505,1.9647307395935059,1.746384620666504,2.0418574810028076,1.3222370147705078,1.022453784942627,1.2463752031326294,1.1830205917358398,0.7246581315994263,0.0012516406131908298,0.12044492363929749,0.0
5500,5500,27.5,0.1375,pretrain_W_on_S,5500,S,True,False,False,5500,0,0.1375,0.0,1.21381676197052,1.3952207196950912,1.3952207196950912,nan,0.001,0.001,22.604638094082475,1.994584321975708,1.9907270669937134,1.0104475021362305,0.5070860852734739,1.9644163846969604,0.9436385631561279,1.1904999017715454,0.01875934563577175,0.017699058428111432,2.307039927896056,-9.712381142890081e-05,-0.006856794003397226,0.000997353927232325,1.9644163846969604,1.746264100074768,2.0417284965515137,1.322080373764038,1.0223585367202759,1.2463163137435913,1.1827304363250732,0.7247409820556641,0.0012513331603258848,0.1204225942492485,0.0
6000,6000,30.0,0.15,pretrain_W_on_S,6000,S,True,False,False,6000,0,0.15,0.0,1.5668004751205444,1.3229132660627365,1.3229132660627365,nan,0.001,0.001,24.64284191094339,1.994584321975708,1.990447998046875,1.0104625225067139,0.5071291701960757,1.9641072750091553,0.9436385631561279,1.1904999017715454,0.01875934563577175,0.017699058428111432,2.307039927896056,-9.919109288603067e-05,-0.006856794003397226,0.0009915351402014494,1.9641072750091553,1.746147632598877,2.041604518890381,1.3219289779663086,1.022384762763977,1.2463120222091675,1.1825358867645264,0.7248537540435791,0.0012512106914073229,0.12040422111749649,0.0
6500,6500,32.5,0.1625,pretrain_W_on_S,6500,S,True,False,False,6500,0,0.1625,0.0,1.489721655845642,1.3812491348683833,1.3812491348683833,nan,0.001,0.001,26.679136430844665,1.994584321975708,1.9901701211929321,1.0104767084121704,0.5071716929273574,1.9638010263442993,0.9436385631561279,1.1904999017715454,0.01875934563577175,0.017699058428111432,2.307039927896056,-9.834126831265166e-05,-0.006856794003397226,0.0009917598217725754,1.9638010263442993,1.7460321187973022,2.0414865016937256,1.3217750787734985,1.0223898887634277,1.2462304830551147,1.1826088428497314,0.7249343395233154,0.0012493858812376857,0.12037567049264908,0.0
7000,7000,35.0,0.175,pretrain_W_on_S,7000,S,True,False,False,7000,0,0.175,0.0,1.2722138166427612,1.3502078275978566,1.3502078275978566,nan,0.001,0.001,28.707730010151863,1.994584321975708,1.9898862838745117,1.0104904174804688,0.5072147443692682,1.9634897708892822,0.9436385631561279,1.1904999017715454,0.01875934563577175,0.017699058428111432,2.307039927896056,-9.851808135863394e-05,-0.006856794003397226,0.0009882946033030748,1.9634897708892822,1.7459049224853516,2.04136061668396,1.3216150999069214,1.0223495960235596,1.246235728263855,1.1825172901153564,0.7253633141517639,0.0012476706178858876,0.12032273411750793,0.0
7500,7500,37.5,0.1875,pretrain_W_on_S,7500,S,True,False,False,7500,0,0.1875,0.0,1.6737622022628784,1.358132245272398,1.358132245272398,nan,0.001,0.001,30.73478247411549,1.994584321975708,1.9896050691604614,1.010505199432373,0.5072580087817615,1.9631789922714233,0.9436385631561279,1.1904999017715454,0.01875934563577175,0.017699058428111432,2.307039927896056,-9.845571184996516e-05,-0.006856794003397226,0.0009860231075435877,1.9631789922714233,1.7457878589630127,2.04123592376709,1.3214579820632935,1.0224066972732544,1.24637770652771,1.1825428009033203,0.7254905700683594,0.0012455906253308058,0.12032419443130493,0.0
8000,8000,40.0,0.2,pretrain_W_on_S,8000,S,True,False,False,8000,0,0.2,0.0,0.305368572473526,1.3393352258354425,1.3393352258354425,nan,0.001,0.001,32.75939863547683,1.994584321975708,1.9893252849578857,1.0105191469192505,0.5073006805267362,1.9628713130950928,0.9436385631561279,1.1904999017715454,0.01875934563577175,0.017699058428111432,2.307039927896056,-9.851998765952885e-05,-0.006856794003397226,0.0009804212022572756,1.9628713130950928,1.7456663846969604,2.041111469268799,1.3213039636611938,1.0224815607070923,1.2461858987808228,1.1828510761260986,0.7255859971046448,0.0012452435912564397,0.12029453366994858,0.0
8500,8500,42.5,0.2125,pretrain_W_on_S,8500,S,True,False,False,8500,0,0.2125,0.0,0.8003106713294983,1.3447205434441567,1.3447205434441567,nan,0.001,0.001,34.78771970048547,1.994584321975708,1.9890503883361816,1.0105313062667847,0.5073418397055031,1.9625720977783203,0.9436385631561279,1.1904999017715454,0.01875934563577175,0.017699058428111432,2.307039927896056,-9.936223068507388e-05,-0.006856794003397226,0.000977603835053742,1.9625720977783203,1.7455565929412842,2.0409927368164062,1.321156620979309,1.0225179195404053,1.2460488080978394,1.1827929019927979,0.7257626056671143,0.0012459633871912956,0.12027016282081604,0.0
9000,9000,45.0,0.225,pretrain_W_on_S,9000,S,True,False,False,9000,0,0.225,0.0,1.9878534078598022,1.377681972771883,1.377681972771883,nan,0.001,0.001,36.788594951853156,1.994584321975708,1.9887659549713135,1.01054847240448,0.5073867373845595,1.9622533321380615,0.9436385631561279,1.1904999017715454,0.01875934563577175,0.017699058428111432,2.307039927896056,-0.00010202116391155869,-0.006856794003397226,0.0009760938119143248,1.9622533321380615,1.7454289197921753,2.0408754348754883,1.3209962844848633,1.0225406885147095,1.2463136911392212,1.1826443672180176,0.7260701060295105,0.0012456163531169295,0.12022921442985535,0.0
9500,9500,47.5,0.2375,pretrain_W_on_S,9500,S,True,False,False,9500,0,0.2375,0.0,0.9334872961044312,1.326059289112687,1.326059289112687,nan,0.001,0.001,38.807679545134306,1.994584321975708,1.988494873046875,1.0105607509613037,0.5074274863667992,1.9619576930999756,0.9436385631561279,1.1904999017715454,0.01875934563577175,0.017699058428111432,2.307039927896056,-0.0001034454326145351,-0.006856794003397226,0.0009732677135616541,1.9619576930999756,1.745317816734314,2.0407636165618896,1.3208521604537964,1.0225790739059448,1.2462762594223022,1.1827712059020996,0.7258719801902771,0.0012468993663787842,0.12024886906147003,0.0
10000,10000,50.0,0.25,pretrain_W_on_S,10000,S,True,False,False,10000,0,0.25,0.0,0.6613821387290955,1.352108108997345,1.352108108997345,nan,0.001,0.001,40.834541369229555,1.994584321975708,1.9882228374481201,1.0105785131454468,0.5074711186217271,1.9616501331329346,0.9436385631561279,1.1904999017715454,0.01875934563577175,0.017699058428111432,2.307039927896056,-0.0001044542295858264,-0.006856794003397226,0.0009692052844911814,1.9616501331329346,1.7451971769332886,2.0406410694122314,1.320698857307434,1.0225930213928223,1.2460979223251343,1.1826128959655762,0.7259907722473145,0.0012452679220587015,0.12019619345664978,0.0
10500,10500,52.5,0.2625,pretrain_W_on_S,10500,S,True,False,False,10500,0,0.2625,0.0,1.2166723012924194,1.3281384087502957,1.3281384087502957,nan,0.001,0.001,42.85648125782609,1.994584321975708,1.9879497289657593,1.0105947256088257,0.5075141179136722,1.961344599723816,0.9436385631561279,1.1904999017715454,0.01875934563577175,0.017699058428111432,2.307039927896056,-0.00010488495900062844,-0.006856794003397226,0.0009671134757809341,1.961344599723816,1.7450683116912842,2.040518045425415,1.3205394744873047,1.0225774049758911,1.246047019958496,1.1824851036071777,0.7258529663085938,0.0012461587321013212,0.12020812928676605,0.0
11000,11000,55.0,0.275,pretrain_W_on_S,11000,S,True,False,False,11000,0,0.275,0.0,0.6016830801963806,1.4113649501800538,1.4113649501800538,nan,0.001,0.001,44.88419099338353,1.994584321975708,1.9876600503921509,1.0106087923049927,0.5075581634551828,1.9610267877578735,0.9436385631561279,1.1904999017715454,0.01875934563577175,0.017699058428111432,2.307039927896056,-0.00010307178308721632,-0.006856794003397226,0.0009699689690023661,1.9610267877578735,1.744949460029602,2.0403990745544434,1.3203763961791992,1.022789716720581,1.2460359334945679,1.182442307472229,0.7261238694190979,0.0012454482493922114,0.12016510218381882,0.0
11500,11500,57.5,0.2875,pretrain_W_on_S,11500,S,True,False,False,11500,0,0.2875,0.0,0.8849027752876282,1.3563736201822758,1.3563736201822758,nan,0.001,0.001,46.91774259135127,1.994584321975708,1.9873864650726318,1.010622501373291,0.5075999832790135,1.9607257843017578,0.9436385631561279,1.1904999017715454,0.01875934563577175,0.017699058428111432,2.307039927896056,-0.00010107021080330014,-0.006856794003397226,0.0009690457955002785,1.9607257843017578,1.7448291778564453,2.0402746200561523,1.3202192783355713,1.0228174924850464,1.2456940412521362,1.1825329065322876,0.72651606798172,0.0012451321817934513,0.12009730935096741,0.0
12000,12000,60.0,0.3,pretrain_W_on_S,12000,S,True,False,False,12000,0,0.3,0.0,0.5376653075218201,1.3151787175685168,1.3151787175685168,nan,0.001,0.001,48.95941956155002,1.994584321975708,1.9871206283569336,1.0106366872787476,0.507641061026179,1.9604315757751465,0.9436385631561279,1.1904999017715454,0.01875934563577175,0.017699058428111432,2.307039927896056,-9.923410107148811e-05,-0.006856794003397226,0.0009695434127934277,1.9604315757751465,1.7447112798690796,2.0401628017425537,1.3200675249099731,1.0228339433670044,1.2456835508346558,1.1825507879257202,0.7271520495414734,0.001241495949216187,0.11999768018722534,0.0
12500,12500,62.5,0.3125,pretrain_W_on_S,12500,S,True,False,False,12500,0,0.3125,0.0,1.712469458580017,1.3436978596448899,1.3436978596448899,nan,0.001,0.001,50.98861156590283,1.994584321975708,1.9868401288986206,1.0106537342071533,0.5076854570549727,1.960116982460022,0.9436385631561279,1.1904999017715454,0.01875934563577175,0.017699058428111432,2.307039927896056,-9.655198664404452e-05,-0.006856794003397226,0.0009695974295027554,1.960116982460022,1.744585394859314,2.0400400161743164,1.3199046850204468,1.022813081741333,1.2456921339035034,1.1823700666427612,0.7273470163345337,0.0012414348311722279,0.11996576935052872,0.0
13000,13000,65.0,0.325,pretrain_W_on_S,13000,S,True,False,False,13000,0,0.325,0.0,0.4861558675765991,1.3791121059060096,1.3791121059060096,nan,0.001,0.001,53.031994020566344,1.994584321975708,1.9865652322769165,1.0106682777404785,0.5077278882631382,1.9598129987716675,0.9436385631561279,1.1904999017715454,0.01875934563577175,0.017699058428111432,2.307039927896056,-9.34208364924416e-05,-0.006856794003397226,0.0009678929927758873,1.9598129987716675,1.7444672584533691,2.039914131164551,1.3197526931762695,1.0228557586669922,1.2456451654434204,1.1823222637176514,0.72772616147995,0.0012385817244648933,0.11992491036653519,0.0
13500,13500,67.5,0.3375,pretrain_W_on_S,13500,S,True,False,False,13500,0,0.3375,0.0,1.3484200239181519,1.339867082491517,1.339867082491517,nan,0.001,0.001,55.078605487942696,1.994584321975708,1.9862940311431885,1.0106792449951172,0.5077680586895998,1.959519863128662,0.9436385631561279,1.1904999017715454,0.01875934563577175,0.017699058428111432,2.307039927896056,-9.186773240799084e-05,-0.006856794003397226,0.0009673049789853394,1.959519863128662,1.744354486465454,2.039797782897949,1.3196028470993042,1.0228651762008667,1.2452960014343262,1.1822313070297241,0.7281628251075745,0.001237974502146244,0.11983933299779892,0.0
14000,14000,70.0,0.35,pretrain_W_on_S,14000,S,True,False,False,14000,0,0.35,0.0,0.9168968200683594,1.2987626717090606,1.2987626717090606,nan,0.001,0.001,57.11612289957702,1.994584321975708,1.9860271215438843,1.0106935501098633,0.5078093653781011,1.9592243432998657,0.9436385631561279,1.1904999017715454,0.01875934563577175,0.017699058428111432,2.307039927896056,-9.118222806137055e-05,-0.006856794003397226,0.0009675552137196064,1.9592243432998657,1.7442457675933838,2.0396840572357178,1.319459080696106,1.023056983947754,1.2454594373703003,1.1825286149978638,0.7284658551216125,0.001235532690770924,0.11981423199176788,0.0
14500,14500,72.5,0.3625,pretrain_W_on_S,14500,S,True,False,False,14500,0,0.3625,0.0,0.7530583143234253,1.3614865557849407,1.3614865557849407,nan,0.001,0.001,59.14534517377615,1.994584321975708,1.9857538938522339,1.0107085704803467,0.507851847222863,1.9589210748672485,0.9436385631561279,1.1904999017715454,0.01875934563577175,0.017699058428111432,2.307039927896056,-9.050283551914617e-05,-0.006856794003397226,0.0009656495531089604,1.9589210748672485,1.744125247001648,2.0395655632019043,1.3193038702011108,1.023127555847168,1.2452467679977417,1.1826796531677246,0.7284754514694214,0.0012334295315667987,0.11979992687702179,0.0
15000,15000,75.0,0.375,pretrain_W_on_S,15000,S,True,False,False,15000,0,0.375,0.0,2.80226993560791,1.309029572159052,1.309029572159052,nan,0.001,0.001,61.158498246222734,1.994584321975708,1.9854881763458252,1.010725736618042,0.5078944550094451,1.9586210250854492,0.9436385631561279,1.1904999017715454,0.01875934563577175,0.017699058428111432,2.307039927896056,-9.292683535022661e-05,-0.006856794003397226,0.0009640533244237304,1.9586210250854492,1.7440111637115479,2.0394487380981445,1.319159746170044,1.0232042074203491,1.245243787765503,1.182898759841919,0.7288137078285217,0.0012314276536926627,0.11974424868822098,0.0
15500,15500,77.5,0.3875,pretrain_W_on_S,15500,S,True,False,False,15500,0,0.3875,0.0,1.2418779134750366,1.3320715571641921,1.3320715571641921,nan,0.001,0.001,63.16682764329016,1.994584321975708,1.9852120876312256,1.010741949081421,0.5079379183025092,1.9583125114440918,0.9436385631561279,1.1904999017715454,0.01875934563577175,0.017699058428111432,2.307039927896056,-9.448480705032125e-05,-0.006856794003397226,0.0009608600521460176,1.9583125114440918,1.7438873052597046,2.039324998855591,1.319000244140625,1.0231467485427856,1.2451740503311157,1.1829620599746704,0.7291572093963623,0.0012312893522903323,0.11970297247171402,0.0
16000,16000,80.0,0.4,pretrain_W_on_S,16000,S,True,False,False,16000,0,0.4,0.0,1.7028335332870483,1.343524277627468,1.343524277627468,nan,0.001,0.001,65.17163151875138,1.994584321975708,1.98494291305542,1.0107568502426147,0.5079798463458011,1.9580135345458984,0.9436385631561279,1.1904999017715454,0.01875934563577175,0.017699058428111432,2.307039927896056,-9.487628994975239e-05,-0.006856794003397226,0.0009575792355462909,1.9580135345458984,1.7437665462493896,2.0392212867736816,1.3188486099243164,1.02321195602417,1.2450501918792725,1.1831308603286743,0.7292098999023438,0.0012305938871577382,0.11967232823371887,0.0
16500,16500,82.5,0.4125,pretrain_W_on_S,16500,S,True,False,False,16500,0,0.4125,0.0,1.549280047416687,1.4202392539083957,1.4202392539083957,nan,0.001,0.001,67.18472036533058,1.994584321975708,1.9846546649932861,1.010774850845337,0.5080257813828593,1.9576892852783203,0.9436385631561279,1.1904999017715454,0.01875934563577175,0.017699058428111432,2.307039927896056,-9.423618030268699e-05,-0.006856794003397226,0.0009580907644703984,1.9576892852783203,1.7436431646347046,2.039093255996704,1.3186780214309692,1.0232735872268677,1.2449116706848145,1.1832739114761353,0.7293742895126343,0.0012294829357415438,0.1196240782737732,0.0
17000,17000,85.0,0.425,pretrain_W_on_S,17000,S,True,False,False,17000,0,0.425,0.0,0.913578987121582,1.3699637099206448,1.3699637099206448,nan,0.001,0.001,69.22069075889885,1.994584321975708,1.9843757152557373,1.0107886791229248,0.5080684382159792,1.9573826789855957,0.9436385631561279,1.1904999017715454,0.01875934563577175,0.017699058428111432,2.307039927896056,-9.476146806264296e-05,-0.006856794003397226,0.0009558607125654817,1.9573826789855957,1.7435258626937866,2.0389702320098877,1.3185210227966309,1.0231270790100098,1.244903564453125,1.1830278635025024,0.7293111085891724,0.0012285838602110744,0.11961822956800461,0.0
17500,17500,87.5,0.4375,pretrain_W_on_S,17500,S,True,False,False,17500,0,0.4375,0.0,1.7172573804855347,1.3860372353047132,1.3860372353047132,nan,0.001,0.001,71.29761514253914,1.994584321975708,1.984097957611084,1.0107998847961426,0.5081096325807574,1.9570825099945068,0.9436385631561279,1.1904999017715454,0.01875934563577175,0.017699058428111432,2.307039927896056,-9.653043525759131e-05,-0.006856794003397226,0.0009515674319118261,1.9570825099945068,1.7434076070785522,2.0388572216033936,1.3183708190917969,1.0233283042907715,1.2449495792388916,1.1831514835357666,0.7297638654708862,0.0012274673208594322,0.11956027895212173,0.0
18000,18000,90.0,0.45,pretrain_W_on_S,18000,S,True,False,False,18000,0,0.45,0.0,2.340142250061035,1.361831677466631,1.361831677466631,nan,0.001,0.001,73.36263254657388,1.994584321975708,1.9838299751281738,1.0108122825622559,0.5081501825474377,1.9567897319793701,0.9436385631561279,1.1904999017715454,0.01875934563577175,0.017699058428111432,2.307039927896056,-9.687538113212213e-05,-0.006856794003397226,0.0009501378517597914,1.9567897319793701,1.7432982921600342,2.0387473106384277,1.3182212114334106,1.0231295824050903,1.2450615167617798,1.1829524040222168,0.7297402620315552,0.0012285264674574137,0.11956222355365753,0.0
18500,18500,92.5,0.4625,pretrain_W_on_S,18500,S,True,False,False,18500,0,0.4625,0.0,1.4762535095214844,1.3876836087405682,1.3876836087405682,nan,0.001,0.001,75.425442494452,1.994584321975708,1.98354172706604,1.0108298063278198,0.5081959134644589,1.9564664363861084,0.9436385631561279,1.1904999017715454,0.01875934563577175,0.017699058428111432,2.307039927896056,-9.851923095993698e-05,-0.006856794003397226,0.0009489249787293375,1.9564664363861084,1.7431796789169312,2.038628578186035,1.3180527687072754,1.0231237411499023,1.2448493242263794,1.1829742193222046,0.7300705909729004,0.0012269155122339725,0.11951500177383423,0.0
19000,19000,95.0,0.475,pretrain_W_on_S,19000,S,True,False,False,19000,0,0.475,0.0,1.60593581199646,1.3757913650870324,1.3757913650870324,nan,0.001,0.001,77.50192298926413,1.994584321975708,1.983257532119751,1.0108455419540405,0.5082402353187961,1.956150770187378,0.9436385631561279,1.1904999017715454,0.01875934563577175,0.017699058428111432,2.307039927896056,-9.755000792210922e-05,-0.006856794003397226,0.0009472409728914499,1.956150770187378,1.7430623769760132,2.038506269454956,1.317900538444519,1.0230708122253418,1.2448492050170898,1.1828205585479736,0.7301808595657349,0.0012260939693078399,0.11951062083244324,0.0
19500,19500,97.5,0.4875,pretrain_W_on_S,19500,S,True,False,False,19500,0,0.4875,0.0,0.4775973856449127,1.3214798167347908,1.3214798167347908,nan,0.001,0.001,79.56898004561663,1.994584321975708,1.9829944372177124,1.0108600854873657,0.5082812625180488,1.955858588218689,0.9436385631561279,1.1904999017715454,0.01875934563577175,0.017699058428111432,2.307039927896056,-9.707655408419669e-05,-0.006856794003397226,0.0009470679797232151,1.955858588218689,1.7429510354995728,2.0383927822113037,1.317751169204712,1.0231624841690063,1.2446423768997192,1.1829577684402466,0.7300823926925659,0.001225146697834134,0.11952262371778488,0.0
20000,20000,100.0,0.5,pretrain_W_on_S,20000,S,True,False,False,20000,0,0.5,0.0,1.1348098516464233,1.3104308829158544,1.3104308829158544,nan,0.001,0.001,81.64358917810023,1.994584321975708,1.9827308654785156,1.010875940322876,0.5083230179159908,1.9555633068084717,0.9436385631561279,1.1904999017715454,0.01875934563577175,0.017699058428111432,2.307039927896056,-9.736685751704499e-05,-0.006856794003397226,0.0009483317844569683,1.9555633068084717,1.742841124534607,2.038278341293335,1.317601203918457,1.0232231616973877,1.2446764707565308,1.182775616645813,0.7304403781890869,0.0012222699588164687,0.11946487426757812,0.0
20500,20500,102.5,0.5125,pretrain_W_on_S,20500,S,True,False,False,20500,0,0.5125,0.0,1.4343435764312744,1.3242840256094932,1.3242840256094932,nan,0.001,0.001,83.71705093421042,1.994584321975708,1.9824604988098145,1.010888695716858,0.5083640936532858,1.9552674293518066,0.9436385631561279,1.1904999017715454,0.01875934563577175,0.017699058428111432,2.307039927896056,-9.772586781764403e-05,-0.006856794003397226,0.0009483312605880201,1.9552674293518066,1.7427313327789307,2.038165330886841,1.3174549341201782,1.0232685804367065,1.2446134090423584,1.182574987411499,0.7302137017250061,0.0012226698454469442,0.11949940770864487,0.0
21000,21000,105.0,0.525,pretrain_W_on_S,21000,S,True,False,False,21000,0,0.525,0.0,0.2634274661540985,1.3523920378237964,1.3523920378237964,nan,0.001,0.001,85.78740257024765,1.994584321975708,1.9821913242340088,1.0109049081802368,0.5084067631167418,1.9549658298492432,0.9436385631561279,1.1904999017715454,0.01875934563577175,0.017699058428111432,2.307039927896056,-9.605178638594225e-05,-0.006856794003397226,0.0009470214718021452,1.9549658298492432,1.7426154613494873,2.038045883178711,1.3173032999038696,1.023310661315918,1.244659662246704,1.1827393770217896,0.7302093505859375,0.001221077865920961,0.11950119584798813,0.0
21500,21500,107.5,0.5375,pretrain_W_on_S,21500,S,True,False,False,21500,0,0.5375,0.0,1.4110764265060425,1.357047603175044,1.357047603175044,nan,0.001,0.001,87.82646548189223,1.994584321975708,1.981911301612854,1.0109204053878784,0.5084504724793912,1.9546548128128052,0.9436385631561279,1.1904999017715454,0.01875934563577175,0.017699058428111432,2.307039927896056,-9.36332653509453e-05,-0.006856794003397226,0.0009442121372558177,1.9546548128128052,1.7424949407577515,2.0379228591918945,1.3171470165252686,1.0235949754714966,1.244551420211792,1.1831490993499756,0.7301186919212341,0.0012230476131662726,0.1195017397403717,0.0
22000,22000,110.0,0.55,pretrain_W_on_S,22000,S,True,False,False,22000,0,0.55,0.0,0.6263946294784546,1.3043445711433888,1.3043445711433888,nan,0.001,0.001,89.86802764981985,1.994584321975708,1.9816396236419678,1.0109330415725708,0.5084916808516353,1.9543578624725342,0.9436385631561279,1.1904999017715454,0.01875934563577175,0.017699058428111432,2.307039927896056,-9.48308952501975e-05,-0.006856794003397226,0.0009417428518645465,1.9543578624725342,1.7423818111419678,2.0378172397613525,1.3169920444488525,1.023647665977478,1.2444173097610474,1.1831169128417969,0.7302660346031189,0.0012245961697772145,0.11945108324289322,0.0
22500,22500,112.5,0.5625,pretrain_W_on_S,22500,S,True,False,False,22500,0,0.5625,0.0,1.5456314086914062,1.3759528022706509,1.3759528022706509,nan,0.001,0.001,91.93104037456214,1.994584321975708,1.9813655614852905,1.0109456777572632,0.5085332032231985,1.9540585279464722,0.9436385631561279,1.1904999017715454,0.01875934563577175,0.017699058428111432,2.307039927896056,-9.692849562270567e-05,-0.006856794003397226,0.0009413465159013867,1.9540585279464722,1.7422659397125244,2.037703514099121,1.3168365955352783,1.0236202478408813,1.244316577911377,1.1829153299331665,0.7307104468345642,0.0012213248992338777,0.11936447024345398,0.0
23000,23000,115.0,0.575,pretrain_W_on_S,23000,S,True,False,False,23000,0,0.575,0.0,1.9574493169784546,1.3998566466867923,1.3998566466867923,nan,0.001,0.001,93.98600601032376,1.994584321975708,1.9810733795166016,1.010957956314087,0.5085768796856075,1.9537417888641357,0.9436385631561279,1.1904999017715454,0.01875934563577175,0.017699058428111432,2.307039927896056,-9.955139103112742e-05,-0.006856794003397226,0.0009396303212270141,1.9537417888641357,1.7421457767486572,2.0375826358795166,1.3166760206222534,1.0236178636550903,1.2442066669464111,1.1828469038009644,0.7311117649078369,0.0012207827530801296,0.11928431689739227,0.0
23500,23500,117.5,0.5875,pretrain_W_on_S,23500,S,True,False,False,23500,0,0.5875,0.0,1.7773739099502563,1.3081201155781745,1.3081201155781745,nan,0.001,0.001,96.0588803216815,1.994584321975708,1.9808114767074585,1.0109761953353882,0.5086196765884641,1.9534434080123901,0.9436385631561279,1.1904999017715454,0.01875934563577175,0.017699058428111432,2.307039927896056,-9.792046330403537e-05,-0.006856794003397226,0.0009416821994818747,1.9534434080123901,1.742031216621399,2.0374755859375,1.3165208101272583,1.0236377716064453,1.244367003440857,1.1828749179840088,0.7313253879547119,0.0012205704115331173,0.119268499314785,0.0
24000,24000,120.0,0.6,pretrain_W_on_S,24000,S,True,False,False,24000,0,0.6,0.0,1.4459022283554077,1.3414401102662086,1.3414401102662086,nan,0.001,0.001,98.11475768685341,1.994584321975708,1.980541706085205,1.0109955072402954,0.5086640315194161,1.9531350135803223,0.9436385631561279,1.1904999017715454,0.01875934563577175,0.017699058428111432,2.307039927896056,-9.900535951601341e-05,-0.006856794003397226,0.0009379996918141842,1.9531350135803223,1.7419111728668213,2.03735613822937,1.3163669109344482,1.0238760709762573,1.244357705116272,1.1829023361206055,0.7313953042030334,0.0012219877680763602,0.11926542967557907,0.0
24500,24500,122.5,0.6125,pretrain_W_on_S,24500,S,True,False,False,24500,0,0.6125,0.0,0.6963539719581604,1.3697427986562252,1.3697427986562252,nan,0.001,0.001,100.19176284596324,1.994584321975708,1.9802693128585815,1.0110105276107788,0.5087065723541094,1.952832579612732,0.9436385631561279,1.1904999017715454,0.01875934563577175,0.017699058428111432,2.307039927896056,-9.902572492137551e-05,-0.006856794003397226,0.0009381421841681004,1.952832579612732,1.7417914867401123,2.0372397899627686,1.3162106275558472,1.0237939357757568,1.2442799806594849,1.1826341152191162,0.7314092516899109,0.0012232351582497358,0.11924701184034348,0.0
25000,25000,125.0,0.625,pretrain_W_on_S,25000,S,True,False,False,25000,0,0.625,0.0,1.9631142616271973,1.3380112048387527,1.3380112048387527,nan,0.001,0.001,102.26078660786152,1.994584321975708,1.9799977540969849,1.0110280513763428,0.50875027395258,1.9525259733200073,0.9436385631561279,1.1904999017715454,0.01875934563577175,0.017699058428111432,2.307039927896056,-9.933605178957805e-05,-0.006856794003397226,0.0009352561901323497,1.9525259733200073,1.741675853729248,2.0371181964874268,1.3160585165023804,1.0238255262374878,1.2441487312316895,1.182823896408081,0.7317470908164978,0.0012222914956510067,0.11919134110212326,0.0
25500,25500,127.5,0.6375,pretrain_W_on_S,25500,S,True,False,False,25500,0,0.6375,0.0,1.5327297449111938,1.370724221587181,1.370724221587181,nan,0.001,0.001,104.32779810577631,1.994584321975708,1.9797152280807495,1.0110442638397217,0.5087947333523415,1.9522110223770142,0.9436385631561279,1.1904999017715454,0.01875934563577175,0.017699058428111432,2.307039927896056,-9.69716056715697e-05,-0.006856794003397226,0.0009332528570666909,1.9522110223770142,1.7415536642074585,2.036987543106079,1.3158990144729614,1.0239133834838867,1.2439799308776855,1.1828522682189941,0.7319160103797913,0.0012234409805387259,0.11917012929916382,0.0
26000,26000,130.0,0.65,pretrain_W_on_S,26000,S,True,False,False,26000,0,0.65,0.0,1.775146484375,1.3226111201047897,1.3226111201047897,nan,0.001,0.001,106.4042689576745,1.994584321975708,1.9794409275054932,1.0110594034194946,0.508837604510565,1.951906442642212,0.9436385631561279,1.1904999017715454,0.01875934563577175,0.017699058428111432,2.307039927896056,-9.786629379959777e-05,-0.006856794003397226,0.000933674571570009,1.951906442642212,1.7414417266845703,2.0368683338165283,1.3157382011413574,1.0240238904953003,1.2440471649169922,1.1829670667648315,0.7320824265480042,0.001224049716256559,0.1191612109541893,0.0
26500,26500,132.5,0.6625,pretrain_W_on_S,26500,S,True,False,False,26500,0,0.6625,0.0,1.6172775030136108,1.2985914072990417,1.2985914072990417,nan,0.001,0.001,108.45833345875144,1.994584321975708,1.9791756868362427,1.0110745429992676,0.5088793193220092,1.9516109228134155,0.9436385631561279,1.1904999017715454,0.01875934563577175,0.017699058428111432,2.307039927896056,-9.584931831341237e-05,-0.006856794003397226,0.0009309673332609236,1.9516109228134155,1.7413274049758911,2.0367538928985596,1.3155885934829712,1.024121642112732,1.2439346313476562,1.1830328702926636,0.7320596575737,0.0012248550774529576,0.11915746331214905,0.0
27000,27000,135.0,0.675,pretrain_W_on_S,27000,S,True,False,False,27000,0,0.675,0.0,0.7085888981819153,1.366386929780245,1.366386929780245,nan,0.001,0.001,110.53078025393188,1.994584321975708,1.9788932800292969,1.0110900402069092,0.5089234293605255,1.9512975215911865,0.9436385631561279,1.1904999017715454,0.01875934563577175,0.017699058428111432,2.307039927896056,-9.348754974780604e-05,-0.006856794003397226,0.0009340104879811406,1.9512975215911865,1.741208791732788,2.0366344451904297,1.315434217453003,1.024146556854248,1.2440197467803955,1.1830283403396606,0.7321056723594666,0.001223409897647798,0.11915843933820724,0.0
27500,27500,137.5,0.6875,pretrain_W_on_S,27500,S,True,False,False,27500,0,0.6875,0.0,2.9944100379943848,1.3613240931332111,1.3613240931332111,nan,0.001,0.001,112.62485635466874,1.994584321975708,1.978623628616333,1.0111048221588135,0.5089655476858559,1.950998306274414,0.9436385631561279,1.1904999017715454,0.01875934563577175,0.017699058428111432,2.307039927896056,-9.363307617604733e-05,-0.006856794003397226,0.0009346261504106224,1.950998306274414,1.741095781326294,2.03652286529541,1.31528902053833,1.0241678953170776,1.2440779209136963,1.182831048965454,0.7323327660560608,0.0012214394519105554,0.11911977082490921,0.0
28000,28000,140.0,0.7,pretrain_W_on_S,28000,S,True,False,False,28000,0,0.7,0.0,0.8086551427841187,1.3164580340981484,1.3164580340981484,nan,0.001,0.001,114.7010746113956,1.994584321975708,1.9783577919006348,1.0111238956451416,0.5090093437759187,1.9506943225860596,0.9436385631561279,1.1904999017715454,0.01875934563577175,0.017699058428111432,2.307039927896056,-9.251403389498591e-05,-0.006856794003397226,0.0009322198457084596,1.9506943225860596,1.7409768104553223,2.03640079498291,1.3151319026947021,1.0241397619247437,1.2438565492630005,1.182739019393921,0.7322018146514893,0.0012224892852827907,0.11914216727018356,0.0
28500,28500,142.5,0.7125,pretrain_W_on_S,28500,S,True,False,False,28500,0,0.7125,0.0,1.1996275186538696,1.3174608193337918,1.3174608193337918,nan,0.001,0.001,116.75894877128303,1.994584321975708,1.9780851602554321,1.0111377239227295,0.5090513817041361,1.9503940343856812,0.9436385631561279,1.1904999017715454,0.01875934563577175,0.017699058428111432,2.307039927896056,-9.239821520168334e-05,-0.006856794003397226,0.0009317151852883399,1.9503940343856812,1.740868091583252,2.0362839698791504,1.3149847984313965,1.0240178108215332,1.2437862157821655,1.1825156211853027,0.7321929335594177,0.0012228136183694005,0.11916355788707733,0.0
29000,29000,145.0,0.725,pretrain_W_on_S,29000,S,True,False,False,29000,0,0.725,0.0,1.679504632949829,1.3425452421307564,1.3425452421307564,nan,0.001,0.001,118.8416140563786,1.994584321975708,1.977812647819519,1.0111528635025024,0.5090940727148634,1.9500912427902222,0.9436385631561279,1.1904999017715454,0.01875934563577175,0.017699058428111432,2.307039927896056,-9.272561146644875e-05,-0.006856794003397226,0.0009289363515563309,1.9500912427902222,1.7407550811767578,2.036163568496704,1.3148386478424072,1.0240787267684937,1.2436174154281616,1.1826090812683105,0.7325642704963684,0.001222706283442676,0.11910954117774963,0.0
29500,29500,147.5,0.7375,pretrain_W_on_S,29500,S,True,False,False,29500,0,0.7375,0.0,2.2513134479522705,1.3480589084923267,1.3480589084923267,nan,0.001,0.001,120.98084124177694,1.994584321975708,1.9775468111038208,1.0111716985702515,0.5091377733875483,1.9497877359390259,0.9436385631561279,1.1904999017715454,0.01875934563577175,0.017699058428111432,2.307039927896056,-9.421167487744242e-05,-0.006856794003397226,0.000927697925362736,1.9497877359390259,1.7406333684921265,2.036045789718628,1.3146766424179077,1.0240263938903809,1.2436237335205078,1.1825307607650757,0.7326348423957825,0.0012226547114551067,0.11909551918506622,0.0
30000,30000,150.0,0.75,pretrain_W_on_S,30000,S,True,False,False,30000,0,0.75,0.0,1.6852474212646484,1.3385108805894852,1.3385108805894852,nan,0.001,0.001,123.01124512217939,1.994584321975708,1.9772769212722778,1.0111836194992065,0.5091785225132177,1.9494940042495728,0.9436385631561279,1.1904999017715454,0.01875934563577175,0.017699058428111432,2.307039927896056,-9.583721111994237e-05,-0.006856794003397226,0.0009246810805052519,1.9494940042495728,1.7405147552490234,2.0359294414520264,1.3145229816436768,1.0239413976669312,1.2434918880462646,1.1825193166732788,0.7323347330093384,0.0012230346910655499,0.1191425547003746,0.0
30500,30500,152.5,0.7625,pretrain_W_on_S,30500,S,True,False,False,30500,0,0.7625,0.0,2.1317172050476074,1.3241531369388104,1.3241531369388104,nan,0.001,0.001,125.05047438852489,1.994584321975708,1.9770077466964722,1.011199712753296,0.5092212885636844,1.9491926431655884,0.9436385631561279,1.1904999017715454,0.01875934563577175,0.017699058428111432,2.307039927896056,-9.610147390048951e-05,-0.006856794003397226,0.0009280986269004643,1.9491926431655884,1.7403995990753174,2.0358119010925293,1.3143682479858398,1.023922324180603,1.2433751821517944,1.182337760925293,0.7320711016654968,0.0012239975621923804,0.11916337162256241,0.0
31000,31000,155.0,0.775,pretrain_W_on_S,31000,S,True,False,False,31000,0,0.775,0.0,1.7148263454437256,1.315811716556549,1.315811716556549,nan,0.001,0.001,127.09310972131789,1.994584321975708,1.9767385721206665,1.0112171173095703,0.5092647231895838,1.9488886594772339,0.9436385631561279,1.1904999017715454,0.01875934563577175,0.017699058428111432,2.307039927896056,-9.797820530366153e-05,-0.006856794003397226,0.0009266101405955851,1.9488886594772339,1.7402833700180054,2.0356922149658203,1.3142125606536865,1.0239962339401245,1.2433921098709106,1.1824854612350464,0.7322288751602173,0.0012216997565701604,0.11913643032312393,0.0
31500,31500,157.5,0.7875,pretrain_W_on_S,31500,S,True,False,False,31500,0,0.7875,0.0,1.4505960941314697,1.3305667404830457,1.3305667404830457,nan,0.001,0.001,129.1486310735345,1.994584321975708,1.9764667749404907,1.0112311840057373,0.5093068228816615,1.9485887289047241,0.9436385631561279,1.1904999017715454,0.01875934563577175,0.017699058428111432,2.307039927896056,-9.874710667645559e-05,-0.006856794003397226,0.0009267497807741165,1.9485887289047241,1.7401686906814575,2.0355772972106934,1.3140597343444824,1.0239431858062744,1.2432578802108765,1.1824198961257935,0.732380211353302,0.001219868310727179,0.11908768117427826,0.0
32000,32000,160.0,0.8,pretrain_W_on_S,32000,S,True,False,False,32000,0,0.8,0.0,0.5883842706680298,1.3395979636609554,1.3395979636609554,nan,0.001,0.001,131.2164588533342,1.994584321975708,1.976191520690918,1.0112437009811401,0.509348595716986,1.9482884407043457,0.9436385631561279,1.1904999017715454,0.01875934563577175,0.017699058428111432,2.307039927896056,-9.991855040425435e-05,-0.006856794003397226,0.0009256551275029778,1.9482884407043457,1.7400459051132202,2.035473108291626,1.3139032125473022,1.023850679397583,1.2431836128234863,1.1823313236236572,0.7326116561889648,0.0012163972714915872,0.11906783282756805,0.0
32500,32500,162.5,0.8125,pretrain_W_on_S,32500,S,True,False,False,32500,0,0.8125,0.0,0.5473537445068359,1.4163165906965733,1.4163165906965733,nan,0.001,0.001,133.27204160764813,1.994584321975708,1.9759019613265991,1.0112600326538086,0.5093941423256395,1.94796621799469,0.9436385631561279,1.1904999017715454,0.01875934563577175,0.017699058428111432,2.307039927896056,-9.993839194066823e-05,-0.006856794003397226,0.0009232126176357269,1.94796621799469,1.7399160861968994,2.0353410243988037,1.313736915588379,1.0238556861877441,1.2433375120162964,1.182206392288208,0.7329602241516113,0.0012155823642387986,0.11901210248470306,0.0
33000,33000,165.0,0.825,pretrain_W_on_S,33000,S,True,False,False,33000,0,0.825,0.0,1.1496201753616333,1.3686151392310857,1.3686151392310857,nan,0.001,0.001,135.33571941405535,1.994584321975708,1.9756261110305786,1.0112775564193726,0.5094385313403824,1.9476553201675415,0.9436385631561279,1.1904999017715454,0.01875934563577175,0.017699058428111432,2.307039927896056,-0.00010074701276607811,-0.006856794003397226,0.0009188209078274667,1.9476553201675415,1.7398031949996948,2.035222053527832,1.313583493232727,1.0239828824996948,1.243206262588501,1.1822798252105713,0.7330880165100098,0.0012163635110482574,0.11898204684257507,0.0
33500,33500,167.5,0.8375,pretrain_W_on_S,33500,S,True,False,False,33500,0,0.8375,0.0,0.37676677107810974,1.3890639252662658,1.3890639252662658,nan,0.001,0.001,137.41659969463944,1.994584321975708,1.9753477573394775,1.01129150390625,0.5094814501713864,1.9473490715026855,0.9436385631561279,1.1904999017715454,0.01875934563577175,0.017699058428111432,2.307039927896056,-0.000104203172668349,-0.006856794003397226,0.0009174484293907881,1.9473490715026855,1.7396836280822754,2.035099983215332,1.313427448272705,1.0238672494888306,1.2432005405426025,1.1820297241210938,0.7332609295845032,0.0012140310136601329,0.11895878612995148,0.0
34000,34000,170.0,0.85,pretrain_W_on_S,34000,S,True,False,False,34000,0,0.85,0.0,0.9630051255226135,1.36713851544261,1.36713851544261,nan,0.001,0.001,139.45399132743478,1.994584321975708,1.9750738143920898,1.0113036632537842,0.5095229077292952,1.9470508098602295,0.9436385631561279,1.1904999017715454,0.01875934563577175,0.017699058428111432,2.307039927896056,-0.00010260267299599946,-0.006856794003397226,0.0009185426752083004,1.9470508098602295,1.7395645380020142,2.034982681274414,1.3132696151733398,1.0239437818527222,1.2431797981262207,1.1820532083511353,0.733376681804657,0.0012128832750022411,0.11893990635871887,0.0
34500,34500,172.5,0.8625,pretrain_W_on_S,34500,S,True,False,False,34500,0,0.8625,0.0,1.3320143222808838,1.342267204888165,1.342267204888165,nan,0.001,0.001,141.5197586528957,1.994584321975708,1.9747954607009888,1.011318564414978,0.5095663240483798,1.9467426538467407,0.9436385631561279,1.1904999017715454,0.01875934563577175,0.017699058428111432,2.307039927896056,-0.0001038391565089114,-0.006856794003397226,0.0009171027923002839,1.9467426538467407,1.739452838897705,2.0348637104034424,1.313114881515503,1.0241433382034302,1.2431190013885498,1.1821978092193604,0.7336035966873169,0.001212582690641284,0.1189025342464447,0.0
35000,35000,175.0,0.875,pretrain_W_on_S,35000,S,True,False,False,35000,0,0.875,0.0,0.34791532158851624,1.35943027459085,1.35943027459085,nan,0.001,0.001,143.64004540257156,1.994584321975708,1.9745159149169922,1.0113333463668823,0.509609842784991,1.9464335441589355,0.9436385631561279,1.1904999017715454,0.01875934563577175,0.017699058428111432,2.307039927896056,-0.00010076841863337904,-0.006856794003397226,0.0009165151277557015,1.9464335441589355,1.7393354177474976,2.03473162651062,1.3129600286483765,1.0241209268569946,1.243037462234497,1.1822956800460815,0.7336228489875793,0.0012119499733671546,0.11889488250017166,0.0
35500,35500,177.5,0.8875,pretrain_W_on_S,35500,S,True,False,False,35500,0,0.8875,0.0,0.4042518436908722,1.2834049860835075,1.2834049860835075,nan,0.001,0.001,145.70424502156675,1.994584321975708,1.9742555618286133,1.0113507509231567,0.5096522145521365,1.9461383819580078,0.9436385631561279,1.1904999017715454,0.01875934563577175,0.017699058428111432,2.307039927896056,-9.917115676216781e-05,-0.006856794003397226,0.0009154649451375008,1.9461383819580078,1.7392271757125854,2.0346124172210693,1.3128141164779663,1.02406644821167,1.2429499626159668,1.182105541229248,0.7344275712966919,0.0012095359852537513,0.11876911669969559,0.0
36000,36000,180.0,0.9,pretrain_W_on_S,36000,S,True,False,False,36000,0,0.9,0.0,1.0077522993087769,1.3260860831737518,1.3260860831737518,nan,0.001,0.001,147.74916271865368,1.994584321975708,1.973992109298706,1.0113691091537476,0.5096954748880773,1.945838212966919,0.9436385631561279,1.1904999017715454,0.01875934563577175,0.017699058428111432,2.307039927896056,-9.840898565016687e-05,-0.006856794003397226,0.000913584663067013,1.945838212966919,1.739111065864563,2.034496784210205,1.3126611709594727,1.0240859985351562,1.2430568933486938,1.1820732355117798,0.7347790598869324,0.0012069339863955975,0.11871415376663208,0.0
36500,36500,182.5,0.9125,pretrain_W_on_S,36500,S,True,False,False,36500,0,0.9125,0.0,0.9816909432411194,1.2739722453951836,1.2739722453951836,nan,0.001,0.001,149.79131213389337,1.994584321975708,1.9737350940704346,1.011387586593628,0.5097379720965921,1.9455442428588867,0.9436385631561279,1.1904999017715454,0.01875934563577175,0.017699058428111432,2.307039927896056,-9.782242705114186e-05,-0.006856794003397226,0.000911013747099787,1.9455442428588867,1.738996148109436,2.0343925952911377,1.3125070333480835,1.02418851852417,1.2430578470230103,1.1821953058242798,0.7347803115844727,0.0012061637826263905,0.11870773136615753,0.0
37000,37000,185.0,0.925,pretrain_W_on_S,37000,S,True,False,False,37000,0,0.925,0.0,0.44947540760040283,1.3493574517965317,1.3493574517965317,nan,0.001,0.001,151.83155931346118,1.994584321975708,1.9734622240066528,1.0113990306854248,0.5097789797466313,1.9452484846115112,0.9436385631561279,1.1904999017715454,0.01875934563577175,0.017699058428111432,2.307039927896056,-9.943875920725986e-05,-0.006856794003397226,0.0009082402684725821,1.9452484846115112,1.738877534866333,2.0342764854431152,1.3123512268066406,1.0243078470230103,1.2430799007415771,1.1823902130126953,0.7348697185516357,0.0012068873038515449,0.11870836466550827,0.0
37500,37500,187.5,0.9375,pretrain_W_on_S,37500,S,True,False,False,37500,0,0.9375,0.0,1.2321240901947021,1.3674338550269605,1.3674338550269605,nan,0.001,0.001,153.89171821437776,1.994584321975708,1.9731919765472412,1.0114167928695679,0.5098228414465825,1.9449427127838135,0.9436385631561279,1.1904999017715454,0.01875934563577175,0.017699058428111432,2.307039927896056,-9.857215627562255e-05,-0.006856794003397226,0.0009054527035914361,1.9449427127838135,1.7387553453445435,2.0341501235961914,1.3121923208236694,1.0243788957595825,1.24312162399292,1.1825604438781738,0.7351483106613159,0.0012050135992467403,0.11864002794027328,0.0
38000,38000,190.0,0.95,pretrain_W_on_S,38000,S,True,False,False,38000,0,0.95,0.0,0.8157194256782532,1.3443633705079556,1.3443633705079556,nan,0.001,0.001,155.9628673531115,1.994584321975708,1.972923755645752,1.0114315748214722,0.5098649473395531,1.9446449279785156,0.9436385631561279,1.1904999017715454,0.01875934563577175,0.017699058428111432,2.307039927896056,-0.00010071978613268584,-0.006856794003397226,0.0009034553077071905,1.9446449279785156,1.7386382818222046,2.034031867980957,1.3120445013046265,1.024292230606079,1.2432348728179932,1.1824480295181274,0.7354776263237,0.0012042014859616756,0.1185954287648201,0.0
38500,38500,192.5,0.9625,pretrain_W_on_S,38500,S,True,False,False,38500,0,0.9625,0.0,2.398130416870117,1.2996011534035206,1.2996011534035206,nan,0.001,0.001,158.03773359023035,1.994584321975708,1.972658395767212,1.0114458799362183,0.5099064511533441,1.9443509578704834,0.9436385631561279,1.1904999017715454,0.01875934563577175,0.017699058428111432,2.307039927896056,-0.00010128378926310688,-0.006856794003397226,0.0009012203081510961,1.9443509578704834,1.738523006439209,2.0339202880859375,1.3118922710418701,1.0241702795028687,1.243039846420288,1.1823731660842896,0.735614538192749,0.0012032464146614075,0.11855360120534897,0.0
39000,39000,195.0,0.975,pretrain_W_on_S,39000,S,True,False,False,39000,0,0.975,0.0,1.310054898262024,1.321476639866829,1.321476639866829,nan,0.001,0.001,160.1420888453722,1.994584321975708,1.9723917245864868,1.011456847190857,0.5099464495216239,1.944062352180481,0.9436385631561279,1.1904999017715454,0.01875934563577175,0.017699058428111432,2.307039927896056,-9.861173020908609e-05,-0.006856794003397226,0.0008990642381832004,1.944062352180481,1.7384063005447388,2.033806562423706,1.3117425441741943,1.0241010189056396,1.243060827255249,1.1822054386138916,0.7358513474464417,0.0012032081140205264,0.11853200197219849,0.0
39500,39500,197.5,0.9875,pretrain_W_on_S,39500,S,True,False,False,39500,0,0.9875,0.0,1.9386855363845825,1.3565509508252145,1.3565509508252145,nan,0.001,0.001,162.23729084804654,1.994584321975708,1.9721190929412842,1.0114730596542358,0.5099898709717812,1.9437572956085205,0.9436385631561279,1.1904999017715454,0.01875934563577175,0.017699058428111432,2.307039927896056,-0.00010238532559014857,-0.006856794003397226,0.0008963380823843181,1.9437572956085205,1.7382866144180298,2.0336952209472656,1.3115845918655396,1.024167537689209,1.243177890777588,1.182270884513855,0.735499918460846,0.0012047253549098969,0.11856424063444138,0.0
40000,40000,200.0,1.0,pretrain_W_on_S,40000,S,True,False,False,40000,0,1.0,0.0,0.524771511554718,1.3352009714245796,1.3352009714245796,nan,0.001,0.001,164.30567738972604,1.994584321975708,1.97185480594635,1.011490821838379,0.5100330030906597,1.9434574842453003,0.9436385631561279,1.1904999017715454,0.01875934563577175,0.017699058428111432,2.307039927896056,-0.00010277094406774268,-0.006856794003397226,0.0008956126985140145,1.9434574842453003,1.7381720542907715,2.0335826873779297,1.3114367723464966,1.024040937423706,1.2430163621902466,1.182091236114502,0.735393226146698,0.0012061349116265774,0.11856195330619812,0.0
40500,40500,202.5,1.0125,pretrain_W_on_S,40500,S,True,False,False,40500,0,1.0125,0.0,3.279867172241211,1.3298106412291526,1.3298106412291526,nan,0.001,0.001,166.39341960847378,1.994584321975708,1.9715937376022339,1.0115079879760742,0.5100754263589876,1.9431620836257935,0.9436385631561279,1.1904999017715454,0.01875934563577175,0.017699058428111432,2.307039927896056,-0.00010342091991333291,-0.006856794003397226,0.0008915920043364167,1.9431620836257935,1.7380564212799072,2.033465623855591,1.3112884759902954,1.0241268873214722,1.2431615591049194,1.1823103427886963,0.7352455854415894,0.0012071472592651844,0.11858025938272476,0.0
41000,41000,205.0,1.025,pretrain_W_on_S,41000,S,True,False,False,41000,0,1.025,0.0,0.6693508625030518,1.32668632504344,1.32668632504344,nan,0.001,0.001,168.4644562229514,1.994584321975708,1.9713233709335327,1.0115208625793457,0.5101168962897841,1.9428659677505493,0.9436385631561279,1.1904999017715454,0.01875934563577175,0.017699058428111432,2.307039927896056,-0.00010361633030697703,-0.006856794003397226,0.0008952165371738374,1.9428659677505493,1.7379449605941772,2.0333588123321533,1.3111345767974854,1.0240328311920166,1.2431777715682983,1.1822509765625,0.7351962327957153,0.001206852262839675,0.11857546865940094,0.0
41500,41500,207.5,1.0375,pretrain_W_on_S,41500,S,True,False,False,41500,0,1.0375,0.0,0.751632809638977,1.3121449339389801,1.3121449339389801,nan,0.001,0.001,170.53862536512315,1.994584321975708,1.9710596799850464,1.011535406112671,0.5101583520962819,1.9425731897354126,0.9436385631561279,1.1904999017715454,0.01875934563577175,0.017699058428111432,2.307039927896056,-0.0001047099576680921,-0.006856794003397226,0.0008971927454695106,1.9425731897354126,1.7378300428390503,2.033238410949707,1.3109815120697021,1.0239232778549194,1.2430251836776733,1.1821895837783813,0.7355565428733826,0.0012062059249728918,0.1185145303606987,0.0
42000,42000,210.0,1.05,pretrain_W_on_S,42000,S,True,False,False,42000,0,1.05,0.0,0.6872703433036804,1.332637102842331,1.332637102842331,nan,0.001,0.001,172.62017506361008,1.994584321975708,1.9707937240600586,1.0115525722503662,0.510201431685895,1.9422729015350342,0.9436385631561279,1.1904999017715454,0.01875934563577175,0.017699058428111432,2.307039927896056,-0.00010270556958857924,-0.006856794003397226,0.000897682155482471,1.9422729015350342,1.7377136945724487,2.0331130027770996,1.3108268976211548,1.0241190195083618,1.2430658340454102,1.1823430061340332,0.7360599637031555,0.0012034979881718755,0.11847317963838577,0.0
42500,42500,212.5,1.0625,pretrain_W_on_S,42500,S,True,False,False,42500,0,1.0625,0.0,0.8621162176132202,1.3335491787195206,1.3335491787195206,nan,0.001,0.001,174.6853296868503,1.994584321975708,1.970524787902832,1.0115665197372437,0.5102432817440312,1.9419760704040527,0.9436385631561279,1.1904999017715454,0.01875934563577175,0.017699058428111432,2.307039927896056,-9.993481216952205e-05,-0.006856794003397226,0.0008972524665296078,1.9419760704040527,1.7376049757003784,2.0329878330230713,1.3106796741485596,1.024172067642212,1.2428768873214722,1.1824634075164795,0.7364110946655273,0.0012025829637423158,0.11842085421085358,0.0
43000,43000,215.0,1.075,pretrain_W_on_S,43000,S,True,False,False,43000,0,1.075,0.0,0.8069314956665039,1.339317152917385,1.339317152917385,nan,0.001,0.001,176.71653181873262,1.994584321975708,1.970245122909546,1.011577844619751,0.5102852062908784,1.941673755645752,0.9436385631561279,1.1904999017715454,0.01875934563577175,0.017699058428111432,2.307039927896056,-0.00010070857388200238,-0.006856794003397226,0.0008937299717217684,1.941673755645752,1.737488031387329,2.0328762531280518,1.3105270862579346,1.0241707563400269,1.2428096532821655,1.1822900772094727,0.7363684177398682,0.001202780636958778,0.11840937286615372,0.0
43500,43500,217.5,1.0875,pretrain_W_on_S,43500,S,True,False,False,43500,0,1.0875,0.0,0.3162567615509033,1.3365789469778537,1.3365789469778537,nan,0.001,0.001,178.7307961024344,1.994584321975708,1.9699769020080566,1.0115925073623657,0.5103273409289091,1.9413762092590332,0.9436385631561279,1.1904999017715454,0.01875934563577175,0.017699058428111432,2.307039927896056,-9.911694360198453e-05,-0.006856794003397226,0.0008939929539337754,1.9413762092590332,1.737376093864441,2.0327517986297607,1.3103749752044678,1.024073600769043,1.2428511381149292,1.1822335720062256,0.7366862893104553,0.0011996321845799685,0.1183822751045227,0.0
44000,44000,220.0,1.1,pretrain_W_on_S,44000,S,True,False,False,44000,0,1.1,0.0,0.4767608642578125,1.299000774472952,1.299000774472952,nan,0.001,0.001,180.75674722716212,1.994584321975708,1.969716191291809,1.0116089582443237,0.5103694128321902,1.9410825967788696,0.9436385631561279,1.1904999017715454,0.01875934563577175,0.017699058428111432,2.307039927896056,-0.0001000197880784981,-0.006856794003397226,0.0008903215057216585,1.9410825967788696,1.7372651100158691,2.0326340198516846,1.310232400894165,1.0241609811782837,1.2428226470947266,1.1822634935379028,0.7370182871818542,0.0011997913243249059,0.11831479519605637,0.0
44500,44500,222.5,1.1125,pretrain_W_on_S,44500,S,True,False,False,44500,0,1.1125,0.0,0.4541027843952179,1.3414309112131595,1.3414309112131595,nan,0.001,0.001,182.79407205991447,1.994584321975708,1.969449520111084,1.0116212368011475,0.5104101597769645,1.940791368484497,0.9436385631561279,1.1904999017715454,0.01875934563577175,0.017699058428111432,2.307039927896056,-9.898776625050232e-05,-0.006856794003397226,0.0008902751724235713,1.940791368484497,1.73715341091156,2.0325217247009277,1.3100860118865967,1.0242222547531128,1.242985725402832,1.1824378967285156,0.7373284697532654,0.001197097240947187,0.11828068643808365,0.0
45000,45000,225.0,1.125,pretrain_W_on_S,45000,S,True,False,False,45000,0,1.125,0.0,1.880308985710144,1.3340367718935013,1.3340367718935013,nan,0.001,0.001,184.83930137194693,1.994584321975708,1.9691778421401978,1.0116386413574219,0.5104541499940534,1.940484881401062,0.9436385631561279,1.1904999017715454,0.01875934563577175,0.017699058428111432,2.307039927896056,-9.7118470876012e-05,-0.006856794003397226,0.0008890029857866466,1.940484881401062,1.737037181854248,2.032400369644165,1.3099327087402344,1.0242565870285034,1.2430648803710938,1.182436227798462,0.7375547885894775,0.0011963763972744346,0.11825794726610184,0.0
45500,45500,227.5,1.1375,pretrain_W_on_S,45500,S,True,False,False,45500,0,1.1375,0.0,0.876851499080658,1.275629417091608,1.275629417091608,nan,0.001,0.001,186.87803895026445,1.994584321975708,1.9689195156097412,1.0116512775421143,0.5104940116474699,1.9402012825012207,0.9436385631561279,1.1904999017715454,0.01875934563577175,0.017699058428111432,2.307039927896056,-9.400834824191406e-05,-0.006856794003397226,0.0008872402249835432,1.9402012825012207,1.7369225025177002,2.0322892665863037,1.309785008430481,1.0244041681289673,1.2430421113967896,1.1824274063110352,0.7383773326873779,0.0011934355134144425,0.11814598739147186,0.0
46000,46000,230.0,1.15,pretrain_W_on_S,46000,S,True,False,False,46000,0,1.15,0.0,1.355115532875061,1.3788013707995415,1.3788013707995415,nan,0.001,0.001,188.94881391711533,1.994584321975708,1.968644142150879,1.0116691589355469,0.5105387381308254,1.9398901462554932,0.9436385631561279,1.1904999017715454,0.01875934563577175,0.017699058428111432,2.307039927896056,-9.067363862413913e-05,-0.006856794003397226,0.000885321234818548,1.9398901462554932,1.7367987632751465,2.032161235809326,1.309622049331665,1.0243407487869263,1.243106484413147,1.182292103767395,0.7382860779762268,0.0011942678829655051,0.11817210912704468,0.0
46500,46500,232.5,1.1625,pretrain_W_on_S,46500,S,True,False,False,46500,0,1.1625,0.0,1.5863703489303589,1.3194815098792314,1.3194815098792314,nan,0.001,0.001,191.04358763061464,1.994584321975708,1.968371033668518,1.0116829872131348,0.5105811340614267,1.9395893812179565,0.9436385631561279,1.1904999017715454,0.01875934563577175,0.017699058428111432,2.307039927896056,-9.360093827126548e-05,-0.006856794003397226,0.0008800809737294912,1.9395893812179565,1.7366831302642822,2.0320537090301514,1.309472918510437,1.0243147611618042,1.2431325912475586,1.1822419166564941,0.7384456992149353,0.001194385695271194,0.1181410625576973,0.0
47000,47000,235.0,1.175,pretrain_W_on_S,47000,S,True,False,False,47000,0,1.175,0.0,1.8073079586029053,1.3569051218032837,1.3569051218032837,nan,0.001,0.001,193.121205246076,1.994584321975708,1.9680966138839722,1.0116968154907227,0.5106237084412327,1.9392873048782349,0.9436385631561279,1.1904999017715454,0.01875934563577175,0.017699058428111432,2.307039927896056,-9.398970723850653e-05,-0.006856794003397226,0.0008793494780547917,1.9392873048782349,1.7365649938583374,2.0319321155548096,1.309321403503418,1.0242702960968018,1.243052363395691,1.1821579933166504,0.7384346723556519,0.0011942782439291477,0.11814731359481812,0.0
47500,47500,237.5,1.1875,pretrain_W_on_S,47500,S,True,False,False,47500,0,1.1875,0.0,1.8256036043167114,1.2742354423105717,1.2742354423105717,nan,0.001,0.001,195.19711423292756,1.994584321975708,1.967847466468811,1.011715292930603,0.5106653587501127,1.939001202583313,0.9436385631561279,1.1904999017715454,0.01875934563577175,0.017699058428111432,2.307039927896056,-9.1615627752617e-05,-0.006856794003397226,0.0008768226252868772,1.939001202583313,1.7364521026611328,2.0318188667297363,1.3091764450073242,1.0242936611175537,1.2430520057678223,1.1821186542510986,0.7384291887283325,0.0011927136220037937,0.11814142018556595,0.0
48000,48000,240.0,1.2,pretrain_W_on_S,48000,S,True,False,False,48000,0,1.2,0.0,2.0026791095733643,1.2869510619044304,1.2869510619044304,nan,0.001,0.001,197.27606392279267,1.994584321975708,1.967589020729065,1.0117326974868774,0.5107076815377022,1.938707947731018,0.9436385631561279,1.1904999017715454,0.01875934563577175,0.017699058428111432,2.307039927896056,-9.031209629029036e-05,-0.006856794003397226,0.0008738408796489239,1.938707947731018,1.7363444566726685,2.0317065715789795,1.3090369701385498,1.0242059230804443,1.2430083751678467,1.182102084159851,0.7386077642440796,0.0011901210527867079,0.11812607944011688,0.0
48500,48500,242.5,1.2125,pretrain_W_on_S,48500,S,True,False,False,48500,0,1.2125,0.0,1.2150744199752808,1.332632463991642,1.332632463991642,nan,0.001,0.001,199.30882290750742,1.994584321975708,1.9673182964324951,1.0117484331130981,0.5107507634395221,1.9384057521820068,0.9436385631561279,1.1904999017715454,0.01875934563577175,0.017699058428111432,2.307039927896056,-9.15277487365529e-05,-0.006856794003397226,0.0008724576910026371,1.9384057521820068,1.736221194267273,2.031581163406372,1.308873176574707,1.0240298509597778,1.2430588006973267,1.182025671005249,0.7388275265693665,0.001187258050777018,0.11811010539531708,0.0
49000,49000,245.0,1.225,pretrain_W_on_S,49000,S,True,False,False,49000,0,1.225,0.0,1.9403584003448486,1.3260156869590283,1.3260156869590283,nan,0.001,0.001,201.35925504937768,1.994584321975708,1.9670484066009521,1.0117647647857666,0.5107940462602202,1.938103199005127,0.9436385631561279,1.1904999017715454,0.01875934563577175,0.017699058428111432,2.307039927896056,-9.093117841985077e-05,-0.006856794003397226,0.0008710704860277474,1.938103199005127,1.736101508140564,2.031466245651245,1.308716893196106,1.0239945650100708,1.243108868598938,1.181842565536499,0.7391983270645142,0.0011858135694637895,0.11804996430873871,0.0
49500,49500,247.5,1.2375,pretrain_W_on_S,49500,S,True,False,False,49500,0,1.2375,0.0,1.656760811805725,1.3474545865058898,1.3474545865058898,nan,0.001,0.001,203.4229016918689,1.994584321975708,1.9667718410491943,1.0117782354354858,0.510836759876807,1.9377996921539307,0.9436385631561279,1.1904999017715454,0.01875934563577175,0.017699058428111432,2.307039927896056,-9.058808791451156e-05,-0.006856794003397226,0.0008705434738658369,1.9377996921539307,1.735984206199646,2.031343460083008,1.3085650205612183,1.023762822151184,1.2430802583694458,1.1815922260284424,0.7394866943359375,0.0011841109953820705,0.11798291653394699,0.0
50000,50000,250.0,1.25,pretrain_W_on_S,50000,S,True,False,False,50000,0,1.25,0.0,1.8629711866378784,1.359512514948845,1.359512514948845,nan,0.001,0.001,205.45756400935352,1.994584321975708,1.9664992094039917,1.0117944478988647,0.5108803554383063,1.9374946355819702,0.9436385631561279,1.1904999017715454,0.01875934563577175,0.017699058428111432,2.307039927896056,-8.952231291914359e-05,-0.006856794003397226,0.0008689138339832425,1.9374946355819702,1.7358672618865967,2.0312297344207764,1.3084087371826172,1.0237334966659546,1.243045687675476,1.1817346811294556,0.73975670337677,0.0011823299573734403,0.11793480068445206,0.0
50500,50500,252.5,1.2625,pretrain_W_on_S,50500,S,True,False,False,50500,0,1.2625,0.0,1.5580174922943115,1.3365362869501114,1.3365362869501114,nan,0.001,0.001,207.4883560333401,1.994584321975708,1.9662306308746338,1.0118091106414795,0.5109226503527354,1.9371967315673828,0.9436385631561279,1.1904999017715454,0.01875934563577175,0.017699058428111432,2.307039927896056,-8.787975093582645e-05,-0.006856794003397226,0.0008640706655569375,1.9371967315673828,1.7357542514801025,2.031116008758545,1.3082623481750488,1.023735761642456,1.2430384159088135,1.181848168373108,0.7397515773773193,0.0011830516159534454,0.1179184839129448,0.0
51000,51000,255.0,1.275,pretrain_W_on_S,51000,S,True,False,False,51000,0,1.275,0.0,0.8111526370048523,1.327996934145689,1.327996934145689,nan,0.001,0.001,209.50862101092935,1.994584321975708,1.9659638404846191,1.0118257999420166,0.5109657444536914,1.936896562576294,0.9436385631561279,1.1904999017715454,0.01875934563577175,0.017699058428111432,2.307039927896056,-8.68963252287358e-05,-0.006856794003397226,0.0008570734062232077,1.936896562576294,1.7356301546096802,2.0309951305389404,1.3081079721450806,1.023884892463684,1.243023157119751,1.1821928024291992,0.7395825982093811,0.0011849395232275128,0.11792907863855362,0.0
51500,51500,257.5,1.2875,pretrain_W_on_S,51500,S,True,False,False,51500,0,1.2875,0.0,0.8064677715301514,1.3687716325819492,1.3687716325819492,nan,0.001,0.001,211.53458825312555,1.994584321975708,1.9656890630722046,1.0118401050567627,0.5110086808415775,1.9365931749343872,0.9436385631561279,1.1904999017715454,0.01875934563577175,0.017699058428111432,2.307039927896056,-8.608727512182668e-05,-0.006856794003397226,0.0008584441966377199,1.9365931749343872,1.735514521598816,2.030886650085449,1.3079497814178467,1.023863673210144,1.2430002689361572,1.1822929382324219,0.7391359806060791,0.0011849397560581565,0.11798921227455139,0.0
52000,52000,260.0,1.3,pretrain_W_on_S,52000,S,True,False,False,52000,0,1.3,0.0,0.29809561371803284,1.3321558791399002,1.3321558791399002,nan,0.001,0.001,213.5522991232574,1.994584321975708,1.9654124975204468,1.0118564367294312,0.5110528817492668,1.9362839460372925,0.9436385631561279,1.1904999017715454,0.01875934563577175,0.017699058428111432,2.307039927896056,-8.478135714540258e-05,-0.006856794003397226,0.0008551654755137861,1.9362839460372925,1.7353935241699219,2.030771255493164,1.307795524597168,1.0238598585128784,1.2429349422454834,1.182239294052124,0.73934406042099,0.0011834407923743129,0.11795861274003983,0.0
52500,52500,262.5,1.3125,pretrain_W_on_S,52500,S,True,False,False,52500,0,1.3125,0.0,0.6725587248802185,1.3048115794360637,1.3048115794360637,nan,0.001,0.001,215.58250585757196,1.994584321975708,1.9651570320129395,1.0118738412857056,0.5110948894659517,1.9359936714172363,0.9436385631561279,1.1904999017715454,0.01875934563577175,0.017699058428111432,2.307039927896056,-8.44511523609981e-05,-0.006856794003397226,0.0008540729177184403,1.9359936714172363,1.7352830171585083,2.030660390853882,1.3076492547988892,1.0238131284713745,1.2430543899536133,1.1822319030761719,0.7393544912338257,0.0011823520762845874,0.11797261983156204,0.0
53000,53000,265.0,1.325,pretrain_W_on_S,53000,S,True,False,False,53000,0,1.325,0.0,1.2017885446548462,1.323208950996399,1.323208950996399,nan,0.001,0.001,217.62495722062886,1.994584321975708,1.9648960828781128,1.0118906497955322,0.5111373169611282,1.9356991052627563,0.9436385631561279,1.1904999017715454,0.01875934563577175,0.017699058428111432,2.307039927896056,-8.508143218932673e-05,-0.006856794003397226,0.0008523709839209914,1.9356991052627563,1.7351657152175903,2.0305428504943848,1.3074936866760254,1.0239065885543823,1.242981195449829,1.1821497678756714,0.7394190430641174,0.0011834435863420367,0.11793946474790573,0.0
53500,53500,267.5,1.3375,pretrain_W_on_S,53500,S,True,False,False,53500,0,1.3375,0.0,0.7303454279899597,1.3499575600922107,1.3499575600922107,nan,0.001,0.001,219.6959835253656,1.994584321975708,1.964613676071167,1.0119051933288574,0.5111813997192002,1.9353876113891602,0.9436385631561279,1.1904999017715454,0.01875934563577175,0.017699058428111432,2.307039927896056,-7.988071592990309e-05,-0.006856794003397226,0.0008474260102957487,1.9353876113891602,1.7350475788116455,2.0304152965545654,1.3073407411575317,1.0238521099090576,1.2428621053695679,1.1821422576904297,0.7395521402359009,0.0011818105122074485,0.11789374053478241,0.0
54000,54000,270.0,1.35,pretrain_W_on_S,54000,S,True,False,False,54000,0,1.35,0.0,2.4480743408203125,1.3973395143449308,1.3973395143449308,nan,0.001,0.001,221.77467234805226,1.994584321975708,1.9643280506134033,1.0119184255599976,0.5112252478144321,1.9350755214691162,0.9436385631561279,1.1904999017715454,0.01875934563577175,0.017699058428111432,2.307039927896056,-7.944340177346021e-05,-0.006856794003397226,0.000844823254738003,1.9350755214691162,1.7349321842193604,2.0302939414978027,1.307181477546692,1.0238109827041626,1.2428878545761108,1.1822497844696045,0.7397708296775818,0.0011792178265750408,0.11788295954465866,0.0
54500,54500,272.5,1.3625,pretrain_W_on_S,54500,S,True,False,False,54500,0,1.3625,0.0,0.9238356351852417,1.369517238587141,1.369517238587141,nan,0.001,0.001,223.8461895827204,1.994584321975708,1.9640464782714844,1.011932611465454,0.5112690592809466,1.9347655773162842,0.9436385631561279,1.1904999017715454,0.01875934563577175,0.017699058428111432,2.307039927896056,-8.017392246983945e-05,-0.006856794003397226,0.0008432861068286002,1.9347655773162842,1.7348036766052246,2.0301713943481445,1.307016372680664,1.0237399339675903,1.2426989078521729,1.1821359395980835,0.739499032497406,0.0011782812653109431,0.11790386587381363,0.0
55000,55000,275.0,1.375,pretrain_W_on_S,55000,S,True,False,False,55000,0,1.375,0.0,0.8312108516693115,1.3080691813826562,1.3080691813826562,nan,0.001,0.001,225.9240512214601,1.994584321975708,1.9637693166732788,1.0119439363479614,0.5113108598301899,1.934465765953064,0.9436385631561279,1.1904999017715454,0.01875934563577175,0.017699058428111432,2.307039927896056,-7.722272857790813e-05,-0.006856794003397226,0.0008466521976515651,1.934465765953064,1.7346903085708618,2.030052900314331,1.3068647384643555,1.0237751007080078,1.24274480342865,1.1820847988128662,0.7395392060279846,0.0011766431853175163,0.11790943890810013,0.0
55500,55500,277.5,1.3875,pretrain_W_on_S,55500,S,True,False,False,55500,0,1.3875,0.0,0.5795308351516724,1.2948795283138752,1.2948795283138752,nan,0.001,0.001,228.0143033862114,1.994584321975708,1.963508129119873,1.0119614601135254,0.5113537211311391,1.9341695308685303,0.9436385631561279,1.1904999017715454,0.01875934563577175,0.017699058428111432,2.307039927896056,-7.773013203404844e-05,-0.006856794003397226,0.0008514571818523109,1.9341695308685303,1.734575867652893,2.0299360752105713,1.306712031364441,1.0237646102905273,1.2425761222839355,1.182011365890503,0.7398260235786438,0.0011749007971957326,0.11787086725234985,0.0
56000,56000,280.0,1.4,pretrain_W_on_S,56000,S,True,False,False,56000,0,1.4,0.0,1.1182934045791626,1.2871889408528805,1.2871889408528805,nan,0.001,0.001,230.0835613142699,1.994584321975708,1.963244080543518,1.0119757652282715,0.5113953364993047,1.933876872062683,0.9436385631561279,1.1904999017715454,0.01875934563577175,0.017699058428111432,2.307039927896056,-8.021984103834257e-05,-0.006856794003397226,0.0008497401722706854,1.933876872062683,1.7344655990600586,2.0298218727111816,1.306563138961792,1.0238114595413208,1.2424761056900024,1.181997537612915,0.7402592897415161,0.0011723058996722102,0.11782273650169373,0.0
56500,56500,282.5,1.4125,pretrain_W_on_S,56500,S,True,False,False,56500,0,1.4125,0.0,1.8923646211624146,1.3605924450159073,1.3605924450159073,nan,0.001,0.001,232.16710631921887,1.994584321975708,1.9629608392715454,1.0119876861572266,0.5114382551194292,1.9335697889328003,0.9436385631561279,1.1904999017715454,0.01875934563577175,0.017699058428111432,2.307039927896056,-8.00491325207986e-05,-0.006856794003397226,0.0008433444891124964,1.9335697889328003,1.7343406677246094,2.029707908630371,1.3064038753509521,1.0239964723587036,1.2426470518112183,1.1821061372756958,0.7405333518981934,0.0011703309137374163,0.11780181527137756,0.0
57000,57000,285.0,1.425,pretrain_W_on_S,57000,S,True,False,False,57000,0,1.425,0.0,1.269278883934021,1.3437077095806598,1.3437077095806598,nan,0.001,0.001,234.2263885382563,1.994584321975708,1.9626917839050293,1.012001872062683,0.5114804789070273,1.933272361755371,0.9436385631561279,1.1904999017715454,0.01875934563577175,0.017699058428111432,2.307039927896056,-7.896151510067284e-05,-0.006856794003397226,0.0008430455927737057,1.933272361755371,1.7342302799224854,2.0295872688293457,1.3062547445297241,1.0239177942276,1.242569088935852,1.1820526123046875,0.7408269643783569,0.0011687304358929396,0.11775720864534378,0.0
57500,57500,287.5,1.4375,pretrain_W_on_S,57500,S,True,False,False,57500,0,1.4375,0.0,0.9711272716522217,1.315094174951315,1.315094174951315,nan,0.001,0.001,236.28165566548705,1.994584321975708,1.9624269008636475,1.0120158195495605,0.5115220466023271,1.9329795837402344,0.9436385631561279,1.1904999017715454,0.01875934563577175,0.017699058428111432,2.307039927896056,-7.750315126031637e-05,-0.006856794003397226,0.000844303285703063,1.9329795837402344,1.7341139316558838,2.029470682144165,1.3060972690582275,1.0240460634231567,1.2424801588058472,1.1821668148040771,0.7409428358078003,0.001168418093584478,0.1177360787987709,0.0
58000,58000,290.0,1.45,pretrain_W_on_S,58000,S,True,False,False,58000,0,1.45,0.0,1.3090451955795288,1.3588562750816344,1.3588562750816344,nan,0.001,0.001,238.33117152564228,1.994584321975708,1.962155818939209,1.0120313167572021,0.5115652136676209,1.9326775074005127,0.9436385631561279,1.1904999017715454,0.01875934563577175,0.017699058428111432,2.307039927896056,-7.857708988012746e-05,-0.006856794003397226,0.000844546128064394,1.9326775074005127,1.733992338180542,2.02935528755188,1.3059422969818115,1.0241237878799438,1.2424678802490234,1.182180643081665,0.7410322427749634,0.0011683990014716983,0.11772757768630981,0.0
58500,58500,292.5,1.4625,pretrain_W_on_S,58500,S,True,False,False,58500,0,1.4625,0.0,0.36970582604408264,1.351848129451275,1.351848129451275,nan,0.001,0.001,240.3807784896344,1.994584321975708,1.9618773460388184,1.0120503902435303,0.5116111607063762,1.9323608875274658,0.9436385631561279,1.1904999017715454,0.01875934563577175,0.017699058428111432,2.307039927896056,-7.970900333020836e-05,-0.006856794003397226,0.000841473345644772,1.9323608875274658,1.7338653802871704,2.029231309890747,1.3057798147201538,1.0242522954940796,1.2423702478408813,1.1823128461837769,0.7413652539253235,0.0011665158672258258,0.11766064912080765,0.0
59000,59000,295.0,1.475,pretrain_W_on_S,59000,S,True,False,False,59000,0,1.475,0.0,0.820275068283081,1.3337633743584156,1.3337633743584156,nan,0.001,0.001,242.42568526603281,1.994584321975708,1.9616093635559082,1.0120657682418823,0.51165388043803,1.9320621490478516,0.9436385631561279,1.1904999017715454,0.01875934563577175,0.017699058428111432,2.307039927896056,-7.913960871519521e-05,-0.006856794003397226,0.000842506589833647,1.9320621490478516,1.7337533235549927,2.029111385345459,1.3056288957595825,1.0242961645126343,1.2423580884933472,1.1822896003723145,0.7414599657058716,0.0011669850209727883,0.11763159185647964,0.0
59500,59500,297.5,1.4875,pretrain_W_on_S,59500,S,True,False,False,59500,0,1.4875,0.0,2.136115312576294,1.3425363992452621,1.3425363992452621,nan,0.001,0.001,244.4723950996995,1.994584321975708,1.961338758468628,1.0120786428451538,0.5116956848124441,1.9317657947540283,0.9436385631561279,1.1904999017715454,0.01875934563577175,0.017699058428111432,2.307039927896056,-7.804126653354615e-05,-0.006856794003397226,0.0008441259269602597,1.9317657947540283,1.7336355447769165,2.028987407684326,1.3054744005203247,1.024251937866211,1.242492914199829,1.1821577548980713,0.7414930462837219,0.001165294786915183,0.11764143407344818,0.0
60000,60000,300.0,1.5,pretrain_W_on_S,60000,S,True,False,False,60000,0,1.5,0.0,0.42099013924598694,1.3346040581166745,1.3346040581166745,nan,0.001,0.001,246.51977732405066,1.994584321975708,1.961063265800476,1.0120913982391357,0.5117380748194159,1.9314647912979126,0.9436385631561279,1.1904999017715454,0.01875934563577175,0.017699058428111432,2.307039927896056,-7.893924339441583e-05,-0.006856794003397226,0.0008454336202703416,1.9314647912979126,1.7335134744644165,2.0288748741149902,1.305316686630249,1.0242154598236084,1.2425519227981567,1.1822032928466797,0.741857647895813,0.0011639830190688372,0.11759188026189804,0.0
60500,60500,302.5,1.5125,pretrain_W_on_S,60500,S,True,False,False,60500,0,1.5125,0.0,1.655504584312439,1.2753274100273848,1.2753274100273848,nan,0.001,0.001,248.5772005841136,1.994584321975708,1.96080482006073,1.0121064186096191,0.5117793939352915,1.9311763048171997,0.9436385631561279,1.1904999017715454,0.01875934563577175,0.017699058428111432,2.307039927896056,-7.998103683348745e-05,-0.006856794003397226,0.0008437505457550287,1.9311763048171997,1.7334046363830566,2.0287675857543945,1.3051700592041016,1.024094820022583,1.2425622940063477,1.181958556175232,0.7417777180671692,0.001165395718999207,0.11760058999061584,0.0
61000,61000,305.0,1.525,pretrain_W_on_S,61000,S,True,False,False,61000,0,1.525,0.0,1.2472237348556519,1.32080748988688,1.32080748988688,nan,0.001,0.001,250.65891256928444,1.994584321975708,1.9605376720428467,1.0121238231658936,0.5118230622977759,1.9308743476867676,0.9436385631561279,1.1904999017715454,0.01875934563577175,0.017699058428111432,2.307039927896056,-7.884979277150705e-05,-0.006856794003397226,0.000843303685542196,1.9308743476867676,1.7332855463027954,2.0286450386047363,1.3050174713134766,1.024227261543274,1.2425333261489868,1.1821391582489014,0.7418385744094849,0.0011647731298580766,0.11757298558950424,0.0
61500,61500,307.5,1.5375,pretrain_W_on_S,61500,S,True,False,False,61500,0,1.5375,0.0,0.7263839840888977,1.3313213944882154,1.3313213944882154,nan,0.001,0.001,252.73560258932412,1.994584321975708,1.9602675437927246,1.0121370553970337,0.511865018029865,1.9305777549743652,0.9436385631561279,1.1904999017715454,0.01875934563577175,0.017699058428111432,2.307039927896056,-7.747558993287385e-05,-0.006856794003397226,0.0008441942045465112,1.9305777549743652,1.7331706285476685,2.028536319732666,1.3048593997955322,1.0241121053695679,1.2424391508102417,1.1820752620697021,0.7422260046005249,0.0011615746188908815,0.1175343319773674,0.0
62000,62000,310.0,1.55,pretrain_W_on_S,62000,S,True,False,False,62000,0,1.55,0.0,1.1917476654052734,1.32596122148633,1.32596122148633,nan,0.001,0.001,254.8066734559834,1.994584321975708,1.9600011110305786,1.0121537446975708,0.5119082478379371,1.930277943611145,0.9436385631561279,1.1904999017715454,0.01875934563577175,0.017699058428111432,2.307039927896056,-7.643646677024662e-05,-0.006856794003397226,0.0008436774951405823,1.930277943611145,1.7330517768859863,2.0284199714660645,1.304707646369934,1.0242531299591064,1.2424260377883911,1.1821436882019043,0.7422872185707092,0.001161846099421382,0.11753877997398376,0.0
62500,62500,312.5,1.5625,pretrain_W_on_S,62500,S,True,False,False,62500,0,1.5625,0.0,1.8968721628189087,1.3187318487167359,1.3187318487167359,nan,0.001,0.001,256.88458579964936,1.994584321975708,1.9597355127334595,1.0121651887893677,0.5119487238884415,1.9299894571304321,0.9436385631561279,1.1904999017715454,0.01875934563577175,0.017699058428111432,2.307039927896056,-7.516241021221504e-05,-0.006856794003397226,0.0008419425575993955,1.9299894571304321,1.732933521270752,2.028303623199463,1.3045517206192017,1.0243958234786987,1.2424581050872803,1.182282567024231,0.7424566745758057,0.0011633493704721332,0.11751523613929749,0.0
63000,63000,315.0,1.575,pretrain_W_on_S,63000,S,True,False,False,63000,0,1.575,0.0,1.415248990058899,1.317017974436283,1.317017974436283,nan,0.001,0.001,258.9412712547928,1.994584321975708,1.9594694375991821,1.012181282043457,0.5119916217578497,1.929691195487976,0.9436385631561279,1.1904999017715454,0.01875934563577175,0.017699058428111432,2.307039927896056,-7.600268872920424e-05,-0.006856794003397226,0.000843433546833694,1.929691195487976,1.7328214645385742,2.028184413909912,1.3044055700302124,1.0244075059890747,1.2422473430633545,1.1822353601455688,0.7426217794418335,0.0011620759032666683,0.1174926683306694,0.0
63500,63500,317.5,1.5875,pretrain_W_on_S,63500,S,True,False,False,63500,0,1.5875,0.0,1.7861825227737427,1.3196426445543765,1.3196426445543765,nan,0.001,0.001,260.9937246721238,1.994584321975708,1.9591983556747437,1.0121971368789673,0.5120350614647852,1.929388403892517,0.9436385631561279,1.1904999017715454,0.01875934563577175,0.017699058428111432,2.307039927896056,-7.564401312265545e-05,-0.006856794003397226,0.0008431588648818433,1.929388403892517,1.7327011823654175,2.028071641921997,1.3042466640472412,1.0244145393371582,1.2423526048660278,1.1822975873947144,0.7427499294281006,0.001159108243882656,0.11748253554105759,0.0
64000,64000,320.0,1.6,pretrain_W_on_S,64000,S,True,False,False,64000,0,1.6,0.0,1.0464216470718384,1.3502771287560462,1.3502771287560462,nan,0.001,0.001,263.05959418974817,1.994584321975708,1.9589300155639648,1.0122101306915283,0.5120767038779632,1.9290940761566162,0.9436385631561279,1.1904999017715454,0.01875934563577175,0.017699058428111432,2.307039927896056,-7.500886567868292e-05,-0.006856794003397226,0.0008449037559330463,1.9290940761566162,1.732590675354004,2.027961254119873,1.3040915727615356,1.0245805978775024,1.2423211336135864,1.1825309991836548,0.7426390051841736,0.0011616748524829745,0.11747192591428757,0.0
64500,64500,322.5,1.6125,pretrain_W_on_S,64500,S,True,False,False,64500,0,1.6125,0.0,1.4703772068023682,1.2992238189280032,1.2992238189280032,nan,0.001,0.001,265.10207885317504,1.994584321975708,1.9586613178253174,1.0122205018997192,0.5121170742859873,1.928804636001587,0.9436385631561279,1.1904999017715454,0.01875934563577175,0.017699058428111432,2.307039927896056,-7.368993829004467e-05,-0.006856794003397226,0.0008421947131864727,1.928804636001587,1.732478141784668,2.027846574783325,1.3039451837539673,1.0247541666030884,1.242305874824524,1.182418942451477,0.7429239749908447,0.0011589829809963703,0.11743948608636856,0.0
65000,65000,325.0,1.625,pretrain_W_on_S,65000,S,True,False,False,65000,0,1.625,0.0,2.570253849029541,1.3296389857530593,1.3296389857530593,nan,0.001,0.001,267.1504632309079,1.994584321975708,1.9583905935287476,1.0122349262237549,0.5121597683864745,1.9285050630569458,0.9436385631561279,1.1904999017715454,0.01875934563577175,0.017699058428111432,2.307039927896056,-7.600192475365475e-05,-0.006856794003397226,0.0008393562166020274,1.9285050630569458,1.7323631048202515,2.0277364253997803,1.3037993907928467,1.0247100591659546,1.242360234260559,1.1821792125701904,0.7430553436279297,0.0011585357133299112,0.11741051822900772,0.0
65500,65500,327.5,1.6375,pretrain_W_on_S,65500,S,True,False,False,65500,0,1.6375,0.0,2.735553503036499,1.3476611313521862,1.3476611313521862,nan,0.001,0.001,269.1924591846764,1.994584321975708,1.9581329822540283,1.0122559070587158,0.5122040734125154,1.9282054901123047,0.9436385631561279,1.1904999017715454,0.01875934563577175,0.017699058428111432,2.307039927896056,-7.859081961214542e-05,-0.006856794003397226,0.0008400939987041056,1.9282054901123047,1.7322496175765991,2.027616500854492,1.3036555051803589,1.0247151851654053,1.24239981174469,1.1820622682571411,0.7432897090911865,0.0011555118253454566,0.11736228317022324,0.0
66000,66000,330.0,1.65,pretrain_W_on_S,66000,S,True,False,False,66000,0,1.65,0.0,0.9874481558799744,1.3792561155259608,1.3792561155259608,nan,0.001,0.001,271.2394079323858,1.994584321975708,1.9578527212142944,1.012271761894226,0.5122487555390886,1.9278935194015503,0.9436385631561279,1.1904999017715454,0.01875934563577175,0.017699058428111432,2.307039927896056,-7.669239130336791e-05,-0.006856794003397226,0.000840547145344317,1.9278935194015503,1.7321289777755737,2.0274908542633057,1.3034918308258057,1.024778962135315,1.2421742677688599,1.1819894313812256,0.7432895302772522,0.0011555623495951295,0.11733534187078476,0.0
66500,66500,332.5,1.6625,pretrain_W_on_S,66500,S,True,False,False,66500,0,1.6625,0.0,0.3860842287540436,1.3067125158011914,1.3067125158011914,nan,0.001,0.001,273.28224066644907,1.994584321975708,1.9575978517532349,1.0122851133346558,0.51228885735457,1.9276119470596313,0.9436385631561279,1.1904999017715454,0.01875934563577175,0.017699058428111432,2.307039927896056,-7.679448026465252e-05,-0.006856794003397226,0.0008401172235608101,1.9276119470596313,1.732015609741211,2.027381658554077,1.3033459186553955,1.0247256755828857,1.2421079874038696,1.181777000427246,0.7434949278831482,0.0011546198511496186,0.11729688942432404,0.0
67000,67000,335.0,1.675,pretrain_W_on_S,67000,S,True,False,False,67000,0,1.675,0.0,0.7871485948562622,1.3012370653897525,1.3012370653897525,nan,0.001,0.001,275.3200568854809,1.994584321975708,1.9573403596878052,1.0122995376586914,0.5123298527842275,1.9273256063461304,0.9436385631561279,1.1904999017715454,0.01875934563577175,0.017699058428111432,2.307039927896056,-7.569770968984812e-05,-0.006856794003397226,0.0008397260680794716,1.9273256063461304,1.731910228729248,2.027275323867798,1.3031994104385376,1.0247727632522583,1.242197871208191,1.1819568872451782,0.7435184121131897,0.0011521970154717565,0.11730854958295822,0.0
67500,67500,337.5,1.6875,pretrain_W_on_S,67500,S,True,False,False,67500,0,1.6875,0.0,3.3047916889190674,1.333563494682312,1.333563494682312,nan,0.001,0.001,277.36511623486876,1.994584321975708,1.9570558071136475,1.0123111009597778,0.5123729500434209,1.9270179271697998,0.9436385631561279,1.1904999017715454,0.01875934563577175,0.017699058428111432,2.307039927896056,-7.37471564207226e-05,-0.006856794003397226,0.0008388999849557877,1.9270179271697998,1.731791615486145,2.0271496772766113,1.303040623664856,1.0248903036117554,1.242158055305481,1.1822701692581177,0.7435970902442932,0.001152441487647593,0.11730331182479858,0.0
68000,68000,340.0,1.7,pretrain_W_on_S,68000,S,True,False,False,68000,0,1.7,0.0,0.4821794927120209,1.2465017527639866,1.2465017527639866,nan,0.001,0.001,279.44002584181726,1.994584321975708,1.9568092823028564,1.012330412864685,0.5124149993594056,1.9267327785491943,0.9436385631561279,1.1904999017715454,0.01875934563577175,0.017699058428111432,2.307039927896056,-7.253055082401261e-05,-0.006856794003397226,0.0008398168138228357,1.9267327785491943,1.7316848039627075,2.027050018310547,1.3028987646102905,1.0252044200897217,1.2421499490737915,1.1824356317520142,0.7437953352928162,0.0011509034084156156,0.11726205796003342,0.0
68500,68500,342.5,1.7125,pretrain_W_on_S,68500,S,True,False,False,68500,0,1.7125,0.0,0.5849772691726685,1.2660241591036319,1.2660241591036319,nan,0.001,0.001,281.52654704637825,1.994584321975708,1.9565476179122925,1.0123454332351685,0.5124568662678005,1.9264410734176636,0.9436385631561279,1.1904999017715454,0.01875934563577175,0.017699058428111432,2.307039927896056,-7.283081504283473e-05,-0.006856794003397226,0.0008374650496989489,1.9264410734176636,1.7315776348114014,2.0269362926483154,1.3027507066726685,1.0252004861831665,1.242120623588562,1.1824147701263428,0.7439215779304504,0.001151680015027523,0.11723710596561432,0.0
69000,69000,345.0,1.725,pretrain_W_on_S,69000,S,True,False,False,69000,0,1.725,0.0,1.723737120628357,1.3339981424063445,1.3339981424063445,nan,0.001,0.001,283.6038795989007,1.994584321975708,1.95628821849823,1.0123624801635742,0.5124994703104248,1.9261475801467896,0.9436385631561279,1.1904999017715454,0.01875934563577175,0.017699058428111432,2.307039927896056,-6.925634806975722e-05,-0.006856794003397226,0.0008352405275218189,1.9261475801467896,1.7314609289169312,2.0268237590789795,1.302599310874939,1.0251638889312744,1.2421836853027344,1.1824414730072021,0.7436853051185608,0.0011520431144163013,0.11725645512342453,0.0
69500,69500,347.5,1.7375,pretrain_W_on_S,69500,S,True,False,False,69500,0,1.7375,0.0,1.264601469039917,1.3338640141487121,1.3338640141487121,nan,0.001,0.001,285.76179887354374,1.994584321975708,1.9560257196426392,1.0123785734176636,0.5125420055108456,1.92585289478302,0.9436385631561279,1.1904999017715454,0.01875934563577175,0.017699058428111432,2.307039927896056,-6.959056918276474e-05,-0.006856794003397226,0.0008346813265234232,1.92585289478302,1.7313429117202759,2.0267083644866943,1.30244779586792,1.025277853012085,1.2422308921813965,1.1826273202896118,0.7434636354446411,0.0011541136773303151,0.11730237305164337,0.0
70000,70000,350.0,1.75,pretrain_W_on_S,70000,S,True,False,False,70000,0,1.75,0.0,0.5042262077331543,1.3371716136932372,1.3371716136932372,nan,0.001,0.001,287.837020393461,1.994584321975708,1.955761432647705,1.0123957395553589,0.5125853262648283,1.9255542755126953,0.9436385631561279,1.1904999017715454,0.01875934563577175,0.017699058428111432,2.307039927896056,-6.76740164635703e-05,-0.006856794003397226,0.0008355760364793241,1.9255542755126953,1.731227159500122,2.02659273147583,1.302295207977295,1.0252753496170044,1.2424317598342896,1.182590126991272,0.7439950108528137,0.0011530942283570766,0.11723224818706512,0.0
70500,70500,352.5,1.7625,pretrain_W_on_S,70500,S,True,False,False,70500,0,1.7625,0.0,0.7389390468597412,1.386440058618784,1.386440058618784,nan,0.001,0.001,289.87879667803645,1.994584321975708,1.9554831981658936,1.0124107599258423,0.5126293968734609,1.925246000289917,0.9436385631561279,1.1904999017715454,0.01875934563577175,0.017699058428111432,2.307039927896056,-6.713905167998746e-05,-0.006856794003397226,0.0008350160205736756,1.925246000289917,1.7311081886291504,2.0264716148376465,1.302139163017273,1.025261640548706,1.2424379587173462,1.1823447942733765,0.7442077398300171,0.0011521903797984123,0.11720065772533417,0.0
71000,71000,355.0,1.775,pretrain_W_on_S,71000,S,True,False,False,71000,0,1.775,0.0,0.3587074279785156,1.2714933426082133,1.2714933426082133,nan,0.001,0.001,291.93944784253836,1.994584321975708,1.9552228450775146,1.0124242305755615,0.5126703472815134,1.9249587059020996,0.9436385631561279,1.1904999017715454,0.01875934563577175,0.017699058428111432,2.307039927896056,-6.633791781496257e-05,-0.006856794003397226,0.0008325584349222481,1.9249587059020996,1.7309926748275757,2.026367425918579,1.301987648010254,1.025261640548706,1.2425365447998047,1.1821237802505493,0.744342029094696,0.0011520970147103071,0.11717529594898224,0.0
71500,71500,357.5,1.7875,pretrain_W_on_S,71500,S,True,False,False,71500,0,1.7875,0.0,1.0835298299789429,1.3325721813887357,1.3325721813887357,nan,0.001,0.001,293.9913557227701,1.994584321975708,1.9549528360366821,1.0124365091323853,0.5127119679197704,1.9246641397476196,0.9436385631561279,1.1904999017715454,0.01875934563577175,0.017699058428111432,2.307039927896056,-6.747331644874066e-05,-0.006856794003397226,0.0008318366599269211,1.9246641397476196,1.7308838367462158,2.0262506008148193,1.3018382787704468,1.0252201557159424,1.2425686120986938,1.182076334953308,0.7442865967750549,0.001154603436589241,0.11716808378696442,0.0
72000,72000,360.0,1.8,pretrain_W_on_S,72000,S,True,False,False,72000,0,1.8,0.0,1.681966781616211,1.291498801857233,1.291498801857233,nan,0.001,0.001,296.05292492732406,1.994584321975708,1.9546881914138794,1.0124541521072388,0.5127556099548828,1.9243642091751099,0.9436385631561279,1.1904999017715454,0.01875934563577175,0.017699058428111432,2.307039927896056,-6.799144466640428e-05,-0.006856794003397226,0.0008318690815940499,1.9243642091751099,1.730764627456665,2.026136875152588,1.3016796112060547,1.02510404586792,1.2426024675369263,1.1818397045135498,0.7447590231895447,0.0011534298537299037,0.11710314452648163,0.0
72500,72500,362.5,1.8125,pretrain_W_on_S,72500,S,True,False,False,72500,0,1.8125,0.0,1.1397689580917358,1.342474781781435,1.342474781781435,nan,0.001,0.001,298.10583586618304,1.994584321975708,1.954415202140808,1.012473225593567,0.5128010795126525,1.9240530729293823,0.9436385631561279,1.1904999017715454,0.01875934563577175,0.017699058428111432,2.307039927896056,-6.55649637337774e-05,-0.006856794003397226,0.0008312534191645682,1.9240530729293823,1.7306419610977173,2.0260086059570312,1.3015202283859253,1.0248950719833374,1.2425659894943237,1.181786298751831,0.7447309494018555,0.0011526657035574317,0.11710992455482483,0.0
73000,73000,365.0,1.825,pretrain_W_on_S,73000,S,True,False,False,73000,0,1.825,0.0,1.1549512147903442,1.3271071497797966,1.3271071497797966,nan,0.001,0.001,300.1470154225826,1.994584321975708,1.9541432857513428,1.0124869346618652,0.5128436999604461,1.9237537384033203,0.9436385631561279,1.1904999017715454,0.01875934563577175,0.017699058428111432,2.307039927896056,-6.336670048767701e-05,-0.006856794003397226,0.0008322253706865013,1.9237537384033203,1.730521321296692,2.0258948802948,1.3013652563095093,1.0248000621795654,1.242472529411316,1.1816293001174927,0.7447516322135925,0.0011518042301759124,0.11709954589605331,0.0
73500,73500,367.5,1.8375,pretrain_W_on_S,73500,S,True,False,False,73500,0,1.8375,0.0,0.877613365650177,1.2830725914388894,1.2830725914388894,nan,0.001,0.001,302.19038717634976,1.994584321975708,1.9538835287094116,1.01250422000885,0.5128865445031275,1.9234594106674194,0.9436385631561279,1.1904999017715454,0.01875934563577175,0.017699058428111432,2.307039927896056,-6.521534669445828e-05,-0.006856794003397226,0.0008270980906672776,1.9234594106674194,1.7304027080535889,2.0257670879364014,1.3012123107910156,1.0249050855636597,1.2424085140228271,1.1817963123321533,0.7448687553405762,0.0011511550983414054,0.11708399653434753,0.0
74000,74000,370.0,1.85,pretrain_W_on_S,74000,S,True,False,False,74000,0,1.85,0.0,0.666566014289856,1.3226907208859922,1.3226907208859922,nan,0.001,0.001,304.2347373571247,1.994584321975708,1.953610897064209,1.012519359588623,0.5129300001288181,1.923156499862671,0.9436385631561279,1.1904999017715454,0.01875934563577175,0.017699058428111432,2.307039927896056,-6.854181265225634e-05,-0.006856794003397226,0.0008292222628369927,1.923156499862671,1.7302886247634888,2.025653839111328,1.3010574579238892,1.024953007698059,1.2424161434173584,1.1816385984420776,0.7448619604110718,0.0011515053920447826,0.11707443743944168,0.0
74500,74500,372.5,1.8625,pretrain_W_on_S,74500,S,True,False,False,74500,0,1.8625,0.0,0.511286199092865,1.3301368629932404,1.3301368629932404,nan,0.001,0.001,306.27856318466365,1.994584321975708,1.9533437490463257,1.012536644935608,0.5129738313742753,1.9228547811508179,0.9436385631561279,1.1904999017715454,0.01875934563577175,0.017699058428111432,2.307039927896056,-6.84480182826519e-05,-0.006856794003397226,0.0008299598703160882,1.9228547811508179,1.730164885520935,2.025536060333252,1.3008924722671509,1.0250718593597412,1.2423471212387085,1.1815736293792725,0.7454231977462769,0.0011485975701361895,0.11700068414211273,0.0
75000,75000,375.0,1.875,pretrain_W_on_S,75000,S,True,False,False,75000,0,1.875,0.0,1.035168170928955,1.30006334105134,1.30006334105134,nan,0.001,0.001,308.34270545840263,1.994584321975708,1.9530792236328125,1.012554407119751,0.5130175681649417,1.9225547313690186,0.9436385631561279,1.1904999017715454,0.01875934563577175,0.017699058428111432,2.307039927896056,-7.064476085361093e-05,-0.006856794003397226,0.0008306085364893079,1.9225547313690186,1.7300513982772827,2.0254151821136475,1.3007376194000244,1.0251883268356323,1.2423089742660522,1.181470274925232,0.7451854348182678,0.0011493235360831022,0.11700891703367233,0.0
75500,75500,377.5,1.8875,pretrain_W_on_S,75500,S,True,False,False,75500,0,1.8875,0.0,0.9836837649345398,1.3037354724407195,1.3037354724407195,nan,0.001,0.001,310.42804070189595,1.994584321975708,1.9528210163116455,1.0125726461410522,0.5130607248698992,1.922260046005249,0.9436385631561279,1.1904999017715454,0.01875934563577175,0.017699058428111432,2.307039927896056,-7.042317156447098e-05,-0.006856794003397226,0.0008292615530081093,1.922260046005249,1.729935646057129,2.025300979614258,1.3005925416946411,1.0250924825668335,1.2422510385513306,1.1811681985855103,0.7454230189323425,0.001148583716712892,0.11695729941129684,0.0
76000,76000,380.0,1.9,pretrain_W_on_S,76000,S,True,False,False,76000,0,1.9,0.0,1.313877820968628,1.2790309123396872,1.2790309123396872,nan,0.001,0.001,312.5025319494307,1.994584321975708,1.9525659084320068,1.0125874280929565,0.5131017305035832,1.9219753742218018,0.9436385631561279,1.1904999017715454,0.01875934563577175,0.017699058428111432,2.307039927896056,-7.037672912701964e-05,-0.006856794003397226,0.0008278457680717111,1.9219753742218018,1.7298201322555542,2.025186777114868,1.3004416227340698,1.0250686407089233,1.2422667741775513,1.181095838546753,0.7451372742652893,0.0011512545170262456,0.116987444460392,0.0
76500,76500,382.5,1.9125,pretrain_W_on_S,76500,S,True,False,False,76500,0,1.9125,0.0,1.6518319845199585,1.3936456440091134,1.3936456440091134,nan,0.001,0.001,314.58069494366646,1.994584321975708,1.952285647392273,1.01260244846344,0.5131461701491892,1.921665072441101,0.9436385631561279,1.1904999017715454,0.01875934563577175,0.017699058428111432,2.307039927896056,-7.182931585703045e-05,-0.006856794003397226,0.0008265622891485691,1.921665072441101,1.7296966314315796,2.0250604152679443,1.3002829551696777,1.025164246559143,1.2421835660934448,1.1813039779663086,0.7450293898582458,0.0011530566262081265,0.11699610203504562,0.0
77000,77000,385.0,1.925,pretrain_W_on_S,77000,S,True,False,False,77000,0,1.925,0.0,1.7344741821289062,1.3478377642929553,1.3478377642929553,nan,0.001,0.001,316.6617057789117,1.994584321975708,1.9520220756530762,1.0126185417175293,0.5131889687192691,1.9213693141937256,0.9436385631561279,1.1904999017715454,0.01875934563577175,0.017699058428111432,2.307039927896056,-7.258014375111088e-05,-0.006856794003397226,0.0008241964387707412,1.9213693141937256,1.7295925617218018,2.024941921234131,1.3001385927200317,1.0252753496170044,1.2422497272491455,1.181301474571228,0.7452690601348877,0.001150142983533442,0.11697058379650116,0.0
77500,77500,387.5,1.9375,pretrain_W_on_S,77500,S,True,False,False,77500,0,1.9375,0.0,1.5464893579483032,1.3043828035891056,1.3043828035891056,nan,0.001,0.001,318.70372137986124,1.994584321975708,1.951761245727539,1.0126335620880127,0.5132308711491604,1.9210784435272217,0.9436385631561279,1.1904999017715454,0.01875934563577175,0.017699058428111432,2.307039927896056,-7.534828182542697e-05,-0.006856794003397226,0.000822836474981159,1.9210784435272217,1.7294830083847046,2.024831771850586,1.2999869585037231,1.0252081155776978,1.242249608039856,1.181200623512268,0.7455135583877563,0.0011477459920570254,0.11693888902664185,0.0
78000,78000,390.0,1.95,pretrain_W_on_S,78000,S,True,False,False,78000,0,1.95,0.0,0.966439962387085,1.3045451679974795,1.3045451679974795,nan,0.001,0.001,320.75105169042945,1.994584321975708,1.9515018463134766,1.012649655342102,0.5132731371517435,1.9207868576049805,0.9436385631561279,1.1904999017715454,0.01875934563577175,0.017699058428111432,2.307039927896056,-7.37268419470638e-05,-0.006856794003397226,0.0008232317049987614,1.9207868576049805,1.7293671369552612,2.0247156620025635,1.2998416423797607,1.02518892288208,1.2424224615097046,1.1811469793319702,0.7451097369194031,0.0011488341260701418,0.11698341369628906,0.0
78500,78500,392.5,1.9625,pretrain_W_on_S,78500,S,True,False,False,78500,0,1.9625,0.0,1.882496953010559,1.319274321615696,1.319274321615696,nan,0.001,0.001,322.82392960973084,1.994584321975708,1.9512323141098022,1.0126662254333496,0.5133169855742856,1.920484185218811,0.9436385631561279,1.1904999017715454,0.01875934563577175,0.017699058428111432,2.307039927896056,-7.68812169553712e-05,-0.006856794003397226,0.0008260030299425125,1.920484185218811,1.7292560338974,2.0246050357818604,1.299685001373291,1.0253926515579224,1.2424042224884033,1.181351900100708,0.745123565196991,0.0011488921009004116,0.11698298156261444,0.0
79000,79000,395.0,1.975,pretrain_W_on_S,79000,S,True,False,False,79000,0,1.975,0.0,0.768135666847229,1.3055397929251193,1.3055397929251193,nan,0.001,0.001,324.8771216440946,1.994584321975708,1.9509739875793457,1.0126845836639404,0.513360274685118,1.9201891422271729,0.9436385631561279,1.1904999017715454,0.01875934563577175,0.017699058428111432,2.307039927896056,-7.568149158032611e-05,-0.006856794003397226,0.0008249917882494628,1.9201891422271729,1.7291408777236938,2.024479627609253,1.2995331287384033,1.025486946105957,1.2423797845840454,1.1812446117401123,0.7456542253494263,0.0011480939574539661,0.11691482365131378,0.0
79500,79500,397.5,1.9875,pretrain_W_on_S,79500,S,True,False,False,79500,0,1.9875,0.0,1.220077395439148,1.3581013403236866,1.3581013403236866,nan,0.001,0.001,326.93557929061353,1.994584321975708,1.9507062435150146,1.0126991271972656,0.5134028771530412,1.9198923110961914,0.9436385631561279,1.1904999017715454,0.01875934563577175,0.017699058428111432,2.307039927896056,-7.756223203614354e-05,-0.006856794003397226,0.0008232663967646658,1.9198923110961914,1.7290295362472534,2.024360418319702,1.299381136894226,1.0254783630371094,1.2423298358917236,1.1809792518615723,0.7460150718688965,0.0011444808915257454,0.11686032265424728,0.0
80000,80000,400.0,2.0,pretrain_W_on_S,80000,S,True,False,False,80000,0,2.0,0.0,1.075120210647583,1.33614955291152,1.33614955291152,nan,0.001,0.001,328.985800685361,1.994584321975708,1.9504368305206299,1.0127136707305908,0.5134457075567926,1.9195938110351562,0.9436385631561279,1.1904999017715454,0.01875934563577175,0.017699058428111432,2.307039927896056,-7.371330138994381e-05,-0.006856794003397226,0.0008255012216977775,1.9195938110351562,1.7289159297943115,2.0242466926574707,1.2992266416549683,1.0256214141845703,1.2425358295440674,1.1811649799346924,0.7462702989578247,0.0011441902024671435,0.11685551702976227,0.0
80400,80400,402.0,2.01,finetune_w_on_Sprime,400,Sprime,False,True,True,80000,400,2.0,2.0,1.7691771984100342,2.0112161201238634,nan,2.0112161201238634,0.001,0.001,331.0127269253135,1.994584321975708,1.9504368305206299,1.0127136707305908,0.5134457075567926,1.9195938110351562,0.9436385631561279,1.1859242916107178,0.018751025199890137,0.017725304095867832,2.2961669614156506,-7.371330138994381e-05,-0.006837858352810144,0.000807975186035037,1.9195938110351562,1.7266778945922852,2.0221879482269287,1.2992266416549683,1.026910662651062,1.243028163909912,1.18705153465271,0.742461621761322,0.0011715732980519533,0.11732712388038635,0.0
