
======================================================
Task-2 fine-tuning
======================================================
Pretraining run:       results/quality_pretraining/scaling_d100_T5
Pretraining step:      10000
Task-1 run:            results/quality_pretraining/finetunetask1_d100_T5/prestep_10000_lr0p01_init1_wseed21_sgdseed22
Task-1 checkpoint:     100000
Target Task-2 steps:   200000
Task-2 learning rate:  0.01
======================================================

Mon Oct  5 15:03:23 2026       
+---------------------------------------------------------------------------------------+
| NVIDIA-SMI 535.154.05             Driver Version: 535.154.05   CUDA Version: 12.2     |
|-----------------------------------------+----------------------+----------------------+
| GPU  Name                 Persistence-M | Bus-Id        Disp.A | Volatile Uncorr. ECC |
| Fan  Temp   Perf          Pwr:Usage/Cap |         Memory-Usage | GPU-Util  Compute M. |
|                                         |                      |               MIG M. |
|=========================================+======================+======================|
|   0  Tesla V100-PCIE-32GB           On  | 00000000:86:00.0 Off |                  Off |
| N/A   32C    P0              25W / 250W |      0MiB / 32768MiB |      0%      Default |
|                                         |                      |                  N/A |
+-----------------------------------------+----------------------+----------------------+
                                                                                         
+---------------------------------------------------------------------------------------+
| Processes:                                                                            |
|  GPU   GI   CI        PID   Type   Process name                            GPU Memory |
|        ID   ID                                                             Usage      |
|=======================================================================================|
|  No running processes found                                                           |
+---------------------------------------------------------------------------------------+

==============================================
Task-2 fine-tuning
==============================================
source pretrain : /home/busato/catastrophic_forgetting/quality_pretraining/results/quality_pretraining/scaling_d100_T5
pretrain step   : 10,000
pretrain t/d²   : 1.000000
source Task 1   : /home/busato/catastrophic_forgetting/quality_pretraining/results/quality_pretraining/finetunetask1_d100_T5/prestep_10000_lr0p01_init1_wseed21_sgdseed22
Task-1 step     : 100,000
Task-1 t/d      : 1000.000
d               : 100
T               : 5
device          : cuda
Task-2 lr       : 0.01
Task-2 SGD seed : 42
target steps    : 200,000
target t/d      : 2000.000
eval every late : 50
checkpoints     : [50, 100, 200, 500, 1000, 2000, 5000, 10000, 20000, 50000, 200000]
run directory   : results/quality_pretraining/finetunetask2_d100_T5/prestep_10000_task1step_100000_lr0p01_task1wseed21_task1sgdseed22_task2sgdseed42

[step 0] task1=2.221593e-01 | task2=3.988216e-01 | F1=0.000000e+00 | m1²=0.984002 | m2²=0.003060 | ||w||²/d=1.235630
[step        5] t/d=   0.050 | task1=2.221639e-01 | task2=3.986683e-01 | F1=4.568387e-06 | m1²=0.983887 | m2²=0.003074 | eps_w1=4.637273e-02 | eps_w2=2.307253e+00
[step       10] t/d=   0.100 | task1=2.221668e-01 | task2=3.985679e-01 | F1=7.433690e-06 | m1²=0.983856 | m2²=0.003061 | eps_w1=4.623121e-02 | eps_w2=2.305200e+00
[step       15] t/d=   0.150 | task1=2.221593e-01 | task2=3.984350e-01 | F1=-5.777928e-09 | m1²=0.983776 | m2²=0.003043 | eps_w1=4.612325e-02 | eps_w2=2.302387e+00
[step       20] t/d=   0.200 | task1=2.221578e-01 | task2=3.982724e-01 | F1=-1.519963e-06 | m1²=0.983683 | m2²=0.003075 | eps_w1=4.593960e-02 | eps_w2=2.298394e+00
[step       25] t/d=   0.250 | task1=2.221698e-01 | task2=3.982203e-01 | F1=1.051325e-05 | m1²=0.983731 | m2²=0.003070 | eps_w1=4.567327e-02 | eps_w2=2.296767e+00
[step       30] t/d=   0.300 | task1=2.221628e-01 | task2=3.981540e-01 | F1=3.444662e-06 | m1²=0.983690 | m2²=0.003074 | eps_w1=4.562298e-02 | eps_w2=2.295313e+00
[step       35] t/d=   0.350 | task1=2.221605e-01 | task2=3.980559e-01 | F1=1.192199e-06 | m1²=0.983649 | m2²=0.003086 | eps_w1=4.551857e-02 | eps_w2=2.293297e+00
[step       40] t/d=   0.400 | task1=2.221687e-01 | task2=3.979479e-01 | F1=9.416442e-06 | m1²=0.983639 | m2²=0.003091 | eps_w1=4.529386e-02 | eps_w2=2.290721e+00
[step       45] t/d=   0.450 | task1=2.221656e-01 | task2=3.977725e-01 | F1=6.272145e-06 | m1²=0.983680 | m2²=0.003059 | eps_w1=4.479434e-02 | eps_w2=2.286493e+00
[step       50] t/d=   0.500 | task1=2.221689e-01 | task2=3.976531e-01 | F1=9.582602e-06 | m1²=0.983728 | m2²=0.003011 | eps_w1=4.440121e-02 | eps_w2=2.283551e+00
Saved checkpoint: results/quality_pretraining/finetunetask2_d100_T5/prestep_10000_task1step_100000_lr0p01_task1wseed21_task1sgdseed22_task2sgdseed42/checkpoints/step_000000050
[step       55] t/d=   0.550 | task1=2.221605e-01 | task2=3.974894e-01 | F1=1.131854e-06 | m1²=0.983655 | m2²=0.003048 | eps_w1=4.424852e-02 | eps_w2=2.280107e+00
[step       60] t/d=   0.600 | task1=2.221593e-01 | task2=3.974330e-01 | F1=1.421693e-08 | m1²=0.983656 | m2²=0.003037 | eps_w1=4.412408e-02 | eps_w2=2.278814e+00
[step       65] t/d=   0.650 | task1=2.221786e-01 | task2=3.972832e-01 | F1=1.923197e-05 | m1²=0.983654 | m2²=0.003029 | eps_w1=4.379878e-02 | eps_w2=2.275226e+00
[step       70] t/d=   0.700 | task1=2.221984e-01 | task2=3.972167e-01 | F1=3.907106e-05 | m1²=0.983630 | m2²=0.003035 | eps_w1=4.372342e-02 | eps_w2=2.273808e+00
[step       75] t/d=   0.750 | task1=2.222129e-01 | task2=3.971159e-01 | F1=5.357655e-05 | m1²=0.983715 | m2²=0.002973 | eps_w1=4.328031e-02 | eps_w2=2.271072e+00
[step       80] t/d=   0.800 | task1=2.222163e-01 | task2=3.970502e-01 | F1=5.701589e-05 | m1²=0.983724 | m2²=0.003001 | eps_w1=4.314873e-02 | eps_w2=2.269753e+00
[step       85] t/d=   0.850 | task1=2.222335e-01 | task2=3.969582e-01 | F1=7.416071e-05 | m1²=0.983793 | m2²=0.002981 | eps_w1=4.277589e-02 | eps_w2=2.267298e+00
[step       90] t/d=   0.900 | task1=2.222535e-01 | task2=3.968361e-01 | F1=9.417728e-05 | m1²=0.983696 | m2²=0.002995 | eps_w1=4.273586e-02 | eps_w2=2.264402e+00
[step       95] t/d=   0.950 | task1=2.222545e-01 | task2=3.966445e-01 | F1=9.519235e-05 | m1²=0.983676 | m2²=0.002967 | eps_w1=4.240512e-02 | eps_w2=2.260131e+00
[step      100] t/d=   1.000 | task1=2.222414e-01 | task2=3.965164e-01 | F1=8.206004e-05 | m1²=0.983601 | m2²=0.002936 | eps_w1=4.230019e-02 | eps_w2=2.257083e+00
Saved checkpoint: results/quality_pretraining/finetunetask2_d100_T5/prestep_10000_task1step_100000_lr0p01_task1wseed21_task1sgdseed22_task2sgdseed42/checkpoints/step_000000100
[step      105] t/d=   1.050 | task1=2.222619e-01 | task2=3.963451e-01 | F1=1.025742e-04 | m1²=0.983597 | m2²=0.002951 | eps_w1=4.192916e-02 | eps_w2=2.252543e+00
[step      110] t/d=   1.100 | task1=2.222700e-01 | task2=3.962976e-01 | F1=1.106437e-04 | m1²=0.983641 | m2²=0.002928 | eps_w1=4.164912e-02 | eps_w2=2.250369e+00
[step      115] t/d=   1.150 | task1=2.222735e-01 | task2=3.962070e-01 | F1=1.141985e-04 | m1²=0.983623 | m2²=0.002914 | eps_w1=4.152701e-02 | eps_w2=2.248421e+00
[step      120] t/d=   1.200 | task1=2.222748e-01 | task2=3.960494e-01 | F1=1.155126e-04 | m1²=0.983623 | m2²=0.002922 | eps_w1=4.123709e-02 | eps_w2=2.244842e+00
[step      125] t/d=   1.250 | task1=2.222609e-01 | task2=3.959903e-01 | F1=1.015684e-04 | m1²=0.983638 | m2²=0.002904 | eps_w1=4.111651e-02 | eps_w2=2.243798e+00
[step      130] t/d=   1.300 | task1=2.222604e-01 | task2=3.959440e-01 | F1=1.010715e-04 | m1²=0.983649 | m2²=0.002888 | eps_w1=4.099914e-02 | eps_w2=2.242674e+00
[step      135] t/d=   1.350 | task1=2.222702e-01 | task2=3.958256e-01 | F1=1.108867e-04 | m1²=0.983590 | m2²=0.002923 | eps_w1=4.095790e-02 | eps_w2=2.240468e+00
[step      140] t/d=   1.400 | task1=2.222819e-01 | task2=3.957169e-01 | F1=1.225307e-04 | m1²=0.983531 | m2²=0.002923 | eps_w1=4.089729e-02 | eps_w2=2.238086e+00
[step      145] t/d=   1.450 | task1=2.222764e-01 | task2=3.956952e-01 | F1=1.170755e-04 | m1²=0.983513 | m2²=0.002911 | eps_w1=4.087301e-02 | eps_w2=2.237306e+00
[step      150] t/d=   1.500 | task1=2.222704e-01 | task2=3.956328e-01 | F1=1.110700e-04 | m1²=0.983468 | m2²=0.002920 | eps_w1=4.087622e-02 | eps_w2=2.236093e+00
[step      155] t/d=   1.550 | task1=2.223001e-01 | task2=3.954154e-01 | F1=1.407536e-04 | m1²=0.983455 | m2²=0.002959 | eps_w1=4.051209e-02 | eps_w2=2.230919e+00
[step      160] t/d=   1.600 | task1=2.223168e-01 | task2=3.953510e-01 | F1=1.574876e-04 | m1²=0.983495 | m2²=0.003020 | eps_w1=4.028942e-02 | eps_w2=2.228983e+00
[step      165] t/d=   1.650 | task1=2.223058e-01 | task2=3.952640e-01 | F1=1.465230e-04 | m1²=0.983405 | m2²=0.003067 | eps_w1=4.033947e-02 | eps_w2=2.226983e+00
[step      170] t/d=   1.700 | task1=2.222781e-01 | task2=3.951202e-01 | F1=1.188084e-04 | m1²=0.983241 | m2²=0.003092 | eps_w1=4.055660e-02 | eps_w2=2.225131e+00
[step      175] t/d=   1.750 | task1=2.222910e-01 | task2=3.950701e-01 | F1=1.316512e-04 | m1²=0.983285 | m2²=0.003078 | eps_w1=4.033635e-02 | eps_w2=2.223474e+00
[step      180] t/d=   1.800 | task1=2.223008e-01 | task2=3.950588e-01 | F1=1.414633e-04 | m1²=0.983236 | m2²=0.003082 | eps_w1=4.040007e-02 | eps_w2=2.222890e+00
[step      185] t/d=   1.850 | task1=2.222986e-01 | task2=3.949650e-01 | F1=1.392584e-04 | m1²=0.983279 | m2²=0.003074 | eps_w1=4.012452e-02 | eps_w2=2.220397e+00
[step      190] t/d=   1.900 | task1=2.223028e-01 | task2=3.949122e-01 | F1=1.434759e-04 | m1²=0.983279 | m2²=0.003107 | eps_w1=4.003835e-02 | eps_w2=2.219144e+00
[step      195] t/d=   1.950 | task1=2.223062e-01 | task2=3.948393e-01 | F1=1.468389e-04 | m1²=0.983277 | m2²=0.003098 | eps_w1=3.992565e-02 | eps_w2=2.217550e+00
[step      200] t/d=   2.000 | task1=2.223115e-01 | task2=3.947403e-01 | F1=1.521872e-04 | m1²=0.983214 | m2²=0.003099 | eps_w1=3.991134e-02 | eps_w2=2.215468e+00
Saved checkpoint: results/quality_pretraining/finetunetask2_d100_T5/prestep_10000_task1step_100000_lr0p01_task1wseed21_task1sgdseed22_task2sgdseed42/checkpoints/step_000000200
[step      205] t/d=   2.050 | task1=2.223374e-01 | task2=3.947370e-01 | F1=1.781079e-04 | m1²=0.983226 | m2²=0.003130 | eps_w1=3.989582e-02 | eps_w2=2.215536e+00
[step      210] t/d=   2.100 | task1=2.223318e-01 | task2=3.946202e-01 | F1=1.725164e-04 | m1²=0.983187 | m2²=0.003149 | eps_w1=3.978720e-02 | eps_w2=2.212775e+00
[step      215] t/d=   2.150 | task1=2.223327e-01 | task2=3.945850e-01 | F1=1.734179e-04 | m1²=0.983176 | m2²=0.003153 | eps_w1=3.975023e-02 | eps_w2=2.211904e+00
[step      220] t/d=   2.200 | task1=2.223165e-01 | task2=3.944312e-01 | F1=1.572069e-04 | m1²=0.983050 | m2²=0.003122 | eps_w1=3.976627e-02 | eps_w2=2.208353e+00
[step      225] t/d=   2.250 | task1=2.223372e-01 | task2=3.942558e-01 | F1=1.778841e-04 | m1²=0.982993 | m2²=0.003134 | eps_w1=3.962769e-02 | eps_w2=2.204515e+00
[step      230] t/d=   2.300 | task1=2.223395e-01 | task2=3.941872e-01 | F1=1.801499e-04 | m1²=0.982960 | m2²=0.003136 | eps_w1=3.962556e-02 | eps_w2=2.203445e+00
[step      235] t/d=   2.350 | task1=2.223375e-01 | task2=3.940155e-01 | F1=1.781506e-04 | m1²=0.982965 | m2²=0.003139 | eps_w1=3.938044e-02 | eps_w2=2.199888e+00
[step      240] t/d=   2.400 | task1=2.223553e-01 | task2=3.938945e-01 | F1=1.960079e-04 | m1²=0.982967 | m2²=0.003161 | eps_w1=3.916911e-02 | eps_w2=2.196684e+00
[step      245] t/d=   2.450 | task1=2.223383e-01 | task2=3.938317e-01 | F1=1.790231e-04 | m1²=0.982966 | m2²=0.003164 | eps_w1=3.906767e-02 | eps_w2=2.195049e+00
[step      250] t/d=   2.500 | task1=2.223434e-01 | task2=3.937340e-01 | F1=1.841071e-04 | m1²=0.982973 | m2²=0.003166 | eps_w1=3.893266e-02 | eps_w2=2.193158e+00
[step      255] t/d=   2.550 | task1=2.223380e-01 | task2=3.935882e-01 | F1=1.786787e-04 | m1²=0.982924 | m2²=0.003175 | eps_w1=3.884128e-02 | eps_w2=2.190032e+00
[step      260] t/d=   2.600 | task1=2.223602e-01 | task2=3.934828e-01 | F1=2.009124e-04 | m1²=0.982993 | m2²=0.003212 | eps_w1=3.855496e-02 | eps_w2=2.187678e+00
[step      265] t/d=   2.650 | task1=2.223636e-01 | task2=3.933447e-01 | F1=2.042374e-04 | m1²=0.982907 | m2²=0.003212 | eps_w1=3.857872e-02 | eps_w2=2.185108e+00
[step      270] t/d=   2.700 | task1=2.223577e-01 | task2=3.933048e-01 | F1=1.984233e-04 | m1²=0.982833 | m2²=0.003258 | eps_w1=3.868662e-02 | eps_w2=2.184210e+00
[step      275] t/d=   2.750 | task1=2.223451e-01 | task2=3.931731e-01 | F1=1.857790e-04 | m1²=0.982820 | m2²=0.003263 | eps_w1=3.855761e-02 | eps_w2=2.181595e+00
[step      280] t/d=   2.800 | task1=2.223591e-01 | task2=3.931084e-01 | F1=1.997449e-04 | m1²=0.982732 | m2²=0.003286 | eps_w1=3.869022e-02 | eps_w2=2.180678e+00
[step      285] t/d=   2.850 | task1=2.223586e-01 | task2=3.929615e-01 | F1=1.992815e-04 | m1²=0.982729 | m2²=0.003294 | eps_w1=3.849356e-02 | eps_w2=2.177171e+00
[step      290] t/d=   2.900 | task1=2.223654e-01 | task2=3.928640e-01 | F1=2.060936e-04 | m1²=0.982636 | m2²=0.003348 | eps_w1=3.857416e-02 | eps_w2=2.175087e+00
[step      295] t/d=   2.950 | task1=2.223502e-01 | task2=3.927491e-01 | F1=1.908981e-04 | m1²=0.982471 | m2²=0.003365 | eps_w1=3.881358e-02 | eps_w2=2.173162e+00
[step      300] t/d=   3.000 | task1=2.223579e-01 | task2=3.926727e-01 | F1=1.985945e-04 | m1²=0.982377 | m2²=0.003408 | eps_w1=3.893498e-02 | eps_w2=2.171749e+00
[step      305] t/d=   3.050 | task1=2.223837e-01 | task2=3.925518e-01 | F1=2.244018e-04 | m1²=0.982307 | m2²=0.003399 | eps_w1=3.895117e-02 | eps_w2=2.169423e+00
[step      310] t/d=   3.100 | task1=2.223822e-01 | task2=3.924577e-01 | F1=2.228420e-04 | m1²=0.982284 | m2²=0.003410 | eps_w1=3.887188e-02 | eps_w2=2.167118e+00
[step      315] t/d=   3.150 | task1=2.223833e-01 | task2=3.923617e-01 | F1=2.239662e-04 | m1²=0.982215 | m2²=0.003398 | eps_w1=3.890155e-02 | eps_w2=2.165012e+00
[step      320] t/d=   3.200 | task1=2.223929e-01 | task2=3.922516e-01 | F1=2.335252e-04 | m1²=0.982133 | m2²=0.003382 | eps_w1=3.893791e-02 | eps_w2=2.162528e+00
[step      325] t/d=   3.250 | task1=2.223788e-01 | task2=3.921576e-01 | F1=2.195029e-04 | m1²=0.982206 | m2²=0.003388 | eps_w1=3.863969e-02 | eps_w2=2.159736e+00
[step      330] t/d=   3.300 | task1=2.223758e-01 | task2=3.920774e-01 | F1=2.164555e-04 | m1²=0.982270 | m2²=0.003378 | eps_w1=3.842423e-02 | eps_w2=2.158155e+00
[step      335] t/d=   3.350 | task1=2.223912e-01 | task2=3.919785e-01 | F1=2.318854e-04 | m1²=0.982228 | m2²=0.003377 | eps_w1=3.840156e-02 | eps_w2=2.156020e+00
[step      340] t/d=   3.400 | task1=2.224163e-01 | task2=3.918140e-01 | F1=2.570058e-04 | m1²=0.982130 | m2²=0.003351 | eps_w1=3.845279e-02 | eps_w2=2.152996e+00
[step      345] t/d=   3.450 | task1=2.224205e-01 | task2=3.917060e-01 | F1=2.611769e-04 | m1²=0.982053 | m2²=0.003357 | eps_w1=3.850115e-02 | eps_w2=2.150709e+00
[step      350] t/d=   3.500 | task1=2.224159e-01 | task2=3.916725e-01 | F1=2.565611e-04 | m1²=0.982112 | m2²=0.003370 | eps_w1=3.833107e-02 | eps_w2=2.149702e+00
[step      355] t/d=   3.550 | task1=2.224256e-01 | task2=3.915711e-01 | F1=2.662345e-04 | m1²=0.982061 | m2²=0.003399 | eps_w1=3.835101e-02 | eps_w2=2.147870e+00
[step      360] t/d=   3.600 | task1=2.224394e-01 | task2=3.914376e-01 | F1=2.801212e-04 | m1²=0.982076 | m2²=0.003379 | eps_w1=3.816478e-02 | eps_w2=2.144594e+00
[step      365] t/d=   3.650 | task1=2.224311e-01 | task2=3.912200e-01 | F1=2.717653e-04 | m1²=0.982069 | m2²=0.003384 | eps_w1=3.795430e-02 | eps_w2=2.139623e+00
[step      370] t/d=   3.700 | task1=2.224533e-01 | task2=3.910688e-01 | F1=2.939302e-04 | m1²=0.982049 | m2²=0.003425 | eps_w1=3.785800e-02 | eps_w2=2.136382e+00
[step      375] t/d=   3.750 | task1=2.224864e-01 | task2=3.909473e-01 | F1=3.270618e-04 | m1²=0.981992 | m2²=0.003466 | eps_w1=3.786986e-02 | eps_w2=2.133813e+00
[step      380] t/d=   3.800 | task1=2.224974e-01 | task2=3.908899e-01 | F1=3.380514e-04 | m1²=0.981997 | m2²=0.003457 | eps_w1=3.780748e-02 | eps_w2=2.132570e+00
[step      385] t/d=   3.850 | task1=2.224914e-01 | task2=3.908183e-01 | F1=3.321225e-04 | m1²=0.982007 | m2²=0.003496 | eps_w1=3.772374e-02 | eps_w2=2.130968e+00
[step      390] t/d=   3.900 | task1=2.225141e-01 | task2=3.906861e-01 | F1=3.547865e-04 | m1²=0.981897 | m2²=0.003501 | eps_w1=3.783956e-02 | eps_w2=2.128268e+00
[step      395] t/d=   3.950 | task1=2.225205e-01 | task2=3.905805e-01 | F1=3.612181e-04 | m1²=0.981798 | m2²=0.003502 | eps_w1=3.796239e-02 | eps_w2=2.126225e+00
[step      400] t/d=   4.000 | task1=2.225114e-01 | task2=3.904902e-01 | F1=3.520882e-04 | m1²=0.981679 | m2²=0.003543 | eps_w1=3.815056e-02 | eps_w2=2.124741e+00
[step      405] t/d=   4.050 | task1=2.225046e-01 | task2=3.903230e-01 | F1=3.452591e-04 | m1²=0.981681 | m2²=0.003543 | eps_w1=3.800555e-02 | eps_w2=2.121044e+00
[step      410] t/d=   4.100 | task1=2.224931e-01 | task2=3.902114e-01 | F1=3.337992e-04 | m1²=0.981660 | m2²=0.003588 | eps_w1=3.796221e-02 | eps_w2=2.118608e+00
[step      415] t/d=   4.150 | task1=2.225455e-01 | task2=3.901189e-01 | F1=3.861332e-04 | m1²=0.981567 | m2²=0.003549 | eps_w1=3.808221e-02 | eps_w2=2.116794e+00
[step      420] t/d=   4.200 | task1=2.225470e-01 | task2=3.900145e-01 | F1=3.876717e-04 | m1²=0.981558 | m2²=0.003556 | eps_w1=3.802108e-02 | eps_w2=2.114542e+00
[step      425] t/d=   4.250 | task1=2.225578e-01 | task2=3.898783e-01 | F1=3.985093e-04 | m1²=0.981542 | m2²=0.003576 | eps_w1=3.795600e-02 | eps_w2=2.111672e+00
[step      430] t/d=   4.300 | task1=2.225735e-01 | task2=3.897996e-01 | F1=4.141796e-04 | m1²=0.981421 | m2²=0.003605 | eps_w1=3.816584e-02 | eps_w2=2.110491e+00
[step      435] t/d=   4.350 | task1=2.225676e-01 | task2=3.898034e-01 | F1=4.082399e-04 | m1²=0.981350 | m2²=0.003646 | eps_w1=3.832447e-02 | eps_w2=2.110848e+00
[step      440] t/d=   4.400 | task1=2.225886e-01 | task2=3.896122e-01 | F1=4.293124e-04 | m1²=0.981294 | m2²=0.003673 | eps_w1=3.831078e-02 | eps_w2=2.106893e+00
[step      445] t/d=   4.450 | task1=2.226014e-01 | task2=3.895401e-01 | F1=4.420963e-04 | m1²=0.981217 | m2²=0.003688 | eps_w1=3.842910e-02 | eps_w2=2.105697e+00
[step      450] t/d=   4.500 | task1=2.226327e-01 | task2=3.894056e-01 | F1=4.733816e-04 | m1²=0.981193 | m2²=0.003672 | eps_w1=3.838179e-02 | eps_w2=2.102680e+00
[step      455] t/d=   4.550 | task1=2.226537e-01 | task2=3.892925e-01 | F1=4.943943e-04 | m1²=0.981208 | m2²=0.003650 | eps_w1=3.827207e-02 | eps_w2=2.100116e+00
[step      460] t/d=   4.600 | task1=2.226817e-01 | task2=3.892177e-01 | F1=5.223433e-04 | m1²=0.981138 | m2²=0.003660 | eps_w1=3.837122e-02 | eps_w2=2.098578e+00
[step      465] t/d=   4.650 | task1=2.226944e-01 | task2=3.890812e-01 | F1=5.350800e-04 | m1²=0.981006 | m2²=0.003683 | eps_w1=3.856477e-02 | eps_w2=2.095953e+00
[step      470] t/d=   4.700 | task1=2.226969e-01 | task2=3.889306e-01 | F1=5.375744e-04 | m1²=0.980979 | m2²=0.003710 | eps_w1=3.854596e-02 | eps_w2=2.093267e+00
[step      475] t/d=   4.750 | task1=2.227070e-01 | task2=3.888660e-01 | F1=5.476267e-04 | m1²=0.980923 | m2²=0.003741 | eps_w1=3.862091e-02 | eps_w2=2.091779e+00
[step      480] t/d=   4.800 | task1=2.227265e-01 | task2=3.887144e-01 | F1=5.671497e-04 | m1²=0.980916 | m2²=0.003717 | eps_w1=3.853893e-02 | eps_w2=2.088145e+00
[step      485] t/d=   4.850 | task1=2.227390e-01 | task2=3.885772e-01 | F1=5.796405e-04 | m1²=0.980937 | m2²=0.003713 | eps_w1=3.842177e-02 | eps_w2=2.085025e+00
[step      490] t/d=   4.900 | task1=2.227461e-01 | task2=3.885227e-01 | F1=5.868242e-04 | m1²=0.981104 | m2²=0.003706 | eps_w1=3.803592e-02 | eps_w2=2.082877e+00
[step      495] t/d=   4.950 | task1=2.227460e-01 | task2=3.884257e-01 | F1=5.866786e-04 | m1²=0.981181 | m2²=0.003705 | eps_w1=3.782638e-02 | eps_w2=2.080417e+00
[step      500] t/d=   5.000 | task1=2.227852e-01 | task2=3.882489e-01 | F1=6.258725e-04 | m1²=0.981136 | m2²=0.003755 | eps_w1=3.784169e-02 | eps_w2=2.076720e+00
Saved checkpoint: results/quality_pretraining/finetunetask2_d100_T5/prestep_10000_task1step_100000_lr0p01_task1wseed21_task1sgdseed22_task2sgdseed42/checkpoints/step_000000500
[step      520] t/d=   5.200 | task1=2.228302e-01 | task2=3.877718e-01 | F1=6.708419e-04 | m1²=0.981130 | m2²=0.003765 | eps_w1=3.767029e-02 | eps_w2=2.066530e+00
[step      540] t/d=   5.400 | task1=2.228398e-01 | task2=3.874460e-01 | F1=6.804514e-04 | m1²=0.980896 | m2²=0.003807 | eps_w1=3.804372e-02 | eps_w2=2.060037e+00
[step      560] t/d=   5.600 | task1=2.228273e-01 | task2=3.871043e-01 | F1=6.679664e-04 | m1²=0.980775 | m2²=0.003858 | eps_w1=3.820806e-02 | eps_w2=2.053553e+00
[step      580] t/d=   5.800 | task1=2.229072e-01 | task2=3.866981e-01 | F1=7.478269e-04 | m1²=0.980846 | m2²=0.003841 | eps_w1=3.798451e-02 | eps_w2=2.043754e+00
[step      600] t/d=   6.000 | task1=2.229174e-01 | task2=3.863060e-01 | F1=7.580430e-04 | m1²=0.980659 | m2²=0.003884 | eps_w1=3.831704e-02 | eps_w2=2.035975e+00
[step      620] t/d=   6.200 | task1=2.229059e-01 | task2=3.859422e-01 | F1=7.465798e-04 | m1²=0.980634 | m2²=0.003909 | eps_w1=3.835610e-02 | eps_w2=2.028955e+00
[step      640] t/d=   6.400 | task1=2.229627e-01 | task2=3.855945e-01 | F1=8.033897e-04 | m1²=0.980497 | m2²=0.003911 | eps_w1=3.863855e-02 | eps_w2=2.021062e+00
[step      660] t/d=   6.600 | task1=2.229924e-01 | task2=3.852548e-01 | F1=8.331132e-04 | m1²=0.980499 | m2²=0.004034 | eps_w1=3.867495e-02 | eps_w2=2.013373e+00
[step      680] t/d=   6.800 | task1=2.230156e-01 | task2=3.849307e-01 | F1=8.562753e-04 | m1²=0.980394 | m2²=0.004003 | eps_w1=3.894418e-02 | eps_w2=2.005924e+00
[step      700] t/d=   7.000 | task1=2.231089e-01 | task2=3.844642e-01 | F1=9.495257e-04 | m1²=0.980088 | m2²=0.003978 | eps_w1=3.966224e-02 | eps_w2=1.995915e+00
[step      720] t/d=   7.200 | task1=2.231747e-01 | task2=3.840710e-01 | F1=1.015358e-03 | m1²=0.979954 | m2²=0.004032 | eps_w1=4.004406e-02 | eps_w2=1.988302e+00
[step      740] t/d=   7.400 | task1=2.232637e-01 | task2=3.837714e-01 | F1=1.104349e-03 | m1²=0.979841 | m2²=0.004117 | eps_w1=4.036454e-02 | eps_w2=1.982802e+00
[step      760] t/d=   7.600 | task1=2.232944e-01 | task2=3.834426e-01 | F1=1.135094e-03 | m1²=0.979582 | m2²=0.004171 | eps_w1=4.098156e-02 | eps_w2=1.977138e+00
[step      780] t/d=   7.800 | task1=2.233684e-01 | task2=3.829474e-01 | F1=1.209047e-03 | m1²=0.979344 | m2²=0.004204 | eps_w1=4.165502e-02 | eps_w2=1.968332e+00
[step      800] t/d=   8.000 | task1=2.234138e-01 | task2=3.826376e-01 | F1=1.254500e-03 | m1²=0.979267 | m2²=0.004183 | eps_w1=4.200149e-02 | eps_w2=1.961390e+00
[step      820] t/d=   8.200 | task1=2.234754e-01 | task2=3.821936e-01 | F1=1.316082e-03 | m1²=0.979089 | m2²=0.004326 | eps_w1=4.260654e-02 | eps_w2=1.952904e+00
[step      840] t/d=   8.400 | task1=2.235466e-01 | task2=3.817334e-01 | F1=1.387313e-03 | m1²=0.978926 | m2²=0.004406 | eps_w1=4.319713e-02 | eps_w2=1.944929e+00
[step      860] t/d=   8.600 | task1=2.236068e-01 | task2=3.813553e-01 | F1=1.447473e-03 | m1²=0.978844 | m2²=0.004475 | eps_w1=4.363543e-02 | eps_w2=1.937687e+00
[step      880] t/d=   8.800 | task1=2.236321e-01 | task2=3.810638e-01 | F1=1.472781e-03 | m1²=0.978723 | m2²=0.004533 | eps_w1=4.413162e-02 | eps_w2=1.931388e+00
[step      900] t/d=   9.000 | task1=2.236548e-01 | task2=3.806913e-01 | F1=1.495455e-03 | m1²=0.978474 | m2²=0.004538 | eps_w1=4.494126e-02 | eps_w2=1.923966e+00
[step      920] t/d=   9.200 | task1=2.237073e-01 | task2=3.804090e-01 | F1=1.547996e-03 | m1²=0.978424 | m2²=0.004491 | eps_w1=4.530219e-02 | eps_w2=1.918701e+00
[step      940] t/d=   9.400 | task1=2.237713e-01 | task2=3.800331e-01 | F1=1.612011e-03 | m1²=0.978459 | m2²=0.004520 | eps_w1=4.563490e-02 | eps_w2=1.911204e+00
[step      960] t/d=   9.600 | task1=2.238388e-01 | task2=3.796635e-01 | F1=1.679456e-03 | m1²=0.978351 | m2²=0.004551 | eps_w1=4.625019e-02 | eps_w2=1.903866e+00
[step      980] t/d=   9.800 | task1=2.239441e-01 | task2=3.793170e-01 | F1=1.784729e-03 | m1²=0.978184 | m2²=0.004565 | eps_w1=4.699504e-02 | eps_w2=1.896692e+00
[step     1000] t/d=  10.000 | task1=2.239732e-01 | task2=3.788915e-01 | F1=1.813892e-03 | m1²=0.978080 | m2²=0.004636 | eps_w1=4.772060e-02 | eps_w2=1.888347e+00
Saved checkpoint: results/quality_pretraining/finetunetask2_d100_T5/prestep_10000_task1step_100000_lr0p01_task1wseed21_task1sgdseed22_task2sgdseed42/checkpoints/step_000001000
[step     1020] t/d=  10.200 | task1=2.239888e-01 | task2=3.786910e-01 | F1=1.829483e-03 | m1²=0.977864 | m2²=0.004644 | eps_w1=4.836208e-02 | eps_w2=1.884689e+00
[step     1040] t/d=  10.400 | task1=2.239735e-01 | task2=3.785100e-01 | F1=1.814184e-03 | m1²=0.977749 | m2²=0.004774 | eps_w1=4.881964e-02 | eps_w2=1.880907e+00
[step     1060] t/d=  10.600 | task1=2.240211e-01 | task2=3.782066e-01 | F1=1.861765e-03 | m1²=0.977441 | m2²=0.004842 | eps_w1=4.973817e-02 | eps_w2=1.875833e+00
[step     1080] t/d=  10.800 | task1=2.240581e-01 | task2=3.779150e-01 | F1=1.898761e-03 | m1²=0.977297 | m2²=0.004984 | eps_w1=5.038259e-02 | eps_w2=1.870432e+00
[step     1100] t/d=  11.000 | task1=2.241347e-01 | task2=3.775085e-01 | F1=1.975391e-03 | m1²=0.977331 | m2²=0.004959 | eps_w1=5.089800e-02 | eps_w2=1.863144e+00
[step     1120] t/d=  11.200 | task1=2.241710e-01 | task2=3.773166e-01 | F1=2.011627e-03 | m1²=0.977368 | m2²=0.004963 | eps_w1=5.116038e-02 | eps_w2=1.859123e+00
[step     1140] t/d=  11.400 | task1=2.242894e-01 | task2=3.769037e-01 | F1=2.130122e-03 | m1²=0.977143 | m2²=0.005071 | eps_w1=5.218218e-02 | eps_w2=1.851671e+00
[step     1160] t/d=  11.600 | task1=2.243487e-01 | task2=3.766780e-01 | F1=2.189332e-03 | m1²=0.977073 | m2²=0.005098 | eps_w1=5.265581e-02 | eps_w2=1.847674e+00
[step     1180] t/d=  11.800 | task1=2.244064e-01 | task2=3.762313e-01 | F1=2.247109e-03 | m1²=0.976801 | m2²=0.005081 | eps_w1=5.384357e-02 | eps_w2=1.840028e+00
[step     1200] t/d=  12.000 | task1=2.244526e-01 | task2=3.759762e-01 | F1=2.293255e-03 | m1²=0.976580 | m2²=0.005095 | eps_w1=5.465235e-02 | eps_w2=1.835622e+00
[step     1220] t/d=  12.200 | task1=2.245174e-01 | task2=3.758067e-01 | F1=2.358099e-03 | m1²=0.976272 | m2²=0.005061 | eps_w1=5.543743e-02 | eps_w2=1.833192e+00
[step     1240] t/d=  12.400 | task1=2.245368e-01 | task2=3.756762e-01 | F1=2.377474e-03 | m1²=0.976300 | m2²=0.005232 | eps_w1=5.570930e-02 | eps_w2=1.829629e+00
[step     1260] t/d=  12.600 | task1=2.245848e-01 | task2=3.753950e-01 | F1=2.425489e-03 | m1²=0.976114 | m2²=0.005299 | eps_w1=5.653883e-02 | eps_w2=1.824541e+00
[step     1280] t/d=  12.800 | task1=2.246365e-01 | task2=3.751777e-01 | F1=2.477208e-03 | m1²=0.975968 | m2²=0.005385 | eps_w1=5.718370e-02 | eps_w2=1.820636e+00
[step     1300] t/d=  13.000 | task1=2.246721e-01 | task2=3.748675e-01 | F1=2.512801e-03 | m1²=0.975954 | m2²=0.005460 | eps_w1=5.781875e-02 | eps_w2=1.814756e+00
[step     1320] t/d=  13.200 | task1=2.247471e-01 | task2=3.744608e-01 | F1=2.587778e-03 | m1²=0.975782 | m2²=0.005412 | eps_w1=5.890419e-02 | eps_w2=1.807733e+00
[step     1340] t/d=  13.400 | task1=2.248535e-01 | task2=3.740015e-01 | F1=2.694147e-03 | m1²=0.975411 | m2²=0.005453 | eps_w1=6.043262e-02 | eps_w2=1.799965e+00
[step     1360] t/d=  13.600 | task1=2.248862e-01 | task2=3.738369e-01 | F1=2.726919e-03 | m1²=0.975296 | m2²=0.005572 | eps_w1=6.100613e-02 | eps_w2=1.796588e+00
[step     1380] t/d=  13.800 | task1=2.249417e-01 | task2=3.735740e-01 | F1=2.782372e-03 | m1²=0.975166 | m2²=0.005609 | eps_w1=6.171777e-02 | eps_w2=1.792487e+00
[step     1400] t/d=  14.000 | task1=2.249706e-01 | task2=3.733574e-01 | F1=2.811249e-03 | m1²=0.975237 | m2²=0.005660 | eps_w1=6.208181e-02 | eps_w2=1.788442e+00
[step     1420] t/d=  14.200 | task1=2.250813e-01 | task2=3.730319e-01 | F1=2.921981e-03 | m1²=0.975005 | m2²=0.005595 | eps_w1=6.328529e-02 | eps_w2=1.782188e+00
[step     1440] t/d=  14.400 | task1=2.251822e-01 | task2=3.726239e-01 | F1=3.022898e-03 | m1²=0.974965 | m2²=0.005712 | eps_w1=6.427336e-02 | eps_w2=1.774947e+00
[step     1460] t/d=  14.600 | task1=2.252376e-01 | task2=3.722628e-01 | F1=3.078288e-03 | m1²=0.974828 | m2²=0.005770 | eps_w1=6.539281e-02 | eps_w2=1.768297e+00
[step     1480] t/d=  14.800 | task1=2.252938e-01 | task2=3.720158e-01 | F1=3.134511e-03 | m1²=0.974739 | m2²=0.005860 | eps_w1=6.612523e-02 | eps_w2=1.763959e+00
[step     1500] t/d=  15.000 | task1=2.253846e-01 | task2=3.718018e-01 | F1=3.225250e-03 | m1²=0.974688 | m2²=0.005942 | eps_w1=6.681721e-02 | eps_w2=1.759548e+00
[step     1520] t/d=  15.200 | task1=2.254607e-01 | task2=3.714774e-01 | F1=3.301389e-03 | m1²=0.974559 | m2²=0.005929 | eps_w1=6.779854e-02 | eps_w2=1.754307e+00
[step     1540] t/d=  15.400 | task1=2.255130e-01 | task2=3.711849e-01 | F1=3.353642e-03 | m1²=0.974620 | m2²=0.006074 | eps_w1=6.843834e-02 | eps_w2=1.749061e+00
[step     1560] t/d=  15.600 | task1=2.255947e-01 | task2=3.707896e-01 | F1=3.435355e-03 | m1²=0.974438 | m2²=0.006201 | eps_w1=6.967730e-02 | eps_w2=1.742730e+00
[step     1580] t/d=  15.800 | task1=2.256757e-01 | task2=3.706005e-01 | F1=3.516340e-03 | m1²=0.974583 | m2²=0.006182 | eps_w1=7.003402e-02 | eps_w2=1.738924e+00
[step     1600] t/d=  16.000 | task1=2.257561e-01 | task2=3.702157e-01 | F1=3.596790e-03 | m1²=0.974230 | m2²=0.006290 | eps_w1=7.155267e-02 | eps_w2=1.732910e+00
[step     1620] t/d=  16.200 | task1=2.258806e-01 | task2=3.699244e-01 | F1=3.721264e-03 | m1²=0.973948 | m2²=0.006372 | eps_w1=7.283116e-02 | eps_w2=1.727808e+00
[step     1640] t/d=  16.400 | task1=2.259721e-01 | task2=3.695487e-01 | F1=3.812794e-03 | m1²=0.973825 | m2²=0.006360 | eps_w1=7.415025e-02 | eps_w2=1.721172e+00
[step     1660] t/d=  16.600 | task1=2.260140e-01 | task2=3.692335e-01 | F1=3.854707e-03 | m1²=0.973647 | m2²=0.006481 | eps_w1=7.527988e-02 | eps_w2=1.716090e+00
[step     1680] t/d=  16.800 | task1=2.260938e-01 | task2=3.688676e-01 | F1=3.934516e-03 | m1²=0.973442 | m2²=0.006467 | eps_w1=7.670053e-02 | eps_w2=1.709946e+00
[step     1700] t/d=  17.000 | task1=2.261764e-01 | task2=3.685265e-01 | F1=4.017090e-03 | m1²=0.973267 | m2²=0.006555 | eps_w1=7.802233e-02 | eps_w2=1.704049e+00
[step     1720] t/d=  17.200 | task1=2.262701e-01 | task2=3.683407e-01 | F1=4.110745e-03 | m1²=0.972986 | m2²=0.006614 | eps_w1=7.909880e-02 | eps_w2=1.700573e+00
[step     1740] t/d=  17.400 | task1=2.263739e-01 | task2=3.680418e-01 | F1=4.214606e-03 | m1²=0.972775 | m2²=0.006667 | eps_w1=8.032650e-02 | eps_w2=1.695744e+00
[step     1760] t/d=  17.600 | task1=2.264880e-01 | task2=3.676845e-01 | F1=4.328708e-03 | m1²=0.972568 | m2²=0.006704 | eps_w1=8.170365e-02 | eps_w2=1.690208e+00
[step     1780] t/d=  17.800 | task1=2.265646e-01 | task2=3.675750e-01 | F1=4.405291e-03 | m1²=0.972524 | m2²=0.006630 | eps_w1=8.234971e-02 | eps_w2=1.687358e+00
[step     1800] t/d=  18.000 | task1=2.266358e-01 | task2=3.673507e-01 | F1=4.476495e-03 | m1²=0.972383 | m2²=0.006660 | eps_w1=8.340470e-02 | eps_w2=1.683097e+00
[step     1820] t/d=  18.200 | task1=2.267942e-01 | task2=3.670582e-01 | F1=4.634847e-03 | m1²=0.972132 | m2²=0.006607 | eps_w1=8.492222e-02 | eps_w2=1.677616e+00
[step     1840] t/d=  18.400 | task1=2.268643e-01 | task2=3.668875e-01 | F1=4.705009e-03 | m1²=0.972046 | m2²=0.006593 | eps_w1=8.576162e-02 | eps_w2=1.674190e+00
[step     1860] t/d=  18.600 | task1=2.269473e-01 | task2=3.666095e-01 | F1=4.787986e-03 | m1²=0.971868 | m2²=0.006590 | eps_w1=8.701969e-02 | eps_w2=1.669490e+00
[step     1880] t/d=  18.800 | task1=2.270064e-01 | task2=3.664859e-01 | F1=4.847094e-03 | m1²=0.971738 | m2²=0.006665 | eps_w1=8.763472e-02 | eps_w2=1.667419e+00
[step     1900] t/d=  19.000 | task1=2.271062e-01 | task2=3.661203e-01 | F1=4.946847e-03 | m1²=0.971708 | m2²=0.006784 | eps_w1=8.901971e-02 | eps_w2=1.660951e+00
[step     1920] t/d=  19.200 | task1=2.272412e-01 | task2=3.657698e-01 | F1=5.081921e-03 | m1²=0.971591 | m2²=0.006778 | eps_w1=9.041334e-02 | eps_w2=1.655416e+00
[step     1940] t/d=  19.400 | task1=2.272796e-01 | task2=3.654654e-01 | F1=5.120267e-03 | m1²=0.971126 | m2²=0.006951 | eps_w1=9.192698e-02 | eps_w2=1.651607e+00
[step     1960] t/d=  19.600 | task1=2.273513e-01 | task2=3.652494e-01 | F1=5.191977e-03 | m1²=0.971355 | m2²=0.006965 | eps_w1=9.250527e-02 | eps_w2=1.647421e+00
[step     1980] t/d=  19.800 | task1=2.274096e-01 | task2=3.650637e-01 | F1=5.250278e-03 | m1²=0.971336 | m2²=0.007088 | eps_w1=9.331166e-02 | eps_w2=1.643828e+00
[step     2000] t/d=  20.000 | task1=2.275671e-01 | task2=3.646332e-01 | F1=5.407738e-03 | m1²=0.971031 | m2²=0.007122 | eps_w1=9.535928e-02 | eps_w2=1.637020e+00
Saved checkpoint: results/quality_pretraining/finetunetask2_d100_T5/prestep_10000_task1step_100000_lr0p01_task1wseed21_task1sgdseed22_task2sgdseed42/checkpoints/step_000002000
[step     2050] t/d=  20.500 | task1=2.277942e-01 | task2=3.638927e-01 | F1=5.634832e-03 | m1²=0.970637 | m2²=0.007285 | eps_w1=9.872528e-02 | eps_w2=1.625321e+00
[step     2100] t/d=  21.000 | task1=2.280310e-01 | task2=3.631298e-01 | F1=5.871645e-03 | m1²=0.970471 | m2²=0.007177 | eps_w1=1.022845e-01 | eps_w2=1.612388e+00
[step     2150] t/d=  21.500 | task1=2.284706e-01 | task2=3.623338e-01 | F1=6.311225e-03 | m1²=0.969939 | m2²=0.007406 | eps_w1=1.065969e-01 | eps_w2=1.598768e+00
[step     2200] t/d=  22.000 | task1=2.286677e-01 | task2=3.617474e-01 | F1=6.508395e-03 | m1²=0.969228 | m2²=0.007604 | eps_w1=1.100768e-01 | eps_w2=1.589682e+00
[step     2250] t/d=  22.500 | task1=2.289717e-01 | task2=3.611590e-01 | F1=6.812412e-03 | m1²=0.969225 | m2²=0.007680 | eps_w1=1.131289e-01 | eps_w2=1.578846e+00
[step     2300] t/d=  23.000 | task1=2.292331e-01 | task2=3.604663e-01 | F1=7.073732e-03 | m1²=0.968901 | m2²=0.007772 | eps_w1=1.168020e-01 | eps_w2=1.567894e+00
[step     2350] t/d=  23.500 | task1=2.295497e-01 | task2=3.596860e-01 | F1=7.390338e-03 | m1²=0.968096 | m2²=0.008262 | eps_w1=1.212923e-01 | eps_w2=1.556342e+00
[step     2400] t/d=  24.000 | task1=2.298186e-01 | task2=3.590226e-01 | F1=7.659246e-03 | m1²=0.967437 | m2²=0.008506 | eps_w1=1.249916e-01 | eps_w2=1.547305e+00
[step     2450] t/d=  24.500 | task1=2.301972e-01 | task2=3.583242e-01 | F1=8.037919e-03 | m1²=0.967118 | m2²=0.008525 | eps_w1=1.289901e-01 | eps_w2=1.536459e+00
[step     2500] t/d=  25.000 | task1=2.304613e-01 | task2=3.577276e-01 | F1=8.302010e-03 | m1²=0.966547 | m2²=0.008820 | eps_w1=1.326272e-01 | eps_w2=1.527664e+00
[step     2550] t/d=  25.500 | task1=2.307294e-01 | task2=3.570835e-01 | F1=8.570088e-03 | m1²=0.966097 | m2²=0.009033 | eps_w1=1.366283e-01 | eps_w2=1.517687e+00
[step     2600] t/d=  26.000 | task1=2.310730e-01 | task2=3.563755e-01 | F1=8.913722e-03 | m1²=0.965430 | m2²=0.009092 | eps_w1=1.413995e-01 | eps_w2=1.506939e+00
[step     2650] t/d=  26.500 | task1=2.313208e-01 | task2=3.557862e-01 | F1=9.161485e-03 | m1²=0.964480 | m2²=0.009395 | eps_w1=1.452758e-01 | eps_w2=1.499588e+00
[step     2700] t/d=  27.000 | task1=2.315845e-01 | task2=3.553288e-01 | F1=9.425127e-03 | m1²=0.964085 | m2²=0.009575 | eps_w1=1.482253e-01 | eps_w2=1.492969e+00
[step     2750] t/d=  27.500 | task1=2.318091e-01 | task2=3.548408e-01 | F1=9.649818e-03 | m1²=0.963362 | m2²=0.009983 | eps_w1=1.517416e-01 | eps_w2=1.485845e+00
[step     2800] t/d=  28.000 | task1=2.320929e-01 | task2=3.541899e-01 | F1=9.933592e-03 | m1²=0.962570 | m2²=0.010218 | eps_w1=1.562022e-01 | eps_w2=1.476952e+00
[step     2850] t/d=  28.500 | task1=2.323856e-01 | task2=3.537153e-01 | F1=1.022623e-02 | m1²=0.962230 | m2²=0.010450 | eps_w1=1.594904e-01 | eps_w2=1.469651e+00
[step     2900] t/d=  29.000 | task1=2.327352e-01 | task2=3.529582e-01 | F1=1.057589e-02 | m1²=0.961193 | m2²=0.011049 | eps_w1=1.648375e-01 | eps_w2=1.459309e+00
[step     2950] t/d=  29.500 | task1=2.329675e-01 | task2=3.524126e-01 | F1=1.080822e-02 | m1²=0.960850 | m2²=0.011476 | eps_w1=1.680700e-01 | eps_w2=1.452229e+00
[step     3000] t/d=  30.000 | task1=2.331720e-01 | task2=3.519814e-01 | F1=1.101264e-02 | m1²=0.960420 | m2²=0.011645 | eps_w1=1.709178e-01 | eps_w2=1.446767e+00
[step     3050] t/d=  30.500 | task1=2.336279e-01 | task2=3.511492e-01 | F1=1.146858e-02 | m1²=0.959098 | m2²=0.011761 | eps_w1=1.774862e-01 | eps_w2=1.435778e+00
[step     3100] t/d=  31.000 | task1=2.338578e-01 | task2=3.506404e-01 | F1=1.169852e-02 | m1²=0.958772 | m2²=0.011835 | eps_w1=1.810670e-01 | eps_w2=1.428813e+00
[step     3150] t/d=  31.500 | task1=2.340907e-01 | task2=3.502273e-01 | F1=1.193140e-02 | m1²=0.957792 | m2²=0.012086 | eps_w1=1.845409e-01 | eps_w2=1.423746e+00
[step     3200] t/d=  32.000 | task1=2.343699e-01 | task2=3.498044e-01 | F1=1.221059e-02 | m1²=0.957242 | m2²=0.012006 | eps_w1=1.883545e-01 | eps_w2=1.417327e+00
[step     3250] t/d=  32.500 | task1=2.347039e-01 | task2=3.493034e-01 | F1=1.254456e-02 | m1²=0.956645 | m2²=0.012070 | eps_w1=1.923495e-01 | eps_w2=1.410592e+00
[step     3300] t/d=  33.000 | task1=2.349592e-01 | task2=3.488999e-01 | F1=1.279987e-02 | m1²=0.956254 | m2²=0.012281 | eps_w1=1.956587e-01 | eps_w2=1.404650e+00
[step     3350] t/d=  33.500 | task1=2.351904e-01 | task2=3.485319e-01 | F1=1.303109e-02 | m1²=0.955727 | m2²=0.012321 | eps_w1=1.987133e-01 | eps_w2=1.399856e+00
[step     3400] t/d=  34.000 | task1=2.355663e-01 | task2=3.479486e-01 | F1=1.340700e-02 | m1²=0.955247 | m2²=0.012652 | eps_w1=2.035645e-01 | eps_w2=1.391196e+00
[step     3450] t/d=  34.500 | task1=2.358225e-01 | task2=3.474928e-01 | F1=1.366320e-02 | m1²=0.954466 | m2²=0.013059 | eps_w1=2.075105e-01 | eps_w2=1.385030e+00
[step     3500] t/d=  35.000 | task1=2.361891e-01 | task2=3.469367e-01 | F1=1.402981e-02 | m1²=0.954084 | m2²=0.013221 | eps_w1=2.120831e-01 | eps_w2=1.377233e+00
[step     3550] t/d=  35.500 | task1=2.365848e-01 | task2=3.463791e-01 | F1=1.442551e-02 | m1²=0.953513 | m2²=0.013595 | eps_w1=2.168524e-01 | eps_w2=1.369414e+00
[step     3600] t/d=  36.000 | task1=2.368184e-01 | task2=3.459466e-01 | F1=1.465908e-02 | m1²=0.952806 | m2²=0.013933 | eps_w1=2.203573e-01 | eps_w2=1.364298e+00
[step     3650] t/d=  36.500 | task1=2.371372e-01 | task2=3.455437e-01 | F1=1.497787e-02 | m1²=0.951734 | m2²=0.014093 | eps_w1=2.244944e-01 | eps_w2=1.359121e+00
[step     3700] t/d=  37.000 | task1=2.375622e-01 | task2=3.450379e-01 | F1=1.540289e-02 | m1²=0.950566 | m2²=0.014553 | eps_w1=2.292900e-01 | eps_w2=1.352714e+00
[step     3750] t/d=  37.500 | task1=2.379034e-01 | task2=3.445826e-01 | F1=1.574411e-02 | m1²=0.949484 | m2²=0.015046 | eps_w1=2.338911e-01 | eps_w2=1.346518e+00
[step     3800] t/d=  38.000 | task1=2.382108e-01 | task2=3.442427e-01 | F1=1.605147e-02 | m1²=0.949045 | m2²=0.015404 | eps_w1=2.373014e-01 | eps_w2=1.341305e+00
[step     3850] t/d=  38.500 | task1=2.385485e-01 | task2=3.437429e-01 | F1=1.638915e-02 | m1²=0.947849 | m2²=0.015932 | eps_w1=2.421517e-01 | eps_w2=1.335050e+00
[step     3900] t/d=  39.000 | task1=2.388082e-01 | task2=3.433892e-01 | F1=1.664888e-02 | m1²=0.947202 | m2²=0.016163 | eps_w1=2.454937e-01 | eps_w2=1.330631e+00
[step     3950] t/d=  39.500 | task1=2.390941e-01 | task2=3.429422e-01 | F1=1.693473e-02 | m1²=0.946626 | m2²=0.016533 | eps_w1=2.493508e-01 | eps_w2=1.325174e+00
[step     4000] t/d=  40.000 | task1=2.392117e-01 | task2=3.427632e-01 | F1=1.705235e-02 | m1²=0.946019 | m2²=0.016741 | eps_w1=2.510656e-01 | eps_w2=1.323334e+00
[step     4050] t/d=  40.500 | task1=2.395536e-01 | task2=3.423921e-01 | F1=1.739425e-02 | m1²=0.945454 | m2²=0.016821 | eps_w1=2.546654e-01 | eps_w2=1.318693e+00
[step     4100] t/d=  41.000 | task1=2.399018e-01 | task2=3.419093e-01 | F1=1.774250e-02 | m1²=0.943626 | m2²=0.017557 | eps_w1=2.594155e-01 | eps_w2=1.313743e+00
[step     4150] t/d=  41.500 | task1=2.401033e-01 | task2=3.416171e-01 | F1=1.794401e-02 | m1²=0.942799 | m2²=0.017775 | eps_w1=2.623131e-01 | eps_w2=1.310530e+00
[step     4200] t/d=  42.000 | task1=2.404857e-01 | task2=3.411063e-01 | F1=1.832640e-02 | m1²=0.941579 | m2²=0.018076 | eps_w1=2.672746e-01 | eps_w2=1.304849e+00
[step     4250] t/d=  42.500 | task1=2.407588e-01 | task2=3.407960e-01 | F1=1.859952e-02 | m1²=0.941104 | m2²=0.017853 | eps_w1=2.707072e-01 | eps_w2=1.300875e+00
[step     4300] t/d=  43.000 | task1=2.410155e-01 | task2=3.404998e-01 | F1=1.885622e-02 | m1²=0.940842 | m2²=0.017983 | eps_w1=2.738575e-01 | eps_w2=1.296629e+00
[step     4350] t/d=  43.500 | task1=2.412073e-01 | task2=3.402796e-01 | F1=1.904794e-02 | m1²=0.940666 | m2²=0.018045 | eps_w1=2.763351e-01 | eps_w2=1.293334e+00
[step     4400] t/d=  44.000 | task1=2.415184e-01 | task2=3.398956e-01 | F1=1.935906e-02 | m1²=0.939741 | m2²=0.018322 | eps_w1=2.803663e-01 | eps_w2=1.288798e+00
[step     4450] t/d=  44.500 | task1=2.418547e-01 | task2=3.395170e-01 | F1=1.969533e-02 | m1²=0.939099 | m2²=0.018731 | eps_w1=2.841852e-01 | eps_w2=1.284053e+00
[step     4500] t/d=  45.000 | task1=2.422056e-01 | task2=3.391424e-01 | F1=2.004626e-02 | m1²=0.938366 | m2²=0.018908 | eps_w1=2.882841e-01 | eps_w2=1.279380e+00
[step     4550] t/d=  45.500 | task1=2.424592e-01 | task2=3.388404e-01 | F1=2.029987e-02 | m1²=0.936976 | m2²=0.019419 | eps_w1=2.916663e-01 | eps_w2=1.276265e+00
[step     4600] t/d=  46.000 | task1=2.428672e-01 | task2=3.384462e-01 | F1=2.070792e-02 | m1²=0.936660 | m2²=0.019244 | eps_w1=2.964742e-01 | eps_w2=1.270583e+00
[step     4650] t/d=  46.500 | task1=2.430501e-01 | task2=3.382287e-01 | F1=2.089078e-02 | m1²=0.935865 | m2²=0.019504 | eps_w1=2.990397e-01 | eps_w2=1.268054e+00
[step     4700] t/d=  47.000 | task1=2.432977e-01 | task2=3.379279e-01 | F1=2.113836e-02 | m1²=0.934798 | m2²=0.019597 | eps_w1=3.024959e-01 | eps_w2=1.264940e+00
[step     4750] t/d=  47.500 | task1=2.435733e-01 | task2=3.376219e-01 | F1=2.141395e-02 | m1²=0.933899 | m2²=0.019981 | eps_w1=3.057772e-01 | eps_w2=1.261545e+00
[step     4800] t/d=  48.000 | task1=2.438674e-01 | task2=3.372870e-01 | F1=2.170807e-02 | m1²=0.933728 | m2²=0.020303 | eps_w1=3.092874e-01 | eps_w2=1.257035e+00
[step     4850] t/d=  48.500 | task1=2.443563e-01 | task2=3.367059e-01 | F1=2.219694e-02 | m1²=0.932240 | m2²=0.020841 | eps_w1=3.158862e-01 | eps_w2=1.250237e+00
[step     4900] t/d=  49.000 | task1=2.446147e-01 | task2=3.364693e-01 | F1=2.245536e-02 | m1²=0.931546 | m2²=0.020855 | eps_w1=3.187471e-01 | eps_w2=1.247617e+00
[step     4950] t/d=  49.500 | task1=2.449004e-01 | task2=3.361621e-01 | F1=2.274110e-02 | m1²=0.931253 | m2²=0.021647 | eps_w1=3.216737e-01 | eps_w2=1.243664e+00
[step     5000] t/d=  50.000 | task1=2.452778e-01 | task2=3.357923e-01 | F1=2.311846e-02 | m1²=0.929894 | m2²=0.021985 | eps_w1=3.259260e-01 | eps_w2=1.239906e+00
Saved checkpoint: results/quality_pretraining/finetunetask2_d100_T5/prestep_10000_task1step_100000_lr0p01_task1wseed21_task1sgdseed22_task2sgdseed42/checkpoints/step_000005000
[step     5050] t/d=  50.500 | task1=2.455752e-01 | task2=3.354978e-01 | F1=2.341584e-02 | m1²=0.929709 | m2²=0.021901 | eps_w1=3.295802e-01 | eps_w2=1.235976e+00
[step     5100] t/d=  51.000 | task1=2.460745e-01 | task2=3.350988e-01 | F1=2.391516e-02 | m1²=0.928748 | m2²=0.022250 | eps_w1=3.349408e-01 | eps_w2=1.230602e+00
[step     5150] t/d=  51.500 | task1=2.464473e-01 | task2=3.347453e-01 | F1=2.428801e-02 | m1²=0.927859 | m2²=0.022381 | eps_w1=3.391538e-01 | eps_w2=1.226728e+00
[step     5200] t/d=  52.000 | task1=2.467229e-01 | task2=3.344465e-01 | F1=2.456356e-02 | m1²=0.927313 | m2²=0.022577 | eps_w1=3.426456e-01 | eps_w2=1.223271e+00
[step     5250] t/d=  52.500 | task1=2.469570e-01 | task2=3.341990e-01 | F1=2.479769e-02 | m1²=0.926513 | m2²=0.022984 | eps_w1=3.459199e-01 | eps_w2=1.220140e+00
[step     5300] t/d=  53.000 | task1=2.472546e-01 | task2=3.339589e-01 | F1=2.509532e-02 | m1²=0.925567 | m2²=0.023098 | eps_w1=3.494815e-01 | eps_w2=1.217168e+00
[step     5350] t/d=  53.500 | task1=2.475319e-01 | task2=3.337048e-01 | F1=2.537261e-02 | m1²=0.924595 | m2²=0.023585 | eps_w1=3.528404e-01 | eps_w2=1.214096e+00
[step     5400] t/d=  54.000 | task1=2.477968e-01 | task2=3.334297e-01 | F1=2.563744e-02 | m1²=0.923555 | m2²=0.023966 | eps_w1=3.561974e-01 | eps_w2=1.211222e+00
[step     5450] t/d=  54.500 | task1=2.481255e-01 | task2=3.331427e-01 | F1=2.596615e-02 | m1²=0.922994 | m2²=0.024132 | eps_w1=3.599264e-01 | eps_w2=1.207734e+00
[step     5500] t/d=  55.000 | task1=2.484533e-01 | task2=3.328524e-01 | F1=2.629395e-02 | m1²=0.922524 | m2²=0.024654 | eps_w1=3.634097e-01 | eps_w2=1.204117e+00
[step     5550] t/d=  55.500 | task1=2.489015e-01 | task2=3.324359e-01 | F1=2.674219e-02 | m1²=0.921076 | m2²=0.024747 | eps_w1=3.690813e-01 | eps_w2=1.199655e+00
[step     5600] t/d=  56.000 | task1=2.492312e-01 | task2=3.321415e-01 | F1=2.707183e-02 | m1²=0.920534 | m2²=0.024970 | eps_w1=3.730479e-01 | eps_w2=1.196010e+00
[step     5650] t/d=  56.500 | task1=2.494322e-01 | task2=3.319577e-01 | F1=2.727289e-02 | m1²=0.919978 | m2²=0.025170 | eps_w1=3.757757e-01 | eps_w2=1.193649e+00
[step     5700] t/d=  57.000 | task1=2.496673e-01 | task2=3.317501e-01 | F1=2.750798e-02 | m1²=0.919060 | m2²=0.025657 | eps_w1=3.789324e-01 | eps_w2=1.190940e+00
[step     5750] t/d=  57.500 | task1=2.499244e-01 | task2=3.314701e-01 | F1=2.776506e-02 | m1²=0.918065 | m2²=0.026695 | eps_w1=3.819442e-01 | eps_w2=1.187947e+00
[step     5800] t/d=  58.000 | task1=2.501298e-01 | task2=3.312462e-01 | F1=2.797044e-02 | m1²=0.917177 | m2²=0.027039 | eps_w1=3.848237e-01 | eps_w2=1.185648e+00
[step     5850] t/d=  58.500 | task1=2.504675e-01 | task2=3.309591e-01 | F1=2.830818e-02 | m1²=0.916485 | m2²=0.027514 | eps_w1=3.884460e-01 | eps_w2=1.182391e+00
[step     5900] t/d=  59.000 | task1=2.506770e-01 | task2=3.307891e-01 | F1=2.851765e-02 | m1²=0.915675 | m2²=0.027535 | eps_w1=3.909063e-01 | eps_w2=1.180749e+00
[step     5950] t/d=  59.500 | task1=2.510364e-01 | task2=3.304774e-01 | F1=2.887706e-02 | m1²=0.914623 | m2²=0.028015 | eps_w1=3.950534e-01 | eps_w2=1.177351e+00
[step     6000] t/d=  60.000 | task1=2.512338e-01 | task2=3.302865e-01 | F1=2.907452e-02 | m1²=0.913428 | m2²=0.028599 | eps_w1=3.977495e-01 | eps_w2=1.175318e+00
[step     6050] t/d=  60.500 | task1=2.515836e-01 | task2=3.299652e-01 | F1=2.942432e-02 | m1²=0.912324 | m2²=0.029464 | eps_w1=4.018372e-01 | eps_w2=1.171727e+00
[step     6100] t/d=  61.000 | task1=2.518699e-01 | task2=3.296903e-01 | F1=2.971054e-02 | m1²=0.911363 | m2²=0.030185 | eps_w1=4.052644e-01 | eps_w2=1.168777e+00
[step     6150] t/d=  61.500 | task1=2.520960e-01 | task2=3.294374e-01 | F1=2.993665e-02 | m1²=0.909883 | m2²=0.030349 | eps_w1=4.085490e-01 | eps_w2=1.166853e+00
[step     6200] t/d=  62.000 | task1=2.522973e-01 | task2=3.292594e-01 | F1=3.013802e-02 | m1²=0.909305 | m2²=0.031033 | eps_w1=4.105312e-01 | eps_w2=1.164950e+00
[step     6250] t/d=  62.500 | task1=2.525838e-01 | task2=3.289466e-01 | F1=3.042447e-02 | m1²=0.907670 | m2²=0.032181 | eps_w1=4.140107e-01 | eps_w2=1.162129e+00
[step     6300] t/d=  63.000 | task1=2.529564e-01 | task2=3.286633e-01 | F1=3.079712e-02 | m1²=0.906480 | m2²=0.032646 | eps_w1=4.183537e-01 | eps_w2=1.158867e+00
[step     6350] t/d=  63.500 | task1=2.533069e-01 | task2=3.284161e-01 | F1=3.114755e-02 | m1²=0.906120 | m2²=0.032920 | eps_w1=4.219848e-01 | eps_w2=1.155828e+00
[step     6400] t/d=  64.000 | task1=2.534716e-01 | task2=3.282426e-01 | F1=3.131232e-02 | m1²=0.904495 | m2²=0.033866 | eps_w1=4.243948e-01 | eps_w2=1.154127e+00
[step     6450] t/d=  64.500 | task1=2.537859e-01 | task2=3.279621e-01 | F1=3.162659e-02 | m1²=0.903432 | m2²=0.034621 | eps_w1=4.281605e-01 | eps_w2=1.151096e+00
[step     6500] t/d=  65.000 | task1=2.541564e-01 | task2=3.276412e-01 | F1=3.199709e-02 | m1²=0.902392 | m2²=0.035211 | eps_w1=4.324556e-01 | eps_w2=1.147792e+00
[step     6550] t/d=  65.500 | task1=2.545119e-01 | task2=3.273574e-01 | F1=3.235261e-02 | m1²=0.901118 | m2²=0.036114 | eps_w1=4.365345e-01 | eps_w2=1.144590e+00
[step     6600] t/d=  66.000 | task1=2.547514e-01 | task2=3.271647e-01 | F1=3.259204e-02 | m1²=0.899753 | m2²=0.037284 | eps_w1=4.392378e-01 | eps_w2=1.142341e+00
[step     6650] t/d=  66.500 | task1=2.549779e-01 | task2=3.269894e-01 | F1=3.281859e-02 | m1²=0.898748 | m2²=0.037673 | eps_w1=4.419580e-01 | eps_w2=1.140511e+00
[step     6700] t/d=  67.000 | task1=2.551940e-01 | task2=3.268623e-01 | F1=3.303463e-02 | m1²=0.898770 | m2²=0.037502 | eps_w1=4.441003e-01 | eps_w2=1.138970e+00
[step     6750] t/d=  67.500 | task1=2.554827e-01 | task2=3.266529e-01 | F1=3.332340e-02 | m1²=0.897455 | m2²=0.038387 | eps_w1=4.473849e-01 | eps_w2=1.136511e+00
[step     6800] t/d=  68.000 | task1=2.557235e-01 | task2=3.264628e-01 | F1=3.356420e-02 | m1²=0.896381 | m2²=0.038896 | eps_w1=4.502450e-01 | eps_w2=1.134557e+00
[step     6850] t/d=  68.500 | task1=2.560293e-01 | task2=3.262378e-01 | F1=3.387001e-02 | m1²=0.894744 | m2²=0.039760 | eps_w1=4.537259e-01 | eps_w2=1.132190e+00
[step     6900] t/d=  69.000 | task1=2.562310e-01 | task2=3.260742e-01 | F1=3.407169e-02 | m1²=0.893571 | m2²=0.040810 | eps_w1=4.558875e-01 | eps_w2=1.130404e+00
[step     6950] t/d=  69.500 | task1=2.564435e-01 | task2=3.259103e-01 | F1=3.428416e-02 | m1²=0.892142 | m2²=0.041426 | eps_w1=4.585746e-01 | eps_w2=1.128730e+00
[step     7000] t/d=  70.000 | task1=2.568517e-01 | task2=3.256181e-01 | F1=3.469236e-02 | m1²=0.890664 | m2²=0.042407 | eps_w1=4.628469e-01 | eps_w2=1.125633e+00
[step     7050] t/d=  70.500 | task1=2.570793e-01 | task2=3.254536e-01 | F1=3.491994e-02 | m1²=0.889540 | m2²=0.043260 | eps_w1=4.654534e-01 | eps_w2=1.123682e+00
[step     7100] t/d=  71.000 | task1=2.572987e-01 | task2=3.252944e-01 | F1=3.513935e-02 | m1²=0.888025 | m2²=0.044043 | eps_w1=4.681600e-01 | eps_w2=1.121939e+00
[step     7150] t/d=  71.500 | task1=2.576200e-01 | task2=3.250521e-01 | F1=3.546070e-02 | m1²=0.886682 | m2²=0.045306 | eps_w1=4.714375e-01 | eps_w2=1.119323e+00
[step     7200] t/d=  72.000 | task1=2.579379e-01 | task2=3.248824e-01 | F1=3.577862e-02 | m1²=0.885791 | m2²=0.046041 | eps_w1=4.746146e-01 | eps_w2=1.116973e+00
[step     7250] t/d=  72.500 | task1=2.580606e-01 | task2=3.247800e-01 | F1=3.590131e-02 | m1²=0.884251 | m2²=0.046591 | eps_w1=4.765413e-01 | eps_w2=1.116003e+00
[step     7300] t/d=  73.000 | task1=2.583323e-01 | task2=3.245254e-01 | F1=3.617294e-02 | m1²=0.883038 | m2²=0.048005 | eps_w1=4.796234e-01 | eps_w2=1.113386e+00
[step     7350] t/d=  73.500 | task1=2.585822e-01 | task2=3.243638e-01 | F1=3.642288e-02 | m1²=0.881779 | m2²=0.048353 | eps_w1=4.824665e-01 | eps_w2=1.111801e+00
[step     7400] t/d=  74.000 | task1=2.588629e-01 | task2=3.241787e-01 | F1=3.670353e-02 | m1²=0.880536 | m2²=0.048862 | eps_w1=4.857229e-01 | eps_w2=1.109811e+00
[step     7450] t/d=  74.500 | task1=2.590940e-01 | task2=3.240097e-01 | F1=3.693464e-02 | m1²=0.879414 | m2²=0.049289 | eps_w1=4.882196e-01 | eps_w2=1.108352e+00
[step     7500] t/d=  75.000 | task1=2.593082e-01 | task2=3.238385e-01 | F1=3.714884e-02 | m1²=0.878176 | m2²=0.050039 | eps_w1=4.906751e-01 | eps_w2=1.106739e+00
[step     7550] t/d=  75.500 | task1=2.595015e-01 | task2=3.236867e-01 | F1=3.734213e-02 | m1²=0.876851 | m2²=0.050559 | eps_w1=4.929930e-01 | eps_w2=1.105441e+00
[step     7600] t/d=  76.000 | task1=2.597972e-01 | task2=3.235104e-01 | F1=3.763784e-02 | m1²=0.875401 | m2²=0.051130 | eps_w1=4.962889e-01 | eps_w2=1.103523e+00
[step     7650] t/d=  76.500 | task1=2.599422e-01 | task2=3.233864e-01 | F1=3.778288e-02 | m1²=0.874186 | m2²=0.051379 | eps_w1=4.981164e-01 | eps_w2=1.102712e+00
[step     7700] t/d=  77.000 | task1=2.601805e-01 | task2=3.232369e-01 | F1=3.802121e-02 | m1²=0.873116 | m2²=0.051858 | eps_w1=5.008898e-01 | eps_w2=1.101042e+00
[step     7750] t/d=  77.500 | task1=2.604179e-01 | task2=3.230351e-01 | F1=3.825862e-02 | m1²=0.871563 | m2²=0.052643 | eps_w1=5.037422e-01 | eps_w2=1.099328e+00
[step     7800] t/d=  78.000 | task1=2.606181e-01 | task2=3.228632e-01 | F1=3.845881e-02 | m1²=0.870162 | m2²=0.053617 | eps_w1=5.057223e-01 | eps_w2=1.097974e+00
[step     7850] t/d=  78.500 | task1=2.607958e-01 | task2=3.226625e-01 | F1=3.863644e-02 | m1²=0.868266 | m2²=0.054586 | eps_w1=5.081365e-01 | eps_w2=1.096575e+00
[step     7900] t/d=  79.000 | task1=2.608854e-01 | task2=3.225480e-01 | F1=3.872611e-02 | m1²=0.866615 | m2²=0.055527 | eps_w1=5.095780e-01 | eps_w2=1.095709e+00
[step     7950] t/d=  79.500 | task1=2.611677e-01 | task2=3.223798e-01 | F1=3.900832e-02 | m1²=0.864982 | m2²=0.056294 | eps_w1=5.126171e-01 | eps_w2=1.093948e+00
[step     8000] t/d=  80.000 | task1=2.614030e-01 | task2=3.222339e-01 | F1=3.924363e-02 | m1²=0.864175 | m2²=0.056712 | eps_w1=5.150237e-01 | eps_w2=1.092483e+00
[step     8050] t/d=  80.500 | task1=2.615120e-01 | task2=3.221528e-01 | F1=3.935272e-02 | m1²=0.862576 | m2²=0.057261 | eps_w1=5.165894e-01 | eps_w2=1.091805e+00
[step     8100] t/d=  81.000 | task1=2.617623e-01 | task2=3.219731e-01 | F1=3.960299e-02 | m1²=0.861620 | m2²=0.058003 | eps_w1=5.195387e-01 | eps_w2=1.089844e+00
[step     8150] t/d=  81.500 | task1=2.619643e-01 | task2=3.218234e-01 | F1=3.980502e-02 | m1²=0.860203 | m2²=0.058632 | eps_w1=5.220681e-01 | eps_w2=1.088437e+00
[step     8200] t/d=  82.000 | task1=2.622377e-01 | task2=3.216523e-01 | F1=4.007835e-02 | m1²=0.858877 | m2²=0.059664 | eps_w1=5.247413e-01 | eps_w2=1.086621e+00
[step     8250] t/d=  82.500 | task1=2.624520e-01 | task2=3.214664e-01 | F1=4.029272e-02 | m1²=0.857557 | m2²=0.060678 | eps_w1=5.274887e-01 | eps_w2=1.084782e+00
[step     8300] t/d=  83.000 | task1=2.628080e-01 | task2=3.212542e-01 | F1=4.064867e-02 | m1²=0.855057 | m2²=0.061428 | eps_w1=5.312424e-01 | eps_w2=1.083025e+00
[step     8350] t/d=  83.500 | task1=2.630129e-01 | task2=3.211204e-01 | F1=4.085356e-02 | m1²=0.853832 | m2²=0.062648 | eps_w1=5.332118e-01 | eps_w2=1.081485e+00
[step     8400] t/d=  84.000 | task1=2.632483e-01 | task2=3.209433e-01 | F1=4.108897e-02 | m1²=0.852069 | m2²=0.063699 | eps_w1=5.362704e-01 | eps_w2=1.079646e+00
[step     8450] t/d=  84.500 | task1=2.635755e-01 | task2=3.206804e-01 | F1=4.141615e-02 | m1²=0.849641 | m2²=0.065321 | eps_w1=5.400714e-01 | eps_w2=1.077248e+00
[step     8500] t/d=  85.000 | task1=2.637159e-01 | task2=3.205776e-01 | F1=4.155655e-02 | m1²=0.848411 | m2²=0.066002 | eps_w1=5.416831e-01 | eps_w2=1.076319e+00
[step     8550] t/d=  85.500 | task1=2.639551e-01 | task2=3.204399e-01 | F1=4.179581e-02 | m1²=0.846943 | m2²=0.066934 | eps_w1=5.444653e-01 | eps_w2=1.074638e+00
[step     8600] t/d=  86.000 | task1=2.643028e-01 | task2=3.202089e-01 | F1=4.214346e-02 | m1²=0.844621 | m2²=0.068311 | eps_w1=5.482141e-01 | eps_w2=1.072436e+00
[step     8650] t/d=  86.500 | task1=2.645001e-01 | task2=3.201051e-01 | F1=4.234079e-02 | m1²=0.843688 | m2²=0.068815 | eps_w1=5.504143e-01 | eps_w2=1.071201e+00
[step     8700] t/d=  87.000 | task1=2.647133e-01 | task2=3.199677e-01 | F1=4.255402e-02 | m1²=0.842065 | m2²=0.070118 | eps_w1=5.525868e-01 | eps_w2=1.069694e+00
[step     8750] t/d=  87.500 | task1=2.650000e-01 | task2=3.197950e-01 | F1=4.284067e-02 | m1²=0.840594 | m2²=0.071538 | eps_w1=5.553209e-01 | eps_w2=1.067749e+00
[step     8800] t/d=  88.000 | task1=2.652204e-01 | task2=3.196126e-01 | F1=4.306104e-02 | m1²=0.838416 | m2²=0.073347 | eps_w1=5.574876e-01 | eps_w2=1.066114e+00
[step     8850] t/d=  88.500 | task1=2.655486e-01 | task2=3.194007e-01 | F1=4.338930e-02 | m1²=0.835638 | m2²=0.074767 | eps_w1=5.611362e-01 | eps_w2=1.064158e+00
[step     8900] t/d=  89.000 | task1=2.656983e-01 | task2=3.193100e-01 | F1=4.353894e-02 | m1²=0.834607 | m2²=0.075695 | eps_w1=5.628374e-01 | eps_w2=1.062977e+00
[step     8950] t/d=  89.500 | task1=2.658507e-01 | task2=3.191753e-01 | F1=4.369134e-02 | m1²=0.833170 | m2²=0.077467 | eps_w1=5.644725e-01 | eps_w2=1.061408e+00
[step     9000] t/d=  90.000 | task1=2.660127e-01 | task2=3.190553e-01 | F1=4.385334e-02 | m1²=0.831975 | m2²=0.078881 | eps_w1=5.659970e-01 | eps_w2=1.060060e+00
[step     9050] t/d=  90.500 | task1=2.662069e-01 | task2=3.189327e-01 | F1=4.404754e-02 | m1²=0.830274 | m2²=0.079422 | eps_w1=5.684629e-01 | eps_w2=1.058980e+00
[step     9100] t/d=  91.000 | task1=2.664283e-01 | task2=3.188178e-01 | F1=4.426893e-02 | m1²=0.829286 | m2²=0.080331 | eps_w1=5.704361e-01 | eps_w2=1.057677e+00
[step     9150] t/d=  91.500 | task1=2.665721e-01 | task2=3.187218e-01 | F1=4.441279e-02 | m1²=0.828429 | m2²=0.081310 | eps_w1=5.716961e-01 | eps_w2=1.056658e+00
[step     9200] t/d=  92.000 | task1=2.668387e-01 | task2=3.185730e-01 | F1=4.467940e-02 | m1²=0.826182 | m2²=0.082885 | eps_w1=5.745347e-01 | eps_w2=1.054895e+00
[step     9250] t/d=  92.500 | task1=2.669732e-01 | task2=3.184655e-01 | F1=4.481385e-02 | m1²=0.825342 | m2²=0.083501 | eps_w1=5.760467e-01 | eps_w2=1.053992e+00
[step     9300] t/d=  93.000 | task1=2.671685e-01 | task2=3.183369e-01 | F1=4.500917e-02 | m1²=0.823386 | m2²=0.084520 | eps_w1=5.785309e-01 | eps_w2=1.052694e+00
[step     9350] t/d=  93.500 | task1=2.674388e-01 | task2=3.181821e-01 | F1=4.527945e-02 | m1²=0.821064 | m2²=0.085500 | eps_w1=5.814864e-01 | eps_w2=1.051308e+00
[step     9400] t/d=  94.000 | task1=2.676922e-01 | task2=3.180288e-01 | F1=4.553284e-02 | m1²=0.818795 | m2²=0.086545 | eps_w1=5.842872e-01 | eps_w2=1.049945e+00
[step     9450] t/d=  94.500 | task1=2.679952e-01 | task2=3.178134e-01 | F1=4.583591e-02 | m1²=0.815568 | m2²=0.088522 | eps_w1=5.875511e-01 | eps_w2=1.048049e+00
[step     9500] t/d=  95.000 | task1=2.683034e-01 | task2=3.176202e-01 | F1=4.614412e-02 | m1²=0.813566 | m2²=0.089971 | eps_w1=5.907435e-01 | eps_w2=1.046168e+00
[step     9550] t/d=  95.500 | task1=2.685308e-01 | task2=3.174801e-01 | F1=4.637151e-02 | m1²=0.811211 | m2²=0.091461 | eps_w1=5.934898e-01 | eps_w2=1.044593e+00
[step     9600] t/d=  96.000 | task1=2.686033e-01 | task2=3.173667e-01 | F1=4.644402e-02 | m1²=0.809192 | m2²=0.092995 | eps_w1=5.946831e-01 | eps_w2=1.043633e+00
[step     9650] t/d=  96.500 | task1=2.689432e-01 | task2=3.171559e-01 | F1=4.678392e-02 | m1²=0.807310 | m2²=0.094500 | eps_w1=5.982659e-01 | eps_w2=1.041528e+00
[step     9700] t/d=  97.000 | task1=2.691911e-01 | task2=3.170315e-01 | F1=4.703174e-02 | m1²=0.805696 | m2²=0.095226 | eps_w1=6.007515e-01 | eps_w2=1.040371e+00
[step     9750] t/d=  97.500 | task1=2.693971e-01 | task2=3.168871e-01 | F1=4.723780e-02 | m1²=0.802992 | m2²=0.096267 | eps_w1=6.032992e-01 | eps_w2=1.039298e+00
[step     9800] t/d=  98.000 | task1=2.695587e-01 | task2=3.167527e-01 | F1=4.739940e-02 | m1²=0.800900 | m2²=0.097924 | eps_w1=6.052254e-01 | eps_w2=1.037951e+00
[step     9850] t/d=  98.500 | task1=2.697058e-01 | task2=3.166145e-01 | F1=4.754651e-02 | m1²=0.799143 | m2²=0.100017 | eps_w1=6.068204e-01 | eps_w2=1.036391e+00
[step     9900] t/d=  99.000 | task1=2.698289e-01 | task2=3.165020e-01 | F1=4.766956e-02 | m1²=0.797726 | m2²=0.101039 | eps_w1=6.080029e-01 | eps_w2=1.035601e+00
[step     9950] t/d=  99.500 | task1=2.701057e-01 | task2=3.163648e-01 | F1=4.794634e-02 | m1²=0.794984 | m2²=0.103197 | eps_w1=6.108738e-01 | eps_w2=1.033703e+00
[step    10000] t/d= 100.000 | task1=2.702566e-01 | task2=3.161851e-01 | F1=4.809728e-02 | m1²=0.792200 | m2²=0.105538 | eps_w1=6.126753e-01 | eps_w2=1.032182e+00
Saved checkpoint: results/quality_pretraining/finetunetask2_d100_T5/prestep_10000_task1step_100000_lr0p01_task1wseed21_task1sgdseed22_task2sgdseed42/checkpoints/step_000010000
[step    10050] t/d= 100.500 | task1=2.703884e-01 | task2=3.161031e-01 | F1=4.822903e-02 | m1²=0.790511 | m2²=0.106457 | eps_w1=6.141543e-01 | eps_w2=1.031403e+00
[step    10100] t/d= 101.000 | task1=2.705858e-01 | task2=3.159948e-01 | F1=4.842644e-02 | m1²=0.788713 | m2²=0.108165 | eps_w1=6.162996e-01 | eps_w2=1.029872e+00
[step    10150] t/d= 101.500 | task1=2.707380e-01 | task2=3.158189e-01 | F1=4.857865e-02 | m1²=0.786313 | m2²=0.110547 | eps_w1=6.179400e-01 | eps_w2=1.028300e+00
[step    10200] t/d= 102.000 | task1=2.708503e-01 | task2=3.156832e-01 | F1=4.869101e-02 | m1²=0.783446 | m2²=0.112785 | eps_w1=6.190732e-01 | eps_w2=1.027156e+00
[step    10250] t/d= 102.500 | task1=2.710144e-01 | task2=3.155221e-01 | F1=4.885511e-02 | m1²=0.781132 | m2²=0.114219 | eps_w1=6.212183e-01 | eps_w2=1.025939e+00
[step    10300] t/d= 103.000 | task1=2.712640e-01 | task2=3.153854e-01 | F1=4.910470e-02 | m1²=0.779147 | m2²=0.115577 | eps_w1=6.238881e-01 | eps_w2=1.024467e+00
[step    10350] t/d= 103.500 | task1=2.715363e-01 | task2=3.152388e-01 | F1=4.937693e-02 | m1²=0.777160 | m2²=0.116873 | eps_w1=6.267509e-01 | eps_w2=1.022965e+00
[step    10400] t/d= 104.000 | task1=2.716454e-01 | task2=3.151619e-01 | F1=4.948605e-02 | m1²=0.776207 | m2²=0.118041 | eps_w1=6.282025e-01 | eps_w2=1.021882e+00
[step    10450] t/d= 104.500 | task1=2.719275e-01 | task2=3.149351e-01 | F1=4.976814e-02 | m1²=0.772857 | m2²=0.120898 | eps_w1=6.313458e-01 | eps_w2=1.019657e+00
[step    10500] t/d= 105.000 | task1=2.720977e-01 | task2=3.148051e-01 | F1=4.993836e-02 | m1²=0.770588 | m2²=0.122484 | eps_w1=6.331769e-01 | eps_w2=1.018489e+00
[step    10550] t/d= 105.500 | task1=2.722307e-01 | task2=3.146736e-01 | F1=5.007141e-02 | m1²=0.768267 | m2²=0.124006 | eps_w1=6.351786e-01 | eps_w2=1.017306e+00
[step    10600] t/d= 106.000 | task1=2.723650e-01 | task2=3.145589e-01 | F1=5.020572e-02 | m1²=0.765631 | m2²=0.125707 | eps_w1=6.367955e-01 | eps_w2=1.016242e+00
[step    10650] t/d= 106.500 | task1=2.724618e-01 | task2=3.144252e-01 | F1=5.030243e-02 | m1²=0.762864 | m2²=0.126780 | eps_w1=6.381102e-01 | eps_w2=1.015710e+00
[step    10700] t/d= 107.000 | task1=2.726184e-01 | task2=3.143117e-01 | F1=5.045909e-02 | m1²=0.761518 | m2²=0.128486 | eps_w1=6.396000e-01 | eps_w2=1.014396e+00
[step    10750] t/d= 107.500 | task1=2.727687e-01 | task2=3.141589e-01 | F1=5.060942e-02 | m1²=0.758484 | m2²=0.130835 | eps_w1=6.414541e-01 | eps_w2=1.012937e+00
[step    10800] t/d= 108.000 | task1=2.729565e-01 | task2=3.139615e-01 | F1=5.079719e-02 | m1²=0.755526 | m2²=0.133863 | eps_w1=6.432009e-01 | eps_w2=1.011090e+00
[step    10850] t/d= 108.500 | task1=2.730534e-01 | task2=3.138500e-01 | F1=5.089406e-02 | m1²=0.753355 | m2²=0.135218 | eps_w1=6.443861e-01 | eps_w2=1.010298e+00
[step    10900] t/d= 109.000 | task1=2.731702e-01 | task2=3.137232e-01 | F1=5.101090e-02 | m1²=0.750973 | m2²=0.137971 | eps_w1=6.453322e-01 | eps_w2=1.008793e+00
[step    10950] t/d= 109.500 | task1=2.733690e-01 | task2=3.135760e-01 | F1=5.120967e-02 | m1²=0.748373 | m2²=0.140273 | eps_w1=6.473457e-01 | eps_w2=1.007207e+00
[step    11000] t/d= 110.000 | task1=2.736588e-01 | task2=3.134622e-01 | F1=5.149948e-02 | m1²=0.746683 | m2²=0.142384 | eps_w1=6.497936e-01 | eps_w2=1.005386e+00
[step    11050] t/d= 110.500 | task1=2.738555e-01 | task2=3.132450e-01 | F1=5.169622e-02 | m1²=0.743184 | m2²=0.145224 | eps_w1=6.522060e-01 | eps_w2=1.003533e+00
[step    11100] t/d= 111.000 | task1=2.740635e-01 | task2=3.130528e-01 | F1=5.190416e-02 | m1²=0.740435 | m2²=0.147543 | eps_w1=6.544419e-01 | eps_w2=1.001905e+00
[step    11150] t/d= 111.500 | task1=2.743172e-01 | task2=3.128997e-01 | F1=5.215784e-02 | m1²=0.738377 | m2²=0.149619 | eps_w1=6.570637e-01 | eps_w2=1.000155e+00
[step    11200] t/d= 112.000 | task1=2.744416e-01 | task2=3.127855e-01 | F1=5.228224e-02 | m1²=0.737089 | m2²=0.151250 | eps_w1=6.583250e-01 | eps_w2=9.989994e-01
[step    11250] t/d= 112.500 | task1=2.746330e-01 | task2=3.125639e-01 | F1=5.247369e-02 | m1²=0.733545 | m2²=0.154844 | eps_w1=6.604572e-01 | eps_w2=9.968191e-01
[step    11300] t/d= 113.000 | task1=2.747427e-01 | task2=3.124220e-01 | F1=5.258342e-02 | m1²=0.731169 | m2²=0.156902 | eps_w1=6.619678e-01 | eps_w2=9.955405e-01
[step    11350] t/d= 113.500 | task1=2.749138e-01 | task2=3.123422e-01 | F1=5.275451e-02 | m1²=0.729436 | m2²=0.158051 | eps_w1=6.636072e-01 | eps_w2=9.946421e-01
[step    11400] t/d= 114.000 | task1=2.750932e-01 | task2=3.121537e-01 | F1=5.293384e-02 | m1²=0.726559 | m2²=0.160952 | eps_w1=6.656337e-01 | eps_w2=9.927907e-01
[step    11450] t/d= 114.500 | task1=2.753167e-01 | task2=3.119522e-01 | F1=5.315735e-02 | m1²=0.722160 | m2²=0.163975 | eps_w1=6.684554e-01 | eps_w2=9.908954e-01
[step    11500] t/d= 115.000 | task1=2.754422e-01 | task2=3.118447e-01 | F1=5.328286e-02 | m1²=0.719643 | m2²=0.165558 | eps_w1=6.699966e-01 | eps_w2=9.899231e-01
[step    11550] t/d= 115.500 | task1=2.756286e-01 | task2=3.117287e-01 | F1=5.346924e-02 | m1²=0.717455 | m2²=0.167196 | eps_w1=6.718584e-01 | eps_w2=9.887590e-01
[step    11600] t/d= 116.000 | task1=2.757877e-01 | task2=3.115491e-01 | F1=5.362837e-02 | m1²=0.713727 | m2²=0.169691 | eps_w1=6.737998e-01 | eps_w2=9.873373e-01
[step    11650] t/d= 116.500 | task1=2.759895e-01 | task2=3.113839e-01 | F1=5.383013e-02 | m1²=0.710618 | m2²=0.171564 | eps_w1=6.762973e-01 | eps_w2=9.860060e-01
[step    11700] t/d= 117.000 | task1=2.761269e-01 | task2=3.112638e-01 | F1=5.396758e-02 | m1²=0.709056 | m2²=0.173177 | eps_w1=6.777150e-01 | eps_w2=9.848938e-01
[step    11750] t/d= 117.500 | task1=2.764996e-01 | task2=3.110833e-01 | F1=5.434027e-02 | m1²=0.705500 | m2²=0.175519 | eps_w1=6.815739e-01 | eps_w2=9.829761e-01
[step    11800] t/d= 118.000 | task1=2.766509e-01 | task2=3.109461e-01 | F1=5.449153e-02 | m1²=0.702902 | m2²=0.177940 | eps_w1=6.834913e-01 | eps_w2=9.814296e-01
[step    11850] t/d= 118.500 | task1=2.768717e-01 | task2=3.108294e-01 | F1=5.471237e-02 | m1²=0.700990 | m2²=0.179869 | eps_w1=6.855883e-01 | eps_w2=9.800198e-01
[step    11900] t/d= 119.000 | task1=2.771371e-01 | task2=3.106098e-01 | F1=5.497779e-02 | m1²=0.696976 | m2²=0.183172 | eps_w1=6.882723e-01 | eps_w2=9.779805e-01
[step    11950] t/d= 119.500 | task1=2.773978e-01 | task2=3.103544e-01 | F1=5.523846e-02 | m1²=0.692288 | m2²=0.187170 | eps_w1=6.911282e-01 | eps_w2=9.755967e-01
[step    12000] t/d= 120.000 | task1=2.775393e-01 | task2=3.102361e-01 | F1=5.537994e-02 | m1²=0.690101 | m2²=0.189567 | eps_w1=6.924876e-01 | eps_w2=9.741700e-01
[step    12050] t/d= 120.500 | task1=2.776519e-01 | task2=3.101057e-01 | F1=5.549253e-02 | m1²=0.687719 | m2²=0.191209 | eps_w1=6.939217e-01 | eps_w2=9.731913e-01
[step    12100] t/d= 121.000 | task1=2.776990e-01 | task2=3.099572e-01 | F1=5.553968e-02 | m1²=0.685219 | m2²=0.194003 | eps_w1=6.945880e-01 | eps_w2=9.717516e-01
[step    12150] t/d= 121.500 | task1=2.778629e-01 | task2=3.097446e-01 | F1=5.570356e-02 | m1²=0.681319 | m2²=0.196680 | eps_w1=6.969066e-01 | eps_w2=9.701611e-01
[step    12200] t/d= 122.000 | task1=2.781282e-01 | task2=3.095341e-01 | F1=5.596887e-02 | m1²=0.677106 | m2²=0.200025 | eps_w1=6.996501e-01 | eps_w2=9.681256e-01
[step    12250] t/d= 122.500 | task1=2.782090e-01 | task2=3.093973e-01 | F1=5.604971e-02 | m1²=0.674480 | m2²=0.202849 | eps_w1=7.005505e-01 | eps_w2=9.666171e-01
[step    12300] t/d= 123.000 | task1=2.784422e-01 | task2=3.092172e-01 | F1=5.628284e-02 | m1²=0.670430 | m2²=0.205931 | eps_w1=7.032378e-01 | eps_w2=9.647298e-01
[step    12350] t/d= 123.500 | task1=2.786754e-01 | task2=3.089998e-01 | F1=5.651609e-02 | m1²=0.666044 | m2²=0.209647 | eps_w1=7.055544e-01 | eps_w2=9.626009e-01
[step    12400] t/d= 124.000 | task1=2.788818e-01 | task2=3.088709e-01 | F1=5.672243e-02 | m1²=0.663784 | m2²=0.212489 | eps_w1=7.075460e-01 | eps_w2=9.607970e-01
[step    12450] t/d= 124.500 | task1=2.790381e-01 | task2=3.086295e-01 | F1=5.687882e-02 | m1²=0.659375 | m2²=0.216328 | eps_w1=7.094301e-01 | eps_w2=9.586887e-01
[step    12500] t/d= 125.000 | task1=2.792255e-01 | task2=3.084213e-01 | F1=5.706613e-02 | m1²=0.655199 | m2²=0.219855 | eps_w1=7.114010e-01 | eps_w2=9.567115e-01
[step    12550] t/d= 125.500 | task1=2.795033e-01 | task2=3.082657e-01 | F1=5.734396e-02 | m1²=0.651997 | m2²=0.222676 | eps_w1=7.140578e-01 | eps_w2=9.549080e-01
[step    12600] t/d= 126.000 | task1=2.796733e-01 | task2=3.081415e-01 | F1=5.751398e-02 | m1²=0.649344 | m2²=0.224973 | eps_w1=7.156773e-01 | eps_w2=9.535514e-01
[step    12650] t/d= 126.500 | task1=2.799239e-01 | task2=3.079601e-01 | F1=5.776454e-02 | m1²=0.645975 | m2²=0.228881 | eps_w1=7.181380e-01 | eps_w2=9.511895e-01
[step    12700] t/d= 127.000 | task1=2.800429e-01 | task2=3.077221e-01 | F1=5.788361e-02 | m1²=0.642011 | m2²=0.232414 | eps_w1=7.202295e-01 | eps_w2=9.491681e-01
[step    12750] t/d= 127.500 | task1=2.801229e-01 | task2=3.075612e-01 | F1=5.796357e-02 | m1²=0.639054 | m2²=0.235086 | eps_w1=7.213780e-01 | eps_w2=9.477018e-01
[step    12800] t/d= 128.000 | task1=2.803300e-01 | task2=3.073943e-01 | F1=5.817064e-02 | m1²=0.635831 | m2²=0.237338 | eps_w1=7.235532e-01 | eps_w2=9.463405e-01
[step    12850] t/d= 128.500 | task1=2.804128e-01 | task2=3.073166e-01 | F1=5.825346e-02 | m1²=0.634511 | m2²=0.238574 | eps_w1=7.245267e-01 | eps_w2=9.455913e-01
[step    12900] t/d= 129.000 | task1=2.805411e-01 | task2=3.071323e-01 | F1=5.838178e-02 | m1²=0.630441 | m2²=0.241517 | eps_w1=7.263778e-01 | eps_w2=9.439499e-01
[step    12950] t/d= 129.500 | task1=2.806945e-01 | task2=3.069533e-01 | F1=5.853522e-02 | m1²=0.627570 | m2²=0.244425 | eps_w1=7.279609e-01 | eps_w2=9.422694e-01
[step    13000] t/d= 130.000 | task1=2.808933e-01 | task2=3.067549e-01 | F1=5.873395e-02 | m1²=0.623973 | m2²=0.247667 | eps_w1=7.299478e-01 | eps_w2=9.403961e-01
[step    13050] t/d= 130.500 | task1=2.810424e-01 | task2=3.066215e-01 | F1=5.888307e-02 | m1²=0.621434 | m2²=0.250068 | eps_w1=7.314758e-01 | eps_w2=9.389931e-01
[step    13100] t/d= 131.000 | task1=2.811420e-01 | task2=3.064117e-01 | F1=5.898269e-02 | m1²=0.617635 | m2²=0.253936 | eps_w1=7.328658e-01 | eps_w2=9.368356e-01
[step    13150] t/d= 131.500 | task1=2.813808e-01 | task2=3.062781e-01 | F1=5.922144e-02 | m1²=0.614866 | m2²=0.257089 | eps_w1=7.351181e-01 | eps_w2=9.349344e-01
[step    13200] t/d= 132.000 | task1=2.815730e-01 | task2=3.061146e-01 | F1=5.941368e-02 | m1²=0.611403 | m2²=0.260454 | eps_w1=7.369774e-01 | eps_w2=9.329944e-01
[step    13250] t/d= 132.500 | task1=2.817453e-01 | task2=3.059157e-01 | F1=5.958600e-02 | m1²=0.607842 | m2²=0.263969 | eps_w1=7.391061e-01 | eps_w2=9.309493e-01
[step    13300] t/d= 133.000 | task1=2.819168e-01 | task2=3.057772e-01 | F1=5.975752e-02 | m1²=0.605142 | m2²=0.266685 | eps_w1=7.407465e-01 | eps_w2=9.293693e-01
[step    13350] t/d= 133.500 | task1=2.821637e-01 | task2=3.056039e-01 | F1=6.000442e-02 | m1²=0.601810 | m2²=0.269801 | eps_w1=7.430254e-01 | eps_w2=9.275443e-01
[step    13400] t/d= 134.000 | task1=2.823108e-01 | task2=3.054813e-01 | F1=6.015149e-02 | m1²=0.599264 | m2²=0.272130 | eps_w1=7.444767e-01 | eps_w2=9.261996e-01
[step    13450] t/d= 134.500 | task1=2.825072e-01 | task2=3.053373e-01 | F1=6.034788e-02 | m1²=0.596298 | m2²=0.274901 | eps_w1=7.463577e-01 | eps_w2=9.245934e-01
[step    13500] t/d= 135.000 | task1=2.826370e-01 | task2=3.051721e-01 | F1=6.047768e-02 | m1²=0.593128 | m2²=0.277753 | eps_w1=7.476124e-01 | eps_w2=9.229696e-01
[step    13550] t/d= 135.500 | task1=2.829013e-01 | task2=3.049723e-01 | F1=6.074199e-02 | m1²=0.588703 | m2²=0.281385 | eps_w1=7.503930e-01 | eps_w2=9.208662e-01
[step    13600] t/d= 136.000 | task1=2.831259e-01 | task2=3.048345e-01 | F1=6.096657e-02 | m1²=0.585546 | m2²=0.284106 | eps_w1=7.526439e-01 | eps_w2=9.192929e-01
[step    13650] t/d= 136.500 | task1=2.833080e-01 | task2=3.046556e-01 | F1=6.114869e-02 | m1²=0.582375 | m2²=0.287803 | eps_w1=7.544674e-01 | eps_w2=9.171701e-01
[step    13700] t/d= 137.000 | task1=2.833679e-01 | task2=3.044765e-01 | F1=6.120860e-02 | m1²=0.579370 | m2²=0.290387 | eps_w1=7.554235e-01 | eps_w2=9.156800e-01
[step    13750] t/d= 137.500 | task1=2.834548e-01 | task2=3.043177e-01 | F1=6.129544e-02 | m1²=0.576932 | m2²=0.292669 | eps_w1=7.565582e-01 | eps_w2=9.143613e-01
[step    13800] t/d= 138.000 | task1=2.835985e-01 | task2=3.041071e-01 | F1=6.143914e-02 | m1²=0.572836 | m2²=0.295982 | eps_w1=7.582822e-01 | eps_w2=9.124353e-01
[step    13850] t/d= 138.500 | task1=2.837423e-01 | task2=3.038678e-01 | F1=6.158299e-02 | m1²=0.569206 | m2²=0.299852 | eps_w1=7.600008e-01 | eps_w2=9.101831e-01
[step    13900] t/d= 139.000 | task1=2.838942e-01 | task2=3.036530e-01 | F1=6.173485e-02 | m1²=0.566041 | m2²=0.303186 | eps_w1=7.614370e-01 | eps_w2=9.082328e-01
[step    13950] t/d= 139.500 | task1=2.840945e-01 | task2=3.034567e-01 | F1=6.193516e-02 | m1²=0.562236 | m2²=0.307133 | eps_w1=7.634998e-01 | eps_w2=9.059336e-01
[step    14000] t/d= 140.000 | task1=2.842612e-01 | task2=3.032301e-01 | F1=6.210186e-02 | m1²=0.558258 | m2²=0.311232 | eps_w1=7.653483e-01 | eps_w2=9.035205e-01
[step    14050] t/d= 140.500 | task1=2.844336e-01 | task2=3.029440e-01 | F1=6.227426e-02 | m1²=0.554139 | m2²=0.316319 | eps_w1=7.672727e-01 | eps_w2=9.005183e-01
[step    14100] t/d= 141.000 | task1=2.846463e-01 | task2=3.027383e-01 | F1=6.248701e-02 | m1²=0.550479 | m2²=0.319698 | eps_w1=7.695485e-01 | eps_w2=8.985656e-01
[step    14150] t/d= 141.500 | task1=2.848690e-01 | task2=3.024571e-01 | F1=6.270972e-02 | m1²=0.545412 | m2²=0.324201 | eps_w1=7.719160e-01 | eps_w2=8.958766e-01
[step    14200] t/d= 142.000 | task1=2.851118e-01 | task2=3.021796e-01 | F1=6.295246e-02 | m1²=0.541527 | m2²=0.329407 | eps_w1=7.738187e-01 | eps_w2=8.927852e-01
[step    14250] t/d= 142.500 | task1=2.852579e-01 | task2=3.020429e-01 | F1=6.309857e-02 | m1²=0.538304 | m2²=0.332172 | eps_w1=7.756198e-01 | eps_w2=8.911598e-01
[step    14300] t/d= 143.000 | task1=2.854673e-01 | task2=3.018280e-01 | F1=6.330800e-02 | m1²=0.534578 | m2²=0.335593 | eps_w1=7.777482e-01 | eps_w2=8.891557e-01
[step    14350] t/d= 143.500 | task1=2.856492e-01 | task2=3.016050e-01 | F1=6.348983e-02 | m1²=0.530926 | m2²=0.339625 | eps_w1=7.795656e-01 | eps_w2=8.867422e-01
[step    14400] t/d= 144.000 | task1=2.858853e-01 | task2=3.013580e-01 | F1=6.372593e-02 | m1²=0.526416 | m2²=0.344329 | eps_w1=7.820355e-01 | eps_w2=8.839590e-01
[step    14450] t/d= 144.500 | task1=2.859906e-01 | task2=3.011802e-01 | F1=6.383126e-02 | m1²=0.523605 | m2²=0.346991 | eps_w1=7.832406e-01 | eps_w2=8.823050e-01
[step    14500] t/d= 145.000 | task1=2.862308e-01 | task2=3.008989e-01 | F1=6.407149e-02 | m1²=0.518376 | m2²=0.351515 | eps_w1=7.859183e-01 | eps_w2=8.795632e-01
[step    14550] t/d= 145.500 | task1=2.864572e-01 | task2=3.006595e-01 | F1=6.429789e-02 | m1²=0.514203 | m2²=0.355723 | eps_w1=7.882638e-01 | eps_w2=8.770674e-01
[step    14600] t/d= 146.000 | task1=2.867160e-01 | task2=3.004719e-01 | F1=6.455671e-02 | m1²=0.510363 | m2²=0.359325 | eps_w1=7.908122e-01 | eps_w2=8.750435e-01
[step    14650] t/d= 146.500 | task1=2.868848e-01 | task2=3.002082e-01 | F1=6.472545e-02 | m1²=0.506762 | m2²=0.364096 | eps_w1=7.923623e-01 | eps_w2=8.720720e-01
[step    14700] t/d= 147.000 | task1=2.871250e-01 | task2=2.999714e-01 | F1=6.496568e-02 | m1²=0.502085 | m2²=0.367906 | eps_w1=7.949458e-01 | eps_w2=8.697879e-01
[step    14750] t/d= 147.500 | task1=2.872742e-01 | task2=2.997660e-01 | F1=6.511492e-02 | m1²=0.499032 | m2²=0.370952 | eps_w1=7.964291e-01 | eps_w2=8.678900e-01
[step    14800] t/d= 148.000 | task1=2.873769e-01 | task2=2.995927e-01 | F1=6.521757e-02 | m1²=0.496361 | m2²=0.373697 | eps_w1=7.974037e-01 | eps_w2=8.660520e-01
[step    14850] t/d= 148.500 | task1=2.876271e-01 | task2=2.993102e-01 | F1=6.546773e-02 | m1²=0.491661 | m2²=0.378592 | eps_w1=8.000152e-01 | eps_w2=8.630975e-01
[step    14900] t/d= 149.000 | task1=2.877827e-01 | task2=2.991147e-01 | F1=6.562341e-02 | m1²=0.487906 | m2²=0.381356 | eps_w1=8.016607e-01 | eps_w2=8.612289e-01
[step    14950] t/d= 149.500 | task1=2.878771e-01 | task2=2.989631e-01 | F1=6.571777e-02 | m1²=0.485486 | m2²=0.383499 | eps_w1=8.026601e-01 | eps_w2=8.597689e-01
[step    15000] t/d= 150.000 | task1=2.880212e-01 | task2=2.987707e-01 | F1=6.586188e-02 | m1²=0.482409 | m2²=0.386312 | eps_w1=8.041558e-01 | eps_w2=8.579452e-01
[step    15050] t/d= 150.500 | task1=2.882349e-01 | task2=2.984365e-01 | F1=6.607560e-02 | m1²=0.477155 | m2²=0.390831 | eps_w1=8.068145e-01 | eps_w2=8.550250e-01
[step    15100] t/d= 151.000 | task1=2.884403e-01 | task2=2.981242e-01 | F1=6.628100e-02 | m1²=0.472969 | m2²=0.395383 | eps_w1=8.089542e-01 | eps_w2=8.521113e-01
[step    15150] t/d= 151.500 | task1=2.886240e-01 | task2=2.978678e-01 | F1=6.646469e-02 | m1²=0.469201 | m2²=0.399392 | eps_w1=8.107715e-01 | eps_w2=8.494611e-01
[step    15200] t/d= 152.000 | task1=2.886896e-01 | task2=2.976260e-01 | F1=6.653032e-02 | m1²=0.466049 | m2²=0.402528 | eps_w1=8.119511e-01 | eps_w2=8.471579e-01
[step    15250] t/d= 152.500 | task1=2.888425e-01 | task2=2.975112e-01 | F1=6.668318e-02 | m1²=0.463507 | m2²=0.405244 | eps_w1=8.136066e-01 | eps_w2=8.455864e-01
[step    15300] t/d= 153.000 | task1=2.890532e-01 | task2=2.972967e-01 | F1=6.689385e-02 | m1²=0.460032 | m2²=0.409080 | eps_w1=8.154433e-01 | eps_w2=8.430999e-01
[step    15350] t/d= 153.500 | task1=2.892131e-01 | task2=2.971209e-01 | F1=6.705375e-02 | m1²=0.456880 | m2²=0.412377 | eps_w1=8.170981e-01 | eps_w2=8.409347e-01
[step    15400] t/d= 154.000 | task1=2.894120e-01 | task2=2.967836e-01 | F1=6.725264e-02 | m1²=0.452813 | m2²=0.417006 | eps_w1=8.189564e-01 | eps_w2=8.376898e-01
[step    15450] t/d= 154.500 | task1=2.896036e-01 | task2=2.965384e-01 | F1=6.744432e-02 | m1²=0.448694 | m2²=0.420456 | eps_w1=8.211468e-01 | eps_w2=8.353537e-01
[step    15500] t/d= 155.000 | task1=2.898426e-01 | task2=2.962534e-01 | F1=6.768324e-02 | m1²=0.444298 | m2²=0.425023 | eps_w1=8.235413e-01 | eps_w2=8.323286e-01
[step    15550] t/d= 155.500 | task1=2.899675e-01 | task2=2.960621e-01 | F1=6.780820e-02 | m1²=0.441995 | m2²=0.427595 | eps_w1=8.246793e-01 | eps_w2=8.305233e-01
[step    15600] t/d= 156.000 | task1=2.901934e-01 | task2=2.957408e-01 | F1=6.803407e-02 | m1²=0.437614 | m2²=0.432157 | eps_w1=8.269949e-01 | eps_w2=8.273888e-01
[step    15650] t/d= 156.500 | task1=2.904800e-01 | task2=2.955025e-01 | F1=6.832066e-02 | m1²=0.432893 | m2²=0.436363 | eps_w1=8.298296e-01 | eps_w2=8.247414e-01
[step    15700] t/d= 157.000 | task1=2.906078e-01 | task2=2.953526e-01 | F1=6.844849e-02 | m1²=0.430471 | m2²=0.438655 | eps_w1=8.311264e-01 | eps_w2=8.231387e-01
[step    15750] t/d= 157.500 | task1=2.907915e-01 | task2=2.950289e-01 | F1=6.863220e-02 | m1²=0.426473 | m2²=0.443047 | eps_w1=8.332741e-01 | eps_w2=8.200902e-01
[step    15800] t/d= 158.000 | task1=2.909584e-01 | task2=2.947679e-01 | F1=6.879910e-02 | m1²=0.423718 | m2²=0.446709 | eps_w1=8.346207e-01 | eps_w2=8.174135e-01
[step    15850] t/d= 158.500 | task1=2.911708e-01 | task2=2.944484e-01 | F1=6.901148e-02 | m1²=0.419277 | m2²=0.451270 | eps_w1=8.370614e-01 | eps_w2=8.142014e-01
[step    15900] t/d= 159.000 | task1=2.913815e-01 | task2=2.942146e-01 | F1=6.922219e-02 | m1²=0.416132 | m2²=0.455257 | eps_w1=8.390023e-01 | eps_w2=8.116910e-01
[step    15950] t/d= 159.500 | task1=2.916111e-01 | task2=2.938952e-01 | F1=6.945180e-02 | m1²=0.411798 | m2²=0.460491 | eps_w1=8.413536e-01 | eps_w2=8.079454e-01
[step    16000] t/d= 160.000 | task1=2.918639e-01 | task2=2.935997e-01 | F1=6.970453e-02 | m1²=0.406934 | m2²=0.464739 | eps_w1=8.442069e-01 | eps_w2=8.050286e-01
[step    16050] t/d= 160.500 | task1=2.920740e-01 | task2=2.933292e-01 | F1=6.991466e-02 | m1²=0.403782 | m2²=0.469033 | eps_w1=8.459496e-01 | eps_w2=8.019609e-01
[step    16100] t/d= 161.000 | task1=2.923169e-01 | task2=2.930478e-01 | F1=7.015759e-02 | m1²=0.399295 | m2²=0.472724 | eps_w1=8.484167e-01 | eps_w2=7.990564e-01
[step    16150] t/d= 161.500 | task1=2.925016e-01 | task2=2.926383e-01 | F1=7.034229e-02 | m1²=0.395328 | m2²=0.477567 | eps_w1=8.503561e-01 | eps_w2=7.949246e-01
[step    16200] t/d= 162.000 | task1=2.927613e-01 | task2=2.922962e-01 | F1=7.060197e-02 | m1²=0.391198 | m2²=0.482317 | eps_w1=8.527591e-01 | eps_w2=7.914294e-01
[step    16250] t/d= 162.500 | task1=2.929259e-01 | task2=2.920157e-01 | F1=7.076660e-02 | m1²=0.388862 | m2²=0.485731 | eps_w1=8.540570e-01 | eps_w2=7.888052e-01
[step    16300] t/d= 163.000 | task1=2.930887e-01 | task2=2.918281e-01 | F1=7.092942e-02 | m1²=0.386007 | m2²=0.488474 | eps_w1=8.558463e-01 | eps_w2=7.869637e-01
[step    16350] t/d= 163.500 | task1=2.932488e-01 | task2=2.915080e-01 | F1=7.108950e-02 | m1²=0.383066 | m2²=0.492313 | eps_w1=8.574111e-01 | eps_w2=7.836789e-01
[step    16400] t/d= 164.000 | task1=2.934632e-01 | task2=2.911931e-01 | F1=7.130390e-02 | m1²=0.379663 | m2²=0.496327 | eps_w1=8.594386e-01 | eps_w2=7.806209e-01
[step    16450] t/d= 164.500 | task1=2.936459e-01 | task2=2.908904e-01 | F1=7.148653e-02 | m1²=0.375999 | m2²=0.500106 | eps_w1=8.616002e-01 | eps_w2=7.775412e-01
[step    16500] t/d= 165.000 | task1=2.939236e-01 | task2=2.905069e-01 | F1=7.176427e-02 | m1²=0.371725 | m2²=0.505717 | eps_w1=8.642117e-01 | eps_w2=7.733081e-01
[step    16550] t/d= 165.500 | task1=2.940960e-01 | task2=2.902097e-01 | F1=7.193667e-02 | m1²=0.368984 | m2²=0.509513 | eps_w1=8.658640e-01 | eps_w2=7.702972e-01
[step    16600] t/d= 166.000 | task1=2.942730e-01 | task2=2.899295e-01 | F1=7.211365e-02 | m1²=0.366251 | m2²=0.513511 | eps_w1=8.674990e-01 | eps_w2=7.670012e-01
[step    16650] t/d= 166.500 | task1=2.944896e-01 | task2=2.895887e-01 | F1=7.233029e-02 | m1²=0.362663 | m2²=0.517516 | eps_w1=8.696920e-01 | eps_w2=7.635441e-01
[step    16700] t/d= 167.000 | task1=2.946934e-01 | task2=2.893724e-01 | F1=7.253408e-02 | m1²=0.359630 | m2²=0.520790 | eps_w1=8.716481e-01 | eps_w2=7.611222e-01
[step    16750] t/d= 167.500 | task1=2.947951e-01 | task2=2.891754e-01 | F1=7.263573e-02 | m1²=0.358130 | m2²=0.523332 | eps_w1=8.725527e-01 | eps_w2=7.588686e-01
[step    16800] t/d= 168.000 | task1=2.950511e-01 | task2=2.888477e-01 | F1=7.289181e-02 | m1²=0.354421 | m2²=0.527432 | eps_w1=8.749457e-01 | eps_w2=7.556488e-01
[step    16850] t/d= 168.500 | task1=2.952007e-01 | task2=2.885983e-01 | F1=7.304136e-02 | m1²=0.351974 | m2²=0.530500 | eps_w1=8.764955e-01 | eps_w2=7.528857e-01
[step    16900] t/d= 169.000 | task1=2.954719e-01 | task2=2.882766e-01 | F1=7.331257e-02 | m1²=0.348078 | m2²=0.534629 | eps_w1=8.790425e-01 | eps_w2=7.494594e-01
[step    16950] t/d= 169.500 | task1=2.957656e-01 | task2=2.879483e-01 | F1=7.360625e-02 | m1²=0.344039 | m2²=0.539835 | eps_w1=8.817226e-01 | eps_w2=7.454938e-01
[step    17000] t/d= 170.000 | task1=2.960709e-01 | task2=2.875858e-01 | F1=7.391155e-02 | m1²=0.339793 | m2²=0.544952 | eps_w1=8.845557e-01 | eps_w2=7.414683e-01
[step    17050] t/d= 170.500 | task1=2.962774e-01 | task2=2.872471e-01 | F1=7.411805e-02 | m1²=0.336867 | m2²=0.548412 | eps_w1=8.865235e-01 | eps_w2=7.379778e-01
[step    17100] t/d= 171.000 | task1=2.964931e-01 | task2=2.869670e-01 | F1=7.433379e-02 | m1²=0.333711 | m2²=0.551818 | eps_w1=8.886705e-01 | eps_w2=7.352078e-01
[step    17150] t/d= 171.500 | task1=2.969121e-01 | task2=2.864261e-01 | F1=7.475275e-02 | m1²=0.327598 | m2²=0.558887 | eps_w1=8.928623e-01 | eps_w2=7.295167e-01
[step    17200] t/d= 172.000 | task1=2.970910e-01 | task2=2.861926e-01 | F1=7.493163e-02 | m1²=0.325284 | m2²=0.561799 | eps_w1=8.944909e-01 | eps_w2=7.268091e-01
[step    17250] t/d= 172.500 | task1=2.972806e-01 | task2=2.859127e-01 | F1=7.512125e-02 | m1²=0.322640 | m2²=0.564847 | eps_w1=8.963829e-01 | eps_w2=7.238127e-01
[step    17300] t/d= 173.000 | task1=2.974268e-01 | task2=2.856907e-01 | F1=7.526747e-02 | m1²=0.320309 | m2²=0.567736 | eps_w1=8.980440e-01 | eps_w2=7.212662e-01
[step    17350] t/d= 173.500 | task1=2.976928e-01 | task2=2.853960e-01 | F1=7.553343e-02 | m1²=0.317307 | m2²=0.571280 | eps_w1=9.002036e-01 | eps_w2=7.180842e-01
[step    17400] t/d= 174.000 | task1=2.979704e-01 | task2=2.851432e-01 | F1=7.581107e-02 | m1²=0.313658 | m2²=0.575094 | eps_w1=9.027691e-01 | eps_w2=7.151193e-01
[step    17450] t/d= 174.500 | task1=2.982030e-01 | task2=2.849094e-01 | F1=7.604368e-02 | m1²=0.309883 | m2²=0.578459 | eps_w1=9.054163e-01 | eps_w2=7.125536e-01
[step    17500] t/d= 175.000 | task1=2.983921e-01 | task2=2.846696e-01 | F1=7.623278e-02 | m1²=0.307783 | m2²=0.581026 | eps_w1=9.069870e-01 | eps_w2=7.100868e-01
[step    17550] t/d= 175.500 | task1=2.986744e-01 | task2=2.843022e-01 | F1=7.651505e-02 | m1²=0.304126 | m2²=0.585207 | eps_w1=9.096724e-01 | eps_w2=7.063951e-01
[step    17600] t/d= 176.000 | task1=2.989064e-01 | task2=2.839838e-01 | F1=7.674707e-02 | m1²=0.300553 | m2²=0.588438 | eps_w1=9.123234e-01 | eps_w2=7.033770e-01
[step    17650] t/d= 176.500 | task1=2.992697e-01 | task2=2.836071e-01 | F1=7.711037e-02 | m1²=0.295988 | m2²=0.593285 | eps_w1=9.156755e-01 | eps_w2=6.992621e-01
[step    17700] t/d= 177.000 | task1=2.994163e-01 | task2=2.833853e-01 | F1=7.725694e-02 | m1²=0.294537 | m2²=0.595652 | eps_w1=9.168625e-01 | eps_w2=6.968790e-01
[step    17750] t/d= 177.500 | task1=2.997513e-01 | task2=2.829954e-01 | F1=7.759195e-02 | m1²=0.290297 | m2²=0.599952 | eps_w1=9.201154e-01 | eps_w2=6.928134e-01
[step    17800] t/d= 178.000 | task1=3.000122e-01 | task2=2.826415e-01 | F1=7.785290e-02 | m1²=0.287180 | m2²=0.603609 | eps_w1=9.225565e-01 | eps_w2=6.893527e-01
[step    17850] t/d= 178.500 | task1=3.002511e-01 | task2=2.822620e-01 | F1=7.809180e-02 | m1²=0.283954 | m2²=0.607363 | eps_w1=9.251981e-01 | eps_w2=6.854887e-01
[step    17900] t/d= 179.000 | task1=3.004202e-01 | task2=2.820119e-01 | F1=7.826087e-02 | m1²=0.281722 | m2²=0.610078 | eps_w1=9.270034e-01 | eps_w2=6.828493e-01
[step    17950] t/d= 179.500 | task1=3.006670e-01 | task2=2.816795e-01 | F1=7.850765e-02 | m1²=0.278368 | m2²=0.614029 | eps_w1=9.296378e-01 | eps_w2=6.792671e-01
[step    18000] t/d= 180.000 | task1=3.009324e-01 | task2=2.812484e-01 | F1=7.877311e-02 | m1²=0.274905 | m2²=0.618368 | eps_w1=9.325072e-01 | eps_w2=6.749925e-01
[step    18050] t/d= 180.500 | task1=3.012486e-01 | task2=2.808404e-01 | F1=7.908929e-02 | m1²=0.270914 | m2²=0.622361 | eps_w1=9.358068e-01 | eps_w2=6.709398e-01
[step    18100] t/d= 181.000 | task1=3.014591e-01 | task2=2.805529e-01 | F1=7.929975e-02 | m1²=0.269108 | m2²=0.625301 | eps_w1=9.374832e-01 | eps_w2=6.677985e-01
[step    18150] t/d= 181.500 | task1=3.016415e-01 | task2=2.802912e-01 | F1=7.948213e-02 | m1²=0.266982 | m2²=0.627529 | eps_w1=9.394751e-01 | eps_w2=6.650454e-01
[step    18200] t/d= 182.000 | task1=3.018794e-01 | task2=2.799378e-01 | F1=7.972010e-02 | m1²=0.264166 | m2²=0.630912 | eps_w1=9.420273e-01 | eps_w2=6.613445e-01
[step    18250] t/d= 182.500 | task1=3.022778e-01 | task2=2.795339e-01 | F1=8.011844e-02 | m1²=0.260715 | m2²=0.635933 | eps_w1=9.450831e-01 | eps_w2=6.563601e-01
[step    18300] t/d= 183.000 | task1=3.024398e-01 | task2=2.792806e-01 | F1=8.028043e-02 | m1²=0.258935 | m2²=0.638054 | eps_w1=9.469032e-01 | eps_w2=6.536419e-01
[step    18350] t/d= 183.500 | task1=3.026657e-01 | task2=2.790291e-01 | F1=8.050642e-02 | m1²=0.256720 | m2²=0.640796 | eps_w1=9.489113e-01 | eps_w2=6.507753e-01
[step    18400] t/d= 184.000 | task1=3.028780e-01 | task2=2.787907e-01 | F1=8.071870e-02 | m1²=0.254493 | m2²=0.643353 | eps_w1=9.508255e-01 | eps_w2=6.482889e-01
[step    18450] t/d= 184.500 | task1=3.031501e-01 | task2=2.785551e-01 | F1=8.099081e-02 | m1²=0.251287 | m2²=0.646432 | eps_w1=9.534945e-01 | eps_w2=6.453809e-01
[step    18500] t/d= 185.000 | task1=3.033420e-01 | task2=2.782549e-01 | F1=8.118263e-02 | m1²=0.249041 | m2²=0.649365 | eps_w1=9.555203e-01 | eps_w2=6.424294e-01
[step    18550] t/d= 185.500 | task1=3.035586e-01 | task2=2.778754e-01 | F1=8.139927e-02 | m1²=0.246442 | m2²=0.652540 | eps_w1=9.581457e-01 | eps_w2=6.386631e-01
[step    18600] t/d= 186.000 | task1=3.037097e-01 | task2=2.776190e-01 | F1=8.155033e-02 | m1²=0.245239 | m2²=0.654547 | eps_w1=9.595228e-01 | eps_w2=6.362020e-01
[step    18650] t/d= 186.500 | task1=3.040290e-01 | task2=2.771479e-01 | F1=8.186967e-02 | m1²=0.242031 | m2²=0.657963 | eps_w1=9.629631e-01 | eps_w2=6.316948e-01
[step    18700] t/d= 187.000 | task1=3.043697e-01 | task2=2.766109e-01 | F1=8.221034e-02 | m1²=0.238970 | m2²=0.662421 | eps_w1=9.663639e-01 | eps_w2=6.262976e-01
[step    18750] t/d= 187.500 | task1=3.046194e-01 | task2=2.762783e-01 | F1=8.246006e-02 | m1²=0.236740 | m2²=0.665667 | eps_w1=9.687598e-01 | eps_w2=6.225494e-01
[step    18800] t/d= 188.000 | task1=3.048705e-01 | task2=2.759644e-01 | F1=8.271117e-02 | m1²=0.234403 | m2²=0.668867 | eps_w1=9.709837e-01 | eps_w2=6.192916e-01
[step    18850] t/d= 188.500 | task1=3.051354e-01 | task2=2.755834e-01 | F1=8.297607e-02 | m1²=0.232584 | m2²=0.671890 | eps_w1=9.734306e-01 | eps_w2=6.151533e-01
[step    18900] t/d= 189.000 | task1=3.054855e-01 | task2=2.751534e-01 | F1=8.332613e-02 | m1²=0.228919 | m2²=0.676203 | eps_w1=9.768858e-01 | eps_w2=6.107322e-01
[step    18950] t/d= 189.500 | task1=3.057492e-01 | task2=2.748591e-01 | F1=8.358987e-02 | m1²=0.225846 | m2²=0.679364 | eps_w1=9.795903e-01 | eps_w2=6.077203e-01
[step    19000] t/d= 190.000 | task1=3.061001e-01 | task2=2.744766e-01 | F1=8.394073e-02 | m1²=0.222933 | m2²=0.682619 | eps_w1=9.829340e-01 | eps_w2=6.034624e-01
[step    19050] t/d= 190.500 | task1=3.063889e-01 | task2=2.741003e-01 | F1=8.422959e-02 | m1²=0.220602 | m2²=0.686434 | eps_w1=9.856241e-01 | eps_w2=5.990499e-01
[step    19100] t/d= 191.000 | task1=3.067337e-01 | task2=2.737086e-01 | F1=8.457440e-02 | m1²=0.217491 | m2²=0.690547 | eps_w1=9.887605e-01 | eps_w2=5.946814e-01
[step    19150] t/d= 191.500 | task1=3.068865e-01 | task2=2.734399e-01 | F1=8.472717e-02 | m1²=0.216495 | m2²=0.693021 | eps_w1=9.903509e-01 | eps_w2=5.914549e-01
[step    19200] t/d= 192.000 | task1=3.071569e-01 | task2=2.730673e-01 | F1=8.499762e-02 | m1²=0.214523 | m2²=0.696284 | eps_w1=9.928580e-01 | eps_w2=5.874053e-01
[step    19250] t/d= 192.500 | task1=3.073771e-01 | task2=2.728196e-01 | F1=8.521774e-02 | m1²=0.212180 | m2²=0.699407 | eps_w1=9.951512e-01 | eps_w2=5.842205e-01
[step    19300] t/d= 193.000 | task1=3.076746e-01 | task2=2.724337e-01 | F1=8.551527e-02 | m1²=0.209206 | m2²=0.703176 | eps_w1=9.984119e-01 | eps_w2=5.798698e-01
[step    19350] t/d= 193.500 | task1=3.079945e-01 | task2=2.721424e-01 | F1=8.583522e-02 | m1²=0.206452 | m2²=0.706717 | eps_w1=1.000900e+00 | eps_w2=5.765396e-01
[step    19400] t/d= 194.000 | task1=3.082755e-01 | task2=2.717548e-01 | F1=8.611617e-02 | m1²=0.204064 | m2²=0.710179 | eps_w1=1.003897e+00 | eps_w2=5.721760e-01
[step    19450] t/d= 194.500 | task1=3.085465e-01 | task2=2.713015e-01 | F1=8.638718e-02 | m1²=0.202554 | m2²=0.712413 | eps_w1=1.007054e+00 | eps_w2=5.677296e-01
[step    19500] t/d= 195.000 | task1=3.089147e-01 | task2=2.708365e-01 | F1=8.675541e-02 | m1²=0.199638 | m2²=0.716442 | eps_w1=1.011192e+00 | eps_w2=5.620500e-01
[step    19550] t/d= 195.500 | task1=3.091731e-01 | task2=2.705728e-01 | F1=8.701379e-02 | m1²=0.197420 | m2²=0.719483 | eps_w1=1.013637e+00 | eps_w2=5.586611e-01
[step    19600] t/d= 196.000 | task1=3.093850e-01 | task2=2.702858e-01 | F1=8.722567e-02 | m1²=0.195862 | m2²=0.721889 | eps_w1=1.015847e+00 | eps_w2=5.554341e-01
[step    19650] t/d= 196.500 | task1=3.096451e-01 | task2=2.699539e-01 | F1=8.748581e-02 | m1²=0.193649 | m2²=0.724457 | eps_w1=1.018655e+00 | eps_w2=5.520315e-01
[step    19700] t/d= 197.000 | task1=3.099120e-01 | task2=2.696750e-01 | F1=8.775264e-02 | m1²=0.191509 | m2²=0.727396 | eps_w1=1.021229e+00 | eps_w2=5.485195e-01
[step    19750] t/d= 197.500 | task1=3.101993e-01 | task2=2.694019e-01 | F1=8.804000e-02 | m1²=0.189259 | m2²=0.729567 | eps_w1=1.024412e+00 | eps_w2=5.450979e-01
[step    19800] t/d= 198.000 | task1=3.104686e-01 | task2=2.690379e-01 | F1=8.830924e-02 | m1²=0.187117 | m2²=0.732140 | eps_w1=1.027557e+00 | eps_w2=5.412798e-01
[step    19850] t/d= 198.500 | task1=3.107893e-01 | task2=2.686530e-01 | F1=8.863002e-02 | m1²=0.184573 | m2²=0.734983 | eps_w1=1.031024e+00 | eps_w2=5.372769e-01
[step    19900] t/d= 199.000 | task1=3.111856e-01 | task2=2.682874e-01 | F1=8.902631e-02 | m1²=0.182107 | m2²=0.737543 | eps_w1=1.034672e+00 | eps_w2=5.332822e-01
[step    19950] t/d= 199.500 | task1=3.114927e-01 | task2=2.679558e-01 | F1=8.933338e-02 | m1²=0.180727 | m2²=0.740201 | eps_w1=1.037395e+00 | eps_w2=5.291844e-01
[step    20000] t/d= 200.000 | task1=3.117416e-01 | task2=2.676830e-01 | F1=8.958223e-02 | m1²=0.178550 | m2²=0.742995 | eps_w1=1.040207e+00 | eps_w2=5.256540e-01
Saved checkpoint: results/quality_pretraining/finetunetask2_d100_T5/prestep_10000_task1step_100000_lr0p01_task1wseed21_task1sgdseed22_task2sgdseed42/checkpoints/step_000020000
[step    20050] t/d= 200.500 | task1=3.121703e-01 | task2=2.672030e-01 | F1=9.001100e-02 | m1²=0.175385 | m2²=0.747016 | eps_w1=1.044768e+00 | eps_w2=5.200708e-01
[step    20100] t/d= 201.000 | task1=3.124588e-01 | task2=2.669613e-01 | F1=9.029946e-02 | m1²=0.173153 | m2²=0.749929 | eps_w1=1.047174e+00 | eps_w2=5.169280e-01
[step    20150] t/d= 201.500 | task1=3.127624e-01 | task2=2.665896e-01 | F1=9.060306e-02 | m1²=0.171224 | m2²=0.752371 | eps_w1=1.050537e+00 | eps_w2=5.129464e-01
[step    20200] t/d= 202.000 | task1=3.130554e-01 | task2=2.662982e-01 | F1=9.089610e-02 | m1²=0.168959 | m2²=0.755595 | eps_w1=1.053260e+00 | eps_w2=5.092182e-01
[step    20250] t/d= 202.500 | task1=3.132677e-01 | task2=2.660792e-01 | F1=9.110836e-02 | m1²=0.167475 | m2²=0.757498 | eps_w1=1.055245e+00 | eps_w2=5.067694e-01
[step    20300] t/d= 203.000 | task1=3.136305e-01 | task2=2.656658e-01 | F1=9.147117e-02 | m1²=0.165345 | m2²=0.760410 | eps_w1=1.058955e+00 | eps_w2=5.022201e-01
[step    20350] t/d= 203.500 | task1=3.138944e-01 | task2=2.653751e-01 | F1=9.173507e-02 | m1²=0.163642 | m2²=0.761994 | eps_w1=1.062275e+00 | eps_w2=4.989677e-01
[step    20400] t/d= 204.000 | task1=3.143051e-01 | task2=2.648684e-01 | F1=9.214575e-02 | m1²=0.161449 | m2²=0.765606 | eps_w1=1.066751e+00 | eps_w2=4.931171e-01
[step    20450] t/d= 204.500 | task1=3.146907e-01 | task2=2.644822e-01 | F1=9.253142e-02 | m1²=0.158763 | m2²=0.768229 | eps_w1=1.071022e+00 | eps_w2=4.888971e-01
[step    20500] t/d= 205.000 | task1=3.150006e-01 | task2=2.640882e-01 | F1=9.284129e-02 | m1²=0.156675 | m2²=0.771119 | eps_w1=1.074518e+00 | eps_w2=4.846419e-01
[step    20550] t/d= 205.500 | task1=3.152967e-01 | task2=2.637642e-01 | F1=9.313734e-02 | m1²=0.155038 | m2²=0.773448 | eps_w1=1.077508e+00 | eps_w2=4.810247e-01
[step    20600] t/d= 206.000 | task1=3.155771e-01 | task2=2.635304e-01 | F1=9.341777e-02 | m1²=0.153674 | m2²=0.775610 | eps_w1=1.079844e+00 | eps_w2=4.779410e-01
[step    20650] t/d= 206.500 | task1=3.159663e-01 | task2=2.630821e-01 | F1=9.380699e-02 | m1²=0.151705 | m2²=0.777691 | eps_w1=1.084197e+00 | eps_w2=4.736546e-01
[step    20700] t/d= 207.000 | task1=3.162309e-01 | task2=2.628428e-01 | F1=9.407162e-02 | m1²=0.150186 | m2²=0.780176 | eps_w1=1.086495e+00 | eps_w2=4.704325e-01
[step    20750] t/d= 207.500 | task1=3.166403e-01 | task2=2.624724e-01 | F1=9.448099e-02 | m1²=0.147708 | m2²=0.783224 | eps_w1=1.090315e+00 | eps_w2=4.661231e-01
[step    20800] t/d= 208.000 | task1=3.170276e-01 | task2=2.620801e-01 | F1=9.486823e-02 | m1²=0.145416 | m2²=0.786090 | eps_w1=1.094300e+00 | eps_w2=4.617083e-01
[step    20850] t/d= 208.500 | task1=3.173994e-01 | task2=2.617216e-01 | F1=9.524011e-02 | m1²=0.143813 | m2²=0.788554 | eps_w1=1.098098e+00 | eps_w2=4.573035e-01
[step    20900] t/d= 209.000 | task1=3.177786e-01 | task2=2.613530e-01 | F1=9.561930e-02 | m1²=0.142178 | m2²=0.790942 | eps_w1=1.102172e+00 | eps_w2=4.527984e-01
[step    20950] t/d= 209.500 | task1=3.181302e-01 | task2=2.610086e-01 | F1=9.597084e-02 | m1²=0.140761 | m2²=0.793156 | eps_w1=1.105497e+00 | eps_w2=4.489398e-01
[step    21000] t/d= 210.000 | task1=3.184419e-01 | task2=2.607217e-01 | F1=9.628254e-02 | m1²=0.138988 | m2²=0.796000 | eps_w1=1.108383e+00 | eps_w2=4.450890e-01
[step    21050] t/d= 210.500 | task1=3.186798e-01 | task2=2.604561e-01 | F1=9.652043e-02 | m1²=0.138039 | m2²=0.797637 | eps_w1=1.110593e+00 | eps_w2=4.423699e-01
[step    21100] t/d= 211.000 | task1=3.189858e-01 | task2=2.601125e-01 | F1=9.682645e-02 | m1²=0.136689 | m2²=0.800877 | eps_w1=1.113071e+00 | eps_w2=4.381001e-01
[step    21150] t/d= 211.500 | task1=3.192264e-01 | task2=2.597919e-01 | F1=9.706709e-02 | m1²=0.135773 | m2²=0.803093 | eps_w1=1.115799e+00 | eps_w2=4.343425e-01
[step    21200] t/d= 212.000 | task1=3.195845e-01 | task2=2.594676e-01 | F1=9.742515e-02 | m1²=0.134070 | m2²=0.805244 | eps_w1=1.119356e+00 | eps_w2=4.306319e-01
[step    21250] t/d= 212.500 | task1=3.200073e-01 | task2=2.590670e-01 | F1=9.784800e-02 | m1²=0.131970 | m2²=0.807389 | eps_w1=1.124358e+00 | eps_w2=4.261356e-01
[step    21300] t/d= 213.000 | task1=3.202491e-01 | task2=2.588144e-01 | F1=9.808982e-02 | m1²=0.130912 | m2²=0.809150 | eps_w1=1.126781e+00 | eps_w2=4.232399e-01
[step    21350] t/d= 213.500 | task1=3.205539e-01 | task2=2.584977e-01 | F1=9.839461e-02 | m1²=0.128907 | m2²=0.811518 | eps_w1=1.130183e+00 | eps_w2=4.196966e-01
[step    21400] t/d= 214.000 | task1=3.208814e-01 | task2=2.582142e-01 | F1=9.872204e-02 | m1²=0.127201 | m2²=0.813756 | eps_w1=1.133260e+00 | eps_w2=4.163094e-01
[step    21450] t/d= 214.500 | task1=3.212213e-01 | task2=2.578733e-01 | F1=9.906194e-02 | m1²=0.125840 | m2²=0.816113 | eps_w1=1.136587e+00 | eps_w2=4.123476e-01
[step    21500] t/d= 215.000 | task1=3.216232e-01 | task2=2.575439e-01 | F1=9.946389e-02 | m1²=0.124215 | m2²=0.817859 | eps_w1=1.140649e+00 | eps_w2=4.087127e-01
[step    21550] t/d= 215.500 | task1=3.218171e-01 | task2=2.573663e-01 | F1=9.965780e-02 | m1²=0.122890 | m2²=0.819569 | eps_w1=1.142633e+00 | eps_w2=4.064227e-01
[step    21600] t/d= 216.000 | task1=3.222095e-01 | task2=2.570300e-01 | F1=1.000502e-01 | m1²=0.121237 | m2²=0.821720 | eps_w1=1.146867e+00 | eps_w2=4.022729e-01
[step    21650] t/d= 216.500 | task1=3.225195e-01 | task2=2.566924e-01 | F1=1.003602e-01 | m1²=0.119930 | m2²=0.822998 | eps_w1=1.151195e+00 | eps_w2=3.987771e-01
[step    21700] t/d= 217.000 | task1=3.228628e-01 | task2=2.563432e-01 | F1=1.007035e-01 | m1²=0.118275 | m2²=0.824843 | eps_w1=1.155561e+00 | eps_w2=3.949246e-01
[step    21750] t/d= 217.500 | task1=3.232960e-01 | task2=2.559683e-01 | F1=1.011366e-01 | m1²=0.116782 | m2²=0.827423 | eps_w1=1.159964e+00 | eps_w2=3.901420e-01
[step    21800] t/d= 218.000 | task1=3.236650e-01 | task2=2.556462e-01 | F1=1.015057e-01 | m1²=0.115255 | m2²=0.829252 | eps_w1=1.163806e+00 | eps_w2=3.866149e-01
[step    21850] t/d= 218.500 | task1=3.240200e-01 | task2=2.553805e-01 | F1=1.018607e-01 | m1²=0.114125 | m2²=0.831265 | eps_w1=1.166868e+00 | eps_w2=3.831313e-01
[step    21900] t/d= 219.000 | task1=3.243926e-01 | task2=2.550036e-01 | F1=1.022333e-01 | m1²=0.113270 | m2²=0.832656 | eps_w1=1.171254e+00 | eps_w2=3.792875e-01
[step    21950] t/d= 219.500 | task1=3.248143e-01 | task2=2.546560e-01 | F1=1.026550e-01 | m1²=0.110990 | m2²=0.835130 | eps_w1=1.175805e+00 | eps_w2=3.751503e-01
[step    22000] t/d= 220.000 | task1=3.252720e-01 | task2=2.542219e-01 | F1=1.031127e-01 | m1²=0.108921 | m2²=0.837445 | eps_w1=1.181150e+00 | eps_w2=3.705505e-01
[step    22050] t/d= 220.500 | task1=3.256871e-01 | task2=2.538646e-01 | F1=1.035278e-01 | m1²=0.107287 | m2²=0.839746 | eps_w1=1.185196e+00 | eps_w2=3.665065e-01
[step    22100] t/d= 221.000 | task1=3.259381e-01 | task2=2.536372e-01 | F1=1.037788e-01 | m1²=0.106496 | m2²=0.841124 | eps_w1=1.188507e+00 | eps_w2=3.634090e-01
[step    22150] t/d= 221.500 | task1=3.262689e-01 | task2=2.533517e-01 | F1=1.041096e-01 | m1²=0.105415 | m2²=0.841952 | eps_w1=1.192933e+00 | eps_w2=3.604792e-01
[step    22200] t/d= 222.000 | task1=3.266979e-01 | task2=2.530428e-01 | F1=1.045386e-01 | m1²=0.103739 | m2²=0.844431 | eps_w1=1.196398e+00 | eps_w2=3.566428e-01
[step    22250] t/d= 222.500 | task1=3.270160e-01 | task2=2.527621e-01 | F1=1.048566e-01 | m1²=0.102363 | m2²=0.846610 | eps_w1=1.199503e+00 | eps_w2=3.531696e-01
[step    22300] t/d= 223.000 | task1=3.273363e-01 | task2=2.524722e-01 | F1=1.051770e-01 | m1²=0.100704 | m2²=0.848773 | eps_w1=1.202976e+00 | eps_w2=3.496859e-01
[step    22350] t/d= 223.500 | task1=3.277622e-01 | task2=2.521583e-01 | F1=1.056029e-01 | m1²=0.099378 | m2²=0.850356 | eps_w1=1.207709e+00 | eps_w2=3.459208e-01
[step    22400] t/d= 224.000 | task1=3.280782e-01 | task2=2.519580e-01 | F1=1.059189e-01 | m1²=0.098280 | m2²=0.851724 | eps_w1=1.211131e+00 | eps_w2=3.430426e-01
[step    22450] t/d= 224.500 | task1=3.284550e-01 | task2=2.515762e-01 | F1=1.062956e-01 | m1²=0.096542 | m2²=0.853378 | eps_w1=1.216620e+00 | eps_w2=3.390762e-01
[step    22500] t/d= 225.000 | task1=3.287118e-01 | task2=2.513287e-01 | F1=1.065525e-01 | m1²=0.096321 | m2²=0.854667 | eps_w1=1.219558e+00 | eps_w2=3.360287e-01
[step    22550] t/d= 225.500 | task1=3.290483e-01 | task2=2.510304e-01 | F1=1.068889e-01 | m1²=0.094747 | m2²=0.856907 | eps_w1=1.223175e+00 | eps_w2=3.323437e-01
[step    22600] t/d= 226.000 | task1=3.292516e-01 | task2=2.508138e-01 | F1=1.070923e-01 | m1²=0.094399 | m2²=0.857388 | eps_w1=1.226429e+00 | eps_w2=3.301930e-01
[step    22650] t/d= 226.500 | task1=3.295446e-01 | task2=2.506512e-01 | F1=1.073852e-01 | m1²=0.092909 | m2²=0.858591 | eps_w1=1.230213e+00 | eps_w2=3.276247e-01
[step    22700] t/d= 227.000 | task1=3.298522e-01 | task2=2.504162e-01 | F1=1.076929e-01 | m1²=0.092335 | m2²=0.859647 | eps_w1=1.233200e+00 | eps_w2=3.251001e-01
[step    22750] t/d= 227.500 | task1=3.303114e-01 | task2=2.500824e-01 | F1=1.081521e-01 | m1²=0.090738 | m2²=0.861205 | eps_w1=1.238526e+00 | eps_w2=3.213738e-01
[step    22800] t/d= 228.000 | task1=3.307089e-01 | task2=2.497559e-01 | F1=1.085496e-01 | m1²=0.089989 | m2²=0.863559 | eps_w1=1.241928e+00 | eps_w2=3.171777e-01
[step    22850] t/d= 228.500 | task1=3.310415e-01 | task2=2.495315e-01 | F1=1.088822e-01 | m1²=0.089057 | m2²=0.864861 | eps_w1=1.245791e+00 | eps_w2=3.141495e-01
[step    22900] t/d= 229.000 | task1=3.312767e-01 | task2=2.492936e-01 | F1=1.091174e-01 | m1²=0.087775 | m2²=0.866250 | eps_w1=1.248799e+00 | eps_w2=3.116759e-01
[step    22950] t/d= 229.500 | task1=3.316841e-01 | task2=2.489493e-01 | F1=1.095248e-01 | m1²=0.086622 | m2²=0.867497 | eps_w1=1.254157e+00 | eps_w2=3.081180e-01
[step    23000] t/d= 230.000 | task1=3.317856e-01 | task2=2.488676e-01 | F1=1.096263e-01 | m1²=0.085906 | m2²=0.868380 | eps_w1=1.255680e+00 | eps_w2=3.066878e-01
[step    23050] t/d= 230.500 | task1=3.320211e-01 | task2=2.487465e-01 | F1=1.098618e-01 | m1²=0.085117 | m2²=0.869270 | eps_w1=1.258121e+00 | eps_w2=3.048366e-01
[step    23100] t/d= 231.000 | task1=3.324942e-01 | task2=2.484125e-01 | F1=1.103349e-01 | m1²=0.083727 | m2²=0.870583 | eps_w1=1.263818e+00 | eps_w2=3.012209e-01
[step    23150] t/d= 231.500 | task1=3.328613e-01 | task2=2.481210e-01 | F1=1.107020e-01 | m1²=0.082881 | m2²=0.871809 | eps_w1=1.268519e+00 | eps_w2=2.979109e-01
[step    23200] t/d= 232.000 | task1=3.333121e-01 | task2=2.477673e-01 | F1=1.111528e-01 | m1²=0.081872 | m2²=0.873360 | eps_w1=1.274655e+00 | eps_w2=2.936371e-01
[step    23250] t/d= 232.500 | task1=3.338594e-01 | task2=2.474126e-01 | F1=1.117001e-01 | m1²=0.080047 | m2²=0.875768 | eps_w1=1.279667e+00 | eps_w2=2.892848e-01
[step    23300] t/d= 233.000 | task1=3.341473e-01 | task2=2.471644e-01 | F1=1.119879e-01 | m1²=0.078744 | m2²=0.877344 | eps_w1=1.283486e+00 | eps_w2=2.862539e-01
[step    23350] t/d= 233.500 | task1=3.344045e-01 | task2=2.469862e-01 | F1=1.122452e-01 | m1²=0.078041 | m2²=0.878613 | eps_w1=1.286388e+00 | eps_w2=2.837001e-01
[step    23400] t/d= 234.000 | task1=3.347304e-01 | task2=2.467957e-01 | F1=1.125711e-01 | m1²=0.077180 | m2²=0.879190 | eps_w1=1.290462e+00 | eps_w2=2.816058e-01
[step    23450] t/d= 234.500 | task1=3.350697e-01 | task2=2.465782e-01 | F1=1.129104e-01 | m1²=0.076243 | m2²=0.880326 | eps_w1=1.294265e+00 | eps_w2=2.789697e-01
[step    23500] t/d= 235.000 | task1=3.352419e-01 | task2=2.464581e-01 | F1=1.130825e-01 | m1²=0.075095 | m2²=0.881741 | eps_w1=1.295768e+00 | eps_w2=2.771041e-01
[step    23550] t/d= 235.500 | task1=3.355454e-01 | task2=2.462819e-01 | F1=1.133861e-01 | m1²=0.074180 | m2²=0.882993 | eps_w1=1.299106e+00 | eps_w2=2.745128e-01
[step    23600] t/d= 236.000 | task1=3.358792e-01 | task2=2.460739e-01 | F1=1.137199e-01 | m1²=0.073579 | m2²=0.884117 | eps_w1=1.303575e+00 | eps_w2=2.714358e-01
[step    23650] t/d= 236.500 | task1=3.362610e-01 | task2=2.458039e-01 | F1=1.141016e-01 | m1²=0.072416 | m2²=0.885612 | eps_w1=1.308247e+00 | eps_w2=2.681062e-01
[step    23700] t/d= 237.000 | task1=3.367225e-01 | task2=2.454905e-01 | F1=1.145631e-01 | m1²=0.071104 | m2²=0.887144 | eps_w1=1.314097e+00 | eps_w2=2.643272e-01
[step    23750] t/d= 237.500 | task1=3.370825e-01 | task2=2.453115e-01 | F1=1.149232e-01 | m1²=0.069925 | m2²=0.888378 | eps_w1=1.318017e+00 | eps_w2=2.616925e-01
[step    23800] t/d= 238.000 | task1=3.374267e-01 | task2=2.450920e-01 | F1=1.152674e-01 | m1²=0.069061 | m2²=0.889569 | eps_w1=1.322233e+00 | eps_w2=2.588355e-01
[step    23850] t/d= 238.500 | task1=3.376005e-01 | task2=2.449300e-01 | F1=1.154412e-01 | m1²=0.067932 | m2²=0.890365 | eps_w1=1.324544e+00 | eps_w2=2.574253e-01
[step    23900] t/d= 239.000 | task1=3.381669e-01 | task2=2.445621e-01 | F1=1.160076e-01 | m1²=0.067388 | m2²=0.891741 | eps_w1=1.331274e+00 | eps_w2=2.531737e-01
[step    23950] t/d= 239.500 | task1=3.382975e-01 | task2=2.444186e-01 | F1=1.161381e-01 | m1²=0.066941 | m2²=0.892571 | eps_w1=1.332940e+00 | eps_w2=2.516305e-01
[step    24000] t/d= 240.000 | task1=3.386607e-01 | task2=2.441486e-01 | F1=1.165014e-01 | m1²=0.066208 | m2²=0.893601 | eps_w1=1.337547e+00 | eps_w2=2.488161e-01
[step    24050] t/d= 240.500 | task1=3.389287e-01 | task2=2.439213e-01 | F1=1.167694e-01 | m1²=0.065480 | m2²=0.894792 | eps_w1=1.341173e+00 | eps_w2=2.461748e-01
[step    24100] t/d= 241.000 | task1=3.393156e-01 | task2=2.436799e-01 | F1=1.171562e-01 | m1²=0.065119 | m2²=0.895480 | eps_w1=1.346285e+00 | eps_w2=2.434850e-01
[step    24150] t/d= 241.500 | task1=3.395356e-01 | task2=2.435140e-01 | F1=1.173762e-01 | m1²=0.064479 | m2²=0.896772 | eps_w1=1.348663e+00 | eps_w2=2.411464e-01
[step    24200] t/d= 242.000 | task1=3.399142e-01 | task2=2.432155e-01 | F1=1.177549e-01 | m1²=0.063591 | m2²=0.897520 | eps_w1=1.354368e+00 | eps_w2=2.384521e-01
[step    24250] t/d= 242.500 | task1=3.403145e-01 | task2=2.429754e-01 | F1=1.181551e-01 | m1²=0.062418 | m2²=0.898487 | eps_w1=1.359662e+00 | eps_w2=2.357717e-01
[step    24300] t/d= 243.000 | task1=3.406959e-01 | task2=2.427025e-01 | F1=1.185366e-01 | m1²=0.061870 | m2²=0.899299 | eps_w1=1.365071e+00 | eps_w2=2.329943e-01
[step    24350] t/d= 243.500 | task1=3.410260e-01 | task2=2.425197e-01 | F1=1.188666e-01 | m1²=0.061095 | m2²=0.900153 | eps_w1=1.368452e+00 | eps_w2=2.309914e-01
[step    24400] t/d= 244.000 | task1=3.414418e-01 | task2=2.422325e-01 | F1=1.192824e-01 | m1²=0.060233 | m2²=0.901016 | eps_w1=1.373456e+00 | eps_w2=2.284677e-01
[step    24450] t/d= 244.500 | task1=3.417818e-01 | task2=2.419922e-01 | F1=1.196225e-01 | m1²=0.059647 | m2²=0.902408 | eps_w1=1.377906e+00 | eps_w2=2.252807e-01
[step    24500] t/d= 245.000 | task1=3.420686e-01 | task2=2.418330e-01 | F1=1.199093e-01 | m1²=0.059333 | m2²=0.902996 | eps_w1=1.382090e+00 | eps_w2=2.232057e-01
[step    24550] t/d= 245.500 | task1=3.423788e-01 | task2=2.416733e-01 | F1=1.202195e-01 | m1²=0.058400 | m2²=0.904420 | eps_w1=1.385586e+00 | eps_w2=2.204630e-01
[step    24600] t/d= 246.000 | task1=3.426742e-01 | task2=2.414795e-01 | F1=1.205149e-01 | m1²=0.057513 | m2²=0.905499 | eps_w1=1.389733e+00 | eps_w2=2.179791e-01
[step    24650] t/d= 246.500 | task1=3.429786e-01 | task2=2.413370e-01 | F1=1.208193e-01 | m1²=0.056913 | m2²=0.906239 | eps_w1=1.393584e+00 | eps_w2=2.159546e-01
[step    24700] t/d= 247.000 | task1=3.434635e-01 | task2=2.411065e-01 | F1=1.213041e-01 | m1²=0.056547 | m2²=0.907055 | eps_w1=1.399868e+00 | eps_w2=2.129747e-01
[step    24750] t/d= 247.500 | task1=3.437458e-01 | task2=2.408891e-01 | F1=1.215864e-01 | m1²=0.055677 | m2²=0.908013 | eps_w1=1.403528e+00 | eps_w2=2.108416e-01
[step    24800] t/d= 248.000 | task1=3.442600e-01 | task2=2.405992e-01 | F1=1.221007e-01 | m1²=0.054913 | m2²=0.909491 | eps_w1=1.408890e+00 | eps_w2=2.074032e-01
[step    24850] t/d= 248.500 | task1=3.446398e-01 | task2=2.404088e-01 | F1=1.224805e-01 | m1²=0.054113 | m2²=0.910586 | eps_w1=1.413865e+00 | eps_w2=2.046637e-01
[step    24900] t/d= 249.000 | task1=3.450214e-01 | task2=2.402044e-01 | F1=1.228620e-01 | m1²=0.053349 | m2²=0.911902 | eps_w1=1.418298e+00 | eps_w2=2.017586e-01
[step    24950] t/d= 249.500 | task1=3.452919e-01 | task2=2.400013e-01 | F1=1.231326e-01 | m1²=0.052639 | m2²=0.912912 | eps_w1=1.420634e+00 | eps_w2=1.998950e-01
[step    25000] t/d= 250.000 | task1=3.458381e-01 | task2=2.397311e-01 | F1=1.236788e-01 | m1²=0.051920 | m2²=0.913979 | eps_w1=1.427373e+00 | eps_w2=1.966862e-01
[step    25050] t/d= 250.500 | task1=3.460711e-01 | task2=2.396020e-01 | F1=1.239118e-01 | m1²=0.051520 | m2²=0.914494 | eps_w1=1.430643e+00 | eps_w2=1.951665e-01
[step    25100] t/d= 251.000 | task1=3.464835e-01 | task2=2.394323e-01 | F1=1.243242e-01 | m1²=0.050672 | m2²=0.915682 | eps_w1=1.435106e+00 | eps_w2=1.925069e-01
[step    25150] t/d= 251.500 | task1=3.468320e-01 | task2=2.391792e-01 | F1=1.246726e-01 | m1²=0.049530 | m2²=0.917427 | eps_w1=1.438502e+00 | eps_w2=1.894352e-01
[step    25200] t/d= 252.000 | task1=3.471234e-01 | task2=2.389814e-01 | F1=1.249641e-01 | m1²=0.048790 | m2²=0.917855 | eps_w1=1.443093e+00 | eps_w2=1.878334e-01
[step    25250] t/d= 252.500 | task1=3.474548e-01 | task2=2.388004e-01 | F1=1.252955e-01 | m1²=0.048429 | m2²=0.918403 | eps_w1=1.447909e+00 | eps_w2=1.858655e-01
[step    25300] t/d= 253.000 | task1=3.478942e-01 | task2=2.385599e-01 | F1=1.257349e-01 | m1²=0.047516 | m2²=0.919739 | eps_w1=1.453286e+00 | eps_w2=1.827968e-01
[step    25350] t/d= 253.500 | task1=3.480720e-01 | task2=2.384451e-01 | F1=1.259127e-01 | m1²=0.046998 | m2²=0.920115 | eps_w1=1.456906e+00 | eps_w2=1.814896e-01
[step    25400] t/d= 254.000 | task1=3.483389e-01 | task2=2.383535e-01 | F1=1.261795e-01 | m1²=0.046501 | m2²=0.920864 | eps_w1=1.459690e+00 | eps_w2=1.798328e-01
[step    25450] t/d= 254.500 | task1=3.486049e-01 | task2=2.382272e-01 | F1=1.264456e-01 | m1²=0.046021 | m2²=0.921586 | eps_w1=1.463435e+00 | eps_w2=1.779711e-01
[step    25500] t/d= 255.000 | task1=3.488962e-01 | task2=2.380074e-01 | F1=1.267369e-01 | m1²=0.045555 | m2²=0.922802 | eps_w1=1.466719e+00 | eps_w2=1.754774e-01
[step    25550] t/d= 255.500 | task1=3.490426e-01 | task2=2.378798e-01 | F1=1.268833e-01 | m1²=0.045239 | m2²=0.923037 | eps_w1=1.469682e+00 | eps_w2=1.745003e-01
[step    25600] t/d= 256.000 | task1=3.493305e-01 | task2=2.377589e-01 | F1=1.271712e-01 | m1²=0.044700 | m2²=0.923623 | eps_w1=1.473685e+00 | eps_w2=1.728239e-01
[step    25650] t/d= 256.500 | task1=3.496269e-01 | task2=2.375836e-01 | F1=1.274676e-01 | m1²=0.044079 | m2²=0.924759 | eps_w1=1.476661e+00 | eps_w2=1.705900e-01
[step    25700] t/d= 257.000 | task1=3.500777e-01 | task2=2.373380e-01 | F1=1.279184e-01 | m1²=0.043563 | m2²=0.925744 | eps_w1=1.482382e+00 | eps_w2=1.678997e-01
[step    25750] t/d= 257.500 | task1=3.504661e-01 | task2=2.371493e-01 | F1=1.283068e-01 | m1²=0.042934 | m2²=0.926933 | eps_w1=1.486325e+00 | eps_w2=1.653658e-01
[step    25800] t/d= 258.000 | task1=3.509802e-01 | task2=2.368991e-01 | F1=1.288209e-01 | m1²=0.042416 | m2²=0.928002 | eps_w1=1.493375e+00 | eps_w2=1.622722e-01
[step    25850] t/d= 258.500 | task1=3.512411e-01 | task2=2.367725e-01 | F1=1.290818e-01 | m1²=0.041662 | m2²=0.928592 | eps_w1=1.497196e+00 | eps_w2=1.607512e-01
[step    25900] t/d= 259.000 | task1=3.514544e-01 | task2=2.366530e-01 | F1=1.292951e-01 | m1²=0.041174 | m2²=0.929231 | eps_w1=1.499075e+00 | eps_w2=1.595017e-01
[step    25950] t/d= 259.500 | task1=3.516753e-01 | task2=2.365327e-01 | F1=1.295160e-01 | m1²=0.040671 | m2²=0.930011 | eps_w1=1.502304e+00 | eps_w2=1.577408e-01
[step    26000] t/d= 260.000 | task1=3.519315e-01 | task2=2.363989e-01 | F1=1.297722e-01 | m1²=0.040091 | m2²=0.930371 | eps_w1=1.506659e+00 | eps_w2=1.564188e-01
[step    26050] t/d= 260.500 | task1=3.524501e-01 | task2=2.362337e-01 | F1=1.302908e-01 | m1²=0.039828 | m2²=0.930945 | eps_w1=1.513955e+00 | eps_w2=1.540539e-01
[step    26100] t/d= 261.000 | task1=3.527047e-01 | task2=2.361213e-01 | F1=1.305453e-01 | m1²=0.039144 | m2²=0.931631 | eps_w1=1.517217e+00 | eps_w2=1.525121e-01
[step    26150] t/d= 261.500 | task1=3.530612e-01 | task2=2.358250e-01 | F1=1.309018e-01 | m1²=0.038252 | m2²=0.932960 | eps_w1=1.522460e+00 | eps_w2=1.496182e-01
[step    26200] t/d= 262.000 | task1=3.534832e-01 | task2=2.356893e-01 | F1=1.313239e-01 | m1²=0.037912 | m2²=0.933108 | eps_w1=1.528723e+00 | eps_w2=1.482370e-01
[step    26250] t/d= 262.500 | task1=3.538262e-01 | task2=2.355186e-01 | F1=1.316668e-01 | m1²=0.037370 | m2²=0.934132 | eps_w1=1.533270e+00 | eps_w2=1.458807e-01
[step    26300] t/d= 263.000 | task1=3.541008e-01 | task2=2.354229e-01 | F1=1.319415e-01 | m1²=0.036961 | m2²=0.934660 | eps_w1=1.536594e+00 | eps_w2=1.445206e-01
[step    26350] t/d= 263.500 | task1=3.543881e-01 | task2=2.352783e-01 | F1=1.322288e-01 | m1²=0.036747 | m2²=0.935310 | eps_w1=1.540369e+00 | eps_w2=1.428280e-01
[step    26400] t/d= 264.000 | task1=3.545783e-01 | task2=2.351781e-01 | F1=1.324190e-01 | m1²=0.036597 | m2²=0.935810 | eps_w1=1.543240e+00 | eps_w2=1.415329e-01
[step    26450] t/d= 264.500 | task1=3.549065e-01 | task2=2.350800e-01 | F1=1.327472e-01 | m1²=0.036645 | m2²=0.935986 | eps_w1=1.547526e+00 | eps_w2=1.404538e-01
[step    26500] t/d= 265.000 | task1=3.553193e-01 | task2=2.348907e-01 | F1=1.331600e-01 | m1²=0.036324 | m2²=0.936517 | eps_w1=1.552963e+00 | eps_w2=1.387167e-01
[step    26550] t/d= 265.500 | task1=3.556082e-01 | task2=2.347689e-01 | F1=1.334489e-01 | m1²=0.035923 | m2²=0.936926 | eps_w1=1.557152e+00 | eps_w2=1.374337e-01
[step    26600] t/d= 266.000 | task1=3.557529e-01 | task2=2.346741e-01 | F1=1.335935e-01 | m1²=0.035680 | m2²=0.937746 | eps_w1=1.559200e+00 | eps_w2=1.358136e-01
[step    26650] t/d= 266.500 | task1=3.557886e-01 | task2=2.346873e-01 | F1=1.336293e-01 | m1²=0.035628 | m2²=0.937863 | eps_w1=1.560244e+00 | eps_w2=1.354591e-01
[step    26700] t/d= 267.000 | task1=3.560370e-01 | task2=2.346255e-01 | F1=1.338777e-01 | m1²=0.035402 | m2²=0.938228 | eps_w1=1.564333e+00 | eps_w2=1.342354e-01
[step    26750] t/d= 267.500 | task1=3.564380e-01 | task2=2.344436e-01 | F1=1.342786e-01 | m1²=0.034553 | m2²=0.939524 | eps_w1=1.568420e+00 | eps_w2=1.316580e-01
[step    26800] t/d= 268.000 | task1=3.564428e-01 | task2=2.344396e-01 | F1=1.342835e-01 | m1²=0.034539 | m2²=0.939632 | eps_w1=1.569011e+00 | eps_w2=1.313876e-01
[step    26850] t/d= 268.500 | task1=3.566219e-01 | task2=2.343463e-01 | F1=1.344625e-01 | m1²=0.034112 | m2²=0.940103 | eps_w1=1.570924e+00 | eps_w2=1.304112e-01
[step    26900] t/d= 269.000 | task1=3.568779e-01 | task2=2.342281e-01 | F1=1.347185e-01 | m1²=0.033930 | m2²=0.940379 | eps_w1=1.574144e+00 | eps_w2=1.294822e-01
[step    26950] t/d= 269.500 | task1=3.571855e-01 | task2=2.341240e-01 | F1=1.350261e-01 | m1²=0.033487 | m2²=0.940854 | eps_w1=1.578396e+00 | eps_w2=1.281336e-01
[step    27000] t/d= 270.000 | task1=3.576196e-01 | task2=2.339138e-01 | F1=1.354603e-01 | m1²=0.033037 | m2²=0.941710 | eps_w1=1.583515e+00 | eps_w2=1.260321e-01
[step    27050] t/d= 270.500 | task1=3.579597e-01 | task2=2.337951e-01 | F1=1.358003e-01 | m1²=0.032681 | m2²=0.942100 | eps_w1=1.586724e+00 | eps_w2=1.249821e-01
[step    27100] t/d= 271.000 | task1=3.582672e-01 | task2=2.336532e-01 | F1=1.361079e-01 | m1²=0.032559 | m2²=0.942418 | eps_w1=1.591539e+00 | eps_w2=1.237635e-01
[step    27150] t/d= 271.500 | task1=3.586358e-01 | task2=2.334697e-01 | F1=1.364765e-01 | m1²=0.032037 | m2²=0.943179 | eps_w1=1.596441e+00 | eps_w2=1.219018e-01
[step    27200] t/d= 272.000 | task1=3.592071e-01 | task2=2.332697e-01 | F1=1.370478e-01 | m1²=0.031344 | m2²=0.944299 | eps_w1=1.603488e+00 | eps_w2=1.191835e-01
[step    27250] t/d= 272.500 | task1=3.595050e-01 | task2=2.331583e-01 | F1=1.373457e-01 | m1²=0.030776 | m2²=0.944865 | eps_w1=1.607173e+00 | eps_w2=1.178497e-01
[step    27300] t/d= 273.000 | task1=3.600674e-01 | task2=2.329709e-01 | F1=1.379081e-01 | m1²=0.030085 | m2²=0.945650 | eps_w1=1.614518e+00 | eps_w2=1.156870e-01
[step    27350] t/d= 273.500 | task1=3.602135e-01 | task2=2.328659e-01 | F1=1.380542e-01 | m1²=0.029439 | m2²=0.946233 | eps_w1=1.615768e+00 | eps_w2=1.146748e-01
[step    27400] t/d= 274.000 | task1=3.603175e-01 | task2=2.328270e-01 | F1=1.381582e-01 | m1²=0.029320 | m2²=0.946414 | eps_w1=1.616616e+00 | eps_w2=1.142822e-01
[step    27450] t/d= 274.500 | task1=3.605017e-01 | task2=2.328027e-01 | F1=1.383424e-01 | m1²=0.029056 | m2²=0.946790 | eps_w1=1.619944e+00 | eps_w2=1.132650e-01
[step    27500] t/d= 275.000 | task1=3.608634e-01 | task2=2.326787e-01 | F1=1.387041e-01 | m1²=0.028728 | m2²=0.947469 | eps_w1=1.624882e+00 | eps_w2=1.115481e-01
[step    27550] t/d= 275.500 | task1=3.611401e-01 | task2=2.326037e-01 | F1=1.389808e-01 | m1²=0.028171 | m2²=0.947965 | eps_w1=1.628696e+00 | eps_w2=1.103403e-01
[step    27600] t/d= 276.000 | task1=3.617974e-01 | task2=2.323725e-01 | F1=1.396381e-01 | m1²=0.027802 | m2²=0.948548 | eps_w1=1.637895e+00 | eps_w2=1.083081e-01
[step    27650] t/d= 276.500 | task1=3.620481e-01 | task2=2.322573e-01 | F1=1.398888e-01 | m1²=0.027345 | m2²=0.949065 | eps_w1=1.641318e+00 | eps_w2=1.071114e-01
[step    27700] t/d= 277.000 | task1=3.622618e-01 | task2=2.321329e-01 | F1=1.401024e-01 | m1²=0.027108 | m2²=0.949585 | eps_w1=1.644267e+00 | eps_w2=1.059249e-01
[step    27750] t/d= 277.500 | task1=3.625691e-01 | task2=2.320509e-01 | F1=1.404098e-01 | m1²=0.026715 | m2²=0.949890 | eps_w1=1.648862e+00 | eps_w2=1.049583e-01
[step    27800] t/d= 278.000 | task1=3.628644e-01 | task2=2.319347e-01 | F1=1.407051e-01 | m1²=0.026358 | m2²=0.950132 | eps_w1=1.653244e+00 | eps_w2=1.041299e-01
[step    27850] t/d= 278.500 | task1=3.630150e-01 | task2=2.319152e-01 | F1=1.408556e-01 | m1²=0.025976 | m2²=0.950185 | eps_w1=1.655283e+00 | eps_w2=1.038893e-01
[step    27900] t/d= 279.000 | task1=3.632520e-01 | task2=2.317449e-01 | F1=1.410927e-01 | m1²=0.025194 | m2²=0.951131 | eps_w1=1.657781e+00 | eps_w2=1.021213e-01
[step    27950] t/d= 279.500 | task1=3.633876e-01 | task2=2.316361e-01 | F1=1.412283e-01 | m1²=0.025014 | m2²=0.951684 | eps_w1=1.659522e+00 | eps_w2=1.010079e-01
[step    28000] t/d= 280.000 | task1=3.638800e-01 | task2=2.315215e-01 | F1=1.417207e-01 | m1²=0.024601 | m2²=0.952196 | eps_w1=1.666430e+00 | eps_w2=9.948013e-02
[step    28050] t/d= 280.500 | task1=3.640029e-01 | task2=2.314592e-01 | F1=1.418436e-01 | m1²=0.024581 | m2²=0.952567 | eps_w1=1.667210e+00 | eps_w2=9.875812e-02
[step    28100] t/d= 281.000 | task1=3.643207e-01 | task2=2.313342e-01 | F1=1.421614e-01 | m1²=0.024269 | m2²=0.953186 | eps_w1=1.671682e+00 | eps_w2=9.728692e-02
[step    28150] t/d= 281.500 | task1=3.646212e-01 | task2=2.311954e-01 | F1=1.424618e-01 | m1²=0.023499 | m2²=0.954025 | eps_w1=1.675086e+00 | eps_w2=9.561131e-02
[step    28200] t/d= 282.000 | task1=3.647866e-01 | task2=2.311700e-01 | F1=1.426273e-01 | m1²=0.023137 | m2²=0.954196 | eps_w1=1.676274e+00 | eps_w2=9.525619e-02
[step    28250] t/d= 282.500 | task1=3.648904e-01 | task2=2.311277e-01 | F1=1.427311e-01 | m1²=0.022969 | m2²=0.954514 | eps_w1=1.677561e+00 | eps_w2=9.460202e-02
[step    28300] t/d= 283.000 | task1=3.653389e-01 | task2=2.309991e-01 | F1=1.431796e-01 | m1²=0.022605 | m2²=0.955467 | eps_w1=1.682790e+00 | eps_w2=9.249014e-02
[step    28350] t/d= 283.500 | task1=3.656421e-01 | task2=2.308825e-01 | F1=1.434828e-01 | m1²=0.022198 | m2²=0.955925 | eps_w1=1.687372e+00 | eps_w2=9.132690e-02
[step    28400] t/d= 284.000 | task1=3.656946e-01 | task2=2.308413e-01 | F1=1.435352e-01 | m1²=0.022348 | m2²=0.955794 | eps_w1=1.689165e+00 | eps_w2=9.137756e-02
[step    28450] t/d= 284.500 | task1=3.660512e-01 | task2=2.307326e-01 | F1=1.438919e-01 | m1²=0.022071 | m2²=0.955653 | eps_w1=1.694031e+00 | eps_w2=9.125146e-02
[step    28500] t/d= 285.000 | task1=3.662571e-01 | task2=2.306511e-01 | F1=1.440977e-01 | m1²=0.021961 | m2²=0.955861 | eps_w1=1.697224e+00 | eps_w2=9.063364e-02
[step    28550] t/d= 285.500 | task1=3.665426e-01 | task2=2.305718e-01 | F1=1.443833e-01 | m1²=0.021535 | m2²=0.956550 | eps_w1=1.700539e+00 | eps_w2=8.919683e-02
[step    28600] t/d= 286.000 | task1=3.667274e-01 | task2=2.305094e-01 | F1=1.445681e-01 | m1²=0.021263 | m2²=0.956750 | eps_w1=1.703129e+00 | eps_w2=8.867055e-02
[step    28650] t/d= 286.500 | task1=3.669634e-01 | task2=2.304180e-01 | F1=1.448041e-01 | m1²=0.020938 | m2²=0.957107 | eps_w1=1.707317e+00 | eps_w2=8.775012e-02
[step    28700] t/d= 287.000 | task1=3.674244e-01 | task2=2.303471e-01 | F1=1.452650e-01 | m1²=0.020813 | m2²=0.957274 | eps_w1=1.713656e+00 | eps_w2=8.700027e-02
[step    28750] t/d= 287.500 | task1=3.677335e-01 | task2=2.302465e-01 | F1=1.455742e-01 | m1²=0.020684 | m2²=0.957715 | eps_w1=1.718935e+00 | eps_w2=8.585331e-02
[step    28800] t/d= 288.000 | task1=3.680618e-01 | task2=2.301417e-01 | F1=1.459025e-01 | m1²=0.020323 | m2²=0.958009 | eps_w1=1.723426e+00 | eps_w2=8.506442e-02
[step    28850] t/d= 288.500 | task1=3.683577e-01 | task2=2.300049e-01 | F1=1.461983e-01 | m1²=0.020231 | m2²=0.958352 | eps_w1=1.727669e+00 | eps_w2=8.418380e-02
[step    28900] t/d= 289.000 | task1=3.684795e-01 | task2=2.299359e-01 | F1=1.463202e-01 | m1²=0.019826 | m2²=0.959148 | eps_w1=1.728517e+00 | eps_w2=8.273053e-02
[step    28950] t/d= 289.500 | task1=3.684623e-01 | task2=2.299020e-01 | F1=1.463030e-01 | m1²=0.019767 | m2²=0.959443 | eps_w1=1.728236e+00 | eps_w2=8.222014e-02
[step    29000] t/d= 290.000 | task1=3.687806e-01 | task2=2.298242e-01 | F1=1.466213e-01 | m1²=0.019817 | m2²=0.959501 | eps_w1=1.733249e+00 | eps_w2=8.179829e-02
[step    29050] t/d= 290.500 | task1=3.688577e-01 | task2=2.298375e-01 | F1=1.466984e-01 | m1²=0.019646 | m2²=0.959621 | eps_w1=1.734942e+00 | eps_w2=8.149811e-02
[step    29100] t/d= 291.000 | task1=3.690825e-01 | task2=2.297605e-01 | F1=1.469232e-01 | m1²=0.019699 | m2²=0.959694 | eps_w1=1.738847e+00 | eps_w2=8.113522e-02
[step    29150] t/d= 291.500 | task1=3.693856e-01 | task2=2.296525e-01 | F1=1.472263e-01 | m1²=0.019481 | m2²=0.959774 | eps_w1=1.743869e+00 | eps_w2=8.073726e-02
[step    29200] t/d= 292.000 | task1=3.695662e-01 | task2=2.295552e-01 | F1=1.474069e-01 | m1²=0.019360 | m2²=0.960173 | eps_w1=1.746940e+00 | eps_w2=7.985815e-02
[step    29250] t/d= 292.500 | task1=3.697196e-01 | task2=2.295379e-01 | F1=1.475602e-01 | m1²=0.019492 | m2²=0.959742 | eps_w1=1.749537e+00 | eps_w2=8.050963e-02
[step    29300] t/d= 293.000 | task1=3.700411e-01 | task2=2.294796e-01 | F1=1.478818e-01 | m1²=0.018972 | m2²=0.959939 | eps_w1=1.753452e+00 | eps_w2=8.000586e-02
[step    29350] t/d= 293.500 | task1=3.703490e-01 | task2=2.293968e-01 | F1=1.481897e-01 | m1²=0.018527 | m2²=0.960200 | eps_w1=1.757787e+00 | eps_w2=7.936525e-02
[step    29400] t/d= 294.000 | task1=3.706298e-01 | task2=2.293566e-01 | F1=1.484704e-01 | m1²=0.018443 | m2²=0.960540 | eps_w1=1.761536e+00 | eps_w2=7.858140e-02
[step    29450] t/d= 294.500 | task1=3.707133e-01 | task2=2.293323e-01 | F1=1.485540e-01 | m1²=0.018234 | m2²=0.961006 | eps_w1=1.761938e+00 | eps_w2=7.771791e-02
[step    29500] t/d= 295.000 | task1=3.707793e-01 | task2=2.292937e-01 | F1=1.486200e-01 | m1²=0.018017 | m2²=0.961443 | eps_w1=1.763666e+00 | eps_w2=7.685200e-02
[step    29550] t/d= 295.500 | task1=3.710412e-01 | task2=2.292251e-01 | F1=1.488818e-01 | m1²=0.018018 | m2²=0.961717 | eps_w1=1.767895e+00 | eps_w2=7.617354e-02
[step    29600] t/d= 296.000 | task1=3.709998e-01 | task2=2.291854e-01 | F1=1.488404e-01 | m1²=0.017793 | m2²=0.961784 | eps_w1=1.767108e+00 | eps_w2=7.609651e-02
[step    29650] t/d= 296.500 | task1=3.709998e-01 | task2=2.291164e-01 | F1=1.488404e-01 | m1²=0.017494 | m2²=0.962477 | eps_w1=1.767195e+00 | eps_w2=7.482914e-02
[step    29700] t/d= 297.000 | task1=3.710644e-01 | task2=2.290731e-01 | F1=1.489051e-01 | m1²=0.017455 | m2²=0.962600 | eps_w1=1.769358e+00 | eps_w2=7.451511e-02
[step    29750] t/d= 297.500 | task1=3.712147e-01 | task2=2.289889e-01 | F1=1.490554e-01 | m1²=0.017362 | m2²=0.962912 | eps_w1=1.771247e+00 | eps_w2=7.386859e-02
[step    29800] t/d= 298.000 | task1=3.715007e-01 | task2=2.289396e-01 | F1=1.493414e-01 | m1²=0.016843 | m2²=0.963370 | eps_w1=1.775312e+00 | eps_w2=7.289687e-02
[step    29850] t/d= 298.500 | task1=3.716470e-01 | task2=2.288695e-01 | F1=1.494877e-01 | m1²=0.016785 | m2²=0.963387 | eps_w1=1.778289e+00 | eps_w2=7.276206e-02
[step    29900] t/d= 299.000 | task1=3.719752e-01 | task2=2.287719e-01 | F1=1.498158e-01 | m1²=0.016394 | m2²=0.964025 | eps_w1=1.782834e+00 | eps_w2=7.143896e-02
[step    29950] t/d= 299.500 | task1=3.721598e-01 | task2=2.287442e-01 | F1=1.500004e-01 | m1²=0.016544 | m2²=0.964149 | eps_w1=1.786131e+00 | eps_w2=7.109347e-02
[step    30000] t/d= 300.000 | task1=3.723669e-01 | task2=2.286993e-01 | F1=1.502076e-01 | m1²=0.016493 | m2²=0.964161 | eps_w1=1.790078e+00 | eps_w2=7.095867e-02
[step    30050] t/d= 300.500 | task1=3.724269e-01 | task2=2.287126e-01 | F1=1.502676e-01 | m1²=0.016556 | m2²=0.964232 | eps_w1=1.792072e+00 | eps_w2=7.076909e-02
[step    30100] t/d= 301.000 | task1=3.727121e-01 | task2=2.286408e-01 | F1=1.505528e-01 | m1²=0.016437 | m2²=0.964493 | eps_w1=1.796871e+00 | eps_w2=7.016165e-02
[step    30150] t/d= 301.500 | task1=3.729511e-01 | task2=2.286075e-01 | F1=1.507918e-01 | m1²=0.016074 | m2²=0.964663 | eps_w1=1.800637e+00 | eps_w2=6.977111e-02
[step    30200] t/d= 302.000 | task1=3.730272e-01 | task2=2.285697e-01 | F1=1.508678e-01 | m1²=0.015882 | m2²=0.965112 | eps_w1=1.801266e+00 | eps_w2=6.891476e-02
[step    30250] t/d= 302.500 | task1=3.733550e-01 | task2=2.285144e-01 | F1=1.511957e-01 | m1²=0.015528 | m2²=0.965381 | eps_w1=1.806281e+00 | eps_w2=6.831442e-02
[step    30300] t/d= 303.000 | task1=3.736195e-01 | task2=2.283963e-01 | F1=1.514602e-01 | m1²=0.015353 | m2²=0.965657 | eps_w1=1.810554e+00 | eps_w2=6.772040e-02
[step    30350] t/d= 303.500 | task1=3.738223e-01 | task2=2.283745e-01 | F1=1.516630e-01 | m1²=0.015270 | m2²=0.965722 | eps_w1=1.813728e+00 | eps_w2=6.754724e-02
[step    30400] t/d= 304.000 | task1=3.739273e-01 | task2=2.283994e-01 | F1=1.517680e-01 | m1²=0.015071 | m2²=0.965341 | eps_w1=1.816543e+00 | eps_w2=6.824013e-02
[step    30450] t/d= 304.500 | task1=3.743765e-01 | task2=2.282758e-01 | F1=1.522172e-01 | m1²=0.014748 | m2²=0.965936 | eps_w1=1.822965e+00 | eps_w2=6.703759e-02
[step    30500] t/d= 305.000 | task1=3.745214e-01 | task2=2.282272e-01 | F1=1.523621e-01 | m1²=0.014556 | m2²=0.966024 | eps_w1=1.825630e+00 | eps_w2=6.684949e-02
[step    30550] t/d= 305.500 | task1=3.746837e-01 | task2=2.282090e-01 | F1=1.525243e-01 | m1²=0.014545 | m2²=0.965990 | eps_w1=1.828459e+00 | eps_w2=6.689339e-02
[step    30600] t/d= 306.000 | task1=3.749836e-01 | task2=2.281524e-01 | F1=1.528243e-01 | m1²=0.014735 | m2²=0.966197 | eps_w1=1.833823e+00 | eps_w2=6.646971e-02
[step    30650] t/d= 306.500 | task1=3.753123e-01 | task2=2.280976e-01 | F1=1.531529e-01 | m1²=0.014995 | m2²=0.966099 | eps_w1=1.839804e+00 | eps_w2=6.665505e-02
[step    30700] t/d= 307.000 | task1=3.754009e-01 | task2=2.280660e-01 | F1=1.532416e-01 | m1²=0.014930 | m2²=0.966070 | eps_w1=1.841986e+00 | eps_w2=6.671546e-02
[step    30750] t/d= 307.500 | task1=3.756789e-01 | task2=2.280470e-01 | F1=1.535196e-01 | m1²=0.014806 | m2²=0.966541 | eps_w1=1.845702e+00 | eps_w2=6.581511e-02
[step    30800] t/d= 308.000 | task1=3.761404e-01 | task2=2.280244e-01 | F1=1.539810e-01 | m1²=0.014708 | m2²=0.966814 | eps_w1=1.853591e+00 | eps_w2=6.533600e-02
[step    30850] t/d= 308.500 | task1=3.764019e-01 | task2=2.279965e-01 | F1=1.542426e-01 | m1²=0.014482 | m2²=0.967041 | eps_w1=1.857565e+00 | eps_w2=6.492823e-02
[step    30900] t/d= 309.000 | task1=3.767508e-01 | task2=2.279063e-01 | F1=1.545915e-01 | m1²=0.014447 | m2²=0.967416 | eps_w1=1.862437e+00 | eps_w2=6.425405e-02
[step    30950] t/d= 309.500 | task1=3.768464e-01 | task2=2.278036e-01 | F1=1.546871e-01 | m1²=0.014196 | m2²=0.967714 | eps_w1=1.864222e+00 | eps_w2=6.368862e-02
[step    31000] t/d= 310.000 | task1=3.769972e-01 | task2=2.277461e-01 | F1=1.548378e-01 | m1²=0.013875 | m2²=0.967996 | eps_w1=1.866683e+00 | eps_w2=6.316128e-02
[step    31050] t/d= 310.500 | task1=3.771230e-01 | task2=2.277135e-01 | F1=1.549636e-01 | m1²=0.013740 | m2²=0.968350 | eps_w1=1.867741e+00 | eps_w2=6.247790e-02
[step    31100] t/d= 311.000 | task1=3.773962e-01 | task2=2.276219e-01 | F1=1.552369e-01 | m1²=0.013604 | m2²=0.968842 | eps_w1=1.871807e+00 | eps_w2=6.157272e-02
[step    31150] t/d= 311.500 | task1=3.774540e-01 | task2=2.276027e-01 | F1=1.552946e-01 | m1²=0.013602 | m2²=0.968784 | eps_w1=1.873378e+00 | eps_w2=6.171347e-02
[step    31200] t/d= 312.000 | task1=3.777314e-01 | task2=2.274947e-01 | F1=1.555721e-01 | m1²=0.013431 | m2²=0.969290 | eps_w1=1.877276e+00 | eps_w2=6.078133e-02
[step    31250] t/d= 312.500 | task1=3.778187e-01 | task2=2.274391e-01 | F1=1.556594e-01 | m1²=0.013303 | m2²=0.969691 | eps_w1=1.878100e+00 | eps_w2=6.000220e-02
[step    31300] t/d= 313.000 | task1=3.779674e-01 | task2=2.273998e-01 | F1=1.558081e-01 | m1²=0.013087 | m2²=0.970155 | eps_w1=1.880319e+00 | eps_w2=5.912024e-02
[step    31350] t/d= 313.500 | task1=3.782422e-01 | task2=2.273584e-01 | F1=1.560829e-01 | m1²=0.013187 | m2²=0.970398 | eps_w1=1.884958e+00 | eps_w2=5.874204e-02
[step    31400] t/d= 314.000 | task1=3.782270e-01 | task2=2.273512e-01 | F1=1.560676e-01 | m1²=0.013204 | m2²=0.970608 | eps_w1=1.884818e+00 | eps_w2=5.832274e-02
[step    31450] t/d= 314.500 | task1=3.786115e-01 | task2=2.272900e-01 | F1=1.564521e-01 | m1²=0.013208 | m2²=0.970874 | eps_w1=1.891107e+00 | eps_w2=5.794639e-02
[step    31500] t/d= 315.000 | task1=3.787875e-01 | task2=2.272598e-01 | F1=1.566282e-01 | m1²=0.013166 | m2²=0.970720 | eps_w1=1.895121e+00 | eps_w2=5.835854e-02
[step    31550] t/d= 315.500 | task1=3.791722e-01 | task2=2.272122e-01 | F1=1.570129e-01 | m1²=0.013061 | m2²=0.971132 | eps_w1=1.901039e+00 | eps_w2=5.770324e-02
[step    31600] t/d= 316.000 | task1=3.794054e-01 | task2=2.271060e-01 | F1=1.572461e-01 | m1²=0.012837 | m2²=0.971433 | eps_w1=1.904088e+00 | eps_w2=5.718504e-02
[step    31650] t/d= 316.500 | task1=3.794399e-01 | task2=2.271106e-01 | F1=1.572806e-01 | m1²=0.012949 | m2²=0.971331 | eps_w1=1.904986e+00 | eps_w2=5.742432e-02
[step    31700] t/d= 317.000 | task1=3.794620e-01 | task2=2.271083e-01 | F1=1.573027e-01 | m1²=0.012725 | m2²=0.971679 | eps_w1=1.904912e+00 | eps_w2=5.671161e-02
[step    31750] t/d= 317.500 | task1=3.795050e-01 | task2=2.271382e-01 | F1=1.573456e-01 | m1²=0.012499 | m2²=0.972177 | eps_w1=1.904437e+00 | eps_w2=5.568690e-02
[step    31800] t/d= 318.000 | task1=3.797979e-01 | task2=2.270925e-01 | F1=1.576386e-01 | m1²=0.012610 | m2²=0.972076 | eps_w1=1.910178e+00 | eps_w2=5.608363e-02
[step    31850] t/d= 318.500 | task1=3.800379e-01 | task2=2.269836e-01 | F1=1.578786e-01 | m1²=0.012448 | m2²=0.972148 | eps_w1=1.914477e+00 | eps_w2=5.608270e-02
[step    31900] t/d= 319.000 | task1=3.803188e-01 | task2=2.269409e-01 | F1=1.581594e-01 | m1²=0.012246 | m2²=0.972467 | eps_w1=1.918631e+00 | eps_w2=5.558163e-02
[step    31950] t/d= 319.500 | task1=3.804716e-01 | task2=2.268925e-01 | F1=1.583123e-01 | m1²=0.012120 | m2²=0.972710 | eps_w1=1.920989e+00 | eps_w2=5.517450e-02
[step    32000] t/d= 320.000 | task1=3.804676e-01 | task2=2.268569e-01 | F1=1.583083e-01 | m1²=0.012007 | m2²=0.972760 | eps_w1=1.920261e+00 | eps_w2=5.503634e-02
[step    32050] t/d= 320.500 | task1=3.806122e-01 | task2=2.268353e-01 | F1=1.584529e-01 | m1²=0.011836 | m2²=0.972499 | eps_w1=1.923588e+00 | eps_w2=5.568280e-02
[step    32100] t/d= 321.000 | task1=3.806247e-01 | task2=2.268426e-01 | F1=1.584654e-01 | m1²=0.011702 | m2²=0.972596 | eps_w1=1.925021e+00 | eps_w2=5.553621e-02
[step    32150] t/d= 321.500 | task1=3.807163e-01 | task2=2.268239e-01 | F1=1.585570e-01 | m1²=0.011774 | m2²=0.972699 | eps_w1=1.927028e+00 | eps_w2=5.541762e-02
[step    32200] t/d= 322.000 | task1=3.809652e-01 | task2=2.267945e-01 | F1=1.588059e-01 | m1²=0.011698 | m2²=0.972929 | eps_w1=1.929986e+00 | eps_w2=5.507210e-02
[step    32250] t/d= 322.500 | task1=3.811015e-01 | task2=2.267851e-01 | F1=1.589422e-01 | m1²=0.011425 | m2²=0.973048 | eps_w1=1.932435e+00 | eps_w2=5.491705e-02
[step    32300] t/d= 323.000 | task1=3.811657e-01 | task2=2.267702e-01 | F1=1.590064e-01 | m1²=0.011263 | m2²=0.973338 | eps_w1=1.933770e+00 | eps_w2=5.437378e-02
[step    32350] t/d= 323.500 | task1=3.812266e-01 | task2=2.267712e-01 | F1=1.590673e-01 | m1²=0.011248 | m2²=0.973529 | eps_w1=1.934169e+00 | eps_w2=5.400317e-02
[step    32400] t/d= 324.000 | task1=3.814396e-01 | task2=2.267359e-01 | F1=1.592803e-01 | m1²=0.011139 | m2²=0.973658 | eps_w1=1.937033e+00 | eps_w2=5.386102e-02
[step    32450] t/d= 324.500 | task1=3.819185e-01 | task2=2.267200e-01 | F1=1.597592e-01 | m1²=0.011078 | m2²=0.973922 | eps_w1=1.943853e+00 | eps_w2=5.364584e-02
[step    32500] t/d= 325.000 | task1=3.818575e-01 | task2=2.267674e-01 | F1=1.596982e-01 | m1²=0.011067 | m2²=0.974068 | eps_w1=1.941985e+00 | eps_w2=5.325426e-02
[step    32550] t/d= 325.500 | task1=3.820193e-01 | task2=2.267250e-01 | F1=1.598600e-01 | m1²=0.010977 | m2²=0.974276 | eps_w1=1.944100e+00 | eps_w2=5.292649e-02
[step    32600] t/d= 326.000 | task1=3.820705e-01 | task2=2.267135e-01 | F1=1.599112e-01 | m1²=0.011028 | m2²=0.974348 | eps_w1=1.945951e+00 | eps_w2=5.287725e-02
[step    32650] t/d= 326.500 | task1=3.822825e-01 | task2=2.267042e-01 | F1=1.601232e-01 | m1²=0.011066 | m2²=0.974618 | eps_w1=1.949078e+00 | eps_w2=5.248838e-02
[step    32700] t/d= 327.000 | task1=3.824945e-01 | task2=2.266630e-01 | F1=1.603352e-01 | m1²=0.011034 | m2²=0.974551 | eps_w1=1.953419e+00 | eps_w2=5.285160e-02
[step    32750] t/d= 327.500 | task1=3.827717e-01 | task2=2.266904e-01 | F1=1.606124e-01 | m1²=0.011044 | m2²=0.974717 | eps_w1=1.957655e+00 | eps_w2=5.274697e-02
[step    32800] t/d= 328.000 | task1=3.829883e-01 | task2=2.266866e-01 | F1=1.608290e-01 | m1²=0.010928 | m2²=0.974925 | eps_w1=1.960502e+00 | eps_w2=5.246704e-02
[step    32850] t/d= 328.500 | task1=3.829350e-01 | task2=2.267227e-01 | F1=1.607756e-01 | m1²=0.010916 | m2²=0.974977 | eps_w1=1.959316e+00 | eps_w2=5.229159e-02
[step    32900] t/d= 329.000 | task1=3.830248e-01 | task2=2.267098e-01 | F1=1.608655e-01 | m1²=0.010501 | m2²=0.975177 | eps_w1=1.961628e+00 | eps_w2=5.196573e-02
[step    32950] t/d= 329.500 | task1=3.832519e-01 | task2=2.266796e-01 | F1=1.610926e-01 | m1²=0.010467 | m2²=0.975332 | eps_w1=1.965875e+00 | eps_w2=5.189009e-02
[step    33000] t/d= 330.000 | task1=3.835885e-01 | task2=2.266543e-01 | F1=1.614292e-01 | m1²=0.010192 | m2²=0.975503 | eps_w1=1.970573e+00 | eps_w2=5.178819e-02
[step    33050] t/d= 330.500 | task1=3.837435e-01 | task2=2.266430e-01 | F1=1.615842e-01 | m1²=0.010221 | m2²=0.975529 | eps_w1=1.974153e+00 | eps_w2=5.196021e-02
[step    33100] t/d= 331.000 | task1=3.840198e-01 | task2=2.265518e-01 | F1=1.618605e-01 | m1²=0.010061 | m2²=0.975742 | eps_w1=1.977410e+00 | eps_w2=5.170578e-02
[step    33150] t/d= 331.500 | task1=3.842230e-01 | task2=2.265309e-01 | F1=1.620637e-01 | m1²=0.009871 | m2²=0.975992 | eps_w1=1.980139e+00 | eps_w2=5.134002e-02
[step    33200] t/d= 332.000 | task1=3.842285e-01 | task2=2.265276e-01 | F1=1.620692e-01 | m1²=0.009781 | m2²=0.975899 | eps_w1=1.980821e+00 | eps_w2=5.156599e-02
[step    33250] t/d= 332.500 | task1=3.841264e-01 | task2=2.265599e-01 | F1=1.619671e-01 | m1²=0.009960 | m2²=0.975961 | eps_w1=1.978999e+00 | eps_w2=5.134100e-02
[step    33300] t/d= 333.000 | task1=3.844179e-01 | task2=2.264748e-01 | F1=1.622586e-01 | m1²=0.009826 | m2²=0.975954 | eps_w1=1.983323e+00 | eps_w2=5.162452e-02
[step    33350] t/d= 333.500 | task1=3.846326e-01 | task2=2.264843e-01 | F1=1.624733e-01 | m1²=0.009800 | m2²=0.976005 | eps_w1=1.987891e+00 | eps_w2=5.182719e-02
[step    33400] t/d= 334.000 | task1=3.847000e-01 | task2=2.265017e-01 | F1=1.625407e-01 | m1²=0.009758 | m2²=0.976136 | eps_w1=1.989714e+00 | eps_w2=5.167389e-02
[step    33450] t/d= 334.500 | task1=3.845513e-01 | task2=2.265441e-01 | F1=1.623920e-01 | m1²=0.009913 | m2²=0.975980 | eps_w1=1.986915e+00 | eps_w2=5.182730e-02
[step    33500] t/d= 335.000 | task1=3.847626e-01 | task2=2.265474e-01 | F1=1.626033e-01 | m1²=0.009703 | m2²=0.976119 | eps_w1=1.991089e+00 | eps_w2=5.179921e-02
[step    33550] t/d= 335.500 | task1=3.850472e-01 | task2=2.265035e-01 | F1=1.628879e-01 | m1²=0.009535 | m2²=0.976701 | eps_w1=1.995111e+00 | eps_w2=5.084705e-02
[step    33600] t/d= 336.000 | task1=3.851069e-01 | task2=2.264713e-01 | F1=1.629475e-01 | m1²=0.009490 | m2²=0.976855 | eps_w1=1.996317e+00 | eps_w2=5.060497e-02
[step    33650] t/d= 336.500 | task1=3.853247e-01 | task2=2.264307e-01 | F1=1.631654e-01 | m1²=0.009328 | m2²=0.977223 | eps_w1=1.999578e+00 | eps_w2=5.004832e-02
[step    33700] t/d= 337.000 | task1=3.852231e-01 | task2=2.264180e-01 | F1=1.630638e-01 | m1²=0.009152 | m2²=0.977477 | eps_w1=1.997265e+00 | eps_w2=4.932186e-02
[step    33750] t/d= 337.500 | task1=3.853042e-01 | task2=2.264024e-01 | F1=1.631449e-01 | m1²=0.009244 | m2²=0.977454 | eps_w1=1.998910e+00 | eps_w2=4.950160e-02
[step    33800] t/d= 338.000 | task1=3.855302e-01 | task2=2.264267e-01 | F1=1.633708e-01 | m1²=0.009085 | m2²=0.977288 | eps_w1=2.003443e+00 | eps_w2=5.016334e-02
[step    33850] t/d= 338.500 | task1=3.854761e-01 | task2=2.264624e-01 | F1=1.633168e-01 | m1²=0.009239 | m2²=0.977101 | eps_w1=2.003182e+00 | eps_w2=5.055993e-02
[step    33900] t/d= 339.000 | task1=3.856237e-01 | task2=2.264456e-01 | F1=1.634644e-01 | m1²=0.008991 | m2²=0.977246 | eps_w1=2.006375e+00 | eps_w2=5.045870e-02
[step    33950] t/d= 339.500 | task1=3.857210e-01 | task2=2.264927e-01 | F1=1.635616e-01 | m1²=0.009025 | m2²=0.977101 | eps_w1=2.007960e+00 | eps_w2=5.089075e-02
[step    34000] t/d= 340.000 | task1=3.857650e-01 | task2=2.264854e-01 | F1=1.636057e-01 | m1²=0.009055 | m2²=0.977291 | eps_w1=2.008409e+00 | eps_w2=5.052975e-02
[step    34050] t/d= 340.500 | task1=3.858403e-01 | task2=2.264430e-01 | F1=1.636810e-01 | m1²=0.008932 | m2²=0.977215 | eps_w1=2.008410e+00 | eps_w2=5.067203e-02
[step    34100] t/d= 341.000 | task1=3.858987e-01 | task2=2.264635e-01 | F1=1.637393e-01 | m1²=0.009006 | m2²=0.977144 | eps_w1=2.009535e+00 | eps_w2=5.092009e-02
[step    34150] t/d= 341.500 | task1=3.859003e-01 | task2=2.264092e-01 | F1=1.637409e-01 | m1²=0.008836 | m2²=0.977353 | eps_w1=2.009327e+00 | eps_w2=5.043617e-02
[step    34200] t/d= 342.000 | task1=3.859236e-01 | task2=2.263928e-01 | F1=1.637643e-01 | m1²=0.008852 | m2²=0.977489 | eps_w1=2.008764e+00 | eps_w2=5.010919e-02
[step    34250] t/d= 342.500 | task1=3.859535e-01 | task2=2.263601e-01 | F1=1.637942e-01 | m1²=0.008907 | m2²=0.977529 | eps_w1=2.009902e+00 | eps_w2=5.012222e-02
[step    34300] t/d= 343.000 | task1=3.860802e-01 | task2=2.263281e-01 | F1=1.639209e-01 | m1²=0.008892 | m2²=0.977567 | eps_w1=2.012498e+00 | eps_w2=5.024403e-02
[step    34350] t/d= 343.500 | task1=3.862587e-01 | task2=2.262941e-01 | F1=1.640994e-01 | m1²=0.008885 | m2²=0.977691 | eps_w1=2.016468e+00 | eps_w2=5.029856e-02
[step    34400] t/d= 344.000 | task1=3.865173e-01 | task2=2.262840e-01 | F1=1.643580e-01 | m1²=0.008686 | m2²=0.977759 | eps_w1=2.021493e+00 | eps_w2=5.053418e-02
[step    34450] t/d= 344.500 | task1=3.866683e-01 | task2=2.263208e-01 | F1=1.645090e-01 | m1²=0.008517 | m2²=0.977961 | eps_w1=2.023455e+00 | eps_w2=5.024020e-02
[step    34500] t/d= 345.000 | task1=3.868592e-01 | task2=2.262790e-01 | F1=1.646999e-01 | m1²=0.008513 | m2²=0.978064 | eps_w1=2.026039e+00 | eps_w2=5.023891e-02
[step    34550] t/d= 345.500 | task1=3.869010e-01 | task2=2.262321e-01 | F1=1.647416e-01 | m1²=0.008478 | m2²=0.978024 | eps_w1=2.026348e+00 | eps_w2=5.034472e-02
[step    34600] t/d= 346.000 | task1=3.868386e-01 | task2=2.262595e-01 | F1=1.646793e-01 | m1²=0.008384 | m2²=0.978219 | eps_w1=2.024371e+00 | eps_w2=4.974903e-02
[step    34650] t/d= 346.500 | task1=3.869116e-01 | task2=2.262320e-01 | F1=1.647523e-01 | m1²=0.008282 | m2²=0.978381 | eps_w1=2.026117e+00 | eps_w2=4.953472e-02
[step    34700] t/d= 347.000 | task1=3.869439e-01 | task2=2.262658e-01 | F1=1.647845e-01 | m1²=0.008168 | m2²=0.978577 | eps_w1=2.025828e+00 | eps_w2=4.907515e-02
[step    34750] t/d= 347.500 | task1=3.869343e-01 | task2=2.262929e-01 | F1=1.647750e-01 | m1²=0.008085 | m2²=0.978661 | eps_w1=2.026031e+00 | eps_w2=4.890015e-02
[step    34800] t/d= 348.000 | task1=3.871666e-01 | task2=2.262856e-01 | F1=1.650073e-01 | m1²=0.008000 | m2²=0.978652 | eps_w1=2.030047e+00 | eps_w2=4.924344e-02
[step    34850] t/d= 348.500 | task1=3.875019e-01 | task2=2.262733e-01 | F1=1.653426e-01 | m1²=0.008034 | m2²=0.978570 | eps_w1=2.034458e+00 | eps_w2=4.980709e-02
[step    34900] t/d= 349.000 | task1=3.875730e-01 | task2=2.262357e-01 | F1=1.654137e-01 | m1²=0.007958 | m2²=0.978633 | eps_w1=2.035948e+00 | eps_w2=4.978985e-02
[step    34950] t/d= 349.500 | task1=3.879821e-01 | task2=2.262641e-01 | F1=1.658228e-01 | m1²=0.008044 | m2²=0.978503 | eps_w1=2.042535e+00 | eps_w2=5.067801e-02
[step    35000] t/d= 350.000 | task1=3.879281e-01 | task2=2.262671e-01 | F1=1.657688e-01 | m1²=0.008050 | m2²=0.978440 | eps_w1=2.041279e+00 | eps_w2=5.069713e-02
[step    35050] t/d= 350.500 | task1=3.879169e-01 | task2=2.262732e-01 | F1=1.657576e-01 | m1²=0.008079 | m2²=0.978461 | eps_w1=2.040261e+00 | eps_w2=5.056601e-02
[step    35100] t/d= 351.000 | task1=3.881016e-01 | task2=2.262800e-01 | F1=1.659423e-01 | m1²=0.008072 | m2²=0.978480 | eps_w1=2.043447e+00 | eps_w2=5.081516e-02
[step    35150] t/d= 351.500 | task1=3.884420e-01 | task2=2.262664e-01 | F1=1.662827e-01 | m1²=0.007889 | m2²=0.978512 | eps_w1=2.048670e+00 | eps_w2=5.120059e-02
[step    35200] t/d= 352.000 | task1=3.885577e-01 | task2=2.262857e-01 | F1=1.663984e-01 | m1²=0.007849 | m2²=0.978584 | eps_w1=2.049472e+00 | eps_w2=5.111257e-02
[step    35250] t/d= 352.500 | task1=3.884947e-01 | task2=2.263111e-01 | F1=1.663354e-01 | m1²=0.007733 | m2²=0.978935 | eps_w1=2.047694e+00 | eps_w2=5.017072e-02
[step    35300] t/d= 353.000 | task1=3.884069e-01 | task2=2.263237e-01 | F1=1.662476e-01 | m1²=0.007883 | m2²=0.978539 | eps_w1=2.045550e+00 | eps_w2=5.084775e-02
[step    35350] t/d= 353.500 | task1=3.884844e-01 | task2=2.263165e-01 | F1=1.663250e-01 | m1²=0.007858 | m2²=0.978734 | eps_w1=2.047535e+00 | eps_w2=5.061132e-02
[step    35400] t/d= 354.000 | task1=3.885077e-01 | task2=2.262926e-01 | F1=1.663484e-01 | m1²=0.007651 | m2²=0.979088 | eps_w1=2.046951e+00 | eps_w2=4.975836e-02
[step    35450] t/d= 354.500 | task1=3.886137e-01 | task2=2.262319e-01 | F1=1.664544e-01 | m1²=0.007512 | m2²=0.979013 | eps_w1=2.048481e+00 | eps_w2=5.003467e-02
[step    35500] t/d= 355.000 | task1=3.886865e-01 | task2=2.262746e-01 | F1=1.665272e-01 | m1²=0.007341 | m2²=0.979109 | eps_w1=2.050514e+00 | eps_w2=4.998643e-02
[step    35550] t/d= 355.500 | task1=3.887912e-01 | task2=2.262846e-01 | F1=1.666319e-01 | m1²=0.007375 | m2²=0.979174 | eps_w1=2.052987e+00 | eps_w2=5.008924e-02
[step    35600] t/d= 356.000 | task1=3.889126e-01 | task2=2.262493e-01 | F1=1.667532e-01 | m1²=0.007339 | m2²=0.979278 | eps_w1=2.055533e+00 | eps_w2=5.010099e-02
[step    35650] t/d= 356.500 | task1=3.890205e-01 | task2=2.261716e-01 | F1=1.668611e-01 | m1²=0.007260 | m2²=0.979390 | eps_w1=2.056716e+00 | eps_w2=4.996021e-02
[step    35700] t/d= 357.000 | task1=3.893424e-01 | task2=2.261229e-01 | F1=1.671831e-01 | m1²=0.007037 | m2²=0.979596 | eps_w1=2.061244e+00 | eps_w2=4.991384e-02
[step    35750] t/d= 357.500 | task1=3.893597e-01 | task2=2.260804e-01 | F1=1.672004e-01 | m1²=0.006895 | m2²=0.979770 | eps_w1=2.061409e+00 | eps_w2=4.952492e-02
[step    35800] t/d= 358.000 | task1=3.896703e-01 | task2=2.260953e-01 | F1=1.675109e-01 | m1²=0.006791 | m2²=0.979777 | eps_w1=2.067109e+00 | eps_w2=5.005550e-02
[step    35850] t/d= 358.500 | task1=3.900182e-01 | task2=2.260999e-01 | F1=1.678589e-01 | m1²=0.006664 | m2²=0.979946 | eps_w1=2.072227e+00 | eps_w2=5.018338e-02
[step    35900] t/d= 359.000 | task1=3.901763e-01 | task2=2.260744e-01 | F1=1.680170e-01 | m1²=0.006511 | m2²=0.980281 | eps_w1=2.072831e+00 | eps_w2=4.948654e-02
[step    35950] t/d= 359.500 | task1=3.904102e-01 | task2=2.260421e-01 | F1=1.682509e-01 | m1²=0.006409 | m2²=0.980204 | eps_w1=2.078241e+00 | eps_w2=5.019382e-02
[step    36000] t/d= 360.000 | task1=3.903364e-01 | task2=2.259955e-01 | F1=1.681771e-01 | m1²=0.006234 | m2²=0.980144 | eps_w1=2.076300e+00 | eps_w2=5.008205e-02
[step    36050] t/d= 360.500 | task1=3.905966e-01 | task2=2.259726e-01 | F1=1.684373e-01 | m1²=0.006125 | m2²=0.980442 | eps_w1=2.079727e+00 | eps_w2=4.976992e-02
[step    36100] t/d= 361.000 | task1=3.905562e-01 | task2=2.259341e-01 | F1=1.683968e-01 | m1²=0.006085 | m2²=0.980556 | eps_w1=2.078312e+00 | eps_w2=4.936468e-02
[step    36150] t/d= 361.500 | task1=3.904592e-01 | task2=2.259140e-01 | F1=1.682998e-01 | m1²=0.005978 | m2²=0.980792 | eps_w1=2.077308e+00 | eps_w2=4.872633e-02
[step    36200] t/d= 362.000 | task1=3.904409e-01 | task2=2.259255e-01 | F1=1.682816e-01 | m1²=0.005875 | m2²=0.980784 | eps_w1=2.077822e+00 | eps_w2=4.877492e-02
[step    36250] t/d= 362.500 | task1=3.903852e-01 | task2=2.258708e-01 | F1=1.682259e-01 | m1²=0.005808 | m2²=0.980668 | eps_w1=2.076763e+00 | eps_w2=4.890207e-02
[step    36300] t/d= 363.000 | task1=3.905078e-01 | task2=2.258774e-01 | F1=1.683485e-01 | m1²=0.005655 | m2²=0.980841 | eps_w1=2.079343e+00 | eps_w2=4.876156e-02
[step    36350] t/d= 363.500 | task1=3.905944e-01 | task2=2.258913e-01 | F1=1.684351e-01 | m1²=0.005581 | m2²=0.981041 | eps_w1=2.080518e+00 | eps_w2=4.843337e-02
[step    36400] t/d= 364.000 | task1=3.908365e-01 | task2=2.259036e-01 | F1=1.686771e-01 | m1²=0.005628 | m2²=0.980845 | eps_w1=2.086219e+00 | eps_w2=4.947163e-02
[step    36450] t/d= 364.500 | task1=3.907135e-01 | task2=2.259204e-01 | F1=1.685542e-01 | m1²=0.005530 | m2²=0.980825 | eps_w1=2.084011e+00 | eps_w2=4.925810e-02
[step    36500] t/d= 365.000 | task1=3.907769e-01 | task2=2.259226e-01 | F1=1.686176e-01 | m1²=0.005496 | m2²=0.980846 | eps_w1=2.086129e+00 | eps_w2=4.943026e-02
[step    36550] t/d= 365.500 | task1=3.910737e-01 | task2=2.259267e-01 | F1=1.689143e-01 | m1²=0.005430 | m2²=0.980928 | eps_w1=2.090569e+00 | eps_w2=4.971419e-02
[step    36600] t/d= 366.000 | task1=3.911761e-01 | task2=2.259125e-01 | F1=1.690168e-01 | m1²=0.005512 | m2²=0.980908 | eps_w1=2.092003e+00 | eps_w2=4.993410e-02
[step    36650] t/d= 366.500 | task1=3.911524e-01 | task2=2.259359e-01 | F1=1.689930e-01 | m1²=0.005539 | m2²=0.981101 | eps_w1=2.089283e+00 | eps_w2=4.922441e-02
[step    36700] t/d= 367.000 | task1=3.910069e-01 | task2=2.259332e-01 | F1=1.688476e-01 | m1²=0.005543 | m2²=0.981141 | eps_w1=2.086626e+00 | eps_w2=4.885172e-02
[step    36750] t/d= 367.500 | task1=3.911411e-01 | task2=2.259431e-01 | F1=1.689818e-01 | m1²=0.005477 | m2²=0.981294 | eps_w1=2.089113e+00 | eps_w2=4.876951e-02
[step    36800] t/d= 368.000 | task1=3.913504e-01 | task2=2.259306e-01 | F1=1.691911e-01 | m1²=0.005522 | m2²=0.981409 | eps_w1=2.091684e+00 | eps_w2=4.880730e-02
[step    36850] t/d= 368.500 | task1=3.913528e-01 | task2=2.259663e-01 | F1=1.691935e-01 | m1²=0.005515 | m2²=0.981359 | eps_w1=2.092966e+00 | eps_w2=4.905509e-02
[step    36900] t/d= 369.000 | task1=3.912166e-01 | task2=2.259649e-01 | F1=1.690573e-01 | m1²=0.005577 | m2²=0.981657 | eps_w1=2.090263e+00 | eps_w2=4.812615e-02
[step    36950] t/d= 369.500 | task1=3.912208e-01 | task2=2.260033e-01 | F1=1.690615e-01 | m1²=0.005683 | m2²=0.981509 | eps_w1=2.090725e+00 | eps_w2=4.852238e-02
[step    37000] t/d= 370.000 | task1=3.917259e-01 | task2=2.259111e-01 | F1=1.695665e-01 | m1²=0.005521 | m2²=0.981734 | eps_w1=2.098444e+00 | eps_w2=4.884102e-02
[step    37050] t/d= 370.500 | task1=3.918067e-01 | task2=2.259275e-01 | F1=1.696473e-01 | m1²=0.005508 | m2²=0.981754 | eps_w1=2.100020e+00 | eps_w2=4.897036e-02
[step    37100] t/d= 371.000 | task1=3.918495e-01 | task2=2.259638e-01 | F1=1.696902e-01 | m1²=0.005465 | m2²=0.981659 | eps_w1=2.100797e+00 | eps_w2=4.925690e-02
[step    37150] t/d= 371.500 | task1=3.921605e-01 | task2=2.259236e-01 | F1=1.700011e-01 | m1²=0.005242 | m2²=0.981841 | eps_w1=2.106664e+00 | eps_w2=4.947076e-02
[step    37200] t/d= 372.000 | task1=3.921894e-01 | task2=2.258770e-01 | F1=1.700301e-01 | m1²=0.005204 | m2²=0.981945 | eps_w1=2.107600e+00 | eps_w2=4.934016e-02
[step    37250] t/d= 372.500 | task1=3.923170e-01 | task2=2.258449e-01 | F1=1.701577e-01 | m1²=0.005180 | m2²=0.982071 | eps_w1=2.110364e+00 | eps_w2=4.937583e-02
[step    37300] t/d= 373.000 | task1=3.922571e-01 | task2=2.258139e-01 | F1=1.700978e-01 | m1²=0.005092 | m2²=0.982229 | eps_w1=2.108874e+00 | eps_w2=4.883548e-02
[step    37350] t/d= 373.500 | task1=3.923016e-01 | task2=2.258431e-01 | F1=1.701423e-01 | m1²=0.004932 | m2²=0.982486 | eps_w1=2.108401e+00 | eps_w2=4.817677e-02
[step    37400] t/d= 374.000 | task1=3.925388e-01 | task2=2.258770e-01 | F1=1.703795e-01 | m1²=0.004771 | m2²=0.982571 | eps_w1=2.110989e+00 | eps_w2=4.824768e-02
[step    37450] t/d= 374.500 | task1=3.927433e-01 | task2=2.259202e-01 | F1=1.705840e-01 | m1²=0.004738 | m2²=0.982474 | eps_w1=2.113440e+00 | eps_w2=4.873787e-02
[step    37500] t/d= 375.000 | task1=3.925612e-01 | task2=2.259705e-01 | F1=1.704019e-01 | m1²=0.004782 | m2²=0.982241 | eps_w1=2.111474e+00 | eps_w2=4.903215e-02
[step    37550] t/d= 375.500 | task1=3.926226e-01 | task2=2.259531e-01 | F1=1.704632e-01 | m1²=0.004990 | m2²=0.982085 | eps_w1=2.112936e+00 | eps_w2=4.959668e-02
[step    37600] t/d= 376.000 | task1=3.925746e-01 | task2=2.259556e-01 | F1=1.704153e-01 | m1²=0.004845 | m2²=0.982136 | eps_w1=2.110156e+00 | eps_w2=4.912659e-02
[step    37650] t/d= 376.500 | task1=3.925583e-01 | task2=2.259346e-01 | F1=1.703990e-01 | m1²=0.004868 | m2²=0.982160 | eps_w1=2.110346e+00 | eps_w2=4.910135e-02
[step    37700] t/d= 377.000 | task1=3.926467e-01 | task2=2.259424e-01 | F1=1.704874e-01 | m1²=0.004900 | m2²=0.982029 | eps_w1=2.112409e+00 | eps_w2=4.963722e-02
[step    37750] t/d= 377.500 | task1=3.926567e-01 | task2=2.259380e-01 | F1=1.704973e-01 | m1²=0.004853 | m2²=0.982055 | eps_w1=2.112054e+00 | eps_w2=4.952667e-02
[step    37800] t/d= 378.000 | task1=3.925445e-01 | task2=2.259246e-01 | F1=1.703852e-01 | m1²=0.004883 | m2²=0.982280 | eps_w1=2.109310e+00 | eps_w2=4.872207e-02
[step    37850] t/d= 378.500 | task1=3.926566e-01 | task2=2.259251e-01 | F1=1.704973e-01 | m1²=0.004842 | m2²=0.982150 | eps_w1=2.112142e+00 | eps_w2=4.932451e-02
[step    37900] t/d= 379.000 | task1=3.927241e-01 | task2=2.258852e-01 | F1=1.705648e-01 | m1²=0.004765 | m2²=0.982624 | eps_w1=2.112550e+00 | eps_w2=4.830965e-02
[step    37950] t/d= 379.500 | task1=3.928587e-01 | task2=2.259074e-01 | F1=1.706993e-01 | m1²=0.004756 | m2²=0.982552 | eps_w1=2.114890e+00 | eps_w2=4.873986e-02
[step    38000] t/d= 380.000 | task1=3.926972e-01 | task2=2.259217e-01 | F1=1.705379e-01 | m1²=0.004664 | m2²=0.982505 | eps_w1=2.111105e+00 | eps_w2=4.838114e-02
[step    38050] t/d= 380.500 | task1=3.926695e-01 | task2=2.259194e-01 | F1=1.705102e-01 | m1²=0.004726 | m2²=0.982450 | eps_w1=2.111880e+00 | eps_w2=4.860571e-02
[step    38100] t/d= 381.000 | task1=3.925338e-01 | task2=2.259339e-01 | F1=1.703745e-01 | m1²=0.004872 | m2²=0.982527 | eps_w1=2.109147e+00 | eps_w2=4.815788e-02
[step    38150] t/d= 381.500 | task1=3.924023e-01 | task2=2.259355e-01 | F1=1.702430e-01 | m1²=0.005023 | m2²=0.982488 | eps_w1=2.106925e+00 | eps_w2=4.802702e-02
[step    38200] t/d= 382.000 | task1=3.921623e-01 | task2=2.259196e-01 | F1=1.700030e-01 | m1²=0.005037 | m2²=0.982554 | eps_w1=2.102171e+00 | eps_w2=4.734838e-02
[step    38250] t/d= 382.500 | task1=3.921578e-01 | task2=2.259049e-01 | F1=1.699985e-01 | m1²=0.005177 | m2²=0.982541 | eps_w1=2.102598e+00 | eps_w2=4.745805e-02
[step    38300] t/d= 383.000 | task1=3.921269e-01 | task2=2.259494e-01 | F1=1.699675e-01 | m1²=0.005283 | m2²=0.982739 | eps_w1=2.101762e+00 | eps_w2=4.695636e-02
[step    38350] t/d= 383.500 | task1=3.920563e-01 | task2=2.259737e-01 | F1=1.698970e-01 | m1²=0.005191 | m2²=0.982587 | eps_w1=2.101726e+00 | eps_w2=4.726226e-02
[step    38400] t/d= 384.000 | task1=3.921109e-01 | task2=2.259680e-01 | F1=1.699515e-01 | m1²=0.005116 | m2²=0.982689 | eps_w1=2.102386e+00 | eps_w2=4.709461e-02
[step    38450] t/d= 384.500 | task1=3.920107e-01 | task2=2.259835e-01 | F1=1.698514e-01 | m1²=0.005112 | m2²=0.982527 | eps_w1=2.101099e+00 | eps_w2=4.730500e-02
[step    38500] t/d= 385.000 | task1=3.921939e-01 | task2=2.259929e-01 | F1=1.700346e-01 | m1²=0.004991 | m2²=0.982823 | eps_w1=2.103070e+00 | eps_w2=4.684939e-02
[step    38550] t/d= 385.500 | task1=3.922142e-01 | task2=2.260057e-01 | F1=1.700549e-01 | m1²=0.004977 | m2²=0.983234 | eps_w1=2.102963e+00 | eps_w2=4.593281e-02
[step    38600] t/d= 386.000 | task1=3.922500e-01 | task2=2.260010e-01 | F1=1.700907e-01 | m1²=0.004999 | m2²=0.983397 | eps_w1=2.103309e+00 | eps_w2=4.561912e-02
[step    38650] t/d= 386.500 | task1=3.925287e-01 | task2=2.259526e-01 | F1=1.703694e-01 | m1²=0.004929 | m2²=0.983344 | eps_w1=2.107127e+00 | eps_w2=4.614739e-02
[step    38700] t/d= 387.000 | task1=3.925983e-01 | task2=2.260280e-01 | F1=1.704389e-01 | m1²=0.004935 | m2²=0.983319 | eps_w1=2.107685e+00 | eps_w2=4.626599e-02
[step    38750] t/d= 387.500 | task1=3.927496e-01 | task2=2.260612e-01 | F1=1.705903e-01 | m1²=0.004934 | m2²=0.983524 | eps_w1=2.109877e+00 | eps_w2=4.606372e-02
[step    38800] t/d= 388.000 | task1=3.928567e-01 | task2=2.260688e-01 | F1=1.706974e-01 | m1²=0.004939 | m2²=0.983471 | eps_w1=2.111455e+00 | eps_w2=4.636271e-02
[step    38850] t/d= 388.500 | task1=3.928526e-01 | task2=2.260646e-01 | F1=1.706933e-01 | m1²=0.004900 | m2²=0.983422 | eps_w1=2.112650e+00 | eps_w2=4.659897e-02
[step    38900] t/d= 389.000 | task1=3.928586e-01 | task2=2.260205e-01 | F1=1.706992e-01 | m1²=0.004980 | m2²=0.983303 | eps_w1=2.113041e+00 | eps_w2=4.692560e-02
[step    38950] t/d= 389.500 | task1=3.929049e-01 | task2=2.259979e-01 | F1=1.707456e-01 | m1²=0.004969 | m2²=0.983169 | eps_w1=2.114919e+00 | eps_w2=4.743550e-02
[step    39000] t/d= 390.000 | task1=3.929714e-01 | task2=2.259775e-01 | F1=1.708121e-01 | m1²=0.004869 | m2²=0.983169 | eps_w1=2.116906e+00 | eps_w2=4.764453e-02
[step    39050] t/d= 390.500 | task1=3.929140e-01 | task2=2.260269e-01 | F1=1.707547e-01 | m1²=0.004726 | m2²=0.983112 | eps_w1=2.116159e+00 | eps_w2=4.764696e-02
[step    39100] t/d= 391.000 | task1=3.930209e-01 | task2=2.260549e-01 | F1=1.708616e-01 | m1²=0.004803 | m2²=0.982975 | eps_w1=2.118621e+00 | eps_w2=4.825704e-02
[step    39150] t/d= 391.500 | task1=3.929581e-01 | task2=2.260216e-01 | F1=1.707987e-01 | m1²=0.004892 | m2²=0.982835 | eps_w1=2.117907e+00 | eps_w2=4.850447e-02
[step    39200] t/d= 392.000 | task1=3.931399e-01 | task2=2.260281e-01 | F1=1.709806e-01 | m1²=0.004976 | m2²=0.982828 | eps_w1=2.121286e+00 | eps_w2=4.894346e-02
[step    39250] t/d= 392.500 | task1=3.931143e-01 | task2=2.260285e-01 | F1=1.709550e-01 | m1²=0.005023 | m2²=0.982634 | eps_w1=2.120683e+00 | eps_w2=4.931151e-02
[step    39300] t/d= 393.000 | task1=3.931203e-01 | task2=2.260300e-01 | F1=1.709610e-01 | m1²=0.005020 | m2²=0.982728 | eps_w1=2.121417e+00 | eps_w2=4.919075e-02
[step    39350] t/d= 393.500 | task1=3.931673e-01 | task2=2.260284e-01 | F1=1.710080e-01 | m1²=0.004976 | m2²=0.982463 | eps_w1=2.122032e+00 | eps_w2=4.984004e-02
[step    39400] t/d= 394.000 | task1=3.932662e-01 | task2=2.259768e-01 | F1=1.711069e-01 | m1²=0.005057 | m2²=0.982575 | eps_w1=2.122721e+00 | eps_w2=4.969547e-02
[step    39450] t/d= 394.500 | task1=3.933939e-01 | task2=2.259849e-01 | F1=1.712346e-01 | m1²=0.004952 | m2²=0.982461 | eps_w1=2.124479e+00 | eps_w2=5.013217e-02
[step    39500] t/d= 395.000 | task1=3.934420e-01 | task2=2.260046e-01 | F1=1.712826e-01 | m1²=0.004904 | m2²=0.982573 | eps_w1=2.125724e+00 | eps_w2=5.002468e-02
[step    39550] t/d= 395.500 | task1=3.935420e-01 | task2=2.260064e-01 | F1=1.713826e-01 | m1²=0.004894 | m2²=0.982475 | eps_w1=2.129081e+00 | eps_w2=5.064944e-02
[step    39600] t/d= 396.000 | task1=3.934335e-01 | task2=2.260055e-01 | F1=1.712741e-01 | m1²=0.004885 | m2²=0.982527 | eps_w1=2.127292e+00 | eps_w2=5.031200e-02
[step    39650] t/d= 396.500 | task1=3.935219e-01 | task2=2.259441e-01 | F1=1.713626e-01 | m1²=0.004828 | m2²=0.982576 | eps_w1=2.129707e+00 | eps_w2=5.048653e-02
[step    39700] t/d= 397.000 | task1=3.935238e-01 | task2=2.259572e-01 | F1=1.713645e-01 | m1²=0.004752 | m2²=0.982398 | eps_w1=2.129920e+00 | eps_w2=5.088601e-02
[step    39750] t/d= 397.500 | task1=3.935785e-01 | task2=2.259704e-01 | F1=1.714191e-01 | m1²=0.004702 | m2²=0.982607 | eps_w1=2.130866e+00 | eps_w2=5.052756e-02
[step    39800] t/d= 398.000 | task1=3.936625e-01 | task2=2.260305e-01 | F1=1.715032e-01 | m1²=0.004776 | m2²=0.982617 | eps_w1=2.132762e+00 | eps_w2=5.075958e-02
[step    39850] t/d= 398.500 | task1=3.938144e-01 | task2=2.260230e-01 | F1=1.716551e-01 | m1²=0.004865 | m2²=0.982811 | eps_w1=2.135628e+00 | eps_w2=5.071087e-02
[step    39900] t/d= 399.000 | task1=3.937871e-01 | task2=2.260348e-01 | F1=1.716278e-01 | m1²=0.004901 | m2²=0.982848 | eps_w1=2.134742e+00 | eps_w2=5.052633e-02
[step    39950] t/d= 399.500 | task1=3.937634e-01 | task2=2.260337e-01 | F1=1.716041e-01 | m1²=0.004929 | m2²=0.983029 | eps_w1=2.134731e+00 | eps_w2=5.013135e-02
[step    40000] t/d= 400.000 | task1=3.938215e-01 | task2=2.260409e-01 | F1=1.716621e-01 | m1²=0.004833 | m2²=0.982845 | eps_w1=2.136316e+00 | eps_w2=5.071273e-02
[step    40050] t/d= 400.500 | task1=3.937106e-01 | task2=2.260929e-01 | F1=1.715513e-01 | m1²=0.004902 | m2²=0.982916 | eps_w1=2.134692e+00 | eps_w2=5.037004e-02
[step    40100] t/d= 401.000 | task1=3.938000e-01 | task2=2.260946e-01 | F1=1.716406e-01 | m1²=0.004814 | m2²=0.982918 | eps_w1=2.135992e+00 | eps_w2=5.050485e-02
[step    40150] t/d= 401.500 | task1=3.936897e-01 | task2=2.261022e-01 | F1=1.715304e-01 | m1²=0.004825 | m2²=0.982669 | eps_w1=2.133941e+00 | eps_w2=5.080400e-02
[step    40200] t/d= 402.000 | task1=3.936855e-01 | task2=2.261524e-01 | F1=1.715262e-01 | m1²=0.004878 | m2²=0.982577 | eps_w1=2.134107e+00 | eps_w2=5.104334e-02
[step    40250] t/d= 402.500 | task1=3.938115e-01 | task2=2.261172e-01 | F1=1.716522e-01 | m1²=0.004942 | m2²=0.982658 | eps_w1=2.136612e+00 | eps_w2=5.119506e-02
[step    40300] t/d= 403.000 | task1=3.940790e-01 | task2=2.261146e-01 | F1=1.719197e-01 | m1²=0.004882 | m2²=0.982553 | eps_w1=2.141197e+00 | eps_w2=5.199676e-02
[step    40350] t/d= 403.500 | task1=3.939741e-01 | task2=2.261055e-01 | F1=1.718147e-01 | m1²=0.004900 | m2²=0.982419 | eps_w1=2.140307e+00 | eps_w2=5.218667e-02
[step    40400] t/d= 404.000 | task1=3.938862e-01 | task2=2.260841e-01 | F1=1.717268e-01 | m1²=0.004898 | m2²=0.982455 | eps_w1=2.139533e+00 | eps_w2=5.200568e-02
[step    40450] t/d= 404.500 | task1=3.940474e-01 | task2=2.260355e-01 | F1=1.718881e-01 | m1²=0.004760 | m2²=0.982726 | eps_w1=2.140786e+00 | eps_w2=5.152453e-02
[step    40500] t/d= 405.000 | task1=3.939160e-01 | task2=2.260052e-01 | F1=1.717566e-01 | m1²=0.004706 | m2²=0.982686 | eps_w1=2.138744e+00 | eps_w2=5.134009e-02
[step    40550] t/d= 405.500 | task1=3.939851e-01 | task2=2.260206e-01 | F1=1.718258e-01 | m1²=0.004747 | m2²=0.982840 | eps_w1=2.139557e+00 | eps_w2=5.111178e-02
[step    40600] t/d= 406.000 | task1=3.941675e-01 | task2=2.260533e-01 | F1=1.720082e-01 | m1²=0.004801 | m2²=0.982767 | eps_w1=2.143998e+00 | eps_w2=5.185839e-02
[step    40650] t/d= 406.500 | task1=3.940457e-01 | task2=2.260132e-01 | F1=1.718864e-01 | m1²=0.004938 | m2²=0.982930 | eps_w1=2.142671e+00 | eps_w2=5.136175e-02
[step    40700] t/d= 407.000 | task1=3.938868e-01 | task2=2.259944e-01 | F1=1.717275e-01 | m1²=0.004956 | m2²=0.982927 | eps_w1=2.139791e+00 | eps_w2=5.100440e-02
[step    40750] t/d= 407.500 | task1=3.938052e-01 | task2=2.259829e-01 | F1=1.716459e-01 | m1²=0.004923 | m2²=0.982997 | eps_w1=2.137429e+00 | eps_w2=5.053879e-02
[step    40800] t/d= 408.000 | task1=3.936659e-01 | task2=2.259577e-01 | F1=1.715065e-01 | m1²=0.004885 | m2²=0.983093 | eps_w1=2.134569e+00 | eps_w2=4.995685e-02
[step    40850] t/d= 408.500 | task1=3.935721e-01 | task2=2.259146e-01 | F1=1.714128e-01 | m1²=0.004830 | m2²=0.983122 | eps_w1=2.132679e+00 | eps_w2=4.964313e-02
[step    40900] t/d= 409.000 | task1=3.934654e-01 | task2=2.259129e-01 | F1=1.713060e-01 | m1²=0.004885 | m2²=0.983210 | eps_w1=2.130946e+00 | eps_w2=4.924788e-02
[step    40950] t/d= 409.500 | task1=3.934267e-01 | task2=2.259333e-01 | F1=1.712674e-01 | m1²=0.005084 | m2²=0.983157 | eps_w1=2.130670e+00 | eps_w2=4.938391e-02
[step    41000] t/d= 410.000 | task1=3.936022e-01 | task2=2.260585e-01 | F1=1.714429e-01 | m1²=0.005074 | m2²=0.983272 | eps_w1=2.134821e+00 | eps_w2=4.964178e-02
[step    41050] t/d= 410.500 | task1=3.937821e-01 | task2=2.260816e-01 | F1=1.716228e-01 | m1²=0.005096 | m2²=0.983435 | eps_w1=2.137380e+00 | eps_w2=4.960554e-02
[step    41100] t/d= 411.000 | task1=3.939103e-01 | task2=2.260366e-01 | F1=1.717510e-01 | m1²=0.005111 | m2²=0.983546 | eps_w1=2.141632e+00 | eps_w2=4.990215e-02
[step    41150] t/d= 411.500 | task1=3.937815e-01 | task2=2.260186e-01 | F1=1.716222e-01 | m1²=0.005137 | m2²=0.983439 | eps_w1=2.139276e+00 | eps_w2=4.984844e-02
[step    41200] t/d= 412.000 | task1=3.937181e-01 | task2=2.260096e-01 | F1=1.715587e-01 | m1²=0.005091 | m2²=0.983555 | eps_w1=2.137914e+00 | eps_w2=4.940409e-02
[step    41250] t/d= 412.500 | task1=3.937754e-01 | task2=2.259358e-01 | F1=1.716161e-01 | m1²=0.005067 | m2²=0.983711 | eps_w1=2.137400e+00 | eps_w2=4.898626e-02
[step    41300] t/d= 413.000 | task1=3.937233e-01 | task2=2.259042e-01 | F1=1.715640e-01 | m1²=0.005009 | m2²=0.983727 | eps_w1=2.136210e+00 | eps_w2=4.878508e-02
[step    41350] t/d= 413.500 | task1=3.937508e-01 | task2=2.259168e-01 | F1=1.715915e-01 | m1²=0.004891 | m2²=0.983813 | eps_w1=2.136958e+00 | eps_w2=4.865561e-02
[step    41400] t/d= 414.000 | task1=3.938678e-01 | task2=2.259176e-01 | F1=1.717084e-01 | m1²=0.005138 | m2²=0.983624 | eps_w1=2.139759e+00 | eps_w2=4.949721e-02
[step    41450] t/d= 414.500 | task1=3.939300e-01 | task2=2.259186e-01 | F1=1.717707e-01 | m1²=0.005137 | m2²=0.983679 | eps_w1=2.140828e+00 | eps_w2=4.951002e-02
[step    41500] t/d= 415.000 | task1=3.939217e-01 | task2=2.259210e-01 | F1=1.717624e-01 | m1²=0.005183 | m2²=0.983679 | eps_w1=2.141163e+00 | eps_w2=4.956484e-02
[step    41550] t/d= 415.500 | task1=3.940885e-01 | task2=2.258912e-01 | F1=1.719292e-01 | m1²=0.005225 | m2²=0.983855 | eps_w1=2.144224e+00 | eps_w2=4.957572e-02
[step    41600] t/d= 416.000 | task1=3.940679e-01 | task2=2.258598e-01 | F1=1.719086e-01 | m1²=0.005224 | m2²=0.984002 | eps_w1=2.143636e+00 | eps_w2=4.917140e-02
[step    41650] t/d= 416.500 | task1=3.943261e-01 | task2=2.258122e-01 | F1=1.721668e-01 | m1²=0.005007 | m2²=0.984237 | eps_w1=2.146256e+00 | eps_w2=4.892280e-02
[step    41700] t/d= 417.000 | task1=3.944023e-01 | task2=2.258626e-01 | F1=1.722430e-01 | m1²=0.005121 | m2²=0.983995 | eps_w1=2.146945e+00 | eps_w2=4.958437e-02
[step    41750] t/d= 417.500 | task1=3.942935e-01 | task2=2.258530e-01 | F1=1.721341e-01 | m1²=0.005176 | m2²=0.983957 | eps_w1=2.145583e+00 | eps_w2=4.950984e-02
[step    41800] t/d= 418.000 | task1=3.941927e-01 | task2=2.258376e-01 | F1=1.720334e-01 | m1²=0.005222 | m2²=0.984123 | eps_w1=2.144731e+00 | eps_w2=4.904298e-02
[step    41850] t/d= 418.500 | task1=3.943053e-01 | task2=2.258315e-01 | F1=1.721460e-01 | m1²=0.005206 | m2²=0.983940 | eps_w1=2.147295e+00 | eps_w2=4.977752e-02
[step    41900] t/d= 419.000 | task1=3.944702e-01 | task2=2.258295e-01 | F1=1.723109e-01 | m1²=0.005119 | m2²=0.983933 | eps_w1=2.149967e+00 | eps_w2=5.011636e-02
[step    41950] t/d= 419.500 | task1=3.946877e-01 | task2=2.257600e-01 | F1=1.725284e-01 | m1²=0.005091 | m2²=0.984052 | eps_w1=2.153561e+00 | eps_w2=5.031477e-02
[step    42000] t/d= 420.000 | task1=3.947195e-01 | task2=2.257496e-01 | F1=1.725602e-01 | m1²=0.005068 | m2²=0.984023 | eps_w1=2.155047e+00 | eps_w2=5.057099e-02
[step    42050] t/d= 420.500 | task1=3.945706e-01 | task2=2.257415e-01 | F1=1.724113e-01 | m1²=0.005083 | m2²=0.984045 | eps_w1=2.152262e+00 | eps_w2=5.015770e-02
[step    42100] t/d= 421.000 | task1=3.944833e-01 | task2=2.257277e-01 | F1=1.723240e-01 | m1²=0.005177 | m2²=0.984043 | eps_w1=2.151476e+00 | eps_w2=5.008425e-02
[step    42150] t/d= 421.500 | task1=3.943118e-01 | task2=2.256866e-01 | F1=1.721525e-01 | m1²=0.005277 | m2²=0.984076 | eps_w1=2.148352e+00 | eps_w2=4.962949e-02
[step    42200] t/d= 422.000 | task1=3.943234e-01 | task2=2.256851e-01 | F1=1.721641e-01 | m1²=0.005383 | m2²=0.983944 | eps_w1=2.148651e+00 | eps_w2=4.999403e-02
[step    42250] t/d= 422.500 | task1=3.942302e-01 | task2=2.256875e-01 | F1=1.720709e-01 | m1²=0.005277 | m2²=0.983927 | eps_w1=2.146116e+00 | eps_w2=4.967316e-02
[step    42300] t/d= 423.000 | task1=3.942855e-01 | task2=2.256870e-01 | F1=1.721262e-01 | m1²=0.005383 | m2²=0.984020 | eps_w1=2.147896e+00 | eps_w2=4.972508e-02
[step    42350] t/d= 423.500 | task1=3.943439e-01 | task2=2.256568e-01 | F1=1.721845e-01 | m1²=0.005404 | m2²=0.983824 | eps_w1=2.149272e+00 | eps_w2=5.035065e-02
[step    42400] t/d= 424.000 | task1=3.944152e-01 | task2=2.256600e-01 | F1=1.722558e-01 | m1²=0.005416 | m2²=0.983812 | eps_w1=2.151124e+00 | eps_w2=5.062425e-02
[step    42450] t/d= 424.500 | task1=3.942908e-01 | task2=2.256745e-01 | F1=1.721315e-01 | m1²=0.005336 | m2²=0.984101 | eps_w1=2.147791e+00 | eps_w2=4.951847e-02
[step    42500] t/d= 425.000 | task1=3.942528e-01 | task2=2.256290e-01 | F1=1.720935e-01 | m1²=0.005336 | m2²=0.984069 | eps_w1=2.148038e+00 | eps_w2=4.962221e-02
[step    42550] t/d= 425.500 | task1=3.941386e-01 | task2=2.256411e-01 | F1=1.719793e-01 | m1²=0.005368 | m2²=0.984225 | eps_w1=2.146057e+00 | eps_w2=4.902554e-02
[step    42600] t/d= 426.000 | task1=3.942791e-01 | task2=2.255978e-01 | F1=1.721198e-01 | m1²=0.005296 | m2²=0.984202 | eps_w1=2.148925e+00 | eps_w2=4.942908e-02
[step    42650] t/d= 426.500 | task1=3.943036e-01 | task2=2.256094e-01 | F1=1.721442e-01 | m1²=0.005308 | m2²=0.984251 | eps_w1=2.149956e+00 | eps_w2=4.945600e-02
[step    42700] t/d= 427.000 | task1=3.944757e-01 | task2=2.255442e-01 | F1=1.723163e-01 | m1²=0.005189 | m2²=0.984402 | eps_w1=2.152580e+00 | eps_w2=4.942944e-02
[step    42750] t/d= 427.500 | task1=3.944863e-01 | task2=2.255687e-01 | F1=1.723270e-01 | m1²=0.005129 | m2²=0.984572 | eps_w1=2.153336e+00 | eps_w2=4.912992e-02
[step    42800] t/d= 428.000 | task1=3.947412e-01 | task2=2.255734e-01 | F1=1.725819e-01 | m1²=0.004975 | m2²=0.984608 | eps_w1=2.155728e+00 | eps_w2=4.932056e-02
[step    42850] t/d= 428.500 | task1=3.948297e-01 | task2=2.255827e-01 | F1=1.726704e-01 | m1²=0.004973 | m2²=0.984598 | eps_w1=2.156032e+00 | eps_w2=4.938428e-02
[step    42900] t/d= 429.000 | task1=3.946588e-01 | task2=2.255779e-01 | F1=1.724994e-01 | m1²=0.005005 | m2²=0.984381 | eps_w1=2.154305e+00 | eps_w2=4.965105e-02
[step    42950] t/d= 429.500 | task1=3.947310e-01 | task2=2.256187e-01 | F1=1.725717e-01 | m1²=0.004960 | m2²=0.984337 | eps_w1=2.155113e+00 | eps_w2=4.984408e-02
[step    43000] t/d= 430.000 | task1=3.946558e-01 | task2=2.256119e-01 | F1=1.724965e-01 | m1²=0.005010 | m2²=0.984390 | eps_w1=2.154053e+00 | eps_w2=4.960011e-02
[step    43050] t/d= 430.500 | task1=3.945496e-01 | task2=2.256368e-01 | F1=1.723902e-01 | m1²=0.004998 | m2²=0.984512 | eps_w1=2.151871e+00 | eps_w2=4.903606e-02
[step    43100] t/d= 431.000 | task1=3.946860e-01 | task2=2.256400e-01 | F1=1.725267e-01 | m1²=0.005010 | m2²=0.984541 | eps_w1=2.153915e+00 | eps_w2=4.924302e-02
[step    43150] t/d= 431.500 | task1=3.945013e-01 | task2=2.256066e-01 | F1=1.723420e-01 | m1²=0.005121 | m2²=0.984532 | eps_w1=2.150379e+00 | eps_w2=4.883086e-02
[step    43200] t/d= 432.000 | task1=3.945037e-01 | task2=2.256587e-01 | F1=1.723443e-01 | m1²=0.005097 | m2²=0.984550 | eps_w1=2.148721e+00 | eps_w2=4.856811e-02
[step    43250] t/d= 432.500 | task1=3.945218e-01 | task2=2.256411e-01 | F1=1.723625e-01 | m1²=0.005168 | m2²=0.984515 | eps_w1=2.149237e+00 | eps_w2=4.873297e-02
[step    43300] t/d= 433.000 | task1=3.944225e-01 | task2=2.256236e-01 | F1=1.722632e-01 | m1²=0.005012 | m2²=0.984656 | eps_w1=2.146713e+00 | eps_w2=4.804877e-02
[step    43350] t/d= 433.500 | task1=3.944229e-01 | task2=2.255985e-01 | F1=1.722636e-01 | m1²=0.004904 | m2²=0.984873 | eps_w1=2.145832e+00 | eps_w2=4.742149e-02
[step    43400] t/d= 434.000 | task1=3.945871e-01 | task2=2.255922e-01 | F1=1.724277e-01 | m1²=0.004827 | m2²=0.984886 | eps_w1=2.148475e+00 | eps_w2=4.770871e-02
[step    43450] t/d= 434.500 | task1=3.945859e-01 | task2=2.255826e-01 | F1=1.724266e-01 | m1²=0.004969 | m2²=0.984829 | eps_w1=2.149720e+00 | eps_w2=4.803852e-02
[step    43500] t/d= 435.000 | task1=3.945664e-01 | task2=2.255966e-01 | F1=1.724070e-01 | m1²=0.004915 | m2²=0.984871 | eps_w1=2.149954e+00 | eps_w2=4.795992e-02
[step    43550] t/d= 435.500 | task1=3.944817e-01 | task2=2.255892e-01 | F1=1.723223e-01 | m1²=0.004951 | m2²=0.985033 | eps_w1=2.149769e+00 | eps_w2=4.758261e-02
[step    43600] t/d= 436.000 | task1=3.944833e-01 | task2=2.256322e-01 | F1=1.723240e-01 | m1²=0.004845 | m2²=0.984992 | eps_w1=2.148302e+00 | eps_w2=4.745533e-02
[step    43650] t/d= 436.500 | task1=3.943312e-01 | task2=2.256270e-01 | F1=1.721719e-01 | m1²=0.004855 | m2²=0.984972 | eps_w1=2.147290e+00 | eps_w2=4.737188e-02
[step    43700] t/d= 437.000 | task1=3.944094e-01 | task2=2.256256e-01 | F1=1.722501e-01 | m1²=0.004950 | m2²=0.984958 | eps_w1=2.149292e+00 | eps_w2=4.768907e-02
[step    43750] t/d= 437.500 | task1=3.942846e-01 | task2=2.256824e-01 | F1=1.721253e-01 | m1²=0.005018 | m2²=0.984722 | eps_w1=2.148597e+00 | eps_w2=4.814529e-02
[step    43800] t/d= 438.000 | task1=3.941802e-01 | task2=2.256528e-01 | F1=1.720208e-01 | m1²=0.005025 | m2²=0.984579 | eps_w1=2.145664e+00 | eps_w2=4.808827e-02
[step    43850] t/d= 438.500 | task1=3.943830e-01 | task2=2.256192e-01 | F1=1.722237e-01 | m1²=0.004887 | m2²=0.984552 | eps_w1=2.149709e+00 | eps_w2=4.863384e-02
[step    43900] t/d= 439.000 | task1=3.944273e-01 | task2=2.255659e-01 | F1=1.722679e-01 | m1²=0.004852 | m2²=0.984757 | eps_w1=2.151132e+00 | eps_w2=4.835038e-02
[step    43950] t/d= 439.500 | task1=3.944290e-01 | task2=2.255577e-01 | F1=1.722696e-01 | m1²=0.004864 | m2²=0.984940 | eps_w1=2.150796e+00 | eps_w2=4.790023e-02
[step    44000] t/d= 440.000 | task1=3.944059e-01 | task2=2.255630e-01 | F1=1.722465e-01 | m1²=0.004867 | m2²=0.984676 | eps_w1=2.150153e+00 | eps_w2=4.840799e-02
[step    44050] t/d= 440.500 | task1=3.944841e-01 | task2=2.255922e-01 | F1=1.723248e-01 | m1²=0.004848 | m2²=0.984783 | eps_w1=2.152239e+00 | eps_w2=4.843453e-02
[step    44100] t/d= 441.000 | task1=3.945806e-01 | task2=2.255775e-01 | F1=1.724213e-01 | m1²=0.004796 | m2²=0.985029 | eps_w1=2.153480e+00 | eps_w2=4.802986e-02
[step    44150] t/d= 441.500 | task1=3.944118e-01 | task2=2.255898e-01 | F1=1.722525e-01 | m1²=0.004801 | m2²=0.984973 | eps_w1=2.149878e+00 | eps_w2=4.768834e-02
[step    44200] t/d= 442.000 | task1=3.945054e-01 | task2=2.256232e-01 | F1=1.723461e-01 | m1²=0.004667 | m2²=0.985007 | eps_w1=2.149073e+00 | eps_w2=4.747140e-02
[step    44250] t/d= 442.500 | task1=3.944969e-01 | task2=2.255960e-01 | F1=1.723376e-01 | m1²=0.004525 | m2²=0.985187 | eps_w1=2.150252e+00 | eps_w2=4.718109e-02
[step    44300] t/d= 443.000 | task1=3.946273e-01 | task2=2.255754e-01 | F1=1.724680e-01 | m1²=0.004563 | m2²=0.985052 | eps_w1=2.153086e+00 | eps_w2=4.786271e-02
[step    44350] t/d= 443.500 | task1=3.944480e-01 | task2=2.255806e-01 | F1=1.722887e-01 | m1²=0.004614 | m2²=0.985042 | eps_w1=2.149990e+00 | eps_w2=4.749737e-02
[step    44400] t/d= 444.000 | task1=3.943118e-01 | task2=2.256233e-01 | F1=1.721525e-01 | m1²=0.004512 | m2²=0.984891 | eps_w1=2.149215e+00 | eps_w2=4.770678e-02
[step    44450] t/d= 444.500 | task1=3.943897e-01 | task2=2.256175e-01 | F1=1.722304e-01 | m1²=0.004462 | m2²=0.984747 | eps_w1=2.150993e+00 | eps_w2=4.824502e-02
[step    44500] t/d= 445.000 | task1=3.944044e-01 | task2=2.255767e-01 | F1=1.722451e-01 | m1²=0.004454 | m2²=0.984778 | eps_w1=2.149745e+00 | eps_w2=4.801221e-02
[step    44550] t/d= 445.500 | task1=3.942701e-01 | task2=2.255845e-01 | F1=1.721108e-01 | m1²=0.004382 | m2²=0.984776 | eps_w1=2.147207e+00 | eps_w2=4.766898e-02
[step    44600] t/d= 446.000 | task1=3.943242e-01 | task2=2.255415e-01 | F1=1.721649e-01 | m1²=0.004421 | m2²=0.984690 | eps_w1=2.147622e+00 | eps_w2=4.792513e-02
[step    44650] t/d= 446.500 | task1=3.942839e-01 | task2=2.256028e-01 | F1=1.721246e-01 | m1²=0.004452 | m2²=0.984612 | eps_w1=2.146303e+00 | eps_w2=4.793818e-02
[step    44700] t/d= 447.000 | task1=3.943703e-01 | task2=2.255756e-01 | F1=1.722110e-01 | m1²=0.004586 | m2²=0.984632 | eps_w1=2.147844e+00 | eps_w2=4.813007e-02
[step    44750] t/d= 447.500 | task1=3.942155e-01 | task2=2.255858e-01 | F1=1.720561e-01 | m1²=0.004423 | m2²=0.984784 | eps_w1=2.144859e+00 | eps_w2=4.736339e-02
[step    44800] t/d= 448.000 | task1=3.941552e-01 | task2=2.255910e-01 | F1=1.719959e-01 | m1²=0.004395 | m2²=0.984786 | eps_w1=2.144416e+00 | eps_w2=4.729361e-02
[step    44850] t/d= 448.500 | task1=3.940448e-01 | task2=2.255850e-01 | F1=1.718855e-01 | m1²=0.004356 | m2²=0.984778 | eps_w1=2.142328e+00 | eps_w2=4.703827e-02
[step    44900] t/d= 449.000 | task1=3.940056e-01 | task2=2.256209e-01 | F1=1.718463e-01 | m1²=0.004348 | m2²=0.984945 | eps_w1=2.140225e+00 | eps_w2=4.640019e-02
[step    44950] t/d= 449.500 | task1=3.940332e-01 | task2=2.255922e-01 | F1=1.718738e-01 | m1²=0.004366 | m2²=0.985056 | eps_w1=2.140456e+00 | eps_w2=4.618599e-02
[step    45000] t/d= 450.000 | task1=3.939664e-01 | task2=2.256168e-01 | F1=1.718071e-01 | m1²=0.004319 | m2²=0.984963 | eps_w1=2.139930e+00 | eps_w2=4.631479e-02
[step    45050] t/d= 450.500 | task1=3.939935e-01 | task2=2.256327e-01 | F1=1.718341e-01 | m1²=0.004381 | m2²=0.984872 | eps_w1=2.141461e+00 | eps_w2=4.672510e-02
[step    45100] t/d= 451.000 | task1=3.942925e-01 | task2=2.256329e-01 | F1=1.721332e-01 | m1²=0.004304 | m2²=0.985229 | eps_w1=2.147476e+00 | eps_w2=4.666985e-02
[step    45150] t/d= 451.500 | task1=3.943462e-01 | task2=2.256574e-01 | F1=1.721869e-01 | m1²=0.004273 | m2²=0.985471 | eps_w1=2.148048e+00 | eps_w2=4.619509e-02
[step    45200] t/d= 452.000 | task1=3.942976e-01 | task2=2.256953e-01 | F1=1.721383e-01 | m1²=0.004241 | m2²=0.985173 | eps_w1=2.149260e+00 | eps_w2=4.700548e-02
[step    45250] t/d= 452.500 | task1=3.944019e-01 | task2=2.257234e-01 | F1=1.722426e-01 | m1²=0.004265 | m2²=0.985027 | eps_w1=2.150925e+00 | eps_w2=4.755499e-02
[step    45300] t/d= 453.000 | task1=3.946640e-01 | task2=2.257301e-01 | F1=1.725046e-01 | m1²=0.004205 | m2²=0.985071 | eps_w1=2.155279e+00 | eps_w2=4.800630e-02
[step    45350] t/d= 453.500 | task1=3.948264e-01 | task2=2.257727e-01 | F1=1.726671e-01 | m1²=0.004220 | m2²=0.985287 | eps_w1=2.156815e+00 | eps_w2=4.772700e-02
[step    45400] t/d= 454.000 | task1=3.946398e-01 | task2=2.258138e-01 | F1=1.724805e-01 | m1²=0.004345 | m2²=0.985256 | eps_w1=2.152747e+00 | eps_w2=4.729997e-02
[step    45450] t/d= 454.500 | task1=3.945396e-01 | task2=2.258132e-01 | F1=1.723803e-01 | m1²=0.004359 | m2²=0.985287 | eps_w1=2.152261e+00 | eps_w2=4.717168e-02
[step    45500] t/d= 455.000 | task1=3.948790e-01 | task2=2.257725e-01 | F1=1.727197e-01 | m1²=0.004306 | m2²=0.985375 | eps_w1=2.158581e+00 | eps_w2=4.778637e-02
[step    45550] t/d= 455.500 | task1=3.947798e-01 | task2=2.257850e-01 | F1=1.726204e-01 | m1²=0.004238 | m2²=0.985440 | eps_w1=2.157390e+00 | eps_w2=4.746526e-02
[step    45600] t/d= 456.000 | task1=3.946629e-01 | task2=2.257908e-01 | F1=1.725036e-01 | m1²=0.004244 | m2²=0.985399 | eps_w1=2.154960e+00 | eps_w2=4.724000e-02
[step    45650] t/d= 456.500 | task1=3.945811e-01 | task2=2.257657e-01 | F1=1.724218e-01 | m1²=0.004330 | m2²=0.985190 | eps_w1=2.153716e+00 | eps_w2=4.757004e-02
[step    45700] t/d= 457.000 | task1=3.946128e-01 | task2=2.257661e-01 | F1=1.724535e-01 | m1²=0.004281 | m2²=0.985017 | eps_w1=2.154321e+00 | eps_w2=4.802173e-02
[step    45750] t/d= 457.500 | task1=3.949893e-01 | task2=2.257297e-01 | F1=1.728299e-01 | m1²=0.004218 | m2²=0.985032 | eps_w1=2.161798e+00 | eps_w2=4.895944e-02
[step    45800] t/d= 458.000 | task1=3.950559e-01 | task2=2.257161e-01 | F1=1.728966e-01 | m1²=0.004196 | m2²=0.985005 | eps_w1=2.162909e+00 | eps_w2=4.916255e-02
[step    45850] t/d= 458.500 | task1=3.952318e-01 | task2=2.257556e-01 | F1=1.730725e-01 | m1²=0.004142 | m2²=0.985113 | eps_w1=2.167357e+00 | eps_w2=4.950404e-02
[step    45900] t/d= 459.000 | task1=3.951268e-01 | task2=2.257261e-01 | F1=1.729674e-01 | m1²=0.004003 | m2²=0.985273 | eps_w1=2.163246e+00 | eps_w2=4.854905e-02
[step    45950] t/d= 459.500 | task1=3.952454e-01 | task2=2.257246e-01 | F1=1.730860e-01 | m1²=0.003923 | m2²=0.985348 | eps_w1=2.165572e+00 | eps_w2=4.867002e-02
[step    46000] t/d= 460.000 | task1=3.951874e-01 | task2=2.257311e-01 | F1=1.730281e-01 | m1²=0.003977 | m2²=0.985427 | eps_w1=2.164700e+00 | eps_w2=4.838872e-02
[step    46050] t/d= 460.500 | task1=3.952582e-01 | task2=2.256480e-01 | F1=1.730989e-01 | m1²=0.003946 | m2²=0.985393 | eps_w1=2.165504e+00 | eps_w2=4.856451e-02
[step    46100] t/d= 461.000 | task1=3.951288e-01 | task2=2.256705e-01 | F1=1.729694e-01 | m1²=0.003876 | m2²=0.985317 | eps_w1=2.164148e+00 | eps_w2=4.853306e-02
[step    46150] t/d= 461.500 | task1=3.947239e-01 | task2=2.257089e-01 | F1=1.725646e-01 | m1²=0.003893 | m2²=0.985200 | eps_w1=2.156574e+00 | eps_w2=4.779651e-02
[step    46200] t/d= 462.000 | task1=3.947702e-01 | task2=2.256944e-01 | F1=1.726108e-01 | m1²=0.003879 | m2²=0.985163 | eps_w1=2.158977e+00 | eps_w2=4.819243e-02
[step    46250] t/d= 462.500 | task1=3.950203e-01 | task2=2.256793e-01 | F1=1.728610e-01 | m1²=0.003886 | m2²=0.985385 | eps_w1=2.161347e+00 | eps_w2=4.801076e-02
[step    46300] t/d= 463.000 | task1=3.952063e-01 | task2=2.256599e-01 | F1=1.730470e-01 | m1²=0.003830 | m2²=0.985624 | eps_w1=2.166048e+00 | eps_w2=4.808490e-02
[step    46350] t/d= 463.500 | task1=3.952107e-01 | task2=2.256464e-01 | F1=1.730514e-01 | m1²=0.003710 | m2²=0.985857 | eps_w1=2.164114e+00 | eps_w2=4.726594e-02
[step    46400] t/d= 464.000 | task1=3.953487e-01 | task2=2.256638e-01 | F1=1.731894e-01 | m1²=0.003643 | m2²=0.985718 | eps_w1=2.165083e+00 | eps_w2=4.768845e-02
[step    46450] t/d= 464.500 | task1=3.953397e-01 | task2=2.256779e-01 | F1=1.731804e-01 | m1²=0.003627 | m2²=0.985754 | eps_w1=2.165011e+00 | eps_w2=4.759460e-02
[step    46500] t/d= 465.000 | task1=3.954647e-01 | task2=2.256492e-01 | F1=1.733054e-01 | m1²=0.003615 | m2²=0.985770 | eps_w1=2.166448e+00 | eps_w2=4.774807e-02
[step    46550] t/d= 465.500 | task1=3.958048e-01 | task2=2.256292e-01 | F1=1.736454e-01 | m1²=0.003639 | m2²=0.985615 | eps_w1=2.172910e+00 | eps_w2=4.897954e-02
[step    46600] t/d= 466.000 | task1=3.957105e-01 | task2=2.256225e-01 | F1=1.735512e-01 | m1²=0.003615 | m2²=0.985448 | eps_w1=2.171507e+00 | eps_w2=4.915863e-02
[step    46650] t/d= 466.500 | task1=3.956741e-01 | task2=2.256636e-01 | F1=1.735148e-01 | m1²=0.003537 | m2²=0.985483 | eps_w1=2.170718e+00 | eps_w2=4.894897e-02
[step    46700] t/d= 467.000 | task1=3.956780e-01 | task2=2.256252e-01 | F1=1.735187e-01 | m1²=0.003586 | m2²=0.985528 | eps_w1=2.170892e+00 | eps_w2=4.888373e-02
[step    46750] t/d= 467.500 | task1=3.958350e-01 | task2=2.256773e-01 | F1=1.736756e-01 | m1²=0.003653 | m2²=0.985424 | eps_w1=2.173941e+00 | eps_w2=4.955629e-02
[step    46800] t/d= 468.000 | task1=3.956091e-01 | task2=2.256267e-01 | F1=1.734498e-01 | m1²=0.003732 | m2²=0.985468 | eps_w1=2.169401e+00 | eps_w2=4.886106e-02
[step    46850] t/d= 468.500 | task1=3.953675e-01 | task2=2.256427e-01 | F1=1.732082e-01 | m1²=0.003834 | m2²=0.985487 | eps_w1=2.165080e+00 | eps_w2=4.826370e-02
[step    46900] t/d= 469.000 | task1=3.953532e-01 | task2=2.255886e-01 | F1=1.731938e-01 | m1²=0.003917 | m2²=0.985419 | eps_w1=2.164792e+00 | eps_w2=4.840240e-02
[step    46950] t/d= 469.500 | task1=3.952041e-01 | task2=2.255629e-01 | F1=1.730447e-01 | m1²=0.003793 | m2²=0.985479 | eps_w1=2.161024e+00 | eps_w2=4.772937e-02
[step    47000] t/d= 470.000 | task1=3.952477e-01 | task2=2.255792e-01 | F1=1.730884e-01 | m1²=0.003761 | m2²=0.985518 | eps_w1=2.161238e+00 | eps_w2=4.766034e-02
[step    47050] t/d= 470.500 | task1=3.954922e-01 | task2=2.255661e-01 | F1=1.733329e-01 | m1²=0.003702 | m2²=0.985590 | eps_w1=2.165683e+00 | eps_w2=4.807489e-02
[step    47100] t/d= 471.000 | task1=3.956024e-01 | task2=2.255396e-01 | F1=1.734431e-01 | m1²=0.003783 | m2²=0.985705 | eps_w1=2.168653e+00 | eps_w2=4.823908e-02
[step    47150] t/d= 471.500 | task1=3.958714e-01 | task2=2.254926e-01 | F1=1.737121e-01 | m1²=0.003725 | m2²=0.985745 | eps_w1=2.174165e+00 | eps_w2=4.888337e-02
[step    47200] t/d= 472.000 | task1=3.958016e-01 | task2=2.254709e-01 | F1=1.736423e-01 | m1²=0.003597 | m2²=0.985726 | eps_w1=2.171853e+00 | eps_w2=4.857360e-02
[step    47250] t/d= 472.500 | task1=3.959814e-01 | task2=2.254856e-01 | F1=1.738221e-01 | m1²=0.003535 | m2²=0.985848 | eps_w1=2.174303e+00 | eps_w2=4.861494e-02
[step    47300] t/d= 473.000 | task1=3.958472e-01 | task2=2.255011e-01 | F1=1.736879e-01 | m1²=0.003603 | m2²=0.985685 | eps_w1=2.173396e+00 | eps_w2=4.887892e-02
[step    47350] t/d= 473.500 | task1=3.957477e-01 | task2=2.255089e-01 | F1=1.735884e-01 | m1²=0.003540 | m2²=0.985667 | eps_w1=2.172235e+00 | eps_w2=4.873985e-02
[step    47400] t/d= 474.000 | task1=3.957147e-01 | task2=2.255120e-01 | F1=1.735553e-01 | m1²=0.003519 | m2²=0.985849 | eps_w1=2.170705e+00 | eps_w2=4.811554e-02
[step    47450] t/d= 474.500 | task1=3.958410e-01 | task2=2.255158e-01 | F1=1.736817e-01 | m1²=0.003514 | m2²=0.986001 | eps_w1=2.172807e+00 | eps_w2=4.805742e-02
[step    47500] t/d= 475.000 | task1=3.959869e-01 | task2=2.255024e-01 | F1=1.738275e-01 | m1²=0.003538 | m2²=0.986046 | eps_w1=2.175191e+00 | eps_w2=4.829056e-02
[step    47550] t/d= 475.500 | task1=3.960656e-01 | task2=2.254534e-01 | F1=1.739063e-01 | m1²=0.003542 | m2²=0.985992 | eps_w1=2.177499e+00 | eps_w2=4.873025e-02
[step    47600] t/d= 476.000 | task1=3.960560e-01 | task2=2.254228e-01 | F1=1.738967e-01 | m1²=0.003527 | m2²=0.986072 | eps_w1=2.176913e+00 | eps_w2=4.846573e-02
[step    47650] t/d= 476.500 | task1=3.962014e-01 | task2=2.253944e-01 | F1=1.740421e-01 | m1²=0.003515 | m2²=0.985929 | eps_w1=2.180312e+00 | eps_w2=4.925567e-02
[step    47700] t/d= 477.000 | task1=3.960140e-01 | task2=2.254241e-01 | F1=1.738547e-01 | m1²=0.003609 | m2²=0.985835 | eps_w1=2.177475e+00 | eps_w2=4.910314e-02
[step    47750] t/d= 477.500 | task1=3.961360e-01 | task2=2.254048e-01 | F1=1.739767e-01 | m1²=0.003627 | m2²=0.985950 | eps_w1=2.181108e+00 | eps_w2=4.935456e-02
[step    47800] t/d= 478.000 | task1=3.960324e-01 | task2=2.253744e-01 | F1=1.738730e-01 | m1²=0.003700 | m2²=0.986122 | eps_w1=2.180248e+00 | eps_w2=4.886623e-02
[step    47850] t/d= 478.500 | task1=3.959065e-01 | task2=2.253490e-01 | F1=1.737471e-01 | m1²=0.003823 | m2²=0.986046 | eps_w1=2.178500e+00 | eps_w2=4.883284e-02
[step    47900] t/d= 479.000 | task1=3.960578e-01 | task2=2.253259e-01 | F1=1.738985e-01 | m1²=0.003855 | m2²=0.986104 | eps_w1=2.181669e+00 | eps_w2=4.915392e-02
[step    47950] t/d= 479.500 | task1=3.960003e-01 | task2=2.252997e-01 | F1=1.738409e-01 | m1²=0.003822 | m2²=0.986398 | eps_w1=2.179888e+00 | eps_w2=4.822848e-02
[step    48000] t/d= 480.000 | task1=3.962110e-01 | task2=2.253484e-01 | F1=1.740517e-01 | m1²=0.003662 | m2²=0.986254 | eps_w1=2.183768e+00 | eps_w2=4.904956e-02
[step    48050] t/d= 480.500 | task1=3.961606e-01 | task2=2.253125e-01 | F1=1.740013e-01 | m1²=0.003493 | m2²=0.986405 | eps_w1=2.182027e+00 | eps_w2=4.841222e-02
[step    48100] t/d= 481.000 | task1=3.962652e-01 | task2=2.253414e-01 | F1=1.741059e-01 | m1²=0.003480 | m2²=0.986396 | eps_w1=2.184352e+00 | eps_w2=4.875318e-02
[step    48150] t/d= 481.500 | task1=3.961938e-01 | task2=2.253550e-01 | F1=1.740345e-01 | m1²=0.003486 | m2²=0.986493 | eps_w1=2.183782e+00 | eps_w2=4.845509e-02
[step    48200] t/d= 482.000 | task1=3.962273e-01 | task2=2.253737e-01 | F1=1.740680e-01 | m1²=0.003503 | m2²=0.986264 | eps_w1=2.184939e+00 | eps_w2=4.914314e-02
[step    48250] t/d= 482.500 | task1=3.964437e-01 | task2=2.253737e-01 | F1=1.742844e-01 | m1²=0.003494 | m2²=0.986045 | eps_w1=2.188796e+00 | eps_w2=5.018573e-02
[step    48300] t/d= 483.000 | task1=3.965475e-01 | task2=2.253536e-01 | F1=1.743882e-01 | m1²=0.003378 | m2²=0.986105 | eps_w1=2.190429e+00 | eps_w2=5.024486e-02
[step    48350] t/d= 483.500 | task1=3.964280e-01 | task2=2.253414e-01 | F1=1.742686e-01 | m1²=0.003458 | m2²=0.985962 | eps_w1=2.188782e+00 | eps_w2=5.036002e-02
[step    48400] t/d= 484.000 | task1=3.962897e-01 | task2=2.253150e-01 | F1=1.741304e-01 | m1²=0.003576 | m2²=0.985868 | eps_w1=2.186415e+00 | eps_w2=5.027304e-02
[step    48450] t/d= 484.500 | task1=3.964408e-01 | task2=2.253409e-01 | F1=1.742814e-01 | m1²=0.003598 | m2²=0.985992 | eps_w1=2.189803e+00 | eps_w2=5.048300e-02
[step    48500] t/d= 485.000 | task1=3.964725e-01 | task2=2.253644e-01 | F1=1.743132e-01 | m1²=0.003657 | m2²=0.985877 | eps_w1=2.191148e+00 | eps_w2=5.095598e-02
[step    48550] t/d= 485.500 | task1=3.963601e-01 | task2=2.253834e-01 | F1=1.742008e-01 | m1²=0.003567 | m2²=0.985803 | eps_w1=2.188456e+00 | eps_w2=5.070754e-02
[step    48600] t/d= 486.000 | task1=3.962535e-01 | task2=2.253844e-01 | F1=1.740942e-01 | m1²=0.003616 | m2²=0.985865 | eps_w1=2.184979e+00 | eps_w2=5.008848e-02
[step    48650] t/d= 486.500 | task1=3.964143e-01 | task2=2.254011e-01 | F1=1.742549e-01 | m1²=0.003494 | m2²=0.985798 | eps_w1=2.187852e+00 | eps_w2=5.061187e-02
[step    48700] t/d= 487.000 | task1=3.963783e-01 | task2=2.254067e-01 | F1=1.742190e-01 | m1²=0.003633 | m2²=0.985548 | eps_w1=2.187904e+00 | eps_w2=5.123048e-02
[step    48750] t/d= 487.500 | task1=3.963182e-01 | task2=2.253943e-01 | F1=1.741589e-01 | m1²=0.003636 | m2²=0.985637 | eps_w1=2.186181e+00 | eps_w2=5.078258e-02
[step    48800] t/d= 488.000 | task1=3.961436e-01 | task2=2.254041e-01 | F1=1.739842e-01 | m1²=0.003631 | m2²=0.985726 | eps_w1=2.182968e+00 | eps_w2=5.012502e-02
[step    48850] t/d= 488.500 | task1=3.960546e-01 | task2=2.254258e-01 | F1=1.738952e-01 | m1²=0.003612 | m2²=0.985681 | eps_w1=2.180290e+00 | eps_w2=4.984348e-02
[step    48900] t/d= 489.000 | task1=3.961425e-01 | task2=2.254460e-01 | F1=1.739832e-01 | m1²=0.003704 | m2²=0.985775 | eps_w1=2.183284e+00 | eps_w2=5.008028e-02
[step    48950] t/d= 489.500 | task1=3.961867e-01 | task2=2.254207e-01 | F1=1.740273e-01 | m1²=0.003661 | m2²=0.985851 | eps_w1=2.183977e+00 | eps_w2=4.999230e-02
[step    49000] t/d= 490.000 | task1=3.960252e-01 | task2=2.253935e-01 | F1=1.738659e-01 | m1²=0.003679 | m2²=0.985910 | eps_w1=2.180528e+00 | eps_w2=4.938063e-02
[step    49050] t/d= 490.500 | task1=3.961255e-01 | task2=2.253494e-01 | F1=1.739662e-01 | m1²=0.003581 | m2²=0.986198 | eps_w1=2.181240e+00 | eps_w2=4.879645e-02
[step    49100] t/d= 491.000 | task1=3.961432e-01 | task2=2.253428e-01 | F1=1.739839e-01 | m1²=0.003630 | m2²=0.985925 | eps_w1=2.182679e+00 | eps_w2=4.963322e-02
[step    49150] t/d= 491.500 | task1=3.960953e-01 | task2=2.253361e-01 | F1=1.739360e-01 | m1²=0.003707 | m2²=0.985973 | eps_w1=2.180897e+00 | eps_w2=4.929663e-02
[step    49200] t/d= 492.000 | task1=3.963737e-01 | task2=2.252996e-01 | F1=1.742143e-01 | m1²=0.003757 | m2²=0.986067 | eps_w1=2.188051e+00 | eps_w2=5.011006e-02
[step    49250] t/d= 492.500 | task1=3.962413e-01 | task2=2.252722e-01 | F1=1.740820e-01 | m1²=0.003712 | m2²=0.986434 | eps_w1=2.184422e+00 | eps_w2=4.874862e-02
[step    49300] t/d= 493.000 | task1=3.961821e-01 | task2=2.253086e-01 | F1=1.740228e-01 | m1²=0.003774 | m2²=0.986522 | eps_w1=2.183837e+00 | eps_w2=4.848514e-02
[step    49350] t/d= 493.500 | task1=3.961438e-01 | task2=2.253193e-01 | F1=1.739845e-01 | m1²=0.003879 | m2²=0.986224 | eps_w1=2.183184e+00 | eps_w2=4.910113e-02
[step    49400] t/d= 494.000 | task1=3.960419e-01 | task2=2.253050e-01 | F1=1.738826e-01 | m1²=0.003922 | m2²=0.986132 | eps_w1=2.181510e+00 | eps_w2=4.908955e-02
[step    49450] t/d= 494.500 | task1=3.963061e-01 | task2=2.252882e-01 | F1=1.741467e-01 | m1²=0.003803 | m2²=0.986270 | eps_w1=2.185845e+00 | eps_w2=4.935023e-02
[step    49500] t/d= 495.000 | task1=3.964762e-01 | task2=2.252173e-01 | F1=1.743169e-01 | m1²=0.003754 | m2²=0.986339 | eps_w1=2.188124e+00 | eps_w2=4.950195e-02
[step    49550] t/d= 495.500 | task1=3.962381e-01 | task2=2.252610e-01 | F1=1.740788e-01 | m1²=0.003787 | m2²=0.986302 | eps_w1=2.183964e+00 | eps_w2=4.900653e-02
[step    49600] t/d= 496.000 | task1=3.961175e-01 | task2=2.251952e-01 | F1=1.739582e-01 | m1²=0.003688 | m2²=0.986389 | eps_w1=2.181221e+00 | eps_w2=4.839440e-02
[step    49650] t/d= 496.500 | task1=3.961673e-01 | task2=2.251656e-01 | F1=1.740079e-01 | m1²=0.003675 | m2²=0.986374 | eps_w1=2.181368e+00 | eps_w2=4.844538e-02
[step    49700] t/d= 497.000 | task1=3.959931e-01 | task2=2.251675e-01 | F1=1.738337e-01 | m1²=0.003734 | m2²=0.986392 | eps_w1=2.177027e+00 | eps_w2=4.781843e-02
[step    49750] t/d= 497.500 | task1=3.960135e-01 | task2=2.251684e-01 | F1=1.738542e-01 | m1²=0.003624 | m2²=0.986400 | eps_w1=2.176537e+00 | eps_w2=4.769996e-02
[step    49800] t/d= 498.000 | task1=3.959987e-01 | task2=2.251623e-01 | F1=1.738394e-01 | m1²=0.003591 | m2²=0.986538 | eps_w1=2.176870e+00 | eps_w2=4.742425e-02
[step    49850] t/d= 498.500 | task1=3.957792e-01 | task2=2.251449e-01 | F1=1.736199e-01 | m1²=0.003633 | m2²=0.986370 | eps_w1=2.173093e+00 | eps_w2=4.729822e-02
[step    49900] t/d= 499.000 | task1=3.960129e-01 | task2=2.251254e-01 | F1=1.738535e-01 | m1²=0.003679 | m2²=0.986220 | eps_w1=2.178233e+00 | eps_w2=4.835903e-02
[step    49950] t/d= 499.500 | task1=3.961135e-01 | task2=2.251177e-01 | F1=1.739542e-01 | m1²=0.003536 | m2²=0.986321 | eps_w1=2.179934e+00 | eps_w2=4.832311e-02
[step    50000] t/d= 500.000 | task1=3.961846e-01 | task2=2.250598e-01 | F1=1.740252e-01 | m1²=0.003545 | m2²=0.986511 | eps_w1=2.181594e+00 | eps_w2=4.812642e-02
Saved checkpoint: results/quality_pretraining/finetunetask2_d100_T5/prestep_10000_task1step_100000_lr0p01_task1wseed21_task1sgdseed22_task2sgdseed42/checkpoints/step_000050000
[step    50050] t/d= 500.500 | task1=3.961228e-01 | task2=2.250601e-01 | F1=1.739635e-01 | m1²=0.003481 | m2²=0.986480 | eps_w1=2.179904e+00 | eps_w2=4.794175e-02
[step    50100] t/d= 501.000 | task1=3.960340e-01 | task2=2.250590e-01 | F1=1.738746e-01 | m1²=0.003535 | m2²=0.986465 | eps_w1=2.178550e+00 | eps_w2=4.780438e-02
[step    50150] t/d= 501.500 | task1=3.961909e-01 | task2=2.250522e-01 | F1=1.740316e-01 | m1²=0.003423 | m2²=0.986520 | eps_w1=2.181906e+00 | eps_w2=4.811217e-02
[step    50200] t/d= 502.000 | task1=3.961880e-01 | task2=2.250238e-01 | F1=1.740287e-01 | m1²=0.003386 | m2²=0.986486 | eps_w1=2.181962e+00 | eps_w2=4.818622e-02
[step    50250] t/d= 502.500 | task1=3.959928e-01 | task2=2.250639e-01 | F1=1.738335e-01 | m1²=0.003453 | m2²=0.986434 | eps_w1=2.179488e+00 | eps_w2=4.797910e-02
[step    50300] t/d= 503.000 | task1=3.959872e-01 | task2=2.250529e-01 | F1=1.738279e-01 | m1²=0.003484 | m2²=0.986371 | eps_w1=2.180130e+00 | eps_w2=4.822047e-02
[step    50350] t/d= 503.500 | task1=3.961632e-01 | task2=2.250456e-01 | F1=1.740039e-01 | m1²=0.003521 | m2²=0.986316 | eps_w1=2.183514e+00 | eps_w2=4.883044e-02
[step    50400] t/d= 504.000 | task1=3.960682e-01 | task2=2.250403e-01 | F1=1.739089e-01 | m1²=0.003481 | m2²=0.986361 | eps_w1=2.181216e+00 | eps_w2=4.839456e-02
[step    50450] t/d= 504.500 | task1=3.960344e-01 | task2=2.250539e-01 | F1=1.738751e-01 | m1²=0.003469 | m2²=0.986391 | eps_w1=2.179952e+00 | eps_w2=4.814727e-02
[step    50500] t/d= 505.000 | task1=3.959202e-01 | task2=2.250236e-01 | F1=1.737609e-01 | m1²=0.003542 | m2²=0.986187 | eps_w1=2.179174e+00 | eps_w2=4.852215e-02
[step    50550] t/d= 505.500 | task1=3.958747e-01 | task2=2.250002e-01 | F1=1.737154e-01 | m1²=0.003436 | m2²=0.986274 | eps_w1=2.177712e+00 | eps_w2=4.809057e-02
[step    50600] t/d= 506.000 | task1=3.958112e-01 | task2=2.250031e-01 | F1=1.736519e-01 | m1²=0.003453 | m2²=0.986200 | eps_w1=2.177089e+00 | eps_w2=4.817646e-02
[step    50650] t/d= 506.500 | task1=3.961263e-01 | task2=2.249704e-01 | F1=1.739670e-01 | m1²=0.003460 | m2²=0.986083 | eps_w1=2.183070e+00 | eps_w2=4.927665e-02
[step    50700] t/d= 507.000 | task1=3.960005e-01 | task2=2.250304e-01 | F1=1.738412e-01 | m1²=0.003455 | m2²=0.986273 | eps_w1=2.179945e+00 | eps_w2=4.840766e-02
[step    50750] t/d= 507.500 | task1=3.959875e-01 | task2=2.250467e-01 | F1=1.738282e-01 | m1²=0.003396 | m2²=0.986314 | eps_w1=2.179135e+00 | eps_w2=4.818540e-02
[step    50800] t/d= 508.000 | task1=3.959231e-01 | task2=2.250199e-01 | F1=1.737637e-01 | m1²=0.003356 | m2²=0.986309 | eps_w1=2.177790e+00 | eps_w2=4.799953e-02
[step    50850] t/d= 508.500 | task1=3.960930e-01 | task2=2.250644e-01 | F1=1.739337e-01 | m1²=0.003317 | m2²=0.986177 | eps_w1=2.182149e+00 | eps_w2=4.889047e-02
[step    50900] t/d= 509.000 | task1=3.958673e-01 | task2=2.250501e-01 | F1=1.737080e-01 | m1²=0.003331 | m2²=0.986195 | eps_w1=2.177875e+00 | eps_w2=4.826003e-02
[step    50950] t/d= 509.500 | task1=3.957089e-01 | task2=2.250756e-01 | F1=1.735496e-01 | m1²=0.003363 | m2²=0.986167 | eps_w1=2.175593e+00 | eps_w2=4.801822e-02
[step    51000] t/d= 510.000 | task1=3.954477e-01 | task2=2.250944e-01 | F1=1.732884e-01 | m1²=0.003389 | m2²=0.986067 | eps_w1=2.172339e+00 | eps_w2=4.780681e-02
[step    51050] t/d= 510.500 | task1=3.955713e-01 | task2=2.250500e-01 | F1=1.734120e-01 | m1²=0.003378 | m2²=0.986229 | eps_w1=2.172490e+00 | eps_w2=4.745939e-02
[step    51100] t/d= 511.000 | task1=3.954615e-01 | task2=2.250770e-01 | F1=1.733022e-01 | m1²=0.003385 | m2²=0.985970 | eps_w1=2.171103e+00 | eps_w2=4.785652e-02
[step    51150] t/d= 511.500 | task1=3.956330e-01 | task2=2.250847e-01 | F1=1.734737e-01 | m1²=0.003429 | m2²=0.985888 | eps_w1=2.175785e+00 | eps_w2=4.869470e-02
[step    51200] t/d= 512.000 | task1=3.955478e-01 | task2=2.250786e-01 | F1=1.733885e-01 | m1²=0.003496 | m2²=0.986005 | eps_w1=2.174827e+00 | eps_w2=4.831977e-02
[step    51250] t/d= 512.500 | task1=3.955818e-01 | task2=2.251061e-01 | F1=1.734225e-01 | m1²=0.003540 | m2²=0.985826 | eps_w1=2.175219e+00 | eps_w2=4.879102e-02
[step    51300] t/d= 513.000 | task1=3.957786e-01 | task2=2.251651e-01 | F1=1.736193e-01 | m1²=0.003638 | m2²=0.985648 | eps_w1=2.178375e+00 | eps_w2=4.966040e-02
[step    51350] t/d= 513.500 | task1=3.958708e-01 | task2=2.251777e-01 | F1=1.737115e-01 | m1²=0.003671 | m2²=0.985599 | eps_w1=2.180855e+00 | eps_w2=5.012670e-02
[step    51400] t/d= 514.000 | task1=3.957381e-01 | task2=2.251862e-01 | F1=1.735788e-01 | m1²=0.003552 | m2²=0.985700 | eps_w1=2.176997e+00 | eps_w2=4.932503e-02
[step    51450] t/d= 514.500 | task1=3.956182e-01 | task2=2.251943e-01 | F1=1.734588e-01 | m1²=0.003503 | m2²=0.985698 | eps_w1=2.174278e+00 | eps_w2=4.894028e-02
[step    51500] t/d= 515.000 | task1=3.956379e-01 | task2=2.251959e-01 | F1=1.734786e-01 | m1²=0.003467 | m2²=0.985764 | eps_w1=2.175169e+00 | eps_w2=4.890296e-02
[step    51550] t/d= 515.500 | task1=3.955934e-01 | task2=2.252351e-01 | F1=1.734341e-01 | m1²=0.003345 | m2²=0.985883 | eps_w1=2.173295e+00 | eps_w2=4.834141e-02
[step    51600] t/d= 516.000 | task1=3.955841e-01 | task2=2.252268e-01 | F1=1.734248e-01 | m1²=0.003286 | m2²=0.985959 | eps_w1=2.172472e+00 | eps_w2=4.804024e-02
[step    51650] t/d= 516.500 | task1=3.956104e-01 | task2=2.252351e-01 | F1=1.734511e-01 | m1²=0.003242 | m2²=0.985837 | eps_w1=2.172698e+00 | eps_w2=4.833194e-02
[step    51700] t/d= 517.000 | task1=3.956197e-01 | task2=2.252296e-01 | F1=1.734604e-01 | m1²=0.003225 | m2²=0.985652 | eps_w1=2.172586e+00 | eps_w2=4.872854e-02
[step    51750] t/d= 517.500 | task1=3.958539e-01 | task2=2.252558e-01 | F1=1.736945e-01 | m1²=0.003237 | m2²=0.985439 | eps_w1=2.178095e+00 | eps_w2=4.997217e-02
[step    51800] t/d= 518.000 | task1=3.959164e-01 | task2=2.252176e-01 | F1=1.737570e-01 | m1²=0.003156 | m2²=0.985557 | eps_w1=2.177758e+00 | eps_w2=4.963344e-02
[step    51850] t/d= 518.500 | task1=3.959193e-01 | task2=2.252179e-01 | F1=1.737599e-01 | m1²=0.003151 | m2²=0.985508 | eps_w1=2.177382e+00 | eps_w2=4.969100e-02
[step    51900] t/d= 519.000 | task1=3.959047e-01 | task2=2.252138e-01 | F1=1.737454e-01 | m1²=0.003033 | m2²=0.985450 | eps_w1=2.176664e+00 | eps_w2=4.968837e-02
[step    51950] t/d= 519.500 | task1=3.959976e-01 | task2=2.252626e-01 | F1=1.738383e-01 | m1²=0.003022 | m2²=0.985259 | eps_w1=2.179299e+00 | eps_w2=5.048074e-02
[step    52000] t/d= 520.000 | task1=3.960483e-01 | task2=2.253269e-01 | F1=1.738890e-01 | m1²=0.002961 | m2²=0.985492 | eps_w1=2.179599e+00 | eps_w2=4.997870e-02
[step    52050] t/d= 520.500 | task1=3.960321e-01 | task2=2.252969e-01 | F1=1.738728e-01 | m1²=0.002984 | m2²=0.985392 | eps_w1=2.179289e+00 | eps_w2=5.016821e-02
[step    52100] t/d= 521.000 | task1=3.958934e-01 | task2=2.253153e-01 | F1=1.737341e-01 | m1²=0.003101 | m2²=0.985025 | eps_w1=2.178815e+00 | eps_w2=5.096701e-02
[step    52150] t/d= 521.500 | task1=3.957994e-01 | task2=2.253182e-01 | F1=1.736401e-01 | m1²=0.003096 | m2²=0.984803 | eps_w1=2.177630e+00 | eps_w2=5.130200e-02
[step    52200] t/d= 522.000 | task1=3.956454e-01 | task2=2.253829e-01 | F1=1.734861e-01 | m1²=0.003027 | m2²=0.984908 | eps_w1=2.174055e+00 | eps_w2=5.055113e-02
[step    52250] t/d= 522.500 | task1=3.955976e-01 | task2=2.253759e-01 | F1=1.734383e-01 | m1²=0.003065 | m2²=0.984970 | eps_w1=2.173902e+00 | eps_w2=5.040005e-02
[step    52300] t/d= 523.000 | task1=3.957085e-01 | task2=2.253999e-01 | F1=1.735492e-01 | m1²=0.003094 | m2²=0.984920 | eps_w1=2.177052e+00 | eps_w2=5.095835e-02
[step    52350] t/d= 523.500 | task1=3.956419e-01 | task2=2.254596e-01 | F1=1.734826e-01 | m1²=0.003086 | m2²=0.984783 | eps_w1=2.175000e+00 | eps_w2=5.098109e-02
[step    52400] t/d= 524.000 | task1=3.953272e-01 | task2=2.254550e-01 | F1=1.731678e-01 | m1²=0.003094 | m2²=0.984834 | eps_w1=2.169526e+00 | eps_w2=5.011774e-02
[step    52450] t/d= 524.500 | task1=3.953409e-01 | task2=2.254405e-01 | F1=1.731816e-01 | m1²=0.003134 | m2²=0.984952 | eps_w1=2.169020e+00 | eps_w2=4.979544e-02
[step    52500] t/d= 525.000 | task1=3.951885e-01 | task2=2.254307e-01 | F1=1.730291e-01 | m1²=0.003111 | m2²=0.984963 | eps_w1=2.165466e+00 | eps_w2=4.928546e-02
[step    52550] t/d= 525.500 | task1=3.950920e-01 | task2=2.255006e-01 | F1=1.729327e-01 | m1²=0.003183 | m2²=0.984841 | eps_w1=2.164738e+00 | eps_w2=4.948213e-02
[step    52600] t/d= 526.000 | task1=3.950637e-01 | task2=2.255228e-01 | F1=1.729044e-01 | m1²=0.003242 | m2²=0.984838 | eps_w1=2.165443e+00 | eps_w2=4.959949e-02
[step    52650] t/d= 526.500 | task1=3.952648e-01 | task2=2.255843e-01 | F1=1.731055e-01 | m1²=0.003233 | m2²=0.984648 | eps_w1=2.169425e+00 | eps_w2=5.056396e-02
[step    52700] t/d= 527.000 | task1=3.951844e-01 | task2=2.255784e-01 | F1=1.730251e-01 | m1²=0.003117 | m2²=0.984619 | eps_w1=2.168263e+00 | eps_w2=5.043657e-02
[step    52750] t/d= 527.500 | task1=3.955847e-01 | task2=2.255368e-01 | F1=1.734254e-01 | m1²=0.003092 | m2²=0.984452 | eps_w1=2.175017e+00 | eps_w2=5.173285e-02
[step    52800] t/d= 528.000 | task1=3.955019e-01 | task2=2.256026e-01 | F1=1.733426e-01 | m1²=0.003061 | m2²=0.984416 | eps_w1=2.172031e+00 | eps_w2=5.139292e-02
[step    52850] t/d= 528.500 | task1=3.952331e-01 | task2=2.256141e-01 | F1=1.730738e-01 | m1²=0.003154 | m2²=0.984576 | eps_w1=2.166772e+00 | eps_w2=5.034383e-02
[step    52900] t/d= 529.000 | task1=3.954877e-01 | task2=2.255712e-01 | F1=1.733284e-01 | m1²=0.003167 | m2²=0.984614 | eps_w1=2.171195e+00 | eps_w2=5.086322e-02
[step    52950] t/d= 529.500 | task1=3.954435e-01 | task2=2.256010e-01 | F1=1.732842e-01 | m1²=0.003250 | m2²=0.984442 | eps_w1=2.171188e+00 | eps_w2=5.127457e-02
[step    53000] t/d= 530.000 | task1=3.954961e-01 | task2=2.255619e-01 | F1=1.733368e-01 | m1²=0.003212 | m2²=0.984399 | eps_w1=2.172023e+00 | eps_w2=5.147338e-02
[step    53050] t/d= 530.500 | task1=3.955238e-01 | task2=2.255475e-01 | F1=1.733645e-01 | m1²=0.003266 | m2²=0.984482 | eps_w1=2.172953e+00 | eps_w2=5.143057e-02
[step    53100] t/d= 531.000 | task1=3.954760e-01 | task2=2.255954e-01 | F1=1.733166e-01 | m1²=0.003161 | m2²=0.984252 | eps_w1=2.172705e+00 | eps_w2=5.188470e-02
[step    53150] t/d= 531.500 | task1=3.954792e-01 | task2=2.255503e-01 | F1=1.733198e-01 | m1²=0.003178 | m2²=0.984173 | eps_w1=2.173410e+00 | eps_w2=5.216568e-02
[step    53200] t/d= 532.000 | task1=3.956264e-01 | task2=2.255099e-01 | F1=1.734671e-01 | m1²=0.003109 | m2²=0.984344 | eps_w1=2.175960e+00 | eps_w2=5.211149e-02
[step    53250] t/d= 532.500 | task1=3.956137e-01 | task2=2.255343e-01 | F1=1.734544e-01 | m1²=0.003130 | m2²=0.984275 | eps_w1=2.176020e+00 | eps_w2=5.228150e-02
[step    53300] t/d= 533.000 | task1=3.954435e-01 | task2=2.255671e-01 | F1=1.732842e-01 | m1²=0.003020 | m2²=0.984395 | eps_w1=2.171673e+00 | eps_w2=5.137755e-02
[step    53350] t/d= 533.500 | task1=3.953633e-01 | task2=2.255891e-01 | F1=1.732040e-01 | m1²=0.003100 | m2²=0.984074 | eps_w1=2.171588e+00 | eps_w2=5.211454e-02
[step    53400] t/d= 534.000 | task1=3.954739e-01 | task2=2.256484e-01 | F1=1.733146e-01 | m1²=0.003040 | m2²=0.984149 | eps_w1=2.174239e+00 | eps_w2=5.229168e-02
[step    53450] t/d= 534.500 | task1=3.954662e-01 | task2=2.256611e-01 | F1=1.733068e-01 | m1²=0.003017 | m2²=0.984281 | eps_w1=2.173723e+00 | eps_w2=5.191714e-02
[step    53500] t/d= 535.000 | task1=3.954538e-01 | task2=2.257001e-01 | F1=1.732944e-01 | m1²=0.002967 | m2²=0.984248 | eps_w1=2.174142e+00 | eps_w2=5.203359e-02
[step    53550] t/d= 535.500 | task1=3.955597e-01 | task2=2.256966e-01 | F1=1.734004e-01 | m1²=0.003100 | m2²=0.984289 | eps_w1=2.175788e+00 | eps_w2=5.221039e-02
[step    53600] t/d= 536.000 | task1=3.957206e-01 | task2=2.256418e-01 | F1=1.735613e-01 | m1²=0.003055 | m2²=0.984213 | eps_w1=2.178383e+00 | eps_w2=5.272949e-02
[step    53650] t/d= 536.500 | task1=3.957368e-01 | task2=2.256496e-01 | F1=1.735775e-01 | m1²=0.002924 | m2²=0.984252 | eps_w1=2.178470e+00 | eps_w2=5.261341e-02
[step    53700] t/d= 537.000 | task1=3.958847e-01 | task2=2.256715e-01 | F1=1.737253e-01 | m1²=0.002967 | m2²=0.984126 | eps_w1=2.181675e+00 | eps_w2=5.336307e-02
[step    53750] t/d= 537.500 | task1=3.957013e-01 | task2=2.257139e-01 | F1=1.735420e-01 | m1²=0.002984 | m2²=0.984218 | eps_w1=2.177165e+00 | eps_w2=5.252708e-02
[step    53800] t/d= 538.000 | task1=3.957538e-01 | task2=2.257336e-01 | F1=1.735945e-01 | m1²=0.003053 | m2²=0.984128 | eps_w1=2.178849e+00 | eps_w2=5.298641e-02
[step    53850] t/d= 538.500 | task1=3.959424e-01 | task2=2.256992e-01 | F1=1.737830e-01 | m1²=0.003011 | m2²=0.984351 | eps_w1=2.182070e+00 | eps_w2=5.292194e-02
[step    53900] t/d= 539.000 | task1=3.958732e-01 | task2=2.257132e-01 | F1=1.737139e-01 | m1²=0.003041 | m2²=0.984361 | eps_w1=2.180680e+00 | eps_w2=5.271187e-02
[step    53950] t/d= 539.500 | task1=3.959490e-01 | task2=2.256820e-01 | F1=1.737897e-01 | m1²=0.003046 | m2²=0.984363 | eps_w1=2.182318e+00 | eps_w2=5.294087e-02
[step    54000] t/d= 540.000 | task1=3.959823e-01 | task2=2.257121e-01 | F1=1.738230e-01 | m1²=0.003086 | m2²=0.984415 | eps_w1=2.182450e+00 | eps_w2=5.285263e-02
[step    54050] t/d= 540.500 | task1=3.959209e-01 | task2=2.256818e-01 | F1=1.737615e-01 | m1²=0.003033 | m2²=0.984657 | eps_w1=2.180461e+00 | eps_w2=5.200936e-02
[step    54100] t/d= 541.000 | task1=3.957833e-01 | task2=2.256480e-01 | F1=1.736240e-01 | m1²=0.003008 | m2²=0.984633 | eps_w1=2.179567e+00 | eps_w2=5.193081e-02
[step    54150] t/d= 541.500 | task1=3.955681e-01 | task2=2.256795e-01 | F1=1.734088e-01 | m1²=0.003046 | m2²=0.984626 | eps_w1=2.175335e+00 | eps_w2=5.136887e-02
[step    54200] t/d= 542.000 | task1=3.956142e-01 | task2=2.257062e-01 | F1=1.734548e-01 | m1²=0.003090 | m2²=0.984596 | eps_w1=2.177607e+00 | eps_w2=5.176574e-02
[step    54250] t/d= 542.500 | task1=3.955433e-01 | task2=2.257195e-01 | F1=1.733840e-01 | m1²=0.003203 | m2²=0.984358 | eps_w1=2.176121e+00 | eps_w2=5.213047e-02
[step    54300] t/d= 543.000 | task1=3.956301e-01 | task2=2.257558e-01 | F1=1.734708e-01 | m1²=0.003166 | m2²=0.984368 | eps_w1=2.177385e+00 | eps_w2=5.227417e-02
[step    54350] t/d= 543.500 | task1=3.956269e-01 | task2=2.257362e-01 | F1=1.734675e-01 | m1²=0.003266 | m2²=0.984353 | eps_w1=2.177192e+00 | eps_w2=5.231140e-02
[step    54400] t/d= 544.000 | task1=3.955264e-01 | task2=2.257563e-01 | F1=1.733671e-01 | m1²=0.003354 | m2²=0.984413 | eps_w1=2.174408e+00 | eps_w2=5.181426e-02
[step    54450] t/d= 544.500 | task1=3.954970e-01 | task2=2.257322e-01 | F1=1.733377e-01 | m1²=0.003460 | m2²=0.984374 | eps_w1=2.174083e+00 | eps_w2=5.189020e-02
[step    54500] t/d= 545.000 | task1=3.954286e-01 | task2=2.257734e-01 | F1=1.732693e-01 | m1²=0.003527 | m2²=0.984307 | eps_w1=2.172046e+00 | eps_w2=5.177900e-02
[step    54550] t/d= 545.500 | task1=3.952544e-01 | task2=2.257697e-01 | F1=1.730951e-01 | m1²=0.003515 | m2²=0.984310 | eps_w1=2.169582e+00 | eps_w2=5.143033e-02
[step    54600] t/d= 546.000 | task1=3.952050e-01 | task2=2.257913e-01 | F1=1.730457e-01 | m1²=0.003576 | m2²=0.984321 | eps_w1=2.168577e+00 | eps_w2=5.128655e-02
[step    54650] t/d= 546.500 | task1=3.953305e-01 | task2=2.258311e-01 | F1=1.731711e-01 | m1²=0.003703 | m2²=0.984388 | eps_w1=2.171201e+00 | eps_w2=5.153290e-02
[step    54700] t/d= 547.000 | task1=3.953308e-01 | task2=2.257734e-01 | F1=1.731715e-01 | m1²=0.003697 | m2²=0.984566 | eps_w1=2.171561e+00 | eps_w2=5.117936e-02
[step    54750] t/d= 547.500 | task1=3.954528e-01 | task2=2.257752e-01 | F1=1.732934e-01 | m1²=0.003716 | m2²=0.984809 | eps_w1=2.173720e+00 | eps_w2=5.093306e-02
[step    54800] t/d= 548.000 | task1=3.955017e-01 | task2=2.257780e-01 | F1=1.733424e-01 | m1²=0.003715 | m2²=0.984674 | eps_w1=2.175208e+00 | eps_w2=5.144406e-02
[step    54850] t/d= 548.500 | task1=3.954371e-01 | task2=2.258028e-01 | F1=1.732778e-01 | m1²=0.003643 | m2²=0.984844 | eps_w1=2.173357e+00 | eps_w2=5.078283e-02
[step    54900] t/d= 549.000 | task1=3.953776e-01 | task2=2.257694e-01 | F1=1.732183e-01 | m1²=0.003604 | m2²=0.985042 | eps_w1=2.170425e+00 | eps_w2=4.992177e-02
[step    54950] t/d= 549.500 | task1=3.954345e-01 | task2=2.257569e-01 | F1=1.732752e-01 | m1²=0.003568 | m2²=0.985024 | eps_w1=2.172081e+00 | eps_w2=5.017841e-02
[step    55000] t/d= 550.000 | task1=3.954926e-01 | task2=2.257225e-01 | F1=1.733333e-01 | m1²=0.003658 | m2²=0.984925 | eps_w1=2.173417e+00 | eps_w2=5.061358e-02
[step    55050] t/d= 550.500 | task1=3.955732e-01 | task2=2.256738e-01 | F1=1.734139e-01 | m1²=0.003615 | m2²=0.985115 | eps_w1=2.174011e+00 | eps_w2=5.025206e-02
[step    55100] t/d= 551.000 | task1=3.957251e-01 | task2=2.256930e-01 | F1=1.735658e-01 | m1²=0.003546 | m2²=0.985168 | eps_w1=2.177288e+00 | eps_w2=5.056634e-02
[step    55150] t/d= 551.500 | task1=3.956965e-01 | task2=2.256916e-01 | F1=1.735372e-01 | m1²=0.003606 | m2²=0.985147 | eps_w1=2.176841e+00 | eps_w2=5.056905e-02
[step    55200] t/d= 552.000 | task1=3.959485e-01 | task2=2.256920e-01 | F1=1.737891e-01 | m1²=0.003592 | m2²=0.985046 | eps_w1=2.182262e+00 | eps_w2=5.155270e-02
[step    55250] t/d= 552.500 | task1=3.959573e-01 | task2=2.256385e-01 | F1=1.737980e-01 | m1²=0.003605 | m2²=0.985218 | eps_w1=2.182093e+00 | eps_w2=5.114479e-02
[step    55300] t/d= 553.000 | task1=3.959747e-01 | task2=2.256566e-01 | F1=1.738154e-01 | m1²=0.003706 | m2²=0.985118 | eps_w1=2.182886e+00 | eps_w2=5.151411e-02
[step    55350] t/d= 553.500 | task1=3.958574e-01 | task2=2.256765e-01 | F1=1.736981e-01 | m1²=0.003754 | m2²=0.984897 | eps_w1=2.180760e+00 | eps_w2=5.172950e-02
[step    55400] t/d= 554.000 | task1=3.959320e-01 | task2=2.256577e-01 | F1=1.737727e-01 | m1²=0.003616 | m2²=0.985221 | eps_w1=2.180366e+00 | eps_w2=5.089777e-02
[step    55450] t/d= 554.500 | task1=3.960193e-01 | task2=2.256347e-01 | F1=1.738600e-01 | m1²=0.003672 | m2²=0.985220 | eps_w1=2.181032e+00 | eps_w2=5.101032e-02
[step    55500] t/d= 555.000 | task1=3.959120e-01 | task2=2.256456e-01 | F1=1.737527e-01 | m1²=0.003630 | m2²=0.985239 | eps_w1=2.179424e+00 | eps_w2=5.072967e-02
[step    55550] t/d= 555.500 | task1=3.960900e-01 | task2=2.255879e-01 | F1=1.739306e-01 | m1²=0.003589 | m2²=0.985338 | eps_w1=2.181571e+00 | eps_w2=5.079500e-02
[step    55600] t/d= 556.000 | task1=3.958236e-01 | task2=2.255749e-01 | F1=1.736643e-01 | m1²=0.003574 | m2²=0.985250 | eps_w1=2.178678e+00 | eps_w2=5.058416e-02
[step    55650] t/d= 556.500 | task1=3.958004e-01 | task2=2.255167e-01 | F1=1.736411e-01 | m1²=0.003618 | m2²=0.985318 | eps_w1=2.177322e+00 | eps_w2=5.025296e-02
[step    55700] t/d= 557.000 | task1=3.957225e-01 | task2=2.254801e-01 | F1=1.735632e-01 | m1²=0.003646 | m2²=0.985536 | eps_w1=2.175724e+00 | eps_w2=4.954879e-02
[step    55750] t/d= 557.500 | task1=3.956127e-01 | task2=2.254757e-01 | F1=1.734534e-01 | m1²=0.003562 | m2²=0.985654 | eps_w1=2.173330e+00 | eps_w2=4.892595e-02
[step    55800] t/d= 558.000 | task1=3.956596e-01 | task2=2.254223e-01 | F1=1.735003e-01 | m1²=0.003562 | m2²=0.985690 | eps_w1=2.174015e+00 | eps_w2=4.894037e-02
[step    55850] t/d= 558.500 | task1=3.955369e-01 | task2=2.254245e-01 | F1=1.733776e-01 | m1²=0.003597 | m2²=0.985742 | eps_w1=2.170756e+00 | eps_w2=4.838732e-02
[step    55900] t/d= 559.000 | task1=3.955294e-01 | task2=2.254721e-01 | F1=1.733701e-01 | m1²=0.003633 | m2²=0.985620 | eps_w1=2.172168e+00 | eps_w2=4.886494e-02
[step    55950] t/d= 559.500 | task1=3.955837e-01 | task2=2.254560e-01 | F1=1.734244e-01 | m1²=0.003626 | m2²=0.985403 | eps_w1=2.173153e+00 | eps_w2=4.948730e-02
[step    56000] t/d= 560.000 | task1=3.955083e-01 | task2=2.254698e-01 | F1=1.733490e-01 | m1²=0.003592 | m2²=0.985410 | eps_w1=2.170877e+00 | eps_w2=4.915168e-02
[step    56050] t/d= 560.500 | task1=3.956014e-01 | task2=2.254855e-01 | F1=1.734421e-01 | m1²=0.003562 | m2²=0.985482 | eps_w1=2.171952e+00 | eps_w2=4.912703e-02
[step    56100] t/d= 561.000 | task1=3.956259e-01 | task2=2.254993e-01 | F1=1.734666e-01 | m1²=0.003656 | m2²=0.985545 | eps_w1=2.172255e+00 | eps_w2=4.905393e-02
[step    56150] t/d= 561.500 | task1=3.956362e-01 | task2=2.254949e-01 | F1=1.734768e-01 | m1²=0.003520 | m2²=0.985750 | eps_w1=2.171014e+00 | eps_w2=4.838071e-02
[step    56200] t/d= 562.000 | task1=3.953196e-01 | task2=2.255253e-01 | F1=1.731603e-01 | m1²=0.003471 | m2²=0.985706 | eps_w1=2.165125e+00 | eps_w2=4.767134e-02
[step    56250] t/d= 562.500 | task1=3.953726e-01 | task2=2.254888e-01 | F1=1.732133e-01 | m1²=0.003439 | m2²=0.985876 | eps_w1=2.165740e+00 | eps_w2=4.736297e-02
[step    56300] t/d= 563.000 | task1=3.954732e-01 | task2=2.254434e-01 | F1=1.733139e-01 | m1²=0.003440 | m2²=0.985926 | eps_w1=2.167492e+00 | eps_w2=4.748445e-02
[step    56350] t/d= 563.500 | task1=3.955830e-01 | task2=2.254820e-01 | F1=1.734236e-01 | m1²=0.003430 | m2²=0.985862 | eps_w1=2.169321e+00 | eps_w2=4.787353e-02
[step    56400] t/d= 564.000 | task1=3.954684e-01 | task2=2.255021e-01 | F1=1.733090e-01 | m1²=0.003546 | m2²=0.985989 | eps_w1=2.166118e+00 | eps_w2=4.718921e-02
[step    56450] t/d= 564.500 | task1=3.955781e-01 | task2=2.254743e-01 | F1=1.734188e-01 | m1²=0.003577 | m2²=0.986029 | eps_w1=2.167868e+00 | eps_w2=4.734359e-02
[step    56500] t/d= 565.000 | task1=3.956832e-01 | task2=2.255708e-01 | F1=1.735239e-01 | m1²=0.003573 | m2²=0.985798 | eps_w1=2.171241e+00 | eps_w2=4.831914e-02
[step    56550] t/d= 565.500 | task1=3.957980e-01 | task2=2.255666e-01 | F1=1.736387e-01 | m1²=0.003394 | m2²=0.986092 | eps_w1=2.171636e+00 | eps_w2=4.765643e-02
[step    56600] t/d= 566.000 | task1=3.958276e-01 | task2=2.255760e-01 | F1=1.736683e-01 | m1²=0.003323 | m2²=0.986031 | eps_w1=2.173747e+00 | eps_w2=4.806202e-02
[step    56650] t/d= 566.500 | task1=3.958412e-01 | task2=2.256251e-01 | F1=1.736818e-01 | m1²=0.003359 | m2²=0.985832 | eps_w1=2.173547e+00 | eps_w2=4.849490e-02
[step    56700] t/d= 567.000 | task1=3.958771e-01 | task2=2.255833e-01 | F1=1.737178e-01 | m1²=0.003318 | m2²=0.986109 | eps_w1=2.171820e+00 | eps_w2=4.762205e-02
[step    56750] t/d= 567.500 | task1=3.958807e-01 | task2=2.256107e-01 | F1=1.737214e-01 | m1²=0.003276 | m2²=0.986153 | eps_w1=2.170987e+00 | eps_w2=4.739628e-02
[step    56800] t/d= 568.000 | task1=3.960382e-01 | task2=2.256136e-01 | F1=1.738789e-01 | m1²=0.003328 | m2²=0.985919 | eps_w1=2.175191e+00 | eps_w2=4.851340e-02
[step    56850] t/d= 568.500 | task1=3.961034e-01 | task2=2.256221e-01 | F1=1.739441e-01 | m1²=0.003339 | m2²=0.985785 | eps_w1=2.175383e+00 | eps_w2=4.884569e-02
[step    56900] t/d= 569.000 | task1=3.963196e-01 | task2=2.256669e-01 | F1=1.741603e-01 | m1²=0.003356 | m2²=0.985664 | eps_w1=2.179725e+00 | eps_w2=4.972685e-02
[step    56950] t/d= 569.500 | task1=3.963175e-01 | task2=2.257097e-01 | F1=1.741582e-01 | m1²=0.003425 | m2²=0.985588 | eps_w1=2.180479e+00 | eps_w2=5.002463e-02
[step    57000] t/d= 570.000 | task1=3.962717e-01 | task2=2.257169e-01 | F1=1.741124e-01 | m1²=0.003435 | m2²=0.985406 | eps_w1=2.179775e+00 | eps_w2=5.034114e-02
[step    57050] t/d= 570.500 | task1=3.963376e-01 | task2=2.257085e-01 | F1=1.741783e-01 | m1²=0.003423 | m2²=0.985409 | eps_w1=2.181671e+00 | eps_w2=5.059539e-02
[step    57100] t/d= 571.000 | task1=3.964844e-01 | task2=2.257104e-01 | F1=1.743251e-01 | m1²=0.003352 | m2²=0.985378 | eps_w1=2.185083e+00 | eps_w2=5.112606e-02
[step    57150] t/d= 571.500 | task1=3.965071e-01 | task2=2.256720e-01 | F1=1.743478e-01 | m1²=0.003320 | m2²=0.985352 | eps_w1=2.185380e+00 | eps_w2=5.121751e-02
[step    57200] t/d= 572.000 | task1=3.962553e-01 | task2=2.256759e-01 | F1=1.740960e-01 | m1²=0.003289 | m2²=0.985166 | eps_w1=2.181589e+00 | eps_w2=5.109339e-02
[step    57250] t/d= 572.500 | task1=3.960772e-01 | task2=2.256330e-01 | F1=1.739178e-01 | m1²=0.003331 | m2²=0.985163 | eps_w1=2.177641e+00 | eps_w2=5.056271e-02
[step    57300] t/d= 573.000 | task1=3.962241e-01 | task2=2.256574e-01 | F1=1.740648e-01 | m1²=0.003372 | m2²=0.985285 | eps_w1=2.180408e+00 | eps_w2=5.068429e-02
[step    57350] t/d= 573.500 | task1=3.963671e-01 | task2=2.257031e-01 | F1=1.742078e-01 | m1²=0.003438 | m2²=0.985413 | eps_w1=2.183338e+00 | eps_w2=5.082716e-02
[step    57400] t/d= 574.000 | task1=3.963682e-01 | task2=2.256790e-01 | F1=1.742088e-01 | m1²=0.003439 | m2²=0.985480 | eps_w1=2.182784e+00 | eps_w2=5.059771e-02
[step    57450] t/d= 574.500 | task1=3.962946e-01 | task2=2.256626e-01 | F1=1.741353e-01 | m1²=0.003408 | m2²=0.985460 | eps_w1=2.180678e+00 | eps_w2=5.033612e-02
[step    57500] t/d= 575.000 | task1=3.961315e-01 | task2=2.256512e-01 | F1=1.739722e-01 | m1²=0.003419 | m2²=0.985455 | eps_w1=2.177071e+00 | eps_w2=4.984916e-02
[step    57550] t/d= 575.500 | task1=3.961301e-01 | task2=2.256601e-01 | F1=1.739708e-01 | m1²=0.003421 | m2²=0.985515 | eps_w1=2.177705e+00 | eps_w2=4.980290e-02
[step    57600] t/d= 576.000 | task1=3.959725e-01 | task2=2.256457e-01 | F1=1.738132e-01 | m1²=0.003351 | m2²=0.985459 | eps_w1=2.175278e+00 | eps_w2=4.957075e-02
[step    57650] t/d= 576.500 | task1=3.961254e-01 | task2=2.256211e-01 | F1=1.739661e-01 | m1²=0.003346 | m2²=0.985568 | eps_w1=2.179270e+00 | eps_w2=4.987741e-02
[step    57700] t/d= 577.000 | task1=3.962509e-01 | task2=2.256264e-01 | F1=1.740916e-01 | m1²=0.003341 | m2²=0.985621 | eps_w1=2.181322e+00 | eps_w2=5.004266e-02
[step    57750] t/d= 577.500 | task1=3.963959e-01 | task2=2.256290e-01 | F1=1.742366e-01 | m1²=0.003405 | m2²=0.985545 | eps_w1=2.184248e+00 | eps_w2=5.064626e-02
[step    57800] t/d= 578.000 | task1=3.962174e-01 | task2=2.255744e-01 | F1=1.740581e-01 | m1²=0.003458 | m2²=0.985597 | eps_w1=2.180920e+00 | eps_w2=5.007543e-02
[step    57850] t/d= 578.500 | task1=3.962426e-01 | task2=2.255716e-01 | F1=1.740833e-01 | m1²=0.003363 | m2²=0.985637 | eps_w1=2.180414e+00 | eps_w2=4.988594e-02
[step    57900] t/d= 579.000 | task1=3.962974e-01 | task2=2.255531e-01 | F1=1.741381e-01 | m1²=0.003369 | m2²=0.985678 | eps_w1=2.182069e+00 | eps_w2=5.002652e-02
[step    57950] t/d= 579.500 | task1=3.962761e-01 | task2=2.255197e-01 | F1=1.741167e-01 | m1²=0.003439 | m2²=0.985664 | eps_w1=2.182265e+00 | eps_w2=5.010670e-02
[step    58000] t/d= 580.000 | task1=3.962929e-01 | task2=2.255071e-01 | F1=1.741336e-01 | m1²=0.003506 | m2²=0.985687 | eps_w1=2.183808e+00 | eps_w2=5.029220e-02
[step    58050] t/d= 580.500 | task1=3.964996e-01 | task2=2.255234e-01 | F1=1.743403e-01 | m1²=0.003458 | m2²=0.985706 | eps_w1=2.187069e+00 | eps_w2=5.069824e-02
[step    58100] t/d= 581.000 | task1=3.966599e-01 | task2=2.255017e-01 | F1=1.745006e-01 | m1²=0.003481 | m2²=0.985620 | eps_w1=2.190306e+00 | eps_w2=5.136336e-02
[step    58150] t/d= 581.500 | task1=3.966945e-01 | task2=2.255623e-01 | F1=1.745352e-01 | m1²=0.003436 | m2²=0.986004 | eps_w1=2.190551e+00 | eps_w2=5.051025e-02
[step    58200] t/d= 582.000 | task1=3.965515e-01 | task2=2.255245e-01 | F1=1.743922e-01 | m1²=0.003415 | m2²=0.986082 | eps_w1=2.189283e+00 | eps_w2=5.014505e-02
[step    58250] t/d= 582.500 | task1=3.965221e-01 | task2=2.255253e-01 | F1=1.743628e-01 | m1²=0.003565 | m2²=0.985901 | eps_w1=2.191010e+00 | eps_w2=5.085173e-02
[step    58300] t/d= 583.000 | task1=3.965410e-01 | task2=2.255379e-01 | F1=1.743816e-01 | m1²=0.003617 | m2²=0.985871 | eps_w1=2.190596e+00 | eps_w2=5.087639e-02
[step    58350] t/d= 583.500 | task1=3.963388e-01 | task2=2.255462e-01 | F1=1.741795e-01 | m1²=0.003678 | m2²=0.985729 | eps_w1=2.186112e+00 | eps_w2=5.057698e-02
[step    58400] t/d= 584.000 | task1=3.960829e-01 | task2=2.255016e-01 | F1=1.739236e-01 | m1²=0.003702 | m2²=0.985700 | eps_w1=2.181762e+00 | eps_w2=5.003538e-02
[step    58450] t/d= 584.500 | task1=3.960777e-01 | task2=2.255049e-01 | F1=1.739183e-01 | m1²=0.003742 | m2²=0.985734 | eps_w1=2.181545e+00 | eps_w2=4.993998e-02
[step    58500] t/d= 585.000 | task1=3.960732e-01 | task2=2.254952e-01 | F1=1.739139e-01 | m1²=0.003749 | m2²=0.985658 | eps_w1=2.182800e+00 | eps_w2=5.029181e-02
[step    58550] t/d= 585.500 | task1=3.961168e-01 | task2=2.254756e-01 | F1=1.739575e-01 | m1²=0.003607 | m2²=0.985798 | eps_w1=2.182685e+00 | eps_w2=4.991274e-02
[step    58600] t/d= 586.000 | task1=3.960738e-01 | task2=2.254744e-01 | F1=1.739145e-01 | m1²=0.003643 | m2²=0.985832 | eps_w1=2.181747e+00 | eps_w2=4.971618e-02
[step    58650] t/d= 586.500 | task1=3.960323e-01 | task2=2.255303e-01 | F1=1.738730e-01 | m1²=0.003618 | m2²=0.985847 | eps_w1=2.181711e+00 | eps_w2=4.967012e-02
[step    58700] t/d= 587.000 | task1=3.959177e-01 | task2=2.255025e-01 | F1=1.737584e-01 | m1²=0.003747 | m2²=0.985765 | eps_w1=2.179486e+00 | eps_w2=4.958332e-02
[step    58750] t/d= 587.500 | task1=3.962492e-01 | task2=2.254968e-01 | F1=1.740899e-01 | m1²=0.003764 | m2²=0.985661 | eps_w1=2.186005e+00 | eps_w2=5.074379e-02
[step    58800] t/d= 588.000 | task1=3.963765e-01 | task2=2.255187e-01 | F1=1.742172e-01 | m1²=0.003724 | m2²=0.985458 | eps_w1=2.189094e+00 | eps_w2=5.163392e-02
[step    58850] t/d= 588.500 | task1=3.965940e-01 | task2=2.254991e-01 | F1=1.744347e-01 | m1²=0.003637 | m2²=0.985424 | eps_w1=2.191024e+00 | eps_w2=5.196043e-02
[step    58900] t/d= 589.000 | task1=3.966356e-01 | task2=2.255167e-01 | F1=1.744763e-01 | m1²=0.003706 | m2²=0.985237 | eps_w1=2.191338e+00 | eps_w2=5.245320e-02
[step    58950] t/d= 589.500 | task1=3.968122e-01 | task2=2.254979e-01 | F1=1.746529e-01 | m1²=0.003755 | m2²=0.985163 | eps_w1=2.195844e+00 | eps_w2=5.329323e-02
[step    59000] t/d= 590.000 | task1=3.966391e-01 | task2=2.254750e-01 | F1=1.744798e-01 | m1²=0.003781 | m2²=0.985253 | eps_w1=2.192560e+00 | eps_w2=5.261873e-02
[step    59050] t/d= 590.500 | task1=3.966660e-01 | task2=2.254883e-01 | F1=1.745067e-01 | m1²=0.003874 | m2²=0.985383 | eps_w1=2.192053e+00 | eps_w2=5.227747e-02
[step    59100] t/d= 591.000 | task1=3.966585e-01 | task2=2.255189e-01 | F1=1.744992e-01 | m1²=0.003917 | m2²=0.985097 | eps_w1=2.192504e+00 | eps_w2=5.300748e-02
[step    59150] t/d= 591.500 | task1=3.967856e-01 | task2=2.255099e-01 | F1=1.746263e-01 | m1²=0.003826 | m2²=0.984868 | eps_w1=2.194804e+00 | eps_w2=5.383811e-02
[step    59200] t/d= 592.000 | task1=3.968931e-01 | task2=2.254577e-01 | F1=1.747338e-01 | m1²=0.003806 | m2²=0.985064 | eps_w1=2.197513e+00 | eps_w2=5.378214e-02
[step    59250] t/d= 592.500 | task1=3.968301e-01 | task2=2.254072e-01 | F1=1.746708e-01 | m1²=0.003771 | m2²=0.984939 | eps_w1=2.195843e+00 | eps_w2=5.380988e-02
[step    59300] t/d= 593.000 | task1=3.968643e-01 | task2=2.254201e-01 | F1=1.747050e-01 | m1²=0.003721 | m2²=0.984833 | eps_w1=2.196903e+00 | eps_w2=5.419178e-02
[step    59350] t/d= 593.500 | task1=3.969489e-01 | task2=2.254558e-01 | F1=1.747896e-01 | m1²=0.003770 | m2²=0.984777 | eps_w1=2.199379e+00 | eps_w2=5.470055e-02
[step    59400] t/d= 594.000 | task1=3.971987e-01 | task2=2.254533e-01 | F1=1.750394e-01 | m1²=0.003631 | m2²=0.984827 | eps_w1=2.204403e+00 | eps_w2=5.529211e-02
[step    59450] t/d= 594.500 | task1=3.973541e-01 | task2=2.254459e-01 | F1=1.751947e-01 | m1²=0.003540 | m2²=0.984855 | eps_w1=2.205658e+00 | eps_w2=5.538522e-02
[step    59500] t/d= 595.000 | task1=3.974363e-01 | task2=2.254793e-01 | F1=1.752769e-01 | m1²=0.003524 | m2²=0.984902 | eps_w1=2.207314e+00 | eps_w2=5.552262e-02
[step    59550] t/d= 595.500 | task1=3.973517e-01 | task2=2.255270e-01 | F1=1.751924e-01 | m1²=0.003517 | m2²=0.984863 | eps_w1=2.205415e+00 | eps_w2=5.532245e-02
[step    59600] t/d= 596.000 | task1=3.972654e-01 | task2=2.255040e-01 | F1=1.751060e-01 | m1²=0.003499 | m2²=0.984982 | eps_w1=2.204305e+00 | eps_w2=5.487851e-02
[step    59650] t/d= 596.500 | task1=3.975298e-01 | task2=2.254601e-01 | F1=1.753705e-01 | m1²=0.003512 | m2²=0.984974 | eps_w1=2.210283e+00 | eps_w2=5.580340e-02
[step    59700] t/d= 597.000 | task1=3.977703e-01 | task2=2.255159e-01 | F1=1.756110e-01 | m1²=0.003554 | m2²=0.984822 | eps_w1=2.215110e+00 | eps_w2=5.690689e-02
[step    59750] t/d= 597.500 | task1=3.976516e-01 | task2=2.255373e-01 | F1=1.754923e-01 | m1²=0.003535 | m2²=0.984858 | eps_w1=2.211942e+00 | eps_w2=5.632955e-02
[step    59800] t/d= 598.000 | task1=3.976099e-01 | task2=2.255348e-01 | F1=1.754505e-01 | m1²=0.003512 | m2²=0.984759 | eps_w1=2.210480e+00 | eps_w2=5.632693e-02
[step    59850] t/d= 598.500 | task1=3.975956e-01 | task2=2.256058e-01 | F1=1.754363e-01 | m1²=0.003586 | m2²=0.984513 | eps_w1=2.211842e+00 | eps_w2=5.712337e-02
[step    59900] t/d= 599.000 | task1=3.975014e-01 | task2=2.256160e-01 | F1=1.753421e-01 | m1²=0.003669 | m2²=0.984424 | eps_w1=2.211578e+00 | eps_w2=5.731630e-02
[step    59950] t/d= 599.500 | task1=3.976261e-01 | task2=2.255937e-01 | F1=1.754667e-01 | m1²=0.003713 | m2²=0.984334 | eps_w1=2.214098e+00 | eps_w2=5.792523e-02
[step    60000] t/d= 600.000 | task1=3.975681e-01 | task2=2.256106e-01 | F1=1.754088e-01 | m1²=0.003658 | m2²=0.984423 | eps_w1=2.213402e+00 | eps_w2=5.759512e-02
[step    60050] t/d= 600.500 | task1=3.976496e-01 | task2=2.255935e-01 | F1=1.754902e-01 | m1²=0.003593 | m2²=0.984532 | eps_w1=2.214354e+00 | eps_w2=5.746746e-02
[step    60100] t/d= 601.000 | task1=3.978184e-01 | task2=2.255900e-01 | F1=1.756591e-01 | m1²=0.003524 | m2²=0.984742 | eps_w1=2.217246e+00 | eps_w2=5.740967e-02
[step    60150] t/d= 601.500 | task1=3.979738e-01 | task2=2.256209e-01 | F1=1.758145e-01 | m1²=0.003454 | m2²=0.984567 | eps_w1=2.220904e+00 | eps_w2=5.835762e-02
[step    60200] t/d= 602.000 | task1=3.979393e-01 | task2=2.256642e-01 | F1=1.757800e-01 | m1²=0.003568 | m2²=0.984369 | eps_w1=2.221740e+00 | eps_w2=5.898488e-02
[step    60250] t/d= 602.500 | task1=3.980579e-01 | task2=2.256034e-01 | F1=1.758986e-01 | m1²=0.003510 | m2²=0.984716 | eps_w1=2.222418e+00 | eps_w2=5.827131e-02
[step    60300] t/d= 603.000 | task1=3.980490e-01 | task2=2.256030e-01 | F1=1.758896e-01 | m1²=0.003504 | m2²=0.984818 | eps_w1=2.222264e+00 | eps_w2=5.801118e-02
[step    60350] t/d= 603.500 | task1=3.980604e-01 | task2=2.255624e-01 | F1=1.759010e-01 | m1²=0.003461 | m2²=0.984876 | eps_w1=2.220859e+00 | eps_w2=5.764280e-02
[step    60400] t/d= 604.000 | task1=3.979936e-01 | task2=2.255487e-01 | F1=1.758343e-01 | m1²=0.003399 | m2²=0.985066 | eps_w1=2.218156e+00 | eps_w2=5.676238e-02
[step    60450] t/d= 604.500 | task1=3.977852e-01 | task2=2.255090e-01 | F1=1.756259e-01 | m1²=0.003422 | m2²=0.985167 | eps_w1=2.214725e+00 | eps_w2=5.600896e-02
[step    60500] t/d= 605.000 | task1=3.978019e-01 | task2=2.254427e-01 | F1=1.756425e-01 | m1²=0.003480 | m2²=0.985038 | eps_w1=2.215619e+00 | eps_w2=5.646306e-02
[step    60550] t/d= 605.500 | task1=3.977570e-01 | task2=2.253814e-01 | F1=1.755977e-01 | m1²=0.003339 | m2²=0.985216 | eps_w1=2.214435e+00 | eps_w2=5.582348e-02
[step    60600] t/d= 606.000 | task1=3.977146e-01 | task2=2.253935e-01 | F1=1.755553e-01 | m1²=0.003244 | m2²=0.985535 | eps_w1=2.212629e+00 | eps_w2=5.478453e-02
[step    60650] t/d= 606.500 | task1=3.977462e-01 | task2=2.253757e-01 | F1=1.755869e-01 | m1²=0.003245 | m2²=0.985498 | eps_w1=2.211833e+00 | eps_w2=5.474917e-02
[step    60700] t/d= 607.000 | task1=3.977385e-01 | task2=2.253456e-01 | F1=1.755792e-01 | m1²=0.003149 | m2²=0.985647 | eps_w1=2.212646e+00 | eps_w2=5.449872e-02
[step    60750] t/d= 607.500 | task1=3.975423e-01 | task2=2.253644e-01 | F1=1.753830e-01 | m1²=0.003099 | m2²=0.985688 | eps_w1=2.208433e+00 | eps_w2=5.375067e-02
[step    60800] t/d= 608.000 | task1=3.973319e-01 | task2=2.253616e-01 | F1=1.751726e-01 | m1²=0.003107 | m2²=0.985522 | eps_w1=2.204653e+00 | eps_w2=5.356656e-02
[step    60850] t/d= 608.500 | task1=3.972126e-01 | task2=2.253139e-01 | F1=1.750532e-01 | m1²=0.003059 | m2²=0.985480 | eps_w1=2.203293e+00 | eps_w2=5.344502e-02
[step    60900] t/d= 609.000 | task1=3.973945e-01 | task2=2.253523e-01 | F1=1.752352e-01 | m1²=0.003068 | m2²=0.985302 | eps_w1=2.205093e+00 | eps_w2=5.412273e-02
[step    60950] t/d= 609.500 | task1=3.975209e-01 | task2=2.253959e-01 | F1=1.753616e-01 | m1²=0.003149 | m2²=0.985008 | eps_w1=2.209097e+00 | eps_w2=5.542451e-02
[step    61000] t/d= 610.000 | task1=3.974698e-01 | task2=2.253854e-01 | F1=1.753104e-01 | m1²=0.003203 | m2²=0.985012 | eps_w1=2.208436e+00 | eps_w2=5.533213e-02
[step    61050] t/d= 610.500 | task1=3.974404e-01 | task2=2.253551e-01 | F1=1.752811e-01 | m1²=0.003220 | m2²=0.985154 | eps_w1=2.208480e+00 | eps_w2=5.502012e-02
[step    61100] t/d= 611.000 | task1=3.974096e-01 | task2=2.253618e-01 | F1=1.752503e-01 | m1²=0.003328 | m2²=0.985135 | eps_w1=2.208282e+00 | eps_w2=5.506984e-02
[step    61150] t/d= 611.500 | task1=3.974036e-01 | task2=2.254180e-01 | F1=1.752443e-01 | m1²=0.003328 | m2²=0.985212 | eps_w1=2.208029e+00 | eps_w2=5.485594e-02
[step    61200] t/d= 612.000 | task1=3.973120e-01 | task2=2.253651e-01 | F1=1.751526e-01 | m1²=0.003350 | m2²=0.985427 | eps_w1=2.205931e+00 | eps_w2=5.405553e-02
[step    61250] t/d= 612.500 | task1=3.971826e-01 | task2=2.254057e-01 | F1=1.750232e-01 | m1²=0.003302 | m2²=0.985553 | eps_w1=2.201839e+00 | eps_w2=5.314047e-02
[step    61300] t/d= 613.000 | task1=3.972581e-01 | task2=2.253868e-01 | F1=1.750988e-01 | m1²=0.003338 | m2²=0.985654 | eps_w1=2.202449e+00 | eps_w2=5.301409e-02
[step    61350] t/d= 613.500 | task1=3.972163e-01 | task2=2.254277e-01 | F1=1.750570e-01 | m1²=0.003366 | m2²=0.985859 | eps_w1=2.200669e+00 | eps_w2=5.228984e-02
[step    61400] t/d= 614.000 | task1=3.973151e-01 | task2=2.254093e-01 | F1=1.751558e-01 | m1²=0.003330 | m2²=0.985835 | eps_w1=2.203302e+00 | eps_w2=5.272332e-02
[step    61450] t/d= 614.500 | task1=3.975033e-01 | task2=2.253780e-01 | F1=1.753439e-01 | m1²=0.003384 | m2²=0.985905 | eps_w1=2.207950e+00 | eps_w2=5.327572e-02
[step    61500] t/d= 615.000 | task1=3.976382e-01 | task2=2.253795e-01 | F1=1.754789e-01 | m1²=0.003446 | m2²=0.985711 | eps_w1=2.210301e+00 | eps_w2=5.409576e-02
[step    61550] t/d= 615.500 | task1=3.972459e-01 | task2=2.253750e-01 | F1=1.750866e-01 | m1²=0.003447 | m2²=0.985742 | eps_w1=2.202921e+00 | eps_w2=5.291701e-02
[step    61600] t/d= 616.000 | task1=3.972352e-01 | task2=2.253474e-01 | F1=1.750759e-01 | m1²=0.003438 | m2²=0.985519 | eps_w1=2.203827e+00 | eps_w2=5.355920e-02
[step    61650] t/d= 616.500 | task1=3.969194e-01 | task2=2.252991e-01 | F1=1.747601e-01 | m1²=0.003507 | m2²=0.985557 | eps_w1=2.198920e+00 | eps_w2=5.276688e-02
[step    61700] t/d= 617.000 | task1=3.969862e-01 | task2=2.252731e-01 | F1=1.748268e-01 | m1²=0.003467 | m2²=0.985645 | eps_w1=2.200349e+00 | eps_w2=5.276529e-02
[step    61750] t/d= 617.500 | task1=3.972829e-01 | task2=2.253219e-01 | F1=1.751236e-01 | m1²=0.003373 | m2²=0.985674 | eps_w1=2.204963e+00 | eps_w2=5.335344e-02
[step    61800] t/d= 618.000 | task1=3.975232e-01 | task2=2.252916e-01 | F1=1.753638e-01 | m1²=0.003358 | m2²=0.985722 | eps_w1=2.210184e+00 | eps_w2=5.402239e-02
[step    61850] t/d= 618.500 | task1=3.975686e-01 | task2=2.252739e-01 | F1=1.754093e-01 | m1²=0.003345 | m2²=0.985902 | eps_w1=2.210224e+00 | eps_w2=5.361230e-02
[step    61900] t/d= 619.000 | task1=3.975828e-01 | task2=2.253120e-01 | F1=1.754235e-01 | m1²=0.003409 | m2²=0.985532 | eps_w1=2.212069e+00 | eps_w2=5.476147e-02
[step    61950] t/d= 619.500 | task1=3.975888e-01 | task2=2.252898e-01 | F1=1.754295e-01 | m1²=0.003337 | m2²=0.985660 | eps_w1=2.211000e+00 | eps_w2=5.428030e-02
[step    62000] t/d= 620.000 | task1=3.975172e-01 | task2=2.252585e-01 | F1=1.753579e-01 | m1²=0.003442 | m2²=0.985739 | eps_w1=2.209891e+00 | eps_w2=5.396816e-02
[step    62050] t/d= 620.500 | task1=3.974793e-01 | task2=2.252736e-01 | F1=1.753200e-01 | m1²=0.003479 | m2²=0.985759 | eps_w1=2.208870e+00 | eps_w2=5.377906e-02
[step    62100] t/d= 621.000 | task1=3.974209e-01 | task2=2.252519e-01 | F1=1.752615e-01 | m1²=0.003457 | m2²=0.985852 | eps_w1=2.206265e+00 | eps_w2=5.316829e-02
[step    62150] t/d= 621.500 | task1=3.974475e-01 | task2=2.252802e-01 | F1=1.752882e-01 | m1²=0.003404 | m2²=0.985925 | eps_w1=2.207325e+00 | eps_w2=5.314191e-02
[step    62200] t/d= 622.000 | task1=3.973134e-01 | task2=2.252945e-01 | F1=1.751541e-01 | m1²=0.003414 | m2²=0.985787 | eps_w1=2.207100e+00 | eps_w2=5.342715e-02
[step    62250] t/d= 622.500 | task1=3.971788e-01 | task2=2.252572e-01 | F1=1.750195e-01 | m1²=0.003444 | m2²=0.985769 | eps_w1=2.205191e+00 | eps_w2=5.319368e-02
[step    62300] t/d= 623.000 | task1=3.972368e-01 | task2=2.252510e-01 | F1=1.750775e-01 | m1²=0.003400 | m2²=0.985771 | eps_w1=2.207510e+00 | eps_w2=5.352052e-02
[step    62350] t/d= 623.500 | task1=3.970803e-01 | task2=2.253113e-01 | F1=1.749210e-01 | m1²=0.003400 | m2²=0.985863 | eps_w1=2.204350e+00 | eps_w2=5.283769e-02
[step    62400] t/d= 624.000 | task1=3.969812e-01 | task2=2.253004e-01 | F1=1.748218e-01 | m1²=0.003525 | m2²=0.985680 | eps_w1=2.203498e+00 | eps_w2=5.317025e-02
[step    62450] t/d= 624.500 | task1=3.969153e-01 | task2=2.252874e-01 | F1=1.747560e-01 | m1²=0.003496 | m2²=0.985744 | eps_w1=2.201600e+00 | eps_w2=5.273377e-02
[step    62500] t/d= 625.000 | task1=3.969228e-01 | task2=2.252805e-01 | F1=1.747635e-01 | m1²=0.003591 | m2²=0.985669 | eps_w1=2.202478e+00 | eps_w2=5.306520e-02
[step    62550] t/d= 625.500 | task1=3.967222e-01 | task2=2.252902e-01 | F1=1.745629e-01 | m1²=0.003600 | m2²=0.985653 | eps_w1=2.199641e+00 | eps_w2=5.268399e-02
[step    62600] t/d= 626.000 | task1=3.965941e-01 | task2=2.252799e-01 | F1=1.744348e-01 | m1²=0.003703 | m2²=0.985419 | eps_w1=2.198749e+00 | eps_w2=5.312000e-02
[step    62650] t/d= 626.500 | task1=3.964146e-01 | task2=2.252406e-01 | F1=1.742553e-01 | m1²=0.003700 | m2²=0.985517 | eps_w1=2.195043e+00 | eps_w2=5.235347e-02
[step    62700] t/d= 627.000 | task1=3.963560e-01 | task2=2.252990e-01 | F1=1.741967e-01 | m1²=0.003756 | m2²=0.985390 | eps_w1=2.193365e+00 | eps_w2=5.241588e-02
[step    62750] t/d= 627.500 | task1=3.963128e-01 | task2=2.252694e-01 | F1=1.741535e-01 | m1²=0.003770 | m2²=0.985501 | eps_w1=2.193557e+00 | eps_w2=5.219419e-02
[step    62800] t/d= 628.000 | task1=3.964631e-01 | task2=2.252559e-01 | F1=1.743038e-01 | m1²=0.003710 | m2²=0.985624 | eps_w1=2.196121e+00 | eps_w2=5.227032e-02
[step    62850] t/d= 628.500 | task1=3.967193e-01 | task2=2.252496e-01 | F1=1.745600e-01 | m1²=0.003661 | m2²=0.985782 | eps_w1=2.198829e+00 | eps_w2=5.229019e-02
[step    62900] t/d= 629.000 | task1=3.968127e-01 | task2=2.252238e-01 | F1=1.746534e-01 | m1²=0.003574 | m2²=0.985770 | eps_w1=2.200639e+00 | eps_w2=5.255705e-02
[step    62950] t/d= 629.500 | task1=3.967881e-01 | task2=2.252672e-01 | F1=1.746287e-01 | m1²=0.003644 | m2²=0.985619 | eps_w1=2.200576e+00 | eps_w2=5.291437e-02
[step    63000] t/d= 630.000 | task1=3.969525e-01 | task2=2.253159e-01 | F1=1.747932e-01 | m1²=0.003679 | m2²=0.985871 | eps_w1=2.203142e+00 | eps_w2=5.273154e-02
[step    63050] t/d= 630.500 | task1=3.971195e-01 | task2=2.253483e-01 | F1=1.749602e-01 | m1²=0.003741 | m2²=0.985721 | eps_w1=2.204903e+00 | eps_w2=5.335796e-02
[step    63100] t/d= 631.000 | task1=3.970683e-01 | task2=2.253286e-01 | F1=1.749089e-01 | m1²=0.003705 | m2²=0.985841 | eps_w1=2.202993e+00 | eps_w2=5.278597e-02
[step    63150] t/d= 631.500 | task1=3.973086e-01 | task2=2.252818e-01 | F1=1.751493e-01 | m1²=0.003646 | m2²=0.985904 | eps_w1=2.206665e+00 | eps_w2=5.317136e-02
[step    63200] t/d= 632.000 | task1=3.974426e-01 | task2=2.252779e-01 | F1=1.752833e-01 | m1²=0.003721 | m2²=0.985970 | eps_w1=2.208603e+00 | eps_w2=5.333652e-02
[step    63250] t/d= 632.500 | task1=3.974700e-01 | task2=2.252765e-01 | F1=1.753106e-01 | m1²=0.003585 | m2²=0.985967 | eps_w1=2.209410e+00 | eps_w2=5.341940e-02
[step    63300] t/d= 633.000 | task1=3.975890e-01 | task2=2.252934e-01 | F1=1.754296e-01 | m1²=0.003467 | m2²=0.985981 | eps_w1=2.210972e+00 | eps_w2=5.358377e-02
[step    63350] t/d= 633.500 | task1=3.976275e-01 | task2=2.252840e-01 | F1=1.754682e-01 | m1²=0.003456 | m2²=0.986191 | eps_w1=2.210039e+00 | eps_w2=5.295744e-02
[step    63400] t/d= 634.000 | task1=3.976983e-01 | task2=2.252975e-01 | F1=1.755389e-01 | m1²=0.003507 | m2²=0.986147 | eps_w1=2.211896e+00 | eps_w2=5.335703e-02
[step    63450] t/d= 634.500 | task1=3.975755e-01 | task2=2.253285e-01 | F1=1.754161e-01 | m1²=0.003463 | m2²=0.986029 | eps_w1=2.209564e+00 | eps_w2=5.326105e-02
[step    63500] t/d= 635.000 | task1=3.976812e-01 | task2=2.253075e-01 | F1=1.755219e-01 | m1²=0.003438 | m2²=0.986111 | eps_w1=2.210716e+00 | eps_w2=5.323865e-02
[step    63550] t/d= 635.500 | task1=3.977550e-01 | task2=2.253459e-01 | F1=1.755957e-01 | m1²=0.003475 | m2²=0.986007 | eps_w1=2.212130e+00 | eps_w2=5.370252e-02
[step    63600] t/d= 636.000 | task1=3.977335e-01 | task2=2.254022e-01 | F1=1.755742e-01 | m1²=0.003457 | m2²=0.985880 | eps_w1=2.212249e+00 | eps_w2=5.400558e-02
[step    63650] t/d= 636.500 | task1=3.977766e-01 | task2=2.254226e-01 | F1=1.756173e-01 | m1²=0.003441 | m2²=0.985865 | eps_w1=2.213740e+00 | eps_w2=5.426281e-02
[step    63700] t/d= 637.000 | task1=3.977780e-01 | task2=2.254785e-01 | F1=1.756186e-01 | m1²=0.003458 | m2²=0.985758 | eps_w1=2.215081e+00 | eps_w2=5.471857e-02
[step    63750] t/d= 637.500 | task1=3.976804e-01 | task2=2.254126e-01 | F1=1.755211e-01 | m1²=0.003307 | m2²=0.985837 | eps_w1=2.213463e+00 | eps_w2=5.423941e-02
[step    63800] t/d= 638.000 | task1=3.976351e-01 | task2=2.254014e-01 | F1=1.754758e-01 | m1²=0.003223 | m2²=0.985778 | eps_w1=2.213371e+00 | eps_w2=5.433296e-02
[step    63850] t/d= 638.500 | task1=3.977811e-01 | task2=2.254223e-01 | F1=1.756217e-01 | m1²=0.003230 | m2²=0.985789 | eps_w1=2.215569e+00 | eps_w2=5.464451e-02
[step    63900] t/d= 639.000 | task1=3.980049e-01 | task2=2.254463e-01 | F1=1.758456e-01 | m1²=0.003139 | m2²=0.985980 | eps_w1=2.218271e+00 | eps_w2=5.458956e-02
[step    63950] t/d= 639.500 | task1=3.980331e-01 | task2=2.254779e-01 | F1=1.758738e-01 | m1²=0.003139 | m2²=0.986046 | eps_w1=2.217679e+00 | eps_w2=5.434806e-02
[step    64000] t/d= 640.000 | task1=3.981394e-01 | task2=2.254804e-01 | F1=1.759801e-01 | m1²=0.003040 | m2²=0.986167 | eps_w1=2.218574e+00 | eps_w2=5.417290e-02
[step    64050] t/d= 640.500 | task1=3.979307e-01 | task2=2.254888e-01 | F1=1.757713e-01 | m1²=0.003143 | m2²=0.986070 | eps_w1=2.216265e+00 | eps_w2=5.407634e-02
[step    64100] t/d= 641.000 | task1=3.979420e-01 | task2=2.254935e-01 | F1=1.757827e-01 | m1²=0.003073 | m2²=0.985983 | eps_w1=2.215991e+00 | eps_w2=5.421036e-02
[step    64150] t/d= 641.500 | task1=3.979679e-01 | task2=2.255166e-01 | F1=1.758086e-01 | m1²=0.002983 | m2²=0.986150 | eps_w1=2.214765e+00 | eps_w2=5.360922e-02
[step    64200] t/d= 642.000 | task1=3.981611e-01 | task2=2.255572e-01 | F1=1.760017e-01 | m1²=0.002977 | m2²=0.985996 | eps_w1=2.220356e+00 | eps_w2=5.481930e-02
[step    64250] t/d= 642.500 | task1=3.982980e-01 | task2=2.255665e-01 | F1=1.761387e-01 | m1²=0.003028 | m2²=0.985938 | eps_w1=2.223535e+00 | eps_w2=5.546272e-02
[step    64300] t/d= 643.000 | task1=3.983661e-01 | task2=2.255258e-01 | F1=1.762067e-01 | m1²=0.002975 | m2²=0.986085 | eps_w1=2.224798e+00 | eps_w2=5.530385e-02
[step    64350] t/d= 643.500 | task1=3.980930e-01 | task2=2.255146e-01 | F1=1.759337e-01 | m1²=0.003056 | m2²=0.985941 | eps_w1=2.219087e+00 | eps_w2=5.477793e-02
[step    64400] t/d= 644.000 | task1=3.981621e-01 | task2=2.254968e-01 | F1=1.760028e-01 | m1²=0.003022 | m2²=0.986208 | eps_w1=2.219832e+00 | eps_w2=5.426669e-02
[step    64450] t/d= 644.500 | task1=3.978980e-01 | task2=2.255050e-01 | F1=1.757386e-01 | m1²=0.003010 | m2²=0.986303 | eps_w1=2.214147e+00 | eps_w2=5.317323e-02
[step    64500] t/d= 645.000 | task1=3.981038e-01 | task2=2.255308e-01 | F1=1.759444e-01 | m1²=0.003010 | m2²=0.986402 | eps_w1=2.218715e+00 | eps_w2=5.364452e-02
[step    64550] t/d= 645.500 | task1=3.979180e-01 | task2=2.255732e-01 | F1=1.757587e-01 | m1²=0.003083 | m2²=0.986346 | eps_w1=2.215819e+00 | eps_w2=5.335522e-02
[step    64600] t/d= 646.000 | task1=3.979029e-01 | task2=2.255952e-01 | F1=1.757436e-01 | m1²=0.003098 | m2²=0.986079 | eps_w1=2.216733e+00 | eps_w2=5.411315e-02
[step    64650] t/d= 646.500 | task1=3.978951e-01 | task2=2.255680e-01 | F1=1.757358e-01 | m1²=0.003082 | m2²=0.986252 | eps_w1=2.215565e+00 | eps_w2=5.353072e-02
[step    64700] t/d= 647.000 | task1=3.978020e-01 | task2=2.255819e-01 | F1=1.756427e-01 | m1²=0.003155 | m2²=0.986163 | eps_w1=2.214100e+00 | eps_w2=5.353671e-02
[step    64750] t/d= 647.500 | task1=3.978374e-01 | task2=2.255924e-01 | F1=1.756781e-01 | m1²=0.003167 | m2²=0.986223 | eps_w1=2.214580e+00 | eps_w2=5.347645e-02
[step    64800] t/d= 648.000 | task1=3.975085e-01 | task2=2.255801e-01 | F1=1.753491e-01 | m1²=0.003218 | m2²=0.986270 | eps_w1=2.207997e+00 | eps_w2=5.239234e-02
[step    64850] t/d= 648.500 | task1=3.975837e-01 | task2=2.255552e-01 | F1=1.754244e-01 | m1²=0.003347 | m2²=0.986201 | eps_w1=2.208695e+00 | eps_w2=5.269681e-02
[step    64900] t/d= 649.000 | task1=3.978199e-01 | task2=2.255516e-01 | F1=1.756605e-01 | m1²=0.003428 | m2²=0.986142 | eps_w1=2.212592e+00 | eps_w2=5.344880e-02
[step    64950] t/d= 649.500 | task1=3.977225e-01 | task2=2.255895e-01 | F1=1.755631e-01 | m1²=0.003360 | m2²=0.985865 | eps_w1=2.210577e+00 | eps_w2=5.375382e-02
[step    65000] t/d= 650.000 | task1=3.975267e-01 | task2=2.256386e-01 | F1=1.753674e-01 | m1²=0.003304 | m2²=0.985874 | eps_w1=2.208086e+00 | eps_w2=5.334047e-02
[step    65050] t/d= 650.500 | task1=3.975474e-01 | task2=2.256555e-01 | F1=1.753881e-01 | m1²=0.003252 | m2²=0.985764 | eps_w1=2.209857e+00 | eps_w2=5.384123e-02
[step    65100] t/d= 651.000 | task1=3.974952e-01 | task2=2.256367e-01 | F1=1.753359e-01 | m1²=0.003253 | m2²=0.985796 | eps_w1=2.209351e+00 | eps_w2=5.369290e-02
[step    65150] t/d= 651.500 | task1=3.974213e-01 | task2=2.256483e-01 | F1=1.752620e-01 | m1²=0.003412 | m2²=0.985627 | eps_w1=2.209232e+00 | eps_w2=5.411522e-02
[step    65200] t/d= 652.000 | task1=3.977835e-01 | task2=2.256211e-01 | F1=1.756242e-01 | m1²=0.003449 | m2²=0.985580 | eps_w1=2.216446e+00 | eps_w2=5.533427e-02
[step    65250] t/d= 652.500 | task1=3.978178e-01 | task2=2.255809e-01 | F1=1.756585e-01 | m1²=0.003481 | m2²=0.985850 | eps_w1=2.217502e+00 | eps_w2=5.488812e-02
[step    65300] t/d= 653.000 | task1=3.979395e-01 | task2=2.256035e-01 | F1=1.757802e-01 | m1²=0.003464 | m2²=0.985818 | eps_w1=2.219497e+00 | eps_w2=5.526307e-02
[step    65350] t/d= 653.500 | task1=3.978236e-01 | task2=2.256291e-01 | F1=1.756643e-01 | m1²=0.003494 | m2²=0.985876 | eps_w1=2.217244e+00 | eps_w2=5.479129e-02
[step    65400] t/d= 654.000 | task1=3.978636e-01 | task2=2.256547e-01 | F1=1.757042e-01 | m1²=0.003433 | m2²=0.985638 | eps_w1=2.220179e+00 | eps_w2=5.577208e-02
[step    65450] t/d= 654.500 | task1=3.978667e-01 | task2=2.256744e-01 | F1=1.757074e-01 | m1²=0.003486 | m2²=0.985701 | eps_w1=2.219184e+00 | eps_w2=5.549251e-02
[step    65500] t/d= 655.000 | task1=3.977784e-01 | task2=2.256697e-01 | F1=1.756190e-01 | m1²=0.003435 | m2²=0.985675 | eps_w1=2.215569e+00 | eps_w2=5.497694e-02
[step    65550] t/d= 655.500 | task1=3.977453e-01 | task2=2.256530e-01 | F1=1.755860e-01 | m1²=0.003373 | m2²=0.985704 | eps_w1=2.214573e+00 | eps_w2=5.473549e-02
[step    65600] t/d= 656.000 | task1=3.979573e-01 | task2=2.255912e-01 | F1=1.757979e-01 | m1²=0.003233 | m2²=0.985763 | eps_w1=2.217800e+00 | eps_w2=5.504785e-02
[step    65650] t/d= 656.500 | task1=3.978260e-01 | task2=2.255539e-01 | F1=1.756667e-01 | m1²=0.003244 | m2²=0.985754 | eps_w1=2.215580e+00 | eps_w2=5.473196e-02
[step    65700] t/d= 657.000 | task1=3.977914e-01 | task2=2.255563e-01 | F1=1.756320e-01 | m1²=0.003231 | m2²=0.985837 | eps_w1=2.214880e+00 | eps_w2=5.443049e-02
[step    65750] t/d= 657.500 | task1=3.978314e-01 | task2=2.256135e-01 | F1=1.756721e-01 | m1²=0.003182 | m2²=0.985840 | eps_w1=2.215193e+00 | eps_w2=5.445449e-02
[step    65800] t/d= 658.000 | task1=3.977406e-01 | task2=2.256662e-01 | F1=1.755813e-01 | m1²=0.003219 | m2²=0.985647 | eps_w1=2.213849e+00 | eps_w2=5.470451e-02
[step    65850] t/d= 658.500 | task1=3.976906e-01 | task2=2.256035e-01 | F1=1.755313e-01 | m1²=0.003199 | m2²=0.985632 | eps_w1=2.212530e+00 | eps_w2=5.453122e-02
[step    65900] t/d= 659.000 | task1=3.975832e-01 | task2=2.255582e-01 | F1=1.754239e-01 | m1²=0.003212 | m2²=0.985613 | eps_w1=2.212302e+00 | eps_w2=5.454466e-02
[step    65950] t/d= 659.500 | task1=3.976557e-01 | task2=2.254969e-01 | F1=1.754964e-01 | m1²=0.003289 | m2²=0.985684 | eps_w1=2.212651e+00 | eps_w2=5.446057e-02
[step    66000] t/d= 660.000 | task1=3.976507e-01 | task2=2.255066e-01 | F1=1.754914e-01 | m1²=0.003375 | m2²=0.985496 | eps_w1=2.214058e+00 | eps_w2=5.513638e-02
[step    66050] t/d= 660.500 | task1=3.976140e-01 | task2=2.255605e-01 | F1=1.754546e-01 | m1²=0.003382 | m2²=0.985345 | eps_w1=2.214337e+00 | eps_w2=5.552808e-02
[step    66100] t/d= 661.000 | task1=3.972969e-01 | task2=2.255978e-01 | F1=1.751376e-01 | m1²=0.003402 | m2²=0.985179 | eps_w1=2.208710e+00 | eps_w2=5.505851e-02
[step    66150] t/d= 661.500 | task1=3.971943e-01 | task2=2.255596e-01 | F1=1.750349e-01 | m1²=0.003408 | m2²=0.985306 | eps_w1=2.206319e+00 | eps_w2=5.440879e-02
[step    66200] t/d= 662.000 | task1=3.972720e-01 | task2=2.255276e-01 | F1=1.751127e-01 | m1²=0.003435 | m2²=0.985475 | eps_w1=2.207035e+00 | eps_w2=5.413982e-02
[step    66250] t/d= 662.500 | task1=3.970739e-01 | task2=2.255360e-01 | F1=1.749146e-01 | m1²=0.003485 | m2²=0.985477 | eps_w1=2.204238e+00 | eps_w2=5.373081e-02
[step    66300] t/d= 663.000 | task1=3.972456e-01 | task2=2.255369e-01 | F1=1.750862e-01 | m1²=0.003411 | m2²=0.985546 | eps_w1=2.206771e+00 | eps_w2=5.392831e-02
[step    66350] t/d= 663.500 | task1=3.975081e-01 | task2=2.255538e-01 | F1=1.753487e-01 | m1²=0.003419 | m2²=0.985693 | eps_w1=2.210421e+00 | eps_w2=5.414496e-02
[step    66400] t/d= 664.000 | task1=3.975118e-01 | task2=2.255800e-01 | F1=1.753524e-01 | m1²=0.003505 | m2²=0.985596 | eps_w1=2.210888e+00 | eps_w2=5.446711e-02
[step    66450] t/d= 664.500 | task1=3.975048e-01 | task2=2.255901e-01 | F1=1.753455e-01 | m1²=0.003375 | m2²=0.985730 | eps_w1=2.211608e+00 | eps_w2=5.422552e-02
[step    66500] t/d= 665.000 | task1=3.974100e-01 | task2=2.255819e-01 | F1=1.752507e-01 | m1²=0.003497 | m2²=0.985439 | eps_w1=2.211646e+00 | eps_w2=5.493907e-02
[step    66550] t/d= 665.500 | task1=3.973748e-01 | task2=2.256232e-01 | F1=1.752154e-01 | m1²=0.003370 | m2²=0.985443 | eps_w1=2.209690e+00 | eps_w2=5.459030e-02
[step    66600] t/d= 666.000 | task1=3.971399e-01 | task2=2.256581e-01 | F1=1.749806e-01 | m1²=0.003429 | m2²=0.985270 | eps_w1=2.205750e+00 | eps_w2=5.441248e-02
[step    66650] t/d= 666.500 | task1=3.971609e-01 | task2=2.256467e-01 | F1=1.750015e-01 | m1²=0.003436 | m2²=0.985483 | eps_w1=2.205972e+00 | eps_w2=5.396027e-02
[step    66700] t/d= 667.000 | task1=3.969746e-01 | task2=2.257016e-01 | F1=1.748152e-01 | m1²=0.003444 | m2²=0.985306 | eps_w1=2.204006e+00 | eps_w2=5.407494e-02
[step    66750] t/d= 667.500 | task1=3.971215e-01 | task2=2.256251e-01 | F1=1.749622e-01 | m1²=0.003371 | m2²=0.985327 | eps_w1=2.205714e+00 | eps_w2=5.425704e-02
[step    66800] t/d= 668.000 | task1=3.969972e-01 | task2=2.255813e-01 | F1=1.748378e-01 | m1²=0.003300 | m2²=0.985495 | eps_w1=2.204321e+00 | eps_w2=5.364198e-02
[step    66850] t/d= 668.500 | task1=3.972223e-01 | task2=2.256165e-01 | F1=1.750629e-01 | m1²=0.003285 | m2²=0.985390 | eps_w1=2.208914e+00 | eps_w2=5.456700e-02
[step    66900] t/d= 669.000 | task1=3.973972e-01 | task2=2.255760e-01 | F1=1.752378e-01 | m1²=0.003235 | m2²=0.985617 | eps_w1=2.210733e+00 | eps_w2=5.430473e-02
[step    66950] t/d= 669.500 | task1=3.973507e-01 | task2=2.255545e-01 | F1=1.751913e-01 | m1²=0.003196 | m2²=0.985541 | eps_w1=2.210164e+00 | eps_w2=5.438037e-02
[step    67000] t/d= 670.000 | task1=3.973596e-01 | task2=2.255289e-01 | F1=1.752003e-01 | m1²=0.003277 | m2²=0.985552 | eps_w1=2.211085e+00 | eps_w2=5.452177e-02
[step    67050] t/d= 670.500 | task1=3.972761e-01 | task2=2.255392e-01 | F1=1.751168e-01 | m1²=0.003302 | m2²=0.985537 | eps_w1=2.207937e+00 | eps_w2=5.408767e-02
[step    67100] t/d= 671.000 | task1=3.970963e-01 | task2=2.254671e-01 | F1=1.749370e-01 | m1²=0.003356 | m2²=0.985641 | eps_w1=2.204218e+00 | eps_w2=5.331088e-02
[step    67150] t/d= 671.500 | task1=3.970905e-01 | task2=2.255082e-01 | F1=1.749312e-01 | m1²=0.003346 | m2²=0.985781 | eps_w1=2.204104e+00 | eps_w2=5.297071e-02
[step    67200] t/d= 672.000 | task1=3.971775e-01 | task2=2.254473e-01 | F1=1.750181e-01 | m1²=0.003319 | m2²=0.986099 | eps_w1=2.204425e+00 | eps_w2=5.228223e-02
[step    67250] t/d= 672.500 | task1=3.972508e-01 | task2=2.254196e-01 | F1=1.750915e-01 | m1²=0.003320 | m2²=0.986252 | eps_w1=2.205713e+00 | eps_w2=5.212548e-02
[step    67300] t/d= 673.000 | task1=3.975263e-01 | task2=2.254620e-01 | F1=1.753670e-01 | m1²=0.003365 | m2²=0.986641 | eps_w1=2.210715e+00 | eps_w2=5.199934e-02
[step    67350] t/d= 673.500 | task1=3.975370e-01 | task2=2.254333e-01 | F1=1.753777e-01 | m1²=0.003463 | m2²=0.986539 | eps_w1=2.211712e+00 | eps_w2=5.241619e-02
[step    67400] t/d= 674.000 | task1=3.976441e-01 | task2=2.254457e-01 | F1=1.754848e-01 | m1²=0.003458 | m2²=0.986644 | eps_w1=2.214998e+00 | eps_w2=5.267157e-02
[step    67450] t/d= 674.500 | task1=3.976619e-01 | task2=2.254974e-01 | F1=1.755026e-01 | m1²=0.003451 | m2²=0.986571 | eps_w1=2.215386e+00 | eps_w2=5.289600e-02
[step    67500] t/d= 675.000 | task1=3.975612e-01 | task2=2.254382e-01 | F1=1.754019e-01 | m1²=0.003351 | m2²=0.986740 | eps_w1=2.212135e+00 | eps_w2=5.198180e-02
[step    67550] t/d= 675.500 | task1=3.975407e-01 | task2=2.254201e-01 | F1=1.753814e-01 | m1²=0.003365 | m2²=0.986799 | eps_w1=2.212276e+00 | eps_w2=5.187146e-02
[step    67600] t/d= 676.000 | task1=3.974845e-01 | task2=2.254104e-01 | F1=1.753252e-01 | m1²=0.003373 | m2²=0.986927 | eps_w1=2.211158e+00 | eps_w2=5.141305e-02
[step    67650] t/d= 676.500 | task1=3.974456e-01 | task2=2.254263e-01 | F1=1.752863e-01 | m1²=0.003375 | m2²=0.987025 | eps_w1=2.210573e+00 | eps_w2=5.109967e-02
[step    67700] t/d= 677.000 | task1=3.976127e-01 | task2=2.254470e-01 | F1=1.754533e-01 | m1²=0.003552 | m2²=0.986920 | eps_w1=2.214239e+00 | eps_w2=5.195382e-02
[step    67750] t/d= 677.500 | task1=3.976089e-01 | task2=2.254732e-01 | F1=1.754495e-01 | m1²=0.003677 | m2²=0.986934 | eps_w1=2.214657e+00 | eps_w2=5.202763e-02
[step    67800] t/d= 678.000 | task1=3.977761e-01 | task2=2.254652e-01 | F1=1.756168e-01 | m1²=0.003688 | m2²=0.986872 | eps_w1=2.218086e+00 | eps_w2=5.269785e-02
[step    67850] t/d= 678.500 | task1=3.979555e-01 | task2=2.254886e-01 | F1=1.757962e-01 | m1²=0.003729 | m2²=0.986927 | eps_w1=2.221370e+00 | eps_w2=5.309132e-02
[step    67900] t/d= 679.000 | task1=3.981480e-01 | task2=2.255318e-01 | F1=1.759887e-01 | m1²=0.003685 | m2²=0.986783 | eps_w1=2.225898e+00 | eps_w2=5.411293e-02
[step    67950] t/d= 679.500 | task1=3.980890e-01 | task2=2.255058e-01 | F1=1.759297e-01 | m1²=0.003753 | m2²=0.986709 | eps_w1=2.223478e+00 | eps_w2=5.392803e-02
[step    68000] t/d= 680.000 | task1=3.979597e-01 | task2=2.255090e-01 | F1=1.758004e-01 | m1²=0.003729 | m2²=0.986773 | eps_w1=2.220238e+00 | eps_w2=5.327040e-02
[step    68050] t/d= 680.500 | task1=3.981548e-01 | task2=2.255072e-01 | F1=1.759955e-01 | m1²=0.003725 | m2²=0.986735 | eps_w1=2.222653e+00 | eps_w2=5.373087e-02
[step    68100] t/d= 681.000 | task1=3.983211e-01 | task2=2.255082e-01 | F1=1.761618e-01 | m1²=0.003678 | m2²=0.986834 | eps_w1=2.224698e+00 | eps_w2=5.380522e-02
[step    68150] t/d= 681.500 | task1=3.983699e-01 | task2=2.255344e-01 | F1=1.762106e-01 | m1²=0.003621 | m2²=0.986852 | eps_w1=2.225291e+00 | eps_w2=5.383523e-02
[step    68200] t/d= 682.000 | task1=3.983419e-01 | task2=2.255141e-01 | F1=1.761826e-01 | m1²=0.003575 | m2²=0.986718 | eps_w1=2.224380e+00 | eps_w2=5.398659e-02
[step    68250] t/d= 682.500 | task1=3.984199e-01 | task2=2.254895e-01 | F1=1.762606e-01 | m1²=0.003571 | m2²=0.986641 | eps_w1=2.224413e+00 | eps_w2=5.416803e-02
[step    68300] t/d= 683.000 | task1=3.984166e-01 | task2=2.255240e-01 | F1=1.762573e-01 | m1²=0.003616 | m2²=0.986963 | eps_w1=2.223197e+00 | eps_w2=5.325245e-02
[step    68350] t/d= 683.500 | task1=3.980653e-01 | task2=2.255557e-01 | F1=1.759060e-01 | m1²=0.003656 | m2²=0.986906 | eps_w1=2.215245e+00 | eps_w2=5.217436e-02
[step    68400] t/d= 684.000 | task1=3.979691e-01 | task2=2.255444e-01 | F1=1.758098e-01 | m1²=0.003625 | m2²=0.987136 | eps_w1=2.212507e+00 | eps_w2=5.122073e-02
[step    68450] t/d= 684.500 | task1=3.979606e-01 | task2=2.255436e-01 | F1=1.758012e-01 | m1²=0.003482 | m2²=0.987209 | eps_w1=2.210287e+00 | eps_w2=5.067081e-02
[step    68500] t/d= 685.000 | task1=3.979625e-01 | task2=2.255262e-01 | F1=1.758032e-01 | m1²=0.003517 | m2²=0.987045 | eps_w1=2.210372e+00 | eps_w2=5.107141e-02
[step    68550] t/d= 685.500 | task1=3.981442e-01 | task2=2.255286e-01 | F1=1.759849e-01 | m1²=0.003555 | m2²=0.986965 | eps_w1=2.213601e+00 | eps_w2=5.175453e-02
[step    68600] t/d= 686.000 | task1=3.979252e-01 | task2=2.254761e-01 | F1=1.757659e-01 | m1²=0.003502 | m2²=0.987026 | eps_w1=2.209650e+00 | eps_w2=5.100199e-02
[step    68650] t/d= 686.500 | task1=3.977518e-01 | task2=2.255053e-01 | F1=1.755924e-01 | m1²=0.003518 | m2²=0.987007 | eps_w1=2.206328e+00 | eps_w2=5.055502e-02
[step    68700] t/d= 687.000 | task1=3.975040e-01 | task2=2.255646e-01 | F1=1.753447e-01 | m1²=0.003526 | m2²=0.986758 | eps_w1=2.202744e+00 | eps_w2=5.059637e-02
[step    68750] t/d= 687.500 | task1=3.975261e-01 | task2=2.255557e-01 | F1=1.753668e-01 | m1²=0.003567 | m2²=0.986779 | eps_w1=2.203675e+00 | eps_w2=5.069769e-02
[step    68800] t/d= 688.000 | task1=3.974625e-01 | task2=2.255216e-01 | F1=1.753032e-01 | m1²=0.003537 | m2²=0.986981 | eps_w1=2.201809e+00 | eps_w2=4.995223e-02
[step    68850] t/d= 688.500 | task1=3.971965e-01 | task2=2.255334e-01 | F1=1.750372e-01 | m1²=0.003443 | m2²=0.986952 | eps_w1=2.197394e+00 | eps_w2=4.934223e-02
[step    68900] t/d= 689.000 | task1=3.973119e-01 | task2=2.255278e-01 | F1=1.751525e-01 | m1²=0.003548 | m2²=0.987044 | eps_w1=2.201088e+00 | eps_w2=4.970520e-02
[step    68950] t/d= 689.500 | task1=3.974714e-01 | task2=2.254955e-01 | F1=1.753121e-01 | m1²=0.003570 | m2²=0.986998 | eps_w1=2.202420e+00 | eps_w2=5.001402e-02
[step    69000] t/d= 690.000 | task1=3.974617e-01 | task2=2.254524e-01 | F1=1.753023e-01 | m1²=0.003487 | m2²=0.987182 | eps_w1=2.202446e+00 | eps_w2=4.956989e-02
[step    69050] t/d= 690.500 | task1=3.973811e-01 | task2=2.254829e-01 | F1=1.752217e-01 | m1²=0.003558 | m2²=0.987071 | eps_w1=2.201861e+00 | eps_w2=4.976071e-02
[step    69100] t/d= 691.000 | task1=3.975730e-01 | task2=2.254641e-01 | F1=1.754137e-01 | m1²=0.003526 | m2²=0.987101 | eps_w1=2.205101e+00 | eps_w2=5.016026e-02
[step    69150] t/d= 691.500 | task1=3.975329e-01 | task2=2.255074e-01 | F1=1.753735e-01 | m1²=0.003552 | m2²=0.987274 | eps_w1=2.203292e+00 | eps_w2=4.950392e-02
[step    69200] t/d= 692.000 | task1=3.976134e-01 | task2=2.254987e-01 | F1=1.754540e-01 | m1²=0.003489 | m2²=0.987330 | eps_w1=2.204956e+00 | eps_w2=4.960290e-02
[step    69250] t/d= 692.500 | task1=3.974688e-01 | task2=2.254984e-01 | F1=1.753095e-01 | m1²=0.003440 | m2²=0.987095 | eps_w1=2.202713e+00 | eps_w2=4.979191e-02
[step    69300] t/d= 693.000 | task1=3.972312e-01 | task2=2.255200e-01 | F1=1.750719e-01 | m1²=0.003413 | m2²=0.986988 | eps_w1=2.198446e+00 | eps_w2=4.940331e-02
[step    69350] t/d= 693.500 | task1=3.971561e-01 | task2=2.255277e-01 | F1=1.749968e-01 | m1²=0.003415 | m2²=0.987017 | eps_w1=2.198367e+00 | eps_w2=4.932779e-02
[step    69400] t/d= 694.000 | task1=3.972321e-01 | task2=2.255315e-01 | F1=1.750728e-01 | m1²=0.003400 | m2²=0.987135 | eps_w1=2.199774e+00 | eps_w2=4.925783e-02
[step    69450] t/d= 694.500 | task1=3.972458e-01 | task2=2.255786e-01 | F1=1.750864e-01 | m1²=0.003473 | m2²=0.987317 | eps_w1=2.199098e+00 | eps_w2=4.876734e-02
[step    69500] t/d= 695.000 | task1=3.974161e-01 | task2=2.255931e-01 | F1=1.752568e-01 | m1²=0.003505 | m2²=0.987302 | eps_w1=2.201139e+00 | eps_w2=4.910978e-02
[step    69550] t/d= 695.500 | task1=3.974978e-01 | task2=2.255462e-01 | F1=1.753385e-01 | m1²=0.003488 | m2²=0.987251 | eps_w1=2.202432e+00 | eps_w2=4.940985e-02
[step    69600] t/d= 696.000 | task1=3.975146e-01 | task2=2.255770e-01 | F1=1.753553e-01 | m1²=0.003549 | m2²=0.987035 | eps_w1=2.203523e+00 | eps_w2=5.008400e-02
[step    69650] t/d= 696.500 | task1=3.972951e-01 | task2=2.256048e-01 | F1=1.751357e-01 | m1²=0.003675 | m2²=0.986866 | eps_w1=2.200373e+00 | eps_w2=5.004795e-02
[step    69700] t/d= 697.000 | task1=3.973434e-01 | task2=2.256346e-01 | F1=1.751841e-01 | m1²=0.003704 | m2²=0.986684 | eps_w1=2.200462e+00 | eps_w2=5.048679e-02
[step    69750] t/d= 697.500 | task1=3.973735e-01 | task2=2.255838e-01 | F1=1.752141e-01 | m1²=0.003663 | m2²=0.986685 | eps_w1=2.201512e+00 | eps_w2=5.062568e-02
[step    69800] t/d= 698.000 | task1=3.974671e-01 | task2=2.255921e-01 | F1=1.753078e-01 | m1²=0.003726 | m2²=0.986690 | eps_w1=2.203083e+00 | eps_w2=5.086625e-02
[step    69850] t/d= 698.500 | task1=3.974820e-01 | task2=2.255921e-01 | F1=1.753227e-01 | m1²=0.003874 | m2²=0.986618 | eps_w1=2.204217e+00 | eps_w2=5.124669e-02
[step    69900] t/d= 699.000 | task1=3.974928e-01 | task2=2.255812e-01 | F1=1.753335e-01 | m1²=0.003971 | m2²=0.986637 | eps_w1=2.203758e+00 | eps_w2=5.116599e-02
[step    69950] t/d= 699.500 | task1=3.972613e-01 | task2=2.255884e-01 | F1=1.751019e-01 | m1²=0.003928 | m2²=0.986702 | eps_w1=2.200675e+00 | eps_w2=5.054789e-02
[step    70000] t/d= 700.000 | task1=3.972693e-01 | task2=2.256283e-01 | F1=1.751100e-01 | m1²=0.003932 | m2²=0.986846 | eps_w1=2.200731e+00 | eps_w2=5.022936e-02
[step    70050] t/d= 700.500 | task1=3.972958e-01 | task2=2.255873e-01 | F1=1.751364e-01 | m1²=0.003946 | m2²=0.986932 | eps_w1=2.202290e+00 | eps_w2=5.026783e-02
[step    70100] t/d= 701.000 | task1=3.972058e-01 | task2=2.255908e-01 | F1=1.750465e-01 | m1²=0.003982 | m2²=0.986719 | eps_w1=2.201086e+00 | eps_w2=5.058843e-02
[step    70150] t/d= 701.500 | task1=3.970688e-01 | task2=2.255665e-01 | F1=1.749095e-01 | m1²=0.004039 | m2²=0.986833 | eps_w1=2.198554e+00 | eps_w2=4.997324e-02
[step    70200] t/d= 702.000 | task1=3.969044e-01 | task2=2.255527e-01 | F1=1.747451e-01 | m1²=0.004018 | m2²=0.986855 | eps_w1=2.195648e+00 | eps_w2=4.949341e-02
[step    70250] t/d= 702.500 | task1=3.967791e-01 | task2=2.255612e-01 | F1=1.746198e-01 | m1²=0.003982 | m2²=0.986860 | eps_w1=2.193426e+00 | eps_w2=4.914820e-02
[step    70300] t/d= 703.000 | task1=3.966912e-01 | task2=2.255797e-01 | F1=1.745319e-01 | m1²=0.004113 | m2²=0.986534 | eps_w1=2.193256e+00 | eps_w2=4.990920e-02
[step    70350] t/d= 703.500 | task1=3.964647e-01 | task2=2.255605e-01 | F1=1.743054e-01 | m1²=0.004110 | m2²=0.986606 | eps_w1=2.188910e+00 | eps_w2=4.911851e-02
[step    70400] t/d= 704.000 | task1=3.964030e-01 | task2=2.255472e-01 | F1=1.742437e-01 | m1²=0.004058 | m2²=0.986651 | eps_w1=2.189069e+00 | eps_w2=4.902335e-02
[step    70450] t/d= 704.500 | task1=3.963832e-01 | task2=2.255125e-01 | F1=1.742239e-01 | m1²=0.004153 | m2²=0.986666 | eps_w1=2.189583e+00 | eps_w2=4.909105e-02
[step    70500] t/d= 705.000 | task1=3.965137e-01 | task2=2.255249e-01 | F1=1.743544e-01 | m1²=0.004036 | m2²=0.986564 | eps_w1=2.191874e+00 | eps_w2=4.961514e-02
[step    70550] t/d= 705.500 | task1=3.964142e-01 | task2=2.255015e-01 | F1=1.742549e-01 | m1²=0.003976 | m2²=0.986498 | eps_w1=2.190988e+00 | eps_w2=4.962058e-02
[step    70600] t/d= 706.000 | task1=3.964602e-01 | task2=2.254994e-01 | F1=1.743009e-01 | m1²=0.003984 | m2²=0.986407 | eps_w1=2.192342e+00 | eps_w2=5.002459e-02
[step    70650] t/d= 706.500 | task1=3.964493e-01 | task2=2.255228e-01 | F1=1.742900e-01 | m1²=0.004070 | m2²=0.986331 | eps_w1=2.193199e+00 | eps_w2=5.034946e-02
[step    70700] t/d= 707.000 | task1=3.963914e-01 | task2=2.255700e-01 | F1=1.742320e-01 | m1²=0.004116 | m2²=0.986376 | eps_w1=2.192307e+00 | eps_w2=5.013273e-02
[step    70750] t/d= 707.500 | task1=3.963311e-01 | task2=2.255631e-01 | F1=1.741718e-01 | m1²=0.004067 | m2²=0.986348 | eps_w1=2.190983e+00 | eps_w2=4.999023e-02
[step    70800] t/d= 708.000 | task1=3.962978e-01 | task2=2.255622e-01 | F1=1.741384e-01 | m1²=0.004006 | m2²=0.986366 | eps_w1=2.190276e+00 | eps_w2=4.982655e-02
[step    70850] t/d= 708.500 | task1=3.962391e-01 | task2=2.256055e-01 | F1=1.740797e-01 | m1²=0.003988 | m2²=0.986477 | eps_w1=2.188913e+00 | eps_w2=4.937433e-02
[step    70900] t/d= 709.000 | task1=3.964025e-01 | task2=2.256082e-01 | F1=1.742432e-01 | m1²=0.003910 | m2²=0.986601 | eps_w1=2.192394e+00 | eps_w2=4.956632e-02
[step    70950] t/d= 709.500 | task1=3.968080e-01 | task2=2.256214e-01 | F1=1.746487e-01 | m1²=0.003784 | m2²=0.986717 | eps_w1=2.200040e+00 | eps_w2=5.037496e-02
[step    71000] t/d= 710.000 | task1=3.969805e-01 | task2=2.256249e-01 | F1=1.748212e-01 | m1²=0.003700 | m2²=0.986911 | eps_w1=2.202046e+00 | eps_w2=5.020021e-02
[step    71050] t/d= 710.500 | task1=3.972572e-01 | task2=2.256401e-01 | F1=1.750979e-01 | m1²=0.003655 | m2²=0.986820 | eps_w1=2.207657e+00 | eps_w2=5.122526e-02
[step    71100] t/d= 711.000 | task1=3.972752e-01 | task2=2.256532e-01 | F1=1.751158e-01 | m1²=0.003720 | m2²=0.986880 | eps_w1=2.208399e+00 | eps_w2=5.122027e-02
[step    71150] t/d= 711.500 | task1=3.975647e-01 | task2=2.256673e-01 | F1=1.754054e-01 | m1²=0.003616 | m2²=0.986966 | eps_w1=2.214258e+00 | eps_w2=5.187202e-02
[step    71200] t/d= 712.000 | task1=3.973802e-01 | task2=2.256982e-01 | F1=1.752209e-01 | m1²=0.003579 | m2²=0.986974 | eps_w1=2.209894e+00 | eps_w2=5.118301e-02
[step    71250] t/d= 712.500 | task1=3.973036e-01 | task2=2.257379e-01 | F1=1.751443e-01 | m1²=0.003612 | m2²=0.986980 | eps_w1=2.208666e+00 | eps_w2=5.099531e-02
[step    71300] t/d= 713.000 | task1=3.973441e-01 | task2=2.257689e-01 | F1=1.751848e-01 | m1²=0.003701 | m2²=0.987021 | eps_w1=2.211316e+00 | eps_w2=5.132900e-02
[step    71350] t/d= 713.500 | task1=3.972942e-01 | task2=2.257783e-01 | F1=1.751348e-01 | m1²=0.003617 | m2²=0.987093 | eps_w1=2.208953e+00 | eps_w2=5.078059e-02
[step    71400] t/d= 714.000 | task1=3.970983e-01 | task2=2.258065e-01 | F1=1.749390e-01 | m1²=0.003589 | m2²=0.986858 | eps_w1=2.205795e+00 | eps_w2=5.084001e-02
[step    71450] t/d= 714.500 | task1=3.970071e-01 | task2=2.258013e-01 | F1=1.748477e-01 | m1²=0.003576 | m2²=0.986887 | eps_w1=2.204387e+00 | eps_w2=5.055853e-02
[step    71500] t/d= 715.000 | task1=3.971751e-01 | task2=2.258061e-01 | F1=1.750157e-01 | m1²=0.003471 | m2²=0.986816 | eps_w1=2.207476e+00 | eps_w2=5.114597e-02
[step    71550] t/d= 715.500 | task1=3.971623e-01 | task2=2.257788e-01 | F1=1.750030e-01 | m1²=0.003455 | m2²=0.986749 | eps_w1=2.206425e+00 | eps_w2=5.113729e-02
[step    71600] t/d= 716.000 | task1=3.970751e-01 | task2=2.257550e-01 | F1=1.749157e-01 | m1²=0.003523 | m2²=0.986672 | eps_w1=2.204245e+00 | eps_w2=5.101287e-02
[step    71650] t/d= 716.500 | task1=3.972399e-01 | task2=2.257493e-01 | F1=1.750806e-01 | m1²=0.003588 | m2²=0.986542 | eps_w1=2.207657e+00 | eps_w2=5.183942e-02
[step    71700] t/d= 717.000 | task1=3.973132e-01 | task2=2.257811e-01 | F1=1.751538e-01 | m1²=0.003554 | m2²=0.986749 | eps_w1=2.207676e+00 | eps_w2=5.135804e-02
[step    71750] t/d= 717.500 | task1=3.971322e-01 | task2=2.257738e-01 | F1=1.749729e-01 | m1²=0.003739 | m2²=0.986549 | eps_w1=2.206197e+00 | eps_w2=5.165539e-02
[step    71800] t/d= 718.000 | task1=3.971338e-01 | task2=2.257819e-01 | F1=1.749744e-01 | m1²=0.003749 | m2²=0.986428 | eps_w1=2.206131e+00 | eps_w2=5.192470e-02
[step    71850] t/d= 718.500 | task1=3.970537e-01 | task2=2.258198e-01 | F1=1.748944e-01 | m1²=0.003709 | m2²=0.986327 | eps_w1=2.204625e+00 | eps_w2=5.191960e-02
[step    71900] t/d= 719.000 | task1=3.971384e-01 | task2=2.258441e-01 | F1=1.749790e-01 | m1²=0.003648 | m2²=0.986231 | eps_w1=2.207086e+00 | eps_w2=5.248556e-02
[step    71950] t/d= 719.500 | task1=3.970188e-01 | task2=2.258423e-01 | F1=1.748595e-01 | m1²=0.003604 | m2²=0.986276 | eps_w1=2.203905e+00 | eps_w2=5.189480e-02
[step    72000] t/d= 720.000 | task1=3.971419e-01 | task2=2.258837e-01 | F1=1.749826e-01 | m1²=0.003575 | m2²=0.986183 | eps_w1=2.205125e+00 | eps_w2=5.227916e-02
[step    72050] t/d= 720.500 | task1=3.974103e-01 | task2=2.258581e-01 | F1=1.752510e-01 | m1²=0.003435 | m2²=0.986523 | eps_w1=2.208888e+00 | eps_w2=5.201747e-02
[step    72100] t/d= 721.000 | task1=3.972868e-01 | task2=2.258553e-01 | F1=1.751274e-01 | m1²=0.003595 | m2²=0.986505 | eps_w1=2.205843e+00 | eps_w2=5.165660e-02
[step    72150] t/d= 721.500 | task1=3.970188e-01 | task2=2.258540e-01 | F1=1.748595e-01 | m1²=0.003617 | m2²=0.986450 | eps_w1=2.202473e+00 | eps_w2=5.128906e-02
[step    72200] t/d= 722.000 | task1=3.968591e-01 | task2=2.258275e-01 | F1=1.746998e-01 | m1²=0.003709 | m2²=0.986371 | eps_w1=2.199324e+00 | eps_w2=5.103522e-02
[step    72250] t/d= 722.500 | task1=3.969628e-01 | task2=2.258429e-01 | F1=1.748035e-01 | m1²=0.003653 | m2²=0.986330 | eps_w1=2.202836e+00 | eps_w2=5.162738e-02
[step    72300] t/d= 723.000 | task1=3.968904e-01 | task2=2.258180e-01 | F1=1.747310e-01 | m1²=0.003659 | m2²=0.986555 | eps_w1=2.201614e+00 | eps_w2=5.093440e-02
[step    72350] t/d= 723.500 | task1=3.969659e-01 | task2=2.257667e-01 | F1=1.748066e-01 | m1²=0.003722 | m2²=0.986666 | eps_w1=2.201718e+00 | eps_w2=5.071698e-02
[step    72400] t/d= 724.000 | task1=3.970401e-01 | task2=2.257767e-01 | F1=1.748808e-01 | m1²=0.003677 | m2²=0.986736 | eps_w1=2.202859e+00 | eps_w2=5.071126e-02
[step    72450] t/d= 724.500 | task1=3.969807e-01 | task2=2.257915e-01 | F1=1.748213e-01 | m1²=0.003634 | m2²=0.986807 | eps_w1=2.201368e+00 | eps_w2=5.031657e-02
[step    72500] t/d= 725.000 | task1=3.968560e-01 | task2=2.257785e-01 | F1=1.746966e-01 | m1²=0.003692 | m2²=0.986891 | eps_w1=2.199104e+00 | eps_w2=4.981023e-02
[step    72550] t/d= 725.500 | task1=3.967260e-01 | task2=2.257719e-01 | F1=1.745666e-01 | m1²=0.003739 | m2²=0.986907 | eps_w1=2.196848e+00 | eps_w2=4.946076e-02
[step    72600] t/d= 726.000 | task1=3.968205e-01 | task2=2.257626e-01 | F1=1.746612e-01 | m1²=0.003683 | m2²=0.987245 | eps_w1=2.198218e+00 | eps_w2=4.887017e-02
[step    72650] t/d= 726.500 | task1=3.965724e-01 | task2=2.257662e-01 | F1=1.744131e-01 | m1²=0.003598 | m2²=0.987190 | eps_w1=2.192867e+00 | eps_w2=4.819553e-02
[step    72700] t/d= 727.000 | task1=3.967459e-01 | task2=2.257408e-01 | F1=1.745866e-01 | m1²=0.003659 | m2²=0.987209 | eps_w1=2.197190e+00 | eps_w2=4.879479e-02
[step    72750] t/d= 727.500 | task1=3.969140e-01 | task2=2.257355e-01 | F1=1.747547e-01 | m1²=0.003572 | m2²=0.987361 | eps_w1=2.199669e+00 | eps_w2=4.878099e-02
[step    72800] t/d= 728.000 | task1=3.971348e-01 | task2=2.257694e-01 | F1=1.749754e-01 | m1²=0.003709 | m2²=0.987282 | eps_w1=2.203688e+00 | eps_w2=4.959650e-02
[step    72850] t/d= 728.500 | task1=3.972980e-01 | task2=2.258092e-01 | F1=1.751387e-01 | m1²=0.003728 | m2²=0.987101 | eps_w1=2.207378e+00 | eps_w2=5.056399e-02
[step    72900] t/d= 729.000 | task1=3.973800e-01 | task2=2.257294e-01 | F1=1.752207e-01 | m1²=0.003652 | m2²=0.987066 | eps_w1=2.208017e+00 | eps_w2=5.071578e-02
[step    72950] t/d= 729.500 | task1=3.975041e-01 | task2=2.257251e-01 | F1=1.753448e-01 | m1²=0.003636 | m2²=0.987360 | eps_w1=2.210123e+00 | eps_w2=5.035072e-02
[step    73000] t/d= 730.000 | task1=3.975203e-01 | task2=2.256774e-01 | F1=1.753610e-01 | m1²=0.003578 | m2²=0.987270 | eps_w1=2.210110e+00 | eps_w2=5.053670e-02
[step    73050] t/d= 730.500 | task1=3.973381e-01 | task2=2.256750e-01 | F1=1.751788e-01 | m1²=0.003565 | m2²=0.987418 | eps_w1=2.207047e+00 | eps_w2=4.973679e-02
[step    73100] t/d= 731.000 | task1=3.972539e-01 | task2=2.256789e-01 | F1=1.750945e-01 | m1²=0.003644 | m2²=0.987378 | eps_w1=2.205587e+00 | eps_w2=4.963564e-02
[step    73150] t/d= 731.500 | task1=3.974671e-01 | task2=2.256607e-01 | F1=1.753078e-01 | m1²=0.003693 | m2²=0.987359 | eps_w1=2.210331e+00 | eps_w2=5.040263e-02
[step    73200] t/d= 732.000 | task1=3.974039e-01 | task2=2.256454e-01 | F1=1.752446e-01 | m1²=0.003745 | m2²=0.987237 | eps_w1=2.208574e+00 | eps_w2=5.043656e-02
[step    73250] t/d= 732.500 | task1=3.974528e-01 | task2=2.256033e-01 | F1=1.752935e-01 | m1²=0.003686 | m2²=0.987452 | eps_w1=2.208257e+00 | eps_w2=4.987689e-02
[step    73300] t/d= 733.000 | task1=3.975049e-01 | task2=2.255932e-01 | F1=1.753455e-01 | m1²=0.003658 | m2²=0.987451 | eps_w1=2.208138e+00 | eps_w2=4.985270e-02
[step    73350] t/d= 733.500 | task1=3.975584e-01 | task2=2.255558e-01 | F1=1.753991e-01 | m1²=0.003614 | m2²=0.987312 | eps_w1=2.208292e+00 | eps_w2=5.018032e-02
[step    73400] t/d= 734.000 | task1=3.978252e-01 | task2=2.254941e-01 | F1=1.756659e-01 | m1²=0.003553 | m2²=0.987397 | eps_w1=2.212923e+00 | eps_w2=5.065897e-02
[step    73450] t/d= 734.500 | task1=3.977991e-01 | task2=2.255039e-01 | F1=1.756398e-01 | m1²=0.003601 | m2²=0.987404 | eps_w1=2.213418e+00 | eps_w2=5.073572e-02
[step    73500] t/d= 735.000 | task1=3.977606e-01 | task2=2.255059e-01 | F1=1.756013e-01 | m1²=0.003622 | m2²=0.987420 | eps_w1=2.211838e+00 | eps_w2=5.046711e-02
[step    73550] t/d= 735.500 | task1=3.978404e-01 | task2=2.255594e-01 | F1=1.756811e-01 | m1²=0.003583 | m2²=0.987403 | eps_w1=2.212717e+00 | eps_w2=5.062395e-02
[step    73600] t/d= 736.000 | task1=3.975772e-01 | task2=2.256107e-01 | F1=1.754179e-01 | m1²=0.003594 | m2²=0.987464 | eps_w1=2.207584e+00 | eps_w2=4.971892e-02
[step    73650] t/d= 736.500 | task1=3.974873e-01 | task2=2.256371e-01 | F1=1.753280e-01 | m1²=0.003629 | m2²=0.987623 | eps_w1=2.207589e+00 | eps_w2=4.936843e-02
[step    73700] t/d= 737.000 | task1=3.974719e-01 | task2=2.256108e-01 | F1=1.753126e-01 | m1²=0.003600 | m2²=0.987490 | eps_w1=2.206915e+00 | eps_w2=4.956178e-02
[step    73750] t/d= 737.500 | task1=3.974078e-01 | task2=2.255963e-01 | F1=1.752485e-01 | m1²=0.003728 | m2²=0.987348 | eps_w1=2.207154e+00 | eps_w2=4.996420e-02
[step    73800] t/d= 738.000 | task1=3.973362e-01 | task2=2.255916e-01 | F1=1.751769e-01 | m1²=0.003691 | m2²=0.987246 | eps_w1=2.204612e+00 | eps_w2=4.980957e-02
[step    73850] t/d= 738.500 | task1=3.973283e-01 | task2=2.255648e-01 | F1=1.751690e-01 | m1²=0.003816 | m2²=0.987198 | eps_w1=2.205094e+00 | eps_w2=5.003202e-02
[step    73900] t/d= 739.000 | task1=3.971682e-01 | task2=2.255894e-01 | F1=1.750089e-01 | m1²=0.003721 | m2²=0.987063 | eps_w1=2.201009e+00 | eps_w2=4.970637e-02
[step    73950] t/d= 739.500 | task1=3.973104e-01 | task2=2.255930e-01 | F1=1.751510e-01 | m1²=0.003627 | m2²=0.987141 | eps_w1=2.203009e+00 | eps_w2=4.979050e-02
[step    74000] t/d= 740.000 | task1=3.973870e-01 | task2=2.255702e-01 | F1=1.752276e-01 | m1²=0.003643 | m2²=0.986974 | eps_w1=2.205237e+00 | eps_w2=5.050896e-02
[step    74050] t/d= 740.500 | task1=3.972725e-01 | task2=2.255835e-01 | F1=1.751132e-01 | m1²=0.003701 | m2²=0.986941 | eps_w1=2.203054e+00 | eps_w2=5.027890e-02
[step    74100] t/d= 741.000 | task1=3.971793e-01 | task2=2.255687e-01 | F1=1.750199e-01 | m1²=0.003561 | m2²=0.986869 | eps_w1=2.200917e+00 | eps_w2=5.008322e-02
[step    74150] t/d= 741.500 | task1=3.972451e-01 | task2=2.255661e-01 | F1=1.750858e-01 | m1²=0.003635 | m2²=0.986687 | eps_w1=2.200857e+00 | eps_w2=5.051550e-02
[step    74200] t/d= 742.000 | task1=3.970582e-01 | task2=2.255549e-01 | F1=1.748989e-01 | m1²=0.003573 | m2²=0.986511 | eps_w1=2.197320e+00 | eps_w2=5.037853e-02
[step    74250] t/d= 742.500 | task1=3.970232e-01 | task2=2.255901e-01 | F1=1.748639e-01 | m1²=0.003560 | m2²=0.986460 | eps_w1=2.196036e+00 | eps_w2=5.030329e-02
[step    74300] t/d= 743.000 | task1=3.969089e-01 | task2=2.255514e-01 | F1=1.747496e-01 | m1²=0.003500 | m2²=0.986442 | eps_w1=2.193999e+00 | eps_w2=5.003104e-02
[step    74350] t/d= 743.500 | task1=3.971597e-01 | task2=2.255574e-01 | F1=1.750004e-01 | m1²=0.003508 | m2²=0.986669 | eps_w1=2.198627e+00 | eps_w2=5.018694e-02
[step    74400] t/d= 744.000 | task1=3.973656e-01 | task2=2.255233e-01 | F1=1.752063e-01 | m1²=0.003446 | m2²=0.986750 | eps_w1=2.201629e+00 | eps_w2=5.042349e-02
[step    74450] t/d= 744.500 | task1=3.972992e-01 | task2=2.255154e-01 | F1=1.751399e-01 | m1²=0.003430 | m2²=0.986845 | eps_w1=2.199122e+00 | eps_w2=4.983337e-02
[step    74500] t/d= 745.000 | task1=3.972224e-01 | task2=2.254784e-01 | F1=1.750631e-01 | m1²=0.003473 | m2²=0.987100 | eps_w1=2.198194e+00 | eps_w2=4.913006e-02
[step    74550] t/d= 745.500 | task1=3.971908e-01 | task2=2.254672e-01 | F1=1.750314e-01 | m1²=0.003489 | m2²=0.987088 | eps_w1=2.196511e+00 | eps_w2=4.891808e-02
[step    74600] t/d= 746.000 | task1=3.972876e-01 | task2=2.254503e-01 | F1=1.751283e-01 | m1²=0.003401 | m2²=0.987205 | eps_w1=2.197424e+00 | eps_w2=4.875676e-02
[step    74650] t/d= 746.500 | task1=3.973299e-01 | task2=2.254282e-01 | F1=1.751706e-01 | m1²=0.003453 | m2²=0.987183 | eps_w1=2.198240e+00 | eps_w2=4.894256e-02
[step    74700] t/d= 747.000 | task1=3.973961e-01 | task2=2.254479e-01 | F1=1.752367e-01 | m1²=0.003584 | m2²=0.987235 | eps_w1=2.198679e+00 | eps_w2=4.892789e-02
[step    74750] t/d= 747.500 | task1=3.971867e-01 | task2=2.254691e-01 | F1=1.750274e-01 | m1²=0.003558 | m2²=0.987139 | eps_w1=2.195794e+00 | eps_w2=4.872137e-02
[step    74800] t/d= 748.000 | task1=3.970742e-01 | task2=2.254483e-01 | F1=1.749149e-01 | m1²=0.003458 | m2²=0.987068 | eps_w1=2.193513e+00 | eps_w2=4.852333e-02
[step    74850] t/d= 748.500 | task1=3.972205e-01 | task2=2.254583e-01 | F1=1.750612e-01 | m1²=0.003540 | m2²=0.987018 | eps_w1=2.196670e+00 | eps_w2=4.911709e-02
[step    74900] t/d= 749.000 | task1=3.974003e-01 | task2=2.254828e-01 | F1=1.752410e-01 | m1²=0.003455 | m2²=0.987086 | eps_w1=2.199094e+00 | eps_w2=4.928866e-02
[step    74950] t/d= 749.500 | task1=3.973905e-01 | task2=2.255247e-01 | F1=1.752312e-01 | m1²=0.003469 | m2²=0.986856 | eps_w1=2.199566e+00 | eps_w2=4.988701e-02
[step    75000] t/d= 750.000 | task1=3.971202e-01 | task2=2.255719e-01 | F1=1.749608e-01 | m1²=0.003361 | m2²=0.987025 | eps_w1=2.194711e+00 | eps_w2=4.876258e-02
[step    75050] t/d= 750.500 | task1=3.971718e-01 | task2=2.255059e-01 | F1=1.750125e-01 | m1²=0.003461 | m2²=0.987234 | eps_w1=2.195847e+00 | eps_w2=4.848136e-02
[step    75100] t/d= 751.000 | task1=3.971313e-01 | task2=2.254468e-01 | F1=1.749720e-01 | m1²=0.003405 | m2²=0.987573 | eps_w1=2.194258e+00 | eps_w2=4.746204e-02
[step    75150] t/d= 751.500 | task1=3.971384e-01 | task2=2.254482e-01 | F1=1.749791e-01 | m1²=0.003384 | m2²=0.987525 | eps_w1=2.193568e+00 | eps_w2=4.746764e-02
[step    75200] t/d= 752.000 | task1=3.969237e-01 | task2=2.254470e-01 | F1=1.747644e-01 | m1²=0.003272 | m2²=0.987197 | eps_w1=2.190488e+00 | eps_w2=4.773951e-02
[step    75250] t/d= 752.500 | task1=3.968563e-01 | task2=2.255012e-01 | F1=1.746969e-01 | m1²=0.003218 | m2²=0.987177 | eps_w1=2.189748e+00 | eps_w2=4.766300e-02
[step    75300] t/d= 753.000 | task1=3.969024e-01 | task2=2.254885e-01 | F1=1.747431e-01 | m1²=0.003313 | m2²=0.987197 | eps_w1=2.190881e+00 | eps_w2=4.780740e-02
[step    75350] t/d= 753.500 | task1=3.968877e-01 | task2=2.255019e-01 | F1=1.747283e-01 | m1²=0.003304 | m2²=0.987141 | eps_w1=2.192066e+00 | eps_w2=4.810176e-02
[step    75400] t/d= 754.000 | task1=3.971690e-01 | task2=2.255720e-01 | F1=1.750097e-01 | m1²=0.003262 | m2²=0.987186 | eps_w1=2.197115e+00 | eps_w2=4.871037e-02
[step    75450] t/d= 754.500 | task1=3.971681e-01 | task2=2.256006e-01 | F1=1.750087e-01 | m1²=0.003289 | m2²=0.987246 | eps_w1=2.196116e+00 | eps_w2=4.843856e-02
[step    75500] t/d= 755.000 | task1=3.970962e-01 | task2=2.256377e-01 | F1=1.749368e-01 | m1²=0.003206 | m2²=0.987612 | eps_w1=2.193992e+00 | eps_w2=4.727377e-02
[step    75550] t/d= 755.500 | task1=3.971540e-01 | task2=2.256424e-01 | F1=1.749946e-01 | m1²=0.003225 | m2²=0.987455 | eps_w1=2.195835e+00 | eps_w2=4.790139e-02
[step    75600] t/d= 756.000 | task1=3.971545e-01 | task2=2.256043e-01 | F1=1.749952e-01 | m1²=0.003172 | m2²=0.987539 | eps_w1=2.196027e+00 | eps_w2=4.772154e-02
[step    75650] t/d= 756.500 | task1=3.969751e-01 | task2=2.255730e-01 | F1=1.748158e-01 | m1²=0.003188 | m2²=0.987485 | eps_w1=2.191934e+00 | eps_w2=4.726433e-02
[step    75700] t/d= 757.000 | task1=3.969366e-01 | task2=2.255369e-01 | F1=1.747772e-01 | m1²=0.003220 | m2²=0.987382 | eps_w1=2.190717e+00 | eps_w2=4.733367e-02
[step    75750] t/d= 757.500 | task1=3.968735e-01 | task2=2.254741e-01 | F1=1.747142e-01 | m1²=0.003125 | m2²=0.987554 | eps_w1=2.188369e+00 | eps_w2=4.658312e-02
[step    75800] t/d= 758.000 | task1=3.971104e-01 | task2=2.254882e-01 | F1=1.749510e-01 | m1²=0.003082 | m2²=0.987558 | eps_w1=2.191887e+00 | eps_w2=4.705851e-02
[step    75850] t/d= 758.500 | task1=3.970923e-01 | task2=2.254421e-01 | F1=1.749330e-01 | m1²=0.003095 | m2²=0.987402 | eps_w1=2.190969e+00 | eps_w2=4.728644e-02
[step    75900] t/d= 759.000 | task1=3.973918e-01 | task2=2.254016e-01 | F1=1.752324e-01 | m1²=0.003208 | m2²=0.987420 | eps_w1=2.197963e+00 | eps_w2=4.828236e-02
[step    75950] t/d= 759.500 | task1=3.975182e-01 | task2=2.253638e-01 | F1=1.753589e-01 | m1²=0.003327 | m2²=0.987247 | eps_w1=2.199764e+00 | eps_w2=4.897828e-02
[step    76000] t/d= 760.000 | task1=3.974458e-01 | task2=2.253689e-01 | F1=1.752865e-01 | m1²=0.003321 | m2²=0.987265 | eps_w1=2.198386e+00 | eps_w2=4.873355e-02
[step    76050] t/d= 760.500 | task1=3.971727e-01 | task2=2.253244e-01 | F1=1.750134e-01 | m1²=0.003321 | m2²=0.987186 | eps_w1=2.192985e+00 | eps_w2=4.813507e-02
[step    76100] t/d= 761.000 | task1=3.969432e-01 | task2=2.253131e-01 | F1=1.747838e-01 | m1²=0.003380 | m2²=0.987109 | eps_w1=2.189641e+00 | eps_w2=4.785217e-02
[step    76150] t/d= 761.500 | task1=3.970761e-01 | task2=2.253211e-01 | F1=1.749167e-01 | m1²=0.003309 | m2²=0.987166 | eps_w1=2.192251e+00 | eps_w2=4.807138e-02
[step    76200] t/d= 762.000 | task1=3.970236e-01 | task2=2.253334e-01 | F1=1.748643e-01 | m1²=0.003351 | m2²=0.987125 | eps_w1=2.191301e+00 | eps_w2=4.804278e-02
[step    76250] t/d= 762.500 | task1=3.970027e-01 | task2=2.253331e-01 | F1=1.748434e-01 | m1²=0.003306 | m2²=0.987331 | eps_w1=2.190725e+00 | eps_w2=4.747805e-02
[step    76300] t/d= 763.000 | task1=3.968595e-01 | task2=2.253787e-01 | F1=1.747002e-01 | m1²=0.003297 | m2²=0.987253 | eps_w1=2.189384e+00 | eps_w2=4.746185e-02
[step    76350] t/d= 763.500 | task1=3.970747e-01 | task2=2.253674e-01 | F1=1.749153e-01 | m1²=0.003322 | m2²=0.987181 | eps_w1=2.193046e+00 | eps_w2=4.815432e-02
[step    76400] t/d= 764.000 | task1=3.971237e-01 | task2=2.253431e-01 | F1=1.749644e-01 | m1²=0.003341 | m2²=0.987041 | eps_w1=2.194346e+00 | eps_w2=4.866654e-02
[step    76450] t/d= 764.500 | task1=3.970245e-01 | task2=2.253568e-01 | F1=1.748652e-01 | m1²=0.003299 | m2²=0.986854 | eps_w1=2.193569e+00 | eps_w2=4.896776e-02
[step    76500] t/d= 765.000 | task1=3.969726e-01 | task2=2.254145e-01 | F1=1.748132e-01 | m1²=0.003212 | m2²=0.986836 | eps_w1=2.192402e+00 | eps_w2=4.881483e-02
[step    76550] t/d= 765.500 | task1=3.968787e-01 | task2=2.253959e-01 | F1=1.747194e-01 | m1²=0.003258 | m2²=0.986888 | eps_w1=2.191205e+00 | eps_w2=4.853863e-02
[step    76600] t/d= 766.000 | task1=3.969818e-01 | task2=2.254734e-01 | F1=1.748225e-01 | m1²=0.003192 | m2²=0.986881 | eps_w1=2.193927e+00 | eps_w2=4.892318e-02
[step    76650] t/d= 766.500 | task1=3.968029e-01 | task2=2.255239e-01 | F1=1.746436e-01 | m1²=0.003242 | m2²=0.986754 | eps_w1=2.189745e+00 | eps_w2=4.863026e-02
[step    76700] t/d= 767.000 | task1=3.967638e-01 | task2=2.254904e-01 | F1=1.746045e-01 | m1²=0.003349 | m2²=0.986823 | eps_w1=2.190326e+00 | eps_w2=4.859074e-02
[step    76750] t/d= 767.500 | task1=3.967304e-01 | task2=2.254680e-01 | F1=1.745710e-01 | m1²=0.003339 | m2²=0.986803 | eps_w1=2.190487e+00 | eps_w2=4.865474e-02
[step    76800] t/d= 768.000 | task1=3.967761e-01 | task2=2.255378e-01 | F1=1.746168e-01 | m1²=0.003357 | m2²=0.986678 | eps_w1=2.192397e+00 | eps_w2=4.921708e-02
[step    76850] t/d= 768.500 | task1=3.967158e-01 | task2=2.254876e-01 | F1=1.745564e-01 | m1²=0.003381 | m2²=0.986704 | eps_w1=2.190835e+00 | eps_w2=4.894192e-02
[step    76900] t/d= 769.000 | task1=3.967961e-01 | task2=2.255101e-01 | F1=1.746368e-01 | m1²=0.003285 | m2²=0.986882 | eps_w1=2.191362e+00 | eps_w2=4.858415e-02
[step    76950] t/d= 769.500 | task1=3.969277e-01 | task2=2.255577e-01 | F1=1.747684e-01 | m1²=0.003331 | m2²=0.986994 | eps_w1=2.194534e+00 | eps_w2=4.879832e-02
[step    77000] t/d= 770.000 | task1=3.969009e-01 | task2=2.255803e-01 | F1=1.747416e-01 | m1²=0.003363 | m2²=0.987042 | eps_w1=2.194091e+00 | eps_w2=4.863441e-02
[step    77050] t/d= 770.500 | task1=3.968796e-01 | task2=2.255492e-01 | F1=1.747203e-01 | m1²=0.003376 | m2²=0.987098 | eps_w1=2.193782e+00 | eps_w2=4.846587e-02
[step    77100] t/d= 771.000 | task1=3.968964e-01 | task2=2.255220e-01 | F1=1.747371e-01 | m1²=0.003352 | m2²=0.987162 | eps_w1=2.193193e+00 | eps_w2=4.822836e-02
[step    77150] t/d= 771.500 | task1=3.970202e-01 | task2=2.255514e-01 | F1=1.748609e-01 | m1²=0.003240 | m2²=0.987287 | eps_w1=2.195674e+00 | eps_w2=4.826506e-02
[step    77200] t/d= 772.000 | task1=3.969302e-01 | task2=2.255528e-01 | F1=1.747709e-01 | m1²=0.003162 | m2²=0.987336 | eps_w1=2.195089e+00 | eps_w2=4.804426e-02
[step    77250] t/d= 772.500 | task1=3.971180e-01 | task2=2.255416e-01 | F1=1.749587e-01 | m1²=0.003024 | m2²=0.987358 | eps_w1=2.197386e+00 | eps_w2=4.828341e-02
[step    77300] t/d= 773.000 | task1=3.972706e-01 | task2=2.255683e-01 | F1=1.751113e-01 | m1²=0.002972 | m2²=0.987433 | eps_w1=2.200565e+00 | eps_w2=4.855459e-02
[step    77350] t/d= 773.500 | task1=3.972857e-01 | task2=2.255743e-01 | F1=1.751263e-01 | m1²=0.002936 | m2²=0.987331 | eps_w1=2.200238e+00 | eps_w2=4.872876e-02
[step    77400] t/d= 774.000 | task1=3.972457e-01 | task2=2.255892e-01 | F1=1.750864e-01 | m1²=0.002964 | m2²=0.987118 | eps_w1=2.200295e+00 | eps_w2=4.923334e-02
[step    77450] t/d= 774.500 | task1=3.973071e-01 | task2=2.255851e-01 | F1=1.751478e-01 | m1²=0.002940 | m2²=0.987317 | eps_w1=2.200243e+00 | eps_w2=4.876372e-02
[step    77500] t/d= 775.000 | task1=3.975899e-01 | task2=2.255475e-01 | F1=1.754306e-01 | m1²=0.002857 | m2²=0.987492 | eps_w1=2.203707e+00 | eps_w2=4.884414e-02
[step    77550] t/d= 775.500 | task1=3.976032e-01 | task2=2.255628e-01 | F1=1.754439e-01 | m1²=0.002848 | m2²=0.987454 | eps_w1=2.203445e+00 | eps_w2=4.888988e-02
[step    77600] t/d= 776.000 | task1=3.976473e-01 | task2=2.255382e-01 | F1=1.754880e-01 | m1²=0.002890 | m2²=0.987415 | eps_w1=2.204621e+00 | eps_w2=4.916482e-02
[step    77650] t/d= 776.500 | task1=3.975112e-01 | task2=2.255240e-01 | F1=1.753519e-01 | m1²=0.002850 | m2²=0.987703 | eps_w1=2.200117e+00 | eps_w2=4.783632e-02
[step    77700] t/d= 777.000 | task1=3.973108e-01 | task2=2.255056e-01 | F1=1.751515e-01 | m1²=0.002879 | m2²=0.987594 | eps_w1=2.196521e+00 | eps_w2=4.757432e-02
[step    77750] t/d= 777.500 | task1=3.975231e-01 | task2=2.255144e-01 | F1=1.753637e-01 | m1²=0.002859 | m2²=0.987740 | eps_w1=2.200961e+00 | eps_w2=4.787761e-02
[step    77800] t/d= 778.000 | task1=3.977142e-01 | task2=2.254858e-01 | F1=1.755549e-01 | m1²=0.002768 | m2²=0.987784 | eps_w1=2.205009e+00 | eps_w2=4.833842e-02
[step    77850] t/d= 778.500 | task1=3.977039e-01 | task2=2.255256e-01 | F1=1.755446e-01 | m1²=0.002734 | m2²=0.987620 | eps_w1=2.205046e+00 | eps_w2=4.870793e-02
[step    77900] t/d= 779.000 | task1=3.975226e-01 | task2=2.255459e-01 | F1=1.753633e-01 | m1²=0.002769 | m2²=0.987483 | eps_w1=2.201973e+00 | eps_w2=4.858107e-02
[step    77950] t/d= 779.500 | task1=3.974106e-01 | task2=2.255404e-01 | F1=1.752513e-01 | m1²=0.002799 | m2²=0.987581 | eps_w1=2.199736e+00 | eps_w2=4.804166e-02
[step    78000] t/d= 780.000 | task1=3.975310e-01 | task2=2.255164e-01 | F1=1.753717e-01 | m1²=0.002829 | m2²=0.987521 | eps_w1=2.202704e+00 | eps_w2=4.862018e-02
[step    78050] t/d= 780.500 | task1=3.974861e-01 | task2=2.255780e-01 | F1=1.753268e-01 | m1²=0.002800 | m2²=0.987423 | eps_w1=2.201951e+00 | eps_w2=4.872611e-02
[step    78100] t/d= 781.000 | task1=3.975337e-01 | task2=2.255590e-01 | F1=1.753743e-01 | m1²=0.002798 | m2²=0.987602 | eps_w1=2.203248e+00 | eps_w2=4.850570e-02
[step    78150] t/d= 781.500 | task1=3.973609e-01 | task2=2.255651e-01 | F1=1.752016e-01 | m1²=0.002764 | m2²=0.987800 | eps_w1=2.199387e+00 | eps_w2=4.748166e-02
[step    78200] t/d= 782.000 | task1=3.972881e-01 | task2=2.255544e-01 | F1=1.751288e-01 | m1²=0.002732 | m2²=0.987781 | eps_w1=2.197901e+00 | eps_w2=4.730101e-02
[step    78250] t/d= 782.500 | task1=3.972560e-01 | task2=2.255641e-01 | F1=1.750967e-01 | m1²=0.002859 | m2²=0.987640 | eps_w1=2.198270e+00 | eps_w2=4.771491e-02
[step    78300] t/d= 783.000 | task1=3.969416e-01 | task2=2.255325e-01 | F1=1.747822e-01 | m1²=0.002820 | m2²=0.987567 | eps_w1=2.194007e+00 | eps_w2=4.725611e-02
[step    78350] t/d= 783.500 | task1=3.969927e-01 | task2=2.255374e-01 | F1=1.748334e-01 | m1²=0.002788 | m2²=0.987442 | eps_w1=2.195299e+00 | eps_w2=4.771543e-02
[step    78400] t/d= 784.000 | task1=3.969317e-01 | task2=2.255879e-01 | F1=1.747723e-01 | m1²=0.002742 | m2²=0.987430 | eps_w1=2.193921e+00 | eps_w2=4.753309e-02
[step    78450] t/d= 784.500 | task1=3.970595e-01 | task2=2.256177e-01 | F1=1.749001e-01 | m1²=0.002765 | m2²=0.987454 | eps_w1=2.196590e+00 | eps_w2=4.786692e-02
[step    78500] t/d= 785.000 | task1=3.972815e-01 | task2=2.256336e-01 | F1=1.751222e-01 | m1²=0.002738 | m2²=0.987541 | eps_w1=2.199827e+00 | eps_w2=4.812688e-02
[step    78550] t/d= 785.500 | task1=3.973075e-01 | task2=2.256385e-01 | F1=1.751482e-01 | m1²=0.002701 | m2²=0.987571 | eps_w1=2.200697e+00 | eps_w2=4.817381e-02
[step    78600] t/d= 786.000 | task1=3.974342e-01 | task2=2.256274e-01 | F1=1.752749e-01 | m1²=0.002623 | m2²=0.987601 | eps_w1=2.202624e+00 | eps_w2=4.836010e-02
[step    78650] t/d= 786.500 | task1=3.973826e-01 | task2=2.256537e-01 | F1=1.752233e-01 | m1²=0.002561 | m2²=0.987693 | eps_w1=2.202007e+00 | eps_w2=4.803975e-02
[step    78700] t/d= 787.000 | task1=3.974940e-01 | task2=2.256622e-01 | F1=1.753347e-01 | m1²=0.002603 | m2²=0.987698 | eps_w1=2.203660e+00 | eps_w2=4.828446e-02
[step    78750] t/d= 787.500 | task1=3.973114e-01 | task2=2.257055e-01 | F1=1.751521e-01 | m1²=0.002682 | m2²=0.987438 | eps_w1=2.202257e+00 | eps_w2=4.869871e-02
[step    78800] t/d= 788.000 | task1=3.973699e-01 | task2=2.257170e-01 | F1=1.752106e-01 | m1²=0.002736 | m2²=0.987337 | eps_w1=2.202979e+00 | eps_w2=4.905090e-02
[step    78850] t/d= 788.500 | task1=3.972509e-01 | task2=2.256718e-01 | F1=1.750916e-01 | m1²=0.002789 | m2²=0.987382 | eps_w1=2.201161e+00 | eps_w2=4.870065e-02
[step    78900] t/d= 789.000 | task1=3.973054e-01 | task2=2.256725e-01 | F1=1.751460e-01 | m1²=0.002819 | m2²=0.987043 | eps_w1=2.200919e+00 | eps_w2=4.944891e-02
[step    78950] t/d= 789.500 | task1=3.972582e-01 | task2=2.256540e-01 | F1=1.750989e-01 | m1²=0.002787 | m2²=0.987082 | eps_w1=2.199233e+00 | eps_w2=4.910361e-02
[step    79000] t/d= 790.000 | task1=3.972673e-01 | task2=2.256788e-01 | F1=1.751080e-01 | m1²=0.002718 | m2²=0.986963 | eps_w1=2.199319e+00 | eps_w2=4.936571e-02
[step    79050] t/d= 790.500 | task1=3.973198e-01 | task2=2.256268e-01 | F1=1.751605e-01 | m1²=0.002840 | m2²=0.986861 | eps_w1=2.201369e+00 | eps_w2=4.993719e-02
[step    79100] t/d= 791.000 | task1=3.972682e-01 | task2=2.256546e-01 | F1=1.751088e-01 | m1²=0.002786 | m2²=0.986985 | eps_w1=2.199509e+00 | eps_w2=4.936484e-02
[step    79150] t/d= 791.500 | task1=3.976143e-01 | task2=2.256579e-01 | F1=1.754550e-01 | m1²=0.002753 | m2²=0.987105 | eps_w1=2.206958e+00 | eps_w2=5.017293e-02
[step    79200] t/d= 792.000 | task1=3.978721e-01 | task2=2.256752e-01 | F1=1.757128e-01 | m1²=0.002680 | m2²=0.987124 | eps_w1=2.212093e+00 | eps_w2=5.087199e-02
[step    79250] t/d= 792.500 | task1=3.977210e-01 | task2=2.256623e-01 | F1=1.755617e-01 | m1²=0.002785 | m2²=0.986972 | eps_w1=2.210005e+00 | eps_w2=5.094213e-02
[step    79300] t/d= 793.000 | task1=3.978437e-01 | task2=2.256800e-01 | F1=1.756843e-01 | m1²=0.002770 | m2²=0.986962 | eps_w1=2.211924e+00 | eps_w2=5.124745e-02
[step    79350] t/d= 793.500 | task1=3.977926e-01 | task2=2.256955e-01 | F1=1.756333e-01 | m1²=0.002746 | m2²=0.986764 | eps_w1=2.211920e+00 | eps_w2=5.169258e-02
[step    79400] t/d= 794.000 | task1=3.978744e-01 | task2=2.257098e-01 | F1=1.757150e-01 | m1²=0.002764 | m2²=0.986775 | eps_w1=2.213003e+00 | eps_w2=5.183643e-02
[step    79450] t/d= 794.500 | task1=3.979695e-01 | task2=2.256794e-01 | F1=1.758102e-01 | m1²=0.002758 | m2²=0.986677 | eps_w1=2.214813e+00 | eps_w2=5.233313e-02
[step    79500] t/d= 795.000 | task1=3.980914e-01 | task2=2.257323e-01 | F1=1.759321e-01 | m1²=0.002815 | m2²=0.986586 | eps_w1=2.217804e+00 | eps_w2=5.301682e-02
[step    79550] t/d= 795.500 | task1=3.980442e-01 | task2=2.257632e-01 | F1=1.758849e-01 | m1²=0.002817 | m2²=0.986708 | eps_w1=2.217059e+00 | eps_w2=5.262279e-02
[step    79600] t/d= 796.000 | task1=3.982694e-01 | task2=2.257470e-01 | F1=1.761101e-01 | m1²=0.002948 | m2²=0.986825 | eps_w1=2.221980e+00 | eps_w2=5.315343e-02
[step    79650] t/d= 796.500 | task1=3.981927e-01 | task2=2.257121e-01 | F1=1.760334e-01 | m1²=0.002995 | m2²=0.986853 | eps_w1=2.220807e+00 | eps_w2=5.292325e-02
[step    79700] t/d= 797.000 | task1=3.983764e-01 | task2=2.256648e-01 | F1=1.762171e-01 | m1²=0.003022 | m2²=0.986700 | eps_w1=2.225382e+00 | eps_w2=5.399298e-02
[step    79750] t/d= 797.500 | task1=3.982200e-01 | task2=2.256895e-01 | F1=1.760607e-01 | m1²=0.003100 | m2²=0.986624 | eps_w1=2.221608e+00 | eps_w2=5.360975e-02
[step    79800] t/d= 798.000 | task1=3.980763e-01 | task2=2.256684e-01 | F1=1.759170e-01 | m1²=0.003058 | m2²=0.986705 | eps_w1=2.218691e+00 | eps_w2=5.295984e-02
[step    79850] t/d= 798.500 | task1=3.980907e-01 | task2=2.256271e-01 | F1=1.759314e-01 | m1²=0.003024 | m2²=0.986958 | eps_w1=2.217856e+00 | eps_w2=5.223981e-02
[step    79900] t/d= 799.000 | task1=3.980705e-01 | task2=2.256166e-01 | F1=1.759112e-01 | m1²=0.003064 | m2²=0.987036 | eps_w1=2.218046e+00 | eps_w2=5.210323e-02
[step    79950] t/d= 799.500 | task1=3.980149e-01 | task2=2.255824e-01 | F1=1.758556e-01 | m1²=0.003001 | m2²=0.986865 | eps_w1=2.218784e+00 | eps_w2=5.258802e-02
[step    80000] t/d= 800.000 | task1=3.980824e-01 | task2=2.255824e-01 | F1=1.759231e-01 | m1²=0.002986 | m2²=0.986843 | eps_w1=2.219588e+00 | eps_w2=5.275544e-02
[step    80050] t/d= 800.500 | task1=3.980851e-01 | task2=2.255826e-01 | F1=1.759258e-01 | m1²=0.002961 | m2²=0.986852 | eps_w1=2.219889e+00 | eps_w2=5.277196e-02
[step    80100] t/d= 801.000 | task1=3.980699e-01 | task2=2.255683e-01 | F1=1.759106e-01 | m1²=0.002914 | m2²=0.986816 | eps_w1=2.218783e+00 | eps_w2=5.266939e-02
[step    80150] t/d= 801.500 | task1=3.980555e-01 | task2=2.255490e-01 | F1=1.758962e-01 | m1²=0.002924 | m2²=0.986748 | eps_w1=2.219500e+00 | eps_w2=5.294063e-02
[step    80200] t/d= 802.000 | task1=3.979760e-01 | task2=2.255589e-01 | F1=1.758167e-01 | m1²=0.003000 | m2²=0.986534 | eps_w1=2.218178e+00 | eps_w2=5.325571e-02
[step    80250] t/d= 802.500 | task1=3.980213e-01 | task2=2.255287e-01 | F1=1.758619e-01 | m1²=0.003023 | m2²=0.986527 | eps_w1=2.219727e+00 | eps_w2=5.351602e-02
[step    80300] t/d= 803.000 | task1=3.979727e-01 | task2=2.255567e-01 | F1=1.758134e-01 | m1²=0.003060 | m2²=0.986470 | eps_w1=2.219250e+00 | eps_w2=5.358688e-02
[step    80350] t/d= 803.500 | task1=3.979258e-01 | task2=2.255611e-01 | F1=1.757665e-01 | m1²=0.003024 | m2²=0.986519 | eps_w1=2.218268e+00 | eps_w2=5.331159e-02
[step    80400] t/d= 804.000 | task1=3.978573e-01 | task2=2.255669e-01 | F1=1.756979e-01 | m1²=0.002995 | m2²=0.986610 | eps_w1=2.217517e+00 | eps_w2=5.297659e-02
[step    80450] t/d= 804.500 | task1=3.980386e-01 | task2=2.256119e-01 | F1=1.758793e-01 | m1²=0.003042 | m2²=0.986633 | eps_w1=2.222271e+00 | eps_w2=5.367244e-02
[step    80500] t/d= 805.000 | task1=3.977339e-01 | task2=2.255699e-01 | F1=1.755746e-01 | m1²=0.003107 | m2²=0.986776 | eps_w1=2.216331e+00 | eps_w2=5.245381e-02
[step    80550] t/d= 805.500 | task1=3.976942e-01 | task2=2.255788e-01 | F1=1.755349e-01 | m1²=0.003138 | m2²=0.986780 | eps_w1=2.215100e+00 | eps_w2=5.226692e-02
[step    80600] t/d= 806.000 | task1=3.976948e-01 | task2=2.255760e-01 | F1=1.755355e-01 | m1²=0.003211 | m2²=0.986815 | eps_w1=2.213352e+00 | eps_w2=5.194697e-02
[step    80650] t/d= 806.500 | task1=3.976970e-01 | task2=2.255904e-01 | F1=1.755377e-01 | m1²=0.003232 | m2²=0.986745 | eps_w1=2.214241e+00 | eps_w2=5.224801e-02
[step    80700] t/d= 807.000 | task1=3.976152e-01 | task2=2.255776e-01 | F1=1.754559e-01 | m1²=0.003236 | m2²=0.986930 | eps_w1=2.211392e+00 | eps_w2=5.139432e-02
[step    80750] t/d= 807.500 | task1=3.974610e-01 | task2=2.256110e-01 | F1=1.753017e-01 | m1²=0.003255 | m2²=0.986860 | eps_w1=2.208186e+00 | eps_w2=5.108119e-02
[step    80800] t/d= 808.000 | task1=3.975103e-01 | task2=2.256448e-01 | F1=1.753510e-01 | m1²=0.003358 | m2²=0.986759 | eps_w1=2.208627e+00 | eps_w2=5.141137e-02
[step    80850] t/d= 808.500 | task1=3.974764e-01 | task2=2.256652e-01 | F1=1.753171e-01 | m1²=0.003314 | m2²=0.986590 | eps_w1=2.209569e+00 | eps_w2=5.192714e-02
[step    80900] t/d= 809.000 | task1=3.974242e-01 | task2=2.256326e-01 | F1=1.752649e-01 | m1²=0.003383 | m2²=0.986569 | eps_w1=2.208372e+00 | eps_w2=5.181750e-02
[step    80950] t/d= 809.500 | task1=3.975397e-01 | task2=2.256194e-01 | F1=1.753804e-01 | m1²=0.003317 | m2²=0.986508 | eps_w1=2.210639e+00 | eps_w2=5.227626e-02
[step    81000] t/d= 810.000 | task1=3.977467e-01 | task2=2.256097e-01 | F1=1.755873e-01 | m1²=0.003257 | m2²=0.986586 | eps_w1=2.214315e+00 | eps_w2=5.263228e-02
[step    81050] t/d= 810.500 | task1=3.977881e-01 | task2=2.256609e-01 | F1=1.756288e-01 | m1²=0.003291 | m2²=0.986567 | eps_w1=2.215498e+00 | eps_w2=5.286890e-02
[step    81100] t/d= 811.000 | task1=3.976009e-01 | task2=2.256549e-01 | F1=1.754416e-01 | m1²=0.003337 | m2²=0.986481 | eps_w1=2.211764e+00 | eps_w2=5.251497e-02
[step    81150] t/d= 811.500 | task1=3.973426e-01 | task2=2.256782e-01 | F1=1.751832e-01 | m1²=0.003445 | m2²=0.986284 | eps_w1=2.206958e+00 | eps_w2=5.227820e-02
[step    81200] t/d= 812.000 | task1=3.974686e-01 | task2=2.256445e-01 | F1=1.753093e-01 | m1²=0.003334 | m2²=0.986443 | eps_w1=2.207891e+00 | eps_w2=5.201787e-02
[step    81250] t/d= 812.500 | task1=3.976161e-01 | task2=2.256825e-01 | F1=1.754568e-01 | m1²=0.003280 | m2²=0.986457 | eps_w1=2.210772e+00 | eps_w2=5.240121e-02
[step    81300] t/d= 813.000 | task1=3.976458e-01 | task2=2.256790e-01 | F1=1.754864e-01 | m1²=0.003207 | m2²=0.986283 | eps_w1=2.210472e+00 | eps_w2=5.273074e-02
[step    81350] t/d= 813.500 | task1=3.977376e-01 | task2=2.256524e-01 | F1=1.755783e-01 | m1²=0.003034 | m2²=0.986195 | eps_w1=2.210235e+00 | eps_w2=5.283750e-02
[step    81400] t/d= 814.000 | task1=3.977044e-01 | task2=2.256127e-01 | F1=1.755450e-01 | m1²=0.003004 | m2²=0.986353 | eps_w1=2.207270e+00 | eps_w2=5.202181e-02
[step    81450] t/d= 814.500 | task1=3.976752e-01 | task2=2.256162e-01 | F1=1.755158e-01 | m1²=0.002866 | m2²=0.986187 | eps_w1=2.206783e+00 | eps_w2=5.228456e-02
[step    81500] t/d= 815.000 | task1=3.975247e-01 | task2=2.256288e-01 | F1=1.753653e-01 | m1²=0.002906 | m2²=0.986417 | eps_w1=2.202952e+00 | eps_w2=5.120337e-02
[step    81550] t/d= 815.500 | task1=3.973906e-01 | task2=2.256103e-01 | F1=1.752313e-01 | m1²=0.002941 | m2²=0.986396 | eps_w1=2.201634e+00 | eps_w2=5.106901e-02
[step    81600] t/d= 816.000 | task1=3.974316e-01 | task2=2.256237e-01 | F1=1.752723e-01 | m1²=0.002985 | m2²=0.986441 | eps_w1=2.201609e+00 | eps_w2=5.097695e-02
[step    81650] t/d= 816.500 | task1=3.975190e-01 | task2=2.256082e-01 | F1=1.753597e-01 | m1²=0.002962 | m2²=0.986447 | eps_w1=2.203072e+00 | eps_w2=5.117181e-02
[step    81700] t/d= 817.000 | task1=3.976671e-01 | task2=2.255876e-01 | F1=1.755078e-01 | m1²=0.002929 | m2²=0.986596 | eps_w1=2.205799e+00 | eps_w2=5.122196e-02
[step    81750] t/d= 817.500 | task1=3.976689e-01 | task2=2.256115e-01 | F1=1.755096e-01 | m1²=0.002928 | m2²=0.986234 | eps_w1=2.206954e+00 | eps_w2=5.222300e-02
[step    81800] t/d= 818.000 | task1=3.972803e-01 | task2=2.255178e-01 | F1=1.751210e-01 | m1²=0.002962 | m2²=0.986392 | eps_w1=2.198958e+00 | eps_w2=5.069305e-02
[step    81850] t/d= 818.500 | task1=3.973358e-01 | task2=2.255121e-01 | F1=1.751765e-01 | m1²=0.002943 | m2²=0.986609 | eps_w1=2.201111e+00 | eps_w2=5.050768e-02
[step    81900] t/d= 819.000 | task1=3.973165e-01 | task2=2.254523e-01 | F1=1.751571e-01 | m1²=0.002817 | m2²=0.986940 | eps_w1=2.198963e+00 | eps_w2=4.939746e-02
[step    81950] t/d= 819.500 | task1=3.973080e-01 | task2=2.254574e-01 | F1=1.751487e-01 | m1²=0.002709 | m2²=0.986919 | eps_w1=2.197171e+00 | eps_w2=4.915301e-02
[step    82000] t/d= 820.000 | task1=3.971342e-01 | task2=2.254460e-01 | F1=1.749749e-01 | m1²=0.002780 | m2²=0.986922 | eps_w1=2.194999e+00 | eps_w2=4.885413e-02
[step    82050] t/d= 820.500 | task1=3.971424e-01 | task2=2.254402e-01 | F1=1.749830e-01 | m1²=0.002770 | m2²=0.987010 | eps_w1=2.195407e+00 | eps_w2=4.870902e-02
[step    82100] t/d= 821.000 | task1=3.970730e-01 | task2=2.254967e-01 | F1=1.749136e-01 | m1²=0.002726 | m2²=0.986683 | eps_w1=2.193860e+00 | eps_w2=4.921862e-02
[step    82150] t/d= 821.500 | task1=3.969066e-01 | task2=2.254748e-01 | F1=1.747473e-01 | m1²=0.002777 | m2²=0.986596 | eps_w1=2.190128e+00 | eps_w2=4.889859e-02
[step    82200] t/d= 822.000 | task1=3.971083e-01 | task2=2.254914e-01 | F1=1.749490e-01 | m1²=0.002849 | m2²=0.986494 | eps_w1=2.194550e+00 | eps_w2=4.978711e-02
[step    82250] t/d= 822.500 | task1=3.969769e-01 | task2=2.254752e-01 | F1=1.748176e-01 | m1²=0.002809 | m2²=0.986600 | eps_w1=2.191306e+00 | eps_w2=4.906726e-02
[step    82300] t/d= 823.000 | task1=3.968921e-01 | task2=2.254675e-01 | F1=1.747328e-01 | m1²=0.002763 | m2²=0.986622 | eps_w1=2.190181e+00 | eps_w2=4.884419e-02
[step    82350] t/d= 823.500 | task1=3.967644e-01 | task2=2.254250e-01 | F1=1.746051e-01 | m1²=0.002752 | m2²=0.986653 | eps_w1=2.188548e+00 | eps_w2=4.853708e-02
[step    82400] t/d= 824.000 | task1=3.965907e-01 | task2=2.254142e-01 | F1=1.744314e-01 | m1²=0.002762 | m2²=0.986431 | eps_w1=2.185733e+00 | eps_w2=4.864932e-02
[step    82450] t/d= 824.500 | task1=3.966305e-01 | task2=2.254591e-01 | F1=1.744711e-01 | m1²=0.002743 | m2²=0.986420 | eps_w1=2.186617e+00 | eps_w2=4.879166e-02
[step    82500] t/d= 825.000 | task1=3.965075e-01 | task2=2.254848e-01 | F1=1.743482e-01 | m1²=0.002711 | m2²=0.986220 | eps_w1=2.184488e+00 | eps_w2=4.893585e-02
[step    82550] t/d= 825.500 | task1=3.963402e-01 | task2=2.255145e-01 | F1=1.741809e-01 | m1²=0.002714 | m2²=0.986169 | eps_w1=2.181254e+00 | eps_w2=4.860161e-02
[step    82600] t/d= 826.000 | task1=3.961245e-01 | task2=2.254915e-01 | F1=1.739652e-01 | m1²=0.002779 | m2²=0.986125 | eps_w1=2.177545e+00 | eps_w2=4.820724e-02
[step    82650] t/d= 826.500 | task1=3.960026e-01 | task2=2.254887e-01 | F1=1.738432e-01 | m1²=0.002799 | m2²=0.986209 | eps_w1=2.175776e+00 | eps_w2=4.778048e-02
[step    82700] t/d= 827.000 | task1=3.958954e-01 | task2=2.254866e-01 | F1=1.737360e-01 | m1²=0.002852 | m2²=0.985996 | eps_w1=2.174374e+00 | eps_w2=4.808572e-02
[step    82750] t/d= 827.500 | task1=3.957739e-01 | task2=2.254551e-01 | F1=1.736146e-01 | m1²=0.002873 | m2²=0.986006 | eps_w1=2.170922e+00 | eps_w2=4.760257e-02
[step    82800] t/d= 828.000 | task1=3.957308e-01 | task2=2.254208e-01 | F1=1.735715e-01 | m1²=0.002883 | m2²=0.985777 | eps_w1=2.170050e+00 | eps_w2=4.800254e-02
[step    82850] t/d= 828.500 | task1=3.956294e-01 | task2=2.253917e-01 | F1=1.734701e-01 | m1²=0.002881 | m2²=0.985828 | eps_w1=2.167651e+00 | eps_w2=4.756576e-02
[step    82900] t/d= 829.000 | task1=3.955778e-01 | task2=2.254169e-01 | F1=1.734184e-01 | m1²=0.002874 | m2²=0.985820 | eps_w1=2.166641e+00 | eps_w2=4.744665e-02
[step    82950] t/d= 829.500 | task1=3.957361e-01 | task2=2.254173e-01 | F1=1.735768e-01 | m1²=0.002903 | m2²=0.985741 | eps_w1=2.171356e+00 | eps_w2=4.826703e-02
[step    83000] t/d= 830.000 | task1=3.957809e-01 | task2=2.254093e-01 | F1=1.736216e-01 | m1²=0.002907 | m2²=0.985959 | eps_w1=2.171246e+00 | eps_w2=4.775999e-02
[step    83050] t/d= 830.500 | task1=3.959825e-01 | task2=2.253890e-01 | F1=1.738232e-01 | m1²=0.002946 | m2²=0.985559 | eps_w1=2.175870e+00 | eps_w2=4.930531e-02
[step    83100] t/d= 831.000 | task1=3.959484e-01 | task2=2.253892e-01 | F1=1.737890e-01 | m1²=0.002947 | m2²=0.985705 | eps_w1=2.175441e+00 | eps_w2=4.891683e-02
[step    83150] t/d= 831.500 | task1=3.960055e-01 | task2=2.253658e-01 | F1=1.738462e-01 | m1²=0.002920 | m2²=0.985768 | eps_w1=2.175550e+00 | eps_w2=4.878143e-02
[step    83200] t/d= 832.000 | task1=3.958868e-01 | task2=2.253963e-01 | F1=1.737275e-01 | m1²=0.003008 | m2²=0.985585 | eps_w1=2.173623e+00 | eps_w2=4.895731e-02
[step    83250] t/d= 832.500 | task1=3.958608e-01 | task2=2.254184e-01 | F1=1.737015e-01 | m1²=0.003046 | m2²=0.985484 | eps_w1=2.174343e+00 | eps_w2=4.929586e-02
[step    83300] t/d= 833.000 | task1=3.957824e-01 | task2=2.254590e-01 | F1=1.736231e-01 | m1²=0.003069 | m2²=0.985274 | eps_w1=2.171525e+00 | eps_w2=4.939139e-02
[step    83350] t/d= 833.500 | task1=3.958463e-01 | task2=2.254251e-01 | F1=1.736869e-01 | m1²=0.003138 | m2²=0.985308 | eps_w1=2.173360e+00 | eps_w2=4.958504e-02
[step    83400] t/d= 834.000 | task1=3.959684e-01 | task2=2.254890e-01 | F1=1.738091e-01 | m1²=0.003055 | m2²=0.985099 | eps_w1=2.175814e+00 | eps_w2=5.036935e-02
[step    83450] t/d= 834.500 | task1=3.959167e-01 | task2=2.255152e-01 | F1=1.737574e-01 | m1²=0.003081 | m2²=0.985059 | eps_w1=2.173793e+00 | eps_w2=5.018871e-02
[step    83500] t/d= 835.000 | task1=3.960384e-01 | task2=2.254906e-01 | F1=1.738791e-01 | m1²=0.002970 | m2²=0.984952 | eps_w1=2.176182e+00 | eps_w2=5.072621e-02
[step    83550] t/d= 835.500 | task1=3.960047e-01 | task2=2.254387e-01 | F1=1.738454e-01 | m1²=0.003003 | m2²=0.985120 | eps_w1=2.175847e+00 | eps_w2=5.031135e-02
[step    83600] t/d= 836.000 | task1=3.958569e-01 | task2=2.254376e-01 | F1=1.736976e-01 | m1²=0.002973 | m2²=0.985117 | eps_w1=2.173448e+00 | eps_w2=4.998013e-02
[step    83650] t/d= 836.500 | task1=3.958225e-01 | task2=2.254492e-01 | F1=1.736632e-01 | m1²=0.002936 | m2²=0.984971 | eps_w1=2.172064e+00 | eps_w2=5.010839e-02
[step    83700] t/d= 837.000 | task1=3.957254e-01 | task2=2.254180e-01 | F1=1.735661e-01 | m1²=0.002803 | m2²=0.985162 | eps_w1=2.169382e+00 | eps_w2=4.927460e-02
[step    83750] t/d= 837.500 | task1=3.957238e-01 | task2=2.254461e-01 | F1=1.735644e-01 | m1²=0.002803 | m2²=0.985393 | eps_w1=2.170163e+00 | eps_w2=4.885873e-02
[step    83800] t/d= 838.000 | task1=3.956441e-01 | task2=2.254617e-01 | F1=1.734848e-01 | m1²=0.002736 | m2²=0.985385 | eps_w1=2.168177e+00 | eps_w2=4.858921e-02
[step    83850] t/d= 838.500 | task1=3.957823e-01 | task2=2.254570e-01 | F1=1.736230e-01 | m1²=0.002793 | m2²=0.985312 | eps_w1=2.170896e+00 | eps_w2=4.913757e-02
[step    83900] t/d= 839.000 | task1=3.957797e-01 | task2=2.254515e-01 | F1=1.736204e-01 | m1²=0.002768 | m2²=0.985372 | eps_w1=2.170593e+00 | eps_w2=4.895522e-02
[step    83950] t/d= 839.500 | task1=3.957689e-01 | task2=2.254663e-01 | F1=1.736096e-01 | m1²=0.002840 | m2²=0.985205 | eps_w1=2.170055e+00 | eps_w2=4.927878e-02
[step    84000] t/d= 840.000 | task1=3.957303e-01 | task2=2.254273e-01 | F1=1.735710e-01 | m1²=0.002846 | m2²=0.985252 | eps_w1=2.169692e+00 | eps_w2=4.912495e-02
[step    84050] t/d= 840.500 | task1=3.956548e-01 | task2=2.253974e-01 | F1=1.734954e-01 | m1²=0.002961 | m2²=0.985119 | eps_w1=2.169602e+00 | eps_w2=4.944811e-02
[step    84100] t/d= 841.000 | task1=3.956587e-01 | task2=2.253809e-01 | F1=1.734994e-01 | m1²=0.002950 | m2²=0.985257 | eps_w1=2.168274e+00 | eps_w2=4.895286e-02
[step    84150] t/d= 841.500 | task1=3.956467e-01 | task2=2.253909e-01 | F1=1.734874e-01 | m1²=0.002942 | m2²=0.985200 | eps_w1=2.168504e+00 | eps_w2=4.911072e-02
[step    84200] t/d= 842.000 | task1=3.956671e-01 | task2=2.254237e-01 | F1=1.735078e-01 | m1²=0.003073 | m2²=0.985170 | eps_w1=2.170008e+00 | eps_w2=4.942081e-02
[step    84250] t/d= 842.500 | task1=3.957932e-01 | task2=2.253876e-01 | F1=1.736339e-01 | m1²=0.003108 | m2²=0.985183 | eps_w1=2.172581e+00 | eps_w2=4.975116e-02
[step    84300] t/d= 843.000 | task1=3.958848e-01 | task2=2.253995e-01 | F1=1.737255e-01 | m1²=0.003149 | m2²=0.985139 | eps_w1=2.173616e+00 | eps_w2=5.000471e-02
[step    84350] t/d= 843.500 | task1=3.958412e-01 | task2=2.254126e-01 | F1=1.736819e-01 | m1²=0.003258 | m2²=0.984934 | eps_w1=2.173342e+00 | eps_w2=5.046331e-02
[step    84400] t/d= 844.000 | task1=3.960794e-01 | task2=2.254267e-01 | F1=1.739201e-01 | m1²=0.003198 | m2²=0.985095 | eps_w1=2.176673e+00 | eps_w2=5.054095e-02
[step    84450] t/d= 844.500 | task1=3.961206e-01 | task2=2.254166e-01 | F1=1.739613e-01 | m1²=0.003224 | m2²=0.984820 | eps_w1=2.178689e+00 | eps_w2=5.145101e-02
[step    84500] t/d= 845.000 | task1=3.961059e-01 | task2=2.253784e-01 | F1=1.739466e-01 | m1²=0.003256 | m2²=0.984933 | eps_w1=2.176906e+00 | eps_w2=5.095703e-02
[step    84550] t/d= 845.500 | task1=3.962157e-01 | task2=2.253323e-01 | F1=1.740564e-01 | m1²=0.003259 | m2²=0.984922 | eps_w1=2.179301e+00 | eps_w2=5.131552e-02
[step    84600] t/d= 846.000 | task1=3.962046e-01 | task2=2.253412e-01 | F1=1.740453e-01 | m1²=0.003341 | m2²=0.984971 | eps_w1=2.178726e+00 | eps_w2=5.114908e-02
[step    84650] t/d= 846.500 | task1=3.964203e-01 | task2=2.253682e-01 | F1=1.742610e-01 | m1²=0.003307 | m2²=0.984886 | eps_w1=2.182447e+00 | eps_w2=5.185541e-02
[step    84700] t/d= 847.000 | task1=3.965303e-01 | task2=2.253383e-01 | F1=1.743710e-01 | m1²=0.003304 | m2²=0.984923 | eps_w1=2.184560e+00 | eps_w2=5.206961e-02
[step    84750] t/d= 847.500 | task1=3.965987e-01 | task2=2.253307e-01 | F1=1.744394e-01 | m1²=0.003314 | m2²=0.985036 | eps_w1=2.187632e+00 | eps_w2=5.225370e-02
[step    84800] t/d= 848.000 | task1=3.966019e-01 | task2=2.252957e-01 | F1=1.744425e-01 | m1²=0.003376 | m2²=0.984987 | eps_w1=2.188870e+00 | eps_w2=5.256067e-02
[step    84850] t/d= 848.500 | task1=3.965719e-01 | task2=2.252910e-01 | F1=1.744126e-01 | m1²=0.003349 | m2²=0.985174 | eps_w1=2.187223e+00 | eps_w2=5.189221e-02
[step    84900] t/d= 849.000 | task1=3.964032e-01 | task2=2.253122e-01 | F1=1.742438e-01 | m1²=0.003417 | m2²=0.985010 | eps_w1=2.185032e+00 | eps_w2=5.197486e-02
[step    84950] t/d= 849.500 | task1=3.964987e-01 | task2=2.253116e-01 | F1=1.743394e-01 | m1²=0.003393 | m2²=0.984933 | eps_w1=2.186170e+00 | eps_w2=5.230355e-02
[step    85000] t/d= 850.000 | task1=3.966513e-01 | task2=2.252856e-01 | F1=1.744920e-01 | m1²=0.003317 | m2²=0.985209 | eps_w1=2.189036e+00 | eps_w2=5.206331e-02
[step    85050] t/d= 850.500 | task1=3.964942e-01 | task2=2.253040e-01 | F1=1.743348e-01 | m1²=0.003441 | m2²=0.985239 | eps_w1=2.186044e+00 | eps_w2=5.160584e-02
[step    85100] t/d= 851.000 | task1=3.966082e-01 | task2=2.252900e-01 | F1=1.744489e-01 | m1²=0.003387 | m2²=0.985264 | eps_w1=2.188282e+00 | eps_w2=5.185120e-02
[step    85150] t/d= 851.500 | task1=3.965033e-01 | task2=2.253311e-01 | F1=1.743440e-01 | m1²=0.003411 | m2²=0.985148 | eps_w1=2.186106e+00 | eps_w2=5.181216e-02
[step    85200] t/d= 852.000 | task1=3.968263e-01 | task2=2.253209e-01 | F1=1.746669e-01 | m1²=0.003287 | m2²=0.985141 | eps_w1=2.191525e+00 | eps_w2=5.256532e-02
[step    85250] t/d= 852.500 | task1=3.966706e-01 | task2=2.253672e-01 | F1=1.745113e-01 | m1²=0.003273 | m2²=0.984970 | eps_w1=2.188758e+00 | eps_w2=5.255299e-02
[step    85300] t/d= 853.000 | task1=3.968556e-01 | task2=2.253499e-01 | F1=1.746963e-01 | m1²=0.003311 | m2²=0.984935 | eps_w1=2.193549e+00 | eps_w2=5.333587e-02
[step    85350] t/d= 853.500 | task1=3.965878e-01 | task2=2.253529e-01 | F1=1.744285e-01 | m1²=0.003303 | m2²=0.984876 | eps_w1=2.188471e+00 | eps_w2=5.273464e-02
[step    85400] t/d= 854.000 | task1=3.968111e-01 | task2=2.253274e-01 | F1=1.746517e-01 | m1²=0.003243 | m2²=0.984901 | eps_w1=2.192098e+00 | eps_w2=5.318106e-02
[step    85450] t/d= 854.500 | task1=3.967760e-01 | task2=2.253075e-01 | F1=1.746166e-01 | m1²=0.003286 | m2²=0.985087 | eps_w1=2.191137e+00 | eps_w2=5.263329e-02
[step    85500] t/d= 855.000 | task1=3.968050e-01 | task2=2.252947e-01 | F1=1.746457e-01 | m1²=0.003358 | m2²=0.984900 | eps_w1=2.192306e+00 | eps_w2=5.324987e-02
[step    85550] t/d= 855.500 | task1=3.966829e-01 | task2=2.252912e-01 | F1=1.745235e-01 | m1²=0.003399 | m2²=0.984897 | eps_w1=2.190030e+00 | eps_w2=5.294154e-02
[step    85600] t/d= 856.000 | task1=3.965473e-01 | task2=2.253109e-01 | F1=1.743879e-01 | m1²=0.003439 | m2²=0.984761 | eps_w1=2.188419e+00 | eps_w2=5.302937e-02
[step    85650] t/d= 856.500 | task1=3.964988e-01 | task2=2.252809e-01 | F1=1.743394e-01 | m1²=0.003440 | m2²=0.984908 | eps_w1=2.188244e+00 | eps_w2=5.267238e-02
[step    85700] t/d= 857.000 | task1=3.963882e-01 | task2=2.252728e-01 | F1=1.742288e-01 | m1²=0.003419 | m2²=0.984925 | eps_w1=2.185801e+00 | eps_w2=5.227625e-02
[step    85750] t/d= 857.500 | task1=3.963912e-01 | task2=2.253138e-01 | F1=1.742319e-01 | m1²=0.003399 | m2²=0.985042 | eps_w1=2.185049e+00 | eps_w2=5.189787e-02
[step    85800] t/d= 858.000 | task1=3.961504e-01 | task2=2.253253e-01 | F1=1.739910e-01 | m1²=0.003491 | m2²=0.985067 | eps_w1=2.180311e+00 | eps_w2=5.120144e-02
[step    85850] t/d= 858.500 | task1=3.963532e-01 | task2=2.253361e-01 | F1=1.741939e-01 | m1²=0.003543 | m2²=0.985049 | eps_w1=2.184056e+00 | eps_w2=5.178496e-02
[step    85900] t/d= 859.000 | task1=3.962795e-01 | task2=2.253605e-01 | F1=1.741202e-01 | m1²=0.003464 | m2²=0.984977 | eps_w1=2.183351e+00 | eps_w2=5.182527e-02
[step    85950] t/d= 859.500 | task1=3.961014e-01 | task2=2.252947e-01 | F1=1.739420e-01 | m1²=0.003517 | m2²=0.984869 | eps_w1=2.181775e+00 | eps_w2=5.186388e-02
[step    86000] t/d= 860.000 | task1=3.960915e-01 | task2=2.252851e-01 | F1=1.739322e-01 | m1²=0.003485 | m2²=0.984871 | eps_w1=2.180872e+00 | eps_w2=5.172218e-02
[step    86050] t/d= 860.500 | task1=3.961358e-01 | task2=2.252983e-01 | F1=1.739765e-01 | m1²=0.003572 | m2²=0.984890 | eps_w1=2.182511e+00 | eps_w2=5.193616e-02
[step    86100] t/d= 861.000 | task1=3.961064e-01 | task2=2.252873e-01 | F1=1.739471e-01 | m1²=0.003468 | m2²=0.984957 | eps_w1=2.181699e+00 | eps_w2=5.163724e-02
[step    86150] t/d= 861.500 | task1=3.961768e-01 | task2=2.252833e-01 | F1=1.740175e-01 | m1²=0.003361 | m2²=0.985007 | eps_w1=2.180759e+00 | eps_w2=5.135877e-02
[step    86200] t/d= 862.000 | task1=3.960081e-01 | task2=2.252420e-01 | F1=1.738488e-01 | m1²=0.003305 | m2²=0.984977 | eps_w1=2.176441e+00 | eps_w2=5.080864e-02
[step    86250] t/d= 862.500 | task1=3.962394e-01 | task2=2.251965e-01 | F1=1.740801e-01 | m1²=0.003349 | m2²=0.985014 | eps_w1=2.180077e+00 | eps_w2=5.124364e-02
[step    86300] t/d= 863.000 | task1=3.960995e-01 | task2=2.251630e-01 | F1=1.739402e-01 | m1²=0.003434 | m2²=0.984936 | eps_w1=2.177457e+00 | eps_w2=5.107949e-02
[step    86350] t/d= 863.500 | task1=3.959867e-01 | task2=2.251734e-01 | F1=1.738274e-01 | m1²=0.003369 | m2²=0.984658 | eps_w1=2.175143e+00 | eps_w2=5.136715e-02
[step    86400] t/d= 864.000 | task1=3.962703e-01 | task2=2.251561e-01 | F1=1.741109e-01 | m1²=0.003343 | m2²=0.984705 | eps_w1=2.180031e+00 | eps_w2=5.193583e-02
[step    86450] t/d= 864.500 | task1=3.960940e-01 | task2=2.251034e-01 | F1=1.739347e-01 | m1²=0.003367 | m2²=0.984901 | eps_w1=2.176052e+00 | eps_w2=5.094342e-02
[step    86500] t/d= 865.000 | task1=3.960324e-01 | task2=2.250770e-01 | F1=1.738731e-01 | m1²=0.003308 | m2²=0.984976 | eps_w1=2.173694e+00 | eps_w2=5.043044e-02
[step    86550] t/d= 865.500 | task1=3.960490e-01 | task2=2.250670e-01 | F1=1.738897e-01 | m1²=0.003403 | m2²=0.985095 | eps_w1=2.174175e+00 | eps_w2=5.025761e-02
[step    86600] t/d= 866.000 | task1=3.958231e-01 | task2=2.250486e-01 | F1=1.736638e-01 | m1²=0.003425 | m2²=0.985283 | eps_w1=2.170882e+00 | eps_w2=4.938735e-02
[step    86650] t/d= 866.500 | task1=3.957209e-01 | task2=2.250138e-01 | F1=1.735616e-01 | m1²=0.003466 | m2²=0.985203 | eps_w1=2.168433e+00 | eps_w2=4.924745e-02
[step    86700] t/d= 867.000 | task1=3.955834e-01 | task2=2.250331e-01 | F1=1.734241e-01 | m1²=0.003448 | m2²=0.985226 | eps_w1=2.165741e+00 | eps_w2=4.882866e-02
[step    86750] t/d= 867.500 | task1=3.955881e-01 | task2=2.250188e-01 | F1=1.734288e-01 | m1²=0.003383 | m2²=0.985415 | eps_w1=2.165019e+00 | eps_w2=4.828815e-02
[step    86800] t/d= 868.000 | task1=3.955165e-01 | task2=2.250160e-01 | F1=1.733572e-01 | m1²=0.003313 | m2²=0.985558 | eps_w1=2.163614e+00 | eps_w2=4.775799e-02
[step    86850] t/d= 868.500 | task1=3.956530e-01 | task2=2.250322e-01 | F1=1.734936e-01 | m1²=0.003273 | m2²=0.985558 | eps_w1=2.166323e+00 | eps_w2=4.810938e-02
[step    86900] t/d= 869.000 | task1=3.957085e-01 | task2=2.250290e-01 | F1=1.735492e-01 | m1²=0.003269 | m2²=0.985451 | eps_w1=2.168027e+00 | eps_w2=4.857653e-02
[step    86950] t/d= 869.500 | task1=3.955789e-01 | task2=2.250344e-01 | F1=1.734195e-01 | m1²=0.003258 | m2²=0.985604 | eps_w1=2.166188e+00 | eps_w2=4.798135e-02
[step    87000] t/d= 870.000 | task1=3.957976e-01 | task2=2.250221e-01 | F1=1.736383e-01 | m1²=0.003257 | m2²=0.985637 | eps_w1=2.169704e+00 | eps_w2=4.838063e-02
[step    87050] t/d= 870.500 | task1=3.957805e-01 | task2=2.249896e-01 | F1=1.736212e-01 | m1²=0.003210 | m2²=0.985663 | eps_w1=2.168475e+00 | eps_w2=4.814171e-02
[step    87100] t/d= 871.000 | task1=3.957586e-01 | task2=2.249589e-01 | F1=1.735993e-01 | m1²=0.003137 | m2²=0.985693 | eps_w1=2.166613e+00 | eps_w2=4.780333e-02
[step    87150] t/d= 871.500 | task1=3.959509e-01 | task2=2.250003e-01 | F1=1.737916e-01 | m1²=0.003214 | m2²=0.985575 | eps_w1=2.170758e+00 | eps_w2=4.865106e-02
[step    87200] t/d= 872.000 | task1=3.957872e-01 | task2=2.249828e-01 | F1=1.736279e-01 | m1²=0.003207 | m2²=0.985770 | eps_w1=2.166888e+00 | eps_w2=4.768810e-02
[step    87250] t/d= 872.500 | task1=3.957946e-01 | task2=2.249696e-01 | F1=1.736352e-01 | m1²=0.003240 | m2²=0.985696 | eps_w1=2.167617e+00 | eps_w2=4.796190e-02
[step    87300] t/d= 873.000 | task1=3.958223e-01 | task2=2.249758e-01 | F1=1.736630e-01 | m1²=0.003233 | m2²=0.985716 | eps_w1=2.168781e+00 | eps_w2=4.807063e-02
[step    87350] t/d= 873.500 | task1=3.956691e-01 | task2=2.249758e-01 | F1=1.735097e-01 | m1²=0.003219 | m2²=0.985716 | eps_w1=2.165794e+00 | eps_w2=4.766687e-02
[step    87400] t/d= 874.000 | task1=3.958684e-01 | task2=2.250341e-01 | F1=1.737091e-01 | m1²=0.003174 | m2²=0.985550 | eps_w1=2.169975e+00 | eps_w2=4.858913e-02
[step    87450] t/d= 874.500 | task1=3.961245e-01 | task2=2.250708e-01 | F1=1.739652e-01 | m1²=0.003029 | m2²=0.985668 | eps_w1=2.174133e+00 | eps_w2=4.884671e-02
[step    87500] t/d= 875.000 | task1=3.961915e-01 | task2=2.250813e-01 | F1=1.740322e-01 | m1²=0.003015 | m2²=0.985559 | eps_w1=2.174799e+00 | eps_w2=4.918053e-02
[step    87550] t/d= 875.500 | task1=3.963421e-01 | task2=2.250491e-01 | F1=1.741828e-01 | m1²=0.002982 | m2²=0.985490 | eps_w1=2.178230e+00 | eps_w2=4.979791e-02
[step    87600] t/d= 876.000 | task1=3.964152e-01 | task2=2.250793e-01 | F1=1.742558e-01 | m1²=0.002959 | m2²=0.985525 | eps_w1=2.180248e+00 | eps_w2=4.999386e-02
[step    87650] t/d= 876.500 | task1=3.964817e-01 | task2=2.250963e-01 | F1=1.743223e-01 | m1²=0.003042 | m2²=0.985331 | eps_w1=2.179952e+00 | eps_w2=5.041562e-02
[step    87700] t/d= 877.000 | task1=3.965218e-01 | task2=2.251238e-01 | F1=1.743625e-01 | m1²=0.002962 | m2²=0.985370 | eps_w1=2.179486e+00 | eps_w2=5.023811e-02
[step    87750] t/d= 877.500 | task1=3.964532e-01 | task2=2.251201e-01 | F1=1.742939e-01 | m1²=0.002863 | m2²=0.985475 | eps_w1=2.177352e+00 | eps_w2=4.967432e-02
[step    87800] t/d= 878.000 | task1=3.964010e-01 | task2=2.250937e-01 | F1=1.742417e-01 | m1²=0.002843 | m2²=0.985408 | eps_w1=2.176672e+00 | eps_w2=4.972732e-02
[step    87850] t/d= 878.500 | task1=3.965117e-01 | task2=2.250539e-01 | F1=1.743524e-01 | m1²=0.002850 | m2²=0.985643 | eps_w1=2.178401e+00 | eps_w2=4.943648e-02
[step    87900] t/d= 879.000 | task1=3.964605e-01 | task2=2.250181e-01 | F1=1.743012e-01 | m1²=0.002831 | m2²=0.985806 | eps_w1=2.178959e+00 | eps_w2=4.914015e-02
[step    87950] t/d= 879.500 | task1=3.962592e-01 | task2=2.250317e-01 | F1=1.740999e-01 | m1²=0.002940 | m2²=0.985733 | eps_w1=2.176821e+00 | eps_w2=4.904113e-02
[step    88000] t/d= 880.000 | task1=3.962890e-01 | task2=2.250680e-01 | F1=1.741296e-01 | m1²=0.002917 | m2²=0.985709 | eps_w1=2.177196e+00 | eps_w2=4.914075e-02
[step    88050] t/d= 880.500 | task1=3.961534e-01 | task2=2.250187e-01 | F1=1.739941e-01 | m1²=0.002921 | m2²=0.985699 | eps_w1=2.174820e+00 | eps_w2=4.883758e-02
[step    88100] t/d= 881.000 | task1=3.960837e-01 | task2=2.250169e-01 | F1=1.739244e-01 | m1²=0.002944 | m2²=0.985843 | eps_w1=2.174360e+00 | eps_w2=4.845724e-02
[step    88150] t/d= 881.500 | task1=3.959492e-01 | task2=2.250085e-01 | F1=1.737898e-01 | m1²=0.003002 | m2²=0.985917 | eps_w1=2.171918e+00 | eps_w2=4.797454e-02
[step    88200] t/d= 882.000 | task1=3.958301e-01 | task2=2.250694e-01 | F1=1.736707e-01 | m1²=0.003050 | m2²=0.985853 | eps_w1=2.170113e+00 | eps_w2=4.788770e-02
[step    88250] t/d= 882.500 | task1=3.959648e-01 | task2=2.250913e-01 | F1=1.738055e-01 | m1²=0.002956 | m2²=0.986109 | eps_w1=2.171804e+00 | eps_w2=4.751190e-02
[step    88300] t/d= 883.000 | task1=3.959482e-01 | task2=2.251426e-01 | F1=1.737889e-01 | m1²=0.002943 | m2²=0.986319 | eps_w1=2.171407e+00 | eps_w2=4.698257e-02
[step    88350] t/d= 883.500 | task1=3.958155e-01 | task2=2.251354e-01 | F1=1.736561e-01 | m1²=0.003009 | m2²=0.986516 | eps_w1=2.167769e+00 | eps_w2=4.606963e-02
[step    88400] t/d= 884.000 | task1=3.957205e-01 | task2=2.251095e-01 | F1=1.735612e-01 | m1²=0.003054 | m2²=0.986577 | eps_w1=2.166819e+00 | eps_w2=4.581896e-02
[step    88450] t/d= 884.500 | task1=3.958822e-01 | task2=2.250985e-01 | F1=1.737229e-01 | m1²=0.003036 | m2²=0.986651 | eps_w1=2.169037e+00 | eps_w2=4.594137e-02
[step    88500] t/d= 885.000 | task1=3.957957e-01 | task2=2.251465e-01 | F1=1.736364e-01 | m1²=0.003053 | m2²=0.986511 | eps_w1=2.167744e+00 | eps_w2=4.609014e-02
[step    88550] t/d= 885.500 | task1=3.960159e-01 | task2=2.251642e-01 | F1=1.738566e-01 | m1²=0.002960 | m2²=0.986457 | eps_w1=2.172797e+00 | eps_w2=4.686369e-02
[step    88600] t/d= 886.000 | task1=3.960040e-01 | task2=2.251693e-01 | F1=1.738447e-01 | m1²=0.002994 | m2²=0.986334 | eps_w1=2.173951e+00 | eps_w2=4.730859e-02
[step    88650] t/d= 886.500 | task1=3.960494e-01 | task2=2.251912e-01 | F1=1.738900e-01 | m1²=0.002956 | m2²=0.986337 | eps_w1=2.175265e+00 | eps_w2=4.746968e-02
[step    88700] t/d= 887.000 | task1=3.961098e-01 | task2=2.251670e-01 | F1=1.739504e-01 | m1²=0.002950 | m2²=0.986144 | eps_w1=2.176365e+00 | eps_w2=4.805383e-02
[step    88750] t/d= 887.500 | task1=3.958880e-01 | task2=2.251959e-01 | F1=1.737287e-01 | m1²=0.002991 | m2²=0.986097 | eps_w1=2.173410e+00 | eps_w2=4.776794e-02
[step    88800] t/d= 888.000 | task1=3.958174e-01 | task2=2.252177e-01 | F1=1.736581e-01 | m1²=0.003088 | m2²=0.986085 | eps_w1=2.171332e+00 | eps_w2=4.754244e-02
[step    88850] t/d= 888.500 | task1=3.959251e-01 | task2=2.252274e-01 | F1=1.737658e-01 | m1²=0.003102 | m2²=0.986083 | eps_w1=2.172655e+00 | eps_w2=4.772885e-02
[step    88900] t/d= 889.000 | task1=3.960441e-01 | task2=2.252757e-01 | F1=1.738848e-01 | m1²=0.003105 | m2²=0.985885 | eps_w1=2.176053e+00 | eps_w2=4.864141e-02
[step    88950] t/d= 889.500 | task1=3.960690e-01 | task2=2.253055e-01 | F1=1.739097e-01 | m1²=0.003054 | m2²=0.985935 | eps_w1=2.176932e+00 | eps_w2=4.863540e-02
[step    89000] t/d= 890.000 | task1=3.958766e-01 | task2=2.253246e-01 | F1=1.737173e-01 | m1²=0.003039 | m2²=0.985959 | eps_w1=2.173468e+00 | eps_w2=4.810211e-02
[step    89050] t/d= 890.500 | task1=3.957890e-01 | task2=2.253269e-01 | F1=1.736296e-01 | m1²=0.003100 | m2²=0.985925 | eps_w1=2.172335e+00 | eps_w2=4.804266e-02
[step    89100] t/d= 891.000 | task1=3.958705e-01 | task2=2.253004e-01 | F1=1.737111e-01 | m1²=0.003148 | m2²=0.985932 | eps_w1=2.173768e+00 | eps_w2=4.823707e-02
[step    89150] t/d= 891.500 | task1=3.958074e-01 | task2=2.253141e-01 | F1=1.736481e-01 | m1²=0.003186 | m2²=0.985792 | eps_w1=2.173772e+00 | eps_w2=4.856478e-02
[step    89200] t/d= 892.000 | task1=3.958062e-01 | task2=2.253193e-01 | F1=1.736469e-01 | m1²=0.003171 | m2²=0.985758 | eps_w1=2.175318e+00 | eps_w2=4.884920e-02
[step    89250] t/d= 892.500 | task1=3.954994e-01 | task2=2.253066e-01 | F1=1.733401e-01 | m1²=0.003186 | m2²=0.985781 | eps_w1=2.169960e+00 | eps_w2=4.807039e-02
[step    89300] t/d= 893.000 | task1=3.956872e-01 | task2=2.253538e-01 | F1=1.735279e-01 | m1²=0.003264 | m2²=0.985668 | eps_w1=2.174985e+00 | eps_w2=4.903278e-02
[step    89350] t/d= 893.500 | task1=3.957775e-01 | task2=2.253133e-01 | F1=1.736182e-01 | m1²=0.003275 | m2²=0.985722 | eps_w1=2.176275e+00 | eps_w2=4.909116e-02
[step    89400] t/d= 894.000 | task1=3.956609e-01 | task2=2.252520e-01 | F1=1.735016e-01 | m1²=0.003321 | m2²=0.985732 | eps_w1=2.174515e+00 | eps_w2=4.884056e-02
[step    89450] t/d= 894.500 | task1=3.956619e-01 | task2=2.252247e-01 | F1=1.735026e-01 | m1²=0.003282 | m2²=0.985954 | eps_w1=2.174907e+00 | eps_w2=4.838254e-02
[step    89500] t/d= 895.000 | task1=3.955791e-01 | task2=2.252127e-01 | F1=1.734198e-01 | m1²=0.003368 | m2²=0.986035 | eps_w1=2.173914e+00 | eps_w2=4.808935e-02
[step    89550] t/d= 895.500 | task1=3.955868e-01 | task2=2.252383e-01 | F1=1.734275e-01 | m1²=0.003308 | m2²=0.985999 | eps_w1=2.173423e+00 | eps_w2=4.808461e-02
[step    89600] t/d= 896.000 | task1=3.955096e-01 | task2=2.252789e-01 | F1=1.733503e-01 | m1²=0.003276 | m2²=0.986086 | eps_w1=2.171718e+00 | eps_w2=4.764651e-02
[step    89650] t/d= 896.500 | task1=3.955878e-01 | task2=2.252976e-01 | F1=1.734285e-01 | m1²=0.003238 | m2²=0.986069 | eps_w1=2.172546e+00 | eps_w2=4.778600e-02
[step    89700] t/d= 897.000 | task1=3.957256e-01 | task2=2.252501e-01 | F1=1.735663e-01 | m1²=0.003221 | m2²=0.986197 | eps_w1=2.173400e+00 | eps_w2=4.761059e-02
[step    89750] t/d= 897.500 | task1=3.956824e-01 | task2=2.252440e-01 | F1=1.735231e-01 | m1²=0.003306 | m2²=0.985935 | eps_w1=2.173572e+00 | eps_w2=4.825025e-02
[step    89800] t/d= 898.000 | task1=3.956835e-01 | task2=2.252345e-01 | F1=1.735241e-01 | m1²=0.003369 | m2²=0.985946 | eps_w1=2.173650e+00 | eps_w2=4.825342e-02
[step    89850] t/d= 898.500 | task1=3.961525e-01 | task2=2.252041e-01 | F1=1.739931e-01 | m1²=0.003374 | m2²=0.986051 | eps_w1=2.183572e+00 | eps_w2=4.939281e-02
[step    89900] t/d= 899.000 | task1=3.964929e-01 | task2=2.251978e-01 | F1=1.743336e-01 | m1²=0.003346 | m2²=0.985828 | eps_w1=2.190459e+00 | eps_w2=5.086945e-02
[step    89950] t/d= 899.500 | task1=3.964126e-01 | task2=2.252205e-01 | F1=1.742533e-01 | m1²=0.003384 | m2²=0.985748 | eps_w1=2.189661e+00 | eps_w2=5.094808e-02
[step    90000] t/d= 900.000 | task1=3.963976e-01 | task2=2.252361e-01 | F1=1.742383e-01 | m1²=0.003359 | m2²=0.985638 | eps_w1=2.189530e+00 | eps_w2=5.117176e-02
[step    90050] t/d= 900.500 | task1=3.965191e-01 | task2=2.252305e-01 | F1=1.743598e-01 | m1²=0.003329 | m2²=0.985502 | eps_w1=2.192493e+00 | eps_w2=5.189779e-02
[step    90100] t/d= 901.000 | task1=3.964706e-01 | task2=2.252706e-01 | F1=1.743112e-01 | m1²=0.003282 | m2²=0.985540 | eps_w1=2.192498e+00 | eps_w2=5.179821e-02
[step    90150] t/d= 901.500 | task1=3.964901e-01 | task2=2.253116e-01 | F1=1.743308e-01 | m1²=0.003300 | m2²=0.985435 | eps_w1=2.192230e+00 | eps_w2=5.200303e-02
[step    90200] t/d= 902.000 | task1=3.965565e-01 | task2=2.252688e-01 | F1=1.743971e-01 | m1²=0.003247 | m2²=0.985489 | eps_w1=2.193842e+00 | eps_w2=5.209824e-02
[step    90250] t/d= 902.500 | task1=3.963819e-01 | task2=2.252741e-01 | F1=1.742225e-01 | m1²=0.003134 | m2²=0.985512 | eps_w1=2.189691e+00 | eps_w2=5.141192e-02
[step    90300] t/d= 903.000 | task1=3.962413e-01 | task2=2.253038e-01 | F1=1.740820e-01 | m1²=0.003162 | m2²=0.985395 | eps_w1=2.186737e+00 | eps_w2=5.126439e-02
[step    90350] t/d= 903.500 | task1=3.964949e-01 | task2=2.252873e-01 | F1=1.743356e-01 | m1²=0.003133 | m2²=0.985434 | eps_w1=2.190243e+00 | eps_w2=5.166753e-02
[step    90400] t/d= 904.000 | task1=3.964870e-01 | task2=2.252890e-01 | F1=1.743277e-01 | m1²=0.003129 | m2²=0.985182 | eps_w1=2.189731e+00 | eps_w2=5.216459e-02
[step    90450] t/d= 904.500 | task1=3.964134e-01 | task2=2.253203e-01 | F1=1.742541e-01 | m1²=0.003127 | m2²=0.985081 | eps_w1=2.189526e+00 | eps_w2=5.236513e-02
[step    90500] t/d= 905.000 | task1=3.964188e-01 | task2=2.253324e-01 | F1=1.742595e-01 | m1²=0.003133 | m2²=0.985099 | eps_w1=2.189625e+00 | eps_w2=5.234025e-02
[step    90550] t/d= 905.500 | task1=3.963783e-01 | task2=2.253178e-01 | F1=1.742190e-01 | m1²=0.003208 | m2²=0.985130 | eps_w1=2.188464e+00 | eps_w2=5.212725e-02
[step    90600] t/d= 906.000 | task1=3.962617e-01 | task2=2.253091e-01 | F1=1.741024e-01 | m1²=0.003192 | m2²=0.984920 | eps_w1=2.187453e+00 | eps_w2=5.245255e-02
[step    90650] t/d= 906.500 | task1=3.962528e-01 | task2=2.253272e-01 | F1=1.740935e-01 | m1²=0.003133 | m2²=0.984883 | eps_w1=2.187860e+00 | eps_w2=5.257773e-02
[step    90700] t/d= 907.000 | task1=3.960876e-01 | task2=2.253290e-01 | F1=1.739283e-01 | m1²=0.003141 | m2²=0.984692 | eps_w1=2.185178e+00 | eps_w2=5.263082e-02
[step    90750] t/d= 907.500 | task1=3.960343e-01 | task2=2.253614e-01 | F1=1.738750e-01 | m1²=0.003182 | m2²=0.984619 | eps_w1=2.184172e+00 | eps_w2=5.266630e-02
[step    90800] t/d= 908.000 | task1=3.960866e-01 | task2=2.253548e-01 | F1=1.739273e-01 | m1²=0.003107 | m2²=0.984779 | eps_w1=2.184742e+00 | eps_w2=5.235957e-02
[step    90850] t/d= 908.500 | task1=3.962689e-01 | task2=2.253563e-01 | F1=1.741096e-01 | m1²=0.003072 | m2²=0.984745 | eps_w1=2.188107e+00 | eps_w2=5.290632e-02
[step    90900] t/d= 909.000 | task1=3.962930e-01 | task2=2.253249e-01 | F1=1.741336e-01 | m1²=0.003068 | m2²=0.984700 | eps_w1=2.189304e+00 | eps_w2=5.317918e-02
[step    90950] t/d= 909.500 | task1=3.961740e-01 | task2=2.253306e-01 | F1=1.740147e-01 | m1²=0.003019 | m2²=0.984673 | eps_w1=2.188277e+00 | eps_w2=5.307706e-02
[step    91000] t/d= 910.000 | task1=3.962840e-01 | task2=2.253096e-01 | F1=1.741247e-01 | m1²=0.002957 | m2²=0.984664 | eps_w1=2.190351e+00 | eps_w2=5.337608e-02
[step    91050] t/d= 910.500 | task1=3.962036e-01 | task2=2.252879e-01 | F1=1.740442e-01 | m1²=0.002932 | m2²=0.984677 | eps_w1=2.189663e+00 | eps_w2=5.324058e-02
[step    91100] t/d= 911.000 | task1=3.965950e-01 | task2=2.253028e-01 | F1=1.744357e-01 | m1²=0.002954 | m2²=0.984670 | eps_w1=2.197904e+00 | eps_w2=5.446284e-02
[step    91150] t/d= 911.500 | task1=3.963697e-01 | task2=2.252698e-01 | F1=1.742104e-01 | m1²=0.002884 | m2²=0.984859 | eps_w1=2.192689e+00 | eps_w2=5.324849e-02
[step    91200] t/d= 912.000 | task1=3.962114e-01 | task2=2.252257e-01 | F1=1.740521e-01 | m1²=0.002793 | m2²=0.985111 | eps_w1=2.187453e+00 | eps_w2=5.189417e-02
[step    91250] t/d= 912.500 | task1=3.964129e-01 | task2=2.252374e-01 | F1=1.742536e-01 | m1²=0.002783 | m2²=0.985194 | eps_w1=2.190976e+00 | eps_w2=5.220838e-02
[step    91300] t/d= 913.000 | task1=3.965442e-01 | task2=2.252393e-01 | F1=1.743849e-01 | m1²=0.002796 | m2²=0.985162 | eps_w1=2.193880e+00 | eps_w2=5.270364e-02
[step    91350] t/d= 913.500 | task1=3.964507e-01 | task2=2.252758e-01 | F1=1.742913e-01 | m1²=0.002779 | m2²=0.985155 | eps_w1=2.192769e+00 | eps_w2=5.255394e-02
[step    91400] t/d= 914.000 | task1=3.964241e-01 | task2=2.252299e-01 | F1=1.742648e-01 | m1²=0.002775 | m2²=0.985260 | eps_w1=2.190916e+00 | eps_w2=5.204549e-02
[step    91450] t/d= 914.500 | task1=3.966254e-01 | task2=2.252680e-01 | F1=1.744661e-01 | m1²=0.002743 | m2²=0.985407 | eps_w1=2.193193e+00 | eps_w2=5.202940e-02
[step    91500] t/d= 915.000 | task1=3.967254e-01 | task2=2.252241e-01 | F1=1.745661e-01 | m1²=0.002761 | m2²=0.985256 | eps_w1=2.194315e+00 | eps_w2=5.254148e-02
[step    91550] t/d= 915.500 | task1=3.966114e-01 | task2=2.252199e-01 | F1=1.744520e-01 | m1²=0.002779 | m2²=0.985117 | eps_w1=2.191179e+00 | eps_w2=5.241070e-02
[step    91600] t/d= 916.000 | task1=3.964010e-01 | task2=2.252265e-01 | F1=1.742417e-01 | m1²=0.002743 | m2²=0.985079 | eps_w1=2.186245e+00 | eps_w2=5.177989e-02
[step    91650] t/d= 916.500 | task1=3.964395e-01 | task2=2.252128e-01 | F1=1.742802e-01 | m1²=0.002703 | m2²=0.985078 | eps_w1=2.185715e+00 | eps_w2=5.169540e-02
[step    91700] t/d= 917.000 | task1=3.963364e-01 | task2=2.251769e-01 | F1=1.741771e-01 | m1²=0.002678 | m2²=0.985154 | eps_w1=2.182679e+00 | eps_w2=5.108597e-02
[step    91750] t/d= 917.500 | task1=3.966470e-01 | task2=2.251612e-01 | F1=1.744876e-01 | m1²=0.002581 | m2²=0.985268 | eps_w1=2.188510e+00 | eps_w2=5.162366e-02
[step    91800] t/d= 918.000 | task1=3.965685e-01 | task2=2.251090e-01 | F1=1.744092e-01 | m1²=0.002623 | m2²=0.985192 | eps_w1=2.186497e+00 | eps_w2=5.152343e-02
[step    91850] t/d= 918.500 | task1=3.966308e-01 | task2=2.250964e-01 | F1=1.744714e-01 | m1²=0.002566 | m2²=0.985182 | eps_w1=2.186900e+00 | eps_w2=5.158464e-02
[step    91900] t/d= 919.000 | task1=3.965412e-01 | task2=2.251016e-01 | F1=1.743819e-01 | m1²=0.002597 | m2²=0.985082 | eps_w1=2.186691e+00 | eps_w2=5.179271e-02
[step    91950] t/d= 919.500 | task1=3.965571e-01 | task2=2.250622e-01 | F1=1.743978e-01 | m1²=0.002652 | m2²=0.985316 | eps_w1=2.187155e+00 | eps_w2=5.134465e-02
[step    92000] t/d= 920.000 | task1=3.965146e-01 | task2=2.250646e-01 | F1=1.743553e-01 | m1²=0.002650 | m2²=0.985316 | eps_w1=2.185795e+00 | eps_w2=5.115061e-02
[step    92050] t/d= 920.500 | task1=3.965399e-01 | task2=2.250584e-01 | F1=1.743806e-01 | m1²=0.002626 | m2²=0.985353 | eps_w1=2.185282e+00 | eps_w2=5.098759e-02
[step    92100] t/d= 921.000 | task1=3.966973e-01 | task2=2.250596e-01 | F1=1.745379e-01 | m1²=0.002711 | m2²=0.985341 | eps_w1=2.190440e+00 | eps_w2=5.177402e-02
[step    92150] t/d= 921.500 | task1=3.967351e-01 | task2=2.250607e-01 | F1=1.745758e-01 | m1²=0.002660 | m2²=0.985446 | eps_w1=2.189785e+00 | eps_w2=5.142709e-02
[step    92200] t/d= 922.000 | task1=3.966116e-01 | task2=2.250999e-01 | F1=1.744523e-01 | m1²=0.002703 | m2²=0.985315 | eps_w1=2.187432e+00 | eps_w2=5.140148e-02
[step    92250] t/d= 922.500 | task1=3.964843e-01 | task2=2.250791e-01 | F1=1.743250e-01 | m1²=0.002660 | m2²=0.985113 | eps_w1=2.184429e+00 | eps_w2=5.142196e-02
[step    92300] t/d= 923.000 | task1=3.968234e-01 | task2=2.250479e-01 | F1=1.746641e-01 | m1²=0.002592 | m2²=0.985178 | eps_w1=2.189773e+00 | eps_w2=5.201201e-02
[step    92350] t/d= 923.500 | task1=3.968586e-01 | task2=2.250407e-01 | F1=1.746992e-01 | m1²=0.002570 | m2²=0.985098 | eps_w1=2.190323e+00 | eps_w2=5.226546e-02
[step    92400] t/d= 924.000 | task1=3.968953e-01 | task2=2.250349e-01 | F1=1.747360e-01 | m1²=0.002577 | m2²=0.984919 | eps_w1=2.189200e+00 | eps_w2=5.251349e-02
[step    92450] t/d= 924.500 | task1=3.969245e-01 | task2=2.250251e-01 | F1=1.747652e-01 | m1²=0.002649 | m2²=0.984743 | eps_w1=2.191368e+00 | eps_w2=5.324653e-02
[step    92500] t/d= 925.000 | task1=3.968317e-01 | task2=2.250203e-01 | F1=1.746723e-01 | m1²=0.002636 | m2²=0.984704 | eps_w1=2.190331e+00 | eps_w2=5.318193e-02
[step    92550] t/d= 925.500 | task1=3.967390e-01 | task2=2.250331e-01 | F1=1.745797e-01 | m1²=0.002700 | m2²=0.984566 | eps_w1=2.189413e+00 | eps_w2=5.338380e-02
[step    92600] t/d= 926.000 | task1=3.969069e-01 | task2=2.250015e-01 | F1=1.747476e-01 | m1²=0.002735 | m2²=0.984515 | eps_w1=2.194158e+00 | eps_w2=5.419615e-02
[step    92650] t/d= 926.500 | task1=3.969546e-01 | task2=2.249599e-01 | F1=1.747953e-01 | m1²=0.002723 | m2²=0.984677 | eps_w1=2.195948e+00 | eps_w2=5.408539e-02
[step    92700] t/d= 927.000 | task1=3.967461e-01 | task2=2.249674e-01 | F1=1.745868e-01 | m1²=0.002796 | m2²=0.984710 | eps_w1=2.191738e+00 | eps_w2=5.342220e-02
[step    92750] t/d= 927.500 | task1=3.968072e-01 | task2=2.249586e-01 | F1=1.746479e-01 | m1²=0.002786 | m2²=0.984778 | eps_w1=2.192790e+00 | eps_w2=5.341580e-02
[step    92800] t/d= 928.000 | task1=3.966195e-01 | task2=2.249694e-01 | F1=1.744601e-01 | m1²=0.002809 | m2²=0.984651 | eps_w1=2.190292e+00 | eps_w2=5.335242e-02
[step    92850] t/d= 928.500 | task1=3.966408e-01 | task2=2.249921e-01 | F1=1.744815e-01 | m1²=0.002837 | m2²=0.984698 | eps_w1=2.190842e+00 | eps_w2=5.333285e-02
[step    92900] t/d= 929.000 | task1=3.964386e-01 | task2=2.249834e-01 | F1=1.742793e-01 | m1²=0.002903 | m2²=0.984845 | eps_w1=2.187471e+00 | eps_w2=5.253618e-02
[step    92950] t/d= 929.500 | task1=3.964586e-01 | task2=2.250516e-01 | F1=1.742993e-01 | m1²=0.002959 | m2²=0.984801 | eps_w1=2.188557e+00 | eps_w2=5.280770e-02
[step    93000] t/d= 930.000 | task1=3.967291e-01 | task2=2.250601e-01 | F1=1.745698e-01 | m1²=0.002986 | m2²=0.984961 | eps_w1=2.192677e+00 | eps_w2=5.304695e-02
[step    93050] t/d= 930.500 | task1=3.967408e-01 | task2=2.250877e-01 | F1=1.745815e-01 | m1²=0.002997 | m2²=0.985016 | eps_w1=2.192990e+00 | eps_w2=5.297024e-02
[step    93100] t/d= 931.000 | task1=3.966833e-01 | task2=2.251055e-01 | F1=1.745240e-01 | m1²=0.002952 | m2²=0.985106 | eps_w1=2.192797e+00 | eps_w2=5.272408e-02
[step    93150] t/d= 931.500 | task1=3.964994e-01 | task2=2.251178e-01 | F1=1.743401e-01 | m1²=0.002904 | m2²=0.985149 | eps_w1=2.190566e+00 | eps_w2=5.228834e-02
[step    93200] t/d= 932.000 | task1=3.963352e-01 | task2=2.251353e-01 | F1=1.741759e-01 | m1²=0.002986 | m2²=0.984956 | eps_w1=2.188121e+00 | eps_w2=5.240251e-02
[step    93250] t/d= 932.500 | task1=3.961413e-01 | task2=2.251477e-01 | F1=1.739819e-01 | m1²=0.003008 | m2²=0.984976 | eps_w1=2.184754e+00 | eps_w2=5.188479e-02
[step    93300] t/d= 933.000 | task1=3.960617e-01 | task2=2.251004e-01 | F1=1.739023e-01 | m1²=0.003111 | m2²=0.985109 | eps_w1=2.183511e+00 | eps_w2=5.144024e-02
[step    93350] t/d= 933.500 | task1=3.960667e-01 | task2=2.250795e-01 | F1=1.739074e-01 | m1²=0.003078 | m2²=0.985084 | eps_w1=2.183161e+00 | eps_w2=5.143709e-02
[step    93400] t/d= 934.000 | task1=3.959216e-01 | task2=2.250820e-01 | F1=1.737623e-01 | m1²=0.003064 | m2²=0.985215 | eps_w1=2.179777e+00 | eps_w2=5.066086e-02
[step    93450] t/d= 934.500 | task1=3.960623e-01 | task2=2.251173e-01 | F1=1.739030e-01 | m1²=0.003105 | m2²=0.985177 | eps_w1=2.183223e+00 | eps_w2=5.124218e-02
[step    93500] t/d= 935.000 | task1=3.960209e-01 | task2=2.251537e-01 | F1=1.738616e-01 | m1²=0.003150 | m2²=0.985378 | eps_w1=2.182921e+00 | eps_w2=5.075931e-02
[step    93550] t/d= 935.500 | task1=3.960968e-01 | task2=2.251489e-01 | F1=1.739374e-01 | m1²=0.003191 | m2²=0.985389 | eps_w1=2.183939e+00 | eps_w2=5.088964e-02
[step    93600] t/d= 936.000 | task1=3.960659e-01 | task2=2.251513e-01 | F1=1.739066e-01 | m1²=0.003145 | m2²=0.985425 | eps_w1=2.185124e+00 | eps_w2=5.096195e-02
[step    93650] t/d= 936.500 | task1=3.960866e-01 | task2=2.251921e-01 | F1=1.739272e-01 | m1²=0.003170 | m2²=0.985318 | eps_w1=2.186908e+00 | eps_w2=5.146483e-02
[step    93700] t/d= 937.000 | task1=3.964811e-01 | task2=2.251406e-01 | F1=1.743218e-01 | m1²=0.003107 | m2²=0.985268 | eps_w1=2.194710e+00 | eps_w2=5.268070e-02
[step    93750] t/d= 937.500 | task1=3.965676e-01 | task2=2.251341e-01 | F1=1.744083e-01 | m1²=0.003116 | m2²=0.985604 | eps_w1=2.195674e+00 | eps_w2=5.205967e-02
[step    93800] t/d= 938.000 | task1=3.965790e-01 | task2=2.250791e-01 | F1=1.744197e-01 | m1²=0.003032 | m2²=0.985764 | eps_w1=2.195381e+00 | eps_w2=5.162528e-02
[step    93850] t/d= 938.500 | task1=3.966507e-01 | task2=2.251600e-01 | F1=1.744914e-01 | m1²=0.003113 | m2²=0.986102 | eps_w1=2.196027e+00 | eps_w2=5.097526e-02
[step    93900] t/d= 939.000 | task1=3.968430e-01 | task2=2.251299e-01 | F1=1.746837e-01 | m1²=0.003045 | m2²=0.986288 | eps_w1=2.198903e+00 | eps_w2=5.094950e-02
[step    93950] t/d= 939.500 | task1=3.967129e-01 | task2=2.251467e-01 | F1=1.745536e-01 | m1²=0.003159 | m2²=0.986207 | eps_w1=2.197013e+00 | eps_w2=5.089433e-02
[step    94000] t/d= 940.000 | task1=3.967337e-01 | task2=2.251156e-01 | F1=1.745744e-01 | m1²=0.003222 | m2²=0.986115 | eps_w1=2.197493e+00 | eps_w2=5.119423e-02
[step    94050] t/d= 940.500 | task1=3.966865e-01 | task2=2.251560e-01 | F1=1.745271e-01 | m1²=0.003183 | m2²=0.986139 | eps_w1=2.196921e+00 | eps_w2=5.104463e-02
[step    94100] t/d= 941.000 | task1=3.967396e-01 | task2=2.251604e-01 | F1=1.745802e-01 | m1²=0.003193 | m2²=0.986078 | eps_w1=2.196782e+00 | eps_w2=5.116626e-02
[step    94150] t/d= 941.500 | task1=3.966165e-01 | task2=2.251587e-01 | F1=1.744571e-01 | m1²=0.003259 | m2²=0.986088 | eps_w1=2.196392e+00 | eps_w2=5.110762e-02
[step    94200] t/d= 942.000 | task1=3.967454e-01 | task2=2.252049e-01 | F1=1.745861e-01 | m1²=0.003232 | m2²=0.986117 | eps_w1=2.199988e+00 | eps_w2=5.155913e-02
[step    94250] t/d= 942.500 | task1=3.966772e-01 | task2=2.251990e-01 | F1=1.745179e-01 | m1²=0.003255 | m2²=0.986262 | eps_w1=2.197971e+00 | eps_w2=5.094011e-02
[step    94300] t/d= 943.000 | task1=3.965458e-01 | task2=2.251936e-01 | F1=1.743864e-01 | m1²=0.003297 | m2²=0.986272 | eps_w1=2.194295e+00 | eps_w2=5.039587e-02
[step    94350] t/d= 943.500 | task1=3.965552e-01 | task2=2.252795e-01 | F1=1.743959e-01 | m1²=0.003228 | m2²=0.986105 | eps_w1=2.193751e+00 | eps_w2=5.067646e-02
[step    94400] t/d= 944.000 | task1=3.965221e-01 | task2=2.252795e-01 | F1=1.743627e-01 | m1²=0.003318 | m2²=0.986171 | eps_w1=2.193486e+00 | eps_w2=5.051612e-02
[step    94450] t/d= 944.500 | task1=3.967324e-01 | task2=2.252909e-01 | F1=1.745730e-01 | m1²=0.003161 | m2²=0.986122 | eps_w1=2.196298e+00 | eps_w2=5.098453e-02
[step    94500] t/d= 945.000 | task1=3.968470e-01 | task2=2.252939e-01 | F1=1.746877e-01 | m1²=0.003108 | m2²=0.985727 | eps_w1=2.198922e+00 | eps_w2=5.225101e-02
[step    94550] t/d= 945.500 | task1=3.969593e-01 | task2=2.252801e-01 | F1=1.748000e-01 | m1²=0.003086 | m2²=0.985986 | eps_w1=2.200033e+00 | eps_w2=5.181651e-02
[step    94600] t/d= 946.000 | task1=3.970605e-01 | task2=2.253064e-01 | F1=1.749012e-01 | m1²=0.003092 | m2²=0.985888 | eps_w1=2.200986e+00 | eps_w2=5.218126e-02
[step    94650] t/d= 946.500 | task1=3.971842e-01 | task2=2.252899e-01 | F1=1.750249e-01 | m1²=0.003081 | m2²=0.985761 | eps_w1=2.203664e+00 | eps_w2=5.286475e-02
[step    94700] t/d= 947.000 | task1=3.972554e-01 | task2=2.253422e-01 | F1=1.750961e-01 | m1²=0.003105 | m2²=0.985727 | eps_w1=2.204715e+00 | eps_w2=5.310677e-02
[step    94750] t/d= 947.500 | task1=3.972817e-01 | task2=2.253171e-01 | F1=1.751224e-01 | m1²=0.003055 | m2²=0.985794 | eps_w1=2.204085e+00 | eps_w2=5.284268e-02
[step    94800] t/d= 948.000 | task1=3.971593e-01 | task2=2.253409e-01 | F1=1.750000e-01 | m1²=0.003050 | m2²=0.985854 | eps_w1=2.201862e+00 | eps_w2=5.237451e-02
[step    94850] t/d= 948.500 | task1=3.972630e-01 | task2=2.253477e-01 | F1=1.751037e-01 | m1²=0.003124 | m2²=0.986000 | eps_w1=2.203901e+00 | eps_w2=5.236676e-02
[step    94900] t/d= 949.000 | task1=3.972739e-01 | task2=2.254028e-01 | F1=1.751146e-01 | m1²=0.003084 | m2²=0.986274 | eps_w1=2.203703e+00 | eps_w2=5.169965e-02
[step    94950] t/d= 949.500 | task1=3.970164e-01 | task2=2.253997e-01 | F1=1.748571e-01 | m1²=0.003140 | m2²=0.986316 | eps_w1=2.198788e+00 | eps_w2=5.089982e-02
[step    95000] t/d= 950.000 | task1=3.970509e-01 | task2=2.254106e-01 | F1=1.748915e-01 | m1²=0.003066 | m2²=0.986639 | eps_w1=2.198976e+00 | eps_w2=5.016683e-02
[step    95050] t/d= 950.500 | task1=3.970588e-01 | task2=2.254029e-01 | F1=1.748995e-01 | m1²=0.003110 | m2²=0.986584 | eps_w1=2.199092e+00 | eps_w2=5.032280e-02
[step    95100] t/d= 951.000 | task1=3.969898e-01 | task2=2.253425e-01 | F1=1.748305e-01 | m1²=0.003117 | m2²=0.986708 | eps_w1=2.196511e+00 | eps_w2=4.966736e-02
[step    95150] t/d= 951.500 | task1=3.970977e-01 | task2=2.253395e-01 | F1=1.749384e-01 | m1²=0.003164 | m2²=0.986691 | eps_w1=2.199116e+00 | eps_w2=5.009888e-02
[step    95200] t/d= 952.000 | task1=3.971363e-01 | task2=2.254102e-01 | F1=1.749770e-01 | m1²=0.003190 | m2²=0.986515 | eps_w1=2.200162e+00 | eps_w2=5.066240e-02
[step    95250] t/d= 952.500 | task1=3.973756e-01 | task2=2.254227e-01 | F1=1.752163e-01 | m1²=0.003237 | m2²=0.986641 | eps_w1=2.204602e+00 | eps_w2=5.104456e-02
[step    95300] t/d= 953.000 | task1=3.974291e-01 | task2=2.254146e-01 | F1=1.752698e-01 | m1²=0.003174 | m2²=0.986517 | eps_w1=2.204083e+00 | eps_w2=5.122848e-02
[step    95350] t/d= 953.500 | task1=3.977037e-01 | task2=2.253989e-01 | F1=1.755444e-01 | m1²=0.003115 | m2²=0.986661 | eps_w1=2.209783e+00 | eps_w2=5.173032e-02
[step    95400] t/d= 954.000 | task1=3.977284e-01 | task2=2.253246e-01 | F1=1.755691e-01 | m1²=0.003103 | m2²=0.986786 | eps_w1=2.210125e+00 | eps_w2=5.149022e-02
[step    95450] t/d= 954.500 | task1=3.977168e-01 | task2=2.253719e-01 | F1=1.755574e-01 | m1²=0.003022 | m2²=0.986790 | eps_w1=2.208393e+00 | eps_w2=5.119507e-02
[step    95500] t/d= 955.000 | task1=3.978737e-01 | task2=2.254100e-01 | F1=1.757144e-01 | m1²=0.002941 | m2²=0.986782 | eps_w1=2.212108e+00 | eps_w2=5.174294e-02
[step    95550] t/d= 955.500 | task1=3.977221e-01 | task2=2.254021e-01 | F1=1.755628e-01 | m1²=0.003019 | m2²=0.986806 | eps_w1=2.209884e+00 | eps_w2=5.138119e-02
[step    95600] t/d= 956.000 | task1=3.977209e-01 | task2=2.253974e-01 | F1=1.755616e-01 | m1²=0.003024 | m2²=0.986866 | eps_w1=2.210024e+00 | eps_w2=5.126532e-02
[step    95650] t/d= 956.500 | task1=3.979712e-01 | task2=2.253765e-01 | F1=1.758119e-01 | m1²=0.003020 | m2²=0.986910 | eps_w1=2.213834e+00 | eps_w2=5.173763e-02
[step    95700] t/d= 957.000 | task1=3.978151e-01 | task2=2.254241e-01 | F1=1.756558e-01 | m1²=0.002979 | m2²=0.986877 | eps_w1=2.209503e+00 | eps_w2=5.114755e-02
[step    95750] t/d= 957.500 | task1=3.979491e-01 | task2=2.254082e-01 | F1=1.757898e-01 | m1²=0.002918 | m2²=0.987063 | eps_w1=2.212422e+00 | eps_w2=5.113906e-02
[step    95800] t/d= 958.000 | task1=3.977810e-01 | task2=2.253976e-01 | F1=1.756217e-01 | m1²=0.002967 | m2²=0.987110 | eps_w1=2.209312e+00 | eps_w2=5.058139e-02
[step    95850] t/d= 958.500 | task1=3.976618e-01 | task2=2.253819e-01 | F1=1.755025e-01 | m1²=0.003025 | m2²=0.987225 | eps_w1=2.207895e+00 | eps_w2=5.012731e-02
[step    95900] t/d= 959.000 | task1=3.975676e-01 | task2=2.253835e-01 | F1=1.754082e-01 | m1²=0.003137 | m2²=0.987150 | eps_w1=2.206931e+00 | eps_w2=5.019199e-02
[step    95950] t/d= 959.500 | task1=3.974926e-01 | task2=2.253480e-01 | F1=1.753332e-01 | m1²=0.003113 | m2²=0.987205 | eps_w1=2.205075e+00 | eps_w2=4.978222e-02
[step    96000] t/d= 960.000 | task1=3.974687e-01 | task2=2.253911e-01 | F1=1.753094e-01 | m1²=0.003111 | m2²=0.987305 | eps_w1=2.204392e+00 | eps_w2=4.945350e-02
[step    96050] t/d= 960.500 | task1=3.977707e-01 | task2=2.253916e-01 | F1=1.756114e-01 | m1²=0.003175 | m2²=0.987201 | eps_w1=2.210125e+00 | eps_w2=5.056405e-02
[step    96100] t/d= 961.000 | task1=3.980760e-01 | task2=2.253103e-01 | F1=1.759166e-01 | m1²=0.003139 | m2²=0.987260 | eps_w1=2.214831e+00 | eps_w2=5.112402e-02
[step    96150] t/d= 961.500 | task1=3.982285e-01 | task2=2.253712e-01 | F1=1.760691e-01 | m1²=0.003166 | m2²=0.987404 | eps_w1=2.217789e+00 | eps_w2=5.125089e-02
[step    96200] t/d= 962.000 | task1=3.982574e-01 | task2=2.253446e-01 | F1=1.760981e-01 | m1²=0.003166 | m2²=0.987278 | eps_w1=2.216729e+00 | eps_w2=5.138003e-02
[step    96250] t/d= 962.500 | task1=3.982527e-01 | task2=2.253241e-01 | F1=1.760933e-01 | m1²=0.003191 | m2²=0.987329 | eps_w1=2.217215e+00 | eps_w2=5.134549e-02
[step    96300] t/d= 963.000 | task1=3.983506e-01 | task2=2.253027e-01 | F1=1.761913e-01 | m1²=0.003216 | m2²=0.987312 | eps_w1=2.219264e+00 | eps_w2=5.170634e-02
[step    96350] t/d= 963.500 | task1=3.982747e-01 | task2=2.253277e-01 | F1=1.761153e-01 | m1²=0.003136 | m2²=0.987261 | eps_w1=2.217045e+00 | eps_w2=5.145744e-02
[step    96400] t/d= 964.000 | task1=3.982828e-01 | task2=2.252986e-01 | F1=1.761235e-01 | m1²=0.003120 | m2²=0.987308 | eps_w1=2.216563e+00 | eps_w2=5.126950e-02
[step    96450] t/d= 964.500 | task1=3.983268e-01 | task2=2.253778e-01 | F1=1.761675e-01 | m1²=0.003076 | m2²=0.987161 | eps_w1=2.219909e+00 | eps_w2=5.210332e-02
[step    96500] t/d= 965.000 | task1=3.983784e-01 | task2=2.253628e-01 | F1=1.762191e-01 | m1²=0.003122 | m2²=0.987071 | eps_w1=2.220440e+00 | eps_w2=5.240822e-02
[step    96550] t/d= 965.500 | task1=3.985242e-01 | task2=2.253741e-01 | F1=1.763649e-01 | m1²=0.003084 | m2²=0.987123 | eps_w1=2.223769e+00 | eps_w2=5.278854e-02
[step    96600] t/d= 966.000 | task1=3.985802e-01 | task2=2.254501e-01 | F1=1.764209e-01 | m1²=0.003138 | m2²=0.987196 | eps_w1=2.224829e+00 | eps_w2=5.280307e-02
[step    96650] t/d= 966.500 | task1=3.986723e-01 | task2=2.254796e-01 | F1=1.765130e-01 | m1²=0.003097 | m2²=0.987400 | eps_w1=2.225441e+00 | eps_w2=5.241388e-02
[step    96700] t/d= 967.000 | task1=3.985689e-01 | task2=2.254821e-01 | F1=1.764096e-01 | m1²=0.003176 | m2²=0.987533 | eps_w1=2.224008e+00 | eps_w2=5.191232e-02
[step    96750] t/d= 967.500 | task1=3.986878e-01 | task2=2.254642e-01 | F1=1.765285e-01 | m1²=0.003082 | m2²=0.987625 | eps_w1=2.225768e+00 | eps_w2=5.194050e-02
[step    96800] t/d= 968.000 | task1=3.988272e-01 | task2=2.254575e-01 | F1=1.766679e-01 | m1²=0.003208 | m2²=0.987702 | eps_w1=2.229928e+00 | eps_w2=5.245694e-02
[step    96850] t/d= 968.500 | task1=3.984976e-01 | task2=2.254805e-01 | F1=1.763383e-01 | m1²=0.003340 | m2²=0.987663 | eps_w1=2.223750e+00 | eps_w2=5.162882e-02
[step    96900] t/d= 969.000 | task1=3.985186e-01 | task2=2.254350e-01 | F1=1.763593e-01 | m1²=0.003317 | m2²=0.987655 | eps_w1=2.224453e+00 | eps_w2=5.174824e-02
[step    96950] t/d= 969.500 | task1=3.983869e-01 | task2=2.254854e-01 | F1=1.762276e-01 | m1²=0.003172 | m2²=0.987714 | eps_w1=2.223051e+00 | eps_w2=5.134620e-02
[step    97000] t/d= 970.000 | task1=3.982573e-01 | task2=2.254381e-01 | F1=1.760980e-01 | m1²=0.003198 | m2²=0.987669 | eps_w1=2.220430e+00 | eps_w2=5.105728e-02
[step    97050] t/d= 970.500 | task1=3.984185e-01 | task2=2.254229e-01 | F1=1.762592e-01 | m1²=0.003241 | m2²=0.987767 | eps_w1=2.223954e+00 | eps_w2=5.138858e-02
[step    97100] t/d= 971.000 | task1=3.985269e-01 | task2=2.253993e-01 | F1=1.763676e-01 | m1²=0.003279 | m2²=0.987831 | eps_w1=2.226023e+00 | eps_w2=5.157418e-02
[step    97150] t/d= 971.500 | task1=3.985107e-01 | task2=2.254364e-01 | F1=1.763514e-01 | m1²=0.003240 | m2²=0.987777 | eps_w1=2.226462e+00 | eps_w2=5.175221e-02
[step    97200] t/d= 972.000 | task1=3.983870e-01 | task2=2.254630e-01 | F1=1.762277e-01 | m1²=0.003194 | m2²=0.987868 | eps_w1=2.224762e+00 | eps_w2=5.126335e-02
[step    97250] t/d= 972.500 | task1=3.985203e-01 | task2=2.254481e-01 | F1=1.763610e-01 | m1²=0.003130 | m2²=0.987884 | eps_w1=2.226180e+00 | eps_w2=5.142552e-02
[step    97300] t/d= 973.000 | task1=3.986058e-01 | task2=2.254255e-01 | F1=1.764465e-01 | m1²=0.003107 | m2²=0.988114 | eps_w1=2.226936e+00 | eps_w2=5.100367e-02
[step    97350] t/d= 973.500 | task1=3.984803e-01 | task2=2.253925e-01 | F1=1.763209e-01 | m1²=0.003050 | m2²=0.988152 | eps_w1=2.223946e+00 | eps_w2=5.043389e-02
[step    97400] t/d= 974.000 | task1=3.984713e-01 | task2=2.254316e-01 | F1=1.763120e-01 | m1²=0.003025 | m2²=0.988264 | eps_w1=2.224571e+00 | eps_w2=5.026417e-02
[step    97450] t/d= 974.500 | task1=3.984730e-01 | task2=2.253993e-01 | F1=1.763137e-01 | m1²=0.003083 | m2²=0.988242 | eps_w1=2.223762e+00 | eps_w2=5.020867e-02
[step    97500] t/d= 975.000 | task1=3.985638e-01 | task2=2.254028e-01 | F1=1.764045e-01 | m1²=0.003091 | m2²=0.988368 | eps_w1=2.225370e+00 | eps_w2=5.016937e-02
[step    97550] t/d= 975.500 | task1=3.985842e-01 | task2=2.253523e-01 | F1=1.764249e-01 | m1²=0.002977 | m2²=0.988401 | eps_w1=2.225233e+00 | eps_w2=5.003464e-02
[step    97600] t/d= 976.000 | task1=3.985074e-01 | task2=2.253789e-01 | F1=1.763481e-01 | m1²=0.002951 | m2²=0.988399 | eps_w1=2.223505e+00 | eps_w2=4.976460e-02
[step    97650] t/d= 976.500 | task1=3.987656e-01 | task2=2.253370e-01 | F1=1.766063e-01 | m1²=0.002880 | m2²=0.988352 | eps_w1=2.228024e+00 | eps_w2=5.054403e-02
[step    97700] t/d= 977.000 | task1=3.985752e-01 | task2=2.253054e-01 | F1=1.764159e-01 | m1²=0.003014 | m2²=0.988375 | eps_w1=2.224716e+00 | eps_w2=5.002556e-02
[step    97750] t/d= 977.500 | task1=3.984930e-01 | task2=2.252638e-01 | F1=1.763336e-01 | m1²=0.003031 | m2²=0.988235 | eps_w1=2.223176e+00 | eps_w2=5.011796e-02
[step    97800] t/d= 978.000 | task1=3.985324e-01 | task2=2.253231e-01 | F1=1.763731e-01 | m1²=0.003047 | m2²=0.988211 | eps_w1=2.223464e+00 | eps_w2=5.022386e-02
[step    97850] t/d= 978.500 | task1=3.985689e-01 | task2=2.253637e-01 | F1=1.764096e-01 | m1²=0.003059 | m2²=0.988114 | eps_w1=2.225452e+00 | eps_w2=5.075606e-02
[step    97900] t/d= 979.000 | task1=3.984188e-01 | task2=2.253774e-01 | F1=1.762595e-01 | m1²=0.003067 | m2²=0.988160 | eps_w1=2.223274e+00 | eps_w2=5.031731e-02
[step    97950] t/d= 979.500 | task1=3.985558e-01 | task2=2.254065e-01 | F1=1.763965e-01 | m1²=0.003117 | m2²=0.988335 | eps_w1=2.225014e+00 | eps_w2=5.020060e-02
[step    98000] t/d= 980.000 | task1=3.984520e-01 | task2=2.254676e-01 | F1=1.762927e-01 | m1²=0.003148 | m2²=0.988095 | eps_w1=2.225256e+00 | eps_w2=5.080052e-02
[step    98050] t/d= 980.500 | task1=3.984046e-01 | task2=2.254396e-01 | F1=1.762453e-01 | m1²=0.003178 | m2²=0.988129 | eps_w1=2.223562e+00 | eps_w2=5.047183e-02
[step    98100] t/d= 981.000 | task1=3.984142e-01 | task2=2.254820e-01 | F1=1.762548e-01 | m1²=0.003246 | m2²=0.987824 | eps_w1=2.223125e+00 | eps_w2=5.112949e-02
[step    98150] t/d= 981.500 | task1=3.986152e-01 | task2=2.255456e-01 | F1=1.764559e-01 | m1²=0.003138 | m2²=0.987841 | eps_w1=2.227764e+00 | eps_w2=5.177204e-02
[step    98200] t/d= 982.000 | task1=3.986393e-01 | task2=2.254927e-01 | F1=1.764800e-01 | m1²=0.003107 | m2²=0.987759 | eps_w1=2.227328e+00 | eps_w2=5.188269e-02
[step    98250] t/d= 982.500 | task1=3.987290e-01 | task2=2.255049e-01 | F1=1.765697e-01 | m1²=0.003077 | m2²=0.987649 | eps_w1=2.229308e+00 | eps_w2=5.243637e-02
[step    98300] t/d= 983.000 | task1=3.987592e-01 | task2=2.254813e-01 | F1=1.765999e-01 | m1²=0.003159 | m2²=0.987554 | eps_w1=2.230643e+00 | eps_w2=5.289234e-02
[step    98350] t/d= 983.500 | task1=3.986688e-01 | task2=2.254726e-01 | F1=1.765095e-01 | m1²=0.003085 | m2²=0.987536 | eps_w1=2.229426e+00 | eps_w2=5.271887e-02
[step    98400] t/d= 984.000 | task1=3.984182e-01 | task2=2.254794e-01 | F1=1.762589e-01 | m1²=0.003106 | m2²=0.987625 | eps_w1=2.223760e+00 | eps_w2=5.163910e-02
[step    98450] t/d= 984.500 | task1=3.984969e-01 | task2=2.254860e-01 | F1=1.763376e-01 | m1²=0.003124 | m2²=0.987536 | eps_w1=2.225712e+00 | eps_w2=5.215253e-02
[step    98500] t/d= 985.000 | task1=3.984832e-01 | task2=2.254552e-01 | F1=1.763239e-01 | m1²=0.003125 | m2²=0.987505 | eps_w1=2.224968e+00 | eps_w2=5.210789e-02
[step    98550] t/d= 985.500 | task1=3.985814e-01 | task2=2.254972e-01 | F1=1.764220e-01 | m1²=0.003105 | m2²=0.987585 | eps_w1=2.227802e+00 | eps_w2=5.235873e-02
[step    98600] t/d= 986.000 | task1=3.985577e-01 | task2=2.255077e-01 | F1=1.763984e-01 | m1²=0.003175 | m2²=0.987440 | eps_w1=2.229062e+00 | eps_w2=5.291376e-02
[step    98650] t/d= 986.500 | task1=3.984600e-01 | task2=2.255107e-01 | F1=1.763007e-01 | m1²=0.003260 | m2²=0.987540 | eps_w1=2.227648e+00 | eps_w2=5.249250e-02
[step    98700] t/d= 987.000 | task1=3.986843e-01 | task2=2.255389e-01 | F1=1.765250e-01 | m1²=0.003319 | m2²=0.987732 | eps_w1=2.233311e+00 | eps_w2=5.295762e-02
[step    98750] t/d= 987.500 | task1=3.985734e-01 | task2=2.255600e-01 | F1=1.764141e-01 | m1²=0.003416 | m2²=0.987618 | eps_w1=2.231203e+00 | eps_w2=5.292348e-02
[step    98800] t/d= 988.000 | task1=3.984419e-01 | task2=2.255166e-01 | F1=1.762825e-01 | m1²=0.003411 | m2²=0.987741 | eps_w1=2.228662e+00 | eps_w2=5.223792e-02
[step    98850] t/d= 988.500 | task1=3.984703e-01 | task2=2.255294e-01 | F1=1.763110e-01 | m1²=0.003372 | m2²=0.987951 | eps_w1=2.226984e+00 | eps_w2=5.147802e-02
[step    98900] t/d= 989.000 | task1=3.984633e-01 | task2=2.254250e-01 | F1=1.763040e-01 | m1²=0.003345 | m2²=0.987799 | eps_w1=2.227108e+00 | eps_w2=5.184012e-02
[step    98950] t/d= 989.500 | task1=3.983171e-01 | task2=2.254017e-01 | F1=1.761577e-01 | m1²=0.003278 | m2²=0.988010 | eps_w1=2.223510e+00 | eps_w2=5.077162e-02
[step    99000] t/d= 990.000 | task1=3.981863e-01 | task2=2.254148e-01 | F1=1.760270e-01 | m1²=0.003242 | m2²=0.988044 | eps_w1=2.220619e+00 | eps_w2=5.023819e-02
[step    99050] t/d= 990.500 | task1=3.981700e-01 | task2=2.254370e-01 | F1=1.760106e-01 | m1²=0.003281 | m2²=0.987860 | eps_w1=2.220561e+00 | eps_w2=5.066573e-02
[step    99100] t/d= 991.000 | task1=3.983755e-01 | task2=2.254009e-01 | F1=1.762162e-01 | m1²=0.003283 | m2²=0.988027 | eps_w1=2.224499e+00 | eps_w2=5.088773e-02
[step    99150] t/d= 991.500 | task1=3.981420e-01 | task2=2.253984e-01 | F1=1.759826e-01 | m1²=0.003347 | m2²=0.987904 | eps_w1=2.221334e+00 | eps_w2=5.070458e-02
[step    99200] t/d= 992.000 | task1=3.983272e-01 | task2=2.253838e-01 | F1=1.761678e-01 | m1²=0.003241 | m2²=0.987992 | eps_w1=2.223396e+00 | eps_w2=5.078438e-02
[step    99250] t/d= 992.500 | task1=3.983413e-01 | task2=2.253505e-01 | F1=1.761820e-01 | m1²=0.003267 | m2²=0.987967 | eps_w1=2.224895e+00 | eps_w2=5.108057e-02
[step    99300] t/d= 993.000 | task1=3.981697e-01 | task2=2.253955e-01 | F1=1.760104e-01 | m1²=0.003315 | m2²=0.987885 | eps_w1=2.221584e+00 | eps_w2=5.077607e-02
[step    99350] t/d= 993.500 | task1=3.981272e-01 | task2=2.253730e-01 | F1=1.759679e-01 | m1²=0.003236 | m2²=0.987923 | eps_w1=2.221090e+00 | eps_w2=5.058514e-02
[step    99400] t/d= 994.000 | task1=3.981165e-01 | task2=2.253912e-01 | F1=1.759572e-01 | m1²=0.003194 | m2²=0.988156 | eps_w1=2.220059e+00 | eps_w2=4.987886e-02
[step    99450] t/d= 994.500 | task1=3.980095e-01 | task2=2.253918e-01 | F1=1.758502e-01 | m1²=0.003270 | m2²=0.988213 | eps_w1=2.217801e+00 | eps_w2=4.942966e-02
[step    99500] t/d= 995.000 | task1=3.978816e-01 | task2=2.253201e-01 | F1=1.757223e-01 | m1²=0.003263 | m2²=0.988234 | eps_w1=2.215044e+00 | eps_w2=4.896233e-02
[step    99550] t/d= 995.500 | task1=3.978119e-01 | task2=2.253389e-01 | F1=1.756526e-01 | m1²=0.003259 | m2²=0.988179 | eps_w1=2.215167e+00 | eps_w2=4.910608e-02
[step    99600] t/d= 996.000 | task1=3.977152e-01 | task2=2.253572e-01 | F1=1.755559e-01 | m1²=0.003333 | m2²=0.988168 | eps_w1=2.214581e+00 | eps_w2=4.906590e-02
[step    99650] t/d= 996.500 | task1=3.978996e-01 | task2=2.253817e-01 | F1=1.757402e-01 | m1²=0.003367 | m2²=0.988241 | eps_w1=2.218060e+00 | eps_w2=4.943713e-02
[step    99700] t/d= 997.000 | task1=3.978176e-01 | task2=2.253818e-01 | F1=1.756583e-01 | m1²=0.003323 | m2²=0.988186 | eps_w1=2.216452e+00 | eps_w2=4.930377e-02
[step    99750] t/d= 997.500 | task1=3.977248e-01 | task2=2.254503e-01 | F1=1.755654e-01 | m1²=0.003250 | m2²=0.988288 | eps_w1=2.214551e+00 | eps_w2=4.875874e-02
[step    99800] t/d= 998.000 | task1=3.977739e-01 | task2=2.254552e-01 | F1=1.756146e-01 | m1²=0.003216 | m2²=0.988276 | eps_w1=2.215445e+00 | eps_w2=4.890955e-02
[step    99850] t/d= 998.500 | task1=3.976533e-01 | task2=2.254452e-01 | F1=1.754940e-01 | m1²=0.003169 | m2²=0.988308 | eps_w1=2.212257e+00 | eps_w2=4.834235e-02
[step    99900] t/d= 999.000 | task1=3.974682e-01 | task2=2.254158e-01 | F1=1.753089e-01 | m1²=0.003197 | m2²=0.988243 | eps_w1=2.208182e+00 | eps_w2=4.789414e-02
[step    99950] t/d= 999.500 | task1=3.974975e-01 | task2=2.254078e-01 | F1=1.753382e-01 | m1²=0.003104 | m2²=0.988227 | eps_w1=2.207065e+00 | eps_w2=4.773733e-02
[step   100000] t/d=1000.000 | task1=3.974744e-01 | task2=2.254154e-01 | F1=1.753151e-01 | m1²=0.002993 | m2²=0.988154 | eps_w1=2.206217e+00 | eps_w2=4.774353e-02
[step   100050] t/d=1000.500 | task1=3.972469e-01 | task2=2.253927e-01 | F1=1.750875e-01 | m1²=0.002968 | m2²=0.988236 | eps_w1=2.201535e+00 | eps_w2=4.686389e-02
[step   100100] t/d=1001.000 | task1=3.972124e-01 | task2=2.253888e-01 | F1=1.750530e-01 | m1²=0.002918 | m2²=0.988353 | eps_w1=2.200283e+00 | eps_w2=4.639907e-02
[step   100150] t/d=1001.500 | task1=3.972011e-01 | task2=2.253206e-01 | F1=1.750417e-01 | m1²=0.003023 | m2²=0.988179 | eps_w1=2.200083e+00 | eps_w2=4.679992e-02
[step   100200] t/d=1002.000 | task1=3.970857e-01 | task2=2.252935e-01 | F1=1.749264e-01 | m1²=0.003081 | m2²=0.988072 | eps_w1=2.199730e+00 | eps_w2=4.701126e-02
[step   100250] t/d=1002.500 | task1=3.969606e-01 | task2=2.252692e-01 | F1=1.748012e-01 | m1²=0.003097 | m2²=0.988066 | eps_w1=2.197596e+00 | eps_w2=4.672243e-02
[step   100300] t/d=1003.000 | task1=3.969559e-01 | task2=2.252493e-01 | F1=1.747966e-01 | m1²=0.003031 | m2²=0.988337 | eps_w1=2.196205e+00 | eps_w2=4.588468e-02
[step   100350] t/d=1003.500 | task1=3.971621e-01 | task2=2.252054e-01 | F1=1.750028e-01 | m1²=0.003032 | m2²=0.988401 | eps_w1=2.200334e+00 | eps_w2=4.633342e-02
[step   100400] t/d=1004.000 | task1=3.970343e-01 | task2=2.252447e-01 | F1=1.748750e-01 | m1²=0.003029 | m2²=0.988388 | eps_w1=2.196612e+00 | eps_w2=4.582640e-02
[step   100450] t/d=1004.500 | task1=3.970162e-01 | task2=2.252153e-01 | F1=1.748568e-01 | m1²=0.002973 | m2²=0.988564 | eps_w1=2.194195e+00 | eps_w2=4.506299e-02
[step   100500] t/d=1005.000 | task1=3.968685e-01 | task2=2.252031e-01 | F1=1.747091e-01 | m1²=0.002938 | m2²=0.988618 | eps_w1=2.190595e+00 | eps_w2=4.442072e-02
[step   100550] t/d=1005.500 | task1=3.966760e-01 | task2=2.251817e-01 | F1=1.745167e-01 | m1²=0.003087 | m2²=0.988352 | eps_w1=2.188294e+00 | eps_w2=4.474813e-02
[step   100600] t/d=1006.000 | task1=3.964868e-01 | task2=2.251488e-01 | F1=1.743274e-01 | m1²=0.003066 | m2²=0.988416 | eps_w1=2.183885e+00 | eps_w2=4.398277e-02
[step   100650] t/d=1006.500 | task1=3.965104e-01 | task2=2.251818e-01 | F1=1.743510e-01 | m1²=0.003099 | m2²=0.988330 | eps_w1=2.184689e+00 | eps_w2=4.430048e-02
[step   100700] t/d=1007.000 | task1=3.965845e-01 | task2=2.251573e-01 | F1=1.744251e-01 | m1²=0.003200 | m2²=0.988358 | eps_w1=2.186406e+00 | eps_w2=4.450630e-02
[step   100750] t/d=1007.500 | task1=3.966748e-01 | task2=2.251750e-01 | F1=1.745155e-01 | m1²=0.003172 | m2²=0.988356 | eps_w1=2.187922e+00 | eps_w2=4.471379e-02
[step   100800] t/d=1008.000 | task1=3.966300e-01 | task2=2.251275e-01 | F1=1.744706e-01 | m1²=0.003225 | m2²=0.988233 | eps_w1=2.187437e+00 | eps_w2=4.494040e-02
[step   100850] t/d=1008.500 | task1=3.968009e-01 | task2=2.251499e-01 | F1=1.746416e-01 | m1²=0.003166 | m2²=0.988152 | eps_w1=2.190269e+00 | eps_w2=4.550309e-02
[step   100900] t/d=1009.000 | task1=3.967619e-01 | task2=2.251804e-01 | F1=1.746026e-01 | m1²=0.003211 | m2²=0.988086 | eps_w1=2.189052e+00 | eps_w2=4.549628e-02
[step   100950] t/d=1009.500 | task1=3.967986e-01 | task2=2.251267e-01 | F1=1.746392e-01 | m1²=0.003158 | m2²=0.988276 | eps_w1=2.189455e+00 | eps_w2=4.510564e-02
[step   101000] t/d=1010.000 | task1=3.968645e-01 | task2=2.251167e-01 | F1=1.747052e-01 | m1²=0.003228 | m2²=0.988196 | eps_w1=2.193417e+00 | eps_w2=4.586835e-02
[step   101050] t/d=1010.500 | task1=3.968738e-01 | task2=2.251138e-01 | F1=1.747145e-01 | m1²=0.003216 | m2²=0.988043 | eps_w1=2.194782e+00 | eps_w2=4.640893e-02
[step   101100] t/d=1011.000 | task1=3.967520e-01 | task2=2.250922e-01 | F1=1.745927e-01 | m1²=0.003279 | m2²=0.988189 | eps_w1=2.192380e+00 | eps_w2=4.575338e-02
[step   101150] t/d=1011.500 | task1=3.968659e-01 | task2=2.250880e-01 | F1=1.747066e-01 | m1²=0.003227 | m2²=0.988425 | eps_w1=2.193888e+00 | eps_w2=4.541521e-02
[step   101200] t/d=1012.000 | task1=3.970764e-01 | task2=2.250629e-01 | F1=1.749171e-01 | m1²=0.003368 | m2²=0.988528 | eps_w1=2.198667e+00 | eps_w2=4.590924e-02
[step   101250] t/d=1012.500 | task1=3.971918e-01 | task2=2.250688e-01 | F1=1.750325e-01 | m1²=0.003434 | m2²=0.988575 | eps_w1=2.201425e+00 | eps_w2=4.622215e-02
[step   101300] t/d=1013.000 | task1=3.972435e-01 | task2=2.251099e-01 | F1=1.750842e-01 | m1²=0.003509 | m2²=0.988597 | eps_w1=2.201258e+00 | eps_w2=4.617091e-02
[step   101350] t/d=1013.500 | task1=3.972418e-01 | task2=2.251328e-01 | F1=1.750824e-01 | m1²=0.003428 | m2²=0.988617 | eps_w1=2.200931e+00 | eps_w2=4.605097e-02
[step   101400] t/d=1014.000 | task1=3.971933e-01 | task2=2.251642e-01 | F1=1.750340e-01 | m1²=0.003539 | m2²=0.988396 | eps_w1=2.201472e+00 | eps_w2=4.667166e-02
[step   101450] t/d=1014.500 | task1=3.970593e-01 | task2=2.251890e-01 | F1=1.749000e-01 | m1²=0.003471 | m2²=0.988214 | eps_w1=2.198629e+00 | eps_w2=4.665321e-02
[step   101500] t/d=1015.000 | task1=3.970863e-01 | task2=2.252205e-01 | F1=1.749269e-01 | m1²=0.003528 | m2²=0.988051 | eps_w1=2.200250e+00 | eps_w2=4.727760e-02
[step   101550] t/d=1015.500 | task1=3.971802e-01 | task2=2.252489e-01 | F1=1.750209e-01 | m1²=0.003329 | m2²=0.987973 | eps_w1=2.202914e+00 | eps_w2=4.778102e-02
[step   101600] t/d=1016.000 | task1=3.971524e-01 | task2=2.252375e-01 | F1=1.749930e-01 | m1²=0.003348 | m2²=0.988069 | eps_w1=2.202134e+00 | eps_w2=4.745416e-02
[step   101650] t/d=1016.500 | task1=3.970372e-01 | task2=2.252252e-01 | F1=1.748779e-01 | m1²=0.003216 | m2²=0.988100 | eps_w1=2.200299e+00 | eps_w2=4.707360e-02
[step   101700] t/d=1017.000 | task1=3.970576e-01 | task2=2.252034e-01 | F1=1.748983e-01 | m1²=0.003164 | m2²=0.988212 | eps_w1=2.200656e+00 | eps_w2=4.685336e-02
[step   101750] t/d=1017.500 | task1=3.969255e-01 | task2=2.252359e-01 | F1=1.747662e-01 | m1²=0.003037 | m2²=0.988141 | eps_w1=2.198616e+00 | eps_w2=4.667825e-02
[step   101800] t/d=1018.000 | task1=3.968703e-01 | task2=2.252528e-01 | F1=1.747109e-01 | m1²=0.003094 | m2²=0.987858 | eps_w1=2.198896e+00 | eps_w2=4.738366e-02
[step   101850] t/d=1018.500 | task1=3.965849e-01 | task2=2.252710e-01 | F1=1.744256e-01 | m1²=0.003128 | m2²=0.987838 | eps_w1=2.194326e+00 | eps_w2=4.678320e-02
[step   101900] t/d=1019.000 | task1=3.967011e-01 | task2=2.252684e-01 | F1=1.745418e-01 | m1²=0.003126 | m2²=0.987802 | eps_w1=2.196957e+00 | eps_w2=4.724110e-02
[step   101950] t/d=1019.500 | task1=3.966807e-01 | task2=2.252686e-01 | F1=1.745214e-01 | m1²=0.003101 | m2²=0.987903 | eps_w1=2.196969e+00 | eps_w2=4.700424e-02
[step   102000] t/d=1020.000 | task1=3.964817e-01 | task2=2.253498e-01 | F1=1.743224e-01 | m1²=0.003109 | m2²=0.987726 | eps_w1=2.194165e+00 | eps_w2=4.700907e-02
[step   102050] t/d=1020.500 | task1=3.965324e-01 | task2=2.253534e-01 | F1=1.743731e-01 | m1²=0.003140 | m2²=0.987641 | eps_w1=2.195343e+00 | eps_w2=4.737986e-02
[step   102100] t/d=1021.000 | task1=3.963850e-01 | task2=2.253364e-01 | F1=1.742257e-01 | m1²=0.003168 | m2²=0.987552 | eps_w1=2.191781e+00 | eps_w2=4.708324e-02
[step   102150] t/d=1021.500 | task1=3.964279e-01 | task2=2.253636e-01 | F1=1.742685e-01 | m1²=0.003141 | m2²=0.987471 | eps_w1=2.191516e+00 | eps_w2=4.722138e-02
[step   102200] t/d=1022.000 | task1=3.964064e-01 | task2=2.253510e-01 | F1=1.742471e-01 | m1²=0.003094 | m2²=0.987750 | eps_w1=2.190751e+00 | eps_w2=4.646309e-02
[step   102250] t/d=1022.500 | task1=3.964109e-01 | task2=2.253382e-01 | F1=1.742515e-01 | m1²=0.003143 | m2²=0.987748 | eps_w1=2.191669e+00 | eps_w2=4.661433e-02
[step   102300] t/d=1023.000 | task1=3.964713e-01 | task2=2.253264e-01 | F1=1.743120e-01 | m1²=0.003226 | m2²=0.987632 | eps_w1=2.194276e+00 | eps_w2=4.727528e-02
[step   102350] t/d=1023.500 | task1=3.964784e-01 | task2=2.252986e-01 | F1=1.743191e-01 | m1²=0.003181 | m2²=0.987720 | eps_w1=2.193480e+00 | eps_w2=4.694738e-02
[step   102400] t/d=1024.000 | task1=3.964792e-01 | task2=2.252896e-01 | F1=1.743199e-01 | m1²=0.003310 | m2²=0.987649 | eps_w1=2.194347e+00 | eps_w2=4.727177e-02
[step   102450] t/d=1024.500 | task1=3.963070e-01 | task2=2.252447e-01 | F1=1.741476e-01 | m1²=0.003398 | m2²=0.987670 | eps_w1=2.191434e+00 | eps_w2=4.683667e-02
[step   102500] t/d=1025.000 | task1=3.962961e-01 | task2=2.252361e-01 | F1=1.741368e-01 | m1²=0.003344 | m2²=0.987405 | eps_w1=2.191297e+00 | eps_w2=4.740376e-02
[step   102550] t/d=1025.500 | task1=3.964199e-01 | task2=2.252505e-01 | F1=1.742606e-01 | m1²=0.003387 | m2²=0.987341 | eps_w1=2.192757e+00 | eps_w2=4.776993e-02
[step   102600] t/d=1026.000 | task1=3.964973e-01 | task2=2.252726e-01 | F1=1.743380e-01 | m1²=0.003457 | m2²=0.987574 | eps_w1=2.193631e+00 | eps_w2=4.738665e-02
[step   102650] t/d=1026.500 | task1=3.963396e-01 | task2=2.252588e-01 | F1=1.741802e-01 | m1²=0.003503 | m2²=0.987594 | eps_w1=2.191112e+00 | eps_w2=4.699661e-02
[step   102700] t/d=1027.000 | task1=3.963088e-01 | task2=2.252367e-01 | F1=1.741495e-01 | m1²=0.003495 | m2²=0.987722 | eps_w1=2.190517e+00 | eps_w2=4.661825e-02
[step   102750] t/d=1027.500 | task1=3.965768e-01 | task2=2.252202e-01 | F1=1.744175e-01 | m1²=0.003299 | m2²=0.987852 | eps_w1=2.194745e+00 | eps_w2=4.686412e-02
[step   102800] t/d=1028.000 | task1=3.967145e-01 | task2=2.251957e-01 | F1=1.745552e-01 | m1²=0.003239 | m2²=0.987728 | eps_w1=2.196798e+00 | eps_w2=4.742331e-02
[step   102850] t/d=1028.500 | task1=3.967887e-01 | task2=2.251729e-01 | F1=1.746293e-01 | m1²=0.003200 | m2²=0.987546 | eps_w1=2.199457e+00 | eps_w2=4.820983e-02
[step   102900] t/d=1029.000 | task1=3.968831e-01 | task2=2.251748e-01 | F1=1.747238e-01 | m1²=0.003234 | m2²=0.987582 | eps_w1=2.201519e+00 | eps_w2=4.843805e-02
[step   102950] t/d=1029.500 | task1=3.967711e-01 | task2=2.252551e-01 | F1=1.746117e-01 | m1²=0.003219 | m2²=0.987173 | eps_w1=2.198460e+00 | eps_w2=4.892253e-02
[step   103000] t/d=1030.000 | task1=3.968158e-01 | task2=2.252383e-01 | F1=1.746565e-01 | m1²=0.003212 | m2²=0.987171 | eps_w1=2.199915e+00 | eps_w2=4.913700e-02
[step   103050] t/d=1030.500 | task1=3.969885e-01 | task2=2.252240e-01 | F1=1.748292e-01 | m1²=0.003211 | m2²=0.987109 | eps_w1=2.204334e+00 | eps_w2=4.992609e-02
[step   103100] t/d=1031.000 | task1=3.970198e-01 | task2=2.252032e-01 | F1=1.748604e-01 | m1²=0.003235 | m2²=0.987145 | eps_w1=2.205349e+00 | eps_w2=5.000141e-02
[step   103150] t/d=1031.500 | task1=3.968063e-01 | task2=2.252004e-01 | F1=1.746469e-01 | m1²=0.003299 | m2²=0.987028 | eps_w1=2.199851e+00 | eps_w2=4.948121e-02
[step   103200] t/d=1032.000 | task1=3.967297e-01 | task2=2.251922e-01 | F1=1.745704e-01 | m1²=0.003356 | m2²=0.987116 | eps_w1=2.196795e+00 | eps_w2=4.885442e-02
[step   103250] t/d=1032.500 | task1=3.966229e-01 | task2=2.252066e-01 | F1=1.744636e-01 | m1²=0.003501 | m2²=0.987091 | eps_w1=2.196161e+00 | eps_w2=4.886594e-02
[step   103300] t/d=1033.000 | task1=3.966533e-01 | task2=2.251752e-01 | F1=1.744940e-01 | m1²=0.003475 | m2²=0.987266 | eps_w1=2.195382e+00 | eps_w2=4.834597e-02
[step   103350] t/d=1033.500 | task1=3.967634e-01 | task2=2.251783e-01 | F1=1.746041e-01 | m1²=0.003519 | m2²=0.987240 | eps_w1=2.197038e+00 | eps_w2=4.865799e-02
[step   103400] t/d=1034.000 | task1=3.967421e-01 | task2=2.251885e-01 | F1=1.745828e-01 | m1²=0.003553 | m2²=0.987355 | eps_w1=2.195691e+00 | eps_w2=4.821336e-02
[step   103450] t/d=1034.500 | task1=3.966852e-01 | task2=2.252054e-01 | F1=1.745259e-01 | m1²=0.003603 | m2²=0.987097 | eps_w1=2.195965e+00 | eps_w2=4.885565e-02
[step   103500] t/d=1035.000 | task1=3.967927e-01 | task2=2.252235e-01 | F1=1.746334e-01 | m1²=0.003571 | m2²=0.987138 | eps_w1=2.199565e+00 | eps_w2=4.927530e-02
[step   103550] t/d=1035.500 | task1=3.967369e-01 | task2=2.251933e-01 | F1=1.745776e-01 | m1²=0.003559 | m2²=0.987223 | eps_w1=2.197606e+00 | eps_w2=4.879214e-02
[step   103600] t/d=1036.000 | task1=3.965915e-01 | task2=2.252209e-01 | F1=1.744322e-01 | m1²=0.003503 | m2²=0.987127 | eps_w1=2.194197e+00 | eps_w2=4.850111e-02
[step   103650] t/d=1036.500 | task1=3.966763e-01 | task2=2.251951e-01 | F1=1.745169e-01 | m1²=0.003544 | m2²=0.987133 | eps_w1=2.196130e+00 | eps_w2=4.877810e-02
[step   103700] t/d=1037.000 | task1=3.967272e-01 | task2=2.252375e-01 | F1=1.745679e-01 | m1²=0.003547 | m2²=0.987074 | eps_w1=2.196021e+00 | eps_w2=4.889838e-02
[step   103750] t/d=1037.500 | task1=3.964575e-01 | task2=2.251925e-01 | F1=1.742982e-01 | m1²=0.003536 | m2²=0.987008 | eps_w1=2.191060e+00 | eps_w2=4.833271e-02
[step   103800] t/d=1038.000 | task1=3.966652e-01 | task2=2.252013e-01 | F1=1.745059e-01 | m1²=0.003354 | m2²=0.987107 | eps_w1=2.193791e+00 | eps_w2=4.844169e-02
[step   103850] t/d=1038.500 | task1=3.966363e-01 | task2=2.252069e-01 | F1=1.744770e-01 | m1²=0.003312 | m2²=0.987118 | eps_w1=2.192226e+00 | eps_w2=4.817812e-02
[step   103900] t/d=1039.000 | task1=3.964856e-01 | task2=2.252201e-01 | F1=1.743263e-01 | m1²=0.003310 | m2²=0.987038 | eps_w1=2.190123e+00 | eps_w2=4.805900e-02
[step   103950] t/d=1039.500 | task1=3.965988e-01 | task2=2.252582e-01 | F1=1.744395e-01 | m1²=0.003247 | m2²=0.986900 | eps_w1=2.192151e+00 | eps_w2=4.864402e-02
[step   104000] t/d=1040.000 | task1=3.965586e-01 | task2=2.252736e-01 | F1=1.743992e-01 | m1²=0.003334 | m2²=0.986913 | eps_w1=2.191005e+00 | eps_w2=4.847699e-02
[step   104050] t/d=1040.500 | task1=3.964560e-01 | task2=2.252321e-01 | F1=1.742967e-01 | m1²=0.003343 | m2²=0.986883 | eps_w1=2.187386e+00 | eps_w2=4.803529e-02
[step   104100] t/d=1041.000 | task1=3.964825e-01 | task2=2.252762e-01 | F1=1.743231e-01 | m1²=0.003332 | m2²=0.986750 | eps_w1=2.187990e+00 | eps_w2=4.841823e-02
[step   104150] t/d=1041.500 | task1=3.967289e-01 | task2=2.252565e-01 | F1=1.745696e-01 | m1²=0.003328 | m2²=0.986672 | eps_w1=2.193593e+00 | eps_w2=4.939436e-02
[step   104200] t/d=1042.000 | task1=3.967122e-01 | task2=2.252454e-01 | F1=1.745529e-01 | m1²=0.003330 | m2²=0.986504 | eps_w1=2.191876e+00 | eps_w2=4.953080e-02
[step   104250] t/d=1042.500 | task1=3.967786e-01 | task2=2.252278e-01 | F1=1.746193e-01 | m1²=0.003396 | m2²=0.986460 | eps_w1=2.192676e+00 | eps_w2=4.976624e-02
[step   104300] t/d=1043.000 | task1=3.969511e-01 | task2=2.252384e-01 | F1=1.747917e-01 | m1²=0.003384 | m2²=0.986695 | eps_w1=2.195348e+00 | eps_w2=4.961285e-02
[step   104350] t/d=1043.500 | task1=3.967937e-01 | task2=2.252545e-01 | F1=1.746344e-01 | m1²=0.003364 | m2²=0.986745 | eps_w1=2.190296e+00 | eps_w2=4.876841e-02
[step   104400] t/d=1044.000 | task1=3.969575e-01 | task2=2.252625e-01 | F1=1.747981e-01 | m1²=0.003353 | m2²=0.986700 | eps_w1=2.193580e+00 | eps_w2=4.933579e-02
[step   104450] t/d=1044.500 | task1=3.970226e-01 | task2=2.252928e-01 | F1=1.748632e-01 | m1²=0.003322 | m2²=0.986587 | eps_w1=2.193849e+00 | eps_w2=4.962227e-02
[step   104500] t/d=1045.000 | task1=3.970578e-01 | task2=2.252878e-01 | F1=1.748985e-01 | m1²=0.003256 | m2²=0.986715 | eps_w1=2.195345e+00 | eps_w2=4.952613e-02
[step   104550] t/d=1045.500 | task1=3.970572e-01 | task2=2.252502e-01 | F1=1.748979e-01 | m1²=0.003240 | m2²=0.986807 | eps_w1=2.193769e+00 | eps_w2=4.908387e-02
[step   104600] t/d=1046.000 | task1=3.970091e-01 | task2=2.252257e-01 | F1=1.748498e-01 | m1²=0.003184 | m2²=0.986605 | eps_w1=2.190549e+00 | eps_w2=4.906476e-02
[step   104650] t/d=1046.500 | task1=3.970511e-01 | task2=2.252128e-01 | F1=1.748918e-01 | m1²=0.003237 | m2²=0.986793 | eps_w1=2.191718e+00 | eps_w2=4.882138e-02
[step   104700] t/d=1047.000 | task1=3.970773e-01 | task2=2.252340e-01 | F1=1.749180e-01 | m1²=0.003229 | m2²=0.986926 | eps_w1=2.191789e+00 | eps_w2=4.852576e-02
[step   104750] t/d=1047.500 | task1=3.972279e-01 | task2=2.252111e-01 | F1=1.750686e-01 | m1²=0.003280 | m2²=0.986984 | eps_w1=2.194830e+00 | eps_w2=4.884694e-02
[step   104800] t/d=1048.000 | task1=3.973567e-01 | task2=2.252561e-01 | F1=1.751973e-01 | m1²=0.003280 | m2²=0.986932 | eps_w1=2.197955e+00 | eps_w2=4.941822e-02
[step   104850] t/d=1048.500 | task1=3.975317e-01 | task2=2.252452e-01 | F1=1.753723e-01 | m1²=0.003298 | m2²=0.987010 | eps_w1=2.202345e+00 | eps_w2=4.988673e-02
[step   104900] t/d=1049.000 | task1=3.976352e-01 | task2=2.252160e-01 | F1=1.754759e-01 | m1²=0.003305 | m2²=0.986838 | eps_w1=2.205243e+00 | eps_w2=5.071118e-02
[step   104950] t/d=1049.500 | task1=3.975240e-01 | task2=2.252254e-01 | F1=1.753647e-01 | m1²=0.003360 | m2²=0.986863 | eps_w1=2.203091e+00 | eps_w2=5.035328e-02
[step   105000] t/d=1050.000 | task1=3.975556e-01 | task2=2.252324e-01 | F1=1.753962e-01 | m1²=0.003292 | m2²=0.986769 | eps_w1=2.204044e+00 | eps_w2=5.068640e-02
[step   105050] t/d=1050.500 | task1=3.978015e-01 | task2=2.252771e-01 | F1=1.756422e-01 | m1²=0.003375 | m2²=0.986618 | eps_w1=2.208059e+00 | eps_w2=5.165484e-02
[step   105100] t/d=1051.000 | task1=3.977897e-01 | task2=2.252854e-01 | F1=1.756304e-01 | m1²=0.003370 | m2²=0.986578 | eps_w1=2.209062e+00 | eps_w2=5.189680e-02
[step   105150] t/d=1051.500 | task1=3.977241e-01 | task2=2.252787e-01 | F1=1.755648e-01 | m1²=0.003399 | m2²=0.986556 | eps_w1=2.207413e+00 | eps_w2=5.170927e-02
[step   105200] t/d=1052.000 | task1=3.977118e-01 | task2=2.252685e-01 | F1=1.755525e-01 | m1²=0.003499 | m2²=0.986664 | eps_w1=2.208078e+00 | eps_w2=5.159519e-02
[step   105250] t/d=1052.500 | task1=3.977206e-01 | task2=2.252815e-01 | F1=1.755612e-01 | m1²=0.003509 | m2²=0.986594 | eps_w1=2.207255e+00 | eps_w2=5.163376e-02
[step   105300] t/d=1053.000 | task1=3.977732e-01 | task2=2.253112e-01 | F1=1.756139e-01 | m1²=0.003535 | m2²=0.986570 | eps_w1=2.209587e+00 | eps_w2=5.204808e-02
[step   105350] t/d=1053.500 | task1=3.978820e-01 | task2=2.253184e-01 | F1=1.757226e-01 | m1²=0.003572 | m2²=0.986483 | eps_w1=2.212044e+00 | eps_w2=5.263018e-02
[step   105400] t/d=1054.000 | task1=3.978059e-01 | task2=2.252793e-01 | F1=1.756466e-01 | m1²=0.003609 | m2²=0.986300 | eps_w1=2.210586e+00 | eps_w2=5.284169e-02
[step   105450] t/d=1054.500 | task1=3.976754e-01 | task2=2.252866e-01 | F1=1.755161e-01 | m1²=0.003653 | m2²=0.986188 | eps_w1=2.207105e+00 | eps_w2=5.258838e-02
[step   105500] t/d=1055.000 | task1=3.976802e-01 | task2=2.252885e-01 | F1=1.755208e-01 | m1²=0.003548 | m2²=0.986328 | eps_w1=2.207342e+00 | eps_w2=5.227067e-02
[step   105550] t/d=1055.500 | task1=3.972813e-01 | task2=2.253073e-01 | F1=1.751219e-01 | m1²=0.003606 | m2²=0.986163 | eps_w1=2.199302e+00 | eps_w2=5.147274e-02
[step   105600] t/d=1056.000 | task1=3.971432e-01 | task2=2.253512e-01 | F1=1.749839e-01 | m1²=0.003635 | m2²=0.986055 | eps_w1=2.197733e+00 | eps_w2=5.149957e-02
[step   105650] t/d=1056.500 | task1=3.973698e-01 | task2=2.252973e-01 | F1=1.752104e-01 | m1²=0.003542 | m2²=0.985914 | eps_w1=2.202695e+00 | eps_w2=5.252278e-02
[step   105700] t/d=1057.000 | task1=3.974320e-01 | task2=2.252782e-01 | F1=1.752726e-01 | m1²=0.003597 | m2²=0.985815 | eps_w1=2.203054e+00 | eps_w2=5.281839e-02
[step   105750] t/d=1057.500 | task1=3.973596e-01 | task2=2.253188e-01 | F1=1.752003e-01 | m1²=0.003550 | m2²=0.985872 | eps_w1=2.201204e+00 | eps_w2=5.239975e-02
[step   105800] t/d=1058.000 | task1=3.974022e-01 | task2=2.253292e-01 | F1=1.752429e-01 | m1²=0.003376 | m2²=0.986121 | eps_w1=2.201666e+00 | eps_w2=5.184155e-02
[step   105850] t/d=1058.500 | task1=3.971896e-01 | task2=2.253229e-01 | F1=1.750302e-01 | m1²=0.003387 | m2²=0.986052 | eps_w1=2.197117e+00 | eps_w2=5.133589e-02
[step   105900] t/d=1059.000 | task1=3.969443e-01 | task2=2.253344e-01 | F1=1.747850e-01 | m1²=0.003433 | m2²=0.986035 | eps_w1=2.192327e+00 | eps_w2=5.069553e-02
[step   105950] t/d=1059.500 | task1=3.969522e-01 | task2=2.252966e-01 | F1=1.747929e-01 | m1²=0.003346 | m2²=0.986251 | eps_w1=2.190955e+00 | eps_w2=4.997907e-02
[step   106000] t/d=1060.000 | task1=3.970511e-01 | task2=2.253200e-01 | F1=1.748918e-01 | m1²=0.003346 | m2²=0.986224 | eps_w1=2.192881e+00 | eps_w2=5.031607e-02
[step   106050] t/d=1060.500 | task1=3.970267e-01 | task2=2.252865e-01 | F1=1.748674e-01 | m1²=0.003353 | m2²=0.986214 | eps_w1=2.192555e+00 | eps_w2=5.029378e-02
[step   106100] t/d=1061.000 | task1=3.967601e-01 | task2=2.252631e-01 | F1=1.746008e-01 | m1²=0.003359 | m2²=0.986258 | eps_w1=2.186423e+00 | eps_w2=4.932072e-02
[step   106150] t/d=1061.500 | task1=3.969439e-01 | task2=2.252964e-01 | F1=1.747845e-01 | m1²=0.003237 | m2²=0.986148 | eps_w1=2.189338e+00 | eps_w2=4.994827e-02
[step   106200] t/d=1062.000 | task1=3.968965e-01 | task2=2.252780e-01 | F1=1.747372e-01 | m1²=0.003276 | m2²=0.986291 | eps_w1=2.189296e+00 | eps_w2=4.962995e-02
[step   106250] t/d=1062.500 | task1=3.968331e-01 | task2=2.252790e-01 | F1=1.746738e-01 | m1²=0.003194 | m2²=0.986421 | eps_w1=2.187657e+00 | eps_w2=4.907662e-02
[step   106300] t/d=1063.000 | task1=3.966917e-01 | task2=2.252792e-01 | F1=1.745323e-01 | m1²=0.003116 | m2²=0.986431 | eps_w1=2.184801e+00 | eps_w2=4.862654e-02
[step   106350] t/d=1063.500 | task1=3.966366e-01 | task2=2.252794e-01 | F1=1.744773e-01 | m1²=0.003118 | m2²=0.986254 | eps_w1=2.184897e+00 | eps_w2=4.904022e-02
[step   106400] t/d=1064.000 | task1=3.966804e-01 | task2=2.252432e-01 | F1=1.745211e-01 | m1²=0.003168 | m2²=0.986186 | eps_w1=2.185485e+00 | eps_w2=4.929299e-02
[step   106450] t/d=1064.500 | task1=3.966385e-01 | task2=2.252318e-01 | F1=1.744791e-01 | m1²=0.003078 | m2²=0.986123 | eps_w1=2.184691e+00 | eps_w2=4.929642e-02
[step   106500] t/d=1065.000 | task1=3.966570e-01 | task2=2.252487e-01 | F1=1.744977e-01 | m1²=0.003019 | m2²=0.986417 | eps_w1=2.185154e+00 | eps_w2=4.867844e-02
[step   106550] t/d=1065.500 | task1=3.968636e-01 | task2=2.253180e-01 | F1=1.747043e-01 | m1²=0.003080 | m2²=0.986295 | eps_w1=2.189268e+00 | eps_w2=4.955417e-02
[step   106600] t/d=1066.000 | task1=3.968667e-01 | task2=2.253520e-01 | F1=1.747074e-01 | m1²=0.003112 | m2²=0.986158 | eps_w1=2.188992e+00 | eps_w2=4.983677e-02
[step   106650] t/d=1066.500 | task1=3.969904e-01 | task2=2.253583e-01 | F1=1.748311e-01 | m1²=0.002910 | m2²=0.986097 | eps_w1=2.192525e+00 | eps_w2=5.041651e-02
[step   106700] t/d=1067.000 | task1=3.971310e-01 | task2=2.253401e-01 | F1=1.749717e-01 | m1²=0.002958 | m2²=0.985925 | eps_w1=2.194662e+00 | eps_w2=5.113199e-02
[step   106750] t/d=1067.500 | task1=3.969424e-01 | task2=2.253397e-01 | F1=1.747831e-01 | m1²=0.002952 | m2²=0.986004 | eps_w1=2.192240e+00 | eps_w2=5.060080e-02
[step   106800] t/d=1068.000 | task1=3.970965e-01 | task2=2.253567e-01 | F1=1.749371e-01 | m1²=0.002969 | m2²=0.985847 | eps_w1=2.194880e+00 | eps_w2=5.134470e-02
[step   106850] t/d=1068.500 | task1=3.971057e-01 | task2=2.253681e-01 | F1=1.749464e-01 | m1²=0.003092 | m2²=0.985624 | eps_w1=2.195728e+00 | eps_w2=5.201435e-02
[step   106900] t/d=1069.000 | task1=3.972293e-01 | task2=2.253685e-01 | F1=1.750700e-01 | m1²=0.003122 | m2²=0.985649 | eps_w1=2.198563e+00 | eps_w2=5.238043e-02
[step   106950] t/d=1069.500 | task1=3.971173e-01 | task2=2.253518e-01 | F1=1.749580e-01 | m1²=0.003100 | m2²=0.985625 | eps_w1=2.196677e+00 | eps_w2=5.215313e-02
[step   107000] t/d=1070.000 | task1=3.969950e-01 | task2=2.253547e-01 | F1=1.748357e-01 | m1²=0.003070 | m2²=0.985898 | eps_w1=2.194307e+00 | eps_w2=5.117694e-02
[step   107050] t/d=1070.500 | task1=3.970598e-01 | task2=2.253570e-01 | F1=1.749004e-01 | m1²=0.003046 | m2²=0.985854 | eps_w1=2.194616e+00 | eps_w2=5.131418e-02
[step   107100] t/d=1071.000 | task1=3.970731e-01 | task2=2.253722e-01 | F1=1.749138e-01 | m1²=0.003006 | m2²=0.985857 | eps_w1=2.194706e+00 | eps_w2=5.130865e-02
[step   107150] t/d=1071.500 | task1=3.971844e-01 | task2=2.253760e-01 | F1=1.750251e-01 | m1²=0.002916 | m2²=0.985835 | eps_w1=2.197062e+00 | eps_w2=5.167124e-02
[step   107200] t/d=1072.000 | task1=3.972708e-01 | task2=2.254319e-01 | F1=1.751115e-01 | m1²=0.002976 | m2²=0.985523 | eps_w1=2.199255e+00 | eps_w2=5.272281e-02
[step   107250] t/d=1072.500 | task1=3.972178e-01 | task2=2.254100e-01 | F1=1.750584e-01 | m1²=0.003025 | m2²=0.985548 | eps_w1=2.198003e+00 | eps_w2=5.249789e-02
[step   107300] t/d=1073.000 | task1=3.971837e-01 | task2=2.253899e-01 | F1=1.750243e-01 | m1²=0.003051 | m2²=0.985520 | eps_w1=2.198088e+00 | eps_w2=5.258199e-02
[step   107350] t/d=1073.500 | task1=3.970589e-01 | task2=2.252999e-01 | F1=1.748996e-01 | m1²=0.003106 | m2²=0.985540 | eps_w1=2.194805e+00 | eps_w2=5.207559e-02
[step   107400] t/d=1074.000 | task1=3.971719e-01 | task2=2.253255e-01 | F1=1.750126e-01 | m1²=0.003119 | m2²=0.985614 | eps_w1=2.198169e+00 | eps_w2=5.240252e-02
[step   107450] t/d=1074.500 | task1=3.972781e-01 | task2=2.253131e-01 | F1=1.751188e-01 | m1²=0.003044 | m2²=0.985747 | eps_w1=2.200557e+00 | eps_w2=5.242515e-02
[step   107500] t/d=1075.000 | task1=3.974201e-01 | task2=2.253045e-01 | F1=1.752608e-01 | m1²=0.003087 | m2²=0.985858 | eps_w1=2.202826e+00 | eps_w2=5.252141e-02
[step   107550] t/d=1075.500 | task1=3.972985e-01 | task2=2.252500e-01 | F1=1.751392e-01 | m1²=0.003112 | m2²=0.986015 | eps_w1=2.201359e+00 | eps_w2=5.195289e-02
[step   107600] t/d=1076.000 | task1=3.971886e-01 | task2=2.252728e-01 | F1=1.750293e-01 | m1²=0.003114 | m2²=0.986249 | eps_w1=2.197987e+00 | eps_w2=5.092679e-02
[step   107650] t/d=1076.500 | task1=3.973587e-01 | task2=2.252716e-01 | F1=1.751994e-01 | m1²=0.003236 | m2²=0.986326 | eps_w1=2.200047e+00 | eps_w2=5.109190e-02
[step   107700] t/d=1077.000 | task1=3.973403e-01 | task2=2.253319e-01 | F1=1.751810e-01 | m1²=0.003250 | m2²=0.986386 | eps_w1=2.199694e+00 | eps_w2=5.090726e-02
[step   107750] t/d=1077.500 | task1=3.974763e-01 | task2=2.253149e-01 | F1=1.753170e-01 | m1²=0.003242 | m2²=0.986534 | eps_w1=2.201336e+00 | eps_w2=5.080809e-02
[step   107800] t/d=1078.000 | task1=3.975617e-01 | task2=2.252970e-01 | F1=1.754024e-01 | m1²=0.003249 | m2²=0.986477 | eps_w1=2.203660e+00 | eps_w2=5.128279e-02
[step   107850] t/d=1078.500 | task1=3.975721e-01 | task2=2.252881e-01 | F1=1.754128e-01 | m1²=0.003355 | m2²=0.986386 | eps_w1=2.205074e+00 | eps_w2=5.173409e-02
[step   107900] t/d=1079.000 | task1=3.975327e-01 | task2=2.252768e-01 | F1=1.753734e-01 | m1²=0.003446 | m2²=0.986378 | eps_w1=2.205592e+00 | eps_w2=5.186003e-02
[step   107950] t/d=1079.500 | task1=3.976030e-01 | task2=2.252556e-01 | F1=1.754436e-01 | m1²=0.003479 | m2²=0.986368 | eps_w1=2.206854e+00 | eps_w2=5.208187e-02
[step   108000] t/d=1080.000 | task1=3.977446e-01 | task2=2.252197e-01 | F1=1.755852e-01 | m1²=0.003524 | m2²=0.986585 | eps_w1=2.209272e+00 | eps_w2=5.196221e-02
[step   108050] t/d=1080.500 | task1=3.977187e-01 | task2=2.252511e-01 | F1=1.755594e-01 | m1²=0.003648 | m2²=0.986745 | eps_w1=2.208577e+00 | eps_w2=5.153338e-02
[step   108100] t/d=1081.000 | task1=3.976913e-01 | task2=2.252766e-01 | F1=1.755320e-01 | m1²=0.003720 | m2²=0.986526 | eps_w1=2.207839e+00 | eps_w2=5.194705e-02
[step   108150] t/d=1081.500 | task1=3.976649e-01 | task2=2.252437e-01 | F1=1.755055e-01 | m1²=0.003779 | m2²=0.986527 | eps_w1=2.206565e+00 | eps_w2=5.177425e-02
[step   108200] t/d=1082.000 | task1=3.977386e-01 | task2=2.252619e-01 | F1=1.755792e-01 | m1²=0.003830 | m2²=0.986463 | eps_w1=2.208531e+00 | eps_w2=5.223240e-02
[step   108250] t/d=1082.500 | task1=3.976758e-01 | task2=2.252811e-01 | F1=1.755164e-01 | m1²=0.003765 | m2²=0.986623 | eps_w1=2.206001e+00 | eps_w2=5.146502e-02
[step   108300] t/d=1083.000 | task1=3.977346e-01 | task2=2.252728e-01 | F1=1.755753e-01 | m1²=0.003719 | m2²=0.986613 | eps_w1=2.207879e+00 | eps_w2=5.175426e-02
[step   108350] t/d=1083.500 | task1=3.976412e-01 | task2=2.252964e-01 | F1=1.754819e-01 | m1²=0.003769 | m2²=0.986581 | eps_w1=2.206993e+00 | eps_w2=5.170997e-02
[step   108400] t/d=1084.000 | task1=3.975505e-01 | task2=2.253204e-01 | F1=1.753912e-01 | m1²=0.003773 | m2²=0.986839 | eps_w1=2.204674e+00 | eps_w2=5.077712e-02
[step   108450] t/d=1084.500 | task1=3.974322e-01 | task2=2.252848e-01 | F1=1.752729e-01 | m1²=0.003812 | m2²=0.986654 | eps_w1=2.203852e+00 | eps_w2=5.109071e-02
[step   108500] t/d=1085.000 | task1=3.975820e-01 | task2=2.252360e-01 | F1=1.754226e-01 | m1²=0.003840 | m2²=0.986736 | eps_w1=2.206125e+00 | eps_w2=5.124897e-02
[step   108550] t/d=1085.500 | task1=3.974104e-01 | task2=2.252453e-01 | F1=1.752511e-01 | m1²=0.003836 | m2²=0.986660 | eps_w1=2.204225e+00 | eps_w2=5.113872e-02
[step   108600] t/d=1086.000 | task1=3.971581e-01 | task2=2.252434e-01 | F1=1.749988e-01 | m1²=0.004007 | m2²=0.986716 | eps_w1=2.200518e+00 | eps_w2=5.051974e-02
[step   108650] t/d=1086.500 | task1=3.972099e-01 | task2=2.252817e-01 | F1=1.750505e-01 | m1²=0.003981 | m2²=0.986785 | eps_w1=2.201709e+00 | eps_w2=5.052775e-02
[step   108700] t/d=1087.000 | task1=3.970842e-01 | task2=2.253211e-01 | F1=1.749249e-01 | m1²=0.003969 | m2²=0.986723 | eps_w1=2.198937e+00 | eps_w2=5.025790e-02
[step   108750] t/d=1087.500 | task1=3.971083e-01 | task2=2.253114e-01 | F1=1.749490e-01 | m1²=0.004044 | m2²=0.986496 | eps_w1=2.198509e+00 | eps_w2=5.073783e-02
[step   108800] t/d=1088.000 | task1=3.971245e-01 | task2=2.253107e-01 | F1=1.749652e-01 | m1²=0.004062 | m2²=0.986418 | eps_w1=2.198716e+00 | eps_w2=5.095273e-02
[step   108850] t/d=1088.500 | task1=3.970726e-01 | task2=2.252852e-01 | F1=1.749133e-01 | m1²=0.004115 | m2²=0.986364 | eps_w1=2.199305e+00 | eps_w2=5.117965e-02
[step   108900] t/d=1089.000 | task1=3.971262e-01 | task2=2.252766e-01 | F1=1.749669e-01 | m1²=0.004112 | m2²=0.986288 | eps_w1=2.201539e+00 | eps_w2=5.168220e-02
[step   108950] t/d=1089.500 | task1=3.970869e-01 | task2=2.252379e-01 | F1=1.749276e-01 | m1²=0.004138 | m2²=0.986132 | eps_w1=2.202367e+00 | eps_w2=5.217049e-02
[step   109000] t/d=1090.000 | task1=3.972206e-01 | task2=2.252499e-01 | F1=1.750613e-01 | m1²=0.004088 | m2²=0.986314 | eps_w1=2.203015e+00 | eps_w2=5.183451e-02
[step   109050] t/d=1090.500 | task1=3.973628e-01 | task2=2.252343e-01 | F1=1.752034e-01 | m1²=0.004024 | m2²=0.986368 | eps_w1=2.205077e+00 | eps_w2=5.199514e-02
[step   109100] t/d=1091.000 | task1=3.974481e-01 | task2=2.251888e-01 | F1=1.752887e-01 | m1²=0.004047 | m2²=0.986348 | eps_w1=2.207673e+00 | eps_w2=5.243892e-02
[step   109150] t/d=1091.500 | task1=3.974573e-01 | task2=2.251496e-01 | F1=1.752979e-01 | m1²=0.004044 | m2²=0.986374 | eps_w1=2.206160e+00 | eps_w2=5.215047e-02
[step   109200] t/d=1092.000 | task1=3.975717e-01 | task2=2.251823e-01 | F1=1.754124e-01 | m1²=0.004121 | m2²=0.986350 | eps_w1=2.208676e+00 | eps_w2=5.261106e-02
[step   109250] t/d=1092.500 | task1=3.977091e-01 | task2=2.251807e-01 | F1=1.755498e-01 | m1²=0.004138 | m2²=0.986385 | eps_w1=2.210509e+00 | eps_w2=5.281320e-02
[step   109300] t/d=1093.000 | task1=3.976693e-01 | task2=2.251497e-01 | F1=1.755100e-01 | m1²=0.004218 | m2²=0.986574 | eps_w1=2.209879e+00 | eps_w2=5.231068e-02
[step   109350] t/d=1093.500 | task1=3.976903e-01 | task2=2.250925e-01 | F1=1.755309e-01 | m1²=0.004092 | m2²=0.986740 | eps_w1=2.209595e+00 | eps_w2=5.184531e-02
[step   109400] t/d=1094.000 | task1=3.977012e-01 | task2=2.250809e-01 | F1=1.755419e-01 | m1²=0.004072 | m2²=0.986889 | eps_w1=2.209458e+00 | eps_w2=5.147650e-02
[step   109450] t/d=1094.500 | task1=3.976805e-01 | task2=2.250937e-01 | F1=1.755211e-01 | m1²=0.004091 | m2²=0.986997 | eps_w1=2.209886e+00 | eps_w2=5.129979e-02
[step   109500] t/d=1095.000 | task1=3.977310e-01 | task2=2.251496e-01 | F1=1.755717e-01 | m1²=0.004166 | m2²=0.987028 | eps_w1=2.210997e+00 | eps_w2=5.141962e-02
[step   109550] t/d=1095.500 | task1=3.978010e-01 | task2=2.251474e-01 | F1=1.756417e-01 | m1²=0.004173 | m2²=0.986923 | eps_w1=2.212184e+00 | eps_w2=5.184407e-02
[step   109600] t/d=1096.000 | task1=3.978673e-01 | task2=2.251580e-01 | F1=1.757080e-01 | m1²=0.004128 | m2²=0.987062 | eps_w1=2.212443e+00 | eps_w2=5.154868e-02
[step   109650] t/d=1096.500 | task1=3.978187e-01 | task2=2.251952e-01 | F1=1.756594e-01 | m1²=0.004120 | m2²=0.987215 | eps_w1=2.211857e+00 | eps_w2=5.110628e-02
[step   109700] t/d=1097.000 | task1=3.977817e-01 | task2=2.251944e-01 | F1=1.756224e-01 | m1²=0.004120 | m2²=0.987480 | eps_w1=2.209741e+00 | eps_w2=5.017943e-02
[step   109750] t/d=1097.500 | task1=3.977774e-01 | task2=2.251945e-01 | F1=1.756180e-01 | m1²=0.004140 | m2²=0.987430 | eps_w1=2.209226e+00 | eps_w2=5.022261e-02
[step   109800] t/d=1098.000 | task1=3.975626e-01 | task2=2.251570e-01 | F1=1.754033e-01 | m1²=0.004071 | m2²=0.987404 | eps_w1=2.204202e+00 | eps_w2=4.951139e-02
[step   109850] t/d=1098.500 | task1=3.975968e-01 | task2=2.251652e-01 | F1=1.754374e-01 | m1²=0.004045 | m2²=0.987513 | eps_w1=2.205018e+00 | eps_w2=4.937401e-02
[step   109900] t/d=1099.000 | task1=3.975959e-01 | task2=2.251754e-01 | F1=1.754366e-01 | m1²=0.004148 | m2²=0.987346 | eps_w1=2.204672e+00 | eps_w2=4.973855e-02
[step   109950] t/d=1099.500 | task1=3.976004e-01 | task2=2.251991e-01 | F1=1.754411e-01 | m1²=0.004084 | m2²=0.987245 | eps_w1=2.204865e+00 | eps_w2=4.997637e-02
[step   110000] t/d=1100.000 | task1=3.975362e-01 | task2=2.251827e-01 | F1=1.753768e-01 | m1²=0.004088 | m2²=0.987091 | eps_w1=2.204019e+00 | eps_w2=5.020589e-02
[step   110050] t/d=1100.500 | task1=3.973620e-01 | task2=2.251760e-01 | F1=1.752027e-01 | m1²=0.004162 | m2²=0.987359 | eps_w1=2.200003e+00 | eps_w2=4.902543e-02
[step   110100] t/d=1101.000 | task1=3.974012e-01 | task2=2.251626e-01 | F1=1.752418e-01 | m1²=0.004169 | m2²=0.987244 | eps_w1=2.201493e+00 | eps_w2=4.950823e-02
[step   110150] t/d=1101.500 | task1=3.975998e-01 | task2=2.251902e-01 | F1=1.754405e-01 | m1²=0.004021 | m2²=0.987425 | eps_w1=2.204164e+00 | eps_w2=4.944097e-02
[step   110200] t/d=1102.000 | task1=3.976591e-01 | task2=2.252090e-01 | F1=1.754998e-01 | m1²=0.003953 | m2²=0.987494 | eps_w1=2.205293e+00 | eps_w2=4.942731e-02
[step   110250] t/d=1102.500 | task1=3.978431e-01 | task2=2.252498e-01 | F1=1.756838e-01 | m1²=0.003758 | m2²=0.987868 | eps_w1=2.206072e+00 | eps_w2=4.862484e-02
[step   110300] t/d=1103.000 | task1=3.976051e-01 | task2=2.252420e-01 | F1=1.754458e-01 | m1²=0.003766 | m2²=0.987998 | eps_w1=2.201770e+00 | eps_w2=4.769596e-02
[step   110350] t/d=1103.500 | task1=3.976740e-01 | task2=2.252431e-01 | F1=1.755147e-01 | m1²=0.003678 | m2²=0.987971 | eps_w1=2.202409e+00 | eps_w2=4.782360e-02
[step   110400] t/d=1104.000 | task1=3.976765e-01 | task2=2.252261e-01 | F1=1.755172e-01 | m1²=0.003642 | m2²=0.987899 | eps_w1=2.201803e+00 | eps_w2=4.788827e-02
[step   110450] t/d=1104.500 | task1=3.977877e-01 | task2=2.251677e-01 | F1=1.756284e-01 | m1²=0.003488 | m2²=0.987847 | eps_w1=2.202764e+00 | eps_w2=4.809777e-02
[step   110500] t/d=1105.000 | task1=3.978538e-01 | task2=2.251994e-01 | F1=1.756944e-01 | m1²=0.003537 | m2²=0.987615 | eps_w1=2.204521e+00 | eps_w2=4.890133e-02
[step   110550] t/d=1105.500 | task1=3.978068e-01 | task2=2.252547e-01 | F1=1.756475e-01 | m1²=0.003608 | m2²=0.987503 | eps_w1=2.203881e+00 | eps_w2=4.908540e-02
[step   110600] t/d=1106.000 | task1=3.978539e-01 | task2=2.252363e-01 | F1=1.756945e-01 | m1²=0.003588 | m2²=0.987448 | eps_w1=2.203263e+00 | eps_w2=4.911503e-02
[step   110650] t/d=1106.500 | task1=3.978601e-01 | task2=2.252255e-01 | F1=1.757008e-01 | m1²=0.003601 | m2²=0.987384 | eps_w1=2.204168e+00 | eps_w2=4.939950e-02
[step   110700] t/d=1107.000 | task1=3.978509e-01 | task2=2.251675e-01 | F1=1.756916e-01 | m1²=0.003604 | m2²=0.987591 | eps_w1=2.204596e+00 | eps_w2=4.898937e-02
[step   110750] t/d=1107.500 | task1=3.980320e-01 | task2=2.251764e-01 | F1=1.758727e-01 | m1²=0.003632 | m2²=0.987605 | eps_w1=2.207290e+00 | eps_w2=4.936659e-02
[step   110800] t/d=1108.000 | task1=3.981125e-01 | task2=2.251669e-01 | F1=1.759532e-01 | m1²=0.003627 | m2²=0.987674 | eps_w1=2.209413e+00 | eps_w2=4.952237e-02
[step   110850] t/d=1108.500 | task1=3.980275e-01 | task2=2.251766e-01 | F1=1.758682e-01 | m1²=0.003634 | m2²=0.987814 | eps_w1=2.207967e+00 | eps_w2=4.898942e-02
[step   110900] t/d=1109.000 | task1=3.980740e-01 | task2=2.251654e-01 | F1=1.759147e-01 | m1²=0.003649 | m2²=0.987663 | eps_w1=2.209377e+00 | eps_w2=4.954847e-02
[step   110950] t/d=1109.500 | task1=3.978803e-01 | task2=2.251206e-01 | F1=1.757210e-01 | m1²=0.003572 | m2²=0.987561 | eps_w1=2.206055e+00 | eps_w2=4.926229e-02
[step   111000] t/d=1110.000 | task1=3.979415e-01 | task2=2.251499e-01 | F1=1.757822e-01 | m1²=0.003638 | m2²=0.987556 | eps_w1=2.207299e+00 | eps_w2=4.948189e-02
[step   111050] t/d=1110.500 | task1=3.980976e-01 | task2=2.251508e-01 | F1=1.759383e-01 | m1²=0.003598 | m2²=0.987754 | eps_w1=2.210450e+00 | eps_w2=4.948361e-02
[step   111100] t/d=1111.000 | task1=3.979112e-01 | task2=2.251689e-01 | F1=1.757519e-01 | m1²=0.003496 | m2²=0.987802 | eps_w1=2.206179e+00 | eps_w2=4.870459e-02
[step   111150] t/d=1111.500 | task1=3.979961e-01 | task2=2.251893e-01 | F1=1.758368e-01 | m1²=0.003528 | m2²=0.987678 | eps_w1=2.208102e+00 | eps_w2=4.928393e-02
[step   111200] t/d=1112.000 | task1=3.980361e-01 | task2=2.252141e-01 | F1=1.758767e-01 | m1²=0.003459 | m2²=0.987705 | eps_w1=2.208381e+00 | eps_w2=4.924144e-02
[step   111250] t/d=1112.500 | task1=3.978907e-01 | task2=2.252872e-01 | F1=1.757314e-01 | m1²=0.003537 | m2²=0.987677 | eps_w1=2.205513e+00 | eps_w2=4.890623e-02
[step   111300] t/d=1113.000 | task1=3.977954e-01 | task2=2.253218e-01 | F1=1.756361e-01 | m1²=0.003434 | m2²=0.987617 | eps_w1=2.204084e+00 | eps_w2=4.879897e-02
[step   111350] t/d=1113.500 | task1=3.977803e-01 | task2=2.253611e-01 | F1=1.756209e-01 | m1²=0.003427 | m2²=0.987641 | eps_w1=2.204849e+00 | eps_w2=4.885514e-02
[step   111400] t/d=1114.000 | task1=3.979001e-01 | task2=2.253606e-01 | F1=1.757407e-01 | m1²=0.003489 | m2²=0.987689 | eps_w1=2.208067e+00 | eps_w2=4.924077e-02
[step   111450] t/d=1114.500 | task1=3.978965e-01 | task2=2.253363e-01 | F1=1.757371e-01 | m1²=0.003453 | m2²=0.987872 | eps_w1=2.208332e+00 | eps_w2=4.885010e-02
[step   111500] t/d=1115.000 | task1=3.978304e-01 | task2=2.253549e-01 | F1=1.756710e-01 | m1²=0.003335 | m2²=0.987844 | eps_w1=2.207254e+00 | eps_w2=4.871547e-02
[step   111550] t/d=1115.500 | task1=3.977895e-01 | task2=2.253486e-01 | F1=1.756302e-01 | m1²=0.003374 | m2²=0.987859 | eps_w1=2.207555e+00 | eps_w2=4.873800e-02
[step   111600] t/d=1116.000 | task1=3.978549e-01 | task2=2.253459e-01 | F1=1.756956e-01 | m1²=0.003399 | m2²=0.988036 | eps_w1=2.207988e+00 | eps_w2=4.840617e-02
[step   111650] t/d=1116.500 | task1=3.979033e-01 | task2=2.253445e-01 | F1=1.757440e-01 | m1²=0.003319 | m2²=0.988039 | eps_w1=2.207812e+00 | eps_w2=4.834734e-02
[step   111700] t/d=1117.000 | task1=3.979029e-01 | task2=2.253431e-01 | F1=1.757436e-01 | m1²=0.003394 | m2²=0.987888 | eps_w1=2.209364e+00 | eps_w2=4.894874e-02
[step   111750] t/d=1117.500 | task1=3.978834e-01 | task2=2.253590e-01 | F1=1.757241e-01 | m1²=0.003395 | m2²=0.987955 | eps_w1=2.207726e+00 | eps_w2=4.855189e-02
[step   111800] t/d=1118.000 | task1=3.980054e-01 | task2=2.253590e-01 | F1=1.758461e-01 | m1²=0.003415 | m2²=0.987925 | eps_w1=2.210176e+00 | eps_w2=4.899040e-02
[step   111850] t/d=1118.500 | task1=3.979625e-01 | task2=2.254036e-01 | F1=1.758032e-01 | m1²=0.003469 | m2²=0.987802 | eps_w1=2.210518e+00 | eps_w2=4.934265e-02
[step   111900] t/d=1119.000 | task1=3.977576e-01 | task2=2.253897e-01 | F1=1.755983e-01 | m1²=0.003444 | m2²=0.987761 | eps_w1=2.207546e+00 | eps_w2=4.898498e-02
[step   111950] t/d=1119.500 | task1=3.978827e-01 | task2=2.254070e-01 | F1=1.757233e-01 | m1²=0.003359 | m2²=0.987445 | eps_w1=2.209956e+00 | eps_w2=5.003949e-02
[step   112000] t/d=1120.000 | task1=3.979485e-01 | task2=2.254236e-01 | F1=1.757891e-01 | m1²=0.003336 | m2²=0.987383 | eps_w1=2.210697e+00 | eps_w2=5.028434e-02
[step   112050] t/d=1120.500 | task1=3.976899e-01 | task2=2.254375e-01 | F1=1.755306e-01 | m1²=0.003450 | m2²=0.987429 | eps_w1=2.206871e+00 | eps_w2=4.964718e-02
[step   112100] t/d=1121.000 | task1=3.977144e-01 | task2=2.254925e-01 | F1=1.755551e-01 | m1²=0.003412 | m2²=0.987452 | eps_w1=2.207260e+00 | eps_w2=4.963884e-02
[step   112150] t/d=1121.500 | task1=3.975303e-01 | task2=2.255245e-01 | F1=1.753709e-01 | m1²=0.003371 | m2²=0.987607 | eps_w1=2.203517e+00 | eps_w2=4.871823e-02
[step   112200] t/d=1122.000 | task1=3.975820e-01 | task2=2.255243e-01 | F1=1.754227e-01 | m1²=0.003431 | m2²=0.987665 | eps_w1=2.203962e+00 | eps_w2=4.866970e-02
[step   112250] t/d=1122.500 | task1=3.975417e-01 | task2=2.255020e-01 | F1=1.753823e-01 | m1²=0.003381 | m2²=0.987668 | eps_w1=2.202080e+00 | eps_w2=4.837079e-02
[step   112300] t/d=1123.000 | task1=3.973662e-01 | task2=2.254824e-01 | F1=1.752069e-01 | m1²=0.003375 | m2²=0.987454 | eps_w1=2.199382e+00 | eps_w2=4.846411e-02
[step   112350] t/d=1123.500 | task1=3.974737e-01 | task2=2.255487e-01 | F1=1.753143e-01 | m1²=0.003299 | m2²=0.987226 | eps_w1=2.203492e+00 | eps_w2=4.956131e-02
[step   112400] t/d=1124.000 | task1=3.973352e-01 | task2=2.255744e-01 | F1=1.751759e-01 | m1²=0.003329 | m2²=0.986870 | eps_w1=2.200840e+00 | eps_w2=4.999478e-02
[step   112450] t/d=1124.500 | task1=3.972507e-01 | task2=2.256151e-01 | F1=1.750914e-01 | m1²=0.003322 | m2²=0.986743 | eps_w1=2.200440e+00 | eps_w2=5.022555e-02
[step   112500] t/d=1125.000 | task1=3.974344e-01 | task2=2.256520e-01 | F1=1.752751e-01 | m1²=0.003322 | m2²=0.986626 | eps_w1=2.204552e+00 | eps_w2=5.109677e-02
[step   112550] t/d=1125.500 | task1=3.973128e-01 | task2=2.256818e-01 | F1=1.751535e-01 | m1²=0.003284 | m2²=0.986374 | eps_w1=2.202369e+00 | eps_w2=5.133884e-02
[step   112600] t/d=1126.000 | task1=3.974790e-01 | task2=2.256571e-01 | F1=1.753197e-01 | m1²=0.003228 | m2²=0.986361 | eps_w1=2.205858e+00 | eps_w2=5.186839e-02
[step   112650] t/d=1126.500 | task1=3.972883e-01 | task2=2.256680e-01 | F1=1.751290e-01 | m1²=0.003283 | m2²=0.986095 | eps_w1=2.202821e+00 | eps_w2=5.204166e-02
[step   112700] t/d=1127.000 | task1=3.971214e-01 | task2=2.256973e-01 | F1=1.749620e-01 | m1²=0.003223 | m2²=0.986113 | eps_w1=2.200927e+00 | eps_w2=5.170327e-02
[step   112750] t/d=1127.500 | task1=3.973143e-01 | task2=2.257285e-01 | F1=1.751550e-01 | m1²=0.003147 | m2²=0.986265 | eps_w1=2.204528e+00 | eps_w2=5.186144e-02
[step   112800] t/d=1128.000 | task1=3.976172e-01 | task2=2.256762e-01 | F1=1.754579e-01 | m1²=0.002983 | m2²=0.986569 | eps_w1=2.210291e+00 | eps_w2=5.197362e-02
[step   112850] t/d=1128.500 | task1=3.977112e-01 | task2=2.257603e-01 | F1=1.755519e-01 | m1²=0.002951 | m2²=0.986509 | eps_w1=2.212211e+00 | eps_w2=5.238855e-02
[step   112900] t/d=1129.000 | task1=3.977174e-01 | task2=2.257282e-01 | F1=1.755581e-01 | m1²=0.002991 | m2²=0.986501 | eps_w1=2.213096e+00 | eps_w2=5.255518e-02
[step   112950] t/d=1129.500 | task1=3.976055e-01 | task2=2.257117e-01 | F1=1.754462e-01 | m1²=0.002991 | m2²=0.986528 | eps_w1=2.210848e+00 | eps_w2=5.215339e-02
[step   113000] t/d=1130.000 | task1=3.975034e-01 | task2=2.257251e-01 | F1=1.753441e-01 | m1²=0.002960 | m2²=0.986604 | eps_w1=2.208184e+00 | eps_w2=5.157079e-02
[step   113050] t/d=1130.500 | task1=3.975341e-01 | task2=2.257056e-01 | F1=1.753748e-01 | m1²=0.003022 | m2²=0.986690 | eps_w1=2.207865e+00 | eps_w2=5.134494e-02
[step   113100] t/d=1131.000 | task1=3.974790e-01 | task2=2.257494e-01 | F1=1.753197e-01 | m1²=0.003026 | m2²=0.986602 | eps_w1=2.206529e+00 | eps_w2=5.134975e-02
[step   113150] t/d=1131.500 | task1=3.974632e-01 | task2=2.257291e-01 | F1=1.753039e-01 | m1²=0.003047 | m2²=0.986787 | eps_w1=2.205007e+00 | eps_w2=5.070794e-02
[step   113200] t/d=1132.000 | task1=3.974288e-01 | task2=2.256964e-01 | F1=1.752695e-01 | m1²=0.003036 | m2²=0.986854 | eps_w1=2.204053e+00 | eps_w2=5.040895e-02
[step   113250] t/d=1132.500 | task1=3.976146e-01 | task2=2.256949e-01 | F1=1.754553e-01 | m1²=0.003032 | m2²=0.986822 | eps_w1=2.207592e+00 | eps_w2=5.100691e-02
[step   113300] t/d=1133.000 | task1=3.975205e-01 | task2=2.257426e-01 | F1=1.753612e-01 | m1²=0.002973 | m2²=0.986903 | eps_w1=2.204901e+00 | eps_w2=5.040241e-02
[step   113350] t/d=1133.500 | task1=3.975457e-01 | task2=2.257309e-01 | F1=1.753864e-01 | m1²=0.002914 | m2²=0.986915 | eps_w1=2.204507e+00 | eps_w2=5.029814e-02
[step   113400] t/d=1134.000 | task1=3.975311e-01 | task2=2.256826e-01 | F1=1.753718e-01 | m1²=0.002913 | m2²=0.987003 | eps_w1=2.203684e+00 | eps_w2=4.997602e-02
[step   113450] t/d=1134.500 | task1=3.975066e-01 | task2=2.256661e-01 | F1=1.753473e-01 | m1²=0.002906 | m2²=0.987045 | eps_w1=2.204059e+00 | eps_w2=4.993269e-02
[step   113500] t/d=1135.000 | task1=3.972999e-01 | task2=2.256610e-01 | F1=1.751406e-01 | m1²=0.002892 | m2²=0.987107 | eps_w1=2.200160e+00 | eps_w2=4.921438e-02
[step   113550] t/d=1135.500 | task1=3.975776e-01 | task2=2.256220e-01 | F1=1.754183e-01 | m1²=0.002866 | m2²=0.987271 | eps_w1=2.204449e+00 | eps_w2=4.946002e-02
[step   113600] t/d=1136.000 | task1=3.973665e-01 | task2=2.256366e-01 | F1=1.752072e-01 | m1²=0.002937 | m2²=0.987182 | eps_w1=2.200310e+00 | eps_w2=4.908086e-02
[step   113650] t/d=1136.500 | task1=3.973580e-01 | task2=2.256794e-01 | F1=1.751986e-01 | m1²=0.002869 | m2²=0.987149 | eps_w1=2.200534e+00 | eps_w2=4.916688e-02
[step   113700] t/d=1137.000 | task1=3.974213e-01 | task2=2.257015e-01 | F1=1.752619e-01 | m1²=0.002860 | m2²=0.987103 | eps_w1=2.202313e+00 | eps_w2=4.952763e-02
[step   113750] t/d=1137.500 | task1=3.973126e-01 | task2=2.256977e-01 | F1=1.751533e-01 | m1²=0.002902 | m2²=0.987056 | eps_w1=2.200524e+00 | eps_w2=4.938896e-02
[step   113800] t/d=1138.000 | task1=3.974979e-01 | task2=2.257160e-01 | F1=1.753386e-01 | m1²=0.002780 | m2²=0.986947 | eps_w1=2.203949e+00 | eps_w2=5.009820e-02
[step   113850] t/d=1138.500 | task1=3.973915e-01 | task2=2.257323e-01 | F1=1.752322e-01 | m1²=0.002770 | m2²=0.986952 | eps_w1=2.200748e+00 | eps_w2=4.961495e-02
[step   113900] t/d=1139.000 | task1=3.976067e-01 | task2=2.257321e-01 | F1=1.754474e-01 | m1²=0.002824 | m2²=0.987052 | eps_w1=2.205500e+00 | eps_w2=5.010114e-02
[step   113950] t/d=1139.500 | task1=3.975629e-01 | task2=2.256878e-01 | F1=1.754036e-01 | m1²=0.002792 | m2²=0.987218 | eps_w1=2.205106e+00 | eps_w2=4.965379e-02
[step   114000] t/d=1140.000 | task1=3.976316e-01 | task2=2.257147e-01 | F1=1.754723e-01 | m1²=0.002794 | m2²=0.987264 | eps_w1=2.205486e+00 | eps_w2=4.960644e-02
[step   114050] t/d=1140.500 | task1=3.976395e-01 | task2=2.256983e-01 | F1=1.754802e-01 | m1²=0.002772 | m2²=0.987201 | eps_w1=2.206646e+00 | eps_w2=4.991459e-02
[step   114100] t/d=1141.000 | task1=3.975684e-01 | task2=2.256822e-01 | F1=1.754091e-01 | m1²=0.002752 | m2²=0.987337 | eps_w1=2.205633e+00 | eps_w2=4.944547e-02
[step   114150] t/d=1141.500 | task1=3.976975e-01 | task2=2.256372e-01 | F1=1.755382e-01 | m1²=0.002703 | m2²=0.987387 | eps_w1=2.208114e+00 | eps_w2=4.968416e-02
[step   114200] t/d=1142.000 | task1=3.978933e-01 | task2=2.256313e-01 | F1=1.757340e-01 | m1²=0.002699 | m2²=0.987359 | eps_w1=2.212384e+00 | eps_w2=5.038224e-02
[step   114250] t/d=1142.500 | task1=3.979532e-01 | task2=2.255654e-01 | F1=1.757939e-01 | m1²=0.002751 | m2²=0.987283 | eps_w1=2.212767e+00 | eps_w2=5.063143e-02
[step   114300] t/d=1143.000 | task1=3.980758e-01 | task2=2.255539e-01 | F1=1.759165e-01 | m1²=0.002741 | m2²=0.987187 | eps_w1=2.214450e+00 | eps_w2=5.110040e-02
[step   114350] t/d=1143.500 | task1=3.980246e-01 | task2=2.255441e-01 | F1=1.758653e-01 | m1²=0.002597 | m2²=0.987283 | eps_w1=2.213725e+00 | eps_w2=5.072433e-02
[step   114400] t/d=1144.000 | task1=3.981732e-01 | task2=2.255151e-01 | F1=1.760139e-01 | m1²=0.002594 | m2²=0.987616 | eps_w1=2.216888e+00 | eps_w2=5.043686e-02
[step   114450] t/d=1144.500 | task1=3.982286e-01 | task2=2.255063e-01 | F1=1.760693e-01 | m1²=0.002472 | m2²=0.987647 | eps_w1=2.216419e+00 | eps_w2=5.025416e-02
[step   114500] t/d=1145.000 | task1=3.981804e-01 | task2=2.255681e-01 | F1=1.760210e-01 | m1²=0.002486 | m2²=0.987393 | eps_w1=2.216321e+00 | eps_w2=5.082553e-02
[step   114550] t/d=1145.500 | task1=3.982504e-01 | task2=2.255850e-01 | F1=1.760911e-01 | m1²=0.002498 | m2²=0.987539 | eps_w1=2.216302e+00 | eps_w2=5.049132e-02
[step   114600] t/d=1146.000 | task1=3.980767e-01 | task2=2.255569e-01 | F1=1.759173e-01 | m1²=0.002515 | m2²=0.987464 | eps_w1=2.213242e+00 | eps_w2=5.020983e-02
[step   114650] t/d=1146.500 | task1=3.978273e-01 | task2=2.255215e-01 | F1=1.756680e-01 | m1²=0.002579 | m2²=0.987366 | eps_w1=2.209412e+00 | eps_w2=4.988428e-02
[step   114700] t/d=1147.000 | task1=3.977843e-01 | task2=2.253958e-01 | F1=1.756250e-01 | m1²=0.002583 | m2²=0.987387 | eps_w1=2.209108e+00 | eps_w2=4.979186e-02
[step   114750] t/d=1147.500 | task1=3.977231e-01 | task2=2.253984e-01 | F1=1.755638e-01 | m1²=0.002655 | m2²=0.987228 | eps_w1=2.208732e+00 | eps_w2=5.012289e-02
[step   114800] t/d=1148.000 | task1=3.977247e-01 | task2=2.254053e-01 | F1=1.755654e-01 | m1²=0.002776 | m2²=0.987167 | eps_w1=2.208676e+00 | eps_w2=5.029306e-02
[step   114850] t/d=1148.500 | task1=3.977402e-01 | task2=2.253895e-01 | F1=1.755809e-01 | m1²=0.002856 | m2²=0.987236 | eps_w1=2.207900e+00 | eps_w2=5.004658e-02
[step   114900] t/d=1149.000 | task1=3.979479e-01 | task2=2.253404e-01 | F1=1.757885e-01 | m1²=0.002917 | m2²=0.987191 | eps_w1=2.211623e+00 | eps_w2=5.072629e-02
[step   114950] t/d=1149.500 | task1=3.979486e-01 | task2=2.253437e-01 | F1=1.757892e-01 | m1²=0.002841 | m2²=0.987354 | eps_w1=2.211103e+00 | eps_w2=5.024980e-02
[step   115000] t/d=1150.000 | task1=3.979411e-01 | task2=2.252742e-01 | F1=1.757818e-01 | m1²=0.002870 | m2²=0.987522 | eps_w1=2.210404e+00 | eps_w2=4.976969e-02
[step   115050] t/d=1150.500 | task1=3.979469e-01 | task2=2.252210e-01 | F1=1.757876e-01 | m1²=0.002948 | m2²=0.987667 | eps_w1=2.210353e+00 | eps_w2=4.945427e-02
[step   115100] t/d=1151.000 | task1=3.979661e-01 | task2=2.251804e-01 | F1=1.758068e-01 | m1²=0.002940 | m2²=0.987691 | eps_w1=2.209188e+00 | eps_w2=4.922343e-02
[step   115150] t/d=1151.500 | task1=3.981254e-01 | task2=2.252282e-01 | F1=1.759661e-01 | m1²=0.002882 | m2²=0.987846 | eps_w1=2.212595e+00 | eps_w2=4.935650e-02
[step   115200] t/d=1152.000 | task1=3.979870e-01 | task2=2.252314e-01 | F1=1.758276e-01 | m1²=0.002813 | m2²=0.987929 | eps_w1=2.209961e+00 | eps_w2=4.875271e-02
[step   115250] t/d=1152.500 | task1=3.978991e-01 | task2=2.252402e-01 | F1=1.757398e-01 | m1²=0.002848 | m2²=0.987907 | eps_w1=2.208323e+00 | eps_w2=4.857040e-02
[step   115300] t/d=1153.000 | task1=3.979803e-01 | task2=2.252145e-01 | F1=1.758210e-01 | m1²=0.002841 | m2²=0.987903 | eps_w1=2.208363e+00 | eps_w2=4.858331e-02
[step   115350] t/d=1153.500 | task1=3.979071e-01 | task2=2.252690e-01 | F1=1.757477e-01 | m1²=0.002959 | m2²=0.987887 | eps_w1=2.207545e+00 | eps_w2=4.853783e-02
[step   115400] t/d=1154.000 | task1=3.978939e-01 | task2=2.252741e-01 | F1=1.757346e-01 | m1²=0.002910 | m2²=0.987912 | eps_w1=2.207957e+00 | eps_w2=4.852565e-02
[step   115450] t/d=1154.500 | task1=3.981362e-01 | task2=2.252372e-01 | F1=1.759768e-01 | m1²=0.002902 | m2²=0.987859 | eps_w1=2.212219e+00 | eps_w2=4.927783e-02
[step   115500] t/d=1155.000 | task1=3.982151e-01 | task2=2.252066e-01 | F1=1.760558e-01 | m1²=0.002843 | m2²=0.987889 | eps_w1=2.213828e+00 | eps_w2=4.943037e-02
[step   115550] t/d=1155.500 | task1=3.984216e-01 | task2=2.251969e-01 | F1=1.762623e-01 | m1²=0.002803 | m2²=0.987972 | eps_w1=2.216865e+00 | eps_w2=4.968517e-02
[step   115600] t/d=1156.000 | task1=3.986168e-01 | task2=2.251753e-01 | F1=1.764575e-01 | m1²=0.002775 | m2²=0.987965 | eps_w1=2.219610e+00 | eps_w2=5.010751e-02
[step   115650] t/d=1156.500 | task1=3.986984e-01 | task2=2.251860e-01 | F1=1.765391e-01 | m1²=0.002754 | m2²=0.987906 | eps_w1=2.222051e+00 | eps_w2=5.060875e-02
[step   115700] t/d=1157.000 | task1=3.985990e-01 | task2=2.251519e-01 | F1=1.764397e-01 | m1²=0.002755 | m2²=0.987842 | eps_w1=2.220835e+00 | eps_w2=5.057125e-02
[step   115750] t/d=1157.500 | task1=3.986945e-01 | task2=2.251466e-01 | F1=1.765352e-01 | m1²=0.002715 | m2²=0.987961 | eps_w1=2.223294e+00 | eps_w2=5.066025e-02
[step   115800] t/d=1158.000 | task1=3.988469e-01 | task2=2.251653e-01 | F1=1.766876e-01 | m1²=0.002700 | m2²=0.987917 | eps_w1=2.225804e+00 | eps_w2=5.114120e-02
[step   115850] t/d=1158.500 | task1=3.986502e-01 | task2=2.251877e-01 | F1=1.764909e-01 | m1²=0.002655 | m2²=0.987968 | eps_w1=2.221391e+00 | eps_w2=5.033262e-02
[step   115900] t/d=1159.000 | task1=3.986132e-01 | task2=2.251928e-01 | F1=1.764539e-01 | m1²=0.002671 | m2²=0.987870 | eps_w1=2.221107e+00 | eps_w2=5.051973e-02
[step   115950] t/d=1159.500 | task1=3.986967e-01 | task2=2.252239e-01 | F1=1.765374e-01 | m1²=0.002598 | m2²=0.987933 | eps_w1=2.221829e+00 | eps_w2=5.046117e-02
[step   116000] t/d=1160.000 | task1=3.986402e-01 | task2=2.251834e-01 | F1=1.764809e-01 | m1²=0.002647 | m2²=0.987986 | eps_w1=2.219376e+00 | eps_w2=4.997995e-02
[step   116050] t/d=1160.500 | task1=3.986152e-01 | task2=2.251932e-01 | F1=1.764559e-01 | m1²=0.002746 | m2²=0.987904 | eps_w1=2.219609e+00 | eps_w2=5.023751e-02
[step   116100] t/d=1161.000 | task1=3.987402e-01 | task2=2.251850e-01 | F1=1.765808e-01 | m1²=0.002755 | m2²=0.987926 | eps_w1=2.222085e+00 | eps_w2=5.056949e-02
[step   116150] t/d=1161.500 | task1=3.987813e-01 | task2=2.251692e-01 | F1=1.766220e-01 | m1²=0.002784 | m2²=0.987830 | eps_w1=2.222483e+00 | eps_w2=5.086044e-02
[step   116200] t/d=1162.000 | task1=3.989936e-01 | task2=2.251173e-01 | F1=1.768342e-01 | m1²=0.002800 | m2²=0.987891 | eps_w1=2.226186e+00 | eps_w2=5.129638e-02
[step   116250] t/d=1162.500 | task1=3.991766e-01 | task2=2.250957e-01 | F1=1.770172e-01 | m1²=0.002809 | m2²=0.987907 | eps_w1=2.229614e+00 | eps_w2=5.179518e-02
[step   116300] t/d=1163.000 | task1=3.990387e-01 | task2=2.250810e-01 | F1=1.768794e-01 | m1²=0.002742 | m2²=0.987929 | eps_w1=2.226581e+00 | eps_w2=5.124839e-02
[step   116350] t/d=1163.500 | task1=3.989708e-01 | task2=2.250814e-01 | F1=1.768115e-01 | m1²=0.002814 | m2²=0.987891 | eps_w1=2.226198e+00 | eps_w2=5.130329e-02
[step   116400] t/d=1164.000 | task1=3.989420e-01 | task2=2.250841e-01 | F1=1.767827e-01 | m1²=0.002765 | m2²=0.987818 | eps_w1=2.226068e+00 | eps_w2=5.143284e-02
[step   116450] t/d=1164.500 | task1=3.988402e-01 | task2=2.250869e-01 | F1=1.766809e-01 | m1²=0.002854 | m2²=0.987710 | eps_w1=2.224306e+00 | eps_w2=5.143978e-02
[step   116500] t/d=1165.000 | task1=3.988296e-01 | task2=2.250650e-01 | F1=1.766703e-01 | m1²=0.002786 | m2²=0.987654 | eps_w1=2.224567e+00 | eps_w2=5.158708e-02
[step   116550] t/d=1165.500 | task1=3.988037e-01 | task2=2.250853e-01 | F1=1.766444e-01 | m1²=0.002805 | m2²=0.987661 | eps_w1=2.224545e+00 | eps_w2=5.157318e-02
[step   116600] t/d=1166.000 | task1=3.988765e-01 | task2=2.250663e-01 | F1=1.767171e-01 | m1²=0.002770 | m2²=0.987704 | eps_w1=2.226890e+00 | eps_w2=5.182582e-02
[step   116650] t/d=1166.500 | task1=3.989013e-01 | task2=2.250581e-01 | F1=1.767420e-01 | m1²=0.002679 | m2²=0.987966 | eps_w1=2.225881e+00 | eps_w2=5.103414e-02
[step   116700] t/d=1167.000 | task1=3.986515e-01 | task2=2.251235e-01 | F1=1.764922e-01 | m1²=0.002738 | m2²=0.987951 | eps_w1=2.222451e+00 | eps_w2=5.056120e-02
[step   116750] t/d=1167.500 | task1=3.985777e-01 | task2=2.251342e-01 | F1=1.764184e-01 | m1²=0.002779 | m2²=0.987833 | eps_w1=2.221054e+00 | eps_w2=5.063325e-02
[step   116800] t/d=1168.000 | task1=3.986127e-01 | task2=2.251555e-01 | F1=1.764534e-01 | m1²=0.002842 | m2²=0.987859 | eps_w1=2.221594e+00 | eps_w2=5.067635e-02
[step   116850] t/d=1168.500 | task1=3.984780e-01 | task2=2.251167e-01 | F1=1.763186e-01 | m1²=0.002812 | m2²=0.987903 | eps_w1=2.218784e+00 | eps_w2=5.013583e-02
[step   116900] t/d=1169.000 | task1=3.988244e-01 | task2=2.251143e-01 | F1=1.766651e-01 | m1²=0.002774 | m2²=0.987936 | eps_w1=2.224005e+00 | eps_w2=5.084760e-02
[step   116950] t/d=1169.500 | task1=3.988610e-01 | task2=2.250923e-01 | F1=1.767017e-01 | m1²=0.002777 | m2²=0.987906 | eps_w1=2.223631e+00 | eps_w2=5.085853e-02
[step   117000] t/d=1170.000 | task1=3.991592e-01 | task2=2.250725e-01 | F1=1.769999e-01 | m1²=0.002720 | m2²=0.988104 | eps_w1=2.228793e+00 | eps_w2=5.118017e-02
[step   117050] t/d=1170.500 | task1=3.993467e-01 | task2=2.251208e-01 | F1=1.771873e-01 | m1²=0.002762 | m2²=0.988046 | eps_w1=2.232655e+00 | eps_w2=5.193337e-02
[step   117100] t/d=1171.000 | task1=3.991288e-01 | task2=2.251194e-01 | F1=1.769695e-01 | m1²=0.002838 | m2²=0.988011 | eps_w1=2.229393e+00 | eps_w2=5.152894e-02
[step   117150] t/d=1171.500 | task1=3.990115e-01 | task2=2.252003e-01 | F1=1.768522e-01 | m1²=0.002943 | m2²=0.988006 | eps_w1=2.228028e+00 | eps_w2=5.136627e-02
[step   117200] t/d=1172.000 | task1=3.991812e-01 | task2=2.251917e-01 | F1=1.770219e-01 | m1²=0.002942 | m2²=0.987841 | eps_w1=2.232379e+00 | eps_w2=5.242577e-02
[step   117250] t/d=1172.500 | task1=3.992541e-01 | task2=2.251977e-01 | F1=1.770947e-01 | m1²=0.002955 | m2²=0.987670 | eps_w1=2.234121e+00 | eps_w2=5.310183e-02
[step   117300] t/d=1173.000 | task1=3.993765e-01 | task2=2.251865e-01 | F1=1.772172e-01 | m1²=0.002927 | m2²=0.987823 | eps_w1=2.236865e+00 | eps_w2=5.317262e-02
[step   117350] t/d=1173.500 | task1=3.993831e-01 | task2=2.251998e-01 | F1=1.772238e-01 | m1²=0.002931 | m2²=0.987728 | eps_w1=2.238940e+00 | eps_w2=5.372476e-02
[step   117400] t/d=1174.000 | task1=3.993897e-01 | task2=2.251681e-01 | F1=1.772304e-01 | m1²=0.003012 | m2²=0.987807 | eps_w1=2.239896e+00 | eps_w2=5.372337e-02
[step   117450] t/d=1174.500 | task1=3.990589e-01 | task2=2.251835e-01 | F1=1.768996e-01 | m1²=0.003039 | m2²=0.987698 | eps_w1=2.233773e+00 | eps_w2=5.301021e-02
[step   117500] t/d=1175.000 | task1=3.991708e-01 | task2=2.251845e-01 | F1=1.770115e-01 | m1²=0.003061 | m2²=0.987541 | eps_w1=2.235452e+00 | eps_w2=5.364802e-02
[step   117550] t/d=1175.500 | task1=3.993063e-01 | task2=2.252285e-01 | F1=1.771469e-01 | m1²=0.003060 | m2²=0.987436 | eps_w1=2.237950e+00 | eps_w2=5.428781e-02
[step   117600] t/d=1176.000 | task1=3.993361e-01 | task2=2.252494e-01 | F1=1.771768e-01 | m1²=0.003091 | m2²=0.987484 | eps_w1=2.239560e+00 | eps_w2=5.444750e-02
[step   117650] t/d=1176.500 | task1=3.991832e-01 | task2=2.252526e-01 | F1=1.770239e-01 | m1²=0.003085 | m2²=0.987543 | eps_w1=2.237270e+00 | eps_w2=5.394019e-02
[step   117700] t/d=1177.000 | task1=3.990837e-01 | task2=2.252387e-01 | F1=1.769244e-01 | m1²=0.003003 | m2²=0.987399 | eps_w1=2.234242e+00 | eps_w2=5.376366e-02
[step   117750] t/d=1177.500 | task1=3.993195e-01 | task2=2.252335e-01 | F1=1.771601e-01 | m1²=0.003027 | m2²=0.987126 | eps_w1=2.239125e+00 | eps_w2=5.518282e-02
[step   117800] t/d=1178.000 | task1=3.994691e-01 | task2=2.252498e-01 | F1=1.773097e-01 | m1²=0.003054 | m2²=0.987019 | eps_w1=2.242431e+00 | eps_w2=5.597390e-02
[step   117850] t/d=1178.500 | task1=3.994457e-01 | task2=2.252467e-01 | F1=1.772864e-01 | m1²=0.002964 | m2²=0.987112 | eps_w1=2.241380e+00 | eps_w2=5.555595e-02
[step   117900] t/d=1179.000 | task1=3.993493e-01 | task2=2.252570e-01 | F1=1.771900e-01 | m1²=0.002944 | m2²=0.986921 | eps_w1=2.240631e+00 | eps_w2=5.587226e-02
[step   117950] t/d=1179.500 | task1=3.993889e-01 | task2=2.252857e-01 | F1=1.772296e-01 | m1²=0.002945 | m2²=0.986673 | eps_w1=2.243039e+00 | eps_w2=5.683631e-02
[step   118000] t/d=1180.000 | task1=3.991523e-01 | task2=2.252505e-01 | F1=1.769929e-01 | m1²=0.002869 | m2²=0.986759 | eps_w1=2.238820e+00 | eps_w2=5.592855e-02
[step   118050] t/d=1180.500 | task1=3.994361e-01 | task2=2.252849e-01 | F1=1.772768e-01 | m1²=0.002842 | m2²=0.986604 | eps_w1=2.244439e+00 | eps_w2=5.718849e-02
[step   118100] t/d=1181.000 | task1=3.993497e-01 | task2=2.252651e-01 | F1=1.771903e-01 | m1²=0.002860 | m2²=0.986525 | eps_w1=2.244420e+00 | eps_w2=5.737478e-02
[step   118150] t/d=1181.500 | task1=3.994073e-01 | task2=2.252273e-01 | F1=1.772480e-01 | m1²=0.002870 | m2²=0.986465 | eps_w1=2.244416e+00 | eps_w2=5.751713e-02
[step   118200] t/d=1182.000 | task1=3.994832e-01 | task2=2.252135e-01 | F1=1.773239e-01 | m1²=0.002953 | m2²=0.986433 | eps_w1=2.245719e+00 | eps_w2=5.783290e-02
[step   118250] t/d=1182.500 | task1=3.994530e-01 | task2=2.252510e-01 | F1=1.772937e-01 | m1²=0.002871 | m2²=0.986520 | eps_w1=2.244618e+00 | eps_w2=5.742257e-02
[step   118300] t/d=1183.000 | task1=3.991149e-01 | task2=2.252725e-01 | F1=1.769556e-01 | m1²=0.002911 | m2²=0.986437 | eps_w1=2.239296e+00 | eps_w2=5.676586e-02
[step   118350] t/d=1183.500 | task1=3.991670e-01 | task2=2.252965e-01 | F1=1.770077e-01 | m1²=0.002929 | m2²=0.986375 | eps_w1=2.240650e+00 | eps_w2=5.713588e-02
[step   118400] t/d=1184.000 | task1=3.990145e-01 | task2=2.252834e-01 | F1=1.768552e-01 | m1²=0.002972 | m2²=0.986399 | eps_w1=2.237292e+00 | eps_w2=5.655386e-02
[step   118450] t/d=1184.500 | task1=3.991665e-01 | task2=2.252807e-01 | F1=1.770072e-01 | m1²=0.002939 | m2²=0.986465 | eps_w1=2.240768e+00 | eps_w2=5.695043e-02
[step   118500] t/d=1185.000 | task1=3.990000e-01 | task2=2.252816e-01 | F1=1.768407e-01 | m1²=0.002924 | m2²=0.986334 | eps_w1=2.238793e+00 | eps_w2=5.692974e-02
[step   118550] t/d=1185.500 | task1=3.989384e-01 | task2=2.252652e-01 | F1=1.767791e-01 | m1²=0.002963 | m2²=0.986262 | eps_w1=2.236862e+00 | eps_w2=5.679946e-02
[step   118600] t/d=1186.000 | task1=3.990806e-01 | task2=2.252742e-01 | F1=1.769213e-01 | m1²=0.003033 | m2²=0.986076 | eps_w1=2.241524e+00 | eps_w2=5.800944e-02
[step   118650] t/d=1186.500 | task1=3.990320e-01 | task2=2.252934e-01 | F1=1.768727e-01 | m1²=0.002946 | m2²=0.986026 | eps_w1=2.240506e+00 | eps_w2=5.792770e-02
[step   118700] t/d=1187.000 | task1=3.988145e-01 | task2=2.252764e-01 | F1=1.766551e-01 | m1²=0.002932 | m2²=0.986033 | eps_w1=2.236773e+00 | eps_w2=5.730390e-02
[step   118750] t/d=1187.500 | task1=3.988909e-01 | task2=2.252826e-01 | F1=1.767315e-01 | m1²=0.002977 | m2²=0.985927 | eps_w1=2.238559e+00 | eps_w2=5.785383e-02
[step   118800] t/d=1188.000 | task1=3.987959e-01 | task2=2.252587e-01 | F1=1.766366e-01 | m1²=0.002875 | m2²=0.986080 | eps_w1=2.236264e+00 | eps_w2=5.709373e-02
[step   118850] t/d=1188.500 | task1=3.987919e-01 | task2=2.252613e-01 | F1=1.766326e-01 | m1²=0.002909 | m2²=0.985873 | eps_w1=2.236280e+00 | eps_w2=5.758782e-02
[step   118900] t/d=1189.000 | task1=3.987889e-01 | task2=2.252910e-01 | F1=1.766296e-01 | m1²=0.002923 | m2²=0.985874 | eps_w1=2.235176e+00 | eps_w2=5.741368e-02
[step   118950] t/d=1189.500 | task1=3.987407e-01 | task2=2.252926e-01 | F1=1.765814e-01 | m1²=0.003032 | m2²=0.985854 | eps_w1=2.233732e+00 | eps_w2=5.726792e-02
[step   119000] t/d=1190.000 | task1=3.987855e-01 | task2=2.252907e-01 | F1=1.766262e-01 | m1²=0.003026 | m2²=0.985843 | eps_w1=2.234596e+00 | eps_w2=5.743014e-02
[step   119050] t/d=1190.500 | task1=3.987818e-01 | task2=2.252298e-01 | F1=1.766225e-01 | m1²=0.003125 | m2²=0.985771 | eps_w1=2.235480e+00 | eps_w2=5.777232e-02
[step   119100] t/d=1191.000 | task1=3.987538e-01 | task2=2.252389e-01 | F1=1.765945e-01 | m1²=0.003096 | m2²=0.985804 | eps_w1=2.235509e+00 | eps_w2=5.769098e-02
[step   119150] t/d=1191.500 | task1=3.989486e-01 | task2=2.252153e-01 | F1=1.767893e-01 | m1²=0.003063 | m2²=0.985992 | eps_w1=2.238910e+00 | eps_w2=5.779073e-02
[step   119200] t/d=1192.000 | task1=3.987948e-01 | task2=2.252137e-01 | F1=1.766354e-01 | m1²=0.003018 | m2²=0.986001 | eps_w1=2.236290e+00 | eps_w2=5.733190e-02
[step   119250] t/d=1192.500 | task1=3.990216e-01 | task2=2.252456e-01 | F1=1.768622e-01 | m1²=0.002983 | m2²=0.986180 | eps_w1=2.239405e+00 | eps_w2=5.740557e-02
[step   119300] t/d=1193.000 | task1=3.989112e-01 | task2=2.252522e-01 | F1=1.767519e-01 | m1²=0.002932 | m2²=0.986246 | eps_w1=2.236386e+00 | eps_w2=5.675045e-02
[step   119350] t/d=1193.500 | task1=3.987033e-01 | task2=2.251868e-01 | F1=1.765439e-01 | m1²=0.002893 | m2²=0.986252 | eps_w1=2.232560e+00 | eps_w2=5.611117e-02
[step   119400] t/d=1194.000 | task1=3.986984e-01 | task2=2.252047e-01 | F1=1.765391e-01 | m1²=0.002877 | m2²=0.986368 | eps_w1=2.232335e+00 | eps_w2=5.580233e-02
[step   119450] t/d=1194.500 | task1=3.986280e-01 | task2=2.252382e-01 | F1=1.764687e-01 | m1²=0.002948 | m2²=0.986262 | eps_w1=2.231173e+00 | eps_w2=5.588701e-02
[step   119500] t/d=1195.000 | task1=3.987468e-01 | task2=2.252517e-01 | F1=1.765875e-01 | m1²=0.003023 | m2²=0.986361 | eps_w1=2.234629e+00 | eps_w2=5.623403e-02
[step   119550] t/d=1195.500 | task1=3.988763e-01 | task2=2.252591e-01 | F1=1.767170e-01 | m1²=0.002914 | m2²=0.986309 | eps_w1=2.238361e+00 | eps_w2=5.691379e-02
[step   119600] t/d=1196.000 | task1=3.988627e-01 | task2=2.252737e-01 | F1=1.767034e-01 | m1²=0.002918 | m2²=0.986280 | eps_w1=2.239429e+00 | eps_w2=5.715498e-02
[step   119650] t/d=1196.500 | task1=3.988003e-01 | task2=2.252680e-01 | F1=1.766410e-01 | m1²=0.002923 | m2²=0.986202 | eps_w1=2.238723e+00 | eps_w2=5.722256e-02
[step   119700] t/d=1197.000 | task1=3.989748e-01 | task2=2.252718e-01 | F1=1.768155e-01 | m1²=0.002906 | m2²=0.986185 | eps_w1=2.242319e+00 | eps_w2=5.783831e-02
[step   119750] t/d=1197.500 | task1=3.989167e-01 | task2=2.252350e-01 | F1=1.767573e-01 | m1²=0.002917 | m2²=0.985940 | eps_w1=2.241214e+00 | eps_w2=5.823156e-02
[step   119800] t/d=1198.000 | task1=3.989547e-01 | task2=2.252550e-01 | F1=1.767954e-01 | m1²=0.002952 | m2²=0.986007 | eps_w1=2.241704e+00 | eps_w2=5.816791e-02
[step   119850] t/d=1198.500 | task1=3.991297e-01 | task2=2.252710e-01 | F1=1.769704e-01 | m1²=0.002927 | m2²=0.986138 | eps_w1=2.243979e+00 | eps_w2=5.822670e-02
[step   119900] t/d=1199.000 | task1=3.989324e-01 | task2=2.252593e-01 | F1=1.767731e-01 | m1²=0.002929 | m2²=0.986171 | eps_w1=2.240980e+00 | eps_w2=5.766214e-02
[step   119950] t/d=1199.500 | task1=3.989848e-01 | task2=2.252293e-01 | F1=1.768255e-01 | m1²=0.003083 | m2²=0.986055 | eps_w1=2.242053e+00 | eps_w2=5.816211e-02
[step   120000] t/d=1200.000 | task1=3.989583e-01 | task2=2.252076e-01 | F1=1.767990e-01 | m1²=0.003092 | m2²=0.986018 | eps_w1=2.241975e+00 | eps_w2=5.823915e-02
[step   120050] t/d=1200.500 | task1=3.989357e-01 | task2=2.251855e-01 | F1=1.767764e-01 | m1²=0.003050 | m2²=0.986195 | eps_w1=2.242609e+00 | eps_w2=5.791429e-02
[step   120100] t/d=1201.000 | task1=3.989882e-01 | task2=2.251562e-01 | F1=1.768289e-01 | m1²=0.003030 | m2²=0.986281 | eps_w1=2.243586e+00 | eps_w2=5.786647e-02
[step   120150] t/d=1201.500 | task1=3.988700e-01 | task2=2.251418e-01 | F1=1.767106e-01 | m1²=0.002993 | m2²=0.986384 | eps_w1=2.240670e+00 | eps_w2=5.714081e-02
[step   120200] t/d=1202.000 | task1=3.985490e-01 | task2=2.251560e-01 | F1=1.763897e-01 | m1²=0.003021 | m2²=0.986306 | eps_w1=2.234632e+00 | eps_w2=5.636176e-02
[step   120250] t/d=1202.500 | task1=3.984576e-01 | task2=2.251333e-01 | F1=1.762982e-01 | m1²=0.002883 | m2²=0.986348 | eps_w1=2.231997e+00 | eps_w2=5.579631e-02
[step   120300] t/d=1203.000 | task1=3.982466e-01 | task2=2.251135e-01 | F1=1.760873e-01 | m1²=0.002857 | m2²=0.986245 | eps_w1=2.227855e+00 | eps_w2=5.537216e-02
[step   120350] t/d=1203.500 | task1=3.982861e-01 | task2=2.251244e-01 | F1=1.761268e-01 | m1²=0.002873 | m2²=0.986270 | eps_w1=2.228762e+00 | eps_w2=5.546176e-02
[step   120400] t/d=1204.000 | task1=3.984311e-01 | task2=2.251713e-01 | F1=1.762717e-01 | m1²=0.002790 | m2²=0.986191 | eps_w1=2.231572e+00 | eps_w2=5.605902e-02
[step   120450] t/d=1204.500 | task1=3.984178e-01 | task2=2.251942e-01 | F1=1.762585e-01 | m1²=0.002762 | m2²=0.986437 | eps_w1=2.231248e+00 | eps_w2=5.543100e-02
[step   120500] t/d=1205.000 | task1=3.985320e-01 | task2=2.251906e-01 | F1=1.763727e-01 | m1²=0.002829 | m2²=0.986570 | eps_w1=2.232611e+00 | eps_w2=5.536175e-02
[step   120550] t/d=1205.500 | task1=3.986780e-01 | task2=2.251506e-01 | F1=1.765186e-01 | m1²=0.002774 | m2²=0.986618 | eps_w1=2.234963e+00 | eps_w2=5.560593e-02
[step   120600] t/d=1206.000 | task1=3.987990e-01 | task2=2.251645e-01 | F1=1.766396e-01 | m1²=0.002835 | m2²=0.986609 | eps_w1=2.239264e+00 | eps_w2=5.633602e-02
[step   120650] t/d=1206.500 | task1=3.989573e-01 | task2=2.251533e-01 | F1=1.767980e-01 | m1²=0.002859 | m2²=0.986537 | eps_w1=2.242827e+00 | eps_w2=5.708705e-02
[step   120700] t/d=1207.000 | task1=3.988434e-01 | task2=2.251678e-01 | F1=1.766841e-01 | m1²=0.002860 | m2²=0.986472 | eps_w1=2.240769e+00 | eps_w2=5.690473e-02
[step   120750] t/d=1207.500 | task1=3.987715e-01 | task2=2.251372e-01 | F1=1.766122e-01 | m1²=0.002789 | m2²=0.986359 | eps_w1=2.239809e+00 | eps_w2=5.698740e-02
[step   120800] t/d=1208.000 | task1=3.986912e-01 | task2=2.251407e-01 | F1=1.765319e-01 | m1²=0.002731 | m2²=0.986478 | eps_w1=2.238355e+00 | eps_w2=5.645500e-02
[step   120850] t/d=1208.500 | task1=3.988243e-01 | task2=2.251801e-01 | F1=1.766650e-01 | m1²=0.002738 | m2²=0.986347 | eps_w1=2.240293e+00 | eps_w2=5.707372e-02
[step   120900] t/d=1209.000 | task1=3.988165e-01 | task2=2.251647e-01 | F1=1.766571e-01 | m1²=0.002903 | m2²=0.986212 | eps_w1=2.241747e+00 | eps_w2=5.768105e-02
[step   120950] t/d=1209.500 | task1=3.988445e-01 | task2=2.251509e-01 | F1=1.766852e-01 | m1²=0.002846 | m2²=0.986584 | eps_w1=2.241401e+00 | eps_w2=5.674324e-02
[step   121000] t/d=1210.000 | task1=3.989807e-01 | task2=2.251318e-01 | F1=1.768213e-01 | m1²=0.002820 | m2²=0.986503 | eps_w1=2.243500e+00 | eps_w2=5.726168e-02
[step   121050] t/d=1210.500 | task1=3.987645e-01 | task2=2.251370e-01 | F1=1.766052e-01 | m1²=0.002847 | m2²=0.986319 | eps_w1=2.240023e+00 | eps_w2=5.713461e-02
[step   121100] t/d=1211.000 | task1=3.990098e-01 | task2=2.251251e-01 | F1=1.768505e-01 | m1²=0.002926 | m2²=0.986385 | eps_w1=2.244792e+00 | eps_w2=5.778312e-02
[step   121150] t/d=1211.500 | task1=3.990055e-01 | task2=2.251238e-01 | F1=1.768461e-01 | m1²=0.002923 | m2²=0.986370 | eps_w1=2.245381e+00 | eps_w2=5.791388e-02
[step   121200] t/d=1212.000 | task1=3.989349e-01 | task2=2.251153e-01 | F1=1.767756e-01 | m1²=0.002920 | m2²=0.986538 | eps_w1=2.244173e+00 | eps_w2=5.732558e-02
[step   121250] t/d=1212.500 | task1=3.987751e-01 | task2=2.251134e-01 | F1=1.766158e-01 | m1²=0.002836 | m2²=0.986593 | eps_w1=2.240795e+00 | eps_w2=5.661984e-02
[step   121300] t/d=1213.000 | task1=3.985563e-01 | task2=2.251457e-01 | F1=1.763969e-01 | m1²=0.002871 | m2²=0.986417 | eps_w1=2.237072e+00 | eps_w2=5.644139e-02
[step   121350] t/d=1213.500 | task1=3.984364e-01 | task2=2.251666e-01 | F1=1.762770e-01 | m1²=0.002966 | m2²=0.986402 | eps_w1=2.235673e+00 | eps_w2=5.628669e-02
[step   121400] t/d=1214.000 | task1=3.984720e-01 | task2=2.251521e-01 | F1=1.763127e-01 | m1²=0.003048 | m2²=0.986489 | eps_w1=2.236085e+00 | eps_w2=5.618037e-02
[step   121450] t/d=1214.500 | task1=3.982981e-01 | task2=2.251306e-01 | F1=1.761388e-01 | m1²=0.003053 | m2²=0.986532 | eps_w1=2.231962e+00 | eps_w2=5.542639e-02
[step   121500] t/d=1215.000 | task1=3.981404e-01 | task2=2.251142e-01 | F1=1.759811e-01 | m1²=0.003140 | m2²=0.986672 | eps_w1=2.228076e+00 | eps_w2=5.451994e-02
[step   121550] t/d=1215.500 | task1=3.983770e-01 | task2=2.251497e-01 | F1=1.762176e-01 | m1²=0.003097 | m2²=0.986586 | eps_w1=2.232230e+00 | eps_w2=5.536014e-02
[step   121600] t/d=1216.000 | task1=3.983986e-01 | task2=2.251709e-01 | F1=1.762393e-01 | m1²=0.003233 | m2²=0.986549 | eps_w1=2.231781e+00 | eps_w2=5.542113e-02
[step   121650] t/d=1216.500 | task1=3.983753e-01 | task2=2.251702e-01 | F1=1.762160e-01 | m1²=0.003100 | m2²=0.986535 | eps_w1=2.230234e+00 | eps_w2=5.516199e-02
[step   121700] t/d=1217.000 | task1=3.985450e-01 | task2=2.251566e-01 | F1=1.763857e-01 | m1²=0.003114 | m2²=0.986651 | eps_w1=2.233085e+00 | eps_w2=5.535076e-02
[step   121750] t/d=1217.500 | task1=3.986071e-01 | task2=2.251553e-01 | F1=1.764478e-01 | m1²=0.003021 | m2²=0.986723 | eps_w1=2.233843e+00 | eps_w2=5.527062e-02
[step   121800] t/d=1218.000 | task1=3.983884e-01 | task2=2.251516e-01 | F1=1.762291e-01 | m1²=0.003020 | m2²=0.986978 | eps_w1=2.228825e+00 | eps_w2=5.388946e-02
[step   121850] t/d=1218.500 | task1=3.984418e-01 | task2=2.251370e-01 | F1=1.762824e-01 | m1²=0.003067 | m2²=0.987103 | eps_w1=2.230523e+00 | eps_w2=5.388406e-02
[step   121900] t/d=1219.000 | task1=3.983738e-01 | task2=2.251449e-01 | F1=1.762145e-01 | m1²=0.003011 | m2²=0.986997 | eps_w1=2.228755e+00 | eps_w2=5.383256e-02
[step   121950] t/d=1219.500 | task1=3.985437e-01 | task2=2.251502e-01 | F1=1.763844e-01 | m1²=0.003089 | m2²=0.986993 | eps_w1=2.231670e+00 | eps_w2=5.432768e-02
[step   122000] t/d=1220.000 | task1=3.985451e-01 | task2=2.251404e-01 | F1=1.763858e-01 | m1²=0.003080 | m2²=0.987200 | eps_w1=2.231755e+00 | eps_w2=5.385792e-02
[step   122050] t/d=1220.500 | task1=3.985579e-01 | task2=2.251341e-01 | F1=1.763986e-01 | m1²=0.003116 | m2²=0.987133 | eps_w1=2.230773e+00 | eps_w2=5.387176e-02
[step   122100] t/d=1221.000 | task1=3.984022e-01 | task2=2.251678e-01 | F1=1.762429e-01 | m1²=0.003230 | m2²=0.987017 | eps_w1=2.226864e+00 | eps_w2=5.356429e-02
[step   122150] t/d=1221.500 | task1=3.981725e-01 | task2=2.251231e-01 | F1=1.760132e-01 | m1²=0.003183 | m2²=0.987050 | eps_w1=2.221174e+00 | eps_w2=5.258965e-02
[step   122200] t/d=1222.000 | task1=3.979795e-01 | task2=2.251179e-01 | F1=1.758202e-01 | m1²=0.003155 | m2²=0.987071 | eps_w1=2.217440e+00 | eps_w2=5.195947e-02
[step   122250] t/d=1222.500 | task1=3.981588e-01 | task2=2.251682e-01 | F1=1.759995e-01 | m1²=0.003095 | m2²=0.987197 | eps_w1=2.220725e+00 | eps_w2=5.215214e-02
[step   122300] t/d=1223.000 | task1=3.982134e-01 | task2=2.251524e-01 | F1=1.760541e-01 | m1²=0.003081 | m2²=0.987010 | eps_w1=2.220727e+00 | eps_w2=5.257905e-02
[step   122350] t/d=1223.500 | task1=3.980934e-01 | task2=2.251025e-01 | F1=1.759341e-01 | m1²=0.002977 | m2²=0.987110 | eps_w1=2.217772e+00 | eps_w2=5.186057e-02
[step   122400] t/d=1224.000 | task1=3.982253e-01 | task2=2.251071e-01 | F1=1.760659e-01 | m1²=0.002895 | m2²=0.987154 | eps_w1=2.219301e+00 | eps_w2=5.196590e-02
[step   122450] t/d=1224.500 | task1=3.982685e-01 | task2=2.250405e-01 | F1=1.761092e-01 | m1²=0.002928 | m2²=0.987000 | eps_w1=2.221089e+00 | eps_w2=5.260491e-02
[step   122500] t/d=1225.000 | task1=3.980807e-01 | task2=2.250257e-01 | F1=1.759213e-01 | m1²=0.002843 | m2²=0.986966 | eps_w1=2.218028e+00 | eps_w2=5.218701e-02
[step   122550] t/d=1225.500 | task1=3.981050e-01 | task2=2.250525e-01 | F1=1.759456e-01 | m1²=0.002844 | m2²=0.986845 | eps_w1=2.218895e+00 | eps_w2=5.259769e-02
[step   122600] t/d=1226.000 | task1=3.979167e-01 | task2=2.250578e-01 | F1=1.757574e-01 | m1²=0.002881 | m2²=0.986819 | eps_w1=2.214649e+00 | eps_w2=5.202355e-02
[step   122650] t/d=1226.500 | task1=3.980977e-01 | task2=2.250318e-01 | F1=1.759383e-01 | m1²=0.002825 | m2²=0.986779 | eps_w1=2.217421e+00 | eps_w2=5.251659e-02
[step   122700] t/d=1227.000 | task1=3.982202e-01 | task2=2.250306e-01 | F1=1.760609e-01 | m1²=0.002889 | m2²=0.986619 | eps_w1=2.220385e+00 | eps_w2=5.336147e-02
[step   122750] t/d=1227.500 | task1=3.984097e-01 | task2=2.250386e-01 | F1=1.762504e-01 | m1²=0.002857 | m2²=0.986597 | eps_w1=2.223952e+00 | eps_w2=5.395162e-02
[step   122800] t/d=1228.000 | task1=3.983655e-01 | task2=2.250315e-01 | F1=1.762061e-01 | m1²=0.002835 | m2²=0.986503 | eps_w1=2.223504e+00 | eps_w2=5.409135e-02
[step   122850] t/d=1228.500 | task1=3.983311e-01 | task2=2.250198e-01 | F1=1.761718e-01 | m1²=0.002770 | m2²=0.986477 | eps_w1=2.222642e+00 | eps_w2=5.399406e-02
[step   122900] t/d=1229.000 | task1=3.979730e-01 | task2=2.250504e-01 | F1=1.758137e-01 | m1²=0.002802 | m2²=0.986575 | eps_w1=2.219045e+00 | eps_w2=5.322707e-02
[step   122950] t/d=1229.500 | task1=3.980663e-01 | task2=2.250364e-01 | F1=1.759070e-01 | m1²=0.002713 | m2²=0.986482 | eps_w1=2.220788e+00 | eps_w2=5.367725e-02
[step   123000] t/d=1230.000 | task1=3.978999e-01 | task2=2.250411e-01 | F1=1.757405e-01 | m1²=0.002773 | m2²=0.986451 | eps_w1=2.218965e+00 | eps_w2=5.349058e-02
[step   123050] t/d=1230.500 | task1=3.977769e-01 | task2=2.250679e-01 | F1=1.756176e-01 | m1²=0.002681 | m2²=0.986552 | eps_w1=2.216440e+00 | eps_w2=5.284000e-02
[step   123100] t/d=1231.000 | task1=3.977697e-01 | task2=2.250921e-01 | F1=1.756103e-01 | m1²=0.002617 | m2²=0.986453 | eps_w1=2.216887e+00 | eps_w2=5.311488e-02
[step   123150] t/d=1231.500 | task1=3.979101e-01 | task2=2.250969e-01 | F1=1.757508e-01 | m1²=0.002635 | m2²=0.986398 | eps_w1=2.219701e+00 | eps_w2=5.367701e-02
[step   123200] t/d=1232.000 | task1=3.979785e-01 | task2=2.250669e-01 | F1=1.758192e-01 | m1²=0.002587 | m2²=0.986510 | eps_w1=2.219516e+00 | eps_w2=5.337447e-02
[step   123250] t/d=1232.500 | task1=3.979965e-01 | task2=2.250387e-01 | F1=1.758372e-01 | m1²=0.002672 | m2²=0.986457 | eps_w1=2.222039e+00 | eps_w2=5.391453e-02
[step   123300] t/d=1233.000 | task1=3.979117e-01 | task2=2.250497e-01 | F1=1.757524e-01 | m1²=0.002634 | m2²=0.986406 | eps_w1=2.219473e+00 | eps_w2=5.362459e-02
[step   123350] t/d=1233.500 | task1=3.978675e-01 | task2=2.250583e-01 | F1=1.757082e-01 | m1²=0.002634 | m2²=0.986342 | eps_w1=2.218408e+00 | eps_w2=5.360677e-02
[step   123400] t/d=1234.000 | task1=3.979511e-01 | task2=2.250409e-01 | F1=1.757918e-01 | m1²=0.002611 | m2²=0.986462 | eps_w1=2.220046e+00 | eps_w2=5.357394e-02
[step   123450] t/d=1234.500 | task1=3.979060e-01 | task2=2.250709e-01 | F1=1.757466e-01 | m1²=0.002642 | m2²=0.986549 | eps_w1=2.219979e+00 | eps_w2=5.337553e-02
[step   123500] t/d=1235.000 | task1=3.977500e-01 | task2=2.251079e-01 | F1=1.755907e-01 | m1²=0.002685 | m2²=0.986314 | eps_w1=2.217840e+00 | eps_w2=5.360140e-02
[step   123550] t/d=1235.500 | task1=3.977638e-01 | task2=2.251171e-01 | F1=1.756044e-01 | m1²=0.002652 | m2²=0.986295 | eps_w1=2.218268e+00 | eps_w2=5.370114e-02
[step   123600] t/d=1236.000 | task1=3.977475e-01 | task2=2.251000e-01 | F1=1.755882e-01 | m1²=0.002723 | m2²=0.986153 | eps_w1=2.219249e+00 | eps_w2=5.420118e-02
[step   123650] t/d=1236.500 | task1=3.977698e-01 | task2=2.250676e-01 | F1=1.756104e-01 | m1²=0.002700 | m2²=0.986045 | eps_w1=2.219826e+00 | eps_w2=5.453133e-02
[step   123700] t/d=1237.000 | task1=3.978077e-01 | task2=2.250867e-01 | F1=1.756484e-01 | m1²=0.002784 | m2²=0.985674 | eps_w1=2.222611e+00 | eps_w2=5.584329e-02
[step   123750] t/d=1237.500 | task1=3.976845e-01 | task2=2.250957e-01 | F1=1.755251e-01 | m1²=0.002783 | m2²=0.985601 | eps_w1=2.220622e+00 | eps_w2=5.570355e-02
[step   123800] t/d=1238.000 | task1=3.975388e-01 | task2=2.250917e-01 | F1=1.753795e-01 | m1²=0.002797 | m2²=0.985598 | eps_w1=2.217415e+00 | eps_w2=5.522145e-02
[step   123850] t/d=1238.500 | task1=3.976003e-01 | task2=2.250689e-01 | F1=1.754410e-01 | m1²=0.002798 | m2²=0.985405 | eps_w1=2.219569e+00 | eps_w2=5.599572e-02
[step   123900] t/d=1239.000 | task1=3.974862e-01 | task2=2.250392e-01 | F1=1.753268e-01 | m1²=0.002830 | m2²=0.985426 | eps_w1=2.216676e+00 | eps_w2=5.551221e-02
[step   123950] t/d=1239.500 | task1=3.974020e-01 | task2=2.250443e-01 | F1=1.752427e-01 | m1²=0.002869 | m2²=0.985219 | eps_w1=2.215748e+00 | eps_w2=5.585935e-02
[step   124000] t/d=1240.000 | task1=3.973879e-01 | task2=2.250532e-01 | F1=1.752286e-01 | m1²=0.003006 | m2²=0.985279 | eps_w1=2.216026e+00 | eps_w2=5.581143e-02
[step   124050] t/d=1240.500 | task1=3.972199e-01 | task2=2.250367e-01 | F1=1.750605e-01 | m1²=0.003014 | m2²=0.985231 | eps_w1=2.211674e+00 | eps_w2=5.525785e-02
[step   124100] t/d=1241.000 | task1=3.973955e-01 | task2=2.249969e-01 | F1=1.752362e-01 | m1²=0.003041 | m2²=0.985248 | eps_w1=2.215435e+00 | eps_w2=5.580381e-02
[step   124150] t/d=1241.500 | task1=3.976023e-01 | task2=2.250807e-01 | F1=1.754430e-01 | m1²=0.003053 | m2²=0.985333 | eps_w1=2.219135e+00 | eps_w2=5.618195e-02
[step   124200] t/d=1242.000 | task1=3.976883e-01 | task2=2.250786e-01 | F1=1.755290e-01 | m1²=0.003113 | m2²=0.985126 | eps_w1=2.221438e+00 | eps_w2=5.703684e-02
[step   124250] t/d=1242.500 | task1=3.976988e-01 | task2=2.250809e-01 | F1=1.755394e-01 | m1²=0.003108 | m2²=0.985186 | eps_w1=2.221634e+00 | eps_w2=5.692755e-02
[step   124300] t/d=1243.000 | task1=3.978223e-01 | task2=2.250329e-01 | F1=1.756630e-01 | m1²=0.003147 | m2²=0.985248 | eps_w1=2.223883e+00 | eps_w2=5.714845e-02
[step   124350] t/d=1243.500 | task1=3.979049e-01 | task2=2.250295e-01 | F1=1.757456e-01 | m1²=0.003119 | m2²=0.985204 | eps_w1=2.224773e+00 | eps_w2=5.738127e-02
[step   124400] t/d=1244.000 | task1=3.978783e-01 | task2=2.250746e-01 | F1=1.757189e-01 | m1²=0.003195 | m2²=0.985062 | eps_w1=2.225050e+00 | eps_w2=5.777724e-02
[step   124450] t/d=1244.500 | task1=3.978762e-01 | task2=2.251024e-01 | F1=1.757169e-01 | m1²=0.003221 | m2²=0.985141 | eps_w1=2.225285e+00 | eps_w2=5.764186e-02
[step   124500] t/d=1245.000 | task1=3.978605e-01 | task2=2.250989e-01 | F1=1.757012e-01 | m1²=0.003175 | m2²=0.985482 | eps_w1=2.224087e+00 | eps_w2=5.665167e-02
[step   124550] t/d=1245.500 | task1=3.976857e-01 | task2=2.250877e-01 | F1=1.755263e-01 | m1²=0.003256 | m2²=0.985287 | eps_w1=2.221380e+00 | eps_w2=5.670519e-02
[step   124600] t/d=1246.000 | task1=3.976890e-01 | task2=2.250884e-01 | F1=1.755296e-01 | m1²=0.003302 | m2²=0.985087 | eps_w1=2.221767e+00 | eps_w2=5.724267e-02
[step   124650] t/d=1246.500 | task1=3.977542e-01 | task2=2.250866e-01 | F1=1.755949e-01 | m1²=0.003277 | m2²=0.985102 | eps_w1=2.222988e+00 | eps_w2=5.739121e-02
[step   124700] t/d=1247.000 | task1=3.977470e-01 | task2=2.251363e-01 | F1=1.755876e-01 | m1²=0.003239 | m2²=0.985313 | eps_w1=2.224187e+00 | eps_w2=5.707891e-02
[step   124750] t/d=1247.500 | task1=3.977731e-01 | task2=2.251535e-01 | F1=1.756138e-01 | m1²=0.003187 | m2²=0.985171 | eps_w1=2.224941e+00 | eps_w2=5.750735e-02
[step   124800] t/d=1248.000 | task1=3.979540e-01 | task2=2.251354e-01 | F1=1.757947e-01 | m1²=0.003114 | m2²=0.985027 | eps_w1=2.227607e+00 | eps_w2=5.823476e-02
[step   124850] t/d=1248.500 | task1=3.979731e-01 | task2=2.251047e-01 | F1=1.758138e-01 | m1²=0.003154 | m2²=0.984834 | eps_w1=2.228022e+00 | eps_w2=5.876002e-02
[step   124900] t/d=1249.000 | task1=3.978957e-01 | task2=2.251363e-01 | F1=1.757363e-01 | m1²=0.003201 | m2²=0.984861 | eps_w1=2.227280e+00 | eps_w2=5.859639e-02
[step   124950] t/d=1249.500 | task1=3.979090e-01 | task2=2.251707e-01 | F1=1.757496e-01 | m1²=0.003174 | m2²=0.984876 | eps_w1=2.227140e+00 | eps_w2=5.852869e-02
[step   125000] t/d=1250.000 | task1=3.979681e-01 | task2=2.251792e-01 | F1=1.758088e-01 | m1²=0.003209 | m2²=0.984813 | eps_w1=2.228594e+00 | eps_w2=5.891833e-02
[step   125050] t/d=1250.500 | task1=3.980341e-01 | task2=2.251436e-01 | F1=1.758748e-01 | m1²=0.003108 | m2²=0.984960 | eps_w1=2.229547e+00 | eps_w2=5.869463e-02
[step   125100] t/d=1251.000 | task1=3.979604e-01 | task2=2.251631e-01 | F1=1.758011e-01 | m1²=0.003060 | m2²=0.984952 | eps_w1=2.227738e+00 | eps_w2=5.840975e-02
[step   125150] t/d=1251.500 | task1=3.979703e-01 | task2=2.251706e-01 | F1=1.758110e-01 | m1²=0.003103 | m2²=0.984999 | eps_w1=2.227872e+00 | eps_w2=5.833633e-02
[step   125200] t/d=1252.000 | task1=3.981132e-01 | task2=2.251482e-01 | F1=1.759539e-01 | m1²=0.003143 | m2²=0.985106 | eps_w1=2.230799e+00 | eps_w2=5.856797e-02
[step   125250] t/d=1252.500 | task1=3.981377e-01 | task2=2.251328e-01 | F1=1.759784e-01 | m1²=0.003175 | m2²=0.985084 | eps_w1=2.231057e+00 | eps_w2=5.867293e-02
[step   125300] t/d=1253.000 | task1=3.980398e-01 | task2=2.251105e-01 | F1=1.758804e-01 | m1²=0.003177 | m2²=0.985310 | eps_w1=2.227888e+00 | eps_w2=5.764653e-02
[step   125350] t/d=1253.500 | task1=3.979818e-01 | task2=2.250750e-01 | F1=1.758225e-01 | m1²=0.003154 | m2²=0.985277 | eps_w1=2.225371e+00 | eps_w2=5.731719e-02
[step   125400] t/d=1254.000 | task1=3.978234e-01 | task2=2.250911e-01 | F1=1.756641e-01 | m1²=0.003174 | m2²=0.984931 | eps_w1=2.223179e+00 | eps_w2=5.777832e-02
[step   125450] t/d=1254.500 | task1=3.978575e-01 | task2=2.250978e-01 | F1=1.756982e-01 | m1²=0.003191 | m2²=0.984869 | eps_w1=2.223649e+00 | eps_w2=5.800118e-02
[step   125500] t/d=1255.000 | task1=3.980297e-01 | task2=2.251313e-01 | F1=1.758703e-01 | m1²=0.003201 | m2²=0.984786 | eps_w1=2.227313e+00 | eps_w2=5.877313e-02
[step   125550] t/d=1255.500 | task1=3.976279e-01 | task2=2.251370e-01 | F1=1.754685e-01 | m1²=0.003276 | m2²=0.984686 | eps_w1=2.218709e+00 | eps_w2=5.767929e-02
[step   125600] t/d=1256.000 | task1=3.976410e-01 | task2=2.251103e-01 | F1=1.754816e-01 | m1²=0.003197 | m2²=0.984717 | eps_w1=2.220005e+00 | eps_w2=5.778264e-02
[step   125650] t/d=1256.500 | task1=3.975721e-01 | task2=2.250900e-01 | F1=1.754127e-01 | m1²=0.003136 | m2²=0.984627 | eps_w1=2.218677e+00 | eps_w2=5.776335e-02
[step   125700] t/d=1257.000 | task1=3.976306e-01 | task2=2.250526e-01 | F1=1.754712e-01 | m1²=0.003211 | m2²=0.984498 | eps_w1=2.220182e+00 | eps_w2=5.831949e-02
[step   125750] t/d=1257.500 | task1=3.976947e-01 | task2=2.250408e-01 | F1=1.755354e-01 | m1²=0.003197 | m2²=0.984463 | eps_w1=2.219303e+00 | eps_w2=5.825827e-02
[step   125800] t/d=1258.000 | task1=3.976002e-01 | task2=2.250035e-01 | F1=1.754408e-01 | m1²=0.003104 | m2²=0.984474 | eps_w1=2.217410e+00 | eps_w2=5.790750e-02
[step   125850] t/d=1258.500 | task1=3.974839e-01 | task2=2.250553e-01 | F1=1.753246e-01 | m1²=0.003052 | m2²=0.984384 | eps_w1=2.213743e+00 | eps_w2=5.753016e-02
[step   125900] t/d=1259.000 | task1=3.973006e-01 | task2=2.250360e-01 | F1=1.751413e-01 | m1²=0.003056 | m2²=0.984549 | eps_w1=2.209361e+00 | eps_w2=5.648535e-02
[step   125950] t/d=1259.500 | task1=3.974418e-01 | task2=2.250292e-01 | F1=1.752825e-01 | m1²=0.003004 | m2²=0.984721 | eps_w1=2.209699e+00 | eps_w2=5.612390e-02
[step   126000] t/d=1260.000 | task1=3.975582e-01 | task2=2.250631e-01 | F1=1.753989e-01 | m1²=0.003050 | m2²=0.984689 | eps_w1=2.213524e+00 | eps_w2=5.679697e-02
[step   126050] t/d=1260.500 | task1=3.975879e-01 | task2=2.250454e-01 | F1=1.754286e-01 | m1²=0.003007 | m2²=0.984654 | eps_w1=2.215731e+00 | eps_w2=5.720089e-02
[step   126100] t/d=1261.000 | task1=3.977127e-01 | task2=2.250590e-01 | F1=1.755534e-01 | m1²=0.003015 | m2²=0.984630 | eps_w1=2.219748e+00 | eps_w2=5.788030e-02
[step   126150] t/d=1261.500 | task1=3.978376e-01 | task2=2.250652e-01 | F1=1.756783e-01 | m1²=0.003025 | m2²=0.984477 | eps_w1=2.222174e+00 | eps_w2=5.861437e-02
[step   126200] t/d=1262.000 | task1=3.978884e-01 | task2=2.250751e-01 | F1=1.757290e-01 | m1²=0.003043 | m2²=0.984601 | eps_w1=2.223469e+00 | eps_w2=5.853941e-02
[step   126250] t/d=1262.500 | task1=3.978311e-01 | task2=2.250637e-01 | F1=1.756718e-01 | m1²=0.002892 | m2²=0.984759 | eps_w1=2.221069e+00 | eps_w2=5.774716e-02
[step   126300] t/d=1263.000 | task1=3.979797e-01 | task2=2.250772e-01 | F1=1.758204e-01 | m1²=0.002954 | m2²=0.984734 | eps_w1=2.225191e+00 | eps_w2=5.847178e-02
[step   126350] t/d=1263.500 | task1=3.980593e-01 | task2=2.250613e-01 | F1=1.758999e-01 | m1²=0.002948 | m2²=0.984827 | eps_w1=2.226216e+00 | eps_w2=5.841637e-02
[step   126400] t/d=1264.000 | task1=3.980475e-01 | task2=2.250659e-01 | F1=1.758882e-01 | m1²=0.002931 | m2²=0.984622 | eps_w1=2.225182e+00 | eps_w2=5.872149e-02
[step   126450] t/d=1264.500 | task1=3.982090e-01 | task2=2.250862e-01 | F1=1.760497e-01 | m1²=0.002988 | m2²=0.984790 | eps_w1=2.227098e+00 | eps_w2=5.865511e-02
[step   126500] t/d=1265.000 | task1=3.981227e-01 | task2=2.251149e-01 | F1=1.759634e-01 | m1²=0.002966 | m2²=0.984756 | eps_w1=2.225767e+00 | eps_w2=5.851509e-02
[step   126550] t/d=1265.500 | task1=3.982818e-01 | task2=2.251057e-01 | F1=1.761225e-01 | m1²=0.002953 | m2²=0.984576 | eps_w1=2.228313e+00 | eps_w2=5.932995e-02
[step   126600] t/d=1266.000 | task1=3.982986e-01 | task2=2.251132e-01 | F1=1.761392e-01 | m1²=0.003040 | m2²=0.984475 | eps_w1=2.229440e+00 | eps_w2=5.977250e-02
[step   126650] t/d=1266.500 | task1=3.981786e-01 | task2=2.251362e-01 | F1=1.760192e-01 | m1²=0.003017 | m2²=0.984512 | eps_w1=2.227060e+00 | eps_w2=5.930039e-02
[step   126700] t/d=1267.000 | task1=3.980805e-01 | task2=2.251582e-01 | F1=1.759212e-01 | m1²=0.003045 | m2²=0.984550 | eps_w1=2.225856e+00 | eps_w2=5.903242e-02
[step   126750] t/d=1267.500 | task1=3.979597e-01 | task2=2.251616e-01 | F1=1.758003e-01 | m1²=0.003129 | m2²=0.984574 | eps_w1=2.225041e+00 | eps_w2=5.887874e-02
[step   126800] t/d=1268.000 | task1=3.980516e-01 | task2=2.250879e-01 | F1=1.758923e-01 | m1²=0.003270 | m2²=0.984576 | eps_w1=2.228226e+00 | eps_w2=5.942710e-02
[step   126850] t/d=1268.500 | task1=3.980498e-01 | task2=2.251405e-01 | F1=1.758905e-01 | m1²=0.003235 | m2²=0.984480 | eps_w1=2.229829e+00 | eps_w2=5.989325e-02
[step   126900] t/d=1269.000 | task1=3.980089e-01 | task2=2.251505e-01 | F1=1.758496e-01 | m1²=0.003142 | m2²=0.984581 | eps_w1=2.228933e+00 | eps_w2=5.948414e-02
[step   126950] t/d=1269.500 | task1=3.978117e-01 | task2=2.251756e-01 | F1=1.756523e-01 | m1²=0.003288 | m2²=0.984551 | eps_w1=2.227375e+00 | eps_w2=5.935754e-02
[step   127000] t/d=1270.000 | task1=3.978448e-01 | task2=2.251916e-01 | F1=1.756855e-01 | m1²=0.003312 | m2²=0.984683 | eps_w1=2.227228e+00 | eps_w2=5.903683e-02
[step   127050] t/d=1270.500 | task1=3.981387e-01 | task2=2.252018e-01 | F1=1.759793e-01 | m1²=0.003289 | m2²=0.984687 | eps_w1=2.233425e+00 | eps_w2=6.001024e-02
[step   127100] t/d=1271.000 | task1=3.981477e-01 | task2=2.251733e-01 | F1=1.759883e-01 | m1²=0.003339 | m2²=0.984506 | eps_w1=2.234905e+00 | eps_w2=6.068604e-02
[step   127150] t/d=1271.500 | task1=3.981573e-01 | task2=2.251662e-01 | F1=1.759980e-01 | m1²=0.003292 | m2²=0.984569 | eps_w1=2.234925e+00 | eps_w2=6.052544e-02
[step   127200] t/d=1272.000 | task1=3.982574e-01 | task2=2.251411e-01 | F1=1.760980e-01 | m1²=0.003257 | m2²=0.984714 | eps_w1=2.236851e+00 | eps_w2=6.049020e-02
[step   127250] t/d=1272.500 | task1=3.982805e-01 | task2=2.251295e-01 | F1=1.761211e-01 | m1²=0.003157 | m2²=0.984822 | eps_w1=2.238554e+00 | eps_w2=6.047915e-02
[step   127300] t/d=1273.000 | task1=3.981920e-01 | task2=2.251152e-01 | F1=1.760327e-01 | m1²=0.003200 | m2²=0.984911 | eps_w1=2.235371e+00 | eps_w2=5.977274e-02
[step   127350] t/d=1273.500 | task1=3.980064e-01 | task2=2.251539e-01 | F1=1.758471e-01 | m1²=0.003163 | m2²=0.984927 | eps_w1=2.231541e+00 | eps_w2=5.910876e-02
[step   127400] t/d=1274.000 | task1=3.981267e-01 | task2=2.251763e-01 | F1=1.759674e-01 | m1²=0.002989 | m2²=0.985370 | eps_w1=2.230409e+00 | eps_w2=5.784216e-02
[step   127450] t/d=1274.500 | task1=3.981340e-01 | task2=2.251396e-01 | F1=1.759747e-01 | m1²=0.002971 | m2²=0.985363 | eps_w1=2.229282e+00 | eps_w2=5.767383e-02
[step   127500] t/d=1275.000 | task1=3.982350e-01 | task2=2.250843e-01 | F1=1.760757e-01 | m1²=0.002912 | m2²=0.985412 | eps_w1=2.231257e+00 | eps_w2=5.785233e-02
[step   127550] t/d=1275.500 | task1=3.982384e-01 | task2=2.250741e-01 | F1=1.760791e-01 | m1²=0.002970 | m2²=0.985365 | eps_w1=2.231190e+00 | eps_w2=5.797067e-02
[step   127600] t/d=1276.000 | task1=3.980734e-01 | task2=2.249949e-01 | F1=1.759141e-01 | m1²=0.002988 | m2²=0.985555 | eps_w1=2.226488e+00 | eps_w2=5.679581e-02
[step   127650] t/d=1276.500 | task1=3.979160e-01 | task2=2.249854e-01 | F1=1.757567e-01 | m1²=0.003036 | m2²=0.985664 | eps_w1=2.223273e+00 | eps_w2=5.605759e-02
[step   127700] t/d=1277.000 | task1=3.979846e-01 | task2=2.250141e-01 | F1=1.758253e-01 | m1²=0.003030 | m2²=0.985833 | eps_w1=2.224259e+00 | eps_w2=5.582026e-02
[step   127750] t/d=1277.500 | task1=3.977955e-01 | task2=2.250237e-01 | F1=1.756362e-01 | m1²=0.003058 | m2²=0.985925 | eps_w1=2.219906e+00 | eps_w2=5.494025e-02
[step   127800] t/d=1278.000 | task1=3.978461e-01 | task2=2.250499e-01 | F1=1.756868e-01 | m1²=0.003098 | m2²=0.985773 | eps_w1=2.220946e+00 | eps_w2=5.546629e-02
[step   127850] t/d=1278.500 | task1=3.979208e-01 | task2=2.250328e-01 | F1=1.757615e-01 | m1²=0.003117 | m2²=0.985828 | eps_w1=2.221912e+00 | eps_w2=5.549650e-02
[step   127900] t/d=1279.000 | task1=3.980693e-01 | task2=2.250669e-01 | F1=1.759100e-01 | m1²=0.003121 | m2²=0.985804 | eps_w1=2.225724e+00 | eps_w2=5.614666e-02
[step   127950] t/d=1279.500 | task1=3.979990e-01 | task2=2.250592e-01 | F1=1.758396e-01 | m1²=0.003153 | m2²=0.985633 | eps_w1=2.224403e+00 | eps_w2=5.634589e-02
[step   128000] t/d=1280.000 | task1=3.980375e-01 | task2=2.250245e-01 | F1=1.758782e-01 | m1²=0.003167 | m2²=0.985587 | eps_w1=2.225404e+00 | eps_w2=5.661420e-02
[step   128050] t/d=1280.500 | task1=3.979698e-01 | task2=2.250074e-01 | F1=1.758105e-01 | m1²=0.003163 | m2²=0.985531 | eps_w1=2.224882e+00 | eps_w2=5.665890e-02
[step   128100] t/d=1281.000 | task1=3.979077e-01 | task2=2.250084e-01 | F1=1.757484e-01 | m1²=0.003200 | m2²=0.985639 | eps_w1=2.225137e+00 | eps_w2=5.646291e-02
[step   128150] t/d=1281.500 | task1=3.979186e-01 | task2=2.250186e-01 | F1=1.757593e-01 | m1²=0.003260 | m2²=0.985641 | eps_w1=2.225465e+00 | eps_w2=5.653074e-02
[step   128200] t/d=1282.000 | task1=3.976211e-01 | task2=2.249747e-01 | F1=1.754618e-01 | m1²=0.003236 | m2²=0.985607 | eps_w1=2.220003e+00 | eps_w2=5.574990e-02
[step   128250] t/d=1282.500 | task1=3.976740e-01 | task2=2.250347e-01 | F1=1.755147e-01 | m1²=0.003261 | m2²=0.985511 | eps_w1=2.222227e+00 | eps_w2=5.632433e-02
[step   128300] t/d=1283.000 | task1=3.977630e-01 | task2=2.250113e-01 | F1=1.756037e-01 | m1²=0.003246 | m2²=0.985604 | eps_w1=2.224045e+00 | eps_w2=5.638964e-02
[step   128350] t/d=1283.500 | task1=3.979062e-01 | task2=2.250192e-01 | F1=1.757469e-01 | m1²=0.003341 | m2²=0.985507 | eps_w1=2.226382e+00 | eps_w2=5.701353e-02
[step   128400] t/d=1284.000 | task1=3.978587e-01 | task2=2.250956e-01 | F1=1.756993e-01 | m1²=0.003376 | m2²=0.985478 | eps_w1=2.226455e+00 | eps_w2=5.710287e-02
[step   128450] t/d=1284.500 | task1=3.978461e-01 | task2=2.250851e-01 | F1=1.756868e-01 | m1²=0.003387 | m2²=0.985347 | eps_w1=2.226023e+00 | eps_w2=5.734074e-02
[step   128500] t/d=1285.000 | task1=3.979118e-01 | task2=2.250755e-01 | F1=1.757525e-01 | m1²=0.003341 | m2²=0.985273 | eps_w1=2.226769e+00 | eps_w2=5.761346e-02
[step   128550] t/d=1285.500 | task1=3.979838e-01 | task2=2.251057e-01 | F1=1.758245e-01 | m1²=0.003334 | m2²=0.985509 | eps_w1=2.227579e+00 | eps_w2=5.719537e-02
[step   128600] t/d=1286.000 | task1=3.980927e-01 | task2=2.251115e-01 | F1=1.759334e-01 | m1²=0.003476 | m2²=0.985177 | eps_w1=2.230388e+00 | eps_w2=5.845823e-02
[step   128650] t/d=1286.500 | task1=3.981786e-01 | task2=2.251180e-01 | F1=1.760193e-01 | m1²=0.003383 | m2²=0.985318 | eps_w1=2.231020e+00 | eps_w2=5.819864e-02
[step   128700] t/d=1287.000 | task1=3.982078e-01 | task2=2.251565e-01 | F1=1.760484e-01 | m1²=0.003394 | m2²=0.985220 | eps_w1=2.230906e+00 | eps_w2=5.841067e-02
[step   128750] t/d=1287.500 | task1=3.980665e-01 | task2=2.251780e-01 | F1=1.759072e-01 | m1²=0.003360 | m2²=0.985184 | eps_w1=2.226357e+00 | eps_w2=5.776093e-02
[step   128800] t/d=1288.000 | task1=3.980176e-01 | task2=2.251182e-01 | F1=1.758583e-01 | m1²=0.003471 | m2²=0.985090 | eps_w1=2.224963e+00 | eps_w2=5.779685e-02
[step   128850] t/d=1288.500 | task1=3.982992e-01 | task2=2.251270e-01 | F1=1.761399e-01 | m1²=0.003452 | m2²=0.985112 | eps_w1=2.229677e+00 | eps_w2=5.848671e-02
[step   128900] t/d=1289.000 | task1=3.984629e-01 | task2=2.251001e-01 | F1=1.763036e-01 | m1²=0.003469 | m2²=0.985187 | eps_w1=2.232190e+00 | eps_w2=5.871888e-02
[step   128950] t/d=1289.500 | task1=3.983642e-01 | task2=2.250961e-01 | F1=1.762049e-01 | m1²=0.003341 | m2²=0.985238 | eps_w1=2.230388e+00 | eps_w2=5.826790e-02
[step   129000] t/d=1290.000 | task1=3.983146e-01 | task2=2.251134e-01 | F1=1.761553e-01 | m1²=0.003321 | m2²=0.985063 | eps_w1=2.229726e+00 | eps_w2=5.856087e-02
[step   129050] t/d=1290.500 | task1=3.985046e-01 | task2=2.251544e-01 | F1=1.763453e-01 | m1²=0.003265 | m2²=0.985159 | eps_w1=2.231386e+00 | eps_w2=5.858359e-02
[step   129100] t/d=1291.000 | task1=3.983199e-01 | task2=2.251783e-01 | F1=1.761606e-01 | m1²=0.003271 | m2²=0.985114 | eps_w1=2.228149e+00 | eps_w2=5.817522e-02
[step   129150] t/d=1291.500 | task1=3.982735e-01 | task2=2.251498e-01 | F1=1.761142e-01 | m1²=0.003276 | m2²=0.985157 | eps_w1=2.227216e+00 | eps_w2=5.792927e-02
[step   129200] t/d=1292.000 | task1=3.984432e-01 | task2=2.250991e-01 | F1=1.762839e-01 | m1²=0.003273 | m2²=0.985327 | eps_w1=2.229001e+00 | eps_w2=5.781779e-02
[step   129250] t/d=1292.500 | task1=3.985678e-01 | task2=2.250819e-01 | F1=1.764085e-01 | m1²=0.003259 | m2²=0.985357 | eps_w1=2.231123e+00 | eps_w2=5.808047e-02
[step   129300] t/d=1293.000 | task1=3.983558e-01 | task2=2.250393e-01 | F1=1.761965e-01 | m1²=0.003172 | m2²=0.985349 | eps_w1=2.227550e+00 | eps_w2=5.750169e-02
[step   129350] t/d=1293.500 | task1=3.985292e-01 | task2=2.250788e-01 | F1=1.763699e-01 | m1²=0.003095 | m2²=0.985487 | eps_w1=2.229453e+00 | eps_w2=5.745851e-02
[step   129400] t/d=1294.000 | task1=3.984322e-01 | task2=2.250983e-01 | F1=1.762729e-01 | m1²=0.003126 | m2²=0.985328 | eps_w1=2.226633e+00 | eps_w2=5.738855e-02
[step   129450] t/d=1294.500 | task1=3.984200e-01 | task2=2.250882e-01 | F1=1.762606e-01 | m1²=0.003189 | m2²=0.985387 | eps_w1=2.224923e+00 | eps_w2=5.700584e-02
[step   129500] t/d=1295.000 | task1=3.985439e-01 | task2=2.251231e-01 | F1=1.763846e-01 | m1²=0.003126 | m2²=0.985373 | eps_w1=2.227613e+00 | eps_w2=5.743988e-02
[step   129550] t/d=1295.500 | task1=3.983876e-01 | task2=2.250944e-01 | F1=1.762283e-01 | m1²=0.003086 | m2²=0.985456 | eps_w1=2.224013e+00 | eps_w2=5.666885e-02
[step   129600] t/d=1296.000 | task1=3.981368e-01 | task2=2.251214e-01 | F1=1.759774e-01 | m1²=0.003081 | m2²=0.985358 | eps_w1=2.219698e+00 | eps_w2=5.622176e-02
[step   129650] t/d=1296.500 | task1=3.981247e-01 | task2=2.251191e-01 | F1=1.759654e-01 | m1²=0.003108 | m2²=0.985321 | eps_w1=2.220094e+00 | eps_w2=5.637618e-02
[step   129700] t/d=1297.000 | task1=3.984081e-01 | task2=2.251080e-01 | F1=1.762488e-01 | m1²=0.003115 | m2²=0.985328 | eps_w1=2.225455e+00 | eps_w2=5.720101e-02
[step   129750] t/d=1297.500 | task1=3.985971e-01 | task2=2.251024e-01 | F1=1.764378e-01 | m1²=0.003142 | m2²=0.985449 | eps_w1=2.228632e+00 | eps_w2=5.743145e-02
[step   129800] t/d=1298.000 | task1=3.985471e-01 | task2=2.251322e-01 | F1=1.763878e-01 | m1²=0.003141 | m2²=0.985462 | eps_w1=2.228173e+00 | eps_w2=5.732887e-02
[step   129850] t/d=1298.500 | task1=3.986020e-01 | task2=2.251312e-01 | F1=1.764426e-01 | m1²=0.003133 | m2²=0.985519 | eps_w1=2.227204e+00 | eps_w2=5.704248e-02
[step   129900] t/d=1299.000 | task1=3.989195e-01 | task2=2.251224e-01 | F1=1.767602e-01 | m1²=0.003026 | m2²=0.985465 | eps_w1=2.233429e+00 | eps_w2=5.811604e-02
[step   129950] t/d=1299.500 | task1=3.989388e-01 | task2=2.251293e-01 | F1=1.767795e-01 | m1²=0.003055 | m2²=0.985446 | eps_w1=2.234429e+00 | eps_w2=5.833047e-02
[step   130000] t/d=1300.000 | task1=3.989521e-01 | task2=2.251775e-01 | F1=1.767928e-01 | m1²=0.003158 | m2²=0.985492 | eps_w1=2.234124e+00 | eps_w2=5.821245e-02
[step   130050] t/d=1300.500 | task1=3.991417e-01 | task2=2.251253e-01 | F1=1.769824e-01 | m1²=0.003195 | m2²=0.985484 | eps_w1=2.237349e+00 | eps_w2=5.876391e-02
[step   130100] t/d=1301.000 | task1=3.991835e-01 | task2=2.251508e-01 | F1=1.770242e-01 | m1²=0.003216 | m2²=0.985398 | eps_w1=2.239395e+00 | eps_w2=5.930306e-02
[step   130150] t/d=1301.500 | task1=3.993579e-01 | task2=2.251496e-01 | F1=1.771985e-01 | m1²=0.003192 | m2²=0.985279 | eps_w1=2.241447e+00 | eps_w2=5.990282e-02
[step   130200] t/d=1302.000 | task1=3.993455e-01 | task2=2.251460e-01 | F1=1.771862e-01 | m1²=0.003177 | m2²=0.985324 | eps_w1=2.241240e+00 | eps_w2=5.976081e-02
[step   130250] t/d=1302.500 | task1=3.992422e-01 | task2=2.251747e-01 | F1=1.770829e-01 | m1²=0.003191 | m2²=0.985317 | eps_w1=2.239590e+00 | eps_w2=5.951301e-02
[step   130300] t/d=1303.000 | task1=3.991513e-01 | task2=2.251907e-01 | F1=1.769920e-01 | m1²=0.003180 | m2²=0.985446 | eps_w1=2.238486e+00 | eps_w2=5.903085e-02
[step   130350] t/d=1303.500 | task1=3.990038e-01 | task2=2.251917e-01 | F1=1.768444e-01 | m1²=0.003126 | m2²=0.985376 | eps_w1=2.235985e+00 | eps_w2=5.877025e-02
[step   130400] t/d=1304.000 | task1=3.988474e-01 | task2=2.252014e-01 | F1=1.766880e-01 | m1²=0.003076 | m2²=0.985211 | eps_w1=2.234617e+00 | eps_w2=5.891354e-02
[step   130450] t/d=1304.500 | task1=3.989833e-01 | task2=2.251873e-01 | F1=1.768240e-01 | m1²=0.002997 | m2²=0.985455 | eps_w1=2.235985e+00 | eps_w2=5.853881e-02
[step   130500] t/d=1305.000 | task1=3.991164e-01 | task2=2.251816e-01 | F1=1.769571e-01 | m1²=0.003062 | m2²=0.985041 | eps_w1=2.239091e+00 | eps_w2=6.002506e-02
[step   130550] t/d=1305.500 | task1=3.994337e-01 | task2=2.252117e-01 | F1=1.772744e-01 | m1²=0.002934 | m2²=0.984952 | eps_w1=2.245549e+00 | eps_w2=6.124238e-02
[step   130600] t/d=1306.000 | task1=3.994395e-01 | task2=2.252082e-01 | F1=1.772802e-01 | m1²=0.002928 | m2²=0.984969 | eps_w1=2.245512e+00 | eps_w2=6.119305e-02
[step   130650] t/d=1306.500 | task1=3.993551e-01 | task2=2.252497e-01 | F1=1.771958e-01 | m1²=0.002890 | m2²=0.985093 | eps_w1=2.243456e+00 | eps_w2=6.055258e-02
[step   130700] t/d=1307.000 | task1=3.997027e-01 | task2=2.252728e-01 | F1=1.775434e-01 | m1²=0.002916 | m2²=0.985153 | eps_w1=2.248832e+00 | eps_w2=6.131086e-02
[step   130750] t/d=1307.500 | task1=3.995384e-01 | task2=2.252514e-01 | F1=1.773791e-01 | m1²=0.002991 | m2²=0.985114 | eps_w1=2.247277e+00 | eps_w2=6.117057e-02
[step   130800] t/d=1308.000 | task1=3.994826e-01 | task2=2.252605e-01 | F1=1.773232e-01 | m1²=0.002941 | m2²=0.985026 | eps_w1=2.245905e+00 | eps_w2=6.113017e-02
[step   130850] t/d=1308.500 | task1=3.994377e-01 | task2=2.252110e-01 | F1=1.772784e-01 | m1²=0.002848 | m2²=0.985160 | eps_w1=2.244366e+00 | eps_w2=6.053072e-02
[step   130900] t/d=1309.000 | task1=3.994748e-01 | task2=2.251941e-01 | F1=1.773155e-01 | m1²=0.002812 | m2²=0.985155 | eps_w1=2.245173e+00 | eps_w2=6.066266e-02
[step   130950] t/d=1309.500 | task1=3.997759e-01 | task2=2.252671e-01 | F1=1.776165e-01 | m1²=0.002748 | m2²=0.985156 | eps_w1=2.250846e+00 | eps_w2=6.157491e-02
[step   131000] t/d=1310.000 | task1=3.996643e-01 | task2=2.252425e-01 | F1=1.775050e-01 | m1²=0.002747 | m2²=0.985118 | eps_w1=2.249324e+00 | eps_w2=6.141010e-02
[step   131050] t/d=1310.500 | task1=3.997394e-01 | task2=2.252479e-01 | F1=1.775801e-01 | m1²=0.002818 | m2²=0.985070 | eps_w1=2.252031e+00 | eps_w2=6.199874e-02
[step   131100] t/d=1311.000 | task1=3.998720e-01 | task2=2.253104e-01 | F1=1.777126e-01 | m1²=0.002863 | m2²=0.984897 | eps_w1=2.254646e+00 | eps_w2=6.285812e-02
[step   131150] t/d=1311.500 | task1=4.000195e-01 | task2=2.253344e-01 | F1=1.778601e-01 | m1²=0.002856 | m2²=0.984928 | eps_w1=2.256632e+00 | eps_w2=6.311695e-02
[step   131200] t/d=1312.000 | task1=3.998513e-01 | task2=2.253160e-01 | F1=1.776920e-01 | m1²=0.002843 | m2²=0.985058 | eps_w1=2.252532e+00 | eps_w2=6.211875e-02
[step   131250] t/d=1312.500 | task1=3.996766e-01 | task2=2.252636e-01 | F1=1.775173e-01 | m1²=0.002826 | m2²=0.984995 | eps_w1=2.248532e+00 | eps_w2=6.159504e-02
[step   131300] t/d=1313.000 | task1=3.995725e-01 | task2=2.252656e-01 | F1=1.774132e-01 | m1²=0.002817 | m2²=0.985067 | eps_w1=2.245913e+00 | eps_w2=6.098961e-02
[step   131350] t/d=1313.500 | task1=3.994874e-01 | task2=2.252875e-01 | F1=1.773280e-01 | m1²=0.002832 | m2²=0.985134 | eps_w1=2.245229e+00 | eps_w2=6.072814e-02
[step   131400] t/d=1314.000 | task1=3.994630e-01 | task2=2.252997e-01 | F1=1.773036e-01 | m1²=0.002825 | m2²=0.985299 | eps_w1=2.244497e+00 | eps_w2=6.022201e-02
[step   131450] t/d=1314.500 | task1=3.993135e-01 | task2=2.253141e-01 | F1=1.771542e-01 | m1²=0.002814 | m2²=0.985281 | eps_w1=2.241543e+00 | eps_w2=5.977725e-02
[step   131500] t/d=1315.000 | task1=3.994562e-01 | task2=2.253286e-01 | F1=1.772969e-01 | m1²=0.002876 | m2²=0.985265 | eps_w1=2.243765e+00 | eps_w2=6.020083e-02
[step   131550] t/d=1315.500 | task1=3.994209e-01 | task2=2.253136e-01 | F1=1.772616e-01 | m1²=0.002982 | m2²=0.984962 | eps_w1=2.243415e+00 | eps_w2=6.088385e-02
[step   131600] t/d=1316.000 | task1=3.993140e-01 | task2=2.253369e-01 | F1=1.771546e-01 | m1²=0.002963 | m2²=0.985047 | eps_w1=2.241220e+00 | eps_w2=6.032045e-02
[step   131650] t/d=1316.500 | task1=3.992742e-01 | task2=2.253757e-01 | F1=1.771149e-01 | m1²=0.002898 | m2²=0.985124 | eps_w1=2.239756e+00 | eps_w2=5.987976e-02
[step   131700] t/d=1317.000 | task1=3.992121e-01 | task2=2.253197e-01 | F1=1.770527e-01 | m1²=0.002904 | m2²=0.985414 | eps_w1=2.237917e+00 | eps_w2=5.891242e-02
[step   131750] t/d=1317.500 | task1=3.990377e-01 | task2=2.253439e-01 | F1=1.768784e-01 | m1²=0.002911 | m2²=0.985430 | eps_w1=2.233865e+00 | eps_w2=5.822708e-02
[step   131800] t/d=1318.000 | task1=3.989537e-01 | task2=2.253313e-01 | F1=1.767944e-01 | m1²=0.002936 | m2²=0.985203 | eps_w1=2.232323e+00 | eps_w2=5.851385e-02
[step   131850] t/d=1318.500 | task1=3.988278e-01 | task2=2.253421e-01 | F1=1.766684e-01 | m1²=0.002959 | m2²=0.985359 | eps_w1=2.229442e+00 | eps_w2=5.770405e-02
[step   131900] t/d=1319.000 | task1=3.988800e-01 | task2=2.253426e-01 | F1=1.767206e-01 | m1²=0.002958 | m2²=0.985421 | eps_w1=2.231171e+00 | eps_w2=5.783344e-02
[step   131950] t/d=1319.500 | task1=3.987371e-01 | task2=2.253386e-01 | F1=1.765777e-01 | m1²=0.002816 | m2²=0.985485 | eps_w1=2.228190e+00 | eps_w2=5.716439e-02
[step   132000] t/d=1320.000 | task1=3.987366e-01 | task2=2.253770e-01 | F1=1.765773e-01 | m1²=0.002832 | m2²=0.985315 | eps_w1=2.227914e+00 | eps_w2=5.751877e-02
[step   132050] t/d=1320.500 | task1=3.988464e-01 | task2=2.253948e-01 | F1=1.766871e-01 | m1²=0.002744 | m2²=0.985655 | eps_w1=2.228583e+00 | eps_w2=5.680862e-02
[step   132100] t/d=1321.000 | task1=3.989600e-01 | task2=2.253818e-01 | F1=1.768007e-01 | m1²=0.002666 | m2²=0.985762 | eps_w1=2.229613e+00 | eps_w2=5.669620e-02
[step   132150] t/d=1321.500 | task1=3.990073e-01 | task2=2.253811e-01 | F1=1.768480e-01 | m1²=0.002726 | m2²=0.985686 | eps_w1=2.231050e+00 | eps_w2=5.712102e-02
[step   132200] t/d=1322.000 | task1=3.987446e-01 | task2=2.254305e-01 | F1=1.765853e-01 | m1²=0.002757 | m2²=0.985825 | eps_w1=2.226952e+00 | eps_w2=5.616470e-02
[step   132250] t/d=1322.500 | task1=3.987586e-01 | task2=2.254198e-01 | F1=1.765992e-01 | m1²=0.002717 | m2²=0.985571 | eps_w1=2.226985e+00 | eps_w2=5.674258e-02
[step   132300] t/d=1323.000 | task1=3.989346e-01 | task2=2.253974e-01 | F1=1.767752e-01 | m1²=0.002753 | m2²=0.985785 | eps_w1=2.230770e+00 | eps_w2=5.685829e-02
[step   132350] t/d=1323.500 | task1=3.989245e-01 | task2=2.253881e-01 | F1=1.767652e-01 | m1²=0.002742 | m2²=0.985691 | eps_w1=2.230848e+00 | eps_w2=5.708349e-02
[step   132400] t/d=1324.000 | task1=3.986788e-01 | task2=2.254214e-01 | F1=1.765195e-01 | m1²=0.002798 | m2²=0.985771 | eps_w1=2.226899e+00 | eps_w2=5.629554e-02
[step   132450] t/d=1324.500 | task1=3.987006e-01 | task2=2.254080e-01 | F1=1.765412e-01 | m1²=0.002810 | m2²=0.985928 | eps_w1=2.227268e+00 | eps_w2=5.599470e-02
[step   132500] t/d=1325.000 | task1=3.984610e-01 | task2=2.253574e-01 | F1=1.763017e-01 | m1²=0.002735 | m2²=0.985948 | eps_w1=2.223908e+00 | eps_w2=5.539817e-02
[step   132550] t/d=1325.500 | task1=3.988568e-01 | task2=2.253549e-01 | F1=1.766975e-01 | m1²=0.002805 | m2²=0.986112 | eps_w1=2.231434e+00 | eps_w2=5.622631e-02
[step   132600] t/d=1326.000 | task1=3.986431e-01 | task2=2.253383e-01 | F1=1.764838e-01 | m1²=0.002814 | m2²=0.986207 | eps_w1=2.226668e+00 | eps_w2=5.525891e-02
[step   132650] t/d=1326.500 | task1=3.985253e-01 | task2=2.253612e-01 | F1=1.763660e-01 | m1²=0.002836 | m2²=0.986271 | eps_w1=2.224598e+00 | eps_w2=5.479539e-02
[step   132700] t/d=1327.000 | task1=3.987466e-01 | task2=2.253885e-01 | F1=1.765873e-01 | m1²=0.002827 | m2²=0.986442 | eps_w1=2.228217e+00 | eps_w2=5.496458e-02
[step   132750] t/d=1327.500 | task1=3.986567e-01 | task2=2.253597e-01 | F1=1.764973e-01 | m1²=0.002794 | m2²=0.986539 | eps_w1=2.225238e+00 | eps_w2=5.426347e-02
[step   132800] t/d=1328.000 | task1=3.986831e-01 | task2=2.253879e-01 | F1=1.765238e-01 | m1²=0.002689 | m2²=0.986526 | eps_w1=2.225612e+00 | eps_w2=5.431423e-02
[step   132850] t/d=1328.500 | task1=3.989010e-01 | task2=2.253947e-01 | F1=1.767417e-01 | m1²=0.002677 | m2²=0.986615 | eps_w1=2.229062e+00 | eps_w2=5.464566e-02
[step   132900] t/d=1329.000 | task1=3.988349e-01 | task2=2.253486e-01 | F1=1.766756e-01 | m1²=0.002624 | m2²=0.986830 | eps_w1=2.226395e+00 | eps_w2=5.371319e-02
[step   132950] t/d=1329.500 | task1=3.990628e-01 | task2=2.254312e-01 | F1=1.769034e-01 | m1²=0.002549 | m2²=0.986823 | eps_w1=2.231458e+00 | eps_w2=5.449648e-02
[step   133000] t/d=1330.000 | task1=3.995046e-01 | task2=2.254289e-01 | F1=1.773453e-01 | m1²=0.002548 | m2²=0.986693 | eps_w1=2.239093e+00 | eps_w2=5.601044e-02
[step   133050] t/d=1330.500 | task1=3.996357e-01 | task2=2.254189e-01 | F1=1.774763e-01 | m1²=0.002537 | m2²=0.986853 | eps_w1=2.242080e+00 | eps_w2=5.611639e-02
[step   133100] t/d=1331.000 | task1=3.995807e-01 | task2=2.254387e-01 | F1=1.774214e-01 | m1²=0.002433 | m2²=0.986809 | eps_w1=2.240472e+00 | eps_w2=5.592253e-02
[step   133150] t/d=1331.500 | task1=3.993171e-01 | task2=2.254756e-01 | F1=1.771578e-01 | m1²=0.002538 | m2²=0.986875 | eps_w1=2.235631e+00 | eps_w2=5.503382e-02
[step   133200] t/d=1332.000 | task1=3.993675e-01 | task2=2.254918e-01 | F1=1.772082e-01 | m1²=0.002510 | m2²=0.986806 | eps_w1=2.236805e+00 | eps_w2=5.537028e-02
[step   133250] t/d=1332.500 | task1=3.994018e-01 | task2=2.254879e-01 | F1=1.772425e-01 | m1²=0.002558 | m2²=0.986802 | eps_w1=2.238826e+00 | eps_w2=5.571764e-02
[step   133300] t/d=1333.000 | task1=3.996542e-01 | task2=2.254570e-01 | F1=1.774949e-01 | m1²=0.002616 | m2²=0.986905 | eps_w1=2.243344e+00 | eps_w2=5.622911e-02
[step   133350] t/d=1333.500 | task1=3.996005e-01 | task2=2.254754e-01 | F1=1.774412e-01 | m1²=0.002724 | m2²=0.986906 | eps_w1=2.242306e+00 | eps_w2=5.609734e-02
[step   133400] t/d=1334.000 | task1=3.996219e-01 | task2=2.254986e-01 | F1=1.774625e-01 | m1²=0.002771 | m2²=0.986561 | eps_w1=2.245051e+00 | eps_w2=5.736138e-02
[step   133450] t/d=1334.500 | task1=3.994092e-01 | task2=2.255267e-01 | F1=1.772498e-01 | m1²=0.002766 | m2²=0.986604 | eps_w1=2.240550e+00 | eps_w2=5.652864e-02
[step   133500] t/d=1335.000 | task1=3.994615e-01 | task2=2.255267e-01 | F1=1.773022e-01 | m1²=0.002850 | m2²=0.986525 | eps_w1=2.242239e+00 | eps_w2=5.701709e-02
[step   133550] t/d=1335.500 | task1=3.995091e-01 | task2=2.255001e-01 | F1=1.773498e-01 | m1²=0.002802 | m2²=0.986628 | eps_w1=2.243256e+00 | eps_w2=5.692378e-02
[step   133600] t/d=1336.000 | task1=3.995012e-01 | task2=2.254830e-01 | F1=1.773419e-01 | m1²=0.002761 | m2²=0.986682 | eps_w1=2.240791e+00 | eps_w2=5.638517e-02
[step   133650] t/d=1336.500 | task1=3.994539e-01 | task2=2.254731e-01 | F1=1.772946e-01 | m1²=0.002864 | m2²=0.986627 | eps_w1=2.239982e+00 | eps_w2=5.642045e-02
[step   133700] t/d=1337.000 | task1=3.991759e-01 | task2=2.255094e-01 | F1=1.770165e-01 | m1²=0.002930 | m2²=0.986520 | eps_w1=2.234438e+00 | eps_w2=5.580374e-02
[step   133750] t/d=1337.500 | task1=3.993305e-01 | task2=2.255005e-01 | F1=1.771711e-01 | m1²=0.002878 | m2²=0.986801 | eps_w1=2.237222e+00 | eps_w2=5.557900e-02
[step   133800] t/d=1338.000 | task1=3.991532e-01 | task2=2.254985e-01 | F1=1.769939e-01 | m1²=0.002867 | m2²=0.986656 | eps_w1=2.234383e+00 | eps_w2=5.545825e-02
[step   133850] t/d=1338.500 | task1=3.991324e-01 | task2=2.254974e-01 | F1=1.769731e-01 | m1²=0.002837 | m2²=0.986667 | eps_w1=2.231836e+00 | eps_w2=5.501800e-02
[step   133900] t/d=1339.000 | task1=3.992114e-01 | task2=2.254740e-01 | F1=1.770520e-01 | m1²=0.002850 | m2²=0.986582 | eps_w1=2.233752e+00 | eps_w2=5.552333e-02
[step   133950] t/d=1339.500 | task1=3.991385e-01 | task2=2.254816e-01 | F1=1.769791e-01 | m1²=0.002912 | m2²=0.986592 | eps_w1=2.233826e+00 | eps_w2=5.553355e-02
[step   134000] t/d=1340.000 | task1=3.992461e-01 | task2=2.254374e-01 | F1=1.770867e-01 | m1²=0.002956 | m2²=0.986685 | eps_w1=2.234954e+00 | eps_w2=5.551274e-02
[step   134050] t/d=1340.500 | task1=3.992007e-01 | task2=2.254170e-01 | F1=1.770413e-01 | m1²=0.003003 | m2²=0.986685 | eps_w1=2.233138e+00 | eps_w2=5.524066e-02
[step   134100] t/d=1341.000 | task1=3.989917e-01 | task2=2.253840e-01 | F1=1.768323e-01 | m1²=0.002992 | m2²=0.986558 | eps_w1=2.228680e+00 | eps_w2=5.482721e-02
[step   134150] t/d=1341.500 | task1=3.991232e-01 | task2=2.253654e-01 | F1=1.769639e-01 | m1²=0.002926 | m2²=0.986685 | eps_w1=2.231760e+00 | eps_w2=5.499535e-02
[step   134200] t/d=1342.000 | task1=3.989912e-01 | task2=2.253710e-01 | F1=1.768319e-01 | m1²=0.002968 | m2²=0.986610 | eps_w1=2.230115e+00 | eps_w2=5.492347e-02
[step   134250] t/d=1342.500 | task1=3.989941e-01 | task2=2.253892e-01 | F1=1.768348e-01 | m1²=0.003001 | m2²=0.986725 | eps_w1=2.230733e+00 | eps_w2=5.476762e-02
[step   134300] t/d=1343.000 | task1=3.992817e-01 | task2=2.253971e-01 | F1=1.771223e-01 | m1²=0.003037 | m2²=0.986788 | eps_w1=2.237057e+00 | eps_w2=5.563908e-02
[step   134350] t/d=1343.500 | task1=3.992468e-01 | task2=2.253539e-01 | F1=1.770875e-01 | m1²=0.003132 | m2²=0.986661 | eps_w1=2.236367e+00 | eps_w2=5.585694e-02
[step   134400] t/d=1344.000 | task1=3.991856e-01 | task2=2.253115e-01 | F1=1.770263e-01 | m1²=0.003199 | m2²=0.986713 | eps_w1=2.233178e+00 | eps_w2=5.525221e-02
[step   134450] t/d=1344.500 | task1=3.993209e-01 | task2=2.253282e-01 | F1=1.771616e-01 | m1²=0.003146 | m2²=0.986818 | eps_w1=2.236535e+00 | eps_w2=5.552446e-02
[step   134500] t/d=1345.000 | task1=3.994435e-01 | task2=2.252998e-01 | F1=1.772842e-01 | m1²=0.003081 | m2²=0.986955 | eps_w1=2.238554e+00 | eps_w2=5.550890e-02
[step   134550] t/d=1345.500 | task1=3.993141e-01 | task2=2.252531e-01 | F1=1.771548e-01 | m1²=0.003113 | m2²=0.986960 | eps_w1=2.236931e+00 | eps_w2=5.524653e-02
[step   134600] t/d=1346.000 | task1=3.993984e-01 | task2=2.252561e-01 | F1=1.772391e-01 | m1²=0.003032 | m2²=0.986885 | eps_w1=2.238753e+00 | eps_w2=5.568406e-02
[step   134650] t/d=1346.500 | task1=3.993624e-01 | task2=2.252427e-01 | F1=1.772030e-01 | m1²=0.003088 | m2²=0.986860 | eps_w1=2.238879e+00 | eps_w2=5.578253e-02
[step   134700] t/d=1347.000 | task1=3.992023e-01 | task2=2.252116e-01 | F1=1.770430e-01 | m1²=0.003089 | m2²=0.986894 | eps_w1=2.234905e+00 | eps_w2=5.506950e-02
[step   134750] t/d=1347.500 | task1=3.990940e-01 | task2=2.251838e-01 | F1=1.769346e-01 | m1²=0.003047 | m2²=0.986788 | eps_w1=2.232723e+00 | eps_w2=5.495316e-02
[step   134800] t/d=1348.000 | task1=3.990209e-01 | task2=2.251828e-01 | F1=1.768615e-01 | m1²=0.003132 | m2²=0.986760 | eps_w1=2.232178e+00 | eps_w2=5.496190e-02
[step   134850] t/d=1348.500 | task1=3.990027e-01 | task2=2.251711e-01 | F1=1.768434e-01 | m1²=0.003166 | m2²=0.986733 | eps_w1=2.231585e+00 | eps_w2=5.494091e-02
[step   134900] t/d=1349.000 | task1=3.988454e-01 | task2=2.251485e-01 | F1=1.766861e-01 | m1²=0.003276 | m2²=0.986696 | eps_w1=2.229666e+00 | eps_w2=5.476208e-02
[step   134950] t/d=1349.500 | task1=3.987405e-01 | task2=2.251600e-01 | F1=1.765811e-01 | m1²=0.003363 | m2²=0.986720 | eps_w1=2.227861e+00 | eps_w2=5.445359e-02
[step   135000] t/d=1350.000 | task1=3.986279e-01 | task2=2.251128e-01 | F1=1.764685e-01 | m1²=0.003403 | m2²=0.986720 | eps_w1=2.225012e+00 | eps_w2=5.402089e-02
[step   135050] t/d=1350.500 | task1=3.985022e-01 | task2=2.251214e-01 | F1=1.763429e-01 | m1²=0.003437 | m2²=0.986757 | eps_w1=2.223788e+00 | eps_w2=5.375672e-02
[step   135100] t/d=1351.000 | task1=3.985354e-01 | task2=2.251414e-01 | F1=1.763761e-01 | m1²=0.003328 | m2²=0.987012 | eps_w1=2.223950e+00 | eps_w2=5.315680e-02
[step   135150] t/d=1351.500 | task1=3.985544e-01 | task2=2.251783e-01 | F1=1.763951e-01 | m1²=0.003293 | m2²=0.987108 | eps_w1=2.224962e+00 | eps_w2=5.308155e-02
[step   135200] t/d=1352.000 | task1=3.987726e-01 | task2=2.252097e-01 | F1=1.766133e-01 | m1²=0.003457 | m2²=0.987078 | eps_w1=2.229567e+00 | eps_w2=5.392872e-02
[step   135250] t/d=1352.500 | task1=3.988287e-01 | task2=2.251664e-01 | F1=1.766694e-01 | m1²=0.003492 | m2²=0.987204 | eps_w1=2.229623e+00 | eps_w2=5.365734e-02
[step   135300] t/d=1353.000 | task1=3.989318e-01 | task2=2.251899e-01 | F1=1.767725e-01 | m1²=0.003441 | m2²=0.987223 | eps_w1=2.231770e+00 | eps_w2=5.393580e-02
[step   135350] t/d=1353.500 | task1=3.988312e-01 | task2=2.252156e-01 | F1=1.766719e-01 | m1²=0.003552 | m2²=0.987116 | eps_w1=2.231596e+00 | eps_w2=5.419412e-02
[step   135400] t/d=1354.000 | task1=3.987647e-01 | task2=2.252108e-01 | F1=1.766054e-01 | m1²=0.003595 | m2²=0.987290 | eps_w1=2.229635e+00 | eps_w2=5.349767e-02
[step   135450] t/d=1354.500 | task1=3.987888e-01 | task2=2.252384e-01 | F1=1.766294e-01 | m1²=0.003567 | m2²=0.987322 | eps_w1=2.230592e+00 | eps_w2=5.356401e-02
[step   135500] t/d=1355.000 | task1=3.987333e-01 | task2=2.252907e-01 | F1=1.765739e-01 | m1²=0.003569 | m2²=0.987362 | eps_w1=2.228173e+00 | eps_w2=5.309253e-02
[step   135550] t/d=1355.500 | task1=3.989841e-01 | task2=2.252761e-01 | F1=1.768248e-01 | m1²=0.003607 | m2²=0.987468 | eps_w1=2.233565e+00 | eps_w2=5.371131e-02
[step   135600] t/d=1356.000 | task1=3.989224e-01 | task2=2.252495e-01 | F1=1.767631e-01 | m1²=0.003640 | m2²=0.987238 | eps_w1=2.233207e+00 | eps_w2=5.419838e-02
[step   135650] t/d=1356.500 | task1=3.989824e-01 | task2=2.252379e-01 | F1=1.768231e-01 | m1²=0.003662 | m2²=0.987136 | eps_w1=2.235310e+00 | eps_w2=5.477784e-02
[step   135700] t/d=1357.000 | task1=3.989496e-01 | task2=2.252281e-01 | F1=1.767902e-01 | m1²=0.003663 | m2²=0.987203 | eps_w1=2.233425e+00 | eps_w2=5.432187e-02
[step   135750] t/d=1357.500 | task1=3.991340e-01 | task2=2.252095e-01 | F1=1.769747e-01 | m1²=0.003803 | m2²=0.987299 | eps_w1=2.237185e+00 | eps_w2=5.474851e-02
[step   135800] t/d=1358.000 | task1=3.993044e-01 | task2=2.252217e-01 | F1=1.771451e-01 | m1²=0.003722 | m2²=0.987384 | eps_w1=2.239927e+00 | eps_w2=5.496335e-02
[step   135850] t/d=1358.500 | task1=3.994495e-01 | task2=2.251918e-01 | F1=1.772901e-01 | m1²=0.003674 | m2²=0.987421 | eps_w1=2.242112e+00 | eps_w2=5.521459e-02
[step   135900] t/d=1359.000 | task1=3.993962e-01 | task2=2.251493e-01 | F1=1.772369e-01 | m1²=0.003659 | m2²=0.987435 | eps_w1=2.240100e+00 | eps_w2=5.484984e-02
[step   135950] t/d=1359.500 | task1=3.992355e-01 | task2=2.251495e-01 | F1=1.770762e-01 | m1²=0.003759 | m2²=0.987521 | eps_w1=2.237982e+00 | eps_w2=5.434636e-02
[step   136000] t/d=1360.000 | task1=3.991444e-01 | task2=2.251526e-01 | F1=1.769851e-01 | m1²=0.003718 | m2²=0.987418 | eps_w1=2.236796e+00 | eps_w2=5.438133e-02
[step   136050] t/d=1360.500 | task1=3.989777e-01 | task2=2.251515e-01 | F1=1.768183e-01 | m1²=0.003776 | m2²=0.987258 | eps_w1=2.234410e+00 | eps_w2=5.439219e-02
[step   136100] t/d=1361.000 | task1=3.988774e-01 | task2=2.251281e-01 | F1=1.767181e-01 | m1²=0.003713 | m2²=0.987392 | eps_w1=2.233103e+00 | eps_w2=5.384978e-02
[step   136150] t/d=1361.500 | task1=3.988641e-01 | task2=2.250830e-01 | F1=1.767048e-01 | m1²=0.003655 | m2²=0.987564 | eps_w1=2.230508e+00 | eps_w2=5.302149e-02
[step   136200] t/d=1362.000 | task1=3.987148e-01 | task2=2.251211e-01 | F1=1.765555e-01 | m1²=0.003666 | m2²=0.987444 | eps_w1=2.229008e+00 | eps_w2=5.306710e-02
[step   136250] t/d=1362.500 | task1=3.986954e-01 | task2=2.251184e-01 | F1=1.765361e-01 | m1²=0.003689 | m2²=0.987387 | eps_w1=2.229482e+00 | eps_w2=5.328133e-02
[step   136300] t/d=1363.000 | task1=3.989591e-01 | task2=2.251472e-01 | F1=1.767997e-01 | m1²=0.003639 | m2²=0.987181 | eps_w1=2.233924e+00 | eps_w2=5.444227e-02
[step   136350] t/d=1363.500 | task1=3.990751e-01 | task2=2.251715e-01 | F1=1.769158e-01 | m1²=0.003720 | m2²=0.986955 | eps_w1=2.235231e+00 | eps_w2=5.520419e-02
[step   136400] t/d=1364.000 | task1=3.994233e-01 | task2=2.252140e-01 | F1=1.772640e-01 | m1²=0.003803 | m2²=0.986779 | eps_w1=2.243117e+00 | eps_w2=5.691461e-02
[step   136450] t/d=1364.500 | task1=3.993927e-01 | task2=2.251826e-01 | F1=1.772334e-01 | m1²=0.003798 | m2²=0.986697 | eps_w1=2.241947e+00 | eps_w2=5.691263e-02
[step   136500] t/d=1365.000 | task1=3.993843e-01 | task2=2.251863e-01 | F1=1.772250e-01 | m1²=0.003922 | m2²=0.986604 | eps_w1=2.242693e+00 | eps_w2=5.729587e-02
[step   136550] t/d=1365.500 | task1=3.998265e-01 | task2=2.251787e-01 | F1=1.776671e-01 | m1²=0.003788 | m2²=0.986671 | eps_w1=2.250017e+00 | eps_w2=5.829428e-02
[step   136600] t/d=1366.000 | task1=3.999359e-01 | task2=2.251733e-01 | F1=1.777765e-01 | m1²=0.003698 | m2²=0.986558 | eps_w1=2.251236e+00 | eps_w2=5.872712e-02
[step   136650] t/d=1366.500 | task1=4.001417e-01 | task2=2.251743e-01 | F1=1.779824e-01 | m1²=0.003688 | m2²=0.986648 | eps_w1=2.256297e+00 | eps_w2=5.935807e-02
[step   136700] t/d=1367.000 | task1=4.001767e-01 | task2=2.251467e-01 | F1=1.780174e-01 | m1²=0.003650 | m2²=0.986702 | eps_w1=2.257533e+00 | eps_w2=5.942548e-02
[step   136750] t/d=1367.500 | task1=4.005360e-01 | task2=2.251957e-01 | F1=1.783767e-01 | m1²=0.003611 | m2²=0.986683 | eps_w1=2.264027e+00 | eps_w2=6.055519e-02
[step   136800] t/d=1368.000 | task1=4.005713e-01 | task2=2.251689e-01 | F1=1.784120e-01 | m1²=0.003644 | m2²=0.986747 | eps_w1=2.265115e+00 | eps_w2=6.060344e-02
[step   136850] t/d=1368.500 | task1=4.004390e-01 | task2=2.252136e-01 | F1=1.782797e-01 | m1²=0.003698 | m2²=0.986875 | eps_w1=2.262661e+00 | eps_w2=5.990661e-02
[step   136900] t/d=1369.000 | task1=4.005767e-01 | task2=2.252248e-01 | F1=1.784174e-01 | m1²=0.003717 | m2²=0.987030 | eps_w1=2.265529e+00 | eps_w2=6.003936e-02
[step   136950] t/d=1369.500 | task1=4.003622e-01 | task2=2.252205e-01 | F1=1.782029e-01 | m1²=0.003655 | m2²=0.987215 | eps_w1=2.261743e+00 | eps_w2=5.893772e-02
[step   137000] t/d=1370.000 | task1=4.000611e-01 | task2=2.252474e-01 | F1=1.779017e-01 | m1²=0.003692 | m2²=0.987182 | eps_w1=2.255480e+00 | eps_w2=5.797771e-02
[step   137050] t/d=1370.500 | task1=4.002025e-01 | task2=2.252137e-01 | F1=1.780432e-01 | m1²=0.003499 | m2²=0.987454 | eps_w1=2.256336e+00 | eps_w2=5.741267e-02
[step   137100] t/d=1371.000 | task1=4.002629e-01 | task2=2.252341e-01 | F1=1.781036e-01 | m1²=0.003463 | m2²=0.987554 | eps_w1=2.257070e+00 | eps_w2=5.728664e-02
[step   137150] t/d=1371.500 | task1=4.002677e-01 | task2=2.252318e-01 | F1=1.781084e-01 | m1²=0.003499 | m2²=0.987573 | eps_w1=2.257044e+00 | eps_w2=5.725287e-02
[step   137200] t/d=1372.000 | task1=4.001988e-01 | task2=2.252172e-01 | F1=1.780395e-01 | m1²=0.003539 | m2²=0.987511 | eps_w1=2.256425e+00 | eps_w2=5.731000e-02
[step   137250] t/d=1372.500 | task1=4.001402e-01 | task2=2.252079e-01 | F1=1.779809e-01 | m1²=0.003466 | m2²=0.987335 | eps_w1=2.256569e+00 | eps_w2=5.771571e-02
[step   137300] t/d=1373.000 | task1=4.000614e-01 | task2=2.252654e-01 | F1=1.779021e-01 | m1²=0.003416 | m2²=0.987135 | eps_w1=2.253934e+00 | eps_w2=5.772526e-02
[step   137350] t/d=1373.500 | task1=3.999489e-01 | task2=2.252434e-01 | F1=1.777896e-01 | m1²=0.003344 | m2²=0.987183 | eps_w1=2.251916e+00 | eps_w2=5.725180e-02
[step   137400] t/d=1374.000 | task1=3.997669e-01 | task2=2.252357e-01 | F1=1.776076e-01 | m1²=0.003473 | m2²=0.987249 | eps_w1=2.249811e+00 | eps_w2=5.679760e-02
[step   137450] t/d=1374.500 | task1=3.995219e-01 | task2=2.252299e-01 | F1=1.773626e-01 | m1²=0.003464 | m2²=0.987309 | eps_w1=2.244904e+00 | eps_w2=5.585164e-02
[step   137500] t/d=1375.000 | task1=3.995531e-01 | task2=2.252807e-01 | F1=1.773937e-01 | m1²=0.003432 | m2²=0.987095 | eps_w1=2.245308e+00 | eps_w2=5.640284e-02
[step   137550] t/d=1375.500 | task1=3.995279e-01 | task2=2.253037e-01 | F1=1.773686e-01 | m1²=0.003409 | m2²=0.987111 | eps_w1=2.244808e+00 | eps_w2=5.627523e-02
[step   137600] t/d=1376.000 | task1=3.995230e-01 | task2=2.252398e-01 | F1=1.773637e-01 | m1²=0.003523 | m2²=0.987047 | eps_w1=2.246036e+00 | eps_w2=5.666611e-02
[step   137650] t/d=1376.500 | task1=3.994436e-01 | task2=2.252626e-01 | F1=1.772842e-01 | m1²=0.003509 | m2²=0.986923 | eps_w1=2.245480e+00 | eps_w2=5.685942e-02
[step   137700] t/d=1377.000 | task1=3.994082e-01 | task2=2.252991e-01 | F1=1.772489e-01 | m1²=0.003562 | m2²=0.986834 | eps_w1=2.245649e+00 | eps_w2=5.711268e-02
[step   137750] t/d=1377.500 | task1=3.995704e-01 | task2=2.252840e-01 | F1=1.774110e-01 | m1²=0.003558 | m2²=0.986689 | eps_w1=2.250123e+00 | eps_w2=5.818558e-02
[step   137800] t/d=1378.000 | task1=3.997634e-01 | task2=2.252546e-01 | F1=1.776041e-01 | m1²=0.003513 | m2²=0.986766 | eps_w1=2.253254e+00 | eps_w2=5.850968e-02
[step   137850] t/d=1378.500 | task1=3.996102e-01 | task2=2.253008e-01 | F1=1.774509e-01 | m1²=0.003431 | m2²=0.986816 | eps_w1=2.249892e+00 | eps_w2=5.780362e-02
[step   137900] t/d=1379.000 | task1=3.996939e-01 | task2=2.252453e-01 | F1=1.775345e-01 | m1²=0.003429 | m2²=0.986824 | eps_w1=2.251275e+00 | eps_w2=5.801329e-02
[step   137950] t/d=1379.500 | task1=3.998687e-01 | task2=2.252517e-01 | F1=1.777094e-01 | m1²=0.003357 | m2²=0.986761 | eps_w1=2.253811e+00 | eps_w2=5.855550e-02
[step   138000] t/d=1380.000 | task1=3.998136e-01 | task2=2.252754e-01 | F1=1.776543e-01 | m1²=0.003393 | m2²=0.986824 | eps_w1=2.252410e+00 | eps_w2=5.818854e-02
[step   138050] t/d=1380.500 | task1=3.997883e-01 | task2=2.252549e-01 | F1=1.776290e-01 | m1²=0.003437 | m2²=0.986800 | eps_w1=2.252953e+00 | eps_w2=5.835055e-02
[step   138100] t/d=1381.000 | task1=3.997680e-01 | task2=2.252303e-01 | F1=1.776087e-01 | m1²=0.003358 | m2²=0.986864 | eps_w1=2.250495e+00 | eps_w2=5.776433e-02
[step   138150] t/d=1381.500 | task1=3.996535e-01 | task2=2.252036e-01 | F1=1.774942e-01 | m1²=0.003429 | m2²=0.986741 | eps_w1=2.250293e+00 | eps_w2=5.804371e-02
[step   138200] t/d=1382.000 | task1=3.997607e-01 | task2=2.252392e-01 | F1=1.776014e-01 | m1²=0.003343 | m2²=0.986832 | eps_w1=2.251070e+00 | eps_w2=5.792907e-02
[step   138250] t/d=1382.500 | task1=3.997899e-01 | task2=2.252351e-01 | F1=1.776306e-01 | m1²=0.003326 | m2²=0.986592 | eps_w1=2.250537e+00 | eps_w2=5.839381e-02
[step   138300] t/d=1383.000 | task1=3.996537e-01 | task2=2.252525e-01 | F1=1.774944e-01 | m1²=0.003190 | m2²=0.986335 | eps_w1=2.247529e+00 | eps_w2=5.844518e-02
[step   138350] t/d=1383.500 | task1=3.997217e-01 | task2=2.252420e-01 | F1=1.775624e-01 | m1²=0.003184 | m2²=0.986270 | eps_w1=2.249885e+00 | eps_w2=5.898375e-02
[step   138400] t/d=1384.000 | task1=3.995082e-01 | task2=2.252023e-01 | F1=1.773489e-01 | m1²=0.003190 | m2²=0.986368 | eps_w1=2.244749e+00 | eps_w2=5.791260e-02
[step   138450] t/d=1384.500 | task1=3.995450e-01 | task2=2.252341e-01 | F1=1.773857e-01 | m1²=0.003113 | m2²=0.986481 | eps_w1=2.246247e+00 | eps_w2=5.786691e-02
[step   138500] t/d=1385.000 | task1=3.994908e-01 | task2=2.252486e-01 | F1=1.773315e-01 | m1²=0.003032 | m2²=0.986362 | eps_w1=2.244038e+00 | eps_w2=5.775332e-02
[step   138550] t/d=1385.500 | task1=3.994359e-01 | task2=2.252331e-01 | F1=1.772766e-01 | m1²=0.003038 | m2²=0.986449 | eps_w1=2.244572e+00 | eps_w2=5.764151e-02
[step   138600] t/d=1386.000 | task1=3.992951e-01 | task2=2.251809e-01 | F1=1.771358e-01 | m1²=0.003028 | m2²=0.986542 | eps_w1=2.241857e+00 | eps_w2=5.697871e-02
[step   138650] t/d=1386.500 | task1=3.993326e-01 | task2=2.251494e-01 | F1=1.771733e-01 | m1²=0.003014 | m2²=0.986354 | eps_w1=2.242603e+00 | eps_w2=5.753152e-02
[step   138700] t/d=1387.000 | task1=3.993818e-01 | task2=2.251471e-01 | F1=1.772225e-01 | m1²=0.002965 | m2²=0.986315 | eps_w1=2.243354e+00 | eps_w2=5.772548e-02
[step   138750] t/d=1387.500 | task1=3.995021e-01 | task2=2.251708e-01 | F1=1.773428e-01 | m1²=0.002869 | m2²=0.986253 | eps_w1=2.245813e+00 | eps_w2=5.823667e-02
[step   138800] t/d=1388.000 | task1=3.995361e-01 | task2=2.251924e-01 | F1=1.773767e-01 | m1²=0.002833 | m2²=0.986342 | eps_w1=2.246257e+00 | eps_w2=5.808974e-02
[step   138850] t/d=1388.500 | task1=3.994758e-01 | task2=2.252017e-01 | F1=1.773165e-01 | m1²=0.002889 | m2²=0.986445 | eps_w1=2.245148e+00 | eps_w2=5.769056e-02
[step   138900] t/d=1389.000 | task1=3.993961e-01 | task2=2.251929e-01 | F1=1.772367e-01 | m1²=0.002978 | m2²=0.986428 | eps_w1=2.243028e+00 | eps_w2=5.741707e-02
[step   138950] t/d=1389.500 | task1=3.994357e-01 | task2=2.251602e-01 | F1=1.772764e-01 | m1²=0.002990 | m2²=0.986573 | eps_w1=2.242766e+00 | eps_w2=5.704038e-02
[step   139000] t/d=1390.000 | task1=3.994173e-01 | task2=2.251636e-01 | F1=1.772580e-01 | m1²=0.003053 | m2²=0.986596 | eps_w1=2.242075e+00 | eps_w2=5.689915e-02
[step   139050] t/d=1390.500 | task1=3.992353e-01 | task2=2.251287e-01 | F1=1.770760e-01 | m1²=0.003050 | m2²=0.986694 | eps_w1=2.238522e+00 | eps_w2=5.609570e-02
[step   139100] t/d=1391.000 | task1=3.991446e-01 | task2=2.252101e-01 | F1=1.769853e-01 | m1²=0.002947 | m2²=0.986913 | eps_w1=2.236718e+00 | eps_w2=5.526251e-02
[step   139150] t/d=1391.500 | task1=3.988625e-01 | task2=2.252469e-01 | F1=1.767032e-01 | m1²=0.003000 | m2²=0.986697 | eps_w1=2.232797e+00 | eps_w2=5.515768e-02
[step   139200] t/d=1392.000 | task1=3.987735e-01 | task2=2.252484e-01 | F1=1.766142e-01 | m1²=0.003094 | m2²=0.986450 | eps_w1=2.230058e+00 | eps_w2=5.532862e-02
[step   139250] t/d=1392.500 | task1=3.985954e-01 | task2=2.252642e-01 | F1=1.764360e-01 | m1²=0.003073 | m2²=0.986288 | eps_w1=2.226744e+00 | eps_w2=5.517460e-02
[step   139300] t/d=1393.000 | task1=3.984385e-01 | task2=2.252667e-01 | F1=1.762792e-01 | m1²=0.003045 | m2²=0.986278 | eps_w1=2.225035e+00 | eps_w2=5.492005e-02
[step   139350] t/d=1393.500 | task1=3.982174e-01 | task2=2.252726e-01 | F1=1.760581e-01 | m1²=0.003066 | m2²=0.986177 | eps_w1=2.220699e+00 | eps_w2=5.448531e-02
[step   139400] t/d=1394.000 | task1=3.980991e-01 | task2=2.252664e-01 | F1=1.759398e-01 | m1²=0.002978 | m2²=0.986076 | eps_w1=2.217151e+00 | eps_w2=5.414342e-02
[step   139450] t/d=1394.500 | task1=3.980337e-01 | task2=2.252683e-01 | F1=1.758744e-01 | m1²=0.002931 | m2²=0.986049 | eps_w1=2.215167e+00 | eps_w2=5.388650e-02
[step   139500] t/d=1395.000 | task1=3.977059e-01 | task2=2.253129e-01 | F1=1.755466e-01 | m1²=0.003002 | m2²=0.985885 | eps_w1=2.210072e+00 | eps_w2=5.351330e-02
[step   139550] t/d=1395.500 | task1=3.977438e-01 | task2=2.253057e-01 | F1=1.755844e-01 | m1²=0.002973 | m2²=0.985973 | eps_w1=2.210766e+00 | eps_w2=5.340599e-02
[step   139600] t/d=1396.000 | task1=3.974563e-01 | task2=2.253212e-01 | F1=1.752970e-01 | m1²=0.003022 | m2²=0.986067 | eps_w1=2.206165e+00 | eps_w2=5.251822e-02
[step   139650] t/d=1396.500 | task1=3.977244e-01 | task2=2.253420e-01 | F1=1.755651e-01 | m1²=0.003121 | m2²=0.985952 | eps_w1=2.213134e+00 | eps_w2=5.386400e-02
[step   139700] t/d=1397.000 | task1=3.980000e-01 | task2=2.253297e-01 | F1=1.758407e-01 | m1²=0.003129 | m2²=0.986146 | eps_w1=2.218174e+00 | eps_w2=5.419090e-02
[step   139750] t/d=1397.500 | task1=3.982279e-01 | task2=2.253382e-01 | F1=1.760685e-01 | m1²=0.003239 | m2²=0.986264 | eps_w1=2.224206e+00 | eps_w2=5.489023e-02
[step   139800] t/d=1398.000 | task1=3.983011e-01 | task2=2.253250e-01 | F1=1.761418e-01 | m1²=0.003198 | m2²=0.986462 | eps_w1=2.225270e+00 | eps_w2=5.458577e-02
[step   139850] t/d=1398.500 | task1=3.981784e-01 | task2=2.252888e-01 | F1=1.760190e-01 | m1²=0.003239 | m2²=0.986534 | eps_w1=2.222688e+00 | eps_w2=5.403172e-02
[step   139900] t/d=1399.000 | task1=3.981808e-01 | task2=2.253249e-01 | F1=1.760215e-01 | m1²=0.003211 | m2²=0.986575 | eps_w1=2.221929e+00 | eps_w2=5.380944e-02
[step   139950] t/d=1399.500 | task1=3.983175e-01 | task2=2.253696e-01 | F1=1.761582e-01 | m1²=0.003297 | m2²=0.986501 | eps_w1=2.225778e+00 | eps_w2=5.460970e-02
[step   140000] t/d=1400.000 | task1=3.982235e-01 | task2=2.253564e-01 | F1=1.760641e-01 | m1²=0.003346 | m2²=0.986577 | eps_w1=2.224071e+00 | eps_w2=5.418391e-02
[step   140050] t/d=1400.500 | task1=3.982278e-01 | task2=2.253764e-01 | F1=1.760685e-01 | m1²=0.003332 | m2²=0.986507 | eps_w1=2.224584e+00 | eps_w2=5.442195e-02
[step   140100] t/d=1401.000 | task1=3.982410e-01 | task2=2.253695e-01 | F1=1.760817e-01 | m1²=0.003301 | m2²=0.986541 | eps_w1=2.223963e+00 | eps_w2=5.423451e-02
[step   140150] t/d=1401.500 | task1=3.983155e-01 | task2=2.253612e-01 | F1=1.761561e-01 | m1²=0.003212 | m2²=0.986559 | eps_w1=2.225974e+00 | eps_w2=5.447597e-02
[step   140200] t/d=1402.000 | task1=3.982342e-01 | task2=2.253238e-01 | F1=1.760749e-01 | m1²=0.003164 | m2²=0.986712 | eps_w1=2.222503e+00 | eps_w2=5.356803e-02
[step   140250] t/d=1402.500 | task1=3.982999e-01 | task2=2.253450e-01 | F1=1.761405e-01 | m1²=0.003212 | m2²=0.986785 | eps_w1=2.223955e+00 | eps_w2=5.364135e-02
[step   140300] t/d=1403.000 | task1=3.982723e-01 | task2=2.253111e-01 | F1=1.761130e-01 | m1²=0.003217 | m2²=0.986875 | eps_w1=2.224864e+00 | eps_w2=5.357687e-02
[step   140350] t/d=1403.500 | task1=3.985446e-01 | task2=2.253388e-01 | F1=1.763853e-01 | m1²=0.003164 | m2²=0.986890 | eps_w1=2.231170e+00 | eps_w2=5.451232e-02
[step   140400] t/d=1404.000 | task1=3.982674e-01 | task2=2.253730e-01 | F1=1.761080e-01 | m1²=0.003297 | m2²=0.987050 | eps_w1=2.227370e+00 | eps_w2=5.359203e-02
[step   140450] t/d=1404.500 | task1=3.985613e-01 | task2=2.254258e-01 | F1=1.764020e-01 | m1²=0.003251 | m2²=0.987326 | eps_w1=2.233113e+00 | eps_w2=5.384098e-02
[step   140500] t/d=1405.000 | task1=3.988142e-01 | task2=2.254545e-01 | F1=1.766549e-01 | m1²=0.003330 | m2²=0.987280 | eps_w1=2.238719e+00 | eps_w2=5.486957e-02
[step   140550] t/d=1405.500 | task1=3.987820e-01 | task2=2.254847e-01 | F1=1.766227e-01 | m1²=0.003265 | m2²=0.987442 | eps_w1=2.237232e+00 | eps_w2=5.423328e-02
[step   140600] t/d=1406.000 | task1=3.989821e-01 | task2=2.255008e-01 | F1=1.768228e-01 | m1²=0.003373 | m2²=0.987319 | eps_w1=2.243150e+00 | eps_w2=5.550909e-02
[step   140650] t/d=1406.500 | task1=3.987742e-01 | task2=2.255532e-01 | F1=1.766149e-01 | m1²=0.003300 | m2²=0.987212 | eps_w1=2.238929e+00 | eps_w2=5.505099e-02
[step   140700] t/d=1407.000 | task1=3.988045e-01 | task2=2.255092e-01 | F1=1.766452e-01 | m1²=0.003250 | m2²=0.987304 | eps_w1=2.239733e+00 | eps_w2=5.494779e-02
[step   140750] t/d=1407.500 | task1=3.987151e-01 | task2=2.255390e-01 | F1=1.765558e-01 | m1²=0.003257 | m2²=0.987144 | eps_w1=2.237568e+00 | eps_w2=5.497467e-02
[step   140800] t/d=1408.000 | task1=3.986870e-01 | task2=2.255291e-01 | F1=1.765276e-01 | m1²=0.003199 | m2²=0.987315 | eps_w1=2.236259e+00 | eps_w2=5.434868e-02
[step   140850] t/d=1408.500 | task1=3.987656e-01 | task2=2.255474e-01 | F1=1.766063e-01 | m1²=0.003166 | m2²=0.987531 | eps_w1=2.237182e+00 | eps_w2=5.398424e-02
[step   140900] t/d=1409.000 | task1=3.985217e-01 | task2=2.255451e-01 | F1=1.763624e-01 | m1²=0.003168 | m2²=0.987475 | eps_w1=2.232493e+00 | eps_w2=5.337046e-02
[step   140950] t/d=1409.500 | task1=3.983889e-01 | task2=2.255571e-01 | F1=1.762296e-01 | m1²=0.003194 | m2²=0.987503 | eps_w1=2.230187e+00 | eps_w2=5.295102e-02
[step   141000] t/d=1410.000 | task1=3.985298e-01 | task2=2.255799e-01 | F1=1.763705e-01 | m1²=0.003237 | m2²=0.987631 | eps_w1=2.232149e+00 | eps_w2=5.297931e-02
[step   141050] t/d=1410.500 | task1=3.984225e-01 | task2=2.255944e-01 | F1=1.762631e-01 | m1²=0.003193 | m2²=0.987591 | eps_w1=2.230050e+00 | eps_w2=5.272529e-02
[step   141100] t/d=1411.000 | task1=3.984554e-01 | task2=2.255558e-01 | F1=1.762961e-01 | m1²=0.003187 | m2²=0.987774 | eps_w1=2.230175e+00 | eps_w2=5.232046e-02
[step   141150] t/d=1411.500 | task1=3.984351e-01 | task2=2.255555e-01 | F1=1.762758e-01 | m1²=0.003167 | m2²=0.987701 | eps_w1=2.230136e+00 | eps_w2=5.247560e-02
[step   141200] t/d=1412.000 | task1=3.984483e-01 | task2=2.255593e-01 | F1=1.762890e-01 | m1²=0.003247 | m2²=0.987739 | eps_w1=2.229723e+00 | eps_w2=5.235183e-02
[step   141250] t/d=1412.500 | task1=3.985543e-01 | task2=2.255626e-01 | F1=1.763950e-01 | m1²=0.003212 | m2²=0.987647 | eps_w1=2.231636e+00 | eps_w2=5.285154e-02
[step   141300] t/d=1413.000 | task1=3.984177e-01 | task2=2.255271e-01 | F1=1.762583e-01 | m1²=0.003246 | m2²=0.987673 | eps_w1=2.229118e+00 | eps_w2=5.240946e-02
[step   141350] t/d=1413.500 | task1=3.984280e-01 | task2=2.255675e-01 | F1=1.762686e-01 | m1²=0.003257 | m2²=0.987594 | eps_w1=2.229961e+00 | eps_w2=5.272645e-02
[step   141400] t/d=1414.000 | task1=3.982081e-01 | task2=2.255314e-01 | F1=1.760488e-01 | m1²=0.003321 | m2²=0.987592 | eps_w1=2.227765e+00 | eps_w2=5.241043e-02
[step   141450] t/d=1414.500 | task1=3.979410e-01 | task2=2.255568e-01 | F1=1.757817e-01 | m1²=0.003348 | m2²=0.987470 | eps_w1=2.222308e+00 | eps_w2=5.185479e-02
[step   141500] t/d=1415.000 | task1=3.978124e-01 | task2=2.255149e-01 | F1=1.756531e-01 | m1²=0.003454 | m2²=0.987309 | eps_w1=2.221065e+00 | eps_w2=5.206918e-02
[step   141550] t/d=1415.500 | task1=3.978932e-01 | task2=2.254698e-01 | F1=1.757339e-01 | m1²=0.003342 | m2²=0.987200 | eps_w1=2.221646e+00 | eps_w2=5.237351e-02
[step   141600] t/d=1416.000 | task1=3.979772e-01 | task2=2.254364e-01 | F1=1.758179e-01 | m1²=0.003320 | m2²=0.987245 | eps_w1=2.222111e+00 | eps_w2=5.233208e-02
[step   141650] t/d=1416.500 | task1=3.978944e-01 | task2=2.254546e-01 | F1=1.757350e-01 | m1²=0.003328 | m2²=0.986948 | eps_w1=2.220338e+00 | eps_w2=5.274631e-02
[step   141700] t/d=1417.000 | task1=3.976880e-01 | task2=2.254479e-01 | F1=1.755287e-01 | m1²=0.003380 | m2²=0.986582 | eps_w1=2.217779e+00 | eps_w2=5.321196e-02
[step   141750] t/d=1417.500 | task1=3.975933e-01 | task2=2.255039e-01 | F1=1.754339e-01 | m1²=0.003341 | m2²=0.986482 | eps_w1=2.217950e+00 | eps_w2=5.345455e-02
[step   141800] t/d=1418.000 | task1=3.974249e-01 | task2=2.254792e-01 | F1=1.752656e-01 | m1²=0.003302 | m2²=0.986560 | eps_w1=2.214446e+00 | eps_w2=5.272901e-02
[step   141850] t/d=1418.500 | task1=3.975517e-01 | task2=2.254620e-01 | F1=1.753924e-01 | m1²=0.003217 | m2²=0.986751 | eps_w1=2.215059e+00 | eps_w2=5.235321e-02
[step   141900] t/d=1419.000 | task1=3.977186e-01 | task2=2.254587e-01 | F1=1.755593e-01 | m1²=0.003163 | m2²=0.986879 | eps_w1=2.216528e+00 | eps_w2=5.226469e-02
[step   141950] t/d=1419.500 | task1=3.977793e-01 | task2=2.253928e-01 | F1=1.756199e-01 | m1²=0.003246 | m2²=0.986701 | eps_w1=2.218866e+00 | eps_w2=5.306045e-02
[step   142000] t/d=1420.000 | task1=3.976300e-01 | task2=2.254400e-01 | F1=1.754707e-01 | m1²=0.003292 | m2²=0.986693 | eps_w1=2.216021e+00 | eps_w2=5.265917e-02
[step   142050] t/d=1420.500 | task1=3.975281e-01 | task2=2.254327e-01 | F1=1.753687e-01 | m1²=0.003284 | m2²=0.986824 | eps_w1=2.212255e+00 | eps_w2=5.178433e-02
[step   142100] t/d=1421.000 | task1=3.974951e-01 | task2=2.255002e-01 | F1=1.753358e-01 | m1²=0.003387 | m2²=0.986526 | eps_w1=2.213094e+00 | eps_w2=5.262916e-02
[step   142150] t/d=1421.500 | task1=3.974622e-01 | task2=2.254336e-01 | F1=1.753029e-01 | m1²=0.003390 | m2²=0.986688 | eps_w1=2.210917e+00 | eps_w2=5.192865e-02
[step   142200] t/d=1422.000 | task1=3.975142e-01 | task2=2.254794e-01 | F1=1.753549e-01 | m1²=0.003520 | m2²=0.986424 | eps_w1=2.213370e+00 | eps_w2=5.294953e-02
[step   142250] t/d=1422.500 | task1=3.974612e-01 | task2=2.254720e-01 | F1=1.753019e-01 | m1²=0.003436 | m2²=0.986431 | eps_w1=2.211628e+00 | eps_w2=5.264080e-02
[step   142300] t/d=1423.000 | task1=3.974804e-01 | task2=2.254698e-01 | F1=1.753211e-01 | m1²=0.003408 | m2²=0.986381 | eps_w1=2.213198e+00 | eps_w2=5.298393e-02
[step   142350] t/d=1423.500 | task1=3.975268e-01 | task2=2.254555e-01 | F1=1.753675e-01 | m1²=0.003543 | m2²=0.986506 | eps_w1=2.213842e+00 | eps_w2=5.284084e-02
[step   142400] t/d=1424.000 | task1=3.975768e-01 | task2=2.255195e-01 | F1=1.754175e-01 | m1²=0.003499 | m2²=0.986372 | eps_w1=2.215036e+00 | eps_w2=5.331608e-02
[step   142450] t/d=1424.500 | task1=3.975067e-01 | task2=2.255446e-01 | F1=1.753474e-01 | m1²=0.003471 | m2²=0.986510 | eps_w1=2.212927e+00 | eps_w2=5.266775e-02
[step   142500] t/d=1425.000 | task1=3.975476e-01 | task2=2.255348e-01 | F1=1.753883e-01 | m1²=0.003433 | m2²=0.986425 | eps_w1=2.212435e+00 | eps_w2=5.277593e-02
[step   142550] t/d=1425.500 | task1=3.975667e-01 | task2=2.255632e-01 | F1=1.754074e-01 | m1²=0.003421 | m2²=0.986262 | eps_w1=2.212460e+00 | eps_w2=5.314890e-02
[step   142600] t/d=1426.000 | task1=3.974584e-01 | task2=2.255839e-01 | F1=1.752990e-01 | m1²=0.003517 | m2²=0.986231 | eps_w1=2.211215e+00 | eps_w2=5.306422e-02
[step   142650] t/d=1426.500 | task1=3.974086e-01 | task2=2.255988e-01 | F1=1.752493e-01 | m1²=0.003643 | m2²=0.986184 | eps_w1=2.210881e+00 | eps_w2=5.316280e-02
[step   142700] t/d=1427.000 | task1=3.972272e-01 | task2=2.256005e-01 | F1=1.750678e-01 | m1²=0.003643 | m2²=0.986194 | eps_w1=2.207174e+00 | eps_w2=5.258239e-02
[step   142750] t/d=1427.500 | task1=3.971703e-01 | task2=2.256114e-01 | F1=1.750109e-01 | m1²=0.003610 | m2²=0.986050 | eps_w1=2.205803e+00 | eps_w2=5.269502e-02
[step   142800] t/d=1428.000 | task1=3.970652e-01 | task2=2.256617e-01 | F1=1.749059e-01 | m1²=0.003632 | m2²=0.986101 | eps_w1=2.204226e+00 | eps_w2=5.235047e-02
[step   142850] t/d=1428.500 | task1=3.971416e-01 | task2=2.256709e-01 | F1=1.749822e-01 | m1²=0.003504 | m2²=0.986186 | eps_w1=2.203853e+00 | eps_w2=5.206001e-02
[step   142900] t/d=1429.000 | task1=3.970568e-01 | task2=2.256670e-01 | F1=1.748974e-01 | m1²=0.003608 | m2²=0.986195 | eps_w1=2.202610e+00 | eps_w2=5.188934e-02
[step   142950] t/d=1429.500 | task1=3.972242e-01 | task2=2.256240e-01 | F1=1.750649e-01 | m1²=0.003575 | m2²=0.986023 | eps_w1=2.206247e+00 | eps_w2=5.281232e-02
[step   143000] t/d=1430.000 | task1=3.972021e-01 | task2=2.256150e-01 | F1=1.750427e-01 | m1²=0.003622 | m2²=0.986068 | eps_w1=2.205271e+00 | eps_w2=5.257905e-02
[step   143050] t/d=1430.500 | task1=3.973350e-01 | task2=2.255613e-01 | F1=1.751757e-01 | m1²=0.003575 | m2²=0.986007 | eps_w1=2.206280e+00 | eps_w2=5.285473e-02
[step   143100] t/d=1431.000 | task1=3.974581e-01 | task2=2.255905e-01 | F1=1.752988e-01 | m1²=0.003490 | m2²=0.985978 | eps_w1=2.210125e+00 | eps_w2=5.347131e-02
[step   143150] t/d=1431.500 | task1=3.975317e-01 | task2=2.255208e-01 | F1=1.753724e-01 | m1²=0.003400 | m2²=0.986043 | eps_w1=2.210270e+00 | eps_w2=5.331419e-02
[step   143200] t/d=1432.000 | task1=3.976029e-01 | task2=2.255190e-01 | F1=1.754436e-01 | m1²=0.003384 | m2²=0.986143 | eps_w1=2.210835e+00 | eps_w2=5.316382e-02
[step   143250] t/d=1432.500 | task1=3.978587e-01 | task2=2.255103e-01 | F1=1.756993e-01 | m1²=0.003427 | m2²=0.986289 | eps_w1=2.214074e+00 | eps_w2=5.333594e-02
[step   143300] t/d=1433.000 | task1=3.980626e-01 | task2=2.255480e-01 | F1=1.759033e-01 | m1²=0.003377 | m2²=0.986197 | eps_w1=2.219951e+00 | eps_w2=5.443170e-02
[step   143350] t/d=1433.500 | task1=3.981953e-01 | task2=2.255562e-01 | F1=1.760360e-01 | m1²=0.003308 | m2²=0.986292 | eps_w1=2.220965e+00 | eps_w2=5.434578e-02
[step   143400] t/d=1434.000 | task1=3.982608e-01 | task2=2.255236e-01 | F1=1.761015e-01 | m1²=0.003346 | m2²=0.986197 | eps_w1=2.223073e+00 | eps_w2=5.490423e-02
[step   143450] t/d=1434.500 | task1=3.983315e-01 | task2=2.255445e-01 | F1=1.761721e-01 | m1²=0.003216 | m2²=0.986226 | eps_w1=2.224364e+00 | eps_w2=5.499534e-02
[step   143500] t/d=1435.000 | task1=3.983576e-01 | task2=2.255876e-01 | F1=1.761983e-01 | m1²=0.003197 | m2²=0.986093 | eps_w1=2.226382e+00 | eps_w2=5.561095e-02
[step   143550] t/d=1435.500 | task1=3.983791e-01 | task2=2.255845e-01 | F1=1.762198e-01 | m1²=0.003098 | m2²=0.985989 | eps_w1=2.227732e+00 | eps_w2=5.602836e-02
[step   143600] t/d=1436.000 | task1=3.982256e-01 | task2=2.256051e-01 | F1=1.760663e-01 | m1²=0.003015 | m2²=0.986083 | eps_w1=2.224630e+00 | eps_w2=5.529634e-02
[step   143650] t/d=1436.500 | task1=3.981498e-01 | task2=2.255783e-01 | F1=1.759904e-01 | m1²=0.002947 | m2²=0.986148 | eps_w1=2.223596e+00 | eps_w2=5.496236e-02
[step   143700] t/d=1437.000 | task1=3.982454e-01 | task2=2.255674e-01 | F1=1.760860e-01 | m1²=0.002942 | m2²=0.986048 | eps_w1=2.225109e+00 | eps_w2=5.542605e-02
[step   143750] t/d=1437.500 | task1=3.983493e-01 | task2=2.255751e-01 | F1=1.761900e-01 | m1²=0.002865 | m2²=0.985887 | eps_w1=2.227184e+00 | eps_w2=5.609591e-02
[step   143800] t/d=1438.000 | task1=3.985212e-01 | task2=2.256521e-01 | F1=1.763619e-01 | m1²=0.002877 | m2²=0.985689 | eps_w1=2.231472e+00 | eps_w2=5.723371e-02
[step   143850] t/d=1438.500 | task1=3.986730e-01 | task2=2.256858e-01 | F1=1.765137e-01 | m1²=0.002789 | m2²=0.985663 | eps_w1=2.234406e+00 | eps_w2=5.773195e-02
[step   143900] t/d=1439.000 | task1=3.986228e-01 | task2=2.257015e-01 | F1=1.764635e-01 | m1²=0.002864 | m2²=0.985607 | eps_w1=2.233365e+00 | eps_w2=5.772142e-02
[step   143950] t/d=1439.500 | task1=3.985645e-01 | task2=2.257128e-01 | F1=1.764052e-01 | m1²=0.002804 | m2²=0.985462 | eps_w1=2.232366e+00 | eps_w2=5.787623e-02
[step   144000] t/d=1440.000 | task1=3.984608e-01 | task2=2.257030e-01 | F1=1.763015e-01 | m1²=0.002803 | m2²=0.985627 | eps_w1=2.230466e+00 | eps_w2=5.719235e-02
[step   144050] t/d=1440.500 | task1=3.984100e-01 | task2=2.256659e-01 | F1=1.762506e-01 | m1²=0.002702 | m2²=0.985486 | eps_w1=2.227943e+00 | eps_w2=5.708334e-02
[step   144100] t/d=1441.000 | task1=3.983961e-01 | task2=2.256714e-01 | F1=1.762367e-01 | m1²=0.002624 | m2²=0.985472 | eps_w1=2.228463e+00 | eps_w2=5.716947e-02
[step   144150] t/d=1441.500 | task1=3.982720e-01 | task2=2.256715e-01 | F1=1.761127e-01 | m1²=0.002657 | m2²=0.985501 | eps_w1=2.226177e+00 | eps_w2=5.675496e-02
[step   144200] t/d=1442.000 | task1=3.984473e-01 | task2=2.256105e-01 | F1=1.762879e-01 | m1²=0.002665 | m2²=0.985818 | eps_w1=2.228846e+00 | eps_w2=5.644664e-02
[step   144250] t/d=1442.500 | task1=3.984963e-01 | task2=2.255958e-01 | F1=1.763369e-01 | m1²=0.002600 | m2²=0.985981 | eps_w1=2.228603e+00 | eps_w2=5.600927e-02
[step   144300] t/d=1443.000 | task1=3.985475e-01 | task2=2.256292e-01 | F1=1.763881e-01 | m1²=0.002604 | m2²=0.985929 | eps_w1=2.231087e+00 | eps_w2=5.652142e-02
[step   144350] t/d=1443.500 | task1=3.985185e-01 | task2=2.256386e-01 | F1=1.763592e-01 | m1²=0.002688 | m2²=0.985965 | eps_w1=2.231778e+00 | eps_w2=5.657836e-02
[step   144400] t/d=1444.000 | task1=3.984994e-01 | task2=2.256188e-01 | F1=1.763401e-01 | m1²=0.002704 | m2²=0.985985 | eps_w1=2.231210e+00 | eps_w2=5.644819e-02
[step   144450] t/d=1444.500 | task1=3.984042e-01 | task2=2.256008e-01 | F1=1.762448e-01 | m1²=0.002671 | m2²=0.986219 | eps_w1=2.228707e+00 | eps_w2=5.550184e-02
[step   144500] t/d=1445.000 | task1=3.983064e-01 | task2=2.256147e-01 | F1=1.761470e-01 | m1²=0.002725 | m2²=0.986180 | eps_w1=2.227399e+00 | eps_w2=5.540539e-02
[step   144550] t/d=1445.500 | task1=3.984090e-01 | task2=2.256267e-01 | F1=1.762496e-01 | m1²=0.002655 | m2²=0.986036 | eps_w1=2.229397e+00 | eps_w2=5.602752e-02
[step   144600] t/d=1446.000 | task1=3.984518e-01 | task2=2.255337e-01 | F1=1.762925e-01 | m1²=0.002635 | m2²=0.986046 | eps_w1=2.230117e+00 | eps_w2=5.611047e-02
[step   144650] t/d=1446.500 | task1=3.983314e-01 | task2=2.255475e-01 | F1=1.761721e-01 | m1²=0.002526 | m2²=0.986161 | eps_w1=2.227602e+00 | eps_w2=5.541024e-02
[step   144700] t/d=1447.000 | task1=3.983707e-01 | task2=2.255497e-01 | F1=1.762113e-01 | m1²=0.002566 | m2²=0.986036 | eps_w1=2.227739e+00 | eps_w2=5.573360e-02
[step   144750] t/d=1447.500 | task1=3.985344e-01 | task2=2.254830e-01 | F1=1.763751e-01 | m1²=0.002477 | m2²=0.986170 | eps_w1=2.230201e+00 | eps_w2=5.578131e-02
[step   144800] t/d=1448.000 | task1=3.982926e-01 | task2=2.255129e-01 | F1=1.761333e-01 | m1²=0.002437 | m2²=0.986063 | eps_w1=2.225765e+00 | eps_w2=5.532001e-02
[step   144850] t/d=1448.500 | task1=3.983561e-01 | task2=2.255134e-01 | F1=1.761968e-01 | m1²=0.002435 | m2²=0.986012 | eps_w1=2.225352e+00 | eps_w2=5.537174e-02
[step   144900] t/d=1449.000 | task1=3.982943e-01 | task2=2.255126e-01 | F1=1.761350e-01 | m1²=0.002441 | m2²=0.985886 | eps_w1=2.224090e+00 | eps_w2=5.546781e-02
[step   144950] t/d=1449.500 | task1=3.983125e-01 | task2=2.254845e-01 | F1=1.761532e-01 | m1²=0.002498 | m2²=0.985835 | eps_w1=2.223887e+00 | eps_w2=5.557266e-02
[step   145000] t/d=1450.000 | task1=3.983862e-01 | task2=2.254722e-01 | F1=1.762269e-01 | m1²=0.002530 | m2²=0.985793 | eps_w1=2.227989e+00 | eps_w2=5.632121e-02
[step   145050] t/d=1450.500 | task1=3.983759e-01 | task2=2.254297e-01 | F1=1.762166e-01 | m1²=0.002551 | m2²=0.985681 | eps_w1=2.227938e+00 | eps_w2=5.657894e-02
[step   145100] t/d=1451.000 | task1=3.983735e-01 | task2=2.254192e-01 | F1=1.762141e-01 | m1²=0.002565 | m2²=0.985696 | eps_w1=2.227817e+00 | eps_w2=5.653186e-02
[step   145150] t/d=1451.500 | task1=3.985170e-01 | task2=2.254169e-01 | F1=1.763576e-01 | m1²=0.002600 | m2²=0.985697 | eps_w1=2.230494e+00 | eps_w2=5.696291e-02
[step   145200] t/d=1452.000 | task1=3.983949e-01 | task2=2.254706e-01 | F1=1.762355e-01 | m1²=0.002534 | m2²=0.985720 | eps_w1=2.226429e+00 | eps_w2=5.624760e-02
[step   145250] t/d=1452.500 | task1=3.982759e-01 | task2=2.254803e-01 | F1=1.761166e-01 | m1²=0.002595 | m2²=0.985568 | eps_w1=2.224221e+00 | eps_w2=5.627265e-02
[step   145300] t/d=1453.000 | task1=3.982653e-01 | task2=2.254590e-01 | F1=1.761060e-01 | m1²=0.002598 | m2²=0.985371 | eps_w1=2.223427e+00 | eps_w2=5.660540e-02
[step   145350] t/d=1453.500 | task1=3.981147e-01 | task2=2.254044e-01 | F1=1.759554e-01 | m1²=0.002698 | m2²=0.985624 | eps_w1=2.220700e+00 | eps_w2=5.563409e-02
[step   145400] t/d=1454.000 | task1=3.980922e-01 | task2=2.253937e-01 | F1=1.759329e-01 | m1²=0.002767 | m2²=0.985583 | eps_w1=2.221274e+00 | eps_w2=5.583882e-02
[step   145450] t/d=1454.500 | task1=3.980571e-01 | task2=2.253894e-01 | F1=1.758977e-01 | m1²=0.002795 | m2²=0.985511 | eps_w1=2.219029e+00 | eps_w2=5.566894e-02
[step   145500] t/d=1455.000 | task1=3.981381e-01 | task2=2.254089e-01 | F1=1.759788e-01 | m1²=0.002758 | m2²=0.985636 | eps_w1=2.220037e+00 | eps_w2=5.552372e-02
[step   145550] t/d=1455.500 | task1=3.980522e-01 | task2=2.253775e-01 | F1=1.758929e-01 | m1²=0.002670 | m2²=0.985679 | eps_w1=2.217623e+00 | eps_w2=5.502374e-02
[step   145600] t/d=1456.000 | task1=3.981413e-01 | task2=2.253455e-01 | F1=1.759819e-01 | m1²=0.002608 | m2²=0.985502 | eps_w1=2.219456e+00 | eps_w2=5.568999e-02
[step   145650] t/d=1456.500 | task1=3.982824e-01 | task2=2.253612e-01 | F1=1.761231e-01 | m1²=0.002565 | m2²=0.985650 | eps_w1=2.221053e+00 | eps_w2=5.558169e-02
[step   145700] t/d=1457.000 | task1=3.984468e-01 | task2=2.254142e-01 | F1=1.762875e-01 | m1²=0.002530 | m2²=0.985682 | eps_w1=2.224131e+00 | eps_w2=5.597371e-02
[step   145750] t/d=1457.500 | task1=3.985612e-01 | task2=2.253669e-01 | F1=1.764019e-01 | m1²=0.002531 | m2²=0.985614 | eps_w1=2.225936e+00 | eps_w2=5.641424e-02
[step   145800] t/d=1458.000 | task1=3.986392e-01 | task2=2.254023e-01 | F1=1.764799e-01 | m1²=0.002505 | m2²=0.985567 | eps_w1=2.227842e+00 | eps_w2=5.681138e-02
[step   145850] t/d=1458.500 | task1=3.985358e-01 | task2=2.254573e-01 | F1=1.763765e-01 | m1²=0.002586 | m2²=0.985702 | eps_w1=2.227016e+00 | eps_w2=5.639851e-02
[step   145900] t/d=1459.000 | task1=3.984889e-01 | task2=2.254904e-01 | F1=1.763295e-01 | m1²=0.002603 | m2²=0.985639 | eps_w1=2.225847e+00 | eps_w2=5.636536e-02
[step   145950] t/d=1459.500 | task1=3.985207e-01 | task2=2.255300e-01 | F1=1.763614e-01 | m1²=0.002571 | m2²=0.985690 | eps_w1=2.225227e+00 | eps_w2=5.614158e-02
[step   146000] t/d=1460.000 | task1=3.983846e-01 | task2=2.255386e-01 | F1=1.762252e-01 | m1²=0.002628 | m2²=0.985627 | eps_w1=2.223416e+00 | eps_w2=5.602258e-02
[step   146050] t/d=1460.500 | task1=3.982682e-01 | task2=2.255442e-01 | F1=1.761089e-01 | m1²=0.002621 | m2²=0.985447 | eps_w1=2.222077e+00 | eps_w2=5.622669e-02
[step   146100] t/d=1461.000 | task1=3.981850e-01 | task2=2.255065e-01 | F1=1.760257e-01 | m1²=0.002639 | m2²=0.985376 | eps_w1=2.220188e+00 | eps_w2=5.610342e-02
[step   146150] t/d=1461.500 | task1=3.983758e-01 | task2=2.255079e-01 | F1=1.762165e-01 | m1²=0.002706 | m2²=0.985283 | eps_w1=2.223578e+00 | eps_w2=5.686710e-02
[step   146200] t/d=1462.000 | task1=3.985387e-01 | task2=2.254853e-01 | F1=1.763793e-01 | m1²=0.002692 | m2²=0.985231 | eps_w1=2.225975e+00 | eps_w2=5.735758e-02
[step   146250] t/d=1462.500 | task1=3.985307e-01 | task2=2.255101e-01 | F1=1.763714e-01 | m1²=0.002711 | m2²=0.984972 | eps_w1=2.225727e+00 | eps_w2=5.792353e-02
[step   146300] t/d=1463.000 | task1=3.985878e-01 | task2=2.254941e-01 | F1=1.764285e-01 | m1²=0.002609 | m2²=0.984995 | eps_w1=2.226204e+00 | eps_w2=5.790839e-02
[step   146350] t/d=1463.500 | task1=3.985001e-01 | task2=2.254942e-01 | F1=1.763408e-01 | m1²=0.002675 | m2²=0.984878 | eps_w1=2.225086e+00 | eps_w2=5.802652e-02
[step   146400] t/d=1464.000 | task1=3.982733e-01 | task2=2.254338e-01 | F1=1.761140e-01 | m1²=0.002657 | m2²=0.985019 | eps_w1=2.220283e+00 | eps_w2=5.694662e-02
[step   146450] t/d=1464.500 | task1=3.985290e-01 | task2=2.254091e-01 | F1=1.763697e-01 | m1²=0.002727 | m2²=0.984708 | eps_w1=2.225791e+00 | eps_w2=5.854646e-02
[step   146500] t/d=1465.000 | task1=3.985613e-01 | task2=2.254285e-01 | F1=1.764020e-01 | m1²=0.002793 | m2²=0.984943 | eps_w1=2.227190e+00 | eps_w2=5.824887e-02
[step   146550] t/d=1465.500 | task1=3.986553e-01 | task2=2.254306e-01 | F1=1.764960e-01 | m1²=0.002760 | m2²=0.984921 | eps_w1=2.229153e+00 | eps_w2=5.859850e-02
[step   146600] t/d=1466.000 | task1=3.987415e-01 | task2=2.254292e-01 | F1=1.765822e-01 | m1²=0.002782 | m2²=0.984734 | eps_w1=2.231340e+00 | eps_w2=5.938638e-02
[step   146650] t/d=1466.500 | task1=3.986406e-01 | task2=2.255029e-01 | F1=1.764812e-01 | m1²=0.002754 | m2²=0.984520 | eps_w1=2.229501e+00 | eps_w2=5.957853e-02
[step   146700] t/d=1467.000 | task1=3.986344e-01 | task2=2.255310e-01 | F1=1.764751e-01 | m1²=0.002718 | m2²=0.984520 | eps_w1=2.230540e+00 | eps_w2=5.973020e-02
[step   146750] t/d=1467.500 | task1=3.986044e-01 | task2=2.254873e-01 | F1=1.764451e-01 | m1²=0.002784 | m2²=0.984303 | eps_w1=2.230085e+00 | eps_w2=6.018166e-02
[step   146800] t/d=1468.000 | task1=3.983190e-01 | task2=2.254769e-01 | F1=1.761597e-01 | m1²=0.002758 | m2²=0.984307 | eps_w1=2.223651e+00 | eps_w2=5.914429e-02
[step   146850] t/d=1468.500 | task1=3.983249e-01 | task2=2.254706e-01 | F1=1.761655e-01 | m1²=0.002857 | m2²=0.984097 | eps_w1=2.224519e+00 | eps_w2=5.979957e-02
[step   146900] t/d=1469.000 | task1=3.983961e-01 | task2=2.254587e-01 | F1=1.762367e-01 | m1²=0.002870 | m2²=0.983973 | eps_w1=2.226131e+00 | eps_w2=6.034555e-02
[step   146950] t/d=1469.500 | task1=3.984196e-01 | task2=2.254804e-01 | F1=1.762603e-01 | m1²=0.002895 | m2²=0.984080 | eps_w1=2.224174e+00 | eps_w2=5.979851e-02
[step   147000] t/d=1470.000 | task1=3.985643e-01 | task2=2.254854e-01 | F1=1.764050e-01 | m1²=0.002801 | m2²=0.984080 | eps_w1=2.226992e+00 | eps_w2=6.021012e-02
[step   147050] t/d=1470.500 | task1=3.986298e-01 | task2=2.255593e-01 | F1=1.764705e-01 | m1²=0.002876 | m2²=0.984002 | eps_w1=2.228258e+00 | eps_w2=6.061976e-02
[step   147100] t/d=1471.000 | task1=3.985211e-01 | task2=2.255659e-01 | F1=1.763618e-01 | m1²=0.002888 | m2²=0.983979 | eps_w1=2.226068e+00 | eps_w2=6.032913e-02
[step   147150] t/d=1471.500 | task1=3.986982e-01 | task2=2.255291e-01 | F1=1.765389e-01 | m1²=0.002865 | m2²=0.984038 | eps_w1=2.228206e+00 | eps_w2=6.052459e-02
[step   147200] t/d=1472.000 | task1=3.986233e-01 | task2=2.254991e-01 | F1=1.764640e-01 | m1²=0.002847 | m2²=0.983948 | eps_w1=2.226886e+00 | eps_w2=6.051523e-02
[step   147250] t/d=1472.500 | task1=3.985818e-01 | task2=2.254867e-01 | F1=1.764225e-01 | m1²=0.002836 | m2²=0.984083 | eps_w1=2.226857e+00 | eps_w2=6.019592e-02
[step   147300] t/d=1473.000 | task1=3.988046e-01 | task2=2.254703e-01 | F1=1.766453e-01 | m1²=0.002875 | m2²=0.983713 | eps_w1=2.231512e+00 | eps_w2=6.180568e-02
[step   147350] t/d=1473.500 | task1=3.988529e-01 | task2=2.255021e-01 | F1=1.766935e-01 | m1²=0.002857 | m2²=0.983821 | eps_w1=2.232394e+00 | eps_w2=6.169305e-02
[step   147400] t/d=1474.000 | task1=3.985574e-01 | task2=2.254732e-01 | F1=1.763981e-01 | m1²=0.002910 | m2²=0.983610 | eps_w1=2.228162e+00 | eps_w2=6.152085e-02
[step   147450] t/d=1474.500 | task1=3.984217e-01 | task2=2.254558e-01 | F1=1.762624e-01 | m1²=0.002941 | m2²=0.983842 | eps_w1=2.224985e+00 | eps_w2=6.049152e-02
[step   147500] t/d=1475.000 | task1=3.984702e-01 | task2=2.255010e-01 | F1=1.763108e-01 | m1²=0.002946 | m2²=0.983992 | eps_w1=2.225332e+00 | eps_w2=6.020196e-02
[step   147550] t/d=1475.500 | task1=3.983421e-01 | task2=2.254659e-01 | F1=1.761827e-01 | m1²=0.003087 | m2²=0.983988 | eps_w1=2.223916e+00 | eps_w2=6.003748e-02
[step   147600] t/d=1476.000 | task1=3.984012e-01 | task2=2.254065e-01 | F1=1.762418e-01 | m1²=0.003133 | m2²=0.983901 | eps_w1=2.226285e+00 | eps_w2=6.062865e-02
[step   147650] t/d=1476.500 | task1=3.983806e-01 | task2=2.254177e-01 | F1=1.762213e-01 | m1²=0.003145 | m2²=0.984109 | eps_w1=2.225019e+00 | eps_w2=5.995247e-02
[step   147700] t/d=1477.000 | task1=3.984757e-01 | task2=2.254628e-01 | F1=1.763164e-01 | m1²=0.003047 | m2²=0.984404 | eps_w1=2.226500e+00 | eps_w2=5.947345e-02
[step   147750] t/d=1477.500 | task1=3.984408e-01 | task2=2.255050e-01 | F1=1.762815e-01 | m1²=0.003031 | m2²=0.984340 | eps_w1=2.225912e+00 | eps_w2=5.952187e-02
[step   147800] t/d=1478.000 | task1=3.986403e-01 | task2=2.254784e-01 | F1=1.764810e-01 | m1²=0.003034 | m2²=0.984548 | eps_w1=2.229658e+00 | eps_w2=5.963607e-02
[step   147850] t/d=1478.500 | task1=3.984943e-01 | task2=2.255237e-01 | F1=1.763350e-01 | m1²=0.003079 | m2²=0.984300 | eps_w1=2.227007e+00 | eps_w2=5.980322e-02
[step   147900] t/d=1479.000 | task1=3.984373e-01 | task2=2.255288e-01 | F1=1.762780e-01 | m1²=0.003029 | m2²=0.984190 | eps_w1=2.225937e+00 | eps_w2=5.986996e-02
[step   147950] t/d=1479.500 | task1=3.984911e-01 | task2=2.256133e-01 | F1=1.763317e-01 | m1²=0.002993 | m2²=0.984128 | eps_w1=2.228084e+00 | eps_w2=6.034243e-02
[step   148000] t/d=1480.000 | task1=3.986286e-01 | task2=2.256209e-01 | F1=1.764693e-01 | m1²=0.002979 | m2²=0.984404 | eps_w1=2.230784e+00 | eps_w2=6.012909e-02
[step   148050] t/d=1480.500 | task1=3.987106e-01 | task2=2.255797e-01 | F1=1.765512e-01 | m1²=0.002998 | m2²=0.984311 | eps_w1=2.232477e+00 | eps_w2=6.062257e-02
[step   148100] t/d=1481.000 | task1=3.987097e-01 | task2=2.256319e-01 | F1=1.765504e-01 | m1²=0.002943 | m2²=0.984292 | eps_w1=2.233473e+00 | eps_w2=6.080738e-02
[step   148150] t/d=1481.500 | task1=3.987146e-01 | task2=2.256536e-01 | F1=1.765552e-01 | m1²=0.002983 | m2²=0.984357 | eps_w1=2.233303e+00 | eps_w2=6.064393e-02
[step   148200] t/d=1482.000 | task1=3.986929e-01 | task2=2.256349e-01 | F1=1.765336e-01 | m1²=0.003114 | m2²=0.984338 | eps_w1=2.233381e+00 | eps_w2=6.074677e-02
[step   148250] t/d=1482.500 | task1=3.986837e-01 | task2=2.255941e-01 | F1=1.765244e-01 | m1²=0.002984 | m2²=0.984644 | eps_w1=2.231060e+00 | eps_w2=5.962117e-02
[step   148300] t/d=1483.000 | task1=3.985966e-01 | task2=2.255806e-01 | F1=1.764372e-01 | m1²=0.003075 | m2²=0.984808 | eps_w1=2.229664e+00 | eps_w2=5.905203e-02
[step   148350] t/d=1483.500 | task1=3.985198e-01 | task2=2.255609e-01 | F1=1.763604e-01 | m1²=0.003131 | m2²=0.984841 | eps_w1=2.228159e+00 | eps_w2=5.875654e-02
[step   148400] t/d=1484.000 | task1=3.983629e-01 | task2=2.255410e-01 | F1=1.762036e-01 | m1²=0.003129 | m2²=0.984827 | eps_w1=2.224972e+00 | eps_w2=5.828342e-02
[step   148450] t/d=1484.500 | task1=3.984077e-01 | task2=2.255725e-01 | F1=1.762484e-01 | m1²=0.003059 | m2²=0.984824 | eps_w1=2.226807e+00 | eps_w2=5.855616e-02
[step   148500] t/d=1485.000 | task1=3.982356e-01 | task2=2.255791e-01 | F1=1.760763e-01 | m1²=0.003058 | m2²=0.985049 | eps_w1=2.222200e+00 | eps_w2=5.731431e-02
[step   148550] t/d=1485.500 | task1=3.981919e-01 | task2=2.256232e-01 | F1=1.760326e-01 | m1²=0.003063 | m2²=0.984954 | eps_w1=2.220795e+00 | eps_w2=5.731546e-02
[step   148600] t/d=1486.000 | task1=3.983507e-01 | task2=2.255838e-01 | F1=1.761914e-01 | m1²=0.002917 | m2²=0.984862 | eps_w1=2.224687e+00 | eps_w2=5.808470e-02
[step   148650] t/d=1486.500 | task1=3.983740e-01 | task2=2.255851e-01 | F1=1.762147e-01 | m1²=0.002926 | m2²=0.984581 | eps_w1=2.224819e+00 | eps_w2=5.875705e-02
[step   148700] t/d=1487.000 | task1=3.983829e-01 | task2=2.255151e-01 | F1=1.762236e-01 | m1²=0.002917 | m2²=0.984721 | eps_w1=2.224196e+00 | eps_w2=5.833175e-02
[step   148750] t/d=1487.500 | task1=3.984923e-01 | task2=2.254805e-01 | F1=1.763330e-01 | m1²=0.002867 | m2²=0.984829 | eps_w1=2.226553e+00 | eps_w2=5.843712e-02
[step   148800] t/d=1488.000 | task1=3.986169e-01 | task2=2.254955e-01 | F1=1.764576e-01 | m1²=0.002755 | m2²=0.984985 | eps_w1=2.228874e+00 | eps_w2=5.840492e-02
[step   148850] t/d=1488.500 | task1=3.986817e-01 | task2=2.254562e-01 | F1=1.765223e-01 | m1²=0.002691 | m2²=0.985028 | eps_w1=2.229133e+00 | eps_w2=5.832480e-02
[step   148900] t/d=1489.000 | task1=3.987027e-01 | task2=2.255048e-01 | F1=1.765434e-01 | m1²=0.002645 | m2²=0.984897 | eps_w1=2.229641e+00 | eps_w2=5.869155e-02
[step   148950] t/d=1489.500 | task1=3.985785e-01 | task2=2.254697e-01 | F1=1.764192e-01 | m1²=0.002751 | m2²=0.984906 | eps_w1=2.228403e+00 | eps_w2=5.851205e-02
[step   149000] t/d=1490.000 | task1=3.985058e-01 | task2=2.254428e-01 | F1=1.763465e-01 | m1²=0.002636 | m2²=0.985128 | eps_w1=2.227596e+00 | eps_w2=5.783105e-02
[step   149050] t/d=1490.500 | task1=3.984541e-01 | task2=2.254677e-01 | F1=1.762948e-01 | m1²=0.002614 | m2²=0.984950 | eps_w1=2.227044e+00 | eps_w2=5.814672e-02
[step   149100] t/d=1491.000 | task1=3.983349e-01 | task2=2.254945e-01 | F1=1.761756e-01 | m1²=0.002699 | m2²=0.984852 | eps_w1=2.225002e+00 | eps_w2=5.808205e-02
[step   149150] t/d=1491.500 | task1=3.981040e-01 | task2=2.255216e-01 | F1=1.759447e-01 | m1²=0.002739 | m2²=0.984789 | eps_w1=2.221512e+00 | eps_w2=5.769501e-02
[step   149200] t/d=1492.000 | task1=3.980684e-01 | task2=2.255278e-01 | F1=1.759091e-01 | m1²=0.002779 | m2²=0.984377 | eps_w1=2.222469e+00 | eps_w2=5.880653e-02
[step   149250] t/d=1492.500 | task1=3.982486e-01 | task2=2.255444e-01 | F1=1.760893e-01 | m1²=0.002712 | m2²=0.984376 | eps_w1=2.226474e+00 | eps_w2=5.941600e-02
[step   149300] t/d=1493.000 | task1=3.983067e-01 | task2=2.255274e-01 | F1=1.761474e-01 | m1²=0.002706 | m2²=0.984534 | eps_w1=2.227904e+00 | eps_w2=5.927504e-02
[step   149350] t/d=1493.500 | task1=3.983955e-01 | task2=2.255235e-01 | F1=1.762362e-01 | m1²=0.002688 | m2²=0.984515 | eps_w1=2.229106e+00 | eps_w2=5.950217e-02
[step   149400] t/d=1494.000 | task1=3.983141e-01 | task2=2.254665e-01 | F1=1.761548e-01 | m1²=0.002770 | m2²=0.984682 | eps_w1=2.228221e+00 | eps_w2=5.900685e-02
[step   149450] t/d=1494.500 | task1=3.983376e-01 | task2=2.254244e-01 | F1=1.761782e-01 | m1²=0.002746 | m2²=0.984785 | eps_w1=2.229052e+00 | eps_w2=5.889176e-02
[step   149500] t/d=1495.000 | task1=3.981221e-01 | task2=2.254554e-01 | F1=1.759627e-01 | m1²=0.002715 | m2²=0.984765 | eps_w1=2.225706e+00 | eps_w2=5.839810e-02
[step   149550] t/d=1495.500 | task1=3.982273e-01 | task2=2.254409e-01 | F1=1.760680e-01 | m1²=0.002814 | m2²=0.984814 | eps_w1=2.227478e+00 | eps_w2=5.859867e-02
[step   149600] t/d=1496.000 | task1=3.981780e-01 | task2=2.254444e-01 | F1=1.760187e-01 | m1²=0.002841 | m2²=0.985010 | eps_w1=2.225931e+00 | eps_w2=5.791159e-02
[step   149650] t/d=1496.500 | task1=3.981113e-01 | task2=2.254868e-01 | F1=1.759519e-01 | m1²=0.002894 | m2²=0.985094 | eps_w1=2.225852e+00 | eps_w2=5.772489e-02
[step   149700] t/d=1497.000 | task1=3.980045e-01 | task2=2.254253e-01 | F1=1.758451e-01 | m1²=0.002917 | m2²=0.985159 | eps_w1=2.224241e+00 | eps_w2=5.733067e-02
[step   149750] t/d=1497.500 | task1=3.981866e-01 | task2=2.254242e-01 | F1=1.760273e-01 | m1²=0.002989 | m2²=0.985315 | eps_w1=2.228353e+00 | eps_w2=5.764405e-02
[step   149800] t/d=1498.000 | task1=3.980498e-01 | task2=2.254516e-01 | F1=1.758905e-01 | m1²=0.002956 | m2²=0.985564 | eps_w1=2.224354e+00 | eps_w2=5.642876e-02
[step   149850] t/d=1498.500 | task1=3.978868e-01 | task2=2.253812e-01 | F1=1.757275e-01 | m1²=0.002911 | m2²=0.985717 | eps_w1=2.220324e+00 | eps_w2=5.543461e-02
[step   149900] t/d=1499.000 | task1=3.977927e-01 | task2=2.253863e-01 | F1=1.756333e-01 | m1²=0.002930 | m2²=0.985462 | eps_w1=2.219724e+00 | eps_w2=5.593422e-02
[step   149950] t/d=1499.500 | task1=3.978335e-01 | task2=2.254136e-01 | F1=1.756741e-01 | m1²=0.002884 | m2²=0.985655 | eps_w1=2.219565e+00 | eps_w2=5.544970e-02
[step   150000] t/d=1500.000 | task1=3.980021e-01 | task2=2.254950e-01 | F1=1.758428e-01 | m1²=0.003011 | m2²=0.985445 | eps_w1=2.224551e+00 | eps_w2=5.675209e-02
[step   150050] t/d=1500.500 | task1=3.981421e-01 | task2=2.254869e-01 | F1=1.759828e-01 | m1²=0.002967 | m2²=0.985322 | eps_w1=2.227549e+00 | eps_w2=5.749137e-02
[step   150100] t/d=1501.000 | task1=3.981121e-01 | task2=2.255232e-01 | F1=1.759528e-01 | m1²=0.002955 | m2²=0.985293 | eps_w1=2.227306e+00 | eps_w2=5.751795e-02
[step   150150] t/d=1501.500 | task1=3.981639e-01 | task2=2.254614e-01 | F1=1.760046e-01 | m1²=0.003067 | m2²=0.985265 | eps_w1=2.229248e+00 | eps_w2=5.792815e-02
[step   150200] t/d=1502.000 | task1=3.980698e-01 | task2=2.254493e-01 | F1=1.759105e-01 | m1²=0.003091 | m2²=0.985280 | eps_w1=2.226829e+00 | eps_w2=5.751859e-02
[step   150250] t/d=1502.500 | task1=3.981383e-01 | task2=2.255066e-01 | F1=1.759789e-01 | m1²=0.003069 | m2²=0.985360 | eps_w1=2.227625e+00 | eps_w2=5.745289e-02
[step   150300] t/d=1503.000 | task1=3.980207e-01 | task2=2.254964e-01 | F1=1.758614e-01 | m1²=0.003091 | m2²=0.985280 | eps_w1=2.226306e+00 | eps_w2=5.743581e-02
[step   150350] t/d=1503.500 | task1=3.980499e-01 | task2=2.254597e-01 | F1=1.758906e-01 | m1²=0.003073 | m2²=0.985319 | eps_w1=2.226456e+00 | eps_w2=5.736409e-02
[step   150400] t/d=1504.000 | task1=3.979010e-01 | task2=2.254850e-01 | F1=1.757416e-01 | m1²=0.003101 | m2²=0.985099 | eps_w1=2.224248e+00 | eps_w2=5.753393e-02
[step   150450] t/d=1504.500 | task1=3.978339e-01 | task2=2.255059e-01 | F1=1.756746e-01 | m1²=0.003163 | m2²=0.985154 | eps_w1=2.224103e+00 | eps_w2=5.740691e-02
[step   150500] t/d=1505.000 | task1=3.978587e-01 | task2=2.255013e-01 | F1=1.756994e-01 | m1²=0.003208 | m2²=0.985005 | eps_w1=2.225201e+00 | eps_w2=5.793893e-02
[step   150550] t/d=1505.500 | task1=3.978793e-01 | task2=2.255137e-01 | F1=1.757200e-01 | m1²=0.003298 | m2²=0.984741 | eps_w1=2.226411e+00 | eps_w2=5.876877e-02
[step   150600] t/d=1506.000 | task1=3.976895e-01 | task2=2.254939e-01 | F1=1.755302e-01 | m1²=0.003241 | m2²=0.984691 | eps_w1=2.222361e+00 | eps_w2=5.822670e-02
[step   150650] t/d=1506.500 | task1=3.975774e-01 | task2=2.255032e-01 | F1=1.754181e-01 | m1²=0.003272 | m2²=0.984572 | eps_w1=2.221318e+00 | eps_w2=5.834700e-02
[step   150700] t/d=1507.000 | task1=3.974324e-01 | task2=2.254618e-01 | F1=1.752731e-01 | m1²=0.003338 | m2²=0.984712 | eps_w1=2.218575e+00 | eps_w2=5.762210e-02
[step   150750] t/d=1507.500 | task1=3.975276e-01 | task2=2.254019e-01 | F1=1.753682e-01 | m1²=0.003366 | m2²=0.984942 | eps_w1=2.219911e+00 | eps_w2=5.730867e-02
[step   150800] t/d=1508.000 | task1=3.975192e-01 | task2=2.253437e-01 | F1=1.753599e-01 | m1²=0.003422 | m2²=0.985064 | eps_w1=2.221440e+00 | eps_w2=5.728677e-02
[step   150850] t/d=1508.500 | task1=3.975675e-01 | task2=2.253759e-01 | F1=1.754081e-01 | m1²=0.003362 | m2²=0.985193 | eps_w1=2.222721e+00 | eps_w2=5.716907e-02
[step   150900] t/d=1509.000 | task1=3.974701e-01 | task2=2.253487e-01 | F1=1.753108e-01 | m1²=0.003362 | m2²=0.985134 | eps_w1=2.220911e+00 | eps_w2=5.702207e-02
[step   150950] t/d=1509.500 | task1=3.975172e-01 | task2=2.253356e-01 | F1=1.753579e-01 | m1²=0.003302 | m2²=0.985167 | eps_w1=2.220753e+00 | eps_w2=5.690087e-02
[step   151000] t/d=1510.000 | task1=3.975711e-01 | task2=2.253558e-01 | F1=1.754118e-01 | m1²=0.003263 | m2²=0.985095 | eps_w1=2.223459e+00 | eps_w2=5.747654e-02
[step   151050] t/d=1510.500 | task1=3.977575e-01 | task2=2.253431e-01 | F1=1.755982e-01 | m1²=0.003273 | m2²=0.985021 | eps_w1=2.226600e+00 | eps_w2=5.814506e-02
[step   151100] t/d=1511.000 | task1=3.976855e-01 | task2=2.253506e-01 | F1=1.755261e-01 | m1²=0.003214 | m2²=0.985032 | eps_w1=2.224658e+00 | eps_w2=5.779206e-02
[step   151150] t/d=1511.500 | task1=3.976998e-01 | task2=2.254105e-01 | F1=1.755405e-01 | m1²=0.003201 | m2²=0.985284 | eps_w1=2.225425e+00 | eps_w2=5.732688e-02
[step   151200] t/d=1512.000 | task1=3.976259e-01 | task2=2.254395e-01 | F1=1.754666e-01 | m1²=0.003156 | m2²=0.985352 | eps_w1=2.224828e+00 | eps_w2=5.706174e-02
[step   151250] t/d=1512.500 | task1=3.977369e-01 | task2=2.254546e-01 | F1=1.755775e-01 | m1²=0.003188 | m2²=0.985394 | eps_w1=2.227879e+00 | eps_w2=5.745538e-02
[step   151300] t/d=1513.000 | task1=3.976591e-01 | task2=2.254742e-01 | F1=1.754998e-01 | m1²=0.003206 | m2²=0.985275 | eps_w1=2.227280e+00 | eps_w2=5.764218e-02
[step   151350] t/d=1513.500 | task1=3.975246e-01 | task2=2.255090e-01 | F1=1.753653e-01 | m1²=0.003179 | m2²=0.985185 | eps_w1=2.225091e+00 | eps_w2=5.749436e-02
[step   151400] t/d=1514.000 | task1=3.973562e-01 | task2=2.254514e-01 | F1=1.751969e-01 | m1²=0.003189 | m2²=0.984908 | eps_w1=2.221209e+00 | eps_w2=5.752920e-02
[step   151450] t/d=1514.500 | task1=3.973302e-01 | task2=2.254422e-01 | F1=1.751709e-01 | m1²=0.003144 | m2²=0.985125 | eps_w1=2.221184e+00 | eps_w2=5.700870e-02
[step   151500] t/d=1515.000 | task1=3.973952e-01 | task2=2.254755e-01 | F1=1.752359e-01 | m1²=0.003164 | m2²=0.985099 | eps_w1=2.222975e+00 | eps_w2=5.735532e-02
[step   151550] t/d=1515.500 | task1=3.973917e-01 | task2=2.254583e-01 | F1=1.752324e-01 | m1²=0.003280 | m2²=0.985166 | eps_w1=2.224147e+00 | eps_w2=5.742495e-02
[step   151600] t/d=1516.000 | task1=3.970232e-01 | task2=2.254772e-01 | F1=1.748639e-01 | m1²=0.003346 | m2²=0.984949 | eps_w1=2.217774e+00 | eps_w2=5.695414e-02
[step   151650] t/d=1516.500 | task1=3.968728e-01 | task2=2.254984e-01 | F1=1.747135e-01 | m1²=0.003449 | m2²=0.984815 | eps_w1=2.215862e+00 | eps_w2=5.700305e-02
[step   151700] t/d=1517.000 | task1=3.969414e-01 | task2=2.254468e-01 | F1=1.747820e-01 | m1²=0.003399 | m2²=0.985078 | eps_w1=2.215850e+00 | eps_w2=5.637980e-02
[step   151750] t/d=1517.500 | task1=3.969305e-01 | task2=2.253848e-01 | F1=1.747712e-01 | m1²=0.003390 | m2²=0.984957 | eps_w1=2.216093e+00 | eps_w2=5.669029e-02
[step   151800] t/d=1518.000 | task1=3.969745e-01 | task2=2.253207e-01 | F1=1.748152e-01 | m1²=0.003415 | m2²=0.984868 | eps_w1=2.216095e+00 | eps_w2=5.690437e-02
[step   151850] t/d=1518.500 | task1=3.970656e-01 | task2=2.253327e-01 | F1=1.749063e-01 | m1²=0.003445 | m2²=0.984499 | eps_w1=2.219916e+00 | eps_w2=5.835730e-02
[step   151900] t/d=1519.000 | task1=3.969804e-01 | task2=2.253122e-01 | F1=1.748211e-01 | m1²=0.003402 | m2²=0.984640 | eps_w1=2.217049e+00 | eps_w2=5.757246e-02
[step   151950] t/d=1519.500 | task1=3.971161e-01 | task2=2.253009e-01 | F1=1.749568e-01 | m1²=0.003342 | m2²=0.984589 | eps_w1=2.219084e+00 | eps_w2=5.798415e-02
[step   152000] t/d=1520.000 | task1=3.971621e-01 | task2=2.252672e-01 | F1=1.750027e-01 | m1²=0.003265 | m2²=0.984586 | eps_w1=2.220374e+00 | eps_w2=5.816515e-02
[step   152050] t/d=1520.500 | task1=3.970275e-01 | task2=2.252364e-01 | F1=1.748681e-01 | m1²=0.003259 | m2²=0.984782 | eps_w1=2.217289e+00 | eps_w2=5.723385e-02
[step   152100] t/d=1521.000 | task1=3.967858e-01 | task2=2.252333e-01 | F1=1.746264e-01 | m1²=0.003292 | m2²=0.984704 | eps_w1=2.212870e+00 | eps_w2=5.674250e-02
[step   152150] t/d=1521.500 | task1=3.968372e-01 | task2=2.251808e-01 | F1=1.746779e-01 | m1²=0.003260 | m2²=0.984659 | eps_w1=2.213687e+00 | eps_w2=5.696219e-02
[step   152200] t/d=1522.000 | task1=3.967022e-01 | task2=2.251561e-01 | F1=1.745429e-01 | m1²=0.003210 | m2²=0.984707 | eps_w1=2.210788e+00 | eps_w2=5.639052e-02
[step   152250] t/d=1522.500 | task1=3.967547e-01 | task2=2.251346e-01 | F1=1.745954e-01 | m1²=0.003236 | m2²=0.984721 | eps_w1=2.211898e+00 | eps_w2=5.653639e-02
[step   152300] t/d=1523.000 | task1=3.966859e-01 | task2=2.251490e-01 | F1=1.745266e-01 | m1²=0.003230 | m2²=0.984637 | eps_w1=2.209825e+00 | eps_w2=5.641144e-02
[step   152350] t/d=1523.500 | task1=3.966959e-01 | task2=2.251579e-01 | F1=1.745366e-01 | m1²=0.003220 | m2²=0.984616 | eps_w1=2.210136e+00 | eps_w2=5.650371e-02
[step   152400] t/d=1524.000 | task1=3.967282e-01 | task2=2.251858e-01 | F1=1.745689e-01 | m1²=0.003028 | m2²=0.984763 | eps_w1=2.210322e+00 | eps_w2=5.613013e-02
[step   152450] t/d=1524.500 | task1=3.967911e-01 | task2=2.251600e-01 | F1=1.746318e-01 | m1²=0.003075 | m2²=0.984712 | eps_w1=2.211071e+00 | eps_w2=5.637794e-02
[step   152500] t/d=1525.000 | task1=3.967953e-01 | task2=2.251698e-01 | F1=1.746359e-01 | m1²=0.003127 | m2²=0.984818 | eps_w1=2.210694e+00 | eps_w2=5.609407e-02
[step   152550] t/d=1525.500 | task1=3.967415e-01 | task2=2.251537e-01 | F1=1.745822e-01 | m1²=0.003039 | m2²=0.984913 | eps_w1=2.209086e+00 | eps_w2=5.560288e-02
[step   152600] t/d=1526.000 | task1=3.967653e-01 | task2=2.251299e-01 | F1=1.746059e-01 | m1²=0.003092 | m2²=0.984894 | eps_w1=2.208567e+00 | eps_w2=5.558515e-02
[step   152650] t/d=1526.500 | task1=3.967617e-01 | task2=2.251506e-01 | F1=1.746024e-01 | m1²=0.003106 | m2²=0.984975 | eps_w1=2.209348e+00 | eps_w2=5.552430e-02
[step   152700] t/d=1527.000 | task1=3.968124e-01 | task2=2.251667e-01 | F1=1.746531e-01 | m1²=0.003120 | m2²=0.984989 | eps_w1=2.210711e+00 | eps_w2=5.570319e-02
[step   152750] t/d=1527.500 | task1=3.967321e-01 | task2=2.251360e-01 | F1=1.745728e-01 | m1²=0.003165 | m2²=0.984893 | eps_w1=2.208649e+00 | eps_w2=5.562518e-02
[step   152800] t/d=1528.000 | task1=3.967493e-01 | task2=2.251743e-01 | F1=1.745899e-01 | m1²=0.003103 | m2²=0.984953 | eps_w1=2.207755e+00 | eps_w2=5.533120e-02
[step   152850] t/d=1528.500 | task1=3.969435e-01 | task2=2.251911e-01 | F1=1.747842e-01 | m1²=0.003077 | m2²=0.984942 | eps_w1=2.211081e+00 | eps_w2=5.585116e-02
[step   152900] t/d=1529.000 | task1=3.969594e-01 | task2=2.252652e-01 | F1=1.748001e-01 | m1²=0.002975 | m2²=0.984798 | eps_w1=2.212742e+00 | eps_w2=5.640187e-02
[step   152950] t/d=1529.500 | task1=3.968142e-01 | task2=2.252730e-01 | F1=1.746549e-01 | m1²=0.003092 | m2²=0.984861 | eps_w1=2.208630e+00 | eps_w2=5.567016e-02
[step   153000] t/d=1530.000 | task1=3.968578e-01 | task2=2.252512e-01 | F1=1.746985e-01 | m1²=0.003052 | m2²=0.984823 | eps_w1=2.209975e+00 | eps_w2=5.594899e-02
[step   153050] t/d=1530.500 | task1=3.969296e-01 | task2=2.252377e-01 | F1=1.747702e-01 | m1²=0.003108 | m2²=0.984868 | eps_w1=2.211597e+00 | eps_w2=5.611024e-02
[step   153100] t/d=1531.000 | task1=3.968824e-01 | task2=2.252404e-01 | F1=1.747231e-01 | m1²=0.003081 | m2²=0.985173 | eps_w1=2.210872e+00 | eps_w2=5.529183e-02
[step   153150] t/d=1531.500 | task1=3.968147e-01 | task2=2.252569e-01 | F1=1.746554e-01 | m1²=0.003054 | m2²=0.985134 | eps_w1=2.208312e+00 | eps_w2=5.498632e-02
[step   153200] t/d=1532.000 | task1=3.968291e-01 | task2=2.252420e-01 | F1=1.746698e-01 | m1²=0.003074 | m2²=0.985220 | eps_w1=2.207937e+00 | eps_w2=5.473912e-02
[step   153250] t/d=1532.500 | task1=3.969234e-01 | task2=2.252672e-01 | F1=1.747641e-01 | m1²=0.003029 | m2²=0.985267 | eps_w1=2.209575e+00 | eps_w2=5.486332e-02
[step   153300] t/d=1533.000 | task1=3.969239e-01 | task2=2.252651e-01 | F1=1.747646e-01 | m1²=0.002974 | m2²=0.985273 | eps_w1=2.210013e+00 | eps_w2=5.489786e-02
[step   153350] t/d=1533.500 | task1=3.968215e-01 | task2=2.253330e-01 | F1=1.746622e-01 | m1²=0.002882 | m2²=0.985304 | eps_w1=2.207834e+00 | eps_w2=5.446632e-02
[step   153400] t/d=1534.000 | task1=3.971987e-01 | task2=2.252927e-01 | F1=1.750394e-01 | m1²=0.002952 | m2²=0.985427 | eps_w1=2.215300e+00 | eps_w2=5.534058e-02
[step   153450] t/d=1534.500 | task1=3.973593e-01 | task2=2.253023e-01 | F1=1.752000e-01 | m1²=0.002921 | m2²=0.985528 | eps_w1=2.218613e+00 | eps_w2=5.560747e-02
[step   153500] t/d=1535.000 | task1=3.973978e-01 | task2=2.253288e-01 | F1=1.752384e-01 | m1²=0.002946 | m2²=0.985450 | eps_w1=2.219636e+00 | eps_w2=5.595266e-02
[step   153550] t/d=1535.500 | task1=3.975139e-01 | task2=2.253323e-01 | F1=1.753546e-01 | m1²=0.002904 | m2²=0.985524 | eps_w1=2.221825e+00 | eps_w2=5.610746e-02
[step   153600] t/d=1536.000 | task1=3.975041e-01 | task2=2.253511e-01 | F1=1.753447e-01 | m1²=0.002874 | m2²=0.985366 | eps_w1=2.222249e+00 | eps_w2=5.652735e-02
[step   153650] t/d=1536.500 | task1=3.973630e-01 | task2=2.253795e-01 | F1=1.752037e-01 | m1²=0.002948 | m2²=0.985251 | eps_w1=2.220129e+00 | eps_w2=5.648763e-02
[step   153700] t/d=1537.000 | task1=3.974589e-01 | task2=2.254096e-01 | F1=1.752995e-01 | m1²=0.002872 | m2²=0.985296 | eps_w1=2.222603e+00 | eps_w2=5.674306e-02
[step   153750] t/d=1537.500 | task1=3.976052e-01 | task2=2.253732e-01 | F1=1.754459e-01 | m1²=0.002855 | m2²=0.985476 | eps_w1=2.223969e+00 | eps_w2=5.653653e-02
[step   153800] t/d=1538.000 | task1=3.976289e-01 | task2=2.253555e-01 | F1=1.754695e-01 | m1²=0.002854 | m2²=0.985741 | eps_w1=2.224638e+00 | eps_w2=5.603047e-02
[step   153850] t/d=1538.500 | task1=3.976777e-01 | task2=2.254168e-01 | F1=1.755184e-01 | m1²=0.002820 | m2²=0.985669 | eps_w1=2.227094e+00 | eps_w2=5.656853e-02
[step   153900] t/d=1539.000 | task1=3.978122e-01 | task2=2.254315e-01 | F1=1.756529e-01 | m1²=0.002777 | m2²=0.985633 | eps_w1=2.229510e+00 | eps_w2=5.701720e-02
[step   153950] t/d=1539.500 | task1=3.977997e-01 | task2=2.254292e-01 | F1=1.756404e-01 | m1²=0.002733 | m2²=0.985609 | eps_w1=2.230655e+00 | eps_w2=5.723914e-02
[step   154000] t/d=1540.000 | task1=3.977854e-01 | task2=2.254272e-01 | F1=1.756261e-01 | m1²=0.002767 | m2²=0.985478 | eps_w1=2.230331e+00 | eps_w2=5.750271e-02
[step   154050] t/d=1540.500 | task1=3.976947e-01 | task2=2.254242e-01 | F1=1.755353e-01 | m1²=0.002771 | m2²=0.985561 | eps_w1=2.227507e+00 | eps_w2=5.686600e-02
[step   154100] t/d=1541.000 | task1=3.974893e-01 | task2=2.253876e-01 | F1=1.753300e-01 | m1²=0.002782 | m2²=0.985537 | eps_w1=2.222973e+00 | eps_w2=5.621497e-02
[step   154150] t/d=1541.500 | task1=3.973952e-01 | task2=2.253484e-01 | F1=1.752359e-01 | m1²=0.002806 | m2²=0.985533 | eps_w1=2.221263e+00 | eps_w2=5.596766e-02
[step   154200] t/d=1542.000 | task1=3.976095e-01 | task2=2.253457e-01 | F1=1.754501e-01 | m1²=0.002844 | m2²=0.985496 | eps_w1=2.226157e+00 | eps_w2=5.682880e-02
[step   154250] t/d=1542.500 | task1=3.975323e-01 | task2=2.253296e-01 | F1=1.753730e-01 | m1²=0.002805 | m2²=0.985504 | eps_w1=2.224772e+00 | eps_w2=5.658069e-02
[step   154300] t/d=1543.000 | task1=3.977260e-01 | task2=2.253625e-01 | F1=1.755667e-01 | m1²=0.002792 | m2²=0.985312 | eps_w1=2.227986e+00 | eps_w2=5.752313e-02
[step   154350] t/d=1543.500 | task1=3.978491e-01 | task2=2.253252e-01 | F1=1.756898e-01 | m1²=0.002767 | m2²=0.985509 | eps_w1=2.229634e+00 | eps_w2=5.731986e-02
[step   154400] t/d=1544.000 | task1=3.979919e-01 | task2=2.253806e-01 | F1=1.758326e-01 | m1²=0.002767 | m2²=0.985577 | eps_w1=2.231865e+00 | eps_w2=5.751625e-02
[step   154450] t/d=1544.500 | task1=3.978874e-01 | task2=2.253713e-01 | F1=1.757280e-01 | m1²=0.002755 | m2²=0.985389 | eps_w1=2.230030e+00 | eps_w2=5.765433e-02
[step   154500] t/d=1545.000 | task1=3.980691e-01 | task2=2.253893e-01 | F1=1.759098e-01 | m1²=0.002764 | m2²=0.985318 | eps_w1=2.234028e+00 | eps_w2=5.845969e-02
[step   154550] t/d=1545.500 | task1=3.978519e-01 | task2=2.253624e-01 | F1=1.756926e-01 | m1²=0.002709 | m2²=0.985448 | eps_w1=2.228618e+00 | eps_w2=5.727908e-02
[step   154600] t/d=1546.000 | task1=3.979397e-01 | task2=2.253853e-01 | F1=1.757804e-01 | m1²=0.002667 | m2²=0.985603 | eps_w1=2.230236e+00 | eps_w2=5.716387e-02
[step   154650] t/d=1546.500 | task1=3.980299e-01 | task2=2.254205e-01 | F1=1.758705e-01 | m1²=0.002673 | m2²=0.985649 | eps_w1=2.231934e+00 | eps_w2=5.732744e-02
[step   154700] t/d=1547.000 | task1=3.979015e-01 | task2=2.253950e-01 | F1=1.757421e-01 | m1²=0.002598 | m2²=0.985766 | eps_w1=2.228338e+00 | eps_w2=5.646235e-02
[step   154750] t/d=1547.500 | task1=3.980391e-01 | task2=2.253464e-01 | F1=1.758798e-01 | m1²=0.002601 | m2²=0.985783 | eps_w1=2.229057e+00 | eps_w2=5.653828e-02
[step   154800] t/d=1548.000 | task1=3.978997e-01 | task2=2.253647e-01 | F1=1.757404e-01 | m1²=0.002708 | m2²=0.985653 | eps_w1=2.226943e+00 | eps_w2=5.654359e-02
[step   154850] t/d=1548.500 | task1=3.978749e-01 | task2=2.253537e-01 | F1=1.757156e-01 | m1²=0.002735 | m2²=0.985768 | eps_w1=2.226135e+00 | eps_w2=5.615920e-02
[step   154900] t/d=1549.000 | task1=3.978510e-01 | task2=2.253657e-01 | F1=1.756916e-01 | m1²=0.002632 | m2²=0.985943 | eps_w1=2.223055e+00 | eps_w2=5.524054e-02
[step   154950] t/d=1549.500 | task1=3.979540e-01 | task2=2.253922e-01 | F1=1.757947e-01 | m1²=0.002596 | m2²=0.985887 | eps_w1=2.224609e+00 | eps_w2=5.560001e-02
[step   155000] t/d=1550.000 | task1=3.980056e-01 | task2=2.253715e-01 | F1=1.758463e-01 | m1²=0.002569 | m2²=0.985790 | eps_w1=2.226903e+00 | eps_w2=5.617116e-02
[step   155050] t/d=1550.500 | task1=3.980546e-01 | task2=2.253356e-01 | F1=1.758953e-01 | m1²=0.002526 | m2²=0.985631 | eps_w1=2.226965e+00 | eps_w2=5.653354e-02
[step   155100] t/d=1551.000 | task1=3.979952e-01 | task2=2.253455e-01 | F1=1.758359e-01 | m1²=0.002590 | m2²=0.985451 | eps_w1=2.226041e+00 | eps_w2=5.682509e-02
[step   155150] t/d=1551.500 | task1=3.980758e-01 | task2=2.253559e-01 | F1=1.759165e-01 | m1²=0.002513 | m2²=0.985498 | eps_w1=2.227219e+00 | eps_w2=5.687589e-02
[step   155200] t/d=1552.000 | task1=3.980466e-01 | task2=2.253478e-01 | F1=1.758872e-01 | m1²=0.002579 | m2²=0.985781 | eps_w1=2.227797e+00 | eps_w2=5.633538e-02
[step   155250] t/d=1552.500 | task1=3.980458e-01 | task2=2.253114e-01 | F1=1.758865e-01 | m1²=0.002575 | m2²=0.985923 | eps_w1=2.226864e+00 | eps_w2=5.586144e-02
[step   155300] t/d=1553.000 | task1=3.979345e-01 | task2=2.252888e-01 | F1=1.757751e-01 | m1²=0.002486 | m2²=0.986081 | eps_w1=2.223309e+00 | eps_w2=5.491304e-02
[step   155350] t/d=1553.500 | task1=3.980763e-01 | task2=2.253188e-01 | F1=1.759170e-01 | m1²=0.002458 | m2²=0.986126 | eps_w1=2.223724e+00 | eps_w2=5.486330e-02
[step   155400] t/d=1554.000 | task1=3.982017e-01 | task2=2.252644e-01 | F1=1.760424e-01 | m1²=0.002472 | m2²=0.986400 | eps_w1=2.225456e+00 | eps_w2=5.450700e-02
[step   155450] t/d=1554.500 | task1=3.982949e-01 | task2=2.252750e-01 | F1=1.761356e-01 | m1²=0.002492 | m2²=0.986415 | eps_w1=2.227446e+00 | eps_w2=5.479025e-02
[step   155500] t/d=1555.000 | task1=3.982031e-01 | task2=2.252861e-01 | F1=1.760438e-01 | m1²=0.002442 | m2²=0.986168 | eps_w1=2.226223e+00 | eps_w2=5.515079e-02
[step   155550] t/d=1555.500 | task1=3.981810e-01 | task2=2.252434e-01 | F1=1.760216e-01 | m1²=0.002444 | m2²=0.986363 | eps_w1=2.225022e+00 | eps_w2=5.451481e-02
[step   155600] t/d=1556.000 | task1=3.980743e-01 | task2=2.252083e-01 | F1=1.759149e-01 | m1²=0.002422 | m2²=0.986367 | eps_w1=2.223585e+00 | eps_w2=5.427526e-02
[step   155650] t/d=1556.500 | task1=3.981044e-01 | task2=2.251936e-01 | F1=1.759451e-01 | m1²=0.002395 | m2²=0.986466 | eps_w1=2.223524e+00 | eps_w2=5.402856e-02
[step   155700] t/d=1557.000 | task1=3.978366e-01 | task2=2.251720e-01 | F1=1.756773e-01 | m1²=0.002490 | m2²=0.986429 | eps_w1=2.220423e+00 | eps_w2=5.366794e-02
[step   155750] t/d=1557.500 | task1=3.978759e-01 | task2=2.251839e-01 | F1=1.757166e-01 | m1²=0.002568 | m2²=0.986425 | eps_w1=2.221765e+00 | eps_w2=5.390956e-02
[step   155800] t/d=1558.000 | task1=3.977361e-01 | task2=2.252148e-01 | F1=1.755768e-01 | m1²=0.002582 | m2²=0.986342 | eps_w1=2.220104e+00 | eps_w2=5.385032e-02
[step   155850] t/d=1558.500 | task1=3.976656e-01 | task2=2.252333e-01 | F1=1.755062e-01 | m1²=0.002544 | m2²=0.986152 | eps_w1=2.218176e+00 | eps_w2=5.397811e-02
[step   155900] t/d=1559.000 | task1=3.972990e-01 | task2=2.252745e-01 | F1=1.751397e-01 | m1²=0.002495 | m2²=0.986235 | eps_w1=2.210781e+00 | eps_w2=5.264922e-02
[step   155950] t/d=1559.500 | task1=3.974834e-01 | task2=2.252951e-01 | F1=1.753241e-01 | m1²=0.002428 | m2²=0.986314 | eps_w1=2.213010e+00 | eps_w2=5.278305e-02
[step   156000] t/d=1560.000 | task1=3.972786e-01 | task2=2.253039e-01 | F1=1.751193e-01 | m1²=0.002377 | m2²=0.986108 | eps_w1=2.207788e+00 | eps_w2=5.245333e-02
[step   156050] t/d=1560.500 | task1=3.970575e-01 | task2=2.253089e-01 | F1=1.748982e-01 | m1²=0.002424 | m2²=0.986081 | eps_w1=2.202433e+00 | eps_w2=5.173955e-02
[step   156100] t/d=1561.000 | task1=3.971585e-01 | task2=2.253300e-01 | F1=1.749992e-01 | m1²=0.002454 | m2²=0.985983 | eps_w1=2.204469e+00 | eps_w2=5.227194e-02
[step   156150] t/d=1561.500 | task1=3.972074e-01 | task2=2.253605e-01 | F1=1.750481e-01 | m1²=0.002538 | m2²=0.985740 | eps_w1=2.203627e+00 | eps_w2=5.273063e-02
[step   156200] t/d=1562.000 | task1=3.971849e-01 | task2=2.253956e-01 | F1=1.750256e-01 | m1²=0.002566 | m2²=0.985736 | eps_w1=2.202332e+00 | eps_w2=5.255701e-02
[step   156250] t/d=1562.500 | task1=3.972680e-01 | task2=2.253619e-01 | F1=1.751087e-01 | m1²=0.002565 | m2²=0.985822 | eps_w1=2.203246e+00 | eps_w2=5.249642e-02
[step   156300] t/d=1563.000 | task1=3.972698e-01 | task2=2.253630e-01 | F1=1.751104e-01 | m1²=0.002548 | m2²=0.985886 | eps_w1=2.202587e+00 | eps_w2=5.224739e-02
[step   156350] t/d=1563.500 | task1=3.972646e-01 | task2=2.253376e-01 | F1=1.751053e-01 | m1²=0.002688 | m2²=0.985820 | eps_w1=2.202959e+00 | eps_w2=5.249780e-02
[step   156400] t/d=1564.000 | task1=3.970437e-01 | task2=2.253682e-01 | F1=1.748844e-01 | m1²=0.002677 | m2²=0.985615 | eps_w1=2.199461e+00 | eps_w2=5.244679e-02
[step   156450] t/d=1564.500 | task1=3.968435e-01 | task2=2.253989e-01 | F1=1.746842e-01 | m1²=0.002673 | m2²=0.985634 | eps_w1=2.195648e+00 | eps_w2=5.184784e-02
[step   156500] t/d=1565.000 | task1=3.968852e-01 | task2=2.254134e-01 | F1=1.747258e-01 | m1²=0.002739 | m2²=0.985645 | eps_w1=2.196737e+00 | eps_w2=5.200152e-02
[step   156550] t/d=1565.500 | task1=3.967196e-01 | task2=2.253794e-01 | F1=1.745603e-01 | m1²=0.002763 | m2²=0.985800 | eps_w1=2.192640e+00 | eps_w2=5.106359e-02
[step   156600] t/d=1566.000 | task1=3.966014e-01 | task2=2.253807e-01 | F1=1.744421e-01 | m1²=0.002883 | m2²=0.985485 | eps_w1=2.191709e+00 | eps_w2=5.168289e-02
[step   156650] t/d=1566.500 | task1=3.965450e-01 | task2=2.253980e-01 | F1=1.743856e-01 | m1²=0.002906 | m2²=0.985596 | eps_w1=2.189981e+00 | eps_w2=5.119072e-02
[step   156700] t/d=1567.000 | task1=3.966767e-01 | task2=2.253435e-01 | F1=1.745174e-01 | m1²=0.002956 | m2²=0.985705 | eps_w1=2.190873e+00 | eps_w2=5.108583e-02
[step   156750] t/d=1567.500 | task1=3.968703e-01 | task2=2.253721e-01 | F1=1.747109e-01 | m1²=0.003011 | m2²=0.985628 | eps_w1=2.194564e+00 | eps_w2=5.180971e-02
[step   156800] t/d=1568.000 | task1=3.967364e-01 | task2=2.254043e-01 | F1=1.745771e-01 | m1²=0.002920 | m2²=0.985641 | eps_w1=2.190694e+00 | eps_w2=5.119510e-02
[step   156850] t/d=1568.500 | task1=3.966032e-01 | task2=2.253563e-01 | F1=1.744439e-01 | m1²=0.003022 | m2²=0.985599 | eps_w1=2.188605e+00 | eps_w2=5.102221e-02
[step   156900] t/d=1569.000 | task1=3.965911e-01 | task2=2.253580e-01 | F1=1.744318e-01 | m1²=0.002979 | m2²=0.985798 | eps_w1=2.186334e+00 | eps_w2=5.023481e-02
[step   156950] t/d=1569.500 | task1=3.966080e-01 | task2=2.253726e-01 | F1=1.744487e-01 | m1²=0.002975 | m2²=0.985628 | eps_w1=2.186183e+00 | eps_w2=5.059931e-02
[step   157000] t/d=1570.000 | task1=3.964906e-01 | task2=2.254007e-01 | F1=1.743313e-01 | m1²=0.002977 | m2²=0.985659 | eps_w1=2.183546e+00 | eps_w2=5.015615e-02
[step   157050] t/d=1570.500 | task1=3.966866e-01 | task2=2.254215e-01 | F1=1.745273e-01 | m1²=0.003027 | m2²=0.985554 | eps_w1=2.188233e+00 | eps_w2=5.107284e-02
[step   157100] t/d=1571.000 | task1=3.966218e-01 | task2=2.253927e-01 | F1=1.744624e-01 | m1²=0.003041 | m2²=0.985552 | eps_w1=2.187241e+00 | eps_w2=5.094223e-02
[step   157150] t/d=1571.500 | task1=3.968212e-01 | task2=2.254056e-01 | F1=1.746619e-01 | m1²=0.003001 | m2²=0.985720 | eps_w1=2.192426e+00 | eps_w2=5.129003e-02
[step   157200] t/d=1572.000 | task1=3.965695e-01 | task2=2.254664e-01 | F1=1.744102e-01 | m1²=0.002921 | m2²=0.985789 | eps_w1=2.187696e+00 | eps_w2=5.043034e-02
[step   157250] t/d=1572.500 | task1=3.966098e-01 | task2=2.254835e-01 | F1=1.744504e-01 | m1²=0.002926 | m2²=0.985812 | eps_w1=2.188288e+00 | eps_w2=5.046444e-02
[step   157300] t/d=1573.000 | task1=3.965990e-01 | task2=2.255130e-01 | F1=1.744397e-01 | m1²=0.002935 | m2²=0.985635 | eps_w1=2.188620e+00 | eps_w2=5.091635e-02
[step   157350] t/d=1573.500 | task1=3.967156e-01 | task2=2.255542e-01 | F1=1.745563e-01 | m1²=0.002904 | m2²=0.985501 | eps_w1=2.190549e+00 | eps_w2=5.148800e-02
[step   157400] t/d=1574.000 | task1=3.968506e-01 | task2=2.255165e-01 | F1=1.746912e-01 | m1²=0.002970 | m2²=0.985536 | eps_w1=2.191937e+00 | eps_w2=5.162732e-02
[step   157450] t/d=1574.500 | task1=3.967190e-01 | task2=2.255277e-01 | F1=1.745597e-01 | m1²=0.002919 | m2²=0.985673 | eps_w1=2.189296e+00 | eps_w2=5.092191e-02
[step   157500] t/d=1575.000 | task1=3.967444e-01 | task2=2.254950e-01 | F1=1.745851e-01 | m1²=0.002917 | m2²=0.985775 | eps_w1=2.189686e+00 | eps_w2=5.074418e-02
[step   157550] t/d=1575.500 | task1=3.970403e-01 | task2=2.254252e-01 | F1=1.748810e-01 | m1²=0.002996 | m2²=0.985880 | eps_w1=2.194726e+00 | eps_w2=5.125599e-02
[step   157600] t/d=1576.000 | task1=3.969944e-01 | task2=2.254112e-01 | F1=1.748350e-01 | m1²=0.002914 | m2²=0.985870 | eps_w1=2.194015e+00 | eps_w2=5.114887e-02
[step   157650] t/d=1576.500 | task1=3.971839e-01 | task2=2.253986e-01 | F1=1.750246e-01 | m1²=0.002898 | m2²=0.986001 | eps_w1=2.198198e+00 | eps_w2=5.145339e-02
[step   157700] t/d=1577.000 | task1=3.970008e-01 | task2=2.254034e-01 | F1=1.748414e-01 | m1²=0.002923 | m2²=0.986051 | eps_w1=2.194862e+00 | eps_w2=5.086245e-02
[step   157750] t/d=1577.500 | task1=3.971487e-01 | task2=2.254001e-01 | F1=1.749894e-01 | m1²=0.002857 | m2²=0.985760 | eps_w1=2.197978e+00 | eps_w2=5.195761e-02
[step   157800] t/d=1578.000 | task1=3.970678e-01 | task2=2.253656e-01 | F1=1.749085e-01 | m1²=0.002832 | m2²=0.985958 | eps_w1=2.197103e+00 | eps_w2=5.137112e-02
[step   157850] t/d=1578.500 | task1=3.971037e-01 | task2=2.253699e-01 | F1=1.749444e-01 | m1²=0.002820 | m2²=0.985907 | eps_w1=2.199483e+00 | eps_w2=5.183081e-02
[step   157900] t/d=1579.000 | task1=3.970465e-01 | task2=2.253079e-01 | F1=1.748871e-01 | m1²=0.002857 | m2²=0.985973 | eps_w1=2.199423e+00 | eps_w2=5.168294e-02
[step   157950] t/d=1579.500 | task1=3.970465e-01 | task2=2.252617e-01 | F1=1.748872e-01 | m1²=0.002992 | m2²=0.986002 | eps_w1=2.199520e+00 | eps_w2=5.167377e-02
[step   158000] t/d=1580.000 | task1=3.969666e-01 | task2=2.252671e-01 | F1=1.748073e-01 | m1²=0.002973 | m2²=0.986122 | eps_w1=2.197804e+00 | eps_w2=5.114354e-02
[step   158050] t/d=1580.500 | task1=3.971406e-01 | task2=2.253171e-01 | F1=1.749813e-01 | m1²=0.002938 | m2²=0.986059 | eps_w1=2.201467e+00 | eps_w2=5.181275e-02
[step   158100] t/d=1581.000 | task1=3.970890e-01 | task2=2.253356e-01 | F1=1.749296e-01 | m1²=0.002969 | m2²=0.985986 | eps_w1=2.201217e+00 | eps_w2=5.195294e-02
[step   158150] t/d=1581.500 | task1=3.972487e-01 | task2=2.253163e-01 | F1=1.750894e-01 | m1²=0.002877 | m2²=0.985793 | eps_w1=2.203837e+00 | eps_w2=5.274992e-02
[step   158200] t/d=1582.000 | task1=3.971253e-01 | task2=2.253440e-01 | F1=1.749660e-01 | m1²=0.002869 | m2²=0.985613 | eps_w1=2.200800e+00 | eps_w2=5.271044e-02
[step   158250] t/d=1582.500 | task1=3.970499e-01 | task2=2.253208e-01 | F1=1.748906e-01 | m1²=0.002832 | m2²=0.985844 | eps_w1=2.198543e+00 | eps_w2=5.184049e-02
[step   158300] t/d=1583.000 | task1=3.972681e-01 | task2=2.253001e-01 | F1=1.751088e-01 | m1²=0.002786 | m2²=0.986151 | eps_w1=2.202140e+00 | eps_w2=5.165338e-02
[step   158350] t/d=1583.500 | task1=3.974010e-01 | task2=2.252959e-01 | F1=1.752417e-01 | m1²=0.002635 | m2²=0.986263 | eps_w1=2.203819e+00 | eps_w2=5.159570e-02
[step   158400] t/d=1584.000 | task1=3.972410e-01 | task2=2.253084e-01 | F1=1.750817e-01 | m1²=0.002673 | m2²=0.986196 | eps_w1=2.200497e+00 | eps_w2=5.127208e-02
[step   158450] t/d=1584.500 | task1=3.972943e-01 | task2=2.252631e-01 | F1=1.751350e-01 | m1²=0.002587 | m2²=0.986349 | eps_w1=2.200096e+00 | eps_w2=5.083625e-02
[step   158500] t/d=1585.000 | task1=3.970374e-01 | task2=2.253012e-01 | F1=1.748781e-01 | m1²=0.002525 | m2²=0.986329 | eps_w1=2.195414e+00 | eps_w2=5.018360e-02
[step   158550] t/d=1585.500 | task1=3.969694e-01 | task2=2.252604e-01 | F1=1.748100e-01 | m1²=0.002569 | m2²=0.986470 | eps_w1=2.194000e+00 | eps_w2=4.967285e-02
[step   158600] t/d=1586.000 | task1=3.969373e-01 | task2=2.252402e-01 | F1=1.747780e-01 | m1²=0.002595 | m2²=0.986506 | eps_w1=2.193580e+00 | eps_w2=4.953916e-02
[step   158650] t/d=1586.500 | task1=3.969295e-01 | task2=2.252350e-01 | F1=1.747701e-01 | m1²=0.002597 | m2²=0.986600 | eps_w1=2.193857e+00 | eps_w2=4.936715e-02
[step   158700] t/d=1587.000 | task1=3.968878e-01 | task2=2.252394e-01 | F1=1.747285e-01 | m1²=0.002526 | m2²=0.986803 | eps_w1=2.192285e+00 | eps_w2=4.865753e-02
[step   158750] t/d=1587.500 | task1=3.969245e-01 | task2=2.252861e-01 | F1=1.747652e-01 | m1²=0.002543 | m2²=0.986936 | eps_w1=2.193466e+00 | eps_w2=4.852810e-02
[step   158800] t/d=1588.000 | task1=3.968628e-01 | task2=2.253509e-01 | F1=1.747035e-01 | m1²=0.002608 | m2²=0.986523 | eps_w1=2.192653e+00 | eps_w2=4.937208e-02
[step   158850] t/d=1588.500 | task1=3.966270e-01 | task2=2.253848e-01 | F1=1.744676e-01 | m1²=0.002620 | m2²=0.986376 | eps_w1=2.189499e+00 | eps_w2=4.926046e-02
[step   158900] t/d=1589.000 | task1=3.964485e-01 | task2=2.253849e-01 | F1=1.742892e-01 | m1²=0.002648 | m2²=0.986321 | eps_w1=2.186544e+00 | eps_w2=4.897778e-02
[step   158950] t/d=1589.500 | task1=3.964181e-01 | task2=2.253708e-01 | F1=1.742588e-01 | m1²=0.002638 | m2²=0.986197 | eps_w1=2.185655e+00 | eps_w2=4.913099e-02
[step   159000] t/d=1590.000 | task1=3.964974e-01 | task2=2.253910e-01 | F1=1.743380e-01 | m1²=0.002674 | m2²=0.986163 | eps_w1=2.187674e+00 | eps_w2=4.950255e-02
[step   159050] t/d=1590.500 | task1=3.965188e-01 | task2=2.253617e-01 | F1=1.743595e-01 | m1²=0.002721 | m2²=0.986184 | eps_w1=2.189137e+00 | eps_w2=4.967590e-02
[step   159100] t/d=1591.000 | task1=3.965247e-01 | task2=2.253737e-01 | F1=1.743654e-01 | m1²=0.002529 | m2²=0.986355 | eps_w1=2.187226e+00 | eps_w2=4.895800e-02
[step   159150] t/d=1591.500 | task1=3.964122e-01 | task2=2.253529e-01 | F1=1.742529e-01 | m1²=0.002553 | m2²=0.986427 | eps_w1=2.183962e+00 | eps_w2=4.834448e-02
[step   159200] t/d=1592.000 | task1=3.962107e-01 | task2=2.253264e-01 | F1=1.740513e-01 | m1²=0.002659 | m2²=0.986399 | eps_w1=2.180646e+00 | eps_w2=4.797950e-02
[step   159250] t/d=1592.500 | task1=3.962391e-01 | task2=2.253453e-01 | F1=1.740797e-01 | m1²=0.002596 | m2²=0.986286 | eps_w1=2.181747e+00 | eps_w2=4.836875e-02
[step   159300] t/d=1593.000 | task1=3.966120e-01 | task2=2.253308e-01 | F1=1.744527e-01 | m1²=0.002569 | m2²=0.986342 | eps_w1=2.187945e+00 | eps_w2=4.910278e-02
[step   159350] t/d=1593.500 | task1=3.967305e-01 | task2=2.253386e-01 | F1=1.745712e-01 | m1²=0.002507 | m2²=0.986355 | eps_w1=2.189946e+00 | eps_w2=4.933732e-02
[step   159400] t/d=1594.000 | task1=3.970878e-01 | task2=2.253717e-01 | F1=1.749285e-01 | m1²=0.002465 | m2²=0.986311 | eps_w1=2.197383e+00 | eps_w2=5.049044e-02
[step   159450] t/d=1594.500 | task1=3.969691e-01 | task2=2.253568e-01 | F1=1.748097e-01 | m1²=0.002613 | m2²=0.986271 | eps_w1=2.196711e+00 | eps_w2=5.053055e-02
[step   159500] t/d=1595.000 | task1=3.972900e-01 | task2=2.253532e-01 | F1=1.751307e-01 | m1²=0.002543 | m2²=0.986134 | eps_w1=2.201960e+00 | eps_w2=5.158578e-02
[step   159550] t/d=1595.500 | task1=3.972087e-01 | task2=2.253631e-01 | F1=1.750494e-01 | m1²=0.002669 | m2²=0.986240 | eps_w1=2.200458e+00 | eps_w2=5.116552e-02
[step   159600] t/d=1596.000 | task1=3.971687e-01 | task2=2.253789e-01 | F1=1.750094e-01 | m1²=0.002714 | m2²=0.986207 | eps_w1=2.199669e+00 | eps_w2=5.113958e-02
[step   159650] t/d=1596.500 | task1=3.969925e-01 | task2=2.253937e-01 | F1=1.748332e-01 | m1²=0.002691 | m2²=0.986029 | eps_w1=2.195004e+00 | eps_w2=5.086033e-02
[step   159700] t/d=1597.000 | task1=3.968830e-01 | task2=2.253670e-01 | F1=1.747237e-01 | m1²=0.002733 | m2²=0.985888 | eps_w1=2.193981e+00 | eps_w2=5.104617e-02
[step   159750] t/d=1597.500 | task1=3.967369e-01 | task2=2.253550e-01 | F1=1.745776e-01 | m1²=0.002804 | m2²=0.986024 | eps_w1=2.190996e+00 | eps_w2=5.033192e-02
[step   159800] t/d=1598.000 | task1=3.968436e-01 | task2=2.253304e-01 | F1=1.746843e-01 | m1²=0.002801 | m2²=0.986037 | eps_w1=2.193318e+00 | eps_w2=5.063333e-02
[step   159850] t/d=1598.500 | task1=3.968713e-01 | task2=2.253327e-01 | F1=1.747120e-01 | m1²=0.002882 | m2²=0.986006 | eps_w1=2.193928e+00 | eps_w2=5.081737e-02
[step   159900] t/d=1599.000 | task1=3.965835e-01 | task2=2.253599e-01 | F1=1.744241e-01 | m1²=0.002870 | m2²=0.986050 | eps_w1=2.190740e+00 | eps_w2=5.025520e-02
[step   159950] t/d=1599.500 | task1=3.965989e-01 | task2=2.253142e-01 | F1=1.744396e-01 | m1²=0.002998 | m2²=0.986028 | eps_w1=2.190628e+00 | eps_w2=5.033112e-02
[step   160000] t/d=1600.000 | task1=3.966007e-01 | task2=2.252844e-01 | F1=1.744413e-01 | m1²=0.003000 | m2²=0.986186 | eps_w1=2.191269e+00 | eps_w2=5.006415e-02
[step   160050] t/d=1600.500 | task1=3.965351e-01 | task2=2.252214e-01 | F1=1.743758e-01 | m1²=0.003057 | m2²=0.986122 | eps_w1=2.189319e+00 | eps_w2=4.994906e-02
[step   160100] t/d=1601.000 | task1=3.965605e-01 | task2=2.251841e-01 | F1=1.744012e-01 | m1²=0.002997 | m2²=0.986401 | eps_w1=2.189703e+00 | eps_w2=4.935070e-02
[step   160150] t/d=1601.500 | task1=3.966779e-01 | task2=2.252429e-01 | F1=1.745186e-01 | m1²=0.002997 | m2²=0.986197 | eps_w1=2.192259e+00 | eps_w2=5.017850e-02
[step   160200] t/d=1602.000 | task1=3.967245e-01 | task2=2.252425e-01 | F1=1.745652e-01 | m1²=0.003051 | m2²=0.986323 | eps_w1=2.192188e+00 | eps_w2=4.990026e-02
[step   160250] t/d=1602.500 | task1=3.968316e-01 | task2=2.252410e-01 | F1=1.746722e-01 | m1²=0.003094 | m2²=0.986156 | eps_w1=2.193880e+00 | eps_w2=5.053604e-02
[step   160300] t/d=1603.000 | task1=3.969016e-01 | task2=2.252225e-01 | F1=1.747423e-01 | m1²=0.003076 | m2²=0.986104 | eps_w1=2.194471e+00 | eps_w2=5.073485e-02
[step   160350] t/d=1603.500 | task1=3.965696e-01 | task2=2.252825e-01 | F1=1.744102e-01 | m1²=0.003017 | m2²=0.986088 | eps_w1=2.188702e+00 | eps_w2=4.992551e-02
[step   160400] t/d=1604.000 | task1=3.967158e-01 | task2=2.252531e-01 | F1=1.745565e-01 | m1²=0.002959 | m2²=0.986102 | eps_w1=2.190979e+00 | eps_w2=5.020004e-02
[step   160450] t/d=1604.500 | task1=3.968177e-01 | task2=2.252646e-01 | F1=1.746584e-01 | m1²=0.003049 | m2²=0.986139 | eps_w1=2.193070e+00 | eps_w2=5.044403e-02
[step   160500] t/d=1605.000 | task1=3.970757e-01 | task2=2.252774e-01 | F1=1.749164e-01 | m1²=0.002983 | m2²=0.985957 | eps_w1=2.197850e+00 | eps_w2=5.153089e-02
[step   160550] t/d=1605.500 | task1=3.973550e-01 | task2=2.252654e-01 | F1=1.751957e-01 | m1²=0.003055 | m2²=0.985843 | eps_w1=2.202414e+00 | eps_w2=5.248290e-02
[step   160600] t/d=1606.000 | task1=3.974351e-01 | task2=2.252781e-01 | F1=1.752758e-01 | m1²=0.003101 | m2²=0.986248 | eps_w1=2.202884e+00 | eps_w2=5.164209e-02
[step   160650] t/d=1606.500 | task1=3.972621e-01 | task2=2.252941e-01 | F1=1.751027e-01 | m1²=0.003019 | m2²=0.986110 | eps_w1=2.200355e+00 | eps_w2=5.155905e-02
[step   160700] t/d=1607.000 | task1=3.971535e-01 | task2=2.252512e-01 | F1=1.749942e-01 | m1²=0.003061 | m2²=0.986145 | eps_w1=2.197673e+00 | eps_w2=5.110129e-02
[step   160750] t/d=1607.500 | task1=3.971377e-01 | task2=2.252324e-01 | F1=1.749784e-01 | m1²=0.003114 | m2²=0.986110 | eps_w1=2.197450e+00 | eps_w2=5.116392e-02
[step   160800] t/d=1608.000 | task1=3.972010e-01 | task2=2.252376e-01 | F1=1.750417e-01 | m1²=0.003182 | m2²=0.986159 | eps_w1=2.197563e+00 | eps_w2=5.109157e-02
[step   160850] t/d=1608.500 | task1=3.970435e-01 | task2=2.252175e-01 | F1=1.748842e-01 | m1²=0.003282 | m2²=0.986327 | eps_w1=2.196321e+00 | eps_w2=5.056029e-02
[step   160900] t/d=1609.000 | task1=3.971729e-01 | task2=2.251821e-01 | F1=1.750136e-01 | m1²=0.003239 | m2²=0.986367 | eps_w1=2.199018e+00 | eps_w2=5.084797e-02
[step   160950] t/d=1609.500 | task1=3.973696e-01 | task2=2.251551e-01 | F1=1.752103e-01 | m1²=0.003218 | m2²=0.986625 | eps_w1=2.203999e+00 | eps_w2=5.098349e-02
[step   161000] t/d=1610.000 | task1=3.972591e-01 | task2=2.252082e-01 | F1=1.750998e-01 | m1²=0.003328 | m2²=0.986377 | eps_w1=2.200601e+00 | eps_w2=5.108633e-02
[step   161050] t/d=1610.500 | task1=3.972312e-01 | task2=2.252066e-01 | F1=1.750719e-01 | m1²=0.003410 | m2²=0.986406 | eps_w1=2.199673e+00 | eps_w2=5.090888e-02
[step   161100] t/d=1611.000 | task1=3.971871e-01 | task2=2.252246e-01 | F1=1.750278e-01 | m1²=0.003412 | m2²=0.986408 | eps_w1=2.199529e+00 | eps_w2=5.088566e-02
[step   161150] t/d=1611.500 | task1=3.971780e-01 | task2=2.252144e-01 | F1=1.750186e-01 | m1²=0.003473 | m2²=0.986507 | eps_w1=2.198905e+00 | eps_w2=5.058636e-02
[step   161200] t/d=1612.000 | task1=3.972809e-01 | task2=2.252398e-01 | F1=1.751216e-01 | m1²=0.003502 | m2²=0.986454 | eps_w1=2.201730e+00 | eps_w2=5.113276e-02
[step   161250] t/d=1612.500 | task1=3.976116e-01 | task2=2.253019e-01 | F1=1.754523e-01 | m1²=0.003429 | m2²=0.986470 | eps_w1=2.207922e+00 | eps_w2=5.199090e-02
[step   161300] t/d=1613.000 | task1=3.976733e-01 | task2=2.252708e-01 | F1=1.755140e-01 | m1²=0.003481 | m2²=0.986660 | eps_w1=2.209319e+00 | eps_w2=5.178350e-02
[step   161350] t/d=1613.500 | task1=3.975083e-01 | task2=2.252527e-01 | F1=1.753489e-01 | m1²=0.003484 | m2²=0.986686 | eps_w1=2.205408e+00 | eps_w2=5.114024e-02
[step   161400] t/d=1614.000 | task1=3.973605e-01 | task2=2.252716e-01 | F1=1.752012e-01 | m1²=0.003403 | m2²=0.986786 | eps_w1=2.201029e+00 | eps_w2=5.023941e-02
[step   161450] t/d=1614.500 | task1=3.975881e-01 | task2=2.252718e-01 | F1=1.754288e-01 | m1²=0.003367 | m2²=0.986718 | eps_w1=2.204807e+00 | eps_w2=5.094119e-02
[step   161500] t/d=1615.000 | task1=3.973777e-01 | task2=2.252435e-01 | F1=1.752184e-01 | m1²=0.003338 | m2²=0.986772 | eps_w1=2.201101e+00 | eps_w2=5.025951e-02
[step   161550] t/d=1615.500 | task1=3.971928e-01 | task2=2.252385e-01 | F1=1.750335e-01 | m1²=0.003363 | m2²=0.986702 | eps_w1=2.197564e+00 | eps_w2=4.991202e-02
[step   161600] t/d=1616.000 | task1=3.972023e-01 | task2=2.252530e-01 | F1=1.750429e-01 | m1²=0.003355 | m2²=0.986678 | eps_w1=2.198350e+00 | eps_w2=5.007732e-02
[step   161650] t/d=1616.500 | task1=3.971302e-01 | task2=2.253022e-01 | F1=1.749709e-01 | m1²=0.003388 | m2²=0.986540 | eps_w1=2.197753e+00 | eps_w2=5.031581e-02
[step   161700] t/d=1617.000 | task1=3.971728e-01 | task2=2.252721e-01 | F1=1.750135e-01 | m1²=0.003389 | m2²=0.986538 | eps_w1=2.198669e+00 | eps_w2=5.045568e-02
[step   161750] t/d=1617.500 | task1=3.973126e-01 | task2=2.252548e-01 | F1=1.751532e-01 | m1²=0.003453 | m2²=0.986432 | eps_w1=2.202573e+00 | eps_w2=5.129209e-02
[step   161800] t/d=1618.000 | task1=3.974115e-01 | task2=2.252656e-01 | F1=1.752521e-01 | m1²=0.003464 | m2²=0.986518 | eps_w1=2.205103e+00 | eps_w2=5.147394e-02
[step   161850] t/d=1618.500 | task1=3.976507e-01 | task2=2.253255e-01 | F1=1.754913e-01 | m1²=0.003366 | m2²=0.986408 | eps_w1=2.210917e+00 | eps_w2=5.256355e-02
[step   161900] t/d=1619.000 | task1=3.977017e-01 | task2=2.253313e-01 | F1=1.755424e-01 | m1²=0.003422 | m2²=0.986422 | eps_w1=2.213829e+00 | eps_w2=5.299068e-02
[step   161950] t/d=1619.500 | task1=3.975485e-01 | task2=2.253359e-01 | F1=1.753892e-01 | m1²=0.003346 | m2²=0.986455 | eps_w1=2.210645e+00 | eps_w2=5.240721e-02
[step   162000] t/d=1620.000 | task1=3.974082e-01 | task2=2.253379e-01 | F1=1.752489e-01 | m1²=0.003335 | m2²=0.986411 | eps_w1=2.208740e+00 | eps_w2=5.221856e-02
[step   162050] t/d=1620.500 | task1=3.975091e-01 | task2=2.253323e-01 | F1=1.753497e-01 | m1²=0.003317 | m2²=0.986487 | eps_w1=2.210345e+00 | eps_w2=5.227867e-02
[step   162100] t/d=1621.000 | task1=3.974024e-01 | task2=2.253498e-01 | F1=1.752431e-01 | m1²=0.003392 | m2²=0.986547 | eps_w1=2.208225e+00 | eps_w2=5.184952e-02
[step   162150] t/d=1621.500 | task1=3.972929e-01 | task2=2.253734e-01 | F1=1.751335e-01 | m1²=0.003407 | m2²=0.986299 | eps_w1=2.207165e+00 | eps_w2=5.226412e-02
[step   162200] t/d=1622.000 | task1=3.973583e-01 | task2=2.253172e-01 | F1=1.751990e-01 | m1²=0.003369 | m2²=0.986077 | eps_w1=2.207482e+00 | eps_w2=5.280695e-02
[step   162250] t/d=1622.500 | task1=3.972969e-01 | task2=2.252736e-01 | F1=1.751376e-01 | m1²=0.003313 | m2²=0.986156 | eps_w1=2.205430e+00 | eps_w2=5.229912e-02
[step   162300] t/d=1623.000 | task1=3.970191e-01 | task2=2.252481e-01 | F1=1.748598e-01 | m1²=0.003335 | m2²=0.986065 | eps_w1=2.200565e+00 | eps_w2=5.179508e-02
[step   162350] t/d=1623.500 | task1=3.970036e-01 | task2=2.252714e-01 | F1=1.748443e-01 | m1²=0.003422 | m2²=0.985738 | eps_w1=2.201446e+00 | eps_w2=5.269903e-02
[step   162400] t/d=1624.000 | task1=3.969015e-01 | task2=2.252571e-01 | F1=1.747422e-01 | m1²=0.003285 | m2²=0.985589 | eps_w1=2.200151e+00 | eps_w2=5.280513e-02
[step   162450] t/d=1624.500 | task1=3.967902e-01 | task2=2.252649e-01 | F1=1.746308e-01 | m1²=0.003305 | m2²=0.985438 | eps_w1=2.199055e+00 | eps_w2=5.299318e-02
[step   162500] t/d=1625.000 | task1=3.970385e-01 | task2=2.252013e-01 | F1=1.748792e-01 | m1²=0.003262 | m2²=0.985645 | eps_w1=2.203924e+00 | eps_w2=5.322850e-02
[step   162550] t/d=1625.500 | task1=3.972588e-01 | task2=2.252662e-01 | F1=1.750994e-01 | m1²=0.003151 | m2²=0.985417 | eps_w1=2.207361e+00 | eps_w2=5.422723e-02
[step   162600] t/d=1626.000 | task1=3.972323e-01 | task2=2.252101e-01 | F1=1.750730e-01 | m1²=0.003105 | m2²=0.985535 | eps_w1=2.205152e+00 | eps_w2=5.361169e-02
[step   162650] t/d=1626.500 | task1=3.971330e-01 | task2=2.252432e-01 | F1=1.749737e-01 | m1²=0.003158 | m2²=0.985466 | eps_w1=2.204578e+00 | eps_w2=5.370052e-02
[step   162700] t/d=1627.000 | task1=3.971876e-01 | task2=2.252353e-01 | F1=1.750283e-01 | m1²=0.003158 | m2²=0.985529 | eps_w1=2.203739e+00 | eps_w2=5.343077e-02
[step   162750] t/d=1627.500 | task1=3.970391e-01 | task2=2.252354e-01 | F1=1.748798e-01 | m1²=0.003157 | m2²=0.985414 | eps_w1=2.201815e+00 | eps_w2=5.340860e-02
[step   162800] t/d=1628.000 | task1=3.971720e-01 | task2=2.252121e-01 | F1=1.750127e-01 | m1²=0.003245 | m2²=0.985267 | eps_w1=2.203214e+00 | eps_w2=5.397939e-02
[step   162850] t/d=1628.500 | task1=3.972007e-01 | task2=2.252818e-01 | F1=1.750414e-01 | m1²=0.003173 | m2²=0.985379 | eps_w1=2.203833e+00 | eps_w2=5.379375e-02
[step   162900] t/d=1629.000 | task1=3.972411e-01 | task2=2.252875e-01 | F1=1.750818e-01 | m1²=0.003184 | m2²=0.985551 | eps_w1=2.203639e+00 | eps_w2=5.337411e-02
[step   162950] t/d=1629.500 | task1=3.969810e-01 | task2=2.252600e-01 | F1=1.748216e-01 | m1²=0.003169 | m2²=0.985460 | eps_w1=2.199274e+00 | eps_w2=5.293306e-02
[step   163000] t/d=1630.000 | task1=3.968920e-01 | task2=2.252647e-01 | F1=1.747327e-01 | m1²=0.003238 | m2²=0.985269 | eps_w1=2.198987e+00 | eps_w2=5.334759e-02
[step   163050] t/d=1630.500 | task1=3.970815e-01 | task2=2.252773e-01 | F1=1.749222e-01 | m1²=0.003310 | m2²=0.985308 | eps_w1=2.203985e+00 | eps_w2=5.402285e-02
[step   163100] t/d=1631.000 | task1=3.970398e-01 | task2=2.252944e-01 | F1=1.748804e-01 | m1²=0.003255 | m2²=0.985504 | eps_w1=2.202289e+00 | eps_w2=5.330562e-02
[step   163150] t/d=1631.500 | task1=3.969825e-01 | task2=2.252854e-01 | F1=1.748232e-01 | m1²=0.003308 | m2²=0.985554 | eps_w1=2.200799e+00 | eps_w2=5.298704e-02
[step   163200] t/d=1632.000 | task1=3.970272e-01 | task2=2.253172e-01 | F1=1.748679e-01 | m1²=0.003349 | m2²=0.985534 | eps_w1=2.202131e+00 | eps_w2=5.324286e-02
[step   163250] t/d=1632.500 | task1=3.968274e-01 | task2=2.253514e-01 | F1=1.746681e-01 | m1²=0.003458 | m2²=0.985819 | eps_w1=2.199029e+00 | eps_w2=5.217081e-02
[step   163300] t/d=1633.000 | task1=3.968743e-01 | task2=2.254227e-01 | F1=1.747150e-01 | m1²=0.003473 | m2²=0.985877 | eps_w1=2.200580e+00 | eps_w2=5.227162e-02
[step   163350] t/d=1633.500 | task1=3.971336e-01 | task2=2.254606e-01 | F1=1.749743e-01 | m1²=0.003435 | m2²=0.985749 | eps_w1=2.205482e+00 | eps_w2=5.327935e-02
[step   163400] t/d=1634.000 | task1=3.971791e-01 | task2=2.254092e-01 | F1=1.750198e-01 | m1²=0.003387 | m2²=0.985907 | eps_w1=2.206444e+00 | eps_w2=5.304661e-02
[step   163450] t/d=1634.500 | task1=3.973486e-01 | task2=2.253989e-01 | F1=1.751893e-01 | m1²=0.003440 | m2²=0.985789 | eps_w1=2.209777e+00 | eps_w2=5.383559e-02
[step   163500] t/d=1635.000 | task1=3.971070e-01 | task2=2.253814e-01 | F1=1.749476e-01 | m1²=0.003502 | m2²=0.985710 | eps_w1=2.206118e+00 | eps_w2=5.348658e-02
[step   163550] t/d=1635.500 | task1=3.970289e-01 | task2=2.253548e-01 | F1=1.748696e-01 | m1²=0.003623 | m2²=0.985625 | eps_w1=2.205230e+00 | eps_w2=5.358782e-02
[step   163600] t/d=1636.000 | task1=3.971108e-01 | task2=2.253408e-01 | F1=1.749515e-01 | m1²=0.003612 | m2²=0.985689 | eps_w1=2.208231e+00 | eps_w2=5.388777e-02
[step   163650] t/d=1636.500 | task1=3.971899e-01 | task2=2.253610e-01 | F1=1.750306e-01 | m1²=0.003488 | m2²=0.985963 | eps_w1=2.208609e+00 | eps_w2=5.327573e-02
[step   163700] t/d=1637.000 | task1=3.972387e-01 | task2=2.254183e-01 | F1=1.750793e-01 | m1²=0.003474 | m2²=0.986007 | eps_w1=2.211238e+00 | eps_w2=5.356818e-02
[step   163750] t/d=1637.500 | task1=3.971973e-01 | task2=2.254021e-01 | F1=1.750379e-01 | m1²=0.003545 | m2²=0.985977 | eps_w1=2.211161e+00 | eps_w2=5.364894e-02
[step   163800] t/d=1638.000 | task1=3.972958e-01 | task2=2.253473e-01 | F1=1.751364e-01 | m1²=0.003468 | m2²=0.986063 | eps_w1=2.213462e+00 | eps_w2=5.377435e-02
[step   163850] t/d=1638.500 | task1=3.971832e-01 | task2=2.253377e-01 | F1=1.750239e-01 | m1²=0.003480 | m2²=0.985928 | eps_w1=2.212072e+00 | eps_w2=5.387699e-02
[step   163900] t/d=1639.000 | task1=3.972564e-01 | task2=2.253201e-01 | F1=1.750971e-01 | m1²=0.003343 | m2²=0.986007 | eps_w1=2.211653e+00 | eps_w2=5.358638e-02
[step   163950] t/d=1639.500 | task1=3.974424e-01 | task2=2.252966e-01 | F1=1.752831e-01 | m1²=0.003315 | m2²=0.986116 | eps_w1=2.214024e+00 | eps_w2=5.368645e-02
[step   164000] t/d=1640.000 | task1=3.974612e-01 | task2=2.252777e-01 | F1=1.753019e-01 | m1²=0.003275 | m2²=0.986362 | eps_w1=2.213224e+00 | eps_w2=5.298728e-02
[step   164050] t/d=1640.500 | task1=3.974096e-01 | task2=2.253078e-01 | F1=1.752503e-01 | m1²=0.003242 | m2²=0.986455 | eps_w1=2.212283e+00 | eps_w2=5.262088e-02
[step   164100] t/d=1641.000 | task1=3.975727e-01 | task2=2.252922e-01 | F1=1.754134e-01 | m1²=0.003201 | m2²=0.986566 | eps_w1=2.214651e+00 | eps_w2=5.271148e-02
[step   164150] t/d=1641.500 | task1=3.976465e-01 | task2=2.252787e-01 | F1=1.754872e-01 | m1²=0.003221 | m2²=0.986334 | eps_w1=2.214853e+00 | eps_w2=5.328244e-02
[step   164200] t/d=1642.000 | task1=3.976466e-01 | task2=2.252358e-01 | F1=1.754873e-01 | m1²=0.003207 | m2²=0.986082 | eps_w1=2.215200e+00 | eps_w2=5.390724e-02
[step   164250] t/d=1642.500 | task1=3.976411e-01 | task2=2.252273e-01 | F1=1.754818e-01 | m1²=0.003290 | m2²=0.985945 | eps_w1=2.215962e+00 | eps_w2=5.436674e-02
[step   164300] t/d=1643.000 | task1=3.976686e-01 | task2=2.252278e-01 | F1=1.755093e-01 | m1²=0.003371 | m2²=0.986062 | eps_w1=2.215852e+00 | eps_w2=5.410892e-02
[step   164350] t/d=1643.500 | task1=3.975988e-01 | task2=2.252718e-01 | F1=1.754395e-01 | m1²=0.003456 | m2²=0.985933 | eps_w1=2.215340e+00 | eps_w2=5.435488e-02
[step   164400] t/d=1644.000 | task1=3.976496e-01 | task2=2.252440e-01 | F1=1.754902e-01 | m1²=0.003470 | m2²=0.985845 | eps_w1=2.216543e+00 | eps_w2=5.474822e-02
[step   164450] t/d=1644.500 | task1=3.976537e-01 | task2=2.252680e-01 | F1=1.754944e-01 | m1²=0.003490 | m2²=0.985680 | eps_w1=2.217010e+00 | eps_w2=5.520491e-02
[step   164500] t/d=1645.000 | task1=3.974842e-01 | task2=2.252682e-01 | F1=1.753249e-01 | m1²=0.003496 | m2²=0.985779 | eps_w1=2.213099e+00 | eps_w2=5.437957e-02
[step   164550] t/d=1645.500 | task1=3.974073e-01 | task2=2.252721e-01 | F1=1.752480e-01 | m1²=0.003466 | m2²=0.985959 | eps_w1=2.211762e+00 | eps_w2=5.375407e-02
[step   164600] t/d=1646.000 | task1=3.971552e-01 | task2=2.252939e-01 | F1=1.749959e-01 | m1²=0.003373 | m2²=0.985949 | eps_w1=2.207525e+00 | eps_w2=5.310648e-02
[step   164650] t/d=1646.500 | task1=3.972257e-01 | task2=2.252911e-01 | F1=1.750664e-01 | m1²=0.003475 | m2²=0.985770 | eps_w1=2.210497e+00 | eps_w2=5.399840e-02
[step   164700] t/d=1647.000 | task1=3.971086e-01 | task2=2.252860e-01 | F1=1.749493e-01 | m1²=0.003424 | m2²=0.985816 | eps_w1=2.208034e+00 | eps_w2=5.350584e-02
[step   164750] t/d=1647.500 | task1=3.972535e-01 | task2=2.252922e-01 | F1=1.750941e-01 | m1²=0.003359 | m2²=0.985818 | eps_w1=2.209530e+00 | eps_w2=5.370305e-02
[step   164800] t/d=1648.000 | task1=3.973119e-01 | task2=2.252689e-01 | F1=1.751526e-01 | m1²=0.003356 | m2²=0.985860 | eps_w1=2.209996e+00 | eps_w2=5.367812e-02
[step   164850] t/d=1648.500 | task1=3.971651e-01 | task2=2.252901e-01 | F1=1.750058e-01 | m1²=0.003318 | m2²=0.985692 | eps_w1=2.208622e+00 | eps_w2=5.384321e-02
[step   164900] t/d=1649.000 | task1=3.974587e-01 | task2=2.253265e-01 | F1=1.752993e-01 | m1²=0.003339 | m2²=0.985492 | eps_w1=2.216330e+00 | eps_w2=5.548068e-02
[step   164950] t/d=1649.500 | task1=3.976031e-01 | task2=2.253214e-01 | F1=1.754437e-01 | m1²=0.003264 | m2²=0.985584 | eps_w1=2.217445e+00 | eps_w2=5.541620e-02
[step   165000] t/d=1650.000 | task1=3.975051e-01 | task2=2.253547e-01 | F1=1.753457e-01 | m1²=0.003301 | m2²=0.985445 | eps_w1=2.216520e+00 | eps_w2=5.560438e-02
[step   165050] t/d=1650.500 | task1=3.975246e-01 | task2=2.253837e-01 | F1=1.753653e-01 | m1²=0.003295 | m2²=0.985317 | eps_w1=2.215619e+00 | eps_w2=5.575899e-02
[step   165100] t/d=1651.000 | task1=3.976381e-01 | task2=2.253742e-01 | F1=1.754788e-01 | m1²=0.003305 | m2²=0.985407 | eps_w1=2.217462e+00 | eps_w2=5.584025e-02
[step   165150] t/d=1651.500 | task1=3.976202e-01 | task2=2.254095e-01 | F1=1.754608e-01 | m1²=0.003292 | m2²=0.985457 | eps_w1=2.217309e+00 | eps_w2=5.569686e-02
[step   165200] t/d=1652.000 | task1=3.975678e-01 | task2=2.254740e-01 | F1=1.754085e-01 | m1²=0.003281 | m2²=0.985071 | eps_w1=2.218107e+00 | eps_w2=5.670375e-02
[step   165250] t/d=1652.500 | task1=3.977308e-01 | task2=2.254716e-01 | F1=1.755715e-01 | m1²=0.003253 | m2²=0.984970 | eps_w1=2.221425e+00 | eps_w2=5.744139e-02
[step   165300] t/d=1653.000 | task1=3.978319e-01 | task2=2.254754e-01 | F1=1.756726e-01 | m1²=0.003145 | m2²=0.985076 | eps_w1=2.223062e+00 | eps_w2=5.741709e-02
[step   165350] t/d=1653.500 | task1=3.977477e-01 | task2=2.254960e-01 | F1=1.755884e-01 | m1²=0.003074 | m2²=0.984827 | eps_w1=2.222045e+00 | eps_w2=5.780596e-02
[step   165400] t/d=1654.000 | task1=3.977285e-01 | task2=2.254474e-01 | F1=1.755691e-01 | m1²=0.003019 | m2²=0.984812 | eps_w1=2.221459e+00 | eps_w2=5.773106e-02
[step   165450] t/d=1654.500 | task1=3.978048e-01 | task2=2.253767e-01 | F1=1.756455e-01 | m1²=0.002977 | m2²=0.985021 | eps_w1=2.221088e+00 | eps_w2=5.717751e-02
[step   165500] t/d=1655.000 | task1=3.978510e-01 | task2=2.253881e-01 | F1=1.756917e-01 | m1²=0.003024 | m2²=0.984897 | eps_w1=2.222212e+00 | eps_w2=5.765458e-02
[step   165550] t/d=1655.500 | task1=3.976249e-01 | task2=2.254168e-01 | F1=1.754656e-01 | m1²=0.002933 | m2²=0.984893 | eps_w1=2.217193e+00 | eps_w2=5.685216e-02
[step   165600] t/d=1656.000 | task1=3.975602e-01 | task2=2.254068e-01 | F1=1.754009e-01 | m1²=0.002891 | m2²=0.984901 | eps_w1=2.215010e+00 | eps_w2=5.648403e-02
[step   165650] t/d=1656.500 | task1=3.974653e-01 | task2=2.254121e-01 | F1=1.753060e-01 | m1²=0.002863 | m2²=0.984921 | eps_w1=2.213616e+00 | eps_w2=5.621570e-02
[step   165700] t/d=1657.000 | task1=3.973503e-01 | task2=2.254093e-01 | F1=1.751910e-01 | m1²=0.002858 | m2²=0.984907 | eps_w1=2.212836e+00 | eps_w2=5.612522e-02
[step   165750] t/d=1657.500 | task1=3.973142e-01 | task2=2.254438e-01 | F1=1.751549e-01 | m1²=0.002827 | m2²=0.985107 | eps_w1=2.212141e+00 | eps_w2=5.555095e-02
[step   165800] t/d=1658.000 | task1=3.973631e-01 | task2=2.254385e-01 | F1=1.752038e-01 | m1²=0.002708 | m2²=0.985095 | eps_w1=2.213028e+00 | eps_w2=5.567426e-02
[step   165850] t/d=1658.500 | task1=3.972754e-01 | task2=2.254126e-01 | F1=1.751160e-01 | m1²=0.002697 | m2²=0.985008 | eps_w1=2.212396e+00 | eps_w2=5.577311e-02
[step   165900] t/d=1659.000 | task1=3.972255e-01 | task2=2.254081e-01 | F1=1.750661e-01 | m1²=0.002708 | m2²=0.985133 | eps_w1=2.211829e+00 | eps_w2=5.540386e-02
[step   165950] t/d=1659.500 | task1=3.972033e-01 | task2=2.253551e-01 | F1=1.750440e-01 | m1²=0.002761 | m2²=0.985247 | eps_w1=2.211407e+00 | eps_w2=5.509698e-02
[step   166000] t/d=1660.000 | task1=3.972439e-01 | task2=2.253617e-01 | F1=1.750846e-01 | m1²=0.002852 | m2²=0.985037 | eps_w1=2.212467e+00 | eps_w2=5.576923e-02
[step   166050] t/d=1660.500 | task1=3.970836e-01 | task2=2.253565e-01 | F1=1.749242e-01 | m1²=0.002814 | m2²=0.985092 | eps_w1=2.208743e+00 | eps_w2=5.506716e-02
[step   166100] t/d=1661.000 | task1=3.971475e-01 | task2=2.253507e-01 | F1=1.749882e-01 | m1²=0.002772 | m2²=0.985185 | eps_w1=2.210201e+00 | eps_w2=5.505999e-02
[step   166150] t/d=1661.500 | task1=3.972197e-01 | task2=2.253811e-01 | F1=1.750603e-01 | m1²=0.002711 | m2²=0.985412 | eps_w1=2.211904e+00 | eps_w2=5.477669e-02
[step   166200] t/d=1662.000 | task1=3.971096e-01 | task2=2.253198e-01 | F1=1.749503e-01 | m1²=0.002779 | m2²=0.985143 | eps_w1=2.210161e+00 | eps_w2=5.515329e-02
[step   166250] t/d=1662.500 | task1=3.971200e-01 | task2=2.253173e-01 | F1=1.749607e-01 | m1²=0.002775 | m2²=0.985020 | eps_w1=2.209886e+00 | eps_w2=5.539130e-02
[step   166300] t/d=1663.000 | task1=3.972419e-01 | task2=2.252962e-01 | F1=1.750826e-01 | m1²=0.002812 | m2²=0.985049 | eps_w1=2.212227e+00 | eps_w2=5.569190e-02
[step   166350] t/d=1663.500 | task1=3.971866e-01 | task2=2.253282e-01 | F1=1.750273e-01 | m1²=0.002928 | m2²=0.984942 | eps_w1=2.210862e+00 | eps_w2=5.576869e-02
[step   166400] t/d=1664.000 | task1=3.972686e-01 | task2=2.253818e-01 | F1=1.751092e-01 | m1²=0.002789 | m2²=0.984938 | eps_w1=2.211908e+00 | eps_w2=5.589160e-02
[step   166450] t/d=1664.500 | task1=3.972492e-01 | task2=2.253444e-01 | F1=1.750899e-01 | m1²=0.002743 | m2²=0.985304 | eps_w1=2.210482e+00 | eps_w2=5.482005e-02
[step   166500] t/d=1665.000 | task1=3.973699e-01 | task2=2.253378e-01 | F1=1.752106e-01 | m1²=0.002764 | m2²=0.985330 | eps_w1=2.212940e+00 | eps_w2=5.513918e-02
[step   166550] t/d=1665.500 | task1=3.971482e-01 | task2=2.254210e-01 | F1=1.749889e-01 | m1²=0.002780 | m2²=0.985235 | eps_w1=2.209346e+00 | eps_w2=5.481838e-02
[step   166600] t/d=1666.000 | task1=3.969619e-01 | task2=2.254369e-01 | F1=1.748026e-01 | m1²=0.002826 | m2²=0.985138 | eps_w1=2.205384e+00 | eps_w2=5.446048e-02
[step   166650] t/d=1666.500 | task1=3.972207e-01 | task2=2.254180e-01 | F1=1.750614e-01 | m1²=0.002774 | m2²=0.985410 | eps_w1=2.208509e+00 | eps_w2=5.428919e-02
[step   166700] t/d=1667.000 | task1=3.973821e-01 | task2=2.254296e-01 | F1=1.752228e-01 | m1²=0.002754 | m2²=0.985358 | eps_w1=2.212607e+00 | eps_w2=5.502295e-02
[step   166750] t/d=1667.500 | task1=3.974080e-01 | task2=2.254027e-01 | F1=1.752487e-01 | m1²=0.002728 | m2²=0.985483 | eps_w1=2.214693e+00 | eps_w2=5.504472e-02
[step   166800] t/d=1668.000 | task1=3.972368e-01 | task2=2.254312e-01 | F1=1.750774e-01 | m1²=0.002787 | m2²=0.985405 | eps_w1=2.211360e+00 | eps_w2=5.473729e-02
[step   166850] t/d=1668.500 | task1=3.974592e-01 | task2=2.254212e-01 | F1=1.752998e-01 | m1²=0.002782 | m2²=0.985483 | eps_w1=2.213725e+00 | eps_w2=5.491503e-02
[step   166900] t/d=1669.000 | task1=3.975114e-01 | task2=2.254717e-01 | F1=1.753521e-01 | m1²=0.002822 | m2²=0.985324 | eps_w1=2.214879e+00 | eps_w2=5.546827e-02
[step   166950] t/d=1669.500 | task1=3.976700e-01 | task2=2.254215e-01 | F1=1.755106e-01 | m1²=0.002796 | m2²=0.985501 | eps_w1=2.216538e+00 | eps_w2=5.530725e-02
[step   167000] t/d=1670.000 | task1=3.977058e-01 | task2=2.254003e-01 | F1=1.755465e-01 | m1²=0.002787 | m2²=0.985502 | eps_w1=2.218080e+00 | eps_w2=5.553980e-02
[step   167050] t/d=1670.500 | task1=3.977355e-01 | task2=2.254104e-01 | F1=1.755762e-01 | m1²=0.002715 | m2²=0.985719 | eps_w1=2.218785e+00 | eps_w2=5.512516e-02
[step   167100] t/d=1671.000 | task1=3.977473e-01 | task2=2.254418e-01 | F1=1.755880e-01 | m1²=0.002663 | m2²=0.985637 | eps_w1=2.220364e+00 | eps_w2=5.553869e-02
[step   167150] t/d=1671.500 | task1=3.976963e-01 | task2=2.254537e-01 | F1=1.755370e-01 | m1²=0.002610 | m2²=0.985887 | eps_w1=2.220636e+00 | eps_w2=5.498804e-02
[step   167200] t/d=1672.000 | task1=3.977556e-01 | task2=2.254020e-01 | F1=1.755963e-01 | m1²=0.002706 | m2²=0.985725 | eps_w1=2.221708e+00 | eps_w2=5.555836e-02
[step   167250] t/d=1672.500 | task1=3.977611e-01 | task2=2.254273e-01 | F1=1.756017e-01 | m1²=0.002674 | m2²=0.985952 | eps_w1=2.220829e+00 | eps_w2=5.489001e-02
[step   167300] t/d=1673.000 | task1=3.977811e-01 | task2=2.254309e-01 | F1=1.756218e-01 | m1²=0.002596 | m2²=0.985929 | eps_w1=2.218011e+00 | eps_w2=5.448216e-02
[step   167350] t/d=1673.500 | task1=3.976117e-01 | task2=2.254148e-01 | F1=1.754524e-01 | m1²=0.002665 | m2²=0.985838 | eps_w1=2.217148e+00 | eps_w2=5.458238e-02
[step   167400] t/d=1674.000 | task1=3.974533e-01 | task2=2.254370e-01 | F1=1.752939e-01 | m1²=0.002630 | m2²=0.985774 | eps_w1=2.214928e+00 | eps_w2=5.438017e-02
[step   167450] t/d=1674.500 | task1=3.975048e-01 | task2=2.254677e-01 | F1=1.753455e-01 | m1²=0.002673 | m2²=0.985950 | eps_w1=2.215206e+00 | eps_w2=5.403188e-02
[step   167500] t/d=1675.000 | task1=3.975172e-01 | task2=2.254254e-01 | F1=1.753579e-01 | m1²=0.002705 | m2²=0.986053 | eps_w1=2.215032e+00 | eps_w2=5.378062e-02
[step   167550] t/d=1675.500 | task1=3.973455e-01 | task2=2.254093e-01 | F1=1.751862e-01 | m1²=0.002634 | m2²=0.986146 | eps_w1=2.210453e+00 | eps_w2=5.285135e-02
[step   167600] t/d=1676.000 | task1=3.972772e-01 | task2=2.254029e-01 | F1=1.751179e-01 | m1²=0.002656 | m2²=0.986149 | eps_w1=2.208462e+00 | eps_w2=5.255151e-02
[step   167650] t/d=1676.500 | task1=3.973442e-01 | task2=2.253825e-01 | F1=1.751849e-01 | m1²=0.002606 | m2²=0.986265 | eps_w1=2.208857e+00 | eps_w2=5.233025e-02
[step   167700] t/d=1677.000 | task1=3.974412e-01 | task2=2.253810e-01 | F1=1.752819e-01 | m1²=0.002535 | m2²=0.986332 | eps_w1=2.210435e+00 | eps_w2=5.239024e-02
[step   167750] t/d=1677.500 | task1=3.975512e-01 | task2=2.253472e-01 | F1=1.753919e-01 | m1²=0.002552 | m2²=0.986444 | eps_w1=2.211252e+00 | eps_w2=5.226060e-02
[step   167800] t/d=1678.000 | task1=3.975987e-01 | task2=2.254089e-01 | F1=1.754393e-01 | m1²=0.002545 | m2²=0.986406 | eps_w1=2.212749e+00 | eps_w2=5.257162e-02
[step   167850] t/d=1678.500 | task1=3.976148e-01 | task2=2.254286e-01 | F1=1.754554e-01 | m1²=0.002449 | m2²=0.986345 | eps_w1=2.212825e+00 | eps_w2=5.268961e-02
[step   167900] t/d=1679.000 | task1=3.975104e-01 | task2=2.254561e-01 | F1=1.753510e-01 | m1²=0.002491 | m2²=0.986392 | eps_w1=2.210990e+00 | eps_w2=5.231989e-02
[step   167950] t/d=1679.500 | task1=3.973656e-01 | task2=2.254021e-01 | F1=1.752062e-01 | m1²=0.002514 | m2²=0.986511 | eps_w1=2.207283e+00 | eps_w2=5.150168e-02
[step   168000] t/d=1680.000 | task1=3.976225e-01 | task2=2.253471e-01 | F1=1.754632e-01 | m1²=0.002528 | m2²=0.986565 | eps_w1=2.212825e+00 | eps_w2=5.221100e-02
[step   168050] t/d=1680.500 | task1=3.975118e-01 | task2=2.253542e-01 | F1=1.753525e-01 | m1²=0.002528 | m2²=0.986511 | eps_w1=2.210450e+00 | eps_w2=5.197884e-02
[step   168100] t/d=1681.000 | task1=3.976804e-01 | task2=2.253803e-01 | F1=1.755211e-01 | m1²=0.002533 | m2²=0.986800 | eps_w1=2.212645e+00 | eps_w2=5.164699e-02
[step   168150] t/d=1681.500 | task1=3.977015e-01 | task2=2.253928e-01 | F1=1.755422e-01 | m1²=0.002592 | m2²=0.986674 | eps_w1=2.212607e+00 | eps_w2=5.194999e-02
[step   168200] t/d=1682.000 | task1=3.975414e-01 | task2=2.254049e-01 | F1=1.753820e-01 | m1²=0.002570 | m2²=0.986623 | eps_w1=2.208867e+00 | eps_w2=5.149954e-02
[step   168250] t/d=1682.500 | task1=3.975517e-01 | task2=2.253815e-01 | F1=1.753924e-01 | m1²=0.002550 | m2²=0.986485 | eps_w1=2.209336e+00 | eps_w2=5.187893e-02
[step   168300] t/d=1683.000 | task1=3.976728e-01 | task2=2.253612e-01 | F1=1.755135e-01 | m1²=0.002525 | m2²=0.986312 | eps_w1=2.211294e+00 | eps_w2=5.256008e-02
[step   168350] t/d=1683.500 | task1=3.975861e-01 | task2=2.253628e-01 | F1=1.754268e-01 | m1²=0.002476 | m2²=0.986367 | eps_w1=2.209485e+00 | eps_w2=5.214824e-02
[step   168400] t/d=1684.000 | task1=3.975006e-01 | task2=2.253501e-01 | F1=1.753413e-01 | m1²=0.002568 | m2²=0.986432 | eps_w1=2.207979e+00 | eps_w2=5.180350e-02
[step   168450] t/d=1684.500 | task1=3.975159e-01 | task2=2.253452e-01 | F1=1.753566e-01 | m1²=0.002549 | m2²=0.986367 | eps_w1=2.209036e+00 | eps_w2=5.210388e-02
[step   168500] t/d=1685.000 | task1=3.975018e-01 | task2=2.253328e-01 | F1=1.753425e-01 | m1²=0.002664 | m2²=0.986096 | eps_w1=2.209586e+00 | eps_w2=5.284577e-02
[step   168550] t/d=1685.500 | task1=3.972291e-01 | task2=2.253038e-01 | F1=1.750697e-01 | m1²=0.002683 | m2²=0.986030 | eps_w1=2.203049e+00 | eps_w2=5.203078e-02
[step   168600] t/d=1686.000 | task1=3.971561e-01 | task2=2.253154e-01 | F1=1.749968e-01 | m1²=0.002701 | m2²=0.986169 | eps_w1=2.202107e+00 | eps_w2=5.157976e-02
[step   168650] t/d=1686.500 | task1=3.971801e-01 | task2=2.252954e-01 | F1=1.750208e-01 | m1²=0.002756 | m2²=0.986238 | eps_w1=2.203453e+00 | eps_w2=5.163731e-02
[step   168700] t/d=1687.000 | task1=3.971380e-01 | task2=2.252857e-01 | F1=1.749787e-01 | m1²=0.002839 | m2²=0.986255 | eps_w1=2.203701e+00 | eps_w2=5.166223e-02
[step   168750] t/d=1687.500 | task1=3.973147e-01 | task2=2.252804e-01 | F1=1.751554e-01 | m1²=0.002867 | m2²=0.986226 | eps_w1=2.206851e+00 | eps_w2=5.220557e-02
[step   168800] t/d=1688.000 | task1=3.975391e-01 | task2=2.252618e-01 | F1=1.753797e-01 | m1²=0.002919 | m2²=0.986279 | eps_w1=2.209757e+00 | eps_w2=5.253601e-02
[step   168850] t/d=1688.500 | task1=3.976483e-01 | task2=2.252989e-01 | F1=1.754889e-01 | m1²=0.002812 | m2²=0.986297 | eps_w1=2.212174e+00 | eps_w2=5.282203e-02
[step   168900] t/d=1689.000 | task1=3.975719e-01 | task2=2.253257e-01 | F1=1.754126e-01 | m1²=0.002837 | m2²=0.986321 | eps_w1=2.212306e+00 | eps_w2=5.279664e-02
[step   168950] t/d=1689.500 | task1=3.976250e-01 | task2=2.253522e-01 | F1=1.754656e-01 | m1²=0.002780 | m2²=0.986353 | eps_w1=2.213373e+00 | eps_w2=5.286551e-02
[step   169000] t/d=1690.000 | task1=3.976352e-01 | task2=2.253447e-01 | F1=1.754759e-01 | m1²=0.002863 | m2²=0.986332 | eps_w1=2.212282e+00 | eps_w2=5.277663e-02
[step   169050] t/d=1690.500 | task1=3.977930e-01 | task2=2.253728e-01 | F1=1.756337e-01 | m1²=0.002923 | m2²=0.986299 | eps_w1=2.216193e+00 | eps_w2=5.346576e-02
[step   169100] t/d=1691.000 | task1=3.978113e-01 | task2=2.253538e-01 | F1=1.756519e-01 | m1²=0.002857 | m2²=0.986134 | eps_w1=2.216849e+00 | eps_w2=5.392355e-02
[step   169150] t/d=1691.500 | task1=3.980473e-01 | task2=2.253865e-01 | F1=1.758879e-01 | m1²=0.002814 | m2²=0.986103 | eps_w1=2.221112e+00 | eps_w2=5.463499e-02
[step   169200] t/d=1692.000 | task1=3.979636e-01 | task2=2.253939e-01 | F1=1.758043e-01 | m1²=0.002855 | m2²=0.986280 | eps_w1=2.219028e+00 | eps_w2=5.392013e-02
[step   169250] t/d=1692.500 | task1=3.981544e-01 | task2=2.253754e-01 | F1=1.759951e-01 | m1²=0.002857 | m2²=0.986549 | eps_w1=2.223222e+00 | eps_w2=5.394884e-02
[step   169300] t/d=1693.000 | task1=3.984496e-01 | task2=2.254053e-01 | F1=1.762903e-01 | m1²=0.002902 | m2²=0.986590 | eps_w1=2.229565e+00 | eps_w2=5.486109e-02
[step   169350] t/d=1693.500 | task1=3.985402e-01 | task2=2.253733e-01 | F1=1.763809e-01 | m1²=0.002885 | m2²=0.986682 | eps_w1=2.231342e+00 | eps_w2=5.492264e-02
[step   169400] t/d=1694.000 | task1=3.984693e-01 | task2=2.253872e-01 | F1=1.763100e-01 | m1²=0.002905 | m2²=0.986695 | eps_w1=2.230580e+00 | eps_w2=5.477763e-02
[step   169450] t/d=1694.500 | task1=3.983353e-01 | task2=2.253988e-01 | F1=1.761760e-01 | m1²=0.002951 | m2²=0.986519 | eps_w1=2.229270e+00 | eps_w2=5.499513e-02
[step   169500] t/d=1695.000 | task1=3.983041e-01 | task2=2.254376e-01 | F1=1.761448e-01 | m1²=0.002951 | m2²=0.986588 | eps_w1=2.227796e+00 | eps_w2=5.460391e-02
[step   169550] t/d=1695.500 | task1=3.982893e-01 | task2=2.254142e-01 | F1=1.761300e-01 | m1²=0.002960 | m2²=0.986715 | eps_w1=2.227833e+00 | eps_w2=5.431916e-02
[step   169600] t/d=1696.000 | task1=3.982760e-01 | task2=2.254249e-01 | F1=1.761167e-01 | m1²=0.002967 | m2²=0.986871 | eps_w1=2.227687e+00 | eps_w2=5.393934e-02
[step   169650] t/d=1696.500 | task1=3.981975e-01 | task2=2.254426e-01 | F1=1.760381e-01 | m1²=0.003046 | m2²=0.986514 | eps_w1=2.226572e+00 | eps_w2=5.461656e-02
[step   169700] t/d=1697.000 | task1=3.980942e-01 | task2=2.253864e-01 | F1=1.759349e-01 | m1²=0.003020 | m2²=0.986388 | eps_w1=2.223851e+00 | eps_w2=5.447370e-02
[step   169750] t/d=1697.500 | task1=3.982473e-01 | task2=2.253946e-01 | F1=1.760880e-01 | m1²=0.002942 | m2²=0.986389 | eps_w1=2.228126e+00 | eps_w2=5.511306e-02
[step   169800] t/d=1698.000 | task1=3.984971e-01 | task2=2.253992e-01 | F1=1.763378e-01 | m1²=0.002953 | m2²=0.986542 | eps_w1=2.232200e+00 | eps_w2=5.540586e-02
[step   169850] t/d=1698.500 | task1=3.986906e-01 | task2=2.253810e-01 | F1=1.765313e-01 | m1²=0.003075 | m2²=0.986356 | eps_w1=2.237087e+00 | eps_w2=5.665726e-02
[step   169900] t/d=1699.000 | task1=3.988621e-01 | task2=2.253859e-01 | F1=1.767028e-01 | m1²=0.003101 | m2²=0.986444 | eps_w1=2.240810e+00 | eps_w2=5.706385e-02
[step   169950] t/d=1699.500 | task1=3.987726e-01 | task2=2.254209e-01 | F1=1.766133e-01 | m1²=0.003056 | m2²=0.986372 | eps_w1=2.239253e+00 | eps_w2=5.696342e-02
[step   170000] t/d=1700.000 | task1=3.986309e-01 | task2=2.254149e-01 | F1=1.764716e-01 | m1²=0.003107 | m2²=0.986329 | eps_w1=2.235964e+00 | eps_w2=5.655212e-02
[step   170050] t/d=1700.500 | task1=3.986855e-01 | task2=2.254243e-01 | F1=1.765262e-01 | m1²=0.003064 | m2²=0.986366 | eps_w1=2.237204e+00 | eps_w2=5.664973e-02
[step   170100] t/d=1701.000 | task1=3.985533e-01 | task2=2.254333e-01 | F1=1.763940e-01 | m1²=0.003064 | m2²=0.986031 | eps_w1=2.235379e+00 | eps_w2=5.713228e-02
[step   170150] t/d=1701.500 | task1=3.983818e-01 | task2=2.254472e-01 | F1=1.762225e-01 | m1²=0.003009 | m2²=0.986073 | eps_w1=2.232500e+00 | eps_w2=5.655743e-02
[step   170200] t/d=1702.000 | task1=3.979414e-01 | task2=2.254532e-01 | F1=1.757821e-01 | m1²=0.003073 | m2²=0.985866 | eps_w1=2.223477e+00 | eps_w2=5.563527e-02
[step   170250] t/d=1702.500 | task1=3.977284e-01 | task2=2.254929e-01 | F1=1.755691e-01 | m1²=0.003075 | m2²=0.985952 | eps_w1=2.219081e+00 | eps_w2=5.475824e-02
[step   170300] t/d=1703.000 | task1=3.978383e-01 | task2=2.254774e-01 | F1=1.756790e-01 | m1²=0.003075 | m2²=0.985958 | eps_w1=2.219959e+00 | eps_w2=5.487898e-02
[step   170350] t/d=1703.500 | task1=3.979205e-01 | task2=2.254568e-01 | F1=1.757612e-01 | m1²=0.003027 | m2²=0.986092 | eps_w1=2.221118e+00 | eps_w2=5.473309e-02
[step   170400] t/d=1704.000 | task1=3.978941e-01 | task2=2.254682e-01 | F1=1.757348e-01 | m1²=0.003069 | m2²=0.986109 | eps_w1=2.220914e+00 | eps_w2=5.467624e-02
[step   170450] t/d=1704.500 | task1=3.979019e-01 | task2=2.254826e-01 | F1=1.757426e-01 | m1²=0.003036 | m2²=0.986184 | eps_w1=2.220769e+00 | eps_w2=5.447081e-02
[step   170500] t/d=1705.000 | task1=3.978978e-01 | task2=2.254961e-01 | F1=1.757384e-01 | m1²=0.002965 | m2²=0.986065 | eps_w1=2.220318e+00 | eps_w2=5.465154e-02
[step   170550] t/d=1705.500 | task1=3.980224e-01 | task2=2.254213e-01 | F1=1.758631e-01 | m1²=0.003027 | m2²=0.986323 | eps_w1=2.222125e+00 | eps_w2=5.435821e-02
[step   170600] t/d=1706.000 | task1=3.980994e-01 | task2=2.254127e-01 | F1=1.759401e-01 | m1²=0.003008 | m2²=0.986377 | eps_w1=2.223526e+00 | eps_w2=5.444495e-02
[step   170650] t/d=1706.500 | task1=3.980102e-01 | task2=2.254297e-01 | F1=1.758509e-01 | m1²=0.003015 | m2²=0.986209 | eps_w1=2.221514e+00 | eps_w2=5.452068e-02
[step   170700] t/d=1707.000 | task1=3.980367e-01 | task2=2.254377e-01 | F1=1.758774e-01 | m1²=0.002961 | m2²=0.986188 | eps_w1=2.222006e+00 | eps_w2=5.462829e-02
[step   170750] t/d=1707.500 | task1=3.980682e-01 | task2=2.254277e-01 | F1=1.759089e-01 | m1²=0.003019 | m2²=0.986089 | eps_w1=2.221614e+00 | eps_w2=5.481363e-02
[step   170800] t/d=1708.000 | task1=3.979045e-01 | task2=2.254339e-01 | F1=1.757452e-01 | m1²=0.002958 | m2²=0.986066 | eps_w1=2.219012e+00 | eps_w2=5.444553e-02
[step   170850] t/d=1708.500 | task1=3.977740e-01 | task2=2.254857e-01 | F1=1.756147e-01 | m1²=0.002895 | m2²=0.986227 | eps_w1=2.217294e+00 | eps_w2=5.379027e-02
[step   170900] t/d=1709.000 | task1=3.978232e-01 | task2=2.254708e-01 | F1=1.756639e-01 | m1²=0.002933 | m2²=0.986278 | eps_w1=2.216867e+00 | eps_w2=5.362022e-02
[step   170950] t/d=1709.500 | task1=3.978546e-01 | task2=2.254383e-01 | F1=1.756953e-01 | m1²=0.002848 | m2²=0.986422 | eps_w1=2.216937e+00 | eps_w2=5.327163e-02
[step   171000] t/d=1710.000 | task1=3.977777e-01 | task2=2.254660e-01 | F1=1.756184e-01 | m1²=0.002833 | m2²=0.986350 | eps_w1=2.214713e+00 | eps_w2=5.309214e-02
[step   171050] t/d=1710.500 | task1=3.977230e-01 | task2=2.254505e-01 | F1=1.755637e-01 | m1²=0.002874 | m2²=0.986512 | eps_w1=2.213935e+00 | eps_w2=5.261565e-02
[step   171100] t/d=1711.000 | task1=3.978603e-01 | task2=2.254621e-01 | F1=1.757010e-01 | m1²=0.002981 | m2²=0.986485 | eps_w1=2.217632e+00 | eps_w2=5.327804e-02
[step   171150] t/d=1711.500 | task1=3.978678e-01 | task2=2.254307e-01 | F1=1.757085e-01 | m1²=0.003044 | m2²=0.986437 | eps_w1=2.217188e+00 | eps_w2=5.334153e-02
[step   171200] t/d=1712.000 | task1=3.979267e-01 | task2=2.254938e-01 | F1=1.757673e-01 | m1²=0.003087 | m2²=0.986220 | eps_w1=2.218707e+00 | eps_w2=5.408759e-02
[step   171250] t/d=1712.500 | task1=3.980002e-01 | task2=2.255700e-01 | F1=1.758409e-01 | m1²=0.002963 | m2²=0.986222 | eps_w1=2.220286e+00 | eps_w2=5.428533e-02
[step   171300] t/d=1713.000 | task1=3.979474e-01 | task2=2.255570e-01 | F1=1.757881e-01 | m1²=0.003024 | m2²=0.986192 | eps_w1=2.219315e+00 | eps_w2=5.422361e-02
[step   171350] t/d=1713.500 | task1=3.979571e-01 | task2=2.255536e-01 | F1=1.757978e-01 | m1²=0.003136 | m2²=0.986223 | eps_w1=2.220640e+00 | eps_w2=5.439505e-02
[step   171400] t/d=1714.000 | task1=3.980272e-01 | task2=2.255698e-01 | F1=1.758678e-01 | m1²=0.003230 | m2²=0.985948 | eps_w1=2.222728e+00 | eps_w2=5.538467e-02
[step   171450] t/d=1714.500 | task1=3.979439e-01 | task2=2.255756e-01 | F1=1.757846e-01 | m1²=0.003243 | m2²=0.985690 | eps_w1=2.221658e+00 | eps_w2=5.581672e-02
[step   171500] t/d=1715.000 | task1=3.980898e-01 | task2=2.256215e-01 | F1=1.759305e-01 | m1²=0.003316 | m2²=0.985467 | eps_w1=2.225240e+00 | eps_w2=5.691663e-02
[step   171550] t/d=1715.500 | task1=3.980483e-01 | task2=2.256761e-01 | F1=1.758889e-01 | m1²=0.003269 | m2²=0.985586 | eps_w1=2.222933e+00 | eps_w2=5.626421e-02
[step   171600] t/d=1716.000 | task1=3.978656e-01 | task2=2.257418e-01 | F1=1.757063e-01 | m1²=0.003259 | m2²=0.985682 | eps_w1=2.219718e+00 | eps_w2=5.553988e-02
[step   171650] t/d=1716.500 | task1=3.979780e-01 | task2=2.256936e-01 | F1=1.758186e-01 | m1²=0.003242 | m2²=0.985507 | eps_w1=2.221769e+00 | eps_w2=5.625538e-02
[step   171700] t/d=1717.000 | task1=3.978230e-01 | task2=2.256822e-01 | F1=1.756637e-01 | m1²=0.003271 | m2²=0.985523 | eps_w1=2.219325e+00 | eps_w2=5.585003e-02
[step   171750] t/d=1717.500 | task1=3.980352e-01 | task2=2.257190e-01 | F1=1.758758e-01 | m1²=0.003184 | m2²=0.985552 | eps_w1=2.223152e+00 | eps_w2=5.634630e-02
[step   171800] t/d=1718.000 | task1=3.982310e-01 | task2=2.257329e-01 | F1=1.760717e-01 | m1²=0.003154 | m2²=0.985488 | eps_w1=2.226868e+00 | eps_w2=5.706737e-02
[step   171850] t/d=1718.500 | task1=3.981679e-01 | task2=2.257603e-01 | F1=1.760086e-01 | m1²=0.003181 | m2²=0.985300 | eps_w1=2.225615e+00 | eps_w2=5.731223e-02
[step   171900] t/d=1719.000 | task1=3.981530e-01 | task2=2.258286e-01 | F1=1.759937e-01 | m1²=0.003090 | m2²=0.985268 | eps_w1=2.224912e+00 | eps_w2=5.724510e-02
[step   171950] t/d=1719.500 | task1=3.983393e-01 | task2=2.258638e-01 | F1=1.761800e-01 | m1²=0.003114 | m2²=0.985136 | eps_w1=2.229408e+00 | eps_w2=5.826669e-02
[step   172000] t/d=1720.000 | task1=3.985869e-01 | task2=2.258396e-01 | F1=1.764275e-01 | m1²=0.003057 | m2²=0.985041 | eps_w1=2.233863e+00 | eps_w2=5.917833e-02
[step   172050] t/d=1720.500 | task1=3.985409e-01 | task2=2.258567e-01 | F1=1.763815e-01 | m1²=0.003020 | m2²=0.984959 | eps_w1=2.232182e+00 | eps_w2=5.908649e-02
[step   172100] t/d=1721.000 | task1=3.985224e-01 | task2=2.258741e-01 | F1=1.763631e-01 | m1²=0.002977 | m2²=0.984959 | eps_w1=2.230171e+00 | eps_w2=5.874900e-02
[step   172150] t/d=1721.500 | task1=3.985195e-01 | task2=2.259311e-01 | F1=1.763602e-01 | m1²=0.002930 | m2²=0.984763 | eps_w1=2.232373e+00 | eps_w2=5.953698e-02
[step   172200] t/d=1722.000 | task1=3.987153e-01 | task2=2.259133e-01 | F1=1.765560e-01 | m1²=0.002903 | m2²=0.984835 | eps_w1=2.235137e+00 | eps_w2=5.980457e-02
[step   172250] t/d=1722.500 | task1=3.988456e-01 | task2=2.258173e-01 | F1=1.766863e-01 | m1²=0.002846 | m2²=0.984896 | eps_w1=2.237091e+00 | eps_w2=5.995797e-02
[step   172300] t/d=1723.000 | task1=3.989639e-01 | task2=2.257600e-01 | F1=1.768045e-01 | m1²=0.002915 | m2²=0.984853 | eps_w1=2.238958e+00 | eps_w2=6.038673e-02
[step   172350] t/d=1723.500 | task1=3.988816e-01 | task2=2.257462e-01 | F1=1.767223e-01 | m1²=0.002881 | m2²=0.984710 | eps_w1=2.237441e+00 | eps_w2=6.045942e-02
[step   172400] t/d=1724.000 | task1=3.989984e-01 | task2=2.257108e-01 | F1=1.768390e-01 | m1²=0.002795 | m2²=0.984664 | eps_w1=2.239979e+00 | eps_w2=6.094621e-02
[step   172450] t/d=1724.500 | task1=3.987269e-01 | task2=2.257075e-01 | F1=1.765676e-01 | m1²=0.002787 | m2²=0.984521 | eps_w1=2.234693e+00 | eps_w2=6.041862e-02
[step   172500] t/d=1725.000 | task1=3.985629e-01 | task2=2.257192e-01 | F1=1.764036e-01 | m1²=0.002687 | m2²=0.984647 | eps_w1=2.230541e+00 | eps_w2=5.942689e-02
[step   172550] t/d=1725.500 | task1=3.985703e-01 | task2=2.256969e-01 | F1=1.764110e-01 | m1²=0.002687 | m2²=0.984693 | eps_w1=2.230682e+00 | eps_w2=5.934245e-02
[step   172600] t/d=1726.000 | task1=3.986321e-01 | task2=2.257299e-01 | F1=1.764727e-01 | m1²=0.002646 | m2²=0.984853 | eps_w1=2.232201e+00 | eps_w2=5.920039e-02
[step   172650] t/d=1726.500 | task1=3.984935e-01 | task2=2.257204e-01 | F1=1.763341e-01 | m1²=0.002603 | m2²=0.984736 | eps_w1=2.230555e+00 | eps_w2=5.919434e-02
[step   172700] t/d=1727.000 | task1=3.984722e-01 | task2=2.257731e-01 | F1=1.763128e-01 | m1²=0.002555 | m2²=0.984658 | eps_w1=2.230420e+00 | eps_w2=5.933495e-02
[step   172750] t/d=1727.500 | task1=3.985510e-01 | task2=2.257863e-01 | F1=1.763916e-01 | m1²=0.002586 | m2²=0.984515 | eps_w1=2.232807e+00 | eps_w2=6.005766e-02
[step   172800] t/d=1728.000 | task1=3.984740e-01 | task2=2.257854e-01 | F1=1.763147e-01 | m1²=0.002628 | m2²=0.984425 | eps_w1=2.231751e+00 | eps_w2=6.011074e-02
[step   172850] t/d=1728.500 | task1=3.986159e-01 | task2=2.257747e-01 | F1=1.764566e-01 | m1²=0.002565 | m2²=0.984429 | eps_w1=2.235657e+00 | eps_w2=6.070776e-02
[step   172900] t/d=1729.000 | task1=3.985782e-01 | task2=2.257920e-01 | F1=1.764188e-01 | m1²=0.002682 | m2²=0.984613 | eps_w1=2.233271e+00 | eps_w2=5.993979e-02
[step   172950] t/d=1729.500 | task1=3.983739e-01 | task2=2.258396e-01 | F1=1.762146e-01 | m1²=0.002696 | m2²=0.984536 | eps_w1=2.229805e+00 | eps_w2=5.956840e-02
[step   173000] t/d=1730.000 | task1=3.984668e-01 | task2=2.258070e-01 | F1=1.763075e-01 | m1²=0.002663 | m2²=0.984416 | eps_w1=2.230477e+00 | eps_w2=5.994201e-02
[step   173050] t/d=1730.500 | task1=3.984918e-01 | task2=2.257875e-01 | F1=1.763325e-01 | m1²=0.002667 | m2²=0.984371 | eps_w1=2.231463e+00 | eps_w2=6.020396e-02
[step   173100] t/d=1731.000 | task1=3.984301e-01 | task2=2.258030e-01 | F1=1.762708e-01 | m1²=0.002734 | m2²=0.984637 | eps_w1=2.230407e+00 | eps_w2=5.944469e-02
[step   173150] t/d=1731.500 | task1=3.983141e-01 | task2=2.258187e-01 | F1=1.761547e-01 | m1²=0.002767 | m2²=0.984473 | eps_w1=2.229381e+00 | eps_w2=5.967242e-02
[step   173200] t/d=1732.000 | task1=3.983014e-01 | task2=2.257515e-01 | F1=1.761421e-01 | m1²=0.002785 | m2²=0.984480 | eps_w1=2.228826e+00 | eps_w2=5.957496e-02
[step   173250] t/d=1732.500 | task1=3.978521e-01 | task2=2.257220e-01 | F1=1.756928e-01 | m1²=0.002861 | m2²=0.984545 | eps_w1=2.219827e+00 | eps_w2=5.803652e-02
[step   173300] t/d=1733.000 | task1=3.978907e-01 | task2=2.257187e-01 | F1=1.757314e-01 | m1²=0.002866 | m2²=0.984485 | eps_w1=2.220522e+00 | eps_w2=5.828436e-02
[step   173350] t/d=1733.500 | task1=3.978520e-01 | task2=2.257006e-01 | F1=1.756927e-01 | m1²=0.002815 | m2²=0.984375 | eps_w1=2.218873e+00 | eps_w2=5.826328e-02
[step   173400] t/d=1734.000 | task1=3.976473e-01 | task2=2.257258e-01 | F1=1.754880e-01 | m1²=0.002881 | m2²=0.984239 | eps_w1=2.215103e+00 | eps_w2=5.801350e-02
[step   173450] t/d=1734.500 | task1=3.975991e-01 | task2=2.257215e-01 | F1=1.754398e-01 | m1²=0.002899 | m2²=0.984008 | eps_w1=2.215494e+00 | eps_w2=5.861150e-02
[step   173500] t/d=1735.000 | task1=3.975078e-01 | task2=2.256932e-01 | F1=1.753485e-01 | m1²=0.002972 | m2²=0.984154 | eps_w1=2.213407e+00 | eps_w2=5.797874e-02
[step   173550] t/d=1735.500 | task1=3.976361e-01 | task2=2.257233e-01 | F1=1.754767e-01 | m1²=0.002961 | m2²=0.984213 | eps_w1=2.216152e+00 | eps_w2=5.826236e-02
[step   173600] t/d=1736.000 | task1=3.977650e-01 | task2=2.256826e-01 | F1=1.756057e-01 | m1²=0.002978 | m2²=0.984313 | eps_w1=2.217733e+00 | eps_w2=5.828425e-02
[step   173650] t/d=1736.500 | task1=3.976917e-01 | task2=2.256503e-01 | F1=1.755324e-01 | m1²=0.002994 | m2²=0.984457 | eps_w1=2.216157e+00 | eps_w2=5.771562e-02
[step   173700] t/d=1737.000 | task1=3.976476e-01 | task2=2.256600e-01 | F1=1.754883e-01 | m1²=0.003018 | m2²=0.984169 | eps_w1=2.215620e+00 | eps_w2=5.830083e-02
[step   173750] t/d=1737.500 | task1=3.976615e-01 | task2=2.256904e-01 | F1=1.755022e-01 | m1²=0.003082 | m2²=0.983886 | eps_w1=2.216847e+00 | eps_w2=5.916256e-02
[step   173800] t/d=1738.000 | task1=3.976041e-01 | task2=2.256814e-01 | F1=1.754447e-01 | m1²=0.003061 | m2²=0.983847 | eps_w1=2.214945e+00 | eps_w2=5.895109e-02
[step   173850] t/d=1738.500 | task1=3.977858e-01 | task2=2.256936e-01 | F1=1.756265e-01 | m1²=0.003113 | m2²=0.983790 | eps_w1=2.219424e+00 | eps_w2=5.979503e-02
[step   173900] t/d=1739.000 | task1=3.977400e-01 | task2=2.256661e-01 | F1=1.755807e-01 | m1²=0.003124 | m2²=0.984070 | eps_w1=2.218570e+00 | eps_w2=5.902195e-02
[step   173950] t/d=1739.500 | task1=3.977553e-01 | task2=2.257143e-01 | F1=1.755960e-01 | m1²=0.003025 | m2²=0.983942 | eps_w1=2.218864e+00 | eps_w2=5.932875e-02
[step   174000] t/d=1740.000 | task1=3.978000e-01 | task2=2.257042e-01 | F1=1.756407e-01 | m1²=0.003069 | m2²=0.984179 | eps_w1=2.219410e+00 | eps_w2=5.888381e-02
[step   174050] t/d=1740.500 | task1=3.978297e-01 | task2=2.256837e-01 | F1=1.756704e-01 | m1²=0.003029 | m2²=0.984228 | eps_w1=2.220364e+00 | eps_w2=5.890575e-02
[step   174100] t/d=1741.000 | task1=3.979788e-01 | task2=2.256437e-01 | F1=1.758194e-01 | m1²=0.002863 | m2²=0.984303 | eps_w1=2.223306e+00 | eps_w2=5.913789e-02
[step   174150] t/d=1741.500 | task1=3.978446e-01 | task2=2.256433e-01 | F1=1.756852e-01 | m1²=0.002765 | m2²=0.984374 | eps_w1=2.219222e+00 | eps_w2=5.830198e-02
[step   174200] t/d=1742.000 | task1=3.979494e-01 | task2=2.256203e-01 | F1=1.757901e-01 | m1²=0.002707 | m2²=0.984408 | eps_w1=2.220653e+00 | eps_w2=5.842571e-02
[step   174250] t/d=1742.500 | task1=3.981325e-01 | task2=2.255834e-01 | F1=1.759732e-01 | m1²=0.002739 | m2²=0.984282 | eps_w1=2.225181e+00 | eps_w2=5.943627e-02
[step   174300] t/d=1743.000 | task1=3.980809e-01 | task2=2.255983e-01 | F1=1.759216e-01 | m1²=0.002649 | m2²=0.984410 | eps_w1=2.223238e+00 | eps_w2=5.880610e-02
[step   174350] t/d=1743.500 | task1=3.978685e-01 | task2=2.256521e-01 | F1=1.757091e-01 | m1²=0.002655 | m2²=0.984360 | eps_w1=2.218858e+00 | eps_w2=5.824018e-02
[step   174400] t/d=1744.000 | task1=3.981302e-01 | task2=2.256568e-01 | F1=1.759708e-01 | m1²=0.002631 | m2²=0.984148 | eps_w1=2.224904e+00 | eps_w2=5.966375e-02
[step   174450] t/d=1744.500 | task1=3.981324e-01 | task2=2.256209e-01 | F1=1.759731e-01 | m1²=0.002514 | m2²=0.984266 | eps_w1=2.221992e+00 | eps_w2=5.889526e-02
[step   174500] t/d=1745.000 | task1=3.980196e-01 | task2=2.256222e-01 | F1=1.758603e-01 | m1²=0.002499 | m2²=0.984318 | eps_w1=2.219491e+00 | eps_w2=5.838024e-02
[step   174550] t/d=1745.500 | task1=3.981428e-01 | task2=2.256291e-01 | F1=1.759835e-01 | m1²=0.002417 | m2²=0.984440 | eps_w1=2.221240e+00 | eps_w2=5.834325e-02
[step   174600] t/d=1746.000 | task1=3.980538e-01 | task2=2.255981e-01 | F1=1.758945e-01 | m1²=0.002392 | m2²=0.984612 | eps_w1=2.218787e+00 | eps_w2=5.755865e-02
[step   174650] t/d=1746.500 | task1=3.979647e-01 | task2=2.256745e-01 | F1=1.758054e-01 | m1²=0.002341 | m2²=0.984658 | eps_w1=2.216999e+00 | eps_w2=5.716135e-02
[step   174700] t/d=1747.000 | task1=3.982245e-01 | task2=2.256315e-01 | F1=1.760651e-01 | m1²=0.002366 | m2²=0.984622 | eps_w1=2.222212e+00 | eps_w2=5.805835e-02
[step   174750] t/d=1747.500 | task1=3.980376e-01 | task2=2.256395e-01 | F1=1.758782e-01 | m1²=0.002387 | m2²=0.984416 | eps_w1=2.219737e+00 | eps_w2=5.815524e-02
[step   174800] t/d=1748.000 | task1=3.980971e-01 | task2=2.256485e-01 | F1=1.759377e-01 | m1²=0.002418 | m2²=0.984494 | eps_w1=2.221494e+00 | eps_w2=5.826011e-02
[step   174850] t/d=1748.500 | task1=3.981024e-01 | task2=2.256248e-01 | F1=1.759431e-01 | m1²=0.002476 | m2²=0.984722 | eps_w1=2.220930e+00 | eps_w2=5.766791e-02
[step   174900] t/d=1749.000 | task1=3.980139e-01 | task2=2.256135e-01 | F1=1.758546e-01 | m1²=0.002583 | m2²=0.984702 | eps_w1=2.218226e+00 | eps_w2=5.733120e-02
[step   174950] t/d=1749.500 | task1=3.978395e-01 | task2=2.256092e-01 | F1=1.756802e-01 | m1²=0.002638 | m2²=0.984485 | eps_w1=2.215451e+00 | eps_w2=5.742022e-02
[step   175000] t/d=1750.000 | task1=3.979521e-01 | task2=2.256359e-01 | F1=1.757927e-01 | m1²=0.002522 | m2²=0.984376 | eps_w1=2.217445e+00 | eps_w2=5.793891e-02
[step   175050] t/d=1750.500 | task1=3.981754e-01 | task2=2.256407e-01 | F1=1.760161e-01 | m1²=0.002448 | m2²=0.984425 | eps_w1=2.221149e+00 | eps_w2=5.837580e-02
[step   175100] t/d=1751.000 | task1=3.980841e-01 | task2=2.256199e-01 | F1=1.759248e-01 | m1²=0.002466 | m2²=0.984572 | eps_w1=2.218093e+00 | eps_w2=5.756956e-02
[step   175150] t/d=1751.500 | task1=3.981199e-01 | task2=2.256116e-01 | F1=1.759606e-01 | m1²=0.002447 | m2²=0.984553 | eps_w1=2.218065e+00 | eps_w2=5.760267e-02
[step   175200] t/d=1752.000 | task1=3.980297e-01 | task2=2.255666e-01 | F1=1.758704e-01 | m1²=0.002464 | m2²=0.984360 | eps_w1=2.216691e+00 | eps_w2=5.783847e-02
[step   175250] t/d=1752.500 | task1=3.977939e-01 | task2=2.255505e-01 | F1=1.756346e-01 | m1²=0.002471 | m2²=0.984465 | eps_w1=2.212740e+00 | eps_w2=5.699564e-02
[step   175300] t/d=1753.000 | task1=3.980286e-01 | task2=2.255302e-01 | F1=1.758693e-01 | m1²=0.002553 | m2²=0.984575 | eps_w1=2.218052e+00 | eps_w2=5.758492e-02
[step   175350] t/d=1753.500 | task1=3.979248e-01 | task2=2.254354e-01 | F1=1.757655e-01 | m1²=0.002545 | m2²=0.984676 | eps_w1=2.215228e+00 | eps_w2=5.691577e-02
[step   175400] t/d=1754.000 | task1=3.978793e-01 | task2=2.254531e-01 | F1=1.757200e-01 | m1²=0.002616 | m2²=0.984741 | eps_w1=2.215238e+00 | eps_w2=5.679293e-02
[step   175450] t/d=1754.500 | task1=3.976309e-01 | task2=2.254224e-01 | F1=1.754715e-01 | m1²=0.002634 | m2²=0.984830 | eps_w1=2.209061e+00 | eps_w2=5.565577e-02
[step   175500] t/d=1755.000 | task1=3.977698e-01 | task2=2.253592e-01 | F1=1.756104e-01 | m1²=0.002675 | m2²=0.984870 | eps_w1=2.211570e+00 | eps_w2=5.595671e-02
[step   175550] t/d=1755.500 | task1=3.977357e-01 | task2=2.253835e-01 | F1=1.755763e-01 | m1²=0.002660 | m2²=0.984801 | eps_w1=2.211755e+00 | eps_w2=5.613802e-02
[step   175600] t/d=1756.000 | task1=3.978744e-01 | task2=2.253185e-01 | F1=1.757151e-01 | m1²=0.002657 | m2²=0.984793 | eps_w1=2.214448e+00 | eps_w2=5.656670e-02
[step   175650] t/d=1756.500 | task1=3.980046e-01 | task2=2.252994e-01 | F1=1.758453e-01 | m1²=0.002590 | m2²=0.984951 | eps_w1=2.215893e+00 | eps_w2=5.640133e-02
[step   175700] t/d=1757.000 | task1=3.979692e-01 | task2=2.252977e-01 | F1=1.758098e-01 | m1²=0.002617 | m2²=0.984747 | eps_w1=2.216447e+00 | eps_w2=5.696582e-02
[step   175750] t/d=1757.500 | task1=3.981026e-01 | task2=2.253370e-01 | F1=1.759433e-01 | m1²=0.002664 | m2²=0.984502 | eps_w1=2.218798e+00 | eps_w2=5.790596e-02
[step   175800] t/d=1758.000 | task1=3.982150e-01 | task2=2.253811e-01 | F1=1.760557e-01 | m1²=0.002752 | m2²=0.984475 | eps_w1=2.220732e+00 | eps_w2=5.830057e-02
[step   175850] t/d=1758.500 | task1=3.981667e-01 | task2=2.253834e-01 | F1=1.760073e-01 | m1²=0.002856 | m2²=0.984534 | eps_w1=2.220444e+00 | eps_w2=5.815471e-02
[step   175900] t/d=1759.000 | task1=3.983082e-01 | task2=2.254066e-01 | F1=1.761489e-01 | m1²=0.002780 | m2²=0.984638 | eps_w1=2.223775e+00 | eps_w2=5.840993e-02
[step   175950] t/d=1759.500 | task1=3.984319e-01 | task2=2.254007e-01 | F1=1.762725e-01 | m1²=0.002830 | m2²=0.984652 | eps_w1=2.227242e+00 | eps_w2=5.894197e-02
[step   176000] t/d=1760.000 | task1=3.984525e-01 | task2=2.253608e-01 | F1=1.762932e-01 | m1²=0.002822 | m2²=0.984624 | eps_w1=2.226620e+00 | eps_w2=5.890570e-02
[step   176050] t/d=1760.500 | task1=3.984492e-01 | task2=2.253851e-01 | F1=1.762898e-01 | m1²=0.002838 | m2²=0.984600 | eps_w1=2.226660e+00 | eps_w2=5.897187e-02
[step   176100] t/d=1761.000 | task1=3.986728e-01 | task2=2.253928e-01 | F1=1.765134e-01 | m1²=0.002854 | m2²=0.984630 | eps_w1=2.231191e+00 | eps_w2=5.962931e-02
[step   176150] t/d=1761.500 | task1=3.984552e-01 | task2=2.254059e-01 | F1=1.762958e-01 | m1²=0.002888 | m2²=0.984559 | eps_w1=2.226790e+00 | eps_w2=5.910489e-02
[step   176200] t/d=1762.000 | task1=3.984351e-01 | task2=2.254048e-01 | F1=1.762758e-01 | m1²=0.002944 | m2²=0.984551 | eps_w1=2.226734e+00 | eps_w2=5.913407e-02
[step   176250] t/d=1762.500 | task1=3.982339e-01 | task2=2.254180e-01 | F1=1.760746e-01 | m1²=0.003075 | m2²=0.984592 | eps_w1=2.224242e+00 | eps_w2=5.869253e-02
[step   176300] t/d=1763.000 | task1=3.982115e-01 | task2=2.254284e-01 | F1=1.760521e-01 | m1²=0.003131 | m2²=0.984736 | eps_w1=2.225082e+00 | eps_w2=5.851179e-02
[step   176350] t/d=1763.500 | task1=3.983998e-01 | task2=2.254265e-01 | F1=1.762405e-01 | m1²=0.003076 | m2²=0.984586 | eps_w1=2.229466e+00 | eps_w2=5.953326e-02
[step   176400] t/d=1764.000 | task1=3.985069e-01 | task2=2.254435e-01 | F1=1.763475e-01 | m1²=0.003062 | m2²=0.984571 | eps_w1=2.229741e+00 | eps_w2=5.960753e-02
[step   176450] t/d=1764.500 | task1=3.983798e-01 | task2=2.254731e-01 | F1=1.762205e-01 | m1²=0.002995 | m2²=0.984685 | eps_w1=2.225830e+00 | eps_w2=5.870119e-02
[step   176500] t/d=1765.000 | task1=3.982661e-01 | task2=2.254357e-01 | F1=1.761068e-01 | m1²=0.002873 | m2²=0.984906 | eps_w1=2.222091e+00 | eps_w2=5.756252e-02
[step   176550] t/d=1765.500 | task1=3.981833e-01 | task2=2.253979e-01 | F1=1.760240e-01 | m1²=0.002817 | m2²=0.984865 | eps_w1=2.219905e+00 | eps_w2=5.729565e-02
[step   176600] t/d=1766.000 | task1=3.980969e-01 | task2=2.253968e-01 | F1=1.759376e-01 | m1²=0.002952 | m2²=0.985074 | eps_w1=2.219394e+00 | eps_w2=5.678244e-02
[step   176650] t/d=1766.500 | task1=3.979248e-01 | task2=2.253803e-01 | F1=1.757655e-01 | m1²=0.002959 | m2²=0.984931 | eps_w1=2.217154e+00 | eps_w2=5.676729e-02
[step   176700] t/d=1767.000 | task1=3.976972e-01 | task2=2.253240e-01 | F1=1.755379e-01 | m1²=0.003008 | m2²=0.985185 | eps_w1=2.211234e+00 | eps_w2=5.529570e-02
[step   176750] t/d=1767.500 | task1=3.977412e-01 | task2=2.253517e-01 | F1=1.755819e-01 | m1²=0.003055 | m2²=0.985043 | eps_w1=2.213848e+00 | eps_w2=5.603439e-02
[step   176800] t/d=1768.000 | task1=3.975299e-01 | task2=2.253432e-01 | F1=1.753705e-01 | m1²=0.003002 | m2²=0.984972 | eps_w1=2.209281e+00 | eps_w2=5.548523e-02
[step   176850] t/d=1768.500 | task1=3.976631e-01 | task2=2.253806e-01 | F1=1.755038e-01 | m1²=0.002899 | m2²=0.985041 | eps_w1=2.211507e+00 | eps_w2=5.562977e-02
[step   176900] t/d=1769.000 | task1=3.975914e-01 | task2=2.253930e-01 | F1=1.754321e-01 | m1²=0.002883 | m2²=0.985096 | eps_w1=2.209860e+00 | eps_w2=5.524840e-02
[step   176950] t/d=1769.500 | task1=3.976663e-01 | task2=2.254236e-01 | F1=1.755069e-01 | m1²=0.002862 | m2²=0.985123 | eps_w1=2.212167e+00 | eps_w2=5.553017e-02
[step   177000] t/d=1770.000 | task1=3.978975e-01 | task2=2.254178e-01 | F1=1.757382e-01 | m1²=0.002892 | m2²=0.984914 | eps_w1=2.215359e+00 | eps_w2=5.650752e-02
[step   177050] t/d=1770.500 | task1=3.978914e-01 | task2=2.254075e-01 | F1=1.757321e-01 | m1²=0.002957 | m2²=0.984959 | eps_w1=2.215696e+00 | eps_w2=5.647763e-02
[step   177100] t/d=1771.000 | task1=3.976430e-01 | task2=2.254402e-01 | F1=1.754836e-01 | m1²=0.003049 | m2²=0.984913 | eps_w1=2.211246e+00 | eps_w2=5.593387e-02
[step   177150] t/d=1771.500 | task1=3.974202e-01 | task2=2.254451e-01 | F1=1.752609e-01 | m1²=0.003035 | m2²=0.984849 | eps_w1=2.207943e+00 | eps_w2=5.557563e-02
[step   177200] t/d=1772.000 | task1=3.972665e-01 | task2=2.254872e-01 | F1=1.751072e-01 | m1²=0.003061 | m2²=0.984718 | eps_w1=2.206154e+00 | eps_w2=5.561511e-02
[step   177250] t/d=1772.500 | task1=3.974223e-01 | task2=2.254808e-01 | F1=1.752630e-01 | m1²=0.003053 | m2²=0.984699 | eps_w1=2.209860e+00 | eps_w2=5.621495e-02
[step   177300] t/d=1773.000 | task1=3.974022e-01 | task2=2.254611e-01 | F1=1.752429e-01 | m1²=0.003107 | m2²=0.984793 | eps_w1=2.209388e+00 | eps_w2=5.594773e-02
[step   177350] t/d=1773.500 | task1=3.973836e-01 | task2=2.254441e-01 | F1=1.752243e-01 | m1²=0.003051 | m2²=0.984961 | eps_w1=2.207123e+00 | eps_w2=5.520068e-02
[step   177400] t/d=1774.000 | task1=3.971845e-01 | task2=2.254417e-01 | F1=1.750252e-01 | m1²=0.003162 | m2²=0.984792 | eps_w1=2.203453e+00 | eps_w2=5.507399e-02
[step   177450] t/d=1774.500 | task1=3.969252e-01 | task2=2.254472e-01 | F1=1.747659e-01 | m1²=0.003097 | m2²=0.984782 | eps_w1=2.198655e+00 | eps_w2=5.436508e-02
[step   177500] t/d=1775.000 | task1=3.968408e-01 | task2=2.254198e-01 | F1=1.746815e-01 | m1²=0.003136 | m2²=0.984704 | eps_w1=2.196317e+00 | eps_w2=5.421034e-02
[step   177550] t/d=1775.500 | task1=3.969907e-01 | task2=2.254313e-01 | F1=1.748313e-01 | m1²=0.003168 | m2²=0.984468 | eps_w1=2.199152e+00 | eps_w2=5.517655e-02
[step   177600] t/d=1776.000 | task1=3.969053e-01 | task2=2.254536e-01 | F1=1.747460e-01 | m1²=0.003198 | m2²=0.984575 | eps_w1=2.198003e+00 | eps_w2=5.477328e-02
[step   177650] t/d=1776.500 | task1=3.967589e-01 | task2=2.254060e-01 | F1=1.745996e-01 | m1²=0.003305 | m2²=0.984543 | eps_w1=2.194776e+00 | eps_w2=5.440627e-02
[step   177700] t/d=1777.000 | task1=3.965833e-01 | task2=2.254266e-01 | F1=1.744239e-01 | m1²=0.003291 | m2²=0.984523 | eps_w1=2.192703e+00 | eps_w2=5.414347e-02
[step   177750] t/d=1777.500 | task1=3.965791e-01 | task2=2.253522e-01 | F1=1.744197e-01 | m1²=0.003271 | m2²=0.984541 | eps_w1=2.191523e+00 | eps_w2=5.392621e-02
[step   177800] t/d=1778.000 | task1=3.965281e-01 | task2=2.253947e-01 | F1=1.743688e-01 | m1²=0.003281 | m2²=0.984723 | eps_w1=2.189983e+00 | eps_w2=5.329292e-02
[step   177850] t/d=1778.500 | task1=3.966756e-01 | task2=2.253363e-01 | F1=1.745162e-01 | m1²=0.003313 | m2²=0.984852 | eps_w1=2.191827e+00 | eps_w2=5.327606e-02
[step   177900] t/d=1779.000 | task1=3.966602e-01 | task2=2.253755e-01 | F1=1.745008e-01 | m1²=0.003407 | m2²=0.984523 | eps_w1=2.191968e+00 | eps_w2=5.407343e-02
[step   177950] t/d=1779.500 | task1=3.968026e-01 | task2=2.253679e-01 | F1=1.746432e-01 | m1²=0.003373 | m2²=0.984558 | eps_w1=2.194348e+00 | eps_w2=5.433079e-02
[step   178000] t/d=1780.000 | task1=3.966029e-01 | task2=2.253238e-01 | F1=1.744436e-01 | m1²=0.003309 | m2²=0.984583 | eps_w1=2.189820e+00 | eps_w2=5.359568e-02
[step   178050] t/d=1780.500 | task1=3.967583e-01 | task2=2.253383e-01 | F1=1.745990e-01 | m1²=0.003276 | m2²=0.984383 | eps_w1=2.191741e+00 | eps_w2=5.431766e-02
[step   178100] t/d=1781.000 | task1=3.968280e-01 | task2=2.253106e-01 | F1=1.746687e-01 | m1²=0.003247 | m2²=0.984413 | eps_w1=2.193084e+00 | eps_w2=5.443653e-02
[step   178150] t/d=1781.500 | task1=3.967427e-01 | task2=2.253363e-01 | F1=1.745834e-01 | m1²=0.003320 | m2²=0.984562 | eps_w1=2.191091e+00 | eps_w2=5.383113e-02
[step   178200] t/d=1782.000 | task1=3.966125e-01 | task2=2.253861e-01 | F1=1.744532e-01 | m1²=0.003259 | m2²=0.984567 | eps_w1=2.189378e+00 | eps_w2=5.355148e-02
[step   178250] t/d=1782.500 | task1=3.966815e-01 | task2=2.254203e-01 | F1=1.745222e-01 | m1²=0.003189 | m2²=0.984661 | eps_w1=2.189894e+00 | eps_w2=5.339103e-02
[step   178300] t/d=1783.000 | task1=3.965376e-01 | task2=2.253588e-01 | F1=1.743782e-01 | m1²=0.003177 | m2²=0.984721 | eps_w1=2.186835e+00 | eps_w2=5.281206e-02
[step   178350] t/d=1783.500 | task1=3.968125e-01 | task2=2.253454e-01 | F1=1.746531e-01 | m1²=0.003128 | m2²=0.984932 | eps_w1=2.190881e+00 | eps_w2=5.289932e-02
[step   178400] t/d=1784.000 | task1=3.967772e-01 | task2=2.253334e-01 | F1=1.746178e-01 | m1²=0.003107 | m2²=0.984966 | eps_w1=2.189581e+00 | eps_w2=5.262668e-02
[step   178450] t/d=1784.500 | task1=3.967783e-01 | task2=2.253593e-01 | F1=1.746190e-01 | m1²=0.003132 | m2²=0.984834 | eps_w1=2.188399e+00 | eps_w2=5.276395e-02
[step   178500] t/d=1785.000 | task1=3.969145e-01 | task2=2.253727e-01 | F1=1.747551e-01 | m1²=0.003092 | m2²=0.985073 | eps_w1=2.190575e+00 | eps_w2=5.252178e-02
[step   178550] t/d=1785.500 | task1=3.970105e-01 | task2=2.253433e-01 | F1=1.748512e-01 | m1²=0.003084 | m2²=0.985125 | eps_w1=2.192610e+00 | eps_w2=5.269591e-02
[step   178600] t/d=1786.000 | task1=3.971671e-01 | task2=2.253415e-01 | F1=1.750078e-01 | m1²=0.002994 | m2²=0.985236 | eps_w1=2.195114e+00 | eps_w2=5.277716e-02
[step   178650] t/d=1786.500 | task1=3.971782e-01 | task2=2.253279e-01 | F1=1.750189e-01 | m1²=0.003006 | m2²=0.985213 | eps_w1=2.195335e+00 | eps_w2=5.286479e-02
[step   178700] t/d=1787.000 | task1=3.972851e-01 | task2=2.253883e-01 | F1=1.751258e-01 | m1²=0.002978 | m2²=0.985373 | eps_w1=2.197933e+00 | eps_w2=5.287150e-02
[step   178750] t/d=1787.500 | task1=3.972038e-01 | task2=2.253879e-01 | F1=1.750444e-01 | m1²=0.002955 | m2²=0.985494 | eps_w1=2.194469e+00 | eps_w2=5.208308e-02
[step   178800] t/d=1788.000 | task1=3.972446e-01 | task2=2.254273e-01 | F1=1.750852e-01 | m1²=0.002907 | m2²=0.985318 | eps_w1=2.196392e+00 | eps_w2=5.274800e-02
[step   178850] t/d=1788.500 | task1=3.974231e-01 | task2=2.254402e-01 | F1=1.752638e-01 | m1²=0.002872 | m2²=0.985214 | eps_w1=2.198445e+00 | eps_w2=5.327515e-02
[step   178900] t/d=1789.000 | task1=3.974051e-01 | task2=2.254003e-01 | F1=1.752458e-01 | m1²=0.002946 | m2²=0.985251 | eps_w1=2.197916e+00 | eps_w2=5.313627e-02
[step   178950] t/d=1789.500 | task1=3.974595e-01 | task2=2.254009e-01 | F1=1.753002e-01 | m1²=0.002990 | m2²=0.985301 | eps_w1=2.199718e+00 | eps_w2=5.330224e-02
[step   179000] t/d=1790.000 | task1=3.977472e-01 | task2=2.254398e-01 | F1=1.755879e-01 | m1²=0.003059 | m2²=0.985207 | eps_w1=2.205475e+00 | eps_w2=5.439401e-02
[step   179050] t/d=1790.500 | task1=3.977763e-01 | task2=2.254448e-01 | F1=1.756170e-01 | m1²=0.003032 | m2²=0.985443 | eps_w1=2.205151e+00 | eps_w2=5.379657e-02
[step   179100] t/d=1791.000 | task1=3.976921e-01 | task2=2.254357e-01 | F1=1.755327e-01 | m1²=0.003061 | m2²=0.985339 | eps_w1=2.203910e+00 | eps_w2=5.385947e-02
[step   179150] t/d=1791.500 | task1=3.977062e-01 | task2=2.254294e-01 | F1=1.755468e-01 | m1²=0.003051 | m2²=0.985377 | eps_w1=2.203446e+00 | eps_w2=5.370039e-02
[step   179200] t/d=1792.000 | task1=3.978493e-01 | task2=2.254189e-01 | F1=1.756900e-01 | m1²=0.003020 | m2²=0.985424 | eps_w1=2.206613e+00 | eps_w2=5.405451e-02
[step   179250] t/d=1792.500 | task1=3.976726e-01 | task2=2.254242e-01 | F1=1.755133e-01 | m1²=0.003053 | m2²=0.985329 | eps_w1=2.203975e+00 | eps_w2=5.388987e-02
[step   179300] t/d=1793.000 | task1=3.976765e-01 | task2=2.254375e-01 | F1=1.755172e-01 | m1²=0.002978 | m2²=0.985378 | eps_w1=2.204118e+00 | eps_w2=5.377311e-02
[step   179350] t/d=1793.500 | task1=3.976636e-01 | task2=2.254148e-01 | F1=1.755043e-01 | m1²=0.003009 | m2²=0.985229 | eps_w1=2.204478e+00 | eps_w2=5.417782e-02
[step   179400] t/d=1794.000 | task1=3.978193e-01 | task2=2.254008e-01 | F1=1.756600e-01 | m1²=0.003059 | m2²=0.985258 | eps_w1=2.206621e+00 | eps_w2=5.444963e-02
[step   179450] t/d=1794.500 | task1=3.980388e-01 | task2=2.254325e-01 | F1=1.758795e-01 | m1²=0.003044 | m2²=0.985355 | eps_w1=2.211484e+00 | eps_w2=5.495652e-02
[step   179500] t/d=1795.000 | task1=3.980709e-01 | task2=2.254389e-01 | F1=1.759115e-01 | m1²=0.003093 | m2²=0.985289 | eps_w1=2.212691e+00 | eps_w2=5.530674e-02
[step   179550] t/d=1795.500 | task1=3.977964e-01 | task2=2.254035e-01 | F1=1.756370e-01 | m1²=0.003138 | m2²=0.985505 | eps_w1=2.207840e+00 | eps_w2=5.409329e-02
[step   179600] t/d=1796.000 | task1=3.977198e-01 | task2=2.253662e-01 | F1=1.755605e-01 | m1²=0.003132 | m2²=0.985466 | eps_w1=2.204394e+00 | eps_w2=5.366492e-02
[step   179650] t/d=1796.500 | task1=3.976683e-01 | task2=2.253532e-01 | F1=1.755089e-01 | m1²=0.003144 | m2²=0.985430 | eps_w1=2.203089e+00 | eps_w2=5.355536e-02
[step   179700] t/d=1797.000 | task1=3.977636e-01 | task2=2.253428e-01 | F1=1.756042e-01 | m1²=0.003093 | m2²=0.985607 | eps_w1=2.203667e+00 | eps_w2=5.322007e-02
[step   179750] t/d=1797.500 | task1=3.978069e-01 | task2=2.253692e-01 | F1=1.756476e-01 | m1²=0.003142 | m2²=0.985576 | eps_w1=2.204341e+00 | eps_w2=5.340756e-02
[step   179800] t/d=1798.000 | task1=3.976679e-01 | task2=2.254076e-01 | F1=1.755085e-01 | m1²=0.003071 | m2²=0.985364 | eps_w1=2.202824e+00 | eps_w2=5.364407e-02
[step   179850] t/d=1798.500 | task1=3.977436e-01 | task2=2.254163e-01 | F1=1.755842e-01 | m1²=0.003070 | m2²=0.985414 | eps_w1=2.203749e+00 | eps_w2=5.366786e-02
[step   179900] t/d=1799.000 | task1=3.977313e-01 | task2=2.253735e-01 | F1=1.755720e-01 | m1²=0.003188 | m2²=0.985313 | eps_w1=2.203715e+00 | eps_w2=5.393154e-02
[step   179950] t/d=1799.500 | task1=3.975773e-01 | task2=2.253360e-01 | F1=1.754179e-01 | m1²=0.003193 | m2²=0.985601 | eps_w1=2.200204e+00 | eps_w2=5.275428e-02
[step   180000] t/d=1800.000 | task1=3.976405e-01 | task2=2.253046e-01 | F1=1.754812e-01 | m1²=0.003172 | m2²=0.985594 | eps_w1=2.200119e+00 | eps_w2=5.275239e-02
[step   180050] t/d=1800.500 | task1=3.978173e-01 | task2=2.253040e-01 | F1=1.756580e-01 | m1²=0.003134 | m2²=0.985403 | eps_w1=2.202954e+00 | eps_w2=5.359443e-02
[step   180100] t/d=1801.000 | task1=3.978411e-01 | task2=2.253320e-01 | F1=1.756817e-01 | m1²=0.003161 | m2²=0.985208 | eps_w1=2.204540e+00 | eps_w2=5.428485e-02
[step   180150] t/d=1801.500 | task1=3.980217e-01 | task2=2.252761e-01 | F1=1.758624e-01 | m1²=0.003139 | m2²=0.985328 | eps_w1=2.207536e+00 | eps_w2=5.445349e-02
[step   180200] t/d=1802.000 | task1=3.980223e-01 | task2=2.252534e-01 | F1=1.758630e-01 | m1²=0.003135 | m2²=0.985360 | eps_w1=2.208615e+00 | eps_w2=5.454001e-02
[step   180250] t/d=1802.500 | task1=3.977475e-01 | task2=2.253054e-01 | F1=1.755882e-01 | m1²=0.003043 | m2²=0.985246 | eps_w1=2.203102e+00 | eps_w2=5.394585e-02
[step   180300] t/d=1803.000 | task1=3.973508e-01 | task2=2.253213e-01 | F1=1.751914e-01 | m1²=0.003102 | m2²=0.985056 | eps_w1=2.196432e+00 | eps_w2=5.341431e-02
[step   180350] t/d=1803.500 | task1=3.973888e-01 | task2=2.253151e-01 | F1=1.752295e-01 | m1²=0.003125 | m2²=0.984818 | eps_w1=2.199488e+00 | eps_w2=5.441459e-02
[step   180400] t/d=1804.000 | task1=3.973852e-01 | task2=2.252958e-01 | F1=1.752258e-01 | m1²=0.003134 | m2²=0.984757 | eps_w1=2.199992e+00 | eps_w2=5.462987e-02
[step   180450] t/d=1804.500 | task1=3.976600e-01 | task2=2.253058e-01 | F1=1.755007e-01 | m1²=0.003159 | m2²=0.984787 | eps_w1=2.204219e+00 | eps_w2=5.519824e-02
[step   180500] t/d=1805.000 | task1=3.974978e-01 | task2=2.253362e-01 | F1=1.753384e-01 | m1²=0.003265 | m2²=0.984881 | eps_w1=2.203050e+00 | eps_w2=5.484419e-02
[step   180550] t/d=1805.500 | task1=3.974137e-01 | task2=2.253521e-01 | F1=1.752543e-01 | m1²=0.003299 | m2²=0.984923 | eps_w1=2.200651e+00 | eps_w2=5.440362e-02
[step   180600] t/d=1806.000 | task1=3.973156e-01 | task2=2.253407e-01 | F1=1.751563e-01 | m1²=0.003253 | m2²=0.985129 | eps_w1=2.199785e+00 | eps_w2=5.378973e-02
[step   180650] t/d=1806.500 | task1=3.972143e-01 | task2=2.252937e-01 | F1=1.750550e-01 | m1²=0.003226 | m2²=0.985081 | eps_w1=2.197798e+00 | eps_w2=5.359845e-02
[step   180700] t/d=1807.000 | task1=3.973782e-01 | task2=2.252991e-01 | F1=1.752189e-01 | m1²=0.003186 | m2²=0.984998 | eps_w1=2.200422e+00 | eps_w2=5.416050e-02
[step   180750] t/d=1807.500 | task1=3.973036e-01 | task2=2.252747e-01 | F1=1.751443e-01 | m1²=0.003118 | m2²=0.985146 | eps_w1=2.197652e+00 | eps_w2=5.339278e-02
[step   180800] t/d=1808.000 | task1=3.975020e-01 | task2=2.252860e-01 | F1=1.753426e-01 | m1²=0.003096 | m2²=0.985205 | eps_w1=2.200591e+00 | eps_w2=5.368440e-02
[step   180850] t/d=1808.500 | task1=3.973464e-01 | task2=2.253074e-01 | F1=1.751871e-01 | m1²=0.003118 | m2²=0.985181 | eps_w1=2.198790e+00 | eps_w2=5.347985e-02
[step   180900] t/d=1809.000 | task1=3.973294e-01 | task2=2.252783e-01 | F1=1.751700e-01 | m1²=0.003224 | m2²=0.985024 | eps_w1=2.198713e+00 | eps_w2=5.386068e-02
[step   180950] t/d=1809.500 | task1=3.972912e-01 | task2=2.252541e-01 | F1=1.751319e-01 | m1²=0.003203 | m2²=0.984988 | eps_w1=2.198598e+00 | eps_w2=5.392088e-02
[step   181000] t/d=1810.000 | task1=3.975909e-01 | task2=2.252471e-01 | F1=1.754315e-01 | m1²=0.003062 | m2²=0.985132 | eps_w1=2.203687e+00 | eps_w2=5.429903e-02
[step   181050] t/d=1810.500 | task1=3.976534e-01 | task2=2.252165e-01 | F1=1.754940e-01 | m1²=0.003016 | m2²=0.985331 | eps_w1=2.204678e+00 | eps_w2=5.397723e-02
[step   181100] t/d=1811.000 | task1=3.976411e-01 | task2=2.251746e-01 | F1=1.754818e-01 | m1²=0.003102 | m2²=0.985046 | eps_w1=2.205223e+00 | eps_w2=5.473840e-02
[step   181150] t/d=1811.500 | task1=3.975721e-01 | task2=2.251386e-01 | F1=1.754128e-01 | m1²=0.003127 | m2²=0.984992 | eps_w1=2.203411e+00 | eps_w2=5.460009e-02
[step   181200] t/d=1812.000 | task1=3.976383e-01 | task2=2.251586e-01 | F1=1.754789e-01 | m1²=0.003192 | m2²=0.984943 | eps_w1=2.205265e+00 | eps_w2=5.501110e-02
[step   181250] t/d=1812.500 | task1=3.976812e-01 | task2=2.251748e-01 | F1=1.755219e-01 | m1²=0.003187 | m2²=0.985004 | eps_w1=2.205804e+00 | eps_w2=5.494945e-02
[step   181300] t/d=1813.000 | task1=3.977009e-01 | task2=2.251576e-01 | F1=1.755416e-01 | m1²=0.003171 | m2²=0.984987 | eps_w1=2.206409e+00 | eps_w2=5.507436e-02
[step   181350] t/d=1813.500 | task1=3.976553e-01 | task2=2.251091e-01 | F1=1.754960e-01 | m1²=0.003276 | m2²=0.985078 | eps_w1=2.204035e+00 | eps_w2=5.454507e-02
[step   181400] t/d=1814.000 | task1=3.976355e-01 | task2=2.251392e-01 | F1=1.754761e-01 | m1²=0.003313 | m2²=0.984885 | eps_w1=2.204481e+00 | eps_w2=5.506520e-02
[step   181450] t/d=1814.500 | task1=3.977893e-01 | task2=2.251269e-01 | F1=1.756299e-01 | m1²=0.003225 | m2²=0.984712 | eps_w1=2.206947e+00 | eps_w2=5.580161e-02
[step   181500] t/d=1815.000 | task1=3.975750e-01 | task2=2.251318e-01 | F1=1.754157e-01 | m1²=0.003162 | m2²=0.984660 | eps_w1=2.203501e+00 | eps_w2=5.538269e-02
[step   181550] t/d=1815.500 | task1=3.976010e-01 | task2=2.251666e-01 | F1=1.754417e-01 | m1²=0.003112 | m2²=0.984567 | eps_w1=2.204350e+00 | eps_w2=5.570560e-02
[step   181600] t/d=1816.000 | task1=3.974599e-01 | task2=2.252020e-01 | F1=1.753006e-01 | m1²=0.003211 | m2²=0.984599 | eps_w1=2.203613e+00 | eps_w2=5.555479e-02
[step   181650] t/d=1816.500 | task1=3.973691e-01 | task2=2.251804e-01 | F1=1.752098e-01 | m1²=0.003248 | m2²=0.984655 | eps_w1=2.202124e+00 | eps_w2=5.521690e-02
[step   181700] t/d=1817.000 | task1=3.975711e-01 | task2=2.251846e-01 | F1=1.754118e-01 | m1²=0.003147 | m2²=0.984802 | eps_w1=2.205079e+00 | eps_w2=5.528893e-02
[step   181750] t/d=1817.500 | task1=3.976368e-01 | task2=2.251944e-01 | F1=1.754775e-01 | m1²=0.003023 | m2²=0.984723 | eps_w1=2.205898e+00 | eps_w2=5.555241e-02
[step   181800] t/d=1818.000 | task1=3.978239e-01 | task2=2.251817e-01 | F1=1.756646e-01 | m1²=0.002948 | m2²=0.984634 | eps_w1=2.210930e+00 | eps_w2=5.649218e-02
[step   181850] t/d=1818.500 | task1=3.977531e-01 | task2=2.252423e-01 | F1=1.755937e-01 | m1²=0.002981 | m2²=0.984379 | eps_w1=2.210563e+00 | eps_w2=5.703120e-02
[step   181900] t/d=1819.000 | task1=3.979858e-01 | task2=2.252444e-01 | F1=1.758265e-01 | m1²=0.002883 | m2²=0.984268 | eps_w1=2.215648e+00 | eps_w2=5.803146e-02
[step   181950] t/d=1819.500 | task1=3.980020e-01 | task2=2.252411e-01 | F1=1.758427e-01 | m1²=0.002989 | m2²=0.984180 | eps_w1=2.215468e+00 | eps_w2=5.824362e-02
[step   182000] t/d=1820.000 | task1=3.980332e-01 | task2=2.253026e-01 | F1=1.758739e-01 | m1²=0.002966 | m2²=0.983926 | eps_w1=2.216558e+00 | eps_w2=5.898734e-02
[step   182050] t/d=1820.500 | task1=3.981041e-01 | task2=2.253082e-01 | F1=1.759448e-01 | m1²=0.002968 | m2²=0.984114 | eps_w1=2.218844e+00 | eps_w2=5.890984e-02
[step   182100] t/d=1821.000 | task1=3.981531e-01 | task2=2.253594e-01 | F1=1.759938e-01 | m1²=0.002896 | m2²=0.984109 | eps_w1=2.219912e+00 | eps_w2=5.906287e-02
[step   182150] t/d=1821.500 | task1=3.982080e-01 | task2=2.253776e-01 | F1=1.760487e-01 | m1²=0.002867 | m2²=0.984103 | eps_w1=2.221611e+00 | eps_w2=5.933323e-02
[step   182200] t/d=1822.000 | task1=3.982423e-01 | task2=2.253705e-01 | F1=1.760829e-01 | m1²=0.002843 | m2²=0.984045 | eps_w1=2.223218e+00 | eps_w2=5.971057e-02
[step   182250] t/d=1822.500 | task1=3.982651e-01 | task2=2.253633e-01 | F1=1.761058e-01 | m1²=0.002877 | m2²=0.983930 | eps_w1=2.223436e+00 | eps_w2=6.002221e-02
[step   182300] t/d=1823.000 | task1=3.981371e-01 | task2=2.253811e-01 | F1=1.759778e-01 | m1²=0.002965 | m2²=0.983624 | eps_w1=2.222332e+00 | eps_w2=6.058170e-02
[step   182350] t/d=1823.500 | task1=3.983270e-01 | task2=2.254290e-01 | F1=1.761677e-01 | m1²=0.003034 | m2²=0.983670 | eps_w1=2.225108e+00 | eps_w2=6.093952e-02
[step   182400] t/d=1824.000 | task1=3.981925e-01 | task2=2.254442e-01 | F1=1.760332e-01 | m1²=0.003059 | m2²=0.983772 | eps_w1=2.222077e+00 | eps_w2=6.023447e-02
[step   182450] t/d=1824.500 | task1=3.982996e-01 | task2=2.254135e-01 | F1=1.761403e-01 | m1²=0.003136 | m2²=0.983762 | eps_w1=2.224027e+00 | eps_w2=6.059154e-02
[step   182500] t/d=1825.000 | task1=3.985556e-01 | task2=2.254765e-01 | F1=1.763962e-01 | m1²=0.002991 | m2²=0.984030 | eps_w1=2.227848e+00 | eps_w2=6.052877e-02
[step   182550] t/d=1825.500 | task1=3.985167e-01 | task2=2.255005e-01 | F1=1.763574e-01 | m1²=0.003031 | m2²=0.984221 | eps_w1=2.227081e+00 | eps_w2=5.998159e-02
[step   182600] t/d=1826.000 | task1=3.984746e-01 | task2=2.254994e-01 | F1=1.763153e-01 | m1²=0.002989 | m2²=0.984211 | eps_w1=2.225431e+00 | eps_w2=5.972703e-02
[step   182650] t/d=1826.500 | task1=3.984763e-01 | task2=2.255136e-01 | F1=1.763170e-01 | m1²=0.002976 | m2²=0.984180 | eps_w1=2.225231e+00 | eps_w2=5.976414e-02
[step   182700] t/d=1827.000 | task1=3.982742e-01 | task2=2.254868e-01 | F1=1.761148e-01 | m1²=0.003048 | m2²=0.984311 | eps_w1=2.221981e+00 | eps_w2=5.897426e-02
[step   182750] t/d=1827.500 | task1=3.980985e-01 | task2=2.254858e-01 | F1=1.759392e-01 | m1²=0.003134 | m2²=0.984489 | eps_w1=2.219066e+00 | eps_w2=5.813956e-02
[step   182800] t/d=1828.000 | task1=3.981292e-01 | task2=2.254205e-01 | F1=1.759699e-01 | m1²=0.003068 | m2²=0.984547 | eps_w1=2.220443e+00 | eps_w2=5.819809e-02
[step   182850] t/d=1828.500 | task1=3.983031e-01 | task2=2.253811e-01 | F1=1.761438e-01 | m1²=0.003127 | m2²=0.984633 | eps_w1=2.223360e+00 | eps_w2=5.847616e-02
[step   182900] t/d=1829.000 | task1=3.983196e-01 | task2=2.253658e-01 | F1=1.761602e-01 | m1²=0.003094 | m2²=0.984708 | eps_w1=2.223564e+00 | eps_w2=5.832599e-02
[step   182950] t/d=1829.500 | task1=3.983348e-01 | task2=2.253405e-01 | F1=1.761754e-01 | m1²=0.003090 | m2²=0.984723 | eps_w1=2.224853e+00 | eps_w2=5.849226e-02
[step   183000] t/d=1830.000 | task1=3.983676e-01 | task2=2.253680e-01 | F1=1.762083e-01 | m1²=0.003026 | m2²=0.984671 | eps_w1=2.226182e+00 | eps_w2=5.879781e-02
[step   183050] t/d=1830.500 | task1=3.985838e-01 | task2=2.253141e-01 | F1=1.764245e-01 | m1²=0.003050 | m2²=0.984918 | eps_w1=2.230106e+00 | eps_w2=5.885945e-02
[step   183100] t/d=1831.000 | task1=3.985202e-01 | task2=2.253224e-01 | F1=1.763609e-01 | m1²=0.003097 | m2²=0.984783 | eps_w1=2.228953e+00 | eps_w2=5.900448e-02
[step   183150] t/d=1831.500 | task1=3.984645e-01 | task2=2.253477e-01 | F1=1.763052e-01 | m1²=0.003080 | m2²=0.984706 | eps_w1=2.229412e+00 | eps_w2=5.925008e-02
[step   183200] t/d=1832.000 | task1=3.986882e-01 | task2=2.253642e-01 | F1=1.765289e-01 | m1²=0.002941 | m2²=0.984960 | eps_w1=2.233609e+00 | eps_w2=5.928344e-02
[step   183250] t/d=1832.500 | task1=3.986895e-01 | task2=2.253696e-01 | F1=1.765302e-01 | m1²=0.003087 | m2²=0.985023 | eps_w1=2.234591e+00 | eps_w2=5.934834e-02
[step   183300] t/d=1833.000 | task1=3.987370e-01 | task2=2.253469e-01 | F1=1.765777e-01 | m1²=0.003037 | m2²=0.985121 | eps_w1=2.235808e+00 | eps_w2=5.929853e-02
[step   183350] t/d=1833.500 | task1=3.987880e-01 | task2=2.253482e-01 | F1=1.766287e-01 | m1²=0.003058 | m2²=0.985194 | eps_w1=2.237452e+00 | eps_w2=5.940293e-02
[step   183400] t/d=1834.000 | task1=3.986406e-01 | task2=2.253825e-01 | F1=1.764813e-01 | m1²=0.003145 | m2²=0.985036 | eps_w1=2.234726e+00 | eps_w2=5.935972e-02
[step   183450] t/d=1834.500 | task1=3.985969e-01 | task2=2.253219e-01 | F1=1.764375e-01 | m1²=0.003173 | m2²=0.985093 | eps_w1=2.233783e+00 | eps_w2=5.908792e-02
[step   183500] t/d=1835.000 | task1=3.984900e-01 | task2=2.253403e-01 | F1=1.763306e-01 | m1²=0.003171 | m2²=0.985112 | eps_w1=2.232221e+00 | eps_w2=5.879142e-02
[step   183550] t/d=1835.500 | task1=3.985118e-01 | task2=2.253296e-01 | F1=1.763525e-01 | m1²=0.003120 | m2²=0.985058 | eps_w1=2.232338e+00 | eps_w2=5.891694e-02
[step   183600] t/d=1836.000 | task1=3.984302e-01 | task2=2.252993e-01 | F1=1.762709e-01 | m1²=0.003116 | m2²=0.985203 | eps_w1=2.232317e+00 | eps_w2=5.857675e-02
[step   183650] t/d=1836.500 | task1=3.984464e-01 | task2=2.253165e-01 | F1=1.762871e-01 | m1²=0.003096 | m2²=0.985323 | eps_w1=2.232290e+00 | eps_w2=5.828781e-02
[step   183700] t/d=1837.000 | task1=3.985301e-01 | task2=2.253347e-01 | F1=1.763708e-01 | m1²=0.003064 | m2²=0.985209 | eps_w1=2.235923e+00 | eps_w2=5.912400e-02
[step   183750] t/d=1837.500 | task1=3.985625e-01 | task2=2.253043e-01 | F1=1.764031e-01 | m1²=0.003003 | m2²=0.985183 | eps_w1=2.235381e+00 | eps_w2=5.907556e-02
[step   183800] t/d=1838.000 | task1=3.985310e-01 | task2=2.253436e-01 | F1=1.763717e-01 | m1²=0.003144 | m2²=0.985207 | eps_w1=2.234484e+00 | eps_w2=5.892587e-02
[step   183850] t/d=1838.500 | task1=3.986162e-01 | task2=2.253303e-01 | F1=1.764569e-01 | m1²=0.003113 | m2²=0.985300 | eps_w1=2.235766e+00 | eps_w2=5.890557e-02
[step   183900] t/d=1839.000 | task1=3.984598e-01 | task2=2.253406e-01 | F1=1.763005e-01 | m1²=0.003085 | m2²=0.985294 | eps_w1=2.233190e+00 | eps_w2=5.849581e-02
[step   183950] t/d=1839.500 | task1=3.985543e-01 | task2=2.253185e-01 | F1=1.763950e-01 | m1²=0.003066 | m2²=0.985343 | eps_w1=2.235231e+00 | eps_w2=5.870359e-02
[step   184000] t/d=1840.000 | task1=3.987644e-01 | task2=2.253142e-01 | F1=1.766051e-01 | m1²=0.003144 | m2²=0.985345 | eps_w1=2.238578e+00 | eps_w2=5.926741e-02
[step   184050] t/d=1840.500 | task1=3.987215e-01 | task2=2.252648e-01 | F1=1.765622e-01 | m1²=0.003089 | m2²=0.985448 | eps_w1=2.237509e+00 | eps_w2=5.883425e-02
[step   184100] t/d=1841.000 | task1=3.986250e-01 | task2=2.252353e-01 | F1=1.764657e-01 | m1²=0.003159 | m2²=0.985599 | eps_w1=2.236139e+00 | eps_w2=5.829009e-02
[step   184150] t/d=1841.500 | task1=3.986210e-01 | task2=2.252567e-01 | F1=1.764617e-01 | m1²=0.003209 | m2²=0.985596 | eps_w1=2.235987e+00 | eps_w2=5.828865e-02
[step   184200] t/d=1842.000 | task1=3.983727e-01 | task2=2.252719e-01 | F1=1.762134e-01 | m1²=0.003203 | m2²=0.985545 | eps_w1=2.230495e+00 | eps_w2=5.752626e-02
[step   184250] t/d=1842.500 | task1=3.981823e-01 | task2=2.252486e-01 | F1=1.760230e-01 | m1²=0.003188 | m2²=0.985482 | eps_w1=2.227041e+00 | eps_w2=5.712121e-02
[step   184300] t/d=1843.000 | task1=3.980403e-01 | task2=2.252588e-01 | F1=1.758809e-01 | m1²=0.003302 | m2²=0.985502 | eps_w1=2.225087e+00 | eps_w2=5.680572e-02
[step   184350] t/d=1843.500 | task1=3.979825e-01 | task2=2.252951e-01 | F1=1.758232e-01 | m1²=0.003376 | m2²=0.985478 | eps_w1=2.223612e+00 | eps_w2=5.665719e-02
[step   184400] t/d=1844.000 | task1=3.979260e-01 | task2=2.253194e-01 | F1=1.757667e-01 | m1²=0.003373 | m2²=0.985510 | eps_w1=2.221849e+00 | eps_w2=5.630552e-02
[step   184450] t/d=1844.500 | task1=3.980211e-01 | task2=2.252888e-01 | F1=1.758618e-01 | m1²=0.003481 | m2²=0.985609 | eps_w1=2.224454e+00 | eps_w2=5.652246e-02
[step   184500] t/d=1845.000 | task1=3.981065e-01 | task2=2.252727e-01 | F1=1.759472e-01 | m1²=0.003417 | m2²=0.985728 | eps_w1=2.225019e+00 | eps_w2=5.631462e-02
[step   184550] t/d=1845.500 | task1=3.981661e-01 | task2=2.252895e-01 | F1=1.760068e-01 | m1²=0.003506 | m2²=0.985743 | eps_w1=2.227212e+00 | eps_w2=5.665571e-02
[step   184600] t/d=1846.000 | task1=3.982101e-01 | task2=2.253362e-01 | F1=1.760508e-01 | m1²=0.003432 | m2²=0.985647 | eps_w1=2.227782e+00 | eps_w2=5.694223e-02
[step   184650] t/d=1846.500 | task1=3.981088e-01 | task2=2.253936e-01 | F1=1.759494e-01 | m1²=0.003316 | m2²=0.985586 | eps_w1=2.225697e+00 | eps_w2=5.671368e-02
[step   184700] t/d=1847.000 | task1=3.982802e-01 | task2=2.254050e-01 | F1=1.761209e-01 | m1²=0.003343 | m2²=0.985543 | eps_w1=2.229049e+00 | eps_w2=5.735185e-02
[step   184750] t/d=1847.500 | task1=3.983392e-01 | task2=2.254029e-01 | F1=1.761799e-01 | m1²=0.003323 | m2²=0.985717 | eps_w1=2.229509e+00 | eps_w2=5.701638e-02
[step   184800] t/d=1848.000 | task1=3.980790e-01 | task2=2.254304e-01 | F1=1.759196e-01 | m1²=0.003382 | m2²=0.985612 | eps_w1=2.224280e+00 | eps_w2=5.645413e-02
[step   184850] t/d=1848.500 | task1=3.979293e-01 | task2=2.254714e-01 | F1=1.757700e-01 | m1²=0.003437 | m2²=0.985548 | eps_w1=2.221390e+00 | eps_w2=5.616873e-02
[step   184900] t/d=1849.000 | task1=3.981499e-01 | task2=2.254965e-01 | F1=1.759906e-01 | m1²=0.003371 | m2²=0.985476 | eps_w1=2.225866e+00 | eps_w2=5.701404e-02
[step   184950] t/d=1849.500 | task1=3.981275e-01 | task2=2.254390e-01 | F1=1.759682e-01 | m1²=0.003323 | m2²=0.985556 | eps_w1=2.225361e+00 | eps_w2=5.673220e-02
[step   185000] t/d=1850.000 | task1=3.983471e-01 | task2=2.254241e-01 | F1=1.761877e-01 | m1²=0.003348 | m2²=0.985543 | eps_w1=2.229607e+00 | eps_w2=5.744234e-02
[step   185050] t/d=1850.500 | task1=3.982524e-01 | task2=2.254434e-01 | F1=1.760930e-01 | m1²=0.003352 | m2²=0.985618 | eps_w1=2.227147e+00 | eps_w2=5.688034e-02
[step   185100] t/d=1851.000 | task1=3.982345e-01 | task2=2.254224e-01 | F1=1.760752e-01 | m1²=0.003318 | m2²=0.985584 | eps_w1=2.228047e+00 | eps_w2=5.708952e-02
[step   185150] t/d=1851.500 | task1=3.980545e-01 | task2=2.254098e-01 | F1=1.758952e-01 | m1²=0.003219 | m2²=0.985339 | eps_w1=2.225611e+00 | eps_w2=5.723708e-02
[step   185200] t/d=1852.000 | task1=3.982070e-01 | task2=2.254183e-01 | F1=1.760477e-01 | m1²=0.003250 | m2²=0.985449 | eps_w1=2.228816e+00 | eps_w2=5.750009e-02
[step   185250] t/d=1852.500 | task1=3.981178e-01 | task2=2.254241e-01 | F1=1.759584e-01 | m1²=0.003286 | m2²=0.985259 | eps_w1=2.226723e+00 | eps_w2=5.761878e-02
[step   185300] t/d=1853.000 | task1=3.981915e-01 | task2=2.254412e-01 | F1=1.760322e-01 | m1²=0.003380 | m2²=0.985202 | eps_w1=2.227478e+00 | eps_w2=5.790221e-02
[step   185350] t/d=1853.500 | task1=3.982168e-01 | task2=2.254273e-01 | F1=1.760575e-01 | m1²=0.003381 | m2²=0.985075 | eps_w1=2.228166e+00 | eps_w2=5.830660e-02
[step   185400] t/d=1854.000 | task1=3.980503e-01 | task2=2.254381e-01 | F1=1.758910e-01 | m1²=0.003289 | m2²=0.985194 | eps_w1=2.224938e+00 | eps_w2=5.748863e-02
[step   185450] t/d=1854.500 | task1=3.981166e-01 | task2=2.254028e-01 | F1=1.759573e-01 | m1²=0.003230 | m2²=0.985485 | eps_w1=2.226155e+00 | eps_w2=5.698766e-02
[step   185500] t/d=1855.000 | task1=3.980098e-01 | task2=2.253837e-01 | F1=1.758505e-01 | m1²=0.003184 | m2²=0.985349 | eps_w1=2.222910e+00 | eps_w2=5.677658e-02
[step   185550] t/d=1855.500 | task1=3.981556e-01 | task2=2.253752e-01 | F1=1.759963e-01 | m1²=0.003173 | m2²=0.985337 | eps_w1=2.226168e+00 | eps_w2=5.731217e-02
[step   185600] t/d=1856.000 | task1=3.981626e-01 | task2=2.253711e-01 | F1=1.760032e-01 | m1²=0.003360 | m2²=0.985345 | eps_w1=2.225998e+00 | eps_w2=5.733196e-02
[step   185650] t/d=1856.500 | task1=3.982037e-01 | task2=2.253352e-01 | F1=1.760443e-01 | m1²=0.003371 | m2²=0.985479 | eps_w1=2.227026e+00 | eps_w2=5.718937e-02
[step   185700] t/d=1857.000 | task1=3.980679e-01 | task2=2.253110e-01 | F1=1.759085e-01 | m1²=0.003459 | m2²=0.985290 | eps_w1=2.225937e+00 | eps_w2=5.748368e-02
[step   185750] t/d=1857.500 | task1=3.981165e-01 | task2=2.253808e-01 | F1=1.759572e-01 | m1²=0.003434 | m2²=0.985061 | eps_w1=2.228703e+00 | eps_w2=5.844323e-02
[step   185800] t/d=1858.000 | task1=3.981718e-01 | task2=2.253444e-01 | F1=1.760125e-01 | m1²=0.003349 | m2²=0.984936 | eps_w1=2.229160e+00 | eps_w2=5.877401e-02
[step   185850] t/d=1858.500 | task1=3.982398e-01 | task2=2.253316e-01 | F1=1.760805e-01 | m1²=0.003477 | m2²=0.984884 | eps_w1=2.230841e+00 | eps_w2=5.920625e-02
[step   185900] t/d=1859.000 | task1=3.984426e-01 | task2=2.253144e-01 | F1=1.762832e-01 | m1²=0.003470 | m2²=0.984980 | eps_w1=2.234501e+00 | eps_w2=5.957039e-02
[step   185950] t/d=1859.500 | task1=3.984682e-01 | task2=2.253470e-01 | F1=1.763089e-01 | m1²=0.003338 | m2²=0.984984 | eps_w1=2.233411e+00 | eps_w2=5.933921e-02
[step   186000] t/d=1860.000 | task1=3.983400e-01 | task2=2.253593e-01 | F1=1.761807e-01 | m1²=0.003488 | m2²=0.984828 | eps_w1=2.232278e+00 | eps_w2=5.957079e-02
[step   186050] t/d=1860.500 | task1=3.984028e-01 | task2=2.253612e-01 | F1=1.762435e-01 | m1²=0.003454 | m2²=0.984737 | eps_w1=2.234295e+00 | eps_w2=6.009321e-02
[step   186100] t/d=1861.000 | task1=3.984857e-01 | task2=2.253285e-01 | F1=1.763263e-01 | m1²=0.003432 | m2²=0.984885 | eps_w1=2.235783e+00 | eps_w2=5.998462e-02
[step   186150] t/d=1861.500 | task1=3.984450e-01 | task2=2.253214e-01 | F1=1.762857e-01 | m1²=0.003254 | m2²=0.985242 | eps_w1=2.234686e+00 | eps_w2=5.891557e-02
[step   186200] t/d=1862.000 | task1=3.983763e-01 | task2=2.253585e-01 | F1=1.762170e-01 | m1²=0.003292 | m2²=0.985286 | eps_w1=2.232768e+00 | eps_w2=5.851932e-02
[step   186250] t/d=1862.500 | task1=3.984658e-01 | task2=2.253644e-01 | F1=1.763065e-01 | m1²=0.003281 | m2²=0.985057 | eps_w1=2.235491e+00 | eps_w2=5.948468e-02
[step   186300] t/d=1863.000 | task1=3.984192e-01 | task2=2.253469e-01 | F1=1.762599e-01 | m1²=0.003206 | m2²=0.985286 | eps_w1=2.234330e+00 | eps_w2=5.874016e-02
[step   186350] t/d=1863.500 | task1=3.984426e-01 | task2=2.253394e-01 | F1=1.762833e-01 | m1²=0.003118 | m2²=0.985278 | eps_w1=2.234982e+00 | eps_w2=5.883106e-02
[step   186400] t/d=1864.000 | task1=3.983696e-01 | task2=2.253097e-01 | F1=1.762102e-01 | m1²=0.003239 | m2²=0.985547 | eps_w1=2.234762e+00 | eps_w2=5.821642e-02
[step   186450] t/d=1864.500 | task1=3.983165e-01 | task2=2.253175e-01 | F1=1.761572e-01 | m1²=0.003201 | m2²=0.985359 | eps_w1=2.233888e+00 | eps_w2=5.849714e-02
[step   186500] t/d=1865.000 | task1=3.983336e-01 | task2=2.252857e-01 | F1=1.761743e-01 | m1²=0.003175 | m2²=0.985412 | eps_w1=2.233201e+00 | eps_w2=5.825558e-02
[step   186550] t/d=1865.500 | task1=3.983265e-01 | task2=2.252690e-01 | F1=1.761671e-01 | m1²=0.003130 | m2²=0.985360 | eps_w1=2.233161e+00 | eps_w2=5.835494e-02
[step   186600] t/d=1866.000 | task1=3.983742e-01 | task2=2.252906e-01 | F1=1.762148e-01 | m1²=0.003097 | m2²=0.985434 | eps_w1=2.234234e+00 | eps_w2=5.834222e-02
[step   186650] t/d=1866.500 | task1=3.982696e-01 | task2=2.253061e-01 | F1=1.761103e-01 | m1²=0.003138 | m2²=0.985385 | eps_w1=2.232397e+00 | eps_w2=5.817709e-02
[step   186700] t/d=1867.000 | task1=3.983281e-01 | task2=2.252722e-01 | F1=1.761687e-01 | m1²=0.003197 | m2²=0.985472 | eps_w1=2.233508e+00 | eps_w2=5.817326e-02
[step   186750] t/d=1867.500 | task1=3.984243e-01 | task2=2.252759e-01 | F1=1.762650e-01 | m1²=0.003187 | m2²=0.985511 | eps_w1=2.235809e+00 | eps_w2=5.844996e-02
[step   186800] t/d=1868.000 | task1=3.986244e-01 | task2=2.252767e-01 | F1=1.764651e-01 | m1²=0.003252 | m2²=0.985422 | eps_w1=2.239521e+00 | eps_w2=5.927910e-02
[step   186850] t/d=1868.500 | task1=3.985771e-01 | task2=2.252951e-01 | F1=1.764178e-01 | m1²=0.003246 | m2²=0.985552 | eps_w1=2.239520e+00 | eps_w2=5.897739e-02
[step   186900] t/d=1869.000 | task1=3.984801e-01 | task2=2.252978e-01 | F1=1.763208e-01 | m1²=0.003201 | m2²=0.985465 | eps_w1=2.237881e+00 | eps_w2=5.889524e-02
[step   186950] t/d=1869.500 | task1=3.983710e-01 | task2=2.253125e-01 | F1=1.762116e-01 | m1²=0.003157 | m2²=0.985473 | eps_w1=2.235288e+00 | eps_w2=5.844261e-02
[step   187000] t/d=1870.000 | task1=3.981169e-01 | task2=2.252450e-01 | F1=1.759576e-01 | m1²=0.003172 | m2²=0.985665 | eps_w1=2.230155e+00 | eps_w2=5.718563e-02
[step   187050] t/d=1870.500 | task1=3.979313e-01 | task2=2.252307e-01 | F1=1.757720e-01 | m1²=0.003198 | m2²=0.985648 | eps_w1=2.226826e+00 | eps_w2=5.670634e-02
[step   187100] t/d=1871.000 | task1=3.978763e-01 | task2=2.252371e-01 | F1=1.757170e-01 | m1²=0.003027 | m2²=0.985597 | eps_w1=2.224795e+00 | eps_w2=5.644488e-02
[step   187150] t/d=1871.500 | task1=3.981580e-01 | task2=2.252421e-01 | F1=1.759987e-01 | m1²=0.002863 | m2²=0.985371 | eps_w1=2.230402e+00 | eps_w2=5.779400e-02
[step   187200] t/d=1872.000 | task1=3.982250e-01 | task2=2.252686e-01 | F1=1.760657e-01 | m1²=0.002923 | m2²=0.985677 | eps_w1=2.231483e+00 | eps_w2=5.728064e-02
[step   187250] t/d=1872.500 | task1=3.982541e-01 | task2=2.253067e-01 | F1=1.760948e-01 | m1²=0.002801 | m2²=0.985624 | eps_w1=2.231349e+00 | eps_w2=5.733877e-02
[step   187300] t/d=1873.000 | task1=3.982172e-01 | task2=2.252812e-01 | F1=1.760579e-01 | m1²=0.002728 | m2²=0.985862 | eps_w1=2.229883e+00 | eps_w2=5.652935e-02
[step   187350] t/d=1873.500 | task1=3.982883e-01 | task2=2.252439e-01 | F1=1.761290e-01 | m1²=0.002691 | m2²=0.986118 | eps_w1=2.231924e+00 | eps_w2=5.624838e-02
[step   187400] t/d=1874.000 | task1=3.984217e-01 | task2=2.252418e-01 | F1=1.762623e-01 | m1²=0.002653 | m2²=0.985967 | eps_w1=2.234286e+00 | eps_w2=5.695917e-02
[step   187450] t/d=1874.500 | task1=3.984444e-01 | task2=2.252072e-01 | F1=1.762851e-01 | m1²=0.002686 | m2²=0.985998 | eps_w1=2.236258e+00 | eps_w2=5.721493e-02
[step   187500] t/d=1875.000 | task1=3.985318e-01 | task2=2.251680e-01 | F1=1.763724e-01 | m1²=0.002688 | m2²=0.985992 | eps_w1=2.237990e+00 | eps_w2=5.750665e-02
[step   187550] t/d=1875.500 | task1=3.985431e-01 | task2=2.251924e-01 | F1=1.763838e-01 | m1²=0.002682 | m2²=0.986144 | eps_w1=2.237324e+00 | eps_w2=5.704641e-02
[step   187600] t/d=1876.000 | task1=3.984269e-01 | task2=2.251602e-01 | F1=1.762675e-01 | m1²=0.002711 | m2²=0.986079 | eps_w1=2.234716e+00 | eps_w2=5.679103e-02
[step   187650] t/d=1876.500 | task1=3.985846e-01 | task2=2.251530e-01 | F1=1.764252e-01 | m1²=0.002677 | m2²=0.986018 | eps_w1=2.236402e+00 | eps_w2=5.718911e-02
[step   187700] t/d=1877.000 | task1=3.984883e-01 | task2=2.251464e-01 | F1=1.763289e-01 | m1²=0.002711 | m2²=0.985989 | eps_w1=2.235332e+00 | eps_w2=5.709757e-02
[step   187750] t/d=1877.500 | task1=3.986407e-01 | task2=2.251337e-01 | F1=1.764814e-01 | m1²=0.002760 | m2²=0.986038 | eps_w1=2.238566e+00 | eps_w2=5.751877e-02
[step   187800] t/d=1878.000 | task1=3.985808e-01 | task2=2.251619e-01 | F1=1.764214e-01 | m1²=0.002738 | m2²=0.985962 | eps_w1=2.235788e+00 | eps_w2=5.724252e-02
[step   187850] t/d=1878.500 | task1=3.986465e-01 | task2=2.251288e-01 | F1=1.764871e-01 | m1²=0.002788 | m2²=0.985707 | eps_w1=2.238546e+00 | eps_w2=5.829236e-02
[step   187900] t/d=1879.000 | task1=3.982835e-01 | task2=2.251710e-01 | F1=1.761242e-01 | m1²=0.002806 | m2²=0.985475 | eps_w1=2.232101e+00 | eps_w2=5.780313e-02
[step   187950] t/d=1879.500 | task1=3.980105e-01 | task2=2.251558e-01 | F1=1.758512e-01 | m1²=0.002853 | m2²=0.985563 | eps_w1=2.225507e+00 | eps_w2=5.657561e-02
[step   188000] t/d=1880.000 | task1=3.978688e-01 | task2=2.251165e-01 | F1=1.757095e-01 | m1²=0.002932 | m2²=0.985475 | eps_w1=2.223802e+00 | eps_w2=5.653860e-02
[step   188050] t/d=1880.500 | task1=3.978792e-01 | task2=2.251258e-01 | F1=1.757199e-01 | m1²=0.002933 | m2²=0.985675 | eps_w1=2.222688e+00 | eps_w2=5.590537e-02
[step   188100] t/d=1881.000 | task1=3.978693e-01 | task2=2.251101e-01 | F1=1.757100e-01 | m1²=0.002860 | m2²=0.985683 | eps_w1=2.223111e+00 | eps_w2=5.592776e-02
[step   188150] t/d=1881.500 | task1=3.979182e-01 | task2=2.250713e-01 | F1=1.757589e-01 | m1²=0.002840 | m2²=0.985609 | eps_w1=2.222389e+00 | eps_w2=5.597778e-02
[step   188200] t/d=1882.000 | task1=3.981464e-01 | task2=2.250350e-01 | F1=1.759871e-01 | m1²=0.002852 | m2²=0.986044 | eps_w1=2.225593e+00 | eps_w2=5.548030e-02
[step   188250] t/d=1882.500 | task1=3.984734e-01 | task2=2.250341e-01 | F1=1.763140e-01 | m1²=0.002880 | m2²=0.985968 | eps_w1=2.232201e+00 | eps_w2=5.670541e-02
[step   188300] t/d=1883.000 | task1=3.982751e-01 | task2=2.250501e-01 | F1=1.761158e-01 | m1²=0.002875 | m2²=0.985822 | eps_w1=2.230026e+00 | eps_w2=5.669777e-02
[step   188350] t/d=1883.500 | task1=3.981023e-01 | task2=2.250612e-01 | F1=1.759430e-01 | m1²=0.002844 | m2²=0.985803 | eps_w1=2.226911e+00 | eps_w2=5.623848e-02
[step   188400] t/d=1884.000 | task1=3.980175e-01 | task2=2.250869e-01 | F1=1.758581e-01 | m1²=0.002790 | m2²=0.986003 | eps_w1=2.225126e+00 | eps_w2=5.547863e-02
[step   188450] t/d=1884.500 | task1=3.979077e-01 | task2=2.250978e-01 | F1=1.757484e-01 | m1²=0.002820 | m2²=0.985979 | eps_w1=2.223316e+00 | eps_w2=5.526282e-02
[step   188500] t/d=1885.000 | task1=3.981370e-01 | task2=2.250352e-01 | F1=1.759777e-01 | m1²=0.002893 | m2²=0.985836 | eps_w1=2.229504e+00 | eps_w2=5.658790e-02
[step   188550] t/d=1885.500 | task1=3.980662e-01 | task2=2.250542e-01 | F1=1.759069e-01 | m1²=0.002820 | m2²=0.985816 | eps_w1=2.227339e+00 | eps_w2=5.626836e-02
[step   188600] t/d=1886.000 | task1=3.981802e-01 | task2=2.250120e-01 | F1=1.760208e-01 | m1²=0.002764 | m2²=0.986010 | eps_w1=2.228250e+00 | eps_w2=5.594413e-02
[step   188650] t/d=1886.500 | task1=3.980744e-01 | task2=2.250432e-01 | F1=1.759151e-01 | m1²=0.002765 | m2²=0.985986 | eps_w1=2.227567e+00 | eps_w2=5.589252e-02
[step   188700] t/d=1887.000 | task1=3.981066e-01 | task2=2.250709e-01 | F1=1.759473e-01 | m1²=0.002749 | m2²=0.986011 | eps_w1=2.228332e+00 | eps_w2=5.594937e-02
[step   188750] t/d=1887.500 | task1=3.980545e-01 | task2=2.251127e-01 | F1=1.758951e-01 | m1²=0.002792 | m2²=0.986130 | eps_w1=2.227402e+00 | eps_w2=5.554260e-02
[step   188800] t/d=1888.000 | task1=3.978088e-01 | task2=2.251071e-01 | F1=1.756495e-01 | m1²=0.002908 | m2²=0.985949 | eps_w1=2.223750e+00 | eps_w2=5.543018e-02
[step   188850] t/d=1888.500 | task1=3.977032e-01 | task2=2.251348e-01 | F1=1.755438e-01 | m1²=0.002968 | m2²=0.985871 | eps_w1=2.221784e+00 | eps_w2=5.532516e-02
[step   188900] t/d=1889.000 | task1=3.976769e-01 | task2=2.251456e-01 | F1=1.755176e-01 | m1²=0.003005 | m2²=0.985859 | eps_w1=2.222490e+00 | eps_w2=5.547486e-02
[step   188950] t/d=1889.500 | task1=3.977526e-01 | task2=2.252142e-01 | F1=1.755933e-01 | m1²=0.003036 | m2²=0.985988 | eps_w1=2.223716e+00 | eps_w2=5.537926e-02
[step   189000] t/d=1890.000 | task1=3.979787e-01 | task2=2.252483e-01 | F1=1.758194e-01 | m1²=0.003002 | m2²=0.985953 | eps_w1=2.227241e+00 | eps_w2=5.599916e-02
[step   189050] t/d=1890.500 | task1=3.980202e-01 | task2=2.252471e-01 | F1=1.758609e-01 | m1²=0.003007 | m2²=0.985749 | eps_w1=2.227841e+00 | eps_w2=5.656614e-02
[step   189100] t/d=1891.000 | task1=3.980649e-01 | task2=2.252801e-01 | F1=1.759055e-01 | m1²=0.003026 | m2²=0.985682 | eps_w1=2.228963e+00 | eps_w2=5.690548e-02
[step   189150] t/d=1891.500 | task1=3.983743e-01 | task2=2.252817e-01 | F1=1.762150e-01 | m1²=0.002957 | m2²=0.985649 | eps_w1=2.234657e+00 | eps_w2=5.786329e-02
[step   189200] t/d=1892.000 | task1=3.982801e-01 | task2=2.252880e-01 | F1=1.761207e-01 | m1²=0.002931 | m2²=0.985691 | eps_w1=2.232456e+00 | eps_w2=5.740443e-02
[step   189250] t/d=1892.500 | task1=3.982946e-01 | task2=2.252831e-01 | F1=1.761353e-01 | m1²=0.002939 | m2²=0.985882 | eps_w1=2.231531e+00 | eps_w2=5.681847e-02
[step   189300] t/d=1893.000 | task1=3.981895e-01 | task2=2.252504e-01 | F1=1.760302e-01 | m1²=0.002916 | m2²=0.985904 | eps_w1=2.229555e+00 | eps_w2=5.644825e-02
[step   189350] t/d=1893.500 | task1=3.979765e-01 | task2=2.252684e-01 | F1=1.758171e-01 | m1²=0.002992 | m2²=0.985769 | eps_w1=2.225679e+00 | eps_w2=5.617567e-02
[step   189400] t/d=1894.000 | task1=3.980255e-01 | task2=2.252266e-01 | F1=1.758662e-01 | m1²=0.003050 | m2²=0.985942 | eps_w1=2.225718e+00 | eps_w2=5.580278e-02
[step   189450] t/d=1894.500 | task1=3.980641e-01 | task2=2.252487e-01 | F1=1.759048e-01 | m1²=0.003007 | m2²=0.985786 | eps_w1=2.225867e+00 | eps_w2=5.617079e-02
[step   189500] t/d=1895.000 | task1=3.979309e-01 | task2=2.251801e-01 | F1=1.757716e-01 | m1²=0.003127 | m2²=0.985729 | eps_w1=2.223365e+00 | eps_w2=5.595276e-02
[step   189550] t/d=1895.500 | task1=3.979967e-01 | task2=2.251750e-01 | F1=1.758374e-01 | m1²=0.003092 | m2²=0.985848 | eps_w1=2.223703e+00 | eps_w2=5.571989e-02
[step   189600] t/d=1896.000 | task1=3.979368e-01 | task2=2.252142e-01 | F1=1.757775e-01 | m1²=0.003095 | m2²=0.985832 | eps_w1=2.222269e+00 | eps_w2=5.553363e-02
[step   189650] t/d=1896.500 | task1=3.981185e-01 | task2=2.251884e-01 | F1=1.759592e-01 | m1²=0.003126 | m2²=0.985953 | eps_w1=2.224633e+00 | eps_w2=5.563513e-02
[step   189700] t/d=1897.000 | task1=3.979843e-01 | task2=2.251626e-01 | F1=1.758250e-01 | m1²=0.003290 | m2²=0.985908 | eps_w1=2.222676e+00 | eps_w2=5.548971e-02
[step   189750] t/d=1897.500 | task1=3.979582e-01 | task2=2.251579e-01 | F1=1.757989e-01 | m1²=0.003253 | m2²=0.986034 | eps_w1=2.221842e+00 | eps_w2=5.505647e-02
[step   189800] t/d=1898.000 | task1=3.979119e-01 | task2=2.251440e-01 | F1=1.757526e-01 | m1²=0.003238 | m2²=0.986018 | eps_w1=2.220714e+00 | eps_w2=5.491357e-02
[step   189850] t/d=1898.500 | task1=3.978753e-01 | task2=2.251098e-01 | F1=1.757160e-01 | m1²=0.003195 | m2²=0.986135 | eps_w1=2.220036e+00 | eps_w2=5.452447e-02
[step   189900] t/d=1899.000 | task1=3.977983e-01 | task2=2.250814e-01 | F1=1.756389e-01 | m1²=0.003240 | m2²=0.986024 | eps_w1=2.218487e+00 | eps_w2=5.455571e-02
[step   189950] t/d=1899.500 | task1=3.978182e-01 | task2=2.250717e-01 | F1=1.756589e-01 | m1²=0.003175 | m2²=0.986104 | eps_w1=2.218636e+00 | eps_w2=5.437275e-02
[step   190000] t/d=1900.000 | task1=3.977047e-01 | task2=2.251107e-01 | F1=1.755454e-01 | m1²=0.003241 | m2²=0.986259 | eps_w1=2.217213e+00 | eps_w2=5.382010e-02
[step   190050] t/d=1900.500 | task1=3.977553e-01 | task2=2.251513e-01 | F1=1.755960e-01 | m1²=0.003195 | m2²=0.986339 | eps_w1=2.217483e+00 | eps_w2=5.366307e-02
[step   190100] t/d=1901.000 | task1=3.977419e-01 | task2=2.251502e-01 | F1=1.755826e-01 | m1²=0.003256 | m2²=0.986546 | eps_w1=2.218968e+00 | eps_w2=5.343520e-02
[step   190150] t/d=1901.500 | task1=3.978359e-01 | task2=2.251824e-01 | F1=1.756766e-01 | m1²=0.003199 | m2²=0.986471 | eps_w1=2.221455e+00 | eps_w2=5.397129e-02
[step   190200] t/d=1902.000 | task1=3.976760e-01 | task2=2.251730e-01 | F1=1.755166e-01 | m1²=0.003239 | m2²=0.986378 | eps_w1=2.218046e+00 | eps_w2=5.367340e-02
[step   190250] t/d=1902.500 | task1=3.978405e-01 | task2=2.251855e-01 | F1=1.756812e-01 | m1²=0.003200 | m2²=0.986432 | eps_w1=2.222253e+00 | eps_w2=5.418577e-02
[step   190300] t/d=1903.000 | task1=3.978005e-01 | task2=2.251834e-01 | F1=1.756412e-01 | m1²=0.003295 | m2²=0.986444 | eps_w1=2.222415e+00 | eps_w2=5.421641e-02
[step   190350] t/d=1903.500 | task1=3.977902e-01 | task2=2.251308e-01 | F1=1.756309e-01 | m1²=0.003184 | m2²=0.986414 | eps_w1=2.220650e+00 | eps_w2=5.397366e-02
[step   190400] t/d=1904.000 | task1=3.977368e-01 | task2=2.251625e-01 | F1=1.755774e-01 | m1²=0.003196 | m2²=0.986563 | eps_w1=2.220369e+00 | eps_w2=5.359229e-02
[step   190450] t/d=1904.500 | task1=3.976673e-01 | task2=2.251871e-01 | F1=1.755080e-01 | m1²=0.003265 | m2²=0.986642 | eps_w1=2.219554e+00 | eps_w2=5.330769e-02
[step   190500] t/d=1905.000 | task1=3.976993e-01 | task2=2.252157e-01 | F1=1.755399e-01 | m1²=0.003252 | m2²=0.986726 | eps_w1=2.220706e+00 | eps_w2=5.328670e-02
[step   190550] t/d=1905.500 | task1=3.976967e-01 | task2=2.252497e-01 | F1=1.755374e-01 | m1²=0.003251 | m2²=0.986806 | eps_w1=2.220993e+00 | eps_w2=5.314694e-02
[step   190600] t/d=1906.000 | task1=3.978307e-01 | task2=2.252329e-01 | F1=1.756714e-01 | m1²=0.003285 | m2²=0.986941 | eps_w1=2.223091e+00 | eps_w2=5.317344e-02
[step   190650] t/d=1906.500 | task1=3.977581e-01 | task2=2.253135e-01 | F1=1.755987e-01 | m1²=0.003261 | m2²=0.986865 | eps_w1=2.221679e+00 | eps_w2=5.312106e-02
[step   190700] t/d=1907.000 | task1=3.978582e-01 | task2=2.253321e-01 | F1=1.756988e-01 | m1²=0.003151 | m2²=0.987021 | eps_w1=2.222187e+00 | eps_w2=5.280335e-02
[step   190750] t/d=1907.500 | task1=3.977933e-01 | task2=2.253302e-01 | F1=1.756340e-01 | m1²=0.003238 | m2²=0.987068 | eps_w1=2.222247e+00 | eps_w2=5.273294e-02
[step   190800] t/d=1908.000 | task1=3.979093e-01 | task2=2.253199e-01 | F1=1.757499e-01 | m1²=0.003231 | m2²=0.986963 | eps_w1=2.225224e+00 | eps_w2=5.343509e-02
[step   190850] t/d=1908.500 | task1=3.977643e-01 | task2=2.253102e-01 | F1=1.756049e-01 | m1²=0.003260 | m2²=0.986659 | eps_w1=2.223288e+00 | eps_w2=5.384348e-02
[step   190900] t/d=1909.000 | task1=3.975808e-01 | task2=2.253456e-01 | F1=1.754215e-01 | m1²=0.003263 | m2²=0.986701 | eps_w1=2.219637e+00 | eps_w2=5.318443e-02
[step   190950] t/d=1909.500 | task1=3.974162e-01 | task2=2.253241e-01 | F1=1.752569e-01 | m1²=0.003334 | m2²=0.986586 | eps_w1=2.216243e+00 | eps_w2=5.295221e-02
[step   191000] t/d=1910.000 | task1=3.974452e-01 | task2=2.252823e-01 | F1=1.752858e-01 | m1²=0.003258 | m2²=0.986332 | eps_w1=2.217187e+00 | eps_w2=5.365476e-02
[step   191050] t/d=1910.500 | task1=3.971613e-01 | task2=2.252681e-01 | F1=1.750019e-01 | m1²=0.003236 | m2²=0.986358 | eps_w1=2.211216e+00 | eps_w2=5.267960e-02
[step   191100] t/d=1911.000 | task1=3.969379e-01 | task2=2.252912e-01 | F1=1.747786e-01 | m1²=0.003324 | m2²=0.986353 | eps_w1=2.207732e+00 | eps_w2=5.219686e-02
[step   191150] t/d=1911.500 | task1=3.972333e-01 | task2=2.253011e-01 | F1=1.750739e-01 | m1²=0.003358 | m2²=0.986350 | eps_w1=2.213028e+00 | eps_w2=5.301268e-02
[step   191200] t/d=1912.000 | task1=3.971973e-01 | task2=2.253310e-01 | F1=1.750379e-01 | m1²=0.003210 | m2²=0.986342 | eps_w1=2.212542e+00 | eps_w2=5.290827e-02
[step   191250] t/d=1912.500 | task1=3.971335e-01 | task2=2.253125e-01 | F1=1.749742e-01 | m1²=0.003197 | m2²=0.986386 | eps_w1=2.211569e+00 | eps_w2=5.265560e-02
[step   191300] t/d=1913.000 | task1=3.969674e-01 | task2=2.253522e-01 | F1=1.748081e-01 | m1²=0.003286 | m2²=0.986332 | eps_w1=2.208274e+00 | eps_w2=5.231313e-02
[step   191350] t/d=1913.500 | task1=3.969644e-01 | task2=2.252862e-01 | F1=1.748051e-01 | m1²=0.003280 | m2²=0.986396 | eps_w1=2.208533e+00 | eps_w2=5.220379e-02
[step   191400] t/d=1914.000 | task1=3.967885e-01 | task2=2.252859e-01 | F1=1.746292e-01 | m1²=0.003300 | m2²=0.986488 | eps_w1=2.204804e+00 | eps_w2=5.144330e-02
[step   191450] t/d=1914.500 | task1=3.969018e-01 | task2=2.252887e-01 | F1=1.747425e-01 | m1²=0.003296 | m2²=0.986540 | eps_w1=2.206318e+00 | eps_w2=5.154856e-02
[step   191500] t/d=1915.000 | task1=3.970104e-01 | task2=2.252644e-01 | F1=1.748510e-01 | m1²=0.003276 | m2²=0.986477 | eps_w1=2.207816e+00 | eps_w2=5.190931e-02
[step   191550] t/d=1915.500 | task1=3.969303e-01 | task2=2.252692e-01 | F1=1.747709e-01 | m1²=0.003253 | m2²=0.986416 | eps_w1=2.205985e+00 | eps_w2=5.176771e-02
[step   191600] t/d=1916.000 | task1=3.968554e-01 | task2=2.253086e-01 | F1=1.746961e-01 | m1²=0.003289 | m2²=0.986342 | eps_w1=2.204817e+00 | eps_w2=5.177530e-02
[step   191650] t/d=1916.500 | task1=3.969980e-01 | task2=2.253262e-01 | F1=1.748386e-01 | m1²=0.003283 | m2²=0.986174 | eps_w1=2.207301e+00 | eps_w2=5.252787e-02
[step   191700] t/d=1917.000 | task1=3.972440e-01 | task2=2.253060e-01 | F1=1.750847e-01 | m1²=0.003303 | m2²=0.986041 | eps_w1=2.211287e+00 | eps_w2=5.344065e-02
[step   191750] t/d=1917.500 | task1=3.974263e-01 | task2=2.252738e-01 | F1=1.752669e-01 | m1²=0.003268 | m2²=0.986015 | eps_w1=2.214046e+00 | eps_w2=5.390693e-02
[step   191800] t/d=1918.000 | task1=3.971987e-01 | task2=2.253043e-01 | F1=1.750394e-01 | m1²=0.003293 | m2²=0.985972 | eps_w1=2.209845e+00 | eps_w2=5.337691e-02
[step   191850] t/d=1918.500 | task1=3.973412e-01 | task2=2.252920e-01 | F1=1.751819e-01 | m1²=0.003251 | m2²=0.986031 | eps_w1=2.211622e+00 | eps_w2=5.349609e-02
[step   191900] t/d=1919.000 | task1=3.976062e-01 | task2=2.253210e-01 | F1=1.754469e-01 | m1²=0.003195 | m2²=0.985943 | eps_w1=2.216688e+00 | eps_w2=5.445129e-02
[step   191950] t/d=1919.500 | task1=3.976677e-01 | task2=2.253464e-01 | F1=1.755083e-01 | m1²=0.003260 | m2²=0.985804 | eps_w1=2.217946e+00 | eps_w2=5.498531e-02
[step   192000] t/d=1920.000 | task1=3.974936e-01 | task2=2.253537e-01 | F1=1.753343e-01 | m1²=0.003427 | m2²=0.985913 | eps_w1=2.214044e+00 | eps_w2=5.419444e-02
[step   192050] t/d=1920.500 | task1=3.974901e-01 | task2=2.254063e-01 | F1=1.753307e-01 | m1²=0.003390 | m2²=0.985743 | eps_w1=2.212761e+00 | eps_w2=5.437634e-02
[step   192100] t/d=1921.000 | task1=3.973382e-01 | task2=2.254364e-01 | F1=1.751789e-01 | m1²=0.003351 | m2²=0.985689 | eps_w1=2.209672e+00 | eps_w2=5.401835e-02
[step   192150] t/d=1921.500 | task1=3.973680e-01 | task2=2.253973e-01 | F1=1.752087e-01 | m1²=0.003291 | m2²=0.985695 | eps_w1=2.210339e+00 | eps_w2=5.408631e-02
[step   192200] t/d=1922.000 | task1=3.974452e-01 | task2=2.254137e-01 | F1=1.752859e-01 | m1²=0.003301 | m2²=0.985838 | eps_w1=2.210905e+00 | eps_w2=5.384782e-02
[step   192250] t/d=1922.500 | task1=3.974594e-01 | task2=2.253878e-01 | F1=1.753000e-01 | m1²=0.003369 | m2²=0.985946 | eps_w1=2.210904e+00 | eps_w2=5.362107e-02
[step   192300] t/d=1923.000 | task1=3.977551e-01 | task2=2.253739e-01 | F1=1.755958e-01 | m1²=0.003295 | m2²=0.986217 | eps_w1=2.216191e+00 | eps_w2=5.377990e-02
[step   192350] t/d=1923.500 | task1=3.977598e-01 | task2=2.253445e-01 | F1=1.756005e-01 | m1²=0.003367 | m2²=0.986307 | eps_w1=2.216028e+00 | eps_w2=5.357100e-02
[step   192400] t/d=1924.000 | task1=3.977640e-01 | task2=2.253605e-01 | F1=1.756047e-01 | m1²=0.003427 | m2²=0.986205 | eps_w1=2.216170e+00 | eps_w2=5.384731e-02
[step   192450] t/d=1924.500 | task1=3.977879e-01 | task2=2.253184e-01 | F1=1.756286e-01 | m1²=0.003473 | m2²=0.986256 | eps_w1=2.217444e+00 | eps_w2=5.394166e-02
[step   192500] t/d=1925.000 | task1=3.976933e-01 | task2=2.253399e-01 | F1=1.755340e-01 | m1²=0.003507 | m2²=0.986145 | eps_w1=2.216428e+00 | eps_w2=5.405277e-02
[step   192550] t/d=1925.500 | task1=3.976142e-01 | task2=2.252706e-01 | F1=1.754549e-01 | m1²=0.003488 | m2²=0.986267 | eps_w1=2.214979e+00 | eps_w2=5.354543e-02
[step   192600] t/d=1926.000 | task1=3.976327e-01 | task2=2.252692e-01 | F1=1.754733e-01 | m1²=0.003447 | m2²=0.986291 | eps_w1=2.216262e+00 | eps_w2=5.367147e-02
[step   192650] t/d=1926.500 | task1=3.976658e-01 | task2=2.252113e-01 | F1=1.755065e-01 | m1²=0.003428 | m2²=0.986377 | eps_w1=2.214579e+00 | eps_w2=5.321030e-02
[step   192700] t/d=1927.000 | task1=3.977001e-01 | task2=2.252015e-01 | F1=1.755407e-01 | m1²=0.003434 | m2²=0.986649 | eps_w1=2.213976e+00 | eps_w2=5.249704e-02
[step   192750] t/d=1927.500 | task1=3.977220e-01 | task2=2.252404e-01 | F1=1.755627e-01 | m1²=0.003462 | m2²=0.986808 | eps_w1=2.214826e+00 | eps_w2=5.227104e-02
[step   192800] t/d=1928.000 | task1=3.979187e-01 | task2=2.252203e-01 | F1=1.757594e-01 | m1²=0.003379 | m2²=0.986915 | eps_w1=2.218958e+00 | eps_w2=5.262768e-02
[step   192850] t/d=1928.500 | task1=3.979386e-01 | task2=2.252291e-01 | F1=1.757792e-01 | m1²=0.003256 | m2²=0.986915 | eps_w1=2.216612e+00 | eps_w2=5.222567e-02
[step   192900] t/d=1929.000 | task1=3.979440e-01 | task2=2.251973e-01 | F1=1.757847e-01 | m1²=0.003175 | m2²=0.986973 | eps_w1=2.216598e+00 | eps_w2=5.206346e-02
[step   192950] t/d=1929.500 | task1=3.978072e-01 | task2=2.251765e-01 | F1=1.756479e-01 | m1²=0.003121 | m2²=0.986962 | eps_w1=2.212998e+00 | eps_w2=5.152554e-02
[step   193000] t/d=1930.000 | task1=3.977340e-01 | task2=2.251754e-01 | F1=1.755747e-01 | m1²=0.003134 | m2²=0.987064 | eps_w1=2.211154e+00 | eps_w2=5.101743e-02
[step   193050] t/d=1930.500 | task1=3.977054e-01 | task2=2.252620e-01 | F1=1.755461e-01 | m1²=0.003106 | m2²=0.986835 | eps_w1=2.212080e+00 | eps_w2=5.167322e-02
[step   193100] t/d=1931.000 | task1=3.977642e-01 | task2=2.253035e-01 | F1=1.756048e-01 | m1²=0.003160 | m2²=0.986638 | eps_w1=2.214454e+00 | eps_w2=5.250309e-02
[step   193150] t/d=1931.500 | task1=3.977323e-01 | task2=2.253123e-01 | F1=1.755730e-01 | m1²=0.003135 | m2²=0.986563 | eps_w1=2.215178e+00 | eps_w2=5.277690e-02
[step   193200] t/d=1932.000 | task1=3.976325e-01 | task2=2.252981e-01 | F1=1.754731e-01 | m1²=0.003117 | m2²=0.986559 | eps_w1=2.212558e+00 | eps_w2=5.238106e-02
[step   193250] t/d=1932.500 | task1=3.975289e-01 | task2=2.252595e-01 | F1=1.753695e-01 | m1²=0.003146 | m2²=0.986714 | eps_w1=2.211462e+00 | eps_w2=5.187108e-02
[step   193300] t/d=1933.000 | task1=3.974822e-01 | task2=2.252366e-01 | F1=1.753229e-01 | m1²=0.003189 | m2²=0.987040 | eps_w1=2.210669e+00 | eps_w2=5.101827e-02
[step   193350] t/d=1933.500 | task1=3.974634e-01 | task2=2.252639e-01 | F1=1.753041e-01 | m1²=0.003167 | m2²=0.987229 | eps_w1=2.208647e+00 | eps_w2=5.027632e-02
[step   193400] t/d=1934.000 | task1=3.973530e-01 | task2=2.253060e-01 | F1=1.751937e-01 | m1²=0.003111 | m2²=0.987312 | eps_w1=2.205330e+00 | eps_w2=4.957619e-02
[step   193450] t/d=1934.500 | task1=3.972790e-01 | task2=2.253125e-01 | F1=1.751196e-01 | m1²=0.003194 | m2²=0.987156 | eps_w1=2.203222e+00 | eps_w2=4.964837e-02
[step   193500] t/d=1935.000 | task1=3.974846e-01 | task2=2.253442e-01 | F1=1.753253e-01 | m1²=0.003089 | m2²=0.987047 | eps_w1=2.205913e+00 | eps_w2=5.026126e-02
[step   193550] t/d=1935.500 | task1=3.976819e-01 | task2=2.253181e-01 | F1=1.755226e-01 | m1²=0.003066 | m2²=0.986979 | eps_w1=2.209614e+00 | eps_w2=5.096093e-02
[step   193600] t/d=1936.000 | task1=3.976937e-01 | task2=2.252941e-01 | F1=1.755343e-01 | m1²=0.003144 | m2²=0.987031 | eps_w1=2.210538e+00 | eps_w2=5.100533e-02
[step   193650] t/d=1936.500 | task1=3.978297e-01 | task2=2.252919e-01 | F1=1.756704e-01 | m1²=0.003214 | m2²=0.987004 | eps_w1=2.213923e+00 | eps_w2=5.159913e-02
[step   193700] t/d=1937.000 | task1=3.976426e-01 | task2=2.253245e-01 | F1=1.754833e-01 | m1²=0.003142 | m2²=0.986959 | eps_w1=2.209906e+00 | eps_w2=5.107330e-02
[step   193750] t/d=1937.500 | task1=3.976823e-01 | task2=2.253555e-01 | F1=1.755230e-01 | m1²=0.003084 | m2²=0.986958 | eps_w1=2.211460e+00 | eps_w2=5.129065e-02
[step   193800] t/d=1938.000 | task1=3.977699e-01 | task2=2.253858e-01 | F1=1.756106e-01 | m1²=0.003045 | m2²=0.987118 | eps_w1=2.211815e+00 | eps_w2=5.096472e-02
[step   193850] t/d=1938.500 | task1=3.979301e-01 | task2=2.253716e-01 | F1=1.757708e-01 | m1²=0.003079 | m2²=0.986961 | eps_w1=2.214968e+00 | eps_w2=5.181096e-02
[step   193900] t/d=1939.000 | task1=3.978348e-01 | task2=2.254383e-01 | F1=1.756754e-01 | m1²=0.003180 | m2²=0.986753 | eps_w1=2.214976e+00 | eps_w2=5.232517e-02
[step   193950] t/d=1939.500 | task1=3.979732e-01 | task2=2.254412e-01 | F1=1.758139e-01 | m1²=0.003134 | m2²=0.986762 | eps_w1=2.217766e+00 | eps_w2=5.271393e-02
[step   194000] t/d=1940.000 | task1=3.979183e-01 | task2=2.254268e-01 | F1=1.757590e-01 | m1²=0.003199 | m2²=0.986869 | eps_w1=2.216734e+00 | eps_w2=5.233196e-02
[step   194050] t/d=1940.500 | task1=3.978377e-01 | task2=2.253912e-01 | F1=1.756784e-01 | m1²=0.003265 | m2²=0.987065 | eps_w1=2.216143e+00 | eps_w2=5.181290e-02
[step   194100] t/d=1941.000 | task1=3.979068e-01 | task2=2.253726e-01 | F1=1.757475e-01 | m1²=0.003225 | m2²=0.986956 | eps_w1=2.218654e+00 | eps_w2=5.243329e-02
[step   194150] t/d=1941.500 | task1=3.978915e-01 | task2=2.253891e-01 | F1=1.757322e-01 | m1²=0.003181 | m2²=0.986923 | eps_w1=2.219057e+00 | eps_w2=5.255666e-02
[step   194200] t/d=1942.000 | task1=3.979373e-01 | task2=2.253620e-01 | F1=1.757780e-01 | m1²=0.003042 | m2²=0.987083 | eps_w1=2.219322e+00 | eps_w2=5.218253e-02
[step   194250] t/d=1942.500 | task1=3.978992e-01 | task2=2.253726e-01 | F1=1.757399e-01 | m1²=0.003103 | m2²=0.987107 | eps_w1=2.219549e+00 | eps_w2=5.218318e-02
[step   194300] t/d=1943.000 | task1=3.977228e-01 | task2=2.253462e-01 | F1=1.755635e-01 | m1²=0.003257 | m2²=0.987080 | eps_w1=2.214970e+00 | eps_w2=5.159883e-02
[step   194350] t/d=1943.500 | task1=3.977326e-01 | task2=2.253274e-01 | F1=1.755733e-01 | m1²=0.003366 | m2²=0.987052 | eps_w1=2.215008e+00 | eps_w2=5.170615e-02
[step   194400] t/d=1944.000 | task1=3.976492e-01 | task2=2.252963e-01 | F1=1.754898e-01 | m1²=0.003390 | m2²=0.987156 | eps_w1=2.213761e+00 | eps_w2=5.128600e-02
[step   194450] t/d=1944.500 | task1=3.975974e-01 | task2=2.253163e-01 | F1=1.754381e-01 | m1²=0.003338 | m2²=0.987210 | eps_w1=2.213865e+00 | eps_w2=5.115882e-02
[step   194500] t/d=1945.000 | task1=3.977176e-01 | task2=2.253303e-01 | F1=1.755583e-01 | m1²=0.003267 | m2²=0.987302 | eps_w1=2.216782e+00 | eps_w2=5.136704e-02
[step   194550] t/d=1945.500 | task1=3.975856e-01 | task2=2.253551e-01 | F1=1.754263e-01 | m1²=0.003254 | m2²=0.987172 | eps_w1=2.213924e+00 | eps_w2=5.122829e-02
[step   194600] t/d=1946.000 | task1=3.974919e-01 | task2=2.253875e-01 | F1=1.753326e-01 | m1²=0.003163 | m2²=0.986944 | eps_w1=2.212064e+00 | eps_w2=5.143859e-02
[step   194650] t/d=1946.500 | task1=3.973605e-01 | task2=2.253290e-01 | F1=1.752011e-01 | m1²=0.003259 | m2²=0.986865 | eps_w1=2.209464e+00 | eps_w2=5.126191e-02
[step   194700] t/d=1947.000 | task1=3.972061e-01 | task2=2.252888e-01 | F1=1.750468e-01 | m1²=0.003322 | m2²=0.986755 | eps_w1=2.206484e+00 | eps_w2=5.108904e-02
[step   194750] t/d=1947.500 | task1=3.971751e-01 | task2=2.252744e-01 | F1=1.750158e-01 | m1²=0.003397 | m2²=0.986743 | eps_w1=2.207282e+00 | eps_w2=5.125985e-02
[step   194800] t/d=1948.000 | task1=3.972604e-01 | task2=2.252695e-01 | F1=1.751010e-01 | m1²=0.003457 | m2²=0.986738 | eps_w1=2.208939e+00 | eps_w2=5.153862e-02
[step   194850] t/d=1948.500 | task1=3.973817e-01 | task2=2.252372e-01 | F1=1.752224e-01 | m1²=0.003411 | m2²=0.986765 | eps_w1=2.211529e+00 | eps_w2=5.185151e-02
[step   194900] t/d=1949.000 | task1=3.973698e-01 | task2=2.252303e-01 | F1=1.752105e-01 | m1²=0.003419 | m2²=0.986782 | eps_w1=2.210263e+00 | eps_w2=5.162513e-02
[step   194950] t/d=1949.500 | task1=3.973923e-01 | task2=2.252346e-01 | F1=1.752330e-01 | m1²=0.003441 | m2²=0.986638 | eps_w1=2.210792e+00 | eps_w2=5.204288e-02
[step   195000] t/d=1950.000 | task1=3.972270e-01 | task2=2.252004e-01 | F1=1.750677e-01 | m1²=0.003427 | m2²=0.986477 | eps_w1=2.207836e+00 | eps_w2=5.196225e-02
[step   195050] t/d=1950.500 | task1=3.972502e-01 | task2=2.251945e-01 | F1=1.750909e-01 | m1²=0.003486 | m2²=0.986405 | eps_w1=2.208853e+00 | eps_w2=5.230025e-02
[step   195100] t/d=1951.000 | task1=3.974135e-01 | task2=2.252361e-01 | F1=1.752542e-01 | m1²=0.003455 | m2²=0.986313 | eps_w1=2.212368e+00 | eps_w2=5.302990e-02
[step   195150] t/d=1951.500 | task1=3.973996e-01 | task2=2.252727e-01 | F1=1.752402e-01 | m1²=0.003468 | m2²=0.986312 | eps_w1=2.213723e+00 | eps_w2=5.324198e-02
[step   195200] t/d=1952.000 | task1=3.973411e-01 | task2=2.252544e-01 | F1=1.751818e-01 | m1²=0.003405 | m2²=0.986171 | eps_w1=2.212735e+00 | eps_w2=5.339449e-02
[step   195250] t/d=1952.500 | task1=3.973709e-01 | task2=2.252280e-01 | F1=1.752116e-01 | m1²=0.003427 | m2²=0.986046 | eps_w1=2.213808e+00 | eps_w2=5.385377e-02
[step   195300] t/d=1953.000 | task1=3.973928e-01 | task2=2.252111e-01 | F1=1.752335e-01 | m1²=0.003406 | m2²=0.985917 | eps_w1=2.215803e+00 | eps_w2=5.444703e-02
[step   195350] t/d=1953.500 | task1=3.972928e-01 | task2=2.252061e-01 | F1=1.751335e-01 | m1²=0.003358 | m2²=0.985808 | eps_w1=2.214571e+00 | eps_w2=5.449210e-02
[step   195400] t/d=1954.000 | task1=3.973278e-01 | task2=2.252687e-01 | F1=1.751685e-01 | m1²=0.003426 | m2²=0.985756 | eps_w1=2.216970e+00 | eps_w2=5.500289e-02
[step   195450] t/d=1954.500 | task1=3.970807e-01 | task2=2.252877e-01 | F1=1.749213e-01 | m1²=0.003412 | m2²=0.985603 | eps_w1=2.212948e+00 | eps_w2=5.473266e-02
[step   195500] t/d=1955.000 | task1=3.971025e-01 | task2=2.252605e-01 | F1=1.749432e-01 | m1²=0.003297 | m2²=0.985511 | eps_w1=2.212909e+00 | eps_w2=5.490087e-02
[step   195550] t/d=1955.500 | task1=3.971441e-01 | task2=2.252683e-01 | F1=1.749848e-01 | m1²=0.003193 | m2²=0.985823 | eps_w1=2.212455e+00 | eps_w2=5.407923e-02
[step   195600] t/d=1956.000 | task1=3.971991e-01 | task2=2.252906e-01 | F1=1.750398e-01 | m1²=0.003134 | m2²=0.985733 | eps_w1=2.213732e+00 | eps_w2=5.446141e-02
[step   195650] t/d=1956.500 | task1=3.968273e-01 | task2=2.252581e-01 | F1=1.746679e-01 | m1²=0.003041 | m2²=0.985505 | eps_w1=2.205700e+00 | eps_w2=5.373975e-02
[step   195700] t/d=1957.000 | task1=3.967096e-01 | task2=2.252490e-01 | F1=1.745503e-01 | m1²=0.003062 | m2²=0.985383 | eps_w1=2.202790e+00 | eps_w2=5.359152e-02
[step   195750] t/d=1957.500 | task1=3.967288e-01 | task2=2.252863e-01 | F1=1.745694e-01 | m1²=0.003034 | m2²=0.985430 | eps_w1=2.201792e+00 | eps_w2=5.332760e-02
[step   195800] t/d=1958.000 | task1=3.967217e-01 | task2=2.253293e-01 | F1=1.745623e-01 | m1²=0.002968 | m2²=0.985424 | eps_w1=2.201598e+00 | eps_w2=5.329047e-02
[step   195850] t/d=1958.500 | task1=3.966296e-01 | task2=2.253076e-01 | F1=1.744703e-01 | m1²=0.002994 | m2²=0.985414 | eps_w1=2.200035e+00 | eps_w2=5.309266e-02
[step   195900] t/d=1959.000 | task1=3.967707e-01 | task2=2.252913e-01 | F1=1.746114e-01 | m1²=0.003004 | m2²=0.985508 | eps_w1=2.202387e+00 | eps_w2=5.322867e-02
[step   195950] t/d=1959.500 | task1=3.968272e-01 | task2=2.252836e-01 | F1=1.746679e-01 | m1²=0.003108 | m2²=0.985259 | eps_w1=2.204516e+00 | eps_w2=5.414735e-02
[step   196000] t/d=1960.000 | task1=3.970848e-01 | task2=2.253066e-01 | F1=1.749255e-01 | m1²=0.003137 | m2²=0.985496 | eps_w1=2.208510e+00 | eps_w2=5.421498e-02
[step   196050] t/d=1960.500 | task1=3.970812e-01 | task2=2.253801e-01 | F1=1.749219e-01 | m1²=0.003174 | m2²=0.985686 | eps_w1=2.209175e+00 | eps_w2=5.389161e-02
[step   196100] t/d=1961.000 | task1=3.970740e-01 | task2=2.253005e-01 | F1=1.749146e-01 | m1²=0.003195 | m2²=0.985709 | eps_w1=2.210447e+00 | eps_w2=5.403862e-02
[step   196150] t/d=1961.500 | task1=3.969908e-01 | task2=2.253055e-01 | F1=1.748315e-01 | m1²=0.003204 | m2²=0.985695 | eps_w1=2.209314e+00 | eps_w2=5.390230e-02
[step   196200] t/d=1962.000 | task1=3.971059e-01 | task2=2.252910e-01 | F1=1.749466e-01 | m1²=0.003289 | m2²=0.985622 | eps_w1=2.211193e+00 | eps_w2=5.438084e-02
[step   196250] t/d=1962.500 | task1=3.970426e-01 | task2=2.253334e-01 | F1=1.748833e-01 | m1²=0.003257 | m2²=0.985467 | eps_w1=2.211391e+00 | eps_w2=5.475516e-02
[step   196300] t/d=1963.000 | task1=3.971971e-01 | task2=2.253340e-01 | F1=1.750378e-01 | m1²=0.003167 | m2²=0.985532 | eps_w1=2.213875e+00 | eps_w2=5.495452e-02
[step   196350] t/d=1963.500 | task1=3.970987e-01 | task2=2.253815e-01 | F1=1.749393e-01 | m1²=0.003188 | m2²=0.985485 | eps_w1=2.211929e+00 | eps_w2=5.477354e-02
[step   196400] t/d=1964.000 | task1=3.970312e-01 | task2=2.253736e-01 | F1=1.748719e-01 | m1²=0.003151 | m2²=0.985690 | eps_w1=2.209721e+00 | eps_w2=5.395659e-02
[step   196450] t/d=1964.500 | task1=3.970806e-01 | task2=2.253640e-01 | F1=1.749212e-01 | m1²=0.003062 | m2²=0.985737 | eps_w1=2.210498e+00 | eps_w2=5.393735e-02
[step   196500] t/d=1965.000 | task1=3.971101e-01 | task2=2.253726e-01 | F1=1.749508e-01 | m1²=0.002985 | m2²=0.985517 | eps_w1=2.211090e+00 | eps_w2=5.450423e-02
[step   196550] t/d=1965.500 | task1=3.970865e-01 | task2=2.253643e-01 | F1=1.749272e-01 | m1²=0.002934 | m2²=0.985542 | eps_w1=2.209917e+00 | eps_w2=5.425429e-02
[step   196600] t/d=1966.000 | task1=3.974155e-01 | task2=2.253437e-01 | F1=1.752562e-01 | m1²=0.002856 | m2²=0.985754 | eps_w1=2.214509e+00 | eps_w2=5.443697e-02
[step   196650] t/d=1966.500 | task1=3.974713e-01 | task2=2.253507e-01 | F1=1.753120e-01 | m1²=0.002838 | m2²=0.985931 | eps_w1=2.214433e+00 | eps_w2=5.401449e-02
[step   196700] t/d=1967.000 | task1=3.975058e-01 | task2=2.253388e-01 | F1=1.753465e-01 | m1²=0.002858 | m2²=0.985884 | eps_w1=2.214774e+00 | eps_w2=5.418019e-02
[step   196750] t/d=1967.500 | task1=3.974120e-01 | task2=2.253618e-01 | F1=1.752527e-01 | m1²=0.002797 | m2²=0.985859 | eps_w1=2.211540e+00 | eps_w2=5.372579e-02
[step   196800] t/d=1968.000 | task1=3.976260e-01 | task2=2.253198e-01 | F1=1.754667e-01 | m1²=0.002692 | m2²=0.985827 | eps_w1=2.214607e+00 | eps_w2=5.423042e-02
[step   196850] t/d=1968.500 | task1=3.976592e-01 | task2=2.253008e-01 | F1=1.754999e-01 | m1²=0.002775 | m2²=0.985856 | eps_w1=2.214057e+00 | eps_w2=5.410794e-02
[step   196900] t/d=1969.000 | task1=3.974758e-01 | task2=2.252839e-01 | F1=1.753164e-01 | m1²=0.002786 | m2²=0.985900 | eps_w1=2.210227e+00 | eps_w2=5.343131e-02
[step   196950] t/d=1969.500 | task1=3.973690e-01 | task2=2.253063e-01 | F1=1.752097e-01 | m1²=0.002743 | m2²=0.985893 | eps_w1=2.206988e+00 | eps_w2=5.294625e-02
[step   197000] t/d=1970.000 | task1=3.974127e-01 | task2=2.253166e-01 | F1=1.752534e-01 | m1²=0.002767 | m2²=0.985556 | eps_w1=2.208585e+00 | eps_w2=5.396436e-02
[step   197050] t/d=1970.500 | task1=3.973051e-01 | task2=2.253095e-01 | F1=1.751458e-01 | m1²=0.002737 | m2²=0.985439 | eps_w1=2.206744e+00 | eps_w2=5.394758e-02
[step   197100] t/d=1971.000 | task1=3.973379e-01 | task2=2.253292e-01 | F1=1.751786e-01 | m1²=0.002796 | m2²=0.985469 | eps_w1=2.207795e+00 | eps_w2=5.405597e-02
[step   197150] t/d=1971.500 | task1=3.971534e-01 | task2=2.253004e-01 | F1=1.749941e-01 | m1²=0.002846 | m2²=0.985686 | eps_w1=2.205176e+00 | eps_w2=5.318446e-02
[step   197200] t/d=1972.000 | task1=3.971707e-01 | task2=2.252796e-01 | F1=1.750114e-01 | m1²=0.002880 | m2²=0.985912 | eps_w1=2.205889e+00 | eps_w2=5.278404e-02
[step   197250] t/d=1972.500 | task1=3.972813e-01 | task2=2.252645e-01 | F1=1.751220e-01 | m1²=0.002947 | m2²=0.985920 | eps_w1=2.206977e+00 | eps_w2=5.295159e-02
[step   197300] t/d=1973.000 | task1=3.972619e-01 | task2=2.253019e-01 | F1=1.751026e-01 | m1²=0.002946 | m2²=0.985777 | eps_w1=2.208207e+00 | eps_w2=5.346171e-02
[step   197350] t/d=1973.500 | task1=3.974329e-01 | task2=2.252884e-01 | F1=1.752736e-01 | m1²=0.002867 | m2²=0.985776 | eps_w1=2.211479e+00 | eps_w2=5.393156e-02
[step   197400] t/d=1974.000 | task1=3.973323e-01 | task2=2.252828e-01 | F1=1.751730e-01 | m1²=0.002890 | m2²=0.985716 | eps_w1=2.209015e+00 | eps_w2=5.370388e-02
[step   197450] t/d=1974.500 | task1=3.970976e-01 | task2=2.252821e-01 | F1=1.749383e-01 | m1²=0.002819 | m2²=0.985794 | eps_w1=2.202979e+00 | eps_w2=5.260323e-02
[step   197500] t/d=1975.000 | task1=3.971744e-01 | task2=2.252460e-01 | F1=1.750151e-01 | m1²=0.002816 | m2²=0.985870 | eps_w1=2.204923e+00 | eps_w2=5.271683e-02
[step   197550] t/d=1975.500 | task1=3.970683e-01 | task2=2.252279e-01 | F1=1.749090e-01 | m1²=0.002822 | m2²=0.985977 | eps_w1=2.202870e+00 | eps_w2=5.216930e-02
[step   197600] t/d=1976.000 | task1=3.969361e-01 | task2=2.251906e-01 | F1=1.747767e-01 | m1²=0.002798 | m2²=0.985968 | eps_w1=2.200757e+00 | eps_w2=5.187151e-02
[step   197650] t/d=1976.500 | task1=3.967176e-01 | task2=2.252236e-01 | F1=1.745583e-01 | m1²=0.002744 | m2²=0.985898 | eps_w1=2.195787e+00 | eps_w2=5.128873e-02
[step   197700] t/d=1977.000 | task1=3.967544e-01 | task2=2.251866e-01 | F1=1.745951e-01 | m1²=0.002827 | m2²=0.985791 | eps_w1=2.196588e+00 | eps_w2=5.167560e-02
[step   197750] t/d=1977.500 | task1=3.970850e-01 | task2=2.251821e-01 | F1=1.749257e-01 | m1²=0.002758 | m2²=0.985795 | eps_w1=2.203566e+00 | eps_w2=5.266766e-02
[step   197800] t/d=1978.000 | task1=3.969829e-01 | task2=2.252166e-01 | F1=1.748236e-01 | m1²=0.002743 | m2²=0.985645 | eps_w1=2.201280e+00 | eps_w2=5.266806e-02
[step   197850] t/d=1978.500 | task1=3.969648e-01 | task2=2.252261e-01 | F1=1.748054e-01 | m1²=0.002699 | m2²=0.985898 | eps_w1=2.200049e+00 | eps_w2=5.189607e-02
[step   197900] t/d=1979.000 | task1=3.968948e-01 | task2=2.252154e-01 | F1=1.747355e-01 | m1²=0.002602 | m2²=0.986095 | eps_w1=2.198425e+00 | eps_w2=5.117696e-02
[step   197950] t/d=1979.500 | task1=3.968701e-01 | task2=2.251658e-01 | F1=1.747108e-01 | m1²=0.002562 | m2²=0.986170 | eps_w1=2.197902e+00 | eps_w2=5.091716e-02
[step   198000] t/d=1980.000 | task1=3.971027e-01 | task2=2.251966e-01 | F1=1.749433e-01 | m1²=0.002596 | m2²=0.986129 | eps_w1=2.200902e+00 | eps_w2=5.145996e-02
[step   198050] t/d=1980.500 | task1=3.972464e-01 | task2=2.251894e-01 | F1=1.750871e-01 | m1²=0.002593 | m2²=0.986318 | eps_w1=2.203746e+00 | eps_w2=5.144612e-02
[step   198100] t/d=1981.000 | task1=3.971327e-01 | task2=2.251523e-01 | F1=1.749734e-01 | m1²=0.002535 | m2²=0.986214 | eps_w1=2.201097e+00 | eps_w2=5.127537e-02
[step   198150] t/d=1981.500 | task1=3.971502e-01 | task2=2.251710e-01 | F1=1.749908e-01 | m1²=0.002533 | m2²=0.986040 | eps_w1=2.202283e+00 | eps_w2=5.184515e-02
[step   198200] t/d=1982.000 | task1=3.973044e-01 | task2=2.251262e-01 | F1=1.751450e-01 | m1²=0.002590 | m2²=0.985870 | eps_w1=2.204500e+00 | eps_w2=5.257945e-02
[step   198250] t/d=1982.500 | task1=3.973404e-01 | task2=2.250876e-01 | F1=1.751811e-01 | m1²=0.002523 | m2²=0.985930 | eps_w1=2.204995e+00 | eps_w2=5.249358e-02
[step   198300] t/d=1983.000 | task1=3.971980e-01 | task2=2.251163e-01 | F1=1.750386e-01 | m1²=0.002489 | m2²=0.985712 | eps_w1=2.202706e+00 | eps_w2=5.264198e-02
[step   198350] t/d=1983.500 | task1=3.972207e-01 | task2=2.251714e-01 | F1=1.750613e-01 | m1²=0.002470 | m2²=0.985517 | eps_w1=2.204385e+00 | eps_w2=5.333046e-02
[step   198400] t/d=1984.000 | task1=3.975544e-01 | task2=2.252437e-01 | F1=1.753950e-01 | m1²=0.002412 | m2²=0.985582 | eps_w1=2.211196e+00 | eps_w2=5.418187e-02
[step   198450] t/d=1984.500 | task1=3.974744e-01 | task2=2.252307e-01 | F1=1.753151e-01 | m1²=0.002438 | m2²=0.985529 | eps_w1=2.210189e+00 | eps_w2=5.415851e-02
[step   198500] t/d=1985.000 | task1=3.974539e-01 | task2=2.252617e-01 | F1=1.752946e-01 | m1²=0.002432 | m2²=0.985332 | eps_w1=2.211143e+00 | eps_w2=5.475126e-02
[step   198550] t/d=1985.500 | task1=3.974359e-01 | task2=2.253012e-01 | F1=1.752765e-01 | m1²=0.002459 | m2²=0.985499 | eps_w1=2.211080e+00 | eps_w2=5.436882e-02
[step   198600] t/d=1986.000 | task1=3.974967e-01 | task2=2.253335e-01 | F1=1.753374e-01 | m1²=0.002547 | m2²=0.985336 | eps_w1=2.212914e+00 | eps_w2=5.504911e-02
[step   198650] t/d=1986.500 | task1=3.976302e-01 | task2=2.253524e-01 | F1=1.754708e-01 | m1²=0.002632 | m2²=0.985316 | eps_w1=2.216520e+00 | eps_w2=5.567559e-02
[step   198700] t/d=1987.000 | task1=3.975641e-01 | task2=2.253416e-01 | F1=1.754048e-01 | m1²=0.002700 | m2²=0.985361 | eps_w1=2.214898e+00 | eps_w2=5.534671e-02
[step   198750] t/d=1987.500 | task1=3.975494e-01 | task2=2.253644e-01 | F1=1.753901e-01 | m1²=0.002774 | m2²=0.985476 | eps_w1=2.214492e+00 | eps_w2=5.504540e-02
[step   198800] t/d=1988.000 | task1=3.974825e-01 | task2=2.253880e-01 | F1=1.753232e-01 | m1²=0.002792 | m2²=0.985623 | eps_w1=2.213142e+00 | eps_w2=5.450827e-02
[step   198850] t/d=1988.500 | task1=3.974147e-01 | task2=2.254034e-01 | F1=1.752554e-01 | m1²=0.002696 | m2²=0.985871 | eps_w1=2.211456e+00 | eps_w2=5.365291e-02
[step   198900] t/d=1989.000 | task1=3.975143e-01 | task2=2.254122e-01 | F1=1.753550e-01 | m1²=0.002643 | m2²=0.985829 | eps_w1=2.212917e+00 | eps_w2=5.395097e-02
[step   198950] t/d=1989.500 | task1=3.973664e-01 | task2=2.254395e-01 | F1=1.752071e-01 | m1²=0.002603 | m2²=0.985638 | eps_w1=2.211005e+00 | eps_w2=5.408714e-02
[step   199000] t/d=1990.000 | task1=3.973377e-01 | task2=2.253944e-01 | F1=1.751784e-01 | m1²=0.002584 | m2²=0.985844 | eps_w1=2.210805e+00 | eps_w2=5.357906e-02
[step   199050] t/d=1990.500 | task1=3.971051e-01 | task2=2.253806e-01 | F1=1.749458e-01 | m1²=0.002605 | m2²=0.985841 | eps_w1=2.206520e+00 | eps_w2=5.295090e-02
[step   199100] t/d=1991.000 | task1=3.970764e-01 | task2=2.254233e-01 | F1=1.749171e-01 | m1²=0.002560 | m2²=0.985883 | eps_w1=2.207521e+00 | eps_w2=5.298911e-02
[step   199150] t/d=1991.500 | task1=3.970124e-01 | task2=2.253844e-01 | F1=1.748531e-01 | m1²=0.002569 | m2²=0.985657 | eps_w1=2.206305e+00 | eps_w2=5.332712e-02
[step   199200] t/d=1992.000 | task1=3.970742e-01 | task2=2.253841e-01 | F1=1.749149e-01 | m1²=0.002597 | m2²=0.985720 | eps_w1=2.208991e+00 | eps_w2=5.359458e-02
[step   199250] t/d=1992.500 | task1=3.972156e-01 | task2=2.254188e-01 | F1=1.750562e-01 | m1²=0.002729 | m2²=0.985716 | eps_w1=2.212948e+00 | eps_w2=5.424456e-02
[step   199300] t/d=1993.000 | task1=3.971787e-01 | task2=2.253457e-01 | F1=1.750194e-01 | m1²=0.002767 | m2²=0.985609 | eps_w1=2.212060e+00 | eps_w2=5.436849e-02
[step   199350] t/d=1993.500 | task1=3.973186e-01 | task2=2.253679e-01 | F1=1.751592e-01 | m1²=0.002807 | m2²=0.985654 | eps_w1=2.214163e+00 | eps_w2=5.459747e-02
[step   199400] t/d=1994.000 | task1=3.972373e-01 | task2=2.254170e-01 | F1=1.750779e-01 | m1²=0.002883 | m2²=0.985747 | eps_w1=2.214108e+00 | eps_w2=5.440230e-02
[step   199450] t/d=1994.500 | task1=3.972887e-01 | task2=2.254421e-01 | F1=1.751293e-01 | m1²=0.002828 | m2²=0.985839 | eps_w1=2.214849e+00 | eps_w2=5.428522e-02
[step   199500] t/d=1995.000 | task1=3.973608e-01 | task2=2.254445e-01 | F1=1.752014e-01 | m1²=0.002820 | m2²=0.985908 | eps_w1=2.215692e+00 | eps_w2=5.425240e-02
[step   199550] t/d=1995.500 | task1=3.972892e-01 | task2=2.254193e-01 | F1=1.751299e-01 | m1²=0.002813 | m2²=0.985788 | eps_w1=2.214167e+00 | eps_w2=5.429272e-02
[step   199600] t/d=1996.000 | task1=3.972978e-01 | task2=2.254065e-01 | F1=1.751385e-01 | m1²=0.002861 | m2²=0.985516 | eps_w1=2.215662e+00 | eps_w2=5.516163e-02
[step   199650] t/d=1996.500 | task1=3.972647e-01 | task2=2.254479e-01 | F1=1.751054e-01 | m1²=0.002906 | m2²=0.985387 | eps_w1=2.216250e+00 | eps_w2=5.556347e-02
[step   199700] t/d=1997.000 | task1=3.971680e-01 | task2=2.254457e-01 | F1=1.750086e-01 | m1²=0.002919 | m2²=0.985489 | eps_w1=2.214169e+00 | eps_w2=5.501547e-02
[step   199750] t/d=1997.500 | task1=3.972360e-01 | task2=2.254665e-01 | F1=1.750766e-01 | m1²=0.002901 | m2²=0.985554 | eps_w1=2.215464e+00 | eps_w2=5.505822e-02
[step   199800] t/d=1998.000 | task1=3.971440e-01 | task2=2.254223e-01 | F1=1.749847e-01 | m1²=0.002894 | m2²=0.985413 | eps_w1=2.214483e+00 | eps_w2=5.522824e-02
[step   199850] t/d=1998.500 | task1=3.970031e-01 | task2=2.253793e-01 | F1=1.748437e-01 | m1²=0.002833 | m2²=0.985311 | eps_w1=2.212039e+00 | eps_w2=5.507046e-02
[step   199900] t/d=1999.000 | task1=3.969632e-01 | task2=2.253922e-01 | F1=1.748039e-01 | m1²=0.002722 | m2²=0.985432 | eps_w1=2.210668e+00 | eps_w2=5.454741e-02
[step   199950] t/d=1999.500 | task1=3.966884e-01 | task2=2.253564e-01 | F1=1.745291e-01 | m1²=0.002739 | m2²=0.985562 | eps_w1=2.205503e+00 | eps_w2=5.348120e-02
[step   200000] t/d=2000.000 | task1=3.966665e-01 | task2=2.253568e-01 | F1=1.745072e-01 | m1²=0.002773 | m2²=0.985742 | eps_w1=2.204963e+00 | eps_w2=5.299954e-02
Saved checkpoint: results/quality_pretraining/finetunetask2_d100_T5/prestep_10000_task1step_100000_lr0p01_task1wseed21_task1sgdseed22_task2sgdseed42/checkpoints/step_000200000

Task-2 fine-tuning completed.
Metrics: results/quality_pretraining/finetunetask2_d100_T5/prestep_10000_task1step_100000_lr0p01_task1wseed21_task1sgdseed22_task2sgdseed42/metrics.csv

======================================================
Task-2 fine-tuning finished
======================================================
