
======================================================
Task-1 fine-tuning
======================================================
Pretraining run:   results/quality_pretraining/scaling_d200_T5
Pretraining step:  0
Target FT steps:   200000
Learning rate:     0.01
w init scale:      1.0
======================================================

Mon Oct  5 14:41:46 2026       
+---------------------------------------------------------------------------------------+
| NVIDIA-SMI 535.154.05             Driver Version: 535.154.05   CUDA Version: 12.2     |
|-----------------------------------------+----------------------+----------------------+
| GPU  Name                 Persistence-M | Bus-Id        Disp.A | Volatile Uncorr. ECC |
| Fan  Temp   Perf          Pwr:Usage/Cap |         Memory-Usage | GPU-Util  Compute M. |
|                                         |                      |               MIG M. |
|=========================================+======================+======================|
|   0  Tesla V100-PCIE-32GB           On  | 00000000:D8:00.0 Off |                  Off |
| N/A   31C    P0              23W / 250W |      0MiB / 32768MiB |      0%      Default |
|                                         |                      |                  N/A |
+-----------------------------------------+----------------------+----------------------+
                                                                                         
+---------------------------------------------------------------------------------------+
| Processes:                                                                            |
|  GPU   GI   CI        PID   Type   Process name                            GPU Memory |
|        ID   ID                                                             Usage      |
|=======================================================================================|
|  No running processes found                                                           |
+---------------------------------------------------------------------------------------+

==============================================
Task-1 fine-tuning
==============================================
source pretrain : /home/busato/catastrophic_forgetting/quality_pretraining/results/quality_pretraining/scaling_d200_T5
pretrain step   : 0
pretrain t/d²   : 0.000000
d               : 200
T               : 5
device          : cuda
lr              : 0.01
w init scale    : 1.0
target steps    : 200,000
target t/d      : 1000.000
eval every late : 100
checkpoints     : [100, 200, 400, 1000, 2000, 4000, 10000, 20000, 40000, 100000, 200000]
run directory   : results/quality_pretraining/finetunetask1_d200_T5/prestep_0_lr0p01_init1_wseed21_sgdseed22

[step 0] task1=3.938921e-01 | |m1|=0.021733 | m1²=0.000472 | ||w||²/d=0.991599 | eps_adapter=1.924015e+00
[step       10] t/d=  0.050 | task1=3.938169e-01 | |m1|=0.021900 | m1²=0.000480 | ||w||²/d=0.990762 | eps_adapter=1.922442e+00 | residual_overlap=-0.006138
[step       20] t/d=  0.100 | task1=3.937508e-01 | |m1|=0.022028 | m1²=0.000485 | ||w||²/d=0.989940 | eps_adapter=1.920900e+00 | residual_overlap=-0.006122
[step       30] t/d=  0.150 | task1=3.936340e-01 | |m1|=0.022274 | m1²=0.000496 | ||w||²/d=0.988663 | eps_adapter=1.918504e+00 | residual_overlap=-0.006110
[step       40] t/d=  0.200 | task1=3.935923e-01 | |m1|=0.022354 | m1²=0.000500 | ||w||²/d=0.987972 | eps_adapter=1.917212e+00 | residual_overlap=-0.006120
[step       50] t/d=  0.250 | task1=3.935365e-01 | |m1|=0.022331 | m1²=0.000499 | ||w||²/d=0.987371 | eps_adapter=1.916099e+00 | residual_overlap=-0.006152
[step       60] t/d=  0.300 | task1=3.934620e-01 | |m1|=0.022212 | m1²=0.000493 | ||w||²/d=0.986092 | eps_adapter=1.913735e+00 | residual_overlap=-0.006145
[step       70] t/d=  0.350 | task1=3.934175e-01 | |m1|=0.022305 | m1²=0.000497 | ||w||²/d=0.985459 | eps_adapter=1.912554e+00 | residual_overlap=-0.006144
[step       80] t/d=  0.400 | task1=3.933504e-01 | |m1|=0.022182 | m1²=0.000492 | ||w||²/d=0.984373 | eps_adapter=1.910553e+00 | residual_overlap=-0.006151
[step       90] t/d=  0.450 | task1=3.932559e-01 | |m1|=0.022103 | m1²=0.000489 | ||w||²/d=0.983423 | eps_adapter=1.908803e+00 | residual_overlap=-0.006130
[step      100] t/d=  0.500 | task1=3.931691e-01 | |m1|=0.021873 | m1²=0.000478 | ||w||²/d=0.982565 | eps_adapter=1.907236e+00 | residual_overlap=-0.006134
Saved checkpoint: results/quality_pretraining/finetunetask1_d200_T5/prestep_0_lr0p01_init1_wseed21_sgdseed22/checkpoints/step_000000100
[step      110] t/d=  0.550 | task1=3.931557e-01 | |m1|=0.021779 | m1²=0.000474 | ||w||²/d=0.982266 | eps_adapter=1.906691e+00 | residual_overlap=-0.006145
[step      120] t/d=  0.600 | task1=3.930191e-01 | |m1|=0.021451 | m1²=0.000460 | ||w||²/d=0.981086 | eps_adapter=1.904541e+00 | residual_overlap=-0.006140
[step      130] t/d=  0.650 | task1=3.929568e-01 | |m1|=0.021549 | m1²=0.000464 | ||w||²/d=0.980469 | eps_adapter=1.903395e+00 | residual_overlap=-0.006139
[step      140] t/d=  0.700 | task1=3.929109e-01 | |m1|=0.021598 | m1²=0.000466 | ||w||²/d=0.980027 | eps_adapter=1.902576e+00 | residual_overlap=-0.006128
[step      150] t/d=  0.750 | task1=3.928397e-01 | |m1|=0.021477 | m1²=0.000461 | ||w||²/d=0.979135 | eps_adapter=1.900942e+00 | residual_overlap=-0.006134
[step      160] t/d=  0.800 | task1=3.927920e-01 | |m1|=0.021466 | m1²=0.000461 | ||w||²/d=0.978432 | eps_adapter=1.899649e+00 | residual_overlap=-0.006163
[step      170] t/d=  0.850 | task1=3.927692e-01 | |m1|=0.021628 | m1²=0.000468 | ||w||²/d=0.977829 | eps_adapter=1.898528e+00 | residual_overlap=-0.006171
[step      180] t/d=  0.900 | task1=3.927550e-01 | |m1|=0.021368 | m1²=0.000457 | ||w||²/d=0.977453 | eps_adapter=1.897856e+00 | residual_overlap=-0.006178
[step      190] t/d=  0.950 | task1=3.926653e-01 | |m1|=0.021387 | m1²=0.000457 | ||w||²/d=0.976401 | eps_adapter=1.895923e+00 | residual_overlap=-0.006170
[step      200] t/d=  1.000 | task1=3.925741e-01 | |m1|=0.021341 | m1²=0.000455 | ||w||²/d=0.975315 | eps_adapter=1.893934e+00 | residual_overlap=-0.006179
Saved checkpoint: results/quality_pretraining/finetunetask1_d200_T5/prestep_0_lr0p01_init1_wseed21_sgdseed22/checkpoints/step_000000200
[step      210] t/d=  1.050 | task1=3.925652e-01 | |m1|=0.021374 | m1²=0.000457 | ||w||²/d=0.974961 | eps_adapter=1.893282e+00 | residual_overlap=-0.006153
[step      220] t/d=  1.100 | task1=3.924992e-01 | |m1|=0.021372 | m1²=0.000457 | ||w||²/d=0.974089 | eps_adapter=1.891684e+00 | residual_overlap=-0.006184
[step      230] t/d=  1.150 | task1=3.923314e-01 | |m1|=0.021443 | m1²=0.000460 | ||w||²/d=0.972370 | eps_adapter=1.888534e+00 | residual_overlap=-0.006153
[step      240] t/d=  1.200 | task1=3.922565e-01 | |m1|=0.021595 | m1²=0.000466 | ||w||²/d=0.971387 | eps_adapter=1.886723e+00 | residual_overlap=-0.006136
[step      250] t/d=  1.250 | task1=3.921862e-01 | |m1|=0.021604 | m1²=0.000467 | ||w||²/d=0.970644 | eps_adapter=1.885366e+00 | residual_overlap=-0.006133
[step      260] t/d=  1.300 | task1=3.921269e-01 | |m1|=0.021713 | m1²=0.000471 | ||w||²/d=0.969769 | eps_adapter=1.883762e+00 | residual_overlap=-0.006145
[step      270] t/d=  1.350 | task1=3.921086e-01 | |m1|=0.021727 | m1²=0.000472 | ||w||²/d=0.969397 | eps_adapter=1.883082e+00 | residual_overlap=-0.006109
[step      280] t/d=  1.400 | task1=3.920062e-01 | |m1|=0.021679 | m1²=0.000470 | ||w||²/d=0.968399 | eps_adapter=1.881268e+00 | residual_overlap=-0.006117
[step      290] t/d=  1.450 | task1=3.919672e-01 | |m1|=0.021873 | m1²=0.000478 | ||w||²/d=0.967759 | eps_adapter=1.880086e+00 | residual_overlap=-0.006127
[step      300] t/d=  1.500 | task1=3.919217e-01 | |m1|=0.021996 | m1²=0.000484 | ||w||²/d=0.967167 | eps_adapter=1.878999e+00 | residual_overlap=-0.006131
[step      310] t/d=  1.550 | task1=3.918634e-01 | |m1|=0.022360 | m1²=0.000500 | ||w||²/d=0.966613 | eps_adapter=1.877963e+00 | residual_overlap=-0.006125
[step      320] t/d=  1.600 | task1=3.917609e-01 | |m1|=0.022072 | m1²=0.000487 | ||w||²/d=0.965301 | eps_adapter=1.875603e+00 | residual_overlap=-0.006136
[step      330] t/d=  1.650 | task1=3.916939e-01 | |m1|=0.021909 | m1²=0.000480 | ||w||²/d=0.964436 | eps_adapter=1.874048e+00 | residual_overlap=-0.006123
[step      340] t/d=  1.700 | task1=3.916075e-01 | |m1|=0.022022 | m1²=0.000485 | ||w||²/d=0.963468 | eps_adapter=1.872283e+00 | residual_overlap=-0.006165
[step      350] t/d=  1.750 | task1=3.915905e-01 | |m1|=0.021995 | m1²=0.000484 | ||w||²/d=0.963065 | eps_adapter=1.871556e+00 | residual_overlap=-0.006155
[step      360] t/d=  1.800 | task1=3.914976e-01 | |m1|=0.021876 | m1²=0.000479 | ||w||²/d=0.962099 | eps_adapter=1.869817e+00 | residual_overlap=-0.006105
[step      370] t/d=  1.850 | task1=3.913724e-01 | |m1|=0.021886 | m1²=0.000479 | ||w||²/d=0.960790 | eps_adapter=1.867450e+00 | residual_overlap=-0.006121
[step      380] t/d=  1.900 | task1=3.912897e-01 | |m1|=0.021961 | m1²=0.000482 | ||w||²/d=0.959766 | eps_adapter=1.865594e+00 | residual_overlap=-0.006118
[step      390] t/d=  1.950 | task1=3.912065e-01 | |m1|=0.021935 | m1²=0.000481 | ||w||²/d=0.958844 | eps_adapter=1.863934e+00 | residual_overlap=-0.006140
[step      400] t/d=  2.000 | task1=3.911552e-01 | |m1|=0.021889 | m1²=0.000479 | ||w||²/d=0.958301 | eps_adapter=1.862958e+00 | residual_overlap=-0.006116
Saved checkpoint: results/quality_pretraining/finetunetask1_d200_T5/prestep_0_lr0p01_init1_wseed21_sgdseed22/checkpoints/step_000000400
[step      410] t/d=  2.050 | task1=3.911373e-01 | |m1|=0.021622 | m1²=0.000468 | ||w||²/d=0.958022 | eps_adapter=1.862477e+00 | residual_overlap=-0.006101
[step      420] t/d=  2.100 | task1=3.910599e-01 | |m1|=0.021912 | m1²=0.000480 | ||w||²/d=0.956639 | eps_adapter=1.859963e+00 | residual_overlap=-0.006090
[step      430] t/d=  2.150 | task1=3.910061e-01 | |m1|=0.021846 | m1²=0.000477 | ||w||²/d=0.956134 | eps_adapter=1.859061e+00 | residual_overlap=-0.006099
[step      440] t/d=  2.200 | task1=3.909158e-01 | |m1|=0.021831 | m1²=0.000477 | ||w||²/d=0.954969 | eps_adapter=1.856970e+00 | residual_overlap=-0.006134
[step      450] t/d=  2.250 | task1=3.908257e-01 | |m1|=0.022139 | m1²=0.000490 | ||w||²/d=0.953922 | eps_adapter=1.855066e+00 | residual_overlap=-0.006125
[step      460] t/d=  2.300 | task1=3.908025e-01 | |m1|=0.022106 | m1²=0.000489 | ||w||²/d=0.953611 | eps_adapter=1.854511e+00 | residual_overlap=-0.006101
[step      470] t/d=  2.350 | task1=3.907178e-01 | |m1|=0.021945 | m1²=0.000482 | ||w||²/d=0.952686 | eps_adapter=1.852865e+00 | residual_overlap=-0.006110
[step      480] t/d=  2.400 | task1=3.906896e-01 | |m1|=0.021949 | m1²=0.000482 | ||w||²/d=0.952298 | eps_adapter=1.852171e+00 | residual_overlap=-0.006103
[step      490] t/d=  2.450 | task1=3.906236e-01 | |m1|=0.021938 | m1²=0.000481 | ||w||²/d=0.951605 | eps_adapter=1.850930e+00 | residual_overlap=-0.006055
[step      500] t/d=  2.500 | task1=3.905205e-01 | |m1|=0.021887 | m1²=0.000479 | ||w||²/d=0.950450 | eps_adapter=1.848870e+00 | residual_overlap=-0.006024
[step      510] t/d=  2.550 | task1=3.904385e-01 | |m1|=0.021933 | m1²=0.000481 | ||w||²/d=0.949710 | eps_adapter=1.847543e+00 | residual_overlap=-0.005992
[step      520] t/d=  2.600 | task1=3.903359e-01 | |m1|=0.021929 | m1²=0.000481 | ||w||²/d=0.948399 | eps_adapter=1.845205e+00 | residual_overlap=-0.006023
[step      530] t/d=  2.650 | task1=3.903038e-01 | |m1|=0.022127 | m1²=0.000490 | ||w||²/d=0.948024 | eps_adapter=1.844520e+00 | residual_overlap=-0.006029
[step      540] t/d=  2.700 | task1=3.902479e-01 | |m1|=0.021757 | m1²=0.000473 | ||w||²/d=0.947450 | eps_adapter=1.843528e+00 | residual_overlap=-0.006005
[step      550] t/d=  2.750 | task1=3.902184e-01 | |m1|=0.021845 | m1²=0.000477 | ||w||²/d=0.946979 | eps_adapter=1.842681e+00 | residual_overlap=-0.006016
[step      560] t/d=  2.800 | task1=3.901745e-01 | |m1|=0.021888 | m1²=0.000479 | ||w||²/d=0.946479 | eps_adapter=1.841788e+00 | residual_overlap=-0.006014
[step      570] t/d=  2.850 | task1=3.900755e-01 | |m1|=0.022050 | m1²=0.000486 | ||w||²/d=0.945338 | eps_adapter=1.839745e+00 | residual_overlap=-0.005996
[step      580] t/d=  2.900 | task1=3.900570e-01 | |m1|=0.022216 | m1²=0.000494 | ||w||²/d=0.945247 | eps_adapter=1.839570e+00 | residual_overlap=-0.005998
[step      590] t/d=  2.950 | task1=3.899673e-01 | |m1|=0.022008 | m1²=0.000484 | ||w||²/d=0.944112 | eps_adapter=1.837570e+00 | residual_overlap=-0.005984
[step      600] t/d=  3.000 | task1=3.899089e-01 | |m1|=0.021894 | m1²=0.000479 | ||w||²/d=0.943564 | eps_adapter=1.836607e+00 | residual_overlap=-0.005998
[step      610] t/d=  3.050 | task1=3.898099e-01 | |m1|=0.021852 | m1²=0.000478 | ||w||²/d=0.942484 | eps_adapter=1.834695e+00 | residual_overlap=-0.005974
[step      620] t/d=  3.100 | task1=3.897402e-01 | |m1|=0.021786 | m1²=0.000475 | ||w||²/d=0.941570 | eps_adapter=1.833081e+00 | residual_overlap=-0.005962
[step      630] t/d=  3.150 | task1=3.896940e-01 | |m1|=0.021654 | m1²=0.000469 | ||w||²/d=0.940836 | eps_adapter=1.831792e+00 | residual_overlap=-0.005955
[step      640] t/d=  3.200 | task1=3.896261e-01 | |m1|=0.021764 | m1²=0.000474 | ||w||²/d=0.940158 | eps_adapter=1.830585e+00 | residual_overlap=-0.005948
[step      650] t/d=  3.250 | task1=3.895541e-01 | |m1|=0.021855 | m1²=0.000478 | ||w||²/d=0.939338 | eps_adapter=1.829129e+00 | residual_overlap=-0.005942
[step      660] t/d=  3.300 | task1=3.894787e-01 | |m1|=0.021876 | m1²=0.000479 | ||w||²/d=0.938403 | eps_adapter=1.827477e+00 | residual_overlap=-0.005919
[step      670] t/d=  3.350 | task1=3.894106e-01 | |m1|=0.021770 | m1²=0.000474 | ||w||²/d=0.937639 | eps_adapter=1.826138e+00 | residual_overlap=-0.005922
[step      680] t/d=  3.400 | task1=3.893684e-01 | |m1|=0.021709 | m1²=0.000471 | ||w||²/d=0.937175 | eps_adapter=1.825325e+00 | residual_overlap=-0.005893
[step      690] t/d=  3.450 | task1=3.893209e-01 | |m1|=0.021770 | m1²=0.000474 | ||w||²/d=0.936772 | eps_adapter=1.824610e+00 | residual_overlap=-0.005886
[step      700] t/d=  3.500 | task1=3.892642e-01 | |m1|=0.021676 | m1²=0.000470 | ||w||²/d=0.936068 | eps_adapter=1.823377e+00 | residual_overlap=-0.005854
[step      710] t/d=  3.550 | task1=3.891841e-01 | |m1|=0.021712 | m1²=0.000471 | ||w||²/d=0.934834 | eps_adapter=1.821204e+00 | residual_overlap=-0.005840
[step      720] t/d=  3.600 | task1=3.891644e-01 | |m1|=0.021657 | m1²=0.000469 | ||w||²/d=0.934557 | eps_adapter=1.820722e+00 | residual_overlap=-0.005905
[step      730] t/d=  3.650 | task1=3.890848e-01 | |m1|=0.021566 | m1²=0.000465 | ||w||²/d=0.933782 | eps_adapter=1.819368e+00 | residual_overlap=-0.005884
[step      740] t/d=  3.700 | task1=3.890578e-01 | |m1|=0.021352 | m1²=0.000456 | ||w||²/d=0.933541 | eps_adapter=1.818961e+00 | residual_overlap=-0.005853
[step      750] t/d=  3.750 | task1=3.889931e-01 | |m1|=0.021442 | m1²=0.000460 | ||w||²/d=0.932814 | eps_adapter=1.817678e+00 | residual_overlap=-0.005853
[step      760] t/d=  3.800 | task1=3.889310e-01 | |m1|=0.021616 | m1²=0.000467 | ||w||²/d=0.932124 | eps_adapter=1.816454e+00 | residual_overlap=-0.005848
[step      770] t/d=  3.850 | task1=3.888338e-01 | |m1|=0.021683 | m1²=0.000470 | ||w||²/d=0.931346 | eps_adapter=1.815086e+00 | residual_overlap=-0.005870
[step      780] t/d=  3.900 | task1=3.887111e-01 | |m1|=0.021750 | m1²=0.000473 | ||w||²/d=0.930375 | eps_adapter=1.813382e+00 | residual_overlap=-0.005851
[step      790] t/d=  3.950 | task1=3.886375e-01 | |m1|=0.021720 | m1²=0.000472 | ||w||²/d=0.929438 | eps_adapter=1.811745e+00 | residual_overlap=-0.005849
[step      800] t/d=  4.000 | task1=3.885890e-01 | |m1|=0.021779 | m1²=0.000474 | ||w||²/d=0.928492 | eps_adapter=1.810089e+00 | residual_overlap=-0.005863
[step      810] t/d=  4.050 | task1=3.884708e-01 | |m1|=0.021953 | m1²=0.000482 | ||w||²/d=0.927065 | eps_adapter=1.807586e+00 | residual_overlap=-0.005877
[step      820] t/d=  4.100 | task1=3.883710e-01 | |m1|=0.021780 | m1²=0.000474 | ||w||²/d=0.926160 | eps_adapter=1.806022e+00 | residual_overlap=-0.005859
[step      830] t/d=  4.150 | task1=3.883672e-01 | |m1|=0.021810 | m1²=0.000476 | ||w||²/d=0.925992 | eps_adapter=1.805728e+00 | residual_overlap=-0.005867
[step      840] t/d=  4.200 | task1=3.883011e-01 | |m1|=0.021928 | m1²=0.000481 | ||w||²/d=0.925192 | eps_adapter=1.804325e+00 | residual_overlap=-0.005897
[step      850] t/d=  4.250 | task1=3.882125e-01 | |m1|=0.022166 | m1²=0.000491 | ||w||²/d=0.924062 | eps_adapter=1.802342e+00 | residual_overlap=-0.005882
[step      860] t/d=  4.300 | task1=3.881495e-01 | |m1|=0.021887 | m1²=0.000479 | ||w||²/d=0.923305 | eps_adapter=1.801051e+00 | residual_overlap=-0.005843
[step      870] t/d=  4.350 | task1=3.881103e-01 | |m1|=0.021920 | m1²=0.000480 | ||w||²/d=0.922868 | eps_adapter=1.800288e+00 | residual_overlap=-0.005849
[step      880] t/d=  4.400 | task1=3.880406e-01 | |m1|=0.022108 | m1²=0.000489 | ||w||²/d=0.921900 | eps_adapter=1.798594e+00 | residual_overlap=-0.005817
[step      890] t/d=  4.450 | task1=3.879884e-01 | |m1|=0.022357 | m1²=0.000500 | ||w||²/d=0.921235 | eps_adapter=1.797422e+00 | residual_overlap=-0.005791
[step      900] t/d=  4.500 | task1=3.879019e-01 | |m1|=0.022293 | m1²=0.000497 | ||w||²/d=0.920532 | eps_adapter=1.796211e+00 | residual_overlap=-0.005752
[step      910] t/d=  4.550 | task1=3.878464e-01 | |m1|=0.022338 | m1²=0.000499 | ||w||²/d=0.919902 | eps_adapter=1.795117e+00 | residual_overlap=-0.005787
[step      920] t/d=  4.600 | task1=3.877592e-01 | |m1|=0.022472 | m1²=0.000505 | ||w||²/d=0.918942 | eps_adapter=1.793447e+00 | residual_overlap=-0.005756
[step      930] t/d=  4.650 | task1=3.876557e-01 | |m1|=0.022250 | m1²=0.000495 | ||w||²/d=0.917799 | eps_adapter=1.791491e+00 | residual_overlap=-0.005734
[step      940] t/d=  4.700 | task1=3.875867e-01 | |m1|=0.022374 | m1²=0.000501 | ||w||²/d=0.916883 | eps_adapter=1.789901e+00 | residual_overlap=-0.005706
[step      950] t/d=  4.750 | task1=3.875191e-01 | |m1|=0.022388 | m1²=0.000501 | ||w||²/d=0.916144 | eps_adapter=1.788627e+00 | residual_overlap=-0.005705
[step      960] t/d=  4.800 | task1=3.874355e-01 | |m1|=0.022442 | m1²=0.000504 | ||w||²/d=0.915328 | eps_adapter=1.787217e+00 | residual_overlap=-0.005699
[step      970] t/d=  4.850 | task1=3.873818e-01 | |m1|=0.022465 | m1²=0.000505 | ||w||²/d=0.914695 | eps_adapter=1.786126e+00 | residual_overlap=-0.005661
[step      980] t/d=  4.900 | task1=3.873169e-01 | |m1|=0.022114 | m1²=0.000489 | ||w||²/d=0.913695 | eps_adapter=1.784435e+00 | residual_overlap=-0.005684
[step      990] t/d=  4.950 | task1=3.872745e-01 | |m1|=0.022083 | m1²=0.000488 | ||w||²/d=0.913087 | eps_adapter=1.783393e+00 | residual_overlap=-0.005695
[step     1000] t/d=  5.000 | task1=3.872388e-01 | |m1|=0.021876 | m1²=0.000479 | ||w||²/d=0.912533 | eps_adapter=1.782458e+00 | residual_overlap=-0.005703
Saved checkpoint: results/quality_pretraining/finetunetask1_d200_T5/prestep_0_lr0p01_init1_wseed21_sgdseed22/checkpoints/step_000001000
[step     1040] t/d=  5.200 | task1=3.868860e-01 | |m1|=0.021542 | m1²=0.000464 | ||w||²/d=0.908190 | eps_adapter=1.775049e+00 | residual_overlap=-0.005648
[step     1080] t/d=  5.400 | task1=3.866163e-01 | |m1|=0.021408 | m1²=0.000458 | ||w||²/d=0.904929 | eps_adapter=1.769501e+00 | residual_overlap=-0.005633
[step     1120] t/d=  5.600 | task1=3.864605e-01 | |m1|=0.021409 | m1²=0.000458 | ||w||²/d=0.902835 | eps_adapter=1.765941e+00 | residual_overlap=-0.005630
[step     1160] t/d=  5.800 | task1=3.862200e-01 | |m1|=0.021229 | m1²=0.000451 | ||w||²/d=0.899444 | eps_adapter=1.760209e+00 | residual_overlap=-0.005637
[step     1200] t/d=  6.000 | task1=3.859788e-01 | |m1|=0.020926 | m1²=0.000438 | ||w||²/d=0.897010 | eps_adapter=1.756120e+00 | residual_overlap=-0.005584
[step     1240] t/d=  6.200 | task1=3.857779e-01 | |m1|=0.021172 | m1²=0.000448 | ||w||²/d=0.894819 | eps_adapter=1.752412e+00 | residual_overlap=-0.005479
[step     1280] t/d=  6.400 | task1=3.855592e-01 | |m1|=0.021031 | m1²=0.000442 | ||w||²/d=0.892297 | eps_adapter=1.748185e+00 | residual_overlap=-0.005420
[step     1320] t/d=  6.600 | task1=3.853056e-01 | |m1|=0.021121 | m1²=0.000446 | ||w||²/d=0.889403 | eps_adapter=1.743331e+00 | residual_overlap=-0.005371
[step     1360] t/d=  6.800 | task1=3.851556e-01 | |m1|=0.020815 | m1²=0.000433 | ||w||²/d=0.887345 | eps_adapter=1.739914e+00 | residual_overlap=-0.005253
[step     1400] t/d=  7.000 | task1=3.848945e-01 | |m1|=0.020449 | m1²=0.000418 | ||w||²/d=0.884622 | eps_adapter=1.735404e+00 | residual_overlap=-0.005256
[step     1440] t/d=  7.200 | task1=3.847306e-01 | |m1|=0.020319 | m1²=0.000413 | ||w||²/d=0.882648 | eps_adapter=1.732133e+00 | residual_overlap=-0.005253
[step     1480] t/d=  7.400 | task1=3.844459e-01 | |m1|=0.020277 | m1²=0.000411 | ||w||²/d=0.879223 | eps_adapter=1.726462e+00 | residual_overlap=-0.005227
[step     1520] t/d=  7.600 | task1=3.842623e-01 | |m1|=0.020206 | m1²=0.000408 | ||w||²/d=0.876840 | eps_adapter=1.722532e+00 | residual_overlap=-0.005191
[step     1560] t/d=  7.800 | task1=3.840484e-01 | |m1|=0.020090 | m1²=0.000404 | ||w||²/d=0.874307 | eps_adapter=1.718371e+00 | residual_overlap=-0.005177
[step     1600] t/d=  8.000 | task1=3.838770e-01 | |m1|=0.020259 | m1²=0.000410 | ||w||²/d=0.872018 | eps_adapter=1.714601e+00 | residual_overlap=-0.005130
[step     1640] t/d=  8.200 | task1=3.836493e-01 | |m1|=0.020575 | m1²=0.000423 | ||w||²/d=0.869137 | eps_adapter=1.709861e+00 | residual_overlap=-0.005090
[step     1680] t/d=  8.400 | task1=3.834168e-01 | |m1|=0.020259 | m1²=0.000410 | ||w||²/d=0.865689 | eps_adapter=1.704259e+00 | residual_overlap=-0.005024
[step     1720] t/d=  8.600 | task1=3.831761e-01 | |m1|=0.020494 | m1²=0.000420 | ||w||²/d=0.862755 | eps_adapter=1.699475e+00 | residual_overlap=-0.005004
[step     1760] t/d=  8.800 | task1=3.829127e-01 | |m1|=0.020809 | m1²=0.000433 | ||w||²/d=0.859721 | eps_adapter=1.694541e+00 | residual_overlap=-0.004913
[step     1800] t/d=  9.000 | task1=3.827084e-01 | |m1|=0.020778 | m1²=0.000432 | ||w||²/d=0.857489 | eps_adapter=1.690940e+00 | residual_overlap=-0.004847
[step     1840] t/d=  9.200 | task1=3.824681e-01 | |m1|=0.021367 | m1²=0.000457 | ||w||²/d=0.854518 | eps_adapter=1.686117e+00 | residual_overlap=-0.004747
[step     1880] t/d=  9.400 | task1=3.821869e-01 | |m1|=0.021656 | m1²=0.000469 | ||w||²/d=0.850854 | eps_adapter=1.680222e+00 | residual_overlap=-0.004699
[step     1920] t/d=  9.600 | task1=3.820382e-01 | |m1|=0.022233 | m1²=0.000494 | ||w||²/d=0.849121 | eps_adapter=1.677410e+00 | residual_overlap=-0.004604
[step     1960] t/d=  9.800 | task1=3.817854e-01 | |m1|=0.022533 | m1²=0.000508 | ||w||²/d=0.846427 | eps_adapter=1.673093e+00 | residual_overlap=-0.004533
[step     2000] t/d= 10.000 | task1=3.815333e-01 | |m1|=0.022600 | m1²=0.000511 | ||w||²/d=0.843632 | eps_adapter=1.668648e+00 | residual_overlap=-0.004438
Saved checkpoint: results/quality_pretraining/finetunetask1_d200_T5/prestep_0_lr0p01_init1_wseed21_sgdseed22/checkpoints/step_000002000
[step     2040] t/d= 10.200 | task1=3.813492e-01 | |m1|=0.023012 | m1²=0.000530 | ||w||²/d=0.841625 | eps_adapter=1.665438e+00 | residual_overlap=-0.004376
[step     2080] t/d= 10.400 | task1=3.810864e-01 | |m1|=0.023020 | m1²=0.000530 | ||w||²/d=0.838505 | eps_adapter=1.660509e+00 | residual_overlap=-0.004351
[step     2120] t/d= 10.600 | task1=3.808102e-01 | |m1|=0.023137 | m1²=0.000535 | ||w||²/d=0.834875 | eps_adapter=1.654790e+00 | residual_overlap=-0.004336
[step     2160] t/d= 10.800 | task1=3.805675e-01 | |m1|=0.023000 | m1²=0.000529 | ||w||²/d=0.831549 | eps_adapter=1.649590e+00 | residual_overlap=-0.004348
[step     2200] t/d= 11.000 | task1=3.803151e-01 | |m1|=0.023064 | m1²=0.000532 | ||w||²/d=0.828382 | eps_adapter=1.644644e+00 | residual_overlap=-0.004290
[step     2240] t/d= 11.200 | task1=3.800334e-01 | |m1|=0.023056 | m1²=0.000532 | ||w||²/d=0.825149 | eps_adapter=1.639618e+00 | residual_overlap=-0.004185
[step     2280] t/d= 11.400 | task1=3.797784e-01 | |m1|=0.023668 | m1²=0.000560 | ||w||²/d=0.822058 | eps_adapter=1.634788e+00 | residual_overlap=-0.004083
[step     2320] t/d= 11.600 | task1=3.795525e-01 | |m1|=0.024207 | m1²=0.000586 | ||w||²/d=0.819194 | eps_adapter=1.630327e+00 | residual_overlap=-0.004092
[step     2360] t/d= 11.800 | task1=3.793147e-01 | |m1|=0.024602 | m1²=0.000605 | ||w||²/d=0.816619 | eps_adapter=1.626337e+00 | residual_overlap=-0.004065
[step     2400] t/d= 12.000 | task1=3.790323e-01 | |m1|=0.024760 | m1²=0.000613 | ||w||²/d=0.813469 | eps_adapter=1.621499e+00 | residual_overlap=-0.004030
[step     2440] t/d= 12.200 | task1=3.787747e-01 | |m1|=0.024461 | m1²=0.000598 | ||w||²/d=0.810302 | eps_adapter=1.616689e+00 | residual_overlap=-0.004017
[step     2480] t/d= 12.400 | task1=3.785993e-01 | |m1|=0.024974 | m1²=0.000624 | ||w||²/d=0.808051 | eps_adapter=1.613224e+00 | residual_overlap=-0.003936
[step     2520] t/d= 12.600 | task1=3.784258e-01 | |m1|=0.025010 | m1²=0.000626 | ||w||²/d=0.805689 | eps_adapter=1.609640e+00 | residual_overlap=-0.003905
[step     2560] t/d= 12.800 | task1=3.781946e-01 | |m1|=0.025132 | m1²=0.000632 | ||w||²/d=0.802939 | eps_adapter=1.605472e+00 | residual_overlap=-0.003881
[step     2600] t/d= 13.000 | task1=3.780007e-01 | |m1|=0.025253 | m1²=0.000638 | ||w||²/d=0.800876 | eps_adapter=1.602353e+00 | residual_overlap=-0.003898
[step     2640] t/d= 13.200 | task1=3.778183e-01 | |m1|=0.025099 | m1²=0.000630 | ||w||²/d=0.798876 | eps_adapter=1.599358e+00 | residual_overlap=-0.003805
[step     2680] t/d= 13.400 | task1=3.774891e-01 | |m1|=0.025452 | m1²=0.000648 | ||w||²/d=0.794948 | eps_adapter=1.593446e+00 | residual_overlap=-0.003793
[step     2720] t/d= 13.600 | task1=3.772307e-01 | |m1|=0.025052 | m1²=0.000628 | ||w||²/d=0.791808 | eps_adapter=1.588794e+00 | residual_overlap=-0.003731
[step     2760] t/d= 13.800 | task1=3.769833e-01 | |m1|=0.025065 | m1²=0.000628 | ||w||²/d=0.787923 | eps_adapter=1.583025e+00 | residual_overlap=-0.003685
[step     2800] t/d= 14.000 | task1=3.768222e-01 | |m1|=0.024448 | m1²=0.000598 | ||w||²/d=0.785872 | eps_adapter=1.580037e+00 | residual_overlap=-0.003684
[step     2840] t/d= 14.200 | task1=3.766418e-01 | |m1|=0.024333 | m1²=0.000592 | ||w||²/d=0.783679 | eps_adapter=1.576811e+00 | residual_overlap=-0.003644
[step     2880] t/d= 14.400 | task1=3.763601e-01 | |m1|=0.024115 | m1²=0.000582 | ||w||²/d=0.779864 | eps_adapter=1.571220e+00 | residual_overlap=-0.003551
[step     2920] t/d= 14.600 | task1=3.761761e-01 | |m1|=0.024231 | m1²=0.000587 | ||w||²/d=0.777481 | eps_adapter=1.567723e+00 | residual_overlap=-0.003491
[step     2960] t/d= 14.800 | task1=3.759961e-01 | |m1|=0.024872 | m1²=0.000619 | ||w||²/d=0.775178 | eps_adapter=1.564316e+00 | residual_overlap=-0.003414
[step     3000] t/d= 15.000 | task1=3.758110e-01 | |m1|=0.024780 | m1²=0.000614 | ||w||²/d=0.773032 | eps_adapter=1.561199e+00 | residual_overlap=-0.003458
[step     3040] t/d= 15.200 | task1=3.754877e-01 | |m1|=0.024949 | m1²=0.000622 | ||w||²/d=0.769962 | eps_adapter=1.556735e+00 | residual_overlap=-0.003370
[step     3080] t/d= 15.400 | task1=3.753660e-01 | |m1|=0.024923 | m1²=0.000621 | ||w||²/d=0.768556 | eps_adapter=1.554703e+00 | residual_overlap=-0.003305
[step     3120] t/d= 15.600 | task1=3.751066e-01 | |m1|=0.024909 | m1²=0.000620 | ||w||²/d=0.765614 | eps_adapter=1.550462e+00 | residual_overlap=-0.003245
[step     3160] t/d= 15.800 | task1=3.749821e-01 | |m1|=0.024815 | m1²=0.000616 | ||w||²/d=0.763904 | eps_adapter=1.548011e+00 | residual_overlap=-0.003142
[step     3200] t/d= 16.000 | task1=3.748461e-01 | |m1|=0.024899 | m1²=0.000620 | ||w||²/d=0.762047 | eps_adapter=1.545341e+00 | residual_overlap=-0.003071
[step     3240] t/d= 16.200 | task1=3.746245e-01 | |m1|=0.025046 | m1²=0.000627 | ||w||²/d=0.759432 | eps_adapter=1.541591e+00 | residual_overlap=-0.003059
[step     3280] t/d= 16.400 | task1=3.744649e-01 | |m1|=0.025424 | m1²=0.000646 | ||w||²/d=0.757477 | eps_adapter=1.538775e+00 | residual_overlap=-0.003010
[step     3320] t/d= 16.600 | task1=3.742136e-01 | |m1|=0.025484 | m1²=0.000649 | ||w||²/d=0.754619 | eps_adapter=1.534709e+00 | residual_overlap=-0.002975
[step     3360] t/d= 16.800 | task1=3.739201e-01 | |m1|=0.025474 | m1²=0.000649 | ||w||²/d=0.751008 | eps_adapter=1.529601e+00 | residual_overlap=-0.002978
[step     3400] t/d= 17.000 | task1=3.737024e-01 | |m1|=0.026058 | m1²=0.000679 | ||w||²/d=0.748423 | eps_adapter=1.525914e+00 | residual_overlap=-0.002859
[step     3440] t/d= 17.200 | task1=3.734893e-01 | |m1|=0.025980 | m1²=0.000675 | ||w||²/d=0.745985 | eps_adapter=1.522496e+00 | residual_overlap=-0.002806
[step     3480] t/d= 17.400 | task1=3.732845e-01 | |m1|=0.025849 | m1²=0.000668 | ||w||²/d=0.743154 | eps_adapter=1.518544e+00 | residual_overlap=-0.002736
[step     3520] t/d= 17.600 | task1=3.730996e-01 | |m1|=0.026078 | m1²=0.000680 | ||w||²/d=0.740733 | eps_adapter=1.515150e+00 | residual_overlap=-0.002711
[step     3560] t/d= 17.800 | task1=3.728801e-01 | |m1|=0.025823 | m1²=0.000667 | ||w||²/d=0.737965 | eps_adapter=1.511323e+00 | residual_overlap=-0.002681
[step     3600] t/d= 18.000 | task1=3.727224e-01 | |m1|=0.026356 | m1²=0.000695 | ||w||²/d=0.735909 | eps_adapter=1.508436e+00 | residual_overlap=-0.002523
[step     3640] t/d= 18.200 | task1=3.725795e-01 | |m1|=0.026974 | m1²=0.000728 | ||w||²/d=0.733490 | eps_adapter=1.505048e+00 | residual_overlap=-0.002510
[step     3680] t/d= 18.400 | task1=3.723765e-01 | |m1|=0.027287 | m1²=0.000745 | ||w||²/d=0.731181 | eps_adapter=1.501847e+00 | residual_overlap=-0.002406
[step     3720] t/d= 18.600 | task1=3.721498e-01 | |m1|=0.027513 | m1²=0.000757 | ||w||²/d=0.728508 | eps_adapter=1.498162e+00 | residual_overlap=-0.002352
[step     3760] t/d= 18.800 | task1=3.719042e-01 | |m1|=0.027846 | m1²=0.000775 | ||w||²/d=0.725908 | eps_adapter=1.494583e+00 | residual_overlap=-0.002229
[step     3800] t/d= 19.000 | task1=3.717493e-01 | |m1|=0.027725 | m1²=0.000769 | ||w||²/d=0.724203 | eps_adapter=1.492269e+00 | residual_overlap=-0.002120
[step     3840] t/d= 19.200 | task1=3.715236e-01 | |m1|=0.027608 | m1²=0.000762 | ||w||²/d=0.721259 | eps_adapter=1.488280e+00 | residual_overlap=-0.002011
[step     3880] t/d= 19.400 | task1=3.713845e-01 | |m1|=0.027370 | m1²=0.000749 | ||w||²/d=0.719287 | eps_adapter=1.485629e+00 | residual_overlap=-0.002044
[step     3920] t/d= 19.600 | task1=3.712185e-01 | |m1|=0.028137 | m1²=0.000792 | ||w||²/d=0.717192 | eps_adapter=1.482742e+00 | residual_overlap=-0.002010
[step     3960] t/d= 19.800 | task1=3.710060e-01 | |m1|=0.028398 | m1²=0.000806 | ||w||²/d=0.714801 | eps_adapter=1.479504e+00 | residual_overlap=-0.001885
[step     4000] t/d= 20.000 | task1=3.708147e-01 | |m1|=0.028604 | m1²=0.000818 | ||w||²/d=0.712454 | eps_adapter=1.476341e+00 | residual_overlap=-0.001799
Saved checkpoint: results/quality_pretraining/finetunetask1_d200_T5/prestep_0_lr0p01_init1_wseed21_sgdseed22/checkpoints/step_000004000
[step     4100] t/d= 20.500 | task1=3.702821e-01 | |m1|=0.029381 | m1²=0.000863 | ||w||²/d=0.705558 | eps_adapter=1.467092e+00 | residual_overlap=-0.001670
[step     4200] t/d= 21.000 | task1=3.698433e-01 | |m1|=0.029748 | m1²=0.000885 | ||w||²/d=0.699311 | eps_adapter=1.458818e+00 | residual_overlap=-0.001602
[step     4300] t/d= 21.500 | task1=3.694603e-01 | |m1|=0.029779 | m1²=0.000887 | ||w||²/d=0.694265 | eps_adapter=1.452209e+00 | residual_overlap=-0.001508
[step     4400] t/d= 22.000 | task1=3.689270e-01 | |m1|=0.029146 | m1²=0.000849 | ||w||²/d=0.687632 | eps_adapter=1.443647e+00 | residual_overlap=-0.001318
[step     4500] t/d= 22.500 | task1=3.684821e-01 | |m1|=0.029345 | m1²=0.000861 | ||w||²/d=0.682669 | eps_adapter=1.437244e+00 | residual_overlap=-0.001111
[step     4600] t/d= 23.000 | task1=3.681054e-01 | |m1|=0.029045 | m1²=0.000844 | ||w||²/d=0.678263 | eps_adapter=1.431633e+00 | residual_overlap=-0.000949
[step     4700] t/d= 23.500 | task1=3.676846e-01 | |m1|=0.028883 | m1²=0.000834 | ||w||²/d=0.672997 | eps_adapter=1.424960e+00 | residual_overlap=-0.000848
[step     4800] t/d= 24.000 | task1=3.672955e-01 | |m1|=0.029865 | m1²=0.000892 | ||w||²/d=0.668246 | eps_adapter=1.418900e+00 | residual_overlap=-0.000710
[step     4900] t/d= 24.500 | task1=3.669255e-01 | |m1|=0.029660 | m1²=0.000880 | ||w||²/d=0.663549 | eps_adapter=1.413038e+00 | residual_overlap=-0.000697
[step     5000] t/d= 25.000 | task1=3.665056e-01 | |m1|=0.029852 | m1²=0.000891 | ||w||²/d=0.658954 | eps_adapter=1.407316e+00 | residual_overlap=-0.000483
[step     5100] t/d= 25.500 | task1=3.661180e-01 | |m1|=0.029766 | m1²=0.000886 | ||w||²/d=0.653768 | eps_adapter=1.400928e+00 | residual_overlap=-0.000413
[step     5200] t/d= 26.000 | task1=3.657275e-01 | |m1|=0.030399 | m1²=0.000924 | ||w||²/d=0.648373 | eps_adapter=1.394280e+00 | residual_overlap=-0.000293
[step     5300] t/d= 26.500 | task1=3.652995e-01 | |m1|=0.029814 | m1²=0.000889 | ||w||²/d=0.642605 | eps_adapter=1.387330e+00 | residual_overlap=-0.000171
[step     5400] t/d= 27.000 | task1=3.648834e-01 | |m1|=0.029834 | m1²=0.000890 | ||w||²/d=0.636883 | eps_adapter=1.380452e+00 | residual_overlap=0.000054
[step     5500] t/d= 27.500 | task1=3.645605e-01 | |m1|=0.030785 | m1²=0.000948 | ||w||²/d=0.632585 | eps_adapter=1.375257e+00 | residual_overlap=0.000009
[step     5600] t/d= 28.000 | task1=3.642544e-01 | |m1|=0.030552 | m1²=0.000933 | ||w||²/d=0.628452 | eps_adapter=1.370378e+00 | residual_overlap=0.000080
[step     5700] t/d= 28.500 | task1=3.638970e-01 | |m1|=0.031912 | m1²=0.001018 | ||w||²/d=0.623578 | eps_adapter=1.364545e+00 | residual_overlap=0.000160
[step     5800] t/d= 29.000 | task1=3.635931e-01 | |m1|=0.032340 | m1²=0.001046 | ||w||²/d=0.619391 | eps_adapter=1.359624e+00 | residual_overlap=0.000292
[step     5900] t/d= 29.500 | task1=3.632573e-01 | |m1|=0.033535 | m1²=0.001125 | ||w||²/d=0.614828 | eps_adapter=1.354242e+00 | residual_overlap=0.000439
[step     6000] t/d= 30.000 | task1=3.629233e-01 | |m1|=0.033429 | m1²=0.001117 | ||w||²/d=0.610605 | eps_adapter=1.349392e+00 | residual_overlap=0.000488
[step     6100] t/d= 30.500 | task1=3.625750e-01 | |m1|=0.033654 | m1²=0.001133 | ||w||²/d=0.605855 | eps_adapter=1.343949e+00 | residual_overlap=0.000596
[step     6200] t/d= 31.000 | task1=3.622272e-01 | |m1|=0.033735 | m1²=0.001138 | ||w||²/d=0.601829 | eps_adapter=1.339377e+00 | residual_overlap=0.000649
[step     6300] t/d= 31.500 | task1=3.618180e-01 | |m1|=0.034076 | m1²=0.001161 | ||w||²/d=0.596589 | eps_adapter=1.333455e+00 | residual_overlap=0.000812
[step     6400] t/d= 32.000 | task1=3.614900e-01 | |m1|=0.033525 | m1²=0.001124 | ||w||²/d=0.592402 | eps_adapter=1.328825e+00 | residual_overlap=0.000968
[step     6500] t/d= 32.500 | task1=3.612819e-01 | |m1|=0.033880 | m1²=0.001148 | ||w||²/d=0.589400 | eps_adapter=1.325467e+00 | residual_overlap=0.001164
[step     6600] t/d= 33.000 | task1=3.609745e-01 | |m1|=0.032768 | m1²=0.001074 | ||w||²/d=0.585366 | eps_adapter=1.321102e+00 | residual_overlap=0.001297
[step     6700] t/d= 33.500 | task1=3.606633e-01 | |m1|=0.033100 | m1²=0.001096 | ||w||²/d=0.581014 | eps_adapter=1.316311e+00 | residual_overlap=0.001391
[step     6800] t/d= 34.000 | task1=3.604389e-01 | |m1|=0.033461 | m1²=0.001120 | ||w||²/d=0.577824 | eps_adapter=1.312814e+00 | residual_overlap=0.001484
[step     6900] t/d= 34.500 | task1=3.601712e-01 | |m1|=0.033636 | m1²=0.001131 | ||w||²/d=0.573666 | eps_adapter=1.308306e+00 | residual_overlap=0.001608
[step     7000] t/d= 35.000 | task1=3.598427e-01 | |m1|=0.033324 | m1²=0.001110 | ||w||²/d=0.569326 | eps_adapter=1.303673e+00 | residual_overlap=0.001730
[step     7100] t/d= 35.500 | task1=3.595783e-01 | |m1|=0.033985 | m1²=0.001155 | ||w||²/d=0.565452 | eps_adapter=1.299497e+00 | residual_overlap=0.001735
[step     7200] t/d= 36.000 | task1=3.592754e-01 | |m1|=0.034543 | m1²=0.001193 | ||w||²/d=0.561397 | eps_adapter=1.295166e+00 | residual_overlap=0.001878
[step     7300] t/d= 36.500 | task1=3.589567e-01 | |m1|=0.034633 | m1²=0.001199 | ||w||²/d=0.556588 | eps_adapter=1.290114e+00 | residual_overlap=0.002161
[step     7400] t/d= 37.000 | task1=3.586721e-01 | |m1|=0.035220 | m1²=0.001240 | ||w||²/d=0.552407 | eps_adapter=1.285718e+00 | residual_overlap=0.002291
[step     7500] t/d= 37.500 | task1=3.583497e-01 | |m1|=0.036154 | m1²=0.001307 | ||w||²/d=0.547595 | eps_adapter=1.280680e+00 | residual_overlap=0.002406
[step     7600] t/d= 38.000 | task1=3.580222e-01 | |m1|=0.036147 | m1²=0.001307 | ||w||²/d=0.542464 | eps_adapter=1.275431e+00 | residual_overlap=0.002460
[step     7700] t/d= 38.500 | task1=3.578009e-01 | |m1|=0.035844 | m1²=0.001285 | ||w||²/d=0.539058 | eps_adapter=1.271998e+00 | residual_overlap=0.002504
[step     7800] t/d= 39.000 | task1=3.574894e-01 | |m1|=0.035682 | m1²=0.001273 | ||w||²/d=0.535021 | eps_adapter=1.267941e+00 | residual_overlap=0.002662
[step     7900] t/d= 39.500 | task1=3.572444e-01 | |m1|=0.035211 | m1²=0.001240 | ||w||²/d=0.531728 | eps_adapter=1.264679e+00 | residual_overlap=0.002793
[step     8000] t/d= 40.000 | task1=3.567980e-01 | |m1|=0.035044 | m1²=0.001228 | ||w||²/d=0.526029 | eps_adapter=1.259034e+00 | residual_overlap=0.002953
[step     8100] t/d= 40.500 | task1=3.566102e-01 | |m1|=0.035471 | m1²=0.001258 | ||w||²/d=0.523148 | eps_adapter=1.256167e+00 | residual_overlap=0.002990
[step     8200] t/d= 41.000 | task1=3.564832e-01 | |m1|=0.035334 | m1²=0.001248 | ||w||²/d=0.520502 | eps_adapter=1.253586e+00 | residual_overlap=0.003022
[step     8300] t/d= 41.500 | task1=3.563237e-01 | |m1|=0.036085 | m1²=0.001302 | ||w||²/d=0.517544 | eps_adapter=1.250651e+00 | residual_overlap=0.003076
[step     8400] t/d= 42.000 | task1=3.560495e-01 | |m1|=0.036617 | m1²=0.001341 | ||w||²/d=0.513746 | eps_adapter=1.246937e+00 | residual_overlap=0.003202
[step     8500] t/d= 42.500 | task1=3.557548e-01 | |m1|=0.035963 | m1²=0.001293 | ||w||²/d=0.509892 | eps_adapter=1.243283e+00 | residual_overlap=0.003358
[step     8600] t/d= 43.000 | task1=3.555318e-01 | |m1|=0.036525 | m1²=0.001334 | ||w||²/d=0.506690 | eps_adapter=1.240189e+00 | residual_overlap=0.003442
[step     8700] t/d= 43.500 | task1=3.552770e-01 | |m1|=0.036861 | m1²=0.001359 | ||w||²/d=0.502627 | eps_adapter=1.236319e+00 | residual_overlap=0.003631
[step     8800] t/d= 44.000 | task1=3.550064e-01 | |m1|=0.037520 | m1²=0.001408 | ||w||²/d=0.498443 | eps_adapter=1.232343e+00 | residual_overlap=0.003768
[step     8900] t/d= 44.500 | task1=3.547473e-01 | |m1|=0.037667 | m1²=0.001419 | ||w||²/d=0.495154 | eps_adapter=1.229267e+00 | residual_overlap=0.003911
[step     9000] t/d= 45.000 | task1=3.545762e-01 | |m1|=0.037673 | m1²=0.001419 | ||w||²/d=0.493197 | eps_adapter=1.227452e+00 | residual_overlap=0.004021
[step     9100] t/d= 45.500 | task1=3.544209e-01 | |m1|=0.037784 | m1²=0.001428 | ||w||²/d=0.490824 | eps_adapter=1.225254e+00 | residual_overlap=0.004072
[step     9200] t/d= 46.000 | task1=3.542230e-01 | |m1|=0.038148 | m1²=0.001455 | ||w||²/d=0.487857 | eps_adapter=1.222505e+00 | residual_overlap=0.004198
[step     9300] t/d= 46.500 | task1=3.539734e-01 | |m1|=0.037777 | m1²=0.001427 | ||w||²/d=0.484421 | eps_adapter=1.219398e+00 | residual_overlap=0.004229
[step     9400] t/d= 47.000 | task1=3.537936e-01 | |m1|=0.038331 | m1²=0.001469 | ||w||²/d=0.481351 | eps_adapter=1.216578e+00 | residual_overlap=0.004315
[step     9500] t/d= 47.500 | task1=3.535606e-01 | |m1|=0.038789 | m1²=0.001505 | ||w||²/d=0.478309 | eps_adapter=1.213808e+00 | residual_overlap=0.004485
[step     9600] t/d= 48.000 | task1=3.533885e-01 | |m1|=0.037936 | m1²=0.001439 | ||w||²/d=0.475442 | eps_adapter=1.211305e+00 | residual_overlap=0.004538
[step     9700] t/d= 48.500 | task1=3.532568e-01 | |m1|=0.038149 | m1²=0.001455 | ||w||²/d=0.473310 | eps_adapter=1.209394e+00 | residual_overlap=0.004650
[step     9800] t/d= 49.000 | task1=3.530007e-01 | |m1|=0.038476 | m1²=0.001480 | ||w||²/d=0.469934 | eps_adapter=1.206385e+00 | residual_overlap=0.004897
[step     9900] t/d= 49.500 | task1=3.527859e-01 | |m1|=0.037594 | m1²=0.001413 | ||w||²/d=0.466281 | eps_adapter=1.203239e+00 | residual_overlap=0.005049
[step    10000] t/d= 50.000 | task1=3.525179e-01 | |m1|=0.038415 | m1²=0.001476 | ||w||²/d=0.461864 | eps_adapter=1.199339e+00 | residual_overlap=0.005033
Saved checkpoint: results/quality_pretraining/finetunetask1_d200_T5/prestep_0_lr0p01_init1_wseed21_sgdseed22/checkpoints/step_000010000
[step    10100] t/d= 50.500 | task1=3.522632e-01 | |m1|=0.039324 | m1²=0.001546 | ||w||²/d=0.458128 | eps_adapter=1.196053e+00 | residual_overlap=0.005196
[step    10200] t/d= 51.000 | task1=3.520691e-01 | |m1|=0.040362 | m1²=0.001629 | ||w||²/d=0.454700 | eps_adapter=1.193047e+00 | residual_overlap=0.005211
[step    10300] t/d= 51.500 | task1=3.518736e-01 | |m1|=0.041159 | m1²=0.001694 | ||w||²/d=0.451851 | eps_adapter=1.190570e+00 | residual_overlap=0.005332
[step    10400] t/d= 52.000 | task1=3.516795e-01 | |m1|=0.041480 | m1²=0.001721 | ||w||²/d=0.448537 | eps_adapter=1.187751e+00 | residual_overlap=0.005432
[step    10500] t/d= 52.500 | task1=3.515397e-01 | |m1|=0.041704 | m1²=0.001739 | ||w||²/d=0.446055 | eps_adapter=1.185654e+00 | residual_overlap=0.005510
[step    10600] t/d= 53.000 | task1=3.513114e-01 | |m1|=0.042805 | m1²=0.001832 | ||w||²/d=0.442432 | eps_adapter=1.182558e+00 | residual_overlap=0.005616
[step    10700] t/d= 53.500 | task1=3.511023e-01 | |m1|=0.043892 | m1²=0.001926 | ||w||²/d=0.439518 | eps_adapter=1.180071e+00 | residual_overlap=0.005719
[step    10800] t/d= 54.000 | task1=3.509483e-01 | |m1|=0.044208 | m1²=0.001954 | ||w||²/d=0.437062 | eps_adapter=1.178032e+00 | residual_overlap=0.005851
[step    10900] t/d= 54.500 | task1=3.508134e-01 | |m1|=0.044409 | m1²=0.001972 | ||w||²/d=0.434811 | eps_adapter=1.176179e+00 | residual_overlap=0.005855
[step    11000] t/d= 55.000 | task1=3.506269e-01 | |m1|=0.045230 | m1²=0.002046 | ||w||²/d=0.432283 | eps_adapter=1.174065e+00 | residual_overlap=0.006027
[step    11100] t/d= 55.500 | task1=3.504706e-01 | |m1|=0.045248 | m1²=0.002047 | ||w||²/d=0.429794 | eps_adapter=1.172055e+00 | residual_overlap=0.006235
[step    11200] t/d= 56.000 | task1=3.502652e-01 | |m1|=0.045015 | m1²=0.002026 | ||w||²/d=0.426892 | eps_adapter=1.169745e+00 | residual_overlap=0.006366
[step    11300] t/d= 56.500 | task1=3.501480e-01 | |m1|=0.045699 | m1²=0.002088 | ||w||²/d=0.425112 | eps_adapter=1.168275e+00 | residual_overlap=0.006473
[step    11400] t/d= 57.000 | task1=3.499753e-01 | |m1|=0.046075 | m1²=0.002123 | ||w||²/d=0.422303 | eps_adapter=1.166019e+00 | residual_overlap=0.006686
[step    11500] t/d= 57.500 | task1=3.497915e-01 | |m1|=0.044745 | m1²=0.002002 | ||w||²/d=0.419555 | eps_adapter=1.163952e+00 | residual_overlap=0.006911
[step    11600] t/d= 58.000 | task1=3.496029e-01 | |m1|=0.045635 | m1²=0.002083 | ||w||²/d=0.416577 | eps_adapter=1.161557e+00 | residual_overlap=0.006949
[step    11700] t/d= 58.500 | task1=3.494232e-01 | |m1|=0.045819 | m1²=0.002099 | ||w||²/d=0.413526 | eps_adapter=1.159173e+00 | residual_overlap=0.007118
[step    11800] t/d= 59.000 | task1=3.492164e-01 | |m1|=0.045627 | m1²=0.002082 | ||w||²/d=0.410426 | eps_adapter=1.156797e+00 | residual_overlap=0.007222
[step    11900] t/d= 59.500 | task1=3.490633e-01 | |m1|=0.046043 | m1²=0.002120 | ||w||²/d=0.407835 | eps_adapter=1.154783e+00 | residual_overlap=0.007378
[step    12000] t/d= 60.000 | task1=3.489213e-01 | |m1|=0.045554 | m1²=0.002075 | ||w||²/d=0.405381 | eps_adapter=1.152951e+00 | residual_overlap=0.007395
[step    12100] t/d= 60.500 | task1=3.488219e-01 | |m1|=0.045883 | m1²=0.002105 | ||w||²/d=0.403165 | eps_adapter=1.151251e+00 | residual_overlap=0.007466
[step    12200] t/d= 61.000 | task1=3.486816e-01 | |m1|=0.045703 | m1²=0.002089 | ||w||²/d=0.400584 | eps_adapter=1.149322e+00 | residual_overlap=0.007533
[step    12300] t/d= 61.500 | task1=3.484902e-01 | |m1|=0.046223 | m1²=0.002137 | ||w||²/d=0.397582 | eps_adapter=1.147044e+00 | residual_overlap=0.007576
[step    12400] t/d= 62.000 | task1=3.483209e-01 | |m1|=0.046289 | m1²=0.002143 | ||w||²/d=0.394812 | eps_adapter=1.144987e+00 | residual_overlap=0.007715
[step    12500] t/d= 62.500 | task1=3.482295e-01 | |m1|=0.046620 | m1²=0.002173 | ||w||²/d=0.393606 | eps_adapter=1.144073e+00 | residual_overlap=0.007935
[step    12600] t/d= 63.000 | task1=3.480614e-01 | |m1|=0.046577 | m1²=0.002169 | ||w||²/d=0.390801 | eps_adapter=1.142018e+00 | residual_overlap=0.008104
[step    12700] t/d= 63.500 | task1=3.479764e-01 | |m1|=0.046427 | m1²=0.002155 | ||w||²/d=0.389672 | eps_adapter=1.141205e+00 | residual_overlap=0.008135
[step    12800] t/d= 64.000 | task1=3.478855e-01 | |m1|=0.046595 | m1²=0.002171 | ||w||²/d=0.387873 | eps_adapter=1.139885e+00 | residual_overlap=0.008129
[step    12900] t/d= 64.500 | task1=3.477611e-01 | |m1|=0.046355 | m1²=0.002149 | ||w||²/d=0.385664 | eps_adapter=1.138303e+00 | residual_overlap=0.008312
[step    13000] t/d= 65.000 | task1=3.476223e-01 | |m1|=0.046578 | m1²=0.002170 | ||w||²/d=0.382639 | eps_adapter=1.136114e+00 | residual_overlap=0.008373
[step    13100] t/d= 65.500 | task1=3.475185e-01 | |m1|=0.045955 | m1²=0.002112 | ||w||²/d=0.380942 | eps_adapter=1.134945e+00 | residual_overlap=0.008541
[step    13200] t/d= 66.000 | task1=3.473521e-01 | |m1|=0.046002 | m1²=0.002116 | ||w||²/d=0.377944 | eps_adapter=1.132814e+00 | residual_overlap=0.008641
[step    13300] t/d= 66.500 | task1=3.472014e-01 | |m1|=0.045774 | m1²=0.002095 | ||w||²/d=0.375653 | eps_adapter=1.131215e+00 | residual_overlap=0.008885
[step    13400] t/d= 67.000 | task1=3.470468e-01 | |m1|=0.045931 | m1²=0.002110 | ||w||²/d=0.373038 | eps_adapter=1.129374e+00 | residual_overlap=0.009063
[step    13500] t/d= 67.500 | task1=3.468627e-01 | |m1|=0.046283 | m1²=0.002142 | ||w||²/d=0.369971 | eps_adapter=1.127219e+00 | residual_overlap=0.009283
[step    13600] t/d= 68.000 | task1=3.467026e-01 | |m1|=0.047221 | m1²=0.002230 | ||w||²/d=0.367685 | eps_adapter=1.125580e+00 | residual_overlap=0.009602
[step    13700] t/d= 68.500 | task1=3.465863e-01 | |m1|=0.048768 | m1²=0.002378 | ||w||²/d=0.365415 | eps_adapter=1.123919e+00 | residual_overlap=0.009778
[step    13800] t/d= 69.000 | task1=3.464285e-01 | |m1|=0.048874 | m1²=0.002389 | ||w||²/d=0.362849 | eps_adapter=1.122166e+00 | residual_overlap=0.010035
[step    13900] t/d= 69.500 | task1=3.462945e-01 | |m1|=0.049638 | m1²=0.002464 | ||w||²/d=0.360831 | eps_adapter=1.120749e+00 | residual_overlap=0.010332
[step    14000] t/d= 70.000 | task1=3.461346e-01 | |m1|=0.049771 | m1²=0.002477 | ||w||²/d=0.358488 | eps_adapter=1.119166e+00 | residual_overlap=0.010473
[step    14100] t/d= 70.500 | task1=3.459357e-01 | |m1|=0.049895 | m1²=0.002490 | ||w||²/d=0.355945 | eps_adapter=1.117460e+00 | residual_overlap=0.010722
[step    14200] t/d= 71.000 | task1=3.458388e-01 | |m1|=0.050516 | m1²=0.002552 | ||w||²/d=0.353901 | eps_adapter=1.116063e+00 | residual_overlap=0.010742
[step    14300] t/d= 71.500 | task1=3.457429e-01 | |m1|=0.050977 | m1²=0.002599 | ||w||²/d=0.352266 | eps_adapter=1.114952e+00 | residual_overlap=0.010763
[step    14400] t/d= 72.000 | task1=3.456252e-01 | |m1|=0.051912 | m1²=0.002695 | ||w||²/d=0.350108 | eps_adapter=1.113472e+00 | residual_overlap=0.010872
[step    14500] t/d= 72.500 | task1=3.455458e-01 | |m1|=0.053050 | m1²=0.002814 | ||w||²/d=0.348651 | eps_adapter=1.112441e+00 | residual_overlap=0.011106
[step    14600] t/d= 73.000 | task1=3.453988e-01 | |m1|=0.053894 | m1²=0.002905 | ||w||²/d=0.346550 | eps_adapter=1.111018e+00 | residual_overlap=0.011291
[step    14700] t/d= 73.500 | task1=3.453113e-01 | |m1|=0.054116 | m1²=0.002929 | ||w||²/d=0.344897 | eps_adapter=1.109936e+00 | residual_overlap=0.011444
[step    14800] t/d= 74.000 | task1=3.452027e-01 | |m1|=0.054531 | m1²=0.002974 | ||w||²/d=0.342931 | eps_adapter=1.108645e+00 | residual_overlap=0.011568
[step    14900] t/d= 74.500 | task1=3.450931e-01 | |m1|=0.055361 | m1²=0.003065 | ||w||²/d=0.341341 | eps_adapter=1.107571e+00 | residual_overlap=0.011758
[step    15000] t/d= 75.000 | task1=3.450139e-01 | |m1|=0.055209 | m1²=0.003048 | ||w||²/d=0.339899 | eps_adapter=1.106667e+00 | residual_overlap=0.011834
[step    15100] t/d= 75.500 | task1=3.449259e-01 | |m1|=0.056011 | m1²=0.003137 | ||w||²/d=0.338375 | eps_adapter=1.105645e+00 | residual_overlap=0.012012
[step    15200] t/d= 76.000 | task1=3.448191e-01 | |m1|=0.056607 | m1²=0.003204 | ||w||²/d=0.336521 | eps_adapter=1.104435e+00 | residual_overlap=0.012202
[step    15300] t/d= 76.500 | task1=3.446855e-01 | |m1|=0.057156 | m1²=0.003267 | ||w||²/d=0.334394 | eps_adapter=1.103065e+00 | residual_overlap=0.012236
[step    15400] t/d= 77.000 | task1=3.445616e-01 | |m1|=0.056774 | m1²=0.003223 | ||w||²/d=0.332545 | eps_adapter=1.101945e+00 | residual_overlap=0.012420
[step    15500] t/d= 77.500 | task1=3.445023e-01 | |m1|=0.056015 | m1²=0.003138 | ||w||²/d=0.331291 | eps_adapter=1.101225e+00 | residual_overlap=0.012534
[step    15600] t/d= 78.000 | task1=3.444304e-01 | |m1|=0.056214 | m1²=0.003160 | ||w||²/d=0.330126 | eps_adapter=1.100493e+00 | residual_overlap=0.012678
[step    15700] t/d= 78.500 | task1=3.443834e-01 | |m1|=0.056223 | m1²=0.003161 | ||w||²/d=0.329050 | eps_adapter=1.099832e+00 | residual_overlap=0.012835
[step    15800] t/d= 79.000 | task1=3.443068e-01 | |m1|=0.056015 | m1²=0.003138 | ||w||²/d=0.327704 | eps_adapter=1.099023e+00 | residual_overlap=0.013103
[step    15900] t/d= 79.500 | task1=3.442028e-01 | |m1|=0.056650 | m1²=0.003209 | ||w||²/d=0.326126 | eps_adapter=1.098017e+00 | residual_overlap=0.013366
[step    16000] t/d= 80.000 | task1=3.440942e-01 | |m1|=0.056454 | m1²=0.003187 | ||w||²/d=0.324089 | eps_adapter=1.096798e+00 | residual_overlap=0.013412
[step    16100] t/d= 80.500 | task1=3.439530e-01 | |m1|=0.057225 | m1²=0.003275 | ||w||²/d=0.322180 | eps_adapter=1.095594e+00 | residual_overlap=0.013642
[step    16200] t/d= 81.000 | task1=3.438894e-01 | |m1|=0.057339 | m1²=0.003288 | ||w||²/d=0.320882 | eps_adapter=1.094809e+00 | residual_overlap=0.013848
[step    16300] t/d= 81.500 | task1=3.437914e-01 | |m1|=0.056933 | m1²=0.003241 | ||w||²/d=0.319032 | eps_adapter=1.093736e+00 | residual_overlap=0.014139
[step    16400] t/d= 82.000 | task1=3.437076e-01 | |m1|=0.057089 | m1²=0.003259 | ||w||²/d=0.317967 | eps_adapter=1.093094e+00 | residual_overlap=0.014318
[step    16500] t/d= 82.500 | task1=3.435920e-01 | |m1|=0.058210 | m1²=0.003388 | ||w||²/d=0.316260 | eps_adapter=1.092007e+00 | residual_overlap=0.014424
[step    16600] t/d= 83.000 | task1=3.434370e-01 | |m1|=0.059033 | m1²=0.003485 | ||w||²/d=0.313864 | eps_adapter=1.090543e+00 | residual_overlap=0.014665
[step    16700] t/d= 83.500 | task1=3.433224e-01 | |m1|=0.060528 | m1²=0.003664 | ||w||²/d=0.312163 | eps_adapter=1.089445e+00 | residual_overlap=0.014857
[step    16800] t/d= 84.000 | task1=3.431934e-01 | |m1|=0.061026 | m1²=0.003724 | ||w||²/d=0.309441 | eps_adapter=1.087837e+00 | residual_overlap=0.014865
[step    16900] t/d= 84.500 | task1=3.431297e-01 | |m1|=0.061791 | m1²=0.003818 | ||w||²/d=0.307888 | eps_adapter=1.086890e+00 | residual_overlap=0.014896
[step    17000] t/d= 85.000 | task1=3.430173e-01 | |m1|=0.062981 | m1²=0.003967 | ||w||²/d=0.306283 | eps_adapter=1.085886e+00 | residual_overlap=0.015123
[step    17100] t/d= 85.500 | task1=3.429839e-01 | |m1|=0.063097 | m1²=0.003981 | ||w||²/d=0.305450 | eps_adapter=1.085405e+00 | residual_overlap=0.015306
[step    17200] t/d= 86.000 | task1=3.428906e-01 | |m1|=0.064154 | m1²=0.004116 | ||w||²/d=0.303920 | eps_adapter=1.084460e+00 | residual_overlap=0.015483
[step    17300] t/d= 86.500 | task1=3.427793e-01 | |m1|=0.064224 | m1²=0.004125 | ||w||²/d=0.302219 | eps_adapter=1.083499e+00 | residual_overlap=0.015698
[step    17400] t/d= 87.000 | task1=3.426638e-01 | |m1|=0.064607 | m1²=0.004174 | ||w||²/d=0.300231 | eps_adapter=1.082359e+00 | residual_overlap=0.015891
[step    17500] t/d= 87.500 | task1=3.425839e-01 | |m1|=0.066160 | m1²=0.004377 | ||w||²/d=0.299201 | eps_adapter=1.081669e+00 | residual_overlap=0.015992
[step    17600] t/d= 88.000 | task1=3.424924e-01 | |m1|=0.067514 | m1²=0.004558 | ||w||²/d=0.297632 | eps_adapter=1.080697e+00 | residual_overlap=0.015974
[step    17700] t/d= 88.500 | task1=3.424319e-01 | |m1|=0.067670 | m1²=0.004579 | ||w||²/d=0.296278 | eps_adapter=1.079940e+00 | residual_overlap=0.016010
[step    17800] t/d= 89.000 | task1=3.423824e-01 | |m1|=0.068489 | m1²=0.004691 | ||w||²/d=0.295036 | eps_adapter=1.079197e+00 | residual_overlap=0.016046
[step    17900] t/d= 89.500 | task1=3.423213e-01 | |m1|=0.068537 | m1²=0.004697 | ||w||²/d=0.293588 | eps_adapter=1.078404e+00 | residual_overlap=0.016200
[step    18000] t/d= 90.000 | task1=3.422594e-01 | |m1|=0.069905 | m1²=0.004887 | ||w||²/d=0.292064 | eps_adapter=1.077472e+00 | residual_overlap=0.016291
[step    18100] t/d= 90.500 | task1=3.422010e-01 | |m1|=0.070119 | m1²=0.004917 | ||w||²/d=0.290362 | eps_adapter=1.076538e+00 | residual_overlap=0.016422
[step    18200] t/d= 91.000 | task1=3.421450e-01 | |m1|=0.069555 | m1²=0.004838 | ||w||²/d=0.289195 | eps_adapter=1.075957e+00 | residual_overlap=0.016574
[step    18300] t/d= 91.500 | task1=3.421187e-01 | |m1|=0.069710 | m1²=0.004859 | ||w||²/d=0.288939 | eps_adapter=1.075808e+00 | residual_overlap=0.016731
[step    18400] t/d= 92.000 | task1=3.420582e-01 | |m1|=0.070779 | m1²=0.005010 | ||w||²/d=0.287561 | eps_adapter=1.074990e+00 | residual_overlap=0.016882
[step    18500] t/d= 92.500 | task1=3.420039e-01 | |m1|=0.071889 | m1²=0.005168 | ||w||²/d=0.286808 | eps_adapter=1.074503e+00 | residual_overlap=0.017149
[step    18600] t/d= 93.000 | task1=3.419309e-01 | |m1|=0.072044 | m1²=0.005190 | ||w||²/d=0.285269 | eps_adapter=1.073678e+00 | residual_overlap=0.017294
[step    18700] t/d= 93.500 | task1=3.418896e-01 | |m1|=0.072541 | m1²=0.005262 | ||w||²/d=0.284101 | eps_adapter=1.073024e+00 | residual_overlap=0.017368
[step    18800] t/d= 94.000 | task1=3.418178e-01 | |m1|=0.072465 | m1²=0.005251 | ||w||²/d=0.283097 | eps_adapter=1.072505e+00 | residual_overlap=0.017582
[step    18900] t/d= 94.500 | task1=3.417714e-01 | |m1|=0.072702 | m1²=0.005286 | ||w||²/d=0.282016 | eps_adapter=1.071922e+00 | residual_overlap=0.017716
[step    19000] t/d= 95.000 | task1=3.417113e-01 | |m1|=0.073147 | m1²=0.005350 | ||w||²/d=0.280820 | eps_adapter=1.071266e+00 | residual_overlap=0.017844
[step    19100] t/d= 95.500 | task1=3.416407e-01 | |m1|=0.074233 | m1²=0.005510 | ||w||²/d=0.279666 | eps_adapter=1.070583e+00 | residual_overlap=0.018036
[step    19200] t/d= 96.000 | task1=3.415746e-01 | |m1|=0.075695 | m1²=0.005730 | ||w||²/d=0.278662 | eps_adapter=1.069947e+00 | residual_overlap=0.018246
[step    19300] t/d= 96.500 | task1=3.415142e-01 | |m1|=0.076788 | m1²=0.005896 | ||w||²/d=0.277477 | eps_adapter=1.069251e+00 | residual_overlap=0.018345
[step    19400] t/d= 97.000 | task1=3.414510e-01 | |m1|=0.077313 | m1²=0.005977 | ||w||²/d=0.276634 | eps_adapter=1.068778e+00 | residual_overlap=0.018623
[step    19500] t/d= 97.500 | task1=3.413846e-01 | |m1|=0.078049 | m1²=0.006092 | ||w||²/d=0.275538 | eps_adapter=1.068160e+00 | residual_overlap=0.018825
[step    19600] t/d= 98.000 | task1=3.413312e-01 | |m1|=0.078251 | m1²=0.006123 | ||w||²/d=0.274691 | eps_adapter=1.067715e+00 | residual_overlap=0.018934
[step    19700] t/d= 98.500 | task1=3.412946e-01 | |m1|=0.078900 | m1²=0.006225 | ||w||²/d=0.273899 | eps_adapter=1.067262e+00 | residual_overlap=0.019010
[step    19800] t/d= 99.000 | task1=3.412548e-01 | |m1|=0.079629 | m1²=0.006341 | ||w||²/d=0.273091 | eps_adapter=1.066794e+00 | residual_overlap=0.018973
[step    19900] t/d= 99.500 | task1=3.411979e-01 | |m1|=0.080257 | m1²=0.006441 | ||w||²/d=0.271735 | eps_adapter=1.066063e+00 | residual_overlap=0.019185
[step    20000] t/d=100.000 | task1=3.411593e-01 | |m1|=0.081137 | m1²=0.006583 | ||w||²/d=0.270889 | eps_adapter=1.065567e+00 | residual_overlap=0.019289
Saved checkpoint: results/quality_pretraining/finetunetask1_d200_T5/prestep_0_lr0p01_init1_wseed21_sgdseed22/checkpoints/step_000020000
[step    20100] t/d=100.500 | task1=3.411059e-01 | |m1|=0.082194 | m1²=0.006756 | ||w||²/d=0.269651 | eps_adapter=1.064864e+00 | residual_overlap=0.019411
[step    20200] t/d=101.000 | task1=3.410394e-01 | |m1|=0.082815 | m1²=0.006858 | ||w||²/d=0.268301 | eps_adapter=1.064145e+00 | residual_overlap=0.019481
[step    20300] t/d=101.500 | task1=3.409224e-01 | |m1|=0.083464 | m1²=0.006966 | ||w||²/d=0.266391 | eps_adapter=1.063154e+00 | residual_overlap=0.019710
[step    20400] t/d=102.000 | task1=3.408488e-01 | |m1|=0.083930 | m1²=0.007044 | ||w||²/d=0.265005 | eps_adapter=1.062439e+00 | residual_overlap=0.019840
[step    20500] t/d=102.500 | task1=3.407898e-01 | |m1|=0.084499 | m1²=0.007140 | ||w||²/d=0.264602 | eps_adapter=1.062195e+00 | residual_overlap=0.020036
[step    20600] t/d=103.000 | task1=3.407599e-01 | |m1|=0.085187 | m1²=0.007257 | ||w||²/d=0.264100 | eps_adapter=1.061893e+00 | residual_overlap=0.020126
[step    20700] t/d=103.500 | task1=3.407022e-01 | |m1|=0.085866 | m1²=0.007373 | ||w||²/d=0.262803 | eps_adapter=1.061209e+00 | residual_overlap=0.020277
[step    20800] t/d=104.000 | task1=3.406631e-01 | |m1|=0.086957 | m1²=0.007562 | ||w||²/d=0.262036 | eps_adapter=1.060745e+00 | residual_overlap=0.020245
[step    20900] t/d=104.500 | task1=3.405824e-01 | |m1|=0.088048 | m1²=0.007752 | ||w||²/d=0.260593 | eps_adapter=1.059960e+00 | residual_overlap=0.020532
[step    21000] t/d=105.000 | task1=3.405547e-01 | |m1|=0.088640 | m1²=0.007857 | ||w||²/d=0.259767 | eps_adapter=1.059516e+00 | residual_overlap=0.020630
[step    21100] t/d=105.500 | task1=3.404826e-01 | |m1|=0.089437 | m1²=0.007999 | ||w||²/d=0.258835 | eps_adapter=1.059004e+00 | residual_overlap=0.020811
[step    21200] t/d=106.000 | task1=3.404235e-01 | |m1|=0.089408 | m1²=0.007994 | ||w||²/d=0.257302 | eps_adapter=1.058286e+00 | residual_overlap=0.020992
[step    21300] t/d=106.500 | task1=3.403810e-01 | |m1|=0.091285 | m1²=0.008333 | ||w||²/d=0.256685 | eps_adapter=1.057829e+00 | residual_overlap=0.021228
[step    21400] t/d=107.000 | task1=3.403255e-01 | |m1|=0.092417 | m1²=0.008541 | ||w||²/d=0.255847 | eps_adapter=1.057335e+00 | residual_overlap=0.021452
[step    21500] t/d=107.500 | task1=3.402989e-01 | |m1|=0.093326 | m1²=0.008710 | ||w||²/d=0.255105 | eps_adapter=1.056907e+00 | residual_overlap=0.021575
[step    21600] t/d=108.000 | task1=3.402375e-01 | |m1|=0.094212 | m1²=0.008876 | ||w||²/d=0.253960 | eps_adapter=1.056296e+00 | residual_overlap=0.021776
[step    21700] t/d=108.500 | task1=3.401946e-01 | |m1|=0.094672 | m1²=0.008963 | ||w||²/d=0.253242 | eps_adapter=1.055923e+00 | residual_overlap=0.021907
[step    21800] t/d=109.000 | task1=3.401586e-01 | |m1|=0.095473 | m1²=0.009115 | ||w||²/d=0.252513 | eps_adapter=1.055515e+00 | residual_overlap=0.022171
[step    21900] t/d=109.500 | task1=3.401092e-01 | |m1|=0.096287 | m1²=0.009271 | ||w||²/d=0.251478 | eps_adapter=1.054966e+00 | residual_overlap=0.022279
[step    22000] t/d=110.000 | task1=3.400759e-01 | |m1|=0.096818 | m1²=0.009374 | ||w||²/d=0.250879 | eps_adapter=1.054644e+00 | residual_overlap=0.022513
[step    22100] t/d=110.500 | task1=3.400503e-01 | |m1|=0.097436 | m1²=0.009494 | ||w||²/d=0.250370 | eps_adapter=1.054355e+00 | residual_overlap=0.022528
[step    22200] t/d=111.000 | task1=3.400094e-01 | |m1|=0.098100 | m1²=0.009624 | ||w||²/d=0.249208 | eps_adapter=1.053767e+00 | residual_overlap=0.022628
[step    22300] t/d=111.500 | task1=3.399724e-01 | |m1|=0.098328 | m1²=0.009668 | ||w||²/d=0.248129 | eps_adapter=1.053261e+00 | residual_overlap=0.022806
[step    22400] t/d=112.000 | task1=3.399359e-01 | |m1|=0.099319 | m1²=0.009864 | ||w||²/d=0.247361 | eps_adapter=1.052824e+00 | residual_overlap=0.022905
[step    22500] t/d=112.500 | task1=3.398706e-01 | |m1|=0.100552 | m1²=0.010111 | ||w||²/d=0.246609 | eps_adapter=1.052371e+00 | residual_overlap=0.023118
[step    22600] t/d=113.000 | task1=3.398131e-01 | |m1|=0.101307 | m1²=0.010263 | ||w||²/d=0.245604 | eps_adapter=1.051852e+00 | residual_overlap=0.023164
[step    22700] t/d=113.500 | task1=3.397060e-01 | |m1|=0.102573 | m1²=0.010521 | ||w||²/d=0.243701 | eps_adapter=1.050893e+00 | residual_overlap=0.023276
[step    22800] t/d=114.000 | task1=3.396666e-01 | |m1|=0.103236 | m1²=0.010658 | ||w||²/d=0.242747 | eps_adapter=1.050411e+00 | residual_overlap=0.023513
[step    22900] t/d=114.500 | task1=3.396133e-01 | |m1|=0.104624 | m1²=0.010946 | ||w||²/d=0.241891 | eps_adapter=1.049904e+00 | residual_overlap=0.023553
[step    23000] t/d=115.000 | task1=3.395753e-01 | |m1|=0.105574 | m1²=0.011146 | ||w||²/d=0.241638 | eps_adapter=1.049700e+00 | residual_overlap=0.023871
[step    23100] t/d=115.500 | task1=3.395509e-01 | |m1|=0.106040 | m1²=0.011245 | ||w||²/d=0.240976 | eps_adapter=1.049367e+00 | residual_overlap=0.024037
[step    23200] t/d=116.000 | task1=3.395003e-01 | |m1|=0.107701 | m1²=0.011599 | ||w||²/d=0.240096 | eps_adapter=1.048823e+00 | residual_overlap=0.024151
[step    23300] t/d=116.500 | task1=3.394341e-01 | |m1|=0.108713 | m1²=0.011818 | ||w||²/d=0.239020 | eps_adapter=1.048261e+00 | residual_overlap=0.024416
[step    23400] t/d=117.000 | task1=3.393705e-01 | |m1|=0.109927 | m1²=0.012084 | ||w||²/d=0.237885 | eps_adapter=1.047656e+00 | residual_overlap=0.024701
[step    23500] t/d=117.500 | task1=3.393181e-01 | |m1|=0.110801 | m1²=0.012277 | ||w||²/d=0.237212 | eps_adapter=1.047282e+00 | residual_overlap=0.024926
[step    23600] t/d=118.000 | task1=3.392804e-01 | |m1|=0.111298 | m1²=0.012387 | ||w||²/d=0.236803 | eps_adapter=1.047058e+00 | residual_overlap=0.025192
[step    23700] t/d=118.500 | task1=3.392411e-01 | |m1|=0.112049 | m1²=0.012555 | ||w||²/d=0.235798 | eps_adapter=1.046559e+00 | residual_overlap=0.025378
[step    23800] t/d=119.000 | task1=3.391972e-01 | |m1|=0.112602 | m1²=0.012679 | ||w||²/d=0.235258 | eps_adapter=1.046276e+00 | residual_overlap=0.025545
[step    23900] t/d=119.500 | task1=3.391901e-01 | |m1|=0.113312 | m1²=0.012840 | ||w||²/d=0.234847 | eps_adapter=1.046031e+00 | residual_overlap=0.025707
[step    24000] t/d=120.000 | task1=3.391684e-01 | |m1|=0.114098 | m1²=0.013018 | ||w||²/d=0.234409 | eps_adapter=1.045768e+00 | residual_overlap=0.025799
[step    24100] t/d=120.500 | task1=3.391312e-01 | |m1|=0.114896 | m1²=0.013201 | ||w||²/d=0.233595 | eps_adapter=1.045347e+00 | residual_overlap=0.025937
[step    24200] t/d=121.000 | task1=3.390947e-01 | |m1|=0.115379 | m1²=0.013312 | ||w||²/d=0.232696 | eps_adapter=1.044926e+00 | residual_overlap=0.026018
[step    24300] t/d=121.500 | task1=3.390428e-01 | |m1|=0.117389 | m1²=0.013780 | ||w||²/d=0.231658 | eps_adapter=1.044289e+00 | residual_overlap=0.026137
[step    24400] t/d=122.000 | task1=3.390079e-01 | |m1|=0.117773 | m1²=0.013870 | ||w||²/d=0.231282 | eps_adapter=1.044095e+00 | residual_overlap=0.026196
[step    24500] t/d=122.500 | task1=3.389548e-01 | |m1|=0.118384 | m1²=0.014015 | ||w||²/d=0.230191 | eps_adapter=1.043586e+00 | residual_overlap=0.026262
[step    24600] t/d=123.000 | task1=3.389211e-01 | |m1|=0.120043 | m1²=0.014410 | ||w||²/d=0.229551 | eps_adapter=1.043150e+00 | residual_overlap=0.026392
[step    24700] t/d=123.500 | task1=3.388689e-01 | |m1|=0.121397 | m1²=0.014737 | ||w||²/d=0.228775 | eps_adapter=1.042692e+00 | residual_overlap=0.026609
[step    24800] t/d=124.000 | task1=3.388258e-01 | |m1|=0.122217 | m1²=0.014937 | ||w||²/d=0.227841 | eps_adapter=1.042230e+00 | residual_overlap=0.026834
[step    24900] t/d=124.500 | task1=3.387703e-01 | |m1|=0.123347 | m1²=0.015214 | ||w||²/d=0.226912 | eps_adapter=1.041737e+00 | residual_overlap=0.027045
[step    25000] t/d=125.000 | task1=3.387490e-01 | |m1|=0.123507 | m1²=0.015254 | ||w||²/d=0.226193 | eps_adapter=1.041435e+00 | residual_overlap=0.027207
[step    25100] t/d=125.500 | task1=3.387134e-01 | |m1|=0.124890 | m1²=0.015598 | ||w||²/d=0.226057 | eps_adapter=1.041230e+00 | residual_overlap=0.027452
[step    25200] t/d=126.000 | task1=3.387077e-01 | |m1|=0.125079 | m1²=0.015645 | ||w||²/d=0.225743 | eps_adapter=1.041085e+00 | residual_overlap=0.027576
[step    25300] t/d=126.500 | task1=3.386526e-01 | |m1|=0.125228 | m1²=0.015682 | ||w||²/d=0.224880 | eps_adapter=1.040730e+00 | residual_overlap=0.027749
[step    25400] t/d=127.000 | task1=3.385942e-01 | |m1|=0.126299 | m1²=0.015951 | ||w||²/d=0.223751 | eps_adapter=1.040170e+00 | residual_overlap=0.028007
[step    25500] t/d=127.500 | task1=3.385642e-01 | |m1|=0.126468 | m1²=0.015994 | ||w||²/d=0.223363 | eps_adapter=1.040001e+00 | residual_overlap=0.028153
[step    25600] t/d=128.000 | task1=3.385038e-01 | |m1|=0.127988 | m1²=0.016381 | ||w||²/d=0.222519 | eps_adapter=1.039506e+00 | residual_overlap=0.028315
[step    25700] t/d=128.500 | task1=3.384745e-01 | |m1|=0.129045 | m1²=0.016653 | ||w||²/d=0.222155 | eps_adapter=1.039248e+00 | residual_overlap=0.028453
[step    25800] t/d=129.000 | task1=3.384399e-01 | |m1|=0.129020 | m1²=0.016646 | ||w||²/d=0.222027 | eps_adapter=1.039202e+00 | residual_overlap=0.028767
[step    25900] t/d=129.500 | task1=3.384245e-01 | |m1|=0.129980 | m1²=0.016895 | ||w||²/d=0.221833 | eps_adapter=1.039020e+00 | residual_overlap=0.028917
[step    26000] t/d=130.000 | task1=3.383881e-01 | |m1|=0.130599 | m1²=0.017056 | ||w||²/d=0.220904 | eps_adapter=1.038594e+00 | residual_overlap=0.029093
[step    26100] t/d=130.500 | task1=3.383592e-01 | |m1|=0.131257 | m1²=0.017228 | ||w||²/d=0.220076 | eps_adapter=1.038205e+00 | residual_overlap=0.029233
[step    26200] t/d=131.000 | task1=3.383193e-01 | |m1|=0.132722 | m1²=0.017615 | ||w||²/d=0.219432 | eps_adapter=1.037795e+00 | residual_overlap=0.029332
[step    26300] t/d=131.500 | task1=3.383060e-01 | |m1|=0.133563 | m1²=0.017839 | ||w||²/d=0.218901 | eps_adapter=1.037500e+00 | residual_overlap=0.029436
[step    26400] t/d=132.000 | task1=3.382679e-01 | |m1|=0.134669 | m1²=0.018136 | ||w||²/d=0.218389 | eps_adapter=1.037181e+00 | residual_overlap=0.029563
[step    26500] t/d=132.500 | task1=3.382154e-01 | |m1|=0.136787 | m1²=0.018711 | ||w||²/d=0.217979 | eps_adapter=1.036784e+00 | residual_overlap=0.029808
[step    26600] t/d=133.000 | task1=3.381835e-01 | |m1|=0.137512 | m1²=0.018910 | ||w||²/d=0.217284 | eps_adapter=1.036441e+00 | residual_overlap=0.030014
[step    26700] t/d=133.500 | task1=3.381607e-01 | |m1|=0.138576 | m1²=0.019203 | ||w||²/d=0.217226 | eps_adapter=1.036295e+00 | residual_overlap=0.030342
[step    26800] t/d=134.000 | task1=3.381070e-01 | |m1|=0.140649 | m1²=0.019782 | ||w||²/d=0.216770 | eps_adapter=1.035883e+00 | residual_overlap=0.030473
[step    26900] t/d=134.500 | task1=3.380412e-01 | |m1|=0.142743 | m1²=0.020376 | ||w||²/d=0.215887 | eps_adapter=1.035309e+00 | residual_overlap=0.030658
[step    27000] t/d=135.000 | task1=3.379747e-01 | |m1|=0.143598 | m1²=0.020620 | ||w||²/d=0.215229 | eps_adapter=1.034966e+00 | residual_overlap=0.030920
[step    27100] t/d=135.500 | task1=3.379423e-01 | |m1|=0.144301 | m1²=0.020823 | ||w||²/d=0.214387 | eps_adapter=1.034575e+00 | residual_overlap=0.031053
[step    27200] t/d=136.000 | task1=3.379042e-01 | |m1|=0.145219 | m1²=0.021089 | ||w||²/d=0.213697 | eps_adapter=1.034215e+00 | residual_overlap=0.031156
[step    27300] t/d=136.500 | task1=3.378924e-01 | |m1|=0.146251 | m1²=0.021389 | ||w||²/d=0.213547 | eps_adapter=1.034037e+00 | residual_overlap=0.031232
[step    27400] t/d=137.000 | task1=3.378630e-01 | |m1|=0.147281 | m1²=0.021692 | ||w||²/d=0.213070 | eps_adapter=1.033740e+00 | residual_overlap=0.031571
[step    27500] t/d=137.500 | task1=3.378136e-01 | |m1|=0.148899 | m1²=0.022171 | ||w||²/d=0.212255 | eps_adapter=1.033251e+00 | residual_overlap=0.031752
[step    27600] t/d=138.000 | task1=3.377625e-01 | |m1|=0.150427 | m1²=0.022628 | ||w||²/d=0.211402 | eps_adapter=1.032760e+00 | residual_overlap=0.032066
[step    27700] t/d=138.500 | task1=3.377355e-01 | |m1|=0.151984 | m1²=0.023099 | ||w||²/d=0.210907 | eps_adapter=1.032393e+00 | residual_overlap=0.032096
[step    27800] t/d=139.000 | task1=3.376957e-01 | |m1|=0.154237 | m1²=0.023789 | ||w||²/d=0.210712 | eps_adapter=1.032042e+00 | residual_overlap=0.032298
[step    27900] t/d=139.500 | task1=3.376564e-01 | |m1|=0.156594 | m1²=0.024522 | ||w||²/d=0.210239 | eps_adapter=1.031578e+00 | residual_overlap=0.032521
[step    28000] t/d=140.000 | task1=3.376182e-01 | |m1|=0.158778 | m1²=0.025211 | ||w||²/d=0.209671 | eps_adapter=1.031100e+00 | residual_overlap=0.032483
[step    28100] t/d=140.500 | task1=3.375602e-01 | |m1|=0.160100 | m1²=0.025632 | ||w||²/d=0.208893 | eps_adapter=1.030661e+00 | residual_overlap=0.032649
[step    28200] t/d=141.000 | task1=3.375283e-01 | |m1|=0.161165 | m1²=0.025974 | ||w||²/d=0.208007 | eps_adapter=1.030220e+00 | residual_overlap=0.032770
[step    28300] t/d=141.500 | task1=3.374879e-01 | |m1|=0.162439 | m1²=0.026386 | ||w||²/d=0.207493 | eps_adapter=1.029878e+00 | residual_overlap=0.033008
[step    28400] t/d=142.000 | task1=3.374634e-01 | |m1|=0.163828 | m1²=0.026840 | ||w||²/d=0.207368 | eps_adapter=1.029654e+00 | residual_overlap=0.033017
[step    28500] t/d=142.500 | task1=3.374378e-01 | |m1|=0.164577 | m1²=0.027086 | ||w||²/d=0.207079 | eps_adapter=1.029457e+00 | residual_overlap=0.033014
[step    28600] t/d=143.000 | task1=3.374233e-01 | |m1|=0.166497 | m1²=0.027721 | ||w||²/d=0.207273 | eps_adapter=1.029267e+00 | residual_overlap=0.033243
[step    28700] t/d=143.500 | task1=3.373753e-01 | |m1|=0.168670 | m1²=0.028450 | ||w||²/d=0.206141 | eps_adapter=1.028597e+00 | residual_overlap=0.033411
[step    28800] t/d=144.000 | task1=3.373427e-01 | |m1|=0.170395 | m1²=0.029034 | ||w||²/d=0.205671 | eps_adapter=1.028207e+00 | residual_overlap=0.033474
[step    28900] t/d=144.500 | task1=3.373172e-01 | |m1|=0.170818 | m1²=0.029179 | ||w||²/d=0.205177 | eps_adapter=1.027987e+00 | residual_overlap=0.033734
[step    29000] t/d=145.000 | task1=3.372669e-01 | |m1|=0.171754 | m1²=0.029499 | ||w||²/d=0.205127 | eps_adapter=1.027843e+00 | residual_overlap=0.033984
[step    29100] t/d=145.500 | task1=3.372443e-01 | |m1|=0.172881 | m1²=0.029888 | ||w||²/d=0.204818 | eps_adapter=1.027587e+00 | residual_overlap=0.034086
[step    29200] t/d=146.000 | task1=3.372360e-01 | |m1|=0.174057 | m1²=0.030296 | ||w||²/d=0.204740 | eps_adapter=1.027399e+00 | residual_overlap=0.034145
[step    29300] t/d=146.500 | task1=3.372095e-01 | |m1|=0.174373 | m1²=0.030406 | ||w||²/d=0.204191 | eps_adapter=1.027177e+00 | residual_overlap=0.034251
[step    29400] t/d=147.000 | task1=3.372052e-01 | |m1|=0.174128 | m1²=0.030321 | ||w||²/d=0.203902 | eps_adapter=1.027117e+00 | residual_overlap=0.034504
[step    29500] t/d=147.500 | task1=3.371656e-01 | |m1|=0.175916 | m1²=0.030947 | ||w||²/d=0.203751 | eps_adapter=1.026820e+00 | residual_overlap=0.034621
[step    29600] t/d=148.000 | task1=3.371468e-01 | |m1|=0.176705 | m1²=0.031225 | ||w||²/d=0.203430 | eps_adapter=1.026607e+00 | residual_overlap=0.034737
[step    29700] t/d=148.500 | task1=3.371012e-01 | |m1|=0.178655 | m1²=0.031917 | ||w||²/d=0.203115 | eps_adapter=1.026232e+00 | residual_overlap=0.034899
[step    29800] t/d=149.000 | task1=3.370474e-01 | |m1|=0.180295 | m1²=0.032506 | ||w||²/d=0.202522 | eps_adapter=1.025811e+00 | residual_overlap=0.035090
[step    29900] t/d=149.500 | task1=3.370222e-01 | |m1|=0.181703 | m1²=0.033016 | ||w||²/d=0.201913 | eps_adapter=1.025419e+00 | residual_overlap=0.035146
[step    30000] t/d=150.000 | task1=3.369830e-01 | |m1|=0.183175 | m1²=0.033553 | ||w||²/d=0.201298 | eps_adapter=1.025015e+00 | residual_overlap=0.035183
[step    30100] t/d=150.500 | task1=3.369528e-01 | |m1|=0.184217 | m1²=0.033936 | ||w||²/d=0.201063 | eps_adapter=1.024792e+00 | residual_overlap=0.035220
[step    30200] t/d=151.000 | task1=3.369245e-01 | |m1|=0.185903 | m1²=0.034560 | ||w||²/d=0.200873 | eps_adapter=1.024490e+00 | residual_overlap=0.035351
[step    30300] t/d=151.500 | task1=3.368898e-01 | |m1|=0.187296 | m1²=0.035080 | ||w||²/d=0.200532 | eps_adapter=1.024181e+00 | residual_overlap=0.035503
[step    30400] t/d=152.000 | task1=3.368544e-01 | |m1|=0.189605 | m1²=0.035950 | ||w||²/d=0.199988 | eps_adapter=1.023676e+00 | residual_overlap=0.035665
[step    30500] t/d=152.500 | task1=3.368138e-01 | |m1|=0.191182 | m1²=0.036550 | ||w||²/d=0.199639 | eps_adapter=1.023337e+00 | residual_overlap=0.035760
[step    30600] t/d=153.000 | task1=3.367732e-01 | |m1|=0.192692 | m1²=0.037130 | ||w||²/d=0.199040 | eps_adapter=1.022931e+00 | residual_overlap=0.035936
[step    30700] t/d=153.500 | task1=3.367280e-01 | |m1|=0.194142 | m1²=0.037691 | ||w||²/d=0.198419 | eps_adapter=1.022527e+00 | residual_overlap=0.036103
[step    30800] t/d=154.000 | task1=3.366998e-01 | |m1|=0.195833 | m1²=0.038351 | ||w||²/d=0.198049 | eps_adapter=1.022163e+00 | residual_overlap=0.036155
[step    30900] t/d=154.500 | task1=3.366465e-01 | |m1|=0.197732 | m1²=0.039098 | ||w||²/d=0.197378 | eps_adapter=1.021677e+00 | residual_overlap=0.036393
[step    31000] t/d=155.000 | task1=3.366187e-01 | |m1|=0.199221 | m1²=0.039689 | ||w||²/d=0.196922 | eps_adapter=1.021317e+00 | residual_overlap=0.036454
[step    31100] t/d=155.500 | task1=3.365938e-01 | |m1|=0.200170 | m1²=0.040068 | ||w||²/d=0.196575 | eps_adapter=1.021071e+00 | residual_overlap=0.036658
[step    31200] t/d=156.000 | task1=3.365576e-01 | |m1|=0.201630 | m1²=0.040655 | ||w||²/d=0.196171 | eps_adapter=1.020730e+00 | residual_overlap=0.036902
[step    31300] t/d=156.500 | task1=3.365447e-01 | |m1|=0.202632 | m1²=0.041060 | ||w||²/d=0.196124 | eps_adapter=1.020562e+00 | residual_overlap=0.036968
[step    31400] t/d=157.000 | task1=3.365052e-01 | |m1|=0.204375 | m1²=0.041769 | ||w||²/d=0.195570 | eps_adapter=1.020133e+00 | residual_overlap=0.036996
[step    31500] t/d=157.500 | task1=3.364558e-01 | |m1|=0.205770 | m1²=0.042341 | ||w||²/d=0.194578 | eps_adapter=1.019633e+00 | residual_overlap=0.037161
[step    31600] t/d=158.000 | task1=3.364148e-01 | |m1|=0.207621 | m1²=0.043106 | ||w||²/d=0.194576 | eps_adapter=1.019344e+00 | residual_overlap=0.037338
[step    31700] t/d=158.500 | task1=3.363807e-01 | |m1|=0.208967 | m1²=0.043667 | ||w||²/d=0.194114 | eps_adapter=1.019002e+00 | residual_overlap=0.037470
[step    31800] t/d=159.000 | task1=3.363469e-01 | |m1|=0.210680 | m1²=0.044386 | ||w||²/d=0.193704 | eps_adapter=1.018617e+00 | residual_overlap=0.037675
[step    31900] t/d=159.500 | task1=3.363229e-01 | |m1|=0.211976 | m1²=0.044934 | ||w||²/d=0.193019 | eps_adapter=1.018222e+00 | residual_overlap=0.037790
[step    32000] t/d=160.000 | task1=3.362727e-01 | |m1|=0.214126 | m1²=0.045850 | ||w||²/d=0.192585 | eps_adapter=1.017760e+00 | residual_overlap=0.037887
[step    32100] t/d=160.500 | task1=3.362383e-01 | |m1|=0.215536 | m1²=0.046456 | ||w||²/d=0.192267 | eps_adapter=1.017448e+00 | residual_overlap=0.038163
[step    32200] t/d=161.000 | task1=3.362051e-01 | |m1|=0.216321 | m1²=0.046795 | ||w||²/d=0.191835 | eps_adapter=1.017204e+00 | residual_overlap=0.038285
[step    32300] t/d=161.500 | task1=3.361793e-01 | |m1|=0.217669 | m1²=0.047380 | ||w||²/d=0.191025 | eps_adapter=1.016769e+00 | residual_overlap=0.038484
[step    32400] t/d=162.000 | task1=3.361323e-01 | |m1|=0.220041 | m1²=0.048418 | ||w||²/d=0.190423 | eps_adapter=1.016225e+00 | residual_overlap=0.038655
[step    32500] t/d=162.500 | task1=3.361013e-01 | |m1|=0.221925 | m1²=0.049251 | ||w||²/d=0.189748 | eps_adapter=1.015740e+00 | residual_overlap=0.038829
[step    32600] t/d=163.000 | task1=3.360825e-01 | |m1|=0.222513 | m1²=0.049512 | ||w||²/d=0.189344 | eps_adapter=1.015539e+00 | residual_overlap=0.039036
[step    32700] t/d=163.500 | task1=3.360410e-01 | |m1|=0.224078 | m1²=0.050211 | ||w||²/d=0.188833 | eps_adapter=1.015150e+00 | residual_overlap=0.039164
[step    32800] t/d=164.000 | task1=3.360011e-01 | |m1|=0.226304 | m1²=0.051214 | ||w||²/d=0.189123 | eps_adapter=1.014857e+00 | residual_overlap=0.039325
[step    32900] t/d=164.500 | task1=3.359389e-01 | |m1|=0.229147 | m1²=0.052509 | ||w||²/d=0.188757 | eps_adapter=1.014290e+00 | residual_overlap=0.039403
[step    33000] t/d=165.000 | task1=3.359046e-01 | |m1|=0.230065 | m1²=0.052930 | ||w||²/d=0.188717 | eps_adapter=1.014125e+00 | residual_overlap=0.039651
[step    33100] t/d=165.500 | task1=3.358667e-01 | |m1|=0.232332 | m1²=0.053978 | ||w||²/d=0.188991 | eps_adapter=1.013810e+00 | residual_overlap=0.039858
[step    33200] t/d=166.000 | task1=3.358219e-01 | |m1|=0.234018 | m1²=0.054764 | ||w||²/d=0.188067 | eps_adapter=1.013292e+00 | residual_overlap=0.040060
[step    33300] t/d=166.500 | task1=3.358060e-01 | |m1|=0.236064 | m1²=0.055726 | ||w||²/d=0.187749 | eps_adapter=1.012863e+00 | residual_overlap=0.040192
[step    33400] t/d=167.000 | task1=3.357885e-01 | |m1|=0.236905 | m1²=0.056124 | ||w||²/d=0.187549 | eps_adapter=1.012670e+00 | residual_overlap=0.040346
[step    33500] t/d=167.500 | task1=3.357476e-01 | |m1|=0.238925 | m1²=0.057085 | ||w||²/d=0.187235 | eps_adapter=1.012244e+00 | residual_overlap=0.040452
[step    33600] t/d=168.000 | task1=3.357007e-01 | |m1|=0.240464 | m1²=0.057823 | ||w||²/d=0.186954 | eps_adapter=1.011909e+00 | residual_overlap=0.040572
[step    33700] t/d=168.500 | task1=3.356604e-01 | |m1|=0.242003 | m1²=0.058565 | ||w||²/d=0.186677 | eps_adapter=1.011574e+00 | residual_overlap=0.040779
[step    33800] t/d=169.000 | task1=3.356346e-01 | |m1|=0.242977 | m1²=0.059038 | ||w||²/d=0.186342 | eps_adapter=1.011323e+00 | residual_overlap=0.040912
[step    33900] t/d=169.500 | task1=3.355894e-01 | |m1|=0.246043 | m1²=0.060537 | ||w||²/d=0.186611 | eps_adapter=1.010844e+00 | residual_overlap=0.041030
[step    34000] t/d=170.000 | task1=3.355553e-01 | |m1|=0.246756 | m1²=0.060888 | ||w||²/d=0.186771 | eps_adapter=1.010754e+00 | residual_overlap=0.041375
[step    34100] t/d=170.500 | task1=3.354965e-01 | |m1|=0.248906 | m1²=0.061954 | ||w||²/d=0.186042 | eps_adapter=1.010200e+00 | residual_overlap=0.041533
[step    34200] t/d=171.000 | task1=3.354479e-01 | |m1|=0.250300 | m1²=0.062650 | ||w||²/d=0.185481 | eps_adapter=1.009821e+00 | residual_overlap=0.041792
[step    34300] t/d=171.500 | task1=3.354116e-01 | |m1|=0.251568 | m1²=0.063286 | ||w||²/d=0.185276 | eps_adapter=1.009546e+00 | residual_overlap=0.041978
[step    34400] t/d=172.000 | task1=3.353655e-01 | |m1|=0.253779 | m1²=0.064404 | ||w||²/d=0.185229 | eps_adapter=1.009134e+00 | residual_overlap=0.042104
[step    34500] t/d=172.500 | task1=3.353383e-01 | |m1|=0.254985 | m1²=0.065017 | ||w||²/d=0.184902 | eps_adapter=1.008841e+00 | residual_overlap=0.042304
[step    34600] t/d=173.000 | task1=3.353035e-01 | |m1|=0.256664 | m1²=0.065876 | ||w||²/d=0.184835 | eps_adapter=1.008518e+00 | residual_overlap=0.042411
[step    34700] t/d=173.500 | task1=3.352634e-01 | |m1|=0.258576 | m1²=0.066862 | ||w||²/d=0.184083 | eps_adapter=1.008001e+00 | residual_overlap=0.042577
[step    34800] t/d=174.000 | task1=3.352236e-01 | |m1|=0.260523 | m1²=0.067872 | ||w||²/d=0.183888 | eps_adapter=1.007598e+00 | residual_overlap=0.042705
[step    34900] t/d=174.500 | task1=3.351748e-01 | |m1|=0.262422 | m1²=0.068865 | ||w||²/d=0.184226 | eps_adapter=1.007316e+00 | residual_overlap=0.042917
[step    35000] t/d=175.000 | task1=3.351227e-01 | |m1|=0.263608 | m1²=0.069489 | ||w||²/d=0.184040 | eps_adapter=1.007054e+00 | residual_overlap=0.043201
[step    35100] t/d=175.500 | task1=3.350625e-01 | |m1|=0.265417 | m1²=0.070446 | ||w||²/d=0.183265 | eps_adapter=1.006550e+00 | residual_overlap=0.043488
[step    35200] t/d=176.000 | task1=3.350056e-01 | |m1|=0.267540 | m1²=0.071578 | ||w||²/d=0.182679 | eps_adapter=1.006028e+00 | residual_overlap=0.043611
[step    35300] t/d=176.500 | task1=3.349545e-01 | |m1|=0.269251 | m1²=0.072496 | ||w||²/d=0.182273 | eps_adapter=1.005620e+00 | residual_overlap=0.043772
[step    35400] t/d=177.000 | task1=3.349054e-01 | |m1|=0.271905 | m1²=0.073932 | ||w||²/d=0.182039 | eps_adapter=1.005066e+00 | residual_overlap=0.043838
[step    35500] t/d=177.500 | task1=3.348726e-01 | |m1|=0.274135 | m1²=0.075150 | ||w||²/d=0.181515 | eps_adapter=1.004533e+00 | residual_overlap=0.044130
[step    35600] t/d=178.000 | task1=3.348387e-01 | |m1|=0.277751 | m1²=0.077146 | ||w||²/d=0.181608 | eps_adapter=1.003848e+00 | residual_overlap=0.043989
[step    35700] t/d=178.500 | task1=3.348057e-01 | |m1|=0.279731 | m1²=0.078249 | ||w||²/d=0.181711 | eps_adapter=1.003479e+00 | residual_overlap=0.044185
[step    35800] t/d=179.000 | task1=3.347745e-01 | |m1|=0.282256 | m1²=0.079668 | ||w||²/d=0.181947 | eps_adapter=1.003023e+00 | residual_overlap=0.044318
[step    35900] t/d=179.500 | task1=3.347205e-01 | |m1|=0.284662 | m1²=0.081033 | ||w||²/d=0.181650 | eps_adapter=1.002486e+00 | residual_overlap=0.044458
[step    36000] t/d=180.000 | task1=3.346906e-01 | |m1|=0.286683 | m1²=0.082187 | ||w||²/d=0.181985 | eps_adapter=1.002141e+00 | residual_overlap=0.044583
[step    36100] t/d=180.500 | task1=3.346606e-01 | |m1|=0.288677 | m1²=0.083334 | ||w||²/d=0.181427 | eps_adapter=1.001635e+00 | residual_overlap=0.044646
[step    36200] t/d=181.000 | task1=3.345905e-01 | |m1|=0.291029 | m1²=0.084698 | ||w||²/d=0.181144 | eps_adapter=1.001105e+00 | residual_overlap=0.044944
[step    36300] t/d=181.500 | task1=3.345442e-01 | |m1|=0.293672 | m1²=0.086243 | ||w||²/d=0.181158 | eps_adapter=1.000565e+00 | residual_overlap=0.045151
[step    36400] t/d=182.000 | task1=3.344991e-01 | |m1|=0.296467 | m1²=0.087893 | ||w||²/d=0.180960 | eps_adapter=9.999514e-01 | residual_overlap=0.045231
[step    36500] t/d=182.500 | task1=3.344652e-01 | |m1|=0.298043 | m1²=0.088830 | ||w||²/d=0.180971 | eps_adapter=9.996245e-01 | residual_overlap=0.045295
[step    36600] t/d=183.000 | task1=3.344268e-01 | |m1|=0.300902 | m1²=0.090542 | ||w||²/d=0.181133 | eps_adapter=9.990500e-01 | residual_overlap=0.045242
[step    36700] t/d=183.500 | task1=3.343716e-01 | |m1|=0.303442 | m1²=0.092077 | ||w||²/d=0.181000 | eps_adapter=9.984893e-01 | residual_overlap=0.045376
[step    36800] t/d=184.000 | task1=3.343040e-01 | |m1|=0.305865 | m1²=0.093553 | ||w||²/d=0.180800 | eps_adapter=9.979390e-01 | residual_overlap=0.045588
[step    36900] t/d=184.500 | task1=3.342595e-01 | |m1|=0.308036 | m1²=0.094886 | ||w||²/d=0.180433 | eps_adapter=9.974145e-01 | residual_overlap=0.045699
[step    37000] t/d=185.000 | task1=3.342297e-01 | |m1|=0.309845 | m1²=0.096004 | ||w||²/d=0.180036 | eps_adapter=9.969626e-01 | residual_overlap=0.045715
[step    37100] t/d=185.500 | task1=3.341685e-01 | |m1|=0.312503 | m1²=0.097658 | ||w||²/d=0.179715 | eps_adapter=9.963372e-01 | residual_overlap=0.045853
[step    37200] t/d=186.000 | task1=3.341222e-01 | |m1|=0.314558 | m1²=0.098947 | ||w||²/d=0.179514 | eps_adapter=9.958586e-01 | residual_overlap=0.045966
[step    37300] t/d=186.500 | task1=3.340782e-01 | |m1|=0.316518 | m1²=0.100184 | ||w||²/d=0.179873 | eps_adapter=9.954794e-01 | residual_overlap=0.046036
[step    37400] t/d=187.000 | task1=3.340399e-01 | |m1|=0.318998 | m1²=0.101760 | ||w||²/d=0.179549 | eps_adapter=9.948840e-01 | residual_overlap=0.045987
[step    37500] t/d=187.500 | task1=3.339749e-01 | |m1|=0.321752 | m1²=0.103525 | ||w||²/d=0.179988 | eps_adapter=9.943296e-01 | residual_overlap=0.046160
[step    37600] t/d=188.000 | task1=3.339180e-01 | |m1|=0.324249 | m1²=0.105137 | ||w||²/d=0.179535 | eps_adapter=9.937058e-01 | residual_overlap=0.046301
[step    37700] t/d=188.500 | task1=3.338786e-01 | |m1|=0.326154 | m1²=0.106377 | ||w||²/d=0.179492 | eps_adapter=9.932684e-01 | residual_overlap=0.046443
[step    37800] t/d=189.000 | task1=3.338473e-01 | |m1|=0.327902 | m1²=0.107519 | ||w||²/d=0.179485 | eps_adapter=9.928697e-01 | residual_overlap=0.046605
[step    37900] t/d=189.500 | task1=3.338253e-01 | |m1|=0.329165 | m1²=0.108350 | ||w||²/d=0.179433 | eps_adapter=9.925739e-01 | residual_overlap=0.046679
[step    38000] t/d=190.000 | task1=3.337797e-01 | |m1|=0.331471 | m1²=0.109873 | ||w||²/d=0.179273 | eps_adapter=9.920239e-01 | residual_overlap=0.046701
[step    38100] t/d=190.500 | task1=3.337308e-01 | |m1|=0.333231 | m1²=0.111043 | ||w||²/d=0.179502 | eps_adapter=9.916450e-01 | residual_overlap=0.046915
[step    38200] t/d=191.000 | task1=3.336605e-01 | |m1|=0.336135 | m1²=0.112987 | ||w||²/d=0.179844 | eps_adapter=9.910089e-01 | residual_overlap=0.046969
[step    38300] t/d=191.500 | task1=3.335826e-01 | |m1|=0.339092 | m1²=0.114983 | ||w||²/d=0.179358 | eps_adapter=9.902565e-01 | residual_overlap=0.047217
[step    38400] t/d=192.000 | task1=3.335525e-01 | |m1|=0.341292 | m1²=0.116480 | ||w||²/d=0.179267 | eps_adapter=9.897257e-01 | residual_overlap=0.047182
[step    38500] t/d=192.500 | task1=3.334972e-01 | |m1|=0.343399 | m1²=0.117923 | ||w||²/d=0.179663 | eps_adapter=9.892671e-01 | residual_overlap=0.047328
[step    38600] t/d=193.000 | task1=3.334499e-01 | |m1|=0.345728 | m1²=0.119528 | ||w||²/d=0.179470 | eps_adapter=9.886872e-01 | residual_overlap=0.047428
[step    38700] t/d=193.500 | task1=3.333775e-01 | |m1|=0.348698 | m1²=0.121590 | ||w||²/d=0.179449 | eps_adapter=9.879672e-01 | residual_overlap=0.047468
[step    38800] t/d=194.000 | task1=3.333138e-01 | |m1|=0.351053 | m1²=0.123239 | ||w||²/d=0.179597 | eps_adapter=9.874080e-01 | residual_overlap=0.047675
[step    38900] t/d=194.500 | task1=3.332370e-01 | |m1|=0.354063 | m1²=0.125361 | ||w||²/d=0.179239 | eps_adapter=9.866349e-01 | residual_overlap=0.047804
[step    39000] t/d=195.000 | task1=3.331817e-01 | |m1|=0.356718 | m1²=0.127248 | ||w||²/d=0.179196 | eps_adapter=9.859749e-01 | residual_overlap=0.047786
[step    39100] t/d=195.500 | task1=3.331613e-01 | |m1|=0.357937 | m1²=0.128119 | ||w||²/d=0.179443 | eps_adapter=9.856942e-01 | residual_overlap=0.047906
[step    39200] t/d=196.000 | task1=3.330931e-01 | |m1|=0.361050 | m1²=0.130357 | ||w||²/d=0.179904 | eps_adapter=9.849542e-01 | residual_overlap=0.047931
[step    39300] t/d=196.500 | task1=3.330395e-01 | |m1|=0.363315 | m1²=0.131998 | ||w||²/d=0.179728 | eps_adapter=9.843672e-01 | residual_overlap=0.048053
[step    39400] t/d=197.000 | task1=3.329802e-01 | |m1|=0.365598 | m1²=0.133662 | ||w||²/d=0.179883 | eps_adapter=9.837994e-01 | residual_overlap=0.048288
[step    39500] t/d=197.500 | task1=3.328877e-01 | |m1|=0.368489 | m1²=0.135784 | ||w||²/d=0.179616 | eps_adapter=9.830390e-01 | residual_overlap=0.048517
[step    39600] t/d=198.000 | task1=3.328099e-01 | |m1|=0.371697 | m1²=0.138159 | ||w||²/d=0.179503 | eps_adapter=9.822036e-01 | residual_overlap=0.048549
[step    39700] t/d=198.500 | task1=3.327634e-01 | |m1|=0.373908 | m1²=0.139807 | ||w||²/d=0.179544 | eps_adapter=9.816324e-01 | residual_overlap=0.048639
[step    39800] t/d=199.000 | task1=3.326896e-01 | |m1|=0.376808 | m1²=0.141985 | ||w||²/d=0.179943 | eps_adapter=9.808991e-01 | residual_overlap=0.048541
[step    39900] t/d=199.500 | task1=3.326259e-01 | |m1|=0.379304 | m1²=0.143872 | ||w||²/d=0.179787 | eps_adapter=9.802312e-01 | residual_overlap=0.048619
[step    40000] t/d=200.000 | task1=3.325758e-01 | |m1|=0.381441 | m1²=0.145497 | ||w||²/d=0.179885 | eps_adapter=9.796698e-01 | residual_overlap=0.048741
Saved checkpoint: results/quality_pretraining/finetunetask1_d200_T5/prestep_0_lr0p01_init1_wseed21_sgdseed22/checkpoints/step_000040000
[step    40100] t/d=200.500 | task1=3.325324e-01 | |m1|=0.383107 | m1²=0.146771 | ||w||²/d=0.180251 | eps_adapter=9.792451e-01 | residual_overlap=0.048891
[step    40200] t/d=201.000 | task1=3.324785e-01 | |m1|=0.385746 | m1²=0.148800 | ||w||²/d=0.180249 | eps_adapter=9.785356e-01 | residual_overlap=0.048905
[step    40300] t/d=201.500 | task1=3.323988e-01 | |m1|=0.388461 | m1²=0.150902 | ||w||²/d=0.179899 | eps_adapter=9.777846e-01 | residual_overlap=0.048972
[step    40400] t/d=202.000 | task1=3.323339e-01 | |m1|=0.390419 | m1²=0.152427 | ||w||²/d=0.180023 | eps_adapter=9.772577e-01 | residual_overlap=0.049139
[step    40500] t/d=202.500 | task1=3.322638e-01 | |m1|=0.392805 | m1²=0.154296 | ||w||²/d=0.180211 | eps_adapter=9.766126e-01 | residual_overlap=0.049255
[step    40600] t/d=203.000 | task1=3.322112e-01 | |m1|=0.395525 | m1²=0.156440 | ||w||²/d=0.180389 | eps_adapter=9.758694e-01 | residual_overlap=0.049306
[step    40700] t/d=203.500 | task1=3.321791e-01 | |m1|=0.396782 | m1²=0.157436 | ||w||²/d=0.180657 | eps_adapter=9.755300e-01 | residual_overlap=0.049358
[step    40800] t/d=204.000 | task1=3.321144e-01 | |m1|=0.399674 | m1²=0.159739 | ||w||²/d=0.180727 | eps_adapter=9.747250e-01 | residual_overlap=0.049371
[step    40900] t/d=204.500 | task1=3.320624e-01 | |m1|=0.402594 | m1²=0.162082 | ||w||²/d=0.180480 | eps_adapter=9.738976e-01 | residual_overlap=0.049462
[step    41000] t/d=205.000 | task1=3.320422e-01 | |m1|=0.403884 | m1²=0.163122 | ||w||²/d=0.180398 | eps_adapter=9.735314e-01 | residual_overlap=0.049446
[step    41100] t/d=205.500 | task1=3.319446e-01 | |m1|=0.406785 | m1²=0.165474 | ||w||²/d=0.180511 | eps_adapter=9.727104e-01 | residual_overlap=0.049654
[step    41200] t/d=206.000 | task1=3.318988e-01 | |m1|=0.408836 | m1²=0.167147 | ||w||²/d=0.180563 | eps_adapter=9.721254e-01 | residual_overlap=0.049693
[step    41300] t/d=206.500 | task1=3.318050e-01 | |m1|=0.412072 | m1²=0.169803 | ||w||²/d=0.180017 | eps_adapter=9.711899e-01 | residual_overlap=0.049745
[step    41400] t/d=207.000 | task1=3.317380e-01 | |m1|=0.414288 | m1²=0.171634 | ||w||²/d=0.179879 | eps_adapter=9.705496e-01 | residual_overlap=0.049747
[step    41500] t/d=207.500 | task1=3.316749e-01 | |m1|=0.416634 | m1²=0.173584 | ||w||²/d=0.179900 | eps_adapter=9.698694e-01 | residual_overlap=0.049666
[step    41600] t/d=208.000 | task1=3.316092e-01 | |m1|=0.418958 | m1²=0.175526 | ||w||²/d=0.180242 | eps_adapter=9.691911e-01 | residual_overlap=0.049782
[step    41700] t/d=208.500 | task1=3.315579e-01 | |m1|=0.420649 | m1²=0.176945 | ||w||²/d=0.180434 | eps_adapter=9.686941e-01 | residual_overlap=0.049881
[step    41800] t/d=209.000 | task1=3.314707e-01 | |m1|=0.423515 | m1²=0.179365 | ||w||²/d=0.181076 | eps_adapter=9.678422e-01 | residual_overlap=0.050104
[step    41900] t/d=209.500 | task1=3.313958e-01 | |m1|=0.426691 | m1²=0.182066 | ||w||²/d=0.181396 | eps_adapter=9.668898e-01 | residual_overlap=0.050220
[step    42000] t/d=210.000 | task1=3.313047e-01 | |m1|=0.429863 | m1²=0.184782 | ||w||²/d=0.181279 | eps_adapter=9.659360e-01 | residual_overlap=0.050292
[step    42100] t/d=210.500 | task1=3.312257e-01 | |m1|=0.432914 | m1²=0.187414 | ||w||²/d=0.181576 | eps_adapter=9.650038e-01 | residual_overlap=0.050178
[step    42200] t/d=211.000 | task1=3.311565e-01 | |m1|=0.435640 | m1²=0.189782 | ||w||²/d=0.182222 | eps_adapter=9.641531e-01 | residual_overlap=0.050213
[step    42300] t/d=211.500 | task1=3.310410e-01 | |m1|=0.439295 | m1²=0.192980 | ||w||²/d=0.182874 | eps_adapter=9.630025e-01 | residual_overlap=0.050142
[step    42400] t/d=212.000 | task1=3.309571e-01 | |m1|=0.441707 | m1²=0.195105 | ||w||²/d=0.182936 | eps_adapter=9.622465e-01 | residual_overlap=0.050381
[step    42500] t/d=212.500 | task1=3.308802e-01 | |m1|=0.444158 | m1²=0.197277 | ||w||²/d=0.183128 | eps_adapter=9.614687e-01 | residual_overlap=0.050493
[step    42600] t/d=213.000 | task1=3.308020e-01 | |m1|=0.447071 | m1²=0.199873 | ||w||²/d=0.183124 | eps_adapter=9.605466e-01 | residual_overlap=0.050629
[step    42700] t/d=213.500 | task1=3.307075e-01 | |m1|=0.450421 | m1²=0.202879 | ||w||²/d=0.183162 | eps_adapter=9.594768e-01 | residual_overlap=0.050777
[step    42800] t/d=214.000 | task1=3.305941e-01 | |m1|=0.454448 | m1²=0.206523 | ||w||²/d=0.183977 | eps_adapter=9.581371e-01 | residual_overlap=0.050537
[step    42900] t/d=214.500 | task1=3.305173e-01 | |m1|=0.457084 | m1²=0.208926 | ||w||²/d=0.184119 | eps_adapter=9.572714e-01 | residual_overlap=0.050584
[step    43000] t/d=215.000 | task1=3.304473e-01 | |m1|=0.459538 | m1²=0.211175 | ||w||²/d=0.183979 | eps_adapter=9.564769e-01 | residual_overlap=0.050692
[step    43100] t/d=215.500 | task1=3.303606e-01 | |m1|=0.462409 | m1²=0.213822 | ||w||²/d=0.184086 | eps_adapter=9.555249e-01 | residual_overlap=0.050797
[step    43200] t/d=216.000 | task1=3.302407e-01 | |m1|=0.465987 | m1²=0.217144 | ||w||²/d=0.184229 | eps_adapter=9.543280e-01 | residual_overlap=0.050917
[step    43300] t/d=216.500 | task1=3.301644e-01 | |m1|=0.468762 | m1²=0.219737 | ||w||²/d=0.184517 | eps_adapter=9.533783e-01 | residual_overlap=0.051081
[step    43400] t/d=217.000 | task1=3.300406e-01 | |m1|=0.472102 | m1²=0.222880 | ||w||²/d=0.184874 | eps_adapter=9.522233e-01 | residual_overlap=0.051376
[step    43500] t/d=217.500 | task1=3.299538e-01 | |m1|=0.475172 | m1²=0.225788 | ||w||²/d=0.185609 | eps_adapter=9.511145e-01 | residual_overlap=0.051451
[step    43600] t/d=218.000 | task1=3.298529e-01 | |m1|=0.478060 | m1²=0.228541 | ||w||²/d=0.186571 | eps_adapter=9.500338e-01 | residual_overlap=0.051555
[step    43700] t/d=218.500 | task1=3.297211e-01 | |m1|=0.481511 | m1²=0.231853 | ||w||²/d=0.187109 | eps_adapter=9.487825e-01 | residual_overlap=0.051493
[step    43800] t/d=219.000 | task1=3.296093e-01 | |m1|=0.484408 | m1²=0.234651 | ||w||²/d=0.187600 | eps_adapter=9.477164e-01 | residual_overlap=0.051710
[step    43900] t/d=219.500 | task1=3.295508e-01 | |m1|=0.486537 | m1²=0.236718 | ||w||²/d=0.187502 | eps_adapter=9.469745e-01 | residual_overlap=0.051677
[step    44000] t/d=220.000 | task1=3.294457e-01 | |m1|=0.489869 | m1²=0.239971 | ||w||²/d=0.187299 | eps_adapter=9.458143e-01 | residual_overlap=0.051745
[step    44100] t/d=220.500 | task1=3.293392e-01 | |m1|=0.492810 | m1²=0.242862 | ||w||²/d=0.187708 | eps_adapter=9.447158e-01 | residual_overlap=0.051635
[step    44200] t/d=221.000 | task1=3.292514e-01 | |m1|=0.495932 | m1²=0.245949 | ||w||²/d=0.187609 | eps_adapter=9.436040e-01 | residual_overlap=0.051621
[step    44300] t/d=221.500 | task1=3.291623e-01 | |m1|=0.498418 | m1²=0.248420 | ||w||²/d=0.187838 | eps_adapter=9.426752e-01 | residual_overlap=0.051720
[step    44400] t/d=222.000 | task1=3.290666e-01 | |m1|=0.500756 | m1²=0.250756 | ||w||²/d=0.188361 | eps_adapter=9.417546e-01 | residual_overlap=0.051869
[step    44500] t/d=222.500 | task1=3.290030e-01 | |m1|=0.503144 | m1²=0.253154 | ||w||²/d=0.188313 | eps_adapter=9.408854e-01 | residual_overlap=0.051786
[step    44600] t/d=223.000 | task1=3.289027e-01 | |m1|=0.506391 | m1²=0.256432 | ||w||²/d=0.188496 | eps_adapter=9.396617e-01 | residual_overlap=0.051715
[step    44700] t/d=223.500 | task1=3.288048e-01 | |m1|=0.509128 | m1²=0.259211 | ||w||²/d=0.188927 | eps_adapter=9.385819e-01 | residual_overlap=0.051827
[step    44800] t/d=224.000 | task1=3.287122e-01 | |m1|=0.511487 | m1²=0.261619 | ||w||²/d=0.189278 | eps_adapter=9.376460e-01 | residual_overlap=0.051992
[step    44900] t/d=224.500 | task1=3.285982e-01 | |m1|=0.514903 | m1²=0.265125 | ||w||²/d=0.189474 | eps_adapter=9.363279e-01 | residual_overlap=0.052019
[step    45000] t/d=225.000 | task1=3.284427e-01 | |m1|=0.518417 | m1²=0.268756 | ||w||²/d=0.190207 | eps_adapter=9.348730e-01 | residual_overlap=0.052074
[step    45100] t/d=225.500 | task1=3.282911e-01 | |m1|=0.522478 | m1²=0.272983 | ||w||²/d=0.191016 | eps_adapter=9.331753e-01 | residual_overlap=0.052019
[step    45200] t/d=226.000 | task1=3.281945e-01 | |m1|=0.524947 | m1²=0.275569 | ||w||²/d=0.191102 | eps_adapter=9.322021e-01 | residual_overlap=0.052039
[step    45300] t/d=226.500 | task1=3.280885e-01 | |m1|=0.527425 | m1²=0.278177 | ||w||²/d=0.191753 | eps_adapter=9.311183e-01 | residual_overlap=0.052129
[step    45400] t/d=227.000 | task1=3.279768e-01 | |m1|=0.530405 | m1²=0.281330 | ||w||²/d=0.192230 | eps_adapter=9.298577e-01 | residual_overlap=0.052160
[step    45500] t/d=227.500 | task1=3.278636e-01 | |m1|=0.532943 | m1²=0.284028 | ||w||²/d=0.193403 | eps_adapter=9.286309e-01 | residual_overlap=0.052300
[step    45600] t/d=228.000 | task1=3.277537e-01 | |m1|=0.535825 | m1²=0.287109 | ||w||²/d=0.193621 | eps_adapter=9.274331e-01 | residual_overlap=0.052387
[step    45700] t/d=228.500 | task1=3.276347e-01 | |m1|=0.539235 | m1²=0.290774 | ||w||²/d=0.193564 | eps_adapter=9.260678e-01 | residual_overlap=0.052498
[step    45800] t/d=229.000 | task1=3.275740e-01 | |m1|=0.541678 | m1²=0.293415 | ||w||²/d=0.193723 | eps_adapter=9.250437e-01 | residual_overlap=0.052369
[step    45900] t/d=229.500 | task1=3.274589e-01 | |m1|=0.543968 | m1²=0.295902 | ||w||²/d=0.194550 | eps_adapter=9.239366e-01 | residual_overlap=0.052537
[step    46000] t/d=230.000 | task1=3.273758e-01 | |m1|=0.547008 | m1²=0.299218 | ||w||²/d=0.194925 | eps_adapter=9.226049e-01 | residual_overlap=0.052521
[step    46100] t/d=230.500 | task1=3.272586e-01 | |m1|=0.550234 | m1²=0.302757 | ||w||²/d=0.195063 | eps_adapter=9.212362e-01 | residual_overlap=0.052553
[step    46200] t/d=231.000 | task1=3.271359e-01 | |m1|=0.552975 | m1²=0.305781 | ||w||²/d=0.195564 | eps_adapter=9.199788e-01 | residual_overlap=0.052506
[step    46300] t/d=231.500 | task1=3.269897e-01 | |m1|=0.556243 | m1²=0.309406 | ||w||²/d=0.196624 | eps_adapter=9.183588e-01 | residual_overlap=0.052401
[step    46400] t/d=232.000 | task1=3.269009e-01 | |m1|=0.558755 | m1²=0.312208 | ||w||²/d=0.197304 | eps_adapter=9.171304e-01 | residual_overlap=0.052489
[step    46500] t/d=232.500 | task1=3.267627e-01 | |m1|=0.561761 | m1²=0.315575 | ||w||²/d=0.197750 | eps_adapter=9.157342e-01 | residual_overlap=0.052705
[step    46600] t/d=233.000 | task1=3.266225e-01 | |m1|=0.564821 | m1²=0.319023 | ||w||²/d=0.198653 | eps_adapter=9.141897e-01 | residual_overlap=0.052607
[step    46700] t/d=233.500 | task1=3.265401e-01 | |m1|=0.567011 | m1²=0.321502 | ||w||²/d=0.199269 | eps_adapter=9.130810e-01 | residual_overlap=0.052651
[step    46800] t/d=234.000 | task1=3.263929e-01 | |m1|=0.570320 | m1²=0.325265 | ||w||²/d=0.200080 | eps_adapter=9.114193e-01 | residual_overlap=0.052696
[step    46900] t/d=234.500 | task1=3.262333e-01 | |m1|=0.574072 | m1²=0.329558 | ||w||²/d=0.200997 | eps_adapter=9.095128e-01 | residual_overlap=0.052681
[step    47000] t/d=235.000 | task1=3.261163e-01 | |m1|=0.577428 | m1²=0.333423 | ||w||²/d=0.201236 | eps_adapter=9.079416e-01 | residual_overlap=0.052653
[step    47100] t/d=235.500 | task1=3.259668e-01 | |m1|=0.580700 | m1²=0.337213 | ||w||²/d=0.201930 | eps_adapter=9.062718e-01 | residual_overlap=0.052689
[step    47200] t/d=236.000 | task1=3.258397e-01 | |m1|=0.583361 | m1²=0.340310 | ||w||²/d=0.202358 | eps_adapter=9.049387e-01 | residual_overlap=0.052635
[step    47300] t/d=236.500 | task1=3.256808e-01 | |m1|=0.586616 | m1²=0.344119 | ||w||²/d=0.203424 | eps_adapter=9.031390e-01 | residual_overlap=0.052518
[step    47400] t/d=237.000 | task1=3.255891e-01 | |m1|=0.588284 | m1²=0.346078 | ||w||²/d=0.204146 | eps_adapter=9.021579e-01 | residual_overlap=0.052546
[step    47500] t/d=237.500 | task1=3.254241e-01 | |m1|=0.592212 | m1²=0.350715 | ||w||²/d=0.204343 | eps_adapter=9.002636e-01 | residual_overlap=0.052494
[step    47600] t/d=238.000 | task1=3.253101e-01 | |m1|=0.594969 | m1²=0.353988 | ||w||²/d=0.204807 | eps_adapter=8.988265e-01 | residual_overlap=0.052553
[step    47700] t/d=238.500 | task1=3.251675e-01 | |m1|=0.598259 | m1²=0.357914 | ||w||²/d=0.205739 | eps_adapter=8.969792e-01 | residual_overlap=0.052381
[step    47800] t/d=239.000 | task1=3.250388e-01 | |m1|=0.600912 | m1²=0.361095 | ||w||²/d=0.206590 | eps_adapter=8.954437e-01 | residual_overlap=0.052417
[step    47900] t/d=239.500 | task1=3.248652e-01 | |m1|=0.604726 | m1²=0.365694 | ||w||²/d=0.207228 | eps_adapter=8.933966e-01 | residual_overlap=0.052528
[step    48000] t/d=240.000 | task1=3.247235e-01 | |m1|=0.608234 | m1²=0.369948 | ||w||²/d=0.207304 | eps_adapter=8.916616e-01 | residual_overlap=0.052507
[step    48100] t/d=240.500 | task1=3.245972e-01 | |m1|=0.610778 | m1²=0.373050 | ||w||²/d=0.208122 | eps_adapter=8.901420e-01 | residual_overlap=0.052539
[step    48200] t/d=241.000 | task1=3.244287e-01 | |m1|=0.613899 | m1²=0.376872 | ||w||²/d=0.208747 | eps_adapter=8.883873e-01 | residual_overlap=0.052586
[step    48300] t/d=241.500 | task1=3.242815e-01 | |m1|=0.616767 | m1²=0.380402 | ||w||²/d=0.209478 | eps_adapter=8.867064e-01 | residual_overlap=0.052596
[step    48400] t/d=242.000 | task1=3.241590e-01 | |m1|=0.618491 | m1²=0.382531 | ||w||²/d=0.210581 | eps_adapter=8.854588e-01 | residual_overlap=0.052586
[step    48500] t/d=242.500 | task1=3.240145e-01 | |m1|=0.621527 | m1²=0.386296 | ||w||²/d=0.211304 | eps_adapter=8.836659e-01 | residual_overlap=0.052516
[step    48600] t/d=243.000 | task1=3.238377e-01 | |m1|=0.625329 | m1²=0.391036 | ||w||²/d=0.212125 | eps_adapter=8.814272e-01 | residual_overlap=0.052375
[step    48700] t/d=243.500 | task1=3.236615e-01 | |m1|=0.628689 | m1²=0.395249 | ||w||²/d=0.213088 | eps_adapter=8.793405e-01 | residual_overlap=0.052159
[step    48800] t/d=244.000 | task1=3.234836e-01 | |m1|=0.631656 | m1²=0.398989 | ||w||²/d=0.214044 | eps_adapter=8.774389e-01 | residual_overlap=0.052182
[step    48900] t/d=244.500 | task1=3.233511e-01 | |m1|=0.634608 | m1²=0.402727 | ||w||²/d=0.214724 | eps_adapter=8.756300e-01 | residual_overlap=0.052013
[step    49000] t/d=245.000 | task1=3.232204e-01 | |m1|=0.637003 | m1²=0.405772 | ||w||²/d=0.215902 | eps_adapter=8.739113e-01 | residual_overlap=0.051976
[step    49100] t/d=245.500 | task1=3.230598e-01 | |m1|=0.640258 | m1²=0.409930 | ||w||²/d=0.216689 | eps_adapter=8.718647e-01 | residual_overlap=0.051852
[step    49200] t/d=246.000 | task1=3.229360e-01 | |m1|=0.642450 | m1²=0.412742 | ||w||²/d=0.217507 | eps_adapter=8.703618e-01 | residual_overlap=0.051984
[step    49300] t/d=246.500 | task1=3.227924e-01 | |m1|=0.645081 | m1²=0.416130 | ||w||²/d=0.217859 | eps_adapter=8.687928e-01 | residual_overlap=0.052105
[step    49400] t/d=247.000 | task1=3.225949e-01 | |m1|=0.647704 | m1²=0.419520 | ||w||²/d=0.219417 | eps_adapter=8.667330e-01 | residual_overlap=0.052128
[step    49500] t/d=247.500 | task1=3.224475e-01 | |m1|=0.650787 | m1²=0.423524 | ||w||²/d=0.220156 | eps_adapter=8.647275e-01 | residual_overlap=0.052104
[step    49600] t/d=248.000 | task1=3.222416e-01 | |m1|=0.654239 | m1²=0.428029 | ||w||²/d=0.221455 | eps_adapter=8.622646e-01 | residual_overlap=0.051990
[step    49700] t/d=248.500 | task1=3.221011e-01 | |m1|=0.656770 | m1²=0.431347 | ||w||²/d=0.221891 | eps_adapter=8.606564e-01 | residual_overlap=0.051915
[step    49800] t/d=249.000 | task1=3.218909e-01 | |m1|=0.660112 | m1²=0.435748 | ||w||²/d=0.223102 | eps_adapter=8.582453e-01 | residual_overlap=0.051869
[step    49900] t/d=249.500 | task1=3.217001e-01 | |m1|=0.663480 | m1²=0.440205 | ||w||²/d=0.224013 | eps_adapter=8.559215e-01 | residual_overlap=0.051684
[step    50000] t/d=250.000 | task1=3.215398e-01 | |m1|=0.666213 | m1²=0.443840 | ||w||²/d=0.225146 | eps_adapter=8.538454e-01 | residual_overlap=0.051511
[step    50100] t/d=250.500 | task1=3.213774e-01 | |m1|=0.668519 | m1²=0.446918 | ||w||²/d=0.226302 | eps_adapter=8.519901e-01 | residual_overlap=0.051616
[step    50200] t/d=251.000 | task1=3.211649e-01 | |m1|=0.671751 | m1²=0.451250 | ||w||²/d=0.227463 | eps_adapter=8.495677e-01 | residual_overlap=0.051489
[step    50300] t/d=251.500 | task1=3.210012e-01 | |m1|=0.674219 | m1²=0.454571 | ||w||²/d=0.228462 | eps_adapter=8.476499e-01 | residual_overlap=0.051381
[step    50400] t/d=252.000 | task1=3.208126e-01 | |m1|=0.676983 | m1²=0.458307 | ||w||²/d=0.229871 | eps_adapter=8.453495e-01 | residual_overlap=0.051270
[step    50500] t/d=252.500 | task1=3.205834e-01 | |m1|=0.680707 | m1²=0.463362 | ||w||²/d=0.230620 | eps_adapter=8.427461e-01 | residual_overlap=0.051322
[step    50600] t/d=253.000 | task1=3.203680e-01 | |m1|=0.683780 | m1²=0.467555 | ||w||²/d=0.231922 | eps_adapter=8.402562e-01 | residual_overlap=0.051408
[step    50700] t/d=253.500 | task1=3.201745e-01 | |m1|=0.686519 | m1²=0.471309 | ||w||²/d=0.233198 | eps_adapter=8.379592e-01 | residual_overlap=0.051464
[step    50800] t/d=254.000 | task1=3.199244e-01 | |m1|=0.690343 | m1²=0.476573 | ||w||²/d=0.234460 | eps_adapter=8.349664e-01 | residual_overlap=0.051191
[step    50900] t/d=254.500 | task1=3.197379e-01 | |m1|=0.693153 | m1²=0.480461 | ||w||²/d=0.235512 | eps_adapter=8.326829e-01 | residual_overlap=0.050989
[step    51000] t/d=255.000 | task1=3.195730e-01 | |m1|=0.695020 | m1²=0.483053 | ||w||²/d=0.236895 | eps_adapter=8.308173e-01 | residual_overlap=0.051009
[step    51100] t/d=255.500 | task1=3.193636e-01 | |m1|=0.698021 | m1²=0.487233 | ||w||²/d=0.238037 | eps_adapter=8.283277e-01 | residual_overlap=0.050768
[step    51200] t/d=256.000 | task1=3.191652e-01 | |m1|=0.700921 | m1²=0.491291 | ||w||²/d=0.238846 | eps_adapter=8.260458e-01 | residual_overlap=0.050668
[step    51300] t/d=256.500 | task1=3.189580e-01 | |m1|=0.703916 | m1²=0.495498 | ||w||²/d=0.240098 | eps_adapter=8.234572e-01 | residual_overlap=0.050449
[step    51400] t/d=257.000 | task1=3.187415e-01 | |m1|=0.706468 | m1²=0.499098 | ||w||²/d=0.241736 | eps_adapter=8.209374e-01 | residual_overlap=0.050475
[step    51500] t/d=257.500 | task1=3.185374e-01 | |m1|=0.708989 | m1²=0.502665 | ||w||²/d=0.242322 | eps_adapter=8.189604e-01 | residual_overlap=0.050438
[step    51600] t/d=258.000 | task1=3.183488e-01 | |m1|=0.711946 | m1²=0.506867 | ||w||²/d=0.243348 | eps_adapter=8.164449e-01 | residual_overlap=0.050311
[step    51700] t/d=258.500 | task1=3.181186e-01 | |m1|=0.715044 | m1²=0.511288 | ||w||²/d=0.244647 | eps_adapter=8.136661e-01 | residual_overlap=0.050166
[step    51800] t/d=259.000 | task1=3.179312e-01 | |m1|=0.717579 | m1²=0.514919 | ||w||²/d=0.245934 | eps_adapter=8.112513e-01 | residual_overlap=0.050199
[step    51900] t/d=259.500 | task1=3.177384e-01 | |m1|=0.719872 | m1²=0.518215 | ||w||²/d=0.247025 | eps_adapter=8.090883e-01 | residual_overlap=0.050102
[step    52000] t/d=260.000 | task1=3.175473e-01 | |m1|=0.722045 | m1²=0.521349 | ||w||²/d=0.248664 | eps_adapter=8.066937e-01 | residual_overlap=0.049800
[step    52100] t/d=260.500 | task1=3.173160e-01 | |m1|=0.725079 | m1²=0.525740 | ||w||²/d=0.249828 | eps_adapter=8.039344e-01 | residual_overlap=0.049666
[step    52200] t/d=261.000 | task1=3.171295e-01 | |m1|=0.726800 | m1²=0.528238 | ||w||²/d=0.251304 | eps_adapter=8.019071e-01 | residual_overlap=0.049710
[step    52300] t/d=261.500 | task1=3.169146e-01 | |m1|=0.729200 | m1²=0.531733 | ||w||²/d=0.252914 | eps_adapter=7.993068e-01 | residual_overlap=0.049686
[step    52400] t/d=262.000 | task1=3.167327e-01 | |m1|=0.731417 | m1²=0.534971 | ||w||²/d=0.254153 | eps_adapter=7.970231e-01 | residual_overlap=0.049493
[step    52500] t/d=262.500 | task1=3.164842e-01 | |m1|=0.734543 | m1²=0.539553 | ||w||²/d=0.255118 | eps_adapter=7.942165e-01 | residual_overlap=0.049402
[step    52600] t/d=263.000 | task1=3.162696e-01 | |m1|=0.737221 | m1²=0.543495 | ||w||²/d=0.256216 | eps_adapter=7.916366e-01 | residual_overlap=0.049258
[step    52700] t/d=263.500 | task1=3.160070e-01 | |m1|=0.739981 | m1²=0.547571 | ||w||²/d=0.257915 | eps_adapter=7.886274e-01 | residual_overlap=0.049183
[step    52800] t/d=264.000 | task1=3.157770e-01 | |m1|=0.742449 | m1²=0.551231 | ||w||²/d=0.259433 | eps_adapter=7.859122e-01 | residual_overlap=0.049057
[step    52900] t/d=264.500 | task1=3.155982e-01 | |m1|=0.744343 | m1²=0.554046 | ||w||²/d=0.260884 | eps_adapter=7.836463e-01 | residual_overlap=0.048853
[step    53000] t/d=265.000 | task1=3.153132e-01 | |m1|=0.747501 | m1²=0.558757 | ||w||²/d=0.262435 | eps_adapter=7.803444e-01 | residual_overlap=0.048730
[step    53100] t/d=265.500 | task1=3.150458e-01 | |m1|=0.749953 | m1²=0.562430 | ||w||²/d=0.264209 | eps_adapter=7.774183e-01 | residual_overlap=0.048595
[step    53200] t/d=266.000 | task1=3.147740e-01 | |m1|=0.752667 | m1²=0.566508 | ||w||²/d=0.265846 | eps_adapter=7.743458e-01 | residual_overlap=0.048537
[step    53300] t/d=266.500 | task1=3.145322e-01 | |m1|=0.755125 | m1²=0.570214 | ||w||²/d=0.267350 | eps_adapter=7.715255e-01 | residual_overlap=0.048393
[step    53400] t/d=267.000 | task1=3.142941e-01 | |m1|=0.757505 | m1²=0.573814 | ||w||²/d=0.268882 | eps_adapter=7.687265e-01 | residual_overlap=0.048347
[step    53500] t/d=267.500 | task1=3.140612e-01 | |m1|=0.759938 | m1²=0.577505 | ||w||²/d=0.270484 | eps_adapter=7.658192e-01 | residual_overlap=0.048304
[step    53600] t/d=268.000 | task1=3.138526e-01 | |m1|=0.762033 | m1²=0.580694 | ||w||²/d=0.272042 | eps_adapter=7.631861e-01 | residual_overlap=0.048242
[step    53700] t/d=268.500 | task1=3.136292e-01 | |m1|=0.764187 | m1²=0.583982 | ||w||²/d=0.273578 | eps_adapter=7.604997e-01 | residual_overlap=0.048111
[step    53800] t/d=269.000 | task1=3.133533e-01 | |m1|=0.766675 | m1²=0.587790 | ||w||²/d=0.275517 | eps_adapter=7.572694e-01 | residual_overlap=0.048114
[step    53900] t/d=269.500 | task1=3.130939e-01 | |m1|=0.769224 | m1²=0.591706 | ||w||²/d=0.277069 | eps_adapter=7.542020e-01 | residual_overlap=0.048003
[step    54000] t/d=270.000 | task1=3.128870e-01 | |m1|=0.771388 | m1²=0.595039 | ||w||²/d=0.278122 | eps_adapter=7.517451e-01 | residual_overlap=0.047822
[step    54100] t/d=270.500 | task1=3.125862e-01 | |m1|=0.774078 | m1²=0.599197 | ||w||²/d=0.280195 | eps_adapter=7.481815e-01 | residual_overlap=0.047578
[step    54200] t/d=271.000 | task1=3.123266e-01 | |m1|=0.776466 | m1²=0.602899 | ||w||²/d=0.281684 | eps_adapter=7.452151e-01 | residual_overlap=0.047558
[step    54300] t/d=271.500 | task1=3.121368e-01 | |m1|=0.778039 | m1²=0.605345 | ||w||²/d=0.283225 | eps_adapter=7.428874e-01 | residual_overlap=0.047459
[step    54400] t/d=272.000 | task1=3.119061e-01 | |m1|=0.780115 | m1²=0.608579 | ||w||²/d=0.284621 | eps_adapter=7.402088e-01 | residual_overlap=0.047377
[step    54500] t/d=272.500 | task1=3.115663e-01 | |m1|=0.782665 | m1²=0.612565 | ||w||²/d=0.287422 | eps_adapter=7.361872e-01 | residual_overlap=0.047285
[step    54600] t/d=273.000 | task1=3.112943e-01 | |m1|=0.785195 | m1²=0.616530 | ||w||²/d=0.289029 | eps_adapter=7.329256e-01 | residual_overlap=0.047198
[step    54700] t/d=273.500 | task1=3.109820e-01 | |m1|=0.787818 | m1²=0.620657 | ||w||²/d=0.291509 | eps_adapter=7.289807e-01 | residual_overlap=0.047069
[step    54800] t/d=274.000 | task1=3.106834e-01 | |m1|=0.790177 | m1²=0.624379 | ||w||²/d=0.293516 | eps_adapter=7.255500e-01 | residual_overlap=0.046919
[step    54900] t/d=274.500 | task1=3.104029e-01 | |m1|=0.792850 | m1²=0.628611 | ||w||²/d=0.295033 | eps_adapter=7.221305e-01 | residual_overlap=0.046784
[step    55000] t/d=275.000 | task1=3.102161e-01 | |m1|=0.794404 | m1²=0.631077 | ||w||²/d=0.296059 | eps_adapter=7.200335e-01 | residual_overlap=0.046712
[step    55100] t/d=275.500 | task1=3.100148e-01 | |m1|=0.796212 | m1²=0.633954 | ||w||²/d=0.297352 | eps_adapter=7.175133e-01 | residual_overlap=0.046666
[step    55200] t/d=276.000 | task1=3.097690e-01 | |m1|=0.798229 | m1²=0.637170 | ||w||²/d=0.299095 | eps_adapter=7.144822e-01 | residual_overlap=0.046619
[step    55300] t/d=276.500 | task1=3.094623e-01 | |m1|=0.800068 | m1²=0.640109 | ||w||²/d=0.302021 | eps_adapter=7.107985e-01 | residual_overlap=0.046492
[step    55400] t/d=277.000 | task1=3.092086e-01 | |m1|=0.802123 | m1²=0.643401 | ||w||²/d=0.303804 | eps_adapter=7.076602e-01 | residual_overlap=0.046405
[step    55500] t/d=277.500 | task1=3.089907e-01 | |m1|=0.804098 | m1²=0.646574 | ||w||²/d=0.304994 | eps_adapter=7.049795e-01 | residual_overlap=0.046222
[step    55600] t/d=278.000 | task1=3.086746e-01 | |m1|=0.806595 | m1²=0.650596 | ||w||²/d=0.307238 | eps_adapter=7.010611e-01 | residual_overlap=0.045966
[step    55700] t/d=278.500 | task1=3.084429e-01 | |m1|=0.809040 | m1²=0.654546 | ||w||²/d=0.308268 | eps_adapter=6.979951e-01 | residual_overlap=0.045907
[step    55800] t/d=279.000 | task1=3.081590e-01 | |m1|=0.811109 | m1²=0.657897 | ||w||²/d=0.310411 | eps_adapter=6.945037e-01 | residual_overlap=0.045989
[step    55900] t/d=279.500 | task1=3.078745e-01 | |m1|=0.813434 | m1²=0.661674 | ||w||²/d=0.312341 | eps_adapter=6.908827e-01 | residual_overlap=0.045728
[step    56000] t/d=280.000 | task1=3.075962e-01 | |m1|=0.815288 | m1²=0.664694 | ||w||²/d=0.314533 | eps_adapter=6.875191e-01 | residual_overlap=0.045562
[step    56100] t/d=280.500 | task1=3.073501e-01 | |m1|=0.816864 | m1²=0.667267 | ||w||²/d=0.316578 | eps_adapter=6.845168e-01 | residual_overlap=0.045524
[step    56200] t/d=281.000 | task1=3.071550e-01 | |m1|=0.818646 | m1²=0.670182 | ||w||²/d=0.317461 | eps_adapter=6.821058e-01 | residual_overlap=0.045606
[step    56300] t/d=281.500 | task1=3.069233e-01 | |m1|=0.820508 | m1²=0.673233 | ||w||²/d=0.318906 | eps_adapter=6.792043e-01 | residual_overlap=0.045449
[step    56400] t/d=282.000 | task1=3.065658e-01 | |m1|=0.822418 | m1²=0.676372 | ||w||²/d=0.321481 | eps_adapter=6.754354e-01 | residual_overlap=0.045423
[step    56500] t/d=282.500 | task1=3.063184e-01 | |m1|=0.824101 | m1²=0.679142 | ||w||²/d=0.323415 | eps_adapter=6.723338e-01 | residual_overlap=0.045375
[step    56600] t/d=283.000 | task1=3.060234e-01 | |m1|=0.825892 | m1²=0.682097 | ||w||²/d=0.325856 | eps_adapter=6.687413e-01 | residual_overlap=0.045249
[step    56700] t/d=283.500 | task1=3.057502e-01 | |m1|=0.828166 | m1²=0.685860 | ||w||²/d=0.327698 | eps_adapter=6.650447e-01 | residual_overlap=0.045120
[step    56800] t/d=284.000 | task1=3.054222e-01 | |m1|=0.830163 | m1²=0.689170 | ||w||²/d=0.330457 | eps_adapter=6.609601e-01 | residual_overlap=0.044897
[step    56900] t/d=284.500 | task1=3.051902e-01 | |m1|=0.831711 | m1²=0.691743 | ||w||²/d=0.332629 | eps_adapter=6.577507e-01 | residual_overlap=0.044763
[step    57000] t/d=285.000 | task1=3.048580e-01 | |m1|=0.833714 | m1²=0.695079 | ||w||²/d=0.335172 | eps_adapter=6.537673e-01 | residual_overlap=0.044552
[step    57100] t/d=285.500 | task1=3.045169e-01 | |m1|=0.836440 | m1²=0.699633 | ||w||²/d=0.337431 | eps_adapter=6.491706e-01 | residual_overlap=0.044280
[step    57200] t/d=286.000 | task1=3.041421e-01 | |m1|=0.838347 | m1²=0.702826 | ||w||²/d=0.341179 | eps_adapter=6.443629e-01 | residual_overlap=0.044083
[step    57300] t/d=286.500 | task1=3.038217e-01 | |m1|=0.840111 | m1²=0.705787 | ||w||²/d=0.343515 | eps_adapter=6.407100e-01 | residual_overlap=0.043937
[step    57400] t/d=287.000 | task1=3.035215e-01 | |m1|=0.841669 | m1²=0.708407 | ||w||²/d=0.345845 | eps_adapter=6.372735e-01 | residual_overlap=0.043897
[step    57500] t/d=287.500 | task1=3.032300e-01 | |m1|=0.843475 | m1²=0.711450 | ||w||²/d=0.347712 | eps_adapter=6.338731e-01 | residual_overlap=0.043821
[step    57600] t/d=288.000 | task1=3.029029e-01 | |m1|=0.845415 | m1²=0.714727 | ||w||²/d=0.350063 | eps_adapter=6.299470e-01 | residual_overlap=0.043727
[step    57700] t/d=288.500 | task1=3.026004e-01 | |m1|=0.847440 | m1²=0.718155 | ||w||²/d=0.351790 | eps_adapter=6.263536e-01 | residual_overlap=0.043648
[step    57800] t/d=289.000 | task1=3.022647e-01 | |m1|=0.849415 | m1²=0.721506 | ||w||²/d=0.354101 | eps_adapter=6.223670e-01 | residual_overlap=0.043528
[step    57900] t/d=289.500 | task1=3.019212e-01 | |m1|=0.851086 | m1²=0.724348 | ||w||²/d=0.357110 | eps_adapter=6.182003e-01 | residual_overlap=0.043360
[step    58000] t/d=290.000 | task1=3.016186e-01 | |m1|=0.853105 | m1²=0.727789 | ||w||²/d=0.359488 | eps_adapter=6.140622e-01 | residual_overlap=0.043185
[step    58100] t/d=290.500 | task1=3.013010e-01 | |m1|=0.854941 | m1²=0.730925 | ||w||²/d=0.361795 | eps_adapter=6.101698e-01 | residual_overlap=0.043020
[step    58200] t/d=291.000 | task1=3.010157e-01 | |m1|=0.856470 | m1²=0.733541 | ||w||²/d=0.364235 | eps_adapter=6.065280e-01 | residual_overlap=0.043019
[step    58300] t/d=291.500 | task1=3.006522e-01 | |m1|=0.858632 | m1²=0.737248 | ||w||²/d=0.366744 | eps_adapter=6.020461e-01 | residual_overlap=0.042882
[step    58400] t/d=292.000 | task1=3.003054e-01 | |m1|=0.860347 | m1²=0.740196 | ||w||²/d=0.369716 | eps_adapter=5.977408e-01 | residual_overlap=0.042680
[step    58500] t/d=292.500 | task1=2.999292e-01 | |m1|=0.862042 | m1²=0.743116 | ||w||²/d=0.372606 | eps_adapter=5.934996e-01 | residual_overlap=0.042745
[step    58600] t/d=293.000 | task1=2.996589e-01 | |m1|=0.863101 | m1²=0.744944 | ||w||²/d=0.375298 | eps_adapter=5.901823e-01 | residual_overlap=0.042702
[step    58700] t/d=293.500 | task1=2.992724e-01 | |m1|=0.865157 | m1²=0.748497 | ||w||²/d=0.378422 | eps_adapter=5.852746e-01 | residual_overlap=0.042441
[step    58800] t/d=294.000 | task1=2.988864e-01 | |m1|=0.866899 | m1²=0.751514 | ||w||²/d=0.381807 | eps_adapter=5.805455e-01 | residual_overlap=0.042304
[step    58900] t/d=294.500 | task1=2.985680e-01 | |m1|=0.868650 | m1²=0.754552 | ||w||²/d=0.383834 | eps_adapter=5.767891e-01 | residual_overlap=0.042130
[step    59000] t/d=295.000 | task1=2.982199e-01 | |m1|=0.870554 | m1²=0.757865 | ||w||²/d=0.386450 | eps_adapter=5.723722e-01 | residual_overlap=0.041931
[step    59100] t/d=295.500 | task1=2.979641e-01 | |m1|=0.871579 | m1²=0.759649 | ||w||²/d=0.388438 | eps_adapter=5.695543e-01 | residual_overlap=0.041898
[step    59200] t/d=296.000 | task1=2.977002e-01 | |m1|=0.872754 | m1²=0.761699 | ||w||²/d=0.390855 | eps_adapter=5.662106e-01 | residual_overlap=0.041776
[step    59300] t/d=296.500 | task1=2.973514e-01 | |m1|=0.874614 | m1²=0.764949 | ||w||²/d=0.393184 | eps_adapter=5.620084e-01 | residual_overlap=0.041619
[step    59400] t/d=297.000 | task1=2.970802e-01 | |m1|=0.875897 | m1²=0.767196 | ||w||²/d=0.395367 | eps_adapter=5.586653e-01 | residual_overlap=0.041642
[step    59500] t/d=297.500 | task1=2.967723e-01 | |m1|=0.877671 | m1²=0.770306 | ||w||²/d=0.397541 | eps_adapter=5.546533e-01 | residual_overlap=0.041519
[step    59600] t/d=298.000 | task1=2.964785e-01 | |m1|=0.878779 | m1²=0.772253 | ||w||²/d=0.400182 | eps_adapter=5.511776e-01 | residual_overlap=0.041400
[step    59700] t/d=298.500 | task1=2.961760e-01 | |m1|=0.879992 | m1²=0.774386 | ||w||²/d=0.403229 | eps_adapter=5.472482e-01 | residual_overlap=0.041235
[step    59800] t/d=299.000 | task1=2.958921e-01 | |m1|=0.881453 | m1²=0.776959 | ||w||²/d=0.405546 | eps_adapter=5.435064e-01 | residual_overlap=0.041038
[step    59900] t/d=299.500 | task1=2.956095e-01 | |m1|=0.882874 | m1²=0.779466 | ||w||²/d=0.407512 | eps_adapter=5.400652e-01 | residual_overlap=0.040983
[step    60000] t/d=300.000 | task1=2.952689e-01 | |m1|=0.884440 | m1²=0.782234 | ||w||²/d=0.410516 | eps_adapter=5.356303e-01 | residual_overlap=0.040727
[step    60100] t/d=300.500 | task1=2.950089e-01 | |m1|=0.885931 | m1²=0.784873 | ||w||²/d=0.412724 | eps_adapter=5.318768e-01 | residual_overlap=0.040587
[step    60200] t/d=301.000 | task1=2.947209e-01 | |m1|=0.887023 | m1²=0.786810 | ||w||²/d=0.415669 | eps_adapter=5.281263e-01 | residual_overlap=0.040410
[step    60300] t/d=301.500 | task1=2.945098e-01 | |m1|=0.888078 | m1²=0.788682 | ||w||²/d=0.417437 | eps_adapter=5.252982e-01 | residual_overlap=0.040308
[step    60400] t/d=302.000 | task1=2.941944e-01 | |m1|=0.889534 | m1²=0.791271 | ||w||²/d=0.419905 | eps_adapter=5.213577e-01 | residual_overlap=0.040181
[step    60500] t/d=302.500 | task1=2.938715e-01 | |m1|=0.890998 | m1²=0.793878 | ||w||²/d=0.422634 | eps_adapter=5.171942e-01 | residual_overlap=0.040048
[step    60600] t/d=303.000 | task1=2.936378e-01 | |m1|=0.891999 | m1²=0.795661 | ||w||²/d=0.424466 | eps_adapter=5.143645e-01 | residual_overlap=0.039866
[step    60700] t/d=303.500 | task1=2.933892e-01 | |m1|=0.893079 | m1²=0.797591 | ||w||²/d=0.426446 | eps_adapter=5.112974e-01 | residual_overlap=0.039764
[step    60800] t/d=304.000 | task1=2.930313e-01 | |m1|=0.894408 | m1²=0.799966 | ||w||²/d=0.429270 | eps_adapter=5.072235e-01 | residual_overlap=0.039739
[step    60900] t/d=304.500 | task1=2.927258e-01 | |m1|=0.895737 | m1²=0.802345 | ||w||²/d=0.431467 | eps_adapter=5.036021e-01 | residual_overlap=0.039599
[step    61000] t/d=305.000 | task1=2.923825e-01 | |m1|=0.896869 | m1²=0.804374 | ||w||²/d=0.434829 | eps_adapter=4.993977e-01 | residual_overlap=0.039486
[step    61100] t/d=305.500 | task1=2.920993e-01 | |m1|=0.897960 | m1²=0.806332 | ||w||²/d=0.437324 | eps_adapter=4.958908e-01 | residual_overlap=0.039419
[step    61200] t/d=306.000 | task1=2.917307e-01 | |m1|=0.899195 | m1²=0.808551 | ||w||²/d=0.440650 | eps_adapter=4.915392e-01 | residual_overlap=0.039421
[step    61300] t/d=306.500 | task1=2.913478e-01 | |m1|=0.901020 | m1²=0.811837 | ||w||²/d=0.442812 | eps_adapter=4.871221e-01 | residual_overlap=0.039216
[step    61400] t/d=307.000 | task1=2.910165e-01 | |m1|=0.902379 | m1²=0.814288 | ||w||²/d=0.445458 | eps_adapter=4.830483e-01 | residual_overlap=0.039128
[step    61500] t/d=307.500 | task1=2.906824e-01 | |m1|=0.903542 | m1²=0.816389 | ||w||²/d=0.448615 | eps_adapter=4.788894e-01 | residual_overlap=0.039083
[step    61600] t/d=308.000 | task1=2.903117e-01 | |m1|=0.904775 | m1²=0.818618 | ||w||²/d=0.451798 | eps_adapter=4.745910e-01 | residual_overlap=0.039037
[step    61700] t/d=308.500 | task1=2.900522e-01 | |m1|=0.905639 | m1²=0.820182 | ||w||²/d=0.454297 | eps_adapter=4.713749e-01 | residual_overlap=0.038940
[step    61800] t/d=309.000 | task1=2.896894e-01 | |m1|=0.906865 | m1²=0.822404 | ||w||²/d=0.457449 | eps_adapter=4.670920e-01 | residual_overlap=0.038960
[step    61900] t/d=309.500 | task1=2.893817e-01 | |m1|=0.908343 | m1²=0.825087 | ||w||²/d=0.459402 | eps_adapter=4.632694e-01 | residual_overlap=0.038790
[step    62000] t/d=310.000 | task1=2.890057e-01 | |m1|=0.909926 | m1²=0.827965 | ||w||²/d=0.462542 | eps_adapter=4.583849e-01 | residual_overlap=0.038770
[step    62100] t/d=310.500 | task1=2.886633e-01 | |m1|=0.911055 | m1²=0.830021 | ||w||²/d=0.465737 | eps_adapter=4.541864e-01 | residual_overlap=0.038531
[step    62200] t/d=311.000 | task1=2.883457e-01 | |m1|=0.911980 | m1²=0.831708 | ||w||²/d=0.468915 | eps_adapter=4.503287e-01 | residual_overlap=0.038418
[step    62300] t/d=311.500 | task1=2.879947e-01 | |m1|=0.913112 | m1²=0.833773 | ||w||²/d=0.472153 | eps_adapter=4.460794e-01 | residual_overlap=0.038240
[step    62400] t/d=312.000 | task1=2.877213e-01 | |m1|=0.914164 | m1²=0.835696 | ||w||²/d=0.474822 | eps_adapter=4.423692e-01 | residual_overlap=0.038059
[step    62500] t/d=312.500 | task1=2.874459e-01 | |m1|=0.914967 | m1²=0.837164 | ||w||²/d=0.477831 | eps_adapter=4.388278e-01 | residual_overlap=0.037972
[step    62600] t/d=313.000 | task1=2.871181e-01 | |m1|=0.916121 | m1²=0.839279 | ||w||²/d=0.480379 | eps_adapter=4.350167e-01 | residual_overlap=0.037787
[step    62700] t/d=313.500 | task1=2.867452e-01 | |m1|=0.917294 | m1²=0.841428 | ||w||²/d=0.484075 | eps_adapter=4.303345e-01 | residual_overlap=0.037583
[step    62800] t/d=314.000 | task1=2.865333e-01 | |m1|=0.918263 | m1²=0.843207 | ||w||²/d=0.486066 | eps_adapter=4.272237e-01 | residual_overlap=0.037483
[step    62900] t/d=314.500 | task1=2.862417e-01 | |m1|=0.919264 | m1²=0.845047 | ||w||²/d=0.489218 | eps_adapter=4.232142e-01 | residual_overlap=0.037229
[step    63000] t/d=315.000 | task1=2.858993e-01 | |m1|=0.920320 | m1²=0.846989 | ||w||²/d=0.492724 | eps_adapter=4.188496e-01 | residual_overlap=0.037077
[step    63100] t/d=315.500 | task1=2.854951e-01 | |m1|=0.921844 | m1²=0.849796 | ||w||²/d=0.495915 | eps_adapter=4.138743e-01 | residual_overlap=0.036853
[step    63200] t/d=316.000 | task1=2.851448e-01 | |m1|=0.922947 | m1²=0.851832 | ||w||²/d=0.499158 | eps_adapter=4.095932e-01 | residual_overlap=0.036796
[step    63300] t/d=316.500 | task1=2.848153e-01 | |m1|=0.924043 | m1²=0.853855 | ||w||²/d=0.501961 | eps_adapter=4.056315e-01 | residual_overlap=0.036618
[step    63400] t/d=317.000 | task1=2.844703e-01 | |m1|=0.925115 | m1²=0.855837 | ||w||²/d=0.505394 | eps_adapter=4.012547e-01 | residual_overlap=0.036369
[step    63500] t/d=317.500 | task1=2.840383e-01 | |m1|=0.926248 | m1²=0.857935 | ||w||²/d=0.509809 | eps_adapter=3.960672e-01 | residual_overlap=0.036178
[step    63600] t/d=318.000 | task1=2.837111e-01 | |m1|=0.927089 | m1²=0.859494 | ||w||²/d=0.513514 | eps_adapter=3.919144e-01 | residual_overlap=0.036110
[step    63700] t/d=318.500 | task1=2.834229e-01 | |m1|=0.927723 | m1²=0.860670 | ||w||²/d=0.516684 | eps_adapter=3.885235e-01 | residual_overlap=0.035922
[step    63800] t/d=319.000 | task1=2.830798e-01 | |m1|=0.928711 | m1²=0.862505 | ||w||²/d=0.520405 | eps_adapter=3.840887e-01 | residual_overlap=0.035782
[step    63900] t/d=319.500 | task1=2.827247e-01 | |m1|=0.929733 | m1²=0.864403 | ||w||²/d=0.524058 | eps_adapter=3.796365e-01 | residual_overlap=0.035734
[step    64000] t/d=320.000 | task1=2.823787e-01 | |m1|=0.930581 | m1²=0.865980 | ||w||²/d=0.527608 | eps_adapter=3.755818e-01 | residual_overlap=0.035597
[step    64100] t/d=320.500 | task1=2.820929e-01 | |m1|=0.931471 | m1²=0.867638 | ||w||²/d=0.530846 | eps_adapter=3.716596e-01 | residual_overlap=0.035416
[step    64200] t/d=321.000 | task1=2.817539e-01 | |m1|=0.932330 | m1²=0.869238 | ||w||²/d=0.533840 | eps_adapter=3.679617e-01 | residual_overlap=0.035320
[step    64300] t/d=321.500 | task1=2.814935e-01 | |m1|=0.932932 | m1²=0.870362 | ||w||²/d=0.537056 | eps_adapter=3.646093e-01 | residual_overlap=0.035390
[step    64400] t/d=322.000 | task1=2.811950e-01 | |m1|=0.933750 | m1²=0.871889 | ||w||²/d=0.539563 | eps_adapter=3.613162e-01 | residual_overlap=0.035461
[step    64500] t/d=322.500 | task1=2.809841e-01 | |m1|=0.934423 | m1²=0.873146 | ||w||²/d=0.541819 | eps_adapter=3.584748e-01 | residual_overlap=0.035453
[step    64600] t/d=323.000 | task1=2.807044e-01 | |m1|=0.935241 | m1²=0.874676 | ||w||²/d=0.544938 | eps_adapter=3.547634e-01 | residual_overlap=0.035448
[step    64700] t/d=323.500 | task1=2.803566e-01 | |m1|=0.936036 | m1²=0.876164 | ||w||²/d=0.548800 | eps_adapter=3.506001e-01 | residual_overlap=0.035426
[step    64800] t/d=324.000 | task1=2.800825e-01 | |m1|=0.936662 | m1²=0.877336 | ||w||²/d=0.551241 | eps_adapter=3.477246e-01 | residual_overlap=0.035396
[step    64900] t/d=324.500 | task1=2.797300e-01 | |m1|=0.937528 | m1²=0.878958 | ||w||²/d=0.554658 | eps_adapter=3.437188e-01 | residual_overlap=0.035357
[step    65000] t/d=325.000 | task1=2.793168e-01 | |m1|=0.938492 | m1²=0.880768 | ||w||²/d=0.558307 | eps_adapter=3.393578e-01 | residual_overlap=0.035345
[step    65100] t/d=325.500 | task1=2.790298e-01 | |m1|=0.939314 | m1²=0.882311 | ||w||²/d=0.561364 | eps_adapter=3.356741e-01 | residual_overlap=0.035281
[step    65200] t/d=326.000 | task1=2.787698e-01 | |m1|=0.939725 | m1²=0.883084 | ||w||²/d=0.565024 | eps_adapter=3.324412e-01 | residual_overlap=0.035268
[step    65300] t/d=326.500 | task1=2.784496e-01 | |m1|=0.940711 | m1²=0.884937 | ||w||²/d=0.568482 | eps_adapter=3.281616e-01 | residual_overlap=0.035175
[step    65400] t/d=327.000 | task1=2.781343e-01 | |m1|=0.941458 | m1²=0.886344 | ||w||²/d=0.572416 | eps_adapter=3.240685e-01 | residual_overlap=0.035136
[step    65500] t/d=327.500 | task1=2.778124e-01 | |m1|=0.942365 | m1²=0.888053 | ||w||²/d=0.575417 | eps_adapter=3.202419e-01 | residual_overlap=0.035049
[step    65600] t/d=328.000 | task1=2.775067e-01 | |m1|=0.943138 | m1²=0.889508 | ||w||²/d=0.577934 | eps_adapter=3.170047e-01 | residual_overlap=0.035042
[step    65700] t/d=328.500 | task1=2.771973e-01 | |m1|=0.943887 | m1²=0.890922 | ||w||²/d=0.581065 | eps_adapter=3.134222e-01 | residual_overlap=0.034958
[step    65800] t/d=329.000 | task1=2.769656e-01 | |m1|=0.944594 | m1²=0.892258 | ||w||²/d=0.583094 | eps_adapter=3.106267e-01 | residual_overlap=0.034809
[step    65900] t/d=329.500 | task1=2.767281e-01 | |m1|=0.945279 | m1²=0.893552 | ||w||²/d=0.585620 | eps_adapter=3.075619e-01 | residual_overlap=0.034685
[step    66000] t/d=330.000 | task1=2.764296e-01 | |m1|=0.945814 | m1²=0.894564 | ||w||²/d=0.589134 | eps_adapter=3.041981e-01 | residual_overlap=0.034713
[step    66100] t/d=330.500 | task1=2.762235e-01 | |m1|=0.946308 | m1²=0.895498 | ||w||²/d=0.591451 | eps_adapter=3.016794e-01 | residual_overlap=0.034580
[step    66200] t/d=331.000 | task1=2.759302e-01 | |m1|=0.946991 | m1²=0.896792 | ||w||²/d=0.594768 | eps_adapter=2.981253e-01 | residual_overlap=0.034522
[step    66300] t/d=331.500 | task1=2.756307e-01 | |m1|=0.947936 | m1²=0.898582 | ||w||²/d=0.597890 | eps_adapter=2.941214e-01 | residual_overlap=0.034319
[step    66400] t/d=332.000 | task1=2.753705e-01 | |m1|=0.948330 | m1²=0.899330 | ||w||²/d=0.600836 | eps_adapter=2.914369e-01 | residual_overlap=0.034366
[step    66500] t/d=332.500 | task1=2.751092e-01 | |m1|=0.949088 | m1²=0.900768 | ||w||²/d=0.603218 | eps_adapter=2.882958e-01 | residual_overlap=0.034272
[step    66600] t/d=333.000 | task1=2.748114e-01 | |m1|=0.949959 | m1²=0.902422 | ||w||²/d=0.605895 | eps_adapter=2.847197e-01 | residual_overlap=0.034243
[step    66700] t/d=333.500 | task1=2.745763e-01 | |m1|=0.950423 | m1²=0.903303 | ||w||²/d=0.609082 | eps_adapter=2.817417e-01 | residual_overlap=0.034211
[step    66800] t/d=334.000 | task1=2.742580e-01 | |m1|=0.950932 | m1²=0.904272 | ||w||²/d=0.612606 | eps_adapter=2.784655e-01 | residual_overlap=0.034179
[step    66900] t/d=334.500 | task1=2.740218e-01 | |m1|=0.951381 | m1²=0.905127 | ||w||²/d=0.616362 | eps_adapter=2.751978e-01 | residual_overlap=0.034100
[step    67000] t/d=335.000 | task1=2.738062e-01 | |m1|=0.951866 | m1²=0.906048 | ||w||²/d=0.619630 | eps_adapter=2.721520e-01 | residual_overlap=0.034010
[step    67100] t/d=335.500 | task1=2.735723e-01 | |m1|=0.952513 | m1²=0.907280 | ||w||²/d=0.622719 | eps_adapter=2.688445e-01 | residual_overlap=0.033877
[step    67200] t/d=336.000 | task1=2.733220e-01 | |m1|=0.953242 | m1²=0.908671 | ||w||²/d=0.626001 | eps_adapter=2.652353e-01 | residual_overlap=0.033717
[step    67300] t/d=336.500 | task1=2.730441e-01 | |m1|=0.953699 | m1²=0.909541 | ||w||²/d=0.629508 | eps_adapter=2.621334e-01 | residual_overlap=0.033746
[step    67400] t/d=337.000 | task1=2.726710e-01 | |m1|=0.954458 | m1²=0.910991 | ||w||²/d=0.633717 | eps_adapter=2.579268e-01 | residual_overlap=0.033624
[step    67500] t/d=337.500 | task1=2.723936e-01 | |m1|=0.955401 | m1²=0.912790 | ||w||²/d=0.636631 | eps_adapter=2.540375e-01 | residual_overlap=0.033404
[step    67600] t/d=338.000 | task1=2.722118e-01 | |m1|=0.955700 | m1²=0.913362 | ||w||²/d=0.638892 | eps_adapter=2.520380e-01 | residual_overlap=0.033384
[step    67700] t/d=338.500 | task1=2.719520e-01 | |m1|=0.956157 | m1²=0.914237 | ||w||²/d=0.642004 | eps_adapter=2.491847e-01 | residual_overlap=0.033474
[step    67800] t/d=339.000 | task1=2.716390e-01 | |m1|=0.956918 | m1²=0.915691 | ||w||²/d=0.645781 | eps_adapter=2.452401e-01 | residual_overlap=0.033317
[step    67900] t/d=339.500 | task1=2.713590e-01 | |m1|=0.957442 | m1²=0.916696 | ||w||²/d=0.650256 | eps_adapter=2.414808e-01 | residual_overlap=0.033352
[step    68000] t/d=340.000 | task1=2.710962e-01 | |m1|=0.957888 | m1²=0.917550 | ||w||²/d=0.654137 | eps_adapter=2.382574e-01 | residual_overlap=0.033246
[step    68100] t/d=340.500 | task1=2.708002e-01 | |m1|=0.958613 | m1²=0.918940 | ||w||²/d=0.657414 | eps_adapter=2.346954e-01 | residual_overlap=0.033170
[step    68200] t/d=341.000 | task1=2.705312e-01 | |m1|=0.959194 | m1²=0.920054 | ||w||²/d=0.660620 | eps_adapter=2.315281e-01 | residual_overlap=0.033108
[step    68300] t/d=341.500 | task1=2.703285e-01 | |m1|=0.959783 | m1²=0.921183 | ||w||²/d=0.663114 | eps_adapter=2.287305e-01 | residual_overlap=0.033038
[step    68400] t/d=342.000 | task1=2.701220e-01 | |m1|=0.960153 | m1²=0.921893 | ||w||²/d=0.665494 | eps_adapter=2.265347e-01 | residual_overlap=0.033047
[step    68500] t/d=342.500 | task1=2.699862e-01 | |m1|=0.960395 | m1²=0.922358 | ||w||²/d=0.668007 | eps_adapter=2.245907e-01 | residual_overlap=0.033061
[step    68600] t/d=343.000 | task1=2.697689e-01 | |m1|=0.960883 | m1²=0.923295 | ||w||²/d=0.670389 | eps_adapter=2.221094e-01 | residual_overlap=0.032996
[step    68700] t/d=343.500 | task1=2.695161e-01 | |m1|=0.961386 | m1²=0.924264 | ||w||²/d=0.673905 | eps_adapter=2.189919e-01 | residual_overlap=0.032947
[step    68800] t/d=344.000 | task1=2.693664e-01 | |m1|=0.961762 | m1²=0.924986 | ||w||²/d=0.676394 | eps_adapter=2.167439e-01 | residual_overlap=0.032919
[step    68900] t/d=344.500 | task1=2.691258e-01 | |m1|=0.962461 | m1²=0.926332 | ||w||²/d=0.679754 | eps_adapter=2.132275e-01 | residual_overlap=0.032729
[step    69000] t/d=345.000 | task1=2.689137e-01 | |m1|=0.963007 | m1²=0.927382 | ||w||²/d=0.682637 | eps_adapter=2.103505e-01 | residual_overlap=0.032662
[step    69100] t/d=345.500 | task1=2.686613e-01 | |m1|=0.963624 | m1²=0.928572 | ||w||²/d=0.685459 | eps_adapter=2.073237e-01 | residual_overlap=0.032562
[step    69200] t/d=346.000 | task1=2.685114e-01 | |m1|=0.963994 | m1²=0.929284 | ||w||²/d=0.688417 | eps_adapter=2.048679e-01 | residual_overlap=0.032430
[step    69300] t/d=346.500 | task1=2.682437e-01 | |m1|=0.964502 | m1²=0.930264 | ||w||²/d=0.692352 | eps_adapter=2.015696e-01 | residual_overlap=0.032260
[step    69400] t/d=347.000 | task1=2.679668e-01 | |m1|=0.965042 | m1²=0.931306 | ||w||²/d=0.695673 | eps_adapter=1.985060e-01 | residual_overlap=0.032173
[step    69500] t/d=347.500 | task1=2.677577e-01 | |m1|=0.965275 | m1²=0.931756 | ||w||²/d=0.699623 | eps_adapter=1.959448e-01 | residual_overlap=0.032280
[step    69600] t/d=348.000 | task1=2.675692e-01 | |m1|=0.965559 | m1²=0.932304 | ||w||²/d=0.703390 | eps_adapter=1.933596e-01 | residual_overlap=0.032157
[step    69700] t/d=348.500 | task1=2.673612e-01 | |m1|=0.965878 | m1²=0.932921 | ||w||²/d=0.707048 | eps_adapter=1.907517e-01 | residual_overlap=0.032117
[step    69800] t/d=349.000 | task1=2.671482e-01 | |m1|=0.966270 | m1²=0.933678 | ||w||²/d=0.710584 | eps_adapter=1.880246e-01 | residual_overlap=0.032037
[step    69900] t/d=349.500 | task1=2.670120e-01 | |m1|=0.966682 | m1²=0.934474 | ||w||²/d=0.712914 | eps_adapter=1.858242e-01 | residual_overlap=0.031936
[step    70000] t/d=350.000 | task1=2.667879e-01 | |m1|=0.967194 | m1²=0.935463 | ||w||²/d=0.716288 | eps_adapter=1.828694e-01 | residual_overlap=0.031867
[step    70100] t/d=350.500 | task1=2.665367e-01 | |m1|=0.967622 | m1²=0.936292 | ||w||²/d=0.720891 | eps_adapter=1.795816e-01 | residual_overlap=0.031818
[step    70200] t/d=351.000 | task1=2.663272e-01 | |m1|=0.967913 | m1²=0.936855 | ||w||²/d=0.724751 | eps_adapter=1.770286e-01 | residual_overlap=0.031742
[step    70300] t/d=351.500 | task1=2.660926e-01 | |m1|=0.968281 | m1²=0.937568 | ||w||²/d=0.727417 | eps_adapter=1.748188e-01 | residual_overlap=0.031670
[step    70400] t/d=352.000 | task1=2.658532e-01 | |m1|=0.968899 | m1²=0.938766 | ||w||²/d=0.730119 | eps_adapter=1.719134e-01 | residual_overlap=0.031562
[step    70500] t/d=352.500 | task1=2.656470e-01 | |m1|=0.969286 | m1²=0.939516 | ||w||²/d=0.734349 | eps_adapter=1.689698e-01 | residual_overlap=0.031474
[step    70600] t/d=353.000 | task1=2.653937e-01 | |m1|=0.969611 | m1²=0.940145 | ||w||²/d=0.737933 | eps_adapter=1.665010e-01 | residual_overlap=0.031391
[step    70700] t/d=353.500 | task1=2.651954e-01 | |m1|=0.970113 | m1²=0.941120 | ||w||²/d=0.740699 | eps_adapter=1.639034e-01 | residual_overlap=0.031229
[step    70800] t/d=354.000 | task1=2.649810e-01 | |m1|=0.970394 | m1²=0.941664 | ||w||²/d=0.744157 | eps_adapter=1.616342e-01 | residual_overlap=0.031135
[step    70900] t/d=354.500 | task1=2.648022e-01 | |m1|=0.970767 | m1²=0.942388 | ||w||²/d=0.747047 | eps_adapter=1.593612e-01 | residual_overlap=0.031134
[step    71000] t/d=355.000 | task1=2.645659e-01 | |m1|=0.971124 | m1²=0.943082 | ||w||²/d=0.750543 | eps_adapter=1.568852e-01 | residual_overlap=0.031048
[step    71100] t/d=355.500 | task1=2.643557e-01 | |m1|=0.971545 | m1²=0.943900 | ||w||²/d=0.752511 | eps_adapter=1.548725e-01 | residual_overlap=0.030936
[step    71200] t/d=356.000 | task1=2.641943e-01 | |m1|=0.971928 | m1²=0.944644 | ||w||²/d=0.755268 | eps_adapter=1.526455e-01 | residual_overlap=0.030828
[step    71300] t/d=356.500 | task1=2.640294e-01 | |m1|=0.972268 | m1²=0.945306 | ||w||²/d=0.758587 | eps_adapter=1.503158e-01 | residual_overlap=0.030713
[step    71400] t/d=357.000 | task1=2.638993e-01 | |m1|=0.972464 | m1²=0.945687 | ||w||²/d=0.761472 | eps_adapter=1.485886e-01 | residual_overlap=0.030669
[step    71500] t/d=357.500 | task1=2.636633e-01 | |m1|=0.972852 | m1²=0.946441 | ||w||²/d=0.765014 | eps_adapter=1.460586e-01 | residual_overlap=0.030590
[step    71600] t/d=358.000 | task1=2.634878e-01 | |m1|=0.973280 | m1²=0.947275 | ||w||²/d=0.768258 | eps_adapter=1.435387e-01 | residual_overlap=0.030444
[step    71700] t/d=358.500 | task1=2.633426e-01 | |m1|=0.973454 | m1²=0.947612 | ||w||²/d=0.770300 | eps_adapter=1.422377e-01 | residual_overlap=0.030487
[step    71800] t/d=359.000 | task1=2.631497e-01 | |m1|=0.973751 | m1²=0.948191 | ||w||²/d=0.773985 | eps_adapter=1.399475e-01 | residual_overlap=0.030364
[step    71900] t/d=359.500 | task1=2.629340e-01 | |m1|=0.974158 | m1²=0.948983 | ||w||²/d=0.775803 | eps_adapter=1.380620e-01 | residual_overlap=0.030272
[step    72000] t/d=360.000 | task1=2.627577e-01 | |m1|=0.974398 | m1²=0.949451 | ||w||²/d=0.779174 | eps_adapter=1.360806e-01 | residual_overlap=0.030222
[step    72100] t/d=360.500 | task1=2.626227e-01 | |m1|=0.974846 | m1²=0.950325 | ||w||²/d=0.781455 | eps_adapter=1.339042e-01 | residual_overlap=0.030131
[step    72200] t/d=361.000 | task1=2.624543e-01 | |m1|=0.975044 | m1²=0.950711 | ||w||²/d=0.784476 | eps_adapter=1.321977e-01 | residual_overlap=0.030100
[step    72300] t/d=361.500 | task1=2.622567e-01 | |m1|=0.975330 | m1²=0.951269 | ||w||²/d=0.787427 | eps_adapter=1.302664e-01 | residual_overlap=0.030071
[step    72400] t/d=362.000 | task1=2.620723e-01 | |m1|=0.975656 | m1²=0.951904 | ||w||²/d=0.791079 | eps_adapter=1.279755e-01 | residual_overlap=0.030038
[step    72500] t/d=362.500 | task1=2.618873e-01 | |m1|=0.975981 | m1²=0.952539 | ||w||²/d=0.794219 | eps_adapter=1.258817e-01 | residual_overlap=0.030035
[step    72600] t/d=363.000 | task1=2.617952e-01 | |m1|=0.976232 | m1²=0.953029 | ||w||²/d=0.796937 | eps_adapter=1.241704e-01 | residual_overlap=0.029899
[step    72700] t/d=363.500 | task1=2.617327e-01 | |m1|=0.976361 | m1²=0.953281 | ||w||²/d=0.798198 | eps_adapter=1.233415e-01 | residual_overlap=0.029916
[step    72800] t/d=364.000 | task1=2.615823e-01 | |m1|=0.976596 | m1²=0.953740 | ||w||²/d=0.801106 | eps_adapter=1.216251e-01 | residual_overlap=0.029948
[step    72900] t/d=364.500 | task1=2.615026e-01 | |m1|=0.976643 | m1²=0.953832 | ||w||²/d=0.802848 | eps_adapter=1.208879e-01 | residual_overlap=0.029980
[step    73000] t/d=365.000 | task1=2.613389e-01 | |m1|=0.976994 | m1²=0.954517 | ||w||²/d=0.805673 | eps_adapter=1.188647e-01 | residual_overlap=0.029898
[step    73100] t/d=365.500 | task1=2.611714e-01 | |m1|=0.977153 | m1²=0.954829 | ||w||²/d=0.808083 | eps_adapter=1.175724e-01 | residual_overlap=0.029987
[step    73200] t/d=366.000 | task1=2.611614e-01 | |m1|=0.977291 | m1²=0.955099 | ||w||²/d=0.808744 | eps_adapter=1.169305e-01 | residual_overlap=0.029918
[step    73300] t/d=366.500 | task1=2.611093e-01 | |m1|=0.977538 | m1²=0.955580 | ||w||²/d=0.809221 | eps_adapter=1.160169e-01 | residual_overlap=0.029878
[step    73400] t/d=367.000 | task1=2.609858e-01 | |m1|=0.977753 | m1²=0.956001 | ||w||²/d=0.812998 | eps_adapter=1.141164e-01 | residual_overlap=0.029814
[step    73500] t/d=367.500 | task1=2.608309e-01 | |m1|=0.977981 | m1²=0.956447 | ||w||²/d=0.815450 | eps_adapter=1.126199e-01 | residual_overlap=0.029761
[step    73600] t/d=368.000 | task1=2.607646e-01 | |m1|=0.978094 | m1²=0.956668 | ||w||²/d=0.817541 | eps_adapter=1.116014e-01 | residual_overlap=0.029848
[step    73700] t/d=368.500 | task1=2.606868e-01 | |m1|=0.978351 | m1²=0.957171 | ||w||²/d=0.819321 | eps_adapter=1.102397e-01 | residual_overlap=0.029864
[step    73800] t/d=369.000 | task1=2.605552e-01 | |m1|=0.978596 | m1²=0.957651 | ||w||²/d=0.821089 | eps_adapter=1.089209e-01 | residual_overlap=0.029856
[step    73900] t/d=369.500 | task1=2.604095e-01 | |m1|=0.978890 | m1²=0.958225 | ||w||²/d=0.824674 | eps_adapter=1.068926e-01 | residual_overlap=0.029789
[step    74000] t/d=370.000 | task1=2.603373e-01 | |m1|=0.978991 | m1²=0.958423 | ||w||²/d=0.826076 | eps_adapter=1.061469e-01 | residual_overlap=0.029820
[step    74100] t/d=370.500 | task1=2.602097e-01 | |m1|=0.979138 | m1²=0.958712 | ||w||²/d=0.829148 | eps_adapter=1.047546e-01 | residual_overlap=0.029844
[step    74200] t/d=371.000 | task1=2.600968e-01 | |m1|=0.979224 | m1²=0.958879 | ||w||²/d=0.832158 | eps_adapter=1.035906e-01 | residual_overlap=0.029936
[step    74300] t/d=371.500 | task1=2.599691e-01 | |m1|=0.979405 | m1²=0.959234 | ||w||²/d=0.835395 | eps_adapter=1.020717e-01 | residual_overlap=0.029847
[step    74400] t/d=372.000 | task1=2.598891e-01 | |m1|=0.979535 | m1²=0.959489 | ||w||²/d=0.836638 | eps_adapter=1.013012e-01 | residual_overlap=0.029866
[step    74500] t/d=372.500 | task1=2.597296e-01 | |m1|=0.979721 | m1²=0.959853 | ||w||²/d=0.840245 | eps_adapter=9.968415e-02 | residual_overlap=0.029888
[step    74600] t/d=373.000 | task1=2.595694e-01 | |m1|=0.979796 | m1²=0.960001 | ||w||²/d=0.843401 | eps_adapter=9.856321e-02 | residual_overlap=0.030004
[step    74700] t/d=373.500 | task1=2.594512e-01 | |m1|=0.979914 | m1²=0.960232 | ||w||²/d=0.845494 | eps_adapter=9.761191e-02 | residual_overlap=0.030037
[step    74800] t/d=374.000 | task1=2.593550e-01 | |m1|=0.980072 | m1²=0.960540 | ||w||²/d=0.848082 | eps_adapter=9.640756e-02 | residual_overlap=0.030082
[step    74900] t/d=374.500 | task1=2.592312e-01 | |m1|=0.980174 | m1²=0.960742 | ||w||²/d=0.849791 | eps_adapter=9.562083e-02 | residual_overlap=0.030068
[step    75000] t/d=375.000 | task1=2.591597e-01 | |m1|=0.980341 | m1²=0.961068 | ||w||²/d=0.852374 | eps_adapter=9.440294e-02 | residual_overlap=0.030084
[step    75100] t/d=375.500 | task1=2.590676e-01 | |m1|=0.980582 | m1²=0.961541 | ||w||²/d=0.854181 | eps_adapter=9.315156e-02 | residual_overlap=0.029995
[step    75200] t/d=376.000 | task1=2.588961e-01 | |m1|=0.980928 | m1²=0.962219 | ||w||²/d=0.856772 | eps_adapter=9.136284e-02 | residual_overlap=0.029835
[step    75300] t/d=376.500 | task1=2.588009e-01 | |m1|=0.981039 | m1²=0.962438 | ||w||²/d=0.859520 | eps_adapter=9.030497e-02 | residual_overlap=0.029840
[step    75400] t/d=377.000 | task1=2.586750e-01 | |m1|=0.981180 | m1²=0.962713 | ||w||²/d=0.861470 | eps_adapter=8.936097e-02 | residual_overlap=0.029814
[step    75500] t/d=377.500 | task1=2.585933e-01 | |m1|=0.981387 | m1²=0.963120 | ||w||²/d=0.863295 | eps_adapter=8.823270e-02 | residual_overlap=0.029736
[step    75600] t/d=378.000 | task1=2.584131e-01 | |m1|=0.981736 | m1²=0.963806 | ||w||²/d=0.866151 | eps_adapter=8.639033e-02 | residual_overlap=0.029561
[step    75700] t/d=378.500 | task1=2.583109e-01 | |m1|=0.981979 | m1²=0.964284 | ||w||²/d=0.867859 | eps_adapter=8.517954e-02 | residual_overlap=0.029430
[step    75800] t/d=379.000 | task1=2.581597e-01 | |m1|=0.982138 | m1²=0.964596 | ||w||²/d=0.871745 | eps_adapter=8.374222e-02 | residual_overlap=0.029449
[step    75900] t/d=379.500 | task1=2.580516e-01 | |m1|=0.982299 | m1²=0.964912 | ||w||²/d=0.874200 | eps_adapter=8.264478e-02 | residual_overlap=0.029470
[step    76000] t/d=380.000 | task1=2.579093e-01 | |m1|=0.982397 | m1²=0.965104 | ||w||²/d=0.877856 | eps_adapter=8.149948e-02 | residual_overlap=0.029402
[step    76100] t/d=380.500 | task1=2.577545e-01 | |m1|=0.982492 | m1²=0.965291 | ||w||²/d=0.880577 | eps_adapter=8.058762e-02 | residual_overlap=0.029377
[step    76200] t/d=381.000 | task1=2.576167e-01 | |m1|=0.982705 | m1²=0.965708 | ||w||²/d=0.883501 | eps_adapter=7.924929e-02 | residual_overlap=0.029286
[step    76300] t/d=381.500 | task1=2.575044e-01 | |m1|=0.982904 | m1²=0.966101 | ||w||²/d=0.886588 | eps_adapter=7.793221e-02 | residual_overlap=0.029258
[step    76400] t/d=382.000 | task1=2.574009e-01 | |m1|=0.983135 | m1²=0.966554 | ||w||²/d=0.889892 | eps_adapter=7.647849e-02 | residual_overlap=0.029180
[step    76500] t/d=382.500 | task1=2.572840e-01 | |m1|=0.983295 | m1²=0.966868 | ||w||²/d=0.891879 | eps_adapter=7.554006e-02 | residual_overlap=0.029105
[step    76600] t/d=383.000 | task1=2.572074e-01 | |m1|=0.983345 | m1²=0.966968 | ||w||²/d=0.893581 | eps_adapter=7.503309e-02 | residual_overlap=0.029162
[step    76700] t/d=383.500 | task1=2.571560e-01 | |m1|=0.983577 | m1²=0.967424 | ||w||²/d=0.895884 | eps_adapter=7.379845e-02 | residual_overlap=0.029083
[step    76800] t/d=384.000 | task1=2.570396e-01 | |m1|=0.983808 | m1²=0.967879 | ||w||²/d=0.896833 | eps_adapter=7.282701e-02 | residual_overlap=0.028985
[step    76900] t/d=384.500 | task1=2.569760e-01 | |m1|=0.983923 | m1²=0.968104 | ||w||²/d=0.899231 | eps_adapter=7.198364e-02 | residual_overlap=0.028941
[step    77000] t/d=385.000 | task1=2.568955e-01 | |m1|=0.984078 | m1²=0.968409 | ||w||²/d=0.900895 | eps_adapter=7.114204e-02 | residual_overlap=0.028912
[step    77100] t/d=385.500 | task1=2.568495e-01 | |m1|=0.984217 | m1²=0.968684 | ||w||²/d=0.903024 | eps_adapter=7.027507e-02 | residual_overlap=0.028864
[step    77200] t/d=386.000 | task1=2.567957e-01 | |m1|=0.984328 | m1²=0.968903 | ||w||²/d=0.905134 | eps_adapter=6.951487e-02 | residual_overlap=0.028810
[step    77300] t/d=386.500 | task1=2.566859e-01 | |m1|=0.984379 | m1²=0.969003 | ||w||²/d=0.907981 | eps_adapter=6.884335e-02 | residual_overlap=0.028839
[step    77400] t/d=387.000 | task1=2.566033e-01 | |m1|=0.984425 | m1²=0.969092 | ||w||²/d=0.910332 | eps_adapter=6.828759e-02 | residual_overlap=0.028867
[step    77500] t/d=387.500 | task1=2.565065e-01 | |m1|=0.984494 | m1²=0.969229 | ||w||²/d=0.912888 | eps_adapter=6.762485e-02 | residual_overlap=0.028813
[step    77600] t/d=388.000 | task1=2.564083e-01 | |m1|=0.984604 | m1²=0.969445 | ||w||²/d=0.914048 | eps_adapter=6.705342e-02 | residual_overlap=0.028895
[step    77700] t/d=388.500 | task1=2.564032e-01 | |m1|=0.984713 | m1²=0.969660 | ||w||²/d=0.914646 | eps_adapter=6.657606e-02 | residual_overlap=0.028913
[step    77800] t/d=389.000 | task1=2.563404e-01 | |m1|=0.984783 | m1²=0.969797 | ||w||²/d=0.917217 | eps_adapter=6.592743e-02 | residual_overlap=0.028925
[step    77900] t/d=389.500 | task1=2.562384e-01 | |m1|=0.984933 | m1²=0.970094 | ||w||²/d=0.920389 | eps_adapter=6.491361e-02 | residual_overlap=0.028897
[step    78000] t/d=390.000 | task1=2.561607e-01 | |m1|=0.985122 | m1²=0.970466 | ||w||²/d=0.923816 | eps_adapter=6.374302e-02 | residual_overlap=0.028776
[step    78100] t/d=390.500 | task1=2.561103e-01 | |m1|=0.985316 | m1²=0.970848 | ||w||²/d=0.926441 | eps_adapter=6.268382e-02 | residual_overlap=0.028743
[step    78200] t/d=391.000 | task1=2.560770e-01 | |m1|=0.985390 | m1²=0.970993 | ||w||²/d=0.928553 | eps_adapter=6.213017e-02 | residual_overlap=0.028662
[step    78300] t/d=391.500 | task1=2.559784e-01 | |m1|=0.985583 | m1²=0.971374 | ||w||²/d=0.930433 | eps_adapter=6.118882e-02 | residual_overlap=0.028619
[step    78400] t/d=392.000 | task1=2.558689e-01 | |m1|=0.985785 | m1²=0.971771 | ||w||²/d=0.931709 | eps_adapter=6.030215e-02 | residual_overlap=0.028566
[step    78500] t/d=392.500 | task1=2.558207e-01 | |m1|=0.985949 | m1²=0.972095 | ||w||²/d=0.932251 | eps_adapter=5.964492e-02 | residual_overlap=0.028462
[step    78600] t/d=393.000 | task1=2.557381e-01 | |m1|=0.986051 | m1²=0.972297 | ||w||²/d=0.934504 | eps_adapter=5.898627e-02 | residual_overlap=0.028507
[step    78700] t/d=393.500 | task1=2.556911e-01 | |m1|=0.986086 | m1²=0.972366 | ||w||²/d=0.937122 | eps_adapter=5.853381e-02 | residual_overlap=0.028515
[step    78800] t/d=394.000 | task1=2.556831e-01 | |m1|=0.986027 | m1²=0.972250 | ||w||²/d=0.939315 | eps_adapter=5.847862e-02 | residual_overlap=0.028553
[step    78900] t/d=394.500 | task1=2.556833e-01 | |m1|=0.986034 | m1²=0.972263 | ||w||²/d=0.939940 | eps_adapter=5.838055e-02 | residual_overlap=0.028626
[step    79000] t/d=395.000 | task1=2.556078e-01 | |m1|=0.986150 | m1²=0.972491 | ||w||²/d=0.942253 | eps_adapter=5.769753e-02 | residual_overlap=0.028690
[step    79100] t/d=395.500 | task1=2.556036e-01 | |m1|=0.986203 | m1²=0.972596 | ||w||²/d=0.943209 | eps_adapter=5.739781e-02 | residual_overlap=0.028599
[step    79200] t/d=396.000 | task1=2.555395e-01 | |m1|=0.986166 | m1²=0.972523 | ||w||²/d=0.945394 | eps_adapter=5.729204e-02 | residual_overlap=0.028736
[step    79300] t/d=396.500 | task1=2.555209e-01 | |m1|=0.986220 | m1²=0.972629 | ||w||²/d=0.947445 | eps_adapter=5.687912e-02 | residual_overlap=0.028788
[step    79400] t/d=397.000 | task1=2.554147e-01 | |m1|=0.986453 | m1²=0.973089 | ||w||²/d=0.949340 | eps_adapter=5.583765e-02 | residual_overlap=0.028668
[step    79500] t/d=397.500 | task1=2.553117e-01 | |m1|=0.986486 | m1²=0.973155 | ||w||²/d=0.951126 | eps_adapter=5.553749e-02 | residual_overlap=0.028696
[step    79600] t/d=398.000 | task1=2.552864e-01 | |m1|=0.986602 | m1²=0.973384 | ||w||²/d=0.953486 | eps_adapter=5.488776e-02 | residual_overlap=0.028612
[step    79700] t/d=398.500 | task1=2.552487e-01 | |m1|=0.986604 | m1²=0.973387 | ||w||²/d=0.956543 | eps_adapter=5.460180e-02 | residual_overlap=0.028584
[step    79800] t/d=399.000 | task1=2.552270e-01 | |m1|=0.986737 | m1²=0.973650 | ||w||²/d=0.957346 | eps_adapter=5.404433e-02 | residual_overlap=0.028540
[step    79900] t/d=399.500 | task1=2.551833e-01 | |m1|=0.986888 | m1²=0.973947 | ||w||²/d=0.959960 | eps_adapter=5.326743e-02 | residual_overlap=0.028388
[step    80000] t/d=400.000 | task1=2.550990e-01 | |m1|=0.987044 | m1²=0.974257 | ||w||²/d=0.962808 | eps_adapter=5.245994e-02 | residual_overlap=0.028317
[step    80100] t/d=400.500 | task1=2.550412e-01 | |m1|=0.987221 | m1²=0.974605 | ||w||²/d=0.964853 | eps_adapter=5.165259e-02 | residual_overlap=0.028217
[step    80200] t/d=401.000 | task1=2.549615e-01 | |m1|=0.987218 | m1²=0.974599 | ||w||²/d=0.969134 | eps_adapter=5.135753e-02 | residual_overlap=0.028181
[step    80300] t/d=401.500 | task1=2.549194e-01 | |m1|=0.987376 | m1²=0.974912 | ||w||²/d=0.970621 | eps_adapter=5.067054e-02 | residual_overlap=0.028047
[step    80400] t/d=402.000 | task1=2.548978e-01 | |m1|=0.987364 | m1²=0.974887 | ||w||²/d=0.971790 | eps_adapter=5.064294e-02 | residual_overlap=0.028045
[step    80500] t/d=402.500 | task1=2.548186e-01 | |m1|=0.987464 | m1²=0.975085 | ||w||²/d=0.973328 | eps_adapter=5.017572e-02 | residual_overlap=0.028022
[step    80600] t/d=403.000 | task1=2.548133e-01 | |m1|=0.987659 | m1²=0.975469 | ||w||²/d=0.973491 | eps_adapter=4.943931e-02 | residual_overlap=0.027903
[step    80700] t/d=403.500 | task1=2.546784e-01 | |m1|=0.987895 | m1²=0.975937 | ||w||²/d=0.975450 | eps_adapter=4.843857e-02 | residual_overlap=0.027845
[step    80800] t/d=404.000 | task1=2.546095e-01 | |m1|=0.987948 | m1²=0.976041 | ||w||²/d=0.977219 | eps_adapter=4.814332e-02 | residual_overlap=0.027905
[step    80900] t/d=404.500 | task1=2.545548e-01 | |m1|=0.988024 | m1²=0.976191 | ||w||²/d=0.980217 | eps_adapter=4.770181e-02 | residual_overlap=0.027930
[step    81000] t/d=405.000 | task1=2.545173e-01 | |m1|=0.988090 | m1²=0.976322 | ||w||²/d=0.981995 | eps_adapter=4.736623e-02 | residual_overlap=0.027954
[step    81100] t/d=405.500 | task1=2.544415e-01 | |m1|=0.988202 | m1²=0.976543 | ||w||²/d=0.983612 | eps_adapter=4.687276e-02 | residual_overlap=0.027872
[step    81200] t/d=406.000 | task1=2.543883e-01 | |m1|=0.988257 | m1²=0.976651 | ||w||²/d=0.984233 | eps_adapter=4.663962e-02 | residual_overlap=0.027933
[step    81300] t/d=406.500 | task1=2.543090e-01 | |m1|=0.988373 | m1²=0.976882 | ||w||²/d=0.986993 | eps_adapter=4.608662e-02 | residual_overlap=0.027921
[step    81400] t/d=407.000 | task1=2.542614e-01 | |m1|=0.988448 | m1²=0.977030 | ||w||²/d=0.988297 | eps_adapter=4.575397e-02 | residual_overlap=0.027888
[step    81500] t/d=407.500 | task1=2.542299e-01 | |m1|=0.988462 | m1²=0.977056 | ||w||²/d=0.988651 | eps_adapter=4.569201e-02 | residual_overlap=0.027853
[step    81600] t/d=408.000 | task1=2.541516e-01 | |m1|=0.988574 | m1²=0.977279 | ||w||²/d=0.991684 | eps_adapter=4.516461e-02 | residual_overlap=0.027779
[step    81700] t/d=408.500 | task1=2.540942e-01 | |m1|=0.988647 | m1²=0.977423 | ||w||²/d=0.993255 | eps_adapter=4.484317e-02 | residual_overlap=0.027674
[step    81800] t/d=409.000 | task1=2.540465e-01 | |m1|=0.988695 | m1²=0.977518 | ||w||²/d=0.994718 | eps_adapter=4.462188e-02 | residual_overlap=0.027677
[step    81900] t/d=409.500 | task1=2.539985e-01 | |m1|=0.988818 | m1²=0.977762 | ||w||²/d=0.996092 | eps_adapter=4.411832e-02 | residual_overlap=0.027651
[step    82000] t/d=410.000 | task1=2.538718e-01 | |m1|=0.988975 | m1²=0.978072 | ||w||²/d=0.999711 | eps_adapter=4.344671e-02 | residual_overlap=0.027589
[step    82100] t/d=410.500 | task1=2.537445e-01 | |m1|=0.989178 | m1²=0.978473 | ||w||²/d=1.002711 | eps_adapter=4.262620e-02 | residual_overlap=0.027465
[step    82200] t/d=411.000 | task1=2.537268e-01 | |m1|=0.989224 | m1²=0.978564 | ||w||²/d=1.003004 | eps_adapter=4.244539e-02 | residual_overlap=0.027418
[step    82300] t/d=411.500 | task1=2.537135e-01 | |m1|=0.989438 | m1²=0.978987 | ||w||²/d=1.003510 | eps_adapter=4.161782e-02 | residual_overlap=0.027312
[step    82400] t/d=412.000 | task1=2.537278e-01 | |m1|=0.989385 | m1²=0.978883 | ||w||²/d=1.004912 | eps_adapter=4.180623e-02 | residual_overlap=0.027370
[step    82500] t/d=412.500 | task1=2.537241e-01 | |m1|=0.989384 | m1²=0.978880 | ||w||²/d=1.006880 | eps_adapter=4.179886e-02 | residual_overlap=0.027413
[step    82600] t/d=413.000 | task1=2.536670e-01 | |m1|=0.989412 | m1²=0.978935 | ||w||²/d=1.007763 | eps_adapter=4.168830e-02 | residual_overlap=0.027456
[step    82700] t/d=413.500 | task1=2.535850e-01 | |m1|=0.989461 | m1²=0.979032 | ||w||²/d=1.008448 | eps_adapter=4.149690e-02 | residual_overlap=0.027387
[step    82800] t/d=414.000 | task1=2.535776e-01 | |m1|=0.989551 | m1²=0.979212 | ||w||²/d=1.009174 | eps_adapter=4.114494e-02 | residual_overlap=0.027343
[step    82900] t/d=414.500 | task1=2.534399e-01 | |m1|=0.989574 | m1²=0.979257 | ||w||²/d=1.010866 | eps_adapter=4.105687e-02 | residual_overlap=0.027328
[step    83000] t/d=415.000 | task1=2.533986e-01 | |m1|=0.989761 | m1²=0.979626 | ||w||²/d=1.012288 | eps_adapter=4.033726e-02 | residual_overlap=0.027268
[step    83100] t/d=415.500 | task1=2.533442e-01 | |m1|=0.989786 | m1²=0.979676 | ||w||²/d=1.013777 | eps_adapter=4.024793e-02 | residual_overlap=0.027264
[step    83200] t/d=416.000 | task1=2.533287e-01 | |m1|=0.989909 | m1²=0.979920 | ||w||²/d=1.013895 | eps_adapter=3.976823e-02 | residual_overlap=0.027285
[step    83300] t/d=416.500 | task1=2.532527e-01 | |m1|=0.989907 | m1²=0.979916 | ||w||²/d=1.015447 | eps_adapter=3.978879e-02 | residual_overlap=0.027313
[step    83400] t/d=417.000 | task1=2.532502e-01 | |m1|=0.990002 | m1²=0.980105 | ||w||²/d=1.017628 | eps_adapter=3.944159e-02 | residual_overlap=0.027267
[step    83500] t/d=417.500 | task1=2.532103e-01 | |m1|=0.989993 | m1²=0.980087 | ||w||²/d=1.018708 | eps_adapter=3.949308e-02 | residual_overlap=0.027295
[step    83600] t/d=418.000 | task1=2.531216e-01 | |m1|=0.990078 | m1²=0.980254 | ||w||²/d=1.019959 | eps_adapter=3.918180e-02 | residual_overlap=0.027274
[step    83700] t/d=418.500 | task1=2.531256e-01 | |m1|=0.990157 | m1²=0.980411 | ||w||²/d=1.020174 | eps_adapter=3.887550e-02 | residual_overlap=0.027202
[step    83800] t/d=419.000 | task1=2.531171e-01 | |m1|=0.990152 | m1²=0.980402 | ||w||²/d=1.021355 | eps_adapter=3.891578e-02 | residual_overlap=0.027190
[step    83900] t/d=419.500 | task1=2.531468e-01 | |m1|=0.990204 | m1²=0.980504 | ||w||²/d=1.021004 | eps_adapter=3.870602e-02 | residual_overlap=0.027206
[step    84000] t/d=420.000 | task1=2.531276e-01 | |m1|=0.990150 | m1²=0.980397 | ||w||²/d=1.021754 | eps_adapter=3.893360e-02 | residual_overlap=0.027275
[step    84100] t/d=420.500 | task1=2.530536e-01 | |m1|=0.990238 | m1²=0.980571 | ||w||²/d=1.024656 | eps_adapter=3.865470e-02 | residual_overlap=0.027141
[step    84200] t/d=421.000 | task1=2.530335e-01 | |m1|=0.990336 | m1²=0.980766 | ||w||²/d=1.024561 | eps_adapter=3.826498e-02 | residual_overlap=0.027096
[step    84300] t/d=421.500 | task1=2.529694e-01 | |m1|=0.990407 | m1²=0.980907 | ||w||²/d=1.025943 | eps_adapter=3.802186e-02 | residual_overlap=0.027053
[step    84400] t/d=422.000 | task1=2.529940e-01 | |m1|=0.990437 | m1²=0.980966 | ||w||²/d=1.026739 | eps_adapter=3.792666e-02 | residual_overlap=0.027057
[step    84500] t/d=422.500 | task1=2.529248e-01 | |m1|=0.990535 | m1²=0.981159 | ||w||²/d=1.028684 | eps_adapter=3.760053e-02 | residual_overlap=0.027042
[step    84600] t/d=423.000 | task1=2.528701e-01 | |m1|=0.990559 | m1²=0.981207 | ||w||²/d=1.029735 | eps_adapter=3.753856e-02 | residual_overlap=0.027016
[step    84700] t/d=423.500 | task1=2.528475e-01 | |m1|=0.990625 | m1²=0.981339 | ||w||²/d=1.031112 | eps_adapter=3.732472e-02 | residual_overlap=0.026962
[step    84800] t/d=424.000 | task1=2.528307e-01 | |m1|=0.990681 | m1²=0.981450 | ||w||²/d=1.031252 | eps_adapter=3.710776e-02 | residual_overlap=0.026962
[step    84900] t/d=424.500 | task1=2.528198e-01 | |m1|=0.990711 | m1²=0.981508 | ||w||²/d=1.032975 | eps_adapter=3.705701e-02 | residual_overlap=0.026987
[step    85000] t/d=425.000 | task1=2.527632e-01 | |m1|=0.990748 | m1²=0.981582 | ||w||²/d=1.035734 | eps_adapter=3.702390e-02 | residual_overlap=0.027096
[step    85100] t/d=425.500 | task1=2.527002e-01 | |m1|=0.990943 | m1²=0.981968 | ||w||²/d=1.036076 | eps_adapter=3.626416e-02 | residual_overlap=0.026959
[step    85200] t/d=426.000 | task1=2.527622e-01 | |m1|=0.991071 | m1²=0.982222 | ||w||²/d=1.036949 | eps_adapter=3.579177e-02 | residual_overlap=0.026854
[step    85300] t/d=426.500 | task1=2.526960e-01 | |m1|=0.991118 | m1²=0.982314 | ||w||²/d=1.039215 | eps_adapter=3.571456e-02 | residual_overlap=0.026877
[step    85400] t/d=427.000 | task1=2.526516e-01 | |m1|=0.991122 | m1²=0.982323 | ||w||²/d=1.041016 | eps_adapter=3.578782e-02 | residual_overlap=0.026943
[step    85500] t/d=427.500 | task1=2.525786e-01 | |m1|=0.991158 | m1²=0.982395 | ||w||²/d=1.043145 | eps_adapter=3.576004e-02 | residual_overlap=0.026959
[step    85600] t/d=428.000 | task1=2.525436e-01 | |m1|=0.991208 | m1²=0.982493 | ||w||²/d=1.044285 | eps_adapter=3.562752e-02 | residual_overlap=0.026911
[step    85700] t/d=428.500 | task1=2.525255e-01 | |m1|=0.991347 | m1²=0.982769 | ||w||²/d=1.044751 | eps_adapter=3.509553e-02 | residual_overlap=0.026802
[step    85800] t/d=429.000 | task1=2.525365e-01 | |m1|=0.991348 | m1²=0.982770 | ||w||²/d=1.044702 | eps_adapter=3.509083e-02 | residual_overlap=0.026883
[step    85900] t/d=429.500 | task1=2.524999e-01 | |m1|=0.991374 | m1²=0.982822 | ||w||²/d=1.046462 | eps_adapter=3.509228e-02 | residual_overlap=0.026902
[step    86000] t/d=430.000 | task1=2.525008e-01 | |m1|=0.991345 | m1²=0.982765 | ||w||²/d=1.047674 | eps_adapter=3.528440e-02 | residual_overlap=0.026943
[step    86100] t/d=430.500 | task1=2.524728e-01 | |m1|=0.991290 | m1²=0.982657 | ||w||²/d=1.049780 | eps_adapter=3.564604e-02 | residual_overlap=0.027006
[step    86200] t/d=431.000 | task1=2.523900e-01 | |m1|=0.991380 | m1²=0.982835 | ||w||²/d=1.051287 | eps_adapter=3.538893e-02 | residual_overlap=0.026946
[step    86300] t/d=431.500 | task1=2.524072e-01 | |m1|=0.991495 | m1²=0.983062 | ||w||²/d=1.052270 | eps_adapter=3.499551e-02 | residual_overlap=0.026873
[step    86400] t/d=432.000 | task1=2.523336e-01 | |m1|=0.991618 | m1²=0.983306 | ||w||²/d=1.053089 | eps_adapter=3.455894e-02 | residual_overlap=0.026772
[step    86500] t/d=432.500 | task1=2.523271e-01 | |m1|=0.991552 | m1²=0.983175 | ||w||²/d=1.055785 | eps_adapter=3.503123e-02 | residual_overlap=0.026852
[step    86600] t/d=433.000 | task1=2.522977e-01 | |m1|=0.991557 | m1²=0.983185 | ||w||²/d=1.056470 | eps_adapter=3.506603e-02 | residual_overlap=0.026835
[step    86700] t/d=433.500 | task1=2.522239e-01 | |m1|=0.991618 | m1²=0.983306 | ||w||²/d=1.058262 | eps_adapter=3.496464e-02 | residual_overlap=0.026798
[step    86800] t/d=434.000 | task1=2.522212e-01 | |m1|=0.991643 | m1²=0.983355 | ||w||²/d=1.060074 | eps_adapter=3.501810e-02 | residual_overlap=0.026764
[step    86900] t/d=434.500 | task1=2.522106e-01 | |m1|=0.991688 | m1²=0.983445 | ||w||²/d=1.061009 | eps_adapter=3.491502e-02 | residual_overlap=0.026757
[step    87000] t/d=435.000 | task1=2.522284e-01 | |m1|=0.991703 | m1²=0.983475 | ||w||²/d=1.061020 | eps_adapter=3.485577e-02 | residual_overlap=0.026795
[step    87100] t/d=435.500 | task1=2.522196e-01 | |m1|=0.991728 | m1²=0.983524 | ||w||²/d=1.062763 | eps_adapter=3.491108e-02 | residual_overlap=0.026768
[step    87200] t/d=436.000 | task1=2.521356e-01 | |m1|=0.991774 | m1²=0.983616 | ||w||²/d=1.062780 | eps_adapter=3.472315e-02 | residual_overlap=0.026750
[step    87300] t/d=436.500 | task1=2.521363e-01 | |m1|=0.991784 | m1²=0.983636 | ||w||²/d=1.065410 | eps_adapter=3.492758e-02 | residual_overlap=0.026757
[step    87400] t/d=437.000 | task1=2.521037e-01 | |m1|=0.991773 | m1²=0.983614 | ||w||²/d=1.069097 | eps_adapter=3.534167e-02 | residual_overlap=0.026778
[step    87500] t/d=437.500 | task1=2.520532e-01 | |m1|=0.991847 | m1²=0.983760 | ||w||²/d=1.069416 | eps_adapter=3.507167e-02 | residual_overlap=0.026699
[step    87600] t/d=438.000 | task1=2.520150e-01 | |m1|=0.991959 | m1²=0.983983 | ||w||²/d=1.070081 | eps_adapter=3.467846e-02 | residual_overlap=0.026597
[step    87700] t/d=438.500 | task1=2.520085e-01 | |m1|=0.992003 | m1²=0.984069 | ||w||²/d=1.071739 | eps_adapter=3.467504e-02 | residual_overlap=0.026571
[step    87800] t/d=439.000 | task1=2.519651e-01 | |m1|=0.992080 | m1²=0.984224 | ||w||²/d=1.071463 | eps_adapter=3.432504e-02 | residual_overlap=0.026494
[step    87900] t/d=439.500 | task1=2.519735e-01 | |m1|=0.992127 | m1²=0.984316 | ||w||²/d=1.072564 | eps_adapter=3.425117e-02 | residual_overlap=0.026473
[step    88000] t/d=440.000 | task1=2.519760e-01 | |m1|=0.992164 | m1²=0.984389 | ||w||²/d=1.072873 | eps_adapter=3.413352e-02 | residual_overlap=0.026431
[step    88100] t/d=440.500 | task1=2.518958e-01 | |m1|=0.992192 | m1²=0.984446 | ||w||²/d=1.074443 | eps_adapter=3.418834e-02 | residual_overlap=0.026440
[step    88200] t/d=441.000 | task1=2.518515e-01 | |m1|=0.992291 | m1²=0.984641 | ||w||²/d=1.076020 | eps_adapter=3.395836e-02 | residual_overlap=0.026348
[step    88300] t/d=441.500 | task1=2.518694e-01 | |m1|=0.992347 | m1²=0.984753 | ||w||²/d=1.077215 | eps_adapter=3.386311e-02 | residual_overlap=0.026327
[step    88400] t/d=442.000 | task1=2.518761e-01 | |m1|=0.992486 | m1²=0.985028 | ||w||²/d=1.078024 | eps_adapter=3.338388e-02 | residual_overlap=0.026185
[step    88500] t/d=442.500 | task1=2.519098e-01 | |m1|=0.992562 | m1²=0.985180 | ||w||²/d=1.077994 | eps_adapter=3.306216e-02 | residual_overlap=0.026116
[step    88600] t/d=443.000 | task1=2.518655e-01 | |m1|=0.992696 | m1²=0.985445 | ||w||²/d=1.079991 | eps_adapter=3.274338e-02 | residual_overlap=0.025971
[step    88700] t/d=443.500 | task1=2.517999e-01 | |m1|=0.992752 | m1²=0.985556 | ||w||²/d=1.081654 | eps_adapter=3.271388e-02 | residual_overlap=0.025941
[step    88800] t/d=444.000 | task1=2.517715e-01 | |m1|=0.992773 | m1²=0.985598 | ||w||²/d=1.083449 | eps_adapter=3.284872e-02 | residual_overlap=0.025921
[step    88900] t/d=444.500 | task1=2.518134e-01 | |m1|=0.992789 | m1²=0.985630 | ||w||²/d=1.085044 | eps_adapter=3.298703e-02 | residual_overlap=0.025933
[step    89000] t/d=445.000 | task1=2.517818e-01 | |m1|=0.992853 | m1²=0.985756 | ||w||²/d=1.086090 | eps_adapter=3.285680e-02 | residual_overlap=0.025891
[step    89100] t/d=445.500 | task1=2.518042e-01 | |m1|=0.992933 | m1²=0.985916 | ||w||²/d=1.087966 | eps_adapter=3.276888e-02 | residual_overlap=0.025863
[step    89200] t/d=446.000 | task1=2.517969e-01 | |m1|=0.992921 | m1²=0.985892 | ||w||²/d=1.088481 | eps_adapter=3.288994e-02 | residual_overlap=0.025912
[step    89300] t/d=446.500 | task1=2.517471e-01 | |m1|=0.992926 | m1²=0.985903 | ||w||²/d=1.089425 | eps_adapter=3.299519e-02 | residual_overlap=0.025960
[step    89400] t/d=447.000 | task1=2.517450e-01 | |m1|=0.992890 | m1²=0.985831 | ||w||²/d=1.090941 | eps_adapter=3.335755e-02 | residual_overlap=0.025994
[step    89500] t/d=447.500 | task1=2.516401e-01 | |m1|=0.992840 | m1²=0.985732 | ||w||²/d=1.091120 | eps_adapter=3.359177e-02 | residual_overlap=0.026125
[step    89600] t/d=448.000 | task1=2.515947e-01 | |m1|=0.992901 | m1²=0.985852 | ||w||²/d=1.093813 | eps_adapter=3.372321e-02 | residual_overlap=0.026022
[step    89700] t/d=448.500 | task1=2.515870e-01 | |m1|=0.992876 | m1²=0.985804 | ||w||²/d=1.093931 | eps_adapter=3.384247e-02 | residual_overlap=0.026038
[step    89800] t/d=449.000 | task1=2.515269e-01 | |m1|=0.992937 | m1²=0.985924 | ||w||²/d=1.094097 | eps_adapter=3.361068e-02 | residual_overlap=0.026006
[step    89900] t/d=449.500 | task1=2.515381e-01 | |m1|=0.992903 | m1²=0.985856 | ||w||²/d=1.094380 | eps_adapter=3.379659e-02 | residual_overlap=0.026086
[step    90000] t/d=450.000 | task1=2.515010e-01 | |m1|=0.992926 | m1²=0.985903 | ||w||²/d=1.096580 | eps_adapter=3.402421e-02 | residual_overlap=0.026096
[step    90100] t/d=450.500 | task1=2.515124e-01 | |m1|=0.992957 | m1²=0.985964 | ||w||²/d=1.097381 | eps_adapter=3.401492e-02 | residual_overlap=0.026087
[step    90200] t/d=451.000 | task1=2.514449e-01 | |m1|=0.992954 | m1²=0.985958 | ||w||²/d=1.098262 | eps_adapter=3.416235e-02 | residual_overlap=0.026056
[step    90300] t/d=451.500 | task1=2.514509e-01 | |m1|=0.992973 | m1²=0.985996 | ||w||²/d=1.098711 | eps_adapter=3.415182e-02 | residual_overlap=0.026014
[step    90400] t/d=452.000 | task1=2.514087e-01 | |m1|=0.993006 | m1²=0.986061 | ||w||²/d=1.101131 | eps_adapter=3.439081e-02 | residual_overlap=0.025974
[step    90500] t/d=452.500 | task1=2.513558e-01 | |m1|=0.993024 | m1²=0.986096 | ||w||²/d=1.102629 | eps_adapter=3.455701e-02 | residual_overlap=0.025961
[step    90600] t/d=453.000 | task1=2.512999e-01 | |m1|=0.993044 | m1²=0.986136 | ||w||²/d=1.103004 | eps_adapter=3.453143e-02 | residual_overlap=0.025936
[step    90700] t/d=453.500 | task1=2.513082e-01 | |m1|=0.993073 | m1²=0.986193 | ||w||²/d=1.103809 | eps_adapter=3.454080e-02 | residual_overlap=0.025848
[step    90800] t/d=454.000 | task1=2.513233e-01 | |m1|=0.993042 | m1²=0.986133 | ||w||²/d=1.105843 | eps_adapter=3.500724e-02 | residual_overlap=0.025892
[step    90900] t/d=454.500 | task1=2.513654e-01 | |m1|=0.993022 | m1²=0.986092 | ||w||²/d=1.106979 | eps_adapter=3.528651e-02 | residual_overlap=0.025944
[step    91000] t/d=455.000 | task1=2.514044e-01 | |m1|=0.993080 | m1²=0.986208 | ||w||²/d=1.108283 | eps_adapter=3.526033e-02 | residual_overlap=0.025917
[step    91100] t/d=455.500 | task1=2.513694e-01 | |m1|=0.993116 | m1²=0.986279 | ||w||²/d=1.108894 | eps_adapter=3.521214e-02 | residual_overlap=0.025885
[step    91200] t/d=456.000 | task1=2.513755e-01 | |m1|=0.993148 | m1²=0.986343 | ||w||²/d=1.111159 | eps_adapter=3.547217e-02 | residual_overlap=0.025826
[step    91300] t/d=456.500 | task1=2.513985e-01 | |m1|=0.993180 | m1²=0.986407 | ||w||²/d=1.112653 | eps_adapter=3.559978e-02 | residual_overlap=0.025796
[step    91400] t/d=457.000 | task1=2.513663e-01 | |m1|=0.993216 | m1²=0.986479 | ||w||²/d=1.114047 | eps_adapter=3.569749e-02 | residual_overlap=0.025764
[step    91500] t/d=457.500 | task1=2.513575e-01 | |m1|=0.993292 | m1²=0.986630 | ||w||²/d=1.114681 | eps_adapter=3.548726e-02 | residual_overlap=0.025742
[step    91600] t/d=458.000 | task1=2.513775e-01 | |m1|=0.993368 | m1²=0.986780 | ||w||²/d=1.114559 | eps_adapter=3.513895e-02 | residual_overlap=0.025691
[step    91700] t/d=458.500 | task1=2.513765e-01 | |m1|=0.993410 | m1²=0.986863 | ||w||²/d=1.115177 | eps_adapter=3.507358e-02 | residual_overlap=0.025682
[step    91800] t/d=459.000 | task1=2.513400e-01 | |m1|=0.993511 | m1²=0.987064 | ||w||²/d=1.115659 | eps_adapter=3.472763e-02 | residual_overlap=0.025571
[step    91900] t/d=459.500 | task1=2.513224e-01 | |m1|=0.993531 | m1²=0.987105 | ||w||²/d=1.116724 | eps_adapter=3.483640e-02 | residual_overlap=0.025522
[step    92000] t/d=460.000 | task1=2.513043e-01 | |m1|=0.993560 | m1²=0.987161 | ||w||²/d=1.118581 | eps_adapter=3.506263e-02 | residual_overlap=0.025494
[step    92100] t/d=460.500 | task1=2.513018e-01 | |m1|=0.993557 | m1²=0.987156 | ||w||²/d=1.119561 | eps_adapter=3.526038e-02 | residual_overlap=0.025487
[step    92200] t/d=461.000 | task1=2.512597e-01 | |m1|=0.993543 | m1²=0.987127 | ||w||²/d=1.121778 | eps_adapter=3.575214e-02 | residual_overlap=0.025524
[step    92300] t/d=461.500 | task1=2.512514e-01 | |m1|=0.993523 | m1²=0.987087 | ||w||²/d=1.121612 | eps_adapter=3.580721e-02 | residual_overlap=0.025538
[step    92400] t/d=462.000 | task1=2.512274e-01 | |m1|=0.993604 | m1²=0.987249 | ||w||²/d=1.123142 | eps_adapter=3.575668e-02 | residual_overlap=0.025411
[step    92500] t/d=462.500 | task1=2.512516e-01 | |m1|=0.993607 | m1²=0.987255 | ||w||²/d=1.122193 | eps_adapter=3.555682e-02 | residual_overlap=0.025416
[step    92600] t/d=463.000 | task1=2.512556e-01 | |m1|=0.993692 | m1²=0.987424 | ||w||²/d=1.123535 | eps_adapter=3.545147e-02 | residual_overlap=0.025301
[step    92700] t/d=463.500 | task1=2.512108e-01 | |m1|=0.993737 | m1²=0.987514 | ||w||²/d=1.125491 | eps_adapter=3.564789e-02 | residual_overlap=0.025253
[step    92800] t/d=464.000 | task1=2.511824e-01 | |m1|=0.993764 | m1²=0.987567 | ||w||²/d=1.125377 | eps_adapter=3.550780e-02 | residual_overlap=0.025225
[step    92900] t/d=464.500 | task1=2.511886e-01 | |m1|=0.993691 | m1²=0.987422 | ||w||²/d=1.125263 | eps_adapter=3.580296e-02 | residual_overlap=0.025279
[step    93000] t/d=465.000 | task1=2.512008e-01 | |m1|=0.993666 | m1²=0.987373 | ||w||²/d=1.124593 | eps_adapter=3.577480e-02 | residual_overlap=0.025322
[step    93100] t/d=465.500 | task1=2.512136e-01 | |m1|=0.993642 | m1²=0.987324 | ||w||²/d=1.125633 | eps_adapter=3.609112e-02 | residual_overlap=0.025348
[step    93200] t/d=466.000 | task1=2.511762e-01 | |m1|=0.993658 | m1²=0.987357 | ||w||²/d=1.126753 | eps_adapter=3.624683e-02 | residual_overlap=0.025350
[step    93300] t/d=466.500 | task1=2.511928e-01 | |m1|=0.993751 | m1²=0.987542 | ||w||²/d=1.127783 | eps_adapter=3.605513e-02 | residual_overlap=0.025269
[step    93400] t/d=467.000 | task1=2.511921e-01 | |m1|=0.993773 | m1²=0.987584 | ||w||²/d=1.128039 | eps_adapter=3.601400e-02 | residual_overlap=0.025269
[step    93500] t/d=467.500 | task1=2.512111e-01 | |m1|=0.993842 | m1²=0.987723 | ||w||²/d=1.128439 | eps_adapter=3.579404e-02 | residual_overlap=0.025218
[step    93600] t/d=468.000 | task1=2.512183e-01 | |m1|=0.993874 | m1²=0.987786 | ||w||²/d=1.131122 | eps_adapter=3.621745e-02 | residual_overlap=0.025201
[step    93700] t/d=468.500 | task1=2.511724e-01 | |m1|=0.993887 | m1²=0.987811 | ||w||²/d=1.133664 | eps_adapter=3.670825e-02 | residual_overlap=0.025173
[step    93800] t/d=469.000 | task1=2.510906e-01 | |m1|=0.993926 | m1²=0.987889 | ||w||²/d=1.136527 | eps_adapter=3.716240e-02 | residual_overlap=0.025140
[step    93900] t/d=469.500 | task1=2.511014e-01 | |m1|=0.993906 | m1²=0.987850 | ||w||²/d=1.137194 | eps_adapter=3.739800e-02 | residual_overlap=0.025198
[step    94000] t/d=470.000 | task1=2.511218e-01 | |m1|=0.993910 | m1²=0.987857 | ||w||²/d=1.138399 | eps_adapter=3.765298e-02 | residual_overlap=0.025218
[step    94100] t/d=470.500 | task1=2.511087e-01 | |m1|=0.994002 | m1²=0.988041 | ||w||²/d=1.139750 | eps_adapter=3.755316e-02 | residual_overlap=0.025124
[step    94200] t/d=471.000 | task1=2.510898e-01 | |m1|=0.993977 | m1²=0.987990 | ||w||²/d=1.140715 | eps_adapter=3.788614e-02 | residual_overlap=0.025166
[step    94300] t/d=471.500 | task1=2.510503e-01 | |m1|=0.994046 | m1²=0.988127 | ||w||²/d=1.143022 | eps_adapter=3.811639e-02 | residual_overlap=0.025124
[step    94400] t/d=472.000 | task1=2.510450e-01 | |m1|=0.994050 | m1²=0.988136 | ||w||²/d=1.143231 | eps_adapter=3.814596e-02 | residual_overlap=0.025128
[step    94500] t/d=472.500 | task1=2.510542e-01 | |m1|=0.994033 | m1²=0.988101 | ||w||²/d=1.143797 | eps_adapter=3.835589e-02 | residual_overlap=0.025152
[step    94600] t/d=473.000 | task1=2.510607e-01 | |m1|=0.994005 | m1²=0.988046 | ||w||²/d=1.143168 | eps_adapter=3.832990e-02 | residual_overlap=0.025237
[step    94700] t/d=473.500 | task1=2.510648e-01 | |m1|=0.994064 | m1²=0.988163 | ||w||²/d=1.143549 | eps_adapter=3.816115e-02 | residual_overlap=0.025179
[step    94800] t/d=474.000 | task1=2.510387e-01 | |m1|=0.994059 | m1²=0.988153 | ||w||²/d=1.144818 | eps_adapter=3.848142e-02 | residual_overlap=0.025177
[step    94900] t/d=474.500 | task1=2.510409e-01 | |m1|=0.994124 | m1²=0.988283 | ||w||²/d=1.144137 | eps_adapter=3.803197e-02 | residual_overlap=0.025117
[step    95000] t/d=475.000 | task1=2.510635e-01 | |m1|=0.994099 | m1²=0.988233 | ||w||²/d=1.145344 | eps_adapter=3.842956e-02 | residual_overlap=0.025110
[step    95100] t/d=475.500 | task1=2.510501e-01 | |m1|=0.993993 | m1²=0.988022 | ||w||²/d=1.146202 | eps_adapter=3.910285e-02 | residual_overlap=0.025250
[step    95200] t/d=476.000 | task1=2.510329e-01 | |m1|=0.993947 | m1²=0.987931 | ||w||²/d=1.147135 | eps_adapter=3.952895e-02 | residual_overlap=0.025312
[step    95300] t/d=476.500 | task1=2.509937e-01 | |m1|=0.993985 | m1²=0.988005 | ||w||²/d=1.147648 | eps_adapter=3.948877e-02 | residual_overlap=0.025282
[step    95400] t/d=477.000 | task1=2.509373e-01 | |m1|=0.994003 | m1²=0.988042 | ||w||²/d=1.147966 | eps_adapter=3.948493e-02 | residual_overlap=0.025254
[step    95500] t/d=477.500 | task1=2.508645e-01 | |m1|=0.993977 | m1²=0.987991 | ||w||²/d=1.149749 | eps_adapter=4.003525e-02 | residual_overlap=0.025274
[step    95600] t/d=478.000 | task1=2.509278e-01 | |m1|=0.993952 | m1²=0.987941 | ||w||²/d=1.150599 | eps_adapter=4.035653e-02 | residual_overlap=0.025287
[step    95700] t/d=478.500 | task1=2.508981e-01 | |m1|=0.993974 | m1²=0.987985 | ||w||²/d=1.150813 | eps_adapter=4.031134e-02 | residual_overlap=0.025284
[step    95800] t/d=479.000 | task1=2.508674e-01 | |m1|=0.993921 | m1²=0.987880 | ||w||²/d=1.151936 | eps_adapter=4.082706e-02 | residual_overlap=0.025348
[step    95900] t/d=479.500 | task1=2.509134e-01 | |m1|=0.993873 | m1²=0.987784 | ||w||²/d=1.152245 | eps_adapter=4.111929e-02 | residual_overlap=0.025424
[step    96000] t/d=480.000 | task1=2.509292e-01 | |m1|=0.993880 | m1²=0.987797 | ||w||²/d=1.153595 | eps_adapter=4.143110e-02 | residual_overlap=0.025418
[step    96100] t/d=480.500 | task1=2.509099e-01 | |m1|=0.993859 | m1²=0.987756 | ||w||²/d=1.152977 | eps_adapter=4.136615e-02 | residual_overlap=0.025432
[step    96200] t/d=481.000 | task1=2.508653e-01 | |m1|=0.993925 | m1²=0.987887 | ||w||²/d=1.153422 | eps_adapter=4.118552e-02 | residual_overlap=0.025329
[step    96300] t/d=481.500 | task1=2.508834e-01 | |m1|=0.993938 | m1²=0.987912 | ||w||²/d=1.154848 | eps_adapter=4.149357e-02 | residual_overlap=0.025309
[step    96400] t/d=482.000 | task1=2.509235e-01 | |m1|=0.993947 | m1²=0.987931 | ||w||²/d=1.154203 | eps_adapter=4.128617e-02 | residual_overlap=0.025284
[step    96500] t/d=482.500 | task1=2.509645e-01 | |m1|=0.993876 | m1²=0.987790 | ||w||²/d=1.154795 | eps_adapter=4.175297e-02 | residual_overlap=0.025400
[step    96600] t/d=483.000 | task1=2.509675e-01 | |m1|=0.993889 | m1²=0.987816 | ||w||²/d=1.155364 | eps_adapter=4.184183e-02 | residual_overlap=0.025385
[step    96700] t/d=483.500 | task1=2.510606e-01 | |m1|=0.993855 | m1²=0.987747 | ||w||²/d=1.155864 | eps_adapter=4.212497e-02 | residual_overlap=0.025386
[step    96800] t/d=484.000 | task1=2.509982e-01 | |m1|=0.993873 | m1²=0.987784 | ||w||²/d=1.159161 | eps_adapter=4.290510e-02 | residual_overlap=0.025419
[step    96900] t/d=484.500 | task1=2.509879e-01 | |m1|=0.993871 | m1²=0.987780 | ||w||²/d=1.160688 | eps_adapter=4.332040e-02 | residual_overlap=0.025441
[step    97000] t/d=485.000 | task1=2.510041e-01 | |m1|=0.993922 | m1²=0.987881 | ||w||²/d=1.160131 | eps_adapter=4.294411e-02 | residual_overlap=0.025420
[step    97100] t/d=485.500 | task1=2.510002e-01 | |m1|=0.993943 | m1²=0.987923 | ||w||²/d=1.162046 | eps_adapter=4.336226e-02 | residual_overlap=0.025456
[step    97200] t/d=486.000 | task1=2.509406e-01 | |m1|=0.993951 | m1²=0.987938 | ||w||²/d=1.162913 | eps_adapter=4.356396e-02 | residual_overlap=0.025483
[step    97300] t/d=486.500 | task1=2.509378e-01 | |m1|=0.993950 | m1²=0.987937 | ||w||²/d=1.163970 | eps_adapter=4.385242e-02 | residual_overlap=0.025483
[step    97400] t/d=487.000 | task1=2.509216e-01 | |m1|=0.993938 | m1²=0.987912 | ||w||²/d=1.163865 | eps_adapter=4.388013e-02 | residual_overlap=0.025477
[step    97500] t/d=487.500 | task1=2.509242e-01 | |m1|=0.993956 | m1²=0.987948 | ||w||²/d=1.166537 | eps_adapter=4.453585e-02 | residual_overlap=0.025489
[step    97600] t/d=488.000 | task1=2.509009e-01 | |m1|=0.993979 | m1²=0.987993 | ||w||²/d=1.167718 | eps_adapter=4.476362e-02 | residual_overlap=0.025465
[step    97700] t/d=488.500 | task1=2.509625e-01 | |m1|=0.994008 | m1²=0.988052 | ||w||²/d=1.166156 | eps_adapter=4.419644e-02 | residual_overlap=0.025439
[step    97800] t/d=489.000 | task1=2.510130e-01 | |m1|=0.993995 | m1²=0.988026 | ||w||²/d=1.166977 | eps_adapter=4.448295e-02 | residual_overlap=0.025472
[step    97900] t/d=489.500 | task1=2.509706e-01 | |m1|=0.994067 | m1²=0.988169 | ||w||²/d=1.168118 | eps_adapter=4.447819e-02 | residual_overlap=0.025340
[step    98000] t/d=490.000 | task1=2.509323e-01 | |m1|=0.994097 | m1²=0.988228 | ||w||²/d=1.168873 | eps_adapter=4.455658e-02 | residual_overlap=0.025341
[step    98100] t/d=490.500 | task1=2.509568e-01 | |m1|=0.994079 | m1²=0.988194 | ||w||²/d=1.169638 | eps_adapter=4.485056e-02 | residual_overlap=0.025346
[step    98200] t/d=491.000 | task1=2.510280e-01 | |m1|=0.994118 | m1²=0.988271 | ||w||²/d=1.169172 | eps_adapter=4.454480e-02 | residual_overlap=0.025337
[step    98300] t/d=491.500 | task1=2.510315e-01 | |m1|=0.994158 | m1²=0.988351 | ||w||²/d=1.168024 | eps_adapter=4.403929e-02 | residual_overlap=0.025312
[step    98400] t/d=492.000 | task1=2.510487e-01 | |m1|=0.994242 | m1²=0.988516 | ||w||²/d=1.169160 | eps_adapter=4.398428e-02 | residual_overlap=0.025255
[step    98500] t/d=492.500 | task1=2.510516e-01 | |m1|=0.994266 | m1²=0.988564 | ||w||²/d=1.171132 | eps_adapter=4.443568e-02 | residual_overlap=0.025227
[step    98600] t/d=493.000 | task1=2.510918e-01 | |m1|=0.994322 | m1²=0.988677 | ||w||²/d=1.171761 | eps_adapter=4.435978e-02 | residual_overlap=0.025165
[step    98700] t/d=493.500 | task1=2.511555e-01 | |m1|=0.994286 | m1²=0.988604 | ||w||²/d=1.173389 | eps_adapter=4.499440e-02 | residual_overlap=0.025156
[step    98800] t/d=494.000 | task1=2.511860e-01 | |m1|=0.994240 | m1²=0.988514 | ||w||²/d=1.173903 | eps_adapter=4.534852e-02 | residual_overlap=0.025183
[step    98900] t/d=494.500 | task1=2.511896e-01 | |m1|=0.994219 | m1²=0.988472 | ||w||²/d=1.175305 | eps_adapter=4.585358e-02 | residual_overlap=0.025240
[step    99000] t/d=495.000 | task1=2.511874e-01 | |m1|=0.994228 | m1²=0.988489 | ||w||²/d=1.175182 | eps_adapter=4.577971e-02 | residual_overlap=0.025235
[step    99100] t/d=495.500 | task1=2.512100e-01 | |m1|=0.994262 | m1²=0.988557 | ||w||²/d=1.176977 | eps_adapter=4.615297e-02 | residual_overlap=0.025186
[step    99200] t/d=496.000 | task1=2.512279e-01 | |m1|=0.994250 | m1²=0.988533 | ||w||²/d=1.179028 | eps_adapter=4.682030e-02 | residual_overlap=0.025254
[step    99300] t/d=496.500 | task1=2.512845e-01 | |m1|=0.994295 | m1²=0.988622 | ||w||²/d=1.178967 | eps_adapter=4.659901e-02 | residual_overlap=0.025203
[step    99400] t/d=497.000 | task1=2.512907e-01 | |m1|=0.994283 | m1²=0.988598 | ||w||²/d=1.178067 | eps_adapter=4.638444e-02 | residual_overlap=0.025212
[step    99500] t/d=497.500 | task1=2.513341e-01 | |m1|=0.994241 | m1²=0.988516 | ||w||²/d=1.178110 | eps_adapter=4.658469e-02 | residual_overlap=0.025278
[step    99600] t/d=498.000 | task1=2.513356e-01 | |m1|=0.994320 | m1²=0.988673 | ||w||²/d=1.178665 | eps_adapter=4.639302e-02 | residual_overlap=0.025153
[step    99700] t/d=498.500 | task1=2.513525e-01 | |m1|=0.994278 | m1²=0.988589 | ||w||²/d=1.178530 | eps_adapter=4.654273e-02 | residual_overlap=0.025207
[step    99800] t/d=499.000 | task1=2.513681e-01 | |m1|=0.994297 | m1²=0.988626 | ||w||²/d=1.176933 | eps_adapter=4.598353e-02 | residual_overlap=0.025200
[step    99900] t/d=499.500 | task1=2.513596e-01 | |m1|=0.994279 | m1²=0.988590 | ||w||²/d=1.175580 | eps_adapter=4.566492e-02 | residual_overlap=0.025229
[step   100000] t/d=500.000 | task1=2.513849e-01 | |m1|=0.994283 | m1²=0.988599 | ||w||²/d=1.174091 | eps_adapter=4.521045e-02 | residual_overlap=0.025237
Saved checkpoint: results/quality_pretraining/finetunetask1_d200_T5/prestep_0_lr0p01_init1_wseed21_sgdseed22/checkpoints/step_000100000
[step   100100] t/d=500.500 | task1=2.513856e-01 | |m1|=0.994299 | m1²=0.988631 | ||w||²/d=1.174631 | eps_adapter=4.529422e-02 | residual_overlap=0.025247
[step   100200] t/d=501.000 | task1=2.513984e-01 | |m1|=0.994304 | m1²=0.988641 | ||w||²/d=1.174794 | eps_adapter=4.531887e-02 | residual_overlap=0.025230
[step   100300] t/d=501.500 | task1=2.513518e-01 | |m1|=0.994283 | m1²=0.988599 | ||w||²/d=1.174873 | eps_adapter=4.543759e-02 | residual_overlap=0.025279
[step   100400] t/d=502.000 | task1=2.513583e-01 | |m1|=0.994272 | m1²=0.988578 | ||w||²/d=1.175315 | eps_adapter=4.561624e-02 | residual_overlap=0.025291
[step   100500] t/d=502.500 | task1=2.513318e-01 | |m1|=0.994333 | m1²=0.988698 | ||w||²/d=1.174784 | eps_adapter=4.518708e-02 | residual_overlap=0.025244
[step   100600] t/d=503.000 | task1=2.513180e-01 | |m1|=0.994314 | m1²=0.988660 | ||w||²/d=1.173600 | eps_adapter=4.492853e-02 | residual_overlap=0.025246
[step   100700] t/d=503.500 | task1=2.512805e-01 | |m1|=0.994362 | m1²=0.988756 | ||w||²/d=1.174416 | eps_adapter=4.494788e-02 | residual_overlap=0.025192
[step   100800] t/d=504.000 | task1=2.512349e-01 | |m1|=0.994436 | m1²=0.988904 | ||w||²/d=1.173686 | eps_adapter=4.439794e-02 | residual_overlap=0.025108
[step   100900] t/d=504.500 | task1=2.512694e-01 | |m1|=0.994432 | m1²=0.988894 | ||w||²/d=1.173827 | eps_adapter=4.446046e-02 | residual_overlap=0.025143
[step   101000] t/d=505.000 | task1=2.512408e-01 | |m1|=0.994452 | m1²=0.988935 | ||w||²/d=1.173069 | eps_adapter=4.414889e-02 | residual_overlap=0.025124
[step   101100] t/d=505.500 | task1=2.512350e-01 | |m1|=0.994427 | m1²=0.988885 | ||w||²/d=1.174405 | eps_adapter=4.464872e-02 | residual_overlap=0.025167
[step   101200] t/d=506.000 | task1=2.512222e-01 | |m1|=0.994462 | m1²=0.988955 | ||w||²/d=1.175439 | eps_adapter=4.479133e-02 | residual_overlap=0.025123
[step   101300] t/d=506.500 | task1=2.511638e-01 | |m1|=0.994448 | m1²=0.988927 | ||w||²/d=1.175645 | eps_adapter=4.491710e-02 | residual_overlap=0.025123
[step   101400] t/d=507.000 | task1=2.511687e-01 | |m1|=0.994465 | m1²=0.988960 | ||w||²/d=1.174602 | eps_adapter=4.453571e-02 | residual_overlap=0.025108
[step   101500] t/d=507.500 | task1=2.511100e-01 | |m1|=0.994516 | m1²=0.989061 | ||w||²/d=1.173635 | eps_adapter=4.402509e-02 | residual_overlap=0.025021
[step   101600] t/d=508.000 | task1=2.511288e-01 | |m1|=0.994484 | m1²=0.988999 | ||w||²/d=1.174780 | eps_adapter=4.449896e-02 | residual_overlap=0.025050
[step   101700] t/d=508.500 | task1=2.511169e-01 | |m1|=0.994543 | m1²=0.989116 | ||w||²/d=1.174388 | eps_adapter=4.411814e-02 | residual_overlap=0.024971
[step   101800] t/d=509.000 | task1=2.511440e-01 | |m1|=0.994596 | m1²=0.989222 | ||w||²/d=1.175816 | eps_adapter=4.429428e-02 | residual_overlap=0.024905
[step   101900] t/d=509.500 | task1=2.511312e-01 | |m1|=0.994608 | m1²=0.989246 | ||w||²/d=1.175152 | eps_adapter=4.404485e-02 | residual_overlap=0.024914
[step   102000] t/d=510.000 | task1=2.511055e-01 | |m1|=0.994647 | m1²=0.989323 | ||w||²/d=1.175541 | eps_adapter=4.398234e-02 | residual_overlap=0.024841
[step   102100] t/d=510.500 | task1=2.510952e-01 | |m1|=0.994640 | m1²=0.989310 | ||w||²/d=1.175413 | eps_adapter=4.397653e-02 | residual_overlap=0.024875
[step   102200] t/d=511.000 | task1=2.511335e-01 | |m1|=0.994574 | m1²=0.989178 | ||w||²/d=1.175836 | eps_adapter=4.439920e-02 | residual_overlap=0.024937
[step   102300] t/d=511.500 | task1=2.511008e-01 | |m1|=0.994561 | m1²=0.989152 | ||w||²/d=1.176413 | eps_adapter=4.462853e-02 | residual_overlap=0.024924
[step   102400] t/d=512.000 | task1=2.510503e-01 | |m1|=0.994611 | m1²=0.989250 | ||w||²/d=1.176825 | eps_adapter=4.452597e-02 | residual_overlap=0.024883
[step   102500] t/d=512.500 | task1=2.511281e-01 | |m1|=0.994584 | m1²=0.989198 | ||w||²/d=1.177992 | eps_adapter=4.499185e-02 | residual_overlap=0.024934
[step   102600] t/d=513.000 | task1=2.511273e-01 | |m1|=0.994601 | m1²=0.989232 | ||w||²/d=1.178653 | eps_adapter=4.511029e-02 | residual_overlap=0.024903
[step   102700] t/d=513.500 | task1=2.511460e-01 | |m1|=0.994640 | m1²=0.989308 | ||w||²/d=1.179893 | eps_adapter=4.530730e-02 | residual_overlap=0.024829
[step   102800] t/d=514.000 | task1=2.511351e-01 | |m1|=0.994529 | m1²=0.989088 | ||w||²/d=1.178608 | eps_adapter=4.542641e-02 | residual_overlap=0.024991
[step   102900] t/d=514.500 | task1=2.511225e-01 | |m1|=0.994527 | m1²=0.989083 | ||w||²/d=1.178848 | eps_adapter=4.550873e-02 | residual_overlap=0.024983
[step   103000] t/d=515.000 | task1=2.510827e-01 | |m1|=0.994512 | m1²=0.989053 | ||w||²/d=1.180048 | eps_adapter=4.593759e-02 | residual_overlap=0.024986
[step   103100] t/d=515.500 | task1=2.510758e-01 | |m1|=0.994516 | m1²=0.989061 | ||w||²/d=1.179568 | eps_adapter=4.577546e-02 | residual_overlap=0.024994
[step   103200] t/d=516.000 | task1=2.510607e-01 | |m1|=0.994515 | m1²=0.989061 | ||w||²/d=1.180682 | eps_adapter=4.611186e-02 | residual_overlap=0.025011
[step   103300] t/d=516.500 | task1=2.510866e-01 | |m1|=0.994604 | m1²=0.989237 | ||w||²/d=1.181972 | eps_adapter=4.610048e-02 | residual_overlap=0.024907
[step   103400] t/d=517.000 | task1=2.510952e-01 | |m1|=0.994615 | m1²=0.989258 | ||w||²/d=1.182035 | eps_adapter=4.607128e-02 | residual_overlap=0.024940
[step   103500] t/d=517.500 | task1=2.510567e-01 | |m1|=0.994631 | m1²=0.989291 | ||w||²/d=1.182088 | eps_adapter=4.601166e-02 | residual_overlap=0.024911
[step   103600] t/d=518.000 | task1=2.510383e-01 | |m1|=0.994601 | m1²=0.989231 | ||w||²/d=1.184367 | eps_adapter=4.684931e-02 | residual_overlap=0.024947
[step   103700] t/d=518.500 | task1=2.510388e-01 | |m1|=0.994613 | m1²=0.989255 | ||w||²/d=1.184157 | eps_adapter=4.672901e-02 | residual_overlap=0.024881
[step   103800] t/d=519.000 | task1=2.510445e-01 | |m1|=0.994638 | m1²=0.989304 | ||w||²/d=1.184419 | eps_adapter=4.669767e-02 | residual_overlap=0.024848
[step   103900] t/d=519.500 | task1=2.510599e-01 | |m1|=0.994628 | m1²=0.989284 | ||w||²/d=1.184389 | eps_adapter=4.673356e-02 | residual_overlap=0.024821
[step   104000] t/d=520.000 | task1=2.510458e-01 | |m1|=0.994670 | m1²=0.989369 | ||w||²/d=1.183952 | eps_adapter=4.640387e-02 | residual_overlap=0.024724
[step   104100] t/d=520.500 | task1=2.510676e-01 | |m1|=0.994691 | m1²=0.989410 | ||w||²/d=1.184101 | eps_adapter=4.635667e-02 | residual_overlap=0.024752
[step   104200] t/d=521.000 | task1=2.510990e-01 | |m1|=0.994646 | m1²=0.989320 | ||w||²/d=1.185181 | eps_adapter=4.689674e-02 | residual_overlap=0.024791
[step   104300] t/d=521.500 | task1=2.510819e-01 | |m1|=0.994664 | m1²=0.989356 | ||w||²/d=1.184368 | eps_adapter=4.656323e-02 | residual_overlap=0.024807
[step   104400] t/d=522.000 | task1=2.510171e-01 | |m1|=0.994683 | m1²=0.989394 | ||w||²/d=1.184232 | eps_adapter=4.643321e-02 | residual_overlap=0.024783
[step   104500] t/d=522.500 | task1=2.510343e-01 | |m1|=0.994641 | m1²=0.989311 | ||w||²/d=1.183813 | eps_adapter=4.649416e-02 | residual_overlap=0.024847
[step   104600] t/d=523.000 | task1=2.510648e-01 | |m1|=0.994710 | m1²=0.989447 | ||w||²/d=1.183440 | eps_adapter=4.606746e-02 | residual_overlap=0.024789
[step   104700] t/d=523.500 | task1=2.510203e-01 | |m1|=0.994675 | m1²=0.989378 | ||w||²/d=1.181577 | eps_adapter=4.565698e-02 | residual_overlap=0.024824
[step   104800] t/d=524.000 | task1=2.510539e-01 | |m1|=0.994620 | m1²=0.989269 | ||w||²/d=1.181907 | eps_adapter=4.600705e-02 | residual_overlap=0.024895
[step   104900] t/d=524.500 | task1=2.510419e-01 | |m1|=0.994601 | m1²=0.989232 | ||w||²/d=1.181912 | eps_adapter=4.609341e-02 | residual_overlap=0.024894
[step   105000] t/d=525.000 | task1=2.510358e-01 | |m1|=0.994495 | m1²=0.989021 | ||w||²/d=1.180472 | eps_adapter=4.614081e-02 | residual_overlap=0.024982
[step   105100] t/d=525.500 | task1=2.510933e-01 | |m1|=0.994401 | m1²=0.988833 | ||w||²/d=1.179424 | eps_adapter=4.625499e-02 | residual_overlap=0.025095
[step   105200] t/d=526.000 | task1=2.510869e-01 | |m1|=0.994400 | m1²=0.988830 | ||w||²/d=1.179725 | eps_adapter=4.635067e-02 | residual_overlap=0.025104
[step   105300] t/d=526.500 | task1=2.510571e-01 | |m1|=0.994470 | m1²=0.988971 | ||w||²/d=1.179953 | eps_adapter=4.609834e-02 | residual_overlap=0.025044
[step   105400] t/d=527.000 | task1=2.510490e-01 | |m1|=0.994470 | m1²=0.988971 | ||w||²/d=1.181755 | eps_adapter=4.664508e-02 | residual_overlap=0.025030
[step   105500] t/d=527.500 | task1=2.510862e-01 | |m1|=0.994468 | m1²=0.988967 | ||w||²/d=1.182078 | eps_adapter=4.675190e-02 | residual_overlap=0.025025
[step   105600] t/d=528.000 | task1=2.510913e-01 | |m1|=0.994477 | m1²=0.988985 | ||w||²/d=1.181963 | eps_adapter=4.667495e-02 | residual_overlap=0.024974
[step   105700] t/d=528.500 | task1=2.510517e-01 | |m1|=0.994513 | m1²=0.989056 | ||w||²/d=1.183206 | eps_adapter=4.689351e-02 | residual_overlap=0.024945
[step   105800] t/d=529.000 | task1=2.510604e-01 | |m1|=0.994453 | m1²=0.988938 | ||w||²/d=1.183429 | eps_adapter=4.723363e-02 | residual_overlap=0.025020
[step   105900] t/d=529.500 | task1=2.510926e-01 | |m1|=0.994417 | m1²=0.988866 | ||w||²/d=1.183698 | eps_adapter=4.748076e-02 | residual_overlap=0.025041
[step   106000] t/d=530.000 | task1=2.511469e-01 | |m1|=0.994400 | m1²=0.988832 | ||w||²/d=1.184746 | eps_adapter=4.788391e-02 | residual_overlap=0.025073
[step   106100] t/d=530.500 | task1=2.511176e-01 | |m1|=0.994437 | m1²=0.988905 | ||w||²/d=1.184253 | eps_adapter=4.756236e-02 | residual_overlap=0.025011
[step   106200] t/d=531.000 | task1=2.510850e-01 | |m1|=0.994516 | m1²=0.989062 | ||w||²/d=1.184442 | eps_adapter=4.726148e-02 | residual_overlap=0.024911
[step   106300] t/d=531.500 | task1=2.510651e-01 | |m1|=0.994509 | m1²=0.989048 | ||w||²/d=1.189586 | eps_adapter=4.891132e-02 | residual_overlap=0.024928
[step   106400] t/d=532.000 | task1=2.510222e-01 | |m1|=0.994535 | m1²=0.989101 | ||w||²/d=1.190582 | eps_adapter=4.910915e-02 | residual_overlap=0.024926
[step   106500] t/d=532.500 | task1=2.509651e-01 | |m1|=0.994541 | m1²=0.989113 | ||w||²/d=1.191145 | eps_adapter=4.926278e-02 | residual_overlap=0.024919
[step   106600] t/d=533.000 | task1=2.509604e-01 | |m1|=0.994562 | m1²=0.989153 | ||w||²/d=1.191371 | eps_adapter=4.924291e-02 | residual_overlap=0.024869
[step   106700] t/d=533.500 | task1=2.509997e-01 | |m1|=0.994484 | m1²=0.988998 | ||w||²/d=1.190953 | eps_adapter=4.946497e-02 | residual_overlap=0.024957
[step   106800] t/d=534.000 | task1=2.509573e-01 | |m1|=0.994493 | m1²=0.989017 | ||w||²/d=1.189654 | eps_adapter=4.900592e-02 | residual_overlap=0.024952
[step   106900] t/d=534.500 | task1=2.509790e-01 | |m1|=0.994505 | m1²=0.989040 | ||w||²/d=1.189452 | eps_adapter=4.888857e-02 | residual_overlap=0.024928
[step   107000] t/d=535.000 | task1=2.509289e-01 | |m1|=0.994508 | m1²=0.989045 | ||w||²/d=1.188388 | eps_adapter=4.853642e-02 | residual_overlap=0.024936
[step   107100] t/d=535.500 | task1=2.509138e-01 | |m1|=0.994535 | m1²=0.989101 | ||w||²/d=1.188667 | eps_adapter=4.849716e-02 | residual_overlap=0.024882
[step   107200] t/d=536.000 | task1=2.508772e-01 | |m1|=0.994528 | m1²=0.989086 | ||w||²/d=1.188072 | eps_adapter=4.834298e-02 | residual_overlap=0.024872
[step   107300] t/d=536.500 | task1=2.509288e-01 | |m1|=0.994529 | m1²=0.989087 | ||w||²/d=1.188415 | eps_adapter=4.844916e-02 | residual_overlap=0.024844
[step   107400] t/d=537.000 | task1=2.510069e-01 | |m1|=0.994485 | m1²=0.989000 | ||w||²/d=1.187524 | eps_adapter=4.836718e-02 | residual_overlap=0.024865
[step   107500] t/d=537.500 | task1=2.510020e-01 | |m1|=0.994489 | m1²=0.989008 | ||w||²/d=1.187467 | eps_adapter=4.833138e-02 | residual_overlap=0.024847
[step   107600] t/d=538.000 | task1=2.510053e-01 | |m1|=0.994636 | m1²=0.989301 | ||w||²/d=1.188603 | eps_adapter=4.801561e-02 | residual_overlap=0.024679
[step   107700] t/d=538.500 | task1=2.509845e-01 | |m1|=0.994616 | m1²=0.989262 | ||w||²/d=1.187182 | eps_adapter=4.765643e-02 | residual_overlap=0.024718
[step   107800] t/d=539.000 | task1=2.509801e-01 | |m1|=0.994531 | m1²=0.989093 | ||w||²/d=1.186488 | eps_adapter=4.782853e-02 | residual_overlap=0.024818
[step   107900] t/d=539.500 | task1=2.509896e-01 | |m1|=0.994460 | m1²=0.988950 | ||w||²/d=1.186597 | eps_adapter=4.818982e-02 | residual_overlap=0.024870
[step   108000] t/d=540.000 | task1=2.509748e-01 | |m1|=0.994474 | m1²=0.988978 | ||w||²/d=1.187260 | eps_adapter=4.833429e-02 | residual_overlap=0.024879
[step   108100] t/d=540.500 | task1=2.509731e-01 | |m1|=0.994436 | m1²=0.988904 | ||w||²/d=1.186702 | eps_adapter=4.833028e-02 | residual_overlap=0.024916
[step   108200] t/d=541.000 | task1=2.509927e-01 | |m1|=0.994479 | m1²=0.988989 | ||w||²/d=1.187821 | eps_adapter=4.848738e-02 | residual_overlap=0.024849
[step   108300] t/d=541.500 | task1=2.510183e-01 | |m1|=0.994455 | m1²=0.988940 | ||w||²/d=1.188084 | eps_adapter=4.868232e-02 | residual_overlap=0.024883
[step   108400] t/d=542.000 | task1=2.509580e-01 | |m1|=0.994423 | m1²=0.988876 | ||w||²/d=1.187636 | eps_adapter=4.868758e-02 | residual_overlap=0.024931
[step   108500] t/d=542.500 | task1=2.509643e-01 | |m1|=0.994362 | m1²=0.988756 | ||w||²/d=1.188259 | eps_adapter=4.916145e-02 | residual_overlap=0.025006
[step   108600] t/d=543.000 | task1=2.509438e-01 | |m1|=0.994376 | m1²=0.988783 | ||w||²/d=1.189469 | eps_adapter=4.948574e-02 | residual_overlap=0.025007
[step   108700] t/d=543.500 | task1=2.509369e-01 | |m1|=0.994255 | m1²=0.988543 | ||w||²/d=1.189688 | eps_adapter=5.010937e-02 | residual_overlap=0.025132
[step   108800] t/d=544.000 | task1=2.509369e-01 | |m1|=0.994289 | m1²=0.988610 | ||w||²/d=1.189262 | eps_adapter=4.981931e-02 | residual_overlap=0.025131
[step   108900] t/d=544.500 | task1=2.509947e-01 | |m1|=0.994284 | m1²=0.988600 | ||w||²/d=1.191460 | eps_adapter=5.054847e-02 | residual_overlap=0.025111
[step   109000] t/d=545.000 | task1=2.509747e-01 | |m1|=0.994243 | m1²=0.988520 | ||w||²/d=1.193965 | eps_adapter=5.155144e-02 | residual_overlap=0.025191
[step   109100] t/d=545.500 | task1=2.510100e-01 | |m1|=0.994260 | m1²=0.988553 | ||w||²/d=1.194799 | eps_adapter=5.174956e-02 | residual_overlap=0.025200
[step   109200] t/d=546.000 | task1=2.509529e-01 | |m1|=0.994285 | m1²=0.988602 | ||w||²/d=1.194218 | eps_adapter=5.144519e-02 | residual_overlap=0.025153
[step   109300] t/d=546.500 | task1=2.509332e-01 | |m1|=0.994257 | m1²=0.988547 | ||w||²/d=1.195280 | eps_adapter=5.192226e-02 | residual_overlap=0.025224
[step   109400] t/d=547.000 | task1=2.509874e-01 | |m1|=0.994270 | m1²=0.988574 | ||w||²/d=1.197282 | eps_adapter=5.252781e-02 | residual_overlap=0.025226
[step   109500] t/d=547.500 | task1=2.509932e-01 | |m1|=0.994210 | m1²=0.988453 | ||w||²/d=1.197672 | eps_adapter=5.293870e-02 | residual_overlap=0.025328
[step   109600] t/d=548.000 | task1=2.510039e-01 | |m1|=0.994148 | m1²=0.988330 | ||w||²/d=1.198242 | eps_adapter=5.341562e-02 | residual_overlap=0.025404
[step   109700] t/d=548.500 | task1=2.510185e-01 | |m1|=0.994090 | m1²=0.988214 | ||w||²/d=1.197196 | eps_adapter=5.333431e-02 | residual_overlap=0.025483
[step   109800] t/d=549.000 | task1=2.509646e-01 | |m1|=0.994210 | m1²=0.988453 | ||w||²/d=1.198903 | eps_adapter=5.335414e-02 | residual_overlap=0.025354
[step   109900] t/d=549.500 | task1=2.510564e-01 | |m1|=0.994185 | m1²=0.988404 | ||w||²/d=1.198436 | eps_adapter=5.330949e-02 | residual_overlap=0.025373
[step   110000] t/d=550.000 | task1=2.510126e-01 | |m1|=0.994224 | m1²=0.988481 | ||w||²/d=1.200449 | eps_adapter=5.381421e-02 | residual_overlap=0.025289
[step   110100] t/d=550.500 | task1=2.510067e-01 | |m1|=0.994211 | m1²=0.988455 | ||w||²/d=1.199799 | eps_adapter=5.365223e-02 | residual_overlap=0.025282
[step   110200] t/d=551.000 | task1=2.510523e-01 | |m1|=0.994165 | m1²=0.988364 | ||w||²/d=1.199812 | eps_adapter=5.386922e-02 | residual_overlap=0.025363
[step   110300] t/d=551.500 | task1=2.510809e-01 | |m1|=0.994136 | m1²=0.988305 | ||w||²/d=1.199526 | eps_adapter=5.390835e-02 | residual_overlap=0.025363
[step   110400] t/d=552.000 | task1=2.511124e-01 | |m1|=0.994133 | m1²=0.988300 | ||w||²/d=1.198600 | eps_adapter=5.360640e-02 | residual_overlap=0.025358
[step   110500] t/d=552.500 | task1=2.510909e-01 | |m1|=0.994088 | m1²=0.988211 | ||w||²/d=1.197130 | eps_adapter=5.331923e-02 | residual_overlap=0.025408
[step   110600] t/d=553.000 | task1=2.510744e-01 | |m1|=0.994092 | m1²=0.988219 | ||w||²/d=1.197076 | eps_adapter=5.328208e-02 | residual_overlap=0.025426
[step   110700] t/d=553.500 | task1=2.511097e-01 | |m1|=0.994189 | m1²=0.988411 | ||w||²/d=1.196262 | eps_adapter=5.256464e-02 | residual_overlap=0.025282
[step   110800] t/d=554.000 | task1=2.510910e-01 | |m1|=0.994219 | m1²=0.988472 | ||w||²/d=1.196812 | eps_adapter=5.260589e-02 | residual_overlap=0.025284
[step   110900] t/d=554.500 | task1=2.510615e-01 | |m1|=0.994250 | m1²=0.988532 | ||w||²/d=1.199450 | eps_adapter=5.335490e-02 | residual_overlap=0.025241
[step   111000] t/d=555.000 | task1=2.510269e-01 | |m1|=0.994265 | m1²=0.988562 | ||w||²/d=1.200760 | eps_adapter=5.373105e-02 | residual_overlap=0.025223
[step   111100] t/d=555.500 | task1=2.510151e-01 | |m1|=0.994201 | m1²=0.988436 | ||w||²/d=1.200192 | eps_adapter=5.383010e-02 | residual_overlap=0.025306
[step   111200] t/d=556.000 | task1=2.510648e-01 | |m1|=0.994166 | m1²=0.988366 | ||w||²/d=1.201610 | eps_adapter=5.447880e-02 | residual_overlap=0.025313
[step   111300] t/d=556.500 | task1=2.511008e-01 | |m1|=0.994067 | m1²=0.988169 | ||w||²/d=1.201551 | eps_adapter=5.491758e-02 | residual_overlap=0.025418
[step   111400] t/d=557.000 | task1=2.511074e-01 | |m1|=0.994078 | m1²=0.988190 | ||w||²/d=1.202665 | eps_adapter=5.525196e-02 | residual_overlap=0.025418
[step   111500] t/d=557.500 | task1=2.510748e-01 | |m1|=0.994085 | m1²=0.988204 | ||w||²/d=1.203013 | eps_adapter=5.534005e-02 | residual_overlap=0.025392
[step   111600] t/d=558.000 | task1=2.510867e-01 | |m1|=0.994051 | m1²=0.988137 | ||w||²/d=1.203711 | eps_adapter=5.573829e-02 | residual_overlap=0.025444
[step   111700] t/d=558.500 | task1=2.510578e-01 | |m1|=0.994107 | m1²=0.988249 | ||w||²/d=1.203849 | eps_adapter=5.552470e-02 | residual_overlap=0.025429
[step   111800] t/d=559.000 | task1=2.510246e-01 | |m1|=0.994119 | m1²=0.988273 | ||w||²/d=1.203777 | eps_adapter=5.544487e-02 | residual_overlap=0.025446
[step   111900] t/d=559.500 | task1=2.510445e-01 | |m1|=0.994101 | m1²=0.988236 | ||w||²/d=1.204970 | eps_adapter=5.594714e-02 | residual_overlap=0.025467
[step   112000] t/d=560.000 | task1=2.510440e-01 | |m1|=0.994088 | m1²=0.988211 | ||w||²/d=1.205123 | eps_adapter=5.606026e-02 | residual_overlap=0.025487
[step   112100] t/d=560.500 | task1=2.510516e-01 | |m1|=0.994062 | m1²=0.988158 | ||w||²/d=1.204646 | eps_adapter=5.601544e-02 | residual_overlap=0.025500
[step   112200] t/d=561.000 | task1=2.511345e-01 | |m1|=0.994112 | m1²=0.988260 | ||w||²/d=1.205856 | eps_adapter=5.620297e-02 | residual_overlap=0.025493
[step   112300] t/d=561.500 | task1=2.511334e-01 | |m1|=0.994170 | m1²=0.988373 | ||w||²/d=1.205136 | eps_adapter=5.568420e-02 | residual_overlap=0.025427
[step   112400] t/d=562.000 | task1=2.511164e-01 | |m1|=0.994197 | m1²=0.988427 | ||w||²/d=1.205724 | eps_adapter=5.576484e-02 | residual_overlap=0.025370
[step   112500] t/d=562.500 | task1=2.511457e-01 | |m1|=0.994276 | m1²=0.988585 | ||w||²/d=1.204907 | eps_adapter=5.511046e-02 | residual_overlap=0.025291
[step   112600] t/d=563.000 | task1=2.511359e-01 | |m1|=0.994354 | m1²=0.988740 | ||w||²/d=1.204245 | eps_adapter=5.451592e-02 | residual_overlap=0.025141
[step   112700] t/d=563.500 | task1=2.510514e-01 | |m1|=0.994404 | m1²=0.988839 | ||w||²/d=1.204106 | eps_adapter=5.423779e-02 | residual_overlap=0.025128
[step   112800] t/d=564.000 | task1=2.510606e-01 | |m1|=0.994458 | m1²=0.988947 | ||w||²/d=1.204892 | eps_adapter=5.425751e-02 | residual_overlap=0.025065
[step   112900] t/d=564.500 | task1=2.510836e-01 | |m1|=0.994462 | m1²=0.988956 | ||w||²/d=1.205645 | eps_adapter=5.450127e-02 | residual_overlap=0.025031
[step   113000] t/d=565.000 | task1=2.510959e-01 | |m1|=0.994438 | m1²=0.988906 | ||w||²/d=1.205093 | eps_adapter=5.442422e-02 | residual_overlap=0.025103
[step   113100] t/d=565.500 | task1=2.510539e-01 | |m1|=0.994410 | m1²=0.988851 | ||w||²/d=1.206357 | eps_adapter=5.499599e-02 | residual_overlap=0.025123
[step   113200] t/d=566.000 | task1=2.510368e-01 | |m1|=0.994402 | m1²=0.988835 | ||w||²/d=1.206988 | eps_adapter=5.525416e-02 | residual_overlap=0.025142
[step   113300] t/d=566.500 | task1=2.510482e-01 | |m1|=0.994388 | m1²=0.988808 | ||w||²/d=1.208054 | eps_adapter=5.569567e-02 | residual_overlap=0.025156
[step   113400] t/d=567.000 | task1=2.510221e-01 | |m1|=0.994421 | m1²=0.988873 | ||w||²/d=1.209218 | eps_adapter=5.595680e-02 | residual_overlap=0.025154
[step   113500] t/d=567.500 | task1=2.510166e-01 | |m1|=0.994424 | m1²=0.988878 | ||w||²/d=1.209673 | eps_adapter=5.610730e-02 | residual_overlap=0.025162
[step   113600] t/d=568.000 | task1=2.510560e-01 | |m1|=0.994482 | m1²=0.988994 | ||w||²/d=1.209532 | eps_adapter=5.578432e-02 | residual_overlap=0.025099
[step   113700] t/d=568.500 | task1=2.510790e-01 | |m1|=0.994511 | m1²=0.989053 | ||w||²/d=1.209883 | eps_adapter=5.577211e-02 | residual_overlap=0.025046
[step   113800] t/d=569.000 | task1=2.510684e-01 | |m1|=0.994510 | m1²=0.989050 | ||w||²/d=1.210570 | eps_adapter=5.602595e-02 | residual_overlap=0.025036
[step   113900] t/d=569.500 | task1=2.511428e-01 | |m1|=0.994570 | m1²=0.989169 | ||w||²/d=1.210422 | eps_adapter=5.569303e-02 | residual_overlap=0.024921
[step   114000] t/d=570.000 | task1=2.511227e-01 | |m1|=0.994580 | m1²=0.989189 | ||w||²/d=1.210373 | eps_adapter=5.562841e-02 | residual_overlap=0.024921
[step   114100] t/d=570.500 | task1=2.511069e-01 | |m1|=0.994600 | m1²=0.989229 | ||w||²/d=1.210723 | eps_adapter=5.566108e-02 | residual_overlap=0.024886
[step   114200] t/d=571.000 | task1=2.511502e-01 | |m1|=0.994597 | m1²=0.989223 | ||w||²/d=1.211627 | eps_adapter=5.599814e-02 | residual_overlap=0.024879
[step   114300] t/d=571.500 | task1=2.511536e-01 | |m1|=0.994612 | m1²=0.989252 | ||w||²/d=1.211958 | eps_adapter=5.605044e-02 | residual_overlap=0.024846
[step   114400] t/d=572.000 | task1=2.511451e-01 | |m1|=0.994485 | m1²=0.989001 | ||w||²/d=1.211876 | eps_adapter=5.661021e-02 | residual_overlap=0.025021
[step   114500] t/d=572.500 | task1=2.511361e-01 | |m1|=0.994443 | m1²=0.988918 | ||w||²/d=1.212472 | eps_adapter=5.702286e-02 | residual_overlap=0.025038
[step   114600] t/d=573.000 | task1=2.511056e-01 | |m1|=0.994473 | m1²=0.988976 | ||w||²/d=1.211560 | eps_adapter=5.655631e-02 | residual_overlap=0.025042
[step   114700] t/d=573.500 | task1=2.511116e-01 | |m1|=0.994420 | m1²=0.988872 | ||w||²/d=1.212162 | eps_adapter=5.701796e-02 | residual_overlap=0.025129
[step   114800] t/d=574.000 | task1=2.511524e-01 | |m1|=0.994443 | m1²=0.988917 | ||w||²/d=1.211952 | eps_adapter=5.683695e-02 | residual_overlap=0.025096
[step   114900] t/d=574.500 | task1=2.511706e-01 | |m1|=0.994404 | m1²=0.988839 | ||w||²/d=1.212705 | eps_adapter=5.729210e-02 | residual_overlap=0.025164
[step   115000] t/d=575.000 | task1=2.512096e-01 | |m1|=0.994501 | m1²=0.989032 | ||w||²/d=1.213307 | eps_adapter=5.705810e-02 | residual_overlap=0.025042
[step   115100] t/d=575.500 | task1=2.511871e-01 | |m1|=0.994476 | m1²=0.988982 | ||w||²/d=1.212633 | eps_adapter=5.692977e-02 | residual_overlap=0.025022
[step   115200] t/d=576.000 | task1=2.511820e-01 | |m1|=0.994550 | m1²=0.989130 | ||w||²/d=1.213791 | eps_adapter=5.700420e-02 | residual_overlap=0.024917
[step   115300] t/d=576.500 | task1=2.511940e-01 | |m1|=0.994561 | m1²=0.989151 | ||w||²/d=1.213772 | eps_adapter=5.694711e-02 | residual_overlap=0.024908
[step   115400] t/d=577.000 | task1=2.512300e-01 | |m1|=0.994496 | m1²=0.989023 | ||w||²/d=1.215405 | eps_adapter=5.784743e-02 | residual_overlap=0.024997
[step   115500] t/d=577.500 | task1=2.512268e-01 | |m1|=0.994476 | m1²=0.988982 | ||w||²/d=1.214104 | eps_adapter=5.746660e-02 | residual_overlap=0.025017
[step   115600] t/d=578.000 | task1=2.512697e-01 | |m1|=0.994495 | m1²=0.989021 | ||w||²/d=1.214193 | eps_adapter=5.740753e-02 | residual_overlap=0.025011
[step   115700] t/d=578.500 | task1=2.512463e-01 | |m1|=0.994506 | m1²=0.989042 | ||w||²/d=1.214360 | eps_adapter=5.741910e-02 | residual_overlap=0.025011
[step   115800] t/d=579.000 | task1=2.511766e-01 | |m1|=0.994517 | m1²=0.989065 | ||w||²/d=1.212970 | eps_adapter=5.685743e-02 | residual_overlap=0.024982
[step   115900] t/d=579.500 | task1=2.511829e-01 | |m1|=0.994502 | m1²=0.989035 | ||w||²/d=1.212919 | eps_adapter=5.690863e-02 | residual_overlap=0.025005
[step   116000] t/d=580.000 | task1=2.511959e-01 | |m1|=0.994543 | m1²=0.989117 | ||w||²/d=1.213123 | eps_adapter=5.679089e-02 | residual_overlap=0.024970
[step   116100] t/d=580.500 | task1=2.512442e-01 | |m1|=0.994485 | m1²=0.989000 | ||w||²/d=1.212827 | eps_adapter=5.695770e-02 | residual_overlap=0.025038
[step   116200] t/d=581.000 | task1=2.512458e-01 | |m1|=0.994541 | m1²=0.989111 | ||w||²/d=1.213109 | eps_adapter=5.679849e-02 | residual_overlap=0.024950
[step   116300] t/d=581.500 | task1=2.512484e-01 | |m1|=0.994565 | m1²=0.989160 | ||w||²/d=1.215814 | eps_adapter=5.767368e-02 | residual_overlap=0.024909
[step   116400] t/d=582.000 | task1=2.512695e-01 | |m1|=0.994564 | m1²=0.989158 | ||w||²/d=1.215353 | eps_adapter=5.751007e-02 | residual_overlap=0.024910
[step   116500] t/d=582.500 | task1=2.512923e-01 | |m1|=0.994582 | m1²=0.989193 | ||w||²/d=1.216278 | eps_adapter=5.776844e-02 | residual_overlap=0.024888
[step   116600] t/d=583.000 | task1=2.512793e-01 | |m1|=0.994604 | m1²=0.989236 | ||w||²/d=1.215808 | eps_adapter=5.749151e-02 | residual_overlap=0.024910
[step   116700] t/d=583.500 | task1=2.512514e-01 | |m1|=0.994622 | m1²=0.989272 | ||w||²/d=1.216086 | eps_adapter=5.751047e-02 | residual_overlap=0.024887
[step   116800] t/d=584.000 | task1=2.512575e-01 | |m1|=0.994599 | m1²=0.989228 | ||w||²/d=1.217507 | eps_adapter=5.813994e-02 | residual_overlap=0.024859
[step   116900] t/d=584.500 | task1=2.512168e-01 | |m1|=0.994562 | m1²=0.989153 | ||w||²/d=1.217288 | eps_adapter=5.823573e-02 | residual_overlap=0.024888
[step   117000] t/d=585.000 | task1=2.512540e-01 | |m1|=0.994504 | m1²=0.989039 | ||w||²/d=1.216025 | eps_adapter=5.803783e-02 | residual_overlap=0.024955
[step   117100] t/d=585.500 | task1=2.512017e-01 | |m1|=0.994594 | m1²=0.989217 | ||w||²/d=1.214098 | eps_adapter=5.691088e-02 | residual_overlap=0.024826
[step   117200] t/d=586.000 | task1=2.512152e-01 | |m1|=0.994618 | m1²=0.989265 | ||w||²/d=1.214110 | eps_adapter=5.680232e-02 | residual_overlap=0.024797
[step   117300] t/d=586.500 | task1=2.512846e-01 | |m1|=0.994557 | m1²=0.989143 | ||w||²/d=1.215124 | eps_adapter=5.745985e-02 | residual_overlap=0.024848
[step   117400] t/d=587.000 | task1=2.512930e-01 | |m1|=0.994590 | m1²=0.989208 | ||w||²/d=1.216213 | eps_adapter=5.770752e-02 | residual_overlap=0.024785
[step   117500] t/d=587.500 | task1=2.513271e-01 | |m1|=0.994609 | m1²=0.989246 | ||w||²/d=1.218670 | eps_adapter=5.853117e-02 | residual_overlap=0.024795
[step   117600] t/d=588.000 | task1=2.513200e-01 | |m1|=0.994515 | m1²=0.989060 | ||w||²/d=1.218134 | eps_adapter=5.876989e-02 | residual_overlap=0.024946
[step   117700] t/d=588.500 | task1=2.512731e-01 | |m1|=0.994508 | m1²=0.989047 | ||w||²/d=1.217804 | eps_adapter=5.867818e-02 | residual_overlap=0.024969
[step   117800] t/d=589.000 | task1=2.512741e-01 | |m1|=0.994412 | m1²=0.988855 | ||w||²/d=1.218635 | eps_adapter=5.944205e-02 | residual_overlap=0.025047
[step   117900] t/d=589.500 | task1=2.512788e-01 | |m1|=0.994450 | m1²=0.988930 | ||w||²/d=1.218164 | eps_adapter=5.908876e-02 | residual_overlap=0.024973
[step   118000] t/d=590.000 | task1=2.512423e-01 | |m1|=0.994563 | m1²=0.989156 | ||w||²/d=1.218343 | eps_adapter=5.862321e-02 | residual_overlap=0.024884
[step   118100] t/d=590.500 | task1=2.512425e-01 | |m1|=0.994566 | m1²=0.989162 | ||w||²/d=1.218205 | eps_adapter=5.855715e-02 | residual_overlap=0.024857
[step   118200] t/d=591.000 | task1=2.511456e-01 | |m1|=0.994572 | m1²=0.989174 | ||w||²/d=1.217008 | eps_adapter=5.808383e-02 | residual_overlap=0.024843
[step   118300] t/d=591.500 | task1=2.510606e-01 | |m1|=0.994577 | m1²=0.989183 | ||w||²/d=1.217868 | eps_adapter=5.838118e-02 | residual_overlap=0.024860
[step   118400] t/d=592.000 | task1=2.510477e-01 | |m1|=0.994585 | m1²=0.989200 | ||w||²/d=1.216672 | eps_adapter=5.789712e-02 | residual_overlap=0.024863
[step   118500] t/d=592.500 | task1=2.510162e-01 | |m1|=0.994633 | m1²=0.989295 | ||w||²/d=1.215171 | eps_adapter=5.712033e-02 | residual_overlap=0.024768
[step   118600] t/d=593.000 | task1=2.510081e-01 | |m1|=0.994643 | m1²=0.989314 | ||w||²/d=1.213006 | eps_adapter=5.628459e-02 | residual_overlap=0.024728
[step   118700] t/d=593.500 | task1=2.509739e-01 | |m1|=0.994680 | m1²=0.989388 | ||w||²/d=1.212242 | eps_adapter=5.583253e-02 | residual_overlap=0.024678
[step   118800] t/d=594.000 | task1=2.510200e-01 | |m1|=0.994718 | m1²=0.989464 | ||w||²/d=1.211293 | eps_adapter=5.531256e-02 | residual_overlap=0.024649
[step   118900] t/d=594.500 | task1=2.509920e-01 | |m1|=0.994792 | m1²=0.989612 | ||w||²/d=1.211384 | eps_adapter=5.499816e-02 | residual_overlap=0.024575
[step   119000] t/d=595.000 | task1=2.509586e-01 | |m1|=0.994838 | m1²=0.989702 | ||w||²/d=1.210427 | eps_adapter=5.444231e-02 | residual_overlap=0.024522
[step   119100] t/d=595.500 | task1=2.509528e-01 | |m1|=0.994784 | m1²=0.989595 | ||w||²/d=1.211342 | eps_adapter=5.502363e-02 | residual_overlap=0.024594
[step   119200] t/d=596.000 | task1=2.509820e-01 | |m1|=0.994815 | m1²=0.989657 | ||w||²/d=1.210876 | eps_adapter=5.471075e-02 | residual_overlap=0.024534
[step   119300] t/d=596.500 | task1=2.509499e-01 | |m1|=0.994849 | m1²=0.989725 | ||w||²/d=1.210191 | eps_adapter=5.430449e-02 | residual_overlap=0.024497
[step   119400] t/d=597.000 | task1=2.509810e-01 | |m1|=0.994805 | m1²=0.989636 | ||w||²/d=1.209891 | eps_adapter=5.440580e-02 | residual_overlap=0.024605
[step   119500] t/d=597.500 | task1=2.509018e-01 | |m1|=0.994847 | m1²=0.989720 | ||w||²/d=1.208744 | eps_adapter=5.380109e-02 | residual_overlap=0.024597
[step   119600] t/d=598.000 | task1=2.508968e-01 | |m1|=0.994877 | m1²=0.989780 | ||w||²/d=1.209529 | eps_adapter=5.393894e-02 | residual_overlap=0.024572
[step   119700] t/d=598.500 | task1=2.508905e-01 | |m1|=0.994836 | m1²=0.989698 | ||w||²/d=1.210057 | eps_adapter=5.432007e-02 | residual_overlap=0.024636
[step   119800] t/d=599.000 | task1=2.509042e-01 | |m1|=0.994860 | m1²=0.989746 | ||w||²/d=1.211689 | eps_adapter=5.479310e-02 | residual_overlap=0.024610
[step   119900] t/d=599.500 | task1=2.509495e-01 | |m1|=0.994943 | m1²=0.989911 | ||w||²/d=1.212920 | eps_adapter=5.484897e-02 | residual_overlap=0.024526
[step   120000] t/d=600.000 | task1=2.509388e-01 | |m1|=0.994938 | m1²=0.989901 | ||w||²/d=1.213514 | eps_adapter=5.508771e-02 | residual_overlap=0.024524
[step   120100] t/d=600.500 | task1=2.508987e-01 | |m1|=0.994917 | m1²=0.989860 | ||w||²/d=1.211179 | eps_adapter=5.434198e-02 | residual_overlap=0.024558
[step   120200] t/d=601.000 | task1=2.508403e-01 | |m1|=0.994932 | m1²=0.989889 | ||w||²/d=1.211542 | eps_adapter=5.440345e-02 | residual_overlap=0.024533
[step   120300] t/d=601.500 | task1=2.508300e-01 | |m1|=0.994959 | m1²=0.989943 | ||w||²/d=1.213565 | eps_adapter=5.500595e-02 | residual_overlap=0.024450
[step   120400] t/d=602.000 | task1=2.508305e-01 | |m1|=0.994932 | m1²=0.989889 | ||w||²/d=1.214121 | eps_adapter=5.533553e-02 | residual_overlap=0.024468
[step   120500] t/d=602.500 | task1=2.508127e-01 | |m1|=0.994973 | m1²=0.989970 | ||w||²/d=1.214798 | eps_adapter=5.539093e-02 | residual_overlap=0.024414
[step   120600] t/d=603.000 | task1=2.507958e-01 | |m1|=0.994907 | m1²=0.989840 | ||w||²/d=1.217123 | eps_adapter=5.655317e-02 | residual_overlap=0.024494
[step   120700] t/d=603.500 | task1=2.508583e-01 | |m1|=0.994960 | m1²=0.989946 | ||w||²/d=1.216062 | eps_adapter=5.591245e-02 | residual_overlap=0.024447
[step   120800] t/d=604.000 | task1=2.508758e-01 | |m1|=0.994949 | m1²=0.989923 | ||w||²/d=1.216301 | eps_adapter=5.605299e-02 | residual_overlap=0.024463
[step   120900] t/d=604.500 | task1=2.509052e-01 | |m1|=0.994949 | m1²=0.989924 | ||w||²/d=1.216473 | eps_adapter=5.611393e-02 | residual_overlap=0.024460
[step   121000] t/d=605.000 | task1=2.509413e-01 | |m1|=0.994831 | m1²=0.989688 | ||w||²/d=1.217440 | eps_adapter=5.702976e-02 | residual_overlap=0.024601
[step   121100] t/d=605.500 | task1=2.510041e-01 | |m1|=0.994808 | m1²=0.989643 | ||w||²/d=1.218758 | eps_adapter=5.762568e-02 | residual_overlap=0.024615
[step   121200] t/d=606.000 | task1=2.509981e-01 | |m1|=0.994831 | m1²=0.989689 | ||w||²/d=1.219839 | eps_adapter=5.792220e-02 | residual_overlap=0.024589
[step   121300] t/d=606.500 | task1=2.510009e-01 | |m1|=0.994756 | m1²=0.989540 | ||w||²/d=1.219253 | eps_adapter=5.805453e-02 | residual_overlap=0.024665
[step   121400] t/d=607.000 | task1=2.510082e-01 | |m1|=0.994753 | m1²=0.989533 | ||w||²/d=1.221945 | eps_adapter=5.908614e-02 | residual_overlap=0.024678
[step   121500] t/d=607.500 | task1=2.510111e-01 | |m1|=0.994792 | m1²=0.989612 | ||w||²/d=1.222755 | eps_adapter=5.920637e-02 | residual_overlap=0.024612
[step   121600] t/d=608.000 | task1=2.510574e-01 | |m1|=0.994810 | m1²=0.989647 | ||w||²/d=1.221265 | eps_adapter=5.855794e-02 | residual_overlap=0.024568
[step   121700] t/d=608.500 | task1=2.510935e-01 | |m1|=0.994797 | m1²=0.989621 | ||w||²/d=1.220161 | eps_adapter=5.820292e-02 | residual_overlap=0.024594
[step   121800] t/d=609.000 | task1=2.511414e-01 | |m1|=0.994767 | m1²=0.989561 | ||w||²/d=1.221269 | eps_adapter=5.876204e-02 | residual_overlap=0.024641
[step   121900] t/d=609.500 | task1=2.511060e-01 | |m1|=0.994779 | m1²=0.989585 | ||w||²/d=1.220869 | eps_adapter=5.855404e-02 | residual_overlap=0.024624
[step   122000] t/d=610.000 | task1=2.511368e-01 | |m1|=0.994758 | m1²=0.989543 | ||w||²/d=1.222013 | eps_adapter=5.908702e-02 | residual_overlap=0.024640
[step   122100] t/d=610.500 | task1=2.511264e-01 | |m1|=0.994728 | m1²=0.989485 | ||w||²/d=1.223237 | eps_adapter=5.969188e-02 | residual_overlap=0.024695
[step   122200] t/d=611.000 | task1=2.511444e-01 | |m1|=0.994765 | m1²=0.989558 | ||w||²/d=1.222389 | eps_adapter=5.919488e-02 | residual_overlap=0.024659
[step   122300] t/d=611.500 | task1=2.511306e-01 | |m1|=0.994806 | m1²=0.989639 | ||w||²/d=1.220592 | eps_adapter=5.832348e-02 | residual_overlap=0.024599
[step   122400] t/d=612.000 | task1=2.511132e-01 | |m1|=0.994840 | m1²=0.989706 | ||w||²/d=1.221673 | eps_adapter=5.857226e-02 | residual_overlap=0.024565
[step   122500] t/d=612.500 | task1=2.511515e-01 | |m1|=0.994783 | m1²=0.989593 | ||w||²/d=1.220113 | eps_adapter=5.825145e-02 | residual_overlap=0.024625
[step   122600] t/d=613.000 | task1=2.511190e-01 | |m1|=0.994764 | m1²=0.989555 | ||w||²/d=1.221735 | eps_adapter=5.895257e-02 | residual_overlap=0.024719
[step   122700] t/d=613.500 | task1=2.510947e-01 | |m1|=0.994778 | m1²=0.989582 | ||w||²/d=1.221438 | eps_adapter=5.877643e-02 | residual_overlap=0.024757
[step   122800] t/d=614.000 | task1=2.510945e-01 | |m1|=0.994736 | m1²=0.989501 | ||w||²/d=1.222453 | eps_adapter=5.935519e-02 | residual_overlap=0.024806
[step   122900] t/d=614.500 | task1=2.510337e-01 | |m1|=0.994678 | m1²=0.989385 | ||w||²/d=1.220722 | eps_adapter=5.897317e-02 | residual_overlap=0.024860
[step   123000] t/d=615.000 | task1=2.510454e-01 | |m1|=0.994738 | m1²=0.989504 | ||w||²/d=1.220412 | eps_adapter=5.857579e-02 | residual_overlap=0.024782
[step   123100] t/d=615.500 | task1=2.510518e-01 | |m1|=0.994731 | m1²=0.989489 | ||w||²/d=1.221268 | eps_adapter=5.893241e-02 | residual_overlap=0.024757
[step   123200] t/d=616.000 | task1=2.511051e-01 | |m1|=0.994701 | m1²=0.989429 | ||w||²/d=1.220253 | eps_adapter=5.869157e-02 | residual_overlap=0.024755
[step   123300] t/d=616.500 | task1=2.510652e-01 | |m1|=0.994784 | m1²=0.989595 | ||w||²/d=1.221419 | eps_adapter=5.874044e-02 | residual_overlap=0.024658
[step   123400] t/d=617.000 | task1=2.510648e-01 | |m1|=0.994856 | m1²=0.989739 | ||w||²/d=1.220303 | eps_adapter=5.797641e-02 | residual_overlap=0.024628
[step   123500] t/d=617.500 | task1=2.510608e-01 | |m1|=0.994878 | m1²=0.989783 | ||w||²/d=1.220813 | eps_adapter=5.806535e-02 | residual_overlap=0.024615
[step   123600] t/d=618.000 | task1=2.510509e-01 | |m1|=0.994823 | m1²=0.989672 | ||w||²/d=1.220337 | eps_adapter=5.814796e-02 | residual_overlap=0.024688
[step   123700] t/d=618.500 | task1=2.510299e-01 | |m1|=0.994798 | m1²=0.989624 | ||w||²/d=1.221638 | eps_adapter=5.875457e-02 | residual_overlap=0.024715
[step   123800] t/d=619.000 | task1=2.510037e-01 | |m1|=0.994805 | m1²=0.989638 | ||w||²/d=1.220909 | eps_adapter=5.844567e-02 | residual_overlap=0.024705
[step   123900] t/d=619.500 | task1=2.509933e-01 | |m1|=0.994768 | m1²=0.989564 | ||w||²/d=1.219856 | eps_adapter=5.822314e-02 | residual_overlap=0.024737
[step   124000] t/d=620.000 | task1=2.509501e-01 | |m1|=0.994728 | m1²=0.989483 | ||w||²/d=1.219346 | eps_adapter=5.822329e-02 | residual_overlap=0.024834
[step   124100] t/d=620.500 | task1=2.508646e-01 | |m1|=0.994710 | m1²=0.989448 | ||w||²/d=1.219302 | eps_adapter=5.829033e-02 | residual_overlap=0.024863
[step   124200] t/d=621.000 | task1=2.508192e-01 | |m1|=0.994712 | m1²=0.989452 | ||w||²/d=1.217052 | eps_adapter=5.744363e-02 | residual_overlap=0.024894
[step   124300] t/d=621.500 | task1=2.507811e-01 | |m1|=0.994735 | m1²=0.989497 | ||w||²/d=1.218128 | eps_adapter=5.773622e-02 | residual_overlap=0.024853
[step   124400] t/d=622.000 | task1=2.507785e-01 | |m1|=0.994786 | m1²=0.989599 | ||w||²/d=1.219353 | eps_adapter=5.795308e-02 | residual_overlap=0.024803
[step   124500] t/d=622.500 | task1=2.507872e-01 | |m1|=0.994834 | m1²=0.989695 | ||w||²/d=1.222104 | eps_adapter=5.876258e-02 | residual_overlap=0.024749
[step   124600] t/d=623.000 | task1=2.508370e-01 | |m1|=0.994816 | m1²=0.989659 | ||w||²/d=1.222345 | eps_adapter=5.893842e-02 | residual_overlap=0.024743
[step   124700] t/d=623.500 | task1=2.507704e-01 | |m1|=0.994837 | m1²=0.989700 | ||w||²/d=1.221695 | eps_adapter=5.859499e-02 | residual_overlap=0.024707
[step   124800] t/d=624.000 | task1=2.507563e-01 | |m1|=0.994777 | m1²=0.989581 | ||w||²/d=1.221291 | eps_adapter=5.872327e-02 | residual_overlap=0.024737
[step   124900] t/d=624.500 | task1=2.507694e-01 | |m1|=0.994785 | m1²=0.989597 | ||w||²/d=1.221917 | eps_adapter=5.892362e-02 | residual_overlap=0.024713
[step   125000] t/d=625.000 | task1=2.507125e-01 | |m1|=0.994742 | m1²=0.989512 | ||w||²/d=1.223346 | eps_adapter=5.966782e-02 | residual_overlap=0.024764
[step   125100] t/d=625.500 | task1=2.507022e-01 | |m1|=0.994710 | m1²=0.989447 | ||w||²/d=1.222179 | eps_adapter=5.937784e-02 | residual_overlap=0.024835
[step   125200] t/d=626.000 | task1=2.507048e-01 | |m1|=0.994720 | m1²=0.989469 | ||w||²/d=1.222127 | eps_adapter=5.930698e-02 | residual_overlap=0.024810
[step   125300] t/d=626.500 | task1=2.507385e-01 | |m1|=0.994677 | m1²=0.989383 | ||w||²/d=1.222111 | eps_adapter=5.950411e-02 | residual_overlap=0.024856
[step   125400] t/d=627.000 | task1=2.507427e-01 | |m1|=0.994709 | m1²=0.989446 | ||w||²/d=1.221911 | eps_adapter=5.927917e-02 | residual_overlap=0.024809
[step   125500] t/d=627.500 | task1=2.507075e-01 | |m1|=0.994712 | m1²=0.989452 | ||w||²/d=1.223017 | eps_adapter=5.968600e-02 | residual_overlap=0.024804
[step   125600] t/d=628.000 | task1=2.506712e-01 | |m1|=0.994754 | m1²=0.989536 | ||w||²/d=1.222856 | eps_adapter=5.942385e-02 | residual_overlap=0.024696
[step   125700] t/d=628.500 | task1=2.506217e-01 | |m1|=0.994762 | m1²=0.989552 | ||w||²/d=1.223785 | eps_adapter=5.974233e-02 | residual_overlap=0.024672
[step   125800] t/d=629.000 | task1=2.506411e-01 | |m1|=0.994774 | m1²=0.989574 | ||w||²/d=1.223649 | eps_adapter=5.963623e-02 | residual_overlap=0.024663
[step   125900] t/d=629.500 | task1=2.506175e-01 | |m1|=0.994814 | m1²=0.989654 | ||w||²/d=1.222696 | eps_adapter=5.908298e-02 | residual_overlap=0.024589
[step   126000] t/d=630.000 | task1=2.505993e-01 | |m1|=0.994831 | m1²=0.989688 | ||w||²/d=1.221982 | eps_adapter=5.873201e-02 | residual_overlap=0.024573
[step   126100] t/d=630.500 | task1=2.505999e-01 | |m1|=0.994789 | m1²=0.989606 | ||w||²/d=1.221740 | eps_adapter=5.883447e-02 | residual_overlap=0.024603
[step   126200] t/d=631.000 | task1=2.506122e-01 | |m1|=0.994795 | m1²=0.989618 | ||w||²/d=1.221865 | eps_adapter=5.885385e-02 | residual_overlap=0.024663
[step   126300] t/d=631.500 | task1=2.506534e-01 | |m1|=0.994820 | m1²=0.989667 | ||w||²/d=1.222227 | eps_adapter=5.887559e-02 | residual_overlap=0.024642
[step   126400] t/d=632.000 | task1=2.506764e-01 | |m1|=0.994801 | m1²=0.989628 | ||w||²/d=1.221582 | eps_adapter=5.872227e-02 | residual_overlap=0.024677
[step   126500] t/d=632.500 | task1=2.507028e-01 | |m1|=0.994790 | m1²=0.989607 | ||w||²/d=1.220356 | eps_adapter=5.831047e-02 | residual_overlap=0.024711
[step   126600] t/d=633.000 | task1=2.507220e-01 | |m1|=0.994806 | m1²=0.989638 | ||w||²/d=1.220533 | eps_adapter=5.830282e-02 | residual_overlap=0.024672
[step   126700] t/d=633.500 | task1=2.507916e-01 | |m1|=0.994846 | m1²=0.989718 | ||w||²/d=1.221914 | eps_adapter=5.863608e-02 | residual_overlap=0.024655
[step   126800] t/d=634.000 | task1=2.508097e-01 | |m1|=0.994871 | m1²=0.989767 | ||w||²/d=1.220208 | eps_adapter=5.787421e-02 | residual_overlap=0.024597
[step   126900] t/d=634.500 | task1=2.508377e-01 | |m1|=0.994870 | m1²=0.989766 | ||w||²/d=1.220825 | eps_adapter=5.811012e-02 | residual_overlap=0.024561
[step   127000] t/d=635.000 | task1=2.508482e-01 | |m1|=0.994910 | m1²=0.989847 | ||w||²/d=1.221725 | eps_adapter=5.825880e-02 | residual_overlap=0.024486
[step   127100] t/d=635.500 | task1=2.508675e-01 | |m1|=0.994928 | m1²=0.989883 | ||w||²/d=1.221916 | eps_adapter=5.824580e-02 | residual_overlap=0.024479
[step   127200] t/d=636.000 | task1=2.509262e-01 | |m1|=0.994977 | m1²=0.989979 | ||w||²/d=1.221399 | eps_adapter=5.782187e-02 | residual_overlap=0.024349
[step   127300] t/d=636.500 | task1=2.509555e-01 | |m1|=0.994959 | m1²=0.989943 | ||w||²/d=1.220514 | eps_adapter=5.757442e-02 | residual_overlap=0.024327
[step   127400] t/d=637.000 | task1=2.509028e-01 | |m1|=0.994979 | m1²=0.989984 | ||w||²/d=1.221492 | eps_adapter=5.784556e-02 | residual_overlap=0.024303
[step   127500] t/d=637.500 | task1=2.509201e-01 | |m1|=0.994994 | m1²=0.990013 | ||w||²/d=1.222493 | eps_adapter=5.815558e-02 | residual_overlap=0.024292
[step   127600] t/d=638.000 | task1=2.509707e-01 | |m1|=0.995028 | m1²=0.990080 | ||w||²/d=1.222548 | eps_adapter=5.801796e-02 | residual_overlap=0.024203
[step   127700] t/d=638.500 | task1=2.509579e-01 | |m1|=0.995048 | m1²=0.990120 | ||w||²/d=1.222402 | eps_adapter=5.786652e-02 | residual_overlap=0.024202
[step   127800] t/d=639.000 | task1=2.509041e-01 | |m1|=0.995119 | m1²=0.990263 | ||w||²/d=1.222341 | eps_adapter=5.750600e-02 | residual_overlap=0.024113
[step   127900] t/d=639.500 | task1=2.509020e-01 | |m1|=0.995117 | m1²=0.990258 | ||w||²/d=1.222892 | eps_adapter=5.772674e-02 | residual_overlap=0.024172
[step   128000] t/d=640.000 | task1=2.508840e-01 | |m1|=0.995006 | m1²=0.990037 | ||w||²/d=1.221637 | eps_adapter=5.777385e-02 | residual_overlap=0.024315
[step   128100] t/d=640.500 | task1=2.508873e-01 | |m1|=0.995042 | m1²=0.990109 | ||w||²/d=1.220361 | eps_adapter=5.712248e-02 | residual_overlap=0.024277
[step   128200] t/d=641.000 | task1=2.508963e-01 | |m1|=0.995014 | m1²=0.990053 | ||w||²/d=1.220165 | eps_adapter=5.718224e-02 | residual_overlap=0.024298
[step   128300] t/d=641.500 | task1=2.508825e-01 | |m1|=0.995031 | m1²=0.990086 | ||w||²/d=1.218029 | eps_adapter=5.630741e-02 | residual_overlap=0.024290
[step   128400] t/d=642.000 | task1=2.508668e-01 | |m1|=0.995049 | m1²=0.990122 | ||w||²/d=1.217418 | eps_adapter=5.599626e-02 | residual_overlap=0.024259
[step   128500] t/d=642.500 | task1=2.508131e-01 | |m1|=0.995103 | m1²=0.990230 | ||w||²/d=1.216843 | eps_adapter=5.552876e-02 | residual_overlap=0.024221
[step   128600] t/d=643.000 | task1=2.507963e-01 | |m1|=0.995119 | m1²=0.990262 | ||w||²/d=1.216271 | eps_adapter=5.524382e-02 | residual_overlap=0.024255
[step   128700] t/d=643.500 | task1=2.507580e-01 | |m1|=0.995123 | m1²=0.990269 | ||w||²/d=1.215025 | eps_adapter=5.476970e-02 | residual_overlap=0.024235
[step   128800] t/d=644.000 | task1=2.508053e-01 | |m1|=0.995075 | m1²=0.990175 | ||w||²/d=1.214316 | eps_adapter=5.473417e-02 | residual_overlap=0.024277
[step   128900] t/d=644.500 | task1=2.508232e-01 | |m1|=0.995034 | m1²=0.990093 | ||w||²/d=1.214577 | eps_adapter=5.502254e-02 | residual_overlap=0.024320
[step   129000] t/d=645.000 | task1=2.508116e-01 | |m1|=0.995106 | m1²=0.990237 | ||w||²/d=1.214479 | eps_adapter=5.464773e-02 | residual_overlap=0.024208
[step   129100] t/d=645.500 | task1=2.508241e-01 | |m1|=0.995118 | m1²=0.990259 | ||w||²/d=1.214816 | eps_adapter=5.471784e-02 | residual_overlap=0.024155
[step   129200] t/d=646.000 | task1=2.508217e-01 | |m1|=0.995145 | m1²=0.990314 | ||w||²/d=1.213950 | eps_adapter=5.427305e-02 | residual_overlap=0.024130
[step   129300] t/d=646.500 | task1=2.508535e-01 | |m1|=0.995130 | m1²=0.990284 | ||w||²/d=1.212544 | eps_adapter=5.383619e-02 | residual_overlap=0.024132
[step   129400] t/d=647.000 | task1=2.508422e-01 | |m1|=0.995121 | m1²=0.990266 | ||w||²/d=1.214234 | eps_adapter=5.448884e-02 | residual_overlap=0.024120
[step   129500] t/d=647.500 | task1=2.508535e-01 | |m1|=0.995099 | m1²=0.990223 | ||w||²/d=1.216091 | eps_adapter=5.526989e-02 | residual_overlap=0.024158
[step   129600] t/d=648.000 | task1=2.509262e-01 | |m1|=0.995004 | m1²=0.990033 | ||w||²/d=1.216668 | eps_adapter=5.592924e-02 | residual_overlap=0.024239
[step   129700] t/d=648.500 | task1=2.509940e-01 | |m1|=0.995008 | m1²=0.990040 | ||w||²/d=1.217314 | eps_adapter=5.615125e-02 | residual_overlap=0.024247
[step   129800] t/d=649.000 | task1=2.510511e-01 | |m1|=0.994966 | m1²=0.989958 | ||w||²/d=1.215681 | eps_adapter=5.574378e-02 | residual_overlap=0.024250
[step   129900] t/d=649.500 | task1=2.510496e-01 | |m1|=0.994878 | m1²=0.989781 | ||w||²/d=1.215134 | eps_adapter=5.595920e-02 | residual_overlap=0.024374
[step   130000] t/d=650.000 | task1=2.510550e-01 | |m1|=0.994912 | m1²=0.989849 | ||w||²/d=1.214589 | eps_adapter=5.559974e-02 | residual_overlap=0.024369
[step   130100] t/d=650.500 | task1=2.509945e-01 | |m1|=0.994841 | m1²=0.989709 | ||w||²/d=1.214821 | eps_adapter=5.601543e-02 | residual_overlap=0.024452
[step   130200] t/d=651.000 | task1=2.509380e-01 | |m1|=0.994792 | m1²=0.989611 | ||w||²/d=1.213412 | eps_adapter=5.573289e-02 | residual_overlap=0.024505
[step   130300] t/d=651.500 | task1=2.509814e-01 | |m1|=0.994812 | m1²=0.989651 | ||w||²/d=1.212266 | eps_adapter=5.522371e-02 | residual_overlap=0.024496
[step   130400] t/d=652.000 | task1=2.509733e-01 | |m1|=0.994793 | m1²=0.989613 | ||w||²/d=1.212520 | eps_adapter=5.540450e-02 | residual_overlap=0.024479
[step   130500] t/d=652.500 | task1=2.510103e-01 | |m1|=0.994798 | m1²=0.989623 | ||w||²/d=1.213128 | eps_adapter=5.560197e-02 | residual_overlap=0.024392
[step   130600] t/d=653.000 | task1=2.509987e-01 | |m1|=0.994798 | m1²=0.989623 | ||w||²/d=1.215626 | eps_adapter=5.651410e-02 | residual_overlap=0.024363
[step   130700] t/d=653.500 | task1=2.510021e-01 | |m1|=0.994829 | m1²=0.989684 | ||w||²/d=1.215381 | eps_adapter=5.627998e-02 | residual_overlap=0.024361
[step   130800] t/d=654.000 | task1=2.509656e-01 | |m1|=0.994771 | m1²=0.989570 | ||w||²/d=1.216000 | eps_adapter=5.677484e-02 | residual_overlap=0.024426
[step   130900] t/d=654.500 | task1=2.510172e-01 | |m1|=0.994759 | m1²=0.989546 | ||w||²/d=1.216517 | eps_adapter=5.702276e-02 | residual_overlap=0.024445
[step   131000] t/d=655.000 | task1=2.510464e-01 | |m1|=0.994708 | m1²=0.989445 | ||w||²/d=1.215684 | eps_adapter=5.695537e-02 | residual_overlap=0.024491
[step   131100] t/d=655.500 | task1=2.510741e-01 | |m1|=0.994663 | m1²=0.989354 | ||w||²/d=1.215330 | eps_adapter=5.703940e-02 | residual_overlap=0.024505
[step   131200] t/d=656.000 | task1=2.510520e-01 | |m1|=0.994685 | m1²=0.989399 | ||w||²/d=1.215142 | eps_adapter=5.686396e-02 | residual_overlap=0.024501
[step   131300] t/d=656.500 | task1=2.509919e-01 | |m1|=0.994688 | m1²=0.989405 | ||w||²/d=1.214243 | eps_adapter=5.652114e-02 | residual_overlap=0.024514
[step   131400] t/d=657.000 | task1=2.509898e-01 | |m1|=0.994723 | m1²=0.989474 | ||w||²/d=1.212075 | eps_adapter=5.557003e-02 | residual_overlap=0.024495
[step   131500] t/d=657.500 | task1=2.509564e-01 | |m1|=0.994757 | m1²=0.989542 | ||w||²/d=1.211721 | eps_adapter=5.528445e-02 | residual_overlap=0.024465
[step   131600] t/d=658.000 | task1=2.509581e-01 | |m1|=0.994815 | m1²=0.989657 | ||w||²/d=1.212554 | eps_adapter=5.531276e-02 | residual_overlap=0.024374
[step   131700] t/d=658.500 | task1=2.509399e-01 | |m1|=0.994808 | m1²=0.989642 | ||w||²/d=1.212154 | eps_adapter=5.520400e-02 | residual_overlap=0.024378
[step   131800] t/d=659.000 | task1=2.509306e-01 | |m1|=0.994843 | m1²=0.989713 | ||w||²/d=1.209888 | eps_adapter=5.422396e-02 | residual_overlap=0.024355
[step   131900] t/d=659.500 | task1=2.509588e-01 | |m1|=0.994818 | m1²=0.989662 | ||w||²/d=1.210262 | eps_adapter=5.447722e-02 | residual_overlap=0.024401
[step   132000] t/d=660.000 | task1=2.510087e-01 | |m1|=0.994817 | m1²=0.989660 | ||w||²/d=1.210271 | eps_adapter=5.448520e-02 | residual_overlap=0.024420
[step   132100] t/d=660.500 | task1=2.509383e-01 | |m1|=0.994810 | m1²=0.989647 | ||w||²/d=1.210775 | eps_adapter=5.469606e-02 | residual_overlap=0.024437
[step   132200] t/d=661.000 | task1=2.509733e-01 | |m1|=0.994817 | m1²=0.989661 | ||w||²/d=1.209069 | eps_adapter=5.405610e-02 | residual_overlap=0.024404
[step   132300] t/d=661.500 | task1=2.510191e-01 | |m1|=0.994846 | m1²=0.989719 | ||w||²/d=1.208850 | eps_adapter=5.384324e-02 | residual_overlap=0.024338
[step   132400] t/d=662.000 | task1=2.510068e-01 | |m1|=0.994873 | m1²=0.989773 | ||w||²/d=1.208499 | eps_adapter=5.359205e-02 | residual_overlap=0.024289
[step   132500] t/d=662.500 | task1=2.510092e-01 | |m1|=0.994876 | m1²=0.989778 | ||w||²/d=1.208578 | eps_adapter=5.360685e-02 | residual_overlap=0.024277
[step   132600] t/d=663.000 | task1=2.510110e-01 | |m1|=0.994905 | m1²=0.989836 | ||w||²/d=1.208087 | eps_adapter=5.329884e-02 | residual_overlap=0.024241
[step   132700] t/d=663.500 | task1=2.510351e-01 | |m1|=0.994952 | m1²=0.989929 | ||w||²/d=1.207755 | eps_adapter=5.296201e-02 | residual_overlap=0.024224
[step   132800] t/d=664.000 | task1=2.510330e-01 | |m1|=0.994964 | m1²=0.989954 | ||w||²/d=1.207537 | eps_adapter=5.282855e-02 | residual_overlap=0.024223
[step   132900] t/d=664.500 | task1=2.510234e-01 | |m1|=0.994903 | m1²=0.989833 | ||w||²/d=1.207158 | eps_adapter=5.297861e-02 | residual_overlap=0.024347
[step   133000] t/d=665.000 | task1=2.510469e-01 | |m1|=0.994921 | m1²=0.989868 | ||w||²/d=1.205631 | eps_adapter=5.236149e-02 | residual_overlap=0.024291
[step   133100] t/d=665.500 | task1=2.510000e-01 | |m1|=0.994921 | m1²=0.989867 | ||w||²/d=1.206851 | eps_adapter=5.279020e-02 | residual_overlap=0.024250
[step   133200] t/d=666.000 | task1=2.510381e-01 | |m1|=0.994925 | m1²=0.989876 | ||w||²/d=1.207351 | eps_adapter=5.294622e-02 | residual_overlap=0.024220
[step   133300] t/d=666.500 | task1=2.510869e-01 | |m1|=0.994975 | m1²=0.989975 | ||w||²/d=1.208692 | eps_adapter=5.318632e-02 | residual_overlap=0.024184
[step   133400] t/d=667.000 | task1=2.510453e-01 | |m1|=0.995011 | m1²=0.990047 | ||w||²/d=1.208114 | eps_adapter=5.281363e-02 | residual_overlap=0.024142
[step   133500] t/d=667.500 | task1=2.510452e-01 | |m1|=0.994990 | m1²=0.990004 | ||w||²/d=1.209145 | eps_adapter=5.327699e-02 | residual_overlap=0.024146
[step   133600] t/d=668.000 | task1=2.510381e-01 | |m1|=0.994972 | m1²=0.989970 | ||w||²/d=1.208821 | eps_adapter=5.324369e-02 | residual_overlap=0.024146
[step   133700] t/d=668.500 | task1=2.510117e-01 | |m1|=0.994917 | m1²=0.989861 | ||w||²/d=1.207052 | eps_adapter=5.287596e-02 | residual_overlap=0.024257
[step   133800] t/d=669.000 | task1=2.510001e-01 | |m1|=0.994890 | m1²=0.989805 | ||w||²/d=1.207154 | eps_adapter=5.304129e-02 | residual_overlap=0.024275
[step   133900] t/d=669.500 | task1=2.510021e-01 | |m1|=0.994914 | m1²=0.989854 | ||w||²/d=1.206919 | eps_adapter=5.284606e-02 | residual_overlap=0.024283
[step   134000] t/d=670.000 | task1=2.509698e-01 | |m1|=0.994977 | m1²=0.989980 | ||w||²/d=1.205425 | eps_adapter=5.202844e-02 | residual_overlap=0.024185
[step   134100] t/d=670.500 | task1=2.509755e-01 | |m1|=0.994989 | m1²=0.990003 | ||w||²/d=1.205104 | eps_adapter=5.186355e-02 | residual_overlap=0.024162
[step   134200] t/d=671.000 | task1=2.510343e-01 | |m1|=0.994958 | m1²=0.989941 | ||w||²/d=1.204926 | eps_adapter=5.194659e-02 | residual_overlap=0.024152
[step   134300] t/d=671.500 | task1=2.510352e-01 | |m1|=0.995040 | m1²=0.990104 | ||w||²/d=1.203687 | eps_adapter=5.113865e-02 | residual_overlap=0.024082
[step   134400] t/d=672.000 | task1=2.510733e-01 | |m1|=0.995030 | m1²=0.990085 | ||w||²/d=1.203567 | eps_adapter=5.114103e-02 | residual_overlap=0.024083
[step   134500] t/d=672.500 | task1=2.510451e-01 | |m1|=0.994999 | m1²=0.990023 | ||w||²/d=1.204042 | eps_adapter=5.144951e-02 | residual_overlap=0.024087
[step   134600] t/d=673.000 | task1=2.510210e-01 | |m1|=0.995020 | m1²=0.990064 | ||w||²/d=1.202014 | eps_adapter=5.065772e-02 | residual_overlap=0.024110
[step   134700] t/d=673.500 | task1=2.510253e-01 | |m1|=0.995039 | m1²=0.990102 | ||w||²/d=1.202098 | eps_adapter=5.059756e-02 | residual_overlap=0.024108
[step   134800] t/d=674.000 | task1=2.510077e-01 | |m1|=0.995116 | m1²=0.990256 | ||w||²/d=1.203084 | eps_adapter=5.057678e-02 | residual_overlap=0.024021
[step   134900] t/d=674.500 | task1=2.509966e-01 | |m1|=0.995135 | m1²=0.990294 | ||w||²/d=1.202459 | eps_adapter=5.027360e-02 | residual_overlap=0.024021
[step   135000] t/d=675.000 | task1=2.509684e-01 | |m1|=0.995161 | m1²=0.990345 | ||w||²/d=1.204373 | eps_adapter=5.081212e-02 | residual_overlap=0.024000
[step   135100] t/d=675.500 | task1=2.509813e-01 | |m1|=0.995132 | m1²=0.990288 | ||w||²/d=1.205084 | eps_adapter=5.119095e-02 | residual_overlap=0.024051
[step   135200] t/d=676.000 | task1=2.509704e-01 | |m1|=0.995077 | m1²=0.990177 | ||w||²/d=1.206881 | eps_adapter=5.207462e-02 | residual_overlap=0.024110
[step   135300] t/d=676.500 | task1=2.509091e-01 | |m1|=0.995076 | m1²=0.990176 | ||w||²/d=1.207282 | eps_adapter=5.221904e-02 | residual_overlap=0.024080
[step   135400] t/d=677.000 | task1=2.509039e-01 | |m1|=0.995096 | m1²=0.990216 | ||w||²/d=1.209462 | eps_adapter=5.289358e-02 | residual_overlap=0.024092
[step   135500] t/d=677.500 | task1=2.509098e-01 | |m1|=0.995007 | m1²=0.990040 | ||w||²/d=1.210886 | eps_adapter=5.381467e-02 | residual_overlap=0.024236
[step   135600] t/d=678.000 | task1=2.509007e-01 | |m1|=0.994992 | m1²=0.990009 | ||w||²/d=1.211323 | eps_adapter=5.404180e-02 | residual_overlap=0.024245
[step   135700] t/d=678.500 | task1=2.508512e-01 | |m1|=0.994956 | m1²=0.989937 | ||w||²/d=1.210867 | eps_adapter=5.404806e-02 | residual_overlap=0.024289
[step   135800] t/d=679.000 | task1=2.507829e-01 | |m1|=0.994964 | m1²=0.989954 | ||w||²/d=1.209757 | eps_adapter=5.361284e-02 | residual_overlap=0.024264
[step   135900] t/d=679.500 | task1=2.508352e-01 | |m1|=0.995013 | m1²=0.990052 | ||w||²/d=1.210561 | eps_adapter=5.367001e-02 | residual_overlap=0.024215
[step   136000] t/d=680.000 | task1=2.508755e-01 | |m1|=0.995002 | m1²=0.990030 | ||w||²/d=1.209664 | eps_adapter=5.340225e-02 | residual_overlap=0.024232
[step   136100] t/d=680.500 | task1=2.508751e-01 | |m1|=0.995024 | m1²=0.990073 | ||w||²/d=1.210618 | eps_adapter=5.364112e-02 | residual_overlap=0.024226
[step   136200] t/d=681.000 | task1=2.508376e-01 | |m1|=0.995121 | m1²=0.990265 | ||w||²/d=1.210277 | eps_adapter=5.306756e-02 | residual_overlap=0.024096
[step   136300] t/d=681.500 | task1=2.508643e-01 | |m1|=0.995143 | m1²=0.990311 | ||w||²/d=1.211352 | eps_adapter=5.334482e-02 | residual_overlap=0.024068
[step   136400] t/d=682.000 | task1=2.509290e-01 | |m1|=0.995145 | m1²=0.990314 | ||w||²/d=1.211508 | eps_adapter=5.339378e-02 | residual_overlap=0.024062
[step   136500] t/d=682.500 | task1=2.509513e-01 | |m1|=0.995114 | m1²=0.990252 | ||w||²/d=1.212573 | eps_adapter=5.392161e-02 | residual_overlap=0.024111
[step   136600] t/d=683.000 | task1=2.509779e-01 | |m1|=0.995162 | m1²=0.990348 | ||w||²/d=1.213434 | eps_adapter=5.400589e-02 | residual_overlap=0.024050
[step   136700] t/d=683.500 | task1=2.509906e-01 | |m1|=0.995124 | m1²=0.990272 | ||w||²/d=1.212551 | eps_adapter=5.386537e-02 | residual_overlap=0.024099
[step   136800] t/d=684.000 | task1=2.510208e-01 | |m1|=0.995132 | m1²=0.990288 | ||w||²/d=1.211140 | eps_adapter=5.332223e-02 | residual_overlap=0.024063
[step   136900] t/d=684.500 | task1=2.509936e-01 | |m1|=0.995116 | m1²=0.990256 | ||w||²/d=1.210166 | eps_adapter=5.304975e-02 | residual_overlap=0.024091
[step   137000] t/d=685.000 | task1=2.509880e-01 | |m1|=0.995101 | m1²=0.990227 | ||w||²/d=1.211329 | eps_adapter=5.353323e-02 | residual_overlap=0.024157
[step   137100] t/d=685.500 | task1=2.509937e-01 | |m1|=0.995121 | m1²=0.990266 | ||w||²/d=1.211017 | eps_adapter=5.332929e-02 | residual_overlap=0.024150
[step   137200] t/d=686.000 | task1=2.509746e-01 | |m1|=0.995083 | m1²=0.990190 | ||w||²/d=1.210410 | eps_adapter=5.329201e-02 | residual_overlap=0.024195
[step   137300] t/d=686.500 | task1=2.509117e-01 | |m1|=0.995056 | m1²=0.990136 | ||w||²/d=1.208694 | eps_adapter=5.280882e-02 | residual_overlap=0.024217
[step   137400] t/d=687.000 | task1=2.509575e-01 | |m1|=0.995097 | m1²=0.990217 | ||w||²/d=1.210123 | eps_adapter=5.312558e-02 | residual_overlap=0.024139
[step   137500] t/d=687.500 | task1=2.508754e-01 | |m1|=0.995142 | m1²=0.990308 | ||w||²/d=1.211252 | eps_adapter=5.331520e-02 | residual_overlap=0.024080
[step   137600] t/d=688.000 | task1=2.508417e-01 | |m1|=0.995195 | m1²=0.990413 | ||w||²/d=1.211888 | eps_adapter=5.329614e-02 | residual_overlap=0.024018
[step   137700] t/d=688.500 | task1=2.508518e-01 | |m1|=0.995197 | m1²=0.990418 | ||w||²/d=1.212092 | eps_adapter=5.335760e-02 | residual_overlap=0.024022
[step   137800] t/d=689.000 | task1=2.508524e-01 | |m1|=0.995218 | m1²=0.990459 | ||w||²/d=1.211659 | eps_adapter=5.310656e-02 | residual_overlap=0.023909
[step   137900] t/d=689.500 | task1=2.508974e-01 | |m1|=0.995257 | m1²=0.990537 | ||w||²/d=1.212483 | eps_adapter=5.321858e-02 | residual_overlap=0.023860
[step   138000] t/d=690.000 | task1=2.508547e-01 | |m1|=0.995235 | m1²=0.990493 | ||w||²/d=1.212183 | eps_adapter=5.321258e-02 | residual_overlap=0.023860
[step   138100] t/d=690.500 | task1=2.508654e-01 | |m1|=0.995250 | m1²=0.990523 | ||w||²/d=1.210925 | eps_adapter=5.269345e-02 | residual_overlap=0.023853
[step   138200] t/d=691.000 | task1=2.508641e-01 | |m1|=0.995213 | m1²=0.990448 | ||w||²/d=1.210568 | eps_adapter=5.274144e-02 | residual_overlap=0.023857
[step   138300] t/d=691.500 | task1=2.508826e-01 | |m1|=0.995171 | m1²=0.990364 | ||w||²/d=1.211783 | eps_adapter=5.337259e-02 | residual_overlap=0.023908
[step   138400] t/d=692.000 | task1=2.508898e-01 | |m1|=0.995147 | m1²=0.990318 | ||w||²/d=1.211128 | eps_adapter=5.324778e-02 | residual_overlap=0.023977
[step   138500] t/d=692.500 | task1=2.508558e-01 | |m1|=0.995056 | m1²=0.990137 | ||w||²/d=1.211448 | eps_adapter=5.378788e-02 | residual_overlap=0.024138
[step   138600] t/d=693.000 | task1=2.508917e-01 | |m1|=0.995104 | m1²=0.990232 | ||w||²/d=1.211286 | eps_adapter=5.350586e-02 | residual_overlap=0.024099
[step   138700] t/d=693.500 | task1=2.508378e-01 | |m1|=0.995152 | m1²=0.990327 | ||w||²/d=1.210197 | eps_adapter=5.289484e-02 | residual_overlap=0.024043
[step   138800] t/d=694.000 | task1=2.508532e-01 | |m1|=0.995212 | m1²=0.990448 | ||w||²/d=1.212164 | eps_adapter=5.331389e-02 | residual_overlap=0.023947
[step   138900] t/d=694.500 | task1=2.509100e-01 | |m1|=0.995211 | m1²=0.990446 | ||w||²/d=1.211988 | eps_adapter=5.325487e-02 | residual_overlap=0.023959
[step   139000] t/d=695.000 | task1=2.508783e-01 | |m1|=0.995252 | m1²=0.990526 | ||w||²/d=1.212141 | eps_adapter=5.312131e-02 | residual_overlap=0.023895
[step   139100] t/d=695.500 | task1=2.508172e-01 | |m1|=0.995255 | m1²=0.990532 | ||w||²/d=1.211719 | eps_adapter=5.295564e-02 | residual_overlap=0.023886
[step   139200] t/d=696.000 | task1=2.508404e-01 | |m1|=0.995258 | m1²=0.990539 | ||w||²/d=1.210596 | eps_adapter=5.253836e-02 | residual_overlap=0.023884
[step   139300] t/d=696.500 | task1=2.508831e-01 | |m1|=0.995263 | m1²=0.990549 | ||w||²/d=1.212815 | eps_adapter=5.331015e-02 | residual_overlap=0.023870
[step   139400] t/d=697.000 | task1=2.508981e-01 | |m1|=0.995279 | m1²=0.990580 | ||w||²/d=1.212640 | eps_adapter=5.317332e-02 | residual_overlap=0.023865
[step   139500] t/d=697.500 | task1=2.509018e-01 | |m1|=0.995316 | m1²=0.990653 | ||w||²/d=1.213365 | eps_adapter=5.326327e-02 | residual_overlap=0.023830
[step   139600] t/d=698.000 | task1=2.508487e-01 | |m1|=0.995308 | m1²=0.990638 | ||w||²/d=1.213551 | eps_adapter=5.336468e-02 | residual_overlap=0.023867
[step   139700] t/d=698.500 | task1=2.508437e-01 | |m1|=0.995386 | m1²=0.990794 | ||w||²/d=1.212986 | eps_adapter=5.279446e-02 | residual_overlap=0.023787
[step   139800] t/d=699.000 | task1=2.509036e-01 | |m1|=0.995436 | m1²=0.990893 | ||w||²/d=1.214938 | eps_adapter=5.326668e-02 | residual_overlap=0.023722
[step   139900] t/d=699.500 | task1=2.509094e-01 | |m1|=0.995412 | m1²=0.990845 | ||w||²/d=1.217802 | eps_adapter=5.442966e-02 | residual_overlap=0.023778
[step   140000] t/d=700.000 | task1=2.509966e-01 | |m1|=0.995414 | m1²=0.990849 | ||w||²/d=1.218266 | eps_adapter=5.459192e-02 | residual_overlap=0.023781
[step   140100] t/d=700.500 | task1=2.510469e-01 | |m1|=0.995394 | m1²=0.990809 | ||w||²/d=1.217246 | eps_adapter=5.431054e-02 | residual_overlap=0.023828
[step   140200] t/d=701.000 | task1=2.510706e-01 | |m1|=0.995398 | m1²=0.990816 | ||w||²/d=1.218371 | eps_adapter=5.470862e-02 | residual_overlap=0.023797
[step   140300] t/d=701.500 | task1=2.509770e-01 | |m1|=0.995435 | m1²=0.990891 | ||w||²/d=1.217644 | eps_adapter=5.426422e-02 | residual_overlap=0.023708
[step   140400] t/d=702.000 | task1=2.510314e-01 | |m1|=0.995459 | m1²=0.990939 | ||w||²/d=1.216736 | eps_adapter=5.381493e-02 | residual_overlap=0.023667
[step   140500] t/d=702.500 | task1=2.510442e-01 | |m1|=0.995432 | m1²=0.990884 | ||w||²/d=1.218443 | eps_adapter=5.457510e-02 | residual_overlap=0.023679
[step   140600] t/d=703.000 | task1=2.510503e-01 | |m1|=0.995433 | m1²=0.990888 | ||w||²/d=1.220605 | eps_adapter=5.537148e-02 | residual_overlap=0.023678
[step   140700] t/d=703.500 | task1=2.510744e-01 | |m1|=0.995452 | m1²=0.990926 | ||w||²/d=1.221073 | eps_adapter=5.545687e-02 | residual_overlap=0.023665
[step   140800] t/d=704.000 | task1=2.510812e-01 | |m1|=0.995429 | m1²=0.990879 | ||w||²/d=1.221221 | eps_adapter=5.562236e-02 | residual_overlap=0.023679
[step   140900] t/d=704.500 | task1=2.511541e-01 | |m1|=0.995446 | m1²=0.990914 | ||w||²/d=1.221369 | eps_adapter=5.559619e-02 | residual_overlap=0.023633
[step   141000] t/d=705.000 | task1=2.511803e-01 | |m1|=0.995474 | m1²=0.990968 | ||w||²/d=1.220199 | eps_adapter=5.503049e-02 | residual_overlap=0.023594
[step   141100] t/d=705.500 | task1=2.512160e-01 | |m1|=0.995507 | m1²=0.991034 | ||w||²/d=1.220015 | eps_adapter=5.480383e-02 | residual_overlap=0.023593
[step   141200] t/d=706.000 | task1=2.511949e-01 | |m1|=0.995592 | m1²=0.991203 | ||w||²/d=1.220198 | eps_adapter=5.447267e-02 | residual_overlap=0.023500
[step   141300] t/d=706.500 | task1=2.511911e-01 | |m1|=0.995561 | m1²=0.991142 | ||w||²/d=1.221032 | eps_adapter=5.492909e-02 | residual_overlap=0.023536
[step   141400] t/d=707.000 | task1=2.511814e-01 | |m1|=0.995503 | m1²=0.991027 | ||w||²/d=1.221950 | eps_adapter=5.554636e-02 | residual_overlap=0.023584
[step   141500] t/d=707.500 | task1=2.512239e-01 | |m1|=0.995471 | m1²=0.990962 | ||w||²/d=1.223954 | eps_adapter=5.645800e-02 | residual_overlap=0.023584
[step   141600] t/d=708.000 | task1=2.512046e-01 | |m1|=0.995551 | m1²=0.991123 | ||w||²/d=1.222437 | eps_adapter=5.550295e-02 | residual_overlap=0.023458
[step   141700] t/d=708.500 | task1=2.511971e-01 | |m1|=0.995502 | m1²=0.991024 | ||w||²/d=1.222830 | eps_adapter=5.588522e-02 | residual_overlap=0.023512
[step   141800] t/d=709.000 | task1=2.511912e-01 | |m1|=0.995507 | m1²=0.991034 | ||w||²/d=1.223283 | eps_adapter=5.603398e-02 | residual_overlap=0.023499
[step   141900] t/d=709.500 | task1=2.511619e-01 | |m1|=0.995512 | m1²=0.991044 | ||w||²/d=1.223351 | eps_adapter=5.603598e-02 | residual_overlap=0.023442
[step   142000] t/d=710.000 | task1=2.511229e-01 | |m1|=0.995552 | m1²=0.991123 | ||w||²/d=1.224110 | eps_adapter=5.613532e-02 | residual_overlap=0.023390
[step   142100] t/d=710.500 | task1=2.511467e-01 | |m1|=0.995610 | m1²=0.991240 | ||w||²/d=1.224340 | eps_adapter=5.594625e-02 | residual_overlap=0.023313
[step   142200] t/d=711.000 | task1=2.511707e-01 | |m1|=0.995651 | m1²=0.991320 | ||w||²/d=1.223669 | eps_adapter=5.550084e-02 | residual_overlap=0.023253
[step   142300] t/d=711.500 | task1=2.511779e-01 | |m1|=0.995646 | m1²=0.991311 | ||w||²/d=1.221397 | eps_adapter=5.466629e-02 | residual_overlap=0.023246
[step   142400] t/d=712.000 | task1=2.511654e-01 | |m1|=0.995641 | m1²=0.991302 | ||w||²/d=1.222061 | eps_adapter=5.493647e-02 | residual_overlap=0.023251
[step   142500] t/d=712.500 | task1=2.511387e-01 | |m1|=0.995634 | m1²=0.991288 | ||w||²/d=1.222118 | eps_adapter=5.499099e-02 | residual_overlap=0.023265
[step   142600] t/d=713.000 | task1=2.512565e-01 | |m1|=0.995581 | m1²=0.991181 | ||w||²/d=1.221095 | eps_adapter=5.485961e-02 | residual_overlap=0.023274
[step   142700] t/d=713.500 | task1=2.512474e-01 | |m1|=0.995526 | m1²=0.991072 | ||w||²/d=1.220203 | eps_adapter=5.478416e-02 | residual_overlap=0.023368
[step   142800] t/d=714.000 | task1=2.513004e-01 | |m1|=0.995484 | m1²=0.990988 | ||w||²/d=1.219193 | eps_adapter=5.460710e-02 | residual_overlap=0.023417
[step   142900] t/d=714.500 | task1=2.512835e-01 | |m1|=0.995503 | m1²=0.991027 | ||w||²/d=1.219371 | eps_adapter=5.458102e-02 | residual_overlap=0.023370
[step   143000] t/d=715.000 | task1=2.512409e-01 | |m1|=0.995513 | m1²=0.991046 | ||w||²/d=1.220117 | eps_adapter=5.481359e-02 | residual_overlap=0.023394
[step   143100] t/d=715.500 | task1=2.512755e-01 | |m1|=0.995526 | m1²=0.991071 | ||w||²/d=1.219812 | eps_adapter=5.464124e-02 | residual_overlap=0.023382
[step   143200] t/d=716.000 | task1=2.512877e-01 | |m1|=0.995512 | m1²=0.991044 | ||w||²/d=1.219844 | eps_adapter=5.471626e-02 | residual_overlap=0.023412
[step   143300] t/d=716.500 | task1=2.512900e-01 | |m1|=0.995482 | m1²=0.990985 | ||w||²/d=1.221690 | eps_adapter=5.554900e-02 | residual_overlap=0.023472
[step   143400] t/d=717.000 | task1=2.512678e-01 | |m1|=0.995482 | m1²=0.990984 | ||w||²/d=1.221352 | eps_adapter=5.542296e-02 | residual_overlap=0.023504
[step   143500] t/d=717.500 | task1=2.513058e-01 | |m1|=0.995485 | m1²=0.990990 | ||w||²/d=1.220361 | eps_adapter=5.503807e-02 | residual_overlap=0.023492
[step   143600] t/d=718.000 | task1=2.512588e-01 | |m1|=0.995446 | m1²=0.990912 | ||w||²/d=1.219709 | eps_adapter=5.497824e-02 | residual_overlap=0.023537
[step   143700] t/d=718.500 | task1=2.512927e-01 | |m1|=0.995467 | m1²=0.990955 | ||w||²/d=1.220616 | eps_adapter=5.521558e-02 | residual_overlap=0.023501
[step   143800] t/d=719.000 | task1=2.513081e-01 | |m1|=0.995451 | m1²=0.990923 | ||w||²/d=1.220211 | eps_adapter=5.514031e-02 | residual_overlap=0.023510
[step   143900] t/d=719.500 | task1=2.513490e-01 | |m1|=0.995535 | m1²=0.991090 | ||w||²/d=1.219371 | eps_adapter=5.443186e-02 | residual_overlap=0.023411
[step   144000] t/d=720.000 | task1=2.513310e-01 | |m1|=0.995526 | m1²=0.991073 | ||w||²/d=1.218906 | eps_adapter=5.430103e-02 | residual_overlap=0.023443
[step   144100] t/d=720.500 | task1=2.513943e-01 | |m1|=0.995452 | m1²=0.990925 | ||w||²/d=1.218868 | eps_adapter=5.463666e-02 | residual_overlap=0.023521
[step   144200] t/d=721.000 | task1=2.513266e-01 | |m1|=0.995401 | m1²=0.990823 | ||w||²/d=1.220659 | eps_adapter=5.554563e-02 | residual_overlap=0.023580
[step   144300] t/d=721.500 | task1=2.512513e-01 | |m1|=0.995494 | m1²=0.991008 | ||w||²/d=1.221372 | eps_adapter=5.537479e-02 | residual_overlap=0.023482
[step   144400] t/d=722.000 | task1=2.512378e-01 | |m1|=0.995437 | m1²=0.990894 | ||w||²/d=1.222158 | eps_adapter=5.593984e-02 | residual_overlap=0.023542
[step   144500] t/d=722.500 | task1=2.512678e-01 | |m1|=0.995421 | m1²=0.990863 | ||w||²/d=1.221809 | eps_adapter=5.588239e-02 | residual_overlap=0.023576
[step   144600] t/d=723.000 | task1=2.512780e-01 | |m1|=0.995384 | m1²=0.990788 | ||w||²/d=1.221035 | eps_adapter=5.576723e-02 | residual_overlap=0.023636
[step   144700] t/d=723.500 | task1=2.513561e-01 | |m1|=0.995395 | m1²=0.990810 | ||w||²/d=1.221381 | eps_adapter=5.584570e-02 | residual_overlap=0.023614
[step   144800] t/d=724.000 | task1=2.513905e-01 | |m1|=0.995359 | m1²=0.990740 | ||w||²/d=1.221536 | eps_adapter=5.607124e-02 | residual_overlap=0.023658
[step   144900] t/d=724.500 | task1=2.513369e-01 | |m1|=0.995423 | m1²=0.990867 | ||w||²/d=1.221665 | eps_adapter=5.581859e-02 | residual_overlap=0.023560
[step   145000] t/d=725.000 | task1=2.512992e-01 | |m1|=0.995474 | m1²=0.990968 | ||w||²/d=1.222081 | eps_adapter=5.573534e-02 | residual_overlap=0.023523
[step   145100] t/d=725.500 | task1=2.513239e-01 | |m1|=0.995423 | m1²=0.990866 | ||w||²/d=1.222969 | eps_adapter=5.631286e-02 | residual_overlap=0.023592
[step   145200] t/d=726.000 | task1=2.513209e-01 | |m1|=0.995348 | m1²=0.990718 | ||w||²/d=1.222690 | eps_adapter=5.655916e-02 | residual_overlap=0.023673
[step   145300] t/d=726.500 | task1=2.513066e-01 | |m1|=0.995366 | m1²=0.990754 | ||w||²/d=1.223646 | eps_adapter=5.683657e-02 | residual_overlap=0.023583
[step   145400] t/d=727.000 | task1=2.513317e-01 | |m1|=0.995370 | m1²=0.990761 | ||w||²/d=1.223539 | eps_adapter=5.677871e-02 | residual_overlap=0.023604
[step   145500] t/d=727.500 | task1=2.513202e-01 | |m1|=0.995343 | m1²=0.990707 | ||w||²/d=1.223041 | eps_adapter=5.671622e-02 | residual_overlap=0.023635
[step   145600] t/d=728.000 | task1=2.513431e-01 | |m1|=0.995385 | m1²=0.990790 | ||w||²/d=1.222605 | eps_adapter=5.635426e-02 | residual_overlap=0.023593
[step   145700] t/d=728.500 | task1=2.514276e-01 | |m1|=0.995379 | m1²=0.990779 | ||w||²/d=1.224630 | eps_adapter=5.715236e-02 | residual_overlap=0.023580
[step   145800] t/d=729.000 | task1=2.514324e-01 | |m1|=0.995410 | m1²=0.990840 | ||w||²/d=1.224737 | eps_adapter=5.704649e-02 | residual_overlap=0.023573
[step   145900] t/d=729.500 | task1=2.513982e-01 | |m1|=0.995468 | m1²=0.990957 | ||w||²/d=1.222800 | eps_adapter=5.603285e-02 | residual_overlap=0.023503
[step   146000] t/d=730.000 | task1=2.513564e-01 | |m1|=0.995460 | m1²=0.990942 | ||w||²/d=1.223061 | eps_adapter=5.616844e-02 | residual_overlap=0.023505
[step   146100] t/d=730.500 | task1=2.513730e-01 | |m1|=0.995479 | m1²=0.990978 | ||w||²/d=1.224253 | eps_adapter=5.653475e-02 | residual_overlap=0.023522
[step   146200] t/d=731.000 | task1=2.514108e-01 | |m1|=0.995477 | m1²=0.990974 | ||w||²/d=1.222731 | eps_adapter=5.596608e-02 | residual_overlap=0.023502
[step   146300] t/d=731.500 | task1=2.514220e-01 | |m1|=0.995484 | m1²=0.990989 | ||w||²/d=1.223508 | eps_adapter=5.622547e-02 | residual_overlap=0.023472
[step   146400] t/d=732.000 | task1=2.513857e-01 | |m1|=0.995470 | m1²=0.990961 | ||w||²/d=1.224710 | eps_adapter=5.675030e-02 | residual_overlap=0.023473
[step   146500] t/d=732.500 | task1=2.513816e-01 | |m1|=0.995452 | m1²=0.990924 | ||w||²/d=1.224779 | eps_adapter=5.686275e-02 | residual_overlap=0.023520
[step   146600] t/d=733.000 | task1=2.513896e-01 | |m1|=0.995481 | m1²=0.990983 | ||w||²/d=1.222551 | eps_adapter=5.587656e-02 | residual_overlap=0.023500
[step   146700] t/d=733.500 | task1=2.514570e-01 | |m1|=0.995434 | m1²=0.990888 | ||w||²/d=1.220784 | eps_adapter=5.543738e-02 | residual_overlap=0.023530
[step   146800] t/d=734.000 | task1=2.514887e-01 | |m1|=0.995399 | m1²=0.990820 | ||w||²/d=1.222049 | eps_adapter=5.607457e-02 | residual_overlap=0.023565
[step   146900] t/d=734.500 | task1=2.514619e-01 | |m1|=0.995371 | m1²=0.990763 | ||w||²/d=1.221884 | eps_adapter=5.614735e-02 | residual_overlap=0.023557
[step   147000] t/d=735.000 | task1=2.514235e-01 | |m1|=0.995385 | m1²=0.990791 | ||w||²/d=1.221632 | eps_adapter=5.598682e-02 | residual_overlap=0.023549
[step   147100] t/d=735.500 | task1=2.514706e-01 | |m1|=0.995301 | m1²=0.990624 | ||w||²/d=1.221002 | eps_adapter=5.614528e-02 | residual_overlap=0.023654
[step   147200] t/d=736.000 | task1=2.514942e-01 | |m1|=0.995286 | m1²=0.990593 | ||w||²/d=1.220836 | eps_adapter=5.615457e-02 | residual_overlap=0.023654
[step   147300] t/d=736.500 | task1=2.515315e-01 | |m1|=0.995348 | m1²=0.990717 | ||w||²/d=1.221974 | eps_adapter=5.628876e-02 | residual_overlap=0.023577
[step   147400] t/d=737.000 | task1=2.515169e-01 | |m1|=0.995328 | m1²=0.990677 | ||w||²/d=1.221061 | eps_adapter=5.604022e-02 | residual_overlap=0.023597
[step   147500] t/d=737.500 | task1=2.515031e-01 | |m1|=0.995255 | m1²=0.990533 | ||w||²/d=1.221880 | eps_adapter=5.669119e-02 | residual_overlap=0.023655
[step   147600] t/d=738.000 | task1=2.515323e-01 | |m1|=0.995307 | m1²=0.990635 | ||w||²/d=1.223187 | eps_adapter=5.694251e-02 | residual_overlap=0.023610
[step   147700] t/d=738.500 | task1=2.515778e-01 | |m1|=0.995377 | m1²=0.990775 | ||w||²/d=1.223714 | eps_adapter=5.681069e-02 | residual_overlap=0.023561
[step   147800] t/d=739.000 | task1=2.515380e-01 | |m1|=0.995408 | m1²=0.990836 | ||w||²/d=1.224401 | eps_adapter=5.692750e-02 | residual_overlap=0.023498
[step   147900] t/d=739.500 | task1=2.515911e-01 | |m1|=0.995401 | m1²=0.990822 | ||w||²/d=1.227848 | eps_adapter=5.828739e-02 | residual_overlap=0.023474
[step   148000] t/d=740.000 | task1=2.515667e-01 | |m1|=0.995428 | m1²=0.990877 | ||w||²/d=1.227818 | eps_adapter=5.814641e-02 | residual_overlap=0.023448
[step   148100] t/d=740.500 | task1=2.515302e-01 | |m1|=0.995359 | m1²=0.990740 | ||w||²/d=1.229266 | eps_adapter=5.903513e-02 | residual_overlap=0.023559
[step   148200] t/d=741.000 | task1=2.515505e-01 | |m1|=0.995375 | m1²=0.990772 | ||w||²/d=1.231402 | eps_adapter=5.979959e-02 | residual_overlap=0.023582
[step   148300] t/d=741.500 | task1=2.515268e-01 | |m1|=0.995460 | m1²=0.990942 | ||w||²/d=1.232970 | eps_adapter=6.001438e-02 | residual_overlap=0.023504
[step   148400] t/d=742.000 | task1=2.514842e-01 | |m1|=0.995451 | m1²=0.990923 | ||w||²/d=1.232791 | eps_adapter=5.998648e-02 | residual_overlap=0.023510
[step   148500] t/d=742.500 | task1=2.515198e-01 | |m1|=0.995458 | m1²=0.990936 | ||w||²/d=1.232201 | eps_adapter=5.972213e-02 | residual_overlap=0.023507
[step   148600] t/d=743.000 | task1=2.515298e-01 | |m1|=0.995448 | m1²=0.990916 | ||w||²/d=1.231693 | eps_adapter=5.956843e-02 | residual_overlap=0.023545
[step   148700] t/d=743.500 | task1=2.515273e-01 | |m1|=0.995486 | m1²=0.990991 | ||w||²/d=1.232259 | eps_adapter=5.961306e-02 | residual_overlap=0.023499
[step   148800] t/d=744.000 | task1=2.515010e-01 | |m1|=0.995498 | m1²=0.991016 | ||w||²/d=1.232705 | eps_adapter=5.973134e-02 | residual_overlap=0.023473
[step   148900] t/d=744.500 | task1=2.514963e-01 | |m1|=0.995545 | m1²=0.991110 | ||w||²/d=1.231153 | eps_adapter=5.889234e-02 | residual_overlap=0.023408
[step   149000] t/d=745.000 | task1=2.515224e-01 | |m1|=0.995543 | m1²=0.991106 | ||w||²/d=1.229630 | eps_adapter=5.830434e-02 | residual_overlap=0.023408
[step   149100] t/d=745.500 | task1=2.514912e-01 | |m1|=0.995573 | m1²=0.991166 | ||w||²/d=1.229673 | eps_adapter=5.817881e-02 | residual_overlap=0.023386
[step   149200] t/d=746.000 | task1=2.514785e-01 | |m1|=0.995513 | m1²=0.991047 | ||w||²/d=1.230333 | eps_adapter=5.872128e-02 | residual_overlap=0.023439
[step   149300] t/d=746.500 | task1=2.514319e-01 | |m1|=0.995532 | m1²=0.991084 | ||w||²/d=1.230091 | eps_adapter=5.853801e-02 | residual_overlap=0.023469
[step   149400] t/d=747.000 | task1=2.514011e-01 | |m1|=0.995500 | m1²=0.991020 | ||w||²/d=1.230080 | eps_adapter=5.868534e-02 | residual_overlap=0.023519
[step   149500] t/d=747.500 | task1=2.513110e-01 | |m1|=0.995536 | m1²=0.991092 | ||w||²/d=1.229686 | eps_adapter=5.835952e-02 | residual_overlap=0.023497
[step   149600] t/d=748.000 | task1=2.512766e-01 | |m1|=0.995520 | m1²=0.991061 | ||w||²/d=1.228854 | eps_adapter=5.811044e-02 | residual_overlap=0.023520
[step   149700] t/d=748.500 | task1=2.513011e-01 | |m1|=0.995465 | m1²=0.990951 | ||w||²/d=1.230197 | eps_adapter=5.889734e-02 | residual_overlap=0.023594
[step   149800] t/d=749.000 | task1=2.512939e-01 | |m1|=0.995450 | m1²=0.990921 | ||w||²/d=1.232114 | eps_adapter=5.972426e-02 | residual_overlap=0.023566
[step   149900] t/d=749.500 | task1=2.512927e-01 | |m1|=0.995473 | m1²=0.990966 | ||w||²/d=1.232388 | eps_adapter=5.972504e-02 | residual_overlap=0.023562
[step   150000] t/d=750.000 | task1=2.513012e-01 | |m1|=0.995451 | m1²=0.990923 | ||w||²/d=1.233495 | eps_adapter=6.026843e-02 | residual_overlap=0.023614
[step   150100] t/d=750.500 | task1=2.513334e-01 | |m1|=0.995478 | m1²=0.990976 | ||w||²/d=1.232982 | eps_adapter=5.993649e-02 | residual_overlap=0.023573
[step   150200] t/d=751.000 | task1=2.513720e-01 | |m1|=0.995530 | m1²=0.991080 | ||w||²/d=1.231065 | eps_adapter=5.892996e-02 | residual_overlap=0.023488
[step   150300] t/d=751.500 | task1=2.513444e-01 | |m1|=0.995488 | m1²=0.990996 | ||w||²/d=1.230804 | eps_adapter=5.902821e-02 | residual_overlap=0.023495
[step   150400] t/d=752.000 | task1=2.513625e-01 | |m1|=0.995434 | m1²=0.990890 | ||w||²/d=1.231066 | eps_adapter=5.938464e-02 | residual_overlap=0.023581
[step   150500] t/d=752.500 | task1=2.513586e-01 | |m1|=0.995579 | m1²=0.991178 | ||w||²/d=1.230447 | eps_adapter=5.845348e-02 | residual_overlap=0.023403
[step   150600] t/d=753.000 | task1=2.513237e-01 | |m1|=0.995598 | m1²=0.991215 | ||w||²/d=1.230288 | eps_adapter=5.830223e-02 | residual_overlap=0.023436
[step   150700] t/d=753.500 | task1=2.513273e-01 | |m1|=0.995556 | m1²=0.991132 | ||w||²/d=1.229060 | eps_adapter=5.802105e-02 | residual_overlap=0.023430
[step   150800] t/d=754.000 | task1=2.513962e-01 | |m1|=0.995590 | m1²=0.991200 | ||w||²/d=1.228649 | eps_adapter=5.769858e-02 | residual_overlap=0.023359
[step   150900] t/d=754.500 | task1=2.514202e-01 | |m1|=0.995608 | m1²=0.991236 | ||w||²/d=1.229226 | eps_adapter=5.783679e-02 | residual_overlap=0.023369
[step   151000] t/d=755.000 | task1=2.514441e-01 | |m1|=0.995589 | m1²=0.991197 | ||w||²/d=1.226711 | eps_adapter=5.695646e-02 | residual_overlap=0.023381
[step   151100] t/d=755.500 | task1=2.514474e-01 | |m1|=0.995604 | m1²=0.991227 | ||w||²/d=1.226247 | eps_adapter=5.670530e-02 | residual_overlap=0.023341
[step   151200] t/d=756.000 | task1=2.514736e-01 | |m1|=0.995557 | m1²=0.991133 | ||w||²/d=1.225595 | eps_adapter=5.667809e-02 | residual_overlap=0.023372
[step   151300] t/d=756.500 | task1=2.514913e-01 | |m1|=0.995527 | m1²=0.991075 | ||w||²/d=1.227258 | eps_adapter=5.745809e-02 | residual_overlap=0.023408
[step   151400] t/d=757.000 | task1=2.514891e-01 | |m1|=0.995544 | m1²=0.991108 | ||w||²/d=1.225960 | eps_adapter=5.687875e-02 | residual_overlap=0.023424
[step   151500] t/d=757.500 | task1=2.514794e-01 | |m1|=0.995590 | m1²=0.991200 | ||w||²/d=1.225521 | eps_adapter=5.649128e-02 | residual_overlap=0.023395
[step   151600] t/d=758.000 | task1=2.514918e-01 | |m1|=0.995582 | m1²=0.991183 | ||w||²/d=1.225878 | eps_adapter=5.666869e-02 | residual_overlap=0.023427
[step   151700] t/d=758.500 | task1=2.514525e-01 | |m1|=0.995601 | m1²=0.991222 | ||w||²/d=1.223579 | eps_adapter=5.569882e-02 | residual_overlap=0.023337
[step   151800] t/d=759.000 | task1=2.514723e-01 | |m1|=0.995600 | m1²=0.991220 | ||w||²/d=1.224100 | eps_adapter=5.590092e-02 | residual_overlap=0.023285
[step   151900] t/d=759.500 | task1=2.514614e-01 | |m1|=0.995664 | m1²=0.991347 | ||w||²/d=1.224117 | eps_adapter=5.560757e-02 | residual_overlap=0.023220
[step   152000] t/d=760.000 | task1=2.514309e-01 | |m1|=0.995649 | m1²=0.991317 | ||w||²/d=1.224297 | eps_adapter=5.574515e-02 | residual_overlap=0.023265
[step   152100] t/d=760.500 | task1=2.513470e-01 | |m1|=0.995668 | m1²=0.991355 | ||w||²/d=1.223026 | eps_adapter=5.517387e-02 | residual_overlap=0.023216
[step   152200] t/d=761.000 | task1=2.513890e-01 | |m1|=0.995600 | m1²=0.991219 | ||w||²/d=1.223383 | eps_adapter=5.563202e-02 | residual_overlap=0.023324
[step   152300] t/d=761.500 | task1=2.513544e-01 | |m1|=0.995604 | m1²=0.991228 | ||w||²/d=1.223464 | eps_adapter=5.564255e-02 | residual_overlap=0.023303
[step   152400] t/d=762.000 | task1=2.513646e-01 | |m1|=0.995608 | m1²=0.991236 | ||w||²/d=1.223858 | eps_adapter=5.577184e-02 | residual_overlap=0.023322
[step   152500] t/d=762.500 | task1=2.513599e-01 | |m1|=0.995635 | m1²=0.991290 | ||w||²/d=1.225806 | eps_adapter=5.638737e-02 | residual_overlap=0.023297
[step   152600] t/d=763.000 | task1=2.513682e-01 | |m1|=0.995664 | m1²=0.991348 | ||w||²/d=1.224299 | eps_adapter=5.567424e-02 | residual_overlap=0.023266
[step   152700] t/d=763.500 | task1=2.513550e-01 | |m1|=0.995654 | m1²=0.991327 | ||w||²/d=1.224919 | eps_adapter=5.595932e-02 | residual_overlap=0.023280
[step   152800] t/d=764.000 | task1=2.512797e-01 | |m1|=0.995654 | m1²=0.991328 | ||w||²/d=1.224226 | eps_adapter=5.569380e-02 | residual_overlap=0.023346
[step   152900] t/d=764.500 | task1=2.512812e-01 | |m1|=0.995608 | m1²=0.991236 | ||w||²/d=1.225195 | eps_adapter=5.628101e-02 | residual_overlap=0.023408
[step   153000] t/d=765.000 | task1=2.513158e-01 | |m1|=0.995612 | m1²=0.991243 | ||w||²/d=1.225335 | eps_adapter=5.631799e-02 | residual_overlap=0.023409
[step   153100] t/d=765.500 | task1=2.513620e-01 | |m1|=0.995598 | m1²=0.991216 | ||w||²/d=1.226493 | eps_adapter=5.682681e-02 | residual_overlap=0.023444
[step   153200] t/d=766.000 | task1=2.513678e-01 | |m1|=0.995567 | m1²=0.991154 | ||w||²/d=1.227520 | eps_adapter=5.736998e-02 | residual_overlap=0.023490
[step   153300] t/d=766.500 | task1=2.514418e-01 | |m1|=0.995589 | m1²=0.991198 | ||w||²/d=1.229014 | eps_adapter=5.784566e-02 | residual_overlap=0.023458
[step   153400] t/d=767.000 | task1=2.514578e-01 | |m1|=0.995601 | m1²=0.991222 | ||w||²/d=1.228956 | eps_adapter=5.776630e-02 | residual_overlap=0.023395
[step   153500] t/d=767.500 | task1=2.514490e-01 | |m1|=0.995586 | m1²=0.991191 | ||w||²/d=1.227657 | eps_adapter=5.733443e-02 | residual_overlap=0.023396
[step   153600] t/d=768.000 | task1=2.515056e-01 | |m1|=0.995625 | m1²=0.991269 | ||w||²/d=1.227021 | eps_adapter=5.690329e-02 | residual_overlap=0.023326
[step   153700] t/d=768.500 | task1=2.514793e-01 | |m1|=0.995586 | m1²=0.991191 | ||w||²/d=1.227580 | eps_adapter=5.730449e-02 | residual_overlap=0.023379
[step   153800] t/d=769.000 | task1=2.515026e-01 | |m1|=0.995588 | m1²=0.991195 | ||w||²/d=1.227901 | eps_adapter=5.741904e-02 | residual_overlap=0.023380
[step   153900] t/d=769.500 | task1=2.514971e-01 | |m1|=0.995519 | m1²=0.991058 | ||w||²/d=1.227148 | eps_adapter=5.745546e-02 | residual_overlap=0.023481
[step   154000] t/d=770.000 | task1=2.514754e-01 | |m1|=0.995477 | m1²=0.990974 | ||w||²/d=1.227635 | eps_adapter=5.784263e-02 | residual_overlap=0.023467
[step   154100] t/d=770.500 | task1=2.514620e-01 | |m1|=0.995394 | m1²=0.990809 | ||w||²/d=1.225875 | eps_adapter=5.755740e-02 | residual_overlap=0.023579
[step   154200] t/d=771.000 | task1=2.514555e-01 | |m1|=0.995347 | m1²=0.990716 | ||w||²/d=1.227961 | eps_adapter=5.858349e-02 | residual_overlap=0.023632
[step   154300] t/d=771.500 | task1=2.515054e-01 | |m1|=0.995376 | m1²=0.990774 | ||w||²/d=1.226568 | eps_adapter=5.790777e-02 | residual_overlap=0.023542
[step   154400] t/d=772.000 | task1=2.514610e-01 | |m1|=0.995342 | m1²=0.990707 | ||w||²/d=1.225880 | eps_adapter=5.780262e-02 | residual_overlap=0.023584
[step   154500] t/d=772.500 | task1=2.514587e-01 | |m1|=0.995369 | m1²=0.990760 | ||w||²/d=1.225209 | eps_adapter=5.741895e-02 | residual_overlap=0.023578
[step   154600] t/d=773.000 | task1=2.515058e-01 | |m1|=0.995402 | m1²=0.990826 | ||w||²/d=1.224454 | eps_adapter=5.697252e-02 | residual_overlap=0.023499
[step   154700] t/d=773.500 | task1=2.515422e-01 | |m1|=0.995416 | m1²=0.990853 | ||w||²/d=1.224513 | eps_adapter=5.693180e-02 | residual_overlap=0.023489
[step   154800] t/d=774.000 | task1=2.515685e-01 | |m1|=0.995425 | m1²=0.990870 | ||w||²/d=1.225122 | eps_adapter=5.712318e-02 | residual_overlap=0.023475
[step   154900] t/d=774.500 | task1=2.515857e-01 | |m1|=0.995433 | m1²=0.990887 | ||w||²/d=1.225201 | eps_adapter=5.711204e-02 | residual_overlap=0.023420
[step   155000] t/d=775.000 | task1=2.515739e-01 | |m1|=0.995394 | m1²=0.990810 | ||w||²/d=1.225417 | eps_adapter=5.737958e-02 | residual_overlap=0.023444
[step   155100] t/d=775.500 | task1=2.515713e-01 | |m1|=0.995373 | m1²=0.990767 | ||w||²/d=1.227792 | eps_adapter=5.839755e-02 | residual_overlap=0.023464
[step   155200] t/d=776.000 | task1=2.515649e-01 | |m1|=0.995317 | m1²=0.990655 | ||w||²/d=1.227825 | eps_adapter=5.867638e-02 | residual_overlap=0.023563
[step   155300] t/d=776.500 | task1=2.515433e-01 | |m1|=0.995270 | m1²=0.990562 | ||w||²/d=1.228249 | eps_adapter=5.906374e-02 | residual_overlap=0.023634
[step   155400] t/d=777.000 | task1=2.515880e-01 | |m1|=0.995298 | m1²=0.990619 | ||w||²/d=1.228440 | eps_adapter=5.900176e-02 | residual_overlap=0.023588
[step   155500] t/d=777.500 | task1=2.515719e-01 | |m1|=0.995344 | m1²=0.990709 | ||w||²/d=1.227080 | eps_adapter=5.825855e-02 | residual_overlap=0.023557
[step   155600] t/d=778.000 | task1=2.516627e-01 | |m1|=0.995300 | m1²=0.990621 | ||w||²/d=1.228722 | eps_adapter=5.910668e-02 | residual_overlap=0.023578
[step   155700] t/d=778.500 | task1=2.516555e-01 | |m1|=0.995351 | m1²=0.990723 | ||w||²/d=1.228120 | eps_adapter=5.862967e-02 | residual_overlap=0.023524
[step   155800] t/d=779.000 | task1=2.517068e-01 | |m1|=0.995378 | m1²=0.990777 | ||w||²/d=1.228670 | eps_adapter=5.871385e-02 | residual_overlap=0.023473
[step   155900] t/d=779.500 | task1=2.516782e-01 | |m1|=0.995358 | m1²=0.990737 | ||w||²/d=1.230094 | eps_adapter=5.936665e-02 | residual_overlap=0.023475
[step   156000] t/d=780.000 | task1=2.516719e-01 | |m1|=0.995317 | m1²=0.990656 | ||w||²/d=1.228155 | eps_adapter=5.880350e-02 | residual_overlap=0.023477
[step   156100] t/d=780.500 | task1=2.516631e-01 | |m1|=0.995250 | m1²=0.990523 | ||w||²/d=1.226822 | eps_adapter=5.860279e-02 | residual_overlap=0.023520
[step   156200] t/d=781.000 | task1=2.517526e-01 | |m1|=0.995244 | m1²=0.990510 | ||w||²/d=1.225876 | eps_adapter=5.826716e-02 | residual_overlap=0.023539
[step   156300] t/d=781.500 | task1=2.517845e-01 | |m1|=0.995253 | m1²=0.990529 | ||w||²/d=1.226540 | eps_adapter=5.847847e-02 | residual_overlap=0.023546
[step   156400] t/d=782.000 | task1=2.517608e-01 | |m1|=0.995246 | m1²=0.990514 | ||w||²/d=1.227021 | eps_adapter=5.870020e-02 | residual_overlap=0.023557
[step   156500] t/d=782.500 | task1=2.517109e-01 | |m1|=0.995236 | m1²=0.990496 | ||w||²/d=1.226131 | eps_adapter=5.840058e-02 | residual_overlap=0.023560
[step   156600] t/d=783.000 | task1=2.517441e-01 | |m1|=0.995250 | m1²=0.990523 | ||w||²/d=1.226522 | eps_adapter=5.848566e-02 | residual_overlap=0.023536
[step   156700] t/d=783.500 | task1=2.516960e-01 | |m1|=0.995235 | m1²=0.990493 | ||w||²/d=1.228157 | eps_adapter=5.919135e-02 | residual_overlap=0.023564
[step   156800] t/d=784.000 | task1=2.516938e-01 | |m1|=0.995188 | m1²=0.990399 | ||w||²/d=1.227580 | eps_adapter=5.919156e-02 | residual_overlap=0.023620
[step   156900] t/d=784.500 | task1=2.517407e-01 | |m1|=0.995188 | m1²=0.990399 | ||w||²/d=1.228749 | eps_adapter=5.964649e-02 | residual_overlap=0.023619
[step   157000] t/d=785.000 | task1=2.517327e-01 | |m1|=0.995197 | m1²=0.990416 | ||w||²/d=1.229425 | eps_adapter=5.987025e-02 | residual_overlap=0.023645
[step   157100] t/d=785.500 | task1=2.517229e-01 | |m1|=0.995221 | m1²=0.990464 | ||w||²/d=1.229401 | eps_adapter=5.974600e-02 | residual_overlap=0.023660
[step   157200] t/d=786.000 | task1=2.517704e-01 | |m1|=0.995255 | m1²=0.990532 | ||w||²/d=1.230300 | eps_adapter=5.993646e-02 | residual_overlap=0.023705
[step   157300] t/d=786.500 | task1=2.517364e-01 | |m1|=0.995254 | m1²=0.990530 | ||w||²/d=1.230046 | eps_adapter=5.984279e-02 | residual_overlap=0.023684
[step   157400] t/d=787.000 | task1=2.517027e-01 | |m1|=0.995292 | m1²=0.990607 | ||w||²/d=1.230230 | eps_adapter=5.973041e-02 | residual_overlap=0.023628
[step   157500] t/d=787.500 | task1=2.516934e-01 | |m1|=0.995280 | m1²=0.990583 | ||w||²/d=1.230459 | eps_adapter=5.987732e-02 | residual_overlap=0.023619
[step   157600] t/d=788.000 | task1=2.517181e-01 | |m1|=0.995321 | m1²=0.990664 | ||w||²/d=1.229853 | eps_adapter=5.944596e-02 | residual_overlap=0.023536
[step   157700] t/d=788.500 | task1=2.517615e-01 | |m1|=0.995283 | m1²=0.990588 | ||w||²/d=1.229903 | eps_adapter=5.964766e-02 | residual_overlap=0.023587
[step   157800] t/d=789.000 | task1=2.517742e-01 | |m1|=0.995263 | m1²=0.990548 | ||w||²/d=1.229813 | eps_adapter=5.970700e-02 | residual_overlap=0.023632
[step   157900] t/d=789.500 | task1=2.517335e-01 | |m1|=0.995303 | m1²=0.990629 | ||w||²/d=1.228375 | eps_adapter=5.895371e-02 | residual_overlap=0.023620
[step   158000] t/d=790.000 | task1=2.517204e-01 | |m1|=0.995287 | m1²=0.990596 | ||w||²/d=1.228217 | eps_adapter=5.896941e-02 | residual_overlap=0.023625
[step   158100] t/d=790.500 | task1=2.517455e-01 | |m1|=0.995357 | m1²=0.990736 | ||w||²/d=1.228563 | eps_adapter=5.877190e-02 | residual_overlap=0.023522
[step   158200] t/d=791.000 | task1=2.518105e-01 | |m1|=0.995332 | m1²=0.990686 | ||w||²/d=1.227949 | eps_adapter=5.865040e-02 | residual_overlap=0.023546
[step   158300] t/d=791.500 | task1=2.518257e-01 | |m1|=0.995325 | m1²=0.990673 | ||w||²/d=1.227315 | eps_adapter=5.843683e-02 | residual_overlap=0.023538
[step   158400] t/d=792.000 | task1=2.517891e-01 | |m1|=0.995334 | m1²=0.990690 | ||w||²/d=1.225904 | eps_adapter=5.785169e-02 | residual_overlap=0.023558
[step   158500] t/d=792.500 | task1=2.517682e-01 | |m1|=0.995333 | m1²=0.990687 | ||w||²/d=1.225648 | eps_adapter=5.775868e-02 | residual_overlap=0.023600
[step   158600] t/d=793.000 | task1=2.517764e-01 | |m1|=0.995350 | m1²=0.990722 | ||w||²/d=1.225976 | eps_adapter=5.780300e-02 | residual_overlap=0.023582
[step   158700] t/d=793.500 | task1=2.517465e-01 | |m1|=0.995387 | m1²=0.990795 | ||w||²/d=1.225386 | eps_adapter=5.740159e-02 | residual_overlap=0.023545
[step   158800] t/d=794.000 | task1=2.517396e-01 | |m1|=0.995398 | m1²=0.990818 | ||w||²/d=1.225865 | eps_adapter=5.753152e-02 | residual_overlap=0.023530
[step   158900] t/d=794.500 | task1=2.517758e-01 | |m1|=0.995279 | m1²=0.990580 | ||w||²/d=1.226037 | eps_adapter=5.816470e-02 | residual_overlap=0.023627
[step   159000] t/d=795.000 | task1=2.517614e-01 | |m1|=0.995217 | m1²=0.990456 | ||w||²/d=1.225366 | eps_adapter=5.820035e-02 | residual_overlap=0.023708
[step   159100] t/d=795.500 | task1=2.517427e-01 | |m1|=0.995224 | m1²=0.990470 | ||w||²/d=1.223506 | eps_adapter=5.745612e-02 | residual_overlap=0.023726
[step   159200] t/d=796.000 | task1=2.517100e-01 | |m1|=0.995276 | m1²=0.990574 | ||w||²/d=1.224917 | eps_adapter=5.774885e-02 | residual_overlap=0.023648
[step   159300] t/d=796.500 | task1=2.516895e-01 | |m1|=0.995273 | m1²=0.990567 | ||w||²/d=1.224754 | eps_adapter=5.770131e-02 | residual_overlap=0.023628
[step   159400] t/d=797.000 | task1=2.516672e-01 | |m1|=0.995255 | m1²=0.990532 | ||w||²/d=1.224122 | eps_adapter=5.754382e-02 | residual_overlap=0.023672
[step   159500] t/d=797.500 | task1=2.517062e-01 | |m1|=0.995248 | m1²=0.990519 | ||w||²/d=1.223451 | eps_adapter=5.731973e-02 | residual_overlap=0.023735
[step   159600] t/d=798.000 | task1=2.517222e-01 | |m1|=0.995196 | m1²=0.990414 | ||w||²/d=1.222641 | eps_adapter=5.725973e-02 | residual_overlap=0.023854
[step   159700] t/d=798.500 | task1=2.516786e-01 | |m1|=0.995204 | m1²=0.990432 | ||w||²/d=1.223676 | eps_adapter=5.761171e-02 | residual_overlap=0.023869
[step   159800] t/d=799.000 | task1=2.515911e-01 | |m1|=0.995188 | m1²=0.990399 | ||w||²/d=1.222915 | eps_adapter=5.739925e-02 | residual_overlap=0.023929
[step   159900] t/d=799.500 | task1=2.516219e-01 | |m1|=0.995163 | m1²=0.990350 | ||w||²/d=1.222504 | eps_adapter=5.736032e-02 | residual_overlap=0.023974
[step   160000] t/d=800.000 | task1=2.516098e-01 | |m1|=0.995180 | m1²=0.990383 | ||w||²/d=1.224725 | eps_adapter=5.812886e-02 | residual_overlap=0.023993
[step   160100] t/d=800.500 | task1=2.516396e-01 | |m1|=0.995150 | m1²=0.990324 | ||w||²/d=1.224397 | eps_adapter=5.814327e-02 | residual_overlap=0.024030
[step   160200] t/d=801.000 | task1=2.515688e-01 | |m1|=0.995204 | m1²=0.990431 | ||w||²/d=1.225922 | eps_adapter=5.847374e-02 | residual_overlap=0.023959
[step   160300] t/d=801.500 | task1=2.515571e-01 | |m1|=0.995240 | m1²=0.990503 | ||w||²/d=1.225396 | eps_adapter=5.810044e-02 | residual_overlap=0.023941
[step   160400] t/d=802.000 | task1=2.515141e-01 | |m1|=0.995267 | m1²=0.990556 | ||w||²/d=1.225475 | eps_adapter=5.800599e-02 | residual_overlap=0.023931
[step   160500] t/d=802.500 | task1=2.515076e-01 | |m1|=0.995238 | m1²=0.990499 | ||w||²/d=1.225550 | eps_adapter=5.817003e-02 | residual_overlap=0.023968
[step   160600] t/d=803.000 | task1=2.515594e-01 | |m1|=0.995237 | m1²=0.990496 | ||w||²/d=1.225144 | eps_adapter=5.801938e-02 | residual_overlap=0.023938
[step   160700] t/d=803.500 | task1=2.514904e-01 | |m1|=0.995228 | m1²=0.990479 | ||w||²/d=1.225471 | eps_adapter=5.818665e-02 | residual_overlap=0.023970
[step   160800] t/d=804.000 | task1=2.515024e-01 | |m1|=0.995219 | m1²=0.990461 | ||w||²/d=1.225065 | eps_adapter=5.807221e-02 | residual_overlap=0.023954
[step   160900] t/d=804.500 | task1=2.514910e-01 | |m1|=0.995257 | m1²=0.990537 | ||w||²/d=1.225410 | eps_adapter=5.802512e-02 | residual_overlap=0.023901
[step   161000] t/d=805.000 | task1=2.514918e-01 | |m1|=0.995285 | m1²=0.990591 | ||w||²/d=1.225273 | eps_adapter=5.784349e-02 | residual_overlap=0.023851
[step   161100] t/d=805.500 | task1=2.514864e-01 | |m1|=0.995239 | m1²=0.990501 | ||w||²/d=1.225076 | eps_adapter=5.798254e-02 | residual_overlap=0.023903
[step   161200] t/d=806.000 | task1=2.514258e-01 | |m1|=0.995250 | m1²=0.990522 | ||w||²/d=1.224383 | eps_adapter=5.766805e-02 | residual_overlap=0.023906
[step   161300] t/d=806.500 | task1=2.514181e-01 | |m1|=0.995304 | m1²=0.990630 | ||w||²/d=1.225216 | eps_adapter=5.772871e-02 | residual_overlap=0.023844
[step   161400] t/d=807.000 | task1=2.513877e-01 | |m1|=0.995262 | m1²=0.990547 | ||w||²/d=1.225684 | eps_adapter=5.810677e-02 | residual_overlap=0.023900
[step   161500] t/d=807.500 | task1=2.513538e-01 | |m1|=0.995320 | m1²=0.990662 | ||w||²/d=1.225597 | eps_adapter=5.779941e-02 | residual_overlap=0.023823
[step   161600] t/d=808.000 | task1=2.513689e-01 | |m1|=0.995303 | m1²=0.990628 | ||w||²/d=1.225738 | eps_adapter=5.793348e-02 | residual_overlap=0.023808
[step   161700] t/d=808.500 | task1=2.513927e-01 | |m1|=0.995282 | m1²=0.990587 | ||w||²/d=1.223695 | eps_adapter=5.725069e-02 | residual_overlap=0.023861
[step   161800] t/d=809.000 | task1=2.514379e-01 | |m1|=0.995329 | m1²=0.990679 | ||w||²/d=1.223974 | eps_adapter=5.713834e-02 | residual_overlap=0.023790
[step   161900] t/d=809.500 | task1=2.514081e-01 | |m1|=0.995339 | m1²=0.990700 | ||w||²/d=1.225293 | eps_adapter=5.759217e-02 | residual_overlap=0.023790
[step   162000] t/d=810.000 | task1=2.514422e-01 | |m1|=0.995314 | m1²=0.990650 | ||w||²/d=1.223694 | eps_adapter=5.709933e-02 | residual_overlap=0.023812
[step   162100] t/d=810.500 | task1=2.515345e-01 | |m1|=0.995308 | m1²=0.990639 | ||w||²/d=1.223699 | eps_adapter=5.712875e-02 | residual_overlap=0.023826
[step   162200] t/d=811.000 | task1=2.515891e-01 | |m1|=0.995239 | m1²=0.990501 | ||w||²/d=1.224132 | eps_adapter=5.762063e-02 | residual_overlap=0.023890
[step   162300] t/d=811.500 | task1=2.516971e-01 | |m1|=0.995198 | m1²=0.990419 | ||w||²/d=1.224433 | eps_adapter=5.793141e-02 | residual_overlap=0.023888
[step   162400] t/d=812.000 | task1=2.516427e-01 | |m1|=0.995213 | m1²=0.990449 | ||w||²/d=1.224337 | eps_adapter=5.782311e-02 | residual_overlap=0.023860
[step   162500] t/d=812.500 | task1=2.516702e-01 | |m1|=0.995235 | m1²=0.990493 | ||w||²/d=1.224250 | eps_adapter=5.768456e-02 | residual_overlap=0.023882
[step   162600] t/d=813.000 | task1=2.516926e-01 | |m1|=0.995196 | m1²=0.990414 | ||w||²/d=1.224234 | eps_adapter=5.786666e-02 | residual_overlap=0.023979
[step   162700] t/d=813.500 | task1=2.517217e-01 | |m1|=0.995221 | m1²=0.990464 | ||w||²/d=1.224134 | eps_adapter=5.770980e-02 | residual_overlap=0.023941
[step   162800] t/d=814.000 | task1=2.517113e-01 | |m1|=0.995240 | m1²=0.990502 | ||w||²/d=1.222115 | eps_adapter=5.685194e-02 | residual_overlap=0.023895
[step   162900] t/d=814.500 | task1=2.517061e-01 | |m1|=0.995281 | m1²=0.990583 | ||w||²/d=1.222762 | eps_adapter=5.690512e-02 | residual_overlap=0.023825
[step   163000] t/d=815.000 | task1=2.517104e-01 | |m1|=0.995248 | m1²=0.990518 | ||w||²/d=1.221141 | eps_adapter=5.644717e-02 | residual_overlap=0.023856
[step   163100] t/d=815.500 | task1=2.517018e-01 | |m1|=0.995261 | m1²=0.990544 | ||w||²/d=1.221459 | eps_adapter=5.650626e-02 | residual_overlap=0.023881
[step   163200] t/d=816.000 | task1=2.516881e-01 | |m1|=0.995234 | m1²=0.990491 | ||w||²/d=1.220972 | eps_adapter=5.644766e-02 | residual_overlap=0.023926
[step   163300] t/d=816.500 | task1=2.517455e-01 | |m1|=0.995175 | m1²=0.990373 | ||w||²/d=1.220333 | eps_adapter=5.648720e-02 | residual_overlap=0.023971
[step   163400] t/d=817.000 | task1=2.516248e-01 | |m1|=0.995212 | m1²=0.990448 | ||w||²/d=1.220407 | eps_adapter=5.633868e-02 | residual_overlap=0.023961
[step   163500] t/d=817.500 | task1=2.515865e-01 | |m1|=0.995254 | m1²=0.990531 | ||w||²/d=1.220370 | eps_adapter=5.612749e-02 | residual_overlap=0.023913
[step   163600] t/d=818.000 | task1=2.515135e-01 | |m1|=0.995235 | m1²=0.990492 | ||w||²/d=1.220926 | eps_adapter=5.642805e-02 | residual_overlap=0.023926
[step   163700] t/d=818.500 | task1=2.515301e-01 | |m1|=0.995226 | m1²=0.990475 | ||w||²/d=1.219962 | eps_adapter=5.610759e-02 | residual_overlap=0.023922
[step   163800] t/d=819.000 | task1=2.514802e-01 | |m1|=0.995303 | m1²=0.990628 | ||w||²/d=1.220307 | eps_adapter=5.587510e-02 | residual_overlap=0.023845
[step   163900] t/d=819.500 | task1=2.514894e-01 | |m1|=0.995320 | m1²=0.990661 | ||w||²/d=1.220160 | eps_adapter=5.574147e-02 | residual_overlap=0.023805
[step   164000] t/d=820.000 | task1=2.514968e-01 | |m1|=0.995234 | m1²=0.990490 | ||w||²/d=1.218071 | eps_adapter=5.536747e-02 | residual_overlap=0.023882
[step   164100] t/d=820.500 | task1=2.514744e-01 | |m1|=0.995301 | m1²=0.990624 | ||w||²/d=1.217374 | eps_adapter=5.479382e-02 | residual_overlap=0.023828
[step   164200] t/d=821.000 | task1=2.514817e-01 | |m1|=0.995318 | m1²=0.990658 | ||w||²/d=1.218577 | eps_adapter=5.515802e-02 | residual_overlap=0.023799
[step   164300] t/d=821.500 | task1=2.514906e-01 | |m1|=0.995304 | m1²=0.990631 | ||w||²/d=1.218982 | eps_adapter=5.537388e-02 | residual_overlap=0.023797
[step   164400] t/d=822.000 | task1=2.514542e-01 | |m1|=0.995293 | m1²=0.990608 | ||w||²/d=1.219191 | eps_adapter=5.550418e-02 | residual_overlap=0.023768
[step   164500] t/d=822.500 | task1=2.514420e-01 | |m1|=0.995229 | m1²=0.990480 | ||w||²/d=1.219208 | eps_adapter=5.581396e-02 | residual_overlap=0.023830
[step   164600] t/d=823.000 | task1=2.514014e-01 | |m1|=0.995225 | m1²=0.990473 | ||w||²/d=1.218844 | eps_adapter=5.569569e-02 | residual_overlap=0.023818
[step   164700] t/d=823.500 | task1=2.513608e-01 | |m1|=0.995241 | m1²=0.990504 | ||w||²/d=1.218755 | eps_adapter=5.558802e-02 | residual_overlap=0.023816
[step   164800] t/d=824.000 | task1=2.513136e-01 | |m1|=0.995289 | m1²=0.990600 | ||w||²/d=1.217587 | eps_adapter=5.493010e-02 | residual_overlap=0.023769
[step   164900] t/d=824.500 | task1=2.513351e-01 | |m1|=0.995323 | m1²=0.990667 | ||w||²/d=1.218295 | eps_adapter=5.503338e-02 | residual_overlap=0.023770
[step   165000] t/d=825.000 | task1=2.513796e-01 | |m1|=0.995269 | m1²=0.990561 | ||w||²/d=1.218874 | eps_adapter=5.549943e-02 | residual_overlap=0.023786
[step   165100] t/d=825.500 | task1=2.513563e-01 | |m1|=0.995257 | m1²=0.990536 | ||w||²/d=1.218447 | eps_adapter=5.539824e-02 | residual_overlap=0.023844
[step   165200] t/d=826.000 | task1=2.512937e-01 | |m1|=0.995256 | m1²=0.990535 | ||w||²/d=1.220264 | eps_adapter=5.607903e-02 | residual_overlap=0.023845
[step   165300] t/d=826.500 | task1=2.513783e-01 | |m1|=0.995247 | m1²=0.990516 | ||w||²/d=1.220386 | eps_adapter=5.616820e-02 | residual_overlap=0.023860
[step   165400] t/d=827.000 | task1=2.513897e-01 | |m1|=0.995208 | m1²=0.990439 | ||w||²/d=1.221333 | eps_adapter=5.670680e-02 | residual_overlap=0.023885
[step   165500] t/d=827.500 | task1=2.513848e-01 | |m1|=0.995213 | m1²=0.990450 | ||w||²/d=1.220397 | eps_adapter=5.633032e-02 | residual_overlap=0.023843
[step   165600] t/d=828.000 | task1=2.513790e-01 | |m1|=0.995228 | m1²=0.990478 | ||w||²/d=1.220925 | eps_adapter=5.646086e-02 | residual_overlap=0.023837
[step   165700] t/d=828.500 | task1=2.514053e-01 | |m1|=0.995182 | m1²=0.990388 | ||w||²/d=1.219857 | eps_adapter=5.627447e-02 | residual_overlap=0.023877
[step   165800] t/d=829.000 | task1=2.513980e-01 | |m1|=0.995185 | m1²=0.990393 | ||w||²/d=1.220121 | eps_adapter=5.636008e-02 | residual_overlap=0.023838
[step   165900] t/d=829.500 | task1=2.513716e-01 | |m1|=0.995232 | m1²=0.990487 | ||w||²/d=1.219055 | eps_adapter=5.574173e-02 | residual_overlap=0.023803
[step   166000] t/d=830.000 | task1=2.513576e-01 | |m1|=0.995238 | m1²=0.990499 | ||w||²/d=1.219746 | eps_adapter=5.597085e-02 | residual_overlap=0.023806
[step   166100] t/d=830.500 | task1=2.514777e-01 | |m1|=0.995228 | m1²=0.990478 | ||w||²/d=1.219252 | eps_adapter=5.583528e-02 | residual_overlap=0.023799
[step   166200] t/d=831.000 | task1=2.514872e-01 | |m1|=0.995226 | m1²=0.990475 | ||w||²/d=1.219008 | eps_adapter=5.575270e-02 | residual_overlap=0.023793
[step   166300] t/d=831.500 | task1=2.515166e-01 | |m1|=0.995203 | m1²=0.990429 | ||w||²/d=1.219505 | eps_adapter=5.604541e-02 | residual_overlap=0.023835
[step   166400] t/d=832.000 | task1=2.515293e-01 | |m1|=0.995260 | m1²=0.990542 | ||w||²/d=1.219050 | eps_adapter=5.560795e-02 | residual_overlap=0.023762
[step   166500] t/d=832.500 | task1=2.515379e-01 | |m1|=0.995230 | m1²=0.990482 | ||w||²/d=1.220630 | eps_adapter=5.634127e-02 | residual_overlap=0.023785
[step   166600] t/d=833.000 | task1=2.515702e-01 | |m1|=0.995251 | m1²=0.990524 | ||w||²/d=1.220836 | eps_adapter=5.631881e-02 | residual_overlap=0.023763
[step   166700] t/d=833.500 | task1=2.515839e-01 | |m1|=0.995263 | m1²=0.990549 | ||w||²/d=1.220822 | eps_adapter=5.625576e-02 | residual_overlap=0.023746
[step   166800] t/d=834.000 | task1=2.515958e-01 | |m1|=0.995237 | m1²=0.990497 | ||w||²/d=1.220826 | eps_adapter=5.637885e-02 | residual_overlap=0.023753
[step   166900] t/d=834.500 | task1=2.515547e-01 | |m1|=0.995261 | m1²=0.990545 | ||w||²/d=1.220538 | eps_adapter=5.615735e-02 | residual_overlap=0.023773
[step   167000] t/d=835.000 | task1=2.515482e-01 | |m1|=0.995254 | m1²=0.990531 | ||w||²/d=1.220899 | eps_adapter=5.632570e-02 | residual_overlap=0.023802
[step   167100] t/d=835.500 | task1=2.515836e-01 | |m1|=0.995173 | m1²=0.990370 | ||w||²/d=1.220239 | eps_adapter=5.645968e-02 | residual_overlap=0.023886
[step   167200] t/d=836.000 | task1=2.516331e-01 | |m1|=0.995163 | m1²=0.990350 | ||w||²/d=1.220067 | eps_adapter=5.644287e-02 | residual_overlap=0.023879
[step   167300] t/d=836.500 | task1=2.516126e-01 | |m1|=0.995216 | m1²=0.990456 | ||w||²/d=1.218968 | eps_adapter=5.578258e-02 | residual_overlap=0.023825
[step   167400] t/d=837.000 | task1=2.516232e-01 | |m1|=0.995234 | m1²=0.990492 | ||w||²/d=1.219246 | eps_adapter=5.580109e-02 | residual_overlap=0.023806
[step   167500] t/d=837.500 | task1=2.516351e-01 | |m1|=0.995278 | m1²=0.990578 | ||w||²/d=1.219659 | eps_adapter=5.574963e-02 | residual_overlap=0.023766
[step   167600] t/d=838.000 | task1=2.516992e-01 | |m1|=0.995253 | m1²=0.990529 | ||w||²/d=1.221353 | eps_adapter=5.650141e-02 | residual_overlap=0.023782
[step   167700] t/d=838.500 | task1=2.517137e-01 | |m1|=0.995252 | m1²=0.990526 | ||w||²/d=1.220475 | eps_adapter=5.617884e-02 | residual_overlap=0.023792
[step   167800] t/d=839.000 | task1=2.516753e-01 | |m1|=0.995320 | m1²=0.990662 | ||w||²/d=1.218633 | eps_adapter=5.517078e-02 | residual_overlap=0.023736
[step   167900] t/d=839.500 | task1=2.516301e-01 | |m1|=0.995311 | m1²=0.990645 | ||w||²/d=1.219088 | eps_adapter=5.538017e-02 | residual_overlap=0.023753
[step   168000] t/d=840.000 | task1=2.515796e-01 | |m1|=0.995314 | m1²=0.990649 | ||w||²/d=1.218214 | eps_adapter=5.504507e-02 | residual_overlap=0.023795
[step   168100] t/d=840.500 | task1=2.515584e-01 | |m1|=0.995379 | m1²=0.990780 | ||w||²/d=1.220931 | eps_adapter=5.574891e-02 | residual_overlap=0.023744
[step   168200] t/d=841.000 | task1=2.515026e-01 | |m1|=0.995430 | m1²=0.990880 | ||w||²/d=1.221037 | eps_adapter=5.555036e-02 | residual_overlap=0.023656
[step   168300] t/d=841.500 | task1=2.515187e-01 | |m1|=0.995467 | m1²=0.990954 | ||w||²/d=1.222082 | eps_adapter=5.576928e-02 | residual_overlap=0.023602
[step   168400] t/d=842.000 | task1=2.514620e-01 | |m1|=0.995421 | m1²=0.990863 | ||w||²/d=1.220658 | eps_adapter=5.544881e-02 | residual_overlap=0.023683
[step   168500] t/d=842.500 | task1=2.514616e-01 | |m1|=0.995495 | m1²=0.991009 | ||w||²/d=1.218213 | eps_adapter=5.419390e-02 | residual_overlap=0.023592
[step   168600] t/d=843.000 | task1=2.514650e-01 | |m1|=0.995468 | m1²=0.990956 | ||w||²/d=1.217791 | eps_adapter=5.416355e-02 | residual_overlap=0.023631
[step   168700] t/d=843.500 | task1=2.514308e-01 | |m1|=0.995469 | m1²=0.990959 | ||w||²/d=1.218973 | eps_adapter=5.459310e-02 | residual_overlap=0.023639
[step   168800] t/d=844.000 | task1=2.514533e-01 | |m1|=0.995433 | m1²=0.990886 | ||w||²/d=1.218141 | eps_adapter=5.445799e-02 | residual_overlap=0.023674
[step   168900] t/d=844.500 | task1=2.514447e-01 | |m1|=0.995463 | m1²=0.990946 | ||w||²/d=1.217142 | eps_adapter=5.394834e-02 | residual_overlap=0.023609
[step   169000] t/d=845.000 | task1=2.514057e-01 | |m1|=0.995519 | m1²=0.991059 | ||w||²/d=1.217624 | eps_adapter=5.385943e-02 | residual_overlap=0.023525
[step   169100] t/d=845.500 | task1=2.514246e-01 | |m1|=0.995514 | m1²=0.991049 | ||w||²/d=1.218923 | eps_adapter=5.436419e-02 | residual_overlap=0.023531
[step   169200] t/d=846.000 | task1=2.515044e-01 | |m1|=0.995469 | m1²=0.990959 | ||w||²/d=1.218963 | eps_adapter=5.459086e-02 | residual_overlap=0.023525
[step   169300] t/d=846.500 | task1=2.514916e-01 | |m1|=0.995482 | m1²=0.990984 | ||w||²/d=1.218881 | eps_adapter=5.450145e-02 | residual_overlap=0.023479
[step   169400] t/d=847.000 | task1=2.515358e-01 | |m1|=0.995563 | m1²=0.991147 | ||w||²/d=1.218801 | eps_adapter=5.408721e-02 | residual_overlap=0.023350
[step   169500] t/d=847.500 | task1=2.515673e-01 | |m1|=0.995535 | m1²=0.991090 | ||w||²/d=1.217670 | eps_adapter=5.380367e-02 | residual_overlap=0.023401
[step   169600] t/d=848.000 | task1=2.515565e-01 | |m1|=0.995453 | m1²=0.990927 | ||w||²/d=1.217004 | eps_adapter=5.394223e-02 | residual_overlap=0.023501
[step   169700] t/d=848.500 | task1=2.514919e-01 | |m1|=0.995494 | m1²=0.991009 | ||w||²/d=1.217324 | eps_adapter=5.386716e-02 | residual_overlap=0.023435
[step   169800] t/d=849.000 | task1=2.514672e-01 | |m1|=0.995445 | m1²=0.990911 | ||w||²/d=1.217510 | eps_adapter=5.416574e-02 | residual_overlap=0.023517
[step   169900] t/d=849.500 | task1=2.514154e-01 | |m1|=0.995466 | m1²=0.990953 | ||w||²/d=1.217332 | eps_adapter=5.400129e-02 | residual_overlap=0.023483
[step   170000] t/d=850.000 | task1=2.513694e-01 | |m1|=0.995517 | m1²=0.991055 | ||w||²/d=1.217179 | eps_adapter=5.370529e-02 | residual_overlap=0.023432
[step   170100] t/d=850.500 | task1=2.513924e-01 | |m1|=0.995507 | m1²=0.991034 | ||w||²/d=1.216309 | eps_adapter=5.343578e-02 | residual_overlap=0.023453
[step   170200] t/d=851.000 | task1=2.514020e-01 | |m1|=0.995483 | m1²=0.990986 | ||w||²/d=1.216253 | eps_adapter=5.352904e-02 | residual_overlap=0.023463
[step   170300] t/d=851.500 | task1=2.513518e-01 | |m1|=0.995486 | m1²=0.990992 | ||w||²/d=1.214823 | eps_adapter=5.299337e-02 | residual_overlap=0.023461
[step   170400] t/d=852.000 | task1=2.513716e-01 | |m1|=0.995447 | m1²=0.990915 | ||w||²/d=1.214643 | eps_adapter=5.310955e-02 | residual_overlap=0.023499
[step   170500] t/d=852.500 | task1=2.513868e-01 | |m1|=0.995486 | m1²=0.990993 | ||w||²/d=1.214655 | eps_adapter=5.293041e-02 | residual_overlap=0.023493
[step   170600] t/d=853.000 | task1=2.513773e-01 | |m1|=0.995469 | m1²=0.990958 | ||w||²/d=1.214755 | eps_adapter=5.304888e-02 | residual_overlap=0.023529
[step   170700] t/d=853.500 | task1=2.513872e-01 | |m1|=0.995546 | m1²=0.991111 | ||w||²/d=1.216172 | eps_adapter=5.320396e-02 | residual_overlap=0.023437
[step   170800] t/d=854.000 | task1=2.514002e-01 | |m1|=0.995488 | m1²=0.990997 | ||w||²/d=1.214806 | eps_adapter=5.297470e-02 | residual_overlap=0.023520
[step   170900] t/d=854.500 | task1=2.514016e-01 | |m1|=0.995476 | m1²=0.990972 | ||w||²/d=1.214942 | eps_adapter=5.308378e-02 | residual_overlap=0.023569
[step   171000] t/d=855.000 | task1=2.514430e-01 | |m1|=0.995477 | m1²=0.990974 | ||w||²/d=1.214660 | eps_adapter=5.297562e-02 | residual_overlap=0.023583
[step   171100] t/d=855.500 | task1=2.513805e-01 | |m1|=0.995559 | m1²=0.991138 | ||w||²/d=1.216506 | eps_adapter=5.326135e-02 | residual_overlap=0.023537
[step   171200] t/d=856.000 | task1=2.513413e-01 | |m1|=0.995546 | m1²=0.991111 | ||w||²/d=1.217821 | eps_adapter=5.380880e-02 | residual_overlap=0.023549
[step   171300] t/d=856.500 | task1=2.513844e-01 | |m1|=0.995547 | m1²=0.991114 | ||w||²/d=1.216864 | eps_adapter=5.345100e-02 | residual_overlap=0.023531
[step   171400] t/d=857.000 | task1=2.513759e-01 | |m1|=0.995559 | m1²=0.991137 | ||w||²/d=1.216515 | eps_adapter=5.326821e-02 | residual_overlap=0.023511
[step   171500] t/d=857.500 | task1=2.513286e-01 | |m1|=0.995527 | m1²=0.991074 | ||w||²/d=1.215619 | eps_adapter=5.309010e-02 | residual_overlap=0.023499
[step   171600] t/d=858.000 | task1=2.512893e-01 | |m1|=0.995561 | m1²=0.991142 | ||w||²/d=1.216447 | eps_adapter=5.323077e-02 | residual_overlap=0.023416
[step   171700] t/d=858.500 | task1=2.512998e-01 | |m1|=0.995565 | m1²=0.991150 | ||w||²/d=1.218150 | eps_adapter=5.383847e-02 | residual_overlap=0.023391
[step   171800] t/d=859.000 | task1=2.513273e-01 | |m1|=0.995534 | m1²=0.991089 | ||w||²/d=1.217975 | eps_adapter=5.391827e-02 | residual_overlap=0.023445
[step   171900] t/d=859.500 | task1=2.513094e-01 | |m1|=0.995487 | m1²=0.990995 | ||w||²/d=1.218119 | eps_adapter=5.419243e-02 | residual_overlap=0.023512
[step   172000] t/d=860.000 | task1=2.512789e-01 | |m1|=0.995470 | m1²=0.990961 | ||w||²/d=1.218763 | eps_adapter=5.451198e-02 | residual_overlap=0.023497
[step   172100] t/d=860.500 | task1=2.512753e-01 | |m1|=0.995436 | m1²=0.990893 | ||w||²/d=1.218789 | eps_adapter=5.468126e-02 | residual_overlap=0.023527
[step   172200] t/d=861.000 | task1=2.513010e-01 | |m1|=0.995455 | m1²=0.990931 | ||w||²/d=1.218200 | eps_adapter=5.437520e-02 | residual_overlap=0.023526
[step   172300] t/d=861.500 | task1=2.512771e-01 | |m1|=0.995433 | m1²=0.990886 | ||w||²/d=1.217802 | eps_adapter=5.433250e-02 | residual_overlap=0.023537
[step   172400] t/d=862.000 | task1=2.512841e-01 | |m1|=0.995371 | m1²=0.990764 | ||w||²/d=1.218980 | eps_adapter=5.505903e-02 | residual_overlap=0.023620
[step   172500] t/d=862.500 | task1=2.512812e-01 | |m1|=0.995394 | m1²=0.990810 | ||w||²/d=1.220425 | eps_adapter=5.548775e-02 | residual_overlap=0.023605
[step   172600] t/d=863.000 | task1=2.512695e-01 | |m1|=0.995403 | m1²=0.990827 | ||w||²/d=1.221244 | eps_adapter=5.575495e-02 | residual_overlap=0.023596
[step   172700] t/d=863.500 | task1=2.512686e-01 | |m1|=0.995377 | m1²=0.990776 | ||w||²/d=1.220835 | eps_adapter=5.572228e-02 | residual_overlap=0.023631
[step   172800] t/d=864.000 | task1=2.513038e-01 | |m1|=0.995331 | m1²=0.990683 | ||w||²/d=1.219752 | eps_adapter=5.553613e-02 | residual_overlap=0.023673
[step   172900] t/d=864.500 | task1=2.513820e-01 | |m1|=0.995410 | m1²=0.990840 | ||w||²/d=1.219922 | eps_adapter=5.522777e-02 | residual_overlap=0.023573
[step   173000] t/d=865.000 | task1=2.513409e-01 | |m1|=0.995412 | m1²=0.990846 | ||w||²/d=1.219687 | eps_adapter=5.512788e-02 | residual_overlap=0.023608
[step   173100] t/d=865.500 | task1=2.513532e-01 | |m1|=0.995395 | m1²=0.990811 | ||w||²/d=1.220949 | eps_adapter=5.568228e-02 | residual_overlap=0.023631
[step   173200] t/d=866.000 | task1=2.513485e-01 | |m1|=0.995332 | m1²=0.990686 | ||w||²/d=1.221540 | eps_adapter=5.620104e-02 | residual_overlap=0.023706
[step   173300] t/d=866.500 | task1=2.512927e-01 | |m1|=0.995271 | m1²=0.990564 | ||w||²/d=1.221433 | eps_adapter=5.644860e-02 | residual_overlap=0.023824
[step   173400] t/d=867.000 | task1=2.513036e-01 | |m1|=0.995256 | m1²=0.990534 | ||w||²/d=1.221846 | eps_adapter=5.667539e-02 | residual_overlap=0.023832
[step   173500] t/d=867.500 | task1=2.513091e-01 | |m1|=0.995210 | m1²=0.990444 | ||w||²/d=1.221543 | eps_adapter=5.677532e-02 | residual_overlap=0.023877
[step   173600] t/d=868.000 | task1=2.513292e-01 | |m1|=0.995194 | m1²=0.990411 | ||w||²/d=1.220113 | eps_adapter=5.631447e-02 | residual_overlap=0.023906
[step   173700] t/d=868.500 | task1=2.513477e-01 | |m1|=0.995233 | m1²=0.990489 | ||w||²/d=1.221093 | eps_adapter=5.649752e-02 | residual_overlap=0.023912
[step   173800] t/d=869.000 | task1=2.513750e-01 | |m1|=0.995276 | m1²=0.990573 | ||w||²/d=1.221737 | eps_adapter=5.654111e-02 | residual_overlap=0.023887
[step   173900] t/d=869.500 | task1=2.513227e-01 | |m1|=0.995266 | m1²=0.990555 | ||w||²/d=1.221597 | eps_adapter=5.653177e-02 | residual_overlap=0.023856
[step   174000] t/d=870.000 | task1=2.513269e-01 | |m1|=0.995223 | m1²=0.990470 | ||w||²/d=1.222986 | eps_adapter=5.725934e-02 | residual_overlap=0.023939
[step   174100] t/d=870.500 | task1=2.513252e-01 | |m1|=0.995212 | m1²=0.990447 | ||w||²/d=1.222149 | eps_adapter=5.699598e-02 | residual_overlap=0.023989
[step   174200] t/d=871.000 | task1=2.513134e-01 | |m1|=0.995184 | m1²=0.990391 | ||w||²/d=1.220703 | eps_adapter=5.658522e-02 | residual_overlap=0.024026
[step   174300] t/d=871.500 | task1=2.513372e-01 | |m1|=0.995177 | m1²=0.990377 | ||w||²/d=1.220537 | eps_adapter=5.655489e-02 | residual_overlap=0.024038
[step   174400] t/d=872.000 | task1=2.512607e-01 | |m1|=0.995132 | m1²=0.990288 | ||w||²/d=1.221953 | eps_adapter=5.729891e-02 | residual_overlap=0.024079
[step   174500] t/d=872.500 | task1=2.512224e-01 | |m1|=0.995084 | m1²=0.990192 | ||w||²/d=1.221192 | eps_adapter=5.723848e-02 | residual_overlap=0.024126
[step   174600] t/d=873.000 | task1=2.512739e-01 | |m1|=0.995054 | m1²=0.990133 | ||w||²/d=1.221818 | eps_adapter=5.761482e-02 | residual_overlap=0.024160
[step   174700] t/d=873.500 | task1=2.512701e-01 | |m1|=0.995076 | m1²=0.990176 | ||w||²/d=1.221452 | eps_adapter=5.737398e-02 | residual_overlap=0.024117
[step   174800] t/d=874.000 | task1=2.513233e-01 | |m1|=0.995144 | m1²=0.990311 | ||w||²/d=1.222058 | eps_adapter=5.728462e-02 | residual_overlap=0.024051
[step   174900] t/d=874.500 | task1=2.512957e-01 | |m1|=0.995082 | m1²=0.990188 | ||w||²/d=1.222542 | eps_adapter=5.775982e-02 | residual_overlap=0.024107
[step   175000] t/d=875.000 | task1=2.512832e-01 | |m1|=0.995105 | m1²=0.990234 | ||w||²/d=1.222857 | eps_adapter=5.776962e-02 | residual_overlap=0.024087
[step   175100] t/d=875.500 | task1=2.512754e-01 | |m1|=0.995066 | m1²=0.990155 | ||w||²/d=1.221997 | eps_adapter=5.762981e-02 | residual_overlap=0.024097
[step   175200] t/d=876.000 | task1=2.512425e-01 | |m1|=0.995061 | m1²=0.990147 | ||w||²/d=1.220945 | eps_adapter=5.725215e-02 | residual_overlap=0.024137
[step   175300] t/d=876.500 | task1=2.511832e-01 | |m1|=0.995044 | m1²=0.990112 | ||w||²/d=1.220970 | eps_adapter=5.734556e-02 | residual_overlap=0.024181
[step   175400] t/d=877.000 | task1=2.511931e-01 | |m1|=0.994981 | m1²=0.989986 | ||w||²/d=1.220507 | eps_adapter=5.746821e-02 | residual_overlap=0.024301
[step   175500] t/d=877.500 | task1=2.511405e-01 | |m1|=0.995068 | m1²=0.990160 | ||w||²/d=1.220640 | eps_adapter=5.710651e-02 | residual_overlap=0.024191
[step   175600] t/d=878.000 | task1=2.510929e-01 | |m1|=0.995032 | m1²=0.990088 | ||w||²/d=1.220909 | eps_adapter=5.737922e-02 | residual_overlap=0.024241
[step   175700] t/d=878.500 | task1=2.511000e-01 | |m1|=0.995076 | m1²=0.990176 | ||w||²/d=1.220544 | eps_adapter=5.703339e-02 | residual_overlap=0.024170
[step   175800] t/d=879.000 | task1=2.510951e-01 | |m1|=0.995064 | m1²=0.990153 | ||w||²/d=1.220231 | eps_adapter=5.697061e-02 | residual_overlap=0.024198
[step   175900] t/d=879.500 | task1=2.510870e-01 | |m1|=0.995107 | m1²=0.990238 | ||w||²/d=1.221640 | eps_adapter=5.729832e-02 | residual_overlap=0.024144
[step   176000] t/d=880.000 | task1=2.510403e-01 | |m1|=0.995153 | m1²=0.990330 | ||w||²/d=1.221042 | eps_adapter=5.685475e-02 | residual_overlap=0.024101
[step   176100] t/d=880.500 | task1=2.510270e-01 | |m1|=0.995171 | m1²=0.990366 | ||w||²/d=1.220725 | eps_adapter=5.665143e-02 | residual_overlap=0.024054
[step   176200] t/d=881.000 | task1=2.510633e-01 | |m1|=0.995163 | m1²=0.990350 | ||w||²/d=1.220917 | eps_adapter=5.676061e-02 | residual_overlap=0.024053
[step   176300] t/d=881.500 | task1=2.511113e-01 | |m1|=0.995228 | m1²=0.990479 | ||w||²/d=1.221069 | eps_adapter=5.651308e-02 | residual_overlap=0.023970
[step   176400] t/d=882.000 | task1=2.510773e-01 | |m1|=0.995252 | m1²=0.990527 | ||w||²/d=1.221195 | eps_adapter=5.644688e-02 | residual_overlap=0.023924
[step   176500] t/d=882.500 | task1=2.510676e-01 | |m1|=0.995280 | m1²=0.990583 | ||w||²/d=1.221051 | eps_adapter=5.626001e-02 | residual_overlap=0.023934
[step   176600] t/d=883.000 | task1=2.510056e-01 | |m1|=0.995327 | m1²=0.990676 | ||w||²/d=1.220610 | eps_adapter=5.587441e-02 | residual_overlap=0.023872
[step   176700] t/d=883.500 | task1=2.510392e-01 | |m1|=0.995307 | m1²=0.990637 | ||w||²/d=1.221928 | eps_adapter=5.646272e-02 | residual_overlap=0.023918
[step   176800] t/d=884.000 | task1=2.510997e-01 | |m1|=0.995312 | m1²=0.990645 | ||w||²/d=1.220997 | eps_adapter=5.609249e-02 | residual_overlap=0.023983
[step   176900] t/d=884.500 | task1=2.510714e-01 | |m1|=0.995326 | m1²=0.990673 | ||w||²/d=1.220211 | eps_adapter=5.573112e-02 | residual_overlap=0.023975
[step   177000] t/d=885.000 | task1=2.510493e-01 | |m1|=0.995339 | m1²=0.990701 | ||w||²/d=1.220484 | eps_adapter=5.576901e-02 | residual_overlap=0.023930
[step   177100] t/d=885.500 | task1=2.510190e-01 | |m1|=0.995304 | m1²=0.990630 | ||w||²/d=1.218091 | eps_adapter=5.504434e-02 | residual_overlap=0.023970
[step   177200] t/d=886.000 | task1=2.510327e-01 | |m1|=0.995315 | m1²=0.990652 | ||w||²/d=1.216926 | eps_adapter=5.456249e-02 | residual_overlap=0.023954
[step   177300] t/d=886.500 | task1=2.510205e-01 | |m1|=0.995394 | m1²=0.990810 | ||w||²/d=1.217132 | eps_adapter=5.426665e-02 | residual_overlap=0.023908
[step   177400] t/d=887.000 | task1=2.510607e-01 | |m1|=0.995476 | m1²=0.990973 | ||w||²/d=1.217893 | eps_adapter=5.416129e-02 | residual_overlap=0.023794
[step   177500] t/d=887.500 | task1=2.511323e-01 | |m1|=0.995490 | m1²=0.991000 | ||w||²/d=1.219164 | eps_adapter=5.456793e-02 | residual_overlap=0.023715
[step   177600] t/d=888.000 | task1=2.511733e-01 | |m1|=0.995500 | m1²=0.991020 | ||w||²/d=1.219868 | eps_adapter=5.478358e-02 | residual_overlap=0.023683
[step   177700] t/d=888.500 | task1=2.512067e-01 | |m1|=0.995500 | m1²=0.991021 | ||w||²/d=1.219736 | eps_adapter=5.473141e-02 | residual_overlap=0.023678
[step   177800] t/d=889.000 | task1=2.512205e-01 | |m1|=0.995449 | m1²=0.990920 | ||w||²/d=1.218895 | eps_adapter=5.465843e-02 | residual_overlap=0.023781
[step   177900] t/d=889.500 | task1=2.512098e-01 | |m1|=0.995478 | m1²=0.990976 | ||w||²/d=1.219862 | eps_adapter=5.488507e-02 | residual_overlap=0.023743
[step   178000] t/d=890.000 | task1=2.512326e-01 | |m1|=0.995433 | m1²=0.990887 | ||w||²/d=1.222018 | eps_adapter=5.590269e-02 | residual_overlap=0.023735
[step   178100] t/d=890.500 | task1=2.513010e-01 | |m1|=0.995350 | m1²=0.990721 | ||w||²/d=1.223668 | eps_adapter=5.692261e-02 | residual_overlap=0.023847
[step   178200] t/d=891.000 | task1=2.512281e-01 | |m1|=0.995371 | m1²=0.990764 | ||w||²/d=1.221026 | eps_adapter=5.582239e-02 | residual_overlap=0.023801
[step   178300] t/d=891.500 | task1=2.511440e-01 | |m1|=0.995345 | m1²=0.990711 | ||w||²/d=1.221135 | eps_adapter=5.598762e-02 | residual_overlap=0.023772
[step   178400] t/d=892.000 | task1=2.511778e-01 | |m1|=0.995361 | m1²=0.990743 | ||w||²/d=1.220553 | eps_adapter=5.569432e-02 | residual_overlap=0.023767
[step   178500] t/d=892.500 | task1=2.511401e-01 | |m1|=0.995383 | m1²=0.990787 | ||w||²/d=1.220609 | eps_adapter=5.561122e-02 | residual_overlap=0.023764
[step   178600] t/d=893.000 | task1=2.511259e-01 | |m1|=0.995378 | m1²=0.990778 | ||w||²/d=1.220608 | eps_adapter=5.563146e-02 | residual_overlap=0.023715
[step   178700] t/d=893.500 | task1=2.510231e-01 | |m1|=0.995359 | m1²=0.990740 | ||w||²/d=1.221987 | eps_adapter=5.624013e-02 | residual_overlap=0.023785
[step   178800] t/d=894.000 | task1=2.510895e-01 | |m1|=0.995349 | m1²=0.990720 | ||w||²/d=1.222734 | eps_adapter=5.657016e-02 | residual_overlap=0.023817
[step   178900] t/d=894.500 | task1=2.510951e-01 | |m1|=0.995333 | m1²=0.990688 | ||w||²/d=1.223382 | eps_adapter=5.689112e-02 | residual_overlap=0.023855
[step   179000] t/d=895.000 | task1=2.511277e-01 | |m1|=0.995283 | m1²=0.990588 | ||w||²/d=1.222807 | eps_adapter=5.691072e-02 | residual_overlap=0.023940
[step   179100] t/d=895.500 | task1=2.510995e-01 | |m1|=0.995281 | m1²=0.990585 | ||w||²/d=1.223022 | eps_adapter=5.699994e-02 | residual_overlap=0.023933
[step   179200] t/d=896.000 | task1=2.510952e-01 | |m1|=0.995286 | m1²=0.990594 | ||w||²/d=1.221014 | eps_adapter=5.621969e-02 | residual_overlap=0.023986
[step   179300] t/d=896.500 | task1=2.511043e-01 | |m1|=0.995246 | m1²=0.990514 | ||w||²/d=1.219942 | eps_adapter=5.600746e-02 | residual_overlap=0.024053
[step   179400] t/d=897.000 | task1=2.510572e-01 | |m1|=0.995275 | m1²=0.990572 | ||w||²/d=1.221330 | eps_adapter=5.639133e-02 | residual_overlap=0.023998
[step   179500] t/d=897.500 | task1=2.510125e-01 | |m1|=0.995325 | m1²=0.990672 | ||w||²/d=1.221507 | eps_adapter=5.622096e-02 | residual_overlap=0.023959
[step   179600] t/d=898.000 | task1=2.510574e-01 | |m1|=0.995241 | m1²=0.990505 | ||w||²/d=1.221259 | eps_adapter=5.652369e-02 | residual_overlap=0.024047
[step   179700] t/d=898.500 | task1=2.510306e-01 | |m1|=0.995164 | m1²=0.990351 | ||w||²/d=1.221452 | eps_adapter=5.696072e-02 | residual_overlap=0.024145
[step   179800] t/d=899.000 | task1=2.510926e-01 | |m1|=0.995174 | m1²=0.990371 | ||w||²/d=1.220641 | eps_adapter=5.660697e-02 | residual_overlap=0.024108
[step   179900] t/d=899.500 | task1=2.511354e-01 | |m1|=0.995177 | m1²=0.990377 | ||w||²/d=1.220524 | eps_adapter=5.654987e-02 | residual_overlap=0.024079
[step   180000] t/d=900.000 | task1=2.511182e-01 | |m1|=0.995155 | m1²=0.990334 | ||w||²/d=1.220381 | eps_adapter=5.659798e-02 | residual_overlap=0.024095
[step   180100] t/d=900.500 | task1=2.511595e-01 | |m1|=0.995116 | m1²=0.990257 | ||w||²/d=1.221029 | eps_adapter=5.702481e-02 | residual_overlap=0.024148
[step   180200] t/d=901.000 | task1=2.511115e-01 | |m1|=0.995110 | m1²=0.990244 | ||w||²/d=1.220116 | eps_adapter=5.671237e-02 | residual_overlap=0.024130
[step   180300] t/d=901.500 | task1=2.511182e-01 | |m1|=0.995063 | m1²=0.990151 | ||w||²/d=1.219064 | eps_adapter=5.653972e-02 | residual_overlap=0.024196
[step   180400] t/d=902.000 | task1=2.510908e-01 | |m1|=0.995047 | m1²=0.990119 | ||w||²/d=1.219828 | eps_adapter=5.689988e-02 | residual_overlap=0.024236
[step   180500] t/d=902.500 | task1=2.510682e-01 | |m1|=0.995059 | m1²=0.990143 | ||w||²/d=1.220536 | eps_adapter=5.710891e-02 | residual_overlap=0.024201
[step   180600] t/d=903.000 | task1=2.510866e-01 | |m1|=0.995101 | m1²=0.990227 | ||w||²/d=1.220548 | eps_adapter=5.691492e-02 | residual_overlap=0.024122
[step   180700] t/d=903.500 | task1=2.511422e-01 | |m1|=0.995079 | m1²=0.990182 | ||w||²/d=1.221542 | eps_adapter=5.739546e-02 | residual_overlap=0.024163
[step   180800] t/d=904.000 | task1=2.511735e-01 | |m1|=0.995022 | m1²=0.990069 | ||w||²/d=1.222338 | eps_adapter=5.796434e-02 | residual_overlap=0.024232
[step   180900] t/d=904.500 | task1=2.512129e-01 | |m1|=0.995026 | m1²=0.990078 | ||w||²/d=1.222428 | eps_adapter=5.797760e-02 | residual_overlap=0.024238
[step   181000] t/d=905.000 | task1=2.511850e-01 | |m1|=0.995018 | m1²=0.990061 | ||w||²/d=1.222923 | eps_adapter=5.820467e-02 | residual_overlap=0.024261
[step   181100] t/d=905.500 | task1=2.512363e-01 | |m1|=0.995072 | m1²=0.990169 | ||w||²/d=1.223073 | eps_adapter=5.800617e-02 | residual_overlap=0.024167
[step   181200] t/d=906.000 | task1=2.511687e-01 | |m1|=0.995125 | m1²=0.990273 | ||w||²/d=1.226165 | eps_adapter=5.894332e-02 | residual_overlap=0.024128
[step   181300] t/d=906.500 | task1=2.511930e-01 | |m1|=0.995094 | m1²=0.990212 | ||w||²/d=1.226490 | eps_adapter=5.921310e-02 | residual_overlap=0.024176
[step   181400] t/d=907.000 | task1=2.512240e-01 | |m1|=0.995087 | m1²=0.990197 | ||w||²/d=1.225462 | eps_adapter=5.885237e-02 | residual_overlap=0.024158
[step   181500] t/d=907.500 | task1=2.512111e-01 | |m1|=0.995082 | m1²=0.990188 | ||w||²/d=1.226410 | eps_adapter=5.923989e-02 | residual_overlap=0.024134
[step   181600] t/d=908.000 | task1=2.512286e-01 | |m1|=0.995096 | m1²=0.990217 | ||w||²/d=1.225948 | eps_adapter=5.899339e-02 | residual_overlap=0.024152
[step   181700] t/d=908.500 | task1=2.512392e-01 | |m1|=0.995117 | m1²=0.990258 | ||w||²/d=1.225588 | eps_adapter=5.875550e-02 | residual_overlap=0.024122
[step   181800] t/d=909.000 | task1=2.512699e-01 | |m1|=0.995087 | m1²=0.990198 | ||w||²/d=1.224838 | eps_adapter=5.861076e-02 | residual_overlap=0.024156
[step   181900] t/d=909.500 | task1=2.512575e-01 | |m1|=0.995036 | m1²=0.990097 | ||w||²/d=1.225805 | eps_adapter=5.922214e-02 | residual_overlap=0.024209
[step   182000] t/d=910.000 | task1=2.512445e-01 | |m1|=0.995082 | m1²=0.990189 | ||w||²/d=1.224768 | eps_adapter=5.860530e-02 | residual_overlap=0.024157
[step   182100] t/d=910.500 | task1=2.512159e-01 | |m1|=0.995169 | m1²=0.990362 | ||w||²/d=1.225860 | eps_adapter=5.861404e-02 | residual_overlap=0.024027
[step   182200] t/d=911.000 | task1=2.512016e-01 | |m1|=0.995162 | m1²=0.990348 | ||w||²/d=1.224533 | eps_adapter=5.813888e-02 | residual_overlap=0.024051
[step   182300] t/d=911.500 | task1=2.511978e-01 | |m1|=0.995154 | m1²=0.990332 | ||w||²/d=1.224776 | eps_adapter=5.826840e-02 | residual_overlap=0.024047
[step   182400] t/d=912.000 | task1=2.512471e-01 | |m1|=0.995167 | m1²=0.990358 | ||w||²/d=1.222851 | eps_adapter=5.747231e-02 | residual_overlap=0.024001
[step   182500] t/d=912.500 | task1=2.513006e-01 | |m1|=0.995203 | m1²=0.990430 | ||w||²/d=1.223802 | eps_adapter=5.766467e-02 | residual_overlap=0.024010
[step   182600] t/d=913.000 | task1=2.512801e-01 | |m1|=0.995241 | m1²=0.990505 | ||w||²/d=1.224066 | eps_adapter=5.758753e-02 | residual_overlap=0.023959
[step   182700] t/d=913.500 | task1=2.513683e-01 | |m1|=0.995209 | m1²=0.990440 | ||w||²/d=1.225914 | eps_adapter=5.844902e-02 | residual_overlap=0.023971
[step   182800] t/d=914.000 | task1=2.513542e-01 | |m1|=0.995217 | m1²=0.990456 | ||w||²/d=1.225638 | eps_adapter=5.830415e-02 | residual_overlap=0.023964
[step   182900] t/d=914.500 | task1=2.513424e-01 | |m1|=0.995134 | m1²=0.990291 | ||w||²/d=1.224206 | eps_adapter=5.814702e-02 | residual_overlap=0.024066
[step   183000] t/d=915.000 | task1=2.512991e-01 | |m1|=0.995139 | m1²=0.990302 | ||w||²/d=1.223170 | eps_adapter=5.772600e-02 | residual_overlap=0.024053
[step   183100] t/d=915.500 | task1=2.513027e-01 | |m1|=0.995148 | m1²=0.990319 | ||w||²/d=1.224397 | eps_adapter=5.815371e-02 | residual_overlap=0.024108
[step   183200] t/d=916.000 | task1=2.513008e-01 | |m1|=0.995063 | m1²=0.990151 | ||w||²/d=1.223201 | eps_adapter=5.809804e-02 | residual_overlap=0.024216
[step   183300] t/d=916.500 | task1=2.512771e-01 | |m1|=0.995047 | m1²=0.990119 | ||w||²/d=1.224332 | eps_adapter=5.860467e-02 | residual_overlap=0.024196
[step   183400] t/d=917.000 | task1=2.512627e-01 | |m1|=0.995060 | m1²=0.990144 | ||w||²/d=1.224456 | eps_adapter=5.859205e-02 | residual_overlap=0.024194
[step   183500] t/d=917.500 | task1=2.513010e-01 | |m1|=0.995072 | m1²=0.990168 | ||w||²/d=1.223079 | eps_adapter=5.801151e-02 | residual_overlap=0.024171
[step   183600] t/d=918.000 | task1=2.512793e-01 | |m1|=0.995118 | m1²=0.990260 | ||w||²/d=1.221337 | eps_adapter=5.713392e-02 | residual_overlap=0.024112
[step   183700] t/d=918.500 | task1=2.512946e-01 | |m1|=0.995158 | m1²=0.990340 | ||w||²/d=1.222569 | eps_adapter=5.740978e-02 | residual_overlap=0.024073
[step   183800] t/d=919.000 | task1=2.513247e-01 | |m1|=0.995116 | m1²=0.990257 | ||w||²/d=1.222378 | eps_adapter=5.753418e-02 | residual_overlap=0.024128
[step   183900] t/d=919.500 | task1=2.512808e-01 | |m1|=0.995033 | m1²=0.990091 | ||w||²/d=1.223544 | eps_adapter=5.837084e-02 | residual_overlap=0.024249
[step   184000] t/d=920.000 | task1=2.513541e-01 | |m1|=0.994997 | m1²=0.990019 | ||w||²/d=1.224600 | eps_adapter=5.894487e-02 | residual_overlap=0.024352
[step   184100] t/d=920.500 | task1=2.513103e-01 | |m1|=0.994983 | m1²=0.989990 | ||w||²/d=1.223739 | eps_adapter=5.868361e-02 | residual_overlap=0.024391
[step   184200] t/d=921.000 | task1=2.513496e-01 | |m1|=0.995043 | m1²=0.990111 | ||w||²/d=1.222296 | eps_adapter=5.784882e-02 | residual_overlap=0.024292
[step   184300] t/d=921.500 | task1=2.514253e-01 | |m1|=0.995051 | m1²=0.990127 | ||w||²/d=1.222173 | eps_adapter=5.776401e-02 | residual_overlap=0.024271
[step   184400] t/d=922.000 | task1=2.514241e-01 | |m1|=0.995082 | m1²=0.990188 | ||w||²/d=1.222726 | eps_adapter=5.782799e-02 | residual_overlap=0.024249
[step   184500] t/d=922.500 | task1=2.514394e-01 | |m1|=0.995037 | m1²=0.990099 | ||w||²/d=1.222042 | eps_adapter=5.778011e-02 | residual_overlap=0.024333
[step   184600] t/d=923.000 | task1=2.514614e-01 | |m1|=0.994993 | m1²=0.990012 | ||w||²/d=1.222478 | eps_adapter=5.815285e-02 | residual_overlap=0.024410
[step   184700] t/d=923.500 | task1=2.514863e-01 | |m1|=0.995026 | m1²=0.990078 | ||w||²/d=1.219960 | eps_adapter=5.704746e-02 | residual_overlap=0.024386
[step   184800] t/d=924.000 | task1=2.514223e-01 | |m1|=0.995067 | m1²=0.990158 | ||w||²/d=1.219380 | eps_adapter=5.664032e-02 | residual_overlap=0.024365
[step   184900] t/d=924.500 | task1=2.513686e-01 | |m1|=0.995061 | m1²=0.990146 | ||w||²/d=1.220132 | eps_adapter=5.694861e-02 | residual_overlap=0.024339
[step   185000] t/d=925.000 | task1=2.513242e-01 | |m1|=0.995018 | m1²=0.990061 | ||w||²/d=1.221683 | eps_adapter=5.773455e-02 | residual_overlap=0.024406
[step   185100] t/d=925.500 | task1=2.512393e-01 | |m1|=0.995076 | m1²=0.990177 | ||w||²/d=1.223625 | eps_adapter=5.819650e-02 | residual_overlap=0.024311
[step   185200] t/d=926.000 | task1=2.512597e-01 | |m1|=0.995040 | m1²=0.990105 | ||w||²/d=1.222659 | eps_adapter=5.800035e-02 | residual_overlap=0.024357
[step   185300] t/d=926.500 | task1=2.513192e-01 | |m1|=0.995036 | m1²=0.990097 | ||w||²/d=1.223638 | eps_adapter=5.839280e-02 | residual_overlap=0.024335
[step   185400] t/d=927.000 | task1=2.512290e-01 | |m1|=0.995045 | m1²=0.990114 | ||w||²/d=1.223050 | eps_adapter=5.812627e-02 | residual_overlap=0.024301
[step   185500] t/d=927.500 | task1=2.511996e-01 | |m1|=0.995080 | m1²=0.990185 | ||w||²/d=1.223990 | eps_adapter=5.831747e-02 | residual_overlap=0.024273
[step   185600] t/d=928.000 | task1=2.511987e-01 | |m1|=0.995054 | m1²=0.990132 | ||w||²/d=1.222758 | eps_adapter=5.797381e-02 | residual_overlap=0.024256
[step   185700] t/d=928.500 | task1=2.511709e-01 | |m1|=0.995017 | m1²=0.990058 | ||w||²/d=1.222983 | eps_adapter=5.823397e-02 | residual_overlap=0.024288
[step   185800] t/d=929.000 | task1=2.511352e-01 | |m1|=0.995029 | m1²=0.990084 | ||w||²/d=1.222320 | eps_adapter=5.792222e-02 | residual_overlap=0.024280
[step   185900] t/d=929.500 | task1=2.511853e-01 | |m1|=0.995012 | m1²=0.990049 | ||w||²/d=1.220007 | eps_adapter=5.713213e-02 | residual_overlap=0.024308
[step   186000] t/d=930.000 | task1=2.511614e-01 | |m1|=0.994992 | m1²=0.990008 | ||w||²/d=1.220820 | eps_adapter=5.753397e-02 | residual_overlap=0.024350
[step   186100] t/d=930.500 | task1=2.510810e-01 | |m1|=0.994923 | m1²=0.989871 | ||w||²/d=1.222456 | eps_adapter=5.847789e-02 | residual_overlap=0.024486
[step   186200] t/d=931.000 | task1=2.511122e-01 | |m1|=0.994902 | m1²=0.989830 | ||w||²/d=1.223871 | eps_adapter=5.911394e-02 | residual_overlap=0.024486
[step   186300] t/d=931.500 | task1=2.511594e-01 | |m1|=0.994962 | m1²=0.989950 | ||w||²/d=1.225776 | eps_adapter=5.956216e-02 | residual_overlap=0.024406
[step   186400] t/d=932.000 | task1=2.511262e-01 | |m1|=0.994950 | m1²=0.989925 | ||w||²/d=1.225196 | eps_adapter=5.939784e-02 | residual_overlap=0.024428
[step   186500] t/d=932.500 | task1=2.511526e-01 | |m1|=0.994978 | m1²=0.989982 | ||w||²/d=1.224288 | eps_adapter=5.891360e-02 | residual_overlap=0.024405
[step   186600] t/d=933.000 | task1=2.510984e-01 | |m1|=0.994996 | m1²=0.990017 | ||w||²/d=1.225151 | eps_adapter=5.916127e-02 | residual_overlap=0.024385
[step   186700] t/d=933.500 | task1=2.511326e-01 | |m1|=0.994955 | m1²=0.989936 | ||w||²/d=1.223447 | eps_adapter=5.870115e-02 | residual_overlap=0.024449
[step   186800] t/d=934.000 | task1=2.511445e-01 | |m1|=0.994927 | m1²=0.989880 | ||w||²/d=1.226316 | eps_adapter=5.993540e-02 | residual_overlap=0.024456
[step   186900] t/d=934.500 | task1=2.511535e-01 | |m1|=0.994872 | m1²=0.989771 | ||w||²/d=1.225295 | eps_adapter=5.980154e-02 | residual_overlap=0.024530
[step   187000] t/d=935.000 | task1=2.511632e-01 | |m1|=0.994894 | m1²=0.989814 | ||w||²/d=1.225639 | eps_adapter=5.983138e-02 | residual_overlap=0.024472
[step   187100] t/d=935.500 | task1=2.511401e-01 | |m1|=0.994885 | m1²=0.989797 | ||w||²/d=1.225199 | eps_adapter=5.970247e-02 | residual_overlap=0.024450
[step   187200] t/d=936.000 | task1=2.511214e-01 | |m1|=0.994870 | m1²=0.989766 | ||w||²/d=1.227051 | eps_adapter=6.049234e-02 | residual_overlap=0.024462
[step   187300] t/d=936.500 | task1=2.511920e-01 | |m1|=0.994936 | m1²=0.989898 | ||w||²/d=1.226149 | eps_adapter=5.982987e-02 | residual_overlap=0.024414
[step   187400] t/d=937.000 | task1=2.512264e-01 | |m1|=0.994902 | m1²=0.989830 | ||w||²/d=1.225253 | eps_adapter=5.964484e-02 | residual_overlap=0.024464
[step   187500] t/d=937.500 | task1=2.512348e-01 | |m1|=0.994960 | m1²=0.989945 | ||w||²/d=1.224742 | eps_adapter=5.917433e-02 | residual_overlap=0.024406
[step   187600] t/d=938.000 | task1=2.512147e-01 | |m1|=0.994915 | m1²=0.989856 | ||w||²/d=1.225360 | eps_adapter=5.962503e-02 | residual_overlap=0.024447
[step   187700] t/d=938.500 | task1=2.512737e-01 | |m1|=0.994964 | m1²=0.989953 | ||w||²/d=1.225003 | eps_adapter=5.925676e-02 | residual_overlap=0.024385
[step   187800] t/d=939.000 | task1=2.512731e-01 | |m1|=0.995009 | m1²=0.990043 | ||w||²/d=1.223195 | eps_adapter=5.835056e-02 | residual_overlap=0.024306
[step   187900] t/d=939.500 | task1=2.512418e-01 | |m1|=0.995035 | m1²=0.990094 | ||w||²/d=1.222945 | eps_adapter=5.813506e-02 | residual_overlap=0.024233
[step   188000] t/d=940.000 | task1=2.512127e-01 | |m1|=0.995008 | m1²=0.990040 | ||w||²/d=1.222790 | eps_adapter=5.820386e-02 | residual_overlap=0.024272
[step   188100] t/d=940.500 | task1=2.511904e-01 | |m1|=0.995000 | m1²=0.990026 | ||w||²/d=1.225483 | eps_adapter=5.926855e-02 | residual_overlap=0.024262
[step   188200] t/d=941.000 | task1=2.511614e-01 | |m1|=0.995040 | m1²=0.990104 | ||w||²/d=1.226269 | eps_adapter=5.938628e-02 | residual_overlap=0.024229
[step   188300] t/d=941.500 | task1=2.512085e-01 | |m1|=0.994942 | m1²=0.989910 | ||w||²/d=1.225313 | eps_adapter=5.947833e-02 | residual_overlap=0.024368
[step   188400] t/d=942.000 | task1=2.511749e-01 | |m1|=0.995003 | m1²=0.990032 | ||w||²/d=1.225828 | eps_adapter=5.938746e-02 | residual_overlap=0.024261
[step   188500] t/d=942.500 | task1=2.512486e-01 | |m1|=0.994963 | m1²=0.989952 | ||w||²/d=1.225791 | eps_adapter=5.956198e-02 | residual_overlap=0.024315
[step   188600] t/d=943.000 | task1=2.512102e-01 | |m1|=0.994923 | m1²=0.989873 | ||w||²/d=1.225454 | eps_adapter=5.962129e-02 | residual_overlap=0.024349
[step   188700] t/d=943.500 | task1=2.511726e-01 | |m1|=0.994956 | m1²=0.989937 | ||w||²/d=1.225827 | eps_adapter=5.961242e-02 | residual_overlap=0.024375
[step   188800] t/d=944.000 | task1=2.512495e-01 | |m1|=0.994903 | m1²=0.989833 | ||w||²/d=1.226312 | eps_adapter=6.004715e-02 | residual_overlap=0.024459
[step   188900] t/d=944.500 | task1=2.511982e-01 | |m1|=0.994958 | m1²=0.989942 | ||w||²/d=1.225186 | eps_adapter=5.935384e-02 | residual_overlap=0.024433
[step   189000] t/d=945.000 | task1=2.512170e-01 | |m1|=0.994919 | m1²=0.989864 | ||w||²/d=1.225311 | eps_adapter=5.958745e-02 | residual_overlap=0.024507
[step   189100] t/d=945.500 | task1=2.511778e-01 | |m1|=0.994848 | m1²=0.989723 | ||w||²/d=1.226144 | eps_adapter=6.024272e-02 | residual_overlap=0.024610
[step   189200] t/d=946.000 | task1=2.512226e-01 | |m1|=0.994839 | m1²=0.989706 | ||w||²/d=1.225502 | eps_adapter=6.003674e-02 | residual_overlap=0.024619
[step   189300] t/d=946.500 | task1=2.512781e-01 | |m1|=0.994835 | m1²=0.989696 | ||w||²/d=1.225105 | eps_adapter=5.990564e-02 | residual_overlap=0.024628
[step   189400] t/d=947.000 | task1=2.512998e-01 | |m1|=0.994864 | m1²=0.989754 | ||w||²/d=1.223962 | eps_adapter=5.932890e-02 | residual_overlap=0.024555
[step   189500] t/d=947.500 | task1=2.513216e-01 | |m1|=0.994861 | m1²=0.989749 | ||w||²/d=1.224111 | eps_adapter=5.939899e-02 | residual_overlap=0.024539
[step   189600] t/d=948.000 | task1=2.513189e-01 | |m1|=0.994828 | m1²=0.989682 | ||w||²/d=1.224001 | eps_adapter=5.951524e-02 | residual_overlap=0.024575
[step   189700] t/d=948.500 | task1=2.513198e-01 | |m1|=0.994849 | m1²=0.989725 | ||w||²/d=1.225447 | eps_adapter=5.997048e-02 | residual_overlap=0.024588
[step   189800] t/d=949.000 | task1=2.513745e-01 | |m1|=0.994891 | m1²=0.989808 | ||w||²/d=1.224779 | eps_adapter=5.951506e-02 | residual_overlap=0.024499
[step   189900] t/d=949.500 | task1=2.513852e-01 | |m1|=0.994856 | m1²=0.989738 | ||w||²/d=1.223723 | eps_adapter=5.927682e-02 | residual_overlap=0.024583
[step   190000] t/d=950.000 | task1=2.513457e-01 | |m1|=0.994853 | m1²=0.989732 | ||w||²/d=1.222560 | eps_adapter=5.884739e-02 | residual_overlap=0.024586
[step   190100] t/d=950.500 | task1=2.513602e-01 | |m1|=0.994850 | m1²=0.989727 | ||w||²/d=1.222550 | eps_adapter=5.885458e-02 | residual_overlap=0.024612
[step   190200] t/d=951.000 | task1=2.513741e-01 | |m1|=0.994815 | m1²=0.989657 | ||w||²/d=1.222907 | eps_adapter=5.915781e-02 | residual_overlap=0.024679
[step   190300] t/d=951.500 | task1=2.513435e-01 | |m1|=0.994829 | m1²=0.989685 | ||w||²/d=1.221605 | eps_adapter=5.859712e-02 | residual_overlap=0.024689
[step   190400] t/d=952.000 | task1=2.513283e-01 | |m1|=0.994818 | m1²=0.989663 | ||w||²/d=1.221803 | eps_adapter=5.872304e-02 | residual_overlap=0.024703
[step   190500] t/d=952.500 | task1=2.513644e-01 | |m1|=0.994841 | m1²=0.989709 | ||w||²/d=1.221429 | eps_adapter=5.847404e-02 | residual_overlap=0.024653
[step   190600] t/d=953.000 | task1=2.513985e-01 | |m1|=0.994833 | m1²=0.989694 | ||w||²/d=1.221650 | eps_adapter=5.859289e-02 | residual_overlap=0.024658
[step   190700] t/d=953.500 | task1=2.513511e-01 | |m1|=0.994875 | m1²=0.989776 | ||w||²/d=1.219982 | eps_adapter=5.776897e-02 | residual_overlap=0.024600
[step   190800] t/d=954.000 | task1=2.513019e-01 | |m1|=0.994925 | m1²=0.989875 | ||w||²/d=1.220681 | eps_adapter=5.779715e-02 | residual_overlap=0.024544
[step   190900] t/d=954.500 | task1=2.513209e-01 | |m1|=0.994963 | m1²=0.989951 | ||w||²/d=1.220503 | eps_adapter=5.754975e-02 | residual_overlap=0.024490
[step   191000] t/d=955.000 | task1=2.513122e-01 | |m1|=0.994951 | m1²=0.989927 | ||w||²/d=1.218891 | eps_adapter=5.700422e-02 | residual_overlap=0.024492
[step   191100] t/d=955.500 | task1=2.512371e-01 | |m1|=0.994928 | m1²=0.989881 | ||w||²/d=1.219217 | eps_adapter=5.723320e-02 | residual_overlap=0.024526
[step   191200] t/d=956.000 | task1=2.512367e-01 | |m1|=0.994920 | m1²=0.989865 | ||w||²/d=1.217500 | eps_adapter=5.663336e-02 | residual_overlap=0.024520
[step   191300] t/d=956.500 | task1=2.512863e-01 | |m1|=0.994932 | m1²=0.989889 | ||w||²/d=1.217890 | eps_adapter=5.672184e-02 | residual_overlap=0.024500
[step   191400] t/d=957.000 | task1=2.512630e-01 | |m1|=0.994963 | m1²=0.989952 | ||w||²/d=1.217727 | eps_adapter=5.651132e-02 | residual_overlap=0.024480
[step   191500] t/d=957.500 | task1=2.512349e-01 | |m1|=0.994985 | m1²=0.989994 | ||w||²/d=1.216796 | eps_adapter=5.606838e-02 | residual_overlap=0.024481
[step   191600] t/d=958.000 | task1=2.512856e-01 | |m1|=0.994951 | m1²=0.989927 | ||w||²/d=1.215943 | eps_adapter=5.591271e-02 | residual_overlap=0.024532
[step   191700] t/d=958.500 | task1=2.513854e-01 | |m1|=0.994946 | m1²=0.989917 | ||w||²/d=1.216218 | eps_adapter=5.603691e-02 | residual_overlap=0.024554
[step   191800] t/d=959.000 | task1=2.513505e-01 | |m1|=0.994928 | m1²=0.989882 | ||w||²/d=1.217677 | eps_adapter=5.666006e-02 | residual_overlap=0.024579
[step   191900] t/d=959.500 | task1=2.513774e-01 | |m1|=0.994903 | m1²=0.989832 | ||w||²/d=1.217860 | eps_adapter=5.684371e-02 | residual_overlap=0.024598
[step   192000] t/d=960.000 | task1=2.514078e-01 | |m1|=0.994905 | m1²=0.989836 | ||w||²/d=1.217901 | eps_adapter=5.685091e-02 | residual_overlap=0.024602
[step   192100] t/d=960.500 | task1=2.513837e-01 | |m1|=0.994913 | m1²=0.989853 | ||w||²/d=1.219100 | eps_adapter=5.725793e-02 | residual_overlap=0.024571
[step   192200] t/d=961.000 | task1=2.514079e-01 | |m1|=0.994875 | m1²=0.989776 | ||w||²/d=1.219873 | eps_adapter=5.772754e-02 | residual_overlap=0.024605
[step   192300] t/d=961.500 | task1=2.514748e-01 | |m1|=0.994834 | m1²=0.989694 | ||w||²/d=1.219111 | eps_adapter=5.763737e-02 | residual_overlap=0.024666
[step   192400] t/d=962.000 | task1=2.514494e-01 | |m1|=0.994834 | m1²=0.989695 | ||w||²/d=1.218353 | eps_adapter=5.735223e-02 | residual_overlap=0.024669
[step   192500] t/d=962.500 | task1=2.514747e-01 | |m1|=0.994851 | m1²=0.989729 | ||w||²/d=1.217728 | eps_adapter=5.703923e-02 | residual_overlap=0.024660
[step   192600] t/d=963.000 | task1=2.514837e-01 | |m1|=0.994794 | m1²=0.989616 | ||w||²/d=1.216900 | eps_adapter=5.699996e-02 | residual_overlap=0.024732
[step   192700] t/d=963.500 | task1=2.514523e-01 | |m1|=0.994755 | m1²=0.989537 | ||w||²/d=1.215384 | eps_adapter=5.662754e-02 | residual_overlap=0.024742
[step   192800] t/d=964.000 | task1=2.515003e-01 | |m1|=0.994773 | m1²=0.989574 | ||w||²/d=1.216723 | eps_adapter=5.703401e-02 | residual_overlap=0.024720
[step   192900] t/d=964.500 | task1=2.514522e-01 | |m1|=0.994757 | m1²=0.989541 | ||w||²/d=1.217096 | eps_adapter=5.724922e-02 | residual_overlap=0.024746
[step   193000] t/d=965.000 | task1=2.514436e-01 | |m1|=0.994745 | m1²=0.989518 | ||w||²/d=1.216726 | eps_adapter=5.716565e-02 | residual_overlap=0.024795
[step   193100] t/d=965.500 | task1=2.514725e-01 | |m1|=0.994754 | m1²=0.989535 | ||w||²/d=1.216446 | eps_adapter=5.702186e-02 | residual_overlap=0.024785
[step   193200] t/d=966.000 | task1=2.514359e-01 | |m1|=0.994731 | m1²=0.989491 | ||w||²/d=1.216438 | eps_adapter=5.712457e-02 | residual_overlap=0.024789
[step   193300] t/d=966.500 | task1=2.514360e-01 | |m1|=0.994742 | m1²=0.989511 | ||w||²/d=1.215441 | eps_adapter=5.670914e-02 | residual_overlap=0.024809
[step   193400] t/d=967.000 | task1=2.514554e-01 | |m1|=0.994768 | m1²=0.989563 | ||w||²/d=1.215819 | eps_adapter=5.672579e-02 | residual_overlap=0.024778
[step   193500] t/d=967.500 | task1=2.514529e-01 | |m1|=0.994782 | m1²=0.989591 | ||w||²/d=1.217009 | eps_adapter=5.709788e-02 | residual_overlap=0.024737
[step   193600] t/d=968.000 | task1=2.514414e-01 | |m1|=0.994746 | m1²=0.989520 | ||w||²/d=1.216215 | eps_adapter=5.697326e-02 | residual_overlap=0.024790
[step   193700] t/d=968.500 | task1=2.514921e-01 | |m1|=0.994707 | m1²=0.989442 | ||w||²/d=1.215231 | eps_adapter=5.679457e-02 | residual_overlap=0.024806
[step   193800] t/d=969.000 | task1=2.514232e-01 | |m1|=0.994749 | m1²=0.989527 | ||w||²/d=1.215785 | eps_adapter=5.679936e-02 | residual_overlap=0.024768
[step   193900] t/d=969.500 | task1=2.513710e-01 | |m1|=0.994701 | m1²=0.989430 | ||w||²/d=1.215800 | eps_adapter=5.703127e-02 | residual_overlap=0.024815
[step   194000] t/d=970.000 | task1=2.513308e-01 | |m1|=0.994696 | m1²=0.989421 | ||w||²/d=1.215333 | eps_adapter=5.688207e-02 | residual_overlap=0.024814
[step   194100] t/d=970.500 | task1=2.513583e-01 | |m1|=0.994669 | m1²=0.989366 | ||w||²/d=1.214919 | eps_adapter=5.685938e-02 | residual_overlap=0.024840
[step   194200] t/d=971.000 | task1=2.514335e-01 | |m1|=0.994617 | m1²=0.989263 | ||w||²/d=1.215353 | eps_adapter=5.726118e-02 | residual_overlap=0.024892
[step   194300] t/d=971.500 | task1=2.514283e-01 | |m1|=0.994663 | m1²=0.989354 | ||w||²/d=1.215097 | eps_adapter=5.695285e-02 | residual_overlap=0.024883
[step   194400] t/d=972.000 | task1=2.514025e-01 | |m1|=0.994663 | m1²=0.989355 | ||w||²/d=1.214866 | eps_adapter=5.686739e-02 | residual_overlap=0.024900
[step   194500] t/d=972.500 | task1=2.513840e-01 | |m1|=0.994708 | m1²=0.989445 | ||w||²/d=1.215011 | eps_adapter=5.670750e-02 | residual_overlap=0.024831
[step   194600] t/d=973.000 | task1=2.513906e-01 | |m1|=0.994629 | m1²=0.989287 | ||w||²/d=1.215270 | eps_adapter=5.717463e-02 | residual_overlap=0.024929
[step   194700] t/d=973.500 | task1=2.514646e-01 | |m1|=0.994630 | m1²=0.989288 | ||w||²/d=1.215501 | eps_adapter=5.725709e-02 | residual_overlap=0.024966
[step   194800] t/d=974.000 | task1=2.514698e-01 | |m1|=0.994641 | m1²=0.989311 | ||w||²/d=1.214323 | eps_adapter=5.677096e-02 | residual_overlap=0.024908
[step   194900] t/d=974.500 | task1=2.514855e-01 | |m1|=0.994588 | m1²=0.989206 | ||w||²/d=1.215829 | eps_adapter=5.757139e-02 | residual_overlap=0.024957
[step   195000] t/d=975.000 | task1=2.514031e-01 | |m1|=0.994622 | m1²=0.989274 | ||w||²/d=1.214323 | eps_adapter=5.685941e-02 | residual_overlap=0.024946
[step   195100] t/d=975.500 | task1=2.513679e-01 | |m1|=0.994592 | m1²=0.989214 | ||w||²/d=1.214271 | eps_adapter=5.698017e-02 | residual_overlap=0.024971
[step   195200] t/d=976.000 | task1=2.513851e-01 | |m1|=0.994578 | m1²=0.989186 | ||w||²/d=1.215335 | eps_adapter=5.743686e-02 | residual_overlap=0.024970
[step   195300] t/d=976.500 | task1=2.514400e-01 | |m1|=0.994569 | m1²=0.989167 | ||w||²/d=1.214816 | eps_adapter=5.729088e-02 | residual_overlap=0.024983
[step   195400] t/d=977.000 | task1=2.514111e-01 | |m1|=0.994557 | m1²=0.989143 | ||w||²/d=1.215639 | eps_adapter=5.764966e-02 | residual_overlap=0.024970
[step   195500] t/d=977.500 | task1=2.514324e-01 | |m1|=0.994603 | m1²=0.989236 | ||w||²/d=1.216278 | eps_adapter=5.766603e-02 | residual_overlap=0.024913
[step   195600] t/d=978.000 | task1=2.513978e-01 | |m1|=0.994627 | m1²=0.989284 | ||w||²/d=1.215885 | eps_adapter=5.740886e-02 | residual_overlap=0.024893
[step   195700] t/d=978.500 | task1=2.514025e-01 | |m1|=0.994575 | m1²=0.989179 | ||w||²/d=1.214763 | eps_adapter=5.724425e-02 | residual_overlap=0.024950
[step   195800] t/d=979.000 | task1=2.514451e-01 | |m1|=0.994538 | m1²=0.989106 | ||w||²/d=1.214958 | eps_adapter=5.748605e-02 | residual_overlap=0.024982
[step   195900] t/d=979.500 | task1=2.514334e-01 | |m1|=0.994570 | m1²=0.989170 | ||w||²/d=1.214961 | eps_adapter=5.733629e-02 | residual_overlap=0.024943
[step   196000] t/d=980.000 | task1=2.514156e-01 | |m1|=0.994623 | m1²=0.989275 | ||w||²/d=1.215637 | eps_adapter=5.733915e-02 | residual_overlap=0.024861
[step   196100] t/d=980.500 | task1=2.514779e-01 | |m1|=0.994561 | m1²=0.989151 | ||w||²/d=1.215189 | eps_adapter=5.746635e-02 | residual_overlap=0.024954
[step   196200] t/d=981.000 | task1=2.514960e-01 | |m1|=0.994535 | m1²=0.989099 | ||w||²/d=1.213860 | eps_adapter=5.710041e-02 | residual_overlap=0.024976
[step   196300] t/d=981.500 | task1=2.515150e-01 | |m1|=0.994495 | m1²=0.989021 | ||w||²/d=1.213755 | eps_adapter=5.724589e-02 | residual_overlap=0.025026
[step   196400] t/d=982.000 | task1=2.515123e-01 | |m1|=0.994496 | m1²=0.989023 | ||w||²/d=1.214327 | eps_adapter=5.745160e-02 | residual_overlap=0.025011
[step   196500] t/d=982.500 | task1=2.515099e-01 | |m1|=0.994504 | m1²=0.989038 | ||w||²/d=1.215283 | eps_adapter=5.776583e-02 | residual_overlap=0.024998
[step   196600] t/d=983.000 | task1=2.514929e-01 | |m1|=0.994455 | m1²=0.988941 | ||w||²/d=1.214907 | eps_adapter=5.785584e-02 | residual_overlap=0.025016
[step   196700] t/d=983.500 | task1=2.515144e-01 | |m1|=0.994439 | m1²=0.988909 | ||w||²/d=1.215572 | eps_adapter=5.817622e-02 | residual_overlap=0.025052
[step   196800] t/d=984.000 | task1=2.515088e-01 | |m1|=0.994450 | m1²=0.988931 | ||w||²/d=1.216191 | eps_adapter=5.835388e-02 | residual_overlap=0.025049
[step   196900] t/d=984.500 | task1=2.514507e-01 | |m1|=0.994473 | m1²=0.988976 | ||w||²/d=1.215504 | eps_adapter=5.799336e-02 | residual_overlap=0.025031
[step   197000] t/d=985.000 | task1=2.515173e-01 | |m1|=0.994449 | m1²=0.988928 | ||w||²/d=1.216772 | eps_adapter=5.857548e-02 | residual_overlap=0.025075
[step   197100] t/d=985.500 | task1=2.515029e-01 | |m1|=0.994432 | m1²=0.988896 | ||w||²/d=1.217288 | eps_adapter=5.884375e-02 | residual_overlap=0.025095
[step   197200] t/d=986.000 | task1=2.515801e-01 | |m1|=0.994426 | m1²=0.988883 | ||w||²/d=1.217657 | eps_adapter=5.901230e-02 | residual_overlap=0.025076
[step   197300] t/d=986.500 | task1=2.515494e-01 | |m1|=0.994375 | m1²=0.988781 | ||w||²/d=1.217684 | eps_adapter=5.926227e-02 | residual_overlap=0.025145
[step   197400] t/d=987.000 | task1=2.515255e-01 | |m1|=0.994329 | m1²=0.988691 | ||w||²/d=1.216432 | eps_adapter=5.900973e-02 | residual_overlap=0.025206
[step   197500] t/d=987.500 | task1=2.515310e-01 | |m1|=0.994236 | m1²=0.988505 | ||w||²/d=1.215657 | eps_adapter=5.915991e-02 | residual_overlap=0.025321
[step   197600] t/d=988.000 | task1=2.515545e-01 | |m1|=0.994250 | m1²=0.988533 | ||w||²/d=1.215241 | eps_adapter=5.894080e-02 | residual_overlap=0.025315
[step   197700] t/d=988.500 | task1=2.515482e-01 | |m1|=0.994254 | m1²=0.988540 | ||w||²/d=1.216322 | eps_adapter=5.932376e-02 | residual_overlap=0.025300
[step   197800] t/d=989.000 | task1=2.515470e-01 | |m1|=0.994293 | m1²=0.988620 | ||w||²/d=1.216548 | eps_adapter=5.922067e-02 | residual_overlap=0.025255
[step   197900] t/d=989.500 | task1=2.515326e-01 | |m1|=0.994284 | m1²=0.988601 | ||w||²/d=1.216279 | eps_adapter=5.916384e-02 | residual_overlap=0.025281
[step   198000] t/d=990.000 | task1=2.515267e-01 | |m1|=0.994278 | m1²=0.988589 | ||w||²/d=1.214962 | eps_adapter=5.870635e-02 | residual_overlap=0.025314
[step   198100] t/d=990.500 | task1=2.515323e-01 | |m1|=0.994273 | m1²=0.988579 | ||w||²/d=1.215188 | eps_adapter=5.881289e-02 | residual_overlap=0.025330
[step   198200] t/d=991.000 | task1=2.515880e-01 | |m1|=0.994235 | m1²=0.988503 | ||w||²/d=1.216125 | eps_adapter=5.933851e-02 | residual_overlap=0.025353
[step   198300] t/d=991.500 | task1=2.515058e-01 | |m1|=0.994307 | m1²=0.988646 | ||w||²/d=1.214033 | eps_adapter=5.823018e-02 | residual_overlap=0.025288
[step   198400] t/d=992.000 | task1=2.514719e-01 | |m1|=0.994371 | m1²=0.988774 | ||w||²/d=1.212313 | eps_adapter=5.730374e-02 | residual_overlap=0.025221
[step   198500] t/d=992.500 | task1=2.515295e-01 | |m1|=0.994354 | m1²=0.988739 | ||w||²/d=1.212962 | eps_adapter=5.762138e-02 | residual_overlap=0.025233
[step   198600] t/d=993.000 | task1=2.515209e-01 | |m1|=0.994354 | m1²=0.988740 | ||w||²/d=1.210752 | eps_adapter=5.682010e-02 | residual_overlap=0.025249
[step   198700] t/d=993.500 | task1=2.514981e-01 | |m1|=0.994360 | m1²=0.988751 | ||w||²/d=1.211255 | eps_adapter=5.697447e-02 | residual_overlap=0.025273
[step   198800] t/d=994.000 | task1=2.515224e-01 | |m1|=0.994387 | m1²=0.988806 | ||w||²/d=1.212148 | eps_adapter=5.716860e-02 | residual_overlap=0.025230
[step   198900] t/d=994.500 | task1=2.515089e-01 | |m1|=0.994348 | m1²=0.988727 | ||w||²/d=1.212048 | eps_adapter=5.731736e-02 | residual_overlap=0.025253
[step   199000] t/d=995.000 | task1=2.514556e-01 | |m1|=0.994345 | m1²=0.988723 | ||w||²/d=1.211394 | eps_adapter=5.709119e-02 | residual_overlap=0.025274
[step   199100] t/d=995.500 | task1=2.514638e-01 | |m1|=0.994263 | m1²=0.988560 | ||w||²/d=1.210890 | eps_adapter=5.729242e-02 | residual_overlap=0.025354
[step   199200] t/d=996.000 | task1=2.515070e-01 | |m1|=0.994288 | m1²=0.988609 | ||w||²/d=1.210364 | eps_adapter=5.698696e-02 | residual_overlap=0.025328
[step   199300] t/d=996.500 | task1=2.514813e-01 | |m1|=0.994319 | m1²=0.988670 | ||w||²/d=1.211161 | eps_adapter=5.713060e-02 | residual_overlap=0.025309
[step   199400] t/d=997.000 | task1=2.514800e-01 | |m1|=0.994364 | m1²=0.988761 | ||w||²/d=1.211321 | eps_adapter=5.697560e-02 | residual_overlap=0.025246
[step   199500] t/d=997.500 | task1=2.515139e-01 | |m1|=0.994395 | m1²=0.988821 | ||w||²/d=1.211175 | eps_adapter=5.678057e-02 | residual_overlap=0.025190
[step   199600] t/d=998.000 | task1=2.515715e-01 | |m1|=0.994432 | m1²=0.988894 | ||w||²/d=1.211706 | eps_adapter=5.680041e-02 | residual_overlap=0.025187
[step   199700] t/d=998.500 | task1=2.515480e-01 | |m1|=0.994447 | m1²=0.988925 | ||w||²/d=1.213179 | eps_adapter=5.726275e-02 | residual_overlap=0.025221
[step   199800] t/d=999.000 | task1=2.515646e-01 | |m1|=0.994461 | m1²=0.988952 | ||w||²/d=1.216842 | eps_adapter=5.854387e-02 | residual_overlap=0.025197
[step   199900] t/d=999.500 | task1=2.515581e-01 | |m1|=0.994494 | m1²=0.989017 | ||w||²/d=1.216207 | eps_adapter=5.815543e-02 | residual_overlap=0.025174
[step   200000] t/d=1000.000 | task1=2.515982e-01 | |m1|=0.994589 | m1²=0.989208 | ||w||²/d=1.214753 | eps_adapter=5.717189e-02 | residual_overlap=0.025032
Saved checkpoint: results/quality_pretraining/finetunetask1_d200_T5/prestep_0_lr0p01_init1_wseed21_sgdseed22/checkpoints/step_000200000

Task-1 fine-tuning completed.
Metrics: results/quality_pretraining/finetunetask1_d200_T5/prestep_0_lr0p01_init1_wseed21_sgdseed22/metrics.csv

======================================================
Task-1 fine-tuning finished
======================================================
