
======================================================
Task-2 fine-tuning
======================================================
Pretraining run:       results/quality_pretraining/scaling_d100_T5
Pretraining step:      400000
Task-1 run:            results/quality_pretraining/finetunetask1_d100_T5/prestep_400000_lr0p01_init1_wseed21_sgdseed22
Task-1 checkpoint:     100000
Target Task-2 steps:   200000
Task-2 learning rate:  0.01
======================================================

Mon Oct  5 15:04:27 2026       
+---------------------------------------------------------------------------------------+
| NVIDIA-SMI 535.154.05             Driver Version: 535.154.05   CUDA Version: 12.2     |
|-----------------------------------------+----------------------+----------------------+
| GPU  Name                 Persistence-M | Bus-Id        Disp.A | Volatile Uncorr. ECC |
| Fan  Temp   Perf          Pwr:Usage/Cap |         Memory-Usage | GPU-Util  Compute M. |
|                                         |                      |               MIG M. |
|=========================================+======================+======================|
|   0  Tesla V100-PCIE-32GB           On  | 00000000:86:00.0 Off |                  Off |
| N/A   36C    P0              24W / 250W |      0MiB / 32768MiB |      0%      Default |
|                                         |                      |                  N/A |
+-----------------------------------------+----------------------+----------------------+
                                                                                         
+---------------------------------------------------------------------------------------+
| Processes:                                                                            |
|  GPU   GI   CI        PID   Type   Process name                            GPU Memory |
|        ID   ID                                                             Usage      |
|=======================================================================================|
|  No running processes found                                                           |
+---------------------------------------------------------------------------------------+

==============================================
Task-2 fine-tuning
==============================================
source pretrain : /home/busato/catastrophic_forgetting/quality_pretraining/results/quality_pretraining/scaling_d100_T5
pretrain step   : 400,000
pretrain t/d²   : 40.000000
source Task 1   : /home/busato/catastrophic_forgetting/quality_pretraining/results/quality_pretraining/finetunetask1_d100_T5/prestep_400000_lr0p01_init1_wseed21_sgdseed22
Task-1 step     : 100,000
Task-1 t/d      : 1000.000
d               : 100
T               : 5
device          : cuda
Task-2 lr       : 0.01
Task-2 SGD seed : 42
target steps    : 200,000
target t/d      : 2000.000
eval every late : 50
checkpoints     : [50, 100, 200, 500, 1000, 2000, 5000, 10000, 20000, 50000, 200000]
run directory   : results/quality_pretraining/finetunetask2_d100_T5/prestep_400000_task1step_100000_lr0p01_task1wseed21_task1sgdseed22_task2sgdseed42

[step 0] task1=6.139061e-03 | task2=2.061950e-01 | F1=0.000000e+00 | m1²=0.999641 | m2²=0.001070 | ||w||²/d=1.054144
[step        5] t/d=   0.050 | task1=6.145395e-03 | task2=2.059565e-01 | F1=6.334411e-06 | m1²=0.999610 | m2²=0.001071 | eps_w1=4.186480e-03 | eps_w2=1.953387e+00
[step       10] t/d=   0.100 | task1=6.146633e-03 | task2=2.058108e-01 | F1=7.571766e-06 | m1²=0.999601 | m2²=0.001060 | eps_w1=4.313287e-03 | eps_w2=1.951511e+00
[step       15] t/d=   0.150 | task1=6.148678e-03 | task2=2.056017e-01 | F1=9.616442e-06 | m1²=0.999584 | m2²=0.001055 | eps_w1=4.522801e-03 | eps_w2=1.948551e+00
[step       20] t/d=   0.200 | task1=6.149392e-03 | task2=2.053319e-01 | F1=1.033053e-05 | m1²=0.999576 | m2²=0.001058 | eps_w1=4.758237e-03 | eps_w2=1.944923e+00
[step       25] t/d=   0.250 | task1=6.152387e-03 | task2=2.051891e-01 | F1=1.332610e-05 | m1²=0.999572 | m2²=0.001067 | eps_w1=4.896969e-03 | eps_w2=1.942813e+00
[step       30] t/d=   0.300 | task1=6.154800e-03 | task2=2.050464e-01 | F1=1.573914e-05 | m1²=0.999561 | m2²=0.001065 | eps_w1=5.050040e-03 | eps_w2=1.940729e+00
[step       35] t/d=   0.350 | task1=6.163279e-03 | task2=2.048630e-01 | F1=2.421775e-05 | m1²=0.999557 | m2²=0.001070 | eps_w1=5.216099e-03 | eps_w2=1.938271e+00
[step       40] t/d=   0.400 | task1=6.167334e-03 | task2=2.047637e-01 | F1=2.827255e-05 | m1²=0.999544 | m2²=0.001079 | eps_w1=5.330077e-03 | eps_w2=1.936880e+00
[step       45] t/d=   0.450 | task1=6.172122e-03 | task2=2.045987e-01 | F1=3.306134e-05 | m1²=0.999537 | m2²=0.001068 | eps_w1=5.492841e-03 | eps_w2=1.934674e+00
[step       50] t/d=   0.500 | task1=6.176128e-03 | task2=2.043820e-01 | F1=3.706679e-05 | m1²=0.999545 | m2²=0.001060 | eps_w1=5.692706e-03 | eps_w2=1.931537e+00
Saved checkpoint: results/quality_pretraining/finetunetask2_d100_T5/prestep_400000_task1step_100000_lr0p01_task1wseed21_task1sgdseed22_task2sgdseed42/checkpoints/step_000000050
[step       55] t/d=   0.550 | task1=6.180363e-03 | task2=2.041242e-01 | F1=4.130157e-05 | m1²=0.999537 | m2²=0.001070 | eps_w1=5.937646e-03 | eps_w2=1.928221e+00
[step       60] t/d=   0.600 | task1=6.183923e-03 | task2=2.040000e-01 | F1=4.486173e-05 | m1²=0.999533 | m2²=0.001063 | eps_w1=6.064849e-03 | eps_w2=1.926540e+00
[step       65] t/d=   0.650 | task1=6.186550e-03 | task2=2.038105e-01 | F1=4.748910e-05 | m1²=0.999537 | m2²=0.001074 | eps_w1=6.279089e-03 | eps_w2=1.923466e+00
[step       70] t/d=   0.700 | task1=6.192079e-03 | task2=2.036758e-01 | F1=5.301820e-05 | m1²=0.999528 | m2²=0.001089 | eps_w1=6.430686e-03 | eps_w2=1.921617e+00
[step       75] t/d=   0.750 | task1=6.195553e-03 | task2=2.035395e-01 | F1=5.649199e-05 | m1²=0.999541 | m2²=0.001072 | eps_w1=6.566715e-03 | eps_w2=1.919509e+00
[step       80] t/d=   0.800 | task1=6.201139e-03 | task2=2.034227e-01 | F1=6.207777e-05 | m1²=0.999535 | m2²=0.001065 | eps_w1=6.711222e-03 | eps_w2=1.917758e+00
[step       85] t/d=   0.850 | task1=6.202478e-03 | task2=2.032843e-01 | F1=6.341681e-05 | m1²=0.999540 | m2²=0.001045 | eps_w1=6.852506e-03 | eps_w2=1.915848e+00
[step       90] t/d=   0.900 | task1=6.206402e-03 | task2=2.031231e-01 | F1=6.734082e-05 | m1²=0.999533 | m2²=0.001057 | eps_w1=7.042837e-03 | eps_w2=1.913548e+00
[step       95] t/d=   0.950 | task1=6.220182e-03 | task2=2.028596e-01 | F1=8.112120e-05 | m1²=0.999537 | m2²=0.001061 | eps_w1=7.324247e-03 | eps_w2=1.909922e+00
[step      100] t/d=   1.000 | task1=6.232049e-03 | task2=2.026773e-01 | F1=9.298763e-05 | m1²=0.999518 | m2²=0.001059 | eps_w1=7.539504e-03 | eps_w2=1.907706e+00
Saved checkpoint: results/quality_pretraining/finetunetask2_d100_T5/prestep_400000_task1step_100000_lr0p01_task1wseed21_task1sgdseed22_task2sgdseed42/checkpoints/step_000000100
[step      105] t/d=   1.050 | task1=6.249357e-03 | task2=2.024213e-01 | F1=1.102961e-04 | m1²=0.999528 | m2²=0.001054 | eps_w1=7.828407e-03 | eps_w2=1.904018e+00
[step      110] t/d=   1.100 | task1=6.250722e-03 | task2=2.023252e-01 | F1=1.116612e-04 | m1²=0.999535 | m2²=0.001039 | eps_w1=7.951138e-03 | eps_w2=1.902439e+00
[step      115] t/d=   1.150 | task1=6.256843e-03 | task2=2.021654e-01 | F1=1.177823e-04 | m1²=0.999527 | m2²=0.001016 | eps_w1=8.135165e-03 | eps_w2=1.900492e+00
[step      120] t/d=   1.200 | task1=6.267747e-03 | task2=2.018937e-01 | F1=1.286859e-04 | m1²=0.999521 | m2²=0.001012 | eps_w1=8.459678e-03 | eps_w2=1.896899e+00
[step      125] t/d=   1.250 | task1=6.272544e-03 | task2=2.017437e-01 | F1=1.334832e-04 | m1²=0.999523 | m2²=0.001018 | eps_w1=8.637329e-03 | eps_w2=1.894856e+00
[step      130] t/d=   1.300 | task1=6.279840e-03 | task2=2.016098e-01 | F1=1.407790e-04 | m1²=0.999514 | m2²=0.001018 | eps_w1=8.812794e-03 | eps_w2=1.893083e+00
[step      135] t/d=   1.350 | task1=6.283157e-03 | task2=2.014972e-01 | F1=1.440959e-04 | m1²=0.999512 | m2²=0.001025 | eps_w1=8.951966e-03 | eps_w2=1.891577e+00
[step      140] t/d=   1.400 | task1=6.286615e-03 | task2=2.013519e-01 | F1=1.475544e-04 | m1²=0.999511 | m2²=0.001017 | eps_w1=9.142074e-03 | eps_w2=1.889527e+00
[step      145] t/d=   1.450 | task1=6.295250e-03 | task2=2.012441e-01 | F1=1.561885e-04 | m1²=0.999501 | m2²=0.001023 | eps_w1=9.285608e-03 | eps_w2=1.888162e+00
[step      150] t/d=   1.500 | task1=6.306189e-03 | task2=2.010929e-01 | F1=1.671276e-04 | m1²=0.999484 | m2²=0.001036 | eps_w1=9.528003e-03 | eps_w2=1.885878e+00
[step      155] t/d=   1.550 | task1=6.328447e-03 | task2=2.007631e-01 | F1=1.893856e-04 | m1²=0.999459 | m2²=0.001059 | eps_w1=1.000496e-02 | eps_w2=1.881332e+00
[step      160] t/d=   1.600 | task1=6.334755e-03 | task2=2.006885e-01 | F1=1.956940e-04 | m1²=0.999475 | m2²=0.001088 | eps_w1=1.009297e-02 | eps_w2=1.880060e+00
[step      165] t/d=   1.650 | task1=6.345076e-03 | task2=2.005335e-01 | F1=2.060149e-04 | m1²=0.999460 | m2²=0.001109 | eps_w1=1.032621e-02 | eps_w2=1.877932e+00
[step      170] t/d=   1.700 | task1=6.354709e-03 | task2=2.003504e-01 | F1=2.156478e-04 | m1²=0.999445 | m2²=0.001075 | eps_w1=1.062062e-02 | eps_w2=1.875315e+00
[step      175] t/d=   1.750 | task1=6.363421e-03 | task2=2.002332e-01 | F1=2.243595e-04 | m1²=0.999450 | m2²=0.001072 | eps_w1=1.078951e-02 | eps_w2=1.873551e+00
[step      180] t/d=   1.800 | task1=6.373351e-03 | task2=2.001156e-01 | F1=2.342897e-04 | m1²=0.999437 | m2²=0.001064 | eps_w1=1.097819e-02 | eps_w2=1.871948e+00
[step      185] t/d=   1.850 | task1=6.380871e-03 | task2=2.000047e-01 | F1=2.418098e-04 | m1²=0.999434 | m2²=0.001067 | eps_w1=1.114340e-02 | eps_w2=1.870380e+00
[step      190] t/d=   1.900 | task1=6.384950e-03 | task2=1.999122e-01 | F1=2.458888e-04 | m1²=0.999432 | m2²=0.001084 | eps_w1=1.127165e-02 | eps_w2=1.869154e+00
[step      195] t/d=   1.950 | task1=6.394893e-03 | task2=1.997696e-01 | F1=2.558321e-04 | m1²=0.999425 | m2²=0.001054 | eps_w1=1.150881e-02 | eps_w2=1.867066e+00
[step      200] t/d=   2.000 | task1=6.409331e-03 | task2=1.995329e-01 | F1=2.702703e-04 | m1²=0.999408 | m2²=0.001059 | eps_w1=1.183717e-02 | eps_w2=1.864238e+00
Saved checkpoint: results/quality_pretraining/finetunetask2_d100_T5/prestep_400000_task1step_100000_lr0p01_task1wseed21_task1sgdseed22_task2sgdseed42/checkpoints/step_000000200
[step      205] t/d=   2.050 | task1=6.412777e-03 | task2=1.994771e-01 | F1=2.737163e-04 | m1²=0.999403 | m2²=0.001064 | eps_w1=1.191708e-02 | eps_w2=1.863561e+00
[step      210] t/d=   2.100 | task1=6.420310e-03 | task2=1.993438e-01 | F1=2.812492e-04 | m1²=0.999402 | m2²=0.001072 | eps_w1=1.210146e-02 | eps_w2=1.861855e+00
[step      215] t/d=   2.150 | task1=6.429598e-03 | task2=1.992616e-01 | F1=2.905367e-04 | m1²=0.999393 | m2²=0.001069 | eps_w1=1.223559e-02 | eps_w2=1.860778e+00
[step      220] t/d=   2.200 | task1=6.448967e-03 | task2=1.989685e-01 | F1=3.099055e-04 | m1²=0.999384 | m2²=0.001060 | eps_w1=1.270158e-02 | eps_w2=1.856708e+00
[step      225] t/d=   2.250 | task1=6.461274e-03 | task2=1.988537e-01 | F1=3.222125e-04 | m1²=0.999385 | m2²=0.001057 | eps_w1=1.290157e-02 | eps_w2=1.854923e+00
[step      230] t/d=   2.300 | task1=6.465271e-03 | task2=1.986734e-01 | F1=3.262100e-04 | m1²=0.999393 | m2²=0.001055 | eps_w1=1.312688e-02 | eps_w2=1.852807e+00
[step      235] t/d=   2.350 | task1=6.471276e-03 | task2=1.985490e-01 | F1=3.322149e-04 | m1²=0.999393 | m2²=0.001053 | eps_w1=1.330256e-02 | eps_w2=1.851265e+00
[step      240] t/d=   2.400 | task1=6.492170e-03 | task2=1.983169e-01 | F1=3.531091e-04 | m1²=0.999390 | m2²=0.001059 | eps_w1=1.374157e-02 | eps_w2=1.847518e+00
[step      245] t/d=   2.450 | task1=6.505412e-03 | task2=1.981359e-01 | F1=3.663512e-04 | m1²=0.999394 | m2²=0.001059 | eps_w1=1.402037e-02 | eps_w2=1.845085e+00
[step      250] t/d=   2.500 | task1=6.515033e-03 | task2=1.979805e-01 | F1=3.759724e-04 | m1²=0.999390 | m2²=0.001061 | eps_w1=1.426692e-02 | eps_w2=1.843075e+00
[step      255] t/d=   2.550 | task1=6.537062e-03 | task2=1.977225e-01 | F1=3.980005e-04 | m1²=0.999389 | m2²=0.001058 | eps_w1=1.468648e-02 | eps_w2=1.839620e+00
[step      260] t/d=   2.600 | task1=6.542366e-03 | task2=1.976014e-01 | F1=4.033051e-04 | m1²=0.999401 | m2²=0.001072 | eps_w1=1.485842e-02 | eps_w2=1.838021e+00
[step      265] t/d=   2.650 | task1=6.551058e-03 | task2=1.974661e-01 | F1=4.119967e-04 | m1²=0.999395 | m2²=0.001066 | eps_w1=1.508922e-02 | eps_w2=1.836248e+00
[step      270] t/d=   2.700 | task1=6.564025e-03 | task2=1.973728e-01 | F1=4.249638e-04 | m1²=0.999389 | m2²=0.001088 | eps_w1=1.528570e-02 | eps_w2=1.834715e+00
[step      275] t/d=   2.750 | task1=6.577071e-03 | task2=1.971601e-01 | F1=4.380103e-04 | m1²=0.999409 | m2²=0.001091 | eps_w1=1.556803e-02 | eps_w2=1.832186e+00
[step      280] t/d=   2.800 | task1=6.590605e-03 | task2=1.970173e-01 | F1=4.515440e-04 | m1²=0.999412 | m2²=0.001079 | eps_w1=1.582143e-02 | eps_w2=1.830175e+00
[step      285] t/d=   2.850 | task1=6.612814e-03 | task2=1.967934e-01 | F1=4.737533e-04 | m1²=0.999397 | m2²=0.001078 | eps_w1=1.622416e-02 | eps_w2=1.827255e+00
[step      290] t/d=   2.900 | task1=6.633146e-03 | task2=1.965912e-01 | F1=4.940845e-04 | m1²=0.999380 | m2²=0.001093 | eps_w1=1.657802e-02 | eps_w2=1.824743e+00
[step      295] t/d=   2.950 | task1=6.658319e-03 | task2=1.963125e-01 | F1=5.192581e-04 | m1²=0.999352 | m2²=0.001125 | eps_w1=1.705950e-02 | eps_w2=1.821423e+00
[step      300] t/d=   3.000 | task1=6.673208e-03 | task2=1.961983e-01 | F1=5.341474e-04 | m1²=0.999339 | m2²=0.001149 | eps_w1=1.727880e-02 | eps_w2=1.819912e+00
[step      305] t/d=   3.050 | task1=6.691654e-03 | task2=1.960255e-01 | F1=5.525934e-04 | m1²=0.999329 | m2²=0.001147 | eps_w1=1.759560e-02 | eps_w2=1.817700e+00
[step      310] t/d=   3.100 | task1=6.719337e-03 | task2=1.958090e-01 | F1=5.802757e-04 | m1²=0.999299 | m2²=0.001149 | eps_w1=1.801767e-02 | eps_w2=1.814980e+00
[step      315] t/d=   3.150 | task1=6.730658e-03 | task2=1.957050e-01 | F1=5.915966e-04 | m1²=0.999285 | m2²=0.001150 | eps_w1=1.822549e-02 | eps_w2=1.813657e+00
[step      320] t/d=   3.200 | task1=6.744872e-03 | task2=1.955359e-01 | F1=6.058111e-04 | m1²=0.999269 | m2²=0.001158 | eps_w1=1.858146e-02 | eps_w2=1.811284e+00
[step      325] t/d=   3.250 | task1=6.766447e-03 | task2=1.953646e-01 | F1=6.273860e-04 | m1²=0.999261 | m2²=0.001155 | eps_w1=1.891734e-02 | eps_w2=1.809002e+00
[step      330] t/d=   3.300 | task1=6.777249e-03 | task2=1.952776e-01 | F1=6.381884e-04 | m1²=0.999257 | m2²=0.001158 | eps_w1=1.908527e-02 | eps_w2=1.807854e+00
[step      335] t/d=   3.350 | task1=6.812668e-03 | task2=1.950293e-01 | F1=6.736070e-04 | m1²=0.999243 | m2²=0.001135 | eps_w1=1.962305e-02 | eps_w2=1.804314e+00
[step      340] t/d=   3.400 | task1=6.821133e-03 | task2=1.949299e-01 | F1=6.820717e-04 | m1²=0.999245 | m2²=0.001145 | eps_w1=1.978028e-02 | eps_w2=1.803180e+00
[step      345] t/d=   3.450 | task1=6.846008e-03 | task2=1.947205e-01 | F1=7.069465e-04 | m1²=0.999229 | m2²=0.001151 | eps_w1=2.023069e-02 | eps_w2=1.800281e+00
[step      350] t/d=   3.500 | task1=6.861218e-03 | task2=1.945805e-01 | F1=7.221573e-04 | m1²=0.999257 | m2²=0.001165 | eps_w1=2.050542e-02 | eps_w2=1.798071e+00
[step      355] t/d=   3.550 | task1=6.874578e-03 | task2=1.944931e-01 | F1=7.355165e-04 | m1²=0.999241 | m2²=0.001154 | eps_w1=2.071597e-02 | eps_w2=1.796865e+00
[step      360] t/d=   3.600 | task1=6.901099e-03 | task2=1.942354e-01 | F1=7.620383e-04 | m1²=0.999249 | m2²=0.001142 | eps_w1=2.120370e-02 | eps_w2=1.793554e+00
[step      365] t/d=   3.650 | task1=6.957820e-03 | task2=1.938692e-01 | F1=8.187592e-04 | m1²=0.999204 | m2²=0.001141 | eps_w1=2.206211e-02 | eps_w2=1.788465e+00
[step      370] t/d=   3.700 | task1=6.988989e-03 | task2=1.936614e-01 | F1=8.499283e-04 | m1²=0.999184 | m2²=0.001159 | eps_w1=2.250411e-02 | eps_w2=1.785819e+00
[step      375] t/d=   3.750 | task1=7.000051e-03 | task2=1.935431e-01 | F1=8.609897e-04 | m1²=0.999188 | m2²=0.001164 | eps_w1=2.274873e-02 | eps_w2=1.784218e+00
[step      380] t/d=   3.800 | task1=7.010852e-03 | task2=1.934487e-01 | F1=8.717906e-04 | m1²=0.999190 | m2²=0.001157 | eps_w1=2.294365e-02 | eps_w2=1.782980e+00
[step      385] t/d=   3.850 | task1=7.030635e-03 | task2=1.933014e-01 | F1=8.915742e-04 | m1²=0.999176 | m2²=0.001189 | eps_w1=2.326487e-02 | eps_w2=1.781052e+00
[step      390] t/d=   3.900 | task1=7.047929e-03 | task2=1.931513e-01 | F1=9.088679e-04 | m1²=0.999175 | m2²=0.001196 | eps_w1=2.360944e-02 | eps_w2=1.778915e+00
[step      395] t/d=   3.950 | task1=7.059378e-03 | task2=1.930710e-01 | F1=9.203170e-04 | m1²=0.999171 | m2²=0.001180 | eps_w1=2.380022e-02 | eps_w2=1.777807e+00
[step      400] t/d=   4.000 | task1=7.070135e-03 | task2=1.929718e-01 | F1=9.310741e-04 | m1²=0.999168 | m2²=0.001194 | eps_w1=2.398943e-02 | eps_w2=1.776652e+00
[step      405] t/d=   4.050 | task1=7.106109e-03 | task2=1.927568e-01 | F1=9.670483e-04 | m1²=0.999137 | m2²=0.001204 | eps_w1=2.448652e-02 | eps_w2=1.773922e+00
[step      410] t/d=   4.100 | task1=7.147240e-03 | task2=1.924392e-01 | F1=1.008179e-03 | m1²=0.999116 | m2²=0.001210 | eps_w1=2.522007e-02 | eps_w2=1.769732e+00
[step      415] t/d=   4.150 | task1=7.166715e-03 | task2=1.922675e-01 | F1=1.027654e-03 | m1²=0.999114 | m2²=0.001207 | eps_w1=2.558994e-02 | eps_w2=1.767558e+00
[step      420] t/d=   4.200 | task1=7.171252e-03 | task2=1.921994e-01 | F1=1.032191e-03 | m1²=0.999125 | m2²=0.001222 | eps_w1=2.572931e-02 | eps_w2=1.766602e+00
[step      425] t/d=   4.250 | task1=7.197335e-03 | task2=1.920056e-01 | F1=1.058274e-03 | m1²=0.999126 | m2²=0.001217 | eps_w1=2.614454e-02 | eps_w2=1.764181e+00
[step      430] t/d=   4.300 | task1=7.224119e-03 | task2=1.918345e-01 | F1=1.085058e-03 | m1²=0.999110 | m2²=0.001232 | eps_w1=2.655671e-02 | eps_w2=1.761923e+00
[step      435] t/d=   4.350 | task1=7.237418e-03 | task2=1.917766e-01 | F1=1.098357e-03 | m1²=0.999092 | m2²=0.001253 | eps_w1=2.671966e-02 | eps_w2=1.761127e+00
[step      440] t/d=   4.400 | task1=7.265150e-03 | task2=1.915655e-01 | F1=1.126089e-03 | m1²=0.999089 | m2²=0.001231 | eps_w1=2.719569e-02 | eps_w2=1.758472e+00
[step      445] t/d=   4.450 | task1=7.284224e-03 | task2=1.914621e-01 | F1=1.145163e-03 | m1²=0.999045 | m2²=0.001255 | eps_w1=2.745853e-02 | eps_w2=1.757364e+00
[step      450] t/d=   4.500 | task1=7.312563e-03 | task2=1.913040e-01 | F1=1.173502e-03 | m1²=0.999037 | m2²=0.001246 | eps_w1=2.786608e-02 | eps_w2=1.755159e+00
[step      455] t/d=   4.550 | task1=7.339225e-03 | task2=1.911315e-01 | F1=1.200164e-03 | m1²=0.999034 | m2²=0.001230 | eps_w1=2.827997e-02 | eps_w2=1.752911e+00
[step      460] t/d=   4.600 | task1=7.364566e-03 | task2=1.908818e-01 | F1=1.225505e-03 | m1²=0.999024 | m2²=0.001256 | eps_w1=2.880930e-02 | eps_w2=1.750035e+00
[step      465] t/d=   4.650 | task1=7.386172e-03 | task2=1.907582e-01 | F1=1.247111e-03 | m1²=0.999006 | m2²=0.001266 | eps_w1=2.910249e-02 | eps_w2=1.748577e+00
[step      470] t/d=   4.700 | task1=7.405553e-03 | task2=1.906098e-01 | F1=1.266492e-03 | m1²=0.999013 | m2²=0.001272 | eps_w1=2.940255e-02 | eps_w2=1.746868e+00
[step      475] t/d=   4.750 | task1=7.426405e-03 | task2=1.904962e-01 | F1=1.287344e-03 | m1²=0.999004 | m2²=0.001283 | eps_w1=2.968308e-02 | eps_w2=1.745413e+00
[step      480] t/d=   4.800 | task1=7.468250e-03 | task2=1.902639e-01 | F1=1.329189e-03 | m1²=0.998998 | m2²=0.001268 | eps_w1=3.030536e-02 | eps_w2=1.742163e+00
[step      485] t/d=   4.850 | task1=7.487983e-03 | task2=1.901405e-01 | F1=1.348922e-03 | m1²=0.998998 | m2²=0.001257 | eps_w1=3.062662e-02 | eps_w2=1.740478e+00
[step      490] t/d=   4.900 | task1=7.517408e-03 | task2=1.899251e-01 | F1=1.378347e-03 | m1²=0.998996 | m2²=0.001268 | eps_w1=3.114104e-02 | eps_w2=1.737777e+00
[step      495] t/d=   4.950 | task1=7.550897e-03 | task2=1.897141e-01 | F1=1.411836e-03 | m1²=0.999016 | m2²=0.001282 | eps_w1=3.166926e-02 | eps_w2=1.734834e+00
[step      500] t/d=   5.000 | task1=7.595580e-03 | task2=1.894356e-01 | F1=1.456519e-03 | m1²=0.999012 | m2²=0.001317 | eps_w1=3.231262e-02 | eps_w2=1.731504e+00
Saved checkpoint: results/quality_pretraining/finetunetask2_d100_T5/prestep_400000_task1step_100000_lr0p01_task1wseed21_task1sgdseed22_task2sgdseed42/checkpoints/step_000000500
[step      520] t/d=   5.200 | task1=7.677130e-03 | task2=1.888947e-01 | F1=1.538069e-03 | m1²=0.999013 | m2²=0.001318 | eps_w1=3.368713e-02 | eps_w2=1.724586e+00
[step      540] t/d=   5.400 | task1=7.779917e-03 | task2=1.883385e-01 | F1=1.640856e-03 | m1²=0.998979 | m2²=0.001295 | eps_w1=3.527696e-02 | eps_w2=1.717118e+00
[step      560] t/d=   5.600 | task1=7.862293e-03 | task2=1.878726e-01 | F1=1.723232e-03 | m1²=0.998973 | m2²=0.001318 | eps_w1=3.647998e-02 | eps_w2=1.711384e+00
[step      580] t/d=   5.800 | task1=7.977960e-03 | task2=1.872383e-01 | F1=1.838899e-03 | m1²=0.998926 | m2²=0.001318 | eps_w1=3.828158e-02 | eps_w2=1.703359e+00
[step      600] t/d=   6.000 | task1=8.141686e-03 | task2=1.864571e-01 | F1=2.002625e-03 | m1²=0.998858 | m2²=0.001364 | eps_w1=4.044911e-02 | eps_w2=1.694012e+00
[step      620] t/d=   6.200 | task1=8.213176e-03 | task2=1.860269e-01 | F1=2.074115e-03 | m1²=0.998875 | m2²=0.001367 | eps_w1=4.161482e-02 | eps_w2=1.688773e+00
[step      640] t/d=   6.400 | task1=8.367972e-03 | task2=1.853415e-01 | F1=2.228911e-03 | m1²=0.998809 | m2²=0.001365 | eps_w1=4.370905e-02 | eps_w2=1.680269e+00
[step      660] t/d=   6.600 | task1=8.464843e-03 | task2=1.849159e-01 | F1=2.325781e-03 | m1²=0.998781 | m2²=0.001400 | eps_w1=4.500627e-02 | eps_w2=1.674986e+00
[step      680] t/d=   6.800 | task1=8.589231e-03 | task2=1.843811e-01 | F1=2.450170e-03 | m1²=0.998731 | m2²=0.001375 | eps_w1=4.671550e-02 | eps_w2=1.668361e+00
[step      700] t/d=   7.000 | task1=8.739083e-03 | task2=1.837492e-01 | F1=2.600022e-03 | m1²=0.998677 | m2²=0.001369 | eps_w1=4.872894e-02 | eps_w2=1.660684e+00
[step      720] t/d=   7.200 | task1=8.843058e-03 | task2=1.832929e-01 | F1=2.703997e-03 | m1²=0.998625 | m2²=0.001363 | eps_w1=5.022856e-02 | eps_w2=1.655171e+00
[step      740] t/d=   7.400 | task1=8.949734e-03 | task2=1.828526e-01 | F1=2.810673e-03 | m1²=0.998595 | m2²=0.001374 | eps_w1=5.163808e-02 | eps_w2=1.649944e+00
[step      760] t/d=   7.600 | task1=9.057667e-03 | task2=1.823386e-01 | F1=2.918606e-03 | m1²=0.998591 | m2²=0.001386 | eps_w1=5.318526e-02 | eps_w2=1.644147e+00
[step      780] t/d=   7.800 | task1=9.213945e-03 | task2=1.816473e-01 | F1=3.074884e-03 | m1²=0.998537 | m2²=0.001405 | eps_w1=5.536908e-02 | eps_w2=1.636415e+00
[step      800] t/d=   8.000 | task1=9.327821e-03 | task2=1.812272e-01 | F1=3.188760e-03 | m1²=0.998540 | m2²=0.001372 | eps_w1=5.686193e-02 | eps_w2=1.631102e+00
[step      820] t/d=   8.200 | task1=9.482915e-03 | task2=1.805477e-01 | F1=3.343854e-03 | m1²=0.998553 | m2²=0.001391 | eps_w1=5.912092e-02 | eps_w2=1.623087e+00
[step      840] t/d=   8.400 | task1=9.653534e-03 | task2=1.798540e-01 | F1=3.514473e-03 | m1²=0.998528 | m2²=0.001406 | eps_w1=6.145355e-02 | eps_w2=1.615230e+00
[step      860] t/d=   8.600 | task1=9.769176e-03 | task2=1.793721e-01 | F1=3.630115e-03 | m1²=0.998544 | m2²=0.001412 | eps_w1=6.314846e-02 | eps_w2=1.609491e+00
[step      880] t/d=   8.800 | task1=9.885085e-03 | task2=1.789538e-01 | F1=3.746024e-03 | m1²=0.998519 | m2²=0.001441 | eps_w1=6.465170e-02 | eps_w2=1.604642e+00
[step      900] t/d=   9.000 | task1=1.001142e-02 | task2=1.784882e-01 | F1=3.872354e-03 | m1²=0.998507 | m2²=0.001442 | eps_w1=6.640574e-02 | eps_w2=1.599049e+00
[step      920] t/d=   9.200 | task1=1.016047e-02 | task2=1.779477e-01 | F1=4.021407e-03 | m1²=0.998477 | m2²=0.001416 | eps_w1=6.835634e-02 | eps_w2=1.593066e+00
[step      940] t/d=   9.400 | task1=1.029013e-02 | task2=1.774900e-01 | F1=4.151066e-03 | m1²=0.998499 | m2²=0.001421 | eps_w1=7.010054e-02 | eps_w2=1.587548e+00
[step      960] t/d=   9.600 | task1=1.038990e-02 | task2=1.771565e-01 | F1=4.250836e-03 | m1²=0.998465 | m2²=0.001429 | eps_w1=7.136886e-02 | eps_w2=1.583814e+00
[step      980] t/d=   9.800 | task1=1.057564e-02 | task2=1.765985e-01 | F1=4.436583e-03 | m1²=0.998478 | m2²=0.001436 | eps_w1=7.367340e-02 | eps_w2=1.576829e+00
[step     1000] t/d=  10.000 | task1=1.072063e-02 | task2=1.761915e-01 | F1=4.581570e-03 | m1²=0.998410 | m2²=0.001441 | eps_w1=7.536328e-02 | eps_w2=1.572137e+00
Saved checkpoint: results/quality_pretraining/finetunetask2_d100_T5/prestep_400000_task1step_100000_lr0p01_task1wseed21_task1sgdseed22_task2sgdseed42/checkpoints/step_000001000
[step     1020] t/d=  10.200 | task1=1.085998e-02 | task2=1.757752e-01 | F1=4.720923e-03 | m1²=0.998377 | m2²=0.001443 | eps_w1=7.709659e-02 | eps_w2=1.567243e+00
[step     1040] t/d=  10.400 | task1=1.095246e-02 | task2=1.754988e-01 | F1=4.813400e-03 | m1²=0.998354 | m2²=0.001503 | eps_w1=7.818271e-02 | eps_w2=1.564138e+00
[step     1060] t/d=  10.600 | task1=1.110354e-02 | task2=1.749797e-01 | F1=4.964477e-03 | m1²=0.998341 | m2²=0.001554 | eps_w1=8.019078e-02 | eps_w2=1.558443e+00
[step     1080] t/d=  10.800 | task1=1.122334e-02 | task2=1.746292e-01 | F1=5.084277e-03 | m1²=0.998279 | m2²=0.001599 | eps_w1=8.166082e-02 | eps_w2=1.554535e+00
[step     1100] t/d=  11.000 | task1=1.132881e-02 | task2=1.743020e-01 | F1=5.189753e-03 | m1²=0.998321 | m2²=0.001587 | eps_w1=8.302526e-02 | eps_w2=1.550638e+00
[step     1120] t/d=  11.200 | task1=1.150034e-02 | task2=1.737653e-01 | F1=5.361278e-03 | m1²=0.998276 | m2²=0.001591 | eps_w1=8.520604e-02 | eps_w2=1.544905e+00
[step     1140] t/d=  11.400 | task1=1.172924e-02 | task2=1.731675e-01 | F1=5.590183e-03 | m1²=0.998205 | m2²=0.001648 | eps_w1=8.786310e-02 | eps_w2=1.538042e+00
[step     1160] t/d=  11.600 | task1=1.186790e-02 | task2=1.727885e-01 | F1=5.728840e-03 | m1²=0.998154 | m2²=0.001667 | eps_w1=8.949196e-02 | eps_w2=1.533956e+00
[step     1180] t/d=  11.800 | task1=1.207651e-02 | task2=1.721704e-01 | F1=5.937447e-03 | m1²=0.998127 | m2²=0.001663 | eps_w1=9.207333e-02 | eps_w2=1.527439e+00
[step     1200] t/d=  12.000 | task1=1.224029e-02 | task2=1.717540e-01 | F1=6.101227e-03 | m1²=0.998087 | m2²=0.001701 | eps_w1=9.384202e-02 | eps_w2=1.523068e+00
[step     1220] t/d=  12.200 | task1=1.236186e-02 | task2=1.713814e-01 | F1=6.222804e-03 | m1²=0.998088 | m2²=0.001669 | eps_w1=9.539131e-02 | eps_w2=1.519256e+00
[step     1240] t/d=  12.400 | task1=1.255404e-02 | task2=1.709733e-01 | F1=6.414980e-03 | m1²=0.997973 | m2²=0.001709 | eps_w1=9.758678e-02 | eps_w2=1.514203e+00
[step     1260] t/d=  12.600 | task1=1.274010e-02 | task2=1.704838e-01 | F1=6.601040e-03 | m1²=0.997950 | m2²=0.001733 | eps_w1=9.988878e-02 | eps_w2=1.508689e+00
[step     1280] t/d=  12.800 | task1=1.289196e-02 | task2=1.700501e-01 | F1=6.752900e-03 | m1²=0.997939 | m2²=0.001785 | eps_w1=1.017629e-01 | eps_w2=1.504194e+00
[step     1300] t/d=  13.000 | task1=1.304929e-02 | task2=1.696384e-01 | F1=6.910226e-03 | m1²=0.997946 | m2²=0.001848 | eps_w1=1.036502e-01 | eps_w2=1.499660e+00
[step     1320] t/d=  13.200 | task1=1.322232e-02 | task2=1.691676e-01 | F1=7.083261e-03 | m1²=0.997984 | m2²=0.001831 | eps_w1=1.057840e-01 | eps_w2=1.494642e+00
[step     1340] t/d=  13.400 | task1=1.346776e-02 | task2=1.685767e-01 | F1=7.328702e-03 | m1²=0.997922 | m2²=0.001838 | eps_w1=1.086300e-01 | eps_w2=1.488368e+00
[step     1360] t/d=  13.600 | task1=1.362533e-02 | task2=1.682106e-01 | F1=7.486271e-03 | m1²=0.997899 | m2²=0.001817 | eps_w1=1.103378e-01 | eps_w2=1.484657e+00
[step     1380] t/d=  13.800 | task1=1.380675e-02 | task2=1.677835e-01 | F1=7.667692e-03 | m1²=0.997825 | m2²=0.001774 | eps_w1=1.124453e-01 | eps_w2=1.480287e+00
[step     1400] t/d=  14.000 | task1=1.397211e-02 | task2=1.673544e-01 | F1=7.833045e-03 | m1²=0.997814 | m2²=0.001818 | eps_w1=1.144660e-01 | eps_w2=1.475867e+00
[step     1420] t/d=  14.200 | task1=1.418812e-02 | task2=1.668848e-01 | F1=8.049063e-03 | m1²=0.997775 | m2²=0.001819 | eps_w1=1.169516e-01 | eps_w2=1.470655e+00
[step     1440] t/d=  14.400 | task1=1.433300e-02 | task2=1.665423e-01 | F1=8.193935e-03 | m1²=0.997755 | m2²=0.001815 | eps_w1=1.186074e-01 | eps_w2=1.467216e+00
[step     1460] t/d=  14.600 | task1=1.452915e-02 | task2=1.660380e-01 | F1=8.390085e-03 | m1²=0.997780 | m2²=0.001855 | eps_w1=1.210471e-01 | eps_w2=1.462010e+00
[step     1480] t/d=  14.800 | task1=1.471363e-02 | task2=1.655826e-01 | F1=8.574570e-03 | m1²=0.997762 | m2²=0.001906 | eps_w1=1.232376e-01 | eps_w2=1.457490e+00
[step     1500] t/d=  15.000 | task1=1.482985e-02 | task2=1.653272e-01 | F1=8.690792e-03 | m1²=0.997724 | m2²=0.001924 | eps_w1=1.245219e-01 | eps_w2=1.454959e+00
[step     1520] t/d=  15.200 | task1=1.502275e-02 | task2=1.648995e-01 | F1=8.883688e-03 | m1²=0.997687 | m2²=0.001894 | eps_w1=1.267541e-01 | eps_w2=1.450613e+00
[step     1540] t/d=  15.400 | task1=1.520544e-02 | task2=1.644660e-01 | F1=9.066380e-03 | m1²=0.997707 | m2²=0.001946 | eps_w1=1.289272e-01 | eps_w2=1.446187e+00
[step     1560] t/d=  15.600 | task1=1.542169e-02 | task2=1.640048e-01 | F1=9.282627e-03 | m1²=0.997665 | m2²=0.001995 | eps_w1=1.312772e-01 | eps_w2=1.441638e+00
[step     1580] t/d=  15.800 | task1=1.554862e-02 | task2=1.637335e-01 | F1=9.409556e-03 | m1²=0.997600 | m2²=0.001983 | eps_w1=1.327343e-01 | eps_w2=1.438999e+00
[step     1600] t/d=  16.000 | task1=1.578573e-02 | task2=1.632561e-01 | F1=9.646666e-03 | m1²=0.997573 | m2²=0.002042 | eps_w1=1.353393e-01 | eps_w2=1.434016e+00
[step     1620] t/d=  16.200 | task1=1.606033e-02 | task2=1.627130e-01 | F1=9.921272e-03 | m1²=0.997500 | m2²=0.002027 | eps_w1=1.383250e-01 | eps_w2=1.428601e+00
[step     1640] t/d=  16.400 | task1=1.638079e-02 | task2=1.620141e-01 | F1=1.024173e-02 | m1²=0.997517 | m2²=0.002015 | eps_w1=1.420729e-01 | eps_w2=1.421676e+00
[step     1660] t/d=  16.600 | task1=1.658921e-02 | task2=1.616205e-01 | F1=1.045014e-02 | m1²=0.997449 | m2²=0.002087 | eps_w1=1.442786e-01 | eps_w2=1.417744e+00
[step     1680] t/d=  16.800 | task1=1.684239e-02 | task2=1.610568e-01 | F1=1.070333e-02 | m1²=0.997462 | m2²=0.002071 | eps_w1=1.472838e-01 | eps_w2=1.412377e+00
[step     1700] t/d=  17.000 | task1=1.705878e-02 | task2=1.606049e-01 | F1=1.091972e-02 | m1²=0.997465 | m2²=0.002117 | eps_w1=1.498285e-01 | eps_w2=1.407842e+00
[step     1720] t/d=  17.200 | task1=1.720848e-02 | task2=1.603372e-01 | F1=1.106942e-02 | m1²=0.997431 | m2²=0.002111 | eps_w1=1.514149e-01 | eps_w2=1.405170e+00
[step     1740] t/d=  17.400 | task1=1.740221e-02 | task2=1.599728e-01 | F1=1.126314e-02 | m1²=0.997379 | m2²=0.002127 | eps_w1=1.535509e-01 | eps_w2=1.401588e+00
[step     1760] t/d=  17.600 | task1=1.758804e-02 | task2=1.595827e-01 | F1=1.144898e-02 | m1²=0.997392 | m2²=0.002134 | eps_w1=1.556100e-01 | eps_w2=1.398052e+00
[step     1780] t/d=  17.800 | task1=1.772183e-02 | task2=1.593179e-01 | F1=1.158276e-02 | m1²=0.997404 | m2²=0.002113 | eps_w1=1.571700e-01 | eps_w2=1.395431e+00
[step     1800] t/d=  18.000 | task1=1.792464e-02 | task2=1.589677e-01 | F1=1.178558e-02 | m1²=0.997414 | m2²=0.002102 | eps_w1=1.594211e-01 | eps_w2=1.391677e+00
[step     1820] t/d=  18.200 | task1=1.807638e-02 | task2=1.586710e-01 | F1=1.193732e-02 | m1²=0.997454 | m2²=0.002039 | eps_w1=1.611450e-01 | eps_w2=1.388836e+00
[step     1840] t/d=  18.400 | task1=1.822398e-02 | task2=1.583945e-01 | F1=1.208492e-02 | m1²=0.997451 | m2²=0.002004 | eps_w1=1.628691e-01 | eps_w2=1.386072e+00
[step     1860] t/d=  18.600 | task1=1.840122e-02 | task2=1.580799e-01 | F1=1.226216e-02 | m1²=0.997422 | m2²=0.002007 | eps_w1=1.647999e-01 | eps_w2=1.383005e+00
[step     1880] t/d=  18.800 | task1=1.852466e-02 | task2=1.578573e-01 | F1=1.238560e-02 | m1²=0.997436 | m2²=0.002062 | eps_w1=1.660992e-01 | eps_w2=1.380827e+00
[step     1900] t/d=  19.000 | task1=1.878995e-02 | task2=1.573723e-01 | F1=1.265089e-02 | m1²=0.997405 | m2²=0.002053 | eps_w1=1.689913e-01 | eps_w2=1.376311e+00
[step     1920] t/d=  19.200 | task1=1.905237e-02 | task2=1.568820e-01 | F1=1.291331e-02 | m1²=0.997447 | m2²=0.002059 | eps_w1=1.720437e-01 | eps_w2=1.371459e+00
[step     1940] t/d=  19.400 | task1=1.927709e-02 | task2=1.564773e-01 | F1=1.313803e-02 | m1²=0.997376 | m2²=0.002132 | eps_w1=1.745550e-01 | eps_w2=1.367631e+00
[step     1960] t/d=  19.600 | task1=1.945205e-02 | task2=1.561553e-01 | F1=1.331299e-02 | m1²=0.997411 | m2²=0.002169 | eps_w1=1.765547e-01 | eps_w2=1.364480e+00
[step     1980] t/d=  19.800 | task1=1.958012e-02 | task2=1.559434e-01 | F1=1.344106e-02 | m1²=0.997443 | m2²=0.002182 | eps_w1=1.780647e-01 | eps_w2=1.362130e+00
[step     2000] t/d=  20.000 | task1=1.983921e-02 | task2=1.555424e-01 | F1=1.370015e-02 | m1²=0.997385 | m2²=0.002172 | eps_w1=1.808435e-01 | eps_w2=1.358094e+00
Saved checkpoint: results/quality_pretraining/finetunetask2_d100_T5/prestep_400000_task1step_100000_lr0p01_task1wseed21_task1sgdseed22_task2sgdseed42/checkpoints/step_000002000
[step     2050] t/d=  20.500 | task1=2.035568e-02 | task2=1.547107e-01 | F1=1.421662e-02 | m1²=0.997172 | m2²=0.002273 | eps_w1=1.861746e-01 | eps_w2=1.350523e+00
[step     2100] t/d=  21.000 | task1=2.104507e-02 | task2=1.536455e-01 | F1=1.490601e-02 | m1²=0.997138 | m2²=0.002261 | eps_w1=1.934865e-01 | eps_w2=1.340192e+00
[step     2150] t/d=  21.500 | task1=2.170958e-02 | task2=1.526212e-01 | F1=1.557052e-02 | m1²=0.997060 | m2²=0.002330 | eps_w1=2.005337e-01 | eps_w2=1.330539e+00
[step     2200] t/d=  22.000 | task1=2.220745e-02 | task2=1.518516e-01 | F1=1.606839e-02 | m1²=0.996910 | m2²=0.002397 | eps_w1=2.057686e-01 | eps_w2=1.323682e+00
[step     2250] t/d=  22.500 | task1=2.274835e-02 | task2=1.510859e-01 | F1=1.660929e-02 | m1²=0.996779 | m2²=0.002371 | eps_w1=2.114753e-01 | eps_w2=1.316445e+00
[step     2300] t/d=  23.000 | task1=2.332924e-02 | task2=1.502403e-01 | F1=1.719018e-02 | m1²=0.996743 | m2²=0.002348 | eps_w1=2.175903e-01 | eps_w2=1.308735e+00
[step     2350] t/d=  23.500 | task1=2.378616e-02 | task2=1.495672e-01 | F1=1.764710e-02 | m1²=0.996651 | m2²=0.002541 | eps_w1=2.223880e-01 | eps_w2=1.302679e+00
[step     2400] t/d=  24.000 | task1=2.428765e-02 | task2=1.488394e-01 | F1=1.814859e-02 | m1²=0.996603 | m2²=0.002588 | eps_w1=2.276797e-01 | eps_w2=1.296254e+00
[step     2450] t/d=  24.500 | task1=2.485429e-02 | task2=1.480607e-01 | F1=1.871523e-02 | m1²=0.996580 | m2²=0.002596 | eps_w1=2.335657e-01 | eps_w2=1.289282e+00
[step     2500] t/d=  25.000 | task1=2.534353e-02 | task2=1.474346e-01 | F1=1.920447e-02 | m1²=0.996443 | m2²=0.002686 | eps_w1=2.384669e-01 | eps_w2=1.283658e+00
[step     2550] t/d=  25.500 | task1=2.591749e-02 | task2=1.466708e-01 | F1=1.977843e-02 | m1²=0.996535 | m2²=0.002695 | eps_w1=2.444394e-01 | eps_w2=1.276761e+00
[step     2600] t/d=  26.000 | task1=2.656881e-02 | task2=1.458662e-01 | F1=2.042975e-02 | m1²=0.996323 | m2²=0.002722 | eps_w1=2.509560e-01 | eps_w2=1.269756e+00
[step     2650] t/d=  26.500 | task1=2.706597e-02 | task2=1.451743e-01 | F1=2.092691e-02 | m1²=0.996241 | m2²=0.002852 | eps_w1=2.560474e-01 | eps_w2=1.264203e+00
[step     2700] t/d=  27.000 | task1=2.746606e-02 | task2=1.446908e-01 | F1=2.132700e-02 | m1²=0.996190 | m2²=0.002870 | eps_w1=2.599942e-01 | eps_w2=1.260045e+00
[step     2750] t/d=  27.500 | task1=2.796710e-02 | task2=1.440570e-01 | F1=2.182804e-02 | m1²=0.996016 | m2²=0.003036 | eps_w1=2.651311e-01 | eps_w2=1.254692e+00
[step     2800] t/d=  28.000 | task1=2.852707e-02 | task2=1.433879e-01 | F1=2.238801e-02 | m1²=0.995885 | m2²=0.002981 | eps_w1=2.707515e-01 | eps_w2=1.249131e+00
[step     2850] t/d=  28.500 | task1=2.898117e-02 | task2=1.428566e-01 | F1=2.284211e-02 | m1²=0.995745 | m2²=0.003079 | eps_w1=2.753954e-01 | eps_w2=1.244512e+00
[step     2900] t/d=  29.000 | task1=2.962691e-02 | task2=1.421077e-01 | F1=2.348785e-02 | m1²=0.995613 | m2²=0.003176 | eps_w1=2.817123e-01 | eps_w2=1.238334e+00
[step     2950] t/d=  29.500 | task1=3.018990e-02 | task2=1.414340e-01 | F1=2.405084e-02 | m1²=0.995624 | m2²=0.003218 | eps_w1=2.874420e-01 | eps_w2=1.232785e+00
[step     3000] t/d=  30.000 | task1=3.056374e-02 | task2=1.409864e-01 | F1=2.442468e-02 | m1²=0.995536 | m2²=0.003334 | eps_w1=2.911329e-01 | eps_w2=1.229271e+00
[step     3050] t/d=  30.500 | task1=3.126771e-02 | task2=1.401883e-01 | F1=2.512865e-02 | m1²=0.995307 | m2²=0.003454 | eps_w1=2.981083e-01 | eps_w2=1.222905e+00
[step     3100] t/d=  31.000 | task1=3.171128e-02 | task2=1.396645e-01 | F1=2.557222e-02 | m1²=0.995498 | m2²=0.003427 | eps_w1=3.026805e-01 | eps_w2=1.218639e+00
[step     3150] t/d=  31.500 | task1=3.211524e-02 | task2=1.392054e-01 | F1=2.597618e-02 | m1²=0.995470 | m2²=0.003400 | eps_w1=3.070006e-01 | eps_w2=1.214846e+00
[step     3200] t/d=  32.000 | task1=3.267819e-02 | task2=1.386514e-01 | F1=2.653913e-02 | m1²=0.995477 | m2²=0.003321 | eps_w1=3.125094e-01 | eps_w2=1.210105e+00
[step     3250] t/d=  32.500 | task1=3.324249e-02 | task2=1.380442e-01 | F1=2.710343e-02 | m1²=0.995366 | m2²=0.003313 | eps_w1=3.182030e-01 | eps_w2=1.205327e+00
[step     3300] t/d=  33.000 | task1=3.367595e-02 | task2=1.376161e-01 | F1=2.753689e-02 | m1²=0.995311 | m2²=0.003371 | eps_w1=3.223106e-01 | eps_w2=1.201861e+00
[step     3350] t/d=  33.500 | task1=3.409527e-02 | task2=1.372133e-01 | F1=2.795621e-02 | m1²=0.995297 | m2²=0.003372 | eps_w1=3.262619e-01 | eps_w2=1.198599e+00
[step     3400] t/d=  34.000 | task1=3.469886e-02 | task2=1.365877e-01 | F1=2.855980e-02 | m1²=0.995264 | m2²=0.003506 | eps_w1=3.321793e-01 | eps_w2=1.193690e+00
[step     3450] t/d=  34.500 | task1=3.517239e-02 | task2=1.361241e-01 | F1=2.903332e-02 | m1²=0.995164 | m2²=0.003702 | eps_w1=3.368875e-01 | eps_w2=1.189828e+00
[step     3500] t/d=  35.000 | task1=3.578692e-02 | task2=1.355618e-01 | F1=2.964786e-02 | m1²=0.994919 | m2²=0.003826 | eps_w1=3.425860e-01 | eps_w2=1.185418e+00
[step     3550] t/d=  35.500 | task1=3.644478e-02 | task2=1.349560e-01 | F1=3.030572e-02 | m1²=0.994680 | m2²=0.003940 | eps_w1=3.488534e-01 | eps_w2=1.180663e+00
[step     3600] t/d=  36.000 | task1=3.691828e-02 | task2=1.344985e-01 | F1=3.077922e-02 | m1²=0.994544 | m2²=0.004050 | eps_w1=3.534240e-01 | eps_w2=1.177212e+00
[step     3650] t/d=  36.500 | task1=3.748865e-02 | task2=1.340032e-01 | F1=3.134959e-02 | m1²=0.994601 | m2²=0.004032 | eps_w1=3.587435e-01 | eps_w2=1.173257e+00
[step     3700] t/d=  37.000 | task1=3.822426e-02 | task2=1.333743e-01 | F1=3.208520e-02 | m1²=0.994496 | m2²=0.004094 | eps_w1=3.657460e-01 | eps_w2=1.168197e+00
[step     3750] t/d=  37.500 | task1=3.877292e-02 | task2=1.329016e-01 | F1=3.263386e-02 | m1²=0.994348 | m2²=0.004248 | eps_w1=3.710692e-01 | eps_w2=1.164382e+00
[step     3800] t/d=  38.000 | task1=3.916831e-02 | task2=1.325717e-01 | F1=3.302924e-02 | m1²=0.994182 | m2²=0.004395 | eps_w1=3.748212e-01 | eps_w2=1.161735e+00
[step     3850] t/d=  38.500 | task1=3.974069e-02 | task2=1.320620e-01 | F1=3.360163e-02 | m1²=0.994079 | m2²=0.004528 | eps_w1=3.801163e-01 | eps_w2=1.158047e+00
[step     3900] t/d=  39.000 | task1=4.017936e-02 | task2=1.316474e-01 | F1=3.404030e-02 | m1²=0.994090 | m2²=0.004591 | eps_w1=3.845814e-01 | eps_w2=1.154977e+00
[step     3950] t/d=  39.500 | task1=4.061578e-02 | task2=1.312926e-01 | F1=3.447672e-02 | m1²=0.993923 | m2²=0.004686 | eps_w1=3.886161e-01 | eps_w2=1.152303e+00
[step     4000] t/d=  40.000 | task1=4.094353e-02 | task2=1.309951e-01 | F1=3.480447e-02 | m1²=0.993740 | m2²=0.004861 | eps_w1=3.917027e-01 | eps_w2=1.150229e+00
[step     4050] t/d=  40.500 | task1=4.143256e-02 | task2=1.305798e-01 | F1=3.529350e-02 | m1²=0.993589 | m2²=0.004933 | eps_w1=3.962837e-01 | eps_w2=1.147274e+00
[step     4100] t/d=  41.000 | task1=4.204403e-02 | task2=1.300536e-01 | F1=3.590497e-02 | m1²=0.993311 | m2²=0.005106 | eps_w1=4.020178e-01 | eps_w2=1.143618e+00
[step     4150] t/d=  41.500 | task1=4.244603e-02 | task2=1.297075e-01 | F1=3.630697e-02 | m1²=0.993340 | m2²=0.005102 | eps_w1=4.059946e-01 | eps_w2=1.141114e+00
[step     4200] t/d=  42.000 | task1=4.302141e-02 | task2=1.292175e-01 | F1=3.688235e-02 | m1²=0.992986 | m2²=0.005336 | eps_w1=4.114331e-01 | eps_w2=1.137740e+00
[step     4250] t/d=  42.500 | task1=4.344218e-02 | task2=1.289101e-01 | F1=3.730311e-02 | m1²=0.992901 | m2²=0.005381 | eps_w1=4.151938e-01 | eps_w2=1.135459e+00
[step     4300] t/d=  43.000 | task1=4.385986e-02 | task2=1.285817e-01 | F1=3.772080e-02 | m1²=0.992699 | m2²=0.005515 | eps_w1=4.192907e-01 | eps_w2=1.132990e+00
[step     4350] t/d=  43.500 | task1=4.428269e-02 | task2=1.282818e-01 | F1=3.814363e-02 | m1²=0.992686 | m2²=0.005453 | eps_w1=4.230992e-01 | eps_w2=1.130788e+00
[step     4400] t/d=  44.000 | task1=4.484020e-02 | task2=1.278528e-01 | F1=3.870114e-02 | m1²=0.992507 | m2²=0.005699 | eps_w1=4.281474e-01 | eps_w2=1.127742e+00
[step     4450] t/d=  44.500 | task1=4.521483e-02 | task2=1.275775e-01 | F1=3.907577e-02 | m1²=0.992501 | m2²=0.005770 | eps_w1=4.318007e-01 | eps_w2=1.125596e+00
[step     4500] t/d=  45.000 | task1=4.563741e-02 | task2=1.272816e-01 | F1=3.949835e-02 | m1²=0.992360 | m2²=0.005759 | eps_w1=4.357372e-01 | eps_w2=1.123429e+00
[step     4550] t/d=  45.500 | task1=4.603157e-02 | task2=1.269903e-01 | F1=3.989251e-02 | m1²=0.992104 | m2²=0.005835 | eps_w1=4.392566e-01 | eps_w2=1.121504e+00
[step     4600] t/d=  46.000 | task1=4.674613e-02 | task2=1.264830e-01 | F1=4.060707e-02 | m1²=0.991980 | m2²=0.005864 | eps_w1=4.458777e-01 | eps_w2=1.117888e+00
[step     4650] t/d=  46.500 | task1=4.716674e-02 | task2=1.261894e-01 | F1=4.102767e-02 | m1²=0.991804 | m2²=0.005931 | eps_w1=4.496289e-01 | eps_w2=1.115877e+00
[step     4700] t/d=  47.000 | task1=4.772718e-02 | task2=1.257926e-01 | F1=4.158811e-02 | m1²=0.991511 | m2²=0.006133 | eps_w1=4.547108e-01 | eps_w2=1.113136e+00
[step     4750] t/d=  47.500 | task1=4.799343e-02 | task2=1.256265e-01 | F1=4.185437e-02 | m1²=0.991448 | m2²=0.006131 | eps_w1=4.571282e-01 | eps_w2=1.111888e+00
[step     4800] t/d=  48.000 | task1=4.834456e-02 | task2=1.253714e-01 | F1=4.220549e-02 | m1²=0.991299 | m2²=0.006254 | eps_w1=4.603419e-01 | eps_w2=1.110181e+00
[step     4850] t/d=  48.500 | task1=4.909295e-02 | task2=1.248930e-01 | F1=4.295389e-02 | m1²=0.991109 | m2²=0.006450 | eps_w1=4.671106e-01 | eps_w2=1.106647e+00
[step     4900] t/d=  49.000 | task1=4.949697e-02 | task2=1.246275e-01 | F1=4.335791e-02 | m1²=0.990926 | m2²=0.006476 | eps_w1=4.707740e-01 | eps_w2=1.104846e+00
[step     4950] t/d=  49.500 | task1=4.987160e-02 | task2=1.243546e-01 | F1=4.373254e-02 | m1²=0.990764 | m2²=0.006871 | eps_w1=4.742596e-01 | eps_w2=1.102906e+00
[step     5000] t/d=  50.000 | task1=5.031342e-02 | task2=1.240762e-01 | F1=4.417436e-02 | m1²=0.990366 | m2²=0.007146 | eps_w1=4.781432e-01 | eps_w2=1.100945e+00
Saved checkpoint: results/quality_pretraining/finetunetask2_d100_T5/prestep_400000_task1step_100000_lr0p01_task1wseed21_task1sgdseed22_task2sgdseed42/checkpoints/step_000005000
[step     5050] t/d=  50.500 | task1=5.074181e-02 | task2=1.238183e-01 | F1=4.460275e-02 | m1²=0.990151 | m2²=0.007294 | eps_w1=4.818557e-01 | eps_w2=1.099117e+00
[step     5100] t/d=  51.000 | task1=5.136463e-02 | task2=1.234430e-01 | F1=4.522557e-02 | m1²=0.989901 | m2²=0.007476 | eps_w1=4.873544e-01 | eps_w2=1.096454e+00
[step     5150] t/d=  51.500 | task1=5.195227e-02 | task2=1.230652e-01 | F1=4.581321e-02 | m1²=0.989734 | m2²=0.007505 | eps_w1=4.926977e-01 | eps_w2=1.093984e+00
[step     5200] t/d=  52.000 | task1=5.244977e-02 | task2=1.227474e-01 | F1=4.631070e-02 | m1²=0.989501 | m2²=0.007588 | eps_w1=4.973020e-01 | eps_w2=1.091879e+00
[step     5250] t/d=  52.500 | task1=5.283887e-02 | task2=1.224775e-01 | F1=4.669980e-02 | m1²=0.989237 | m2²=0.008002 | eps_w1=5.006925e-01 | eps_w2=1.090157e+00
[step     5300] t/d=  53.000 | task1=5.312090e-02 | task2=1.222995e-01 | F1=4.698183e-02 | m1²=0.989060 | m2²=0.008185 | eps_w1=5.032770e-01 | eps_w2=1.088932e+00
[step     5350] t/d=  53.500 | task1=5.344302e-02 | task2=1.221171e-01 | F1=4.730396e-02 | m1²=0.988973 | m2²=0.008375 | eps_w1=5.060746e-01 | eps_w2=1.087596e+00
[step     5400] t/d=  54.000 | task1=5.383866e-02 | task2=1.218888e-01 | F1=4.769960e-02 | m1²=0.988649 | m2²=0.008714 | eps_w1=5.094285e-01 | eps_w2=1.086000e+00
[step     5450] t/d=  54.500 | task1=5.418236e-02 | task2=1.217035e-01 | F1=4.804330e-02 | m1²=0.988415 | m2²=0.008699 | eps_w1=5.125252e-01 | eps_w2=1.084723e+00
[step     5500] t/d=  55.000 | task1=5.453896e-02 | task2=1.214804e-01 | F1=4.839990e-02 | m1²=0.988439 | m2²=0.008775 | eps_w1=5.157374e-01 | eps_w2=1.083291e+00
[step     5550] t/d=  55.500 | task1=5.512914e-02 | task2=1.211596e-01 | F1=4.899007e-02 | m1²=0.988300 | m2²=0.008621 | eps_w1=5.208567e-01 | eps_w2=1.081248e+00
[step     5600] t/d=  56.000 | task1=5.542890e-02 | task2=1.209949e-01 | F1=4.928984e-02 | m1²=0.988390 | m2²=0.008559 | eps_w1=5.235152e-01 | eps_w2=1.080152e+00
[step     5650] t/d=  56.500 | task1=5.569465e-02 | task2=1.208449e-01 | F1=4.955559e-02 | m1²=0.988202 | m2²=0.008804 | eps_w1=5.258605e-01 | eps_w2=1.079082e+00
[step     5700] t/d=  57.000 | task1=5.624352e-02 | task2=1.205378e-01 | F1=5.010446e-02 | m1²=0.988058 | m2²=0.008884 | eps_w1=5.308230e-01 | eps_w2=1.077041e+00
[step     5750] t/d=  57.500 | task1=5.660204e-02 | task2=1.203245e-01 | F1=5.046298e-02 | m1²=0.987677 | m2²=0.009372 | eps_w1=5.339727e-01 | eps_w2=1.075579e+00
[step     5800] t/d=  58.000 | task1=5.691987e-02 | task2=1.201403e-01 | F1=5.078081e-02 | m1²=0.987439 | m2²=0.009561 | eps_w1=5.367465e-01 | eps_w2=1.074418e+00
[step     5850] t/d=  58.500 | task1=5.730490e-02 | task2=1.199240e-01 | F1=5.116584e-02 | m1²=0.987466 | m2²=0.009661 | eps_w1=5.401984e-01 | eps_w2=1.072998e+00
[step     5900] t/d=  59.000 | task1=5.751698e-02 | task2=1.198136e-01 | F1=5.137792e-02 | m1²=0.987431 | m2²=0.009736 | eps_w1=5.421196e-01 | eps_w2=1.072214e+00
[step     5950] t/d=  59.500 | task1=5.790452e-02 | task2=1.195798e-01 | F1=5.176546e-02 | m1²=0.987022 | m2²=0.010078 | eps_w1=5.455288e-01 | eps_w2=1.070793e+00
[step     6000] t/d=  60.000 | task1=5.835527e-02 | task2=1.193428e-01 | F1=5.221621e-02 | m1²=0.986526 | m2²=0.010344 | eps_w1=5.494650e-01 | eps_w2=1.069247e+00
[step     6050] t/d=  60.500 | task1=5.863770e-02 | task2=1.191889e-01 | F1=5.249864e-02 | m1²=0.986302 | m2²=0.010528 | eps_w1=5.518531e-01 | eps_w2=1.068292e+00
[step     6100] t/d=  61.000 | task1=5.897337e-02 | task2=1.190132e-01 | F1=5.283431e-02 | m1²=0.986146 | m2²=0.010724 | eps_w1=5.548327e-01 | eps_w2=1.067105e+00
[step     6150] t/d=  61.500 | task1=5.928124e-02 | task2=1.188559e-01 | F1=5.314218e-02 | m1²=0.986170 | m2²=0.010572 | eps_w1=5.574658e-01 | eps_w2=1.066211e+00
[step     6200] t/d=  62.000 | task1=5.950657e-02 | task2=1.187411e-01 | F1=5.336751e-02 | m1²=0.986262 | m2²=0.010640 | eps_w1=5.594329e-01 | eps_w2=1.065437e+00
[step     6250] t/d=  62.500 | task1=5.983861e-02 | task2=1.185723e-01 | F1=5.369955e-02 | m1²=0.985782 | m2²=0.010886 | eps_w1=5.622245e-01 | eps_w2=1.064383e+00
[step     6300] t/d=  63.000 | task1=6.023667e-02 | task2=1.183806e-01 | F1=5.409761e-02 | m1²=0.985846 | m2²=0.010883 | eps_w1=5.657041e-01 | eps_w2=1.063125e+00
[step     6350] t/d=  63.500 | task1=6.050788e-02 | task2=1.182442e-01 | F1=5.436881e-02 | m1²=0.985782 | m2²=0.011058 | eps_w1=5.680090e-01 | eps_w2=1.062227e+00
[step     6400] t/d=  64.000 | task1=6.079237e-02 | task2=1.180819e-01 | F1=5.465331e-02 | m1²=0.985448 | m2²=0.011419 | eps_w1=5.704047e-01 | eps_w2=1.061257e+00
[step     6450] t/d=  64.500 | task1=6.107516e-02 | task2=1.179122e-01 | F1=5.493610e-02 | m1²=0.985204 | m2²=0.011869 | eps_w1=5.729449e-01 | eps_w2=1.060183e+00
[step     6500] t/d=  65.000 | task1=6.145085e-02 | task2=1.177389e-01 | F1=5.531179e-02 | m1²=0.985266 | m2²=0.012054 | eps_w1=5.762235e-01 | eps_w2=1.058951e+00
[step     6550] t/d=  65.500 | task1=6.187429e-02 | task2=1.175161e-01 | F1=5.573523e-02 | m1²=0.984920 | m2²=0.012410 | eps_w1=5.798929e-01 | eps_w2=1.057584e+00
[step     6600] t/d=  66.000 | task1=6.216917e-02 | task2=1.173817e-01 | F1=5.603011e-02 | m1²=0.984835 | m2²=0.012561 | eps_w1=5.824661e-01 | eps_w2=1.056660e+00
[step     6650] t/d=  66.500 | task1=6.244118e-02 | task2=1.172462e-01 | F1=5.630212e-02 | m1²=0.984321 | m2²=0.013007 | eps_w1=5.847768e-01 | eps_w2=1.055753e+00
[step     6700] t/d=  67.000 | task1=6.273956e-02 | task2=1.170910e-01 | F1=5.660049e-02 | m1²=0.984061 | m2²=0.013194 | eps_w1=5.873382e-01 | eps_w2=1.054860e+00
[step     6750] t/d=  67.500 | task1=6.311002e-02 | task2=1.169150e-01 | F1=5.697096e-02 | m1²=0.983857 | m2²=0.013376 | eps_w1=5.905188e-01 | eps_w2=1.053769e+00
[step     6800] t/d=  68.000 | task1=6.342844e-02 | task2=1.167653e-01 | F1=5.728938e-02 | m1²=0.983595 | m2²=0.013584 | eps_w1=5.933623e-01 | eps_w2=1.052794e+00
[step     6850] t/d=  68.500 | task1=6.382738e-02 | task2=1.165989e-01 | F1=5.768831e-02 | m1²=0.983205 | m2²=0.013726 | eps_w1=5.967606e-01 | eps_w2=1.051705e+00
[step     6900] t/d=  69.000 | task1=6.406408e-02 | task2=1.164771e-01 | F1=5.792502e-02 | m1²=0.982886 | m2²=0.014215 | eps_w1=5.987721e-01 | eps_w2=1.050884e+00
[step     6950] t/d=  69.500 | task1=6.431995e-02 | task2=1.163590e-01 | F1=5.818089e-02 | m1²=0.982723 | m2²=0.014426 | eps_w1=6.009687e-01 | eps_w2=1.050124e+00
[step     7000] t/d=  70.000 | task1=6.480453e-02 | task2=1.161464e-01 | F1=5.866547e-02 | m1²=0.982376 | m2²=0.014756 | eps_w1=6.050673e-01 | eps_w2=1.048758e+00
[step     7050] t/d=  70.500 | task1=6.507734e-02 | task2=1.160206e-01 | F1=5.893828e-02 | m1²=0.982140 | m2²=0.014943 | eps_w1=6.074127e-01 | eps_w2=1.047992e+00
[step     7100] t/d=  71.000 | task1=6.525865e-02 | task2=1.159123e-01 | F1=5.911959e-02 | m1²=0.981552 | m2²=0.015576 | eps_w1=6.089638e-01 | eps_w2=1.047309e+00
[step     7150] t/d=  71.500 | task1=6.559876e-02 | task2=1.157714e-01 | F1=5.945970e-02 | m1²=0.981467 | m2²=0.015713 | eps_w1=6.118341e-01 | eps_w2=1.046402e+00
[step     7200] t/d=  72.000 | task1=6.600657e-02 | task2=1.155794e-01 | F1=5.986751e-02 | m1²=0.980735 | m2²=0.016377 | eps_w1=6.152862e-01 | eps_w2=1.045178e+00
[step     7250] t/d=  72.500 | task1=6.620906e-02 | task2=1.154833e-01 | F1=6.007000e-02 | m1²=0.980070 | m2²=0.016992 | eps_w1=6.169980e-01 | eps_w2=1.044485e+00
[step     7300] t/d=  73.000 | task1=6.649398e-02 | task2=1.153351e-01 | F1=6.035491e-02 | m1²=0.979589 | m2²=0.017679 | eps_w1=6.194939e-01 | eps_w2=1.043515e+00
[step     7350] t/d=  73.500 | task1=6.676322e-02 | task2=1.152213e-01 | F1=6.062416e-02 | m1²=0.979174 | m2²=0.017911 | eps_w1=6.217386e-01 | eps_w2=1.042823e+00
[step     7400] t/d=  74.000 | task1=6.711704e-02 | task2=1.150573e-01 | F1=6.097798e-02 | m1²=0.978686 | m2²=0.018373 | eps_w1=6.249193e-01 | eps_w2=1.041781e+00
[step     7450] t/d=  74.500 | task1=6.726856e-02 | task2=1.149969e-01 | F1=6.112950e-02 | m1²=0.978666 | m2²=0.018338 | eps_w1=6.261969e-01 | eps_w2=1.041443e+00
[step     7500] t/d=  75.000 | task1=6.750731e-02 | task2=1.148843e-01 | F1=6.136825e-02 | m1²=0.978334 | m2²=0.018674 | eps_w1=6.282351e-01 | eps_w2=1.040769e+00
[step     7550] t/d=  75.500 | task1=6.780765e-02 | task2=1.147518e-01 | F1=6.166859e-02 | m1²=0.978100 | m2²=0.018901 | eps_w1=6.307178e-01 | eps_w2=1.040017e+00
[step     7600] t/d=  76.000 | task1=6.803446e-02 | task2=1.146584e-01 | F1=6.189540e-02 | m1²=0.977821 | m2²=0.019055 | eps_w1=6.326257e-01 | eps_w2=1.039464e+00
[step     7650] t/d=  76.500 | task1=6.829192e-02 | task2=1.145487e-01 | F1=6.215286e-02 | m1²=0.977347 | m2²=0.019408 | eps_w1=6.347802e-01 | eps_w2=1.038784e+00
[step     7700] t/d=  77.000 | task1=6.854282e-02 | task2=1.144317e-01 | F1=6.240376e-02 | m1²=0.977058 | m2²=0.019603 | eps_w1=6.369638e-01 | eps_w2=1.038150e+00
[step     7750] t/d=  77.500 | task1=6.879387e-02 | task2=1.143269e-01 | F1=6.265481e-02 | m1²=0.976887 | m2²=0.019837 | eps_w1=6.391473e-01 | eps_w2=1.037492e+00
[step     7800] t/d=  78.000 | task1=6.895007e-02 | task2=1.142562e-01 | F1=6.281100e-02 | m1²=0.976743 | m2²=0.020093 | eps_w1=6.405069e-01 | eps_w2=1.037043e+00
[step     7850] t/d=  78.500 | task1=6.926904e-02 | task2=1.141138e-01 | F1=6.312998e-02 | m1²=0.975676 | m2²=0.020780 | eps_w1=6.431165e-01 | eps_w2=1.036187e+00
[step     7900] t/d=  79.000 | task1=6.940988e-02 | task2=1.140426e-01 | F1=6.327082e-02 | m1²=0.975214 | m2²=0.021317 | eps_w1=6.443467e-01 | eps_w2=1.035692e+00
[step     7950] t/d=  79.500 | task1=6.968006e-02 | task2=1.139431e-01 | F1=6.354100e-02 | m1²=0.974852 | m2²=0.021592 | eps_w1=6.465965e-01 | eps_w2=1.035041e+00
[step     8000] t/d=  80.000 | task1=6.985484e-02 | task2=1.138647e-01 | F1=6.371578e-02 | m1²=0.974500 | m2²=0.021953 | eps_w1=6.480349e-01 | eps_w2=1.034563e+00
[step     8050] t/d=  80.500 | task1=7.000691e-02 | task2=1.138053e-01 | F1=6.386785e-02 | m1²=0.974112 | m2²=0.022091 | eps_w1=6.493200e-01 | eps_w2=1.034222e+00
[step     8100] t/d=  81.000 | task1=7.014221e-02 | task2=1.137482e-01 | F1=6.400315e-02 | m1²=0.974010 | m2²=0.022331 | eps_w1=6.504195e-01 | eps_w2=1.033858e+00
[step     8150] t/d=  81.500 | task1=7.032366e-02 | task2=1.136820e-01 | F1=6.418460e-02 | m1²=0.974006 | m2²=0.022453 | eps_w1=6.519687e-01 | eps_w2=1.033424e+00
[step     8200] t/d=  82.000 | task1=7.057276e-02 | task2=1.135671e-01 | F1=6.443370e-02 | m1²=0.973743 | m2²=0.022836 | eps_w1=6.540221e-01 | eps_w2=1.032788e+00
[step     8250] t/d=  82.500 | task1=7.084677e-02 | task2=1.134394e-01 | F1=6.470771e-02 | m1²=0.973077 | m2²=0.023537 | eps_w1=6.563098e-01 | eps_w2=1.032009e+00
[step     8300] t/d=  83.000 | task1=7.115730e-02 | task2=1.133005e-01 | F1=6.501824e-02 | m1²=0.972241 | m2²=0.024446 | eps_w1=6.588452e-01 | eps_w2=1.031110e+00
[step     8350] t/d=  83.500 | task1=7.133492e-02 | task2=1.132274e-01 | F1=6.519586e-02 | m1²=0.971827 | m2²=0.024941 | eps_w1=6.602611e-01 | eps_w2=1.030613e+00
[step     8400] t/d=  84.000 | task1=7.158646e-02 | task2=1.131480e-01 | F1=6.544740e-02 | m1²=0.971434 | m2²=0.025261 | eps_w1=6.623897e-01 | eps_w2=1.030020e+00
[step     8450] t/d=  84.500 | task1=7.201525e-02 | task2=1.129845e-01 | F1=6.587619e-02 | m1²=0.971292 | m2²=0.025909 | eps_w1=6.659861e-01 | eps_w2=1.028943e+00
[step     8500] t/d=  85.000 | task1=7.223256e-02 | task2=1.128895e-01 | F1=6.609350e-02 | m1²=0.970651 | m2²=0.026461 | eps_w1=6.677906e-01 | eps_w2=1.028370e+00
[step     8550] t/d=  85.500 | task1=7.251524e-02 | task2=1.127733e-01 | F1=6.637618e-02 | m1²=0.970346 | m2²=0.026998 | eps_w1=6.702837e-01 | eps_w2=1.027623e+00
[step     8600] t/d=  86.000 | task1=7.296574e-02 | task2=1.125818e-01 | F1=6.682668e-02 | m1²=0.969215 | m2²=0.028034 | eps_w1=6.740271e-01 | eps_w2=1.026486e+00
[step     8650] t/d=  86.500 | task1=7.309317e-02 | task2=1.125234e-01 | F1=6.695411e-02 | m1²=0.968458 | m2²=0.028734 | eps_w1=6.750285e-01 | eps_w2=1.026059e+00
[step     8700] t/d=  87.000 | task1=7.323147e-02 | task2=1.124693e-01 | F1=6.709240e-02 | m1²=0.968085 | m2²=0.029195 | eps_w1=6.762206e-01 | eps_w2=1.025653e+00
[step     8750] t/d=  87.500 | task1=7.346710e-02 | task2=1.123798e-01 | F1=6.732804e-02 | m1²=0.967473 | m2²=0.029957 | eps_w1=6.781212e-01 | eps_w2=1.025002e+00
[step     8800] t/d=  88.000 | task1=7.370738e-02 | task2=1.122792e-01 | F1=6.756832e-02 | m1²=0.967005 | m2²=0.030536 | eps_w1=6.801061e-01 | eps_w2=1.024397e+00
[step     8850] t/d=  88.500 | task1=7.405191e-02 | task2=1.121418e-01 | F1=6.791285e-02 | m1²=0.966215 | m2²=0.031138 | eps_w1=6.829838e-01 | eps_w2=1.023629e+00
[step     8900] t/d=  89.000 | task1=7.420580e-02 | task2=1.120578e-01 | F1=6.806673e-02 | m1²=0.965355 | m2²=0.032158 | eps_w1=6.842013e-01 | eps_w2=1.023058e+00
[step     8950] t/d=  89.500 | task1=7.433369e-02 | task2=1.119862e-01 | F1=6.819463e-02 | m1²=0.964437 | m2²=0.033226 | eps_w1=6.852511e-01 | eps_w2=1.022512e+00
[step     9000] t/d=  90.000 | task1=7.449429e-02 | task2=1.118999e-01 | F1=6.835523e-02 | m1²=0.963541 | m2²=0.034235 | eps_w1=6.865756e-01 | eps_w2=1.021933e+00
[step     9050] t/d=  90.500 | task1=7.466434e-02 | task2=1.118338e-01 | F1=6.852528e-02 | m1²=0.963098 | m2²=0.034458 | eps_w1=6.880369e-01 | eps_w2=1.021588e+00
[step     9100] t/d=  91.000 | task1=7.484662e-02 | task2=1.117749e-01 | F1=6.870756e-02 | m1²=0.962650 | m2²=0.034970 | eps_w1=6.895004e-01 | eps_w2=1.021140e+00
[step     9150] t/d=  91.500 | task1=7.504817e-02 | task2=1.117123e-01 | F1=6.890910e-02 | m1²=0.962553 | m2²=0.035265 | eps_w1=6.911025e-01 | eps_w2=1.020722e+00
[step     9200] t/d=  92.000 | task1=7.529257e-02 | task2=1.116367e-01 | F1=6.915351e-02 | m1²=0.962140 | m2²=0.035658 | eps_w1=6.931966e-01 | eps_w2=1.020199e+00
[step     9250] t/d=  92.500 | task1=7.550039e-02 | task2=1.115558e-01 | F1=6.936133e-02 | m1²=0.961611 | m2²=0.036214 | eps_w1=6.949194e-01 | eps_w2=1.019702e+00
[step     9300] t/d=  93.000 | task1=7.560857e-02 | task2=1.115186e-01 | F1=6.946951e-02 | m1²=0.961140 | m2²=0.036508 | eps_w1=6.958370e-01 | eps_w2=1.019452e+00
[step     9350] t/d=  93.500 | task1=7.584476e-02 | task2=1.114362e-01 | F1=6.970570e-02 | m1²=0.960501 | m2²=0.036958 | eps_w1=6.977841e-01 | eps_w2=1.018963e+00
[step     9400] t/d=  94.000 | task1=7.605341e-02 | task2=1.113621e-01 | F1=6.991435e-02 | m1²=0.960240 | m2²=0.037387 | eps_w1=6.995848e-01 | eps_w2=1.018490e+00
[step     9450] t/d=  94.500 | task1=7.625576e-02 | task2=1.112681e-01 | F1=7.011670e-02 | m1²=0.959450 | m2²=0.038292 | eps_w1=7.013041e-01 | eps_w2=1.017901e+00
[step     9500] t/d=  95.000 | task1=7.647737e-02 | task2=1.111936e-01 | F1=7.033831e-02 | m1²=0.959121 | m2²=0.038691 | eps_w1=7.031059e-01 | eps_w2=1.017452e+00
[step     9550] t/d=  95.500 | task1=7.671337e-02 | task2=1.110989e-01 | F1=7.057431e-02 | m1²=0.958541 | m2²=0.039424 | eps_w1=7.051508e-01 | eps_w2=1.016862e+00
[step     9600] t/d=  96.000 | task1=7.690601e-02 | task2=1.110302e-01 | F1=7.076695e-02 | m1²=0.957573 | m2²=0.040169 | eps_w1=7.066749e-01 | eps_w2=1.016389e+00
[step     9650] t/d=  96.500 | task1=7.718532e-02 | task2=1.109321e-01 | F1=7.104626e-02 | m1²=0.956979 | m2²=0.040974 | eps_w1=7.090766e-01 | eps_w2=1.015724e+00
[step     9700] t/d=  97.000 | task1=7.734393e-02 | task2=1.108864e-01 | F1=7.120487e-02 | m1²=0.956611 | m2²=0.041324 | eps_w1=7.104176e-01 | eps_w2=1.015393e+00
[step     9750] t/d=  97.500 | task1=7.756621e-02 | task2=1.108052e-01 | F1=7.142715e-02 | m1²=0.955892 | m2²=0.042102 | eps_w1=7.122607e-01 | eps_w2=1.014852e+00
[step     9800] t/d=  98.000 | task1=7.766795e-02 | task2=1.107357e-01 | F1=7.152889e-02 | m1²=0.955162 | m2²=0.043057 | eps_w1=7.130691e-01 | eps_w2=1.014430e+00
[step     9850] t/d=  98.500 | task1=7.779507e-02 | task2=1.106656e-01 | F1=7.165601e-02 | m1²=0.954040 | m2²=0.044256 | eps_w1=7.140926e-01 | eps_w2=1.013912e+00
[step     9900] t/d=  99.000 | task1=7.790163e-02 | task2=1.106172e-01 | F1=7.176257e-02 | m1²=0.953567 | m2²=0.044835 | eps_w1=7.149303e-01 | eps_w2=1.013603e+00
[step     9950] t/d=  99.500 | task1=7.814404e-02 | task2=1.105189e-01 | F1=7.200498e-02 | m1²=0.952405 | m2²=0.046229 | eps_w1=7.167969e-01 | eps_w2=1.012889e+00
[step    10000] t/d= 100.000 | task1=7.830283e-02 | task2=1.104601e-01 | F1=7.216377e-02 | m1²=0.951855 | m2²=0.047104 | eps_w1=7.181145e-01 | eps_w2=1.012412e+00
Saved checkpoint: results/quality_pretraining/finetunetask2_d100_T5/prestep_400000_task1step_100000_lr0p01_task1wseed21_task1sgdseed22_task2sgdseed42/checkpoints/step_000010000
[step    10050] t/d= 100.500 | task1=7.845746e-02 | task2=1.103894e-01 | F1=7.231840e-02 | m1²=0.951047 | m2²=0.047846 | eps_w1=7.193914e-01 | eps_w2=1.012002e+00
[step    10100] t/d= 101.000 | task1=7.862799e-02 | task2=1.102952e-01 | F1=7.248893e-02 | m1²=0.949763 | m2²=0.049263 | eps_w1=7.208036e-01 | eps_w2=1.011373e+00
[step    10150] t/d= 101.500 | task1=7.877380e-02 | task2=1.102028e-01 | F1=7.263473e-02 | m1²=0.948456 | m2²=0.050887 | eps_w1=7.219603e-01 | eps_w2=1.010719e+00
[step    10200] t/d= 102.000 | task1=7.889834e-02 | task2=1.101371e-01 | F1=7.275928e-02 | m1²=0.947603 | m2²=0.051861 | eps_w1=7.229481e-01 | eps_w2=1.010288e+00
[step    10250] t/d= 102.500 | task1=7.904017e-02 | task2=1.100719e-01 | F1=7.290111e-02 | m1²=0.946815 | m2²=0.052661 | eps_w1=7.241790e-01 | eps_w2=1.009877e+00
[step    10300] t/d= 103.000 | task1=7.922829e-02 | task2=1.100134e-01 | F1=7.308923e-02 | m1²=0.946186 | m2²=0.053264 | eps_w1=7.257165e-01 | eps_w2=1.009481e+00
[step    10350] t/d= 103.500 | task1=7.946664e-02 | task2=1.099352e-01 | F1=7.332757e-02 | m1²=0.945203 | m2²=0.054158 | eps_w1=7.276026e-01 | eps_w2=1.008960e+00
[step    10400] t/d= 104.000 | task1=7.957297e-02 | task2=1.098894e-01 | F1=7.343391e-02 | m1²=0.944882 | m2²=0.054586 | eps_w1=7.285622e-01 | eps_w2=1.008697e+00
[step    10450] t/d= 104.500 | task1=7.983607e-02 | task2=1.097746e-01 | F1=7.369700e-02 | m1²=0.943192 | m2²=0.056376 | eps_w1=7.306496e-01 | eps_w2=1.007898e+00
[step    10500] t/d= 105.000 | task1=7.999730e-02 | task2=1.096946e-01 | F1=7.385824e-02 | m1²=0.942164 | m2²=0.057580 | eps_w1=7.318968e-01 | eps_w2=1.007382e+00
[step    10550] t/d= 105.500 | task1=8.021618e-02 | task2=1.095908e-01 | F1=7.407712e-02 | m1²=0.940664 | m2²=0.059303 | eps_w1=7.336729e-01 | eps_w2=1.006652e+00
[step    10600] t/d= 106.000 | task1=8.035124e-02 | task2=1.095167e-01 | F1=7.421218e-02 | m1²=0.939362 | m2²=0.060601 | eps_w1=7.347097e-01 | eps_w2=1.006152e+00
[step    10650] t/d= 106.500 | task1=8.047578e-02 | task2=1.094510e-01 | F1=7.433672e-02 | m1²=0.938378 | m2²=0.061453 | eps_w1=7.357788e-01 | eps_w2=1.005781e+00
[step    10700] t/d= 107.000 | task1=8.057111e-02 | task2=1.094236e-01 | F1=7.443205e-02 | m1²=0.938100 | m2²=0.061854 | eps_w1=7.366133e-01 | eps_w2=1.005557e+00
[step    10750] t/d= 107.500 | task1=8.076813e-02 | task2=1.093215e-01 | F1=7.462907e-02 | m1²=0.936269 | m2²=0.063617 | eps_w1=7.382079e-01 | eps_w2=1.004867e+00
[step    10800] t/d= 108.000 | task1=8.097615e-02 | task2=1.092178e-01 | F1=7.483709e-02 | m1²=0.934481 | m2²=0.065524 | eps_w1=7.398393e-01 | eps_w2=1.004131e+00
[step    10850] t/d= 108.500 | task1=8.105165e-02 | task2=1.091812e-01 | F1=7.491259e-02 | m1²=0.933994 | m2²=0.066242 | eps_w1=7.404637e-01 | eps_w2=1.003848e+00
[step    10900] t/d= 109.000 | task1=8.117458e-02 | task2=1.090927e-01 | F1=7.503552e-02 | m1²=0.932117 | m2²=0.068215 | eps_w1=7.413811e-01 | eps_w2=1.003187e+00
[step    10950] t/d= 109.500 | task1=8.142631e-02 | task2=1.089788e-01 | F1=7.528725e-02 | m1²=0.930390 | m2²=0.069971 | eps_w1=7.433952e-01 | eps_w2=1.002465e+00
[step    11000] t/d= 110.000 | task1=8.160953e-02 | task2=1.089022e-01 | F1=7.547047e-02 | m1²=0.929129 | m2²=0.071425 | eps_w1=7.448766e-01 | eps_w2=1.001889e+00
[step    11050] t/d= 110.500 | task1=8.168287e-02 | task2=1.088269e-01 | F1=7.554381e-02 | m1²=0.927309 | m2²=0.073287 | eps_w1=7.454796e-01 | eps_w2=1.001305e+00
[step    11100] t/d= 111.000 | task1=8.178859e-02 | task2=1.087481e-01 | F1=7.564953e-02 | m1²=0.925864 | m2²=0.074984 | eps_w1=7.462309e-01 | eps_w2=1.000745e+00
[step    11150] t/d= 111.500 | task1=8.197430e-02 | task2=1.086449e-01 | F1=7.583524e-02 | m1²=0.924290 | m2²=0.076785 | eps_w1=7.478240e-01 | eps_w2=1.000070e+00
[step    11200] t/d= 112.000 | task1=8.205590e-02 | task2=1.085769e-01 | F1=7.591684e-02 | m1²=0.922698 | m2²=0.078222 | eps_w1=7.484507e-01 | eps_w2=9.996120e-01
[step    11250] t/d= 112.500 | task1=8.214420e-02 | task2=1.085005e-01 | F1=7.600514e-02 | m1²=0.921028 | m2²=0.080007 | eps_w1=7.491427e-01 | eps_w2=9.990431e-01
[step    11300] t/d= 113.000 | task1=8.230759e-02 | task2=1.084130e-01 | F1=7.616853e-02 | m1²=0.919415 | m2²=0.081760 | eps_w1=7.504808e-01 | eps_w2=9.984207e-01
[step    11350] t/d= 113.500 | task1=8.244298e-02 | task2=1.083485e-01 | F1=7.630392e-02 | m1²=0.918068 | m2²=0.083044 | eps_w1=7.516063e-01 | eps_w2=9.979588e-01
[step    11400] t/d= 114.000 | task1=8.254353e-02 | task2=1.082688e-01 | F1=7.640447e-02 | m1²=0.916480 | m2²=0.084829 | eps_w1=7.524491e-01 | eps_w2=9.973792e-01
[step    11450] t/d= 114.500 | task1=8.281656e-02 | task2=1.081599e-01 | F1=7.667750e-02 | m1²=0.914297 | m2²=0.086917 | eps_w1=7.546486e-01 | eps_w2=9.966054e-01
[step    11500] t/d= 115.000 | task1=8.301169e-02 | task2=1.080799e-01 | F1=7.687263e-02 | m1²=0.912880 | m2²=0.088440 | eps_w1=7.562493e-01 | eps_w2=9.960436e-01
[step    11550] t/d= 115.500 | task1=8.315469e-02 | task2=1.079948e-01 | F1=7.701563e-02 | m1²=0.911248 | m2²=0.090276 | eps_w1=7.573938e-01 | eps_w2=9.954360e-01
[step    11600] t/d= 116.000 | task1=8.327474e-02 | task2=1.079192e-01 | F1=7.713568e-02 | m1²=0.909675 | m2²=0.092156 | eps_w1=7.583062e-01 | eps_w2=9.948355e-01
[step    11650] t/d= 116.500 | task1=8.339291e-02 | task2=1.078315e-01 | F1=7.725385e-02 | m1²=0.907726 | m2²=0.094257 | eps_w1=7.591761e-01 | eps_w2=9.941826e-01
[step    11700] t/d= 117.000 | task1=8.360031e-02 | task2=1.077588e-01 | F1=7.746125e-02 | m1²=0.906432 | m2²=0.095605 | eps_w1=7.608969e-01 | eps_w2=9.936807e-01
[step    11750] t/d= 117.500 | task1=8.379382e-02 | task2=1.076461e-01 | F1=7.765476e-02 | m1²=0.904228 | m2²=0.098019 | eps_w1=7.624455e-01 | eps_w2=9.928998e-01
[step    11800] t/d= 118.000 | task1=8.396680e-02 | task2=1.075690e-01 | F1=7.782773e-02 | m1²=0.902653 | m2²=0.099997 | eps_w1=7.638270e-01 | eps_w2=9.922531e-01
[step    11850] t/d= 118.500 | task1=8.413657e-02 | task2=1.074955e-01 | F1=7.799751e-02 | m1²=0.901272 | m2²=0.101518 | eps_w1=7.651789e-01 | eps_w2=9.917447e-01
[step    11900] t/d= 119.000 | task1=8.433259e-02 | task2=1.073857e-01 | F1=7.819353e-02 | m1²=0.898959 | m2²=0.103970 | eps_w1=7.667446e-01 | eps_w2=9.909718e-01
[step    11950] t/d= 119.500 | task1=8.451775e-02 | task2=1.072870e-01 | F1=7.837869e-02 | m1²=0.896767 | m2²=0.106071 | eps_w1=7.682166e-01 | eps_w2=9.903108e-01
[step    12000] t/d= 120.000 | task1=8.462957e-02 | task2=1.072175e-01 | F1=7.849051e-02 | m1²=0.894777 | m2²=0.108027 | eps_w1=7.689645e-01 | eps_w2=9.897313e-01
[step    12050] t/d= 120.500 | task1=8.475117e-02 | task2=1.071377e-01 | F1=7.861211e-02 | m1²=0.892910 | m2²=0.110000 | eps_w1=7.698821e-01 | eps_w2=9.891382e-01
[step    12100] t/d= 121.000 | task1=8.483849e-02 | task2=1.070634e-01 | F1=7.869943e-02 | m1²=0.890970 | m2²=0.112077 | eps_w1=7.705533e-01 | eps_w2=9.885291e-01
[step    12150] t/d= 121.500 | task1=8.499705e-02 | task2=1.069660e-01 | F1=7.885799e-02 | m1²=0.889098 | m2²=0.114047 | eps_w1=7.718855e-01 | eps_w2=9.879231e-01
[step    12200] t/d= 122.000 | task1=8.525343e-02 | task2=1.068421e-01 | F1=7.911437e-02 | m1²=0.886244 | m2²=0.117078 | eps_w1=7.739507e-01 | eps_w2=9.869990e-01
[step    12250] t/d= 122.500 | task1=8.537910e-02 | task2=1.067600e-01 | F1=7.924004e-02 | m1²=0.883950 | m2²=0.119246 | eps_w1=7.750100e-01 | eps_w2=9.863618e-01
[step    12300] t/d= 123.000 | task1=8.553955e-02 | task2=1.066655e-01 | F1=7.940049e-02 | m1²=0.881774 | m2²=0.121644 | eps_w1=7.762259e-01 | eps_w2=9.856558e-01
[step    12350] t/d= 123.500 | task1=8.568287e-02 | task2=1.065778e-01 | F1=7.954381e-02 | m1²=0.879515 | m2²=0.123949 | eps_w1=7.773568e-01 | eps_w2=9.849834e-01
[step    12400] t/d= 124.000 | task1=8.578158e-02 | task2=1.064848e-01 | F1=7.964252e-02 | m1²=0.876715 | m2²=0.127025 | eps_w1=7.782095e-01 | eps_w2=9.841046e-01
[step    12450] t/d= 124.500 | task1=8.599824e-02 | task2=1.063726e-01 | F1=7.985918e-02 | m1²=0.874330 | m2²=0.129665 | eps_w1=7.800326e-01 | eps_w2=9.833316e-01
[step    12500] t/d= 125.000 | task1=8.612822e-02 | task2=1.062502e-01 | F1=7.998916e-02 | m1²=0.871131 | m2²=0.133013 | eps_w1=7.809458e-01 | eps_w2=9.823824e-01
[step    12550] t/d= 125.500 | task1=8.636413e-02 | task2=1.061409e-01 | F1=8.022506e-02 | m1²=0.868614 | m2²=0.135713 | eps_w1=7.828323e-01 | eps_w2=9.816081e-01
[step    12600] t/d= 126.000 | task1=8.650320e-02 | task2=1.060544e-01 | F1=8.036414e-02 | m1²=0.866384 | m2²=0.137975 | eps_w1=7.839216e-01 | eps_w2=9.809691e-01
[step    12650] t/d= 126.500 | task1=8.664263e-02 | task2=1.059346e-01 | F1=8.050357e-02 | m1²=0.863273 | m2²=0.141231 | eps_w1=7.849957e-01 | eps_w2=9.800547e-01
[step    12700] t/d= 127.000 | task1=8.676875e-02 | task2=1.058276e-01 | F1=8.062969e-02 | m1²=0.860393 | m2²=0.144225 | eps_w1=7.860303e-01 | eps_w2=9.792160e-01
[step    12750] t/d= 127.500 | task1=8.690419e-02 | task2=1.057330e-01 | F1=8.076513e-02 | m1²=0.857794 | m2²=0.146922 | eps_w1=7.870977e-01 | eps_w2=9.784638e-01
[step    12800] t/d= 128.000 | task1=8.704413e-02 | task2=1.056642e-01 | F1=8.090507e-02 | m1²=0.856061 | m2²=0.148968 | eps_w1=7.882366e-01 | eps_w2=9.779007e-01
[step    12850] t/d= 128.500 | task1=8.712140e-02 | task2=1.055898e-01 | F1=8.098234e-02 | m1²=0.854145 | m2²=0.150967 | eps_w1=7.888337e-01 | eps_w2=9.773447e-01
[step    12900] t/d= 129.000 | task1=8.722394e-02 | task2=1.054613e-01 | F1=8.108488e-02 | m1²=0.850424 | m2²=0.154399 | eps_w1=7.896356e-01 | eps_w2=9.763842e-01
[step    12950] t/d= 129.500 | task1=8.738263e-02 | task2=1.053515e-01 | F1=8.124357e-02 | m1²=0.847717 | m2²=0.157387 | eps_w1=7.908958e-01 | eps_w2=9.755649e-01
[step    13000] t/d= 130.000 | task1=8.753442e-02 | task2=1.052466e-01 | F1=8.139536e-02 | m1²=0.844867 | m2²=0.160350 | eps_w1=7.920702e-01 | eps_w2=9.747537e-01
[step    13050] t/d= 130.500 | task1=8.762016e-02 | task2=1.051853e-01 | F1=8.148110e-02 | m1²=0.843047 | m2²=0.162212 | eps_w1=7.927008e-01 | eps_w2=9.742420e-01
[step    13100] t/d= 131.000 | task1=8.772661e-02 | task2=1.050638e-01 | F1=8.158755e-02 | m1²=0.839267 | m2²=0.166082 | eps_w1=7.935244e-01 | eps_w2=9.731611e-01
[step    13150] t/d= 131.500 | task1=8.789942e-02 | task2=1.049549e-01 | F1=8.176036e-02 | m1²=0.836241 | m2²=0.169226 | eps_w1=7.948944e-01 | eps_w2=9.723138e-01
[step    13200] t/d= 132.000 | task1=8.802299e-02 | task2=1.048411e-01 | F1=8.188393e-02 | m1²=0.832840 | m2²=0.172805 | eps_w1=7.957491e-01 | eps_w2=9.713206e-01
[step    13250] t/d= 132.500 | task1=8.817648e-02 | task2=1.047342e-01 | F1=8.203742e-02 | m1²=0.829750 | m2²=0.175835 | eps_w1=7.969445e-01 | eps_w2=9.705027e-01
[step    13300] t/d= 133.000 | task1=8.829080e-02 | task2=1.046196e-01 | F1=8.215173e-02 | m1²=0.826475 | m2²=0.179171 | eps_w1=7.977568e-01 | eps_w2=9.695773e-01
[step    13350] t/d= 133.500 | task1=8.849729e-02 | task2=1.045038e-01 | F1=8.235823e-02 | m1²=0.823182 | m2²=0.182549 | eps_w1=7.993897e-01 | eps_w2=9.686944e-01
[step    13400] t/d= 134.000 | task1=8.864655e-02 | task2=1.043783e-01 | F1=8.250749e-02 | m1²=0.819617 | m2²=0.186394 | eps_w1=8.005575e-01 | eps_w2=9.676526e-01
[step    13450] t/d= 134.500 | task1=8.882533e-02 | task2=1.042724e-01 | F1=8.268627e-02 | m1²=0.816592 | m2²=0.189819 | eps_w1=8.019759e-01 | eps_w2=9.667604e-01
[step    13500] t/d= 135.000 | task1=8.891028e-02 | task2=1.041522e-01 | F1=8.277122e-02 | m1²=0.813073 | m2²=0.193340 | eps_w1=8.025870e-01 | eps_w2=9.657686e-01
[step    13550] t/d= 135.500 | task1=8.906549e-02 | task2=1.040690e-01 | F1=8.292643e-02 | m1²=0.810572 | m2²=0.195765 | eps_w1=8.038329e-01 | eps_w2=9.651557e-01
[step    13600] t/d= 136.000 | task1=8.920458e-02 | task2=1.039743e-01 | F1=8.306552e-02 | m1²=0.807966 | m2²=0.198697 | eps_w1=8.049546e-01 | eps_w2=9.643949e-01
[step    13650] t/d= 136.500 | task1=8.935516e-02 | task2=1.038712e-01 | F1=8.321610e-02 | m1²=0.805008 | m2²=0.202083 | eps_w1=8.061555e-01 | eps_w2=9.635141e-01
[step    13700] t/d= 137.000 | task1=8.939554e-02 | task2=1.037595e-01 | F1=8.325648e-02 | m1²=0.802101 | m2²=0.205221 | eps_w1=8.063923e-01 | eps_w2=9.626036e-01
[step    13750] t/d= 137.500 | task1=8.949003e-02 | task2=1.036473e-01 | F1=8.335097e-02 | m1²=0.799113 | m2²=0.208442 | eps_w1=8.071078e-01 | eps_w2=9.617164e-01
[step    13800] t/d= 138.000 | task1=8.965913e-02 | task2=1.035221e-01 | F1=8.352007e-02 | m1²=0.795433 | m2²=0.212112 | eps_w1=8.084845e-01 | eps_w2=9.607621e-01
[step    13850] t/d= 138.500 | task1=8.980362e-02 | task2=1.033581e-01 | F1=8.366456e-02 | m1²=0.790771 | m2²=0.216942 | eps_w1=8.095889e-01 | eps_w2=9.594310e-01
[step    13900] t/d= 139.000 | task1=8.992028e-02 | task2=1.032053e-01 | F1=8.378122e-02 | m1²=0.786554 | m2²=0.221277 | eps_w1=8.104344e-01 | eps_w2=9.582135e-01
[step    13950] t/d= 139.500 | task1=9.000453e-02 | task2=1.030892e-01 | F1=8.386547e-02 | m1²=0.783166 | m2²=0.224941 | eps_w1=8.110569e-01 | eps_w2=9.571751e-01
[step    14000] t/d= 140.000 | task1=9.012957e-02 | task2=1.029567e-01 | F1=8.399051e-02 | m1²=0.779483 | m2²=0.228821 | eps_w1=8.120116e-01 | eps_w2=9.561114e-01
[step    14050] t/d= 140.500 | task1=9.032139e-02 | task2=1.027971e-01 | F1=8.418233e-02 | m1²=0.774930 | m2²=0.233715 | eps_w1=8.135345e-01 | eps_w2=9.548233e-01
[step    14100] t/d= 141.000 | task1=9.045596e-02 | task2=1.026619e-01 | F1=8.431690e-02 | m1²=0.771045 | m2²=0.237816 | eps_w1=8.145426e-01 | eps_w2=9.537012e-01
[step    14150] t/d= 141.500 | task1=9.065581e-02 | task2=1.025236e-01 | F1=8.451675e-02 | m1²=0.766849 | m2²=0.242092 | eps_w1=8.161362e-01 | eps_w2=9.526184e-01
[step    14200] t/d= 142.000 | task1=9.079020e-02 | task2=1.023504e-01 | F1=8.465114e-02 | m1²=0.761709 | m2²=0.247130 | eps_w1=8.171082e-01 | eps_w2=9.511781e-01
[step    14250] t/d= 142.500 | task1=9.084669e-02 | task2=1.022264e-01 | F1=8.470763e-02 | m1²=0.758363 | m2²=0.250596 | eps_w1=8.174347e-01 | eps_w2=9.501279e-01
[step    14300] t/d= 143.000 | task1=9.096759e-02 | task2=1.021328e-01 | F1=8.482853e-02 | m1²=0.755639 | m2²=0.253356 | eps_w1=8.183974e-01 | eps_w2=9.494196e-01
[step    14350] t/d= 143.500 | task1=9.107439e-02 | task2=1.020100e-01 | F1=8.493533e-02 | m1²=0.752253 | m2²=0.257085 | eps_w1=8.192311e-01 | eps_w2=9.483886e-01
[step    14400] t/d= 144.000 | task1=9.120413e-02 | task2=1.018558e-01 | F1=8.506507e-02 | m1²=0.747994 | m2²=0.261690 | eps_w1=8.201966e-01 | eps_w2=9.470962e-01
[step    14450] t/d= 144.500 | task1=9.133512e-02 | task2=1.017201e-01 | F1=8.519605e-02 | m1²=0.744326 | m2²=0.265829 | eps_w1=8.211854e-01 | eps_w2=9.459680e-01
[step    14500] t/d= 145.000 | task1=9.156135e-02 | task2=1.015331e-01 | F1=8.542229e-02 | m1²=0.738906 | m2²=0.271632 | eps_w1=8.229772e-01 | eps_w2=9.444635e-01
[step    14550] t/d= 145.500 | task1=9.170045e-02 | task2=1.013978e-01 | F1=8.556139e-02 | m1²=0.734865 | m2²=0.275799 | eps_w1=8.240634e-01 | eps_w2=9.433311e-01
[step    14600] t/d= 146.000 | task1=9.186483e-02 | task2=1.012287e-01 | F1=8.572577e-02 | m1²=0.730060 | m2²=0.280877 | eps_w1=8.252936e-01 | eps_w2=9.419362e-01
[step    14650] t/d= 146.500 | task1=9.197829e-02 | task2=1.010426e-01 | F1=8.583922e-02 | m1²=0.724929 | m2²=0.286433 | eps_w1=8.261151e-01 | eps_w2=9.402803e-01
[step    14700] t/d= 147.000 | task1=9.211577e-02 | task2=1.009078e-01 | F1=8.597671e-02 | m1²=0.721145 | m2²=0.290328 | eps_w1=8.271807e-01 | eps_w2=9.392311e-01
[step    14750] t/d= 147.500 | task1=9.220715e-02 | task2=1.007653e-01 | F1=8.606808e-02 | m1²=0.717373 | m2²=0.294401 | eps_w1=8.278211e-01 | eps_w2=9.380164e-01
[step    14800] t/d= 148.000 | task1=9.228505e-02 | task2=1.006262e-01 | F1=8.614599e-02 | m1²=0.713563 | m2²=0.298059 | eps_w1=8.283945e-01 | eps_w2=9.368878e-01
[step    14850] t/d= 148.500 | task1=9.244649e-02 | task2=1.004553e-01 | F1=8.630743e-02 | m1²=0.708683 | m2²=0.303081 | eps_w1=8.296151e-01 | eps_w2=9.354832e-01
[step    14900] t/d= 149.000 | task1=9.255747e-02 | task2=1.003064e-01 | F1=8.641841e-02 | m1²=0.704454 | m2²=0.307284 | eps_w1=8.304088e-01 | eps_w2=9.342244e-01
[step    14950] t/d= 149.500 | task1=9.267973e-02 | task2=1.001760e-01 | F1=8.654067e-02 | m1²=0.700584 | m2²=0.311116 | eps_w1=8.313181e-01 | eps_w2=9.331287e-01
[step    15000] t/d= 150.000 | task1=9.277589e-02 | task2=1.000569e-01 | F1=8.663683e-02 | m1²=0.697082 | m2²=0.314669 | eps_w1=8.320139e-01 | eps_w2=9.320706e-01
[step    15050] t/d= 150.500 | task1=9.292747e-02 | task2=9.991630e-02 | F1=8.678840e-02 | m1²=0.693071 | m2²=0.318861 | eps_w1=8.331759e-01 | eps_w2=9.309418e-01
[step    15100] t/d= 151.000 | task1=9.307069e-02 | task2=9.972950e-02 | F1=8.693163e-02 | m1²=0.687997 | m2²=0.324014 | eps_w1=8.342325e-01 | eps_w2=9.294147e-01
[step    15150] t/d= 151.500 | task1=9.321240e-02 | task2=9.957294e-02 | F1=8.707334e-02 | m1²=0.683454 | m2²=0.328622 | eps_w1=8.353137e-01 | eps_w2=9.280909e-01
[step    15200] t/d= 152.000 | task1=9.333716e-02 | task2=9.940694e-02 | F1=8.719810e-02 | m1²=0.678952 | m2²=0.333131 | eps_w1=8.362491e-01 | eps_w2=9.267417e-01
[step    15250] t/d= 152.500 | task1=9.348865e-02 | task2=9.927675e-02 | F1=8.734959e-02 | m1²=0.674855 | m2²=0.337215 | eps_w1=8.374295e-01 | eps_w2=9.256391e-01
[step    15300] t/d= 153.000 | task1=9.359266e-02 | task2=9.910437e-02 | F1=8.745360e-02 | m1²=0.670260 | m2²=0.341976 | eps_w1=8.381056e-01 | eps_w2=9.240998e-01
[step    15350] t/d= 153.500 | task1=9.375174e-02 | task2=9.887708e-02 | F1=8.761268e-02 | m1²=0.664442 | m2²=0.348233 | eps_w1=8.391988e-01 | eps_w2=9.221641e-01
[step    15400] t/d= 154.000 | task1=9.386405e-02 | task2=9.865306e-02 | F1=8.772499e-02 | m1²=0.658930 | m2²=0.353792 | eps_w1=8.399743e-01 | eps_w2=9.203095e-01
[step    15450] t/d= 154.500 | task1=9.400047e-02 | task2=9.850068e-02 | F1=8.786141e-02 | m1²=0.654738 | m2²=0.358079 | eps_w1=8.409988e-01 | eps_w2=9.190567e-01
[step    15500] t/d= 155.000 | task1=9.412831e-02 | task2=9.829738e-02 | F1=8.798925e-02 | m1²=0.649677 | m2²=0.363381 | eps_w1=8.418951e-01 | eps_w2=9.173519e-01
[step    15550] t/d= 155.500 | task1=9.421651e-02 | task2=9.812113e-02 | F1=8.807745e-02 | m1²=0.645542 | m2²=0.367702 | eps_w1=8.425056e-01 | eps_w2=9.158954e-01
[step    15600] t/d= 156.000 | task1=9.433965e-02 | task2=9.793716e-02 | F1=8.820058e-02 | m1²=0.640921 | m2²=0.372644 | eps_w1=8.433962e-01 | eps_w2=9.143195e-01
[step    15650] t/d= 156.500 | task1=9.448707e-02 | task2=9.773744e-02 | F1=8.834801e-02 | m1²=0.635682 | m2²=0.378028 | eps_w1=8.444098e-01 | eps_w2=9.125843e-01
[step    15700] t/d= 157.000 | task1=9.457229e-02 | task2=9.756533e-02 | F1=8.843323e-02 | m1²=0.631455 | m2²=0.382338 | eps_w1=8.449923e-01 | eps_w2=9.110654e-01
[step    15750] t/d= 157.500 | task1=9.468616e-02 | task2=9.730145e-02 | F1=8.854710e-02 | m1²=0.625463 | m2²=0.388564 | eps_w1=8.457743e-01 | eps_w2=9.088301e-01
[step    15800] t/d= 158.000 | task1=9.476468e-02 | task2=9.707278e-02 | F1=8.862562e-02 | m1²=0.620302 | m2²=0.393731 | eps_w1=8.462494e-01 | eps_w2=9.068278e-01
[step    15850] t/d= 158.500 | task1=9.491166e-02 | task2=9.687859e-02 | F1=8.877260e-02 | m1²=0.615314 | m2²=0.398871 | eps_w1=8.473808e-01 | eps_w2=9.051918e-01
[step    15900] t/d= 159.000 | task1=9.499011e-02 | task2=9.671478e-02 | F1=8.885104e-02 | m1²=0.611747 | m2²=0.402572 | eps_w1=8.478958e-01 | eps_w2=9.038428e-01
[step    15950] t/d= 159.500 | task1=9.511769e-02 | task2=9.650242e-02 | F1=8.897863e-02 | m1²=0.606512 | m2²=0.407823 | eps_w1=8.488274e-01 | eps_w2=9.019967e-01
[step    16000] t/d= 160.000 | task1=9.525498e-02 | task2=9.631494e-02 | F1=8.911592e-02 | m1²=0.601884 | m2²=0.412714 | eps_w1=8.497940e-01 | eps_w2=9.003610e-01
[step    16050] t/d= 160.500 | task1=9.542455e-02 | task2=9.606854e-02 | F1=8.928549e-02 | m1²=0.595905 | m2²=0.418880 | eps_w1=8.509868e-01 | eps_w2=8.982408e-01
[step    16100] t/d= 161.000 | task1=9.558114e-02 | task2=9.584676e-02 | F1=8.944208e-02 | m1²=0.590537 | m2²=0.424291 | eps_w1=8.520781e-01 | eps_w2=8.963687e-01
[step    16150] t/d= 161.500 | task1=9.567104e-02 | task2=9.554874e-02 | F1=8.953198e-02 | m1²=0.584641 | m2²=0.430309 | eps_w1=8.525306e-01 | eps_w2=8.937754e-01
[step    16200] t/d= 162.000 | task1=9.582672e-02 | task2=9.534130e-02 | F1=8.968766e-02 | m1²=0.579576 | m2²=0.435480 | eps_w1=8.537059e-01 | eps_w2=8.920391e-01
[step    16250] t/d= 162.500 | task1=9.595168e-02 | task2=9.512585e-02 | F1=8.981261e-02 | m1²=0.574792 | m2²=0.440418 | eps_w1=8.545415e-01 | eps_w2=8.901800e-01
[step    16300] t/d= 163.000 | task1=9.605469e-02 | task2=9.495241e-02 | F1=8.991562e-02 | m1²=0.570788 | m2²=0.444503 | eps_w1=8.552947e-01 | eps_w2=8.886608e-01
[step    16350] t/d= 163.500 | task1=9.622053e-02 | task2=9.466219e-02 | F1=9.008147e-02 | m1²=0.564279 | m2²=0.451048 | eps_w1=8.564747e-01 | eps_w2=8.861579e-01
[step    16400] t/d= 164.000 | task1=9.638206e-02 | task2=9.433059e-02 | F1=9.024300e-02 | m1²=0.557466 | m2²=0.457943 | eps_w1=8.574887e-01 | eps_w2=8.833113e-01
[step    16450] t/d= 164.500 | task1=9.649798e-02 | task2=9.412221e-02 | F1=9.035892e-02 | m1²=0.552893 | m2²=0.462665 | eps_w1=8.583793e-01 | eps_w2=8.815051e-01
[step    16500] t/d= 165.000 | task1=9.668543e-02 | task2=9.379137e-02 | F1=9.054637e-02 | m1²=0.545744 | m2²=0.469733 | eps_w1=8.596090e-01 | eps_w2=8.786055e-01
[step    16550] t/d= 165.500 | task1=9.681361e-02 | task2=9.351876e-02 | F1=9.067455e-02 | m1²=0.540294 | m2²=0.475228 | eps_w1=8.604490e-01 | eps_w2=8.762391e-01
[step    16600] t/d= 166.000 | task1=9.696060e-02 | task2=9.321481e-02 | F1=9.082154e-02 | m1²=0.534413 | m2²=0.481195 | eps_w1=8.613829e-01 | eps_w2=8.736513e-01
[step    16650] t/d= 166.500 | task1=9.709297e-02 | task2=9.293557e-02 | F1=9.095391e-02 | m1²=0.529080 | m2²=0.486754 | eps_w1=8.622918e-01 | eps_w2=8.712716e-01
[step    16700] t/d= 167.000 | task1=9.721322e-02 | task2=9.271907e-02 | F1=9.107416e-02 | m1²=0.524649 | m2²=0.491289 | eps_w1=8.630901e-01 | eps_w2=8.693306e-01
[step    16750] t/d= 167.500 | task1=9.732558e-02 | task2=9.250551e-02 | F1=9.118651e-02 | m1²=0.520384 | m2²=0.495387 | eps_w1=8.638273e-01 | eps_w2=8.674931e-01
[step    16800] t/d= 168.000 | task1=9.757718e-02 | task2=9.221708e-02 | F1=9.143812e-02 | m1²=0.513583 | m2²=0.502279 | eps_w1=8.657129e-01 | eps_w2=8.650966e-01
[step    16850] t/d= 168.500 | task1=9.769563e-02 | task2=9.197722e-02 | F1=9.155657e-02 | m1²=0.509011 | m2²=0.506998 | eps_w1=8.664577e-01 | eps_w2=8.629186e-01
[step    16900] t/d= 169.000 | task1=9.788055e-02 | task2=9.164139e-02 | F1=9.174149e-02 | m1²=0.502567 | m2²=0.513586 | eps_w1=8.676718e-01 | eps_w2=8.599806e-01
[step    16950] t/d= 169.500 | task1=9.802140e-02 | task2=9.139194e-02 | F1=9.188233e-02 | m1²=0.497794 | m2²=0.518560 | eps_w1=8.686657e-01 | eps_w2=8.578363e-01
[step    17000] t/d= 170.000 | task1=9.827071e-02 | task2=9.101665e-02 | F1=9.213165e-02 | m1²=0.490203 | m2²=0.526274 | eps_w1=8.704178e-01 | eps_w2=8.546221e-01
[step    17050] t/d= 170.500 | task1=9.842802e-02 | task2=9.075702e-02 | F1=9.228895e-02 | m1²=0.485192 | m2²=0.531285 | eps_w1=8.714639e-01 | eps_w2=8.523632e-01
[step    17100] t/d= 171.000 | task1=9.857981e-02 | task2=9.050884e-02 | F1=9.244075e-02 | m1²=0.480307 | m2²=0.536382 | eps_w1=8.725839e-01 | eps_w2=8.501760e-01
[step    17150] t/d= 171.500 | task1=9.885340e-02 | task2=9.014310e-02 | F1=9.271433e-02 | m1²=0.472645 | m2²=0.544191 | eps_w1=8.746261e-01 | eps_w2=8.471043e-01
[step    17200] t/d= 172.000 | task1=9.900454e-02 | task2=8.982237e-02 | F1=9.286548e-02 | m1²=0.467194 | m2²=0.549895 | eps_w1=8.755774e-01 | eps_w2=8.441915e-01
[step    17250] t/d= 172.500 | task1=9.914348e-02 | task2=8.949218e-02 | F1=9.300442e-02 | m1²=0.461732 | m2²=0.555404 | eps_w1=8.765207e-01 | eps_w2=8.412592e-01
[step    17300] t/d= 173.000 | task1=9.929144e-02 | task2=8.925136e-02 | F1=9.315238e-02 | m1²=0.457232 | m2²=0.559864 | eps_w1=8.775371e-01 | eps_w2=8.391458e-01
[step    17350] t/d= 173.500 | task1=9.948067e-02 | task2=8.895983e-02 | F1=9.334161e-02 | m1²=0.451944 | m2²=0.565180 | eps_w1=8.787751e-01 | eps_w2=8.366557e-01
[step    17400] t/d= 174.000 | task1=9.965129e-02 | task2=8.870242e-02 | F1=9.351223e-02 | m1²=0.447220 | m2²=0.569717 | eps_w1=8.798856e-01 | eps_w2=8.344715e-01
[step    17450] t/d= 174.500 | task1=9.977096e-02 | task2=8.843197e-02 | F1=9.363190e-02 | m1²=0.443051 | m2²=0.573952 | eps_w1=8.806168e-01 | eps_w2=8.320605e-01
[step    17500] t/d= 175.000 | task1=9.991428e-02 | task2=8.816835e-02 | F1=9.377522e-02 | m1²=0.438611 | m2²=0.578366 | eps_w1=8.815782e-01 | eps_w2=8.297512e-01
[step    17550] t/d= 175.500 | task1=1.001275e-01 | task2=8.778489e-02 | F1=9.398848e-02 | m1²=0.432006 | m2²=0.584822 | eps_w1=8.831077e-01 | eps_w2=8.264332e-01
[step    17600] t/d= 176.000 | task1=1.003084e-01 | task2=8.749355e-02 | F1=9.416932e-02 | m1²=0.426895 | m2²=0.589900 | eps_w1=8.843458e-01 | eps_w2=8.238640e-01
[step    17650] t/d= 176.500 | task1=1.005675e-01 | task2=8.711757e-02 | F1=9.442846e-02 | m1²=0.420088 | m2²=0.596600 | eps_w1=8.861103e-01 | eps_w2=8.205831e-01
[step    17700] t/d= 177.000 | task1=1.006905e-01 | task2=8.684985e-02 | F1=9.455141e-02 | m1²=0.416486 | m2²=0.600380 | eps_w1=8.868030e-01 | eps_w2=8.182999e-01
[step    17750] t/d= 177.500 | task1=1.009235e-01 | task2=8.648089e-02 | F1=9.478441e-02 | m1²=0.410270 | m2²=0.606563 | eps_w1=8.884001e-01 | eps_w2=8.151180e-01
[step    17800] t/d= 178.000 | task1=1.011229e-01 | task2=8.612126e-02 | F1=9.498381e-02 | m1²=0.404832 | m2²=0.612108 | eps_w1=8.896506e-01 | eps_w2=8.119325e-01
[step    17850] t/d= 178.500 | task1=1.013180e-01 | task2=8.577616e-02 | F1=9.517892e-02 | m1²=0.399384 | m2²=0.617776 | eps_w1=8.909980e-01 | eps_w2=8.087986e-01
[step    17900] t/d= 179.000 | task1=1.015190e-01 | task2=8.541516e-02 | F1=9.537995e-02 | m1²=0.393937 | m2²=0.623043 | eps_w1=8.922752e-01 | eps_w2=8.055772e-01
[step    17950] t/d= 179.500 | task1=1.017049e-01 | task2=8.507596e-02 | F1=9.556586e-02 | m1²=0.388905 | m2²=0.628051 | eps_w1=8.935505e-01 | eps_w2=8.026652e-01
[step    18000] t/d= 180.000 | task1=1.019194e-01 | task2=8.466162e-02 | F1=9.578030e-02 | m1²=0.383193 | m2²=0.633830 | eps_w1=8.949550e-01 | eps_w2=7.991277e-01
[step    18050] t/d= 180.500 | task1=1.022051e-01 | task2=8.423702e-02 | F1=9.606605e-02 | m1²=0.376550 | m2²=0.640254 | eps_w1=8.968514e-01 | eps_w2=7.955981e-01
[step    18100] t/d= 181.000 | task1=1.023520e-01 | task2=8.391871e-02 | F1=9.621294e-02 | m1²=0.372531 | m2²=0.644160 | eps_w1=8.977393e-01 | eps_w2=7.927570e-01
[step    18150] t/d= 181.500 | task1=1.025118e-01 | task2=8.358013e-02 | F1=9.637271e-02 | m1²=0.368344 | m2²=0.648544 | eps_w1=8.986857e-01 | eps_w2=7.896372e-01
[step    18200] t/d= 182.000 | task1=1.026822e-01 | task2=8.318303e-02 | F1=9.654311e-02 | m1²=0.363698 | m2²=0.653226 | eps_w1=8.997354e-01 | eps_w2=7.861207e-01
[step    18250] t/d= 182.500 | task1=1.029665e-01 | task2=8.266387e-02 | F1=9.682746e-02 | m1²=0.356967 | m2²=0.659610 | eps_w1=9.014584e-01 | eps_w2=7.815062e-01
[step    18300] t/d= 183.000 | task1=1.031126e-01 | task2=8.231505e-02 | F1=9.697353e-02 | m1²=0.353257 | m2²=0.663534 | eps_w1=9.023309e-01 | eps_w2=7.784666e-01
[step    18350] t/d= 183.500 | task1=1.032929e-01 | task2=8.197634e-02 | F1=9.715386e-02 | m1²=0.349015 | m2²=0.667628 | eps_w1=9.034972e-01 | eps_w2=7.755359e-01
[step    18400] t/d= 184.000 | task1=1.035452e-01 | task2=8.162479e-02 | F1=9.740613e-02 | m1²=0.343651 | m2²=0.672691 | eps_w1=9.052007e-01 | eps_w2=7.724630e-01
[step    18450] t/d= 184.500 | task1=1.037939e-01 | task2=8.122281e-02 | F1=9.765488e-02 | m1²=0.338179 | m2²=0.678154 | eps_w1=9.068441e-01 | eps_w2=7.687759e-01
[step    18500] t/d= 185.000 | task1=1.039996e-01 | task2=8.088756e-02 | F1=9.786049e-02 | m1²=0.333809 | m2²=0.682494 | eps_w1=9.082191e-01 | eps_w2=7.659451e-01
[step    18550] t/d= 185.500 | task1=1.042710e-01 | task2=8.043485e-02 | F1=9.813199e-02 | m1²=0.327930 | m2²=0.688269 | eps_w1=9.100707e-01 | eps_w2=7.620143e-01
[step    18600] t/d= 186.000 | task1=1.044565e-01 | task2=8.007064e-02 | F1=9.831746e-02 | m1²=0.324049 | m2²=0.691827 | eps_w1=9.111446e-01 | eps_w2=7.588218e-01
[step    18650] t/d= 186.500 | task1=1.046744e-01 | task2=7.962463e-02 | F1=9.853533e-02 | m1²=0.319453 | m2²=0.696459 | eps_w1=9.124451e-01 | eps_w2=7.547868e-01
[step    18700] t/d= 187.000 | task1=1.049346e-01 | task2=7.903325e-02 | F1=9.879555e-02 | m1²=0.314130 | m2²=0.701960 | eps_w1=9.138982e-01 | eps_w2=7.495068e-01
[step    18750] t/d= 187.500 | task1=1.052079e-01 | task2=7.854623e-02 | F1=9.906884e-02 | m1²=0.308885 | m2²=0.707248 | eps_w1=9.155713e-01 | eps_w2=7.451167e-01
[step    18800] t/d= 188.000 | task1=1.054450e-01 | task2=7.805831e-02 | F1=9.930589e-02 | m1²=0.304327 | m2²=0.711720 | eps_w1=9.169664e-01 | eps_w2=7.407881e-01
[step    18850] t/d= 188.500 | task1=1.057239e-01 | task2=7.753189e-02 | F1=9.958483e-02 | m1²=0.299354 | m2²=0.716752 | eps_w1=9.185658e-01 | eps_w2=7.360537e-01
[step    18900] t/d= 189.000 | task1=1.060240e-01 | task2=7.702955e-02 | F1=9.988494e-02 | m1²=0.293866 | m2²=0.721980 | eps_w1=9.205150e-01 | eps_w2=7.316421e-01
[step    18950] t/d= 189.500 | task1=1.063267e-01 | task2=7.655745e-02 | F1=1.001876e-01 | m1²=0.288268 | m2²=0.727203 | eps_w1=9.225949e-01 | eps_w2=7.274093e-01
[step    19000] t/d= 190.000 | task1=1.066581e-01 | task2=7.599510e-02 | F1=1.005190e-01 | m1²=0.282606 | m2²=0.732660 | eps_w1=9.246659e-01 | eps_w2=7.223769e-01
[step    19050] t/d= 190.500 | task1=1.069569e-01 | task2=7.549110e-02 | F1=1.008179e-01 | m1²=0.277761 | m2²=0.737529 | eps_w1=9.264782e-01 | eps_w2=7.178214e-01
[step    19100] t/d= 191.000 | task1=1.073075e-01 | task2=7.489611e-02 | F1=1.011684e-01 | m1²=0.271984 | m2²=0.743213 | eps_w1=9.287316e-01 | eps_w2=7.126380e-01
[step    19150] t/d= 191.500 | task1=1.075682e-01 | task2=7.437117e-02 | F1=1.014291e-01 | m1²=0.268174 | m2²=0.746902 | eps_w1=9.301325e-01 | eps_w2=7.077954e-01
[step    19200] t/d= 192.000 | task1=1.078476e-01 | task2=7.390585e-02 | F1=1.017086e-01 | m1²=0.263940 | m2²=0.751174 | eps_w1=9.318667e-01 | eps_w2=7.037580e-01
[step    19250] t/d= 192.500 | task1=1.081291e-01 | task2=7.348156e-02 | F1=1.019901e-01 | m1²=0.259267 | m2²=0.755868 | eps_w1=9.338767e-01 | eps_w2=7.001029e-01
[step    19300] t/d= 193.000 | task1=1.085023e-01 | task2=7.294132e-02 | F1=1.023632e-01 | m1²=0.253913 | m2²=0.761039 | eps_w1=9.361790e-01 | eps_w2=6.952317e-01
[step    19350] t/d= 193.500 | task1=1.088275e-01 | task2=7.239283e-02 | F1=1.026885e-01 | m1²=0.249227 | m2²=0.765695 | eps_w1=9.382230e-01 | eps_w2=6.903283e-01
[step    19400] t/d= 194.000 | task1=1.090610e-01 | task2=7.196228e-02 | F1=1.029219e-01 | m1²=0.245888 | m2²=0.769079 | eps_w1=9.397063e-01 | eps_w2=6.864039e-01
[step    19450] t/d= 194.500 | task1=1.093722e-01 | task2=7.145083e-02 | F1=1.032331e-01 | m1²=0.241508 | m2²=0.773348 | eps_w1=9.417143e-01 | eps_w2=6.819121e-01
[step    19500] t/d= 195.000 | task1=1.097433e-01 | task2=7.081387e-02 | F1=1.036042e-01 | m1²=0.236555 | m2²=0.778416 | eps_w1=9.440440e-01 | eps_w2=6.761770e-01
[step    19550] t/d= 195.500 | task1=1.100682e-01 | task2=7.030077e-02 | F1=1.039292e-01 | m1²=0.232184 | m2²=0.782647 | eps_w1=9.461586e-01 | eps_w2=6.714975e-01
[step    19600] t/d= 196.000 | task1=1.103779e-01 | task2=6.974490e-02 | F1=1.042388e-01 | m1²=0.228497 | m2²=0.786167 | eps_w1=9.480084e-01 | eps_w2=6.665613e-01
[step    19650] t/d= 196.500 | task1=1.106662e-01 | task2=6.930871e-02 | F1=1.045271e-01 | m1²=0.224913 | m2²=0.789489 | eps_w1=9.498337e-01 | eps_w2=6.625501e-01
[step    19700] t/d= 197.000 | task1=1.109910e-01 | task2=6.880019e-02 | F1=1.048519e-01 | m1²=0.220885 | m2²=0.793762 | eps_w1=9.519166e-01 | eps_w2=6.580588e-01
[step    19750] t/d= 197.500 | task1=1.112569e-01 | task2=6.838405e-02 | F1=1.051178e-01 | m1²=0.217717 | m2²=0.797062 | eps_w1=9.535979e-01 | eps_w2=6.542896e-01
[step    19800] t/d= 198.000 | task1=1.115442e-01 | task2=6.789896e-02 | F1=1.054052e-01 | m1²=0.214622 | m2²=0.800280 | eps_w1=9.553166e-01 | eps_w2=6.498867e-01
[step    19850] t/d= 198.500 | task1=1.118840e-01 | task2=6.740953e-02 | F1=1.057449e-01 | m1²=0.210558 | m2²=0.804072 | eps_w1=9.575524e-01 | eps_w2=6.453835e-01
[step    19900] t/d= 199.000 | task1=1.123119e-01 | task2=6.677793e-02 | F1=1.061728e-01 | m1²=0.205955 | m2²=0.808555 | eps_w1=9.601829e-01 | eps_w2=6.396928e-01
[step    19950] t/d= 199.500 | task1=1.126710e-01 | task2=6.625914e-02 | F1=1.065319e-01 | m1²=0.202113 | m2²=0.812270 | eps_w1=9.624233e-01 | eps_w2=6.350255e-01
[step    20000] t/d= 200.000 | task1=1.130112e-01 | task2=6.575357e-02 | F1=1.068722e-01 | m1²=0.198135 | m2²=0.815957 | eps_w1=9.647760e-01 | eps_w2=6.304058e-01
Saved checkpoint: results/quality_pretraining/finetunetask2_d100_T5/prestep_400000_task1step_100000_lr0p01_task1wseed21_task1sgdseed22_task2sgdseed42/checkpoints/step_000020000
[step    20050] t/d= 200.500 | task1=1.135039e-01 | task2=6.502891e-02 | F1=1.073648e-01 | m1²=0.192782 | m2²=0.821238 | eps_w1=9.680267e-01 | eps_w2=6.239069e-01
[step    20100] t/d= 201.000 | task1=1.138964e-01 | task2=6.443989e-02 | F1=1.077573e-01 | m1²=0.188675 | m2²=0.825408 | eps_w1=9.706109e-01 | eps_w2=6.186059e-01
[step    20150] t/d= 201.500 | task1=1.142988e-01 | task2=6.382425e-02 | F1=1.081598e-01 | m1²=0.184826 | m2²=0.829180 | eps_w1=9.731947e-01 | eps_w2=6.129505e-01
[step    20200] t/d= 202.000 | task1=1.146382e-01 | task2=6.330463e-02 | F1=1.084991e-01 | m1²=0.181553 | m2²=0.832455 | eps_w1=9.754120e-01 | eps_w2=6.082860e-01
[step    20250] t/d= 202.500 | task1=1.148953e-01 | task2=6.290918e-02 | F1=1.087563e-01 | m1²=0.179083 | m2²=0.834957 | eps_w1=9.771105e-01 | eps_w2=6.047612e-01
[step    20300] t/d= 203.000 | task1=1.153897e-01 | task2=6.218311e-02 | F1=1.092506e-01 | m1²=0.174959 | m2²=0.838981 | eps_w1=9.801534e-01 | eps_w2=5.981028e-01
[step    20350] t/d= 203.500 | task1=1.157437e-01 | task2=6.168435e-02 | F1=1.096046e-01 | m1²=0.171726 | m2²=0.842224 | eps_w1=9.824421e-01 | eps_w2=5.936472e-01
[step    20400] t/d= 204.000 | task1=1.161586e-01 | task2=6.109908e-02 | F1=1.100195e-01 | m1²=0.168165 | m2²=0.845579 | eps_w1=9.851215e-01 | eps_w2=5.882856e-01
[step    20450] t/d= 204.500 | task1=1.164875e-01 | task2=6.064476e-02 | F1=1.103484e-01 | m1²=0.165106 | m2²=0.848703 | eps_w1=9.873238e-01 | eps_w2=5.842126e-01
[step    20500] t/d= 205.000 | task1=1.168885e-01 | task2=6.005078e-02 | F1=1.107494e-01 | m1²=0.161662 | m2²=0.852063 | eps_w1=9.900175e-01 | eps_w2=5.789016e-01
[step    20550] t/d= 205.500 | task1=1.172820e-01 | task2=5.950398e-02 | F1=1.111430e-01 | m1²=0.158883 | m2²=0.854713 | eps_w1=9.924045e-01 | eps_w2=5.738919e-01
[step    20600] t/d= 206.000 | task1=1.175803e-01 | task2=5.907243e-02 | F1=1.114412e-01 | m1²=0.156500 | m2²=0.857099 | eps_w1=9.943953e-01 | eps_w2=5.699177e-01
[step    20650] t/d= 206.500 | task1=1.180500e-01 | task2=5.840754e-02 | F1=1.119110e-01 | m1²=0.153222 | m2²=0.860502 | eps_w1=9.973420e-01 | eps_w2=5.637276e-01
[step    20700] t/d= 207.000 | task1=1.183328e-01 | task2=5.800958e-02 | F1=1.121937e-01 | m1²=0.151197 | m2²=0.862481 | eps_w1=9.991760e-01 | eps_w2=5.600544e-01
[step    20750] t/d= 207.500 | task1=1.188794e-01 | task2=5.729513e-02 | F1=1.127403e-01 | m1²=0.147173 | m2²=0.866300 | eps_w1=1.002713e+00 | eps_w2=5.534896e-01
[step    20800] t/d= 208.000 | task1=1.193156e-01 | task2=5.671731e-02 | F1=1.131765e-01 | m1²=0.144176 | m2²=0.869020 | eps_w1=1.005496e+00 | eps_w2=5.483272e-01
[step    20850] t/d= 208.500 | task1=1.197035e-01 | task2=5.619060e-02 | F1=1.135644e-01 | m1²=0.141739 | m2²=0.871496 | eps_w1=1.007963e+00 | eps_w2=5.433885e-01
[step    20900] t/d= 209.000 | task1=1.202084e-01 | task2=5.549951e-02 | F1=1.140693e-01 | m1²=0.138454 | m2²=0.874693 | eps_w1=1.011304e+00 | eps_w2=5.369901e-01
[step    20950] t/d= 209.500 | task1=1.206281e-01 | task2=5.494968e-02 | F1=1.144890e-01 | m1²=0.135902 | m2²=0.877221 | eps_w1=1.013965e+00 | eps_w2=5.319438e-01
[step    21000] t/d= 210.000 | task1=1.210651e-01 | task2=5.437882e-02 | F1=1.149260e-01 | m1²=0.133051 | m2²=0.880066 | eps_w1=1.016894e+00 | eps_w2=5.265843e-01
[step    21050] t/d= 210.500 | task1=1.214903e-01 | task2=5.386672e-02 | F1=1.153512e-01 | m1²=0.130544 | m2²=0.882434 | eps_w1=1.019573e+00 | eps_w2=5.217721e-01
[step    21100] t/d= 211.000 | task1=1.219029e-01 | task2=5.334241e-02 | F1=1.157639e-01 | m1²=0.128302 | m2²=0.884432 | eps_w1=1.022239e+00 | eps_w2=5.168685e-01
[step    21150] t/d= 211.500 | task1=1.222686e-01 | task2=5.284574e-02 | F1=1.161295e-01 | m1²=0.126772 | m2²=0.885936 | eps_w1=1.024546e+00 | eps_w2=5.121239e-01
[step    21200] t/d= 212.000 | task1=1.226450e-01 | task2=5.237162e-02 | F1=1.165060e-01 | m1²=0.124532 | m2²=0.888026 | eps_w1=1.027073e+00 | eps_w2=5.077804e-01
[step    21250] t/d= 212.500 | task1=1.232153e-01 | task2=5.167928e-02 | F1=1.170762e-01 | m1²=0.121384 | m2²=0.891040 | eps_w1=1.030837e+00 | eps_w2=5.012085e-01
[step    21300] t/d= 213.000 | task1=1.236671e-01 | task2=5.114309e-02 | F1=1.175280e-01 | m1²=0.119166 | m2²=0.893068 | eps_w1=1.033756e+00 | eps_w2=4.960741e-01
[step    21350] t/d= 213.500 | task1=1.240550e-01 | task2=5.065801e-02 | F1=1.179160e-01 | m1²=0.117083 | m2²=0.895085 | eps_w1=1.036421e+00 | eps_w2=4.914772e-01
[step    21400] t/d= 214.000 | task1=1.244408e-01 | task2=5.016352e-02 | F1=1.183018e-01 | m1²=0.114797 | m2²=0.897234 | eps_w1=1.039146e+00 | eps_w2=4.870700e-01
[step    21450] t/d= 214.500 | task1=1.249898e-01 | task2=4.947724e-02 | F1=1.188508e-01 | m1²=0.112652 | m2²=0.899313 | eps_w1=1.042686e+00 | eps_w2=4.806138e-01
[step    21500] t/d= 215.000 | task1=1.255055e-01 | task2=4.888850e-02 | F1=1.193664e-01 | m1²=0.110060 | m2²=0.901780 | eps_w1=1.046098e+00 | eps_w2=4.750757e-01
[step    21550] t/d= 215.500 | task1=1.259713e-01 | task2=4.833946e-02 | F1=1.198322e-01 | m1²=0.107910 | m2²=0.903777 | eps_w1=1.049241e+00 | eps_w2=4.699023e-01
[step    21600] t/d= 216.000 | task1=1.263709e-01 | task2=4.787635e-02 | F1=1.202318e-01 | m1²=0.106137 | m2²=0.905397 | eps_w1=1.051890e+00 | eps_w2=4.656121e-01
[step    21650] t/d= 216.500 | task1=1.268245e-01 | task2=4.733122e-02 | F1=1.206855e-01 | m1²=0.104329 | m2²=0.907209 | eps_w1=1.054915e+00 | eps_w2=4.604962e-01
[step    21700] t/d= 217.000 | task1=1.272959e-01 | task2=4.678629e-02 | F1=1.211569e-01 | m1²=0.102047 | m2²=0.909480 | eps_w1=1.058165e+00 | eps_w2=4.553848e-01
[step    21750] t/d= 217.500 | task1=1.277176e-01 | task2=4.628552e-02 | F1=1.215786e-01 | m1²=0.100086 | m2²=0.911483 | eps_w1=1.061178e+00 | eps_w2=4.505682e-01
[step    21800] t/d= 218.000 | task1=1.281733e-01 | task2=4.575996e-02 | F1=1.220343e-01 | m1²=0.098487 | m2²=0.913003 | eps_w1=1.064244e+00 | eps_w2=4.455531e-01
[step    21850] t/d= 218.500 | task1=1.286709e-01 | task2=4.520320e-02 | F1=1.225318e-01 | m1²=0.096659 | m2²=0.914578 | eps_w1=1.067663e+00 | eps_w2=4.402356e-01
[step    21900] t/d= 219.000 | task1=1.291446e-01 | task2=4.467239e-02 | F1=1.230056e-01 | m1²=0.095329 | m2²=0.915688 | eps_w1=1.070822e+00 | eps_w2=4.351684e-01
[step    21950] t/d= 219.500 | task1=1.296314e-01 | task2=4.411574e-02 | F1=1.234923e-01 | m1²=0.093633 | m2²=0.917301 | eps_w1=1.074154e+00 | eps_w2=4.300125e-01
[step    22000] t/d= 220.000 | task1=1.301912e-01 | task2=4.352284e-02 | F1=1.240521e-01 | m1²=0.091291 | m2²=0.919584 | eps_w1=1.077978e+00 | eps_w2=4.244268e-01
[step    22050] t/d= 220.500 | task1=1.307907e-01 | task2=4.290693e-02 | F1=1.246516e-01 | m1²=0.088815 | m2²=0.921845 | eps_w1=1.082157e+00 | eps_w2=4.185022e-01
[step    22100] t/d= 221.000 | task1=1.312309e-01 | task2=4.244074e-02 | F1=1.250918e-01 | m1²=0.087481 | m2²=0.923279 | eps_w1=1.085195e+00 | eps_w2=4.137975e-01
[step    22150] t/d= 221.500 | task1=1.317851e-01 | task2=4.185380e-02 | F1=1.256460e-01 | m1²=0.085466 | m2²=0.925151 | eps_w1=1.089082e+00 | eps_w2=4.082678e-01
[step    22200] t/d= 222.000 | task1=1.323819e-01 | task2=4.123186e-02 | F1=1.262429e-01 | m1²=0.083002 | m2²=0.927488 | eps_w1=1.093299e+00 | eps_w2=4.024984e-01
[step    22250] t/d= 222.500 | task1=1.329434e-01 | task2=4.066554e-02 | F1=1.268044e-01 | m1²=0.081143 | m2²=0.929295 | eps_w1=1.097219e+00 | eps_w2=3.969542e-01
[step    22300] t/d= 223.000 | task1=1.335394e-01 | task2=4.006506e-02 | F1=1.274004e-01 | m1²=0.079155 | m2²=0.931138 | eps_w1=1.101415e+00 | eps_w2=3.911984e-01
[step    22350] t/d= 223.500 | task1=1.341535e-01 | task2=3.944331e-02 | F1=1.280144e-01 | m1²=0.077257 | m2²=0.932938 | eps_w1=1.105808e+00 | eps_w2=3.851576e-01
[step    22400] t/d= 224.000 | task1=1.346786e-01 | task2=3.891432e-02 | F1=1.285395e-01 | m1²=0.075442 | m2²=0.934581 | eps_w1=1.109697e+00 | eps_w2=3.800325e-01
[step    22450] t/d= 224.500 | task1=1.351389e-01 | task2=3.843214e-02 | F1=1.289999e-01 | m1²=0.073816 | m2²=0.936279 | eps_w1=1.113141e+00 | eps_w2=3.753758e-01
[step    22500] t/d= 225.000 | task1=1.355942e-01 | task2=3.797598e-02 | F1=1.294552e-01 | m1²=0.072816 | m2²=0.937254 | eps_w1=1.116398e+00 | eps_w2=3.708988e-01
[step    22550] t/d= 225.500 | task1=1.361524e-01 | task2=3.745662e-02 | F1=1.300133e-01 | m1²=0.071222 | m2²=0.938690 | eps_w1=1.120417e+00 | eps_w2=3.657084e-01
[step    22600] t/d= 226.000 | task1=1.365936e-01 | task2=3.704105e-02 | F1=1.304545e-01 | m1²=0.070030 | m2²=0.939868 | eps_w1=1.123562e+00 | eps_w2=3.615906e-01
[step    22650] t/d= 226.500 | task1=1.370097e-01 | task2=3.663449e-02 | F1=1.308707e-01 | m1²=0.068806 | m2²=0.941054 | eps_w1=1.126636e+00 | eps_w2=3.576520e-01
[step    22700] t/d= 227.000 | task1=1.374788e-01 | task2=3.618904e-02 | F1=1.313397e-01 | m1²=0.067978 | m2²=0.941804 | eps_w1=1.130027e+00 | eps_w2=3.532347e-01
[step    22750] t/d= 227.500 | task1=1.380253e-01 | task2=3.568760e-02 | F1=1.318862e-01 | m1²=0.066112 | m2²=0.943479 | eps_w1=1.134142e+00 | eps_w2=3.482988e-01
[step    22800] t/d= 228.000 | task1=1.386505e-01 | task2=3.511489e-02 | F1=1.325114e-01 | m1²=0.064481 | m2²=0.944955 | eps_w1=1.138881e+00 | eps_w2=3.424992e-01
[step    22850] t/d= 228.500 | task1=1.391402e-01 | task2=3.465341e-02 | F1=1.330012e-01 | m1²=0.063002 | m2²=0.946326 | eps_w1=1.142573e+00 | eps_w2=3.380912e-01
[step    22900] t/d= 229.000 | task1=1.396410e-01 | task2=3.417701e-02 | F1=1.335019e-01 | m1²=0.061479 | m2²=0.947815 | eps_w1=1.146371e+00 | eps_w2=3.335397e-01
[step    22950] t/d= 229.500 | task1=1.401354e-01 | task2=3.372704e-02 | F1=1.339963e-01 | m1²=0.060300 | m2²=0.948879 | eps_w1=1.150090e+00 | eps_w2=3.291445e-01
[step    23000] t/d= 230.000 | task1=1.404725e-01 | task2=3.341965e-02 | F1=1.343335e-01 | m1²=0.059289 | m2²=0.949887 | eps_w1=1.152719e+00 | eps_w2=3.260342e-01
[step    23050] t/d= 230.500 | task1=1.408649e-01 | task2=3.308910e-02 | F1=1.347258e-01 | m1²=0.058450 | m2²=0.950654 | eps_w1=1.155525e+00 | eps_w2=3.227612e-01
[step    23100] t/d= 231.000 | task1=1.413794e-01 | task2=3.263642e-02 | F1=1.352403e-01 | m1²=0.057043 | m2²=0.951946 | eps_w1=1.159424e+00 | eps_w2=3.183218e-01
[step    23150] t/d= 231.500 | task1=1.419288e-01 | task2=3.217992e-02 | F1=1.357898e-01 | m1²=0.055964 | m2²=0.952913 | eps_w1=1.163488e+00 | eps_w2=3.136874e-01
[step    23200] t/d= 232.000 | task1=1.424607e-01 | task2=3.172339e-02 | F1=1.363216e-01 | m1²=0.054837 | m2²=0.953937 | eps_w1=1.167550e+00 | eps_w2=3.091199e-01
[step    23250] t/d= 232.500 | task1=1.431180e-01 | task2=3.117527e-02 | F1=1.369789e-01 | m1²=0.053320 | m2²=0.955321 | eps_w1=1.172421e+00 | eps_w2=3.037546e-01
[step    23300] t/d= 233.000 | task1=1.437430e-01 | task2=3.069363e-02 | F1=1.376039e-01 | m1²=0.052205 | m2²=0.956275 | eps_w1=1.177118e+00 | eps_w2=2.986584e-01
[step    23350] t/d= 233.500 | task1=1.442991e-01 | task2=3.024968e-02 | F1=1.381600e-01 | m1²=0.051131 | m2²=0.957278 | eps_w1=1.181301e+00 | eps_w2=2.941246e-01
[step    23400] t/d= 234.000 | task1=1.447691e-01 | task2=2.985875e-02 | F1=1.386301e-01 | m1²=0.050521 | m2²=0.957882 | eps_w1=1.184977e+00 | eps_w2=2.901167e-01
[step    23450] t/d= 234.500 | task1=1.453934e-01 | task2=2.937034e-02 | F1=1.392543e-01 | m1²=0.049358 | m2²=0.958888 | eps_w1=1.189913e+00 | eps_w2=2.849851e-01
[step    23500] t/d= 235.000 | task1=1.458213e-01 | task2=2.903798e-02 | F1=1.396822e-01 | m1²=0.048605 | m2²=0.959654 | eps_w1=1.193128e+00 | eps_w2=2.815705e-01
[step    23550] t/d= 235.500 | task1=1.463291e-01 | task2=2.863253e-02 | F1=1.401901e-01 | m1²=0.047416 | m2²=0.960702 | eps_w1=1.197172e+00 | eps_w2=2.774846e-01
[step    23600] t/d= 236.000 | task1=1.468576e-01 | task2=2.821057e-02 | F1=1.407185e-01 | m1²=0.046398 | m2²=0.961665 | eps_w1=1.201433e+00 | eps_w2=2.731355e-01
[step    23650] t/d= 236.500 | task1=1.473618e-01 | task2=2.780338e-02 | F1=1.412228e-01 | m1²=0.045299 | m2²=0.962670 | eps_w1=1.205564e+00 | eps_w2=2.690106e-01
[step    23700] t/d= 237.000 | task1=1.479484e-01 | task2=2.736575e-02 | F1=1.418093e-01 | m1²=0.044392 | m2²=0.963492 | eps_w1=1.210117e+00 | eps_w2=2.645140e-01
[step    23750] t/d= 237.500 | task1=1.484127e-01 | task2=2.702020e-02 | F1=1.422737e-01 | m1²=0.043525 | m2²=0.964279 | eps_w1=1.213811e+00 | eps_w2=2.609174e-01
[step    23800] t/d= 238.000 | task1=1.489070e-01 | task2=2.666206e-02 | F1=1.427680e-01 | m1²=0.042894 | m2²=0.964985 | eps_w1=1.217716e+00 | eps_w2=2.570098e-01
[step    23850] t/d= 238.500 | task1=1.493643e-01 | task2=2.633515e-02 | F1=1.432253e-01 | m1²=0.042309 | m2²=0.965540 | eps_w1=1.221357e+00 | eps_w2=2.535147e-01
[step    23900] t/d= 239.000 | task1=1.500875e-01 | task2=2.583712e-02 | F1=1.439485e-01 | m1²=0.041511 | m2²=0.966247 | eps_w1=1.227156e+00 | eps_w2=2.480979e-01
[step    23950] t/d= 239.500 | task1=1.506355e-01 | task2=2.545939e-02 | F1=1.444964e-01 | m1²=0.040583 | m2²=0.967077 | eps_w1=1.231411e+00 | eps_w2=2.441812e-01
[step    24000] t/d= 240.000 | task1=1.512196e-01 | task2=2.504963e-02 | F1=1.450806e-01 | m1²=0.039637 | m2²=0.967942 | eps_w1=1.236204e+00 | eps_w2=2.398055e-01
[step    24050] t/d= 240.500 | task1=1.516765e-01 | task2=2.472280e-02 | F1=1.455374e-01 | m1²=0.038866 | m2²=0.968659 | eps_w1=1.240009e+00 | eps_w2=2.363605e-01
[step    24100] t/d= 241.000 | task1=1.524066e-01 | task2=2.422988e-02 | F1=1.462676e-01 | m1²=0.037932 | m2²=0.969512 | eps_w1=1.245939e+00 | eps_w2=2.311074e-01
[step    24150] t/d= 241.500 | task1=1.528244e-01 | task2=2.395720e-02 | F1=1.466853e-01 | m1²=0.037391 | m2²=0.970008 | eps_w1=1.249383e+00 | eps_w2=2.280961e-01
[step    24200] t/d= 242.000 | task1=1.534403e-01 | task2=2.355564e-02 | F1=1.473013e-01 | m1²=0.036531 | m2²=0.970860 | eps_w1=1.254312e+00 | eps_w2=2.237609e-01
[step    24250] t/d= 242.500 | task1=1.539758e-01 | task2=2.320605e-02 | F1=1.478368e-01 | m1²=0.035741 | m2²=0.971624 | eps_w1=1.258717e+00 | eps_w2=2.199510e-01
[step    24300] t/d= 243.000 | task1=1.544980e-01 | task2=2.286811e-02 | F1=1.483589e-01 | m1²=0.035107 | m2²=0.972178 | eps_w1=1.263007e+00 | eps_w2=2.163775e-01
[step    24350] t/d= 243.500 | task1=1.549868e-01 | task2=2.252292e-02 | F1=1.488477e-01 | m1²=0.034290 | m2²=0.972977 | eps_w1=1.267395e+00 | eps_w2=2.126522e-01
[step    24400] t/d= 244.000 | task1=1.556060e-01 | task2=2.211955e-02 | F1=1.494669e-01 | m1²=0.033226 | m2²=0.973890 | eps_w1=1.272632e+00 | eps_w2=2.083834e-01
[step    24450] t/d= 244.500 | task1=1.560776e-01 | task2=2.183527e-02 | F1=1.499385e-01 | m1²=0.032697 | m2²=0.974296 | eps_w1=1.276625e+00 | eps_w2=2.052582e-01
[step    24500] t/d= 245.000 | task1=1.566227e-01 | task2=2.150266e-02 | F1=1.504836e-01 | m1²=0.032009 | m2²=0.974924 | eps_w1=1.281117e+00 | eps_w2=2.016676e-01
[step    24550] t/d= 245.500 | task1=1.571522e-01 | task2=2.118938e-02 | F1=1.510131e-01 | m1²=0.031387 | m2²=0.975479 | eps_w1=1.285605e+00 | eps_w2=1.981513e-01
[step    24600] t/d= 246.000 | task1=1.576053e-01 | task2=2.090693e-02 | F1=1.514662e-01 | m1²=0.030883 | m2²=0.975950 | eps_w1=1.289560e+00 | eps_w2=1.950750e-01
[step    24650] t/d= 246.500 | task1=1.580203e-01 | task2=2.066120e-02 | F1=1.518812e-01 | m1²=0.030445 | m2²=0.976382 | eps_w1=1.292993e+00 | eps_w2=1.924065e-01
[step    24700] t/d= 247.000 | task1=1.585574e-01 | task2=2.035974e-02 | F1=1.524184e-01 | m1²=0.029867 | m2²=0.976890 | eps_w1=1.297601e+00 | eps_w2=1.889392e-01
[step    24750] t/d= 247.500 | task1=1.590116e-01 | task2=2.008346e-02 | F1=1.528725e-01 | m1²=0.029240 | m2²=0.977485 | eps_w1=1.301598e+00 | eps_w2=1.858852e-01
[step    24800] t/d= 248.000 | task1=1.595723e-01 | task2=1.976365e-02 | F1=1.534332e-01 | m1²=0.028643 | m2²=0.978051 | eps_w1=1.306466e+00 | eps_w2=1.822645e-01
[step    24850] t/d= 248.500 | task1=1.601978e-01 | task2=1.941686e-02 | F1=1.540587e-01 | m1²=0.027978 | m2²=0.978624 | eps_w1=1.311924e+00 | eps_w2=1.783318e-01
[step    24900] t/d= 249.000 | task1=1.607216e-01 | task2=1.911268e-02 | F1=1.545825e-01 | m1²=0.027289 | m2²=0.979225 | eps_w1=1.316607e+00 | eps_w2=1.749644e-01
[step    24950] t/d= 249.500 | task1=1.611626e-01 | task2=1.884425e-02 | F1=1.550235e-01 | m1²=0.026635 | m2²=0.979818 | eps_w1=1.320587e+00 | eps_w2=1.720874e-01
[step    25000] t/d= 250.000 | task1=1.616670e-01 | task2=1.857710e-02 | F1=1.555279e-01 | m1²=0.026199 | m2²=0.980207 | eps_w1=1.325031e+00 | eps_w2=1.690127e-01
[step    25050] t/d= 250.500 | task1=1.621509e-01 | task2=1.832442e-02 | F1=1.560118e-01 | m1²=0.025718 | m2²=0.980608 | eps_w1=1.329256e+00 | eps_w2=1.661392e-01
[step    25100] t/d= 251.000 | task1=1.626411e-01 | task2=1.806594e-02 | F1=1.565020e-01 | m1²=0.025213 | m2²=0.981041 | eps_w1=1.333552e+00 | eps_w2=1.632317e-01
[step    25150] t/d= 251.500 | task1=1.631896e-01 | task2=1.776899e-02 | F1=1.570505e-01 | m1²=0.024526 | m2²=0.981634 | eps_w1=1.338467e+00 | eps_w2=1.599060e-01
[step    25200] t/d= 252.000 | task1=1.636725e-01 | task2=1.751238e-02 | F1=1.575334e-01 | m1²=0.024045 | m2²=0.982050 | eps_w1=1.342869e+00 | eps_w2=1.570072e-01
[step    25250] t/d= 252.500 | task1=1.640088e-01 | task2=1.734005e-02 | F1=1.578697e-01 | m1²=0.023716 | m2²=0.982324 | eps_w1=1.345842e+00 | eps_w2=1.550785e-01
[step    25300] t/d= 253.000 | task1=1.645679e-01 | task2=1.703181e-02 | F1=1.584289e-01 | m1²=0.022978 | m2²=0.982974 | eps_w1=1.350988e+00 | eps_w2=1.516791e-01
[step    25350] t/d= 253.500 | task1=1.649846e-01 | task2=1.681602e-02 | F1=1.588455e-01 | m1²=0.022484 | m2²=0.983361 | eps_w1=1.354873e+00 | eps_w2=1.492253e-01
[step    25400] t/d= 254.000 | task1=1.653748e-01 | task2=1.663027e-02 | F1=1.592358e-01 | m1²=0.022124 | m2²=0.983689 | eps_w1=1.358418e+00 | eps_w2=1.469734e-01
[step    25450] t/d= 254.500 | task1=1.658421e-01 | task2=1.639430e-02 | F1=1.597030e-01 | m1²=0.021663 | m2²=0.984087 | eps_w1=1.362823e+00 | eps_w2=1.442270e-01
[step    25500] t/d= 255.000 | task1=1.661967e-01 | task2=1.621713e-02 | F1=1.600576e-01 | m1²=0.021322 | m2²=0.984385 | eps_w1=1.366141e+00 | eps_w2=1.421777e-01
[step    25550] t/d= 255.500 | task1=1.666301e-01 | task2=1.600989e-02 | F1=1.604911e-01 | m1²=0.020955 | m2²=0.984691 | eps_w1=1.370196e+00 | eps_w2=1.397359e-01
[step    25600] t/d= 256.000 | task1=1.670916e-01 | task2=1.579379e-02 | F1=1.609526e-01 | m1²=0.020583 | m2²=0.984991 | eps_w1=1.374510e+00 | eps_w2=1.371903e-01
[step    25650] t/d= 256.500 | task1=1.675290e-01 | task2=1.558173e-02 | F1=1.613899e-01 | m1²=0.020175 | m2²=0.985342 | eps_w1=1.378657e+00 | eps_w2=1.347245e-01
[step    25700] t/d= 257.000 | task1=1.679047e-01 | task2=1.541201e-02 | F1=1.617656e-01 | m1²=0.019879 | m2²=0.985594 | eps_w1=1.382062e+00 | eps_w2=1.327407e-01
[step    25750] t/d= 257.500 | task1=1.683811e-01 | task2=1.519402e-02 | F1=1.622421e-01 | m1²=0.019443 | m2²=0.985985 | eps_w1=1.386465e+00 | eps_w2=1.301520e-01
[step    25800] t/d= 258.000 | task1=1.689454e-01 | task2=1.494548e-02 | F1=1.628063e-01 | m1²=0.019086 | m2²=0.986311 | eps_w1=1.391696e+00 | eps_w2=1.271908e-01
[step    25850] t/d= 258.500 | task1=1.694774e-01 | task2=1.471138e-02 | F1=1.633383e-01 | m1²=0.018620 | m2²=0.986722 | eps_w1=1.396741e+00 | eps_w2=1.243287e-01
[step    25900] t/d= 259.000 | task1=1.699155e-01 | task2=1.453381e-02 | F1=1.637764e-01 | m1²=0.018333 | m2²=0.986960 | eps_w1=1.400878e+00 | eps_w2=1.220803e-01
[step    25950] t/d= 259.500 | task1=1.703404e-01 | task2=1.434157e-02 | F1=1.642013e-01 | m1²=0.017929 | m2²=0.987293 | eps_w1=1.404835e+00 | eps_w2=1.198962e-01
[step    26000] t/d= 260.000 | task1=1.707536e-01 | task2=1.416395e-02 | F1=1.646146e-01 | m1²=0.017622 | m2²=0.987571 | eps_w1=1.408919e+00 | eps_w2=1.176826e-01
[step    26050] t/d= 260.500 | task1=1.711309e-01 | task2=1.401216e-02 | F1=1.649918e-01 | m1²=0.017323 | m2²=0.987803 | eps_w1=1.412611e+00 | eps_w2=1.157423e-01
[step    26100] t/d= 261.000 | task1=1.716056e-01 | task2=1.380041e-02 | F1=1.654666e-01 | m1²=0.016880 | m2²=0.988184 | eps_w1=1.417215e+00 | eps_w2=1.132699e-01
[step    26150] t/d= 261.500 | task1=1.719860e-01 | task2=1.362283e-02 | F1=1.658469e-01 | m1²=0.016533 | m2²=0.988545 | eps_w1=1.421030e+00 | eps_w2=1.111655e-01
[step    26200] t/d= 262.000 | task1=1.724417e-01 | task2=1.344035e-02 | F1=1.663026e-01 | m1²=0.016186 | m2²=0.988843 | eps_w1=1.425547e+00 | eps_w2=1.088393e-01
[step    26250] t/d= 262.500 | task1=1.728300e-01 | task2=1.327068e-02 | F1=1.666909e-01 | m1²=0.015852 | m2²=0.989123 | eps_w1=1.429362e+00 | eps_w2=1.068813e-01
[step    26300] t/d= 263.000 | task1=1.731870e-01 | task2=1.313763e-02 | F1=1.670479e-01 | m1²=0.015620 | m2²=0.989311 | eps_w1=1.432723e+00 | eps_w2=1.052168e-01
[step    26350] t/d= 263.500 | task1=1.736130e-01 | task2=1.297417e-02 | F1=1.674740e-01 | m1²=0.015361 | m2²=0.989540 | eps_w1=1.436905e+00 | eps_w2=1.031553e-01
[step    26400] t/d= 264.000 | task1=1.739890e-01 | task2=1.282510e-02 | F1=1.678499e-01 | m1²=0.015103 | m2²=0.989764 | eps_w1=1.440774e+00 | eps_w2=1.012648e-01
[step    26450] t/d= 264.500 | task1=1.743906e-01 | task2=1.267908e-02 | F1=1.682515e-01 | m1²=0.014939 | m2²=0.989922 | eps_w1=1.444798e+00 | eps_w2=9.936380e-02
[step    26500] t/d= 265.000 | task1=1.747112e-01 | task2=1.255504e-02 | F1=1.685722e-01 | m1²=0.014779 | m2²=0.990062 | eps_w1=1.448017e+00 | eps_w2=9.785669e-02
[step    26550] t/d= 265.500 | task1=1.750681e-01 | task2=1.241868e-02 | F1=1.689290e-01 | m1²=0.014527 | m2²=0.990276 | eps_w1=1.451549e+00 | eps_w2=9.617941e-02
[step    26600] t/d= 266.000 | task1=1.754194e-01 | task2=1.228856e-02 | F1=1.692803e-01 | m1²=0.014270 | m2²=0.990484 | eps_w1=1.454920e+00 | eps_w2=9.459730e-02
[step    26650] t/d= 266.500 | task1=1.757845e-01 | task2=1.215398e-02 | F1=1.696454e-01 | m1²=0.014040 | m2²=0.990662 | eps_w1=1.458568e+00 | eps_w2=9.293994e-02
[step    26700] t/d= 267.000 | task1=1.761011e-01 | task2=1.203819e-02 | F1=1.699620e-01 | m1²=0.013879 | m2²=0.990796 | eps_w1=1.461841e+00 | eps_w2=9.148047e-02
[step    26750] t/d= 267.500 | task1=1.765598e-01 | task2=1.187007e-02 | F1=1.704207e-01 | m1²=0.013583 | m2²=0.991056 | eps_w1=1.466699e+00 | eps_w2=8.928286e-02
[step    26800] t/d= 268.000 | task1=1.768821e-01 | task2=1.174958e-02 | F1=1.707431e-01 | m1²=0.013319 | m2²=0.991274 | eps_w1=1.469962e+00 | eps_w2=8.779648e-02
[step    26850] t/d= 268.500 | task1=1.772199e-01 | task2=1.161486e-02 | F1=1.710808e-01 | m1²=0.013038 | m2²=0.991526 | eps_w1=1.473457e+00 | eps_w2=8.619037e-02
[step    26900] t/d= 269.000 | task1=1.775804e-01 | task2=1.148560e-02 | F1=1.714413e-01 | m1²=0.012794 | m2²=0.991737 | eps_w1=1.477032e+00 | eps_w2=8.460642e-02
[step    26950] t/d= 269.500 | task1=1.779737e-01 | task2=1.133899e-02 | F1=1.718346e-01 | m1²=0.012500 | m2²=0.991987 | eps_w1=1.481076e+00 | eps_w2=8.282613e-02
[step    27000] t/d= 270.000 | task1=1.783324e-01 | task2=1.121745e-02 | F1=1.721933e-01 | m1²=0.012247 | m2²=0.992168 | eps_w1=1.484836e+00 | eps_w2=8.125146e-02
[step    27050] t/d= 270.500 | task1=1.786560e-01 | task2=1.111404e-02 | F1=1.725169e-01 | m1²=0.012075 | m2²=0.992305 | eps_w1=1.488022e+00 | eps_w2=7.993178e-02
[step    27100] t/d= 271.000 | task1=1.789637e-01 | task2=1.101990e-02 | F1=1.728247e-01 | m1²=0.011945 | m2²=0.992420 | eps_w1=1.491145e+00 | eps_w2=7.865867e-02
[step    27150] t/d= 271.500 | task1=1.793112e-01 | task2=1.090945e-02 | F1=1.731721e-01 | m1²=0.011733 | m2²=0.992580 | eps_w1=1.494714e+00 | eps_w2=7.720863e-02
[step    27200] t/d= 272.000 | task1=1.796884e-01 | task2=1.079196e-02 | F1=1.735494e-01 | m1²=0.011520 | m2²=0.992750 | eps_w1=1.498677e+00 | eps_w2=7.561563e-02
[step    27250] t/d= 272.500 | task1=1.800042e-01 | task2=1.068690e-02 | F1=1.738652e-01 | m1²=0.011285 | m2²=0.992940 | eps_w1=1.501825e+00 | eps_w2=7.431652e-02
[step    27300] t/d= 273.000 | task1=1.803407e-01 | task2=1.058326e-02 | F1=1.742016e-01 | m1²=0.011110 | m2²=0.993072 | eps_w1=1.505342e+00 | eps_w2=7.295183e-02
[step    27350] t/d= 273.500 | task1=1.805898e-01 | task2=1.049499e-02 | F1=1.744507e-01 | m1²=0.010907 | m2²=0.993256 | eps_w1=1.507861e+00 | eps_w2=7.188768e-02
[step    27400] t/d= 274.000 | task1=1.808707e-01 | task2=1.041265e-02 | F1=1.747316e-01 | m1²=0.010764 | m2²=0.993368 | eps_w1=1.510753e+00 | eps_w2=7.077848e-02
[step    27450] t/d= 274.500 | task1=1.811692e-01 | task2=1.031675e-02 | F1=1.750301e-01 | m1²=0.010531 | m2²=0.993530 | eps_w1=1.513868e+00 | eps_w2=6.957164e-02
[step    27500] t/d= 275.000 | task1=1.815030e-01 | task2=1.021711e-02 | F1=1.753639e-01 | m1²=0.010368 | m2²=0.993663 | eps_w1=1.517460e+00 | eps_w2=6.822124e-02
[step    27550] t/d= 275.500 | task1=1.818437e-01 | task2=1.011626e-02 | F1=1.757047e-01 | m1²=0.010168 | m2²=0.993809 | eps_w1=1.520929e+00 | eps_w2=6.692421e-02
[step    27600] t/d= 276.000 | task1=1.822690e-01 | task2=9.994024e-03 | F1=1.761299e-01 | m1²=0.009943 | m2²=0.994005 | eps_w1=1.525430e+00 | eps_w2=6.523461e-02
[step    27650] t/d= 276.500 | task1=1.825947e-01 | task2=9.897584e-03 | F1=1.764556e-01 | m1²=0.009771 | m2²=0.994145 | eps_w1=1.528994e+00 | eps_w2=6.393348e-02
[step    27700] t/d= 277.000 | task1=1.828587e-01 | task2=9.811066e-03 | F1=1.767197e-01 | m1²=0.009541 | m2²=0.994333 | eps_w1=1.531845e+00 | eps_w2=6.282891e-02
[step    27750] t/d= 277.500 | task1=1.830862e-01 | task2=9.740145e-03 | F1=1.769472e-01 | m1²=0.009359 | m2²=0.994465 | eps_w1=1.534261e+00 | eps_w2=6.193562e-02
[step    27800] t/d= 278.000 | task1=1.833805e-01 | task2=9.652390e-03 | F1=1.772415e-01 | m1²=0.009223 | m2²=0.994565 | eps_w1=1.537531e+00 | eps_w2=6.080470e-02
[step    27850] t/d= 278.500 | task1=1.836617e-01 | task2=9.566716e-03 | F1=1.775226e-01 | m1²=0.009020 | m2²=0.994712 | eps_w1=1.540605e+00 | eps_w2=5.970519e-02
[step    27900] t/d= 279.000 | task1=1.839939e-01 | task2=9.470009e-03 | F1=1.778548e-01 | m1²=0.008804 | m2²=0.994856 | eps_w1=1.544173e+00 | eps_w2=5.847146e-02
[step    27950] t/d= 279.500 | task1=1.842445e-01 | task2=9.393586e-03 | F1=1.781054e-01 | m1²=0.008637 | m2²=0.994994 | eps_w1=1.546885e+00 | eps_w2=5.749991e-02
[step    28000] t/d= 280.000 | task1=1.846261e-01 | task2=9.297110e-03 | F1=1.784870e-01 | m1²=0.008459 | m2²=0.995114 | eps_w1=1.550900e+00 | eps_w2=5.617539e-02
[step    28050] t/d= 280.500 | task1=1.849186e-01 | task2=9.223646e-03 | F1=1.787795e-01 | m1²=0.008342 | m2²=0.995177 | eps_w1=1.554049e+00 | eps_w2=5.518537e-02
[step    28100] t/d= 281.000 | task1=1.852639e-01 | task2=9.137332e-03 | F1=1.791248e-01 | m1²=0.008157 | m2²=0.995314 | eps_w1=1.557709e+00 | eps_w2=5.397198e-02
[step    28150] t/d= 281.500 | task1=1.855418e-01 | task2=9.055701e-03 | F1=1.794027e-01 | m1²=0.007937 | m2²=0.995480 | eps_w1=1.560625e+00 | eps_w2=5.295536e-02
[step    28200] t/d= 282.000 | task1=1.857622e-01 | task2=8.995681e-03 | F1=1.796232e-01 | m1²=0.007784 | m2²=0.995574 | eps_w1=1.563155e+00 | eps_w2=5.214297e-02
[step    28250] t/d= 282.500 | task1=1.860162e-01 | task2=8.927902e-03 | F1=1.798771e-01 | m1²=0.007635 | m2²=0.995683 | eps_w1=1.566050e+00 | eps_w2=5.120670e-02
[step    28300] t/d= 283.000 | task1=1.863181e-01 | task2=8.857862e-03 | F1=1.801790e-01 | m1²=0.007476 | m2²=0.995787 | eps_w1=1.569239e+00 | eps_w2=5.020726e-02
[step    28350] t/d= 283.500 | task1=1.866872e-01 | task2=8.772250e-03 | F1=1.805481e-01 | m1²=0.007258 | m2²=0.995919 | eps_w1=1.573364e+00 | eps_w2=4.893979e-02
[step    28400] t/d= 284.000 | task1=1.869648e-01 | task2=8.708334e-03 | F1=1.808257e-01 | m1²=0.007148 | m2²=0.996010 | eps_w1=1.576500e+00 | eps_w2=4.797910e-02
[step    28450] t/d= 284.500 | task1=1.872219e-01 | task2=8.651086e-03 | F1=1.810829e-01 | m1²=0.007058 | m2²=0.996076 | eps_w1=1.579295e+00 | eps_w2=4.715008e-02
[step    28500] t/d= 285.000 | task1=1.874318e-01 | task2=8.602065e-03 | F1=1.812927e-01 | m1²=0.006946 | m2²=0.996153 | eps_w1=1.581571e+00 | eps_w2=4.646116e-02
[step    28550] t/d= 285.500 | task1=1.876446e-01 | task2=8.556295e-03 | F1=1.815056e-01 | m1²=0.006845 | m2²=0.996227 | eps_w1=1.583829e+00 | eps_w2=4.578058e-02
[step    28600] t/d= 286.000 | task1=1.878418e-01 | task2=8.506770e-03 | F1=1.817027e-01 | m1²=0.006747 | m2²=0.996282 | eps_w1=1.586134e+00 | eps_w2=4.512235e-02
[step    28650] t/d= 286.500 | task1=1.880611e-01 | task2=8.457943e-03 | F1=1.819220e-01 | m1²=0.006637 | m2²=0.996354 | eps_w1=1.588591e+00 | eps_w2=4.440785e-02
[step    28700] t/d= 287.000 | task1=1.883683e-01 | task2=8.391920e-03 | F1=1.822292e-01 | m1²=0.006534 | m2²=0.996435 | eps_w1=1.591986e+00 | eps_w2=4.344032e-02
[step    28750] t/d= 287.500 | task1=1.886531e-01 | task2=8.327265e-03 | F1=1.825141e-01 | m1²=0.006411 | m2²=0.996534 | eps_w1=1.595362e+00 | eps_w2=4.246688e-02
[step    28800] t/d= 288.000 | task1=1.888303e-01 | task2=8.282659e-03 | F1=1.826913e-01 | m1²=0.006286 | m2²=0.996636 | eps_w1=1.597290e+00 | eps_w2=4.186244e-02
[step    28850] t/d= 288.500 | task1=1.890973e-01 | task2=8.230235e-03 | F1=1.829583e-01 | m1²=0.006223 | m2²=0.996677 | eps_w1=1.600285e+00 | eps_w2=4.107132e-02
[step    28900] t/d= 289.000 | task1=1.893834e-01 | task2=8.174771e-03 | F1=1.832444e-01 | m1²=0.006129 | m2²=0.996731 | eps_w1=1.603420e+00 | eps_w2=4.024532e-02
[step    28950] t/d= 289.500 | task1=1.895814e-01 | task2=8.128422e-03 | F1=1.834423e-01 | m1²=0.006026 | m2²=0.996805 | eps_w1=1.605665e+00 | eps_w2=3.961574e-02
[step    29000] t/d= 290.000 | task1=1.897880e-01 | task2=8.083045e-03 | F1=1.836490e-01 | m1²=0.005933 | m2²=0.996870 | eps_w1=1.607824e+00 | eps_w2=3.902271e-02
[step    29050] t/d= 290.500 | task1=1.899583e-01 | task2=8.041983e-03 | F1=1.838192e-01 | m1²=0.005822 | m2²=0.996951 | eps_w1=1.609721e+00 | eps_w2=3.847629e-02
[step    29100] t/d= 291.000 | task1=1.901765e-01 | task2=7.996543e-03 | F1=1.840374e-01 | m1²=0.005709 | m2²=0.997019 | eps_w1=1.612113e+00 | eps_w2=3.783801e-02
[step    29150] t/d= 291.500 | task1=1.904315e-01 | task2=7.944118e-03 | F1=1.842924e-01 | m1²=0.005604 | m2²=0.997089 | eps_w1=1.615059e+00 | eps_w2=3.706745e-02
[step    29200] t/d= 292.000 | task1=1.906269e-01 | task2=7.908684e-03 | F1=1.844878e-01 | m1²=0.005562 | m2²=0.997111 | eps_w1=1.617303e+00 | eps_w2=3.652397e-02
[step    29250] t/d= 292.500 | task1=1.908622e-01 | task2=7.864105e-03 | F1=1.847231e-01 | m1²=0.005488 | m2²=0.997160 | eps_w1=1.619885e+00 | eps_w2=3.587592e-02
[step    29300] t/d= 293.000 | task1=1.910169e-01 | task2=7.825346e-03 | F1=1.848778e-01 | m1²=0.005359 | m2²=0.997238 | eps_w1=1.621646e+00 | eps_w2=3.539165e-02
[step    29350] t/d= 293.500 | task1=1.912219e-01 | task2=7.782929e-03 | F1=1.850829e-01 | m1²=0.005236 | m2²=0.997317 | eps_w1=1.623992e+00 | eps_w2=3.477473e-02
[step    29400] t/d= 294.000 | task1=1.914719e-01 | task2=7.733296e-03 | F1=1.853329e-01 | m1²=0.005125 | m2²=0.997392 | eps_w1=1.626773e+00 | eps_w2=3.406614e-02
[step    29450] t/d= 294.500 | task1=1.916570e-01 | task2=7.692128e-03 | F1=1.855179e-01 | m1²=0.005016 | m2²=0.997465 | eps_w1=1.628982e+00 | eps_w2=3.349347e-02
[step    29500] t/d= 295.000 | task1=1.918714e-01 | task2=7.655212e-03 | F1=1.857323e-01 | m1²=0.004948 | m2²=0.997506 | eps_w1=1.631511e+00 | eps_w2=3.289439e-02
[step    29550] t/d= 295.500 | task1=1.920749e-01 | task2=7.619207e-03 | F1=1.859359e-01 | m1²=0.004890 | m2²=0.997546 | eps_w1=1.633874e+00 | eps_w2=3.233577e-02
[step    29600] t/d= 296.000 | task1=1.922092e-01 | task2=7.595390e-03 | F1=1.860701e-01 | m1²=0.004845 | m2²=0.997581 | eps_w1=1.635436e+00 | eps_w2=3.195538e-02
[step    29650] t/d= 296.500 | task1=1.924335e-01 | task2=7.553598e-03 | F1=1.862944e-01 | m1²=0.004729 | m2²=0.997646 | eps_w1=1.637950e+00 | eps_w2=3.135119e-02
[step    29700] t/d= 297.000 | task1=1.925729e-01 | task2=7.524974e-03 | F1=1.864338e-01 | m1²=0.004652 | m2²=0.997682 | eps_w1=1.639709e+00 | eps_w2=3.094516e-02
[step    29750] t/d= 297.500 | task1=1.928140e-01 | task2=7.486502e-03 | F1=1.866750e-01 | m1²=0.004604 | m2²=0.997723 | eps_w1=1.642521e+00 | eps_w2=3.030449e-02
[step    29800] t/d= 298.000 | task1=1.929984e-01 | task2=7.455421e-03 | F1=1.868594e-01 | m1²=0.004568 | m2²=0.997752 | eps_w1=1.644668e+00 | eps_w2=2.982403e-02
[step    29850] t/d= 298.500 | task1=1.931254e-01 | task2=7.433595e-03 | F1=1.869863e-01 | m1²=0.004520 | m2²=0.997787 | eps_w1=1.646114e+00 | eps_w2=2.948375e-02
[step    29900] t/d= 299.000 | task1=1.933713e-01 | task2=7.397859e-03 | F1=1.872322e-01 | m1²=0.004471 | m2²=0.997805 | eps_w1=1.648852e+00 | eps_w2=2.891362e-02
[step    29950] t/d= 299.500 | task1=1.935250e-01 | task2=7.376770e-03 | F1=1.873859e-01 | m1²=0.004445 | m2²=0.997811 | eps_w1=1.650668e+00 | eps_w2=2.854710e-02
[step    30000] t/d= 300.000 | task1=1.936419e-01 | task2=7.359830e-03 | F1=1.875028e-01 | m1²=0.004414 | m2²=0.997827 | eps_w1=1.652133e+00 | eps_w2=2.823808e-02
[step    30050] t/d= 300.500 | task1=1.938001e-01 | task2=7.329513e-03 | F1=1.876611e-01 | m1²=0.004342 | m2²=0.997878 | eps_w1=1.653940e+00 | eps_w2=2.781738e-02
[step    30100] t/d= 301.000 | task1=1.940180e-01 | task2=7.294528e-03 | F1=1.878789e-01 | m1²=0.004266 | m2²=0.997919 | eps_w1=1.656555e+00 | eps_w2=2.725849e-02
[step    30150] t/d= 301.500 | task1=1.942511e-01 | task2=7.255450e-03 | F1=1.881120e-01 | m1²=0.004188 | m2²=0.997971 | eps_w1=1.659218e+00 | eps_w2=2.668053e-02
[step    30200] t/d= 302.000 | task1=1.944309e-01 | task2=7.229165e-03 | F1=1.882918e-01 | m1²=0.004139 | m2²=0.998006 | eps_w1=1.661294e+00 | eps_w2=2.623859e-02
[step    30250] t/d= 302.500 | task1=1.945830e-01 | task2=7.202103e-03 | F1=1.884439e-01 | m1²=0.004050 | m2²=0.998061 | eps_w1=1.663015e+00 | eps_w2=2.584662e-02
[step    30300] t/d= 303.000 | task1=1.947499e-01 | task2=7.175158e-03 | F1=1.886109e-01 | m1²=0.003983 | m2²=0.998118 | eps_w1=1.664894e+00 | eps_w2=2.541608e-02
[step    30350] t/d= 303.500 | task1=1.949727e-01 | task2=7.146832e-03 | F1=1.888337e-01 | m1²=0.003943 | m2²=0.998141 | eps_w1=1.667546e+00 | eps_w2=2.489487e-02
[step    30400] t/d= 304.000 | task1=1.951410e-01 | task2=7.119509e-03 | F1=1.890019e-01 | m1²=0.003894 | m2²=0.998165 | eps_w1=1.669618e+00 | eps_w2=2.448718e-02
[step    30450] t/d= 304.500 | task1=1.953459e-01 | task2=7.085973e-03 | F1=1.892068e-01 | m1²=0.003819 | m2²=0.998207 | eps_w1=1.672173e+00 | eps_w2=2.397282e-02
[step    30500] t/d= 305.000 | task1=1.955015e-01 | task2=7.064671e-03 | F1=1.893624e-01 | m1²=0.003786 | m2²=0.998238 | eps_w1=1.673999e+00 | eps_w2=2.360132e-02
[step    30550] t/d= 305.500 | task1=1.956781e-01 | task2=7.039486e-03 | F1=1.895390e-01 | m1²=0.003757 | m2²=0.998249 | eps_w1=1.676179e+00 | eps_w2=2.320191e-02
[step    30600] t/d= 306.000 | task1=1.958910e-01 | task2=7.010572e-03 | F1=1.897519e-01 | m1²=0.003725 | m2²=0.998279 | eps_w1=1.678626e+00 | eps_w2=2.272851e-02
[step    30650] t/d= 306.500 | task1=1.960475e-01 | task2=6.992419e-03 | F1=1.899085e-01 | m1²=0.003717 | m2²=0.998288 | eps_w1=1.680530e+00 | eps_w2=2.238439e-02
[step    30700] t/d= 307.000 | task1=1.961740e-01 | task2=6.972591e-03 | F1=1.900349e-01 | m1²=0.003663 | m2²=0.998314 | eps_w1=1.682034e+00 | eps_w2=2.209578e-02
[step    30750] t/d= 307.500 | task1=1.963942e-01 | task2=6.946303e-03 | F1=1.902551e-01 | m1²=0.003599 | m2²=0.998340 | eps_w1=1.684721e+00 | eps_w2=2.160970e-02
[step    30800] t/d= 308.000 | task1=1.965404e-01 | task2=6.929862e-03 | F1=1.904013e-01 | m1²=0.003576 | m2²=0.998370 | eps_w1=1.686489e+00 | eps_w2=2.126603e-02
[step    30850] t/d= 308.500 | task1=1.966538e-01 | task2=6.913942e-03 | F1=1.905147e-01 | m1²=0.003526 | m2²=0.998399 | eps_w1=1.687902e+00 | eps_w2=2.099263e-02
[step    30900] t/d= 309.000 | task1=1.968301e-01 | task2=6.892624e-03 | F1=1.906910e-01 | m1²=0.003466 | m2²=0.998436 | eps_w1=1.689997e+00 | eps_w2=2.059598e-02
[step    30950] t/d= 309.500 | task1=1.970355e-01 | task2=6.869287e-03 | F1=1.908965e-01 | m1²=0.003413 | m2²=0.998476 | eps_w1=1.692414e+00 | eps_w2=2.014518e-02
[step    31000] t/d= 310.000 | task1=1.971719e-01 | task2=6.852481e-03 | F1=1.910329e-01 | m1²=0.003355 | m2²=0.998502 | eps_w1=1.694158e+00 | eps_w2=1.983247e-02
[step    31050] t/d= 310.500 | task1=1.972584e-01 | task2=6.842065e-03 | F1=1.911193e-01 | m1²=0.003318 | m2²=0.998535 | eps_w1=1.695214e+00 | eps_w2=1.961448e-02
[step    31100] t/d= 311.000 | task1=1.974774e-01 | task2=6.818746e-03 | F1=1.913384e-01 | m1²=0.003273 | m2²=0.998570 | eps_w1=1.697946e+00 | eps_w2=1.912940e-02
[step    31150] t/d= 311.500 | task1=1.975484e-01 | task2=6.808144e-03 | F1=1.914094e-01 | m1²=0.003244 | m2²=0.998588 | eps_w1=1.698940e+00 | eps_w2=1.894917e-02
[step    31200] t/d= 312.000 | task1=1.976845e-01 | task2=6.788484e-03 | F1=1.915454e-01 | m1²=0.003216 | m2²=0.998610 | eps_w1=1.700631e+00 | eps_w2=1.865115e-02
[step    31250] t/d= 312.500 | task1=1.978296e-01 | task2=6.771516e-03 | F1=1.916905e-01 | m1²=0.003193 | m2²=0.998628 | eps_w1=1.702398e+00 | eps_w2=1.835209e-02
[step    31300] t/d= 313.000 | task1=1.979435e-01 | task2=6.754566e-03 | F1=1.918045e-01 | m1²=0.003147 | m2²=0.998664 | eps_w1=1.703790e+00 | eps_w2=1.808491e-02
[step    31350] t/d= 313.500 | task1=1.980424e-01 | task2=6.744589e-03 | F1=1.919033e-01 | m1²=0.003135 | m2²=0.998674 | eps_w1=1.704954e+00 | eps_w2=1.789360e-02
[step    31400] t/d= 314.000 | task1=1.981564e-01 | task2=6.730562e-03 | F1=1.920173e-01 | m1²=0.003110 | m2²=0.998692 | eps_w1=1.706466e+00 | eps_w2=1.763748e-02
[step    31450] t/d= 314.500 | task1=1.983120e-01 | task2=6.717977e-03 | F1=1.921730e-01 | m1²=0.003073 | m2²=0.998696 | eps_w1=1.708298e+00 | eps_w2=1.736489e-02
[step    31500] t/d= 315.000 | task1=1.984079e-01 | task2=6.704850e-03 | F1=1.922689e-01 | m1²=0.003031 | m2²=0.998723 | eps_w1=1.709534e+00 | eps_w2=1.714405e-02
[step    31550] t/d= 315.500 | task1=1.985507e-01 | task2=6.691575e-03 | F1=1.924117e-01 | m1²=0.003008 | m2²=0.998741 | eps_w1=1.711263e+00 | eps_w2=1.686058e-02
[step    31600] t/d= 316.000 | task1=1.987237e-01 | task2=6.674778e-03 | F1=1.925847e-01 | m1²=0.002942 | m2²=0.998779 | eps_w1=1.713243e+00 | eps_w2=1.651955e-02
[step    31650] t/d= 316.500 | task1=1.988345e-01 | task2=6.665451e-03 | F1=1.926955e-01 | m1²=0.002907 | m2²=0.998794 | eps_w1=1.714629e+00 | eps_w2=1.630160e-02
[step    31700] t/d= 317.000 | task1=1.989030e-01 | task2=6.657112e-03 | F1=1.927640e-01 | m1²=0.002868 | m2²=0.998813 | eps_w1=1.715436e+00 | eps_w2=1.616088e-02
[step    31750] t/d= 317.500 | task1=1.990273e-01 | task2=6.645165e-03 | F1=1.928883e-01 | m1²=0.002832 | m2²=0.998830 | eps_w1=1.717010e+00 | eps_w2=1.591253e-02
[step    31800] t/d= 318.000 | task1=1.990979e-01 | task2=6.640093e-03 | F1=1.929588e-01 | m1²=0.002819 | m2²=0.998839 | eps_w1=1.717876e+00 | eps_w2=1.577754e-02
[step    31850] t/d= 318.500 | task1=1.992108e-01 | task2=6.627997e-03 | F1=1.930718e-01 | m1²=0.002800 | m2²=0.998859 | eps_w1=1.719263e+00 | eps_w2=1.555011e-02
[step    31900] t/d= 319.000 | task1=1.992855e-01 | task2=6.619771e-03 | F1=1.931465e-01 | m1²=0.002758 | m2²=0.998880 | eps_w1=1.720181e+00 | eps_w2=1.539369e-02
[step    31950] t/d= 319.500 | task1=1.994054e-01 | task2=6.607295e-03 | F1=1.932663e-01 | m1²=0.002723 | m2²=0.998908 | eps_w1=1.721589e+00 | eps_w2=1.515541e-02
[step    32000] t/d= 320.000 | task1=1.995218e-01 | task2=6.596752e-03 | F1=1.933827e-01 | m1²=0.002715 | m2²=0.998916 | eps_w1=1.723017e+00 | eps_w2=1.494502e-02
[step    32050] t/d= 320.500 | task1=1.996394e-01 | task2=6.583322e-03 | F1=1.935003e-01 | m1²=0.002682 | m2²=0.998950 | eps_w1=1.724390e+00 | eps_w2=1.470362e-02
[step    32100] t/d= 321.000 | task1=1.997318e-01 | task2=6.574777e-03 | F1=1.935928e-01 | m1²=0.002668 | m2²=0.998957 | eps_w1=1.725631e+00 | eps_w2=1.452590e-02
[step    32150] t/d= 321.500 | task1=1.998344e-01 | task2=6.568243e-03 | F1=1.936953e-01 | m1²=0.002651 | m2²=0.998967 | eps_w1=1.726898e+00 | eps_w2=1.434028e-02
[step    32200] t/d= 322.000 | task1=1.999333e-01 | task2=6.561039e-03 | F1=1.937942e-01 | m1²=0.002640 | m2²=0.998973 | eps_w1=1.727988e+00 | eps_w2=1.418580e-02
[step    32250] t/d= 322.500 | task1=2.000947e-01 | task2=6.546984e-03 | F1=1.939556e-01 | m1²=0.002606 | m2²=0.998990 | eps_w1=1.729944e+00 | eps_w2=1.390204e-02
[step    32300] t/d= 323.000 | task1=2.001950e-01 | task2=6.536800e-03 | F1=1.940560e-01 | m1²=0.002607 | m2²=0.998996 | eps_w1=1.731256e+00 | eps_w2=1.371858e-02
[step    32350] t/d= 323.500 | task1=2.002693e-01 | task2=6.528748e-03 | F1=1.941302e-01 | m1²=0.002587 | m2²=0.999006 | eps_w1=1.732187e+00 | eps_w2=1.358241e-02
[step    32400] t/d= 324.000 | task1=2.003888e-01 | task2=6.518415e-03 | F1=1.942497e-01 | m1²=0.002553 | m2²=0.999020 | eps_w1=1.733634e+00 | eps_w2=1.337762e-02
[step    32450] t/d= 324.500 | task1=2.005333e-01 | task2=6.506872e-03 | F1=1.943943e-01 | m1²=0.002524 | m2²=0.999031 | eps_w1=1.735246e+00 | eps_w2=1.315602e-02
[step    32500] t/d= 325.000 | task1=2.006061e-01 | task2=6.503205e-03 | F1=1.944670e-01 | m1²=0.002505 | m2²=0.999044 | eps_w1=1.736035e+00 | eps_w2=1.303527e-02
[step    32550] t/d= 325.500 | task1=2.006649e-01 | task2=6.496891e-03 | F1=1.945258e-01 | m1²=0.002489 | m2²=0.999057 | eps_w1=1.736877e+00 | eps_w2=1.290907e-02
[step    32600] t/d= 326.000 | task1=2.007872e-01 | task2=6.486600e-03 | F1=1.946482e-01 | m1²=0.002458 | m2²=0.999077 | eps_w1=1.738400e+00 | eps_w2=1.268698e-02
[step    32650] t/d= 326.500 | task1=2.008560e-01 | task2=6.480686e-03 | F1=1.947170e-01 | m1²=0.002449 | m2²=0.999086 | eps_w1=1.739277e+00 | eps_w2=1.256269e-02
[step    32700] t/d= 327.000 | task1=2.009934e-01 | task2=6.469951e-03 | F1=1.948544e-01 | m1²=0.002437 | m2²=0.999097 | eps_w1=1.740970e+00 | eps_w2=1.233496e-02
[step    32750] t/d= 327.500 | task1=2.010544e-01 | task2=6.466558e-03 | F1=1.949154e-01 | m1²=0.002418 | m2²=0.999097 | eps_w1=1.741693e+00 | eps_w2=1.224995e-02
[step    32800] t/d= 328.000 | task1=2.011666e-01 | task2=6.457798e-03 | F1=1.950275e-01 | m1²=0.002395 | m2²=0.999112 | eps_w1=1.743023e+00 | eps_w2=1.206455e-02
[step    32850] t/d= 328.500 | task1=2.012851e-01 | task2=6.444439e-03 | F1=1.951460e-01 | m1²=0.002350 | m2²=0.999141 | eps_w1=1.744529e+00 | eps_w2=1.183872e-02
[step    32900] t/d= 329.000 | task1=2.014056e-01 | task2=6.434501e-03 | F1=1.952666e-01 | m1²=0.002314 | m2²=0.999160 | eps_w1=1.746016e+00 | eps_w2=1.163285e-02
[step    32950] t/d= 329.500 | task1=2.014634e-01 | task2=6.425871e-03 | F1=1.953243e-01 | m1²=0.002283 | m2²=0.999182 | eps_w1=1.746838e+00 | eps_w2=1.150161e-02
[step    33000] t/d= 330.000 | task1=2.016200e-01 | task2=6.413478e-03 | F1=1.954810e-01 | m1²=0.002238 | m2²=0.999201 | eps_w1=1.748693e+00 | eps_w2=1.125576e-02
[step    33050] t/d= 330.500 | task1=2.017447e-01 | task2=6.404353e-03 | F1=1.956057e-01 | m1²=0.002226 | m2²=0.999206 | eps_w1=1.750263e+00 | eps_w2=1.106635e-02
[step    33100] t/d= 331.000 | task1=2.018565e-01 | task2=6.398719e-03 | F1=1.957175e-01 | m1²=0.002204 | m2²=0.999221 | eps_w1=1.751514e+00 | eps_w2=1.089809e-02
[step    33150] t/d= 331.500 | task1=2.019343e-01 | task2=6.393552e-03 | F1=1.957952e-01 | m1²=0.002191 | m2²=0.999223 | eps_w1=1.752440e+00 | eps_w2=1.078924e-02
[step    33200] t/d= 332.000 | task1=2.020057e-01 | task2=6.389445e-03 | F1=1.958666e-01 | m1²=0.002177 | m2²=0.999226 | eps_w1=1.753557e+00 | eps_w2=1.065863e-02
[step    33250] t/d= 332.500 | task1=2.020657e-01 | task2=6.387504e-03 | F1=1.959267e-01 | m1²=0.002159 | m2²=0.999229 | eps_w1=1.754323e+00 | eps_w2=1.056956e-02
[step    33300] t/d= 333.000 | task1=2.021441e-01 | task2=6.385212e-03 | F1=1.960050e-01 | m1²=0.002125 | m2²=0.999240 | eps_w1=1.755041e+00 | eps_w2=1.047478e-02
[step    33350] t/d= 333.500 | task1=2.022280e-01 | task2=6.381946e-03 | F1=1.960889e-01 | m1²=0.002124 | m2²=0.999246 | eps_w1=1.756131e+00 | eps_w2=1.034211e-02
[step    33400] t/d= 334.000 | task1=2.022652e-01 | task2=6.379242e-03 | F1=1.961261e-01 | m1²=0.002123 | m2²=0.999248 | eps_w1=1.756678e+00 | eps_w2=1.027768e-02
[step    33450] t/d= 334.500 | task1=2.022962e-01 | task2=6.373493e-03 | F1=1.961572e-01 | m1²=0.002087 | m2²=0.999272 | eps_w1=1.757068e+00 | eps_w2=1.019801e-02
[step    33500] t/d= 335.000 | task1=2.024005e-01 | task2=6.364838e-03 | F1=1.962615e-01 | m1²=0.002062 | m2²=0.999289 | eps_w1=1.758478e+00 | eps_w2=1.001484e-02
[step    33550] t/d= 335.500 | task1=2.024873e-01 | task2=6.360705e-03 | F1=1.963482e-01 | m1²=0.002037 | m2²=0.999298 | eps_w1=1.759565e+00 | eps_w2=9.882579e-03
[step    33600] t/d= 336.000 | task1=2.025344e-01 | task2=6.357058e-03 | F1=1.963953e-01 | m1²=0.002023 | m2²=0.999311 | eps_w1=1.760227e+00 | eps_w2=9.790662e-03
[step    33650] t/d= 336.500 | task1=2.026031e-01 | task2=6.350225e-03 | F1=1.964640e-01 | m1²=0.002009 | m2²=0.999326 | eps_w1=1.761131e+00 | eps_w2=9.667024e-03
[step    33700] t/d= 337.000 | task1=2.026877e-01 | task2=6.343884e-03 | F1=1.965487e-01 | m1²=0.001988 | m2²=0.999333 | eps_w1=1.762266e+00 | eps_w2=9.535215e-03
[step    33750] t/d= 337.500 | task1=2.027622e-01 | task2=6.337999e-03 | F1=1.966231e-01 | m1²=0.001981 | m2²=0.999347 | eps_w1=1.763289e+00 | eps_w2=9.401406e-03
[step    33800] t/d= 338.000 | task1=2.028328e-01 | task2=6.333718e-03 | F1=1.966937e-01 | m1²=0.001942 | m2²=0.999354 | eps_w1=1.764250e+00 | eps_w2=9.292720e-03
[step    33850] t/d= 338.500 | task1=2.028784e-01 | task2=6.330262e-03 | F1=1.967393e-01 | m1²=0.001954 | m2²=0.999355 | eps_w1=1.764772e+00 | eps_w2=9.234699e-03
[step    33900] t/d= 339.000 | task1=2.029922e-01 | task2=6.322715e-03 | F1=1.968531e-01 | m1²=0.001938 | m2²=0.999363 | eps_w1=1.766227e+00 | eps_w2=9.069162e-03
[step    33950] t/d= 339.500 | task1=2.031268e-01 | task2=6.313354e-03 | F1=1.969877e-01 | m1²=0.001926 | m2²=0.999368 | eps_w1=1.767854e+00 | eps_w2=8.893730e-03
[step    34000] t/d= 340.000 | task1=2.032209e-01 | task2=6.306970e-03 | F1=1.970818e-01 | m1²=0.001917 | m2²=0.999364 | eps_w1=1.768943e+00 | eps_w2=8.788929e-03
[step    34050] t/d= 340.500 | task1=2.032461e-01 | task2=6.302744e-03 | F1=1.971070e-01 | m1²=0.001888 | m2²=0.999383 | eps_w1=1.768983e+00 | eps_w2=8.756727e-03
[step    34100] t/d= 341.000 | task1=2.033341e-01 | task2=6.300459e-03 | F1=1.971950e-01 | m1²=0.001885 | m2²=0.999375 | eps_w1=1.770062e+00 | eps_w2=8.660264e-03
[step    34150] t/d= 341.500 | task1=2.033916e-01 | task2=6.297926e-03 | F1=1.972526e-01 | m1²=0.001878 | m2²=0.999376 | eps_w1=1.770848e+00 | eps_w2=8.579817e-03
[step    34200] t/d= 342.000 | task1=2.034547e-01 | task2=6.294297e-03 | F1=1.973157e-01 | m1²=0.001851 | m2²=0.999382 | eps_w1=1.771673e+00 | eps_w2=8.491505e-03
[step    34250] t/d= 342.500 | task1=2.035220e-01 | task2=6.292620e-03 | F1=1.973829e-01 | m1²=0.001844 | m2²=0.999380 | eps_w1=1.772521e+00 | eps_w2=8.410411e-03
[step    34300] t/d= 343.000 | task1=2.036090e-01 | task2=6.289776e-03 | F1=1.974700e-01 | m1²=0.001829 | m2²=0.999380 | eps_w1=1.773601e+00 | eps_w2=8.305973e-03
[step    34350] t/d= 343.500 | task1=2.036709e-01 | task2=6.285580e-03 | F1=1.975318e-01 | m1²=0.001821 | m2²=0.999385 | eps_w1=1.774550e+00 | eps_w2=8.203765e-03
[step    34400] t/d= 344.000 | task1=2.037923e-01 | task2=6.276530e-03 | F1=1.976532e-01 | m1²=0.001796 | m2²=0.999398 | eps_w1=1.776172e+00 | eps_w2=8.026628e-03
[step    34450] t/d= 344.500 | task1=2.038954e-01 | task2=6.271691e-03 | F1=1.977563e-01 | m1²=0.001775 | m2²=0.999411 | eps_w1=1.777493e+00 | eps_w2=7.876979e-03
[step    34500] t/d= 345.000 | task1=2.039634e-01 | task2=6.270545e-03 | F1=1.978243e-01 | m1²=0.001767 | m2²=0.999408 | eps_w1=1.778307e+00 | eps_w2=7.806902e-03
[step    34550] t/d= 345.500 | task1=2.040133e-01 | task2=6.268258e-03 | F1=1.978743e-01 | m1²=0.001758 | m2²=0.999419 | eps_w1=1.778871e+00 | eps_w2=7.734428e-03
[step    34600] t/d= 346.000 | task1=2.040505e-01 | task2=6.268529e-03 | F1=1.979114e-01 | m1²=0.001741 | m2²=0.999420 | eps_w1=1.779338e+00 | eps_w2=7.690792e-03
[step    34650] t/d= 346.500 | task1=2.040705e-01 | task2=6.266392e-03 | F1=1.979314e-01 | m1²=0.001733 | m2²=0.999428 | eps_w1=1.779682e+00 | eps_w2=7.643543e-03
[step    34700] t/d= 347.000 | task1=2.040914e-01 | task2=6.264835e-03 | F1=1.979523e-01 | m1²=0.001728 | m2²=0.999438 | eps_w1=1.779775e+00 | eps_w2=7.618123e-03
[step    34750] t/d= 347.500 | task1=2.041296e-01 | task2=6.264528e-03 | F1=1.979905e-01 | m1²=0.001714 | m2²=0.999448 | eps_w1=1.780313e+00 | eps_w2=7.551670e-03
[step    34800] t/d= 348.000 | task1=2.042016e-01 | task2=6.262039e-03 | F1=1.980625e-01 | m1²=0.001703 | m2²=0.999452 | eps_w1=1.781140e+00 | eps_w2=7.468140e-03
[step    34850] t/d= 348.500 | task1=2.042454e-01 | task2=6.258552e-03 | F1=1.981063e-01 | m1²=0.001690 | m2²=0.999458 | eps_w1=1.781643e+00 | eps_w2=7.411691e-03
[step    34900] t/d= 349.000 | task1=2.043322e-01 | task2=6.255635e-03 | F1=1.981932e-01 | m1²=0.001679 | m2²=0.999462 | eps_w1=1.782696e+00 | eps_w2=7.308266e-03
[step    34950] t/d= 349.500 | task1=2.044300e-01 | task2=6.249158e-03 | F1=1.982909e-01 | m1²=0.001671 | m2²=0.999455 | eps_w1=1.783840e+00 | eps_w2=7.216749e-03
[step    35000] t/d= 350.000 | task1=2.044775e-01 | task2=6.247903e-03 | F1=1.983384e-01 | m1²=0.001662 | m2²=0.999458 | eps_w1=1.784370e+00 | eps_w2=7.163474e-03
[step    35050] t/d= 350.500 | task1=2.045877e-01 | task2=6.242997e-03 | F1=1.984487e-01 | m1²=0.001653 | m2²=0.999461 | eps_w1=1.785807e+00 | eps_w2=7.028537e-03
[step    35100] t/d= 351.000 | task1=2.046510e-01 | task2=6.242209e-03 | F1=1.985120e-01 | m1²=0.001656 | m2²=0.999467 | eps_w1=1.786650e+00 | eps_w2=6.942508e-03
[step    35150] t/d= 351.500 | task1=2.047474e-01 | task2=6.238016e-03 | F1=1.986084e-01 | m1²=0.001645 | m2²=0.999469 | eps_w1=1.787905e+00 | eps_w2=6.828068e-03
[step    35200] t/d= 352.000 | task1=2.048193e-01 | task2=6.234628e-03 | F1=1.986803e-01 | m1²=0.001638 | m2²=0.999473 | eps_w1=1.788892e+00 | eps_w2=6.733629e-03
[step    35250] t/d= 352.500 | task1=2.049038e-01 | task2=6.231642e-03 | F1=1.987648e-01 | m1²=0.001612 | m2²=0.999479 | eps_w1=1.789927e+00 | eps_w2=6.636756e-03
[step    35300] t/d= 353.000 | task1=2.049199e-01 | task2=6.230339e-03 | F1=1.987808e-01 | m1²=0.001613 | m2²=0.999480 | eps_w1=1.790116e+00 | eps_w2=6.617698e-03
[step    35350] t/d= 353.500 | task1=2.049799e-01 | task2=6.226474e-03 | F1=1.988408e-01 | m1²=0.001597 | m2²=0.999486 | eps_w1=1.790862e+00 | eps_w2=6.544195e-03
[step    35400] t/d= 354.000 | task1=2.050532e-01 | task2=6.226581e-03 | F1=1.989141e-01 | m1²=0.001580 | m2²=0.999481 | eps_w1=1.791948e+00 | eps_w2=6.461817e-03
[step    35450] t/d= 354.500 | task1=2.051201e-01 | task2=6.221934e-03 | F1=1.989810e-01 | m1²=0.001557 | m2²=0.999492 | eps_w1=1.792646e+00 | eps_w2=6.386506e-03
[step    35500] t/d= 355.000 | task1=2.051487e-01 | task2=6.221633e-03 | F1=1.990097e-01 | m1²=0.001569 | m2²=0.999489 | eps_w1=1.792928e+00 | eps_w2=6.365542e-03
[step    35550] t/d= 355.500 | task1=2.052257e-01 | task2=6.219882e-03 | F1=1.990866e-01 | m1²=0.001555 | m2²=0.999486 | eps_w1=1.793793e+00 | eps_w2=6.300054e-03
[step    35600] t/d= 356.000 | task1=2.052753e-01 | task2=6.216523e-03 | F1=1.991362e-01 | m1²=0.001542 | m2²=0.999492 | eps_w1=1.794462e+00 | eps_w2=6.234599e-03
[step    35650] t/d= 356.500 | task1=2.052849e-01 | task2=6.213763e-03 | F1=1.991458e-01 | m1²=0.001523 | m2²=0.999487 | eps_w1=1.794612e+00 | eps_w2=6.234283e-03
[step    35700] t/d= 357.000 | task1=2.053327e-01 | task2=6.211949e-03 | F1=1.991937e-01 | m1²=0.001520 | m2²=0.999481 | eps_w1=1.795209e+00 | eps_w2=6.194303e-03
[step    35750] t/d= 357.500 | task1=2.053216e-01 | task2=6.212787e-03 | F1=1.991825e-01 | m1²=0.001495 | m2²=0.999495 | eps_w1=1.795321e+00 | eps_w2=6.163816e-03
[step    35800] t/d= 358.000 | task1=2.054042e-01 | task2=6.211536e-03 | F1=1.992652e-01 | m1²=0.001486 | m2²=0.999497 | eps_w1=1.796307e+00 | eps_w2=6.078483e-03
[step    35850] t/d= 358.500 | task1=2.054965e-01 | task2=6.209259e-03 | F1=1.993574e-01 | m1²=0.001465 | m2²=0.999502 | eps_w1=1.797368e+00 | eps_w2=5.984565e-03
[step    35900] t/d= 359.000 | task1=2.055278e-01 | task2=6.210272e-03 | F1=1.993888e-01 | m1²=0.001457 | m2²=0.999504 | eps_w1=1.797793e+00 | eps_w2=5.948321e-03
[step    35950] t/d= 359.500 | task1=2.056048e-01 | task2=6.208343e-03 | F1=1.994657e-01 | m1²=0.001441 | m2²=0.999511 | eps_w1=1.798758e+00 | eps_w2=5.859158e-03
[step    36000] t/d= 360.000 | task1=2.056358e-01 | task2=6.207314e-03 | F1=1.994967e-01 | m1²=0.001424 | m2²=0.999514 | eps_w1=1.799175e+00 | eps_w2=5.821639e-03
[step    36050] t/d= 360.500 | task1=2.056663e-01 | task2=6.205174e-03 | F1=1.995273e-01 | m1²=0.001418 | m2²=0.999509 | eps_w1=1.799519e+00 | eps_w2=5.803430e-03
[step    36100] t/d= 361.000 | task1=2.056542e-01 | task2=6.207671e-03 | F1=1.995152e-01 | m1²=0.001409 | m2²=0.999507 | eps_w1=1.799372e+00 | eps_w2=5.820490e-03
[step    36150] t/d= 361.500 | task1=2.056734e-01 | task2=6.206861e-03 | F1=1.995344e-01 | m1²=0.001395 | m2²=0.999515 | eps_w1=1.799639e+00 | eps_w2=5.786042e-03
[step    36200] t/d= 362.000 | task1=2.056997e-01 | task2=6.204713e-03 | F1=1.995606e-01 | m1²=0.001399 | m2²=0.999512 | eps_w1=1.799953e+00 | eps_w2=5.766149e-03
[step    36250] t/d= 362.500 | task1=2.057430e-01 | task2=6.203544e-03 | F1=1.996040e-01 | m1²=0.001390 | m2²=0.999506 | eps_w1=1.800454e+00 | eps_w2=5.738571e-03
[step    36300] t/d= 363.000 | task1=2.058041e-01 | task2=6.203803e-03 | F1=1.996650e-01 | m1²=0.001389 | m2²=0.999499 | eps_w1=1.801311e+00 | eps_w2=5.683466e-03
[step    36350] t/d= 363.500 | task1=2.058579e-01 | task2=6.204440e-03 | F1=1.997188e-01 | m1²=0.001391 | m2²=0.999497 | eps_w1=1.802029e+00 | eps_w2=5.629468e-03
[step    36400] t/d= 364.000 | task1=2.059263e-01 | task2=6.202461e-03 | F1=1.997873e-01 | m1²=0.001396 | m2²=0.999509 | eps_w1=1.802764e+00 | eps_w2=5.548636e-03
[step    36450] t/d= 364.500 | task1=2.059175e-01 | task2=6.203176e-03 | F1=1.997784e-01 | m1²=0.001379 | m2²=0.999513 | eps_w1=1.802758e+00 | eps_w2=5.544913e-03
[step    36500] t/d= 365.000 | task1=2.060024e-01 | task2=6.202248e-03 | F1=1.998634e-01 | m1²=0.001373 | m2²=0.999507 | eps_w1=1.803915e+00 | eps_w2=5.466337e-03
[step    36550] t/d= 365.500 | task1=2.060287e-01 | task2=6.201950e-03 | F1=1.998896e-01 | m1²=0.001376 | m2²=0.999498 | eps_w1=1.804094e+00 | eps_w2=5.469656e-03
[step    36600] t/d= 366.000 | task1=2.060507e-01 | task2=6.202894e-03 | F1=1.999117e-01 | m1²=0.001387 | m2²=0.999492 | eps_w1=1.804312e+00 | eps_w2=5.461592e-03
[step    36650] t/d= 366.500 | task1=2.061171e-01 | task2=6.199990e-03 | F1=1.999781e-01 | m1²=0.001388 | m2²=0.999490 | eps_w1=1.805071e+00 | eps_w2=5.407083e-03
[step    36700] t/d= 367.000 | task1=2.060888e-01 | task2=6.201413e-03 | F1=1.999497e-01 | m1²=0.001391 | m2²=0.999485 | eps_w1=1.804657e+00 | eps_w2=5.447333e-03
[step    36750] t/d= 367.500 | task1=2.061273e-01 | task2=6.199724e-03 | F1=1.999883e-01 | m1²=0.001385 | m2²=0.999488 | eps_w1=1.805233e+00 | eps_w2=5.397902e-03
[step    36800] t/d= 368.000 | task1=2.062119e-01 | task2=6.197220e-03 | F1=2.000728e-01 | m1²=0.001373 | m2²=0.999486 | eps_w1=1.806275e+00 | eps_w2=5.324873e-03
[step    36850] t/d= 368.500 | task1=2.062158e-01 | task2=6.196231e-03 | F1=2.000767e-01 | m1²=0.001360 | m2²=0.999500 | eps_w1=1.806418e+00 | eps_w2=5.290301e-03
[step    36900] t/d= 369.000 | task1=2.063058e-01 | task2=6.194055e-03 | F1=2.001667e-01 | m1²=0.001362 | m2²=0.999512 | eps_w1=1.807637e+00 | eps_w2=5.174849e-03
[step    36950] t/d= 369.500 | task1=2.063399e-01 | task2=6.194568e-03 | F1=2.002008e-01 | m1²=0.001345 | m2²=0.999514 | eps_w1=1.808130e+00 | eps_w2=5.137380e-03
[step    37000] t/d= 370.000 | task1=2.063733e-01 | task2=6.193236e-03 | F1=2.002343e-01 | m1²=0.001352 | m2²=0.999512 | eps_w1=1.808513e+00 | eps_w2=5.110204e-03
[step    37050] t/d= 370.500 | task1=2.064376e-01 | task2=6.191622e-03 | F1=2.002985e-01 | m1²=0.001341 | m2²=0.999513 | eps_w1=1.809418e+00 | eps_w2=5.044410e-03
[step    37100] t/d= 371.000 | task1=2.064122e-01 | task2=6.192280e-03 | F1=2.002731e-01 | m1²=0.001338 | m2²=0.999510 | eps_w1=1.809120e+00 | eps_w2=5.072310e-03
[step    37150] t/d= 371.500 | task1=2.064815e-01 | task2=6.189512e-03 | F1=2.003424e-01 | m1²=0.001333 | m2²=0.999518 | eps_w1=1.809860e+00 | eps_w2=5.003207e-03
[step    37200] t/d= 372.000 | task1=2.064859e-01 | task2=6.188362e-03 | F1=2.003469e-01 | m1²=0.001329 | m2²=0.999523 | eps_w1=1.809990e+00 | eps_w2=4.984837e-03
[step    37250] t/d= 372.500 | task1=2.065156e-01 | task2=6.187051e-03 | F1=2.003765e-01 | m1²=0.001314 | m2²=0.999535 | eps_w1=1.810206e+00 | eps_w2=4.948433e-03
[step    37300] t/d= 373.000 | task1=2.065355e-01 | task2=6.184890e-03 | F1=2.003964e-01 | m1²=0.001293 | m2²=0.999542 | eps_w1=1.810505e+00 | eps_w2=4.916724e-03
[step    37350] t/d= 373.500 | task1=2.065876e-01 | task2=6.185162e-03 | F1=2.004485e-01 | m1²=0.001284 | m2²=0.999540 | eps_w1=1.811132e+00 | eps_w2=4.875608e-03
[step    37400] t/d= 374.000 | task1=2.066562e-01 | task2=6.187050e-03 | F1=2.005172e-01 | m1²=0.001270 | m2²=0.999536 | eps_w1=1.811942e+00 | eps_w2=4.825294e-03
[step    37450] t/d= 374.500 | task1=2.066780e-01 | task2=6.190130e-03 | F1=2.005390e-01 | m1²=0.001258 | m2²=0.999525 | eps_w1=1.812232e+00 | eps_w2=4.827196e-03
[step    37500] t/d= 375.000 | task1=2.066936e-01 | task2=6.188845e-03 | F1=2.005545e-01 | m1²=0.001244 | m2²=0.999529 | eps_w1=1.812482e+00 | eps_w2=4.804604e-03
[step    37550] t/d= 375.500 | task1=2.067116e-01 | task2=6.190317e-03 | F1=2.005725e-01 | m1²=0.001248 | m2²=0.999521 | eps_w1=1.812787e+00 | eps_w2=4.797394e-03
[step    37600] t/d= 376.000 | task1=2.067196e-01 | task2=6.189866e-03 | F1=2.005805e-01 | m1²=0.001233 | m2²=0.999523 | eps_w1=1.812894e+00 | eps_w2=4.787390e-03
[step    37650] t/d= 376.500 | task1=2.067324e-01 | task2=6.189004e-03 | F1=2.005934e-01 | m1²=0.001238 | m2²=0.999528 | eps_w1=1.813043e+00 | eps_w2=4.766876e-03
[step    37700] t/d= 377.000 | task1=2.067821e-01 | task2=6.188277e-03 | F1=2.006431e-01 | m1²=0.001221 | m2²=0.999525 | eps_w1=1.813583e+00 | eps_w2=4.736188e-03
[step    37750] t/d= 377.500 | task1=2.067994e-01 | task2=6.187898e-03 | F1=2.006604e-01 | m1²=0.001220 | m2²=0.999529 | eps_w1=1.813849e+00 | eps_w2=4.709201e-03
[step    37800] t/d= 378.000 | task1=2.067987e-01 | task2=6.186025e-03 | F1=2.006596e-01 | m1²=0.001217 | m2²=0.999524 | eps_w1=1.813961e+00 | eps_w2=4.711052e-03
[step    37850] t/d= 378.500 | task1=2.068243e-01 | task2=6.186921e-03 | F1=2.006852e-01 | m1²=0.001200 | m2²=0.999524 | eps_w1=1.814199e+00 | eps_w2=4.697050e-03
[step    37900] t/d= 379.000 | task1=2.069074e-01 | task2=6.186461e-03 | F1=2.007683e-01 | m1²=0.001195 | m2²=0.999529 | eps_w1=1.815301e+00 | eps_w2=4.611058e-03
[step    37950] t/d= 379.500 | task1=2.069505e-01 | task2=6.186320e-03 | F1=2.008114e-01 | m1²=0.001193 | m2²=0.999533 | eps_w1=1.815790e+00 | eps_w2=4.569464e-03
[step    38000] t/d= 380.000 | task1=2.069945e-01 | task2=6.186310e-03 | F1=2.008554e-01 | m1²=0.001170 | m2²=0.999523 | eps_w1=1.816288e+00 | eps_w2=4.556443e-03
[step    38050] t/d= 380.500 | task1=2.069721e-01 | task2=6.185646e-03 | F1=2.008330e-01 | m1²=0.001164 | m2²=0.999523 | eps_w1=1.816043e+00 | eps_w2=4.573929e-03
[step    38100] t/d= 381.000 | task1=2.069874e-01 | task2=6.186187e-03 | F1=2.008484e-01 | m1²=0.001157 | m2²=0.999524 | eps_w1=1.816245e+00 | eps_w2=4.560155e-03
[step    38150] t/d= 381.500 | task1=2.069797e-01 | task2=6.186957e-03 | F1=2.008407e-01 | m1²=0.001150 | m2²=0.999523 | eps_w1=1.816241e+00 | eps_w2=4.562019e-03
[step    38200] t/d= 382.000 | task1=2.069746e-01 | task2=6.187698e-03 | F1=2.008356e-01 | m1²=0.001145 | m2²=0.999520 | eps_w1=1.816220e+00 | eps_w2=4.570888e-03
[step    38250] t/d= 382.500 | task1=2.069500e-01 | task2=6.188672e-03 | F1=2.008110e-01 | m1²=0.001164 | m2²=0.999517 | eps_w1=1.815997e+00 | eps_w2=4.588686e-03
[step    38300] t/d= 383.000 | task1=2.069898e-01 | task2=6.187765e-03 | F1=2.008507e-01 | m1²=0.001155 | m2²=0.999528 | eps_w1=1.816445e+00 | eps_w2=4.538274e-03
[step    38350] t/d= 383.500 | task1=2.070529e-01 | task2=6.185442e-03 | F1=2.009138e-01 | m1²=0.001155 | m2²=0.999531 | eps_w1=1.817349e+00 | eps_w2=4.471598e-03
[step    38400] t/d= 384.000 | task1=2.070849e-01 | task2=6.186725e-03 | F1=2.009459e-01 | m1²=0.001153 | m2²=0.999532 | eps_w1=1.817796e+00 | eps_w2=4.439434e-03
[step    38450] t/d= 384.500 | task1=2.071095e-01 | task2=6.186880e-03 | F1=2.009704e-01 | m1²=0.001160 | m2²=0.999527 | eps_w1=1.818038e+00 | eps_w2=4.431697e-03
[step    38500] t/d= 385.000 | task1=2.071163e-01 | task2=6.185063e-03 | F1=2.009772e-01 | m1²=0.001164 | m2²=0.999539 | eps_w1=1.818206e+00 | eps_w2=4.396439e-03
[step    38550] t/d= 385.500 | task1=2.071212e-01 | task2=6.186630e-03 | F1=2.009821e-01 | m1²=0.001165 | m2²=0.999533 | eps_w1=1.818280e+00 | eps_w2=4.403505e-03
[step    38600] t/d= 386.000 | task1=2.071494e-01 | task2=6.186347e-03 | F1=2.010104e-01 | m1²=0.001161 | m2²=0.999535 | eps_w1=1.818589e+00 | eps_w2=4.379347e-03
[step    38650] t/d= 386.500 | task1=2.071017e-01 | task2=6.184725e-03 | F1=2.009627e-01 | m1²=0.001158 | m2²=0.999523 | eps_w1=1.817933e+00 | eps_w2=4.446653e-03
[step    38700] t/d= 387.000 | task1=2.070768e-01 | task2=6.186724e-03 | F1=2.009377e-01 | m1²=0.001161 | m2²=0.999510 | eps_w1=1.817534e+00 | eps_w2=4.496279e-03
[step    38750] t/d= 387.500 | task1=2.071025e-01 | task2=6.186917e-03 | F1=2.009634e-01 | m1²=0.001149 | m2²=0.999507 | eps_w1=1.817782e+00 | eps_w2=4.487561e-03
[step    38800] t/d= 388.000 | task1=2.070945e-01 | task2=6.185806e-03 | F1=2.009554e-01 | m1²=0.001147 | m2²=0.999501 | eps_w1=1.817773e+00 | eps_w2=4.498529e-03
[step    38850] t/d= 388.500 | task1=2.071501e-01 | task2=6.185040e-03 | F1=2.010110e-01 | m1²=0.001141 | m2²=0.999499 | eps_w1=1.818399e+00 | eps_w2=4.462384e-03
[step    38900] t/d= 389.000 | task1=2.071891e-01 | task2=6.183630e-03 | F1=2.010501e-01 | m1²=0.001156 | m2²=0.999501 | eps_w1=1.818851e+00 | eps_w2=4.425869e-03
[step    38950] t/d= 389.500 | task1=2.072147e-01 | task2=6.184638e-03 | F1=2.010757e-01 | m1²=0.001154 | m2²=0.999502 | eps_w1=1.819288e+00 | eps_w2=4.394216e-03
[step    39000] t/d= 390.000 | task1=2.072058e-01 | task2=6.184490e-03 | F1=2.010667e-01 | m1²=0.001147 | m2²=0.999499 | eps_w1=1.819269e+00 | eps_w2=4.402006e-03
[step    39050] t/d= 390.500 | task1=2.072518e-01 | task2=6.184627e-03 | F1=2.011127e-01 | m1²=0.001128 | m2²=0.999504 | eps_w1=1.819790e+00 | eps_w2=4.360063e-03
[step    39100] t/d= 391.000 | task1=2.072021e-01 | task2=6.186361e-03 | F1=2.010631e-01 | m1²=0.001143 | m2²=0.999493 | eps_w1=1.819193e+00 | eps_w2=4.418335e-03
[step    39150] t/d= 391.500 | task1=2.071358e-01 | task2=6.186615e-03 | F1=2.009968e-01 | m1²=0.001142 | m2²=0.999499 | eps_w1=1.818415e+00 | eps_w2=4.460510e-03
[step    39200] t/d= 392.000 | task1=2.072078e-01 | task2=6.186644e-03 | F1=2.010688e-01 | m1²=0.001156 | m2²=0.999496 | eps_w1=1.819269e+00 | eps_w2=4.406689e-03
[step    39250] t/d= 392.500 | task1=2.072543e-01 | task2=6.185379e-03 | F1=2.011153e-01 | m1²=0.001157 | m2²=0.999491 | eps_w1=1.819797e+00 | eps_w2=4.381602e-03
[step    39300] t/d= 393.000 | task1=2.072710e-01 | task2=6.186297e-03 | F1=2.011319e-01 | m1²=0.001161 | m2²=0.999490 | eps_w1=1.820007e+00 | eps_w2=4.369108e-03
[step    39350] t/d= 393.500 | task1=2.072865e-01 | task2=6.185351e-03 | F1=2.011474e-01 | m1²=0.001164 | m2²=0.999486 | eps_w1=1.820158e+00 | eps_w2=4.366293e-03
[step    39400] t/d= 394.000 | task1=2.072791e-01 | task2=6.182778e-03 | F1=2.011400e-01 | m1²=0.001157 | m2²=0.999492 | eps_w1=1.820128e+00 | eps_w2=4.357326e-03
[step    39450] t/d= 394.500 | task1=2.073384e-01 | task2=6.181484e-03 | F1=2.011993e-01 | m1²=0.001166 | m2²=0.999499 | eps_w1=1.820842e+00 | eps_w2=4.296122e-03
[step    39500] t/d= 395.000 | task1=2.073389e-01 | task2=6.181918e-03 | F1=2.011998e-01 | m1²=0.001169 | m2²=0.999501 | eps_w1=1.820828e+00 | eps_w2=4.292815e-03
[step    39550] t/d= 395.500 | task1=2.073072e-01 | task2=6.183053e-03 | F1=2.011681e-01 | m1²=0.001168 | m2²=0.999500 | eps_w1=1.820339e+00 | eps_w2=4.326872e-03
[step    39600] t/d= 396.000 | task1=2.072856e-01 | task2=6.182565e-03 | F1=2.011465e-01 | m1²=0.001170 | m2²=0.999507 | eps_w1=1.820033e+00 | eps_w2=4.332945e-03
[step    39650] t/d= 396.500 | task1=2.073227e-01 | task2=6.184692e-03 | F1=2.011837e-01 | m1²=0.001162 | m2²=0.999503 | eps_w1=1.820465e+00 | eps_w2=4.313873e-03
[step    39700] t/d= 397.000 | task1=2.073177e-01 | task2=6.184687e-03 | F1=2.011786e-01 | m1²=0.001159 | m2²=0.999504 | eps_w1=1.820413e+00 | eps_w2=4.315384e-03
[step    39750] t/d= 397.500 | task1=2.072759e-01 | task2=6.183563e-03 | F1=2.011369e-01 | m1²=0.001162 | m2²=0.999507 | eps_w1=1.820085e+00 | eps_w2=4.332003e-03
[step    39800] t/d= 398.000 | task1=2.072863e-01 | task2=6.183048e-03 | F1=2.011472e-01 | m1²=0.001181 | m2²=0.999511 | eps_w1=1.820269e+00 | eps_w2=4.309257e-03
[step    39850] t/d= 398.500 | task1=2.072894e-01 | task2=6.181277e-03 | F1=2.011503e-01 | m1²=0.001201 | m2²=0.999519 | eps_w1=1.820317e+00 | eps_w2=4.288918e-03
[step    39900] t/d= 399.000 | task1=2.073508e-01 | task2=6.179885e-03 | F1=2.012117e-01 | m1²=0.001181 | m2²=0.999523 | eps_w1=1.821025e+00 | eps_w2=4.236468e-03
[step    39950] t/d= 399.500 | task1=2.073622e-01 | task2=6.180698e-03 | F1=2.012231e-01 | m1²=0.001189 | m2²=0.999524 | eps_w1=1.821255e+00 | eps_w2=4.218381e-03
[step    40000] t/d= 400.000 | task1=2.074380e-01 | task2=6.179371e-03 | F1=2.012989e-01 | m1²=0.001176 | m2²=0.999510 | eps_w1=1.822309e+00 | eps_w2=4.177551e-03
[step    40050] t/d= 400.500 | task1=2.074073e-01 | task2=6.180858e-03 | F1=2.012683e-01 | m1²=0.001176 | m2²=0.999516 | eps_w1=1.822029e+00 | eps_w2=4.185212e-03
[step    40100] t/d= 401.000 | task1=2.074155e-01 | task2=6.180813e-03 | F1=2.012765e-01 | m1²=0.001170 | m2²=0.999508 | eps_w1=1.822117e+00 | eps_w2=4.195652e-03
[step    40150] t/d= 401.500 | task1=2.074088e-01 | task2=6.179596e-03 | F1=2.012697e-01 | m1²=0.001156 | m2²=0.999515 | eps_w1=1.822020e+00 | eps_w2=4.190351e-03
[step    40200] t/d= 402.000 | task1=2.074137e-01 | task2=6.181675e-03 | F1=2.012746e-01 | m1²=0.001147 | m2²=0.999510 | eps_w1=1.822167e+00 | eps_w2=4.190918e-03
[step    40250] t/d= 402.500 | task1=2.074431e-01 | task2=6.179535e-03 | F1=2.013040e-01 | m1²=0.001157 | m2²=0.999511 | eps_w1=1.822589e+00 | eps_w2=4.160524e-03
[step    40300] t/d= 403.000 | task1=2.074733e-01 | task2=6.179325e-03 | F1=2.013342e-01 | m1²=0.001154 | m2²=0.999512 | eps_w1=1.822837e+00 | eps_w2=4.142923e-03
[step    40350] t/d= 403.500 | task1=2.074119e-01 | task2=6.180554e-03 | F1=2.012728e-01 | m1²=0.001155 | m2²=0.999512 | eps_w1=1.822102e+00 | eps_w2=4.189364e-03
[step    40400] t/d= 404.000 | task1=2.074180e-01 | task2=6.178530e-03 | F1=2.012789e-01 | m1²=0.001148 | m2²=0.999531 | eps_w1=1.822110e+00 | eps_w2=4.154179e-03
[step    40450] t/d= 404.500 | task1=2.074736e-01 | task2=6.178293e-03 | F1=2.013346e-01 | m1²=0.001134 | m2²=0.999533 | eps_w1=1.822831e+00 | eps_w2=4.104911e-03
[step    40500] t/d= 405.000 | task1=2.074635e-01 | task2=6.176711e-03 | F1=2.013245e-01 | m1²=0.001135 | m2²=0.999538 | eps_w1=1.822921e+00 | eps_w2=4.090753e-03
[step    40550] t/d= 405.500 | task1=2.075211e-01 | task2=6.175445e-03 | F1=2.013821e-01 | m1²=0.001136 | m2²=0.999539 | eps_w1=1.823652e+00 | eps_w2=4.041203e-03
[step    40600] t/d= 406.000 | task1=2.076148e-01 | task2=6.175870e-03 | F1=2.014757e-01 | m1²=0.001134 | m2²=0.999542 | eps_w1=1.824973e+00 | eps_w2=3.952149e-03
[step    40650] t/d= 406.500 | task1=2.076684e-01 | task2=6.174763e-03 | F1=2.015293e-01 | m1²=0.001139 | m2²=0.999551 | eps_w1=1.825657e+00 | eps_w2=3.892449e-03
[step    40700] t/d= 407.000 | task1=2.076540e-01 | task2=6.174380e-03 | F1=2.015149e-01 | m1²=0.001131 | m2²=0.999550 | eps_w1=1.825425e+00 | eps_w2=3.908517e-03
[step    40750] t/d= 407.500 | task1=2.076845e-01 | task2=6.175337e-03 | F1=2.015454e-01 | m1²=0.001137 | m2²=0.999560 | eps_w1=1.825707e+00 | eps_w2=3.871366e-03
[step    40800] t/d= 408.000 | task1=2.076625e-01 | task2=6.174499e-03 | F1=2.015234e-01 | m1²=0.001133 | m2²=0.999572 | eps_w1=1.825419e+00 | eps_w2=3.868067e-03
[step    40850] t/d= 408.500 | task1=2.076433e-01 | task2=6.175326e-03 | F1=2.015042e-01 | m1²=0.001126 | m2²=0.999565 | eps_w1=1.825223e+00 | eps_w2=3.893674e-03
[step    40900] t/d= 409.000 | task1=2.076255e-01 | task2=6.175358e-03 | F1=2.014865e-01 | m1²=0.001124 | m2²=0.999567 | eps_w1=1.825041e+00 | eps_w2=3.901003e-03
[step    40950] t/d= 409.500 | task1=2.076286e-01 | task2=6.175084e-03 | F1=2.014896e-01 | m1²=0.001128 | m2²=0.999577 | eps_w1=1.825128e+00 | eps_w2=3.876731e-03
[step    41000] t/d= 410.000 | task1=2.076315e-01 | task2=6.175317e-03 | F1=2.014924e-01 | m1²=0.001133 | m2²=0.999581 | eps_w1=1.825241e+00 | eps_w2=3.862763e-03
[step    41050] t/d= 410.500 | task1=2.076499e-01 | task2=6.175387e-03 | F1=2.015109e-01 | m1²=0.001126 | m2²=0.999583 | eps_w1=1.825434e+00 | eps_w2=3.846753e-03
[step    41100] t/d= 411.000 | task1=2.077397e-01 | task2=6.173367e-03 | F1=2.016006e-01 | m1²=0.001138 | m2²=0.999576 | eps_w1=1.826741e+00 | eps_w2=3.776834e-03
[step    41150] t/d= 411.500 | task1=2.076904e-01 | task2=6.175872e-03 | F1=2.015513e-01 | m1²=0.001126 | m2²=0.999572 | eps_w1=1.826095e+00 | eps_w2=3.826724e-03
[step    41200] t/d= 412.000 | task1=2.076539e-01 | task2=6.174579e-03 | F1=2.015148e-01 | m1²=0.001123 | m2²=0.999576 | eps_w1=1.825754e+00 | eps_w2=3.841049e-03
[step    41250] t/d= 412.500 | task1=2.076750e-01 | task2=6.174465e-03 | F1=2.015359e-01 | m1²=0.001119 | m2²=0.999571 | eps_w1=1.826055e+00 | eps_w2=3.831117e-03
[step    41300] t/d= 413.000 | task1=2.077054e-01 | task2=6.175081e-03 | F1=2.015664e-01 | m1²=0.001109 | m2²=0.999568 | eps_w1=1.826465e+00 | eps_w2=3.812408e-03
[step    41350] t/d= 413.500 | task1=2.077189e-01 | task2=6.176569e-03 | F1=2.015798e-01 | m1²=0.001100 | m2²=0.999565 | eps_w1=1.826689e+00 | eps_w2=3.805843e-03
[step    41400] t/d= 414.000 | task1=2.077447e-01 | task2=6.176447e-03 | F1=2.016056e-01 | m1²=0.001120 | m2²=0.999556 | eps_w1=1.827040e+00 | eps_w2=3.798043e-03
[step    41450] t/d= 414.500 | task1=2.077477e-01 | task2=6.175113e-03 | F1=2.016086e-01 | m1²=0.001108 | m2²=0.999562 | eps_w1=1.827075e+00 | eps_w2=3.785554e-03
[step    41500] t/d= 415.000 | task1=2.077424e-01 | task2=6.173901e-03 | F1=2.016033e-01 | m1²=0.001112 | m2²=0.999555 | eps_w1=1.827035e+00 | eps_w2=3.801633e-03
[step    41550] t/d= 415.500 | task1=2.078005e-01 | task2=6.173351e-03 | F1=2.016614e-01 | m1²=0.001118 | m2²=0.999554 | eps_w1=1.827834e+00 | eps_w2=3.753163e-03
[step    41600] t/d= 416.000 | task1=2.078290e-01 | task2=6.171381e-03 | F1=2.016900e-01 | m1²=0.001125 | m2²=0.999557 | eps_w1=1.828201e+00 | eps_w2=3.724742e-03
[step    41650] t/d= 416.500 | task1=2.078708e-01 | task2=6.169353e-03 | F1=2.017318e-01 | m1²=0.001128 | m2²=0.999570 | eps_w1=1.828798e+00 | eps_w2=3.664706e-03
[step    41700] t/d= 417.000 | task1=2.078916e-01 | task2=6.168338e-03 | F1=2.017525e-01 | m1²=0.001124 | m2²=0.999565 | eps_w1=1.829049e+00 | eps_w2=3.659065e-03
[step    41750] t/d= 417.500 | task1=2.079406e-01 | task2=6.168250e-03 | F1=2.018015e-01 | m1²=0.001122 | m2²=0.999558 | eps_w1=1.829669e+00 | eps_w2=3.634513e-03
[step    41800] t/d= 418.000 | task1=2.079720e-01 | task2=6.167568e-03 | F1=2.018330e-01 | m1²=0.001128 | m2²=0.999562 | eps_w1=1.830054e+00 | eps_w2=3.603707e-03
[step    41850] t/d= 418.500 | task1=2.079819e-01 | task2=6.168734e-03 | F1=2.018428e-01 | m1²=0.001123 | m2²=0.999563 | eps_w1=1.830271e+00 | eps_w2=3.589497e-03
[step    41900] t/d= 419.000 | task1=2.079969e-01 | task2=6.168591e-03 | F1=2.018578e-01 | m1²=0.001124 | m2²=0.999570 | eps_w1=1.830454e+00 | eps_w2=3.565388e-03
[step    41950] t/d= 419.500 | task1=2.080186e-01 | task2=6.170438e-03 | F1=2.018795e-01 | m1²=0.001113 | m2²=0.999569 | eps_w1=1.830781e+00 | eps_w2=3.549509e-03
[step    42000] t/d= 420.000 | task1=2.080220e-01 | task2=6.168339e-03 | F1=2.018829e-01 | m1²=0.001112 | m2²=0.999576 | eps_w1=1.830784e+00 | eps_w2=3.536424e-03
[step    42050] t/d= 420.500 | task1=2.080292e-01 | task2=6.170179e-03 | F1=2.018901e-01 | m1²=0.001106 | m2²=0.999579 | eps_w1=1.830813e+00 | eps_w2=3.528907e-03
[step    42100] t/d= 421.000 | task1=2.080772e-01 | task2=6.167676e-03 | F1=2.019382e-01 | m1²=0.001111 | m2²=0.999580 | eps_w1=1.831560e+00 | eps_w2=3.481905e-03
[step    42150] t/d= 421.500 | task1=2.080774e-01 | task2=6.170111e-03 | F1=2.019384e-01 | m1²=0.001114 | m2²=0.999586 | eps_w1=1.831517e+00 | eps_w2=3.474240e-03
[step    42200] t/d= 422.000 | task1=2.080958e-01 | task2=6.172855e-03 | F1=2.019567e-01 | m1²=0.001121 | m2²=0.999585 | eps_w1=1.831805e+00 | eps_w2=3.456871e-03
[step    42250] t/d= 422.500 | task1=2.080625e-01 | task2=6.172063e-03 | F1=2.019235e-01 | m1²=0.001120 | m2²=0.999587 | eps_w1=1.831378e+00 | eps_w2=3.478134e-03
[step    42300] t/d= 423.000 | task1=2.080487e-01 | task2=6.173390e-03 | F1=2.019096e-01 | m1²=0.001116 | m2²=0.999587 | eps_w1=1.831201e+00 | eps_w2=3.489435e-03
[step    42350] t/d= 423.500 | task1=2.080391e-01 | task2=6.171249e-03 | F1=2.019000e-01 | m1²=0.001125 | m2²=0.999583 | eps_w1=1.830999e+00 | eps_w2=3.507891e-03
[step    42400] t/d= 424.000 | task1=2.080653e-01 | task2=6.170838e-03 | F1=2.019263e-01 | m1²=0.001133 | m2²=0.999584 | eps_w1=1.831281e+00 | eps_w2=3.489316e-03
[step    42450] t/d= 424.500 | task1=2.080450e-01 | task2=6.168083e-03 | F1=2.019059e-01 | m1²=0.001136 | m2²=0.999588 | eps_w1=1.830918e+00 | eps_w2=3.501741e-03
[step    42500] t/d= 425.000 | task1=2.079886e-01 | task2=6.169836e-03 | F1=2.018495e-01 | m1²=0.001131 | m2²=0.999582 | eps_w1=1.830234e+00 | eps_w2=3.554739e-03
[step    42550] t/d= 425.500 | task1=2.079903e-01 | task2=6.170352e-03 | F1=2.018512e-01 | m1²=0.001134 | m2²=0.999583 | eps_w1=1.830264e+00 | eps_w2=3.550587e-03
[step    42600] t/d= 426.000 | task1=2.080451e-01 | task2=6.169051e-03 | F1=2.019061e-01 | m1²=0.001131 | m2²=0.999591 | eps_w1=1.830849e+00 | eps_w2=3.501598e-03
[step    42650] t/d= 426.500 | task1=2.080467e-01 | task2=6.169191e-03 | F1=2.019077e-01 | m1²=0.001126 | m2²=0.999583 | eps_w1=1.830859e+00 | eps_w2=3.517009e-03
[step    42700] t/d= 427.000 | task1=2.080832e-01 | task2=6.167258e-03 | F1=2.019442e-01 | m1²=0.001138 | m2²=0.999582 | eps_w1=1.831418e+00 | eps_w2=3.483292e-03
[step    42750] t/d= 427.500 | task1=2.080701e-01 | task2=6.168824e-03 | F1=2.019310e-01 | m1²=0.001141 | m2²=0.999580 | eps_w1=1.831134e+00 | eps_w2=3.503918e-03
[step    42800] t/d= 428.000 | task1=2.080772e-01 | task2=6.170072e-03 | F1=2.019382e-01 | m1²=0.001137 | m2²=0.999577 | eps_w1=1.831294e+00 | eps_w2=3.501013e-03
[step    42850] t/d= 428.500 | task1=2.081187e-01 | task2=6.169107e-03 | F1=2.019797e-01 | m1²=0.001146 | m2²=0.999581 | eps_w1=1.831856e+00 | eps_w2=3.460496e-03
[step    42900] t/d= 429.000 | task1=2.081544e-01 | task2=6.167595e-03 | F1=2.020154e-01 | m1²=0.001141 | m2²=0.999579 | eps_w1=1.832337e+00 | eps_w2=3.436114e-03
[step    42950] t/d= 429.500 | task1=2.081464e-01 | task2=6.166102e-03 | F1=2.020074e-01 | m1²=0.001124 | m2²=0.999580 | eps_w1=1.832190e+00 | eps_w2=3.444986e-03
[step    43000] t/d= 430.000 | task1=2.081458e-01 | task2=6.167098e-03 | F1=2.020067e-01 | m1²=0.001120 | m2²=0.999582 | eps_w1=1.832129e+00 | eps_w2=3.444658e-03
[step    43050] t/d= 430.500 | task1=2.081124e-01 | task2=6.166326e-03 | F1=2.019733e-01 | m1²=0.001114 | m2²=0.999583 | eps_w1=1.831743e+00 | eps_w2=3.465324e-03
[step    43100] t/d= 431.000 | task1=2.081586e-01 | task2=6.167233e-03 | F1=2.020195e-01 | m1²=0.001105 | m2²=0.999575 | eps_w1=1.832310e+00 | eps_w2=3.449164e-03
[step    43150] t/d= 431.500 | task1=2.081688e-01 | task2=6.167626e-03 | F1=2.020297e-01 | m1²=0.001119 | m2²=0.999572 | eps_w1=1.832349e+00 | eps_w2=3.450079e-03
[step    43200] t/d= 432.000 | task1=2.081704e-01 | task2=6.168693e-03 | F1=2.020313e-01 | m1²=0.001127 | m2²=0.999565 | eps_w1=1.832271e+00 | eps_w2=3.468359e-03
[step    43250] t/d= 432.500 | task1=2.081152e-01 | task2=6.172354e-03 | F1=2.019761e-01 | m1²=0.001125 | m2²=0.999575 | eps_w1=1.831633e+00 | eps_w2=3.486554e-03
[step    43300] t/d= 433.000 | task1=2.080511e-01 | task2=6.171296e-03 | F1=2.019121e-01 | m1²=0.001130 | m2²=0.999576 | eps_w1=1.830909e+00 | eps_w2=3.525771e-03
[step    43350] t/d= 433.500 | task1=2.080614e-01 | task2=6.171075e-03 | F1=2.019224e-01 | m1²=0.001123 | m2²=0.999584 | eps_w1=1.831006e+00 | eps_w2=3.506893e-03
[step    43400] t/d= 434.000 | task1=2.080312e-01 | task2=6.169608e-03 | F1=2.018921e-01 | m1²=0.001121 | m2²=0.999584 | eps_w1=1.830604e+00 | eps_w2=3.530553e-03
[step    43450] t/d= 434.500 | task1=2.080701e-01 | task2=6.169401e-03 | F1=2.019311e-01 | m1²=0.001126 | m2²=0.999591 | eps_w1=1.831035e+00 | eps_w2=3.491837e-03
[step    43500] t/d= 435.000 | task1=2.080567e-01 | task2=6.170098e-03 | F1=2.019176e-01 | m1²=0.001128 | m2²=0.999594 | eps_w1=1.830848e+00 | eps_w2=3.496959e-03
[step    43550] t/d= 435.500 | task1=2.081369e-01 | task2=6.169763e-03 | F1=2.019978e-01 | m1²=0.001130 | m2²=0.999587 | eps_w1=1.831817e+00 | eps_w2=3.453158e-03
[step    43600] t/d= 436.000 | task1=2.081278e-01 | task2=6.169007e-03 | F1=2.019887e-01 | m1²=0.001140 | m2²=0.999575 | eps_w1=1.831603e+00 | eps_w2=3.487284e-03
[step    43650] t/d= 436.500 | task1=2.081065e-01 | task2=6.168969e-03 | F1=2.019675e-01 | m1²=0.001132 | m2²=0.999579 | eps_w1=1.831516e+00 | eps_w2=3.485450e-03
[step    43700] t/d= 437.000 | task1=2.080665e-01 | task2=6.168702e-03 | F1=2.019275e-01 | m1²=0.001144 | m2²=0.999587 | eps_w1=1.831043e+00 | eps_w2=3.495338e-03
[step    43750] t/d= 437.500 | task1=2.080396e-01 | task2=6.168257e-03 | F1=2.019005e-01 | m1²=0.001150 | m2²=0.999590 | eps_w1=1.830844e+00 | eps_w2=3.502329e-03
[step    43800] t/d= 438.000 | task1=2.080184e-01 | task2=6.166966e-03 | F1=2.018793e-01 | m1²=0.001152 | m2²=0.999587 | eps_w1=1.830742e+00 | eps_w2=3.512724e-03
[step    43850] t/d= 438.500 | task1=2.080271e-01 | task2=6.168060e-03 | F1=2.018881e-01 | m1²=0.001149 | m2²=0.999588 | eps_w1=1.830955e+00 | eps_w2=3.498593e-03
[step    43900] t/d= 439.000 | task1=2.080515e-01 | task2=6.166104e-03 | F1=2.019125e-01 | m1²=0.001145 | m2²=0.999590 | eps_w1=1.831270e+00 | eps_w2=3.476444e-03
[step    43950] t/d= 439.500 | task1=2.079989e-01 | task2=6.168008e-03 | F1=2.018598e-01 | m1²=0.001135 | m2²=0.999593 | eps_w1=1.830559e+00 | eps_w2=3.514565e-03
[step    44000] t/d= 440.000 | task1=2.079908e-01 | task2=6.169497e-03 | F1=2.018518e-01 | m1²=0.001131 | m2²=0.999589 | eps_w1=1.830495e+00 | eps_w2=3.525804e-03
[step    44050] t/d= 440.500 | task1=2.079983e-01 | task2=6.169783e-03 | F1=2.018592e-01 | m1²=0.001135 | m2²=0.999580 | eps_w1=1.830612e+00 | eps_w2=3.536014e-03
[step    44100] t/d= 441.000 | task1=2.079848e-01 | task2=6.171762e-03 | F1=2.018457e-01 | m1²=0.001142 | m2²=0.999571 | eps_w1=1.830437e+00 | eps_w2=3.561537e-03
[step    44150] t/d= 441.500 | task1=2.079832e-01 | task2=6.171850e-03 | F1=2.018442e-01 | m1²=0.001144 | m2²=0.999569 | eps_w1=1.830356e+00 | eps_w2=3.571301e-03
[step    44200] t/d= 442.000 | task1=2.079816e-01 | task2=6.170604e-03 | F1=2.018425e-01 | m1²=0.001136 | m2²=0.999573 | eps_w1=1.830235e+00 | eps_w2=3.571487e-03
[step    44250] t/d= 442.500 | task1=2.079729e-01 | task2=6.169459e-03 | F1=2.018338e-01 | m1²=0.001134 | m2²=0.999573 | eps_w1=1.830203e+00 | eps_w2=3.572922e-03
[step    44300] t/d= 443.000 | task1=2.079862e-01 | task2=6.170058e-03 | F1=2.018471e-01 | m1²=0.001146 | m2²=0.999570 | eps_w1=1.830510e+00 | eps_w2=3.558917e-03
[step    44350] t/d= 443.500 | task1=2.079118e-01 | task2=6.171691e-03 | F1=2.017728e-01 | m1²=0.001153 | m2²=0.999561 | eps_w1=1.829652e+00 | eps_w2=3.626094e-03
[step    44400] t/d= 444.000 | task1=2.079418e-01 | task2=6.172421e-03 | F1=2.018027e-01 | m1²=0.001155 | m2²=0.999558 | eps_w1=1.829997e+00 | eps_w2=3.612145e-03
[step    44450] t/d= 444.500 | task1=2.079973e-01 | task2=6.172221e-03 | F1=2.018582e-01 | m1²=0.001158 | m2²=0.999561 | eps_w1=1.830734e+00 | eps_w2=3.561185e-03
[step    44500] t/d= 445.000 | task1=2.079648e-01 | task2=6.172619e-03 | F1=2.018257e-01 | m1²=0.001154 | m2²=0.999563 | eps_w1=1.830321e+00 | eps_w2=3.583474e-03
[step    44550] t/d= 445.500 | task1=2.079417e-01 | task2=6.171600e-03 | F1=2.018026e-01 | m1²=0.001142 | m2²=0.999567 | eps_w1=1.829936e+00 | eps_w2=3.599380e-03
[step    44600] t/d= 446.000 | task1=2.079213e-01 | task2=6.171379e-03 | F1=2.017822e-01 | m1²=0.001136 | m2²=0.999568 | eps_w1=1.829680e+00 | eps_w2=3.614762e-03
[step    44650] t/d= 446.500 | task1=2.079398e-01 | task2=6.171915e-03 | F1=2.018007e-01 | m1²=0.001128 | m2²=0.999565 | eps_w1=1.829969e+00 | eps_w2=3.603724e-03
[step    44700] t/d= 447.000 | task1=2.080061e-01 | task2=6.173527e-03 | F1=2.018670e-01 | m1²=0.001128 | m2²=0.999571 | eps_w1=1.830892e+00 | eps_w2=3.537833e-03
[step    44750] t/d= 447.500 | task1=2.080255e-01 | task2=6.174113e-03 | F1=2.018865e-01 | m1²=0.001136 | m2²=0.999570 | eps_w1=1.831168e+00 | eps_w2=3.522451e-03
[step    44800] t/d= 448.000 | task1=2.079988e-01 | task2=6.174245e-03 | F1=2.018597e-01 | m1²=0.001144 | m2²=0.999572 | eps_w1=1.830916e+00 | eps_w2=3.532209e-03
[step    44850] t/d= 448.500 | task1=2.079662e-01 | task2=6.175675e-03 | F1=2.018271e-01 | m1²=0.001149 | m2²=0.999571 | eps_w1=1.830428e+00 | eps_w2=3.561334e-03
[step    44900] t/d= 449.000 | task1=2.079710e-01 | task2=6.175481e-03 | F1=2.018319e-01 | m1²=0.001141 | m2²=0.999572 | eps_w1=1.830458e+00 | eps_w2=3.559014e-03
[step    44950] t/d= 449.500 | task1=2.079923e-01 | task2=6.174926e-03 | F1=2.018532e-01 | m1²=0.001137 | m2²=0.999576 | eps_w1=1.830827e+00 | eps_w2=3.530172e-03
[step    45000] t/d= 450.000 | task1=2.079519e-01 | task2=6.176870e-03 | F1=2.018128e-01 | m1²=0.001136 | m2²=0.999582 | eps_w1=1.830314e+00 | eps_w2=3.548708e-03
[step    45050] t/d= 450.500 | task1=2.078918e-01 | task2=6.175845e-03 | F1=2.017527e-01 | m1²=0.001141 | m2²=0.999584 | eps_w1=1.829727e+00 | eps_w2=3.581038e-03
[step    45100] t/d= 451.000 | task1=2.079890e-01 | task2=6.174124e-03 | F1=2.018500e-01 | m1²=0.001140 | m2²=0.999588 | eps_w1=1.830919e+00 | eps_w2=3.501329e-03
[step    45150] t/d= 451.500 | task1=2.079359e-01 | task2=6.175340e-03 | F1=2.017969e-01 | m1²=0.001148 | m2²=0.999590 | eps_w1=1.830277e+00 | eps_w2=3.535281e-03
[step    45200] t/d= 452.000 | task1=2.079271e-01 | task2=6.175169e-03 | F1=2.017880e-01 | m1²=0.001138 | m2²=0.999587 | eps_w1=1.830174e+00 | eps_w2=3.547860e-03
[step    45250] t/d= 452.500 | task1=2.078958e-01 | task2=6.176055e-03 | F1=2.017567e-01 | m1²=0.001139 | m2²=0.999589 | eps_w1=1.829890e+00 | eps_w2=3.561851e-03
[step    45300] t/d= 453.000 | task1=2.079029e-01 | task2=6.175043e-03 | F1=2.017638e-01 | m1²=0.001137 | m2²=0.999593 | eps_w1=1.829879e+00 | eps_w2=3.555324e-03
[step    45350] t/d= 453.500 | task1=2.079346e-01 | task2=6.176687e-03 | F1=2.017955e-01 | m1²=0.001143 | m2²=0.999589 | eps_w1=1.830257e+00 | eps_w2=3.538856e-03
[step    45400] t/d= 454.000 | task1=2.079079e-01 | task2=6.177500e-03 | F1=2.017688e-01 | m1²=0.001152 | m2²=0.999588 | eps_w1=1.829972e+00 | eps_w2=3.556312e-03
[step    45450] t/d= 454.500 | task1=2.078602e-01 | task2=6.177950e-03 | F1=2.017211e-01 | m1²=0.001149 | m2²=0.999588 | eps_w1=1.829480e+00 | eps_w2=3.587488e-03
[step    45500] t/d= 455.000 | task1=2.079148e-01 | task2=6.176867e-03 | F1=2.017757e-01 | m1²=0.001150 | m2²=0.999585 | eps_w1=1.830103e+00 | eps_w2=3.555017e-03
[step    45550] t/d= 455.500 | task1=2.079442e-01 | task2=6.178342e-03 | F1=2.018051e-01 | m1²=0.001150 | m2²=0.999577 | eps_w1=1.830563e+00 | eps_w2=3.541940e-03
[step    45600] t/d= 456.000 | task1=2.079394e-01 | task2=6.178451e-03 | F1=2.018003e-01 | m1²=0.001162 | m2²=0.999568 | eps_w1=1.830499e+00 | eps_w2=3.562642e-03
[step    45650] t/d= 456.500 | task1=2.079389e-01 | task2=6.177751e-03 | F1=2.017998e-01 | m1²=0.001176 | m2²=0.999568 | eps_w1=1.830429e+00 | eps_w2=3.565739e-03
[step    45700] t/d= 457.000 | task1=2.079219e-01 | task2=6.177798e-03 | F1=2.017828e-01 | m1²=0.001177 | m2²=0.999566 | eps_w1=1.830369e+00 | eps_w2=3.573089e-03
[step    45750] t/d= 457.500 | task1=2.079697e-01 | task2=6.178017e-03 | F1=2.018306e-01 | m1²=0.001172 | m2²=0.999563 | eps_w1=1.831100e+00 | eps_w2=3.535660e-03
[step    45800] t/d= 458.000 | task1=2.079655e-01 | task2=6.177258e-03 | F1=2.018264e-01 | m1²=0.001161 | m2²=0.999558 | eps_w1=1.831103e+00 | eps_w2=3.545238e-03
[step    45850] t/d= 458.500 | task1=2.080161e-01 | task2=6.176413e-03 | F1=2.018770e-01 | m1²=0.001155 | m2²=0.999567 | eps_w1=1.831733e+00 | eps_w2=3.492618e-03
[step    45900] t/d= 459.000 | task1=2.080084e-01 | task2=6.177173e-03 | F1=2.018694e-01 | m1²=0.001155 | m2²=0.999564 | eps_w1=1.831533e+00 | eps_w2=3.509590e-03
[step    45950] t/d= 459.500 | task1=2.080083e-01 | task2=6.177789e-03 | F1=2.018692e-01 | m1²=0.001150 | m2²=0.999566 | eps_w1=1.831545e+00 | eps_w2=3.506169e-03
[step    46000] t/d= 460.000 | task1=2.080662e-01 | task2=6.177500e-03 | F1=2.019271e-01 | m1²=0.001156 | m2²=0.999566 | eps_w1=1.832329e+00 | eps_w2=3.459246e-03
[step    46050] t/d= 460.500 | task1=2.080891e-01 | task2=6.176938e-03 | F1=2.019501e-01 | m1²=0.001149 | m2²=0.999572 | eps_w1=1.832528e+00 | eps_w2=3.438350e-03
[step    46100] t/d= 461.000 | task1=2.081212e-01 | task2=6.177847e-03 | F1=2.019822e-01 | m1²=0.001132 | m2²=0.999576 | eps_w1=1.832989e+00 | eps_w2=3.404920e-03
[step    46150] t/d= 461.500 | task1=2.081182e-01 | task2=6.178186e-03 | F1=2.019791e-01 | m1²=0.001139 | m2²=0.999580 | eps_w1=1.833004e+00 | eps_w2=3.396564e-03
[step    46200] t/d= 462.000 | task1=2.080906e-01 | task2=6.177285e-03 | F1=2.019515e-01 | m1²=0.001147 | m2²=0.999575 | eps_w1=1.832583e+00 | eps_w2=3.428431e-03
[step    46250] t/d= 462.500 | task1=2.080928e-01 | task2=6.174744e-03 | F1=2.019537e-01 | m1²=0.001139 | m2²=0.999579 | eps_w1=1.832468e+00 | eps_w2=3.429218e-03
[step    46300] t/d= 463.000 | task1=2.081384e-01 | task2=6.174753e-03 | F1=2.019993e-01 | m1²=0.001116 | m2²=0.999581 | eps_w1=1.832889e+00 | eps_w2=3.403673e-03
[step    46350] t/d= 463.500 | task1=2.081711e-01 | task2=6.175214e-03 | F1=2.020321e-01 | m1²=0.001112 | m2²=0.999591 | eps_w1=1.833327e+00 | eps_w2=3.359898e-03
[step    46400] t/d= 464.000 | task1=2.081831e-01 | task2=6.176252e-03 | F1=2.020440e-01 | m1²=0.001099 | m2²=0.999593 | eps_w1=1.833419e+00 | eps_w2=3.351061e-03
[step    46450] t/d= 464.500 | task1=2.081732e-01 | task2=6.176107e-03 | F1=2.020341e-01 | m1²=0.001110 | m2²=0.999588 | eps_w1=1.833213e+00 | eps_w2=3.371078e-03
[step    46500] t/d= 465.000 | task1=2.082111e-01 | task2=6.175472e-03 | F1=2.020720e-01 | m1²=0.001117 | m2²=0.999588 | eps_w1=1.833635e+00 | eps_w2=3.346921e-03
[step    46550] t/d= 465.500 | task1=2.082584e-01 | task2=6.177450e-03 | F1=2.021193e-01 | m1²=0.001116 | m2²=0.999585 | eps_w1=1.834216e+00 | eps_w2=3.318651e-03
[step    46600] t/d= 466.000 | task1=2.082686e-01 | task2=6.176880e-03 | F1=2.021295e-01 | m1²=0.001118 | m2²=0.999585 | eps_w1=1.834343e+00 | eps_w2=3.312031e-03
[step    46650] t/d= 466.500 | task1=2.082180e-01 | task2=6.178033e-03 | F1=2.020790e-01 | m1²=0.001102 | m2²=0.999579 | eps_w1=1.833824e+00 | eps_w2=3.355415e-03
[step    46700] t/d= 467.000 | task1=2.082228e-01 | task2=6.178062e-03 | F1=2.020837e-01 | m1²=0.001105 | m2²=0.999574 | eps_w1=1.833806e+00 | eps_w2=3.364471e-03
[step    46750] t/d= 467.500 | task1=2.082712e-01 | task2=6.178343e-03 | F1=2.021322e-01 | m1²=0.001102 | m2²=0.999573 | eps_w1=1.834301e+00 | eps_w2=3.338767e-03
[step    46800] t/d= 468.000 | task1=2.082520e-01 | task2=6.177340e-03 | F1=2.021129e-01 | m1²=0.001108 | m2²=0.999578 | eps_w1=1.833942e+00 | eps_w2=3.348903e-03
[step    46850] t/d= 468.500 | task1=2.082486e-01 | task2=6.176191e-03 | F1=2.021095e-01 | m1²=0.001106 | m2²=0.999585 | eps_w1=1.833979e+00 | eps_w2=3.334604e-03
[step    46900] t/d= 469.000 | task1=2.082338e-01 | task2=6.174841e-03 | F1=2.020948e-01 | m1²=0.001110 | m2²=0.999591 | eps_w1=1.833772e+00 | eps_w2=3.334935e-03
[step    46950] t/d= 469.500 | task1=2.082155e-01 | task2=6.175108e-03 | F1=2.020764e-01 | m1²=0.001093 | m2²=0.999596 | eps_w1=1.833472e+00 | eps_w2=3.344174e-03
[step    47000] t/d= 470.000 | task1=2.082003e-01 | task2=6.175382e-03 | F1=2.020612e-01 | m1²=0.001102 | m2²=0.999585 | eps_w1=1.833263e+00 | eps_w2=3.375381e-03
[step    47050] t/d= 470.500 | task1=2.081717e-01 | task2=6.174352e-03 | F1=2.020326e-01 | m1²=0.001100 | m2²=0.999591 | eps_w1=1.832851e+00 | eps_w2=3.387293e-03
[step    47100] t/d= 471.000 | task1=2.082035e-01 | task2=6.174130e-03 | F1=2.020644e-01 | m1²=0.001092 | m2²=0.999591 | eps_w1=1.833279e+00 | eps_w2=3.364052e-03
[step    47150] t/d= 471.500 | task1=2.082174e-01 | task2=6.172586e-03 | F1=2.020783e-01 | m1²=0.001087 | m2²=0.999591 | eps_w1=1.833461e+00 | eps_w2=3.353921e-03
[step    47200] t/d= 472.000 | task1=2.082234e-01 | task2=6.170530e-03 | F1=2.020843e-01 | m1²=0.001088 | m2²=0.999583 | eps_w1=1.833498e+00 | eps_w2=3.366486e-03
[step    47250] t/d= 472.500 | task1=2.082360e-01 | task2=6.170564e-03 | F1=2.020969e-01 | m1²=0.001072 | m2²=0.999575 | eps_w1=1.833708e+00 | eps_w2=3.371699e-03
[step    47300] t/d= 473.000 | task1=2.081872e-01 | task2=6.167675e-03 | F1=2.020481e-01 | m1²=0.001073 | m2²=0.999576 | eps_w1=1.832985e+00 | eps_w2=3.411414e-03
[step    47350] t/d= 473.500 | task1=2.081514e-01 | task2=6.168263e-03 | F1=2.020123e-01 | m1²=0.001073 | m2²=0.999570 | eps_w1=1.832560e+00 | eps_w2=3.447849e-03
[step    47400] t/d= 474.000 | task1=2.081160e-01 | task2=6.167132e-03 | F1=2.019770e-01 | m1²=0.001066 | m2²=0.999585 | eps_w1=1.832106e+00 | eps_w2=3.445853e-03
[step    47450] t/d= 474.500 | task1=2.081757e-01 | task2=6.167725e-03 | F1=2.020366e-01 | m1²=0.001060 | m2²=0.999578 | eps_w1=1.832894e+00 | eps_w2=3.413539e-03
[step    47500] t/d= 475.000 | task1=2.081728e-01 | task2=6.168213e-03 | F1=2.020338e-01 | m1²=0.001073 | m2²=0.999578 | eps_w1=1.832795e+00 | eps_w2=3.418608e-03
[step    47550] t/d= 475.500 | task1=2.082325e-01 | task2=6.170909e-03 | F1=2.020934e-01 | m1²=0.001079 | m2²=0.999579 | eps_w1=1.833559e+00 | eps_w2=3.371739e-03
[step    47600] t/d= 476.000 | task1=2.082247e-01 | task2=6.169887e-03 | F1=2.020857e-01 | m1²=0.001075 | m2²=0.999581 | eps_w1=1.833353e+00 | eps_w2=3.379967e-03
[step    47650] t/d= 476.500 | task1=2.082345e-01 | task2=6.168424e-03 | F1=2.020955e-01 | m1²=0.001069 | m2²=0.999583 | eps_w1=1.833405e+00 | eps_w2=3.374577e-03
[step    47700] t/d= 477.000 | task1=2.082012e-01 | task2=6.167960e-03 | F1=2.020622e-01 | m1²=0.001064 | m2²=0.999578 | eps_w1=1.833008e+00 | eps_w2=3.406936e-03
[step    47750] t/d= 477.500 | task1=2.082481e-01 | task2=6.170652e-03 | F1=2.021090e-01 | m1²=0.001063 | m2²=0.999581 | eps_w1=1.833682e+00 | eps_w2=3.362768e-03
[step    47800] t/d= 478.000 | task1=2.082533e-01 | task2=6.169404e-03 | F1=2.021143e-01 | m1²=0.001066 | m2²=0.999582 | eps_w1=1.833606e+00 | eps_w2=3.364684e-03
[step    47850] t/d= 478.500 | task1=2.082130e-01 | task2=6.170443e-03 | F1=2.020739e-01 | m1²=0.001068 | m2²=0.999578 | eps_w1=1.833104e+00 | eps_w2=3.400757e-03
[step    47900] t/d= 479.000 | task1=2.082219e-01 | task2=6.170091e-03 | F1=2.020829e-01 | m1²=0.001065 | m2²=0.999587 | eps_w1=1.833088e+00 | eps_w2=3.385027e-03
[step    47950] t/d= 479.500 | task1=2.082496e-01 | task2=6.167975e-03 | F1=2.021105e-01 | m1²=0.001065 | m2²=0.999589 | eps_w1=1.833421e+00 | eps_w2=3.363021e-03
[step    48000] t/d= 480.000 | task1=2.082185e-01 | task2=6.169483e-03 | F1=2.020795e-01 | m1²=0.001051 | m2²=0.999594 | eps_w1=1.832849e+00 | eps_w2=3.387707e-03
[step    48050] t/d= 480.500 | task1=2.082011e-01 | task2=6.171915e-03 | F1=2.020620e-01 | m1²=0.001038 | m2²=0.999596 | eps_w1=1.832622e+00 | eps_w2=3.398120e-03
[step    48100] t/d= 481.000 | task1=2.082390e-01 | task2=6.174132e-03 | F1=2.021000e-01 | m1²=0.001047 | m2²=0.999585 | eps_w1=1.833179e+00 | eps_w2=3.385753e-03
[step    48150] t/d= 481.500 | task1=2.082486e-01 | task2=6.173328e-03 | F1=2.021095e-01 | m1²=0.001051 | m2²=0.999584 | eps_w1=1.833399e+00 | eps_w2=3.375380e-03
[step    48200] t/d= 482.000 | task1=2.082350e-01 | task2=6.173076e-03 | F1=2.020960e-01 | m1²=0.001051 | m2²=0.999586 | eps_w1=1.833192e+00 | eps_w2=3.382958e-03
[step    48250] t/d= 482.500 | task1=2.082602e-01 | task2=6.173855e-03 | F1=2.021212e-01 | m1²=0.001055 | m2²=0.999587 | eps_w1=1.833517e+00 | eps_w2=3.361765e-03
[step    48300] t/d= 483.000 | task1=2.082628e-01 | task2=6.174225e-03 | F1=2.021237e-01 | m1²=0.001037 | m2²=0.999587 | eps_w1=1.833457e+00 | eps_w2=3.366689e-03
[step    48350] t/d= 483.500 | task1=2.082659e-01 | task2=6.174690e-03 | F1=2.021268e-01 | m1²=0.001034 | m2²=0.999584 | eps_w1=1.833409e+00 | eps_w2=3.376856e-03
[step    48400] t/d= 484.000 | task1=2.082602e-01 | task2=6.174507e-03 | F1=2.021211e-01 | m1²=0.001036 | m2²=0.999585 | eps_w1=1.833331e+00 | eps_w2=3.379085e-03
[step    48450] t/d= 484.500 | task1=2.083549e-01 | task2=6.178152e-03 | F1=2.022158e-01 | m1²=0.001046 | m2²=0.999580 | eps_w1=1.834611e+00 | eps_w2=3.314477e-03
[step    48500] t/d= 485.000 | task1=2.083511e-01 | task2=6.180065e-03 | F1=2.022121e-01 | m1²=0.001033 | m2²=0.999575 | eps_w1=1.834672e+00 | eps_w2=3.320595e-03
[step    48550] t/d= 485.500 | task1=2.083140e-01 | task2=6.178950e-03 | F1=2.021749e-01 | m1²=0.001026 | m2²=0.999570 | eps_w1=1.834145e+00 | eps_w2=3.361902e-03
[step    48600] t/d= 486.000 | task1=2.083392e-01 | task2=6.179061e-03 | F1=2.022002e-01 | m1²=0.001027 | m2²=0.999571 | eps_w1=1.834484e+00 | eps_w2=3.340640e-03
[step    48650] t/d= 486.500 | task1=2.082887e-01 | task2=6.181975e-03 | F1=2.021496e-01 | m1²=0.001021 | m2²=0.999562 | eps_w1=1.833859e+00 | eps_w2=3.392545e-03
[step    48700] t/d= 487.000 | task1=2.082773e-01 | task2=6.180573e-03 | F1=2.021383e-01 | m1²=0.001017 | m2²=0.999560 | eps_w1=1.833478e+00 | eps_w2=3.418993e-03
[step    48750] t/d= 487.500 | task1=2.083033e-01 | task2=6.180686e-03 | F1=2.021642e-01 | m1²=0.001022 | m2²=0.999561 | eps_w1=1.833777e+00 | eps_w2=3.399376e-03
[step    48800] t/d= 488.000 | task1=2.082890e-01 | task2=6.179361e-03 | F1=2.021500e-01 | m1²=0.001012 | m2²=0.999564 | eps_w1=1.833533e+00 | eps_w2=3.410004e-03
[step    48850] t/d= 488.500 | task1=2.082943e-01 | task2=6.177917e-03 | F1=2.021553e-01 | m1²=0.001009 | m2²=0.999571 | eps_w1=1.833566e+00 | eps_w2=3.393816e-03
[step    48900] t/d= 489.000 | task1=2.083253e-01 | task2=6.179217e-03 | F1=2.021862e-01 | m1²=0.001016 | m2²=0.999572 | eps_w1=1.833965e+00 | eps_w2=3.368240e-03
[step    48950] t/d= 489.500 | task1=2.083514e-01 | task2=6.178957e-03 | F1=2.022123e-01 | m1²=0.001015 | m2²=0.999573 | eps_w1=1.834413e+00 | eps_w2=3.341494e-03
[step    49000] t/d= 490.000 | task1=2.083422e-01 | task2=6.179006e-03 | F1=2.022031e-01 | m1²=0.001009 | m2²=0.999577 | eps_w1=1.834339e+00 | eps_w2=3.339569e-03
[step    49050] t/d= 490.500 | task1=2.083412e-01 | task2=6.178815e-03 | F1=2.022021e-01 | m1²=0.001005 | m2²=0.999574 | eps_w1=1.834262e+00 | eps_w2=3.349857e-03
[step    49100] t/d= 491.000 | task1=2.083790e-01 | task2=6.174727e-03 | F1=2.022399e-01 | m1²=0.001003 | m2²=0.999567 | eps_w1=1.834759e+00 | eps_w2=3.335056e-03
[step    49150] t/d= 491.500 | task1=2.083957e-01 | task2=6.173487e-03 | F1=2.022567e-01 | m1²=0.000999 | m2²=0.999562 | eps_w1=1.834869e+00 | eps_w2=3.337861e-03
[step    49200] t/d= 492.000 | task1=2.084348e-01 | task2=6.171445e-03 | F1=2.022957e-01 | m1²=0.001000 | m2²=0.999569 | eps_w1=1.835174e+00 | eps_w2=3.308231e-03
[step    49250] t/d= 492.500 | task1=2.084084e-01 | task2=6.169637e-03 | F1=2.022693e-01 | m1²=0.000989 | m2²=0.999571 | eps_w1=1.834879e+00 | eps_w2=3.320866e-03
[step    49300] t/d= 493.000 | task1=2.084599e-01 | task2=6.169707e-03 | F1=2.023208e-01 | m1²=0.000988 | m2²=0.999568 | eps_w1=1.835654e+00 | eps_w2=3.284132e-03
[step    49350] t/d= 493.500 | task1=2.084198e-01 | task2=6.169443e-03 | F1=2.022808e-01 | m1²=0.000988 | m2²=0.999571 | eps_w1=1.834995e+00 | eps_w2=3.315514e-03
[step    49400] t/d= 494.000 | task1=2.084215e-01 | task2=6.166812e-03 | F1=2.022824e-01 | m1²=0.000996 | m2²=0.999559 | eps_w1=1.835066e+00 | eps_w2=3.333856e-03
[step    49450] t/d= 494.500 | task1=2.083900e-01 | task2=6.165964e-03 | F1=2.022509e-01 | m1²=0.000995 | m2²=0.999541 | eps_w1=1.834774e+00 | eps_w2=3.383972e-03
[step    49500] t/d= 495.000 | task1=2.084033e-01 | task2=6.165715e-03 | F1=2.022643e-01 | m1²=0.001007 | m2²=0.999540 | eps_w1=1.834945e+00 | eps_w2=3.375129e-03
[step    49550] t/d= 495.500 | task1=2.083916e-01 | task2=6.165596e-03 | F1=2.022525e-01 | m1²=0.001006 | m2²=0.999549 | eps_w1=1.834810e+00 | eps_w2=3.365341e-03
[step    49600] t/d= 496.000 | task1=2.084584e-01 | task2=6.163701e-03 | F1=2.023193e-01 | m1²=0.001021 | m2²=0.999553 | eps_w1=1.835715e+00 | eps_w2=3.305462e-03
[step    49650] t/d= 496.500 | task1=2.085034e-01 | task2=6.163227e-03 | F1=2.023644e-01 | m1²=0.001014 | m2²=0.999552 | eps_w1=1.836260e+00 | eps_w2=3.277537e-03
[step    49700] t/d= 497.000 | task1=2.084396e-01 | task2=6.163965e-03 | F1=2.023006e-01 | m1²=0.001010 | m2²=0.999551 | eps_w1=1.835480e+00 | eps_w2=3.323930e-03
[step    49750] t/d= 497.500 | task1=2.084178e-01 | task2=6.163790e-03 | F1=2.022787e-01 | m1²=0.001001 | m2²=0.999548 | eps_w1=1.835035e+00 | eps_w2=3.355076e-03
[step    49800] t/d= 498.000 | task1=2.083762e-01 | task2=6.164698e-03 | F1=2.022371e-01 | m1²=0.000988 | m2²=0.999556 | eps_w1=1.834477e+00 | eps_w2=3.373992e-03
[step    49850] t/d= 498.500 | task1=2.083604e-01 | task2=6.163874e-03 | F1=2.022214e-01 | m1²=0.000991 | m2²=0.999554 | eps_w1=1.834232e+00 | eps_w2=3.390280e-03
[step    49900] t/d= 499.000 | task1=2.083949e-01 | task2=6.164009e-03 | F1=2.022558e-01 | m1²=0.000997 | m2²=0.999556 | eps_w1=1.834662e+00 | eps_w2=3.361062e-03
[step    49950] t/d= 499.500 | task1=2.082973e-01 | task2=6.165598e-03 | F1=2.021582e-01 | m1²=0.001007 | m2²=0.999564 | eps_w1=1.833544e+00 | eps_w2=3.409166e-03
[step    50000] t/d= 500.000 | task1=2.083037e-01 | task2=6.165199e-03 | F1=2.021646e-01 | m1²=0.001010 | m2²=0.999563 | eps_w1=1.833736e+00 | eps_w2=3.398852e-03
Saved checkpoint: results/quality_pretraining/finetunetask2_d100_T5/prestep_400000_task1step_100000_lr0p01_task1wseed21_task1sgdseed22_task2sgdseed42/checkpoints/step_000050000
[step    50050] t/d= 500.500 | task1=2.083075e-01 | task2=6.165132e-03 | F1=2.021685e-01 | m1²=0.001012 | m2²=0.999563 | eps_w1=1.833688e+00 | eps_w2=3.401328e-03
[step    50100] t/d= 501.000 | task1=2.082961e-01 | task2=6.164349e-03 | F1=2.021571e-01 | m1²=0.001014 | m2²=0.999566 | eps_w1=1.833691e+00 | eps_w2=3.396698e-03
[step    50150] t/d= 501.500 | task1=2.082872e-01 | task2=6.163236e-03 | F1=2.021481e-01 | m1²=0.001003 | m2²=0.999569 | eps_w1=1.833538e+00 | eps_w2=3.401259e-03
[step    50200] t/d= 502.000 | task1=2.083243e-01 | task2=6.162263e-03 | F1=2.021853e-01 | m1²=0.000986 | m2²=0.999576 | eps_w1=1.834039e+00 | eps_w2=3.359552e-03
[step    50250] t/d= 502.500 | task1=2.082972e-01 | task2=6.161402e-03 | F1=2.021582e-01 | m1²=0.000993 | m2²=0.999581 | eps_w1=1.833529e+00 | eps_w2=3.378822e-03
[step    50300] t/d= 503.000 | task1=2.083019e-01 | task2=6.161725e-03 | F1=2.021628e-01 | m1²=0.000992 | m2²=0.999583 | eps_w1=1.833593e+00 | eps_w2=3.371482e-03
[step    50350] t/d= 503.500 | task1=2.083317e-01 | task2=6.163782e-03 | F1=2.021926e-01 | m1²=0.000986 | m2²=0.999582 | eps_w1=1.834120e+00 | eps_w2=3.344420e-03
[step    50400] t/d= 504.000 | task1=2.083044e-01 | task2=6.162552e-03 | F1=2.021653e-01 | m1²=0.000992 | m2²=0.999581 | eps_w1=1.833852e+00 | eps_w2=3.360134e-03
[step    50450] t/d= 504.500 | task1=2.083277e-01 | task2=6.161057e-03 | F1=2.021886e-01 | m1²=0.001001 | m2²=0.999581 | eps_w1=1.834175e+00 | eps_w2=3.341961e-03
[step    50500] t/d= 505.000 | task1=2.083100e-01 | task2=6.159802e-03 | F1=2.021709e-01 | m1²=0.000999 | m2²=0.999585 | eps_w1=1.833994e+00 | eps_w2=3.343592e-03
[step    50550] t/d= 505.500 | task1=2.082813e-01 | task2=6.157488e-03 | F1=2.021422e-01 | m1²=0.001000 | m2²=0.999584 | eps_w1=1.833708e+00 | eps_w2=3.362211e-03
[step    50600] t/d= 506.000 | task1=2.082510e-01 | task2=6.157456e-03 | F1=2.021119e-01 | m1²=0.001010 | m2²=0.999582 | eps_w1=1.833435e+00 | eps_w2=3.380525e-03
[step    50650] t/d= 506.500 | task1=2.083103e-01 | task2=6.158592e-03 | F1=2.021712e-01 | m1²=0.001005 | m2²=0.999578 | eps_w1=1.834280e+00 | eps_w2=3.340560e-03
[step    50700] t/d= 507.000 | task1=2.082717e-01 | task2=6.160437e-03 | F1=2.021327e-01 | m1²=0.001003 | m2²=0.999580 | eps_w1=1.833864e+00 | eps_w2=3.360954e-03
[step    50750] t/d= 507.500 | task1=2.082919e-01 | task2=6.162513e-03 | F1=2.021529e-01 | m1²=0.000991 | m2²=0.999571 | eps_w1=1.834081e+00 | eps_w2=3.366675e-03
[step    50800] t/d= 508.000 | task1=2.082793e-01 | task2=6.163955e-03 | F1=2.021403e-01 | m1²=0.000988 | m2²=0.999569 | eps_w1=1.833862e+00 | eps_w2=3.383242e-03
[step    50850] t/d= 508.500 | task1=2.082722e-01 | task2=6.163957e-03 | F1=2.021332e-01 | m1²=0.000984 | m2²=0.999568 | eps_w1=1.833892e+00 | eps_w2=3.384794e-03
[step    50900] t/d= 509.000 | task1=2.082138e-01 | task2=6.164093e-03 | F1=2.020747e-01 | m1²=0.000964 | m2²=0.999559 | eps_w1=1.833101e+00 | eps_w2=3.448975e-03
[step    50950] t/d= 509.500 | task1=2.081569e-01 | task2=6.164848e-03 | F1=2.020178e-01 | m1²=0.000964 | m2²=0.999564 | eps_w1=1.832506e+00 | eps_w2=3.472693e-03
[step    51000] t/d= 510.000 | task1=2.081210e-01 | task2=6.165045e-03 | F1=2.019819e-01 | m1²=0.000967 | m2²=0.999566 | eps_w1=1.832074e+00 | eps_w2=3.495303e-03
[step    51050] t/d= 510.500 | task1=2.080796e-01 | task2=6.165300e-03 | F1=2.019406e-01 | m1²=0.000965 | m2²=0.999558 | eps_w1=1.831515e+00 | eps_w2=3.541847e-03
[step    51100] t/d= 511.000 | task1=2.080569e-01 | task2=6.165005e-03 | F1=2.019178e-01 | m1²=0.000953 | m2²=0.999548 | eps_w1=1.831370e+00 | eps_w2=3.571809e-03
[step    51150] t/d= 511.500 | task1=2.080778e-01 | task2=6.165360e-03 | F1=2.019387e-01 | m1²=0.000956 | m2²=0.999550 | eps_w1=1.831618e+00 | eps_w2=3.552156e-03
[step    51200] t/d= 512.000 | task1=2.081012e-01 | task2=6.165461e-03 | F1=2.019621e-01 | m1²=0.000962 | m2²=0.999546 | eps_w1=1.831912e+00 | eps_w2=3.542698e-03
[step    51250] t/d= 512.500 | task1=2.081281e-01 | task2=6.165611e-03 | F1=2.019891e-01 | m1²=0.000953 | m2²=0.999546 | eps_w1=1.832106e+00 | eps_w2=3.532330e-03
[step    51300] t/d= 513.000 | task1=2.081705e-01 | task2=6.168056e-03 | F1=2.020314e-01 | m1²=0.000959 | m2²=0.999533 | eps_w1=1.832586e+00 | eps_w2=3.527548e-03
[step    51350] t/d= 513.500 | task1=2.081756e-01 | task2=6.166836e-03 | F1=2.020365e-01 | m1²=0.000971 | m2²=0.999537 | eps_w1=1.832495e+00 | eps_w2=3.523689e-03
[step    51400] t/d= 514.000 | task1=2.081637e-01 | task2=6.167055e-03 | F1=2.020247e-01 | m1²=0.000964 | m2²=0.999543 | eps_w1=1.832087e+00 | eps_w2=3.538610e-03
[step    51450] t/d= 514.500 | task1=2.081410e-01 | task2=6.165825e-03 | F1=2.020020e-01 | m1²=0.000956 | m2²=0.999541 | eps_w1=1.831662e+00 | eps_w2=3.567419e-03
[step    51500] t/d= 515.000 | task1=2.081357e-01 | task2=6.163102e-03 | F1=2.019966e-01 | m1²=0.000969 | m2²=0.999546 | eps_w1=1.831679e+00 | eps_w2=3.554536e-03
[step    51550] t/d= 515.500 | task1=2.080905e-01 | task2=6.162967e-03 | F1=2.019515e-01 | m1²=0.000959 | m2²=0.999549 | eps_w1=1.831159e+00 | eps_w2=3.580474e-03
[step    51600] t/d= 516.000 | task1=2.080670e-01 | task2=6.161493e-03 | F1=2.019279e-01 | m1²=0.000968 | m2²=0.999551 | eps_w1=1.830808e+00 | eps_w2=3.596820e-03
[step    51650] t/d= 516.500 | task1=2.080913e-01 | task2=6.161629e-03 | F1=2.019523e-01 | m1²=0.000964 | m2²=0.999551 | eps_w1=1.831058e+00 | eps_w2=3.583807e-03
[step    51700] t/d= 517.000 | task1=2.081199e-01 | task2=6.163508e-03 | F1=2.019808e-01 | m1²=0.000956 | m2²=0.999555 | eps_w1=1.831473e+00 | eps_w2=3.551383e-03
[step    51750] t/d= 517.500 | task1=2.081355e-01 | task2=6.164213e-03 | F1=2.019964e-01 | m1²=0.000957 | m2²=0.999558 | eps_w1=1.831736e+00 | eps_w2=3.530892e-03
[step    51800] t/d= 518.000 | task1=2.081192e-01 | task2=6.161847e-03 | F1=2.019801e-01 | m1²=0.000959 | m2²=0.999559 | eps_w1=1.831596e+00 | eps_w2=3.535712e-03
[step    51850] t/d= 518.500 | task1=2.080751e-01 | task2=6.162640e-03 | F1=2.019360e-01 | m1²=0.000956 | m2²=0.999567 | eps_w1=1.831056e+00 | eps_w2=3.553741e-03
[step    51900] t/d= 519.000 | task1=2.080136e-01 | task2=6.163214e-03 | F1=2.018745e-01 | m1²=0.000954 | m2²=0.999562 | eps_w1=1.830313e+00 | eps_w2=3.606932e-03
[step    51950] t/d= 519.500 | task1=2.080121e-01 | task2=6.165070e-03 | F1=2.018730e-01 | m1²=0.000961 | m2²=0.999561 | eps_w1=1.830342e+00 | eps_w2=3.606716e-03
[step    52000] t/d= 520.000 | task1=2.079852e-01 | task2=6.166053e-03 | F1=2.018462e-01 | m1²=0.000968 | m2²=0.999563 | eps_w1=1.830084e+00 | eps_w2=3.616711e-03
[step    52050] t/d= 520.500 | task1=2.079878e-01 | task2=6.165815e-03 | F1=2.018487e-01 | m1²=0.000967 | m2²=0.999567 | eps_w1=1.830137e+00 | eps_w2=3.607578e-03
[step    52100] t/d= 521.000 | task1=2.080267e-01 | task2=6.166003e-03 | F1=2.018876e-01 | m1²=0.000974 | m2²=0.999562 | eps_w1=1.830672e+00 | eps_w2=3.584525e-03
[step    52150] t/d= 521.500 | task1=2.080518e-01 | task2=6.165608e-03 | F1=2.019128e-01 | m1²=0.000986 | m2²=0.999559 | eps_w1=1.831019e+00 | eps_w2=3.566809e-03
[step    52200] t/d= 522.000 | task1=2.080406e-01 | task2=6.165843e-03 | F1=2.019016e-01 | m1²=0.000984 | m2²=0.999568 | eps_w1=1.830893e+00 | eps_w2=3.558479e-03
[step    52250] t/d= 522.500 | task1=2.080451e-01 | task2=6.167524e-03 | F1=2.019060e-01 | m1²=0.000982 | m2²=0.999572 | eps_w1=1.830951e+00 | eps_w2=3.548305e-03
[step    52300] t/d= 523.000 | task1=2.080709e-01 | task2=6.167044e-03 | F1=2.019318e-01 | m1²=0.000991 | m2²=0.999578 | eps_w1=1.831234e+00 | eps_w2=3.517890e-03
[step    52350] t/d= 523.500 | task1=2.080119e-01 | task2=6.167460e-03 | F1=2.018729e-01 | m1²=0.000984 | m2²=0.999580 | eps_w1=1.830484e+00 | eps_w2=3.560422e-03
[step    52400] t/d= 524.000 | task1=2.080106e-01 | task2=6.167473e-03 | F1=2.018716e-01 | m1²=0.000993 | m2²=0.999573 | eps_w1=1.830460e+00 | eps_w2=3.574052e-03
[step    52450] t/d= 524.500 | task1=2.079830e-01 | task2=6.169354e-03 | F1=2.018439e-01 | m1²=0.000998 | m2²=0.999571 | eps_w1=1.830046e+00 | eps_w2=3.600607e-03
[step    52500] t/d= 525.000 | task1=2.080443e-01 | task2=6.168498e-03 | F1=2.019053e-01 | m1²=0.001004 | m2²=0.999570 | eps_w1=1.830787e+00 | eps_w2=3.557819e-03
[step    52550] t/d= 525.500 | task1=2.080006e-01 | task2=6.167045e-03 | F1=2.018616e-01 | m1²=0.001021 | m2²=0.999570 | eps_w1=1.830365e+00 | eps_w2=3.582360e-03
[step    52600] t/d= 526.000 | task1=2.080050e-01 | task2=6.165037e-03 | F1=2.018660e-01 | m1²=0.001033 | m2²=0.999582 | eps_w1=1.830458e+00 | eps_w2=3.552667e-03
[step    52650] t/d= 526.500 | task1=2.080210e-01 | task2=6.165578e-03 | F1=2.018819e-01 | m1²=0.001031 | m2²=0.999578 | eps_w1=1.830648e+00 | eps_w2=3.548203e-03
[step    52700] t/d= 527.000 | task1=2.080014e-01 | task2=6.166636e-03 | F1=2.018623e-01 | m1²=0.001019 | m2²=0.999584 | eps_w1=1.830426e+00 | eps_w2=3.552305e-03
[step    52750] t/d= 527.500 | task1=2.080516e-01 | task2=6.166246e-03 | F1=2.019126e-01 | m1²=0.001016 | m2²=0.999582 | eps_w1=1.830936e+00 | eps_w2=3.525619e-03
[step    52800] t/d= 528.000 | task1=2.079989e-01 | task2=6.165202e-03 | F1=2.018598e-01 | m1²=0.001017 | m2²=0.999584 | eps_w1=1.830096e+00 | eps_w2=3.572416e-03
[step    52850] t/d= 528.500 | task1=2.079614e-01 | task2=6.165773e-03 | F1=2.018223e-01 | m1²=0.001031 | m2²=0.999584 | eps_w1=1.829808e+00 | eps_w2=3.586939e-03
[step    52900] t/d= 529.000 | task1=2.080044e-01 | task2=6.166466e-03 | F1=2.018653e-01 | m1²=0.001030 | m2²=0.999586 | eps_w1=1.830383e+00 | eps_w2=3.550328e-03
[step    52950] t/d= 529.500 | task1=2.080518e-01 | task2=6.167034e-03 | F1=2.019127e-01 | m1²=0.001036 | m2²=0.999588 | eps_w1=1.831010e+00 | eps_w2=3.507611e-03
[step    53000] t/d= 530.000 | task1=2.080828e-01 | task2=6.169046e-03 | F1=2.019438e-01 | m1²=0.001030 | m2²=0.999592 | eps_w1=1.831446e+00 | eps_w2=3.475208e-03
[step    53050] t/d= 530.500 | task1=2.080578e-01 | task2=6.168986e-03 | F1=2.019188e-01 | m1²=0.001038 | m2²=0.999598 | eps_w1=1.831175e+00 | eps_w2=3.478916e-03
[step    53100] t/d= 531.000 | task1=2.080459e-01 | task2=6.168364e-03 | F1=2.019069e-01 | m1²=0.001022 | m2²=0.999592 | eps_w1=1.830979e+00 | eps_w2=3.504367e-03
[step    53150] t/d= 531.500 | task1=2.080617e-01 | task2=6.167481e-03 | F1=2.019227e-01 | m1²=0.001017 | m2²=0.999593 | eps_w1=1.831229e+00 | eps_w2=3.488089e-03
[step    53200] t/d= 532.000 | task1=2.080248e-01 | task2=6.164621e-03 | F1=2.018857e-01 | m1²=0.001026 | m2²=0.999597 | eps_w1=1.830740e+00 | eps_w2=3.508774e-03
[step    53250] t/d= 532.500 | task1=2.080149e-01 | task2=6.162199e-03 | F1=2.018759e-01 | m1²=0.001020 | m2²=0.999591 | eps_w1=1.830561e+00 | eps_w2=3.531237e-03
[step    53300] t/d= 533.000 | task1=2.080217e-01 | task2=6.162916e-03 | F1=2.018827e-01 | m1²=0.001000 | m2²=0.999594 | eps_w1=1.830662e+00 | eps_w2=3.520185e-03
[step    53350] t/d= 533.500 | task1=2.080486e-01 | task2=6.163776e-03 | F1=2.019095e-01 | m1²=0.001000 | m2²=0.999588 | eps_w1=1.831117e+00 | eps_w2=3.504710e-03
[step    53400] t/d= 534.000 | task1=2.080548e-01 | task2=6.163353e-03 | F1=2.019157e-01 | m1²=0.001000 | m2²=0.999588 | eps_w1=1.831186e+00 | eps_w2=3.500788e-03
[step    53450] t/d= 534.500 | task1=2.080714e-01 | task2=6.164384e-03 | F1=2.019323e-01 | m1²=0.000989 | m2²=0.999592 | eps_w1=1.831315e+00 | eps_w2=3.488217e-03
[step    53500] t/d= 535.000 | task1=2.080664e-01 | task2=6.165165e-03 | F1=2.019274e-01 | m1²=0.000987 | m2²=0.999596 | eps_w1=1.831230e+00 | eps_w2=3.484204e-03
[step    53550] t/d= 535.500 | task1=2.080625e-01 | task2=6.162494e-03 | F1=2.019234e-01 | m1²=0.000985 | m2²=0.999597 | eps_w1=1.831025e+00 | eps_w2=3.494636e-03
[step    53600] t/d= 536.000 | task1=2.080726e-01 | task2=6.160093e-03 | F1=2.019335e-01 | m1²=0.000984 | m2²=0.999600 | eps_w1=1.831110e+00 | eps_w2=3.485356e-03
[step    53650] t/d= 536.500 | task1=2.080423e-01 | task2=6.162563e-03 | F1=2.019032e-01 | m1²=0.000996 | m2²=0.999581 | eps_w1=1.830812e+00 | eps_w2=3.536871e-03
[step    53700] t/d= 537.000 | task1=2.080557e-01 | task2=6.163476e-03 | F1=2.019167e-01 | m1²=0.001003 | m2²=0.999577 | eps_w1=1.830983e+00 | eps_w2=3.534456e-03
[step    53750] t/d= 537.500 | task1=2.080500e-01 | task2=6.162460e-03 | F1=2.019109e-01 | m1²=0.000997 | m2²=0.999581 | eps_w1=1.830865e+00 | eps_w2=3.534650e-03
[step    53800] t/d= 538.000 | task1=2.079945e-01 | task2=6.163473e-03 | F1=2.018554e-01 | m1²=0.001007 | m2²=0.999585 | eps_w1=1.830208e+00 | eps_w2=3.563346e-03
[step    53850] t/d= 538.500 | task1=2.080377e-01 | task2=6.163299e-03 | F1=2.018986e-01 | m1²=0.000996 | m2²=0.999589 | eps_w1=1.830699e+00 | eps_w2=3.528273e-03
[step    53900] t/d= 539.000 | task1=2.080190e-01 | task2=6.163420e-03 | F1=2.018799e-01 | m1²=0.000997 | m2²=0.999580 | eps_w1=1.830360e+00 | eps_w2=3.566423e-03
[step    53950] t/d= 539.500 | task1=2.080312e-01 | task2=6.162085e-03 | F1=2.018921e-01 | m1²=0.001006 | m2²=0.999581 | eps_w1=1.830640e+00 | eps_w2=3.546004e-03
[step    54000] t/d= 540.000 | task1=2.079825e-01 | task2=6.161437e-03 | F1=2.018434e-01 | m1²=0.001008 | m2²=0.999576 | eps_w1=1.830088e+00 | eps_w2=3.589220e-03
[step    54050] t/d= 540.500 | task1=2.079953e-01 | task2=6.161087e-03 | F1=2.018562e-01 | m1²=0.001010 | m2²=0.999581 | eps_w1=1.830251e+00 | eps_w2=3.568237e-03
[step    54100] t/d= 541.000 | task1=2.079825e-01 | task2=6.160925e-03 | F1=2.018434e-01 | m1²=0.001014 | m2²=0.999588 | eps_w1=1.830037e+00 | eps_w2=3.567834e-03
[step    54150] t/d= 541.500 | task1=2.080370e-01 | task2=6.159135e-03 | F1=2.018979e-01 | m1²=0.001010 | m2²=0.999586 | eps_w1=1.830783e+00 | eps_w2=3.528692e-03
[step    54200] t/d= 542.000 | task1=2.080827e-01 | task2=6.160415e-03 | F1=2.019436e-01 | m1²=0.001005 | m2²=0.999585 | eps_w1=1.831367e+00 | eps_w2=3.495226e-03
[step    54250] t/d= 542.500 | task1=2.080987e-01 | task2=6.159572e-03 | F1=2.019596e-01 | m1²=0.001006 | m2²=0.999593 | eps_w1=1.831507e+00 | eps_w2=3.473032e-03
[step    54300] t/d= 543.000 | task1=2.081292e-01 | task2=6.158015e-03 | F1=2.019901e-01 | m1²=0.001010 | m2²=0.999592 | eps_w1=1.831836e+00 | eps_w2=3.453725e-03
[step    54350] t/d= 543.500 | task1=2.081537e-01 | task2=6.158179e-03 | F1=2.020146e-01 | m1²=0.001008 | m2²=0.999595 | eps_w1=1.832104e+00 | eps_w2=3.432765e-03
[step    54400] t/d= 544.000 | task1=2.081992e-01 | task2=6.157211e-03 | F1=2.020601e-01 | m1²=0.001023 | m2²=0.999603 | eps_w1=1.832678e+00 | eps_w2=3.383312e-03
[step    54450] t/d= 544.500 | task1=2.081685e-01 | task2=6.157336e-03 | F1=2.020295e-01 | m1²=0.001027 | m2²=0.999606 | eps_w1=1.832235e+00 | eps_w2=3.403489e-03
[step    54500] t/d= 545.000 | task1=2.081626e-01 | task2=6.157216e-03 | F1=2.020236e-01 | m1²=0.001031 | m2²=0.999604 | eps_w1=1.832086e+00 | eps_w2=3.415298e-03
[step    54550] t/d= 545.500 | task1=2.081565e-01 | task2=6.159843e-03 | F1=2.020174e-01 | m1²=0.001025 | m2²=0.999603 | eps_w1=1.832087e+00 | eps_w2=3.417567e-03
[step    54600] t/d= 546.000 | task1=2.081659e-01 | task2=6.160515e-03 | F1=2.020269e-01 | m1²=0.001039 | m2²=0.999597 | eps_w1=1.832204e+00 | eps_w2=3.419883e-03
[step    54650] t/d= 546.500 | task1=2.081478e-01 | task2=6.161394e-03 | F1=2.020087e-01 | m1²=0.001037 | m2²=0.999601 | eps_w1=1.832008e+00 | eps_w2=3.424063e-03
[step    54700] t/d= 547.000 | task1=2.081097e-01 | task2=6.161980e-03 | F1=2.019707e-01 | m1²=0.001033 | m2²=0.999598 | eps_w1=1.831454e+00 | eps_w2=3.463130e-03
[step    54750] t/d= 547.500 | task1=2.081383e-01 | task2=6.162533e-03 | F1=2.019993e-01 | m1²=0.001033 | m2²=0.999602 | eps_w1=1.831808e+00 | eps_w2=3.435086e-03
[step    54800] t/d= 548.000 | task1=2.081770e-01 | task2=6.163232e-03 | F1=2.020379e-01 | m1²=0.001037 | m2²=0.999599 | eps_w1=1.832317e+00 | eps_w2=3.410754e-03
[step    54850] t/d= 548.500 | task1=2.081577e-01 | task2=6.162896e-03 | F1=2.020186e-01 | m1²=0.001030 | m2²=0.999598 | eps_w1=1.832078e+00 | eps_w2=3.425979e-03
[step    54900] t/d= 549.000 | task1=2.081210e-01 | task2=6.161740e-03 | F1=2.019819e-01 | m1²=0.001026 | m2²=0.999593 | eps_w1=1.831753e+00 | eps_w2=3.456458e-03
[step    54950] t/d= 549.500 | task1=2.081588e-01 | task2=6.161193e-03 | F1=2.020197e-01 | m1²=0.001023 | m2²=0.999587 | eps_w1=1.832181e+00 | eps_w2=3.441733e-03
[step    55000] t/d= 550.000 | task1=2.081987e-01 | task2=6.161404e-03 | F1=2.020596e-01 | m1²=0.001026 | m2²=0.999589 | eps_w1=1.832772e+00 | eps_w2=3.404603e-03
[step    55050] t/d= 550.500 | task1=2.082067e-01 | task2=6.159498e-03 | F1=2.020676e-01 | m1²=0.001018 | m2²=0.999582 | eps_w1=1.832977e+00 | eps_w2=3.406406e-03
[step    55100] t/d= 551.000 | task1=2.082386e-01 | task2=6.158352e-03 | F1=2.020996e-01 | m1²=0.001020 | m2²=0.999587 | eps_w1=1.833376e+00 | eps_w2=3.373860e-03
[step    55150] t/d= 551.500 | task1=2.082466e-01 | task2=6.156712e-03 | F1=2.021075e-01 | m1²=0.001013 | m2²=0.999595 | eps_w1=1.833363e+00 | eps_w2=3.360883e-03
[step    55200] t/d= 552.000 | task1=2.083215e-01 | task2=6.156671e-03 | F1=2.021824e-01 | m1²=0.001003 | m2²=0.999588 | eps_w1=1.834337e+00 | eps_w2=3.318498e-03
[step    55250] t/d= 552.500 | task1=2.083467e-01 | task2=6.155922e-03 | F1=2.022077e-01 | m1²=0.001009 | m2²=0.999591 | eps_w1=1.834752e+00 | eps_w2=3.288746e-03
[step    55300] t/d= 553.000 | task1=2.084399e-01 | task2=6.155815e-03 | F1=2.023009e-01 | m1²=0.001006 | m2²=0.999588 | eps_w1=1.835833e+00 | eps_w2=3.234394e-03
[step    55350] t/d= 553.500 | task1=2.084530e-01 | task2=6.156543e-03 | F1=2.023140e-01 | m1²=0.001015 | m2²=0.999589 | eps_w1=1.835956e+00 | eps_w2=3.225272e-03
[step    55400] t/d= 554.000 | task1=2.084258e-01 | task2=6.155675e-03 | F1=2.022867e-01 | m1²=0.001010 | m2²=0.999594 | eps_w1=1.835650e+00 | eps_w2=3.232241e-03
[step    55450] t/d= 554.500 | task1=2.084664e-01 | task2=6.157360e-03 | F1=2.023273e-01 | m1²=0.001007 | m2²=0.999593 | eps_w1=1.836247e+00 | eps_w2=3.200598e-03
[step    55500] t/d= 555.000 | task1=2.084318e-01 | task2=6.158836e-03 | F1=2.022927e-01 | m1²=0.001019 | m2²=0.999591 | eps_w1=1.835790e+00 | eps_w2=3.230333e-03
[step    55550] t/d= 555.500 | task1=2.083922e-01 | task2=6.158718e-03 | F1=2.022532e-01 | m1²=0.001016 | m2²=0.999590 | eps_w1=1.835298e+00 | eps_w2=3.259498e-03
[step    55600] t/d= 556.000 | task1=2.083779e-01 | task2=6.159231e-03 | F1=2.022388e-01 | m1²=0.001011 | m2²=0.999589 | eps_w1=1.835097e+00 | eps_w2=3.272437e-03
[step    55650] t/d= 556.500 | task1=2.083581e-01 | task2=6.157885e-03 | F1=2.022190e-01 | m1²=0.001014 | m2²=0.999594 | eps_w1=1.834743e+00 | eps_w2=3.283774e-03
[step    55700] t/d= 557.000 | task1=2.083449e-01 | task2=6.159101e-03 | F1=2.022058e-01 | m1²=0.001002 | m2²=0.999599 | eps_w1=1.834555e+00 | eps_w2=3.284875e-03
[step    55750] t/d= 557.500 | task1=2.083264e-01 | task2=6.158449e-03 | F1=2.021873e-01 | m1²=0.000989 | m2²=0.999600 | eps_w1=1.834325e+00 | eps_w2=3.298896e-03
[step    55800] t/d= 558.000 | task1=2.083753e-01 | task2=6.159630e-03 | F1=2.022363e-01 | m1²=0.001012 | m2²=0.999596 | eps_w1=1.834993e+00 | eps_w2=3.266041e-03
[step    55850] t/d= 558.500 | task1=2.083157e-01 | task2=6.160600e-03 | F1=2.021766e-01 | m1²=0.001006 | m2²=0.999603 | eps_w1=1.834116e+00 | eps_w2=3.303198e-03
[step    55900] t/d= 559.000 | task1=2.083142e-01 | task2=6.160805e-03 | F1=2.021751e-01 | m1²=0.001002 | m2²=0.999606 | eps_w1=1.834007e+00 | eps_w2=3.303859e-03
[step    55950] t/d= 559.500 | task1=2.083044e-01 | task2=6.158368e-03 | F1=2.021653e-01 | m1²=0.001006 | m2²=0.999609 | eps_w1=1.833942e+00 | eps_w2=3.300898e-03
[step    56000] t/d= 560.000 | task1=2.082688e-01 | task2=6.158702e-03 | F1=2.021297e-01 | m1²=0.000991 | m2²=0.999603 | eps_w1=1.833419e+00 | eps_w2=3.344724e-03
[step    56050] t/d= 560.500 | task1=2.082829e-01 | task2=6.158809e-03 | F1=2.021438e-01 | m1²=0.000986 | m2²=0.999597 | eps_w1=1.833519e+00 | eps_w2=3.349858e-03
[step    56100] t/d= 561.000 | task1=2.082946e-01 | task2=6.158918e-03 | F1=2.021555e-01 | m1²=0.000983 | m2²=0.999600 | eps_w1=1.833571e+00 | eps_w2=3.341795e-03
[step    56150] t/d= 561.500 | task1=2.082530e-01 | task2=6.159575e-03 | F1=2.021139e-01 | m1²=0.000983 | m2²=0.999595 | eps_w1=1.833022e+00 | eps_w2=3.383481e-03
[step    56200] t/d= 562.000 | task1=2.082282e-01 | task2=6.160358e-03 | F1=2.020892e-01 | m1²=0.000979 | m2²=0.999590 | eps_w1=1.832691e+00 | eps_w2=3.411709e-03
[step    56250] t/d= 562.500 | task1=2.082692e-01 | task2=6.159317e-03 | F1=2.021301e-01 | m1²=0.000990 | m2²=0.999597 | eps_w1=1.833124e+00 | eps_w2=3.372782e-03
[step    56300] t/d= 563.000 | task1=2.082965e-01 | task2=6.161298e-03 | F1=2.021575e-01 | m1²=0.000989 | m2²=0.999597 | eps_w1=1.833464e+00 | eps_w2=3.352177e-03
[step    56350] t/d= 563.500 | task1=2.082850e-01 | task2=6.163646e-03 | F1=2.021459e-01 | m1²=0.000986 | m2²=0.999593 | eps_w1=1.833213e+00 | eps_w2=3.375199e-03
[step    56400] t/d= 564.000 | task1=2.082844e-01 | task2=6.162538e-03 | F1=2.021454e-01 | m1²=0.000992 | m2²=0.999598 | eps_w1=1.833121e+00 | eps_w2=3.369830e-03
[step    56450] t/d= 564.500 | task1=2.083081e-01 | task2=6.161943e-03 | F1=2.021690e-01 | m1²=0.000979 | m2²=0.999597 | eps_w1=1.833426e+00 | eps_w2=3.355473e-03
[step    56500] t/d= 565.000 | task1=2.082989e-01 | task2=6.164412e-03 | F1=2.021599e-01 | m1²=0.000976 | m2²=0.999596 | eps_w1=1.833378e+00 | eps_w2=3.361750e-03
[step    56550] t/d= 565.500 | task1=2.082452e-01 | task2=6.164541e-03 | F1=2.021062e-01 | m1²=0.000962 | m2²=0.999602 | eps_w1=1.832657e+00 | eps_w2=3.392780e-03
[step    56600] t/d= 566.000 | task1=2.082257e-01 | task2=6.162675e-03 | F1=2.020867e-01 | m1²=0.000972 | m2²=0.999596 | eps_w1=1.832529e+00 | eps_w2=3.411372e-03
[step    56650] t/d= 566.500 | task1=2.082523e-01 | task2=6.162230e-03 | F1=2.021132e-01 | m1²=0.000979 | m2²=0.999598 | eps_w1=1.832862e+00 | eps_w2=3.386430e-03
[step    56700] t/d= 567.000 | task1=2.082616e-01 | task2=6.163366e-03 | F1=2.021225e-01 | m1²=0.000969 | m2²=0.999606 | eps_w1=1.832938e+00 | eps_w2=3.368985e-03
[step    56750] t/d= 567.500 | task1=2.082912e-01 | task2=6.164935e-03 | F1=2.021521e-01 | m1²=0.000972 | m2²=0.999600 | eps_w1=1.833301e+00 | eps_w2=3.358291e-03
[step    56800] t/d= 568.000 | task1=2.083126e-01 | task2=6.165425e-03 | F1=2.021736e-01 | m1²=0.000974 | m2²=0.999604 | eps_w1=1.833625e+00 | eps_w2=3.331931e-03
[step    56850] t/d= 568.500 | task1=2.083050e-01 | task2=6.166002e-03 | F1=2.021659e-01 | m1²=0.000973 | m2²=0.999602 | eps_w1=1.833476e+00 | eps_w2=3.343791e-03
[step    56900] t/d= 569.000 | task1=2.083305e-01 | task2=6.164291e-03 | F1=2.021915e-01 | m1²=0.000981 | m2²=0.999604 | eps_w1=1.833784e+00 | eps_w2=3.321215e-03
[step    56950] t/d= 569.500 | task1=2.083545e-01 | task2=6.164299e-03 | F1=2.022155e-01 | m1²=0.000984 | m2²=0.999607 | eps_w1=1.834057e+00 | eps_w2=3.301154e-03
[step    57000] t/d= 570.000 | task1=2.083728e-01 | task2=6.164137e-03 | F1=2.022337e-01 | m1²=0.000976 | m2²=0.999614 | eps_w1=1.834290e+00 | eps_w2=3.275653e-03
[step    57050] t/d= 570.500 | task1=2.083691e-01 | task2=6.167576e-03 | F1=2.022301e-01 | m1²=0.000977 | m2²=0.999601 | eps_w1=1.834478e+00 | eps_w2=3.288986e-03
[step    57100] t/d= 571.000 | task1=2.083840e-01 | task2=6.168191e-03 | F1=2.022450e-01 | m1²=0.000980 | m2²=0.999593 | eps_w1=1.834831e+00 | eps_w2=3.282825e-03
[step    57150] t/d= 571.500 | task1=2.083896e-01 | task2=6.167872e-03 | F1=2.022505e-01 | m1²=0.000978 | m2²=0.999591 | eps_w1=1.835007e+00 | eps_w2=3.277956e-03
[step    57200] t/d= 572.000 | task1=2.083749e-01 | task2=6.168125e-03 | F1=2.022358e-01 | m1²=0.000984 | m2²=0.999594 | eps_w1=1.834922e+00 | eps_w2=3.275226e-03
[step    57250] t/d= 572.500 | task1=2.083170e-01 | task2=6.168273e-03 | F1=2.021779e-01 | m1²=0.000988 | m2²=0.999596 | eps_w1=1.834166e+00 | eps_w2=3.314631e-03
[step    57300] t/d= 573.000 | task1=2.083347e-01 | task2=6.168771e-03 | F1=2.021957e-01 | m1²=0.000990 | m2²=0.999595 | eps_w1=1.834421e+00 | eps_w2=3.301735e-03
[step    57350] t/d= 573.500 | task1=2.083492e-01 | task2=6.168757e-03 | F1=2.022102e-01 | m1²=0.001007 | m2²=0.999604 | eps_w1=1.834551e+00 | eps_w2=3.275901e-03
[step    57400] t/d= 574.000 | task1=2.083444e-01 | task2=6.169474e-03 | F1=2.022053e-01 | m1²=0.001004 | m2²=0.999607 | eps_w1=1.834366e+00 | eps_w2=3.280190e-03
[step    57450] t/d= 574.500 | task1=2.083572e-01 | task2=6.171032e-03 | F1=2.022181e-01 | m1²=0.001008 | m2²=0.999611 | eps_w1=1.834412e+00 | eps_w2=3.269711e-03
[step    57500] t/d= 575.000 | task1=2.083579e-01 | task2=6.168905e-03 | F1=2.022188e-01 | m1²=0.000991 | m2²=0.999615 | eps_w1=1.834359e+00 | eps_w2=3.267587e-03
[step    57550] t/d= 575.500 | task1=2.082968e-01 | task2=6.169499e-03 | F1=2.021578e-01 | m1²=0.000992 | m2²=0.999620 | eps_w1=1.833667e+00 | eps_w2=3.296483e-03
[step    57600] t/d= 576.000 | task1=2.083092e-01 | task2=6.168403e-03 | F1=2.021701e-01 | m1²=0.000979 | m2²=0.999609 | eps_w1=1.833838e+00 | eps_w2=3.309137e-03
[step    57650] t/d= 576.500 | task1=2.083280e-01 | task2=6.167161e-03 | F1=2.021889e-01 | m1²=0.000981 | m2²=0.999620 | eps_w1=1.834116e+00 | eps_w2=3.272901e-03
[step    57700] t/d= 577.000 | task1=2.083393e-01 | task2=6.166526e-03 | F1=2.022003e-01 | m1²=0.000988 | m2²=0.999621 | eps_w1=1.834183e+00 | eps_w2=3.265970e-03
[step    57750] t/d= 577.500 | task1=2.083561e-01 | task2=6.166772e-03 | F1=2.022170e-01 | m1²=0.000995 | m2²=0.999621 | eps_w1=1.834417e+00 | eps_w2=3.251452e-03
[step    57800] t/d= 578.000 | task1=2.082998e-01 | task2=6.167967e-03 | F1=2.021608e-01 | m1²=0.001002 | m2²=0.999617 | eps_w1=1.833574e+00 | eps_w2=3.307730e-03
[step    57850] t/d= 578.500 | task1=2.082930e-01 | task2=6.168117e-03 | F1=2.021539e-01 | m1²=0.001018 | m2²=0.999626 | eps_w1=1.833521e+00 | eps_w2=3.290919e-03
[step    57900] t/d= 579.000 | task1=2.082723e-01 | task2=6.168639e-03 | F1=2.021332e-01 | m1²=0.001022 | m2²=0.999624 | eps_w1=1.833183e+00 | eps_w2=3.314759e-03
[step    57950] t/d= 579.500 | task1=2.083074e-01 | task2=6.168638e-03 | F1=2.021683e-01 | m1²=0.001030 | m2²=0.999627 | eps_w1=1.833621e+00 | eps_w2=3.282394e-03
[step    58000] t/d= 580.000 | task1=2.083041e-01 | task2=6.166564e-03 | F1=2.021650e-01 | m1²=0.001037 | m2²=0.999634 | eps_w1=1.833647e+00 | eps_w2=3.267638e-03
[step    58050] t/d= 580.500 | task1=2.083330e-01 | task2=6.165168e-03 | F1=2.021940e-01 | m1²=0.001036 | m2²=0.999631 | eps_w1=1.834036e+00 | eps_w2=3.249989e-03
[step    58100] t/d= 581.000 | task1=2.083421e-01 | task2=6.164859e-03 | F1=2.022031e-01 | m1²=0.001031 | m2²=0.999626 | eps_w1=1.834148e+00 | eps_w2=3.255081e-03
[step    58150] t/d= 581.500 | task1=2.083359e-01 | task2=6.165862e-03 | F1=2.021969e-01 | m1²=0.001028 | m2²=0.999627 | eps_w1=1.834014e+00 | eps_w2=3.260853e-03
[step    58200] t/d= 582.000 | task1=2.083651e-01 | task2=6.166509e-03 | F1=2.022261e-01 | m1²=0.001016 | m2²=0.999627 | eps_w1=1.834399e+00 | eps_w2=3.239832e-03
[step    58250] t/d= 582.500 | task1=2.083971e-01 | task2=6.167788e-03 | F1=2.022581e-01 | m1²=0.001023 | m2²=0.999631 | eps_w1=1.834795e+00 | eps_w2=3.209193e-03
[step    58300] t/d= 583.000 | task1=2.083676e-01 | task2=6.167510e-03 | F1=2.022286e-01 | m1²=0.001028 | m2²=0.999635 | eps_w1=1.834400e+00 | eps_w2=3.223933e-03
[step    58350] t/d= 583.500 | task1=2.083085e-01 | task2=6.168173e-03 | F1=2.021694e-01 | m1²=0.001043 | m2²=0.999635 | eps_w1=1.833546e+00 | eps_w2=3.269547e-03
[step    58400] t/d= 584.000 | task1=2.082883e-01 | task2=6.167334e-03 | F1=2.021493e-01 | m1²=0.001045 | m2²=0.999636 | eps_w1=1.833214e+00 | eps_w2=3.286588e-03
[step    58450] t/d= 584.500 | task1=2.083037e-01 | task2=6.167893e-03 | F1=2.021646e-01 | m1²=0.001041 | m2²=0.999636 | eps_w1=1.833368e+00 | eps_w2=3.278515e-03
[step    58500] t/d= 585.000 | task1=2.083157e-01 | task2=6.167746e-03 | F1=2.021767e-01 | m1²=0.001049 | m2²=0.999641 | eps_w1=1.833449e+00 | eps_w2=3.264577e-03
[step    58550] t/d= 585.500 | task1=2.083124e-01 | task2=6.168549e-03 | F1=2.021734e-01 | m1²=0.001044 | m2²=0.999645 | eps_w1=1.833326e+00 | eps_w2=3.264099e-03
[step    58600] t/d= 586.000 | task1=2.083129e-01 | task2=6.167859e-03 | F1=2.021738e-01 | m1²=0.001045 | m2²=0.999644 | eps_w1=1.833312e+00 | eps_w2=3.266431e-03
[step    58650] t/d= 586.500 | task1=2.083371e-01 | task2=6.168084e-03 | F1=2.021981e-01 | m1²=0.001048 | m2²=0.999642 | eps_w1=1.833517e+00 | eps_w2=3.257886e-03
[step    58700] t/d= 587.000 | task1=2.083190e-01 | task2=6.168699e-03 | F1=2.021800e-01 | m1²=0.001053 | m2²=0.999638 | eps_w1=1.833268e+00 | eps_w2=3.278920e-03
[step    58750] t/d= 587.500 | task1=2.083632e-01 | task2=6.166265e-03 | F1=2.022242e-01 | m1²=0.001048 | m2²=0.999643 | eps_w1=1.833896e+00 | eps_w2=3.234030e-03
[step    58800] t/d= 588.000 | task1=2.084219e-01 | task2=6.160991e-03 | F1=2.022829e-01 | m1²=0.001048 | m2²=0.999647 | eps_w1=1.834643e+00 | eps_w2=3.183734e-03
[step    58850] t/d= 588.500 | task1=2.084653e-01 | task2=6.161000e-03 | F1=2.023262e-01 | m1²=0.001053 | m2²=0.999639 | eps_w1=1.835135e+00 | eps_w2=3.170819e-03
[step    58900] t/d= 589.000 | task1=2.085018e-01 | task2=6.162957e-03 | F1=2.023627e-01 | m1²=0.001047 | m2²=0.999633 | eps_w1=1.835467e+00 | eps_w2=3.164351e-03
[step    58950] t/d= 589.500 | task1=2.085182e-01 | task2=6.162336e-03 | F1=2.023792e-01 | m1²=0.001037 | m2²=0.999635 | eps_w1=1.835694e+00 | eps_w2=3.149748e-03
[step    59000] t/d= 590.000 | task1=2.084832e-01 | task2=6.163721e-03 | F1=2.023441e-01 | m1²=0.001025 | m2²=0.999635 | eps_w1=1.835252e+00 | eps_w2=3.175602e-03
[step    59050] t/d= 590.500 | task1=2.084896e-01 | task2=6.165358e-03 | F1=2.023505e-01 | m1²=0.001029 | m2²=0.999632 | eps_w1=1.835410e+00 | eps_w2=3.172049e-03
[step    59100] t/d= 591.000 | task1=2.084993e-01 | task2=6.163644e-03 | F1=2.023602e-01 | m1²=0.001038 | m2²=0.999636 | eps_w1=1.835578e+00 | eps_w2=3.154441e-03
[step    59150] t/d= 591.500 | task1=2.084849e-01 | task2=6.164794e-03 | F1=2.023459e-01 | m1²=0.001025 | m2²=0.999638 | eps_w1=1.835344e+00 | eps_w2=3.164224e-03
[step    59200] t/d= 592.000 | task1=2.085032e-01 | task2=6.162492e-03 | F1=2.023642e-01 | m1²=0.001028 | m2²=0.999649 | eps_w1=1.835532e+00 | eps_w2=3.133276e-03
[step    59250] t/d= 592.500 | task1=2.084735e-01 | task2=6.161284e-03 | F1=2.023345e-01 | m1²=0.001029 | m2²=0.999650 | eps_w1=1.835130e+00 | eps_w2=3.153723e-03
[step    59300] t/d= 593.000 | task1=2.084891e-01 | task2=6.161689e-03 | F1=2.023500e-01 | m1²=0.001029 | m2²=0.999648 | eps_w1=1.835341e+00 | eps_w2=3.145850e-03
[step    59350] t/d= 593.500 | task1=2.085544e-01 | task2=6.164413e-03 | F1=2.024154e-01 | m1²=0.001027 | m2²=0.999654 | eps_w1=1.836067e+00 | eps_w2=3.094175e-03
[step    59400] t/d= 594.000 | task1=2.085891e-01 | task2=6.164819e-03 | F1=2.024500e-01 | m1²=0.001025 | m2²=0.999642 | eps_w1=1.836455e+00 | eps_w2=3.094686e-03
[step    59450] t/d= 594.500 | task1=2.086142e-01 | task2=6.163687e-03 | F1=2.024751e-01 | m1²=0.001017 | m2²=0.999644 | eps_w1=1.836909e+00 | eps_w2=3.066636e-03
[step    59500] t/d= 595.000 | task1=2.086413e-01 | task2=6.163565e-03 | F1=2.025022e-01 | m1²=0.001012 | m2²=0.999645 | eps_w1=1.837334e+00 | eps_w2=3.041767e-03
[step    59550] t/d= 595.500 | task1=2.086252e-01 | task2=6.167333e-03 | F1=2.024861e-01 | m1²=0.000996 | m2²=0.999643 | eps_w1=1.837082e+00 | eps_w2=3.061919e-03
[step    59600] t/d= 596.000 | task1=2.086061e-01 | task2=6.166951e-03 | F1=2.024670e-01 | m1²=0.000992 | m2²=0.999642 | eps_w1=1.836748e+00 | eps_w2=3.081527e-03
[step    59650] t/d= 596.500 | task1=2.086256e-01 | task2=6.166103e-03 | F1=2.024866e-01 | m1²=0.000990 | m2²=0.999639 | eps_w1=1.836919e+00 | eps_w2=3.079371e-03
[step    59700] t/d= 597.000 | task1=2.086051e-01 | task2=6.169213e-03 | F1=2.024661e-01 | m1²=0.000988 | m2²=0.999639 | eps_w1=1.836714e+00 | eps_w2=3.090448e-03
[step    59750] t/d= 597.500 | task1=2.086420e-01 | task2=6.170906e-03 | F1=2.025029e-01 | m1²=0.000983 | m2²=0.999632 | eps_w1=1.837165e+00 | eps_w2=3.078239e-03
[step    59800] t/d= 598.000 | task1=2.086232e-01 | task2=6.169941e-03 | F1=2.024841e-01 | m1²=0.000989 | m2²=0.999634 | eps_w1=1.837073e+00 | eps_w2=3.078999e-03
[step    59850] t/d= 598.500 | task1=2.085699e-01 | task2=6.168959e-03 | F1=2.024308e-01 | m1²=0.000981 | m2²=0.999637 | eps_w1=1.836565e+00 | eps_w2=3.102657e-03
[step    59900] t/d= 599.000 | task1=2.085333e-01 | task2=6.167663e-03 | F1=2.023942e-01 | m1²=0.000987 | m2²=0.999629 | eps_w1=1.836175e+00 | eps_w2=3.139814e-03
[step    59950] t/d= 599.500 | task1=2.085840e-01 | task2=6.170188e-03 | F1=2.024449e-01 | m1²=0.000997 | m2²=0.999621 | eps_w1=1.836756e+00 | eps_w2=3.120315e-03
[step    60000] t/d= 600.000 | task1=2.085859e-01 | task2=6.170646e-03 | F1=2.024468e-01 | m1²=0.000995 | m2²=0.999630 | eps_w1=1.836797e+00 | eps_w2=3.101205e-03
[step    60050] t/d= 600.500 | task1=2.086116e-01 | task2=6.171365e-03 | F1=2.024726e-01 | m1²=0.000993 | m2²=0.999624 | eps_w1=1.837049e+00 | eps_w2=3.100502e-03
[step    60100] t/d= 601.000 | task1=2.086123e-01 | task2=6.172907e-03 | F1=2.024733e-01 | m1²=0.001000 | m2²=0.999623 | eps_w1=1.837064e+00 | eps_w2=3.100953e-03
[step    60150] t/d= 601.500 | task1=2.086808e-01 | task2=6.171456e-03 | F1=2.025418e-01 | m1²=0.000996 | m2²=0.999627 | eps_w1=1.837930e+00 | eps_w2=3.046355e-03
[step    60200] t/d= 602.000 | task1=2.086768e-01 | task2=6.169783e-03 | F1=2.025378e-01 | m1²=0.001002 | m2²=0.999629 | eps_w1=1.837801e+00 | eps_w2=3.048425e-03
[step    60250] t/d= 602.500 | task1=2.086373e-01 | task2=6.169413e-03 | F1=2.024982e-01 | m1²=0.000998 | m2²=0.999627 | eps_w1=1.837269e+00 | eps_w2=3.081328e-03
[step    60300] t/d= 603.000 | task1=2.086314e-01 | task2=6.169244e-03 | F1=2.024923e-01 | m1²=0.000989 | m2²=0.999630 | eps_w1=1.837353e+00 | eps_w2=3.071724e-03
[step    60350] t/d= 603.500 | task1=2.086201e-01 | task2=6.171051e-03 | F1=2.024811e-01 | m1²=0.001000 | m2²=0.999628 | eps_w1=1.837163e+00 | eps_w2=3.084943e-03
[step    60400] t/d= 604.000 | task1=2.086751e-01 | task2=6.169917e-03 | F1=2.025360e-01 | m1²=0.000996 | m2²=0.999638 | eps_w1=1.837888e+00 | eps_w2=3.026289e-03
[step    60450] t/d= 604.500 | task1=2.086830e-01 | task2=6.170518e-03 | F1=2.025439e-01 | m1²=0.000975 | m2²=0.999639 | eps_w1=1.838055e+00 | eps_w2=3.017025e-03
[step    60500] t/d= 605.000 | task1=2.087246e-01 | task2=6.167724e-03 | F1=2.025856e-01 | m1²=0.000976 | m2²=0.999644 | eps_w1=1.838585e+00 | eps_w2=2.979003e-03
[step    60550] t/d= 605.500 | task1=2.087443e-01 | task2=6.167768e-03 | F1=2.026052e-01 | m1²=0.000974 | m2²=0.999638 | eps_w1=1.838770e+00 | eps_w2=2.981984e-03
[step    60600] t/d= 606.000 | task1=2.087679e-01 | task2=6.167347e-03 | F1=2.026288e-01 | m1²=0.000964 | m2²=0.999646 | eps_w1=1.839003e+00 | eps_w2=2.954466e-03
[step    60650] t/d= 606.500 | task1=2.087785e-01 | task2=6.167655e-03 | F1=2.026395e-01 | m1²=0.000962 | m2²=0.999637 | eps_w1=1.839123e+00 | eps_w2=2.965632e-03
[step    60700] t/d= 607.000 | task1=2.087187e-01 | task2=6.165841e-03 | F1=2.025796e-01 | m1²=0.000952 | m2²=0.999640 | eps_w1=1.838420e+00 | eps_w2=2.997753e-03
[step    60750] t/d= 607.500 | task1=2.087118e-01 | task2=6.166146e-03 | F1=2.025728e-01 | m1²=0.000955 | m2²=0.999638 | eps_w1=1.838376e+00 | eps_w2=3.004502e-03
[step    60800] t/d= 608.000 | task1=2.086862e-01 | task2=6.163535e-03 | F1=2.025471e-01 | m1²=0.000950 | m2²=0.999640 | eps_w1=1.838136e+00 | eps_w2=3.013478e-03
[step    60850] t/d= 608.500 | task1=2.086512e-01 | task2=6.160952e-03 | F1=2.025121e-01 | m1²=0.000951 | m2²=0.999641 | eps_w1=1.837587e+00 | eps_w2=3.042043e-03
[step    60900] t/d= 609.000 | task1=2.086461e-01 | task2=6.162200e-03 | F1=2.025070e-01 | m1²=0.000955 | m2²=0.999642 | eps_w1=1.837602e+00 | eps_w2=3.039492e-03
[step    60950] t/d= 609.500 | task1=2.086263e-01 | task2=6.162793e-03 | F1=2.024872e-01 | m1²=0.000968 | m2²=0.999645 | eps_w1=1.837336e+00 | eps_w2=3.047084e-03
[step    61000] t/d= 610.000 | task1=2.086379e-01 | task2=6.162659e-03 | F1=2.024988e-01 | m1²=0.000965 | m2²=0.999654 | eps_w1=1.837461e+00 | eps_w2=3.023474e-03
[step    61050] t/d= 610.500 | task1=2.086343e-01 | task2=6.165205e-03 | F1=2.024952e-01 | m1²=0.000974 | m2²=0.999650 | eps_w1=1.837363e+00 | eps_w2=3.034880e-03
[step    61100] t/d= 611.000 | task1=2.086596e-01 | task2=6.166464e-03 | F1=2.025205e-01 | m1²=0.000967 | m2²=0.999652 | eps_w1=1.837756e+00 | eps_w2=3.009534e-03
[step    61150] t/d= 611.500 | task1=2.086643e-01 | task2=6.165853e-03 | F1=2.025252e-01 | m1²=0.000972 | m2²=0.999653 | eps_w1=1.837909e+00 | eps_w2=2.999956e-03
[step    61200] t/d= 612.000 | task1=2.087099e-01 | task2=6.164993e-03 | F1=2.025709e-01 | m1²=0.000968 | m2²=0.999652 | eps_w1=1.838343e+00 | eps_w2=2.978048e-03
[step    61250] t/d= 612.500 | task1=2.087150e-01 | task2=6.164028e-03 | F1=2.025759e-01 | m1²=0.000970 | m2²=0.999649 | eps_w1=1.838490e+00 | eps_w2=2.975977e-03
[step    61300] t/d= 613.000 | task1=2.087263e-01 | task2=6.162749e-03 | F1=2.025872e-01 | m1²=0.000960 | m2²=0.999651 | eps_w1=1.838573e+00 | eps_w2=2.969196e-03
[step    61350] t/d= 613.500 | task1=2.087287e-01 | task2=6.163894e-03 | F1=2.025896e-01 | m1²=0.000960 | m2²=0.999653 | eps_w1=1.838725e+00 | eps_w2=2.955543e-03
[step    61400] t/d= 614.000 | task1=2.087098e-01 | task2=6.162688e-03 | F1=2.025707e-01 | m1²=0.000968 | m2²=0.999661 | eps_w1=1.838612e+00 | eps_w2=2.947029e-03
[step    61450] t/d= 614.500 | task1=2.087686e-01 | task2=6.164042e-03 | F1=2.026295e-01 | m1²=0.000968 | m2²=0.999671 | eps_w1=1.839316e+00 | eps_w2=2.890130e-03
[step    61500] t/d= 615.000 | task1=2.087344e-01 | task2=6.163783e-03 | F1=2.025953e-01 | m1²=0.000973 | m2²=0.999665 | eps_w1=1.838837e+00 | eps_w2=2.925879e-03
[step    61550] t/d= 615.500 | task1=2.086732e-01 | task2=6.165273e-03 | F1=2.025341e-01 | m1²=0.000991 | m2²=0.999659 | eps_w1=1.838124e+00 | eps_w2=2.974402e-03
[step    61600] t/d= 616.000 | task1=2.086712e-01 | task2=6.166833e-03 | F1=2.025321e-01 | m1²=0.000991 | m2²=0.999658 | eps_w1=1.838228e+00 | eps_w2=2.970039e-03
[step    61650] t/d= 616.500 | task1=2.086057e-01 | task2=6.168088e-03 | F1=2.024666e-01 | m1²=0.000992 | m2²=0.999660 | eps_w1=1.837279e+00 | eps_w2=3.018875e-03
[step    61700] t/d= 617.000 | task1=2.086004e-01 | task2=6.166157e-03 | F1=2.024613e-01 | m1²=0.000987 | m2²=0.999653 | eps_w1=1.837394e+00 | eps_w2=3.025621e-03
[step    61750] t/d= 617.500 | task1=2.086197e-01 | task2=6.165371e-03 | F1=2.024806e-01 | m1²=0.000992 | m2²=0.999658 | eps_w1=1.837502e+00 | eps_w2=3.010974e-03
[step    61800] t/d= 618.000 | task1=2.087157e-01 | task2=6.166664e-03 | F1=2.025766e-01 | m1²=0.000972 | m2²=0.999653 | eps_w1=1.838828e+00 | eps_w2=2.949379e-03
[step    61850] t/d= 618.500 | task1=2.087344e-01 | task2=6.167362e-03 | F1=2.025954e-01 | m1²=0.000986 | m2²=0.999643 | eps_w1=1.839123e+00 | eps_w2=2.951373e-03
[step    61900] t/d= 619.000 | task1=2.087513e-01 | task2=6.166093e-03 | F1=2.026123e-01 | m1²=0.000999 | m2²=0.999646 | eps_w1=1.839412e+00 | eps_w2=2.929078e-03
[step    61950] t/d= 619.500 | task1=2.088004e-01 | task2=6.165941e-03 | F1=2.026613e-01 | m1²=0.001002 | m2²=0.999643 | eps_w1=1.839962e+00 | eps_w2=2.905795e-03
[step    62000] t/d= 620.000 | task1=2.087751e-01 | task2=6.166700e-03 | F1=2.026361e-01 | m1²=0.001000 | m2²=0.999642 | eps_w1=1.839728e+00 | eps_w2=2.919336e-03
[step    62050] t/d= 620.500 | task1=2.087596e-01 | task2=6.166683e-03 | F1=2.026206e-01 | m1²=0.000996 | m2²=0.999651 | eps_w1=1.839489e+00 | eps_w2=2.915482e-03
[step    62100] t/d= 621.000 | task1=2.087590e-01 | task2=6.165754e-03 | F1=2.026200e-01 | m1²=0.001006 | m2²=0.999657 | eps_w1=1.839421e+00 | eps_w2=2.907563e-03
[step    62150] t/d= 621.500 | task1=2.087657e-01 | task2=6.165120e-03 | F1=2.026266e-01 | m1²=0.000998 | m2²=0.999660 | eps_w1=1.839443e+00 | eps_w2=2.900572e-03
[step    62200] t/d= 622.000 | task1=2.087901e-01 | task2=6.168576e-03 | F1=2.026510e-01 | m1²=0.001004 | m2²=0.999658 | eps_w1=1.839563e+00 | eps_w2=2.897766e-03
[step    62250] t/d= 622.500 | task1=2.087474e-01 | task2=6.166720e-03 | F1=2.026083e-01 | m1²=0.000998 | m2²=0.999662 | eps_w1=1.839086e+00 | eps_w2=2.915422e-03
[step    62300] t/d= 623.000 | task1=2.087353e-01 | task2=6.167178e-03 | F1=2.025963e-01 | m1²=0.000994 | m2²=0.999657 | eps_w1=1.839095e+00 | eps_w2=2.925450e-03
[step    62350] t/d= 623.500 | task1=2.087358e-01 | task2=6.167929e-03 | F1=2.025968e-01 | m1²=0.000989 | m2²=0.999659 | eps_w1=1.839035e+00 | eps_w2=2.926001e-03
[step    62400] t/d= 624.000 | task1=2.087076e-01 | task2=6.167366e-03 | F1=2.025685e-01 | m1²=0.001003 | m2²=0.999654 | eps_w1=1.838789e+00 | eps_w2=2.946102e-03
[step    62450] t/d= 624.500 | task1=2.087363e-01 | task2=6.166912e-03 | F1=2.025973e-01 | m1²=0.000991 | m2²=0.999659 | eps_w1=1.839151e+00 | eps_w2=2.918288e-03
[step    62500] t/d= 625.000 | task1=2.087186e-01 | task2=6.166960e-03 | F1=2.025795e-01 | m1²=0.000983 | m2²=0.999669 | eps_w1=1.838876e+00 | eps_w2=2.916181e-03
[step    62550] t/d= 625.500 | task1=2.087759e-01 | task2=6.168645e-03 | F1=2.026368e-01 | m1²=0.000988 | m2²=0.999669 | eps_w1=1.839551e+00 | eps_w2=2.878108e-03
[step    62600] t/d= 626.000 | task1=2.088003e-01 | task2=6.170480e-03 | F1=2.026613e-01 | m1²=0.000988 | m2²=0.999663 | eps_w1=1.839792e+00 | eps_w2=2.878271e-03
[step    62650] t/d= 626.500 | task1=2.088033e-01 | task2=6.171140e-03 | F1=2.026642e-01 | m1²=0.000984 | m2²=0.999661 | eps_w1=1.839856e+00 | eps_w2=2.877808e-03
[step    62700] t/d= 627.000 | task1=2.087885e-01 | task2=6.171317e-03 | F1=2.026494e-01 | m1²=0.000984 | m2²=0.999664 | eps_w1=1.839781e+00 | eps_w2=2.875988e-03
[step    62750] t/d= 627.500 | task1=2.087594e-01 | task2=6.170632e-03 | F1=2.026203e-01 | m1²=0.000986 | m2²=0.999660 | eps_w1=1.839487e+00 | eps_w2=2.900426e-03
[step    62800] t/d= 628.000 | task1=2.087400e-01 | task2=6.170128e-03 | F1=2.026009e-01 | m1²=0.000995 | m2²=0.999658 | eps_w1=1.839348e+00 | eps_w2=2.909440e-03
[step    62850] t/d= 628.500 | task1=2.087569e-01 | task2=6.175011e-03 | F1=2.026179e-01 | m1²=0.000980 | m2²=0.999663 | eps_w1=1.839484e+00 | eps_w2=2.895511e-03
[step    62900] t/d= 629.000 | task1=2.087456e-01 | task2=6.173816e-03 | F1=2.026066e-01 | m1²=0.000972 | m2²=0.999663 | eps_w1=1.839219e+00 | eps_w2=2.909377e-03
[step    62950] t/d= 629.500 | task1=2.087327e-01 | task2=6.172193e-03 | F1=2.025936e-01 | m1²=0.000969 | m2²=0.999669 | eps_w1=1.838782e+00 | eps_w2=2.922876e-03
[step    63000] t/d= 630.000 | task1=2.087018e-01 | task2=6.174513e-03 | F1=2.025627e-01 | m1²=0.000978 | m2²=0.999666 | eps_w1=1.838364e+00 | eps_w2=2.949096e-03
[step    63050] t/d= 630.500 | task1=2.087403e-01 | task2=6.174028e-03 | F1=2.026012e-01 | m1²=0.000981 | m2²=0.999670 | eps_w1=1.838761e+00 | eps_w2=2.919579e-03
[step    63100] t/d= 631.000 | task1=2.087216e-01 | task2=6.170742e-03 | F1=2.025825e-01 | m1²=0.000985 | m2²=0.999676 | eps_w1=1.838456e+00 | eps_w2=2.925490e-03
[step    63150] t/d= 631.500 | task1=2.087703e-01 | task2=6.170018e-03 | F1=2.026313e-01 | m1²=0.000979 | m2²=0.999674 | eps_w1=1.839113e+00 | eps_w2=2.894225e-03
[step    63200] t/d= 632.000 | task1=2.087877e-01 | task2=6.170446e-03 | F1=2.026487e-01 | m1²=0.000985 | m2²=0.999677 | eps_w1=1.839337e+00 | eps_w2=2.876051e-03
[step    63250] t/d= 632.500 | task1=2.088218e-01 | task2=6.173306e-03 | F1=2.026827e-01 | m1²=0.000969 | m2²=0.999676 | eps_w1=1.839712e+00 | eps_w2=2.859565e-03
[step    63300] t/d= 633.000 | task1=2.087549e-01 | task2=6.172797e-03 | F1=2.026159e-01 | m1²=0.000967 | m2²=0.999678 | eps_w1=1.838823e+00 | eps_w2=2.903515e-03
[step    63350] t/d= 633.500 | task1=2.088191e-01 | task2=6.174486e-03 | F1=2.026800e-01 | m1²=0.000960 | m2²=0.999681 | eps_w1=1.839515e+00 | eps_w2=2.860055e-03
[step    63400] t/d= 634.000 | task1=2.087950e-01 | task2=6.172887e-03 | F1=2.026559e-01 | m1²=0.000969 | m2²=0.999678 | eps_w1=1.839236e+00 | eps_w2=2.880080e-03
[step    63450] t/d= 634.500 | task1=2.087737e-01 | task2=6.171574e-03 | F1=2.026347e-01 | m1²=0.000973 | m2²=0.999681 | eps_w1=1.839044e+00 | eps_w2=2.885134e-03
[step    63500] t/d= 635.000 | task1=2.088221e-01 | task2=6.169845e-03 | F1=2.026830e-01 | m1²=0.000971 | m2²=0.999674 | eps_w1=1.839675e+00 | eps_w2=2.865460e-03
[step    63550] t/d= 635.500 | task1=2.088062e-01 | task2=6.168162e-03 | F1=2.026671e-01 | m1²=0.000975 | m2²=0.999672 | eps_w1=1.839484e+00 | eps_w2=2.877406e-03
[step    63600] t/d= 636.000 | task1=2.088197e-01 | task2=6.167238e-03 | F1=2.026806e-01 | m1²=0.000967 | m2²=0.999671 | eps_w1=1.839693e+00 | eps_w2=2.869946e-03
[step    63650] t/d= 636.500 | task1=2.088236e-01 | task2=6.166041e-03 | F1=2.026845e-01 | m1²=0.000968 | m2²=0.999668 | eps_w1=1.839801e+00 | eps_w2=2.869511e-03
[step    63700] t/d= 637.000 | task1=2.088008e-01 | task2=6.166006e-03 | F1=2.026618e-01 | m1²=0.000968 | m2²=0.999673 | eps_w1=1.839494e+00 | eps_w2=2.876127e-03
[step    63750] t/d= 637.500 | task1=2.087941e-01 | task2=6.167500e-03 | F1=2.026550e-01 | m1²=0.000959 | m2²=0.999681 | eps_w1=1.839357e+00 | eps_w2=2.869117e-03
[step    63800] t/d= 638.000 | task1=2.087662e-01 | task2=6.168908e-03 | F1=2.026271e-01 | m1²=0.000956 | m2²=0.999680 | eps_w1=1.839009e+00 | eps_w2=2.889454e-03
[step    63850] t/d= 638.500 | task1=2.087658e-01 | task2=6.168176e-03 | F1=2.026267e-01 | m1²=0.000967 | m2²=0.999684 | eps_w1=1.838947e+00 | eps_w2=2.884615e-03
[step    63900] t/d= 639.000 | task1=2.087268e-01 | task2=6.168571e-03 | F1=2.025878e-01 | m1²=0.000971 | m2²=0.999681 | eps_w1=1.838623e+00 | eps_w2=2.907867e-03
[step    63950] t/d= 639.500 | task1=2.086762e-01 | task2=6.170322e-03 | F1=2.025372e-01 | m1²=0.000969 | m2²=0.999678 | eps_w1=1.838053e+00 | eps_w2=2.945169e-03
[step    64000] t/d= 640.000 | task1=2.086138e-01 | task2=6.171120e-03 | F1=2.024747e-01 | m1²=0.000963 | m2²=0.999679 | eps_w1=1.837154e+00 | eps_w2=2.992468e-03
[step    64050] t/d= 640.500 | task1=2.086213e-01 | task2=6.170531e-03 | F1=2.024823e-01 | m1²=0.000962 | m2²=0.999682 | eps_w1=1.837232e+00 | eps_w2=2.982151e-03
[step    64100] t/d= 641.000 | task1=2.086248e-01 | task2=6.170658e-03 | F1=2.024858e-01 | m1²=0.000956 | m2²=0.999677 | eps_w1=1.837189e+00 | eps_w2=2.995063e-03
[step    64150] t/d= 641.500 | task1=2.085973e-01 | task2=6.171396e-03 | F1=2.024583e-01 | m1²=0.000942 | m2²=0.999680 | eps_w1=1.836771e+00 | eps_w2=3.013139e-03
[step    64200] t/d= 642.000 | task1=2.086061e-01 | task2=6.172076e-03 | F1=2.024670e-01 | m1²=0.000939 | m2²=0.999677 | eps_w1=1.836879e+00 | eps_w2=3.013554e-03
[step    64250] t/d= 642.500 | task1=2.086386e-01 | task2=6.170400e-03 | F1=2.024995e-01 | m1²=0.000948 | m2²=0.999679 | eps_w1=1.837266e+00 | eps_w2=2.987319e-03
[step    64300] t/d= 643.000 | task1=2.086580e-01 | task2=6.169490e-03 | F1=2.025189e-01 | m1²=0.000940 | m2²=0.999682 | eps_w1=1.837405e+00 | eps_w2=2.975163e-03
[step    64350] t/d= 643.500 | task1=2.086089e-01 | task2=6.170998e-03 | F1=2.024698e-01 | m1²=0.000939 | m2²=0.999675 | eps_w1=1.836638e+00 | eps_w2=3.031257e-03
[step    64400] t/d= 644.000 | task1=2.086209e-01 | task2=6.172124e-03 | F1=2.024819e-01 | m1²=0.000936 | m2²=0.999672 | eps_w1=1.836798e+00 | eps_w2=3.027267e-03
[step    64450] t/d= 644.500 | task1=2.085844e-01 | task2=6.169184e-03 | F1=2.024453e-01 | m1²=0.000939 | m2²=0.999678 | eps_w1=1.836496e+00 | eps_w2=3.033886e-03
[step    64500] t/d= 645.000 | task1=2.086049e-01 | task2=6.169854e-03 | F1=2.024658e-01 | m1²=0.000932 | m2²=0.999676 | eps_w1=1.836783e+00 | eps_w2=3.021575e-03
[step    64550] t/d= 645.500 | task1=2.085850e-01 | task2=6.167465e-03 | F1=2.024459e-01 | m1²=0.000942 | m2²=0.999673 | eps_w1=1.836484e+00 | eps_w2=3.042041e-03
[step    64600] t/d= 646.000 | task1=2.085713e-01 | task2=6.166645e-03 | F1=2.024323e-01 | m1²=0.000944 | m2²=0.999669 | eps_w1=1.836274e+00 | eps_w2=3.061089e-03
[step    64650] t/d= 646.500 | task1=2.085654e-01 | task2=6.165315e-03 | F1=2.024263e-01 | m1²=0.000932 | m2²=0.999668 | eps_w1=1.836087e+00 | eps_w2=3.074879e-03
[step    64700] t/d= 647.000 | task1=2.085864e-01 | task2=6.166630e-03 | F1=2.024474e-01 | m1²=0.000933 | m2²=0.999669 | eps_w1=1.836366e+00 | eps_w2=3.058786e-03
[step    64750] t/d= 647.500 | task1=2.085379e-01 | task2=6.168372e-03 | F1=2.023988e-01 | m1²=0.000921 | m2²=0.999672 | eps_w1=1.835793e+00 | eps_w2=3.085300e-03
[step    64800] t/d= 648.000 | task1=2.084265e-01 | task2=6.167599e-03 | F1=2.022874e-01 | m1²=0.000901 | m2²=0.999660 | eps_w1=1.834276e+00 | eps_w2=3.195160e-03
[step    64850] t/d= 648.500 | task1=2.084226e-01 | task2=6.167570e-03 | F1=2.022836e-01 | m1²=0.000917 | m2²=0.999659 | eps_w1=1.834247e+00 | eps_w2=3.197034e-03
[step    64900] t/d= 649.000 | task1=2.083827e-01 | task2=6.166969e-03 | F1=2.022437e-01 | m1²=0.000912 | m2²=0.999652 | eps_w1=1.833701e+00 | eps_w2=3.243165e-03
[step    64950] t/d= 649.500 | task1=2.083753e-01 | task2=6.166475e-03 | F1=2.022362e-01 | m1²=0.000915 | m2²=0.999650 | eps_w1=1.833651e+00 | eps_w2=3.249127e-03
[step    65000] t/d= 650.000 | task1=2.083818e-01 | task2=6.164215e-03 | F1=2.022428e-01 | m1²=0.000915 | m2²=0.999650 | eps_w1=1.833813e+00 | eps_w2=3.240107e-03
[step    65050] t/d= 650.500 | task1=2.083606e-01 | task2=6.166549e-03 | F1=2.022215e-01 | m1²=0.000917 | m2²=0.999642 | eps_w1=1.833635e+00 | eps_w2=3.264667e-03
[step    65100] t/d= 651.000 | task1=2.083743e-01 | task2=6.166052e-03 | F1=2.022352e-01 | m1²=0.000917 | m2²=0.999641 | eps_w1=1.833727e+00 | eps_w2=3.261998e-03
[step    65150] t/d= 651.500 | task1=2.083750e-01 | task2=6.167400e-03 | F1=2.022360e-01 | m1²=0.000925 | m2²=0.999631 | eps_w1=1.833746e+00 | eps_w2=3.279633e-03
[step    65200] t/d= 652.000 | task1=2.084616e-01 | task2=6.167053e-03 | F1=2.023225e-01 | m1²=0.000933 | m2²=0.999630 | eps_w1=1.834792e+00 | eps_w2=3.219679e-03
[step    65250] t/d= 652.500 | task1=2.084302e-01 | task2=6.167450e-03 | F1=2.022911e-01 | m1²=0.000935 | m2²=0.999632 | eps_w1=1.834365e+00 | eps_w2=3.240060e-03
[step    65300] t/d= 653.000 | task1=2.084165e-01 | task2=6.166832e-03 | F1=2.022774e-01 | m1²=0.000946 | m2²=0.999625 | eps_w1=1.834063e+00 | eps_w2=3.270337e-03
[step    65350] t/d= 653.500 | task1=2.083661e-01 | task2=6.166735e-03 | F1=2.022270e-01 | m1²=0.000951 | m2²=0.999626 | eps_w1=1.833514e+00 | eps_w2=3.298910e-03
[step    65400] t/d= 654.000 | task1=2.083493e-01 | task2=6.165970e-03 | F1=2.022102e-01 | m1²=0.000942 | m2²=0.999623 | eps_w1=1.833356e+00 | eps_w2=3.315167e-03
[step    65450] t/d= 654.500 | task1=2.083230e-01 | task2=6.163155e-03 | F1=2.021839e-01 | m1²=0.000949 | m2²=0.999621 | eps_w1=1.832975e+00 | eps_w2=3.340618e-03
[step    65500] t/d= 655.000 | task1=2.083059e-01 | task2=6.163163e-03 | F1=2.021669e-01 | m1²=0.000943 | m2²=0.999618 | eps_w1=1.832686e+00 | eps_w2=3.362331e-03
[step    65550] t/d= 655.500 | task1=2.082966e-01 | task2=6.164607e-03 | F1=2.021575e-01 | m1²=0.000938 | m2²=0.999619 | eps_w1=1.832535e+00 | eps_w2=3.370488e-03
[step    65600] t/d= 656.000 | task1=2.083206e-01 | task2=6.165464e-03 | F1=2.021816e-01 | m1²=0.000945 | m2²=0.999620 | eps_w1=1.832842e+00 | eps_w2=3.348835e-03
[step    65650] t/d= 656.500 | task1=2.083125e-01 | task2=6.163943e-03 | F1=2.021734e-01 | m1²=0.000949 | m2²=0.999613 | eps_w1=1.832773e+00 | eps_w2=3.367054e-03
[step    65700] t/d= 657.000 | task1=2.082888e-01 | task2=6.165462e-03 | F1=2.021498e-01 | m1²=0.000945 | m2²=0.999607 | eps_w1=1.832568e+00 | eps_w2=3.389838e-03
[step    65750] t/d= 657.500 | task1=2.082936e-01 | task2=6.165877e-03 | F1=2.021545e-01 | m1²=0.000948 | m2²=0.999603 | eps_w1=1.832758e+00 | eps_w2=3.386584e-03
[step    65800] t/d= 658.000 | task1=2.082711e-01 | task2=6.165118e-03 | F1=2.021320e-01 | m1²=0.000954 | m2²=0.999594 | eps_w1=1.832559e+00 | eps_w2=3.415468e-03
[step    65850] t/d= 658.500 | task1=2.082821e-01 | task2=6.163405e-03 | F1=2.021431e-01 | m1²=0.000942 | m2²=0.999591 | eps_w1=1.832594e+00 | eps_w2=3.418802e-03
[step    65900] t/d= 659.000 | task1=2.082528e-01 | task2=6.164073e-03 | F1=2.021137e-01 | m1²=0.000934 | m2²=0.999591 | eps_w1=1.832298e+00 | eps_w2=3.437267e-03
[step    65950] t/d= 659.500 | task1=2.082699e-01 | task2=6.167786e-03 | F1=2.021308e-01 | m1²=0.000937 | m2²=0.999586 | eps_w1=1.832537e+00 | eps_w2=3.432954e-03
[step    66000] t/d= 660.000 | task1=2.082751e-01 | task2=6.167376e-03 | F1=2.021360e-01 | m1²=0.000936 | m2²=0.999590 | eps_w1=1.832673e+00 | eps_w2=3.417978e-03
[step    66050] t/d= 660.500 | task1=2.082726e-01 | task2=6.169523e-03 | F1=2.021336e-01 | m1²=0.000933 | m2²=0.999587 | eps_w1=1.832794e+00 | eps_w2=3.415921e-03
[step    66100] t/d= 661.000 | task1=2.082329e-01 | task2=6.170179e-03 | F1=2.020938e-01 | m1²=0.000926 | m2²=0.999592 | eps_w1=1.832273e+00 | eps_w2=3.437146e-03
[step    66150] t/d= 661.500 | task1=2.082323e-01 | task2=6.169257e-03 | F1=2.020933e-01 | m1²=0.000940 | m2²=0.999596 | eps_w1=1.832221e+00 | eps_w2=3.431114e-03
[step    66200] t/d= 662.000 | task1=2.082833e-01 | task2=6.169614e-03 | F1=2.021443e-01 | m1²=0.000939 | m2²=0.999596 | eps_w1=1.832822e+00 | eps_w2=3.397995e-03
[step    66250] t/d= 662.500 | task1=2.082968e-01 | task2=6.166620e-03 | F1=2.021577e-01 | m1²=0.000942 | m2²=0.999593 | eps_w1=1.833028e+00 | eps_w2=3.390338e-03
[step    66300] t/d= 663.000 | task1=2.083351e-01 | task2=6.165225e-03 | F1=2.021961e-01 | m1²=0.000924 | m2²=0.999586 | eps_w1=1.833514e+00 | eps_w2=3.378507e-03
[step    66350] t/d= 663.500 | task1=2.083773e-01 | task2=6.165219e-03 | F1=2.022382e-01 | m1²=0.000923 | m2²=0.999581 | eps_w1=1.833965e+00 | eps_w2=3.360683e-03
[step    66400] t/d= 664.000 | task1=2.084152e-01 | task2=6.164841e-03 | F1=2.022761e-01 | m1²=0.000930 | m2²=0.999575 | eps_w1=1.834406e+00 | eps_w2=3.346477e-03
[step    66450] t/d= 664.500 | task1=2.084355e-01 | task2=6.163587e-03 | F1=2.022964e-01 | m1²=0.000937 | m2²=0.999583 | eps_w1=1.834784e+00 | eps_w2=3.309063e-03
[step    66500] t/d= 665.000 | task1=2.084303e-01 | task2=6.164544e-03 | F1=2.022913e-01 | m1²=0.000938 | m2²=0.999588 | eps_w1=1.834706e+00 | eps_w2=3.305428e-03
[step    66550] t/d= 665.500 | task1=2.084321e-01 | task2=6.164667e-03 | F1=2.022930e-01 | m1²=0.000932 | m2²=0.999591 | eps_w1=1.834655e+00 | eps_w2=3.302248e-03
[step    66600] t/d= 666.000 | task1=2.083728e-01 | task2=6.165395e-03 | F1=2.022337e-01 | m1²=0.000938 | m2²=0.999596 | eps_w1=1.833915e+00 | eps_w2=3.333420e-03
[step    66650] t/d= 666.500 | task1=2.083843e-01 | task2=6.166752e-03 | F1=2.022452e-01 | m1²=0.000936 | m2²=0.999603 | eps_w1=1.834275e+00 | eps_w2=3.301082e-03
[step    66700] t/d= 667.000 | task1=2.083886e-01 | task2=6.165501e-03 | F1=2.022495e-01 | m1²=0.000939 | m2²=0.999600 | eps_w1=1.834355e+00 | eps_w2=3.302002e-03
[step    66750] t/d= 667.500 | task1=2.083693e-01 | task2=6.165034e-03 | F1=2.022302e-01 | m1²=0.000937 | m2²=0.999595 | eps_w1=1.834241e+00 | eps_w2=3.317080e-03
[step    66800] t/d= 668.000 | task1=2.083756e-01 | task2=6.165205e-03 | F1=2.022366e-01 | m1²=0.000935 | m2²=0.999601 | eps_w1=1.834216e+00 | eps_w2=3.307362e-03
[step    66850] t/d= 668.500 | task1=2.083959e-01 | task2=6.164181e-03 | F1=2.022568e-01 | m1²=0.000947 | m2²=0.999600 | eps_w1=1.834414e+00 | eps_w2=3.296461e-03
[step    66900] t/d= 669.000 | task1=2.083698e-01 | task2=6.163708e-03 | F1=2.022307e-01 | m1²=0.000950 | m2²=0.999606 | eps_w1=1.833916e+00 | eps_w2=3.313706e-03
[step    66950] t/d= 669.500 | task1=2.083206e-01 | task2=6.163587e-03 | F1=2.021815e-01 | m1²=0.000957 | m2²=0.999598 | eps_w1=1.833338e+00 | eps_w2=3.362341e-03
[step    67000] t/d= 670.000 | task1=2.082955e-01 | task2=6.164684e-03 | F1=2.021565e-01 | m1²=0.000956 | m2²=0.999597 | eps_w1=1.832925e+00 | eps_w2=3.386973e-03
[step    67050] t/d= 670.500 | task1=2.083012e-01 | task2=6.167316e-03 | F1=2.021621e-01 | m1²=0.000959 | m2²=0.999588 | eps_w1=1.832916e+00 | eps_w2=3.403839e-03
[step    67100] t/d= 671.000 | task1=2.083180e-01 | task2=6.165801e-03 | F1=2.021789e-01 | m1²=0.000977 | m2²=0.999590 | eps_w1=1.833072e+00 | eps_w2=3.389886e-03
[step    67150] t/d= 671.500 | task1=2.082842e-01 | task2=6.167409e-03 | F1=2.021451e-01 | m1²=0.000969 | m2²=0.999581 | eps_w1=1.832810e+00 | eps_w2=3.422312e-03
[step    67200] t/d= 672.000 | task1=2.082572e-01 | task2=6.167969e-03 | F1=2.021181e-01 | m1²=0.000977 | m2²=0.999579 | eps_w1=1.832504e+00 | eps_w2=3.442852e-03
[step    67250] t/d= 672.500 | task1=2.082599e-01 | task2=6.168838e-03 | F1=2.021209e-01 | m1²=0.000974 | m2²=0.999576 | eps_w1=1.832549e+00 | eps_w2=3.447507e-03
[step    67300] t/d= 673.000 | task1=2.082934e-01 | task2=6.169043e-03 | F1=2.021543e-01 | m1²=0.000984 | m2²=0.999577 | eps_w1=1.832977e+00 | eps_w2=3.420300e-03
[step    67350] t/d= 673.500 | task1=2.082967e-01 | task2=6.166989e-03 | F1=2.021576e-01 | m1²=0.000999 | m2²=0.999570 | eps_w1=1.833028e+00 | eps_w2=3.428811e-03
[step    67400] t/d= 674.000 | task1=2.083628e-01 | task2=6.167536e-03 | F1=2.022237e-01 | m1²=0.001001 | m2²=0.999565 | eps_w1=1.833922e+00 | eps_w2=3.385364e-03
[step    67450] t/d= 674.500 | task1=2.083374e-01 | task2=6.165295e-03 | F1=2.021983e-01 | m1²=0.001004 | m2²=0.999570 | eps_w1=1.833611e+00 | eps_w2=3.394196e-03
[step    67500] t/d= 675.000 | task1=2.083203e-01 | task2=6.164436e-03 | F1=2.021812e-01 | m1²=0.000998 | m2²=0.999571 | eps_w1=1.833306e+00 | eps_w2=3.410512e-03
[step    67550] t/d= 675.500 | task1=2.083263e-01 | task2=6.164353e-03 | F1=2.021873e-01 | m1²=0.001005 | m2²=0.999569 | eps_w1=1.833368e+00 | eps_w2=3.410760e-03
[step    67600] t/d= 676.000 | task1=2.083522e-01 | task2=6.164591e-03 | F1=2.022131e-01 | m1²=0.001003 | m2²=0.999568 | eps_w1=1.833748e+00 | eps_w2=3.389502e-03
[step    67650] t/d= 676.500 | task1=2.083524e-01 | task2=6.166356e-03 | F1=2.022134e-01 | m1²=0.000998 | m2²=0.999571 | eps_w1=1.833921e+00 | eps_w2=3.375456e-03
[step    67700] t/d= 677.000 | task1=2.083770e-01 | task2=6.166557e-03 | F1=2.022379e-01 | m1²=0.001011 | m2²=0.999568 | eps_w1=1.834273e+00 | eps_w2=3.360083e-03
[step    67750] t/d= 677.500 | task1=2.083018e-01 | task2=6.167738e-03 | F1=2.021628e-01 | m1²=0.001016 | m2²=0.999573 | eps_w1=1.833374e+00 | eps_w2=3.401715e-03
[step    67800] t/d= 678.000 | task1=2.082961e-01 | task2=6.168193e-03 | F1=2.021570e-01 | m1²=0.001012 | m2²=0.999566 | eps_w1=1.833391e+00 | eps_w2=3.413133e-03
[step    67850] t/d= 678.500 | task1=2.083367e-01 | task2=6.166834e-03 | F1=2.021977e-01 | m1²=0.001025 | m2²=0.999573 | eps_w1=1.833780e+00 | eps_w2=3.375863e-03
[step    67900] t/d= 679.000 | task1=2.083608e-01 | task2=6.167379e-03 | F1=2.022217e-01 | m1²=0.001026 | m2²=0.999573 | eps_w1=1.833975e+00 | eps_w2=3.365698e-03
[step    67950] t/d= 679.500 | task1=2.083582e-01 | task2=6.166202e-03 | F1=2.022192e-01 | m1²=0.001046 | m2²=0.999572 | eps_w1=1.833864e+00 | eps_w2=3.371583e-03
[step    68000] t/d= 680.000 | task1=2.083145e-01 | task2=6.166792e-03 | F1=2.021754e-01 | m1²=0.001046 | m2²=0.999573 | eps_w1=1.833183e+00 | eps_w2=3.408432e-03
[step    68050] t/d= 680.500 | task1=2.083666e-01 | task2=6.165230e-03 | F1=2.022276e-01 | m1²=0.001048 | m2²=0.999576 | eps_w1=1.833769e+00 | eps_w2=3.368848e-03
[step    68100] t/d= 681.000 | task1=2.083428e-01 | task2=6.165743e-03 | F1=2.022038e-01 | m1²=0.001043 | m2²=0.999581 | eps_w1=1.833331e+00 | eps_w2=3.384998e-03
[step    68150] t/d= 681.500 | task1=2.083670e-01 | task2=6.167066e-03 | F1=2.022280e-01 | m1²=0.001032 | m2²=0.999583 | eps_w1=1.833603e+00 | eps_w2=3.366818e-03
[step    68200] t/d= 682.000 | task1=2.083756e-01 | task2=6.166478e-03 | F1=2.022365e-01 | m1²=0.001039 | m2²=0.999577 | eps_w1=1.833807e+00 | eps_w2=3.366165e-03
[step    68250] t/d= 682.500 | task1=2.083866e-01 | task2=6.165949e-03 | F1=2.022476e-01 | m1²=0.001044 | m2²=0.999581 | eps_w1=1.833996e+00 | eps_w2=3.347887e-03
[step    68300] t/d= 683.000 | task1=2.084369e-01 | task2=6.165995e-03 | F1=2.022978e-01 | m1²=0.001044 | m2²=0.999592 | eps_w1=1.834568e+00 | eps_w2=3.293627e-03
[step    68350] t/d= 683.500 | task1=2.083987e-01 | task2=6.167169e-03 | F1=2.022597e-01 | m1²=0.001052 | m2²=0.999589 | eps_w1=1.834079e+00 | eps_w2=3.327108e-03
[step    68400] t/d= 684.000 | task1=2.083863e-01 | task2=6.167598e-03 | F1=2.022472e-01 | m1²=0.001048 | m2²=0.999587 | eps_w1=1.833920e+00 | eps_w2=3.340352e-03
[step    68450] t/d= 684.500 | task1=2.083416e-01 | task2=6.167887e-03 | F1=2.022025e-01 | m1²=0.001027 | m2²=0.999586 | eps_w1=1.833357e+00 | eps_w2=3.375702e-03
[step    68500] t/d= 685.000 | task1=2.083561e-01 | task2=6.167575e-03 | F1=2.022170e-01 | m1²=0.001026 | m2²=0.999585 | eps_w1=1.833443e+00 | eps_w2=3.373498e-03
[step    68550] t/d= 685.500 | task1=2.083667e-01 | task2=6.168171e-03 | F1=2.022276e-01 | m1²=0.001027 | m2²=0.999583 | eps_w1=1.833585e+00 | eps_w2=3.367909e-03
[step    68600] t/d= 686.000 | task1=2.083438e-01 | task2=6.167946e-03 | F1=2.022047e-01 | m1²=0.001039 | m2²=0.999579 | eps_w1=1.833368e+00 | eps_w2=3.387368e-03
[step    68650] t/d= 686.500 | task1=2.083359e-01 | task2=6.168591e-03 | F1=2.021968e-01 | m1²=0.001034 | m2²=0.999576 | eps_w1=1.833188e+00 | eps_w2=3.403354e-03
[step    68700] t/d= 687.000 | task1=2.083588e-01 | task2=6.169182e-03 | F1=2.022197e-01 | m1²=0.001033 | m2²=0.999585 | eps_w1=1.833539e+00 | eps_w2=3.366194e-03
[step    68750] t/d= 687.500 | task1=2.083833e-01 | task2=6.171920e-03 | F1=2.022442e-01 | m1²=0.001021 | m2²=0.999583 | eps_w1=1.833838e+00 | eps_w2=3.355078e-03
[step    68800] t/d= 688.000 | task1=2.083167e-01 | task2=6.172536e-03 | F1=2.021776e-01 | m1²=0.001023 | m2²=0.999580 | eps_w1=1.833113e+00 | eps_w2=3.402557e-03
[step    68850] t/d= 688.500 | task1=2.082649e-01 | task2=6.172919e-03 | F1=2.021258e-01 | m1²=0.001029 | m2²=0.999582 | eps_w1=1.832469e+00 | eps_w2=3.435081e-03
[step    68900] t/d= 689.000 | task1=2.082892e-01 | task2=6.172611e-03 | F1=2.021501e-01 | m1²=0.001030 | m2²=0.999586 | eps_w1=1.832852e+00 | eps_w2=3.404983e-03
[step    68950] t/d= 689.500 | task1=2.083029e-01 | task2=6.175244e-03 | F1=2.021639e-01 | m1²=0.001034 | m2²=0.999575 | eps_w1=1.833021e+00 | eps_w2=3.415465e-03
[step    69000] t/d= 690.000 | task1=2.083156e-01 | task2=6.175119e-03 | F1=2.021766e-01 | m1²=0.001026 | m2²=0.999582 | eps_w1=1.833261e+00 | eps_w2=3.388893e-03
[step    69050] t/d= 690.500 | task1=2.082412e-01 | task2=6.175090e-03 | F1=2.021021e-01 | m1²=0.001038 | m2²=0.999576 | eps_w1=1.832328e+00 | eps_w2=3.452315e-03
[step    69100] t/d= 691.000 | task1=2.082459e-01 | task2=6.173464e-03 | F1=2.021068e-01 | m1²=0.001039 | m2²=0.999579 | eps_w1=1.832410e+00 | eps_w2=3.442040e-03
[step    69150] t/d= 691.500 | task1=2.082344e-01 | task2=6.177014e-03 | F1=2.020953e-01 | m1²=0.001038 | m2²=0.999577 | eps_w1=1.832128e+00 | eps_w2=3.463584e-03
[step    69200] t/d= 692.000 | task1=2.082851e-01 | task2=6.179688e-03 | F1=2.021460e-01 | m1²=0.001044 | m2²=0.999573 | eps_w1=1.832899e+00 | eps_w2=3.425448e-03
[step    69250] t/d= 692.500 | task1=2.082583e-01 | task2=6.178464e-03 | F1=2.021192e-01 | m1²=0.001048 | m2²=0.999566 | eps_w1=1.832450e+00 | eps_w2=3.463657e-03
[step    69300] t/d= 693.000 | task1=2.082277e-01 | task2=6.179854e-03 | F1=2.020887e-01 | m1²=0.001038 | m2²=0.999562 | eps_w1=1.832100e+00 | eps_w2=3.493870e-03
[step    69350] t/d= 693.500 | task1=2.082535e-01 | task2=6.180982e-03 | F1=2.021145e-01 | m1²=0.001034 | m2²=0.999567 | eps_w1=1.832630e+00 | eps_w2=3.452344e-03
[step    69400] t/d= 694.000 | task1=2.082375e-01 | task2=6.181584e-03 | F1=2.020985e-01 | m1²=0.001032 | m2²=0.999568 | eps_w1=1.832446e+00 | eps_w2=3.461513e-03
[step    69450] t/d= 694.500 | task1=2.082606e-01 | task2=6.180986e-03 | F1=2.021215e-01 | m1²=0.001037 | m2²=0.999573 | eps_w1=1.832837e+00 | eps_w2=3.428757e-03
[step    69500] t/d= 695.000 | task1=2.082976e-01 | task2=6.182636e-03 | F1=2.021585e-01 | m1²=0.001031 | m2²=0.999580 | eps_w1=1.833310e+00 | eps_w2=3.389226e-03
[step    69550] t/d= 695.500 | task1=2.082881e-01 | task2=6.182444e-03 | F1=2.021490e-01 | m1²=0.001030 | m2²=0.999588 | eps_w1=1.833109e+00 | eps_w2=3.386998e-03
[step    69600] t/d= 696.000 | task1=2.082587e-01 | task2=6.182235e-03 | F1=2.021196e-01 | m1²=0.001020 | m2²=0.999596 | eps_w1=1.832845e+00 | eps_w2=3.387325e-03
[step    69650] t/d= 696.500 | task1=2.082252e-01 | task2=6.180696e-03 | F1=2.020862e-01 | m1²=0.001029 | m2²=0.999604 | eps_w1=1.832485e+00 | eps_w2=3.391067e-03
[step    69700] t/d= 697.000 | task1=2.082124e-01 | task2=6.178706e-03 | F1=2.020733e-01 | m1²=0.001027 | m2²=0.999601 | eps_w1=1.832342e+00 | eps_w2=3.406617e-03
[step    69750] t/d= 697.500 | task1=2.082693e-01 | task2=6.181483e-03 | F1=2.021302e-01 | m1²=0.001014 | m2²=0.999596 | eps_w1=1.833127e+00 | eps_w2=3.371801e-03
[step    69800] t/d= 698.000 | task1=2.083251e-01 | task2=6.182341e-03 | F1=2.021861e-01 | m1²=0.001013 | m2²=0.999598 | eps_w1=1.833959e+00 | eps_w2=3.319987e-03
[step    69850] t/d= 698.500 | task1=2.083461e-01 | task2=6.183109e-03 | F1=2.022070e-01 | m1²=0.001009 | m2²=0.999605 | eps_w1=1.834107e+00 | eps_w2=3.299243e-03
[step    69900] t/d= 699.000 | task1=2.083884e-01 | task2=6.182962e-03 | F1=2.022494e-01 | m1²=0.001016 | m2²=0.999605 | eps_w1=1.834648e+00 | eps_w2=3.267261e-03
[step    69950] t/d= 699.500 | task1=2.083719e-01 | task2=6.182972e-03 | F1=2.022328e-01 | m1²=0.001009 | m2²=0.999606 | eps_w1=1.834467e+00 | eps_w2=3.277345e-03
[step    70000] t/d= 700.000 | task1=2.083462e-01 | task2=6.181124e-03 | F1=2.022072e-01 | m1²=0.001017 | m2²=0.999607 | eps_w1=1.834156e+00 | eps_w2=3.291017e-03
[step    70050] t/d= 700.500 | task1=2.083504e-01 | task2=6.181852e-03 | F1=2.022113e-01 | m1²=0.001028 | m2²=0.999609 | eps_w1=1.834270e+00 | eps_w2=3.279607e-03
[step    70100] t/d= 701.000 | task1=2.082840e-01 | task2=6.182238e-03 | F1=2.021450e-01 | m1²=0.001032 | m2²=0.999611 | eps_w1=1.833624e+00 | eps_w2=3.313237e-03
[step    70150] t/d= 701.500 | task1=2.082908e-01 | task2=6.182189e-03 | F1=2.021517e-01 | m1²=0.001033 | m2²=0.999613 | eps_w1=1.833669e+00 | eps_w2=3.305900e-03
[step    70200] t/d= 702.000 | task1=2.082940e-01 | task2=6.181636e-03 | F1=2.021549e-01 | m1²=0.001038 | m2²=0.999621 | eps_w1=1.833545e+00 | eps_w2=3.296591e-03
[step    70250] t/d= 702.500 | task1=2.082935e-01 | task2=6.180530e-03 | F1=2.021544e-01 | m1²=0.001043 | m2²=0.999619 | eps_w1=1.833483e+00 | eps_w2=3.304715e-03
[step    70300] t/d= 703.000 | task1=2.082315e-01 | task2=6.179730e-03 | F1=2.020925e-01 | m1²=0.001051 | m2²=0.999624 | eps_w1=1.832780e+00 | eps_w2=3.335172e-03
[step    70350] t/d= 703.500 | task1=2.081937e-01 | task2=6.178740e-03 | F1=2.020547e-01 | m1²=0.001044 | m2²=0.999624 | eps_w1=1.832351e+00 | eps_w2=3.360456e-03
[step    70400] t/d= 704.000 | task1=2.081756e-01 | task2=6.178976e-03 | F1=2.020366e-01 | m1²=0.001036 | m2²=0.999620 | eps_w1=1.832082e+00 | eps_w2=3.384294e-03
[step    70450] t/d= 704.500 | task1=2.081818e-01 | task2=6.179615e-03 | F1=2.020427e-01 | m1²=0.001034 | m2²=0.999615 | eps_w1=1.832161e+00 | eps_w2=3.390297e-03
[step    70500] t/d= 705.000 | task1=2.082288e-01 | task2=6.181446e-03 | F1=2.020897e-01 | m1²=0.001026 | m2²=0.999612 | eps_w1=1.832796e+00 | eps_w2=3.359034e-03
[step    70550] t/d= 705.500 | task1=2.082031e-01 | task2=6.180481e-03 | F1=2.020640e-01 | m1²=0.001042 | m2²=0.999611 | eps_w1=1.832534e+00 | eps_w2=3.373826e-03
[step    70600] t/d= 706.000 | task1=2.082153e-01 | task2=6.178192e-03 | F1=2.020762e-01 | m1²=0.001045 | m2²=0.999618 | eps_w1=1.832610e+00 | eps_w2=3.355866e-03
[step    70650] t/d= 706.500 | task1=2.082922e-01 | task2=6.176754e-03 | F1=2.021532e-01 | m1²=0.001061 | m2²=0.999623 | eps_w1=1.833579e+00 | eps_w2=3.289642e-03
[step    70700] t/d= 707.000 | task1=2.083119e-01 | task2=6.175801e-03 | F1=2.021728e-01 | m1²=0.001065 | m2²=0.999628 | eps_w1=1.833760e+00 | eps_w2=3.269647e-03
[step    70750] t/d= 707.500 | task1=2.082985e-01 | task2=6.174779e-03 | F1=2.021594e-01 | m1²=0.001063 | m2²=0.999628 | eps_w1=1.833614e+00 | eps_w2=3.276807e-03
[step    70800] t/d= 708.000 | task1=2.082993e-01 | task2=6.175370e-03 | F1=2.021602e-01 | m1²=0.001065 | m2²=0.999627 | eps_w1=1.833553e+00 | eps_w2=3.283347e-03
[step    70850] t/d= 708.500 | task1=2.083419e-01 | task2=6.175143e-03 | F1=2.022029e-01 | m1²=0.001058 | m2²=0.999630 | eps_w1=1.834134e+00 | eps_w2=3.245066e-03
[step    70900] t/d= 709.000 | task1=2.083448e-01 | task2=6.174161e-03 | F1=2.022058e-01 | m1²=0.001056 | m2²=0.999629 | eps_w1=1.834176e+00 | eps_w2=3.245242e-03
[step    70950] t/d= 709.500 | task1=2.084017e-01 | task2=6.173602e-03 | F1=2.022626e-01 | m1²=0.001052 | m2²=0.999628 | eps_w1=1.835003e+00 | eps_w2=3.199466e-03
[step    71000] t/d= 710.000 | task1=2.083687e-01 | task2=6.174367e-03 | F1=2.022296e-01 | m1²=0.001039 | m2²=0.999640 | eps_w1=1.834554e+00 | eps_w2=3.203362e-03
[step    71050] t/d= 710.500 | task1=2.083814e-01 | task2=6.172531e-03 | F1=2.022423e-01 | m1²=0.001044 | m2²=0.999638 | eps_w1=1.834845e+00 | eps_w2=3.190663e-03
[step    71100] t/d= 711.000 | task1=2.083529e-01 | task2=6.174004e-03 | F1=2.022139e-01 | m1²=0.001043 | m2²=0.999637 | eps_w1=1.834537e+00 | eps_w2=3.210414e-03
[step    71150] t/d= 711.500 | task1=2.083715e-01 | task2=6.174423e-03 | F1=2.022324e-01 | m1²=0.001037 | m2²=0.999632 | eps_w1=1.834833e+00 | eps_w2=3.203853e-03
[step    71200] t/d= 712.000 | task1=2.083270e-01 | task2=6.173138e-03 | F1=2.021879e-01 | m1²=0.001026 | m2²=0.999636 | eps_w1=1.834221e+00 | eps_w2=3.230961e-03
[step    71250] t/d= 712.500 | task1=2.083226e-01 | task2=6.172295e-03 | F1=2.021835e-01 | m1²=0.001036 | m2²=0.999634 | eps_w1=1.834038e+00 | eps_w2=3.243967e-03
[step    71300] t/d= 713.000 | task1=2.083304e-01 | task2=6.173556e-03 | F1=2.021914e-01 | m1²=0.001043 | m2²=0.999643 | eps_w1=1.834215e+00 | eps_w2=3.217354e-03
[step    71350] t/d= 713.500 | task1=2.083085e-01 | task2=6.173306e-03 | F1=2.021695e-01 | m1²=0.001043 | m2²=0.999638 | eps_w1=1.833873e+00 | eps_w2=3.246460e-03
[step    71400] t/d= 714.000 | task1=2.082482e-01 | task2=6.171987e-03 | F1=2.021091e-01 | m1²=0.001050 | m2²=0.999636 | eps_w1=1.833156e+00 | eps_w2=3.289761e-03
[step    71450] t/d= 714.500 | task1=2.082675e-01 | task2=6.171468e-03 | F1=2.021284e-01 | m1²=0.001046 | m2²=0.999637 | eps_w1=1.833383e+00 | eps_w2=3.275763e-03
[step    71500] t/d= 715.000 | task1=2.082798e-01 | task2=6.173084e-03 | F1=2.021407e-01 | m1²=0.001042 | m2²=0.999634 | eps_w1=1.833613e+00 | eps_w2=3.269169e-03
[step    71550] t/d= 715.500 | task1=2.083017e-01 | task2=6.174355e-03 | F1=2.021627e-01 | m1²=0.001033 | m2²=0.999640 | eps_w1=1.833851e+00 | eps_w2=3.243850e-03
[step    71600] t/d= 716.000 | task1=2.083275e-01 | task2=6.175199e-03 | F1=2.021885e-01 | m1²=0.001033 | m2²=0.999631 | eps_w1=1.834059e+00 | eps_w2=3.249614e-03
[step    71650] t/d= 716.500 | task1=2.083403e-01 | task2=6.175239e-03 | F1=2.022012e-01 | m1²=0.001033 | m2²=0.999616 | eps_w1=1.834287e+00 | eps_w2=3.264319e-03
[step    71700] t/d= 717.000 | task1=2.083034e-01 | task2=6.173305e-03 | F1=2.021643e-01 | m1²=0.001033 | m2²=0.999612 | eps_w1=1.833868e+00 | eps_w2=3.296615e-03
[step    71750] t/d= 717.500 | task1=2.082811e-01 | task2=6.175707e-03 | F1=2.021420e-01 | m1²=0.001047 | m2²=0.999608 | eps_w1=1.833778e+00 | eps_w2=3.308711e-03
[step    71800] t/d= 718.000 | task1=2.083142e-01 | task2=6.173903e-03 | F1=2.021751e-01 | m1²=0.001042 | m2²=0.999602 | eps_w1=1.834083e+00 | eps_w2=3.302906e-03
[step    71850] t/d= 718.500 | task1=2.082941e-01 | task2=6.173040e-03 | F1=2.021550e-01 | m1²=0.001038 | m2²=0.999604 | eps_w1=1.833835e+00 | eps_w2=3.314023e-03
[step    71900] t/d= 719.000 | task1=2.083025e-01 | task2=6.171125e-03 | F1=2.021634e-01 | m1²=0.001023 | m2²=0.999607 | eps_w1=1.834114e+00 | eps_w2=3.292781e-03
[step    71950] t/d= 719.500 | task1=2.082809e-01 | task2=6.172413e-03 | F1=2.021418e-01 | m1²=0.001024 | m2²=0.999602 | eps_w1=1.833861e+00 | eps_w2=3.317689e-03
[step    72000] t/d= 720.000 | task1=2.083139e-01 | task2=6.171583e-03 | F1=2.021748e-01 | m1²=0.001034 | m2²=0.999600 | eps_w1=1.834235e+00 | eps_w2=3.298094e-03
[step    72050] t/d= 720.500 | task1=2.083611e-01 | task2=6.171315e-03 | F1=2.022220e-01 | m1²=0.001015 | m2²=0.999603 | eps_w1=1.834772e+00 | eps_w2=3.264752e-03
[step    72100] t/d= 721.000 | task1=2.083383e-01 | task2=6.168116e-03 | F1=2.021993e-01 | m1²=0.001025 | m2²=0.999601 | eps_w1=1.834384e+00 | eps_w2=3.289329e-03
[step    72150] t/d= 721.500 | task1=2.082791e-01 | task2=6.166104e-03 | F1=2.021400e-01 | m1²=0.001021 | m2²=0.999597 | eps_w1=1.833744e+00 | eps_w2=3.332638e-03
[step    72200] t/d= 722.000 | task1=2.081985e-01 | task2=6.166689e-03 | F1=2.020595e-01 | m1²=0.001049 | m2²=0.999595 | eps_w1=1.832839e+00 | eps_w2=3.387192e-03
[step    72250] t/d= 722.500 | task1=2.082258e-01 | task2=6.165143e-03 | F1=2.020867e-01 | m1²=0.001042 | m2²=0.999599 | eps_w1=1.833273e+00 | eps_w2=3.353967e-03
[step    72300] t/d= 723.000 | task1=2.082323e-01 | task2=6.164865e-03 | F1=2.020932e-01 | m1²=0.001053 | m2²=0.999606 | eps_w1=1.833353e+00 | eps_w2=3.335178e-03
[step    72350] t/d= 723.500 | task1=2.081546e-01 | task2=6.166606e-03 | F1=2.020155e-01 | m1²=0.001051 | m2²=0.999608 | eps_w1=1.832435e+00 | eps_w2=3.385419e-03
[step    72400] t/d= 724.000 | task1=2.082018e-01 | task2=6.166150e-03 | F1=2.020628e-01 | m1²=0.001048 | m2²=0.999612 | eps_w1=1.833078e+00 | eps_w2=3.340365e-03
[step    72450] t/d= 724.500 | task1=2.081961e-01 | task2=6.164463e-03 | F1=2.020570e-01 | m1²=0.001061 | m2²=0.999609 | eps_w1=1.832939e+00 | eps_w2=3.352351e-03
[step    72500] t/d= 725.000 | task1=2.082488e-01 | task2=6.163751e-03 | F1=2.021098e-01 | m1²=0.001066 | m2²=0.999609 | eps_w1=1.833490e+00 | eps_w2=3.319886e-03
[step    72550] t/d= 725.500 | task1=2.082313e-01 | task2=6.163967e-03 | F1=2.020922e-01 | m1²=0.001072 | m2²=0.999607 | eps_w1=1.833224e+00 | eps_w2=3.338479e-03
[step    72600] t/d= 726.000 | task1=2.082317e-01 | task2=6.162726e-03 | F1=2.020926e-01 | m1²=0.001068 | m2²=0.999613 | eps_w1=1.833322e+00 | eps_w2=3.323199e-03
[step    72650] t/d= 726.500 | task1=2.081873e-01 | task2=6.162790e-03 | F1=2.020483e-01 | m1²=0.001062 | m2²=0.999605 | eps_w1=1.832674e+00 | eps_w2=3.374600e-03
[step    72700] t/d= 727.000 | task1=2.082220e-01 | task2=6.163019e-03 | F1=2.020830e-01 | m1²=0.001058 | m2²=0.999603 | eps_w1=1.833151e+00 | eps_w2=3.351424e-03
[step    72750] t/d= 727.500 | task1=2.082870e-01 | task2=6.163340e-03 | F1=2.021480e-01 | m1²=0.001051 | m2²=0.999603 | eps_w1=1.834006e+00 | eps_w2=3.303647e-03
[step    72800] t/d= 728.000 | task1=2.083493e-01 | task2=6.163997e-03 | F1=2.022102e-01 | m1²=0.001061 | m2²=0.999601 | eps_w1=1.834739e+00 | eps_w2=3.265923e-03
[step    72850] t/d= 728.500 | task1=2.083260e-01 | task2=6.165170e-03 | F1=2.021869e-01 | m1²=0.001061 | m2²=0.999597 | eps_w1=1.834522e+00 | eps_w2=3.284236e-03
[step    72900] t/d= 729.000 | task1=2.083187e-01 | task2=6.163750e-03 | F1=2.021796e-01 | m1²=0.001049 | m2²=0.999609 | eps_w1=1.834391e+00 | eps_w2=3.271282e-03
[step    72950] t/d= 729.500 | task1=2.083362e-01 | task2=6.161227e-03 | F1=2.021972e-01 | m1²=0.001046 | m2²=0.999618 | eps_w1=1.834575e+00 | eps_w2=3.243295e-03
[step    73000] t/d= 730.000 | task1=2.083020e-01 | task2=6.160594e-03 | F1=2.021629e-01 | m1²=0.001037 | m2²=0.999624 | eps_w1=1.834113e+00 | eps_w2=3.259153e-03
[step    73050] t/d= 730.500 | task1=2.082942e-01 | task2=6.163315e-03 | F1=2.021551e-01 | m1²=0.001031 | m2²=0.999631 | eps_w1=1.834036e+00 | eps_w2=3.250585e-03
[step    73100] t/d= 731.000 | task1=2.082719e-01 | task2=6.163901e-03 | F1=2.021328e-01 | m1²=0.001029 | m2²=0.999629 | eps_w1=1.833774e+00 | eps_w2=3.270040e-03
[step    73150] t/d= 731.500 | task1=2.082864e-01 | task2=6.165479e-03 | F1=2.021473e-01 | m1²=0.001026 | m2²=0.999632 | eps_w1=1.833868e+00 | eps_w2=3.259997e-03
[step    73200] t/d= 732.000 | task1=2.082520e-01 | task2=6.166118e-03 | F1=2.021129e-01 | m1²=0.001028 | m2²=0.999635 | eps_w1=1.833432e+00 | eps_w2=3.277541e-03
[step    73250] t/d= 732.500 | task1=2.082752e-01 | task2=6.163946e-03 | F1=2.021361e-01 | m1²=0.001019 | m2²=0.999637 | eps_w1=1.833766e+00 | eps_w2=3.257497e-03
[step    73300] t/d= 733.000 | task1=2.083255e-01 | task2=6.164499e-03 | F1=2.021864e-01 | m1²=0.001023 | m2²=0.999634 | eps_w1=1.834506e+00 | eps_w2=3.218866e-03
[step    73350] t/d= 733.500 | task1=2.082932e-01 | task2=6.163092e-03 | F1=2.021541e-01 | m1²=0.001013 | m2²=0.999638 | eps_w1=1.834025e+00 | eps_w2=3.239564e-03
[step    73400] t/d= 734.000 | task1=2.083077e-01 | task2=6.161074e-03 | F1=2.021687e-01 | m1²=0.001009 | m2²=0.999645 | eps_w1=1.834231e+00 | eps_w2=3.216718e-03
[step    73450] t/d= 734.500 | task1=2.083597e-01 | task2=6.163014e-03 | F1=2.022206e-01 | m1²=0.000999 | m2²=0.999646 | eps_w1=1.834952e+00 | eps_w2=3.173530e-03
[step    73500] t/d= 735.000 | task1=2.083566e-01 | task2=6.162644e-03 | F1=2.022176e-01 | m1²=0.001002 | m2²=0.999649 | eps_w1=1.834948e+00 | eps_w2=3.168872e-03
[step    73550] t/d= 735.500 | task1=2.083644e-01 | task2=6.163647e-03 | F1=2.022253e-01 | m1²=0.000993 | m2²=0.999645 | eps_w1=1.835092e+00 | eps_w2=3.167868e-03
[step    73600] t/d= 736.000 | task1=2.083698e-01 | task2=6.166336e-03 | F1=2.022307e-01 | m1²=0.001006 | m2²=0.999639 | eps_w1=1.835327e+00 | eps_w2=3.165560e-03
[step    73650] t/d= 736.500 | task1=2.083796e-01 | task2=6.170477e-03 | F1=2.022405e-01 | m1²=0.001001 | m2²=0.999642 | eps_w1=1.835505e+00 | eps_w2=3.151278e-03
[step    73700] t/d= 737.000 | task1=2.083273e-01 | task2=6.172118e-03 | F1=2.021882e-01 | m1²=0.001004 | m2²=0.999635 | eps_w1=1.834822e+00 | eps_w2=3.202195e-03
[step    73750] t/d= 737.500 | task1=2.083443e-01 | task2=6.171991e-03 | F1=2.022052e-01 | m1²=0.001017 | m2²=0.999631 | eps_w1=1.835062e+00 | eps_w2=3.194107e-03
[step    73800] t/d= 738.000 | task1=2.083321e-01 | task2=6.173255e-03 | F1=2.021931e-01 | m1²=0.001020 | m2²=0.999639 | eps_w1=1.834974e+00 | eps_w2=3.183291e-03
[step    73850] t/d= 738.500 | task1=2.083936e-01 | task2=6.172162e-03 | F1=2.022546e-01 | m1²=0.001023 | m2²=0.999646 | eps_w1=1.835635e+00 | eps_w2=3.132925e-03
[step    73900] t/d= 739.000 | task1=2.083646e-01 | task2=6.170689e-03 | F1=2.022255e-01 | m1²=0.001024 | m2²=0.999652 | eps_w1=1.835246e+00 | eps_w2=3.143185e-03
[step    73950] t/d= 739.500 | task1=2.083648e-01 | task2=6.170246e-03 | F1=2.022258e-01 | m1²=0.001026 | m2²=0.999655 | eps_w1=1.835242e+00 | eps_w2=3.137395e-03
[step    74000] t/d= 740.000 | task1=2.083845e-01 | task2=6.168978e-03 | F1=2.022454e-01 | m1²=0.001035 | m2²=0.999656 | eps_w1=1.835362e+00 | eps_w2=3.128216e-03
[step    74050] t/d= 740.500 | task1=2.083252e-01 | task2=6.167698e-03 | F1=2.021861e-01 | m1²=0.001036 | m2²=0.999664 | eps_w1=1.834495e+00 | eps_w2=3.162128e-03
[step    74100] t/d= 741.000 | task1=2.083291e-01 | task2=6.169709e-03 | F1=2.021900e-01 | m1²=0.001023 | m2²=0.999668 | eps_w1=1.834633e+00 | eps_w2=3.148390e-03
[step    74150] t/d= 741.500 | task1=2.083505e-01 | task2=6.169369e-03 | F1=2.022114e-01 | m1²=0.001031 | m2²=0.999663 | eps_w1=1.834885e+00 | eps_w2=3.142391e-03
[step    74200] t/d= 742.000 | task1=2.083114e-01 | task2=6.170702e-03 | F1=2.021723e-01 | m1²=0.001029 | m2²=0.999665 | eps_w1=1.834401e+00 | eps_w2=3.166729e-03
[step    74250] t/d= 742.500 | task1=2.083496e-01 | task2=6.170054e-03 | F1=2.022106e-01 | m1²=0.001028 | m2²=0.999652 | eps_w1=1.835063e+00 | eps_w2=3.153821e-03
[step    74300] t/d= 743.000 | task1=2.083633e-01 | task2=6.168905e-03 | F1=2.022243e-01 | m1²=0.001020 | m2²=0.999651 | eps_w1=1.835173e+00 | eps_w2=3.149394e-03
[step    74350] t/d= 743.500 | task1=2.084152e-01 | task2=6.167444e-03 | F1=2.022762e-01 | m1²=0.001016 | m2²=0.999647 | eps_w1=1.835968e+00 | eps_w2=3.113932e-03
[step    74400] t/d= 744.000 | task1=2.084185e-01 | task2=6.168311e-03 | F1=2.022795e-01 | m1²=0.001014 | m2²=0.999646 | eps_w1=1.836118e+00 | eps_w2=3.106436e-03
[step    74450] t/d= 744.500 | task1=2.084111e-01 | task2=6.167101e-03 | F1=2.022720e-01 | m1²=0.001006 | m2²=0.999651 | eps_w1=1.835923e+00 | eps_w2=3.108955e-03
[step    74500] t/d= 745.000 | task1=2.083783e-01 | task2=6.165656e-03 | F1=2.022392e-01 | m1²=0.001015 | m2²=0.999653 | eps_w1=1.835523e+00 | eps_w2=3.127177e-03
[step    74550] t/d= 745.500 | task1=2.083809e-01 | task2=6.164791e-03 | F1=2.022419e-01 | m1²=0.001027 | m2²=0.999651 | eps_w1=1.835493e+00 | eps_w2=3.132253e-03
[step    74600] t/d= 746.000 | task1=2.083690e-01 | task2=6.165275e-03 | F1=2.022299e-01 | m1²=0.001023 | m2²=0.999652 | eps_w1=1.835405e+00 | eps_w2=3.134301e-03
[step    74650] t/d= 746.500 | task1=2.083880e-01 | task2=6.164875e-03 | F1=2.022490e-01 | m1²=0.001030 | m2²=0.999662 | eps_w1=1.835536e+00 | eps_w2=3.108297e-03
[step    74700] t/d= 747.000 | task1=2.084070e-01 | task2=6.163763e-03 | F1=2.022679e-01 | m1²=0.001044 | m2²=0.999659 | eps_w1=1.835813e+00 | eps_w2=3.097180e-03
[step    74750] t/d= 747.500 | task1=2.083853e-01 | task2=6.165487e-03 | F1=2.022462e-01 | m1²=0.001044 | m2²=0.999653 | eps_w1=1.835637e+00 | eps_w2=3.118009e-03
[step    74800] t/d= 748.000 | task1=2.083545e-01 | task2=6.165974e-03 | F1=2.022154e-01 | m1²=0.001037 | m2²=0.999650 | eps_w1=1.835252e+00 | eps_w2=3.145939e-03
[step    74850] t/d= 748.500 | task1=2.083570e-01 | task2=6.164963e-03 | F1=2.022180e-01 | m1²=0.001041 | m2²=0.999653 | eps_w1=1.835196e+00 | eps_w2=3.143607e-03
[step    74900] t/d= 749.000 | task1=2.083912e-01 | task2=6.164586e-03 | F1=2.022521e-01 | m1²=0.001026 | m2²=0.999651 | eps_w1=1.835389e+00 | eps_w2=3.137987e-03
[step    74950] t/d= 749.500 | task1=2.083827e-01 | task2=6.163787e-03 | F1=2.022436e-01 | m1²=0.001032 | m2²=0.999651 | eps_w1=1.835335e+00 | eps_w2=3.139003e-03
[step    75000] t/d= 750.000 | task1=2.083385e-01 | task2=6.164609e-03 | F1=2.021994e-01 | m1²=0.001034 | m2²=0.999655 | eps_w1=1.834793e+00 | eps_w2=3.161805e-03
[step    75050] t/d= 750.500 | task1=2.083196e-01 | task2=6.163354e-03 | F1=2.021805e-01 | m1²=0.001035 | m2²=0.999656 | eps_w1=1.834593e+00 | eps_w2=3.171528e-03
[step    75100] t/d= 751.000 | task1=2.083434e-01 | task2=6.164754e-03 | F1=2.022043e-01 | m1²=0.001038 | m2²=0.999657 | eps_w1=1.834974e+00 | eps_w2=3.147857e-03
[step    75150] t/d= 751.500 | task1=2.083689e-01 | task2=6.166165e-03 | F1=2.022298e-01 | m1²=0.001035 | m2²=0.999663 | eps_w1=1.835251e+00 | eps_w2=3.122092e-03
[step    75200] t/d= 752.000 | task1=2.083770e-01 | task2=6.165162e-03 | F1=2.022380e-01 | m1²=0.001021 | m2²=0.999662 | eps_w1=1.835367e+00 | eps_w2=3.118940e-03
[step    75250] t/d= 752.500 | task1=2.083732e-01 | task2=6.166699e-03 | F1=2.022341e-01 | m1²=0.001032 | m2²=0.999659 | eps_w1=1.835353e+00 | eps_w2=3.124199e-03
[step    75300] t/d= 753.000 | task1=2.083759e-01 | task2=6.166760e-03 | F1=2.022369e-01 | m1²=0.001048 | m2²=0.999658 | eps_w1=1.835391e+00 | eps_w2=3.120782e-03
[step    75350] t/d= 753.500 | task1=2.083962e-01 | task2=6.170325e-03 | F1=2.022571e-01 | m1²=0.001043 | m2²=0.999647 | eps_w1=1.835830e+00 | eps_w2=3.118184e-03
[step    75400] t/d= 754.000 | task1=2.084225e-01 | task2=6.169498e-03 | F1=2.022834e-01 | m1²=0.001033 | m2²=0.999650 | eps_w1=1.836081e+00 | eps_w2=3.100014e-03
[step    75450] t/d= 754.500 | task1=2.083906e-01 | task2=6.169040e-03 | F1=2.022515e-01 | m1²=0.001038 | m2²=0.999648 | eps_w1=1.835615e+00 | eps_w2=3.128573e-03
[step    75500] t/d= 755.000 | task1=2.083768e-01 | task2=6.170870e-03 | F1=2.022378e-01 | m1²=0.001021 | m2²=0.999642 | eps_w1=1.835378e+00 | eps_w2=3.154833e-03
[step    75550] t/d= 755.500 | task1=2.083932e-01 | task2=6.170115e-03 | F1=2.022542e-01 | m1²=0.001027 | m2²=0.999641 | eps_w1=1.835449e+00 | eps_w2=3.153231e-03
[step    75600] t/d= 756.000 | task1=2.083366e-01 | task2=6.170373e-03 | F1=2.021975e-01 | m1²=0.001020 | m2²=0.999646 | eps_w1=1.834715e+00 | eps_w2=3.184815e-03
[step    75650] t/d= 756.500 | task1=2.083052e-01 | task2=6.170700e-03 | F1=2.021661e-01 | m1²=0.001017 | m2²=0.999654 | eps_w1=1.834254e+00 | eps_w2=3.196280e-03
[step    75700] t/d= 757.000 | task1=2.083112e-01 | task2=6.166682e-03 | F1=2.021722e-01 | m1²=0.001008 | m2²=0.999649 | eps_w1=1.834323e+00 | eps_w2=3.202366e-03
[step    75750] t/d= 757.500 | task1=2.083365e-01 | task2=6.167318e-03 | F1=2.021974e-01 | m1²=0.000989 | m2²=0.999649 | eps_w1=1.834562e+00 | eps_w2=3.191996e-03
[step    75800] t/d= 758.000 | task1=2.083427e-01 | task2=6.165640e-03 | F1=2.022036e-01 | m1²=0.000988 | m2²=0.999649 | eps_w1=1.834484e+00 | eps_w2=3.195329e-03
[step    75850] t/d= 758.500 | task1=2.082931e-01 | task2=6.165822e-03 | F1=2.021540e-01 | m1²=0.000987 | m2²=0.999648 | eps_w1=1.834008e+00 | eps_w2=3.225700e-03
[step    75900] t/d= 759.000 | task1=2.083326e-01 | task2=6.166892e-03 | F1=2.021936e-01 | m1²=0.000987 | m2²=0.999643 | eps_w1=1.834306e+00 | eps_w2=3.216897e-03
[step    75950] t/d= 759.500 | task1=2.082978e-01 | task2=6.163720e-03 | F1=2.021588e-01 | m1²=0.000992 | m2²=0.999648 | eps_w1=1.833853e+00 | eps_w2=3.233716e-03
[step    76000] t/d= 760.000 | task1=2.083289e-01 | task2=6.165650e-03 | F1=2.021898e-01 | m1²=0.000994 | m2²=0.999645 | eps_w1=1.834351e+00 | eps_w2=3.210189e-03
[step    76050] t/d= 760.500 | task1=2.082957e-01 | task2=6.163894e-03 | F1=2.021567e-01 | m1²=0.000988 | m2²=0.999644 | eps_w1=1.833788e+00 | eps_w2=3.245113e-03
[step    76100] t/d= 761.000 | task1=2.082815e-01 | task2=6.163297e-03 | F1=2.021424e-01 | m1²=0.000988 | m2²=0.999651 | eps_w1=1.833597e+00 | eps_w2=3.242355e-03
[step    76150] t/d= 761.500 | task1=2.082551e-01 | task2=6.165911e-03 | F1=2.021160e-01 | m1²=0.000980 | m2²=0.999655 | eps_w1=1.833424e+00 | eps_w2=3.246810e-03
[step    76200] t/d= 762.000 | task1=2.082541e-01 | task2=6.164425e-03 | F1=2.021150e-01 | m1²=0.000977 | m2²=0.999658 | eps_w1=1.833493e+00 | eps_w2=3.237256e-03
[step    76250] t/d= 762.500 | task1=2.082775e-01 | task2=6.163353e-03 | F1=2.021385e-01 | m1²=0.000974 | m2²=0.999663 | eps_w1=1.833883e+00 | eps_w2=3.205160e-03
[step    76300] t/d= 763.000 | task1=2.083155e-01 | task2=6.164380e-03 | F1=2.021764e-01 | m1²=0.000972 | m2²=0.999660 | eps_w1=1.834361e+00 | eps_w2=3.182957e-03
[step    76350] t/d= 763.500 | task1=2.083299e-01 | task2=6.166420e-03 | F1=2.021909e-01 | m1²=0.000991 | m2²=0.999651 | eps_w1=1.834494e+00 | eps_w2=3.190687e-03
[step    76400] t/d= 764.000 | task1=2.082978e-01 | task2=6.167324e-03 | F1=2.021587e-01 | m1²=0.001006 | m2²=0.999650 | eps_w1=1.834152e+00 | eps_w2=3.211123e-03
[step    76450] t/d= 764.500 | task1=2.082803e-01 | task2=6.167477e-03 | F1=2.021413e-01 | m1²=0.001008 | m2²=0.999651 | eps_w1=1.833899e+00 | eps_w2=3.224251e-03
[step    76500] t/d= 765.000 | task1=2.082394e-01 | task2=6.167885e-03 | F1=2.021004e-01 | m1²=0.000999 | m2²=0.999643 | eps_w1=1.833393e+00 | eps_w2=3.268993e-03
[step    76550] t/d= 765.500 | task1=2.082297e-01 | task2=6.167263e-03 | F1=2.020906e-01 | m1²=0.000996 | m2²=0.999645 | eps_w1=1.833379e+00 | eps_w2=3.265200e-03
[step    76600] t/d= 766.000 | task1=2.081983e-01 | task2=6.169517e-03 | F1=2.020593e-01 | m1²=0.000984 | m2²=0.999648 | eps_w1=1.832984e+00 | eps_w2=3.285064e-03
[step    76650] t/d= 766.500 | task1=2.082244e-01 | task2=6.172160e-03 | F1=2.020854e-01 | m1²=0.000995 | m2²=0.999644 | eps_w1=1.833167e+00 | eps_w2=3.279189e-03
[step    76700] t/d= 767.000 | task1=2.081838e-01 | task2=6.172454e-03 | F1=2.020448e-01 | m1²=0.001000 | m2²=0.999650 | eps_w1=1.832728e+00 | eps_w2=3.293576e-03
[step    76750] t/d= 767.500 | task1=2.082125e-01 | task2=6.172188e-03 | F1=2.020734e-01 | m1²=0.001012 | m2²=0.999648 | eps_w1=1.833123e+00 | eps_w2=3.272388e-03
[step    76800] t/d= 768.000 | task1=2.081926e-01 | task2=6.175215e-03 | F1=2.020536e-01 | m1²=0.001014 | m2²=0.999643 | eps_w1=1.832866e+00 | eps_w2=3.298362e-03
[step    76850] t/d= 768.500 | task1=2.082300e-01 | task2=6.178204e-03 | F1=2.020910e-01 | m1²=0.001012 | m2²=0.999640 | eps_w1=1.833232e+00 | eps_w2=3.281554e-03
[step    76900] t/d= 769.000 | task1=2.082190e-01 | task2=6.177063e-03 | F1=2.020799e-01 | m1²=0.001021 | m2²=0.999640 | eps_w1=1.833180e+00 | eps_w2=3.284830e-03
[step    76950] t/d= 769.500 | task1=2.082098e-01 | task2=6.178455e-03 | F1=2.020708e-01 | m1²=0.001017 | m2²=0.999633 | eps_w1=1.833251e+00 | eps_w2=3.293884e-03
[step    77000] t/d= 770.000 | task1=2.081382e-01 | task2=6.179503e-03 | F1=2.019991e-01 | m1²=0.001011 | m2²=0.999631 | eps_w1=1.832457e+00 | eps_w2=3.344022e-03
[step    77050] t/d= 770.500 | task1=2.080717e-01 | task2=6.181355e-03 | F1=2.019327e-01 | m1²=0.001024 | m2²=0.999636 | eps_w1=1.831717e+00 | eps_w2=3.377075e-03
[step    77100] t/d= 771.000 | task1=2.080672e-01 | task2=6.179535e-03 | F1=2.019281e-01 | m1²=0.001033 | m2²=0.999640 | eps_w1=1.831697e+00 | eps_w2=3.369973e-03
[step    77150] t/d= 771.500 | task1=2.080828e-01 | task2=6.178796e-03 | F1=2.019437e-01 | m1²=0.001044 | m2²=0.999646 | eps_w1=1.831883e+00 | eps_w2=3.345014e-03
[step    77200] t/d= 772.000 | task1=2.081455e-01 | task2=6.179324e-03 | F1=2.020065e-01 | m1²=0.001038 | m2²=0.999639 | eps_w1=1.832822e+00 | eps_w2=3.305027e-03
[step    77250] t/d= 772.500 | task1=2.081772e-01 | task2=6.178428e-03 | F1=2.020382e-01 | m1²=0.001029 | m2²=0.999636 | eps_w1=1.833235e+00 | eps_w2=3.288321e-03
[step    77300] t/d= 773.000 | task1=2.081781e-01 | task2=6.180629e-03 | F1=2.020390e-01 | m1²=0.001024 | m2²=0.999633 | eps_w1=1.833272e+00 | eps_w2=3.291191e-03
[step    77350] t/d= 773.500 | task1=2.081725e-01 | task2=6.179708e-03 | F1=2.020335e-01 | m1²=0.001032 | m2²=0.999633 | eps_w1=1.833203e+00 | eps_w2=3.295319e-03
[step    77400] t/d= 774.000 | task1=2.082113e-01 | task2=6.179189e-03 | F1=2.020723e-01 | m1²=0.001034 | m2²=0.999633 | eps_w1=1.833697e+00 | eps_w2=3.267206e-03
[step    77450] t/d= 774.500 | task1=2.081634e-01 | task2=6.180448e-03 | F1=2.020244e-01 | m1²=0.001039 | m2²=0.999630 | eps_w1=1.833127e+00 | eps_w2=3.304089e-03
[step    77500] t/d= 775.000 | task1=2.082365e-01 | task2=6.178437e-03 | F1=2.020975e-01 | m1²=0.001024 | m2²=0.999634 | eps_w1=1.833951e+00 | eps_w2=3.250657e-03
[step    77550] t/d= 775.500 | task1=2.082025e-01 | task2=6.178371e-03 | F1=2.020634e-01 | m1²=0.001028 | m2²=0.999629 | eps_w1=1.833499e+00 | eps_w2=3.286406e-03
[step    77600] t/d= 776.000 | task1=2.081596e-01 | task2=6.175082e-03 | F1=2.020205e-01 | m1²=0.001027 | m2²=0.999634 | eps_w1=1.833049e+00 | eps_w2=3.302787e-03
[step    77650] t/d= 776.500 | task1=2.081497e-01 | task2=6.174447e-03 | F1=2.020106e-01 | m1²=0.001025 | m2²=0.999638 | eps_w1=1.832882e+00 | eps_w2=3.305492e-03
[step    77700] t/d= 777.000 | task1=2.081360e-01 | task2=6.173402e-03 | F1=2.019970e-01 | m1²=0.001032 | m2²=0.999634 | eps_w1=1.832777e+00 | eps_w2=3.317761e-03
[step    77750] t/d= 777.500 | task1=2.081720e-01 | task2=6.173619e-03 | F1=2.020329e-01 | m1²=0.001040 | m2²=0.999636 | eps_w1=1.833215e+00 | eps_w2=3.288449e-03
[step    77800] t/d= 778.000 | task1=2.082097e-01 | task2=6.173029e-03 | F1=2.020706e-01 | m1²=0.001041 | m2²=0.999631 | eps_w1=1.833819e+00 | eps_w2=3.262684e-03
[step    77850] t/d= 778.500 | task1=2.082407e-01 | task2=6.172308e-03 | F1=2.021016e-01 | m1²=0.001044 | m2²=0.999630 | eps_w1=1.834155e+00 | eps_w2=3.244339e-03
[step    77900] t/d= 779.000 | task1=2.082250e-01 | task2=6.176524e-03 | F1=2.020859e-01 | m1²=0.001061 | m2²=0.999629 | eps_w1=1.834054e+00 | eps_w2=3.251026e-03
[step    77950] t/d= 779.500 | task1=2.082245e-01 | task2=6.175269e-03 | F1=2.020854e-01 | m1²=0.001069 | m2²=0.999630 | eps_w1=1.833960e+00 | eps_w2=3.252859e-03
[step    78000] t/d= 780.000 | task1=2.082562e-01 | task2=6.174630e-03 | F1=2.021172e-01 | m1²=0.001065 | m2²=0.999633 | eps_w1=1.834362e+00 | eps_w2=3.225933e-03
[step    78050] t/d= 780.500 | task1=2.082980e-01 | task2=6.175338e-03 | F1=2.021590e-01 | m1²=0.001053 | m2²=0.999635 | eps_w1=1.834784e+00 | eps_w2=3.199822e-03
[step    78100] t/d= 781.000 | task1=2.083441e-01 | task2=6.175022e-03 | F1=2.022051e-01 | m1²=0.001050 | m2²=0.999635 | eps_w1=1.835381e+00 | eps_w2=3.166289e-03
[step    78150] t/d= 781.500 | task1=2.082834e-01 | task2=6.174123e-03 | F1=2.021443e-01 | m1²=0.001055 | m2²=0.999638 | eps_w1=1.834624e+00 | eps_w2=3.202126e-03
[step    78200] t/d= 782.000 | task1=2.082321e-01 | task2=6.174230e-03 | F1=2.020930e-01 | m1²=0.001040 | m2²=0.999639 | eps_w1=1.834009e+00 | eps_w2=3.237130e-03
[step    78250] t/d= 782.500 | task1=2.082270e-01 | task2=6.174505e-03 | F1=2.020879e-01 | m1²=0.001039 | m2²=0.999638 | eps_w1=1.833904e+00 | eps_w2=3.244237e-03
[step    78300] t/d= 783.000 | task1=2.081530e-01 | task2=6.174932e-03 | F1=2.020139e-01 | m1²=0.001026 | m2²=0.999643 | eps_w1=1.833116e+00 | eps_w2=3.281642e-03
[step    78350] t/d= 783.500 | task1=2.081587e-01 | task2=6.175512e-03 | F1=2.020197e-01 | m1²=0.001024 | m2²=0.999633 | eps_w1=1.833265e+00 | eps_w2=3.293098e-03
[step    78400] t/d= 784.000 | task1=2.081379e-01 | task2=6.175578e-03 | F1=2.019989e-01 | m1²=0.001018 | m2²=0.999630 | eps_w1=1.832952e+00 | eps_w2=3.315836e-03
[step    78450] t/d= 784.500 | task1=2.081039e-01 | task2=6.174660e-03 | F1=2.019648e-01 | m1²=0.001011 | m2²=0.999628 | eps_w1=1.832401e+00 | eps_w2=3.353457e-03
[step    78500] t/d= 785.000 | task1=2.081288e-01 | task2=6.174463e-03 | F1=2.019897e-01 | m1²=0.001007 | m2²=0.999632 | eps_w1=1.832588e+00 | eps_w2=3.335009e-03
[step    78550] t/d= 785.500 | task1=2.081389e-01 | task2=6.172460e-03 | F1=2.019998e-01 | m1²=0.000997 | m2²=0.999638 | eps_w1=1.832646e+00 | eps_w2=3.321218e-03
[step    78600] t/d= 786.000 | task1=2.081761e-01 | task2=6.172116e-03 | F1=2.020370e-01 | m1²=0.000998 | m2²=0.999638 | eps_w1=1.833151e+00 | eps_w2=3.292642e-03
[step    78650] t/d= 786.500 | task1=2.081382e-01 | task2=6.173561e-03 | F1=2.019991e-01 | m1²=0.001002 | m2²=0.999644 | eps_w1=1.832673e+00 | eps_w2=3.307373e-03
[step    78700] t/d= 787.000 | task1=2.081488e-01 | task2=6.173700e-03 | F1=2.020097e-01 | m1²=0.000990 | m2²=0.999644 | eps_w1=1.832669e+00 | eps_w2=3.309751e-03
[step    78750] t/d= 787.500 | task1=2.081358e-01 | task2=6.175343e-03 | F1=2.019967e-01 | m1²=0.000993 | m2²=0.999642 | eps_w1=1.832542e+00 | eps_w2=3.319511e-03
[step    78800] t/d= 788.000 | task1=2.081625e-01 | task2=6.173434e-03 | F1=2.020234e-01 | m1²=0.000997 | m2²=0.999641 | eps_w1=1.832854e+00 | eps_w2=3.304150e-03
[step    78850] t/d= 788.500 | task1=2.081723e-01 | task2=6.173904e-03 | F1=2.020333e-01 | m1²=0.000986 | m2²=0.999644 | eps_w1=1.833035e+00 | eps_w2=3.288801e-03
[step    78900] t/d= 789.000 | task1=2.082363e-01 | task2=6.170814e-03 | F1=2.020972e-01 | m1²=0.000986 | m2²=0.999646 | eps_w1=1.833695e+00 | eps_w2=3.246697e-03
[step    78950] t/d= 789.500 | task1=2.082228e-01 | task2=6.172604e-03 | F1=2.020838e-01 | m1²=0.000993 | m2²=0.999645 | eps_w1=1.833441e+00 | eps_w2=3.262715e-03
[step    79000] t/d= 790.000 | task1=2.081704e-01 | task2=6.173391e-03 | F1=2.020313e-01 | m1²=0.000995 | m2²=0.999645 | eps_w1=1.832890e+00 | eps_w2=3.293450e-03
[step    79050] t/d= 790.500 | task1=2.082040e-01 | task2=6.172543e-03 | F1=2.020649e-01 | m1²=0.000990 | m2²=0.999637 | eps_w1=1.833292e+00 | eps_w2=3.286110e-03
[step    79100] t/d= 791.000 | task1=2.082194e-01 | task2=6.172148e-03 | F1=2.020803e-01 | m1²=0.000984 | m2²=0.999641 | eps_w1=1.833386e+00 | eps_w2=3.275300e-03
[step    79150] t/d= 791.500 | task1=2.082880e-01 | task2=6.174458e-03 | F1=2.021489e-01 | m1²=0.000986 | m2²=0.999635 | eps_w1=1.834341e+00 | eps_w2=3.231010e-03
[step    79200] t/d= 792.000 | task1=2.083412e-01 | task2=6.175031e-03 | F1=2.022022e-01 | m1²=0.000964 | m2²=0.999636 | eps_w1=1.835081e+00 | eps_w2=3.188894e-03
[step    79250] t/d= 792.500 | task1=2.083198e-01 | task2=6.174548e-03 | F1=2.021807e-01 | m1²=0.000975 | m2²=0.999632 | eps_w1=1.834601e+00 | eps_w2=3.222496e-03
[step    79300] t/d= 793.000 | task1=2.083070e-01 | task2=6.176308e-03 | F1=2.021680e-01 | m1²=0.000990 | m2²=0.999632 | eps_w1=1.834089e+00 | eps_w2=3.250448e-03
[step    79350] t/d= 793.500 | task1=2.083697e-01 | task2=6.177773e-03 | F1=2.022306e-01 | m1²=0.001006 | m2²=0.999626 | eps_w1=1.834849e+00 | eps_w2=3.216676e-03
[step    79400] t/d= 794.000 | task1=2.083297e-01 | task2=6.179211e-03 | F1=2.021906e-01 | m1²=0.001010 | m2²=0.999623 | eps_w1=1.834430e+00 | eps_w2=3.246585e-03
[step    79450] t/d= 794.500 | task1=2.082746e-01 | task2=6.178442e-03 | F1=2.021355e-01 | m1²=0.001010 | m2²=0.999631 | eps_w1=1.833680e+00 | eps_w2=3.274134e-03
[step    79500] t/d= 795.000 | task1=2.083054e-01 | task2=6.177959e-03 | F1=2.021663e-01 | m1²=0.001015 | m2²=0.999630 | eps_w1=1.834078e+00 | eps_w2=3.252071e-03
[step    79550] t/d= 795.500 | task1=2.082919e-01 | task2=6.178781e-03 | F1=2.021528e-01 | m1²=0.001005 | m2²=0.999631 | eps_w1=1.834092e+00 | eps_w2=3.251357e-03
[step    79600] t/d= 796.000 | task1=2.082800e-01 | task2=6.177848e-03 | F1=2.021409e-01 | m1²=0.001026 | m2²=0.999635 | eps_w1=1.833874e+00 | eps_w2=3.254137e-03
[step    79650] t/d= 796.500 | task1=2.082853e-01 | task2=6.176885e-03 | F1=2.021462e-01 | m1²=0.001033 | m2²=0.999631 | eps_w1=1.833800e+00 | eps_w2=3.265146e-03
[step    79700] t/d= 797.000 | task1=2.082835e-01 | task2=6.177746e-03 | F1=2.021444e-01 | m1²=0.001029 | m2²=0.999629 | eps_w1=1.833804e+00 | eps_w2=3.267601e-03
[step    79750] t/d= 797.500 | task1=2.082401e-01 | task2=6.176096e-03 | F1=2.021010e-01 | m1²=0.001020 | m2²=0.999631 | eps_w1=1.833264e+00 | eps_w2=3.296187e-03
[step    79800] t/d= 798.000 | task1=2.082440e-01 | task2=6.174443e-03 | F1=2.021050e-01 | m1²=0.001018 | m2²=0.999634 | eps_w1=1.833190e+00 | eps_w2=3.295865e-03
[step    79850] t/d= 798.500 | task1=2.082653e-01 | task2=6.170998e-03 | F1=2.021263e-01 | m1²=0.001016 | m2²=0.999627 | eps_w1=1.833413e+00 | eps_w2=3.295838e-03
[step    79900] t/d= 799.000 | task1=2.082849e-01 | task2=6.170188e-03 | F1=2.021459e-01 | m1²=0.001024 | m2²=0.999630 | eps_w1=1.833616e+00 | eps_w2=3.277514e-03
[step    79950] t/d= 799.500 | task1=2.082339e-01 | task2=6.169208e-03 | F1=2.020949e-01 | m1²=0.001024 | m2²=0.999630 | eps_w1=1.833004e+00 | eps_w2=3.313301e-03
[step    80000] t/d= 800.000 | task1=2.082698e-01 | task2=6.166669e-03 | F1=2.021308e-01 | m1²=0.001037 | m2²=0.999623 | eps_w1=1.833456e+00 | eps_w2=3.299178e-03
[step    80050] t/d= 800.500 | task1=2.083123e-01 | task2=6.166932e-03 | F1=2.021732e-01 | m1²=0.001037 | m2²=0.999619 | eps_w1=1.834036e+00 | eps_w2=3.273945e-03
[step    80100] t/d= 801.000 | task1=2.082895e-01 | task2=6.168563e-03 | F1=2.021505e-01 | m1²=0.001034 | m2²=0.999632 | eps_w1=1.833708e+00 | eps_w2=3.267195e-03
[step    80150] t/d= 801.500 | task1=2.082251e-01 | task2=6.167929e-03 | F1=2.020860e-01 | m1²=0.001031 | m2²=0.999637 | eps_w1=1.833160e+00 | eps_w2=3.289947e-03
[step    80200] t/d= 802.000 | task1=2.082838e-01 | task2=6.169083e-03 | F1=2.021447e-01 | m1²=0.001029 | m2²=0.999635 | eps_w1=1.833860e+00 | eps_w2=3.254000e-03
[step    80250] t/d= 802.500 | task1=2.082868e-01 | task2=6.171358e-03 | F1=2.021477e-01 | m1²=0.001035 | m2²=0.999633 | eps_w1=1.833979e+00 | eps_w2=3.251062e-03
[step    80300] t/d= 803.000 | task1=2.082514e-01 | task2=6.171727e-03 | F1=2.021123e-01 | m1²=0.001030 | m2²=0.999632 | eps_w1=1.833578e+00 | eps_w2=3.274855e-03
[step    80350] t/d= 803.500 | task1=2.082706e-01 | task2=6.170753e-03 | F1=2.021315e-01 | m1²=0.001043 | m2²=0.999630 | eps_w1=1.833858e+00 | eps_w2=3.262829e-03
[step    80400] t/d= 804.000 | task1=2.082972e-01 | task2=6.170968e-03 | F1=2.021582e-01 | m1²=0.001047 | m2²=0.999640 | eps_w1=1.834065e+00 | eps_w2=3.231605e-03
[step    80450] t/d= 804.500 | task1=2.082937e-01 | task2=6.170159e-03 | F1=2.021546e-01 | m1²=0.001046 | m2²=0.999641 | eps_w1=1.834170e+00 | eps_w2=3.222280e-03
[step    80500] t/d= 805.000 | task1=2.082698e-01 | task2=6.169358e-03 | F1=2.021308e-01 | m1²=0.001048 | m2²=0.999640 | eps_w1=1.833894e+00 | eps_w2=3.239798e-03
[step    80550] t/d= 805.500 | task1=2.082897e-01 | task2=6.170347e-03 | F1=2.021507e-01 | m1²=0.001047 | m2²=0.999644 | eps_w1=1.834065e+00 | eps_w2=3.223807e-03
[step    80600] t/d= 806.000 | task1=2.083319e-01 | task2=6.171522e-03 | F1=2.021928e-01 | m1²=0.001053 | m2²=0.999636 | eps_w1=1.834315e+00 | eps_w2=3.222792e-03
[step    80650] t/d= 806.500 | task1=2.083406e-01 | task2=6.172206e-03 | F1=2.022015e-01 | m1²=0.001057 | m2²=0.999641 | eps_w1=1.834403e+00 | eps_w2=3.208690e-03
[step    80700] t/d= 807.000 | task1=2.083644e-01 | task2=6.170956e-03 | F1=2.022254e-01 | m1²=0.001058 | m2²=0.999647 | eps_w1=1.834796e+00 | eps_w2=3.175613e-03
[step    80750] t/d= 807.500 | task1=2.083250e-01 | task2=6.169357e-03 | F1=2.021859e-01 | m1²=0.001064 | m2²=0.999646 | eps_w1=1.834295e+00 | eps_w2=3.204639e-03
[step    80800] t/d= 808.000 | task1=2.083268e-01 | task2=6.168309e-03 | F1=2.021878e-01 | m1²=0.001090 | m2²=0.999643 | eps_w1=1.834316e+00 | eps_w2=3.205547e-03
[step    80850] t/d= 808.500 | task1=2.083249e-01 | task2=6.168041e-03 | F1=2.021858e-01 | m1²=0.001086 | m2²=0.999645 | eps_w1=1.834261e+00 | eps_w2=3.206221e-03
[step    80900] t/d= 809.000 | task1=2.083349e-01 | task2=6.167275e-03 | F1=2.021958e-01 | m1²=0.001094 | m2²=0.999640 | eps_w1=1.834380e+00 | eps_w2=3.207119e-03
[step    80950] t/d= 809.500 | task1=2.083251e-01 | task2=6.167435e-03 | F1=2.021861e-01 | m1²=0.001087 | m2²=0.999644 | eps_w1=1.834311e+00 | eps_w2=3.205805e-03
[step    81000] t/d= 810.000 | task1=2.083644e-01 | task2=6.167421e-03 | F1=2.022254e-01 | m1²=0.001098 | m2²=0.999645 | eps_w1=1.834784e+00 | eps_w2=3.174906e-03
[step    81050] t/d= 810.500 | task1=2.083826e-01 | task2=6.166812e-03 | F1=2.022435e-01 | m1²=0.001099 | m2²=0.999651 | eps_w1=1.835074e+00 | eps_w2=3.146853e-03
[step    81100] t/d= 811.000 | task1=2.083135e-01 | task2=6.164984e-03 | F1=2.021744e-01 | m1²=0.001108 | m2²=0.999655 | eps_w1=1.834298e+00 | eps_w2=3.183385e-03
[step    81150] t/d= 811.500 | task1=2.083325e-01 | task2=6.166149e-03 | F1=2.021934e-01 | m1²=0.001114 | m2²=0.999651 | eps_w1=1.834526e+00 | eps_w2=3.177039e-03
[step    81200] t/d= 812.000 | task1=2.082829e-01 | task2=6.165956e-03 | F1=2.021438e-01 | m1²=0.001101 | m2²=0.999643 | eps_w1=1.833902e+00 | eps_w2=3.229101e-03
[step    81250] t/d= 812.500 | task1=2.083179e-01 | task2=6.166073e-03 | F1=2.021788e-01 | m1²=0.001093 | m2²=0.999645 | eps_w1=1.834357e+00 | eps_w2=3.200036e-03
[step    81300] t/d= 813.000 | task1=2.082969e-01 | task2=6.163670e-03 | F1=2.021579e-01 | m1²=0.001101 | m2²=0.999648 | eps_w1=1.834095e+00 | eps_w2=3.207786e-03
[step    81350] t/d= 813.500 | task1=2.082562e-01 | task2=6.160017e-03 | F1=2.021172e-01 | m1²=0.001091 | m2²=0.999646 | eps_w1=1.833511e+00 | eps_w2=3.246157e-03
[step    81400] t/d= 814.000 | task1=2.082554e-01 | task2=6.158468e-03 | F1=2.021163e-01 | m1²=0.001069 | m2²=0.999641 | eps_w1=1.833412e+00 | eps_w2=3.263486e-03
[step    81450] t/d= 814.500 | task1=2.082708e-01 | task2=6.157178e-03 | F1=2.021318e-01 | m1²=0.001059 | m2²=0.999646 | eps_w1=1.833614e+00 | eps_w2=3.243571e-03
[step    81500] t/d= 815.000 | task1=2.082651e-01 | task2=6.157896e-03 | F1=2.021260e-01 | m1²=0.001051 | m2²=0.999655 | eps_w1=1.833440e+00 | eps_w2=3.237413e-03
[step    81550] t/d= 815.500 | task1=2.082674e-01 | task2=6.156592e-03 | F1=2.021283e-01 | m1²=0.001060 | m2²=0.999656 | eps_w1=1.833536e+00 | eps_w2=3.229981e-03
[step    81600] t/d= 816.000 | task1=2.082655e-01 | task2=6.154851e-03 | F1=2.021265e-01 | m1²=0.001060 | m2²=0.999656 | eps_w1=1.833523e+00 | eps_w2=3.230799e-03
[step    81650] t/d= 816.500 | task1=2.082622e-01 | task2=6.154318e-03 | F1=2.021231e-01 | m1²=0.001061 | m2²=0.999665 | eps_w1=1.833510e+00 | eps_w2=3.213908e-03
[step    81700] t/d= 817.000 | task1=2.082570e-01 | task2=6.154361e-03 | F1=2.021179e-01 | m1²=0.001053 | m2²=0.999661 | eps_w1=1.833426e+00 | eps_w2=3.226717e-03
[step    81750] t/d= 817.500 | task1=2.082547e-01 | task2=6.155680e-03 | F1=2.021157e-01 | m1²=0.001054 | m2²=0.999659 | eps_w1=1.833485e+00 | eps_w2=3.227348e-03
[step    81800] t/d= 818.000 | task1=2.082464e-01 | task2=6.153949e-03 | F1=2.021073e-01 | m1²=0.001039 | m2²=0.999671 | eps_w1=1.833261e+00 | eps_w2=3.219420e-03
[step    81850] t/d= 818.500 | task1=2.082814e-01 | task2=6.156016e-03 | F1=2.021423e-01 | m1²=0.001039 | m2²=0.999672 | eps_w1=1.833650e+00 | eps_w2=3.194759e-03
[step    81900] t/d= 819.000 | task1=2.082935e-01 | task2=6.154907e-03 | F1=2.021544e-01 | m1²=0.001025 | m2²=0.999668 | eps_w1=1.833816e+00 | eps_w2=3.194024e-03
[step    81950] t/d= 819.500 | task1=2.083419e-01 | task2=6.154369e-03 | F1=2.022028e-01 | m1²=0.001018 | m2²=0.999673 | eps_w1=1.834559e+00 | eps_w2=3.143716e-03
[step    82000] t/d= 820.000 | task1=2.084003e-01 | task2=6.155089e-03 | F1=2.022612e-01 | m1²=0.001010 | m2²=0.999678 | eps_w1=1.835204e+00 | eps_w2=3.098320e-03
[step    82050] t/d= 820.500 | task1=2.084373e-01 | task2=6.157361e-03 | F1=2.022982e-01 | m1²=0.001001 | m2²=0.999678 | eps_w1=1.835719e+00 | eps_w2=3.069101e-03
[step    82100] t/d= 821.000 | task1=2.084120e-01 | task2=6.157662e-03 | F1=2.022730e-01 | m1²=0.001003 | m2²=0.999678 | eps_w1=1.835479e+00 | eps_w2=3.084184e-03
[step    82150] t/d= 821.500 | task1=2.084054e-01 | task2=6.157222e-03 | F1=2.022664e-01 | m1²=0.001003 | m2²=0.999675 | eps_w1=1.835488e+00 | eps_w2=3.087420e-03
[step    82200] t/d= 822.000 | task1=2.084061e-01 | task2=6.157187e-03 | F1=2.022671e-01 | m1²=0.001013 | m2²=0.999669 | eps_w1=1.835512e+00 | eps_w2=3.096604e-03
[step    82250] t/d= 822.500 | task1=2.083773e-01 | task2=6.157382e-03 | F1=2.022383e-01 | m1²=0.001009 | m2²=0.999670 | eps_w1=1.835073e+00 | eps_w2=3.120771e-03
[step    82300] t/d= 823.000 | task1=2.083823e-01 | task2=6.158275e-03 | F1=2.022433e-01 | m1²=0.001014 | m2²=0.999671 | eps_w1=1.835104e+00 | eps_w2=3.115987e-03
[step    82350] t/d= 823.500 | task1=2.083547e-01 | task2=6.156803e-03 | F1=2.022157e-01 | m1²=0.001022 | m2²=0.999672 | eps_w1=1.834631e+00 | eps_w2=3.140227e-03
[step    82400] t/d= 824.000 | task1=2.083010e-01 | task2=6.156063e-03 | F1=2.021619e-01 | m1²=0.001034 | m2²=0.999681 | eps_w1=1.834030e+00 | eps_w2=3.155696e-03
[step    82450] t/d= 824.500 | task1=2.083375e-01 | task2=6.157734e-03 | F1=2.021984e-01 | m1²=0.001038 | m2²=0.999678 | eps_w1=1.834353e+00 | eps_w2=3.143801e-03
[step    82500] t/d= 825.000 | task1=2.083527e-01 | task2=6.157806e-03 | F1=2.022136e-01 | m1²=0.001028 | m2²=0.999672 | eps_w1=1.834390e+00 | eps_w2=3.152752e-03
[step    82550] t/d= 825.500 | task1=2.083012e-01 | task2=6.157651e-03 | F1=2.021621e-01 | m1²=0.001032 | m2²=0.999669 | eps_w1=1.833883e+00 | eps_w2=3.188432e-03
[step    82600] t/d= 826.000 | task1=2.082610e-01 | task2=6.157388e-03 | F1=2.021220e-01 | m1²=0.001038 | m2²=0.999671 | eps_w1=1.833299e+00 | eps_w2=3.216669e-03
[step    82650] t/d= 826.500 | task1=2.082398e-01 | task2=6.158031e-03 | F1=2.021007e-01 | m1²=0.001033 | m2²=0.999676 | eps_w1=1.833088e+00 | eps_w2=3.220476e-03
[step    82700] t/d= 827.000 | task1=2.082087e-01 | task2=6.156287e-03 | F1=2.020697e-01 | m1²=0.001038 | m2²=0.999677 | eps_w1=1.832688e+00 | eps_w2=3.239988e-03
[step    82750] t/d= 827.500 | task1=2.082463e-01 | task2=6.158107e-03 | F1=2.021073e-01 | m1²=0.001012 | m2²=0.999681 | eps_w1=1.833177e+00 | eps_w2=3.207263e-03
[step    82800] t/d= 828.000 | task1=2.082882e-01 | task2=6.157801e-03 | F1=2.021492e-01 | m1²=0.001026 | m2²=0.999679 | eps_w1=1.833669e+00 | eps_w2=3.182194e-03
[step    82850] t/d= 828.500 | task1=2.083052e-01 | task2=6.159842e-03 | F1=2.021661e-01 | m1²=0.001019 | m2²=0.999670 | eps_w1=1.833893e+00 | eps_w2=3.186558e-03
[step    82900] t/d= 829.000 | task1=2.082863e-01 | task2=6.158647e-03 | F1=2.021473e-01 | m1²=0.001004 | m2²=0.999665 | eps_w1=1.833752e+00 | eps_w2=3.205693e-03
[step    82950] t/d= 829.500 | task1=2.083065e-01 | task2=6.159160e-03 | F1=2.021675e-01 | m1²=0.001007 | m2²=0.999669 | eps_w1=1.833991e+00 | eps_w2=3.185058e-03
[step    83000] t/d= 830.000 | task1=2.083164e-01 | task2=6.159940e-03 | F1=2.021774e-01 | m1²=0.001007 | m2²=0.999674 | eps_w1=1.834098e+00 | eps_w2=3.168509e-03
[step    83050] t/d= 830.500 | task1=2.083175e-01 | task2=6.161138e-03 | F1=2.021785e-01 | m1²=0.001009 | m2²=0.999670 | eps_w1=1.834225e+00 | eps_w2=3.169582e-03
[step    83100] t/d= 831.000 | task1=2.083104e-01 | task2=6.163223e-03 | F1=2.021713e-01 | m1²=0.001007 | m2²=0.999675 | eps_w1=1.834141e+00 | eps_w2=3.164994e-03
[step    83150] t/d= 831.500 | task1=2.083838e-01 | task2=6.164305e-03 | F1=2.022448e-01 | m1²=0.000993 | m2²=0.999679 | eps_w1=1.835035e+00 | eps_w2=3.108229e-03
[step    83200] t/d= 832.000 | task1=2.083598e-01 | task2=6.163689e-03 | F1=2.022207e-01 | m1²=0.000999 | m2²=0.999672 | eps_w1=1.834725e+00 | eps_w2=3.138229e-03
[step    83250] t/d= 832.500 | task1=2.083729e-01 | task2=6.163830e-03 | F1=2.022339e-01 | m1²=0.001005 | m2²=0.999679 | eps_w1=1.835041e+00 | eps_w2=3.106193e-03
[step    83300] t/d= 833.000 | task1=2.083551e-01 | task2=6.164779e-03 | F1=2.022161e-01 | m1²=0.001008 | m2²=0.999673 | eps_w1=1.834843e+00 | eps_w2=3.127830e-03
[step    83350] t/d= 833.500 | task1=2.083208e-01 | task2=6.165145e-03 | F1=2.021817e-01 | m1²=0.000997 | m2²=0.999671 | eps_w1=1.834338e+00 | eps_w2=3.161177e-03
[step    83400] t/d= 834.000 | task1=2.083188e-01 | task2=6.165100e-03 | F1=2.021797e-01 | m1²=0.001005 | m2²=0.999666 | eps_w1=1.834361e+00 | eps_w2=3.169816e-03
[step    83450] t/d= 834.500 | task1=2.083436e-01 | task2=6.164017e-03 | F1=2.022045e-01 | m1²=0.001012 | m2²=0.999667 | eps_w1=1.834708e+00 | eps_w2=3.147198e-03
[step    83500] t/d= 835.000 | task1=2.083630e-01 | task2=6.163575e-03 | F1=2.022239e-01 | m1²=0.001010 | m2²=0.999667 | eps_w1=1.834948e+00 | eps_w2=3.132479e-03
[step    83550] t/d= 835.500 | task1=2.083723e-01 | task2=6.163291e-03 | F1=2.022332e-01 | m1²=0.001016 | m2²=0.999663 | eps_w1=1.835032e+00 | eps_w2=3.136386e-03
[step    83600] t/d= 836.000 | task1=2.083692e-01 | task2=6.163597e-03 | F1=2.022302e-01 | m1²=0.001003 | m2²=0.999664 | eps_w1=1.835177e+00 | eps_w2=3.127684e-03
[step    83650] t/d= 836.500 | task1=2.083608e-01 | task2=6.164610e-03 | F1=2.022217e-01 | m1²=0.000992 | m2²=0.999662 | eps_w1=1.835074e+00 | eps_w2=3.136768e-03
[step    83700] t/d= 837.000 | task1=2.083439e-01 | task2=6.164165e-03 | F1=2.022049e-01 | m1²=0.000977 | m2²=0.999661 | eps_w1=1.834897e+00 | eps_w2=3.151927e-03
[step    83750] t/d= 837.500 | task1=2.083459e-01 | task2=6.162530e-03 | F1=2.022068e-01 | m1²=0.000957 | m2²=0.999666 | eps_w1=1.834895e+00 | eps_w2=3.143602e-03
[step    83800] t/d= 838.000 | task1=2.083196e-01 | task2=6.161970e-03 | F1=2.021805e-01 | m1²=0.000957 | m2²=0.999656 | eps_w1=1.834521e+00 | eps_w2=3.183471e-03
[step    83850] t/d= 838.500 | task1=2.083559e-01 | task2=6.162424e-03 | F1=2.022168e-01 | m1²=0.000966 | m2²=0.999654 | eps_w1=1.835127e+00 | eps_w2=3.153386e-03
[step    83900] t/d= 839.000 | task1=2.083915e-01 | task2=6.161600e-03 | F1=2.022525e-01 | m1²=0.000967 | m2²=0.999654 | eps_w1=1.835538e+00 | eps_w2=3.129404e-03
[step    83950] t/d= 839.500 | task1=2.083934e-01 | task2=6.161035e-03 | F1=2.022543e-01 | m1²=0.000964 | m2²=0.999648 | eps_w1=1.835541e+00 | eps_w2=3.139970e-03
[step    84000] t/d= 840.000 | task1=2.083806e-01 | task2=6.159694e-03 | F1=2.022416e-01 | m1²=0.000960 | m2²=0.999650 | eps_w1=1.835365e+00 | eps_w2=3.147803e-03
[step    84050] t/d= 840.500 | task1=2.083974e-01 | task2=6.158588e-03 | F1=2.022584e-01 | m1²=0.000967 | m2²=0.999652 | eps_w1=1.835531e+00 | eps_w2=3.132638e-03
[step    84100] t/d= 841.000 | task1=2.084154e-01 | task2=6.157256e-03 | F1=2.022764e-01 | m1²=0.000966 | m2²=0.999655 | eps_w1=1.835709e+00 | eps_w2=3.117940e-03
[step    84150] t/d= 841.500 | task1=2.084274e-01 | task2=6.158407e-03 | F1=2.022884e-01 | m1²=0.000967 | m2²=0.999657 | eps_w1=1.835746e+00 | eps_w2=3.111220e-03
[step    84200] t/d= 842.000 | task1=2.083909e-01 | task2=6.158566e-03 | F1=2.022518e-01 | m1²=0.000985 | m2²=0.999666 | eps_w1=1.835139e+00 | eps_w2=3.126804e-03
[step    84250] t/d= 842.500 | task1=2.084436e-01 | task2=6.159243e-03 | F1=2.023045e-01 | m1²=0.001002 | m2²=0.999660 | eps_w1=1.835990e+00 | eps_w2=3.089478e-03
[step    84300] t/d= 843.000 | task1=2.084803e-01 | task2=6.159903e-03 | F1=2.023412e-01 | m1²=0.000999 | m2²=0.999654 | eps_w1=1.836320e+00 | eps_w2=3.081640e-03
[step    84350] t/d= 843.500 | task1=2.084980e-01 | task2=6.159830e-03 | F1=2.023589e-01 | m1²=0.001007 | m2²=0.999652 | eps_w1=1.836535e+00 | eps_w2=3.072727e-03
[step    84400] t/d= 844.000 | task1=2.084926e-01 | task2=6.159717e-03 | F1=2.023536e-01 | m1²=0.000996 | m2²=0.999653 | eps_w1=1.836443e+00 | eps_w2=3.077951e-03
[step    84450] t/d= 844.500 | task1=2.084584e-01 | task2=6.159652e-03 | F1=2.023194e-01 | m1²=0.001011 | m2²=0.999650 | eps_w1=1.835913e+00 | eps_w2=3.111426e-03
[step    84500] t/d= 845.000 | task1=2.084623e-01 | task2=6.159647e-03 | F1=2.023232e-01 | m1²=0.001003 | m2²=0.999658 | eps_w1=1.835875e+00 | eps_w2=3.099091e-03
[step    84550] t/d= 845.500 | task1=2.084220e-01 | task2=6.161631e-03 | F1=2.022829e-01 | m1²=0.001001 | m2²=0.999653 | eps_w1=1.835482e+00 | eps_w2=3.130017e-03
[step    84600] t/d= 846.000 | task1=2.084129e-01 | task2=6.158902e-03 | F1=2.022739e-01 | m1²=0.001011 | m2²=0.999653 | eps_w1=1.835414e+00 | eps_w2=3.133991e-03
[step    84650] t/d= 846.500 | task1=2.084017e-01 | task2=6.160162e-03 | F1=2.022627e-01 | m1²=0.001012 | m2²=0.999654 | eps_w1=1.835446e+00 | eps_w2=3.129459e-03
[step    84700] t/d= 847.000 | task1=2.084430e-01 | task2=6.159162e-03 | F1=2.023040e-01 | m1²=0.001018 | m2²=0.999657 | eps_w1=1.835837e+00 | eps_w2=3.100891e-03
[step    84750] t/d= 847.500 | task1=2.084983e-01 | task2=6.161243e-03 | F1=2.023592e-01 | m1²=0.001015 | m2²=0.999661 | eps_w1=1.836580e+00 | eps_w2=3.053252e-03
[step    84800] t/d= 848.000 | task1=2.084533e-01 | task2=6.159693e-03 | F1=2.023143e-01 | m1²=0.001020 | m2²=0.999658 | eps_w1=1.836079e+00 | eps_w2=3.086222e-03
[step    84850] t/d= 848.500 | task1=2.084887e-01 | task2=6.159296e-03 | F1=2.023496e-01 | m1²=0.001018 | m2²=0.999655 | eps_w1=1.836505e+00 | eps_w2=3.067715e-03
[step    84900] t/d= 849.000 | task1=2.084772e-01 | task2=6.159995e-03 | F1=2.023381e-01 | m1²=0.001023 | m2²=0.999648 | eps_w1=1.836553e+00 | eps_w2=3.077436e-03
[step    84950] t/d= 849.500 | task1=2.084551e-01 | task2=6.159143e-03 | F1=2.023160e-01 | m1²=0.001030 | m2²=0.999655 | eps_w1=1.836252e+00 | eps_w2=3.080535e-03
[step    85000] t/d= 850.000 | task1=2.083968e-01 | task2=6.159776e-03 | F1=2.022577e-01 | m1²=0.001033 | m2²=0.999661 | eps_w1=1.835632e+00 | eps_w2=3.104880e-03
[step    85050] t/d= 850.500 | task1=2.084305e-01 | task2=6.158651e-03 | F1=2.022914e-01 | m1²=0.001042 | m2²=0.999665 | eps_w1=1.836074e+00 | eps_w2=3.071641e-03
[step    85100] t/d= 851.000 | task1=2.084095e-01 | task2=6.158888e-03 | F1=2.022704e-01 | m1²=0.001043 | m2²=0.999661 | eps_w1=1.835729e+00 | eps_w2=3.097693e-03
[step    85150] t/d= 851.500 | task1=2.084222e-01 | task2=6.158679e-03 | F1=2.022831e-01 | m1²=0.001037 | m2²=0.999654 | eps_w1=1.835936e+00 | eps_w2=3.100588e-03
[step    85200] t/d= 852.000 | task1=2.084236e-01 | task2=6.158664e-03 | F1=2.022846e-01 | m1²=0.001032 | m2²=0.999649 | eps_w1=1.836008e+00 | eps_w2=3.105736e-03
[step    85250] t/d= 852.500 | task1=2.083726e-01 | task2=6.157394e-03 | F1=2.022335e-01 | m1²=0.001029 | m2²=0.999640 | eps_w1=1.835238e+00 | eps_w2=3.165457e-03
[step    85300] t/d= 853.000 | task1=2.083917e-01 | task2=6.156835e-03 | F1=2.022527e-01 | m1²=0.001016 | m2²=0.999644 | eps_w1=1.835469e+00 | eps_w2=3.147474e-03
[step    85350] t/d= 853.500 | task1=2.083503e-01 | task2=6.158240e-03 | F1=2.022113e-01 | m1²=0.001011 | m2²=0.999646 | eps_w1=1.835003e+00 | eps_w2=3.169485e-03
[step    85400] t/d= 854.000 | task1=2.084074e-01 | task2=6.159414e-03 | F1=2.022683e-01 | m1²=0.001001 | m2²=0.999643 | eps_w1=1.835780e+00 | eps_w2=3.133852e-03
[step    85450] t/d= 854.500 | task1=2.084264e-01 | task2=6.159414e-03 | F1=2.022873e-01 | m1²=0.001003 | m2²=0.999643 | eps_w1=1.836004e+00 | eps_w2=3.120031e-03
[step    85500] t/d= 855.000 | task1=2.084376e-01 | task2=6.159672e-03 | F1=2.022985e-01 | m1²=0.001008 | m2²=0.999639 | eps_w1=1.836328e+00 | eps_w2=3.108920e-03
[step    85550] t/d= 855.500 | task1=2.084783e-01 | task2=6.159182e-03 | F1=2.023392e-01 | m1²=0.001004 | m2²=0.999642 | eps_w1=1.836813e+00 | eps_w2=3.077013e-03
[step    85600] t/d= 856.000 | task1=2.084553e-01 | task2=6.159550e-03 | F1=2.023163e-01 | m1²=0.001014 | m2²=0.999643 | eps_w1=1.836481e+00 | eps_w2=3.092516e-03
[step    85650] t/d= 856.500 | task1=2.084828e-01 | task2=6.160781e-03 | F1=2.023437e-01 | m1²=0.001007 | m2²=0.999635 | eps_w1=1.836899e+00 | eps_w2=3.086372e-03
[step    85700] t/d= 857.000 | task1=2.084504e-01 | task2=6.162279e-03 | F1=2.023113e-01 | m1²=0.001008 | m2²=0.999630 | eps_w1=1.836473e+00 | eps_w2=3.119208e-03
[step    85750] t/d= 857.500 | task1=2.084528e-01 | task2=6.162689e-03 | F1=2.023137e-01 | m1²=0.000997 | m2²=0.999629 | eps_w1=1.836509e+00 | eps_w2=3.119961e-03
[step    85800] t/d= 858.000 | task1=2.084672e-01 | task2=6.162955e-03 | F1=2.023282e-01 | m1²=0.001007 | m2²=0.999626 | eps_w1=1.836770e+00 | eps_w2=3.109303e-03
[step    85850] t/d= 858.500 | task1=2.085094e-01 | task2=6.163039e-03 | F1=2.023703e-01 | m1²=0.001013 | m2²=0.999626 | eps_w1=1.837261e+00 | eps_w2=3.082446e-03
[step    85900] t/d= 859.000 | task1=2.085019e-01 | task2=6.163409e-03 | F1=2.023628e-01 | m1²=0.001008 | m2²=0.999624 | eps_w1=1.837101e+00 | eps_w2=3.094656e-03
[step    85950] t/d= 859.500 | task1=2.084634e-01 | task2=6.162460e-03 | F1=2.023244e-01 | m1²=0.001008 | m2²=0.999627 | eps_w1=1.836719e+00 | eps_w2=3.111224e-03
[step    86000] t/d= 860.000 | task1=2.084763e-01 | task2=6.161330e-03 | F1=2.023372e-01 | m1²=0.001018 | m2²=0.999632 | eps_w1=1.836854e+00 | eps_w2=3.093044e-03
[step    86050] t/d= 860.500 | task1=2.084520e-01 | task2=6.161011e-03 | F1=2.023130e-01 | m1²=0.001021 | m2²=0.999636 | eps_w1=1.836466e+00 | eps_w2=3.105783e-03
[step    86100] t/d= 861.000 | task1=2.084443e-01 | task2=6.161122e-03 | F1=2.023053e-01 | m1²=0.001029 | m2²=0.999636 | eps_w1=1.836361e+00 | eps_w2=3.112045e-03
[step    86150] t/d= 861.500 | task1=2.084412e-01 | task2=6.161753e-03 | F1=2.023021e-01 | m1²=0.001029 | m2²=0.999632 | eps_w1=1.836280e+00 | eps_w2=3.123224e-03
[step    86200] t/d= 862.000 | task1=2.084363e-01 | task2=6.162044e-03 | F1=2.022973e-01 | m1²=0.001020 | m2²=0.999622 | eps_w1=1.836315e+00 | eps_w2=3.140593e-03
[step    86250] t/d= 862.500 | task1=2.084926e-01 | task2=6.161130e-03 | F1=2.023535e-01 | m1²=0.001007 | m2²=0.999618 | eps_w1=1.836864e+00 | eps_w2=3.119488e-03
[step    86300] t/d= 863.000 | task1=2.084832e-01 | task2=6.164042e-03 | F1=2.023441e-01 | m1²=0.001012 | m2²=0.999617 | eps_w1=1.836725e+00 | eps_w2=3.128188e-03
[step    86350] t/d= 863.500 | task1=2.084625e-01 | task2=6.165029e-03 | F1=2.023235e-01 | m1²=0.001008 | m2²=0.999613 | eps_w1=1.836553e+00 | eps_w2=3.146437e-03
[step    86400] t/d= 864.000 | task1=2.084605e-01 | task2=6.164901e-03 | F1=2.023214e-01 | m1²=0.001007 | m2²=0.999608 | eps_w1=1.836524e+00 | eps_w2=3.157012e-03
[step    86450] t/d= 864.500 | task1=2.084590e-01 | task2=6.164726e-03 | F1=2.023199e-01 | m1²=0.001010 | m2²=0.999608 | eps_w1=1.836512e+00 | eps_w2=3.157168e-03
[step    86500] t/d= 865.000 | task1=2.084229e-01 | task2=6.165419e-03 | F1=2.022838e-01 | m1²=0.001011 | m2²=0.999609 | eps_w1=1.835998e+00 | eps_w2=3.183987e-03
[step    86550] t/d= 865.500 | task1=2.084583e-01 | task2=6.165725e-03 | F1=2.023192e-01 | m1²=0.001021 | m2²=0.999617 | eps_w1=1.836472e+00 | eps_w2=3.142639e-03
[step    86600] t/d= 866.000 | task1=2.084548e-01 | task2=6.165706e-03 | F1=2.023157e-01 | m1²=0.001024 | m2²=0.999615 | eps_w1=1.836345e+00 | eps_w2=3.151617e-03
[step    86650] t/d= 866.500 | task1=2.084785e-01 | task2=6.163278e-03 | F1=2.023394e-01 | m1²=0.001039 | m2²=0.999616 | eps_w1=1.836699e+00 | eps_w2=3.129825e-03
[step    86700] t/d= 867.000 | task1=2.084535e-01 | task2=6.164778e-03 | F1=2.023145e-01 | m1²=0.001040 | m2²=0.999616 | eps_w1=1.836471e+00 | eps_w2=3.141217e-03
[step    86750] t/d= 867.500 | task1=2.084520e-01 | task2=6.165759e-03 | F1=2.023129e-01 | m1²=0.001032 | m2²=0.999624 | eps_w1=1.836502e+00 | eps_w2=3.125090e-03
[step    86800] t/d= 868.000 | task1=2.084817e-01 | task2=6.165135e-03 | F1=2.023427e-01 | m1²=0.001039 | m2²=0.999628 | eps_w1=1.836865e+00 | eps_w2=3.098157e-03
[step    86850] t/d= 868.500 | task1=2.085075e-01 | task2=6.166032e-03 | F1=2.023684e-01 | m1²=0.001026 | m2²=0.999632 | eps_w1=1.837232e+00 | eps_w2=3.070590e-03
[step    86900] t/d= 869.000 | task1=2.085697e-01 | task2=6.166024e-03 | F1=2.024307e-01 | m1²=0.001029 | m2²=0.999627 | eps_w1=1.838090e+00 | eps_w2=3.032652e-03
[step    86950] t/d= 869.500 | task1=2.085591e-01 | task2=6.167225e-03 | F1=2.024200e-01 | m1²=0.001026 | m2²=0.999626 | eps_w1=1.838048e+00 | eps_w2=3.038501e-03
[step    87000] t/d= 870.000 | task1=2.085614e-01 | task2=6.165004e-03 | F1=2.024224e-01 | m1²=0.001022 | m2²=0.999633 | eps_w1=1.838017e+00 | eps_w2=3.027527e-03
[step    87050] t/d= 870.500 | task1=2.085707e-01 | task2=6.164331e-03 | F1=2.024317e-01 | m1²=0.001017 | m2²=0.999631 | eps_w1=1.838144e+00 | eps_w2=3.024204e-03
[step    87100] t/d= 871.000 | task1=2.085979e-01 | task2=6.163605e-03 | F1=2.024589e-01 | m1²=0.001012 | m2²=0.999634 | eps_w1=1.838439e+00 | eps_w2=3.002322e-03
[step    87150] t/d= 871.500 | task1=2.085735e-01 | task2=6.162917e-03 | F1=2.024344e-01 | m1²=0.001013 | m2²=0.999635 | eps_w1=1.838168e+00 | eps_w2=3.015262e-03
[step    87200] t/d= 872.000 | task1=2.085372e-01 | task2=6.161751e-03 | F1=2.023981e-01 | m1²=0.001011 | m2²=0.999639 | eps_w1=1.837649e+00 | eps_w2=3.037292e-03
[step    87250] t/d= 872.500 | task1=2.085126e-01 | task2=6.160744e-03 | F1=2.023736e-01 | m1²=0.001014 | m2²=0.999641 | eps_w1=1.837243e+00 | eps_w2=3.053963e-03
[step    87300] t/d= 873.000 | task1=2.085616e-01 | task2=6.161954e-03 | F1=2.024225e-01 | m1²=0.001016 | m2²=0.999641 | eps_w1=1.837812e+00 | eps_w2=3.022801e-03
[step    87350] t/d= 873.500 | task1=2.085449e-01 | task2=6.164199e-03 | F1=2.024058e-01 | m1²=0.001005 | m2²=0.999638 | eps_w1=1.837542e+00 | eps_w2=3.044561e-03
[step    87400] t/d= 874.000 | task1=2.085433e-01 | task2=6.163172e-03 | F1=2.024042e-01 | m1²=0.001008 | m2²=0.999636 | eps_w1=1.837601e+00 | eps_w2=3.044758e-03
[step    87450] t/d= 874.500 | task1=2.085793e-01 | task2=6.162687e-03 | F1=2.024402e-01 | m1²=0.001007 | m2²=0.999636 | eps_w1=1.837979e+00 | eps_w2=3.024456e-03
[step    87500] t/d= 875.000 | task1=2.086068e-01 | task2=6.162594e-03 | F1=2.024678e-01 | m1²=0.001013 | m2²=0.999635 | eps_w1=1.838116e+00 | eps_w2=3.018141e-03
[step    87550] t/d= 875.500 | task1=2.086402e-01 | task2=6.164427e-03 | F1=2.025012e-01 | m1²=0.001021 | m2²=0.999636 | eps_w1=1.838653e+00 | eps_w2=2.986752e-03
[step    87600] t/d= 876.000 | task1=2.086136e-01 | task2=6.164259e-03 | F1=2.024745e-01 | m1²=0.001003 | m2²=0.999639 | eps_w1=1.838351e+00 | eps_w2=2.998260e-03
[step    87650] t/d= 876.500 | task1=2.085892e-01 | task2=6.164003e-03 | F1=2.024502e-01 | m1²=0.000991 | m2²=0.999634 | eps_w1=1.838210e+00 | eps_w2=3.017423e-03
[step    87700] t/d= 877.000 | task1=2.085998e-01 | task2=6.163093e-03 | F1=2.024607e-01 | m1²=0.000990 | m2²=0.999634 | eps_w1=1.838299e+00 | eps_w2=3.012027e-03
[step    87750] t/d= 877.500 | task1=2.086214e-01 | task2=6.163721e-03 | F1=2.024824e-01 | m1²=0.000984 | m2²=0.999632 | eps_w1=1.838600e+00 | eps_w2=3.000245e-03
[step    87800] t/d= 878.000 | task1=2.085793e-01 | task2=6.163918e-03 | F1=2.024402e-01 | m1²=0.000984 | m2²=0.999632 | eps_w1=1.838121e+00 | eps_w2=3.027263e-03
[step    87850] t/d= 878.500 | task1=2.086206e-01 | task2=6.164148e-03 | F1=2.024815e-01 | m1²=0.000985 | m2²=0.999625 | eps_w1=1.838611e+00 | eps_w2=3.012867e-03
[step    87900] t/d= 879.000 | task1=2.086264e-01 | task2=6.164874e-03 | F1=2.024873e-01 | m1²=0.000979 | m2²=0.999625 | eps_w1=1.838787e+00 | eps_w2=3.005021e-03
[step    87950] t/d= 879.500 | task1=2.086435e-01 | task2=6.163151e-03 | F1=2.025044e-01 | m1²=0.000987 | m2²=0.999624 | eps_w1=1.839007e+00 | eps_w2=2.994048e-03
[step    88000] t/d= 880.000 | task1=2.086259e-01 | task2=6.160791e-03 | F1=2.024868e-01 | m1²=0.000985 | m2²=0.999636 | eps_w1=1.838533e+00 | eps_w2=2.996783e-03
[step    88050] t/d= 880.500 | task1=2.086064e-01 | task2=6.160628e-03 | F1=2.024674e-01 | m1²=0.000987 | m2²=0.999632 | eps_w1=1.838339e+00 | eps_w2=3.015024e-03
[step    88100] t/d= 881.000 | task1=2.085601e-01 | task2=6.158908e-03 | F1=2.024211e-01 | m1²=0.000978 | m2²=0.999636 | eps_w1=1.837751e+00 | eps_w2=3.040694e-03
[step    88150] t/d= 881.500 | task1=2.085333e-01 | task2=6.157535e-03 | F1=2.023943e-01 | m1²=0.000983 | m2²=0.999636 | eps_w1=1.837382e+00 | eps_w2=3.060322e-03
[step    88200] t/d= 882.000 | task1=2.084943e-01 | task2=6.156380e-03 | F1=2.023552e-01 | m1²=0.000984 | m2²=0.999635 | eps_w1=1.836873e+00 | eps_w2=3.089168e-03
[step    88250] t/d= 882.500 | task1=2.085216e-01 | task2=6.157595e-03 | F1=2.023826e-01 | m1²=0.000985 | m2²=0.999629 | eps_w1=1.837314e+00 | eps_w2=3.076691e-03
[step    88300] t/d= 883.000 | task1=2.085717e-01 | task2=6.155730e-03 | F1=2.024326e-01 | m1²=0.000993 | m2²=0.999631 | eps_w1=1.837994e+00 | eps_w2=3.034793e-03
[step    88350] t/d= 883.500 | task1=2.085799e-01 | task2=6.154260e-03 | F1=2.024408e-01 | m1²=0.000996 | m2²=0.999622 | eps_w1=1.838190e+00 | eps_w2=3.040856e-03
[step    88400] t/d= 884.000 | task1=2.085639e-01 | task2=6.154061e-03 | F1=2.024248e-01 | m1²=0.000985 | m2²=0.999627 | eps_w1=1.837957e+00 | eps_w2=3.045975e-03
[step    88450] t/d= 884.500 | task1=2.086181e-01 | task2=6.157496e-03 | F1=2.024790e-01 | m1²=0.000994 | m2²=0.999624 | eps_w1=1.838621e+00 | eps_w2=3.013603e-03
[step    88500] t/d= 885.000 | task1=2.086058e-01 | task2=6.157989e-03 | F1=2.024667e-01 | m1²=0.000991 | m2²=0.999618 | eps_w1=1.838555e+00 | eps_w2=3.029613e-03
[step    88550] t/d= 885.500 | task1=2.086201e-01 | task2=6.157053e-03 | F1=2.024810e-01 | m1²=0.000980 | m2²=0.999621 | eps_w1=1.838770e+00 | eps_w2=3.013016e-03
[step    88600] t/d= 886.000 | task1=2.086406e-01 | task2=6.158685e-03 | F1=2.025015e-01 | m1²=0.000973 | m2²=0.999619 | eps_w1=1.839013e+00 | eps_w2=3.004792e-03
[step    88650] t/d= 886.500 | task1=2.086132e-01 | task2=6.158789e-03 | F1=2.024742e-01 | m1²=0.000968 | m2²=0.999620 | eps_w1=1.838662e+00 | eps_w2=3.022165e-03
[step    88700] t/d= 887.000 | task1=2.086570e-01 | task2=6.157315e-03 | F1=2.025179e-01 | m1²=0.000983 | m2²=0.999619 | eps_w1=1.839180e+00 | eps_w2=2.993559e-03
[step    88750] t/d= 887.500 | task1=2.086328e-01 | task2=6.156715e-03 | F1=2.024937e-01 | m1²=0.000986 | m2²=0.999623 | eps_w1=1.838914e+00 | eps_w2=3.000351e-03
[step    88800] t/d= 888.000 | task1=2.086345e-01 | task2=6.154701e-03 | F1=2.024954e-01 | m1²=0.001003 | m2²=0.999618 | eps_w1=1.838802e+00 | eps_w2=3.014235e-03
[step    88850] t/d= 888.500 | task1=2.086281e-01 | task2=6.154271e-03 | F1=2.024890e-01 | m1²=0.001004 | m2²=0.999623 | eps_w1=1.838666e+00 | eps_w2=3.011884e-03
[step    88900] t/d= 889.000 | task1=2.086173e-01 | task2=6.155465e-03 | F1=2.024782e-01 | m1²=0.001008 | m2²=0.999620 | eps_w1=1.838622e+00 | eps_w2=3.019397e-03
[step    88950] t/d= 889.500 | task1=2.086549e-01 | task2=6.155431e-03 | F1=2.025158e-01 | m1²=0.001016 | m2²=0.999622 | eps_w1=1.839104e+00 | eps_w2=2.990176e-03
[step    89000] t/d= 890.000 | task1=2.086316e-01 | task2=6.157810e-03 | F1=2.024926e-01 | m1²=0.001020 | m2²=0.999625 | eps_w1=1.838959e+00 | eps_w2=2.992084e-03
[step    89050] t/d= 890.500 | task1=2.086462e-01 | task2=6.158580e-03 | F1=2.025071e-01 | m1²=0.001036 | m2²=0.999614 | eps_w1=1.839241e+00 | eps_w2=2.994910e-03
[step    89100] t/d= 891.000 | task1=2.086263e-01 | task2=6.158802e-03 | F1=2.024873e-01 | m1²=0.001041 | m2²=0.999609 | eps_w1=1.839176e+00 | eps_w2=3.007426e-03
[step    89150] t/d= 891.500 | task1=2.086157e-01 | task2=6.158159e-03 | F1=2.024766e-01 | m1²=0.001048 | m2²=0.999608 | eps_w1=1.839122e+00 | eps_w2=3.012920e-03
[step    89200] t/d= 892.000 | task1=2.085871e-01 | task2=6.157568e-03 | F1=2.024481e-01 | m1²=0.001051 | m2²=0.999610 | eps_w1=1.838758e+00 | eps_w2=3.028395e-03
[step    89250] t/d= 892.500 | task1=2.085560e-01 | task2=6.156970e-03 | F1=2.024169e-01 | m1²=0.001048 | m2²=0.999611 | eps_w1=1.838194e+00 | eps_w2=3.056279e-03
[step    89300] t/d= 893.000 | task1=2.085687e-01 | task2=6.157285e-03 | F1=2.024296e-01 | m1²=0.001046 | m2²=0.999614 | eps_w1=1.838434e+00 | eps_w2=3.038472e-03
[step    89350] t/d= 893.500 | task1=2.085780e-01 | task2=6.159105e-03 | F1=2.024389e-01 | m1²=0.001050 | m2²=0.999615 | eps_w1=1.838633e+00 | eps_w2=3.024173e-03
[step    89400] t/d= 894.000 | task1=2.085222e-01 | task2=6.158490e-03 | F1=2.023831e-01 | m1²=0.001052 | m2²=0.999607 | eps_w1=1.837968e+00 | eps_w2=3.076853e-03
[step    89450] t/d= 894.500 | task1=2.085196e-01 | task2=6.154669e-03 | F1=2.023806e-01 | m1²=0.001051 | m2²=0.999612 | eps_w1=1.837959e+00 | eps_w2=3.066806e-03
[step    89500] t/d= 895.000 | task1=2.085290e-01 | task2=6.154288e-03 | F1=2.023900e-01 | m1²=0.001061 | m2²=0.999618 | eps_w1=1.838014e+00 | eps_w2=3.052314e-03
[step    89550] t/d= 895.500 | task1=2.085370e-01 | task2=6.155523e-03 | F1=2.023979e-01 | m1²=0.001067 | m2²=0.999615 | eps_w1=1.838132e+00 | eps_w2=3.049621e-03
[step    89600] t/d= 896.000 | task1=2.084965e-01 | task2=6.154240e-03 | F1=2.023575e-01 | m1²=0.001048 | m2²=0.999615 | eps_w1=1.837532e+00 | eps_w2=3.085150e-03
[step    89650] t/d= 896.500 | task1=2.084889e-01 | task2=6.153417e-03 | F1=2.023499e-01 | m1²=0.001044 | m2²=0.999614 | eps_w1=1.837549e+00 | eps_w2=3.085468e-03
[step    89700] t/d= 897.000 | task1=2.084758e-01 | task2=6.153224e-03 | F1=2.023367e-01 | m1²=0.001046 | m2²=0.999613 | eps_w1=1.837282e+00 | eps_w2=3.102613e-03
[step    89750] t/d= 897.500 | task1=2.084861e-01 | task2=6.154240e-03 | F1=2.023470e-01 | m1²=0.001043 | m2²=0.999616 | eps_w1=1.837376e+00 | eps_w2=3.092076e-03
[step    89800] t/d= 898.000 | task1=2.085025e-01 | task2=6.155019e-03 | F1=2.023634e-01 | m1²=0.001043 | m2²=0.999610 | eps_w1=1.837612e+00 | eps_w2=3.089583e-03
[step    89850] t/d= 898.500 | task1=2.084874e-01 | task2=6.155447e-03 | F1=2.023483e-01 | m1²=0.001042 | m2²=0.999609 | eps_w1=1.837629e+00 | eps_w2=3.092009e-03
[step    89900] t/d= 899.000 | task1=2.085038e-01 | task2=6.156965e-03 | F1=2.023648e-01 | m1²=0.001035 | m2²=0.999609 | eps_w1=1.837858e+00 | eps_w2=3.080160e-03
[step    89950] t/d= 899.500 | task1=2.085106e-01 | task2=6.157735e-03 | F1=2.023715e-01 | m1²=0.001041 | m2²=0.999608 | eps_w1=1.837888e+00 | eps_w2=3.079731e-03
[step    90000] t/d= 900.000 | task1=2.085519e-01 | task2=6.155620e-03 | F1=2.024128e-01 | m1²=0.001027 | m2²=0.999608 | eps_w1=1.838420e+00 | eps_w2=3.052420e-03
[step    90050] t/d= 900.500 | task1=2.085485e-01 | task2=6.157830e-03 | F1=2.024094e-01 | m1²=0.001016 | m2²=0.999607 | eps_w1=1.838408e+00 | eps_w2=3.054978e-03
[step    90100] t/d= 901.000 | task1=2.085451e-01 | task2=6.154903e-03 | F1=2.024060e-01 | m1²=0.001010 | m2²=0.999619 | eps_w1=1.838293e+00 | eps_w2=3.039303e-03
[step    90150] t/d= 901.500 | task1=2.084988e-01 | task2=6.154042e-03 | F1=2.023597e-01 | m1²=0.001014 | m2²=0.999615 | eps_w1=1.837835e+00 | eps_w2=3.071885e-03
[step    90200] t/d= 902.000 | task1=2.084830e-01 | task2=6.154247e-03 | F1=2.023439e-01 | m1²=0.001004 | m2²=0.999614 | eps_w1=1.837632e+00 | eps_w2=3.085633e-03
[step    90250] t/d= 902.500 | task1=2.084734e-01 | task2=6.153920e-03 | F1=2.023343e-01 | m1²=0.001008 | m2²=0.999607 | eps_w1=1.837527e+00 | eps_w2=3.104844e-03
[step    90300] t/d= 903.000 | task1=2.084453e-01 | task2=6.151320e-03 | F1=2.023062e-01 | m1²=0.001003 | m2²=0.999606 | eps_w1=1.836940e+00 | eps_w2=3.138872e-03
[step    90350] t/d= 903.500 | task1=2.084791e-01 | task2=6.150122e-03 | F1=2.023400e-01 | m1²=0.000998 | m2²=0.999606 | eps_w1=1.837351e+00 | eps_w2=3.117339e-03
[step    90400] t/d= 904.000 | task1=2.085097e-01 | task2=6.149625e-03 | F1=2.023707e-01 | m1²=0.000999 | m2²=0.999607 | eps_w1=1.837753e+00 | eps_w2=3.093720e-03
[step    90450] t/d= 904.500 | task1=2.085261e-01 | task2=6.150500e-03 | F1=2.023870e-01 | m1²=0.000996 | m2²=0.999603 | eps_w1=1.837997e+00 | eps_w2=3.088376e-03
[step    90500] t/d= 905.000 | task1=2.085903e-01 | task2=6.150434e-03 | F1=2.024513e-01 | m1²=0.000992 | m2²=0.999607 | eps_w1=1.838770e+00 | eps_w2=3.037860e-03
[step    90550] t/d= 905.500 | task1=2.085752e-01 | task2=6.151460e-03 | F1=2.024362e-01 | m1²=0.000991 | m2²=0.999607 | eps_w1=1.838678e+00 | eps_w2=3.042807e-03
[step    90600] t/d= 906.000 | task1=2.085799e-01 | task2=6.151695e-03 | F1=2.024409e-01 | m1²=0.000984 | m2²=0.999599 | eps_w1=1.838667e+00 | eps_w2=3.059357e-03
[step    90650] t/d= 906.500 | task1=2.085812e-01 | task2=6.151596e-03 | F1=2.024422e-01 | m1²=0.000979 | m2²=0.999594 | eps_w1=1.838612e+00 | eps_w2=3.072428e-03
[step    90700] t/d= 907.000 | task1=2.085870e-01 | task2=6.151013e-03 | F1=2.024480e-01 | m1²=0.000980 | m2²=0.999589 | eps_w1=1.838669e+00 | eps_w2=3.079015e-03
[step    90750] t/d= 907.500 | task1=2.085426e-01 | task2=6.150750e-03 | F1=2.024035e-01 | m1²=0.000981 | m2²=0.999585 | eps_w1=1.838100e+00 | eps_w2=3.117911e-03
[step    90800] t/d= 908.000 | task1=2.085483e-01 | task2=6.150386e-03 | F1=2.024093e-01 | m1²=0.000980 | m2²=0.999585 | eps_w1=1.838325e+00 | eps_w2=3.105595e-03
[step    90850] t/d= 908.500 | task1=2.085416e-01 | task2=6.149700e-03 | F1=2.024026e-01 | m1²=0.000977 | m2²=0.999589 | eps_w1=1.838217e+00 | eps_w2=3.103544e-03
[step    90900] t/d= 909.000 | task1=2.085629e-01 | task2=6.149554e-03 | F1=2.024239e-01 | m1²=0.000980 | m2²=0.999591 | eps_w1=1.838516e+00 | eps_w2=3.084258e-03
[step    90950] t/d= 909.500 | task1=2.085455e-01 | task2=6.149819e-03 | F1=2.024064e-01 | m1²=0.000976 | m2²=0.999600 | eps_w1=1.838252e+00 | eps_w2=3.080637e-03
[step    91000] t/d= 910.000 | task1=2.084928e-01 | task2=6.152244e-03 | F1=2.023537e-01 | m1²=0.000978 | m2²=0.999602 | eps_w1=1.837748e+00 | eps_w2=3.104951e-03
[step    91050] t/d= 910.500 | task1=2.084752e-01 | task2=6.152725e-03 | F1=2.023361e-01 | m1²=0.000982 | m2²=0.999602 | eps_w1=1.837612e+00 | eps_w2=3.111924e-03
[step    91100] t/d= 911.000 | task1=2.085276e-01 | task2=6.153382e-03 | F1=2.023886e-01 | m1²=0.000981 | m2²=0.999606 | eps_w1=1.838237e+00 | eps_w2=3.070543e-03
[step    91150] t/d= 911.500 | task1=2.084661e-01 | task2=6.150302e-03 | F1=2.023270e-01 | m1²=0.000983 | m2²=0.999608 | eps_w1=1.837293e+00 | eps_w2=3.117000e-03
[step    91200] t/d= 912.000 | task1=2.084394e-01 | task2=6.149522e-03 | F1=2.023003e-01 | m1²=0.000982 | m2²=0.999608 | eps_w1=1.836817e+00 | eps_w2=3.143907e-03
[step    91250] t/d= 912.500 | task1=2.084593e-01 | task2=6.149198e-03 | F1=2.023202e-01 | m1²=0.000989 | m2²=0.999612 | eps_w1=1.836940e+00 | eps_w2=3.129409e-03
[step    91300] t/d= 913.000 | task1=2.084800e-01 | task2=6.149093e-03 | F1=2.023409e-01 | m1²=0.001003 | m2²=0.999618 | eps_w1=1.837178e+00 | eps_w2=3.102674e-03
[step    91350] t/d= 913.500 | task1=2.084270e-01 | task2=6.149621e-03 | F1=2.022879e-01 | m1²=0.000995 | m2²=0.999617 | eps_w1=1.836607e+00 | eps_w2=3.138063e-03
[step    91400] t/d= 914.000 | task1=2.084165e-01 | task2=6.149841e-03 | F1=2.022774e-01 | m1²=0.000981 | m2²=0.999618 | eps_w1=1.836440e+00 | eps_w2=3.145746e-03
[step    91450] t/d= 914.500 | task1=2.084511e-01 | task2=6.151674e-03 | F1=2.023120e-01 | m1²=0.000978 | m2²=0.999617 | eps_w1=1.836808e+00 | eps_w2=3.126874e-03
[step    91500] t/d= 915.000 | task1=2.084834e-01 | task2=6.152215e-03 | F1=2.023444e-01 | m1²=0.000973 | m2²=0.999609 | eps_w1=1.837037e+00 | eps_w2=3.130676e-03
[step    91550] t/d= 915.500 | task1=2.084698e-01 | task2=6.152656e-03 | F1=2.023308e-01 | m1²=0.000975 | m2²=0.999606 | eps_w1=1.836816e+00 | eps_w2=3.148544e-03
[step    91600] t/d= 916.000 | task1=2.084742e-01 | task2=6.153267e-03 | F1=2.023352e-01 | m1²=0.000972 | m2²=0.999604 | eps_w1=1.836841e+00 | eps_w2=3.150508e-03
[step    91650] t/d= 916.500 | task1=2.084849e-01 | task2=6.152417e-03 | F1=2.023458e-01 | m1²=0.000963 | m2²=0.999604 | eps_w1=1.836924e+00 | eps_w2=3.147064e-03
[step    91700] t/d= 917.000 | task1=2.085055e-01 | task2=6.153974e-03 | F1=2.023664e-01 | m1²=0.000958 | m2²=0.999604 | eps_w1=1.837151e+00 | eps_w2=3.136518e-03
[step    91750] t/d= 917.500 | task1=2.084814e-01 | task2=6.153674e-03 | F1=2.023424e-01 | m1²=0.000950 | m2²=0.999606 | eps_w1=1.836907e+00 | eps_w2=3.146033e-03
[step    91800] t/d= 918.000 | task1=2.084784e-01 | task2=6.151900e-03 | F1=2.023393e-01 | m1²=0.000942 | m2²=0.999608 | eps_w1=1.836795e+00 | eps_w2=3.148968e-03
[step    91850] t/d= 918.500 | task1=2.085006e-01 | task2=6.152350e-03 | F1=2.023616e-01 | m1²=0.000941 | m2²=0.999612 | eps_w1=1.836993e+00 | eps_w2=3.131429e-03
[step    91900] t/d= 919.000 | task1=2.085287e-01 | task2=6.151565e-03 | F1=2.023896e-01 | m1²=0.000936 | m2²=0.999614 | eps_w1=1.837291e+00 | eps_w2=3.111696e-03
[step    91950] t/d= 919.500 | task1=2.085694e-01 | task2=6.150955e-03 | F1=2.024303e-01 | m1²=0.000939 | m2²=0.999619 | eps_w1=1.837890e+00 | eps_w2=3.069198e-03
[step    92000] t/d= 920.000 | task1=2.086437e-01 | task2=6.150795e-03 | F1=2.025047e-01 | m1²=0.000947 | m2²=0.999617 | eps_w1=1.838869e+00 | eps_w2=3.019345e-03
[step    92050] t/d= 920.500 | task1=2.086422e-01 | task2=6.151321e-03 | F1=2.025032e-01 | m1²=0.000944 | m2²=0.999615 | eps_w1=1.838766e+00 | eps_w2=3.027841e-03
[step    92100] t/d= 921.000 | task1=2.086812e-01 | task2=6.152966e-03 | F1=2.025421e-01 | m1²=0.000959 | m2²=0.999614 | eps_w1=1.839324e+00 | eps_w2=2.998768e-03
[step    92150] t/d= 921.500 | task1=2.087138e-01 | task2=6.152116e-03 | F1=2.025748e-01 | m1²=0.000969 | m2²=0.999616 | eps_w1=1.839774e+00 | eps_w2=2.970874e-03
[step    92200] t/d= 922.000 | task1=2.086766e-01 | task2=6.152065e-03 | F1=2.025376e-01 | m1²=0.000981 | m2²=0.999618 | eps_w1=1.839323e+00 | eps_w2=2.989475e-03
[step    92250] t/d= 922.500 | task1=2.086247e-01 | task2=6.151617e-03 | F1=2.024856e-01 | m1²=0.000964 | m2²=0.999618 | eps_w1=1.838667e+00 | eps_w2=3.025480e-03
[step    92300] t/d= 923.000 | task1=2.086684e-01 | task2=6.152298e-03 | F1=2.025293e-01 | m1²=0.000953 | m2²=0.999613 | eps_w1=1.839073e+00 | eps_w2=3.014313e-03
[step    92350] t/d= 923.500 | task1=2.086562e-01 | task2=6.152238e-03 | F1=2.025171e-01 | m1²=0.000949 | m2²=0.999614 | eps_w1=1.839032e+00 | eps_w2=3.015122e-03
[step    92400] t/d= 924.000 | task1=2.086329e-01 | task2=6.152379e-03 | F1=2.024939e-01 | m1²=0.000950 | m2²=0.999614 | eps_w1=1.838528e+00 | eps_w2=3.042264e-03
[step    92450] t/d= 924.500 | task1=2.086325e-01 | task2=6.151932e-03 | F1=2.024934e-01 | m1²=0.000955 | m2²=0.999616 | eps_w1=1.838428e+00 | eps_w2=3.044149e-03
[step    92500] t/d= 925.000 | task1=2.086172e-01 | task2=6.152349e-03 | F1=2.024782e-01 | m1²=0.000958 | m2²=0.999622 | eps_w1=1.838132e+00 | eps_w2=3.047441e-03
[step    92550] t/d= 925.500 | task1=2.085895e-01 | task2=6.152023e-03 | F1=2.024505e-01 | m1²=0.000963 | m2²=0.999628 | eps_w1=1.837683e+00 | eps_w2=3.061014e-03
[step    92600] t/d= 926.000 | task1=2.086191e-01 | task2=6.152050e-03 | F1=2.024801e-01 | m1²=0.000963 | m2²=0.999626 | eps_w1=1.838000e+00 | eps_w2=3.047552e-03
[step    92650] t/d= 926.500 | task1=2.086143e-01 | task2=6.151777e-03 | F1=2.024752e-01 | m1²=0.000969 | m2²=0.999625 | eps_w1=1.837958e+00 | eps_w2=3.051115e-03
[step    92700] t/d= 927.000 | task1=2.085198e-01 | task2=6.153164e-03 | F1=2.023808e-01 | m1²=0.000971 | m2²=0.999621 | eps_w1=1.836695e+00 | eps_w2=3.126206e-03
[step    92750] t/d= 927.500 | task1=2.085300e-01 | task2=6.152449e-03 | F1=2.023910e-01 | m1²=0.000969 | m2²=0.999618 | eps_w1=1.836812e+00 | eps_w2=3.127438e-03
[step    92800] t/d= 928.000 | task1=2.085323e-01 | task2=6.151350e-03 | F1=2.023933e-01 | m1²=0.000960 | m2²=0.999613 | eps_w1=1.836769e+00 | eps_w2=3.139974e-03
[step    92850] t/d= 928.500 | task1=2.085727e-01 | task2=6.150805e-03 | F1=2.024336e-01 | m1²=0.000956 | m2²=0.999609 | eps_w1=1.837177e+00 | eps_w2=3.124764e-03
[step    92900] t/d= 929.000 | task1=2.085480e-01 | task2=6.151429e-03 | F1=2.024089e-01 | m1²=0.000962 | m2²=0.999613 | eps_w1=1.836912e+00 | eps_w2=3.131622e-03
[step    92950] t/d= 929.500 | task1=2.085536e-01 | task2=6.152128e-03 | F1=2.024145e-01 | m1²=0.000964 | m2²=0.999610 | eps_w1=1.836968e+00 | eps_w2=3.133670e-03
[step    93000] t/d= 930.000 | task1=2.085870e-01 | task2=6.153274e-03 | F1=2.024479e-01 | m1²=0.000978 | m2²=0.999612 | eps_w1=1.837331e+00 | eps_w2=3.108665e-03
[step    93050] t/d= 930.500 | task1=2.085614e-01 | task2=6.154180e-03 | F1=2.024224e-01 | m1²=0.000974 | m2²=0.999620 | eps_w1=1.837051e+00 | eps_w2=3.109276e-03
[step    93100] t/d= 931.000 | task1=2.085160e-01 | task2=6.155261e-03 | F1=2.023769e-01 | m1²=0.000985 | m2²=0.999623 | eps_w1=1.836590e+00 | eps_w2=3.128461e-03
[step    93150] t/d= 931.500 | task1=2.085049e-01 | task2=6.153982e-03 | F1=2.023659e-01 | m1²=0.000987 | m2²=0.999621 | eps_w1=1.836420e+00 | eps_w2=3.140452e-03
[step    93200] t/d= 932.000 | task1=2.084855e-01 | task2=6.153814e-03 | F1=2.023465e-01 | m1²=0.000999 | m2²=0.999617 | eps_w1=1.835970e+00 | eps_w2=3.171463e-03
[step    93250] t/d= 932.500 | task1=2.084646e-01 | task2=6.155124e-03 | F1=2.023255e-01 | m1²=0.000997 | m2²=0.999608 | eps_w1=1.835592e+00 | eps_w2=3.209973e-03
[step    93300] t/d= 933.000 | task1=2.085014e-01 | task2=6.155895e-03 | F1=2.023624e-01 | m1²=0.001009 | m2²=0.999610 | eps_w1=1.835984e+00 | eps_w2=3.184036e-03
[step    93350] t/d= 933.500 | task1=2.084850e-01 | task2=6.156752e-03 | F1=2.023460e-01 | m1²=0.001009 | m2²=0.999608 | eps_w1=1.835812e+00 | eps_w2=3.197327e-03
[step    93400] t/d= 934.000 | task1=2.084995e-01 | task2=6.155941e-03 | F1=2.023605e-01 | m1²=0.001004 | m2²=0.999608 | eps_w1=1.835935e+00 | eps_w2=3.191415e-03
[step    93450] t/d= 934.500 | task1=2.085287e-01 | task2=6.156478e-03 | F1=2.023896e-01 | m1²=0.000998 | m2²=0.999602 | eps_w1=1.836151e+00 | eps_w2=3.191374e-03
[step    93500] t/d= 935.000 | task1=2.085606e-01 | task2=6.157195e-03 | F1=2.024216e-01 | m1²=0.000994 | m2²=0.999604 | eps_w1=1.836543e+00 | eps_w2=3.166156e-03
[step    93550] t/d= 935.500 | task1=2.086055e-01 | task2=6.157072e-03 | F1=2.024665e-01 | m1²=0.000994 | m2²=0.999603 | eps_w1=1.837104e+00 | eps_w2=3.136199e-03
[step    93600] t/d= 936.000 | task1=2.086588e-01 | task2=6.157011e-03 | F1=2.025197e-01 | m1²=0.001003 | m2²=0.999603 | eps_w1=1.837746e+00 | eps_w2=3.099777e-03
[step    93650] t/d= 936.500 | task1=2.086339e-01 | task2=6.159674e-03 | F1=2.024948e-01 | m1²=0.001004 | m2²=0.999599 | eps_w1=1.837536e+00 | eps_w2=3.120194e-03
[step    93700] t/d= 937.000 | task1=2.086224e-01 | task2=6.160122e-03 | F1=2.024833e-01 | m1²=0.000992 | m2²=0.999604 | eps_w1=1.837436e+00 | eps_w2=3.117321e-03
[step    93750] t/d= 937.500 | task1=2.086398e-01 | task2=6.159720e-03 | F1=2.025008e-01 | m1²=0.000983 | m2²=0.999606 | eps_w1=1.837633e+00 | eps_w2=3.102751e-03
[step    93800] t/d= 938.000 | task1=2.085915e-01 | task2=6.162307e-03 | F1=2.024525e-01 | m1²=0.000967 | m2²=0.999609 | eps_w1=1.837050e+00 | eps_w2=3.131733e-03
[step    93850] t/d= 938.500 | task1=2.086037e-01 | task2=6.161267e-03 | F1=2.024646e-01 | m1²=0.000955 | m2²=0.999616 | eps_w1=1.837325e+00 | eps_w2=3.103482e-03
[step    93900] t/d= 939.000 | task1=2.086974e-01 | task2=6.162383e-03 | F1=2.025583e-01 | m1²=0.000948 | m2²=0.999620 | eps_w1=1.838540e+00 | eps_w2=3.030174e-03
[step    93950] t/d= 939.500 | task1=2.086652e-01 | task2=6.162153e-03 | F1=2.025261e-01 | m1²=0.000961 | m2²=0.999618 | eps_w1=1.838201e+00 | eps_w2=3.050495e-03
[step    94000] t/d= 940.000 | task1=2.086552e-01 | task2=6.160769e-03 | F1=2.025161e-01 | m1²=0.000964 | m2²=0.999612 | eps_w1=1.838100e+00 | eps_w2=3.068703e-03
[step    94050] t/d= 940.500 | task1=2.087048e-01 | task2=6.161249e-03 | F1=2.025657e-01 | m1²=0.000944 | m2²=0.999616 | eps_w1=1.838668e+00 | eps_w2=3.031428e-03
[step    94100] t/d= 941.000 | task1=2.086772e-01 | task2=6.161447e-03 | F1=2.025381e-01 | m1²=0.000951 | m2²=0.999611 | eps_w1=1.838227e+00 | eps_w2=3.063996e-03
[step    94150] t/d= 941.500 | task1=2.086133e-01 | task2=6.160715e-03 | F1=2.024742e-01 | m1²=0.000972 | m2²=0.999617 | eps_w1=1.837335e+00 | eps_w2=3.100271e-03
[step    94200] t/d= 942.000 | task1=2.086444e-01 | task2=6.161484e-03 | F1=2.025053e-01 | m1²=0.000961 | m2²=0.999616 | eps_w1=1.837742e+00 | eps_w2=3.079489e-03
[step    94250] t/d= 942.500 | task1=2.085771e-01 | task2=6.160673e-03 | F1=2.024380e-01 | m1²=0.000962 | m2²=0.999618 | eps_w1=1.836738e+00 | eps_w2=3.131915e-03
[step    94300] t/d= 943.000 | task1=2.085336e-01 | task2=6.161206e-03 | F1=2.023946e-01 | m1²=0.000961 | m2²=0.999624 | eps_w1=1.836207e+00 | eps_w2=3.150295e-03
[step    94350] t/d= 943.500 | task1=2.085156e-01 | task2=6.162033e-03 | F1=2.023765e-01 | m1²=0.000958 | m2²=0.999621 | eps_w1=1.835945e+00 | eps_w2=3.170929e-03
[step    94400] t/d= 944.000 | task1=2.085109e-01 | task2=6.162256e-03 | F1=2.023719e-01 | m1²=0.000965 | m2²=0.999614 | eps_w1=1.835945e+00 | eps_w2=3.183335e-03
[step    94450] t/d= 944.500 | task1=2.084969e-01 | task2=6.161550e-03 | F1=2.023578e-01 | m1²=0.000949 | m2²=0.999623 | eps_w1=1.835709e+00 | eps_w2=3.179806e-03
[step    94500] t/d= 945.000 | task1=2.085237e-01 | task2=6.161933e-03 | F1=2.023846e-01 | m1²=0.000947 | m2²=0.999621 | eps_w1=1.836089e+00 | eps_w2=3.162570e-03
[step    94550] t/d= 945.500 | task1=2.085738e-01 | task2=6.161145e-03 | F1=2.024348e-01 | m1²=0.000946 | m2²=0.999618 | eps_w1=1.836752e+00 | eps_w2=3.132844e-03
[step    94600] t/d= 946.000 | task1=2.085738e-01 | task2=6.161227e-03 | F1=2.024348e-01 | m1²=0.000946 | m2²=0.999612 | eps_w1=1.836712e+00 | eps_w2=3.146394e-03
[step    94650] t/d= 946.500 | task1=2.085580e-01 | task2=6.163740e-03 | F1=2.024190e-01 | m1²=0.000939 | m2²=0.999614 | eps_w1=1.836449e+00 | eps_w2=3.158262e-03
[step    94700] t/d= 947.000 | task1=2.085957e-01 | task2=6.161845e-03 | F1=2.024567e-01 | m1²=0.000941 | m2²=0.999620 | eps_w1=1.836762e+00 | eps_w2=3.129300e-03
[step    94750] t/d= 947.500 | task1=2.085910e-01 | task2=6.160809e-03 | F1=2.024519e-01 | m1²=0.000953 | m2²=0.999618 | eps_w1=1.836649e+00 | eps_w2=3.137252e-03
[step    94800] t/d= 948.000 | task1=2.085611e-01 | task2=6.162024e-03 | F1=2.024220e-01 | m1²=0.000960 | m2²=0.999617 | eps_w1=1.836199e+00 | eps_w2=3.163261e-03
[step    94850] t/d= 948.500 | task1=2.085686e-01 | task2=6.160131e-03 | F1=2.024295e-01 | m1²=0.000955 | m2²=0.999621 | eps_w1=1.836240e+00 | eps_w2=3.154191e-03
[step    94900] t/d= 949.000 | task1=2.085889e-01 | task2=6.160553e-03 | F1=2.024498e-01 | m1²=0.000959 | m2²=0.999625 | eps_w1=1.836532e+00 | eps_w2=3.130476e-03
[step    94950] t/d= 949.500 | task1=2.085468e-01 | task2=6.158134e-03 | F1=2.024077e-01 | m1²=0.000967 | m2²=0.999630 | eps_w1=1.836152e+00 | eps_w2=3.140948e-03
[step    95000] t/d= 950.000 | task1=2.085445e-01 | task2=6.159061e-03 | F1=2.024054e-01 | m1²=0.000971 | m2²=0.999632 | eps_w1=1.836151e+00 | eps_w2=3.136244e-03
[step    95050] t/d= 950.500 | task1=2.085887e-01 | task2=6.157216e-03 | F1=2.024496e-01 | m1²=0.000976 | m2²=0.999636 | eps_w1=1.836756e+00 | eps_w2=3.094040e-03
[step    95100] t/d= 951.000 | task1=2.084990e-01 | task2=6.157783e-03 | F1=2.023600e-01 | m1²=0.000967 | m2²=0.999634 | eps_w1=1.835478e+00 | eps_w2=3.170906e-03
[step    95150] t/d= 951.500 | task1=2.084961e-01 | task2=6.157085e-03 | F1=2.023571e-01 | m1²=0.000963 | m2²=0.999631 | eps_w1=1.835367e+00 | eps_w2=3.182167e-03
[step    95200] t/d= 952.000 | task1=2.085477e-01 | task2=6.156096e-03 | F1=2.024087e-01 | m1²=0.000961 | m2²=0.999630 | eps_w1=1.836091e+00 | eps_w2=3.144993e-03
[step    95250] t/d= 952.500 | task1=2.086293e-01 | task2=6.154981e-03 | F1=2.024903e-01 | m1²=0.000960 | m2²=0.999628 | eps_w1=1.837109e+00 | eps_w2=3.092939e-03
[step    95300] t/d= 953.000 | task1=2.086496e-01 | task2=6.153936e-03 | F1=2.025106e-01 | m1²=0.000960 | m2²=0.999636 | eps_w1=1.837209e+00 | eps_w2=3.070643e-03
[step    95350] t/d= 953.500 | task1=2.086990e-01 | task2=6.155152e-03 | F1=2.025600e-01 | m1²=0.000943 | m2²=0.999626 | eps_w1=1.837788e+00 | eps_w2=3.059693e-03
[step    95400] t/d= 954.000 | task1=2.087262e-01 | task2=6.153362e-03 | F1=2.025871e-01 | m1²=0.000940 | m2²=0.999628 | eps_w1=1.838226e+00 | eps_w2=3.032453e-03
[step    95450] t/d= 954.500 | task1=2.087596e-01 | task2=6.150893e-03 | F1=2.026205e-01 | m1²=0.000939 | m2²=0.999633 | eps_w1=1.838584e+00 | eps_w2=3.004025e-03
[step    95500] t/d= 955.000 | task1=2.087529e-01 | task2=6.153434e-03 | F1=2.026138e-01 | m1²=0.000932 | m2²=0.999630 | eps_w1=1.838526e+00 | eps_w2=3.014434e-03
[step    95550] t/d= 955.500 | task1=2.087650e-01 | task2=6.153584e-03 | F1=2.026259e-01 | m1²=0.000925 | m2²=0.999631 | eps_w1=1.838589e+00 | eps_w2=3.008236e-03
[step    95600] t/d= 956.000 | task1=2.087899e-01 | task2=6.154162e-03 | F1=2.026508e-01 | m1²=0.000919 | m2²=0.999631 | eps_w1=1.838992e+00 | eps_w2=2.988678e-03
[step    95650] t/d= 956.500 | task1=2.087998e-01 | task2=6.153444e-03 | F1=2.026608e-01 | m1²=0.000924 | m2²=0.999623 | eps_w1=1.839155e+00 | eps_w2=2.994549e-03
[step    95700] t/d= 957.000 | task1=2.087710e-01 | task2=6.153272e-03 | F1=2.026319e-01 | m1²=0.000930 | m2²=0.999624 | eps_w1=1.838812e+00 | eps_w2=3.010525e-03
[step    95750] t/d= 957.500 | task1=2.087620e-01 | task2=6.154065e-03 | F1=2.026230e-01 | m1²=0.000926 | m2²=0.999610 | eps_w1=1.838718e+00 | eps_w2=3.042953e-03
[step    95800] t/d= 958.000 | task1=2.087375e-01 | task2=6.155053e-03 | F1=2.025984e-01 | m1²=0.000915 | m2²=0.999606 | eps_w1=1.838432e+00 | eps_w2=3.066028e-03
[step    95850] t/d= 958.500 | task1=2.087077e-01 | task2=6.155492e-03 | F1=2.025686e-01 | m1²=0.000932 | m2²=0.999612 | eps_w1=1.837893e+00 | eps_w2=3.083191e-03
[step    95900] t/d= 959.000 | task1=2.086038e-01 | task2=6.150791e-03 | F1=2.024647e-01 | m1²=0.000959 | m2²=0.999613 | eps_w1=1.836659e+00 | eps_w2=3.145610e-03
[step    95950] t/d= 959.500 | task1=2.086348e-01 | task2=6.151263e-03 | F1=2.024957e-01 | m1²=0.000961 | m2²=0.999624 | eps_w1=1.837024e+00 | eps_w2=3.104906e-03
[step    96000] t/d= 960.000 | task1=2.086396e-01 | task2=6.151280e-03 | F1=2.025005e-01 | m1²=0.000958 | m2²=0.999617 | eps_w1=1.837195e+00 | eps_w2=3.107939e-03
[step    96050] t/d= 960.500 | task1=2.086245e-01 | task2=6.151514e-03 | F1=2.024855e-01 | m1²=0.000945 | m2²=0.999624 | eps_w1=1.837096e+00 | eps_w2=3.101292e-03
[step    96100] t/d= 961.000 | task1=2.086561e-01 | task2=6.151357e-03 | F1=2.025170e-01 | m1²=0.000944 | m2²=0.999625 | eps_w1=1.837392e+00 | eps_w2=3.084150e-03
[step    96150] t/d= 961.500 | task1=2.086489e-01 | task2=6.151400e-03 | F1=2.025099e-01 | m1²=0.000939 | m2²=0.999624 | eps_w1=1.837284e+00 | eps_w2=3.091583e-03
[step    96200] t/d= 962.000 | task1=2.086400e-01 | task2=6.151271e-03 | F1=2.025009e-01 | m1²=0.000938 | m2²=0.999618 | eps_w1=1.837156e+00 | eps_w2=3.110612e-03
[step    96250] t/d= 962.500 | task1=2.087045e-01 | task2=6.150566e-03 | F1=2.025654e-01 | m1²=0.000934 | m2²=0.999618 | eps_w1=1.837998e+00 | eps_w2=3.064213e-03
[step    96300] t/d= 963.000 | task1=2.087117e-01 | task2=6.149965e-03 | F1=2.025727e-01 | m1²=0.000928 | m2²=0.999620 | eps_w1=1.837976e+00 | eps_w2=3.063855e-03
[step    96350] t/d= 963.500 | task1=2.086665e-01 | task2=6.150555e-03 | F1=2.025275e-01 | m1²=0.000936 | m2²=0.999616 | eps_w1=1.837368e+00 | eps_w2=3.103199e-03
[step    96400] t/d= 964.000 | task1=2.086823e-01 | task2=6.149847e-03 | F1=2.025433e-01 | m1²=0.000942 | m2²=0.999619 | eps_w1=1.837607e+00 | eps_w2=3.082839e-03
[step    96450] t/d= 964.500 | task1=2.086489e-01 | task2=6.148419e-03 | F1=2.025098e-01 | m1²=0.000943 | m2²=0.999628 | eps_w1=1.837195e+00 | eps_w2=3.089529e-03
[step    96500] t/d= 965.000 | task1=2.086152e-01 | task2=6.146705e-03 | F1=2.024762e-01 | m1²=0.000951 | m2²=0.999627 | eps_w1=1.836800e+00 | eps_w2=3.112634e-03
[step    96550] t/d= 965.500 | task1=2.086427e-01 | task2=6.147238e-03 | F1=2.025036e-01 | m1²=0.000958 | m2²=0.999621 | eps_w1=1.837260e+00 | eps_w2=3.098234e-03
[step    96600] t/d= 966.000 | task1=2.086354e-01 | task2=6.148208e-03 | F1=2.024964e-01 | m1²=0.000960 | m2²=0.999620 | eps_w1=1.837102e+00 | eps_w2=3.107489e-03
[step    96650] t/d= 966.500 | task1=2.086289e-01 | task2=6.150113e-03 | F1=2.024898e-01 | m1²=0.000960 | m2²=0.999628 | eps_w1=1.837208e+00 | eps_w2=3.085770e-03
[step    96700] t/d= 967.000 | task1=2.086392e-01 | task2=6.150469e-03 | F1=2.025001e-01 | m1²=0.000958 | m2²=0.999645 | eps_w1=1.837289e+00 | eps_w2=3.049855e-03
[step    96750] t/d= 967.500 | task1=2.086938e-01 | task2=6.151630e-03 | F1=2.025548e-01 | m1²=0.000949 | m2²=0.999647 | eps_w1=1.838098e+00 | eps_w2=3.003461e-03
[step    96800] t/d= 968.000 | task1=2.087123e-01 | task2=6.152415e-03 | F1=2.025732e-01 | m1²=0.000950 | m2²=0.999648 | eps_w1=1.838433e+00 | eps_w2=2.981900e-03
[step    96850] t/d= 968.500 | task1=2.087139e-01 | task2=6.153146e-03 | F1=2.025749e-01 | m1²=0.000959 | m2²=0.999649 | eps_w1=1.838355e+00 | eps_w2=2.983621e-03
[step    96900] t/d= 969.000 | task1=2.087463e-01 | task2=6.151830e-03 | F1=2.026073e-01 | m1²=0.000959 | m2²=0.999651 | eps_w1=1.838883e+00 | eps_w2=2.952112e-03
[step    96950] t/d= 969.500 | task1=2.087580e-01 | task2=6.153706e-03 | F1=2.026189e-01 | m1²=0.000948 | m2²=0.999650 | eps_w1=1.838931e+00 | eps_w2=2.952960e-03
[step    97000] t/d= 970.000 | task1=2.087224e-01 | task2=6.153317e-03 | F1=2.025833e-01 | m1²=0.000944 | m2²=0.999648 | eps_w1=1.838522e+00 | eps_w2=2.979401e-03
[step    97050] t/d= 970.500 | task1=2.087903e-01 | task2=6.152446e-03 | F1=2.026512e-01 | m1²=0.000941 | m2²=0.999650 | eps_w1=1.839381e+00 | eps_w2=2.929707e-03
[step    97100] t/d= 971.000 | task1=2.087936e-01 | task2=6.152929e-03 | F1=2.026546e-01 | m1²=0.000945 | m2²=0.999656 | eps_w1=1.839445e+00 | eps_w2=2.914034e-03
[step    97150] t/d= 971.500 | task1=2.087779e-01 | task2=6.152355e-03 | F1=2.026389e-01 | m1²=0.000949 | m2²=0.999657 | eps_w1=1.839211e+00 | eps_w2=2.924538e-03
[step    97200] t/d= 972.000 | task1=2.088367e-01 | task2=6.153823e-03 | F1=2.026976e-01 | m1²=0.000950 | m2²=0.999649 | eps_w1=1.839938e+00 | eps_w2=2.899861e-03
[step    97250] t/d= 972.500 | task1=2.088212e-01 | task2=6.153863e-03 | F1=2.026821e-01 | m1²=0.000955 | m2²=0.999645 | eps_w1=1.839800e+00 | eps_w2=2.914882e-03
[step    97300] t/d= 973.000 | task1=2.088475e-01 | task2=6.154083e-03 | F1=2.027085e-01 | m1²=0.000961 | m2²=0.999643 | eps_w1=1.840179e+00 | eps_w2=2.897048e-03
[step    97350] t/d= 973.500 | task1=2.088139e-01 | task2=6.152633e-03 | F1=2.026748e-01 | m1²=0.000950 | m2²=0.999646 | eps_w1=1.839647e+00 | eps_w2=2.921920e-03
[step    97400] t/d= 974.000 | task1=2.088285e-01 | task2=6.152330e-03 | F1=2.026894e-01 | m1²=0.000949 | m2²=0.999648 | eps_w1=1.839847e+00 | eps_w2=2.907826e-03
[step    97450] t/d= 974.500 | task1=2.087845e-01 | task2=6.152888e-03 | F1=2.026454e-01 | m1²=0.000955 | m2²=0.999640 | eps_w1=1.839221e+00 | eps_w2=2.954933e-03
[step    97500] t/d= 975.000 | task1=2.087960e-01 | task2=6.154318e-03 | F1=2.026570e-01 | m1²=0.000955 | m2²=0.999638 | eps_w1=1.839365e+00 | eps_w2=2.951703e-03
[step    97550] t/d= 975.500 | task1=2.088101e-01 | task2=6.154496e-03 | F1=2.026710e-01 | m1²=0.000957 | m2²=0.999643 | eps_w1=1.839540e+00 | eps_w2=2.932095e-03
[step    97600] t/d= 976.000 | task1=2.087919e-01 | task2=6.153648e-03 | F1=2.026528e-01 | m1²=0.000965 | m2²=0.999652 | eps_w1=1.839251e+00 | eps_w2=2.928940e-03
[step    97650] t/d= 976.500 | task1=2.087511e-01 | task2=6.153905e-03 | F1=2.026120e-01 | m1²=0.000968 | m2²=0.999645 | eps_w1=1.838663e+00 | eps_w2=2.974802e-03
[step    97700] t/d= 977.000 | task1=2.087259e-01 | task2=6.154787e-03 | F1=2.025869e-01 | m1²=0.000975 | m2²=0.999649 | eps_w1=1.838453e+00 | eps_w2=2.976846e-03
[step    97750] t/d= 977.500 | task1=2.086838e-01 | task2=6.156074e-03 | F1=2.025448e-01 | m1²=0.000981 | m2²=0.999650 | eps_w1=1.837905e+00 | eps_w2=3.004664e-03
[step    97800] t/d= 978.000 | task1=2.086613e-01 | task2=6.155034e-03 | F1=2.025222e-01 | m1²=0.000977 | m2²=0.999649 | eps_w1=1.837542e+00 | eps_w2=3.026548e-03
[step    97850] t/d= 978.500 | task1=2.086640e-01 | task2=6.157454e-03 | F1=2.025249e-01 | m1²=0.000968 | m2²=0.999646 | eps_w1=1.837474e+00 | eps_w2=3.037233e-03
[step    97900] t/d= 979.000 | task1=2.086584e-01 | task2=6.159742e-03 | F1=2.025193e-01 | m1²=0.000964 | m2²=0.999646 | eps_w1=1.837478e+00 | eps_w2=3.036601e-03
[step    97950] t/d= 979.500 | task1=2.086499e-01 | task2=6.159032e-03 | F1=2.025109e-01 | m1²=0.000953 | m2²=0.999646 | eps_w1=1.837578e+00 | eps_w2=3.033539e-03
[step    98000] t/d= 980.000 | task1=2.086772e-01 | task2=6.158249e-03 | F1=2.025381e-01 | m1²=0.000944 | m2²=0.999654 | eps_w1=1.838014e+00 | eps_w2=2.995678e-03
[step    98050] t/d= 980.500 | task1=2.086593e-01 | task2=6.161110e-03 | F1=2.025203e-01 | m1²=0.000939 | m2²=0.999647 | eps_w1=1.837886e+00 | eps_w2=3.015237e-03
[step    98100] t/d= 981.000 | task1=2.086585e-01 | task2=6.162582e-03 | F1=2.025194e-01 | m1²=0.000946 | m2²=0.999642 | eps_w1=1.837855e+00 | eps_w2=3.026206e-03
[step    98150] t/d= 981.500 | task1=2.086486e-01 | task2=6.163621e-03 | F1=2.025095e-01 | m1²=0.000932 | m2²=0.999647 | eps_w1=1.837709e+00 | eps_w2=3.026365e-03
[step    98200] t/d= 982.000 | task1=2.086278e-01 | task2=6.161959e-03 | F1=2.024887e-01 | m1²=0.000929 | m2²=0.999649 | eps_w1=1.837347e+00 | eps_w2=3.041309e-03
[step    98250] t/d= 982.500 | task1=2.086528e-01 | task2=6.160808e-03 | F1=2.025138e-01 | m1²=0.000928 | m2²=0.999644 | eps_w1=1.837668e+00 | eps_w2=3.034607e-03
[step    98300] t/d= 983.000 | task1=2.086693e-01 | task2=6.161709e-03 | F1=2.025302e-01 | m1²=0.000932 | m2²=0.999644 | eps_w1=1.837869e+00 | eps_w2=3.022388e-03
[step    98350] t/d= 983.500 | task1=2.087013e-01 | task2=6.162156e-03 | F1=2.025623e-01 | m1²=0.000931 | m2²=0.999641 | eps_w1=1.838391e+00 | eps_w2=2.999603e-03
[step    98400] t/d= 984.000 | task1=2.086710e-01 | task2=6.162041e-03 | F1=2.025319e-01 | m1²=0.000929 | m2²=0.999637 | eps_w1=1.838137e+00 | eps_w2=3.021094e-03
[step    98450] t/d= 984.500 | task1=2.086787e-01 | task2=6.162300e-03 | F1=2.025396e-01 | m1²=0.000927 | m2²=0.999633 | eps_w1=1.838148e+00 | eps_w2=3.029258e-03
[step    98500] t/d= 985.000 | task1=2.086990e-01 | task2=6.160793e-03 | F1=2.025599e-01 | m1²=0.000925 | m2²=0.999631 | eps_w1=1.838323e+00 | eps_w2=3.023019e-03
[step    98550] t/d= 985.500 | task1=2.086865e-01 | task2=6.158826e-03 | F1=2.025474e-01 | m1²=0.000923 | m2²=0.999639 | eps_w1=1.838257e+00 | eps_w2=3.011414e-03
[step    98600] t/d= 986.000 | task1=2.086636e-01 | task2=6.159208e-03 | F1=2.025245e-01 | m1²=0.000924 | m2²=0.999639 | eps_w1=1.837975e+00 | eps_w2=3.027488e-03
[step    98650] t/d= 986.500 | task1=2.086188e-01 | task2=6.159009e-03 | F1=2.024798e-01 | m1²=0.000932 | m2²=0.999639 | eps_w1=1.837325e+00 | eps_w2=3.062664e-03
[step    98700] t/d= 987.000 | task1=2.086176e-01 | task2=6.159962e-03 | F1=2.024785e-01 | m1²=0.000936 | m2²=0.999636 | eps_w1=1.837349e+00 | eps_w2=3.066971e-03
[step    98750] t/d= 987.500 | task1=2.085686e-01 | task2=6.159858e-03 | F1=2.024295e-01 | m1²=0.000931 | m2²=0.999640 | eps_w1=1.836665e+00 | eps_w2=3.096293e-03
[step    98800] t/d= 988.000 | task1=2.085595e-01 | task2=6.160494e-03 | F1=2.024205e-01 | m1²=0.000921 | m2²=0.999637 | eps_w1=1.836594e+00 | eps_w2=3.106655e-03
[step    98850] t/d= 988.500 | task1=2.085219e-01 | task2=6.159709e-03 | F1=2.023829e-01 | m1²=0.000921 | m2²=0.999637 | eps_w1=1.836109e+00 | eps_w2=3.134567e-03
[step    98900] t/d= 989.000 | task1=2.085600e-01 | task2=6.158586e-03 | F1=2.024209e-01 | m1²=0.000919 | m2²=0.999636 | eps_w1=1.836643e+00 | eps_w2=3.106891e-03
[step    98950] t/d= 989.500 | task1=2.084981e-01 | task2=6.159068e-03 | F1=2.023591e-01 | m1²=0.000911 | m2²=0.999636 | eps_w1=1.835911e+00 | eps_w2=3.148468e-03
[step    99000] t/d= 990.000 | task1=2.085063e-01 | task2=6.158980e-03 | F1=2.023672e-01 | m1²=0.000915 | m2²=0.999627 | eps_w1=1.836029e+00 | eps_w2=3.158800e-03
[step    99050] t/d= 990.500 | task1=2.085054e-01 | task2=6.156912e-03 | F1=2.023664e-01 | m1²=0.000934 | m2²=0.999615 | eps_w1=1.835921e+00 | eps_w2=3.186253e-03
[step    99100] t/d= 991.000 | task1=2.085241e-01 | task2=6.156799e-03 | F1=2.023850e-01 | m1²=0.000935 | m2²=0.999621 | eps_w1=1.835996e+00 | eps_w2=3.170026e-03
[step    99150] t/d= 991.500 | task1=2.084508e-01 | task2=6.156392e-03 | F1=2.023117e-01 | m1²=0.000946 | m2²=0.999622 | eps_w1=1.835108e+00 | eps_w2=3.216884e-03
[step    99200] t/d= 992.000 | task1=2.084971e-01 | task2=6.157496e-03 | F1=2.023580e-01 | m1²=0.000946 | m2²=0.999620 | eps_w1=1.835604e+00 | eps_w2=3.191484e-03
[step    99250] t/d= 992.500 | task1=2.085422e-01 | task2=6.157305e-03 | F1=2.024031e-01 | m1²=0.000946 | m2²=0.999627 | eps_w1=1.836349e+00 | eps_w2=3.137185e-03
[step    99300] t/d= 993.000 | task1=2.085301e-01 | task2=6.156588e-03 | F1=2.023911e-01 | m1²=0.000934 | m2²=0.999629 | eps_w1=1.836159e+00 | eps_w2=3.146333e-03
[step    99350] t/d= 993.500 | task1=2.085027e-01 | task2=6.156295e-03 | F1=2.023637e-01 | m1²=0.000934 | m2²=0.999624 | eps_w1=1.835696e+00 | eps_w2=3.180170e-03
[step    99400] t/d= 994.000 | task1=2.084980e-01 | task2=6.159252e-03 | F1=2.023589e-01 | m1²=0.000926 | m2²=0.999630 | eps_w1=1.835798e+00 | eps_w2=3.164790e-03
[step    99450] t/d= 994.500 | task1=2.085228e-01 | task2=6.162377e-03 | F1=2.023838e-01 | m1²=0.000937 | m2²=0.999624 | eps_w1=1.836092e+00 | eps_w2=3.158362e-03
[step    99500] t/d= 995.000 | task1=2.085357e-01 | task2=6.162852e-03 | F1=2.023967e-01 | m1²=0.000946 | m2²=0.999627 | eps_w1=1.836138e+00 | eps_w2=3.149322e-03
[step    99550] t/d= 995.500 | task1=2.085123e-01 | task2=6.164396e-03 | F1=2.023733e-01 | m1²=0.000946 | m2²=0.999632 | eps_w1=1.835886e+00 | eps_w2=3.154385e-03
[step    99600] t/d= 996.000 | task1=2.085186e-01 | task2=6.162043e-03 | F1=2.023796e-01 | m1²=0.000957 | m2²=0.999635 | eps_w1=1.835877e+00 | eps_w2=3.147790e-03
[step    99650] t/d= 996.500 | task1=2.085290e-01 | task2=6.159892e-03 | F1=2.023900e-01 | m1²=0.000959 | m2²=0.999644 | eps_w1=1.836088e+00 | eps_w2=3.117785e-03
[step    99700] t/d= 997.000 | task1=2.085642e-01 | task2=6.160050e-03 | F1=2.024251e-01 | m1²=0.000963 | m2²=0.999640 | eps_w1=1.836558e+00 | eps_w2=3.100122e-03
[step    99750] t/d= 997.500 | task1=2.085732e-01 | task2=6.162054e-03 | F1=2.024341e-01 | m1²=0.000974 | m2²=0.999635 | eps_w1=1.836816e+00 | eps_w2=3.093947e-03
[step    99800] t/d= 998.000 | task1=2.085942e-01 | task2=6.162130e-03 | F1=2.024551e-01 | m1²=0.000973 | m2²=0.999637 | eps_w1=1.837200e+00 | eps_w2=3.069474e-03
[step    99850] t/d= 998.500 | task1=2.085784e-01 | task2=6.163154e-03 | F1=2.024393e-01 | m1²=0.000963 | m2²=0.999640 | eps_w1=1.836939e+00 | eps_w2=3.077584e-03
[step    99900] t/d= 999.000 | task1=2.085184e-01 | task2=6.161100e-03 | F1=2.023794e-01 | m1²=0.000957 | m2²=0.999642 | eps_w1=1.836154e+00 | eps_w2=3.119383e-03
[step    99950] t/d= 999.500 | task1=2.085387e-01 | task2=6.159399e-03 | F1=2.023997e-01 | m1²=0.000964 | m2²=0.999642 | eps_w1=1.836332e+00 | eps_w2=3.108350e-03
[step   100000] t/d=1000.000 | task1=2.085768e-01 | task2=6.158314e-03 | F1=2.024377e-01 | m1²=0.000966 | m2²=0.999642 | eps_w1=1.836839e+00 | eps_w2=3.079680e-03
[step   100050] t/d=1000.500 | task1=2.086128e-01 | task2=6.158609e-03 | F1=2.024737e-01 | m1²=0.000983 | m2²=0.999637 | eps_w1=1.837439e+00 | eps_w2=3.055445e-03
[step   100100] t/d=1001.000 | task1=2.085984e-01 | task2=6.157671e-03 | F1=2.024594e-01 | m1²=0.000971 | m2²=0.999640 | eps_w1=1.837257e+00 | eps_w2=3.060400e-03
[step   100150] t/d=1001.500 | task1=2.086475e-01 | task2=6.157289e-03 | F1=2.025085e-01 | m1²=0.000966 | m2²=0.999636 | eps_w1=1.837786e+00 | eps_w2=3.038619e-03
[step   100200] t/d=1002.000 | task1=2.086703e-01 | task2=6.155166e-03 | F1=2.025312e-01 | m1²=0.000964 | m2²=0.999640 | eps_w1=1.838072e+00 | eps_w2=3.015285e-03
[step   100250] t/d=1002.500 | task1=2.086910e-01 | task2=6.155758e-03 | F1=2.025519e-01 | m1²=0.000955 | m2²=0.999641 | eps_w1=1.838389e+00 | eps_w2=2.997198e-03
[step   100300] t/d=1003.000 | task1=2.086384e-01 | task2=6.155719e-03 | F1=2.024994e-01 | m1²=0.000958 | m2²=0.999648 | eps_w1=1.837456e+00 | eps_w2=3.035141e-03
[step   100350] t/d=1003.500 | task1=2.086375e-01 | task2=6.155519e-03 | F1=2.024985e-01 | m1²=0.000957 | m2²=0.999646 | eps_w1=1.837357e+00 | eps_w2=3.044300e-03
[step   100400] t/d=1004.000 | task1=2.086649e-01 | task2=6.155965e-03 | F1=2.025258e-01 | m1²=0.000968 | m2²=0.999644 | eps_w1=1.837641e+00 | eps_w2=3.031352e-03
[step   100450] t/d=1004.500 | task1=2.086475e-01 | task2=6.156139e-03 | F1=2.025084e-01 | m1²=0.000965 | m2²=0.999645 | eps_w1=1.837444e+00 | eps_w2=3.040220e-03
[step   100500] t/d=1005.000 | task1=2.085835e-01 | task2=6.154978e-03 | F1=2.024445e-01 | m1²=0.000972 | m2²=0.999653 | eps_w1=1.836598e+00 | eps_w2=3.072271e-03
[step   100550] t/d=1005.500 | task1=2.085256e-01 | task2=6.155063e-03 | F1=2.023865e-01 | m1²=0.000974 | m2²=0.999646 | eps_w1=1.836003e+00 | eps_w2=3.117405e-03
[step   100600] t/d=1006.000 | task1=2.085581e-01 | task2=6.155471e-03 | F1=2.024190e-01 | m1²=0.000972 | m2²=0.999648 | eps_w1=1.836371e+00 | eps_w2=3.094502e-03
[step   100650] t/d=1006.500 | task1=2.086032e-01 | task2=6.157668e-03 | F1=2.024641e-01 | m1²=0.000966 | m2²=0.999646 | eps_w1=1.837040e+00 | eps_w2=3.060850e-03
[step   100700] t/d=1007.000 | task1=2.086328e-01 | task2=6.158433e-03 | F1=2.024937e-01 | m1²=0.000968 | m2²=0.999649 | eps_w1=1.837411e+00 | eps_w2=3.034001e-03
[step   100750] t/d=1007.500 | task1=2.086056e-01 | task2=6.158503e-03 | F1=2.024665e-01 | m1²=0.000979 | m2²=0.999648 | eps_w1=1.837227e+00 | eps_w2=3.044786e-03
[step   100800] t/d=1008.000 | task1=2.086390e-01 | task2=6.158128e-03 | F1=2.024999e-01 | m1²=0.000977 | m2²=0.999637 | eps_w1=1.837619e+00 | eps_w2=3.045043e-03
[step   100850] t/d=1008.500 | task1=2.086321e-01 | task2=6.157707e-03 | F1=2.024931e-01 | m1²=0.000985 | m2²=0.999642 | eps_w1=1.837530e+00 | eps_w2=3.038958e-03
[step   100900] t/d=1009.000 | task1=2.086543e-01 | task2=6.157351e-03 | F1=2.025152e-01 | m1²=0.000973 | m2²=0.999642 | eps_w1=1.837820e+00 | eps_w2=3.025759e-03
[step   100950] t/d=1009.500 | task1=2.086525e-01 | task2=6.159092e-03 | F1=2.025135e-01 | m1²=0.000975 | m2²=0.999644 | eps_w1=1.837875e+00 | eps_w2=3.017826e-03
[step   101000] t/d=1010.000 | task1=2.086809e-01 | task2=6.161344e-03 | F1=2.025419e-01 | m1²=0.000978 | m2²=0.999645 | eps_w1=1.838241e+00 | eps_w2=2.995465e-03
[step   101050] t/d=1010.500 | task1=2.087192e-01 | task2=6.161773e-03 | F1=2.025802e-01 | m1²=0.000980 | m2²=0.999643 | eps_w1=1.838657e+00 | eps_w2=2.977628e-03
[step   101100] t/d=1011.000 | task1=2.087147e-01 | task2=6.159536e-03 | F1=2.025756e-01 | m1²=0.000977 | m2²=0.999646 | eps_w1=1.838712e+00 | eps_w2=2.968105e-03
[step   101150] t/d=1011.500 | task1=2.087827e-01 | task2=6.160248e-03 | F1=2.026437e-01 | m1²=0.000968 | m2²=0.999653 | eps_w1=1.839532e+00 | eps_w2=2.912826e-03
[step   101200] t/d=1012.000 | task1=2.087841e-01 | task2=6.160454e-03 | F1=2.026450e-01 | m1²=0.000984 | m2²=0.999656 | eps_w1=1.839517e+00 | eps_w2=2.906070e-03
[step   101250] t/d=1012.500 | task1=2.088139e-01 | task2=6.160657e-03 | F1=2.026749e-01 | m1²=0.000981 | m2²=0.999652 | eps_w1=1.840050e+00 | eps_w2=2.884695e-03
[step   101300] t/d=1013.000 | task1=2.088699e-01 | task2=6.161525e-03 | F1=2.027308e-01 | m1²=0.000976 | m2²=0.999658 | eps_w1=1.840582e+00 | eps_w2=2.846236e-03
[step   101350] t/d=1013.500 | task1=2.088864e-01 | task2=6.162385e-03 | F1=2.027473e-01 | m1²=0.000962 | m2²=0.999659 | eps_w1=1.840813e+00 | eps_w2=2.833115e-03
[step   101400] t/d=1014.000 | task1=2.088655e-01 | task2=6.163178e-03 | F1=2.027264e-01 | m1²=0.000971 | m2²=0.999659 | eps_w1=1.840593e+00 | eps_w2=2.843582e-03
[step   101450] t/d=1014.500 | task1=2.088516e-01 | task2=6.163019e-03 | F1=2.027126e-01 | m1²=0.000965 | m2²=0.999657 | eps_w1=1.840577e+00 | eps_w2=2.849365e-03
[step   101500] t/d=1015.000 | task1=2.088720e-01 | task2=6.164271e-03 | F1=2.027329e-01 | m1²=0.000959 | m2²=0.999651 | eps_w1=1.840912e+00 | eps_w2=2.844847e-03
[step   101550] t/d=1015.500 | task1=2.089003e-01 | task2=6.163610e-03 | F1=2.027612e-01 | m1²=0.000958 | m2²=0.999650 | eps_w1=1.841336e+00 | eps_w2=2.823231e-03
[step   101600] t/d=1016.000 | task1=2.088454e-01 | task2=6.162734e-03 | F1=2.027063e-01 | m1²=0.000963 | m2²=0.999650 | eps_w1=1.840791e+00 | eps_w2=2.852602e-03
[step   101650] t/d=1016.500 | task1=2.088163e-01 | task2=6.164379e-03 | F1=2.026773e-01 | m1²=0.000954 | m2²=0.999643 | eps_w1=1.840431e+00 | eps_w2=2.885990e-03
[step   101700] t/d=1017.000 | task1=2.088136e-01 | task2=6.166069e-03 | F1=2.026746e-01 | m1²=0.000946 | m2²=0.999646 | eps_w1=1.840480e+00 | eps_w2=2.876848e-03
[step   101750] t/d=1017.500 | task1=2.087823e-01 | task2=6.165493e-03 | F1=2.026432e-01 | m1²=0.000940 | m2²=0.999649 | eps_w1=1.839977e+00 | eps_w2=2.899655e-03
[step   101800] t/d=1018.000 | task1=2.087486e-01 | task2=6.162713e-03 | F1=2.026096e-01 | m1²=0.000942 | m2²=0.999653 | eps_w1=1.839623e+00 | eps_w2=2.910192e-03
[step   101850] t/d=1018.500 | task1=2.087128e-01 | task2=6.161670e-03 | F1=2.025738e-01 | m1²=0.000944 | m2²=0.999656 | eps_w1=1.839361e+00 | eps_w2=2.918066e-03
[step   101900] t/d=1019.000 | task1=2.087220e-01 | task2=6.160978e-03 | F1=2.025829e-01 | m1²=0.000938 | m2²=0.999660 | eps_w1=1.839526e+00 | eps_w2=2.902548e-03
[step   101950] t/d=1019.500 | task1=2.087463e-01 | task2=6.161933e-03 | F1=2.026073e-01 | m1²=0.000935 | m2²=0.999652 | eps_w1=1.839857e+00 | eps_w2=2.899464e-03
[step   102000] t/d=1020.000 | task1=2.087505e-01 | task2=6.161213e-03 | F1=2.026115e-01 | m1²=0.000942 | m2²=0.999653 | eps_w1=1.839932e+00 | eps_w2=2.892823e-03
[step   102050] t/d=1020.500 | task1=2.087841e-01 | task2=6.159429e-03 | F1=2.026451e-01 | m1²=0.000932 | m2²=0.999665 | eps_w1=1.840321e+00 | eps_w2=2.851857e-03
[step   102100] t/d=1021.000 | task1=2.087577e-01 | task2=6.157839e-03 | F1=2.026187e-01 | m1²=0.000943 | m2²=0.999670 | eps_w1=1.839855e+00 | eps_w2=2.864875e-03
[step   102150] t/d=1021.500 | task1=2.087536e-01 | task2=6.159518e-03 | F1=2.026145e-01 | m1²=0.000953 | m2²=0.999660 | eps_w1=1.839774e+00 | eps_w2=2.887610e-03
[step   102200] t/d=1022.000 | task1=2.087558e-01 | task2=6.159563e-03 | F1=2.026168e-01 | m1²=0.000964 | m2²=0.999671 | eps_w1=1.839812e+00 | eps_w2=2.864344e-03
[step   102250] t/d=1022.500 | task1=2.087275e-01 | task2=6.160074e-03 | F1=2.025885e-01 | m1²=0.000968 | m2²=0.999670 | eps_w1=1.839459e+00 | eps_w2=2.884646e-03
[step   102300] t/d=1023.000 | task1=2.087540e-01 | task2=6.161069e-03 | F1=2.026149e-01 | m1²=0.000972 | m2²=0.999665 | eps_w1=1.839967e+00 | eps_w2=2.865371e-03
[step   102350] t/d=1023.500 | task1=2.087909e-01 | task2=6.159590e-03 | F1=2.026518e-01 | m1²=0.000969 | m2²=0.999661 | eps_w1=1.840403e+00 | eps_w2=2.851167e-03
[step   102400] t/d=1024.000 | task1=2.087819e-01 | task2=6.158151e-03 | F1=2.026429e-01 | m1²=0.000974 | m2²=0.999666 | eps_w1=1.840271e+00 | eps_w2=2.847519e-03
[step   102450] t/d=1024.500 | task1=2.087392e-01 | task2=6.159158e-03 | F1=2.026001e-01 | m1²=0.000975 | m2²=0.999668 | eps_w1=1.839708e+00 | eps_w2=2.874633e-03
[step   102500] t/d=1025.000 | task1=2.087482e-01 | task2=6.159939e-03 | F1=2.026092e-01 | m1²=0.000970 | m2²=0.999668 | eps_w1=1.839790e+00 | eps_w2=2.870356e-03
[step   102550] t/d=1025.500 | task1=2.087024e-01 | task2=6.160092e-03 | F1=2.025633e-01 | m1²=0.000966 | m2²=0.999672 | eps_w1=1.839133e+00 | eps_w2=2.897970e-03
[step   102600] t/d=1026.000 | task1=2.086935e-01 | task2=6.159835e-03 | F1=2.025544e-01 | m1²=0.000956 | m2²=0.999677 | eps_w1=1.839009e+00 | eps_w2=2.895081e-03
[step   102650] t/d=1026.500 | task1=2.087166e-01 | task2=6.158703e-03 | F1=2.025775e-01 | m1²=0.000961 | m2²=0.999680 | eps_w1=1.839227e+00 | eps_w2=2.877681e-03
[step   102700] t/d=1027.000 | task1=2.087167e-01 | task2=6.160064e-03 | F1=2.025776e-01 | m1²=0.000953 | m2²=0.999683 | eps_w1=1.839192e+00 | eps_w2=2.874873e-03
[step   102750] t/d=1027.500 | task1=2.087634e-01 | task2=6.162403e-03 | F1=2.026243e-01 | m1²=0.000950 | m2²=0.999675 | eps_w1=1.839790e+00 | eps_w2=2.858505e-03
[step   102800] t/d=1028.000 | task1=2.087450e-01 | task2=6.162081e-03 | F1=2.026059e-01 | m1²=0.000943 | m2²=0.999676 | eps_w1=1.839604e+00 | eps_w2=2.867395e-03
[step   102850] t/d=1028.500 | task1=2.087638e-01 | task2=6.160776e-03 | F1=2.026247e-01 | m1²=0.000942 | m2²=0.999673 | eps_w1=1.839782e+00 | eps_w2=2.863614e-03
[step   102900] t/d=1029.000 | task1=2.087627e-01 | task2=6.159146e-03 | F1=2.026237e-01 | m1²=0.000953 | m2²=0.999673 | eps_w1=1.839670e+00 | eps_w2=2.868178e-03
[step   102950] t/d=1029.500 | task1=2.087303e-01 | task2=6.159755e-03 | F1=2.025913e-01 | m1²=0.000952 | m2²=0.999677 | eps_w1=1.839204e+00 | eps_w2=2.885741e-03
[step   103000] t/d=1030.000 | task1=2.087254e-01 | task2=6.159469e-03 | F1=2.025863e-01 | m1²=0.000952 | m2²=0.999679 | eps_w1=1.839164e+00 | eps_w2=2.883551e-03
[step   103050] t/d=1030.500 | task1=2.087238e-01 | task2=6.157796e-03 | F1=2.025848e-01 | m1²=0.000952 | m2²=0.999679 | eps_w1=1.839194e+00 | eps_w2=2.883424e-03
[step   103100] t/d=1031.000 | task1=2.087182e-01 | task2=6.157514e-03 | F1=2.025792e-01 | m1²=0.000951 | m2²=0.999674 | eps_w1=1.839151e+00 | eps_w2=2.895019e-03
[step   103150] t/d=1031.500 | task1=2.087541e-01 | task2=6.157934e-03 | F1=2.026150e-01 | m1²=0.000960 | m2²=0.999671 | eps_w1=1.839415e+00 | eps_w2=2.885145e-03
[step   103200] t/d=1032.000 | task1=2.087369e-01 | task2=6.159051e-03 | F1=2.025978e-01 | m1²=0.000966 | m2²=0.999672 | eps_w1=1.839200e+00 | eps_w2=2.895016e-03
[step   103250] t/d=1032.500 | task1=2.087059e-01 | task2=6.161533e-03 | F1=2.025668e-01 | m1²=0.000962 | m2²=0.999673 | eps_w1=1.838830e+00 | eps_w2=2.911573e-03
[step   103300] t/d=1033.000 | task1=2.087213e-01 | task2=6.162249e-03 | F1=2.025822e-01 | m1²=0.000969 | m2²=0.999670 | eps_w1=1.838957e+00 | eps_w2=2.911290e-03
[step   103350] t/d=1033.500 | task1=2.087721e-01 | task2=6.159823e-03 | F1=2.026331e-01 | m1²=0.000955 | m2²=0.999667 | eps_w1=1.839611e+00 | eps_w2=2.882405e-03
[step   103400] t/d=1034.000 | task1=2.087419e-01 | task2=6.160921e-03 | F1=2.026028e-01 | m1²=0.000965 | m2²=0.999665 | eps_w1=1.839256e+00 | eps_w2=2.904277e-03
[step   103450] t/d=1034.500 | task1=2.087192e-01 | task2=6.161914e-03 | F1=2.025802e-01 | m1²=0.000973 | m2²=0.999657 | eps_w1=1.838945e+00 | eps_w2=2.936116e-03
[step   103500] t/d=1035.000 | task1=2.087280e-01 | task2=6.164646e-03 | F1=2.025889e-01 | m1²=0.000974 | m2²=0.999653 | eps_w1=1.839159e+00 | eps_w2=2.931951e-03
[step   103550] t/d=1035.500 | task1=2.087315e-01 | task2=6.164304e-03 | F1=2.025925e-01 | m1²=0.000970 | m2²=0.999653 | eps_w1=1.839090e+00 | eps_w2=2.934999e-03
[step   103600] t/d=1036.000 | task1=2.087131e-01 | task2=6.166855e-03 | F1=2.025741e-01 | m1²=0.000958 | m2²=0.999655 | eps_w1=1.838746e+00 | eps_w2=2.951737e-03
[step   103650] t/d=1036.500 | task1=2.087205e-01 | task2=6.167194e-03 | F1=2.025815e-01 | m1²=0.000954 | m2²=0.999655 | eps_w1=1.838766e+00 | eps_w2=2.950393e-03
[step   103700] t/d=1037.000 | task1=2.087167e-01 | task2=6.167814e-03 | F1=2.025776e-01 | m1²=0.000947 | m2²=0.999656 | eps_w1=1.838722e+00 | eps_w2=2.951981e-03
[step   103750] t/d=1037.500 | task1=2.086665e-01 | task2=6.170516e-03 | F1=2.025275e-01 | m1²=0.000953 | m2²=0.999646 | eps_w1=1.838289e+00 | eps_w2=2.993496e-03
[step   103800] t/d=1038.000 | task1=2.086817e-01 | task2=6.170919e-03 | F1=2.025426e-01 | m1²=0.000943 | m2²=0.999651 | eps_w1=1.838404e+00 | eps_w2=2.979508e-03
[step   103850] t/d=1038.500 | task1=2.087025e-01 | task2=6.172565e-03 | F1=2.025634e-01 | m1²=0.000939 | m2²=0.999639 | eps_w1=1.838649e+00 | eps_w2=2.989034e-03
[step   103900] t/d=1039.000 | task1=2.086705e-01 | task2=6.175411e-03 | F1=2.025314e-01 | m1²=0.000925 | m2²=0.999637 | eps_w1=1.838277e+00 | eps_w2=3.013811e-03
[step   103950] t/d=1039.500 | task1=2.086384e-01 | task2=6.174814e-03 | F1=2.024993e-01 | m1²=0.000919 | m2²=0.999636 | eps_w1=1.837809e+00 | eps_w2=3.043388e-03
[step   104000] t/d=1040.000 | task1=2.086863e-01 | task2=6.174663e-03 | F1=2.025472e-01 | m1²=0.000920 | m2²=0.999638 | eps_w1=1.838411e+00 | eps_w2=3.005189e-03
[step   104050] t/d=1040.500 | task1=2.086556e-01 | task2=6.177536e-03 | F1=2.025166e-01 | m1²=0.000920 | m2²=0.999644 | eps_w1=1.837945e+00 | eps_w2=3.020584e-03
[step   104100] t/d=1041.000 | task1=2.087082e-01 | task2=6.178345e-03 | F1=2.025692e-01 | m1²=0.000931 | m2²=0.999641 | eps_w1=1.838513e+00 | eps_w2=2.993309e-03
[step   104150] t/d=1041.500 | task1=2.087108e-01 | task2=6.179359e-03 | F1=2.025718e-01 | m1²=0.000925 | m2²=0.999642 | eps_w1=1.838567e+00 | eps_w2=2.989404e-03
[step   104200] t/d=1042.000 | task1=2.087030e-01 | task2=6.180101e-03 | F1=2.025639e-01 | m1²=0.000922 | m2²=0.999628 | eps_w1=1.838338e+00 | eps_w2=3.028302e-03
[step   104250] t/d=1042.500 | task1=2.087184e-01 | task2=6.179221e-03 | F1=2.025793e-01 | m1²=0.000919 | m2²=0.999625 | eps_w1=1.838509e+00 | eps_w2=3.024635e-03
[step   104300] t/d=1043.000 | task1=2.087495e-01 | task2=6.179603e-03 | F1=2.026105e-01 | m1²=0.000930 | m2²=0.999627 | eps_w1=1.838775e+00 | eps_w2=3.006489e-03
[step   104350] t/d=1043.500 | task1=2.087151e-01 | task2=6.178152e-03 | F1=2.025761e-01 | m1²=0.000930 | m2²=0.999631 | eps_w1=1.838248e+00 | eps_w2=3.027121e-03
[step   104400] t/d=1044.000 | task1=2.086543e-01 | task2=6.176737e-03 | F1=2.025152e-01 | m1²=0.000934 | m2²=0.999626 | eps_w1=1.837466e+00 | eps_w2=3.079517e-03
[step   104450] t/d=1044.500 | task1=2.086675e-01 | task2=6.179277e-03 | F1=2.025284e-01 | m1²=0.000940 | m2²=0.999623 | eps_w1=1.837616e+00 | eps_w2=3.075359e-03
[step   104500] t/d=1045.000 | task1=2.086474e-01 | task2=6.178301e-03 | F1=2.025083e-01 | m1²=0.000938 | m2²=0.999622 | eps_w1=1.837449e+00 | eps_w2=3.086215e-03
[step   104550] t/d=1045.500 | task1=2.086333e-01 | task2=6.178311e-03 | F1=2.024942e-01 | m1²=0.000934 | m2²=0.999626 | eps_w1=1.837247e+00 | eps_w2=3.091442e-03
[step   104600] t/d=1046.000 | task1=2.085736e-01 | task2=6.175692e-03 | F1=2.024345e-01 | m1²=0.000942 | m2²=0.999624 | eps_w1=1.836395e+00 | eps_w2=3.141455e-03
[step   104650] t/d=1046.500 | task1=2.085518e-01 | task2=6.177873e-03 | F1=2.024127e-01 | m1²=0.000948 | m2²=0.999630 | eps_w1=1.836085e+00 | eps_w2=3.146931e-03
[step   104700] t/d=1047.000 | task1=2.085355e-01 | task2=6.178388e-03 | F1=2.023964e-01 | m1²=0.000945 | m2²=0.999634 | eps_w1=1.836040e+00 | eps_w2=3.140667e-03
[step   104750] t/d=1047.500 | task1=2.085639e-01 | task2=6.179116e-03 | F1=2.024249e-01 | m1²=0.000945 | m2²=0.999637 | eps_w1=1.836384e+00 | eps_w2=3.116659e-03
[step   104800] t/d=1048.000 | task1=2.085823e-01 | task2=6.178048e-03 | F1=2.024432e-01 | m1²=0.000954 | m2²=0.999646 | eps_w1=1.836798e+00 | eps_w2=3.076563e-03
[step   104850] t/d=1048.500 | task1=2.086132e-01 | task2=6.176708e-03 | F1=2.024741e-01 | m1²=0.000958 | m2²=0.999640 | eps_w1=1.837158e+00 | eps_w2=3.066070e-03
[step   104900] t/d=1049.000 | task1=2.086329e-01 | task2=6.178416e-03 | F1=2.024938e-01 | m1²=0.000952 | m2²=0.999648 | eps_w1=1.837368e+00 | eps_w2=3.041359e-03
[step   104950] t/d=1049.500 | task1=2.086743e-01 | task2=6.177427e-03 | F1=2.025352e-01 | m1²=0.000943 | m2²=0.999649 | eps_w1=1.837824e+00 | eps_w2=3.015160e-03
[step   105000] t/d=1050.000 | task1=2.086559e-01 | task2=6.178293e-03 | F1=2.025169e-01 | m1²=0.000937 | m2²=0.999635 | eps_w1=1.837667e+00 | eps_w2=3.050336e-03
[step   105050] t/d=1050.500 | task1=2.086022e-01 | task2=6.177223e-03 | F1=2.024631e-01 | m1²=0.000936 | m2²=0.999628 | eps_w1=1.837231e+00 | eps_w2=3.087269e-03
[step   105100] t/d=1051.000 | task1=2.086315e-01 | task2=6.176221e-03 | F1=2.024924e-01 | m1²=0.000937 | m2²=0.999635 | eps_w1=1.837566e+00 | eps_w2=3.055308e-03
[step   105150] t/d=1051.500 | task1=2.086531e-01 | task2=6.176552e-03 | F1=2.025140e-01 | m1²=0.000939 | m2²=0.999640 | eps_w1=1.837755e+00 | eps_w2=3.036148e-03
[step   105200] t/d=1052.000 | task1=2.085795e-01 | task2=6.175682e-03 | F1=2.024404e-01 | m1²=0.000942 | m2²=0.999633 | eps_w1=1.836828e+00 | eps_w2=3.100370e-03
[step   105250] t/d=1052.500 | task1=2.085915e-01 | task2=6.173842e-03 | F1=2.024524e-01 | m1²=0.000944 | m2²=0.999631 | eps_w1=1.836892e+00 | eps_w2=3.099649e-03
[step   105300] t/d=1053.000 | task1=2.085961e-01 | task2=6.172861e-03 | F1=2.024570e-01 | m1²=0.000941 | m2²=0.999636 | eps_w1=1.836967e+00 | eps_w2=3.087319e-03
[step   105350] t/d=1053.500 | task1=2.085490e-01 | task2=6.173979e-03 | F1=2.024099e-01 | m1²=0.000939 | m2²=0.999631 | eps_w1=1.836335e+00 | eps_w2=3.130604e-03
[step   105400] t/d=1054.000 | task1=2.084800e-01 | task2=6.173115e-03 | F1=2.023410e-01 | m1²=0.000947 | m2²=0.999633 | eps_w1=1.835346e+00 | eps_w2=3.181499e-03
[step   105450] t/d=1054.500 | task1=2.084544e-01 | task2=6.171327e-03 | F1=2.023153e-01 | m1²=0.000949 | m2²=0.999635 | eps_w1=1.835128e+00 | eps_w2=3.189628e-03
[step   105500] t/d=1055.000 | task1=2.084475e-01 | task2=6.172710e-03 | F1=2.023084e-01 | m1²=0.000953 | m2²=0.999634 | eps_w1=1.835118e+00 | eps_w2=3.192060e-03
[step   105550] t/d=1055.500 | task1=2.083985e-01 | task2=6.172117e-03 | F1=2.022595e-01 | m1²=0.000946 | m2²=0.999633 | eps_w1=1.834462e+00 | eps_w2=3.232789e-03
[step   105600] t/d=1056.000 | task1=2.083451e-01 | task2=6.173614e-03 | F1=2.022060e-01 | m1²=0.000956 | m2²=0.999618 | eps_w1=1.833741e+00 | eps_w2=3.300074e-03
[step   105650] t/d=1056.500 | task1=2.082945e-01 | task2=6.174538e-03 | F1=2.021554e-01 | m1²=0.000954 | m2²=0.999621 | eps_w1=1.833192e+00 | eps_w2=3.326921e-03
[step   105700] t/d=1057.000 | task1=2.082907e-01 | task2=6.176404e-03 | F1=2.021516e-01 | m1²=0.000951 | m2²=0.999618 | eps_w1=1.833137e+00 | eps_w2=3.335248e-03
[step   105750] t/d=1057.500 | task1=2.082871e-01 | task2=6.176553e-03 | F1=2.021481e-01 | m1²=0.000950 | m2²=0.999618 | eps_w1=1.833126e+00 | eps_w2=3.336746e-03
[step   105800] t/d=1058.000 | task1=2.082818e-01 | task2=6.177662e-03 | F1=2.021427e-01 | m1²=0.000948 | m2²=0.999616 | eps_w1=1.833117e+00 | eps_w2=3.340942e-03
[step   105850] t/d=1058.500 | task1=2.082628e-01 | task2=6.179938e-03 | F1=2.021237e-01 | m1²=0.000945 | m2²=0.999615 | eps_w1=1.832968e+00 | eps_w2=3.352558e-03
[step   105900] t/d=1059.000 | task1=2.082103e-01 | task2=6.179914e-03 | F1=2.020712e-01 | m1²=0.000949 | m2²=0.999620 | eps_w1=1.832219e+00 | eps_w2=3.385125e-03
[step   105950] t/d=1059.500 | task1=2.081981e-01 | task2=6.180572e-03 | F1=2.020591e-01 | m1²=0.000935 | m2²=0.999627 | eps_w1=1.831911e+00 | eps_w2=3.392173e-03
[step   106000] t/d=1060.000 | task1=2.081885e-01 | task2=6.179875e-03 | F1=2.020494e-01 | m1²=0.000928 | m2²=0.999624 | eps_w1=1.831808e+00 | eps_w2=3.404660e-03
[step   106050] t/d=1060.500 | task1=2.081905e-01 | task2=6.180632e-03 | F1=2.020514e-01 | m1²=0.000939 | m2²=0.999622 | eps_w1=1.831899e+00 | eps_w2=3.400758e-03
[step   106100] t/d=1061.000 | task1=2.081570e-01 | task2=6.179817e-03 | F1=2.020180e-01 | m1²=0.000931 | m2²=0.999614 | eps_w1=1.831471e+00 | eps_w2=3.442016e-03
[step   106150] t/d=1061.500 | task1=2.081291e-01 | task2=6.179745e-03 | F1=2.019901e-01 | m1²=0.000929 | m2²=0.999613 | eps_w1=1.831187e+00 | eps_w2=3.462359e-03
[step   106200] t/d=1062.000 | task1=2.081117e-01 | task2=6.178769e-03 | F1=2.019726e-01 | m1²=0.000929 | m2²=0.999613 | eps_w1=1.831031e+00 | eps_w2=3.470866e-03
[step   106250] t/d=1062.500 | task1=2.081038e-01 | task2=6.178995e-03 | F1=2.019647e-01 | m1²=0.000928 | m2²=0.999621 | eps_w1=1.830992e+00 | eps_w2=3.457782e-03
[step   106300] t/d=1063.000 | task1=2.080760e-01 | task2=6.180104e-03 | F1=2.019369e-01 | m1²=0.000920 | m2²=0.999620 | eps_w1=1.830609e+00 | eps_w2=3.482769e-03
[step   106350] t/d=1063.500 | task1=2.081066e-01 | task2=6.179301e-03 | F1=2.019675e-01 | m1²=0.000916 | m2²=0.999615 | eps_w1=1.831010e+00 | eps_w2=3.469751e-03
[step   106400] t/d=1064.000 | task1=2.081193e-01 | task2=6.177833e-03 | F1=2.019802e-01 | m1²=0.000936 | m2²=0.999623 | eps_w1=1.831253e+00 | eps_w2=3.437888e-03
[step   106450] t/d=1064.500 | task1=2.081253e-01 | task2=6.177642e-03 | F1=2.019863e-01 | m1²=0.000920 | m2²=0.999620 | eps_w1=1.831366e+00 | eps_w2=3.439095e-03
[step   106500] t/d=1065.000 | task1=2.081320e-01 | task2=6.179687e-03 | F1=2.019930e-01 | m1²=0.000909 | m2²=0.999622 | eps_w1=1.831475e+00 | eps_w2=3.428697e-03
[step   106550] t/d=1065.500 | task1=2.081871e-01 | task2=6.182137e-03 | F1=2.020480e-01 | m1²=0.000896 | m2²=0.999618 | eps_w1=1.832358e+00 | eps_w2=3.386463e-03
[step   106600] t/d=1066.000 | task1=2.082031e-01 | task2=6.181408e-03 | F1=2.020641e-01 | m1²=0.000896 | m2²=0.999620 | eps_w1=1.832530e+00 | eps_w2=3.372239e-03
[step   106650] t/d=1066.500 | task1=2.081971e-01 | task2=6.179910e-03 | F1=2.020580e-01 | m1²=0.000894 | m2²=0.999621 | eps_w1=1.832464e+00 | eps_w2=3.375498e-03
[step   106700] t/d=1067.000 | task1=2.082181e-01 | task2=6.179950e-03 | F1=2.020791e-01 | m1²=0.000889 | m2²=0.999616 | eps_w1=1.832941e+00 | eps_w2=3.356738e-03
[step   106750] t/d=1067.500 | task1=2.082119e-01 | task2=6.179053e-03 | F1=2.020728e-01 | m1²=0.000898 | m2²=0.999626 | eps_w1=1.832837e+00 | eps_w2=3.342810e-03
[step   106800] t/d=1068.000 | task1=2.082330e-01 | task2=6.180690e-03 | F1=2.020939e-01 | m1²=0.000892 | m2²=0.999626 | eps_w1=1.833207e+00 | eps_w2=3.322710e-03
[step   106850] t/d=1068.500 | task1=2.082322e-01 | task2=6.181131e-03 | F1=2.020932e-01 | m1²=0.000894 | m2²=0.999628 | eps_w1=1.833167e+00 | eps_w2=3.321266e-03
[step   106900] t/d=1069.000 | task1=2.082627e-01 | task2=6.183309e-03 | F1=2.021236e-01 | m1²=0.000900 | m2²=0.999623 | eps_w1=1.833631e+00 | eps_w2=3.302445e-03
[step   106950] t/d=1069.500 | task1=2.082526e-01 | task2=6.183986e-03 | F1=2.021135e-01 | m1²=0.000905 | m2²=0.999627 | eps_w1=1.833503e+00 | eps_w2=3.302320e-03
[step   107000] t/d=1070.000 | task1=2.082645e-01 | task2=6.184515e-03 | F1=2.021255e-01 | m1²=0.000908 | m2²=0.999627 | eps_w1=1.833674e+00 | eps_w2=3.293137e-03
[step   107050] t/d=1070.500 | task1=2.082852e-01 | task2=6.184453e-03 | F1=2.021462e-01 | m1²=0.000915 | m2²=0.999622 | eps_w1=1.833984e+00 | eps_w2=3.283161e-03
[step   107100] t/d=1071.000 | task1=2.082697e-01 | task2=6.182909e-03 | F1=2.021307e-01 | m1²=0.000922 | m2²=0.999621 | eps_w1=1.833899e+00 | eps_w2=3.288977e-03
[step   107150] t/d=1071.500 | task1=2.082473e-01 | task2=6.181134e-03 | F1=2.021082e-01 | m1²=0.000921 | m2²=0.999622 | eps_w1=1.833532e+00 | eps_w2=3.308458e-03
[step   107200] t/d=1072.000 | task1=2.082024e-01 | task2=6.180994e-03 | F1=2.020633e-01 | m1²=0.000913 | m2²=0.999620 | eps_w1=1.832863e+00 | eps_w2=3.351494e-03
[step   107250] t/d=1072.500 | task1=2.082312e-01 | task2=6.181437e-03 | F1=2.020921e-01 | m1²=0.000920 | m2²=0.999620 | eps_w1=1.833240e+00 | eps_w2=3.328878e-03
[step   107300] t/d=1073.000 | task1=2.082850e-01 | task2=6.180448e-03 | F1=2.021459e-01 | m1²=0.000915 | m2²=0.999627 | eps_w1=1.833981e+00 | eps_w2=3.274671e-03
[step   107350] t/d=1073.500 | task1=2.082950e-01 | task2=6.180721e-03 | F1=2.021559e-01 | m1²=0.000908 | m2²=0.999625 | eps_w1=1.833947e+00 | eps_w2=3.279842e-03
[step   107400] t/d=1074.000 | task1=2.082924e-01 | task2=6.180533e-03 | F1=2.021533e-01 | m1²=0.000916 | m2²=0.999626 | eps_w1=1.834021e+00 | eps_w2=3.273129e-03
[step   107450] t/d=1074.500 | task1=2.083464e-01 | task2=6.179733e-03 | F1=2.022073e-01 | m1²=0.000904 | m2²=0.999625 | eps_w1=1.834671e+00 | eps_w2=3.239588e-03
[step   107500] t/d=1075.000 | task1=2.083898e-01 | task2=6.180001e-03 | F1=2.022508e-01 | m1²=0.000909 | m2²=0.999634 | eps_w1=1.835082e+00 | eps_w2=3.199117e-03
[step   107550] t/d=1075.500 | task1=2.084057e-01 | task2=6.177760e-03 | F1=2.022667e-01 | m1²=0.000904 | m2²=0.999638 | eps_w1=1.835279e+00 | eps_w2=3.181248e-03
[step   107600] t/d=1076.000 | task1=2.083970e-01 | task2=6.177042e-03 | F1=2.022580e-01 | m1²=0.000908 | m2²=0.999642 | eps_w1=1.835168e+00 | eps_w2=3.179780e-03
[step   107650] t/d=1076.500 | task1=2.084106e-01 | task2=6.177238e-03 | F1=2.022716e-01 | m1²=0.000891 | m2²=0.999640 | eps_w1=1.835289e+00 | eps_w2=3.178381e-03
[step   107700] t/d=1077.000 | task1=2.084314e-01 | task2=6.179371e-03 | F1=2.022923e-01 | m1²=0.000898 | m2²=0.999630 | eps_w1=1.835598e+00 | eps_w2=3.177933e-03
[step   107750] t/d=1077.500 | task1=2.084537e-01 | task2=6.176406e-03 | F1=2.023146e-01 | m1²=0.000895 | m2²=0.999634 | eps_w1=1.835890e+00 | eps_w2=3.154349e-03
[step   107800] t/d=1078.000 | task1=2.084444e-01 | task2=6.176421e-03 | F1=2.023054e-01 | m1²=0.000887 | m2²=0.999633 | eps_w1=1.835724e+00 | eps_w2=3.167528e-03
[step   107850] t/d=1078.500 | task1=2.084459e-01 | task2=6.175553e-03 | F1=2.023069e-01 | m1²=0.000900 | m2²=0.999635 | eps_w1=1.835784e+00 | eps_w2=3.157634e-03
[step   107900] t/d=1079.000 | task1=2.084695e-01 | task2=6.175257e-03 | F1=2.023304e-01 | m1²=0.000907 | m2²=0.999641 | eps_w1=1.836151e+00 | eps_w2=3.125047e-03
[step   107950] t/d=1079.500 | task1=2.084133e-01 | task2=6.172034e-03 | F1=2.022742e-01 | m1²=0.000911 | m2²=0.999639 | eps_w1=1.835517e+00 | eps_w2=3.165411e-03
[step   108000] t/d=1080.000 | task1=2.084014e-01 | task2=6.172335e-03 | F1=2.022624e-01 | m1²=0.000904 | m2²=0.999636 | eps_w1=1.835271e+00 | eps_w2=3.185067e-03
[step   108050] t/d=1080.500 | task1=2.084147e-01 | task2=6.172063e-03 | F1=2.022757e-01 | m1²=0.000909 | m2²=0.999638 | eps_w1=1.835495e+00 | eps_w2=3.167811e-03
[step   108100] t/d=1081.000 | task1=2.084247e-01 | task2=6.171430e-03 | F1=2.022857e-01 | m1²=0.000912 | m2²=0.999636 | eps_w1=1.835564e+00 | eps_w2=3.168336e-03
[step   108150] t/d=1081.500 | task1=2.084603e-01 | task2=6.171932e-03 | F1=2.023213e-01 | m1²=0.000906 | m2²=0.999638 | eps_w1=1.836105e+00 | eps_w2=3.134230e-03
[step   108200] t/d=1082.000 | task1=2.083979e-01 | task2=6.171687e-03 | F1=2.022588e-01 | m1²=0.000907 | m2²=0.999639 | eps_w1=1.835308e+00 | eps_w2=3.177567e-03
[step   108250] t/d=1082.500 | task1=2.083671e-01 | task2=6.170604e-03 | F1=2.022280e-01 | m1²=0.000918 | m2²=0.999639 | eps_w1=1.834936e+00 | eps_w2=3.196687e-03
[step   108300] t/d=1083.000 | task1=2.083955e-01 | task2=6.167862e-03 | F1=2.022565e-01 | m1²=0.000912 | m2²=0.999648 | eps_w1=1.835328e+00 | eps_w2=3.158546e-03
[step   108350] t/d=1083.500 | task1=2.084226e-01 | task2=6.169050e-03 | F1=2.022835e-01 | m1²=0.000895 | m2²=0.999657 | eps_w1=1.835638e+00 | eps_w2=3.125014e-03
[step   108400] t/d=1084.000 | task1=2.084447e-01 | task2=6.168933e-03 | F1=2.023057e-01 | m1²=0.000894 | m2²=0.999654 | eps_w1=1.835984e+00 | eps_w2=3.112136e-03
[step   108450] t/d=1084.500 | task1=2.084398e-01 | task2=6.168143e-03 | F1=2.023008e-01 | m1²=0.000906 | m2²=0.999653 | eps_w1=1.835915e+00 | eps_w2=3.117254e-03
[step   108500] t/d=1085.000 | task1=2.084772e-01 | task2=6.165504e-03 | F1=2.023381e-01 | m1²=0.000925 | m2²=0.999653 | eps_w1=1.836274e+00 | eps_w2=3.093962e-03
[step   108550] t/d=1085.500 | task1=2.084965e-01 | task2=6.166311e-03 | F1=2.023575e-01 | m1²=0.000919 | m2²=0.999647 | eps_w1=1.836603e+00 | eps_w2=3.087148e-03
[step   108600] t/d=1086.000 | task1=2.084778e-01 | task2=6.167002e-03 | F1=2.023387e-01 | m1²=0.000924 | m2²=0.999646 | eps_w1=1.836369e+00 | eps_w2=3.102176e-03
[step   108650] t/d=1086.500 | task1=2.084705e-01 | task2=6.168325e-03 | F1=2.023315e-01 | m1²=0.000938 | m2²=0.999649 | eps_w1=1.836350e+00 | eps_w2=3.096902e-03
[step   108700] t/d=1087.000 | task1=2.084451e-01 | task2=6.165732e-03 | F1=2.023060e-01 | m1²=0.000953 | m2²=0.999651 | eps_w1=1.836087e+00 | eps_w2=3.106495e-03
[step   108750] t/d=1087.500 | task1=2.084119e-01 | task2=6.166412e-03 | F1=2.022729e-01 | m1²=0.000945 | m2²=0.999649 | eps_w1=1.835653e+00 | eps_w2=3.134126e-03
[step   108800] t/d=1088.000 | task1=2.084270e-01 | task2=6.164701e-03 | F1=2.022879e-01 | m1²=0.000944 | m2²=0.999652 | eps_w1=1.835790e+00 | eps_w2=3.120476e-03
[step   108850] t/d=1088.500 | task1=2.084387e-01 | task2=6.163449e-03 | F1=2.022996e-01 | m1²=0.000945 | m2²=0.999662 | eps_w1=1.835880e+00 | eps_w2=3.096995e-03
[step   108900] t/d=1089.000 | task1=2.085185e-01 | task2=6.163380e-03 | F1=2.023795e-01 | m1²=0.000943 | m2²=0.999664 | eps_w1=1.836897e+00 | eps_w2=3.037884e-03
[step   108950] t/d=1089.500 | task1=2.085229e-01 | task2=6.161679e-03 | F1=2.023838e-01 | m1²=0.000952 | m2²=0.999669 | eps_w1=1.836790e+00 | eps_w2=3.032326e-03
[step   109000] t/d=1090.000 | task1=2.085335e-01 | task2=6.160518e-03 | F1=2.023944e-01 | m1²=0.000949 | m2²=0.999663 | eps_w1=1.836809e+00 | eps_w2=3.042833e-03
[step   109050] t/d=1090.500 | task1=2.085487e-01 | task2=6.159758e-03 | F1=2.024096e-01 | m1²=0.000949 | m2²=0.999658 | eps_w1=1.837124e+00 | eps_w2=3.034950e-03
[step   109100] t/d=1091.000 | task1=2.085822e-01 | task2=6.158103e-03 | F1=2.024432e-01 | m1²=0.000954 | m2²=0.999658 | eps_w1=1.837507e+00 | eps_w2=3.014522e-03
[step   109150] t/d=1091.500 | task1=2.085442e-01 | task2=6.160082e-03 | F1=2.024051e-01 | m1²=0.000952 | m2²=0.999661 | eps_w1=1.836948e+00 | eps_w2=3.038884e-03
[step   109200] t/d=1092.000 | task1=2.085686e-01 | task2=6.158246e-03 | F1=2.024296e-01 | m1²=0.000950 | m2²=0.999663 | eps_w1=1.837279e+00 | eps_w2=3.018053e-03
[step   109250] t/d=1092.500 | task1=2.085425e-01 | task2=6.158569e-03 | F1=2.024034e-01 | m1²=0.000964 | m2²=0.999654 | eps_w1=1.837103e+00 | eps_w2=3.042942e-03
[step   109300] t/d=1093.000 | task1=2.085520e-01 | task2=6.159054e-03 | F1=2.024130e-01 | m1²=0.000974 | m2²=0.999661 | eps_w1=1.837039e+00 | eps_w2=3.030899e-03
[step   109350] t/d=1093.500 | task1=2.085973e-01 | task2=6.156800e-03 | F1=2.024582e-01 | m1²=0.000977 | m2²=0.999657 | eps_w1=1.837508e+00 | eps_w2=3.012504e-03
[step   109400] t/d=1094.000 | task1=2.086434e-01 | task2=6.156093e-03 | F1=2.025043e-01 | m1²=0.000984 | m2²=0.999657 | eps_w1=1.838025e+00 | eps_w2=2.983507e-03
[step   109450] t/d=1094.500 | task1=2.086248e-01 | task2=6.154877e-03 | F1=2.024858e-01 | m1²=0.000985 | m2²=0.999653 | eps_w1=1.837876e+00 | eps_w2=3.000808e-03
[step   109500] t/d=1095.000 | task1=2.086300e-01 | task2=6.155624e-03 | F1=2.024910e-01 | m1²=0.000980 | m2²=0.999660 | eps_w1=1.837905e+00 | eps_w2=2.985862e-03
[step   109550] t/d=1095.500 | task1=2.085782e-01 | task2=6.155730e-03 | F1=2.024392e-01 | m1²=0.000979 | m2²=0.999659 | eps_w1=1.837127e+00 | eps_w2=3.031005e-03
[step   109600] t/d=1096.000 | task1=2.086334e-01 | task2=6.154766e-03 | F1=2.024944e-01 | m1²=0.000974 | m2²=0.999664 | eps_w1=1.837904e+00 | eps_w2=2.977768e-03
[step   109650] t/d=1096.500 | task1=2.086085e-01 | task2=6.155791e-03 | F1=2.024695e-01 | m1²=0.000982 | m2²=0.999668 | eps_w1=1.837555e+00 | eps_w2=2.988645e-03
[step   109700] t/d=1097.000 | task1=2.086037e-01 | task2=6.155029e-03 | F1=2.024646e-01 | m1²=0.000979 | m2²=0.999665 | eps_w1=1.837446e+00 | eps_w2=3.001095e-03
[step   109750] t/d=1097.500 | task1=2.086218e-01 | task2=6.154985e-03 | F1=2.024828e-01 | m1²=0.000968 | m2²=0.999666 | eps_w1=1.837655e+00 | eps_w2=2.988779e-03
[step   109800] t/d=1098.000 | task1=2.085805e-01 | task2=6.155205e-03 | F1=2.024414e-01 | m1²=0.000967 | m2²=0.999661 | eps_w1=1.837183e+00 | eps_w2=3.025131e-03
[step   109850] t/d=1098.500 | task1=2.085606e-01 | task2=6.155774e-03 | F1=2.024215e-01 | m1²=0.000965 | m2²=0.999657 | eps_w1=1.836842e+00 | eps_w2=3.051626e-03
[step   109900] t/d=1099.000 | task1=2.085117e-01 | task2=6.155703e-03 | F1=2.023726e-01 | m1²=0.000983 | m2²=0.999660 | eps_w1=1.836183e+00 | eps_w2=3.080695e-03
[step   109950] t/d=1099.500 | task1=2.084623e-01 | task2=6.155345e-03 | F1=2.023232e-01 | m1²=0.000985 | m2²=0.999664 | eps_w1=1.835625e+00 | eps_w2=3.103761e-03
[step   110000] t/d=1100.000 | task1=2.083969e-01 | task2=6.155363e-03 | F1=2.022578e-01 | m1²=0.000978 | m2²=0.999664 | eps_w1=1.834893e+00 | eps_w2=3.145688e-03
[step   110050] t/d=1100.500 | task1=2.084156e-01 | task2=6.156023e-03 | F1=2.022766e-01 | m1²=0.000971 | m2²=0.999667 | eps_w1=1.835112e+00 | eps_w2=3.127287e-03
[step   110100] t/d=1101.000 | task1=2.084721e-01 | task2=6.158529e-03 | F1=2.023330e-01 | m1²=0.000982 | m2²=0.999659 | eps_w1=1.836016e+00 | eps_w2=3.090674e-03
[step   110150] t/d=1101.500 | task1=2.084935e-01 | task2=6.160270e-03 | F1=2.023544e-01 | m1²=0.000958 | m2²=0.999663 | eps_w1=1.836390e+00 | eps_w2=3.065855e-03
[step   110200] t/d=1102.000 | task1=2.085592e-01 | task2=6.159614e-03 | F1=2.024202e-01 | m1²=0.000956 | m2²=0.999659 | eps_w1=1.837288e+00 | eps_w2=3.023144e-03
[step   110250] t/d=1102.500 | task1=2.085969e-01 | task2=6.160620e-03 | F1=2.024578e-01 | m1²=0.000953 | m2²=0.999656 | eps_w1=1.837589e+00 | eps_w2=3.012572e-03
[step   110300] t/d=1103.000 | task1=2.085429e-01 | task2=6.162790e-03 | F1=2.024039e-01 | m1²=0.000963 | m2²=0.999654 | eps_w1=1.836823e+00 | eps_w2=3.057551e-03
[step   110350] t/d=1103.500 | task1=2.085020e-01 | task2=6.163129e-03 | F1=2.023630e-01 | m1²=0.000972 | m2²=0.999654 | eps_w1=1.836440e+00 | eps_w2=3.078080e-03
[step   110400] t/d=1104.000 | task1=2.084624e-01 | task2=6.162649e-03 | F1=2.023233e-01 | m1²=0.000982 | m2²=0.999649 | eps_w1=1.835906e+00 | eps_w2=3.117097e-03
[step   110450] t/d=1104.500 | task1=2.084476e-01 | task2=6.161849e-03 | F1=2.023085e-01 | m1²=0.000972 | m2²=0.999645 | eps_w1=1.835715e+00 | eps_w2=3.135561e-03
[step   110500] t/d=1105.000 | task1=2.084244e-01 | task2=6.160845e-03 | F1=2.022854e-01 | m1²=0.000971 | m2²=0.999646 | eps_w1=1.835452e+00 | eps_w2=3.147975e-03
[step   110550] t/d=1105.500 | task1=2.084507e-01 | task2=6.160898e-03 | F1=2.023116e-01 | m1²=0.000980 | m2²=0.999648 | eps_w1=1.835706e+00 | eps_w2=3.129557e-03
[step   110600] t/d=1106.000 | task1=2.084327e-01 | task2=6.162022e-03 | F1=2.022937e-01 | m1²=0.000983 | m2²=0.999648 | eps_w1=1.835418e+00 | eps_w2=3.146577e-03
[step   110650] t/d=1106.500 | task1=2.084253e-01 | task2=6.161732e-03 | F1=2.022863e-01 | m1²=0.000985 | m2²=0.999646 | eps_w1=1.835366e+00 | eps_w2=3.152205e-03
[step   110700] t/d=1107.000 | task1=2.084089e-01 | task2=6.160892e-03 | F1=2.022698e-01 | m1²=0.000979 | m2²=0.999644 | eps_w1=1.835142e+00 | eps_w2=3.168570e-03
[step   110750] t/d=1107.500 | task1=2.084108e-01 | task2=6.160455e-03 | F1=2.022718e-01 | m1²=0.000986 | m2²=0.999644 | eps_w1=1.835250e+00 | eps_w2=3.162619e-03
[step   110800] t/d=1108.000 | task1=2.084453e-01 | task2=6.158901e-03 | F1=2.023062e-01 | m1²=0.000983 | m2²=0.999637 | eps_w1=1.835734e+00 | eps_w2=3.148270e-03
[step   110850] t/d=1108.500 | task1=2.084394e-01 | task2=6.159294e-03 | F1=2.023004e-01 | m1²=0.000987 | m2²=0.999641 | eps_w1=1.835698e+00 | eps_w2=3.141967e-03
[step   110900] t/d=1109.000 | task1=2.084958e-01 | task2=6.157165e-03 | F1=2.023568e-01 | m1²=0.000987 | m2²=0.999641 | eps_w1=1.836413e+00 | eps_w2=3.102462e-03
[step   110950] t/d=1109.500 | task1=2.084854e-01 | task2=6.157238e-03 | F1=2.023463e-01 | m1²=0.000969 | m2²=0.999644 | eps_w1=1.836314e+00 | eps_w2=3.104455e-03
[step   111000] t/d=1110.000 | task1=2.085382e-01 | task2=6.158158e-03 | F1=2.023991e-01 | m1²=0.000963 | m2²=0.999647 | eps_w1=1.836940e+00 | eps_w2=3.064053e-03
[step   111050] t/d=1110.500 | task1=2.085758e-01 | task2=6.159178e-03 | F1=2.024367e-01 | m1²=0.000964 | m2²=0.999649 | eps_w1=1.837347e+00 | eps_w2=3.039068e-03
[step   111100] t/d=1111.000 | task1=2.085316e-01 | task2=6.161918e-03 | F1=2.023925e-01 | m1²=0.000959 | m2²=0.999643 | eps_w1=1.836736e+00 | eps_w2=3.084803e-03
[step   111150] t/d=1111.500 | task1=2.085289e-01 | task2=6.162188e-03 | F1=2.023899e-01 | m1²=0.000957 | m2²=0.999651 | eps_w1=1.836705e+00 | eps_w2=3.071674e-03
[step   111200] t/d=1112.000 | task1=2.084823e-01 | task2=6.161351e-03 | F1=2.023432e-01 | m1²=0.000952 | m2²=0.999655 | eps_w1=1.836000e+00 | eps_w2=3.103850e-03
[step   111250] t/d=1112.500 | task1=2.084687e-01 | task2=6.160734e-03 | F1=2.023297e-01 | m1²=0.000959 | m2²=0.999657 | eps_w1=1.835807e+00 | eps_w2=3.109982e-03
[step   111300] t/d=1113.000 | task1=2.084384e-01 | task2=6.159991e-03 | F1=2.022994e-01 | m1²=0.000949 | m2²=0.999662 | eps_w1=1.835523e+00 | eps_w2=3.117223e-03
[step   111350] t/d=1113.500 | task1=2.083945e-01 | task2=6.161402e-03 | F1=2.022555e-01 | m1²=0.000947 | m2²=0.999669 | eps_w1=1.835067e+00 | eps_w2=3.129958e-03
[step   111400] t/d=1114.000 | task1=2.084073e-01 | task2=6.161886e-03 | F1=2.022683e-01 | m1²=0.000947 | m2²=0.999663 | eps_w1=1.835288e+00 | eps_w2=3.128215e-03
[step   111450] t/d=1114.500 | task1=2.083941e-01 | task2=6.163553e-03 | F1=2.022551e-01 | m1²=0.000937 | m2²=0.999652 | eps_w1=1.835133e+00 | eps_w2=3.159815e-03
[step   111500] t/d=1115.000 | task1=2.084567e-01 | task2=6.162656e-03 | F1=2.023176e-01 | m1²=0.000941 | m2²=0.999652 | eps_w1=1.835809e+00 | eps_w2=3.120822e-03
[step   111550] t/d=1115.500 | task1=2.084026e-01 | task2=6.163126e-03 | F1=2.022635e-01 | m1²=0.000950 | m2²=0.999658 | eps_w1=1.835245e+00 | eps_w2=3.140362e-03
[step   111600] t/d=1116.000 | task1=2.083765e-01 | task2=6.162716e-03 | F1=2.022375e-01 | m1²=0.000955 | m2²=0.999663 | eps_w1=1.834856e+00 | eps_w2=3.151532e-03
[step   111650] t/d=1116.500 | task1=2.083695e-01 | task2=6.163522e-03 | F1=2.022304e-01 | m1²=0.000957 | m2²=0.999665 | eps_w1=1.834770e+00 | eps_w2=3.151788e-03
[step   111700] t/d=1117.000 | task1=2.083668e-01 | task2=6.163580e-03 | F1=2.022278e-01 | m1²=0.000955 | m2²=0.999669 | eps_w1=1.834844e+00 | eps_w2=3.141033e-03
[step   111750] t/d=1117.500 | task1=2.083916e-01 | task2=6.164584e-03 | F1=2.022525e-01 | m1²=0.000965 | m2²=0.999666 | eps_w1=1.835155e+00 | eps_w2=3.128036e-03
[step   111800] t/d=1118.000 | task1=2.084257e-01 | task2=6.163980e-03 | F1=2.022867e-01 | m1²=0.000965 | m2²=0.999667 | eps_w1=1.835682e+00 | eps_w2=3.095808e-03
[step   111850] t/d=1118.500 | task1=2.084128e-01 | task2=6.163527e-03 | F1=2.022737e-01 | m1²=0.000968 | m2²=0.999675 | eps_w1=1.835482e+00 | eps_w2=3.092448e-03
[step   111900] t/d=1119.000 | task1=2.083948e-01 | task2=6.162692e-03 | F1=2.022557e-01 | m1²=0.000954 | m2²=0.999677 | eps_w1=1.835184e+00 | eps_w2=3.106536e-03
[step   111950] t/d=1119.500 | task1=2.083914e-01 | task2=6.163264e-03 | F1=2.022523e-01 | m1²=0.000942 | m2²=0.999676 | eps_w1=1.835259e+00 | eps_w2=3.106209e-03
[step   112000] t/d=1120.000 | task1=2.084164e-01 | task2=6.163349e-03 | F1=2.022773e-01 | m1²=0.000932 | m2²=0.999678 | eps_w1=1.835504e+00 | eps_w2=3.088323e-03
[step   112050] t/d=1120.500 | task1=2.084132e-01 | task2=6.164503e-03 | F1=2.022742e-01 | m1²=0.000924 | m2²=0.999683 | eps_w1=1.835487e+00 | eps_w2=3.081827e-03
[step   112100] t/d=1121.000 | task1=2.083666e-01 | task2=6.166194e-03 | F1=2.022275e-01 | m1²=0.000917 | m2²=0.999682 | eps_w1=1.834834e+00 | eps_w2=3.120461e-03
[step   112150] t/d=1121.500 | task1=2.083103e-01 | task2=6.165543e-03 | F1=2.021712e-01 | m1²=0.000920 | m2²=0.999682 | eps_w1=1.834164e+00 | eps_w2=3.158973e-03
[step   112200] t/d=1122.000 | task1=2.083163e-01 | task2=6.164028e-03 | F1=2.021772e-01 | m1²=0.000917 | m2²=0.999681 | eps_w1=1.834156e+00 | eps_w2=3.161763e-03
[step   112250] t/d=1122.500 | task1=2.083199e-01 | task2=6.164994e-03 | F1=2.021808e-01 | m1²=0.000907 | m2²=0.999682 | eps_w1=1.834144e+00 | eps_w2=3.161638e-03
[step   112300] t/d=1123.000 | task1=2.083396e-01 | task2=6.164415e-03 | F1=2.022005e-01 | m1²=0.000915 | m2²=0.999676 | eps_w1=1.834272e+00 | eps_w2=3.164744e-03
[step   112350] t/d=1123.500 | task1=2.083978e-01 | task2=6.166250e-03 | F1=2.022587e-01 | m1²=0.000899 | m2²=0.999669 | eps_w1=1.835088e+00 | eps_w2=3.133730e-03
[step   112400] t/d=1124.000 | task1=2.083911e-01 | task2=6.167488e-03 | F1=2.022520e-01 | m1²=0.000897 | m2²=0.999659 | eps_w1=1.834951e+00 | eps_w2=3.159621e-03
[step   112450] t/d=1124.500 | task1=2.083300e-01 | task2=6.169664e-03 | F1=2.021910e-01 | m1²=0.000907 | m2²=0.999658 | eps_w1=1.834298e+00 | eps_w2=3.197515e-03
[step   112500] t/d=1125.000 | task1=2.083386e-01 | task2=6.167205e-03 | F1=2.021996e-01 | m1²=0.000908 | m2²=0.999659 | eps_w1=1.834408e+00 | eps_w2=3.189335e-03
[step   112550] t/d=1125.500 | task1=2.082803e-01 | task2=6.166616e-03 | F1=2.021413e-01 | m1²=0.000909 | m2²=0.999665 | eps_w1=1.833767e+00 | eps_w2=3.214779e-03
[step   112600] t/d=1126.000 | task1=2.083537e-01 | task2=6.170060e-03 | F1=2.022147e-01 | m1²=0.000889 | m2²=0.999660 | eps_w1=1.834794e+00 | eps_w2=3.167405e-03
[step   112650] t/d=1126.500 | task1=2.084063e-01 | task2=6.168640e-03 | F1=2.022672e-01 | m1²=0.000889 | m2²=0.999657 | eps_w1=1.835453e+00 | eps_w2=3.137146e-03
[step   112700] t/d=1127.000 | task1=2.084012e-01 | task2=6.169913e-03 | F1=2.022622e-01 | m1²=0.000884 | m2²=0.999662 | eps_w1=1.835393e+00 | eps_w2=3.130084e-03
[step   112750] t/d=1127.500 | task1=2.084127e-01 | task2=6.168350e-03 | F1=2.022736e-01 | m1²=0.000879 | m2²=0.999672 | eps_w1=1.835501e+00 | eps_w2=3.105431e-03
[step   112800] t/d=1128.000 | task1=2.084343e-01 | task2=6.167807e-03 | F1=2.022952e-01 | m1²=0.000879 | m2²=0.999674 | eps_w1=1.835750e+00 | eps_w2=3.089265e-03
[step   112850] t/d=1128.500 | task1=2.084542e-01 | task2=6.168705e-03 | F1=2.023152e-01 | m1²=0.000873 | m2²=0.999671 | eps_w1=1.835950e+00 | eps_w2=3.083980e-03
[step   112900] t/d=1129.000 | task1=2.084834e-01 | task2=6.169784e-03 | F1=2.023444e-01 | m1²=0.000871 | m2²=0.999673 | eps_w1=1.836271e+00 | eps_w2=3.061755e-03
[step   112950] t/d=1129.500 | task1=2.084454e-01 | task2=6.168540e-03 | F1=2.023063e-01 | m1²=0.000861 | m2²=0.999673 | eps_w1=1.835800e+00 | eps_w2=3.088871e-03
[step   113000] t/d=1130.000 | task1=2.084170e-01 | task2=6.169128e-03 | F1=2.022779e-01 | m1²=0.000859 | m2²=0.999673 | eps_w1=1.835416e+00 | eps_w2=3.110906e-03
[step   113050] t/d=1130.500 | task1=2.084423e-01 | task2=6.169634e-03 | F1=2.023032e-01 | m1²=0.000852 | m2²=0.999670 | eps_w1=1.835763e+00 | eps_w2=3.098396e-03
[step   113100] t/d=1131.000 | task1=2.084512e-01 | task2=6.170642e-03 | F1=2.023121e-01 | m1²=0.000858 | m2²=0.999658 | eps_w1=1.835951e+00 | eps_w2=3.109306e-03
[step   113150] t/d=1131.500 | task1=2.084163e-01 | task2=6.171546e-03 | F1=2.022773e-01 | m1²=0.000858 | m2²=0.999648 | eps_w1=1.835536e+00 | eps_w2=3.152897e-03
[step   113200] t/d=1132.000 | task1=2.084101e-01 | task2=6.172710e-03 | F1=2.022710e-01 | m1²=0.000866 | m2²=0.999639 | eps_w1=1.835610e+00 | eps_w2=3.163348e-03
[step   113250] t/d=1132.500 | task1=2.083951e-01 | task2=6.170734e-03 | F1=2.022560e-01 | m1²=0.000868 | m2²=0.999642 | eps_w1=1.835436e+00 | eps_w2=3.168439e-03
[step   113300] t/d=1133.000 | task1=2.083778e-01 | task2=6.171299e-03 | F1=2.022388e-01 | m1²=0.000858 | m2²=0.999643 | eps_w1=1.835209e+00 | eps_w2=3.179236e-03
[step   113350] t/d=1133.500 | task1=2.083481e-01 | task2=6.171017e-03 | F1=2.022090e-01 | m1²=0.000867 | m2²=0.999633 | eps_w1=1.834856e+00 | eps_w2=3.217815e-03
[step   113400] t/d=1134.000 | task1=2.083240e-01 | task2=6.171500e-03 | F1=2.021849e-01 | m1²=0.000868 | m2²=0.999634 | eps_w1=1.834629e+00 | eps_w2=3.228406e-03
[step   113450] t/d=1134.500 | task1=2.083252e-01 | task2=6.170325e-03 | F1=2.021862e-01 | m1²=0.000872 | m2²=0.999642 | eps_w1=1.834639e+00 | eps_w2=3.212578e-03
[step   113500] t/d=1135.000 | task1=2.083252e-01 | task2=6.169110e-03 | F1=2.021861e-01 | m1²=0.000881 | m2²=0.999644 | eps_w1=1.834647e+00 | eps_w2=3.207361e-03
[step   113550] t/d=1135.500 | task1=2.083289e-01 | task2=6.169560e-03 | F1=2.021898e-01 | m1²=0.000877 | m2²=0.999650 | eps_w1=1.834637e+00 | eps_w2=3.197667e-03
[step   113600] t/d=1136.000 | task1=2.083008e-01 | task2=6.169125e-03 | F1=2.021617e-01 | m1²=0.000878 | m2²=0.999647 | eps_w1=1.834197e+00 | eps_w2=3.228432e-03
[step   113650] t/d=1136.500 | task1=2.083164e-01 | task2=6.167896e-03 | F1=2.021773e-01 | m1²=0.000874 | m2²=0.999650 | eps_w1=1.834385e+00 | eps_w2=3.210687e-03
[step   113700] t/d=1137.000 | task1=2.083364e-01 | task2=6.167634e-03 | F1=2.021973e-01 | m1²=0.000876 | m2²=0.999650 | eps_w1=1.834648e+00 | eps_w2=3.197117e-03
[step   113750] t/d=1137.500 | task1=2.083467e-01 | task2=6.168581e-03 | F1=2.022076e-01 | m1²=0.000866 | m2²=0.999652 | eps_w1=1.834920e+00 | eps_w2=3.177520e-03
[step   113800] t/d=1138.000 | task1=2.083744e-01 | task2=6.167453e-03 | F1=2.022353e-01 | m1²=0.000864 | m2²=0.999651 | eps_w1=1.835334e+00 | eps_w2=3.156176e-03
[step   113850] t/d=1138.500 | task1=2.083891e-01 | task2=6.167322e-03 | F1=2.022500e-01 | m1²=0.000868 | m2²=0.999655 | eps_w1=1.835347e+00 | eps_w2=3.148167e-03
[step   113900] t/d=1139.000 | task1=2.084092e-01 | task2=6.165798e-03 | F1=2.022701e-01 | m1²=0.000864 | m2²=0.999652 | eps_w1=1.835658e+00 | eps_w2=3.136280e-03
[step   113950] t/d=1139.500 | task1=2.084177e-01 | task2=6.164124e-03 | F1=2.022787e-01 | m1²=0.000864 | m2²=0.999658 | eps_w1=1.835682e+00 | eps_w2=3.123856e-03
[step   114000] t/d=1140.000 | task1=2.084197e-01 | task2=6.164960e-03 | F1=2.022806e-01 | m1²=0.000859 | m2²=0.999652 | eps_w1=1.835668e+00 | eps_w2=3.137139e-03
[step   114050] t/d=1140.500 | task1=2.085091e-01 | task2=6.164603e-03 | F1=2.023701e-01 | m1²=0.000863 | m2²=0.999647 | eps_w1=1.836924e+00 | eps_w2=3.076031e-03
[step   114100] t/d=1141.000 | task1=2.084983e-01 | task2=6.166539e-03 | F1=2.023593e-01 | m1²=0.000861 | m2²=0.999653 | eps_w1=1.836775e+00 | eps_w2=3.072845e-03
[step   114150] t/d=1141.500 | task1=2.084230e-01 | task2=6.166736e-03 | F1=2.022839e-01 | m1²=0.000858 | m2²=0.999655 | eps_w1=1.835671e+00 | eps_w2=3.131608e-03
[step   114200] t/d=1142.000 | task1=2.084635e-01 | task2=6.165011e-03 | F1=2.023244e-01 | m1²=0.000859 | m2²=0.999653 | eps_w1=1.836242e+00 | eps_w2=3.103125e-03
[step   114250] t/d=1142.500 | task1=2.084735e-01 | task2=6.165022e-03 | F1=2.023345e-01 | m1²=0.000867 | m2²=0.999649 | eps_w1=1.836506e+00 | eps_w2=3.095561e-03
[step   114300] t/d=1143.000 | task1=2.085031e-01 | task2=6.164930e-03 | F1=2.023641e-01 | m1²=0.000864 | m2²=0.999643 | eps_w1=1.836884e+00 | eps_w2=3.085524e-03
[step   114350] t/d=1143.500 | task1=2.085108e-01 | task2=6.164960e-03 | F1=2.023718e-01 | m1²=0.000863 | m2²=0.999646 | eps_w1=1.836930e+00 | eps_w2=3.077024e-03
[step   114400] t/d=1144.000 | task1=2.085073e-01 | task2=6.163297e-03 | F1=2.023682e-01 | m1²=0.000876 | m2²=0.999651 | eps_w1=1.837157e+00 | eps_w2=3.054838e-03
[step   114450] t/d=1144.500 | task1=2.084997e-01 | task2=6.166477e-03 | F1=2.023606e-01 | m1²=0.000869 | m2²=0.999644 | eps_w1=1.837040e+00 | eps_w2=3.075479e-03
[step   114500] t/d=1145.000 | task1=2.084816e-01 | task2=6.167964e-03 | F1=2.023425e-01 | m1²=0.000867 | m2²=0.999646 | eps_w1=1.836926e+00 | eps_w2=3.076608e-03
[step   114550] t/d=1145.500 | task1=2.084598e-01 | task2=6.166729e-03 | F1=2.023208e-01 | m1²=0.000861 | m2²=0.999653 | eps_w1=1.836619e+00 | eps_w2=3.082360e-03
[step   114600] t/d=1146.000 | task1=2.084738e-01 | task2=6.166601e-03 | F1=2.023347e-01 | m1²=0.000876 | m2²=0.999653 | eps_w1=1.836599e+00 | eps_w2=3.081555e-03
[step   114650] t/d=1146.500 | task1=2.084135e-01 | task2=6.166971e-03 | F1=2.022744e-01 | m1²=0.000884 | m2²=0.999653 | eps_w1=1.835835e+00 | eps_w2=3.123572e-03
[step   114700] t/d=1147.000 | task1=2.084159e-01 | task2=6.168716e-03 | F1=2.022768e-01 | m1²=0.000891 | m2²=0.999643 | eps_w1=1.835849e+00 | eps_w2=3.140227e-03
[step   114750] t/d=1147.500 | task1=2.083843e-01 | task2=6.167518e-03 | F1=2.022452e-01 | m1²=0.000899 | m2²=0.999645 | eps_w1=1.835339e+00 | eps_w2=3.164374e-03
[step   114800] t/d=1148.000 | task1=2.084585e-01 | task2=6.168998e-03 | F1=2.023195e-01 | m1²=0.000910 | m2²=0.999637 | eps_w1=1.836313e+00 | eps_w2=3.123763e-03
[step   114850] t/d=1148.500 | task1=2.084517e-01 | task2=6.168449e-03 | F1=2.023126e-01 | m1²=0.000914 | m2²=0.999631 | eps_w1=1.836146e+00 | eps_w2=3.143434e-03
[step   114900] t/d=1149.000 | task1=2.084971e-01 | task2=6.166034e-03 | F1=2.023580e-01 | m1²=0.000914 | m2²=0.999633 | eps_w1=1.836631e+00 | eps_w2=3.113931e-03
[step   114950] t/d=1149.500 | task1=2.084842e-01 | task2=6.164987e-03 | F1=2.023451e-01 | m1²=0.000900 | m2²=0.999628 | eps_w1=1.836477e+00 | eps_w2=3.133154e-03
[step   115000] t/d=1150.000 | task1=2.084976e-01 | task2=6.166385e-03 | F1=2.023585e-01 | m1²=0.000897 | m2²=0.999625 | eps_w1=1.836715e+00 | eps_w2=3.126390e-03
[step   115050] t/d=1150.500 | task1=2.084956e-01 | task2=6.165468e-03 | F1=2.023565e-01 | m1²=0.000917 | m2²=0.999627 | eps_w1=1.836632e+00 | eps_w2=3.124721e-03
[step   115100] t/d=1151.000 | task1=2.085097e-01 | task2=6.164249e-03 | F1=2.023707e-01 | m1²=0.000917 | m2²=0.999628 | eps_w1=1.836588e+00 | eps_w2=3.125828e-03
[step   115150] t/d=1151.500 | task1=2.085578e-01 | task2=6.163063e-03 | F1=2.024188e-01 | m1²=0.000912 | m2²=0.999626 | eps_w1=1.837088e+00 | eps_w2=3.101834e-03
[step   115200] t/d=1152.000 | task1=2.086185e-01 | task2=6.163465e-03 | F1=2.024794e-01 | m1²=0.000903 | m2²=0.999623 | eps_w1=1.837724e+00 | eps_w2=3.074229e-03
[step   115250] t/d=1152.500 | task1=2.085627e-01 | task2=6.164498e-03 | F1=2.024237e-01 | m1²=0.000890 | m2²=0.999625 | eps_w1=1.837079e+00 | eps_w2=3.107402e-03
[step   115300] t/d=1153.000 | task1=2.085455e-01 | task2=6.165629e-03 | F1=2.024064e-01 | m1²=0.000894 | m2²=0.999619 | eps_w1=1.836847e+00 | eps_w2=3.129507e-03
[step   115350] t/d=1153.500 | task1=2.084958e-01 | task2=6.164260e-03 | F1=2.023568e-01 | m1²=0.000900 | m2²=0.999623 | eps_w1=1.836164e+00 | eps_w2=3.159411e-03
[step   115400] t/d=1154.000 | task1=2.085622e-01 | task2=6.166489e-03 | F1=2.024231e-01 | m1²=0.000903 | m2²=0.999617 | eps_w1=1.836881e+00 | eps_w2=3.131239e-03
[step   115450] t/d=1154.500 | task1=2.085877e-01 | task2=6.165529e-03 | F1=2.024486e-01 | m1²=0.000908 | m2²=0.999610 | eps_w1=1.837203e+00 | eps_w2=3.126277e-03
[step   115500] t/d=1155.000 | task1=2.085764e-01 | task2=6.165263e-03 | F1=2.024373e-01 | m1²=0.000912 | m2²=0.999604 | eps_w1=1.837063e+00 | eps_w2=3.145883e-03
[step   115550] t/d=1155.500 | task1=2.085943e-01 | task2=6.165295e-03 | F1=2.024552e-01 | m1²=0.000916 | m2²=0.999605 | eps_w1=1.837237e+00 | eps_w2=3.133961e-03
[step   115600] t/d=1156.000 | task1=2.086823e-01 | task2=6.166816e-03 | F1=2.025432e-01 | m1²=0.000926 | m2²=0.999594 | eps_w1=1.838399e+00 | eps_w2=3.090002e-03
[step   115650] t/d=1156.500 | task1=2.087074e-01 | task2=6.165234e-03 | F1=2.025683e-01 | m1²=0.000922 | m2²=0.999606 | eps_w1=1.838854e+00 | eps_w2=3.042734e-03
[step   115700] t/d=1157.000 | task1=2.086958e-01 | task2=6.165864e-03 | F1=2.025567e-01 | m1²=0.000917 | m2²=0.999605 | eps_w1=1.838584e+00 | eps_w2=3.059584e-03
[step   115750] t/d=1157.500 | task1=2.087116e-01 | task2=6.166688e-03 | F1=2.025725e-01 | m1²=0.000912 | m2²=0.999613 | eps_w1=1.838800e+00 | eps_w2=3.033414e-03
[step   115800] t/d=1158.000 | task1=2.087146e-01 | task2=6.167602e-03 | F1=2.025756e-01 | m1²=0.000911 | m2²=0.999608 | eps_w1=1.839039e+00 | eps_w2=3.029629e-03
[step   115850] t/d=1158.500 | task1=2.087057e-01 | task2=6.168934e-03 | F1=2.025666e-01 | m1²=0.000911 | m2²=0.999607 | eps_w1=1.838852e+00 | eps_w2=3.042313e-03
[step   115900] t/d=1159.000 | task1=2.087045e-01 | task2=6.167092e-03 | F1=2.025655e-01 | m1²=0.000917 | m2²=0.999611 | eps_w1=1.838863e+00 | eps_w2=3.034209e-03
[step   115950] t/d=1159.500 | task1=2.087023e-01 | task2=6.168603e-03 | F1=2.025633e-01 | m1²=0.000908 | m2²=0.999607 | eps_w1=1.838887e+00 | eps_w2=3.040550e-03
[step   116000] t/d=1160.000 | task1=2.087313e-01 | task2=6.167249e-03 | F1=2.025922e-01 | m1²=0.000932 | m2²=0.999602 | eps_w1=1.839281e+00 | eps_w2=3.026256e-03
[step   116050] t/d=1160.500 | task1=2.087649e-01 | task2=6.166808e-03 | F1=2.026258e-01 | m1²=0.000947 | m2²=0.999601 | eps_w1=1.839532e+00 | eps_w2=3.013271e-03
[step   116100] t/d=1161.000 | task1=2.088112e-01 | task2=6.166350e-03 | F1=2.026721e-01 | m1²=0.000939 | m2²=0.999603 | eps_w1=1.840084e+00 | eps_w2=2.980328e-03
[step   116150] t/d=1161.500 | task1=2.087710e-01 | task2=6.165541e-03 | F1=2.026319e-01 | m1²=0.000950 | m2²=0.999609 | eps_w1=1.839466e+00 | eps_w2=3.002391e-03
[step   116200] t/d=1162.000 | task1=2.088053e-01 | task2=6.164007e-03 | F1=2.026663e-01 | m1²=0.000961 | m2²=0.999608 | eps_w1=1.839887e+00 | eps_w2=2.980233e-03
[step   116250] t/d=1162.500 | task1=2.087973e-01 | task2=6.162647e-03 | F1=2.026582e-01 | m1²=0.000957 | m2²=0.999614 | eps_w1=1.839839e+00 | eps_w2=2.971062e-03
[step   116300] t/d=1163.000 | task1=2.087410e-01 | task2=6.162382e-03 | F1=2.026019e-01 | m1²=0.000961 | m2²=0.999616 | eps_w1=1.839140e+00 | eps_w2=3.004829e-03
[step   116350] t/d=1163.500 | task1=2.087493e-01 | task2=6.161939e-03 | F1=2.026102e-01 | m1²=0.000971 | m2²=0.999620 | eps_w1=1.839182e+00 | eps_w2=2.993092e-03
[step   116400] t/d=1164.000 | task1=2.087400e-01 | task2=6.162862e-03 | F1=2.026010e-01 | m1²=0.000966 | m2²=0.999618 | eps_w1=1.839210e+00 | eps_w2=2.997129e-03
[step   116450] t/d=1164.500 | task1=2.087181e-01 | task2=6.162340e-03 | F1=2.025791e-01 | m1²=0.000978 | m2²=0.999611 | eps_w1=1.838922e+00 | eps_w2=3.023989e-03
[step   116500] t/d=1165.000 | task1=2.087050e-01 | task2=6.161847e-03 | F1=2.025659e-01 | m1²=0.000982 | m2²=0.999602 | eps_w1=1.838826e+00 | eps_w2=3.045516e-03
[step   116550] t/d=1165.500 | task1=2.087282e-01 | task2=6.162719e-03 | F1=2.025891e-01 | m1²=0.000992 | m2²=0.999602 | eps_w1=1.839008e+00 | eps_w2=3.034667e-03
[step   116600] t/d=1166.000 | task1=2.086897e-01 | task2=6.162200e-03 | F1=2.025507e-01 | m1²=0.000992 | m2²=0.999606 | eps_w1=1.838494e+00 | eps_w2=3.054379e-03
[step   116650] t/d=1166.500 | task1=2.086780e-01 | task2=6.162836e-03 | F1=2.025389e-01 | m1²=0.000992 | m2²=0.999607 | eps_w1=1.838319e+00 | eps_w2=3.063245e-03
[step   116700] t/d=1167.000 | task1=2.086433e-01 | task2=6.162487e-03 | F1=2.025042e-01 | m1²=0.000998 | m2²=0.999611 | eps_w1=1.837897e+00 | eps_w2=3.078140e-03
[step   116750] t/d=1167.500 | task1=2.086230e-01 | task2=6.161511e-03 | F1=2.024839e-01 | m1²=0.001001 | m2²=0.999618 | eps_w1=1.837624e+00 | eps_w2=3.078602e-03
[step   116800] t/d=1168.000 | task1=2.086374e-01 | task2=6.160504e-03 | F1=2.024983e-01 | m1²=0.001009 | m2²=0.999623 | eps_w1=1.837773e+00 | eps_w2=3.060271e-03
[step   116850] t/d=1168.500 | task1=2.085962e-01 | task2=6.160736e-03 | F1=2.024571e-01 | m1²=0.001005 | m2²=0.999619 | eps_w1=1.837355e+00 | eps_w2=3.090857e-03
[step   116900] t/d=1169.000 | task1=2.086335e-01 | task2=6.160754e-03 | F1=2.024944e-01 | m1²=0.001008 | m2²=0.999620 | eps_w1=1.837905e+00 | eps_w2=3.059874e-03
[step   116950] t/d=1169.500 | task1=2.086352e-01 | task2=6.161118e-03 | F1=2.024961e-01 | m1²=0.001001 | m2²=0.999617 | eps_w1=1.837954e+00 | eps_w2=3.062326e-03
[step   117000] t/d=1170.000 | task1=2.086512e-01 | task2=6.162358e-03 | F1=2.025121e-01 | m1²=0.000995 | m2²=0.999617 | eps_w1=1.838121e+00 | eps_w2=3.054937e-03
[step   117050] t/d=1170.500 | task1=2.086119e-01 | task2=6.164051e-03 | F1=2.024728e-01 | m1²=0.000993 | m2²=0.999611 | eps_w1=1.837832e+00 | eps_w2=3.081251e-03
[step   117100] t/d=1171.000 | task1=2.086311e-01 | task2=6.163176e-03 | F1=2.024920e-01 | m1²=0.001004 | m2²=0.999616 | eps_w1=1.837887e+00 | eps_w2=3.068442e-03
[step   117150] t/d=1171.500 | task1=2.086293e-01 | task2=6.163014e-03 | F1=2.024902e-01 | m1²=0.001019 | m2²=0.999617 | eps_w1=1.837883e+00 | eps_w2=3.064668e-03
[step   117200] t/d=1172.000 | task1=2.086263e-01 | task2=6.160950e-03 | F1=2.024873e-01 | m1²=0.001021 | m2²=0.999616 | eps_w1=1.837888e+00 | eps_w2=3.065248e-03
[step   117250] t/d=1172.500 | task1=2.086284e-01 | task2=6.160338e-03 | F1=2.024893e-01 | m1²=0.001024 | m2²=0.999615 | eps_w1=1.837951e+00 | eps_w2=3.065240e-03
[step   117300] t/d=1173.000 | task1=2.086464e-01 | task2=6.161904e-03 | F1=2.025074e-01 | m1²=0.001026 | m2²=0.999621 | eps_w1=1.838146e+00 | eps_w2=3.041679e-03
[step   117350] t/d=1173.500 | task1=2.086231e-01 | task2=6.161765e-03 | F1=2.024840e-01 | m1²=0.001026 | m2²=0.999626 | eps_w1=1.837749e+00 | eps_w2=3.054265e-03
[step   117400] t/d=1174.000 | task1=2.085852e-01 | task2=6.159026e-03 | F1=2.024462e-01 | m1²=0.001036 | m2²=0.999626 | eps_w1=1.837207e+00 | eps_w2=3.082503e-03
[step   117450] t/d=1174.500 | task1=2.085427e-01 | task2=6.158915e-03 | F1=2.024037e-01 | m1²=0.001046 | m2²=0.999626 | eps_w1=1.836731e+00 | eps_w2=3.108421e-03
[step   117500] t/d=1175.000 | task1=2.085505e-01 | task2=6.158312e-03 | F1=2.024114e-01 | m1²=0.001037 | m2²=0.999622 | eps_w1=1.836808e+00 | eps_w2=3.112821e-03
[step   117550] t/d=1175.500 | task1=2.085183e-01 | task2=6.159101e-03 | F1=2.023793e-01 | m1²=0.001042 | m2²=0.999611 | eps_w1=1.836474e+00 | eps_w2=3.150988e-03
[step   117600] t/d=1176.000 | task1=2.085182e-01 | task2=6.161166e-03 | F1=2.023791e-01 | m1²=0.001023 | m2²=0.999613 | eps_w1=1.836565e+00 | eps_w2=3.144788e-03
[step   117650] t/d=1176.500 | task1=2.085181e-01 | task2=6.160175e-03 | F1=2.023790e-01 | m1²=0.001027 | m2²=0.999618 | eps_w1=1.836562e+00 | eps_w2=3.134971e-03
[step   117700] t/d=1177.000 | task1=2.084513e-01 | task2=6.160326e-03 | F1=2.023122e-01 | m1²=0.001022 | m2²=0.999620 | eps_w1=1.835608e+00 | eps_w2=3.183879e-03
[step   117750] t/d=1177.500 | task1=2.083776e-01 | task2=6.158135e-03 | F1=2.022385e-01 | m1²=0.001019 | m2²=0.999619 | eps_w1=1.834602e+00 | eps_w2=3.243505e-03
[step   117800] t/d=1178.000 | task1=2.083934e-01 | task2=6.156689e-03 | F1=2.022543e-01 | m1²=0.001027 | m2²=0.999613 | eps_w1=1.834817e+00 | eps_w2=3.241511e-03
[step   117850] t/d=1178.500 | task1=2.083768e-01 | task2=6.156369e-03 | F1=2.022377e-01 | m1²=0.001019 | m2²=0.999612 | eps_w1=1.834657e+00 | eps_w2=3.252551e-03
[step   117900] t/d=1179.000 | task1=2.083459e-01 | task2=6.156705e-03 | F1=2.022068e-01 | m1²=0.001016 | m2²=0.999609 | eps_w1=1.834306e+00 | eps_w2=3.278665e-03
[step   117950] t/d=1179.500 | task1=2.083634e-01 | task2=6.157699e-03 | F1=2.022244e-01 | m1²=0.001031 | m2²=0.999609 | eps_w1=1.834626e+00 | eps_w2=3.259888e-03
[step   118000] t/d=1180.000 | task1=2.083728e-01 | task2=6.157071e-03 | F1=2.022338e-01 | m1²=0.001030 | m2²=0.999616 | eps_w1=1.834804e+00 | eps_w2=3.236606e-03
[step   118050] t/d=1180.500 | task1=2.083685e-01 | task2=6.156809e-03 | F1=2.022295e-01 | m1²=0.001027 | m2²=0.999623 | eps_w1=1.834679e+00 | eps_w2=3.230465e-03
[step   118100] t/d=1181.000 | task1=2.083752e-01 | task2=6.160167e-03 | F1=2.022361e-01 | m1²=0.001025 | m2²=0.999618 | eps_w1=1.834689e+00 | eps_w2=3.239119e-03
[step   118150] t/d=1181.500 | task1=2.083191e-01 | task2=6.160337e-03 | F1=2.021800e-01 | m1²=0.001023 | m2²=0.999614 | eps_w1=1.833885e+00 | eps_w2=3.292559e-03
[step   118200] t/d=1182.000 | task1=2.083174e-01 | task2=6.159217e-03 | F1=2.021783e-01 | m1²=0.001035 | m2²=0.999610 | eps_w1=1.833856e+00 | eps_w2=3.300440e-03
[step   118250] t/d=1182.500 | task1=2.083356e-01 | task2=6.158483e-03 | F1=2.021965e-01 | m1²=0.001023 | m2²=0.999608 | eps_w1=1.834066e+00 | eps_w2=3.294119e-03
[step   118300] t/d=1183.000 | task1=2.082790e-01 | task2=6.157590e-03 | F1=2.021400e-01 | m1²=0.001017 | m2²=0.999606 | eps_w1=1.833496e+00 | eps_w2=3.331484e-03
[step   118350] t/d=1183.500 | task1=2.082710e-01 | task2=6.157196e-03 | F1=2.021319e-01 | m1²=0.001014 | m2²=0.999600 | eps_w1=1.833473e+00 | eps_w2=3.343734e-03
[step   118400] t/d=1184.000 | task1=2.082664e-01 | task2=6.155372e-03 | F1=2.021274e-01 | m1²=0.001033 | m2²=0.999601 | eps_w1=1.833389e+00 | eps_w2=3.345828e-03
[step   118450] t/d=1184.500 | task1=2.082670e-01 | task2=6.156649e-03 | F1=2.021279e-01 | m1²=0.001034 | m2²=0.999605 | eps_w1=1.833435e+00 | eps_w2=3.335586e-03
[step   118500] t/d=1185.000 | task1=2.082308e-01 | task2=6.157718e-03 | F1=2.020918e-01 | m1²=0.001056 | m2²=0.999602 | eps_w1=1.832730e+00 | eps_w2=3.378330e-03
[step   118550] t/d=1185.500 | task1=2.082693e-01 | task2=6.157579e-03 | F1=2.021302e-01 | m1²=0.001063 | m2²=0.999606 | eps_w1=1.833206e+00 | eps_w2=3.342852e-03
[step   118600] t/d=1186.000 | task1=2.082711e-01 | task2=6.157705e-03 | F1=2.021321e-01 | m1²=0.001086 | m2²=0.999600 | eps_w1=1.833431e+00 | eps_w2=3.338803e-03
[step   118650] t/d=1186.500 | task1=2.082760e-01 | task2=6.158721e-03 | F1=2.021369e-01 | m1²=0.001093 | m2²=0.999596 | eps_w1=1.833464e+00 | eps_w2=3.344253e-03
[step   118700] t/d=1187.000 | task1=2.082856e-01 | task2=6.160131e-03 | F1=2.021465e-01 | m1²=0.001086 | m2²=0.999602 | eps_w1=1.833496e+00 | eps_w2=3.331701e-03
[step   118750] t/d=1187.500 | task1=2.083066e-01 | task2=6.160258e-03 | F1=2.021675e-01 | m1²=0.001093 | m2²=0.999601 | eps_w1=1.833749e+00 | eps_w2=3.318149e-03
[step   118800] t/d=1188.000 | task1=2.083359e-01 | task2=6.158863e-03 | F1=2.021968e-01 | m1²=0.001087 | m2²=0.999604 | eps_w1=1.834012e+00 | eps_w2=3.298130e-03
[step   118850] t/d=1188.500 | task1=2.083183e-01 | task2=6.159751e-03 | F1=2.021792e-01 | m1²=0.001097 | m2²=0.999610 | eps_w1=1.833791e+00 | eps_w2=3.297461e-03
[step   118900] t/d=1189.000 | task1=2.082928e-01 | task2=6.160659e-03 | F1=2.021537e-01 | m1²=0.001088 | m2²=0.999603 | eps_w1=1.833572e+00 | eps_w2=3.324162e-03
[step   118950] t/d=1189.500 | task1=2.082832e-01 | task2=6.165661e-03 | F1=2.021441e-01 | m1²=0.001089 | m2²=0.999605 | eps_w1=1.833382e+00 | eps_w2=3.332045e-03
[step   119000] t/d=1190.000 | task1=2.082810e-01 | task2=6.166314e-03 | F1=2.021419e-01 | m1²=0.001089 | m2²=0.999602 | eps_w1=1.833186e+00 | eps_w2=3.348761e-03
[step   119050] t/d=1190.500 | task1=2.082848e-01 | task2=6.165066e-03 | F1=2.021457e-01 | m1²=0.001092 | m2²=0.999603 | eps_w1=1.833302e+00 | eps_w2=3.339454e-03
[step   119100] t/d=1191.000 | task1=2.082966e-01 | task2=6.164625e-03 | F1=2.021575e-01 | m1²=0.001081 | m2²=0.999599 | eps_w1=1.833552e+00 | eps_w2=3.333647e-03
[step   119150] t/d=1191.500 | task1=2.083162e-01 | task2=6.164140e-03 | F1=2.021771e-01 | m1²=0.001076 | m2²=0.999605 | eps_w1=1.833899e+00 | eps_w2=3.304384e-03
[step   119200] t/d=1192.000 | task1=2.083651e-01 | task2=6.164675e-03 | F1=2.022260e-01 | m1²=0.001082 | m2²=0.999604 | eps_w1=1.834536e+00 | eps_w2=3.269075e-03
[step   119250] t/d=1192.500 | task1=2.083873e-01 | task2=6.166276e-03 | F1=2.022482e-01 | m1²=0.001067 | m2²=0.999610 | eps_w1=1.834876e+00 | eps_w2=3.240613e-03
[step   119300] t/d=1193.000 | task1=2.083491e-01 | task2=6.168034e-03 | F1=2.022101e-01 | m1²=0.001065 | m2²=0.999613 | eps_w1=1.834351e+00 | eps_w2=3.263389e-03
[step   119350] t/d=1193.500 | task1=2.083619e-01 | task2=6.168758e-03 | F1=2.022228e-01 | m1²=0.001074 | m2²=0.999621 | eps_w1=1.834477e+00 | eps_w2=3.240825e-03
[step   119400] t/d=1194.000 | task1=2.083403e-01 | task2=6.167387e-03 | F1=2.022012e-01 | m1²=0.001100 | m2²=0.999618 | eps_w1=1.834344e+00 | eps_w2=3.252132e-03
[step   119450] t/d=1194.500 | task1=2.083485e-01 | task2=6.167092e-03 | F1=2.022094e-01 | m1²=0.001096 | m2²=0.999619 | eps_w1=1.834379e+00 | eps_w2=3.247961e-03
[step   119500] t/d=1195.000 | task1=2.083045e-01 | task2=6.167981e-03 | F1=2.021654e-01 | m1²=0.001102 | m2²=0.999623 | eps_w1=1.833752e+00 | eps_w2=3.275093e-03
[step   119550] t/d=1195.500 | task1=2.083424e-01 | task2=6.170595e-03 | F1=2.022033e-01 | m1²=0.001084 | m2²=0.999620 | eps_w1=1.834302e+00 | eps_w2=3.250687e-03
[step   119600] t/d=1196.000 | task1=2.083107e-01 | task2=6.172224e-03 | F1=2.021717e-01 | m1²=0.001082 | m2²=0.999619 | eps_w1=1.833965e+00 | eps_w2=3.273287e-03
[step   119650] t/d=1196.500 | task1=2.082869e-01 | task2=6.171109e-03 | F1=2.021478e-01 | m1²=0.001077 | m2²=0.999624 | eps_w1=1.833708e+00 | eps_w2=3.278606e-03
[step   119700] t/d=1197.000 | task1=2.082840e-01 | task2=6.172850e-03 | F1=2.021450e-01 | m1²=0.001074 | m2²=0.999619 | eps_w1=1.833833e+00 | eps_w2=3.281327e-03
[step   119750] t/d=1197.500 | task1=2.082747e-01 | task2=6.168974e-03 | F1=2.021356e-01 | m1²=0.001064 | m2²=0.999630 | eps_w1=1.833614e+00 | eps_w2=3.272908e-03
[step   119800] t/d=1198.000 | task1=2.082122e-01 | task2=6.169230e-03 | F1=2.020731e-01 | m1²=0.001077 | m2²=0.999627 | eps_w1=1.832958e+00 | eps_w2=3.316440e-03
[step   119850] t/d=1198.500 | task1=2.082315e-01 | task2=6.167931e-03 | F1=2.020924e-01 | m1²=0.001063 | m2²=0.999631 | eps_w1=1.833165e+00 | eps_w2=3.298181e-03
[step   119900] t/d=1199.000 | task1=2.081699e-01 | task2=6.167085e-03 | F1=2.020308e-01 | m1²=0.001056 | m2²=0.999630 | eps_w1=1.832385e+00 | eps_w2=3.346301e-03
[step   119950] t/d=1199.500 | task1=2.081737e-01 | task2=6.170369e-03 | F1=2.020347e-01 | m1²=0.001055 | m2²=0.999628 | eps_w1=1.832444e+00 | eps_w2=3.346635e-03
[step   120000] t/d=1200.000 | task1=2.082035e-01 | task2=6.171927e-03 | F1=2.020644e-01 | m1²=0.001072 | m2²=0.999622 | eps_w1=1.832771e+00 | eps_w2=3.335734e-03
[step   120050] t/d=1200.500 | task1=2.082308e-01 | task2=6.172602e-03 | F1=2.020917e-01 | m1²=0.001073 | m2²=0.999623 | eps_w1=1.833123e+00 | eps_w2=3.313381e-03
[step   120100] t/d=1201.000 | task1=2.082181e-01 | task2=6.171378e-03 | F1=2.020791e-01 | m1²=0.001067 | m2²=0.999623 | eps_w1=1.833011e+00 | eps_w2=3.320967e-03
[step   120150] t/d=1201.500 | task1=2.082192e-01 | task2=6.171888e-03 | F1=2.020802e-01 | m1²=0.001053 | m2²=0.999623 | eps_w1=1.833100e+00 | eps_w2=3.318348e-03
[step   120200] t/d=1202.000 | task1=2.082182e-01 | task2=6.171847e-03 | F1=2.020791e-01 | m1²=0.001058 | m2²=0.999618 | eps_w1=1.833164e+00 | eps_w2=3.322969e-03
[step   120250] t/d=1202.500 | task1=2.082749e-01 | task2=6.171550e-03 | F1=2.021358e-01 | m1²=0.001062 | m2²=0.999614 | eps_w1=1.834032e+00 | eps_w2=3.279644e-03
[step   120300] t/d=1203.000 | task1=2.082245e-01 | task2=6.169260e-03 | F1=2.020854e-01 | m1²=0.001062 | m2²=0.999621 | eps_w1=1.833364e+00 | eps_w2=3.305511e-03
[step   120350] t/d=1203.500 | task1=2.082494e-01 | task2=6.168239e-03 | F1=2.021103e-01 | m1²=0.001064 | m2²=0.999624 | eps_w1=1.833674e+00 | eps_w2=3.282318e-03
[step   120400] t/d=1204.000 | task1=2.082906e-01 | task2=6.168855e-03 | F1=2.021516e-01 | m1²=0.001058 | m2²=0.999628 | eps_w1=1.834369e+00 | eps_w2=3.235468e-03
[step   120450] t/d=1204.500 | task1=2.082610e-01 | task2=6.169144e-03 | F1=2.021219e-01 | m1²=0.001069 | m2²=0.999625 | eps_w1=1.834019e+00 | eps_w2=3.258752e-03
[step   120500] t/d=1205.000 | task1=2.083013e-01 | task2=6.170086e-03 | F1=2.021622e-01 | m1²=0.001073 | m2²=0.999619 | eps_w1=1.834383e+00 | eps_w2=3.249689e-03
[step   120550] t/d=1205.500 | task1=2.082946e-01 | task2=6.168478e-03 | F1=2.021555e-01 | m1²=0.001068 | m2²=0.999618 | eps_w1=1.834275e+00 | eps_w2=3.258027e-03
[step   120600] t/d=1206.000 | task1=2.083378e-01 | task2=6.168570e-03 | F1=2.021987e-01 | m1²=0.001076 | m2²=0.999624 | eps_w1=1.834792e+00 | eps_w2=3.216403e-03
[step   120650] t/d=1206.500 | task1=2.083804e-01 | task2=6.169149e-03 | F1=2.022413e-01 | m1²=0.001081 | m2²=0.999618 | eps_w1=1.835465e+00 | eps_w2=3.190606e-03
[step   120700] t/d=1207.000 | task1=2.083190e-01 | task2=6.168018e-03 | F1=2.021799e-01 | m1²=0.001087 | m2²=0.999619 | eps_w1=1.834621e+00 | eps_w2=3.234049e-03
[step   120750] t/d=1207.500 | task1=2.082765e-01 | task2=6.169358e-03 | F1=2.021374e-01 | m1²=0.001071 | m2²=0.999621 | eps_w1=1.834118e+00 | eps_w2=3.261234e-03
[step   120800] t/d=1208.000 | task1=2.082958e-01 | task2=6.167634e-03 | F1=2.021567e-01 | m1²=0.001067 | m2²=0.999617 | eps_w1=1.834404e+00 | eps_w2=3.252398e-03
[step   120850] t/d=1208.500 | task1=2.082836e-01 | task2=6.167015e-03 | F1=2.021446e-01 | m1²=0.001075 | m2²=0.999615 | eps_w1=1.834248e+00 | eps_w2=3.264609e-03
[step   120900] t/d=1209.000 | task1=2.082479e-01 | task2=6.166405e-03 | F1=2.021088e-01 | m1²=0.001080 | m2²=0.999611 | eps_w1=1.833905e+00 | eps_w2=3.290741e-03
[step   120950] t/d=1209.500 | task1=2.082690e-01 | task2=6.163721e-03 | F1=2.021299e-01 | m1²=0.001083 | m2²=0.999620 | eps_w1=1.834144e+00 | eps_w2=3.261305e-03
[step   121000] t/d=1210.000 | task1=2.083017e-01 | task2=6.163892e-03 | F1=2.021626e-01 | m1²=0.001090 | m2²=0.999619 | eps_w1=1.834614e+00 | eps_w2=3.234679e-03
[step   121050] t/d=1210.500 | task1=2.083290e-01 | task2=6.161652e-03 | F1=2.021899e-01 | m1²=0.001100 | m2²=0.999613 | eps_w1=1.834918e+00 | eps_w2=3.227429e-03
[step   121100] t/d=1211.000 | task1=2.083580e-01 | task2=6.162626e-03 | F1=2.022189e-01 | m1²=0.001109 | m2²=0.999604 | eps_w1=1.835319e+00 | eps_w2=3.221814e-03
[step   121150] t/d=1211.500 | task1=2.083433e-01 | task2=6.163058e-03 | F1=2.022042e-01 | m1²=0.001101 | m2²=0.999602 | eps_w1=1.835111e+00 | eps_w2=3.237755e-03
[step   121200] t/d=1212.000 | task1=2.083196e-01 | task2=6.162087e-03 | F1=2.021805e-01 | m1²=0.001105 | m2²=0.999602 | eps_w1=1.834862e+00 | eps_w2=3.251576e-03
[step   121250] t/d=1212.500 | task1=2.082827e-01 | task2=6.162875e-03 | F1=2.021436e-01 | m1²=0.001094 | m2²=0.999601 | eps_w1=1.834496e+00 | eps_w2=3.275957e-03
[step   121300] t/d=1213.000 | task1=2.082698e-01 | task2=6.165639e-03 | F1=2.021307e-01 | m1²=0.001093 | m2²=0.999604 | eps_w1=1.834282e+00 | eps_w2=3.282597e-03
[step   121350] t/d=1213.500 | task1=2.082805e-01 | task2=6.164931e-03 | F1=2.021414e-01 | m1²=0.001109 | m2²=0.999607 | eps_w1=1.834347e+00 | eps_w2=3.270486e-03
[step   121400] t/d=1214.000 | task1=2.082705e-01 | task2=6.165005e-03 | F1=2.021315e-01 | m1²=0.001103 | m2²=0.999610 | eps_w1=1.834182e+00 | eps_w2=3.274447e-03
[step   121450] t/d=1214.500 | task1=2.082506e-01 | task2=6.166089e-03 | F1=2.021116e-01 | m1²=0.001098 | m2²=0.999612 | eps_w1=1.833960e+00 | eps_w2=3.284448e-03
[step   121500] t/d=1215.000 | task1=2.082461e-01 | task2=6.166486e-03 | F1=2.021070e-01 | m1²=0.001097 | m2²=0.999616 | eps_w1=1.833794e+00 | eps_w2=3.286944e-03
[step   121550] t/d=1215.500 | task1=2.082607e-01 | task2=6.167915e-03 | F1=2.021217e-01 | m1²=0.001106 | m2²=0.999606 | eps_w1=1.833938e+00 | eps_w2=3.296739e-03
[step   121600] t/d=1216.000 | task1=2.082702e-01 | task2=6.168859e-03 | F1=2.021311e-01 | m1²=0.001099 | m2²=0.999606 | eps_w1=1.833988e+00 | eps_w2=3.294538e-03
[step   121650] t/d=1216.500 | task1=2.082603e-01 | task2=6.166155e-03 | F1=2.021213e-01 | m1²=0.001105 | m2²=0.999612 | eps_w1=1.833950e+00 | eps_w2=3.284940e-03
[step   121700] t/d=1217.000 | task1=2.083013e-01 | task2=6.166340e-03 | F1=2.021622e-01 | m1²=0.001099 | m2²=0.999616 | eps_w1=1.834424e+00 | eps_w2=3.250910e-03
[step   121750] t/d=1217.500 | task1=2.083115e-01 | task2=6.166222e-03 | F1=2.021724e-01 | m1²=0.001094 | m2²=0.999621 | eps_w1=1.834547e+00 | eps_w2=3.235596e-03
[step   121800] t/d=1218.000 | task1=2.082679e-01 | task2=6.165241e-03 | F1=2.021288e-01 | m1²=0.001088 | m2²=0.999623 | eps_w1=1.833933e+00 | eps_w2=3.266440e-03
[step   121850] t/d=1218.500 | task1=2.082790e-01 | task2=6.166245e-03 | F1=2.021399e-01 | m1²=0.001091 | m2²=0.999623 | eps_w1=1.834036e+00 | eps_w2=3.260881e-03
[step   121900] t/d=1219.000 | task1=2.083151e-01 | task2=6.166104e-03 | F1=2.021760e-01 | m1²=0.001087 | m2²=0.999621 | eps_w1=1.834434e+00 | eps_w2=3.241007e-03
[step   121950] t/d=1219.500 | task1=2.083383e-01 | task2=6.163378e-03 | F1=2.021992e-01 | m1²=0.001093 | m2²=0.999625 | eps_w1=1.834796e+00 | eps_w2=3.213560e-03
[step   122000] t/d=1220.000 | task1=2.083586e-01 | task2=6.164433e-03 | F1=2.022195e-01 | m1²=0.001093 | m2²=0.999615 | eps_w1=1.834957e+00 | eps_w2=3.223931e-03
[step   122050] t/d=1220.500 | task1=2.083755e-01 | task2=6.164748e-03 | F1=2.022364e-01 | m1²=0.001102 | m2²=0.999615 | eps_w1=1.835135e+00 | eps_w2=3.212421e-03
[step   122100] t/d=1221.000 | task1=2.083595e-01 | task2=6.166076e-03 | F1=2.022204e-01 | m1²=0.001114 | m2²=0.999610 | eps_w1=1.834859e+00 | eps_w2=3.236244e-03
[step   122150] t/d=1221.500 | task1=2.083248e-01 | task2=6.162604e-03 | F1=2.021857e-01 | m1²=0.001102 | m2²=0.999620 | eps_w1=1.834297e+00 | eps_w2=3.249159e-03
[step   122200] t/d=1222.000 | task1=2.082976e-01 | task2=6.163230e-03 | F1=2.021586e-01 | m1²=0.001106 | m2²=0.999618 | eps_w1=1.834042e+00 | eps_w2=3.267951e-03
[step   122250] t/d=1222.500 | task1=2.082883e-01 | task2=6.163834e-03 | F1=2.021493e-01 | m1²=0.001106 | m2²=0.999618 | eps_w1=1.833848e+00 | eps_w2=3.279594e-03
[step   122300] t/d=1223.000 | task1=2.083097e-01 | task2=6.163895e-03 | F1=2.021707e-01 | m1²=0.001109 | m2²=0.999615 | eps_w1=1.834152e+00 | eps_w2=3.267046e-03
[step   122350] t/d=1223.500 | task1=2.082827e-01 | task2=6.165311e-03 | F1=2.021437e-01 | m1²=0.001114 | m2²=0.999610 | eps_w1=1.833830e+00 | eps_w2=3.294977e-03
[step   122400] t/d=1224.000 | task1=2.083456e-01 | task2=6.164612e-03 | F1=2.022066e-01 | m1²=0.001116 | m2²=0.999605 | eps_w1=1.834462e+00 | eps_w2=3.267101e-03
[step   122450] t/d=1224.500 | task1=2.083518e-01 | task2=6.163183e-03 | F1=2.022128e-01 | m1²=0.001105 | m2²=0.999614 | eps_w1=1.834675e+00 | eps_w2=3.239030e-03
[step   122500] t/d=1225.000 | task1=2.083516e-01 | task2=6.161463e-03 | F1=2.022125e-01 | m1²=0.001099 | m2²=0.999610 | eps_w1=1.834622e+00 | eps_w2=3.251604e-03
[step   122550] t/d=1225.500 | task1=2.083178e-01 | task2=6.161600e-03 | F1=2.021787e-01 | m1²=0.001101 | m2²=0.999603 | eps_w1=1.834189e+00 | eps_w2=3.288836e-03
[step   122600] t/d=1226.000 | task1=2.083240e-01 | task2=6.160497e-03 | F1=2.021850e-01 | m1²=0.001103 | m2²=0.999608 | eps_w1=1.834194e+00 | eps_w2=3.277643e-03
[step   122650] t/d=1226.500 | task1=2.083447e-01 | task2=6.161552e-03 | F1=2.022056e-01 | m1²=0.001109 | m2²=0.999609 | eps_w1=1.834529e+00 | eps_w2=3.256046e-03
[step   122700] t/d=1227.000 | task1=2.083520e-01 | task2=6.163225e-03 | F1=2.022130e-01 | m1²=0.001103 | m2²=0.999603 | eps_w1=1.834653e+00 | eps_w2=3.261366e-03
[step   122750] t/d=1227.500 | task1=2.083408e-01 | task2=6.164104e-03 | F1=2.022017e-01 | m1²=0.001114 | m2²=0.999610 | eps_w1=1.834486e+00 | eps_w2=3.257852e-03
[step   122800] t/d=1228.000 | task1=2.083290e-01 | task2=6.163285e-03 | F1=2.021899e-01 | m1²=0.001116 | m2²=0.999610 | eps_w1=1.834328e+00 | eps_w2=3.266225e-03
[step   122850] t/d=1228.500 | task1=2.083210e-01 | task2=6.159419e-03 | F1=2.021819e-01 | m1²=0.001106 | m2²=0.999620 | eps_w1=1.834212e+00 | eps_w2=3.254362e-03
[step   122900] t/d=1229.000 | task1=2.082948e-01 | task2=6.157414e-03 | F1=2.021557e-01 | m1²=0.001111 | m2²=0.999623 | eps_w1=1.834041e+00 | eps_w2=3.257794e-03
[step   122950] t/d=1229.500 | task1=2.083139e-01 | task2=6.156825e-03 | F1=2.021748e-01 | m1²=0.001092 | m2²=0.999620 | eps_w1=1.834317e+00 | eps_w2=3.249586e-03
[step   123000] t/d=1230.000 | task1=2.083051e-01 | task2=6.156623e-03 | F1=2.021660e-01 | m1²=0.001106 | m2²=0.999621 | eps_w1=1.834152e+00 | eps_w2=3.255791e-03
[step   123050] t/d=1230.500 | task1=2.083302e-01 | task2=6.155158e-03 | F1=2.021911e-01 | m1²=0.001108 | m2²=0.999616 | eps_w1=1.834316e+00 | eps_w2=3.256572e-03
[step   123100] t/d=1231.000 | task1=2.083260e-01 | task2=6.156532e-03 | F1=2.021870e-01 | m1²=0.001113 | m2²=0.999610 | eps_w1=1.834373e+00 | eps_w2=3.264191e-03
[step   123150] t/d=1231.500 | task1=2.083256e-01 | task2=6.155705e-03 | F1=2.021866e-01 | m1²=0.001110 | m2²=0.999609 | eps_w1=1.834376e+00 | eps_w2=3.265329e-03
[step   123200] t/d=1232.000 | task1=2.083530e-01 | task2=6.155346e-03 | F1=2.022140e-01 | m1²=0.001090 | m2²=0.999614 | eps_w1=1.834559e+00 | eps_w2=3.247601e-03
[step   123250] t/d=1232.500 | task1=2.082761e-01 | task2=6.155528e-03 | F1=2.021370e-01 | m1²=0.001093 | m2²=0.999613 | eps_w1=1.833673e+00 | eps_w2=3.299213e-03
[step   123300] t/d=1233.000 | task1=2.082413e-01 | task2=6.155661e-03 | F1=2.021022e-01 | m1²=0.001100 | m2²=0.999605 | eps_w1=1.833320e+00 | eps_w2=3.333730e-03
[step   123350] t/d=1233.500 | task1=2.082213e-01 | task2=6.155596e-03 | F1=2.020823e-01 | m1²=0.001090 | m2²=0.999603 | eps_w1=1.833076e+00 | eps_w2=3.353352e-03
[step   123400] t/d=1234.000 | task1=2.082830e-01 | task2=6.153236e-03 | F1=2.021440e-01 | m1²=0.001090 | m2²=0.999601 | eps_w1=1.833905e+00 | eps_w2=3.309740e-03
[step   123450] t/d=1234.500 | task1=2.082906e-01 | task2=6.155449e-03 | F1=2.021515e-01 | m1²=0.001072 | m2²=0.999600 | eps_w1=1.833975e+00 | eps_w2=3.309561e-03
[step   123500] t/d=1235.000 | task1=2.083329e-01 | task2=6.157395e-03 | F1=2.021939e-01 | m1²=0.001062 | m2²=0.999604 | eps_w1=1.834387e+00 | eps_w2=3.278475e-03
[step   123550] t/d=1235.500 | task1=2.083126e-01 | task2=6.158058e-03 | F1=2.021735e-01 | m1²=0.001051 | m2²=0.999607 | eps_w1=1.834195e+00 | eps_w2=3.286256e-03
[step   123600] t/d=1236.000 | task1=2.083300e-01 | task2=6.157075e-03 | F1=2.021910e-01 | m1²=0.001047 | m2²=0.999607 | eps_w1=1.834397e+00 | eps_w2=3.274502e-03
[step   123650] t/d=1236.500 | task1=2.083442e-01 | task2=6.157099e-03 | F1=2.022051e-01 | m1²=0.001050 | m2²=0.999604 | eps_w1=1.834693e+00 | eps_w2=3.263266e-03
[step   123700] t/d=1237.000 | task1=2.083594e-01 | task2=6.157683e-03 | F1=2.022204e-01 | m1²=0.001058 | m2²=0.999591 | eps_w1=1.835050e+00 | eps_w2=3.266935e-03
[step   123750] t/d=1237.500 | task1=2.082430e-01 | task2=6.158874e-03 | F1=2.021040e-01 | m1²=0.001058 | m2²=0.999596 | eps_w1=1.833497e+00 | eps_w2=3.346459e-03
[step   123800] t/d=1238.000 | task1=2.082191e-01 | task2=6.160915e-03 | F1=2.020800e-01 | m1²=0.001060 | m2²=0.999594 | eps_w1=1.833323e+00 | eps_w2=3.359628e-03
[step   123850] t/d=1238.500 | task1=2.082054e-01 | task2=6.159166e-03 | F1=2.020663e-01 | m1²=0.001058 | m2²=0.999589 | eps_w1=1.833129e+00 | eps_w2=3.379853e-03
[step   123900] t/d=1239.000 | task1=2.082037e-01 | task2=6.157617e-03 | F1=2.020646e-01 | m1²=0.001044 | m2²=0.999595 | eps_w1=1.833007e+00 | eps_w2=3.376852e-03
[step   123950] t/d=1239.500 | task1=2.082554e-01 | task2=6.157713e-03 | F1=2.021163e-01 | m1²=0.001049 | m2²=0.999589 | eps_w1=1.833620e+00 | eps_w2=3.352694e-03
[step   124000] t/d=1240.000 | task1=2.082189e-01 | task2=6.159313e-03 | F1=2.020798e-01 | m1²=0.001069 | m2²=0.999585 | eps_w1=1.833186e+00 | eps_w2=3.382959e-03
[step   124050] t/d=1240.500 | task1=2.082353e-01 | task2=6.159748e-03 | F1=2.020963e-01 | m1²=0.001078 | m2²=0.999583 | eps_w1=1.833515e+00 | eps_w2=3.367503e-03
[step   124100] t/d=1241.000 | task1=2.082138e-01 | task2=6.159855e-03 | F1=2.020747e-01 | m1²=0.001075 | m2²=0.999586 | eps_w1=1.833304e+00 | eps_w2=3.374676e-03
[step   124150] t/d=1241.500 | task1=2.082422e-01 | task2=6.159408e-03 | F1=2.021031e-01 | m1²=0.001079 | m2²=0.999589 | eps_w1=1.833570e+00 | eps_w2=3.352539e-03
[step   124200] t/d=1242.000 | task1=2.082588e-01 | task2=6.159001e-03 | F1=2.021198e-01 | m1²=0.001084 | m2²=0.999586 | eps_w1=1.833677e+00 | eps_w2=3.352332e-03
[step   124250] t/d=1242.500 | task1=2.083031e-01 | task2=6.158768e-03 | F1=2.021640e-01 | m1²=0.001086 | m2²=0.999598 | eps_w1=1.834086e+00 | eps_w2=3.305841e-03
[step   124300] t/d=1243.000 | task1=2.083775e-01 | task2=6.158436e-03 | F1=2.022384e-01 | m1²=0.001089 | m2²=0.999608 | eps_w1=1.835032e+00 | eps_w2=3.233000e-03
[step   124350] t/d=1243.500 | task1=2.083934e-01 | task2=6.160189e-03 | F1=2.022544e-01 | m1²=0.001074 | m2²=0.999607 | eps_w1=1.835182e+00 | eps_w2=3.227817e-03
[step   124400] t/d=1244.000 | task1=2.084139e-01 | task2=6.161532e-03 | F1=2.022748e-01 | m1²=0.001074 | m2²=0.999607 | eps_w1=1.835330e+00 | eps_w2=3.218765e-03
[step   124450] t/d=1244.500 | task1=2.083795e-01 | task2=6.161481e-03 | F1=2.022404e-01 | m1²=0.001079 | m2²=0.999603 | eps_w1=1.834822e+00 | eps_w2=3.254277e-03
[step   124500] t/d=1245.000 | task1=2.084014e-01 | task2=6.159800e-03 | F1=2.022624e-01 | m1²=0.001075 | m2²=0.999607 | eps_w1=1.835006e+00 | eps_w2=3.237314e-03
[step   124550] t/d=1245.500 | task1=2.083425e-01 | task2=6.158193e-03 | F1=2.022035e-01 | m1²=0.001075 | m2²=0.999607 | eps_w1=1.834192e+00 | eps_w2=3.283801e-03
[step   124600] t/d=1246.000 | task1=2.083561e-01 | task2=6.158329e-03 | F1=2.022171e-01 | m1²=0.001082 | m2²=0.999601 | eps_w1=1.834212e+00 | eps_w2=3.292068e-03
[step   124650] t/d=1246.500 | task1=2.083673e-01 | task2=6.157163e-03 | F1=2.022283e-01 | m1²=0.001081 | m2²=0.999606 | eps_w1=1.834434e+00 | eps_w2=3.271635e-03
[step   124700] t/d=1247.000 | task1=2.083764e-01 | task2=6.158303e-03 | F1=2.022373e-01 | m1²=0.001075 | m2²=0.999607 | eps_w1=1.834375e+00 | eps_w2=3.273866e-03
[step   124750] t/d=1247.500 | task1=2.084068e-01 | task2=6.159135e-03 | F1=2.022677e-01 | m1²=0.001074 | m2²=0.999612 | eps_w1=1.834819e+00 | eps_w2=3.239239e-03
[step   124800] t/d=1248.000 | task1=2.084128e-01 | task2=6.158125e-03 | F1=2.022737e-01 | m1²=0.001067 | m2²=0.999606 | eps_w1=1.834916e+00 | eps_w2=3.245775e-03
[step   124850] t/d=1248.500 | task1=2.083674e-01 | task2=6.158075e-03 | F1=2.022283e-01 | m1²=0.001066 | m2²=0.999596 | eps_w1=1.834330e+00 | eps_w2=3.297228e-03
[step   124900] t/d=1249.000 | task1=2.083674e-01 | task2=6.156909e-03 | F1=2.022284e-01 | m1²=0.001062 | m2²=0.999587 | eps_w1=1.834339e+00 | eps_w2=3.313931e-03
[step   124950] t/d=1249.500 | task1=2.083633e-01 | task2=6.155982e-03 | F1=2.022242e-01 | m1²=0.001056 | m2²=0.999589 | eps_w1=1.834245e+00 | eps_w2=3.316137e-03
[step   125000] t/d=1250.000 | task1=2.083912e-01 | task2=6.159315e-03 | F1=2.022521e-01 | m1²=0.001052 | m2²=0.999586 | eps_w1=1.834703e+00 | eps_w2=3.296753e-03
[step   125050] t/d=1250.500 | task1=2.084070e-01 | task2=6.158409e-03 | F1=2.022679e-01 | m1²=0.001046 | m2²=0.999589 | eps_w1=1.834774e+00 | eps_w2=3.288487e-03
[step   125100] t/d=1251.000 | task1=2.083511e-01 | task2=6.158228e-03 | F1=2.022120e-01 | m1²=0.001035 | m2²=0.999593 | eps_w1=1.834066e+00 | eps_w2=3.322268e-03
[step   125150] t/d=1251.500 | task1=2.084151e-01 | task2=6.161759e-03 | F1=2.022760e-01 | m1²=0.001029 | m2²=0.999594 | eps_w1=1.834837e+00 | eps_w2=3.276801e-03
[step   125200] t/d=1252.000 | task1=2.084411e-01 | task2=6.162003e-03 | F1=2.023020e-01 | m1²=0.001040 | m2²=0.999590 | eps_w1=1.835298e+00 | eps_w2=3.257382e-03
[step   125250] t/d=1252.500 | task1=2.085063e-01 | task2=6.161865e-03 | F1=2.023672e-01 | m1²=0.001059 | m2²=0.999584 | eps_w1=1.836145e+00 | eps_w2=3.219000e-03
[step   125300] t/d=1253.000 | task1=2.085418e-01 | task2=6.160855e-03 | F1=2.024027e-01 | m1²=0.001061 | m2²=0.999581 | eps_w1=1.836548e+00 | eps_w2=3.202598e-03
[step   125350] t/d=1253.500 | task1=2.085096e-01 | task2=6.159477e-03 | F1=2.023705e-01 | m1²=0.001078 | m2²=0.999580 | eps_w1=1.836101e+00 | eps_w2=3.226427e-03
[step   125400] t/d=1254.000 | task1=2.085323e-01 | task2=6.160651e-03 | F1=2.023932e-01 | m1²=0.001063 | m2²=0.999597 | eps_w1=1.836521e+00 | eps_w2=3.173218e-03
[step   125450] t/d=1254.500 | task1=2.085469e-01 | task2=6.161700e-03 | F1=2.024078e-01 | m1²=0.001051 | m2²=0.999597 | eps_w1=1.836753e+00 | eps_w2=3.161535e-03
[step   125500] t/d=1255.000 | task1=2.085415e-01 | task2=6.161161e-03 | F1=2.024024e-01 | m1²=0.001064 | m2²=0.999599 | eps_w1=1.836691e+00 | eps_w2=3.160208e-03
[step   125550] t/d=1255.500 | task1=2.085157e-01 | task2=6.159144e-03 | F1=2.023767e-01 | m1²=0.001053 | m2²=0.999601 | eps_w1=1.836438e+00 | eps_w2=3.171617e-03
[step   125600] t/d=1256.000 | task1=2.085071e-01 | task2=6.159324e-03 | F1=2.023681e-01 | m1²=0.001050 | m2²=0.999601 | eps_w1=1.836361e+00 | eps_w2=3.175472e-03
[step   125650] t/d=1256.500 | task1=2.084926e-01 | task2=6.158170e-03 | F1=2.023536e-01 | m1²=0.001045 | m2²=0.999604 | eps_w1=1.836162e+00 | eps_w2=3.182045e-03
[step   125700] t/d=1257.000 | task1=2.085158e-01 | task2=6.158053e-03 | F1=2.023768e-01 | m1²=0.001036 | m2²=0.999599 | eps_w1=1.836524e+00 | eps_w2=3.171324e-03
[step   125750] t/d=1257.500 | task1=2.084880e-01 | task2=6.156930e-03 | F1=2.023490e-01 | m1²=0.001028 | m2²=0.999596 | eps_w1=1.836135e+00 | eps_w2=3.199019e-03
[step   125800] t/d=1258.000 | task1=2.084523e-01 | task2=6.157702e-03 | F1=2.023132e-01 | m1²=0.001014 | m2²=0.999605 | eps_w1=1.835555e+00 | eps_w2=3.216302e-03
[step   125850] t/d=1258.500 | task1=2.084289e-01 | task2=6.158432e-03 | F1=2.022898e-01 | m1²=0.000995 | m2²=0.999609 | eps_w1=1.835247e+00 | eps_w2=3.229039e-03
[step   125900] t/d=1259.000 | task1=2.084283e-01 | task2=6.159151e-03 | F1=2.022893e-01 | m1²=0.000998 | m2²=0.999613 | eps_w1=1.835261e+00 | eps_w2=3.220356e-03
[step   125950] t/d=1259.500 | task1=2.084131e-01 | task2=6.157041e-03 | F1=2.022740e-01 | m1²=0.000998 | m2²=0.999621 | eps_w1=1.835065e+00 | eps_w2=3.215338e-03
[step   126000] t/d=1260.000 | task1=2.084515e-01 | task2=6.155176e-03 | F1=2.023125e-01 | m1²=0.001003 | m2²=0.999617 | eps_w1=1.835596e+00 | eps_w2=3.192178e-03
[step   126050] t/d=1260.500 | task1=2.084469e-01 | task2=6.154329e-03 | F1=2.023078e-01 | m1²=0.001014 | m2²=0.999606 | eps_w1=1.835547e+00 | eps_w2=3.214739e-03
[step   126100] t/d=1261.000 | task1=2.084689e-01 | task2=6.153270e-03 | F1=2.023298e-01 | m1²=0.001016 | m2²=0.999604 | eps_w1=1.835941e+00 | eps_w2=3.197044e-03
[step   126150] t/d=1261.500 | task1=2.085046e-01 | task2=6.153767e-03 | F1=2.023656e-01 | m1²=0.001016 | m2²=0.999599 | eps_w1=1.836484e+00 | eps_w2=3.176956e-03
[step   126200] t/d=1262.000 | task1=2.085148e-01 | task2=6.154752e-03 | F1=2.023757e-01 | m1²=0.001023 | m2²=0.999597 | eps_w1=1.836607e+00 | eps_w2=3.172259e-03
[step   126250] t/d=1262.500 | task1=2.085132e-01 | task2=6.155411e-03 | F1=2.023741e-01 | m1²=0.001017 | m2²=0.999598 | eps_w1=1.836601e+00 | eps_w2=3.170660e-03
[step   126300] t/d=1263.000 | task1=2.084904e-01 | task2=6.155491e-03 | F1=2.023514e-01 | m1²=0.001034 | m2²=0.999597 | eps_w1=1.836386e+00 | eps_w2=3.184126e-03
[step   126350] t/d=1263.500 | task1=2.085356e-01 | task2=6.154337e-03 | F1=2.023965e-01 | m1²=0.001026 | m2²=0.999598 | eps_w1=1.837001e+00 | eps_w2=3.149265e-03
[step   126400] t/d=1264.000 | task1=2.085574e-01 | task2=6.152493e-03 | F1=2.024183e-01 | m1²=0.001021 | m2²=0.999594 | eps_w1=1.837268e+00 | eps_w2=3.142341e-03
[step   126450] t/d=1264.500 | task1=2.086426e-01 | task2=6.153079e-03 | F1=2.025036e-01 | m1²=0.001027 | m2²=0.999584 | eps_w1=1.838477e+00 | eps_w2=3.094152e-03
[step   126500] t/d=1265.000 | task1=2.086566e-01 | task2=6.154436e-03 | F1=2.025176e-01 | m1²=0.001027 | m2²=0.999592 | eps_w1=1.838713e+00 | eps_w2=3.066116e-03
[step   126550] t/d=1265.500 | task1=2.086495e-01 | task2=6.153001e-03 | F1=2.025105e-01 | m1²=0.001017 | m2²=0.999594 | eps_w1=1.838605e+00 | eps_w2=3.069815e-03
[step   126600] t/d=1266.000 | task1=2.086254e-01 | task2=6.151772e-03 | F1=2.024863e-01 | m1²=0.001029 | m2²=0.999594 | eps_w1=1.838251e+00 | eps_w2=3.088338e-03
[step   126650] t/d=1266.500 | task1=2.086110e-01 | task2=6.153163e-03 | F1=2.024720e-01 | m1²=0.001009 | m2²=0.999598 | eps_w1=1.838027e+00 | eps_w2=3.093549e-03
[step   126700] t/d=1267.000 | task1=2.085438e-01 | task2=6.151973e-03 | F1=2.024048e-01 | m1²=0.001018 | m2²=0.999596 | eps_w1=1.837243e+00 | eps_w2=3.140381e-03
[step   126750] t/d=1267.500 | task1=2.085226e-01 | task2=6.150291e-03 | F1=2.023835e-01 | m1²=0.001015 | m2²=0.999598 | eps_w1=1.836958e+00 | eps_w2=3.152324e-03
[step   126800] t/d=1268.000 | task1=2.085020e-01 | task2=6.150759e-03 | F1=2.023629e-01 | m1²=0.001029 | m2²=0.999602 | eps_w1=1.836780e+00 | eps_w2=3.153339e-03
[step   126850] t/d=1268.500 | task1=2.084845e-01 | task2=6.150195e-03 | F1=2.023455e-01 | m1²=0.001021 | m2²=0.999599 | eps_w1=1.836553e+00 | eps_w2=3.172235e-03
[step   126900] t/d=1269.000 | task1=2.084544e-01 | task2=6.151107e-03 | F1=2.023154e-01 | m1²=0.001016 | m2²=0.999606 | eps_w1=1.836028e+00 | eps_w2=3.187665e-03
[step   126950] t/d=1269.500 | task1=2.084643e-01 | task2=6.153419e-03 | F1=2.023252e-01 | m1²=0.001024 | m2²=0.999606 | eps_w1=1.836230e+00 | eps_w2=3.175237e-03
[step   127000] t/d=1270.000 | task1=2.084583e-01 | task2=6.153718e-03 | F1=2.023192e-01 | m1²=0.001026 | m2²=0.999607 | eps_w1=1.836155e+00 | eps_w2=3.178879e-03
[step   127050] t/d=1270.500 | task1=2.084834e-01 | task2=6.154439e-03 | F1=2.023443e-01 | m1²=0.001024 | m2²=0.999606 | eps_w1=1.836515e+00 | eps_w2=3.159327e-03
[step   127100] t/d=1271.000 | task1=2.084852e-01 | task2=6.153916e-03 | F1=2.023461e-01 | m1²=0.001025 | m2²=0.999604 | eps_w1=1.836569e+00 | eps_w2=3.160432e-03
[step   127150] t/d=1271.500 | task1=2.084225e-01 | task2=6.152854e-03 | F1=2.022834e-01 | m1²=0.001023 | m2²=0.999607 | eps_w1=1.835740e+00 | eps_w2=3.201796e-03
[step   127200] t/d=1272.000 | task1=2.084307e-01 | task2=6.154666e-03 | F1=2.022916e-01 | m1²=0.001034 | m2²=0.999598 | eps_w1=1.835836e+00 | eps_w2=3.212103e-03
[step   127250] t/d=1272.500 | task1=2.084593e-01 | task2=6.156122e-03 | F1=2.023202e-01 | m1²=0.001030 | m2²=0.999601 | eps_w1=1.836167e+00 | eps_w2=3.187749e-03
[step   127300] t/d=1273.000 | task1=2.083893e-01 | task2=6.154535e-03 | F1=2.022502e-01 | m1²=0.001027 | m2²=0.999608 | eps_w1=1.835163e+00 | eps_w2=3.232458e-03
[step   127350] t/d=1273.500 | task1=2.083878e-01 | task2=6.154534e-03 | F1=2.022487e-01 | m1²=0.001031 | m2²=0.999615 | eps_w1=1.835174e+00 | eps_w2=3.217010e-03
[step   127400] t/d=1274.000 | task1=2.083333e-01 | task2=6.155669e-03 | F1=2.021942e-01 | m1²=0.001032 | m2²=0.999621 | eps_w1=1.834704e+00 | eps_w2=3.231969e-03
[step   127450] t/d=1274.500 | task1=2.083253e-01 | task2=6.153414e-03 | F1=2.021862e-01 | m1²=0.001028 | m2²=0.999613 | eps_w1=1.834540e+00 | eps_w2=3.256701e-03
[step   127500] t/d=1275.000 | task1=2.083267e-01 | task2=6.154651e-03 | F1=2.021876e-01 | m1²=0.001028 | m2²=0.999602 | eps_w1=1.834655e+00 | eps_w2=3.272095e-03
[step   127550] t/d=1275.500 | task1=2.083179e-01 | task2=6.154718e-03 | F1=2.021789e-01 | m1²=0.001045 | m2²=0.999597 | eps_w1=1.834756e+00 | eps_w2=3.273098e-03
[step   127600] t/d=1276.000 | task1=2.082945e-01 | task2=6.153862e-03 | F1=2.021554e-01 | m1²=0.001050 | m2²=0.999602 | eps_w1=1.834432e+00 | eps_w2=3.281383e-03
[step   127650] t/d=1276.500 | task1=2.083103e-01 | task2=6.151813e-03 | F1=2.021712e-01 | m1²=0.001044 | m2²=0.999604 | eps_w1=1.834522e+00 | eps_w2=3.273636e-03
[step   127700] t/d=1277.000 | task1=2.082913e-01 | task2=6.150194e-03 | F1=2.021522e-01 | m1²=0.001039 | m2²=0.999603 | eps_w1=1.834259e+00 | eps_w2=3.291732e-03
[step   127750] t/d=1277.500 | task1=2.082638e-01 | task2=6.148686e-03 | F1=2.021248e-01 | m1²=0.001030 | m2²=0.999600 | eps_w1=1.833812e+00 | eps_w2=3.323740e-03
[step   127800] t/d=1278.000 | task1=2.082462e-01 | task2=6.147667e-03 | F1=2.021071e-01 | m1²=0.001035 | m2²=0.999602 | eps_w1=1.833674e+00 | eps_w2=3.326351e-03
[step   127850] t/d=1278.500 | task1=2.082284e-01 | task2=6.145271e-03 | F1=2.020893e-01 | m1²=0.001058 | m2²=0.999590 | eps_w1=1.833420e+00 | eps_w2=3.361493e-03
[step   127900] t/d=1279.000 | task1=2.082193e-01 | task2=6.145930e-03 | F1=2.020803e-01 | m1²=0.001052 | m2²=0.999592 | eps_w1=1.833416e+00 | eps_w2=3.358426e-03
[step   127950] t/d=1279.500 | task1=2.082614e-01 | task2=6.144626e-03 | F1=2.021224e-01 | m1²=0.001053 | m2²=0.999599 | eps_w1=1.833793e+00 | eps_w2=3.324068e-03
[step   128000] t/d=1280.000 | task1=2.082968e-01 | task2=6.143426e-03 | F1=2.021578e-01 | m1²=0.001051 | m2²=0.999595 | eps_w1=1.834169e+00 | eps_w2=3.310517e-03
[step   128050] t/d=1280.500 | task1=2.082710e-01 | task2=6.144668e-03 | F1=2.021319e-01 | m1²=0.001043 | m2²=0.999591 | eps_w1=1.833930e+00 | eps_w2=3.332829e-03
[step   128100] t/d=1281.000 | task1=2.083003e-01 | task2=6.144521e-03 | F1=2.021612e-01 | m1²=0.001050 | m2²=0.999585 | eps_w1=1.834422e+00 | eps_w2=3.314087e-03
[step   128150] t/d=1281.500 | task1=2.083723e-01 | task2=6.146019e-03 | F1=2.022332e-01 | m1²=0.001037 | m2²=0.999591 | eps_w1=1.835211e+00 | eps_w2=3.260104e-03
[step   128200] t/d=1282.000 | task1=2.083812e-01 | task2=6.146599e-03 | F1=2.022421e-01 | m1²=0.001031 | m2²=0.999590 | eps_w1=1.835399e+00 | eps_w2=3.251862e-03
[step   128250] t/d=1282.500 | task1=2.083920e-01 | task2=6.147930e-03 | F1=2.022529e-01 | m1²=0.001027 | m2²=0.999592 | eps_w1=1.835618e+00 | eps_w2=3.236343e-03
[step   128300] t/d=1283.000 | task1=2.084200e-01 | task2=6.148228e-03 | F1=2.022810e-01 | m1²=0.001023 | m2²=0.999588 | eps_w1=1.835959e+00 | eps_w2=3.225621e-03
[step   128350] t/d=1283.500 | task1=2.084224e-01 | task2=6.147716e-03 | F1=2.022833e-01 | m1²=0.001019 | m2²=0.999581 | eps_w1=1.836000e+00 | eps_w2=3.237490e-03
[step   128400] t/d=1284.000 | task1=2.084039e-01 | task2=6.147699e-03 | F1=2.022648e-01 | m1²=0.001018 | m2²=0.999586 | eps_w1=1.835748e+00 | eps_w2=3.241787e-03
[step   128450] t/d=1284.500 | task1=2.084177e-01 | task2=6.148922e-03 | F1=2.022787e-01 | m1²=0.001002 | m2²=0.999578 | eps_w1=1.835960e+00 | eps_w2=3.246984e-03
[step   128500] t/d=1285.000 | task1=2.084180e-01 | task2=6.148741e-03 | F1=2.022789e-01 | m1²=0.000998 | m2²=0.999580 | eps_w1=1.835834e+00 | eps_w2=3.250353e-03
[step   128550] t/d=1285.500 | task1=2.083997e-01 | task2=6.149251e-03 | F1=2.022606e-01 | m1²=0.000992 | m2²=0.999585 | eps_w1=1.835544e+00 | eps_w2=3.257030e-03
[step   128600] t/d=1286.000 | task1=2.084031e-01 | task2=6.148290e-03 | F1=2.022641e-01 | m1²=0.000999 | m2²=0.999582 | eps_w1=1.835490e+00 | eps_w2=3.265780e-03
[step   128650] t/d=1286.500 | task1=2.084581e-01 | task2=6.148696e-03 | F1=2.023190e-01 | m1²=0.001003 | m2²=0.999583 | eps_w1=1.836221e+00 | eps_w2=3.223053e-03
[step   128700] t/d=1287.000 | task1=2.084279e-01 | task2=6.148398e-03 | F1=2.022889e-01 | m1²=0.000996 | m2²=0.999589 | eps_w1=1.835768e+00 | eps_w2=3.237133e-03
[step   128750] t/d=1287.500 | task1=2.084271e-01 | task2=6.150935e-03 | F1=2.022881e-01 | m1²=0.000994 | m2²=0.999576 | eps_w1=1.835743e+00 | eps_w2=3.262463e-03
[step   128800] t/d=1288.000 | task1=2.084261e-01 | task2=6.151198e-03 | F1=2.022870e-01 | m1²=0.000994 | m2²=0.999576 | eps_w1=1.835714e+00 | eps_w2=3.264037e-03
[step   128850] t/d=1288.500 | task1=2.085030e-01 | task2=6.151660e-03 | F1=2.023639e-01 | m1²=0.001000 | m2²=0.999580 | eps_w1=1.836577e+00 | eps_w2=3.209265e-03
[step   128900] t/d=1289.000 | task1=2.084738e-01 | task2=6.151207e-03 | F1=2.023347e-01 | m1²=0.001003 | m2²=0.999575 | eps_w1=1.836230e+00 | eps_w2=3.236816e-03
[step   128950] t/d=1289.500 | task1=2.084630e-01 | task2=6.150537e-03 | F1=2.023240e-01 | m1²=0.000994 | m2²=0.999581 | eps_w1=1.836147e+00 | eps_w2=3.231473e-03
[step   129000] t/d=1290.000 | task1=2.084396e-01 | task2=6.149856e-03 | F1=2.023006e-01 | m1²=0.000984 | m2²=0.999585 | eps_w1=1.835951e+00 | eps_w2=3.234536e-03
[step   129050] t/d=1290.500 | task1=2.084670e-01 | task2=6.149806e-03 | F1=2.023279e-01 | m1²=0.000973 | m2²=0.999589 | eps_w1=1.836373e+00 | eps_w2=3.205766e-03
[step   129100] t/d=1291.000 | task1=2.085162e-01 | task2=6.150117e-03 | F1=2.023771e-01 | m1²=0.000961 | m2²=0.999585 | eps_w1=1.836997e+00 | eps_w2=3.180228e-03
[step   129150] t/d=1291.500 | task1=2.085437e-01 | task2=6.150244e-03 | F1=2.024046e-01 | m1²=0.000961 | m2²=0.999585 | eps_w1=1.837273e+00 | eps_w2=3.164785e-03
[step   129200] t/d=1292.000 | task1=2.085460e-01 | task2=6.151305e-03 | F1=2.024069e-01 | m1²=0.000960 | m2²=0.999582 | eps_w1=1.837337e+00 | eps_w2=3.167761e-03
[step   129250] t/d=1292.500 | task1=2.085692e-01 | task2=6.150241e-03 | F1=2.024301e-01 | m1²=0.000948 | m2²=0.999586 | eps_w1=1.837518e+00 | eps_w2=3.150879e-03
[step   129300] t/d=1293.000 | task1=2.085859e-01 | task2=6.148224e-03 | F1=2.024468e-01 | m1²=0.000943 | m2²=0.999590 | eps_w1=1.837815e+00 | eps_w2=3.126661e-03
[step   129350] t/d=1293.500 | task1=2.085804e-01 | task2=6.148638e-03 | F1=2.024413e-01 | m1²=0.000945 | m2²=0.999591 | eps_w1=1.837824e+00 | eps_w2=3.124278e-03
[step   129400] t/d=1294.000 | task1=2.086248e-01 | task2=6.151473e-03 | F1=2.024858e-01 | m1²=0.000937 | m2²=0.999591 | eps_w1=1.838270e+00 | eps_w2=3.101332e-03
[step   129450] t/d=1294.500 | task1=2.086010e-01 | task2=6.150599e-03 | F1=2.024619e-01 | m1²=0.000931 | m2²=0.999594 | eps_w1=1.837704e+00 | eps_w2=3.127810e-03
[step   129500] t/d=1295.000 | task1=2.085945e-01 | task2=6.150719e-03 | F1=2.024554e-01 | m1²=0.000918 | m2²=0.999591 | eps_w1=1.837624e+00 | eps_w2=3.138898e-03
[step   129550] t/d=1295.500 | task1=2.086188e-01 | task2=6.151672e-03 | F1=2.024797e-01 | m1²=0.000925 | m2²=0.999584 | eps_w1=1.838041e+00 | eps_w2=3.127613e-03
[step   129600] t/d=1296.000 | task1=2.085971e-01 | task2=6.151521e-03 | F1=2.024580e-01 | m1²=0.000934 | m2²=0.999577 | eps_w1=1.837792e+00 | eps_w2=3.154773e-03
[step   129650] t/d=1296.500 | task1=2.085947e-01 | task2=6.151648e-03 | F1=2.024556e-01 | m1²=0.000940 | m2²=0.999574 | eps_w1=1.837929e+00 | eps_w2=3.152707e-03
[step   129700] t/d=1297.000 | task1=2.085601e-01 | task2=6.151285e-03 | F1=2.024210e-01 | m1²=0.000954 | m2²=0.999580 | eps_w1=1.837551e+00 | eps_w2=3.160411e-03
[step   129750] t/d=1297.500 | task1=2.085641e-01 | task2=6.151816e-03 | F1=2.024251e-01 | m1²=0.000958 | m2²=0.999577 | eps_w1=1.837620e+00 | eps_w2=3.162207e-03
[step   129800] t/d=1298.000 | task1=2.085517e-01 | task2=6.150613e-03 | F1=2.024127e-01 | m1²=0.000959 | m2²=0.999577 | eps_w1=1.837438e+00 | eps_w2=3.170992e-03
[step   129850] t/d=1298.500 | task1=2.085288e-01 | task2=6.150402e-03 | F1=2.023897e-01 | m1²=0.000953 | m2²=0.999577 | eps_w1=1.837000e+00 | eps_w2=3.196483e-03
[step   129900] t/d=1299.000 | task1=2.085176e-01 | task2=6.150468e-03 | F1=2.023786e-01 | m1²=0.000954 | m2²=0.999582 | eps_w1=1.836717e+00 | eps_w2=3.202517e-03
[step   129950] t/d=1299.500 | task1=2.085637e-01 | task2=6.149550e-03 | F1=2.024246e-01 | m1²=0.000956 | m2²=0.999588 | eps_w1=1.837192e+00 | eps_w2=3.163511e-03
[step   130000] t/d=1300.000 | task1=2.085752e-01 | task2=6.150536e-03 | F1=2.024362e-01 | m1²=0.000952 | m2²=0.999586 | eps_w1=1.837214e+00 | eps_w2=3.166441e-03
[step   130050] t/d=1300.500 | task1=2.085547e-01 | task2=6.152412e-03 | F1=2.024156e-01 | m1²=0.000958 | m2²=0.999584 | eps_w1=1.836848e+00 | eps_w2=3.189506e-03
[step   130100] t/d=1301.000 | task1=2.085427e-01 | task2=6.151785e-03 | F1=2.024036e-01 | m1²=0.000954 | m2²=0.999583 | eps_w1=1.836786e+00 | eps_w2=3.196991e-03
[step   130150] t/d=1301.500 | task1=2.085041e-01 | task2=6.151380e-03 | F1=2.023650e-01 | m1²=0.000954 | m2²=0.999576 | eps_w1=1.836299e+00 | eps_w2=3.235911e-03
[step   130200] t/d=1302.000 | task1=2.084646e-01 | task2=6.149813e-03 | F1=2.023255e-01 | m1²=0.000947 | m2²=0.999579 | eps_w1=1.835760e+00 | eps_w2=3.260711e-03
[step   130250] t/d=1302.500 | task1=2.084966e-01 | task2=6.150207e-03 | F1=2.023576e-01 | m1²=0.000950 | m2²=0.999579 | eps_w1=1.836103e+00 | eps_w2=3.242808e-03
[step   130300] t/d=1303.000 | task1=2.084665e-01 | task2=6.150062e-03 | F1=2.023274e-01 | m1²=0.000954 | m2²=0.999582 | eps_w1=1.835568e+00 | eps_w2=3.266479e-03
[step   130350] t/d=1303.500 | task1=2.084833e-01 | task2=6.149923e-03 | F1=2.023442e-01 | m1²=0.000951 | m2²=0.999576 | eps_w1=1.835679e+00 | eps_w2=3.270903e-03
[step   130400] t/d=1304.000 | task1=2.084549e-01 | task2=6.149489e-03 | F1=2.023158e-01 | m1²=0.000962 | m2²=0.999575 | eps_w1=1.835320e+00 | eps_w2=3.292256e-03
[step   130450] t/d=1304.500 | task1=2.084965e-01 | task2=6.149115e-03 | F1=2.023575e-01 | m1²=0.000956 | m2²=0.999572 | eps_w1=1.835889e+00 | eps_w2=3.267461e-03
[step   130500] t/d=1305.000 | task1=2.085004e-01 | task2=6.149138e-03 | F1=2.023613e-01 | m1²=0.000957 | m2²=0.999563 | eps_w1=1.835925e+00 | eps_w2=3.281039e-03
[step   130550] t/d=1305.500 | task1=2.085505e-01 | task2=6.150503e-03 | F1=2.024114e-01 | m1²=0.000953 | m2²=0.999565 | eps_w1=1.836611e+00 | eps_w2=3.240002e-03
[step   130600] t/d=1306.000 | task1=2.085603e-01 | task2=6.150227e-03 | F1=2.024213e-01 | m1²=0.000945 | m2²=0.999556 | eps_w1=1.836726e+00 | eps_w2=3.251687e-03
[step   130650] t/d=1306.500 | task1=2.085228e-01 | task2=6.150064e-03 | F1=2.023837e-01 | m1²=0.000937 | m2²=0.999557 | eps_w1=1.836368e+00 | eps_w2=3.270517e-03
[step   130700] t/d=1307.000 | task1=2.085211e-01 | task2=6.149329e-03 | F1=2.023820e-01 | m1²=0.000942 | m2²=0.999562 | eps_w1=1.836429e+00 | eps_w2=3.257772e-03
[step   130750] t/d=1307.500 | task1=2.084613e-01 | task2=6.149290e-03 | F1=2.023222e-01 | m1²=0.000943 | m2²=0.999574 | eps_w1=1.835754e+00 | eps_w2=3.271830e-03
[step   130800] t/d=1308.000 | task1=2.084365e-01 | task2=6.150628e-03 | F1=2.022975e-01 | m1²=0.000944 | m2²=0.999571 | eps_w1=1.835562e+00 | eps_w2=3.287148e-03
[step   130850] t/d=1308.500 | task1=2.084763e-01 | task2=6.149774e-03 | F1=2.023373e-01 | m1²=0.000950 | m2²=0.999567 | eps_w1=1.836095e+00 | eps_w2=3.265694e-03
[step   130900] t/d=1309.000 | task1=2.084847e-01 | task2=6.149547e-03 | F1=2.023457e-01 | m1²=0.000947 | m2²=0.999565 | eps_w1=1.836110e+00 | eps_w2=3.268152e-03
[step   130950] t/d=1309.500 | task1=2.085411e-01 | task2=6.150347e-03 | F1=2.024021e-01 | m1²=0.000933 | m2²=0.999573 | eps_w1=1.836869e+00 | eps_w2=3.212108e-03
[step   131000] t/d=1310.000 | task1=2.085467e-01 | task2=6.150226e-03 | F1=2.024077e-01 | m1²=0.000934 | m2²=0.999572 | eps_w1=1.836944e+00 | eps_w2=3.210962e-03
[step   131050] t/d=1310.500 | task1=2.085702e-01 | task2=6.151181e-03 | F1=2.024312e-01 | m1²=0.000929 | m2²=0.999573 | eps_w1=1.837248e+00 | eps_w2=3.192338e-03
[step   131100] t/d=1311.000 | task1=2.085871e-01 | task2=6.151849e-03 | F1=2.024480e-01 | m1²=0.000934 | m2²=0.999565 | eps_w1=1.837506e+00 | eps_w2=3.193058e-03
[step   131150] t/d=1311.500 | task1=2.086153e-01 | task2=6.149933e-03 | F1=2.024762e-01 | m1²=0.000939 | m2²=0.999563 | eps_w1=1.837745e+00 | eps_w2=3.183693e-03
[step   131200] t/d=1312.000 | task1=2.086134e-01 | task2=6.151221e-03 | F1=2.024744e-01 | m1²=0.000930 | m2²=0.999567 | eps_w1=1.837723e+00 | eps_w2=3.178080e-03
[step   131250] t/d=1312.500 | task1=2.086034e-01 | task2=6.152027e-03 | F1=2.024644e-01 | m1²=0.000927 | m2²=0.999570 | eps_w1=1.837531e+00 | eps_w2=3.181736e-03
[step   131300] t/d=1313.000 | task1=2.085724e-01 | task2=6.152161e-03 | F1=2.024334e-01 | m1²=0.000928 | m2²=0.999568 | eps_w1=1.837051e+00 | eps_w2=3.213281e-03
[step   131350] t/d=1313.500 | task1=2.085647e-01 | task2=6.149941e-03 | F1=2.024256e-01 | m1²=0.000928 | m2²=0.999576 | eps_w1=1.837061e+00 | eps_w2=3.197415e-03
[step   131400] t/d=1314.000 | task1=2.085327e-01 | task2=6.147536e-03 | F1=2.023937e-01 | m1²=0.000926 | m2²=0.999582 | eps_w1=1.836727e+00 | eps_w2=3.204439e-03
[step   131450] t/d=1314.500 | task1=2.085452e-01 | task2=6.147984e-03 | F1=2.024061e-01 | m1²=0.000943 | m2²=0.999588 | eps_w1=1.836867e+00 | eps_w2=3.182478e-03
[step   131500] t/d=1315.000 | task1=2.085429e-01 | task2=6.148684e-03 | F1=2.024038e-01 | m1²=0.000949 | m2²=0.999593 | eps_w1=1.836893e+00 | eps_w2=3.172490e-03
[step   131550] t/d=1315.500 | task1=2.085388e-01 | task2=6.149387e-03 | F1=2.023998e-01 | m1²=0.000958 | m2²=0.999589 | eps_w1=1.836864e+00 | eps_w2=3.179128e-03
[step   131600] t/d=1316.000 | task1=2.085294e-01 | task2=6.149351e-03 | F1=2.023904e-01 | m1²=0.000957 | m2²=0.999599 | eps_w1=1.836708e+00 | eps_w2=3.168864e-03
[step   131650] t/d=1316.500 | task1=2.085478e-01 | task2=6.148560e-03 | F1=2.024087e-01 | m1²=0.000951 | m2²=0.999598 | eps_w1=1.837038e+00 | eps_w2=3.153384e-03
[step   131700] t/d=1317.000 | task1=2.085317e-01 | task2=6.148354e-03 | F1=2.023926e-01 | m1²=0.000951 | m2²=0.999597 | eps_w1=1.836812e+00 | eps_w2=3.168230e-03
[step   131750] t/d=1317.500 | task1=2.084918e-01 | task2=6.148993e-03 | F1=2.023527e-01 | m1²=0.000953 | m2²=0.999601 | eps_w1=1.836251e+00 | eps_w2=3.191819e-03
[step   131800] t/d=1318.000 | task1=2.085086e-01 | task2=6.149730e-03 | F1=2.023696e-01 | m1²=0.000957 | m2²=0.999594 | eps_w1=1.836453e+00 | eps_w2=3.193312e-03
[step   131850] t/d=1318.500 | task1=2.085579e-01 | task2=6.149885e-03 | F1=2.024188e-01 | m1²=0.000951 | m2²=0.999599 | eps_w1=1.837000e+00 | eps_w2=3.154107e-03
[step   131900] t/d=1319.000 | task1=2.085523e-01 | task2=6.151269e-03 | F1=2.024132e-01 | m1²=0.000955 | m2²=0.999601 | eps_w1=1.836876e+00 | eps_w2=3.156243e-03
[step   131950] t/d=1319.500 | task1=2.085193e-01 | task2=6.153337e-03 | F1=2.023802e-01 | m1²=0.000946 | m2²=0.999606 | eps_w1=1.836581e+00 | eps_w2=3.163701e-03
[step   132000] t/d=1320.000 | task1=2.085586e-01 | task2=6.153588e-03 | F1=2.024195e-01 | m1²=0.000944 | m2²=0.999613 | eps_w1=1.837022e+00 | eps_w2=3.127763e-03
[step   132050] t/d=1320.500 | task1=2.085345e-01 | task2=6.154704e-03 | F1=2.023954e-01 | m1²=0.000943 | m2²=0.999605 | eps_w1=1.836735e+00 | eps_w2=3.158411e-03
[step   132100] t/d=1321.000 | task1=2.085730e-01 | task2=6.154458e-03 | F1=2.024340e-01 | m1²=0.000955 | m2²=0.999603 | eps_w1=1.837175e+00 | eps_w2=3.136062e-03
[step   132150] t/d=1321.500 | task1=2.086079e-01 | task2=6.155273e-03 | F1=2.024688e-01 | m1²=0.000958 | m2²=0.999600 | eps_w1=1.837656e+00 | eps_w2=3.115616e-03
[step   132200] t/d=1322.000 | task1=2.086123e-01 | task2=6.155663e-03 | F1=2.024733e-01 | m1²=0.000960 | m2²=0.999601 | eps_w1=1.837799e+00 | eps_w2=3.106319e-03
[step   132250] t/d=1322.500 | task1=2.085901e-01 | task2=6.156634e-03 | F1=2.024510e-01 | m1²=0.000951 | m2²=0.999597 | eps_w1=1.837309e+00 | eps_w2=3.140344e-03
[step   132300] t/d=1323.000 | task1=2.086038e-01 | task2=6.157397e-03 | F1=2.024647e-01 | m1²=0.000957 | m2²=0.999599 | eps_w1=1.837431e+00 | eps_w2=3.130107e-03
[step   132350] t/d=1323.500 | task1=2.086356e-01 | task2=6.156940e-03 | F1=2.024966e-01 | m1²=0.000958 | m2²=0.999592 | eps_w1=1.837980e+00 | eps_w2=3.112573e-03
[step   132400] t/d=1324.000 | task1=2.085758e-01 | task2=6.155241e-03 | F1=2.024367e-01 | m1²=0.000968 | m2²=0.999592 | eps_w1=1.837287e+00 | eps_w2=3.150343e-03
[step   132450] t/d=1324.500 | task1=2.086018e-01 | task2=6.153424e-03 | F1=2.024627e-01 | m1²=0.000963 | m2²=0.999595 | eps_w1=1.837478e+00 | eps_w2=3.135062e-03
[step   132500] t/d=1325.000 | task1=2.085738e-01 | task2=6.154878e-03 | F1=2.024347e-01 | m1²=0.000950 | m2²=0.999594 | eps_w1=1.837145e+00 | eps_w2=3.155918e-03
[step   132550] t/d=1325.500 | task1=2.086089e-01 | task2=6.154843e-03 | F1=2.024699e-01 | m1²=0.000964 | m2²=0.999592 | eps_w1=1.837611e+00 | eps_w2=3.133235e-03
[step   132600] t/d=1326.000 | task1=2.085999e-01 | task2=6.156968e-03 | F1=2.024608e-01 | m1²=0.000955 | m2²=0.999594 | eps_w1=1.837347e+00 | eps_w2=3.144282e-03
[step   132650] t/d=1326.500 | task1=2.084844e-01 | task2=6.156580e-03 | F1=2.023454e-01 | m1²=0.000945 | m2²=0.999591 | eps_w1=1.836047e+00 | eps_w2=3.222422e-03
[step   132700] t/d=1327.000 | task1=2.084707e-01 | task2=6.160485e-03 | F1=2.023316e-01 | m1²=0.000950 | m2²=0.999588 | eps_w1=1.835907e+00 | eps_w2=3.236248e-03
[step   132750] t/d=1327.500 | task1=2.084758e-01 | task2=6.160133e-03 | F1=2.023367e-01 | m1²=0.000952 | m2²=0.999583 | eps_w1=1.835889e+00 | eps_w2=3.246254e-03
[step   132800] t/d=1328.000 | task1=2.085144e-01 | task2=6.161394e-03 | F1=2.023754e-01 | m1²=0.000947 | m2²=0.999586 | eps_w1=1.836420e+00 | eps_w2=3.211905e-03
[step   132850] t/d=1328.500 | task1=2.085424e-01 | task2=6.161025e-03 | F1=2.024034e-01 | m1²=0.000956 | m2²=0.999583 | eps_w1=1.836788e+00 | eps_w2=3.196009e-03
[step   132900] t/d=1329.000 | task1=2.085255e-01 | task2=6.161151e-03 | F1=2.023864e-01 | m1²=0.000953 | m2²=0.999578 | eps_w1=1.836495e+00 | eps_w2=3.221659e-03
[step   132950] t/d=1329.500 | task1=2.085278e-01 | task2=6.163672e-03 | F1=2.023887e-01 | m1²=0.000952 | m2²=0.999575 | eps_w1=1.836741e+00 | eps_w2=3.214915e-03
[step   133000] t/d=1330.000 | task1=2.085389e-01 | task2=6.163451e-03 | F1=2.023998e-01 | m1²=0.000959 | m2²=0.999563 | eps_w1=1.836947e+00 | eps_w2=3.224136e-03
[step   133050] t/d=1330.500 | task1=2.085690e-01 | task2=6.163306e-03 | F1=2.024299e-01 | m1²=0.000956 | m2²=0.999563 | eps_w1=1.837285e+00 | eps_w2=3.206142e-03
[step   133100] t/d=1331.000 | task1=2.085075e-01 | task2=6.163610e-03 | F1=2.023684e-01 | m1²=0.000951 | m2²=0.999566 | eps_w1=1.836432e+00 | eps_w2=3.249311e-03
[step   133150] t/d=1331.500 | task1=2.085125e-01 | task2=6.164061e-03 | F1=2.023734e-01 | m1²=0.000951 | m2²=0.999572 | eps_w1=1.836488e+00 | eps_w2=3.234530e-03
[step   133200] t/d=1332.000 | task1=2.085303e-01 | task2=6.165431e-03 | F1=2.023913e-01 | m1²=0.000959 | m2²=0.999563 | eps_w1=1.836845e+00 | eps_w2=3.230142e-03
[step   133250] t/d=1332.500 | task1=2.085377e-01 | task2=6.165442e-03 | F1=2.023986e-01 | m1²=0.000954 | m2²=0.999565 | eps_w1=1.837119e+00 | eps_w2=3.211546e-03
[step   133300] t/d=1333.000 | task1=2.085837e-01 | task2=6.166517e-03 | F1=2.024447e-01 | m1²=0.000961 | m2²=0.999568 | eps_w1=1.837733e+00 | eps_w2=3.171554e-03
[step   133350] t/d=1333.500 | task1=2.085805e-01 | task2=6.165247e-03 | F1=2.024414e-01 | m1²=0.000956 | m2²=0.999566 | eps_w1=1.837839e+00 | eps_w2=3.171011e-03
[step   133400] t/d=1334.000 | task1=2.085568e-01 | task2=6.163577e-03 | F1=2.024177e-01 | m1²=0.000956 | m2²=0.999566 | eps_w1=1.837641e+00 | eps_w2=3.181344e-03
[step   133450] t/d=1334.500 | task1=2.085542e-01 | task2=6.165292e-03 | F1=2.024152e-01 | m1²=0.000957 | m2²=0.999564 | eps_w1=1.837530e+00 | eps_w2=3.191037e-03
[step   133500] t/d=1335.000 | task1=2.085343e-01 | task2=6.164678e-03 | F1=2.023952e-01 | m1²=0.000957 | m2²=0.999563 | eps_w1=1.837278e+00 | eps_w2=3.205863e-03
[step   133550] t/d=1335.500 | task1=2.085577e-01 | task2=6.163899e-03 | F1=2.024186e-01 | m1²=0.000955 | m2²=0.999567 | eps_w1=1.837536e+00 | eps_w2=3.186021e-03
[step   133600] t/d=1336.000 | task1=2.085747e-01 | task2=6.161860e-03 | F1=2.024356e-01 | m1²=0.000938 | m2²=0.999565 | eps_w1=1.837612e+00 | eps_w2=3.187347e-03
[step   133650] t/d=1336.500 | task1=2.085476e-01 | task2=6.162639e-03 | F1=2.024085e-01 | m1²=0.000948 | m2²=0.999567 | eps_w1=1.837329e+00 | eps_w2=3.196406e-03
[step   133700] t/d=1337.000 | task1=2.084840e-01 | task2=6.160546e-03 | F1=2.023450e-01 | m1²=0.000955 | m2²=0.999564 | eps_w1=1.836419e+00 | eps_w2=3.251734e-03
[step   133750] t/d=1337.500 | task1=2.084670e-01 | task2=6.159198e-03 | F1=2.023279e-01 | m1²=0.000958 | m2²=0.999560 | eps_w1=1.836083e+00 | eps_w2=3.278093e-03
[step   133800] t/d=1338.000 | task1=2.084358e-01 | task2=6.159484e-03 | F1=2.022968e-01 | m1²=0.000963 | m2²=0.999558 | eps_w1=1.835662e+00 | eps_w2=3.305884e-03
[step   133850] t/d=1338.500 | task1=2.083862e-01 | task2=6.159539e-03 | F1=2.022471e-01 | m1²=0.000958 | m2²=0.999555 | eps_w1=1.835004e+00 | eps_w2=3.347779e-03
[step   133900] t/d=1339.000 | task1=2.083946e-01 | task2=6.158477e-03 | F1=2.022555e-01 | m1²=0.000965 | m2²=0.999554 | eps_w1=1.835200e+00 | eps_w2=3.338835e-03
[step   133950] t/d=1339.500 | task1=2.084238e-01 | task2=6.157542e-03 | F1=2.022848e-01 | m1²=0.000964 | m2²=0.999563 | eps_w1=1.835577e+00 | eps_w2=3.300765e-03
[step   134000] t/d=1340.000 | task1=2.084463e-01 | task2=6.156742e-03 | F1=2.023073e-01 | m1²=0.000970 | m2²=0.999554 | eps_w1=1.836016e+00 | eps_w2=3.291420e-03
[step   134050] t/d=1340.500 | task1=2.084912e-01 | task2=6.156452e-03 | F1=2.023521e-01 | m1²=0.000977 | m2²=0.999564 | eps_w1=1.836654e+00 | eps_w2=3.237439e-03
[step   134100] t/d=1341.000 | task1=2.084837e-01 | task2=6.158423e-03 | F1=2.023446e-01 | m1²=0.000983 | m2²=0.999561 | eps_w1=1.836509e+00 | eps_w2=3.250861e-03
[step   134150] t/d=1341.500 | task1=2.085262e-01 | task2=6.158293e-03 | F1=2.023871e-01 | m1²=0.000985 | m2²=0.999562 | eps_w1=1.837129e+00 | eps_w2=3.213505e-03
[step   134200] t/d=1342.000 | task1=2.084858e-01 | task2=6.158898e-03 | F1=2.023468e-01 | m1²=0.000981 | m2²=0.999560 | eps_w1=1.836590e+00 | eps_w2=3.247156e-03
[step   134250] t/d=1342.500 | task1=2.084894e-01 | task2=6.159926e-03 | F1=2.023504e-01 | m1²=0.000985 | m2²=0.999556 | eps_w1=1.836718e+00 | eps_w2=3.248290e-03
[step   134300] t/d=1343.000 | task1=2.085396e-01 | task2=6.160505e-03 | F1=2.024005e-01 | m1²=0.000979 | m2²=0.999561 | eps_w1=1.837468e+00 | eps_w2=3.197708e-03
[step   134350] t/d=1343.500 | task1=2.085312e-01 | task2=6.160949e-03 | F1=2.023921e-01 | m1²=0.000983 | m2²=0.999560 | eps_w1=1.837398e+00 | eps_w2=3.203809e-03
[step   134400] t/d=1344.000 | task1=2.085218e-01 | task2=6.159848e-03 | F1=2.023827e-01 | m1²=0.000995 | m2²=0.999566 | eps_w1=1.837322e+00 | eps_w2=3.195063e-03
[step   134450] t/d=1344.500 | task1=2.084918e-01 | task2=6.158826e-03 | F1=2.023528e-01 | m1²=0.000999 | m2²=0.999553 | eps_w1=1.836749e+00 | eps_w2=3.251227e-03
[step   134500] t/d=1345.000 | task1=2.085052e-01 | task2=6.158092e-03 | F1=2.023661e-01 | m1²=0.000990 | m2²=0.999554 | eps_w1=1.836908e+00 | eps_w2=3.241267e-03
[step   134550] t/d=1345.500 | task1=2.085042e-01 | task2=6.156992e-03 | F1=2.023651e-01 | m1²=0.000992 | m2²=0.999560 | eps_w1=1.836912e+00 | eps_w2=3.229064e-03
[step   134600] t/d=1346.000 | task1=2.085259e-01 | task2=6.158375e-03 | F1=2.023868e-01 | m1²=0.000985 | m2²=0.999568 | eps_w1=1.837288e+00 | eps_w2=3.194410e-03
[step   134650] t/d=1346.500 | task1=2.085425e-01 | task2=6.157480e-03 | F1=2.024034e-01 | m1²=0.000997 | m2²=0.999572 | eps_w1=1.837458e+00 | eps_w2=3.176696e-03
[step   134700] t/d=1347.000 | task1=2.085330e-01 | task2=6.157812e-03 | F1=2.023939e-01 | m1²=0.000999 | m2²=0.999575 | eps_w1=1.837270e+00 | eps_w2=3.179681e-03
[step   134750] t/d=1347.500 | task1=2.085166e-01 | task2=6.158221e-03 | F1=2.023775e-01 | m1²=0.000991 | m2²=0.999576 | eps_w1=1.837209e+00 | eps_w2=3.182506e-03
[step   134800] t/d=1348.000 | task1=2.085679e-01 | task2=6.155357e-03 | F1=2.024288e-01 | m1²=0.000996 | m2²=0.999587 | eps_w1=1.837847e+00 | eps_w2=3.125863e-03
[step   134850] t/d=1348.500 | task1=2.085365e-01 | task2=6.154763e-03 | F1=2.023974e-01 | m1²=0.001001 | m2²=0.999591 | eps_w1=1.837328e+00 | eps_w2=3.147103e-03
[step   134900] t/d=1349.000 | task1=2.085420e-01 | task2=6.155614e-03 | F1=2.024030e-01 | m1²=0.000995 | m2²=0.999592 | eps_w1=1.837450e+00 | eps_w2=3.138153e-03
[step   134950] t/d=1349.500 | task1=2.085419e-01 | task2=6.154740e-03 | F1=2.024028e-01 | m1²=0.000987 | m2²=0.999600 | eps_w1=1.837311e+00 | eps_w2=3.130819e-03
[step   135000] t/d=1350.000 | task1=2.085156e-01 | task2=6.155236e-03 | F1=2.023766e-01 | m1²=0.000985 | m2²=0.999601 | eps_w1=1.837016e+00 | eps_w2=3.146172e-03
[step   135050] t/d=1350.500 | task1=2.084990e-01 | task2=6.154850e-03 | F1=2.023600e-01 | m1²=0.000979 | m2²=0.999600 | eps_w1=1.836923e+00 | eps_w2=3.153481e-03
[step   135100] t/d=1351.000 | task1=2.084617e-01 | task2=6.158199e-03 | F1=2.023226e-01 | m1²=0.000967 | m2²=0.999602 | eps_w1=1.836370e+00 | eps_w2=3.182284e-03
[step   135150] t/d=1351.500 | task1=2.084976e-01 | task2=6.156720e-03 | F1=2.023585e-01 | m1²=0.000963 | m2²=0.999600 | eps_w1=1.836637e+00 | eps_w2=3.170575e-03
[step   135200] t/d=1352.000 | task1=2.085093e-01 | task2=6.158647e-03 | F1=2.023702e-01 | m1²=0.000969 | m2²=0.999600 | eps_w1=1.836732e+00 | eps_w2=3.165692e-03
[step   135250] t/d=1352.500 | task1=2.084876e-01 | task2=6.158875e-03 | F1=2.023486e-01 | m1²=0.000965 | m2²=0.999599 | eps_w1=1.836358e+00 | eps_w2=3.188089e-03
[step   135300] t/d=1353.000 | task1=2.085137e-01 | task2=6.160731e-03 | F1=2.023746e-01 | m1²=0.000961 | m2²=0.999588 | eps_w1=1.836794e+00 | eps_w2=3.185194e-03
[step   135350] t/d=1353.500 | task1=2.085238e-01 | task2=6.161025e-03 | F1=2.023847e-01 | m1²=0.000968 | m2²=0.999596 | eps_w1=1.836830e+00 | eps_w2=3.166936e-03
[step   135400] t/d=1354.000 | task1=2.085049e-01 | task2=6.162517e-03 | F1=2.023658e-01 | m1²=0.000975 | m2²=0.999598 | eps_w1=1.836678e+00 | eps_w2=3.170859e-03
[step   135450] t/d=1354.500 | task1=2.085331e-01 | task2=6.162945e-03 | F1=2.023941e-01 | m1²=0.000977 | m2²=0.999594 | eps_w1=1.836975e+00 | eps_w2=3.161745e-03
[step   135500] t/d=1355.000 | task1=2.085413e-01 | task2=6.165974e-03 | F1=2.024022e-01 | m1²=0.000972 | m2²=0.999598 | eps_w1=1.836977e+00 | eps_w2=3.154346e-03
[step   135550] t/d=1355.500 | task1=2.085350e-01 | task2=6.166189e-03 | F1=2.023959e-01 | m1²=0.000972 | m2²=0.999592 | eps_w1=1.836902e+00 | eps_w2=3.171477e-03
[step   135600] t/d=1356.000 | task1=2.085166e-01 | task2=6.165971e-03 | F1=2.023775e-01 | m1²=0.000974 | m2²=0.999592 | eps_w1=1.836597e+00 | eps_w2=3.186748e-03
[step   135650] t/d=1356.500 | task1=2.085190e-01 | task2=6.168894e-03 | F1=2.023799e-01 | m1²=0.000965 | m2²=0.999586 | eps_w1=1.836559e+00 | eps_w2=3.202594e-03
[step   135700] t/d=1357.000 | task1=2.085338e-01 | task2=6.166644e-03 | F1=2.023947e-01 | m1²=0.000975 | m2²=0.999580 | eps_w1=1.836668e+00 | eps_w2=3.205842e-03
[step   135750] t/d=1357.500 | task1=2.085081e-01 | task2=6.167881e-03 | F1=2.023690e-01 | m1²=0.000982 | m2²=0.999581 | eps_w1=1.836349e+00 | eps_w2=3.221928e-03
[step   135800] t/d=1358.000 | task1=2.085399e-01 | task2=6.167777e-03 | F1=2.024009e-01 | m1²=0.000973 | m2²=0.999580 | eps_w1=1.836810e+00 | eps_w2=3.198001e-03
[step   135850] t/d=1358.500 | task1=2.085899e-01 | task2=6.165082e-03 | F1=2.024508e-01 | m1²=0.000974 | m2²=0.999588 | eps_w1=1.837436e+00 | eps_w2=3.149303e-03
[step   135900] t/d=1359.000 | task1=2.086042e-01 | task2=6.165281e-03 | F1=2.024651e-01 | m1²=0.000971 | m2²=0.999596 | eps_w1=1.837519e+00 | eps_w2=3.128628e-03
[step   135950] t/d=1359.500 | task1=2.085737e-01 | task2=6.163788e-03 | F1=2.024347e-01 | m1²=0.000978 | m2²=0.999599 | eps_w1=1.837252e+00 | eps_w2=3.137245e-03
[step   136000] t/d=1360.000 | task1=2.085439e-01 | task2=6.164782e-03 | F1=2.024048e-01 | m1²=0.000988 | m2²=0.999604 | eps_w1=1.836947e+00 | eps_w2=3.144144e-03
[step   136050] t/d=1360.500 | task1=2.085580e-01 | task2=6.164399e-03 | F1=2.024189e-01 | m1²=0.000990 | m2²=0.999610 | eps_w1=1.837125e+00 | eps_w2=3.123203e-03
[step   136100] t/d=1361.000 | task1=2.085423e-01 | task2=6.164415e-03 | F1=2.024033e-01 | m1²=0.000980 | m2²=0.999612 | eps_w1=1.836903e+00 | eps_w2=3.131026e-03
[step   136150] t/d=1361.500 | task1=2.085792e-01 | task2=6.165613e-03 | F1=2.024402e-01 | m1²=0.000988 | m2²=0.999614 | eps_w1=1.837282e+00 | eps_w2=3.106799e-03
[step   136200] t/d=1362.000 | task1=2.085533e-01 | task2=6.164058e-03 | F1=2.024142e-01 | m1²=0.000996 | m2²=0.999608 | eps_w1=1.836959e+00 | eps_w2=3.135038e-03
[step   136250] t/d=1362.500 | task1=2.085125e-01 | task2=6.164215e-03 | F1=2.023735e-01 | m1²=0.000998 | m2²=0.999606 | eps_w1=1.836395e+00 | eps_w2=3.169598e-03
[step   136300] t/d=1363.000 | task1=2.085110e-01 | task2=6.164237e-03 | F1=2.023719e-01 | m1²=0.001012 | m2²=0.999601 | eps_w1=1.836215e+00 | eps_w2=3.188024e-03
[step   136350] t/d=1363.500 | task1=2.085578e-01 | task2=6.164838e-03 | F1=2.024187e-01 | m1²=0.001011 | m2²=0.999594 | eps_w1=1.836721e+00 | eps_w2=3.172661e-03
[step   136400] t/d=1364.000 | task1=2.085963e-01 | task2=6.166106e-03 | F1=2.024573e-01 | m1²=0.001015 | m2²=0.999588 | eps_w1=1.837199e+00 | eps_w2=3.157028e-03
[step   136450] t/d=1364.500 | task1=2.085881e-01 | task2=6.164856e-03 | F1=2.024490e-01 | m1²=0.001017 | m2²=0.999582 | eps_w1=1.837166e+00 | eps_w2=3.170318e-03
[step   136500] t/d=1365.000 | task1=2.085876e-01 | task2=6.164623e-03 | F1=2.024485e-01 | m1²=0.001027 | m2²=0.999576 | eps_w1=1.837047e+00 | eps_w2=3.188521e-03
[step   136550] t/d=1365.500 | task1=2.086369e-01 | task2=6.162716e-03 | F1=2.024979e-01 | m1²=0.001013 | m2²=0.999582 | eps_w1=1.837635e+00 | eps_w2=3.145875e-03
[step   136600] t/d=1366.000 | task1=2.086320e-01 | task2=6.162406e-03 | F1=2.024930e-01 | m1²=0.001016 | m2²=0.999586 | eps_w1=1.837580e+00 | eps_w2=3.139835e-03
[step   136650] t/d=1366.500 | task1=2.086863e-01 | task2=6.163487e-03 | F1=2.025472e-01 | m1²=0.001015 | m2²=0.999585 | eps_w1=1.838283e+00 | eps_w2=3.103803e-03
[step   136700] t/d=1367.000 | task1=2.087496e-01 | task2=6.162489e-03 | F1=2.026106e-01 | m1²=0.001013 | m2²=0.999580 | eps_w1=1.839063e+00 | eps_w2=3.072156e-03
[step   136750] t/d=1367.500 | task1=2.087841e-01 | task2=6.161611e-03 | F1=2.026451e-01 | m1²=0.001022 | m2²=0.999574 | eps_w1=1.839426e+00 | eps_w2=3.062632e-03
[step   136800] t/d=1368.000 | task1=2.087575e-01 | task2=6.161219e-03 | F1=2.026184e-01 | m1²=0.001020 | m2²=0.999575 | eps_w1=1.839021e+00 | eps_w2=3.082513e-03
[step   136850] t/d=1368.500 | task1=2.087167e-01 | task2=6.159721e-03 | F1=2.025776e-01 | m1²=0.001029 | m2²=0.999570 | eps_w1=1.838462e+00 | eps_w2=3.121691e-03
[step   136900] t/d=1369.000 | task1=2.087691e-01 | task2=6.160144e-03 | F1=2.026300e-01 | m1²=0.001025 | m2²=0.999577 | eps_w1=1.839080e+00 | eps_w2=3.075817e-03
[step   136950] t/d=1369.500 | task1=2.088040e-01 | task2=6.162733e-03 | F1=2.026650e-01 | m1²=0.001017 | m2²=0.999573 | eps_w1=1.839437e+00 | eps_w2=3.064831e-03
[step   137000] t/d=1370.000 | task1=2.087440e-01 | task2=6.162400e-03 | F1=2.026050e-01 | m1²=0.001031 | m2²=0.999582 | eps_w1=1.838712e+00 | eps_w2=3.085095e-03
[step   137050] t/d=1370.500 | task1=2.087489e-01 | task2=6.164849e-03 | F1=2.026098e-01 | m1²=0.001030 | m2²=0.999586 | eps_w1=1.838720e+00 | eps_w2=3.078158e-03
[step   137100] t/d=1371.000 | task1=2.087605e-01 | task2=6.163895e-03 | F1=2.026214e-01 | m1²=0.001028 | m2²=0.999590 | eps_w1=1.838851e+00 | eps_w2=3.063516e-03
[step   137150] t/d=1371.500 | task1=2.087713e-01 | task2=6.163196e-03 | F1=2.026322e-01 | m1²=0.001028 | m2²=0.999585 | eps_w1=1.838878e+00 | eps_w2=3.071460e-03
[step   137200] t/d=1372.000 | task1=2.087839e-01 | task2=6.163261e-03 | F1=2.026448e-01 | m1²=0.001032 | m2²=0.999579 | eps_w1=1.839097e+00 | eps_w2=3.071198e-03
[step   137250] t/d=1372.500 | task1=2.088481e-01 | task2=6.166424e-03 | F1=2.027090e-01 | m1²=0.001058 | m2²=0.999566 | eps_w1=1.839989e+00 | eps_w2=3.045964e-03
[step   137300] t/d=1373.000 | task1=2.088565e-01 | task2=6.168815e-03 | F1=2.027175e-01 | m1²=0.001052 | m2²=0.999568 | eps_w1=1.840103e+00 | eps_w2=3.036133e-03
[step   137350] t/d=1373.500 | task1=2.088565e-01 | task2=6.169531e-03 | F1=2.027175e-01 | m1²=0.001039 | m2²=0.999564 | eps_w1=1.839981e+00 | eps_w2=3.050300e-03
[step   137400] t/d=1374.000 | task1=2.088449e-01 | task2=6.169752e-03 | F1=2.027058e-01 | m1²=0.001058 | m2²=0.999567 | eps_w1=1.840008e+00 | eps_w2=3.041561e-03
[step   137450] t/d=1374.500 | task1=2.088339e-01 | task2=6.169870e-03 | F1=2.026949e-01 | m1²=0.001073 | m2²=0.999566 | eps_w1=1.840005e+00 | eps_w2=3.042587e-03
[step   137500] t/d=1375.000 | task1=2.088237e-01 | task2=6.167704e-03 | F1=2.026846e-01 | m1²=0.001063 | m2²=0.999563 | eps_w1=1.839895e+00 | eps_w2=3.054507e-03
[step   137550] t/d=1375.500 | task1=2.087985e-01 | task2=6.166893e-03 | F1=2.026594e-01 | m1²=0.001068 | m2²=0.999559 | eps_w1=1.839624e+00 | eps_w2=3.076781e-03
[step   137600] t/d=1376.000 | task1=2.087498e-01 | task2=6.163155e-03 | F1=2.026108e-01 | m1²=0.001076 | m2²=0.999561 | eps_w1=1.839065e+00 | eps_w2=3.102027e-03
[step   137650] t/d=1376.500 | task1=2.086889e-01 | task2=6.164035e-03 | F1=2.025499e-01 | m1²=0.001083 | m2²=0.999559 | eps_w1=1.838386e+00 | eps_w2=3.141461e-03
[step   137700] t/d=1377.000 | task1=2.087110e-01 | task2=6.165293e-03 | F1=2.025719e-01 | m1²=0.001097 | m2²=0.999561 | eps_w1=1.838659e+00 | eps_w2=3.120986e-03
[step   137750] t/d=1377.500 | task1=2.087453e-01 | task2=6.165707e-03 | F1=2.026063e-01 | m1²=0.001104 | m2²=0.999553 | eps_w1=1.839080e+00 | eps_w2=3.112866e-03
[step   137800] t/d=1378.000 | task1=2.087554e-01 | task2=6.166686e-03 | F1=2.026164e-01 | m1²=0.001096 | m2²=0.999557 | eps_w1=1.839182e+00 | eps_w2=3.101733e-03
[step   137850] t/d=1378.500 | task1=2.087377e-01 | task2=6.164706e-03 | F1=2.025986e-01 | m1²=0.001077 | m2²=0.999560 | eps_w1=1.838956e+00 | eps_w2=3.110268e-03
[step   137900] t/d=1379.000 | task1=2.087522e-01 | task2=6.163904e-03 | F1=2.026131e-01 | m1²=0.001081 | m2²=0.999559 | eps_w1=1.839140e+00 | eps_w2=3.101253e-03
[step   137950] t/d=1379.500 | task1=2.088034e-01 | task2=6.164425e-03 | F1=2.026644e-01 | m1²=0.001076 | m2²=0.999558 | eps_w1=1.839735e+00 | eps_w2=3.071383e-03
[step   138000] t/d=1380.000 | task1=2.088001e-01 | task2=6.165733e-03 | F1=2.026610e-01 | m1²=0.001074 | m2²=0.999557 | eps_w1=1.839631e+00 | eps_w2=3.078829e-03
[step   138050] t/d=1380.500 | task1=2.087908e-01 | task2=6.166461e-03 | F1=2.026517e-01 | m1²=0.001057 | m2²=0.999561 | eps_w1=1.839522e+00 | eps_w2=3.078664e-03
[step   138100] t/d=1381.000 | task1=2.087767e-01 | task2=6.164468e-03 | F1=2.026377e-01 | m1²=0.001058 | m2²=0.999559 | eps_w1=1.839162e+00 | eps_w2=3.102235e-03
[step   138150] t/d=1381.500 | task1=2.087612e-01 | task2=6.162124e-03 | F1=2.026221e-01 | m1²=0.001059 | m2²=0.999563 | eps_w1=1.838981e+00 | eps_w2=3.103662e-03
[step   138200] t/d=1382.000 | task1=2.087992e-01 | task2=6.163840e-03 | F1=2.026601e-01 | m1²=0.001051 | m2²=0.999565 | eps_w1=1.839371e+00 | eps_w2=3.080297e-03
[step   138250] t/d=1382.500 | task1=2.087423e-01 | task2=6.162775e-03 | F1=2.026033e-01 | m1²=0.001048 | m2²=0.999565 | eps_w1=1.838759e+00 | eps_w2=3.114520e-03
[step   138300] t/d=1383.000 | task1=2.086823e-01 | task2=6.163289e-03 | F1=2.025433e-01 | m1²=0.001046 | m2²=0.999560 | eps_w1=1.837872e+00 | eps_w2=3.170578e-03
[step   138350] t/d=1383.500 | task1=2.086733e-01 | task2=6.163462e-03 | F1=2.025343e-01 | m1²=0.001040 | m2²=0.999562 | eps_w1=1.837879e+00 | eps_w2=3.166816e-03
[step   138400] t/d=1384.000 | task1=2.086525e-01 | task2=6.161835e-03 | F1=2.025135e-01 | m1²=0.001043 | m2²=0.999571 | eps_w1=1.837602e+00 | eps_w2=3.166133e-03
[step   138450] t/d=1384.500 | task1=2.086851e-01 | task2=6.161352e-03 | F1=2.025460e-01 | m1²=0.001036 | m2²=0.999569 | eps_w1=1.838057e+00 | eps_w2=3.144682e-03
[step   138500] t/d=1385.000 | task1=2.086749e-01 | task2=6.161340e-03 | F1=2.025359e-01 | m1²=0.001036 | m2²=0.999569 | eps_w1=1.838050e+00 | eps_w2=3.145594e-03
[step   138550] t/d=1385.500 | task1=2.087233e-01 | task2=6.162850e-03 | F1=2.025842e-01 | m1²=0.001048 | m2²=0.999570 | eps_w1=1.838836e+00 | eps_w2=3.099153e-03
[step   138600] t/d=1386.000 | task1=2.086624e-01 | task2=6.164390e-03 | F1=2.025233e-01 | m1²=0.001030 | m2²=0.999573 | eps_w1=1.838088e+00 | eps_w2=3.135416e-03
[step   138650] t/d=1386.500 | task1=2.086644e-01 | task2=6.164699e-03 | F1=2.025253e-01 | m1²=0.001030 | m2²=0.999570 | eps_w1=1.838169e+00 | eps_w2=3.137673e-03
[step   138700] t/d=1387.000 | task1=2.086667e-01 | task2=6.165424e-03 | F1=2.025276e-01 | m1²=0.001034 | m2²=0.999555 | eps_w1=1.838048e+00 | eps_w2=3.173183e-03
[step   138750] t/d=1387.500 | task1=2.086503e-01 | task2=6.165989e-03 | F1=2.025112e-01 | m1²=0.001026 | m2²=0.999557 | eps_w1=1.837966e+00 | eps_w2=3.172924e-03
[step   138800] t/d=1388.000 | task1=2.086407e-01 | task2=6.166197e-03 | F1=2.025016e-01 | m1²=0.001025 | m2²=0.999567 | eps_w1=1.837861e+00 | eps_w2=3.161489e-03
[step   138850] t/d=1388.500 | task1=2.085695e-01 | task2=6.166162e-03 | F1=2.024304e-01 | m1²=0.001020 | m2²=0.999574 | eps_w1=1.836960e+00 | eps_w2=3.196618e-03
[step   138900] t/d=1389.000 | task1=2.086273e-01 | task2=6.163472e-03 | F1=2.024883e-01 | m1²=0.001020 | m2²=0.999569 | eps_w1=1.837739e+00 | eps_w2=3.163544e-03
[step   138950] t/d=1389.500 | task1=2.086730e-01 | task2=6.162782e-03 | F1=2.025339e-01 | m1²=0.001011 | m2²=0.999565 | eps_w1=1.838053e+00 | eps_w2=3.155955e-03
[step   139000] t/d=1390.000 | task1=2.086863e-01 | task2=6.165627e-03 | F1=2.025473e-01 | m1²=0.001011 | m2²=0.999561 | eps_w1=1.838161e+00 | eps_w2=3.156657e-03
[step   139050] t/d=1390.500 | task1=2.086915e-01 | task2=6.165707e-03 | F1=2.025524e-01 | m1²=0.001025 | m2²=0.999555 | eps_w1=1.838237e+00 | eps_w2=3.162789e-03
[step   139100] t/d=1391.000 | task1=2.086462e-01 | task2=6.166316e-03 | F1=2.025071e-01 | m1²=0.001029 | m2²=0.999557 | eps_w1=1.837689e+00 | eps_w2=3.188004e-03
[step   139150] t/d=1391.500 | task1=2.086600e-01 | task2=6.165309e-03 | F1=2.025209e-01 | m1²=0.001032 | m2²=0.999562 | eps_w1=1.837928e+00 | eps_w2=3.165987e-03
[step   139200] t/d=1392.000 | task1=2.086438e-01 | task2=6.164209e-03 | F1=2.025048e-01 | m1²=0.001028 | m2²=0.999558 | eps_w1=1.837873e+00 | eps_w2=3.175974e-03
[step   139250] t/d=1392.500 | task1=2.086120e-01 | task2=6.165161e-03 | F1=2.024729e-01 | m1²=0.001046 | m2²=0.999547 | eps_w1=1.837444e+00 | eps_w2=3.218567e-03
[step   139300] t/d=1393.000 | task1=2.086599e-01 | task2=6.165951e-03 | F1=2.025208e-01 | m1²=0.001047 | m2²=0.999556 | eps_w1=1.838096e+00 | eps_w2=3.167471e-03
[step   139350] t/d=1393.500 | task1=2.086701e-01 | task2=6.163824e-03 | F1=2.025311e-01 | m1²=0.001042 | m2²=0.999552 | eps_w1=1.838298e+00 | eps_w2=3.163849e-03
[step   139400] t/d=1394.000 | task1=2.087094e-01 | task2=6.165265e-03 | F1=2.025704e-01 | m1²=0.001037 | m2²=0.999549 | eps_w1=1.838740e+00 | eps_w2=3.145186e-03
[step   139450] t/d=1394.500 | task1=2.086580e-01 | task2=6.164688e-03 | F1=2.025190e-01 | m1²=0.001028 | m2²=0.999554 | eps_w1=1.838040e+00 | eps_w2=3.174531e-03
[step   139500] t/d=1395.000 | task1=2.085718e-01 | task2=6.165938e-03 | F1=2.024327e-01 | m1²=0.001018 | m2²=0.999555 | eps_w1=1.836925e+00 | eps_w2=3.235401e-03
[step   139550] t/d=1395.500 | task1=2.085344e-01 | task2=6.167120e-03 | F1=2.023953e-01 | m1²=0.001029 | m2²=0.999563 | eps_w1=1.836475e+00 | eps_w2=3.243761e-03
[step   139600] t/d=1396.000 | task1=2.084997e-01 | task2=6.167072e-03 | F1=2.023606e-01 | m1²=0.001022 | m2²=0.999570 | eps_w1=1.836141e+00 | eps_w2=3.249013e-03
[step   139650] t/d=1396.500 | task1=2.085103e-01 | task2=6.167545e-03 | F1=2.023712e-01 | m1²=0.001032 | m2²=0.999569 | eps_w1=1.836415e+00 | eps_w2=3.234895e-03
[step   139700] t/d=1397.000 | task1=2.084991e-01 | task2=6.166095e-03 | F1=2.023600e-01 | m1²=0.001032 | m2²=0.999564 | eps_w1=1.836339e+00 | eps_w2=3.248655e-03
[step   139750] t/d=1397.500 | task1=2.084653e-01 | task2=6.166036e-03 | F1=2.023263e-01 | m1²=0.001052 | m2²=0.999570 | eps_w1=1.836014e+00 | eps_w2=3.254428e-03
[step   139800] t/d=1398.000 | task1=2.084286e-01 | task2=6.168560e-03 | F1=2.022896e-01 | m1²=0.001055 | m2²=0.999570 | eps_w1=1.835626e+00 | eps_w2=3.274492e-03
[step   139850] t/d=1398.500 | task1=2.084116e-01 | task2=6.166258e-03 | F1=2.022726e-01 | m1²=0.001058 | m2²=0.999573 | eps_w1=1.835397e+00 | eps_w2=3.280805e-03
[step   139900] t/d=1399.000 | task1=2.084542e-01 | task2=6.168753e-03 | F1=2.023151e-01 | m1²=0.001048 | m2²=0.999574 | eps_w1=1.835839e+00 | eps_w2=3.255505e-03
[step   139950] t/d=1399.500 | task1=2.084471e-01 | task2=6.168059e-03 | F1=2.023080e-01 | m1²=0.001057 | m2²=0.999573 | eps_w1=1.835806e+00 | eps_w2=3.259207e-03
[step   140000] t/d=1400.000 | task1=2.084649e-01 | task2=6.166567e-03 | F1=2.023258e-01 | m1²=0.001063 | m2²=0.999571 | eps_w1=1.836013e+00 | eps_w2=3.250629e-03
[step   140050] t/d=1400.500 | task1=2.084886e-01 | task2=6.167061e-03 | F1=2.023496e-01 | m1²=0.001060 | m2²=0.999568 | eps_w1=1.836323e+00 | eps_w2=3.239109e-03
[step   140100] t/d=1401.000 | task1=2.084744e-01 | task2=6.166215e-03 | F1=2.023353e-01 | m1²=0.001041 | m2²=0.999559 | eps_w1=1.836144e+00 | eps_w2=3.268590e-03
[step   140150] t/d=1401.500 | task1=2.085010e-01 | task2=6.165355e-03 | F1=2.023619e-01 | m1²=0.001035 | m2²=0.999561 | eps_w1=1.836539e+00 | eps_w2=3.242980e-03
[step   140200] t/d=1402.000 | task1=2.084968e-01 | task2=6.165311e-03 | F1=2.023578e-01 | m1²=0.001027 | m2²=0.999565 | eps_w1=1.836481e+00 | eps_w2=3.238922e-03
[step   140250] t/d=1402.500 | task1=2.085295e-01 | task2=6.163341e-03 | F1=2.023905e-01 | m1²=0.001023 | m2²=0.999569 | eps_w1=1.836933e+00 | eps_w2=3.206734e-03
[step   140300] t/d=1403.000 | task1=2.085367e-01 | task2=6.163873e-03 | F1=2.023976e-01 | m1²=0.001008 | m2²=0.999584 | eps_w1=1.837053e+00 | eps_w2=3.174189e-03
[step   140350] t/d=1403.500 | task1=2.085706e-01 | task2=6.165327e-03 | F1=2.024315e-01 | m1²=0.001006 | m2²=0.999586 | eps_w1=1.837414e+00 | eps_w2=3.150305e-03
[step   140400] t/d=1404.000 | task1=2.085637e-01 | task2=6.165018e-03 | F1=2.024246e-01 | m1²=0.001027 | m2²=0.999586 | eps_w1=1.837323e+00 | eps_w2=3.153413e-03
[step   140450] t/d=1404.500 | task1=2.085599e-01 | task2=6.163932e-03 | F1=2.024209e-01 | m1²=0.001037 | m2²=0.999589 | eps_w1=1.837367e+00 | eps_w2=3.144814e-03
[step   140500] t/d=1405.000 | task1=2.085964e-01 | task2=6.165563e-03 | F1=2.024573e-01 | m1²=0.001039 | m2²=0.999583 | eps_w1=1.837813e+00 | eps_w2=3.131553e-03
[step   140550] t/d=1405.500 | task1=2.085820e-01 | task2=6.168568e-03 | F1=2.024429e-01 | m1²=0.001031 | m2²=0.999586 | eps_w1=1.837809e+00 | eps_w2=3.127439e-03
[step   140600] t/d=1406.000 | task1=2.086352e-01 | task2=6.169674e-03 | F1=2.024961e-01 | m1²=0.001032 | m2²=0.999588 | eps_w1=1.838492e+00 | eps_w2=3.085648e-03
[step   140650] t/d=1406.500 | task1=2.086387e-01 | task2=6.172990e-03 | F1=2.024996e-01 | m1²=0.001027 | m2²=0.999585 | eps_w1=1.838573e+00 | eps_w2=3.087071e-03
[step   140700] t/d=1407.000 | task1=2.086732e-01 | task2=6.172011e-03 | F1=2.025342e-01 | m1²=0.001029 | m2²=0.999588 | eps_w1=1.839047e+00 | eps_w2=3.055793e-03
[step   140750] t/d=1407.500 | task1=2.086701e-01 | task2=6.171735e-03 | F1=2.025310e-01 | m1²=0.001031 | m2²=0.999585 | eps_w1=1.839023e+00 | eps_w2=3.063859e-03
[step   140800] t/d=1408.000 | task1=2.086752e-01 | task2=6.169831e-03 | F1=2.025361e-01 | m1²=0.001022 | m2²=0.999596 | eps_w1=1.839221e+00 | eps_w2=3.032348e-03
[step   140850] t/d=1408.500 | task1=2.087237e-01 | task2=6.170511e-03 | F1=2.025846e-01 | m1²=0.001011 | m2²=0.999598 | eps_w1=1.839984e+00 | eps_w2=2.989146e-03
[step   140900] t/d=1409.000 | task1=2.087152e-01 | task2=6.167921e-03 | F1=2.025761e-01 | m1²=0.001009 | m2²=0.999599 | eps_w1=1.839723e+00 | eps_w2=3.001665e-03
[step   140950] t/d=1409.500 | task1=2.086735e-01 | task2=6.167044e-03 | F1=2.025344e-01 | m1²=0.000997 | m2²=0.999602 | eps_w1=1.839214e+00 | eps_w2=3.024308e-03
[step   141000] t/d=1410.000 | task1=2.086710e-01 | task2=6.168780e-03 | F1=2.025319e-01 | m1²=0.000993 | m2²=0.999602 | eps_w1=1.839282e+00 | eps_w2=3.019537e-03
[step   141050] t/d=1410.500 | task1=2.086491e-01 | task2=6.168353e-03 | F1=2.025100e-01 | m1²=0.000987 | m2²=0.999607 | eps_w1=1.838929e+00 | eps_w2=3.029953e-03
[step   141100] t/d=1411.000 | task1=2.086486e-01 | task2=6.168917e-03 | F1=2.025096e-01 | m1²=0.000985 | m2²=0.999609 | eps_w1=1.838950e+00 | eps_w2=3.024809e-03
[step   141150] t/d=1411.500 | task1=2.085826e-01 | task2=6.169498e-03 | F1=2.024436e-01 | m1²=0.000982 | m2²=0.999617 | eps_w1=1.838321e+00 | eps_w2=3.043983e-03
[step   141200] t/d=1412.000 | task1=2.086010e-01 | task2=6.167708e-03 | F1=2.024619e-01 | m1²=0.000986 | m2²=0.999619 | eps_w1=1.838547e+00 | eps_w2=3.028162e-03
[step   141250] t/d=1412.500 | task1=2.085902e-01 | task2=6.166250e-03 | F1=2.024511e-01 | m1²=0.000989 | m2²=0.999621 | eps_w1=1.838407e+00 | eps_w2=3.031328e-03
[step   141300] t/d=1413.000 | task1=2.085809e-01 | task2=6.168024e-03 | F1=2.024419e-01 | m1²=0.000980 | m2²=0.999621 | eps_w1=1.838217e+00 | eps_w2=3.043135e-03
[step   141350] t/d=1413.500 | task1=2.086153e-01 | task2=6.169846e-03 | F1=2.024762e-01 | m1²=0.000977 | m2²=0.999619 | eps_w1=1.838737e+00 | eps_w2=3.018334e-03
[step   141400] t/d=1414.000 | task1=2.086128e-01 | task2=6.171847e-03 | F1=2.024737e-01 | m1²=0.000980 | m2²=0.999612 | eps_w1=1.838596e+00 | eps_w2=3.039827e-03
[step   141450] t/d=1414.500 | task1=2.085993e-01 | task2=6.168532e-03 | F1=2.024602e-01 | m1²=0.000974 | m2²=0.999618 | eps_w1=1.838493e+00 | eps_w2=3.034204e-03
[step   141500] t/d=1415.000 | task1=2.086038e-01 | task2=6.167962e-03 | F1=2.024647e-01 | m1²=0.000979 | m2²=0.999612 | eps_w1=1.838462e+00 | eps_w2=3.047247e-03
[step   141550] t/d=1415.500 | task1=2.086222e-01 | task2=6.167511e-03 | F1=2.024831e-01 | m1²=0.000974 | m2²=0.999608 | eps_w1=1.838638e+00 | eps_w2=3.045322e-03
[step   141600] t/d=1416.000 | task1=2.086157e-01 | task2=6.167439e-03 | F1=2.024767e-01 | m1²=0.000983 | m2²=0.999611 | eps_w1=1.838534e+00 | eps_w2=3.043681e-03
[step   141650] t/d=1416.500 | task1=2.086744e-01 | task2=6.167802e-03 | F1=2.025353e-01 | m1²=0.000993 | m2²=0.999619 | eps_w1=1.839364e+00 | eps_w2=2.984378e-03
[step   141700] t/d=1417.000 | task1=2.086404e-01 | task2=6.165662e-03 | F1=2.025013e-01 | m1²=0.001008 | m2²=0.999614 | eps_w1=1.839018e+00 | eps_w2=3.011057e-03
[step   141750] t/d=1417.500 | task1=2.087078e-01 | task2=6.165359e-03 | F1=2.025688e-01 | m1²=0.000995 | m2²=0.999612 | eps_w1=1.839846e+00 | eps_w2=2.971673e-03
[step   141800] t/d=1418.000 | task1=2.086782e-01 | task2=6.163644e-03 | F1=2.025391e-01 | m1²=0.000996 | m2²=0.999618 | eps_w1=1.839511e+00 | eps_w2=2.976720e-03
[step   141850] t/d=1418.500 | task1=2.086232e-01 | task2=6.162035e-03 | F1=2.024842e-01 | m1²=0.000978 | m2²=0.999628 | eps_w1=1.838701e+00 | eps_w2=3.003825e-03
[step   141900] t/d=1419.000 | task1=2.086748e-01 | task2=6.164712e-03 | F1=2.025357e-01 | m1²=0.000987 | m2²=0.999632 | eps_w1=1.839451e+00 | eps_w2=2.954483e-03
[step   141950] t/d=1419.500 | task1=2.086810e-01 | task2=6.165382e-03 | F1=2.025419e-01 | m1²=0.001001 | m2²=0.999639 | eps_w1=1.839687e+00 | eps_w2=2.927851e-03
[step   142000] t/d=1420.000 | task1=2.086662e-01 | task2=6.166694e-03 | F1=2.025271e-01 | m1²=0.001008 | m2²=0.999642 | eps_w1=1.839543e+00 | eps_w2=2.929586e-03
[step   142050] t/d=1420.500 | task1=2.086753e-01 | task2=6.167081e-03 | F1=2.025363e-01 | m1²=0.001003 | m2²=0.999640 | eps_w1=1.839589e+00 | eps_w2=2.930835e-03
[step   142100] t/d=1421.000 | task1=2.086413e-01 | task2=6.168885e-03 | F1=2.025022e-01 | m1²=0.001008 | m2²=0.999638 | eps_w1=1.839300e+00 | eps_w2=2.950040e-03
[step   142150] t/d=1421.500 | task1=2.086497e-01 | task2=6.169114e-03 | F1=2.025106e-01 | m1²=0.001008 | m2²=0.999645 | eps_w1=1.839260e+00 | eps_w2=2.937680e-03
[step   142200] t/d=1422.000 | task1=2.086251e-01 | task2=6.167911e-03 | F1=2.024860e-01 | m1²=0.001021 | m2²=0.999638 | eps_w1=1.839088e+00 | eps_w2=2.959853e-03
[step   142250] t/d=1422.500 | task1=2.085852e-01 | task2=6.170037e-03 | F1=2.024461e-01 | m1²=0.001020 | m2²=0.999640 | eps_w1=1.838545e+00 | eps_w2=2.985879e-03
[step   142300] t/d=1423.000 | task1=2.085940e-01 | task2=6.170509e-03 | F1=2.024550e-01 | m1²=0.001018 | m2²=0.999641 | eps_w1=1.838699e+00 | eps_w2=2.975235e-03
[step   142350] t/d=1423.500 | task1=2.086131e-01 | task2=6.171380e-03 | F1=2.024740e-01 | m1²=0.001027 | m2²=0.999643 | eps_w1=1.838944e+00 | eps_w2=2.957287e-03
[step   142400] t/d=1424.000 | task1=2.086614e-01 | task2=6.173123e-03 | F1=2.025224e-01 | m1²=0.001030 | m2²=0.999645 | eps_w1=1.839497e+00 | eps_w2=2.923291e-03
[step   142450] t/d=1424.500 | task1=2.085988e-01 | task2=6.172653e-03 | F1=2.024597e-01 | m1²=0.001029 | m2²=0.999642 | eps_w1=1.838796e+00 | eps_w2=2.966641e-03
[step   142500] t/d=1425.000 | task1=2.085715e-01 | task2=6.171560e-03 | F1=2.024324e-01 | m1²=0.001027 | m2²=0.999647 | eps_w1=1.838298e+00 | eps_w2=2.984301e-03
[step   142550] t/d=1425.500 | task1=2.085927e-01 | task2=6.171617e-03 | F1=2.024537e-01 | m1²=0.001015 | m2²=0.999646 | eps_w1=1.838566e+00 | eps_w2=2.973674e-03
[step   142600] t/d=1426.000 | task1=2.085519e-01 | task2=6.172791e-03 | F1=2.024129e-01 | m1²=0.001011 | m2²=0.999643 | eps_w1=1.838005e+00 | eps_w2=3.008657e-03
[step   142650] t/d=1426.500 | task1=2.085346e-01 | task2=6.172309e-03 | F1=2.023956e-01 | m1²=0.001002 | m2²=0.999641 | eps_w1=1.837808e+00 | eps_w2=3.024030e-03
[step   142700] t/d=1427.000 | task1=2.084806e-01 | task2=6.175897e-03 | F1=2.023416e-01 | m1²=0.000986 | m2²=0.999638 | eps_w1=1.837112e+00 | eps_w2=3.070856e-03
[step   142750] t/d=1427.500 | task1=2.084804e-01 | task2=6.177628e-03 | F1=2.023414e-01 | m1²=0.000982 | m2²=0.999632 | eps_w1=1.837238e+00 | eps_w2=3.075041e-03
[step   142800] t/d=1428.000 | task1=2.084982e-01 | task2=6.176380e-03 | F1=2.023591e-01 | m1²=0.000978 | m2²=0.999644 | eps_w1=1.837519e+00 | eps_w2=3.037748e-03
[step   142850] t/d=1428.500 | task1=2.084898e-01 | task2=6.174220e-03 | F1=2.023507e-01 | m1²=0.000977 | m2²=0.999641 | eps_w1=1.837447e+00 | eps_w2=3.046312e-03
[step   142900] t/d=1429.000 | task1=2.084590e-01 | task2=6.173630e-03 | F1=2.023199e-01 | m1²=0.000984 | m2²=0.999647 | eps_w1=1.837050e+00 | eps_w2=3.056588e-03
[step   142950] t/d=1429.500 | task1=2.084836e-01 | task2=6.173965e-03 | F1=2.023445e-01 | m1²=0.000994 | m2²=0.999646 | eps_w1=1.837473e+00 | eps_w2=3.033998e-03
[step   143000] t/d=1430.000 | task1=2.084993e-01 | task2=6.172975e-03 | F1=2.023602e-01 | m1²=0.001001 | m2²=0.999641 | eps_w1=1.837696e+00 | eps_w2=3.030501e-03
[step   143050] t/d=1430.500 | task1=2.084898e-01 | task2=6.173630e-03 | F1=2.023508e-01 | m1²=0.001007 | m2²=0.999634 | eps_w1=1.837426e+00 | eps_w2=3.059178e-03
[step   143100] t/d=1431.000 | task1=2.085375e-01 | task2=6.174264e-03 | F1=2.023984e-01 | m1²=0.000999 | m2²=0.999640 | eps_w1=1.838065e+00 | eps_w2=3.013995e-03
[step   143150] t/d=1431.500 | task1=2.085612e-01 | task2=6.174104e-03 | F1=2.024222e-01 | m1²=0.000993 | m2²=0.999637 | eps_w1=1.838217e+00 | eps_w2=3.010444e-03
[step   143200] t/d=1432.000 | task1=2.085574e-01 | task2=6.173404e-03 | F1=2.024183e-01 | m1²=0.000990 | m2²=0.999641 | eps_w1=1.838133e+00 | eps_w2=3.008994e-03
[step   143250] t/d=1432.500 | task1=2.085992e-01 | task2=6.169826e-03 | F1=2.024601e-01 | m1²=0.001000 | m2²=0.999633 | eps_w1=1.838652e+00 | eps_w2=2.995215e-03
[step   143300] t/d=1433.000 | task1=2.086343e-01 | task2=6.168945e-03 | F1=2.024953e-01 | m1²=0.001001 | m2²=0.999636 | eps_w1=1.839186e+00 | eps_w2=2.960081e-03
[step   143350] t/d=1433.500 | task1=2.086309e-01 | task2=6.168794e-03 | F1=2.024919e-01 | m1²=0.000989 | m2²=0.999628 | eps_w1=1.839053e+00 | eps_w2=2.984297e-03
[step   143400] t/d=1434.000 | task1=2.086080e-01 | task2=6.165876e-03 | F1=2.024689e-01 | m1²=0.000990 | m2²=0.999631 | eps_w1=1.838709e+00 | eps_w2=2.996013e-03
[step   143450] t/d=1434.500 | task1=2.086126e-01 | task2=6.166069e-03 | F1=2.024735e-01 | m1²=0.000974 | m2²=0.999637 | eps_w1=1.838787e+00 | eps_w2=2.981940e-03
[step   143500] t/d=1435.000 | task1=2.086055e-01 | task2=6.165007e-03 | F1=2.024664e-01 | m1²=0.000983 | m2²=0.999634 | eps_w1=1.838591e+00 | eps_w2=2.997948e-03
[step   143550] t/d=1435.500 | task1=2.085698e-01 | task2=6.165432e-03 | F1=2.024307e-01 | m1²=0.000972 | m2²=0.999636 | eps_w1=1.838070e+00 | eps_w2=3.023144e-03
[step   143600] t/d=1436.000 | task1=2.085689e-01 | task2=6.165332e-03 | F1=2.024298e-01 | m1²=0.000970 | m2²=0.999640 | eps_w1=1.838019e+00 | eps_w2=3.018131e-03
[step   143650] t/d=1436.500 | task1=2.085575e-01 | task2=6.167388e-03 | F1=2.024184e-01 | m1²=0.000958 | m2²=0.999642 | eps_w1=1.837910e+00 | eps_w2=3.022468e-03
[step   143700] t/d=1437.000 | task1=2.085247e-01 | task2=6.166646e-03 | F1=2.023856e-01 | m1²=0.000964 | m2²=0.999646 | eps_w1=1.837437e+00 | eps_w2=3.039608e-03
[step   143750] t/d=1437.500 | task1=2.084691e-01 | task2=6.167571e-03 | F1=2.023300e-01 | m1²=0.000965 | m2²=0.999645 | eps_w1=1.836684e+00 | eps_w2=3.081953e-03
[step   143800] t/d=1438.000 | task1=2.084768e-01 | task2=6.166855e-03 | F1=2.023378e-01 | m1²=0.000968 | m2²=0.999642 | eps_w1=1.836861e+00 | eps_w2=3.077843e-03
[step   143850] t/d=1438.500 | task1=2.084591e-01 | task2=6.166878e-03 | F1=2.023200e-01 | m1²=0.000968 | m2²=0.999636 | eps_w1=1.836680e+00 | eps_w2=3.099213e-03
[step   143900] t/d=1439.000 | task1=2.084454e-01 | task2=6.167838e-03 | F1=2.023063e-01 | m1²=0.000975 | m2²=0.999634 | eps_w1=1.836693e+00 | eps_w2=3.102372e-03
[step   143950] t/d=1439.500 | task1=2.084211e-01 | task2=6.168180e-03 | F1=2.022821e-01 | m1²=0.000971 | m2²=0.999629 | eps_w1=1.836393e+00 | eps_w2=3.128247e-03
[step   144000] t/d=1440.000 | task1=2.083718e-01 | task2=6.168806e-03 | F1=2.022327e-01 | m1²=0.000976 | m2²=0.999631 | eps_w1=1.835605e+00 | eps_w2=3.168940e-03
[step   144050] t/d=1440.500 | task1=2.083280e-01 | task2=6.171559e-03 | F1=2.021889e-01 | m1²=0.000964 | m2²=0.999628 | eps_w1=1.834988e+00 | eps_w2=3.210415e-03
[step   144100] t/d=1441.000 | task1=2.083014e-01 | task2=6.170778e-03 | F1=2.021624e-01 | m1²=0.000957 | m2²=0.999621 | eps_w1=1.834600e+00 | eps_w2=3.245221e-03
[step   144150] t/d=1441.500 | task1=2.082709e-01 | task2=6.171701e-03 | F1=2.021318e-01 | m1²=0.000962 | m2²=0.999624 | eps_w1=1.834108e+00 | eps_w2=3.267444e-03
[step   144200] t/d=1442.000 | task1=2.083235e-01 | task2=6.171064e-03 | F1=2.021844e-01 | m1²=0.000966 | m2²=0.999622 | eps_w1=1.834830e+00 | eps_w2=3.229627e-03
[step   144250] t/d=1442.500 | task1=2.083002e-01 | task2=6.173322e-03 | F1=2.021612e-01 | m1²=0.000960 | m2²=0.999621 | eps_w1=1.834559e+00 | eps_w2=3.247443e-03
[step   144300] t/d=1443.000 | task1=2.083583e-01 | task2=6.175009e-03 | F1=2.022193e-01 | m1²=0.000951 | m2²=0.999616 | eps_w1=1.835458e+00 | eps_w2=3.207152e-03
[step   144350] t/d=1443.500 | task1=2.083688e-01 | task2=6.174429e-03 | F1=2.022298e-01 | m1²=0.000959 | m2²=0.999619 | eps_w1=1.835583e+00 | eps_w2=3.193792e-03
[step   144400] t/d=1444.000 | task1=2.083661e-01 | task2=6.173254e-03 | F1=2.022270e-01 | m1²=0.000961 | m2²=0.999616 | eps_w1=1.835569e+00 | eps_w2=3.200550e-03
[step   144450] t/d=1444.500 | task1=2.083311e-01 | task2=6.173165e-03 | F1=2.021920e-01 | m1²=0.000962 | m2²=0.999615 | eps_w1=1.835028e+00 | eps_w2=3.232326e-03
[step   144500] t/d=1445.000 | task1=2.083904e-01 | task2=6.174389e-03 | F1=2.022513e-01 | m1²=0.000961 | m2²=0.999613 | eps_w1=1.835738e+00 | eps_w2=3.196552e-03
[step   144550] t/d=1445.500 | task1=2.084246e-01 | task2=6.176011e-03 | F1=2.022855e-01 | m1²=0.000957 | m2²=0.999614 | eps_w1=1.836194e+00 | eps_w2=3.169961e-03
[step   144600] t/d=1446.000 | task1=2.084139e-01 | task2=6.176740e-03 | F1=2.022749e-01 | m1²=0.000956 | m2²=0.999621 | eps_w1=1.836131e+00 | eps_w2=3.160244e-03
[step   144650] t/d=1446.500 | task1=2.084078e-01 | task2=6.174102e-03 | F1=2.022688e-01 | m1²=0.000957 | m2²=0.999619 | eps_w1=1.836044e+00 | eps_w2=3.168189e-03
[step   144700] t/d=1447.000 | task1=2.083868e-01 | task2=6.174561e-03 | F1=2.022477e-01 | m1²=0.000964 | m2²=0.999620 | eps_w1=1.835786e+00 | eps_w2=3.180275e-03
[step   144750] t/d=1447.500 | task1=2.083540e-01 | task2=6.175866e-03 | F1=2.022150e-01 | m1²=0.000948 | m2²=0.999621 | eps_w1=1.835194e+00 | eps_w2=3.213853e-03
[step   144800] t/d=1448.000 | task1=2.083316e-01 | task2=6.172620e-03 | F1=2.021926e-01 | m1²=0.000959 | m2²=0.999621 | eps_w1=1.834817e+00 | eps_w2=3.234252e-03
[step   144850] t/d=1448.500 | task1=2.083118e-01 | task2=6.171354e-03 | F1=2.021728e-01 | m1²=0.000960 | m2²=0.999625 | eps_w1=1.834502e+00 | eps_w2=3.244327e-03
[step   144900] t/d=1449.000 | task1=2.082855e-01 | task2=6.171228e-03 | F1=2.021464e-01 | m1²=0.000963 | m2²=0.999621 | eps_w1=1.834056e+00 | eps_w2=3.275517e-03
[step   144950] t/d=1449.500 | task1=2.082618e-01 | task2=6.172045e-03 | F1=2.021228e-01 | m1²=0.000960 | m2²=0.999622 | eps_w1=1.833670e+00 | eps_w2=3.297053e-03
[step   145000] t/d=1450.000 | task1=2.082822e-01 | task2=6.170902e-03 | F1=2.021431e-01 | m1²=0.000964 | m2²=0.999620 | eps_w1=1.834018e+00 | eps_w2=3.280599e-03
[step   145050] t/d=1450.500 | task1=2.082868e-01 | task2=6.171969e-03 | F1=2.021477e-01 | m1²=0.000970 | m2²=0.999616 | eps_w1=1.834027e+00 | eps_w2=3.287125e-03
[step   145100] t/d=1451.000 | task1=2.083212e-01 | task2=6.172673e-03 | F1=2.021821e-01 | m1²=0.000968 | m2²=0.999620 | eps_w1=1.834425e+00 | eps_w2=3.255866e-03
[step   145150] t/d=1451.500 | task1=2.083784e-01 | task2=6.173230e-03 | F1=2.022394e-01 | m1²=0.000974 | m2²=0.999615 | eps_w1=1.835112e+00 | eps_w2=3.226382e-03
[step   145200] t/d=1452.000 | task1=2.083878e-01 | task2=6.173094e-03 | F1=2.022487e-01 | m1²=0.000966 | m2²=0.999609 | eps_w1=1.835220e+00 | eps_w2=3.231702e-03
[step   145250] t/d=1452.500 | task1=2.083609e-01 | task2=6.171273e-03 | F1=2.022218e-01 | m1²=0.000984 | m2²=0.999607 | eps_w1=1.835074e+00 | eps_w2=3.242055e-03
[step   145300] t/d=1453.000 | task1=2.083208e-01 | task2=6.171944e-03 | F1=2.021818e-01 | m1²=0.000978 | m2²=0.999607 | eps_w1=1.834529e+00 | eps_w2=3.275252e-03
[step   145350] t/d=1453.500 | task1=2.083432e-01 | task2=6.172668e-03 | F1=2.022041e-01 | m1²=0.000982 | m2²=0.999605 | eps_w1=1.834672e+00 | eps_w2=3.269552e-03
[step   145400] t/d=1454.000 | task1=2.083508e-01 | task2=6.174546e-03 | F1=2.022117e-01 | m1²=0.000981 | m2²=0.999612 | eps_w1=1.834722e+00 | eps_w2=3.254141e-03
[step   145450] t/d=1454.500 | task1=2.083788e-01 | task2=6.174668e-03 | F1=2.022398e-01 | m1²=0.000982 | m2²=0.999605 | eps_w1=1.835088e+00 | eps_w2=3.245956e-03
[step   145500] t/d=1455.000 | task1=2.084136e-01 | task2=6.173527e-03 | F1=2.022745e-01 | m1²=0.000988 | m2²=0.999606 | eps_w1=1.835567e+00 | eps_w2=3.216375e-03
[step   145550] t/d=1455.500 | task1=2.084784e-01 | task2=6.173769e-03 | F1=2.023394e-01 | m1²=0.000973 | m2²=0.999601 | eps_w1=1.836459e+00 | eps_w2=3.177308e-03
[step   145600] t/d=1456.000 | task1=2.085050e-01 | task2=6.173952e-03 | F1=2.023660e-01 | m1²=0.000964 | m2²=0.999607 | eps_w1=1.836738e+00 | eps_w2=3.153029e-03
[step   145650] t/d=1456.500 | task1=2.085640e-01 | task2=6.172494e-03 | F1=2.024249e-01 | m1²=0.000959 | m2²=0.999597 | eps_w1=1.837424e+00 | eps_w2=3.133025e-03
[step   145700] t/d=1457.000 | task1=2.085544e-01 | task2=6.174350e-03 | F1=2.024153e-01 | m1²=0.000970 | m2²=0.999587 | eps_w1=1.837276e+00 | eps_w2=3.160844e-03
[step   145750] t/d=1457.500 | task1=2.085644e-01 | task2=6.175206e-03 | F1=2.024253e-01 | m1²=0.000957 | m2²=0.999592 | eps_w1=1.837392e+00 | eps_w2=3.144881e-03
[step   145800] t/d=1458.000 | task1=2.085657e-01 | task2=6.174901e-03 | F1=2.024266e-01 | m1²=0.000962 | m2²=0.999595 | eps_w1=1.837342e+00 | eps_w2=3.142189e-03
[step   145850] t/d=1458.500 | task1=2.085659e-01 | task2=6.176462e-03 | F1=2.024269e-01 | m1²=0.000958 | m2²=0.999593 | eps_w1=1.837405e+00 | eps_w2=3.142734e-03
[step   145900] t/d=1459.000 | task1=2.085531e-01 | task2=6.174116e-03 | F1=2.024140e-01 | m1²=0.000962 | m2²=0.999599 | eps_w1=1.837316e+00 | eps_w2=3.135423e-03
[step   145950] t/d=1459.500 | task1=2.085586e-01 | task2=6.171859e-03 | F1=2.024196e-01 | m1²=0.000967 | m2²=0.999605 | eps_w1=1.837388e+00 | eps_w2=3.118944e-03
[step   146000] t/d=1460.000 | task1=2.085576e-01 | task2=6.172801e-03 | F1=2.024185e-01 | m1²=0.000963 | m2²=0.999607 | eps_w1=1.837480e+00 | eps_w2=3.111444e-03
[step   146050] t/d=1460.500 | task1=2.085192e-01 | task2=6.172224e-03 | F1=2.023802e-01 | m1²=0.000958 | m2²=0.999617 | eps_w1=1.836868e+00 | eps_w2=3.125772e-03
[step   146100] t/d=1461.000 | task1=2.085140e-01 | task2=6.170479e-03 | F1=2.023750e-01 | m1²=0.000961 | m2²=0.999620 | eps_w1=1.836658e+00 | eps_w2=3.132898e-03
[step   146150] t/d=1461.500 | task1=2.085412e-01 | task2=6.169578e-03 | F1=2.024022e-01 | m1²=0.000961 | m2²=0.999616 | eps_w1=1.837046e+00 | eps_w2=3.117515e-03
[step   146200] t/d=1462.000 | task1=2.085982e-01 | task2=6.171025e-03 | F1=2.024591e-01 | m1²=0.000961 | m2²=0.999620 | eps_w1=1.837789e+00 | eps_w2=3.069867e-03
[step   146250] t/d=1462.500 | task1=2.084719e-01 | task2=6.171276e-03 | F1=2.023328e-01 | m1²=0.000957 | m2²=0.999612 | eps_w1=1.836166e+00 | eps_w2=3.175107e-03
[step   146300] t/d=1463.000 | task1=2.084696e-01 | task2=6.169508e-03 | F1=2.023305e-01 | m1²=0.000953 | m2²=0.999614 | eps_w1=1.836028e+00 | eps_w2=3.179911e-03
[step   146350] t/d=1463.500 | task1=2.084892e-01 | task2=6.168088e-03 | F1=2.023502e-01 | m1²=0.000960 | m2²=0.999616 | eps_w1=1.836301e+00 | eps_w2=3.158856e-03
[step   146400] t/d=1464.000 | task1=2.084601e-01 | task2=6.168438e-03 | F1=2.023210e-01 | m1²=0.000966 | m2²=0.999609 | eps_w1=1.835952e+00 | eps_w2=3.191296e-03
[step   146450] t/d=1464.500 | task1=2.085005e-01 | task2=6.167640e-03 | F1=2.023614e-01 | m1²=0.000978 | m2²=0.999610 | eps_w1=1.836361e+00 | eps_w2=3.165269e-03
[step   146500] t/d=1465.000 | task1=2.085171e-01 | task2=6.169143e-03 | F1=2.023781e-01 | m1²=0.000986 | m2²=0.999616 | eps_w1=1.836669e+00 | eps_w2=3.135925e-03
[step   146550] t/d=1465.500 | task1=2.084995e-01 | task2=6.170096e-03 | F1=2.023605e-01 | m1²=0.000978 | m2²=0.999613 | eps_w1=1.836545e+00 | eps_w2=3.149821e-03
[step   146600] t/d=1466.000 | task1=2.085269e-01 | task2=6.170793e-03 | F1=2.023879e-01 | m1²=0.000973 | m2²=0.999615 | eps_w1=1.836950e+00 | eps_w2=3.124280e-03
[step   146650] t/d=1466.500 | task1=2.084966e-01 | task2=6.170647e-03 | F1=2.023576e-01 | m1²=0.000972 | m2²=0.999614 | eps_w1=1.836426e+00 | eps_w2=3.154414e-03
[step   146700] t/d=1467.000 | task1=2.084832e-01 | task2=6.173441e-03 | F1=2.023442e-01 | m1²=0.000963 | m2²=0.999605 | eps_w1=1.836421e+00 | eps_w2=3.172847e-03
[step   146750] t/d=1467.500 | task1=2.085073e-01 | task2=6.171646e-03 | F1=2.023683e-01 | m1²=0.000958 | m2²=0.999614 | eps_w1=1.836706e+00 | eps_w2=3.141136e-03
[step   146800] t/d=1468.000 | task1=2.084554e-01 | task2=6.168728e-03 | F1=2.023163e-01 | m1²=0.000950 | m2²=0.999619 | eps_w1=1.836125e+00 | eps_w2=3.163942e-03
[step   146850] t/d=1468.500 | task1=2.084542e-01 | task2=6.169480e-03 | F1=2.023151e-01 | m1²=0.000954 | m2²=0.999625 | eps_w1=1.836158e+00 | eps_w2=3.150795e-03
[step   146900] t/d=1469.000 | task1=2.085217e-01 | task2=6.170948e-03 | F1=2.023827e-01 | m1²=0.000962 | m2²=0.999622 | eps_w1=1.836852e+00 | eps_w2=3.116944e-03
[step   146950] t/d=1469.500 | task1=2.085524e-01 | task2=6.171861e-03 | F1=2.024134e-01 | m1²=0.000971 | m2²=0.999613 | eps_w1=1.837276e+00 | eps_w2=3.110328e-03
[step   147000] t/d=1470.000 | task1=2.085789e-01 | task2=6.173362e-03 | F1=2.024399e-01 | m1²=0.000972 | m2²=0.999607 | eps_w1=1.837569e+00 | eps_w2=3.106186e-03
[step   147050] t/d=1470.500 | task1=2.086257e-01 | task2=6.172869e-03 | F1=2.024866e-01 | m1²=0.000984 | m2²=0.999600 | eps_w1=1.838251e+00 | eps_w2=3.080783e-03
[step   147100] t/d=1471.000 | task1=2.086473e-01 | task2=6.171497e-03 | F1=2.025082e-01 | m1²=0.000989 | m2²=0.999598 | eps_w1=1.838526e+00 | eps_w2=3.069624e-03
[step   147150] t/d=1471.500 | task1=2.086382e-01 | task2=6.171384e-03 | F1=2.024991e-01 | m1²=0.000981 | m2²=0.999602 | eps_w1=1.838390e+00 | eps_w2=3.070404e-03
[step   147200] t/d=1472.000 | task1=2.086448e-01 | task2=6.169766e-03 | F1=2.025057e-01 | m1²=0.000973 | m2²=0.999606 | eps_w1=1.838414e+00 | eps_w2=3.060790e-03
[step   147250] t/d=1472.500 | task1=2.086512e-01 | task2=6.168209e-03 | F1=2.025121e-01 | m1²=0.000969 | m2²=0.999613 | eps_w1=1.838484e+00 | eps_w2=3.044628e-03
[step   147300] t/d=1473.000 | task1=2.086795e-01 | task2=6.167354e-03 | F1=2.025404e-01 | m1²=0.000980 | m2²=0.999613 | eps_w1=1.838817e+00 | eps_w2=3.025145e-03
[step   147350] t/d=1473.500 | task1=2.086692e-01 | task2=6.170175e-03 | F1=2.025302e-01 | m1²=0.000972 | m2²=0.999609 | eps_w1=1.838738e+00 | eps_w2=3.037469e-03
[step   147400] t/d=1474.000 | task1=2.086897e-01 | task2=6.170235e-03 | F1=2.025506e-01 | m1²=0.000969 | m2²=0.999615 | eps_w1=1.838987e+00 | eps_w2=3.014320e-03
[step   147450] t/d=1474.500 | task1=2.087386e-01 | task2=6.171483e-03 | F1=2.025995e-01 | m1²=0.000963 | m2²=0.999608 | eps_w1=1.839508e+00 | eps_w2=2.998894e-03
[step   147500] t/d=1475.000 | task1=2.086938e-01 | task2=6.173287e-03 | F1=2.025547e-01 | m1²=0.000946 | m2²=0.999607 | eps_w1=1.838935e+00 | eps_w2=3.034542e-03
[step   147550] t/d=1475.500 | task1=2.086630e-01 | task2=6.173254e-03 | F1=2.025239e-01 | m1²=0.000938 | m2²=0.999613 | eps_w1=1.838591e+00 | eps_w2=3.041855e-03
[step   147600] t/d=1476.000 | task1=2.086345e-01 | task2=6.173281e-03 | F1=2.024954e-01 | m1²=0.000942 | m2²=0.999613 | eps_w1=1.838245e+00 | eps_w2=3.060364e-03
[step   147650] t/d=1476.500 | task1=2.086162e-01 | task2=6.174610e-03 | F1=2.024772e-01 | m1²=0.000941 | m2²=0.999610 | eps_w1=1.837938e+00 | eps_w2=3.082632e-03
[step   147700] t/d=1477.000 | task1=2.086241e-01 | task2=6.175400e-03 | F1=2.024850e-01 | m1²=0.000923 | m2²=0.999610 | eps_w1=1.837990e+00 | eps_w2=3.082226e-03
[step   147750] t/d=1477.500 | task1=2.085952e-01 | task2=6.174588e-03 | F1=2.024561e-01 | m1²=0.000918 | m2²=0.999611 | eps_w1=1.837680e+00 | eps_w2=3.097315e-03
[step   147800] t/d=1478.000 | task1=2.085511e-01 | task2=6.174027e-03 | F1=2.024120e-01 | m1²=0.000933 | m2²=0.999611 | eps_w1=1.837011e+00 | eps_w2=3.132753e-03
[step   147850] t/d=1478.500 | task1=2.085249e-01 | task2=6.173973e-03 | F1=2.023858e-01 | m1²=0.000935 | m2²=0.999609 | eps_w1=1.836837e+00 | eps_w2=3.146283e-03
[step   147900] t/d=1479.000 | task1=2.085411e-01 | task2=6.175762e-03 | F1=2.024021e-01 | m1²=0.000926 | m2²=0.999608 | eps_w1=1.837054e+00 | eps_w2=3.136852e-03
[step   147950] t/d=1479.500 | task1=2.086026e-01 | task2=6.175949e-03 | F1=2.024635e-01 | m1²=0.000936 | m2²=0.999607 | eps_w1=1.837929e+00 | eps_w2=3.089745e-03
[step   148000] t/d=1480.000 | task1=2.086223e-01 | task2=6.177595e-03 | F1=2.024833e-01 | m1²=0.000939 | m2²=0.999606 | eps_w1=1.838185e+00 | eps_w2=3.076746e-03
[step   148050] t/d=1480.500 | task1=2.086239e-01 | task2=6.178691e-03 | F1=2.024849e-01 | m1²=0.000933 | m2²=0.999606 | eps_w1=1.838129e+00 | eps_w2=3.081723e-03
[step   148100] t/d=1481.000 | task1=2.086372e-01 | task2=6.178945e-03 | F1=2.024981e-01 | m1²=0.000931 | m2²=0.999601 | eps_w1=1.838299e+00 | eps_w2=3.081928e-03
[step   148150] t/d=1481.500 | task1=2.086220e-01 | task2=6.178117e-03 | F1=2.024829e-01 | m1²=0.000932 | m2²=0.999599 | eps_w1=1.838161e+00 | eps_w2=3.092638e-03
[step   148200] t/d=1482.000 | task1=2.086451e-01 | task2=6.178559e-03 | F1=2.025060e-01 | m1²=0.000937 | m2²=0.999594 | eps_w1=1.838474e+00 | eps_w2=3.084975e-03
[step   148250] t/d=1482.500 | task1=2.086530e-01 | task2=6.177878e-03 | F1=2.025139e-01 | m1²=0.000917 | m2²=0.999597 | eps_w1=1.838562e+00 | eps_w2=3.075913e-03
[step   148300] t/d=1483.000 | task1=2.086110e-01 | task2=6.177761e-03 | F1=2.024720e-01 | m1²=0.000919 | m2²=0.999590 | eps_w1=1.838115e+00 | eps_w2=3.113025e-03
[step   148350] t/d=1483.500 | task1=2.085864e-01 | task2=6.179264e-03 | F1=2.024473e-01 | m1²=0.000915 | m2²=0.999584 | eps_w1=1.837797e+00 | eps_w2=3.142311e-03
[step   148400] t/d=1484.000 | task1=2.085270e-01 | task2=6.177510e-03 | F1=2.023879e-01 | m1²=0.000930 | m2²=0.999578 | eps_w1=1.837126e+00 | eps_w2=3.189554e-03
[step   148450] t/d=1484.500 | task1=2.085852e-01 | task2=6.177963e-03 | F1=2.024461e-01 | m1²=0.000935 | m2²=0.999581 | eps_w1=1.837938e+00 | eps_w2=3.139389e-03
[step   148500] t/d=1485.000 | task1=2.085561e-01 | task2=6.178583e-03 | F1=2.024171e-01 | m1²=0.000937 | m2²=0.999585 | eps_w1=1.837566e+00 | eps_w2=3.151322e-03
[step   148550] t/d=1485.500 | task1=2.085334e-01 | task2=6.175136e-03 | F1=2.023944e-01 | m1²=0.000944 | m2²=0.999582 | eps_w1=1.837292e+00 | eps_w2=3.171213e-03
[step   148600] t/d=1486.000 | task1=2.085115e-01 | task2=6.176306e-03 | F1=2.023724e-01 | m1²=0.000930 | m2²=0.999574 | eps_w1=1.837075e+00 | eps_w2=3.199046e-03
[step   148650] t/d=1486.500 | task1=2.085416e-01 | task2=6.175462e-03 | F1=2.024025e-01 | m1²=0.000937 | m2²=0.999569 | eps_w1=1.837362e+00 | eps_w2=3.192943e-03
[step   148700] t/d=1487.000 | task1=2.085806e-01 | task2=6.176202e-03 | F1=2.024415e-01 | m1²=0.000931 | m2²=0.999580 | eps_w1=1.837818e+00 | eps_w2=3.147730e-03
[step   148750] t/d=1487.500 | task1=2.086152e-01 | task2=6.174366e-03 | F1=2.024761e-01 | m1²=0.000935 | m2²=0.999578 | eps_w1=1.838334e+00 | eps_w2=3.123702e-03
[step   148800] t/d=1488.000 | task1=2.086633e-01 | task2=6.174995e-03 | F1=2.025242e-01 | m1²=0.000921 | m2²=0.999580 | eps_w1=1.838982e+00 | eps_w2=3.086258e-03
[step   148850] t/d=1488.500 | task1=2.086900e-01 | task2=6.175118e-03 | F1=2.025510e-01 | m1²=0.000915 | m2²=0.999581 | eps_w1=1.839241e+00 | eps_w2=3.070161e-03
[step   148900] t/d=1489.000 | task1=2.086783e-01 | task2=6.176646e-03 | F1=2.025392e-01 | m1²=0.000921 | m2²=0.999584 | eps_w1=1.839245e+00 | eps_w2=3.064109e-03
[step   148950] t/d=1489.500 | task1=2.086802e-01 | task2=6.175943e-03 | F1=2.025412e-01 | m1²=0.000934 | m2²=0.999588 | eps_w1=1.839306e+00 | eps_w2=3.052640e-03
[step   149000] t/d=1490.000 | task1=2.086656e-01 | task2=6.176237e-03 | F1=2.025265e-01 | m1²=0.000918 | m2²=0.999583 | eps_w1=1.839147e+00 | eps_w2=3.072148e-03
[step   149050] t/d=1490.500 | task1=2.086456e-01 | task2=6.176317e-03 | F1=2.025065e-01 | m1²=0.000913 | m2²=0.999589 | eps_w1=1.838818e+00 | eps_w2=3.077949e-03
[step   149100] t/d=1491.000 | task1=2.086978e-01 | task2=6.174025e-03 | F1=2.025587e-01 | m1²=0.000923 | m2²=0.999595 | eps_w1=1.839527e+00 | eps_w2=3.027532e-03
[step   149150] t/d=1491.500 | task1=2.086946e-01 | task2=6.171988e-03 | F1=2.025555e-01 | m1²=0.000927 | m2²=0.999602 | eps_w1=1.839592e+00 | eps_w2=3.010445e-03
[step   149200] t/d=1492.000 | task1=2.086940e-01 | task2=6.170520e-03 | F1=2.025550e-01 | m1²=0.000949 | m2²=0.999598 | eps_w1=1.839537e+00 | eps_w2=3.018598e-03
[step   149250] t/d=1492.500 | task1=2.087253e-01 | task2=6.169967e-03 | F1=2.025862e-01 | m1²=0.000940 | m2²=0.999591 | eps_w1=1.839955e+00 | eps_w2=3.009986e-03
[step   149300] t/d=1493.000 | task1=2.086936e-01 | task2=6.168699e-03 | F1=2.025546e-01 | m1²=0.000941 | m2²=0.999599 | eps_w1=1.839528e+00 | eps_w2=3.018927e-03
[step   149350] t/d=1493.500 | task1=2.086842e-01 | task2=6.167522e-03 | F1=2.025451e-01 | m1²=0.000942 | m2²=0.999592 | eps_w1=1.839614e+00 | eps_w2=3.026418e-03
[step   149400] t/d=1494.000 | task1=2.086666e-01 | task2=6.164625e-03 | F1=2.025275e-01 | m1²=0.000947 | m2²=0.999591 | eps_w1=1.839345e+00 | eps_w2=3.042832e-03
[step   149450] t/d=1494.500 | task1=2.086704e-01 | task2=6.164721e-03 | F1=2.025313e-01 | m1²=0.000941 | m2²=0.999598 | eps_w1=1.839375e+00 | eps_w2=3.027776e-03
[step   149500] t/d=1495.000 | task1=2.086690e-01 | task2=6.167589e-03 | F1=2.025300e-01 | m1²=0.000940 | m2²=0.999592 | eps_w1=1.839437e+00 | eps_w2=3.036191e-03
[step   149550] t/d=1495.500 | task1=2.086840e-01 | task2=6.167448e-03 | F1=2.025450e-01 | m1²=0.000947 | m2²=0.999592 | eps_w1=1.839617e+00 | eps_w2=3.026206e-03
[step   149600] t/d=1496.000 | task1=2.086777e-01 | task2=6.167820e-03 | F1=2.025386e-01 | m1²=0.000934 | m2²=0.999594 | eps_w1=1.839476e+00 | eps_w2=3.030617e-03
[step   149650] t/d=1496.500 | task1=2.087249e-01 | task2=6.167385e-03 | F1=2.025858e-01 | m1²=0.000943 | m2²=0.999598 | eps_w1=1.840058e+00 | eps_w2=2.990836e-03
[step   149700] t/d=1497.000 | task1=2.087464e-01 | task2=6.169702e-03 | F1=2.026074e-01 | m1²=0.000936 | m2²=0.999598 | eps_w1=1.840376e+00 | eps_w2=2.975706e-03
[step   149750] t/d=1497.500 | task1=2.088372e-01 | task2=6.171974e-03 | F1=2.026981e-01 | m1²=0.000928 | m2²=0.999583 | eps_w1=1.841531e+00 | eps_w2=2.944949e-03
[step   149800] t/d=1498.000 | task1=2.088156e-01 | task2=6.172929e-03 | F1=2.026766e-01 | m1²=0.000936 | m2²=0.999576 | eps_w1=1.841280e+00 | eps_w2=2.970831e-03
[step   149850] t/d=1498.500 | task1=2.087872e-01 | task2=6.173695e-03 | F1=2.026481e-01 | m1²=0.000931 | m2²=0.999581 | eps_w1=1.840826e+00 | eps_w2=2.984095e-03
[step   149900] t/d=1499.000 | task1=2.087688e-01 | task2=6.173031e-03 | F1=2.026297e-01 | m1²=0.000933 | m2²=0.999585 | eps_w1=1.840810e+00 | eps_w2=2.978230e-03
[step   149950] t/d=1499.500 | task1=2.087965e-01 | task2=6.173440e-03 | F1=2.026575e-01 | m1²=0.000938 | m2²=0.999585 | eps_w1=1.841114e+00 | eps_w2=2.960972e-03
[step   150000] t/d=1500.000 | task1=2.087918e-01 | task2=6.174038e-03 | F1=2.026527e-01 | m1²=0.000939 | m2²=0.999583 | eps_w1=1.841075e+00 | eps_w2=2.967196e-03
[step   150050] t/d=1500.500 | task1=2.087648e-01 | task2=6.174188e-03 | F1=2.026257e-01 | m1²=0.000927 | m2²=0.999572 | eps_w1=1.840786e+00 | eps_w2=3.003763e-03
[step   150100] t/d=1501.000 | task1=2.087887e-01 | task2=6.174136e-03 | F1=2.026496e-01 | m1²=0.000934 | m2²=0.999566 | eps_w1=1.840970e+00 | eps_w2=3.006229e-03
[step   150150] t/d=1501.500 | task1=2.087744e-01 | task2=6.174672e-03 | F1=2.026353e-01 | m1²=0.000944 | m2²=0.999557 | eps_w1=1.840849e+00 | eps_w2=3.027795e-03
[step   150200] t/d=1502.000 | task1=2.087831e-01 | task2=6.175979e-03 | F1=2.026441e-01 | m1²=0.000953 | m2²=0.999552 | eps_w1=1.841011e+00 | eps_w2=3.028121e-03
[step   150250] t/d=1502.500 | task1=2.087433e-01 | task2=6.179410e-03 | F1=2.026043e-01 | m1²=0.000951 | m2²=0.999553 | eps_w1=1.840408e+00 | eps_w2=3.057785e-03
[step   150300] t/d=1503.000 | task1=2.087739e-01 | task2=6.177491e-03 | F1=2.026348e-01 | m1²=0.000955 | m2²=0.999561 | eps_w1=1.840856e+00 | eps_w2=3.019290e-03
[step   150350] t/d=1503.500 | task1=2.086827e-01 | task2=6.176885e-03 | F1=2.025436e-01 | m1²=0.000963 | m2²=0.999554 | eps_w1=1.839756e+00 | eps_w2=3.090501e-03
[step   150400] t/d=1504.000 | task1=2.086260e-01 | task2=6.176772e-03 | F1=2.024869e-01 | m1²=0.000965 | m2²=0.999559 | eps_w1=1.839049e+00 | eps_w2=3.118543e-03
[step   150450] t/d=1504.500 | task1=2.085976e-01 | task2=6.176722e-03 | F1=2.024585e-01 | m1²=0.000974 | m2²=0.999555 | eps_w1=1.838760e+00 | eps_w2=3.139729e-03
[step   150500] t/d=1505.000 | task1=2.085882e-01 | task2=6.176684e-03 | F1=2.024491e-01 | m1²=0.000966 | m2²=0.999549 | eps_w1=1.838577e+00 | eps_w2=3.161391e-03
[step   150550] t/d=1505.500 | task1=2.085904e-01 | task2=6.176108e-03 | F1=2.024514e-01 | m1²=0.000969 | m2²=0.999550 | eps_w1=1.838648e+00 | eps_w2=3.156888e-03
[step   150600] t/d=1506.000 | task1=2.086176e-01 | task2=6.174647e-03 | F1=2.024786e-01 | m1²=0.000959 | m2²=0.999550 | eps_w1=1.839035e+00 | eps_w2=3.136314e-03
[step   150650] t/d=1506.500 | task1=2.086613e-01 | task2=6.174635e-03 | F1=2.025223e-01 | m1²=0.000964 | m2²=0.999554 | eps_w1=1.839616e+00 | eps_w2=3.096253e-03
[step   150700] t/d=1507.000 | task1=2.086569e-01 | task2=6.174571e-03 | F1=2.025178e-01 | m1²=0.000967 | m2²=0.999555 | eps_w1=1.839528e+00 | eps_w2=3.099312e-03
[step   150750] t/d=1507.500 | task1=2.086573e-01 | task2=6.174358e-03 | F1=2.025182e-01 | m1²=0.000964 | m2²=0.999558 | eps_w1=1.839503e+00 | eps_w2=3.095626e-03
[step   150800] t/d=1508.000 | task1=2.086302e-01 | task2=6.172300e-03 | F1=2.024911e-01 | m1²=0.000970 | m2²=0.999558 | eps_w1=1.839194e+00 | eps_w2=3.111149e-03
[step   150850] t/d=1508.500 | task1=2.086575e-01 | task2=6.176217e-03 | F1=2.025185e-01 | m1²=0.000969 | m2²=0.999563 | eps_w1=1.839569e+00 | eps_w2=3.081220e-03
[step   150900] t/d=1509.000 | task1=2.086280e-01 | task2=6.174959e-03 | F1=2.024889e-01 | m1²=0.000968 | m2²=0.999567 | eps_w1=1.839233e+00 | eps_w2=3.092481e-03
[step   150950] t/d=1509.500 | task1=2.086188e-01 | task2=6.173422e-03 | F1=2.024797e-01 | m1²=0.000955 | m2²=0.999570 | eps_w1=1.839110e+00 | eps_w2=3.093442e-03
[step   151000] t/d=1510.000 | task1=2.086641e-01 | task2=6.174490e-03 | F1=2.025250e-01 | m1²=0.000959 | m2²=0.999566 | eps_w1=1.839701e+00 | eps_w2=3.070245e-03
[step   151050] t/d=1510.500 | task1=2.087287e-01 | task2=6.176212e-03 | F1=2.025896e-01 | m1²=0.000954 | m2²=0.999565 | eps_w1=1.840571e+00 | eps_w2=3.027006e-03
[step   151100] t/d=1511.000 | task1=2.087523e-01 | task2=6.176122e-03 | F1=2.026132e-01 | m1²=0.000946 | m2²=0.999570 | eps_w1=1.840894e+00 | eps_w2=3.000644e-03
[step   151150] t/d=1511.500 | task1=2.087514e-01 | task2=6.176213e-03 | F1=2.026123e-01 | m1²=0.000938 | m2²=0.999580 | eps_w1=1.840947e+00 | eps_w2=2.979438e-03
[step   151200] t/d=1512.000 | task1=2.087613e-01 | task2=6.178216e-03 | F1=2.026222e-01 | m1²=0.000931 | m2²=0.999575 | eps_w1=1.841219e+00 | eps_w2=2.975498e-03
[step   151250] t/d=1512.500 | task1=2.087351e-01 | task2=6.176949e-03 | F1=2.025960e-01 | m1²=0.000923 | m2²=0.999570 | eps_w1=1.840754e+00 | eps_w2=3.011111e-03
[step   151300] t/d=1513.000 | task1=2.087010e-01 | task2=6.177359e-03 | F1=2.025620e-01 | m1²=0.000912 | m2²=0.999572 | eps_w1=1.840302e+00 | eps_w2=3.031269e-03
[step   151350] t/d=1513.500 | task1=2.086872e-01 | task2=6.176529e-03 | F1=2.025481e-01 | m1²=0.000906 | m2²=0.999580 | eps_w1=1.840140e+00 | eps_w2=3.024492e-03
[step   151400] t/d=1514.000 | task1=2.086685e-01 | task2=6.174631e-03 | F1=2.025294e-01 | m1²=0.000917 | m2²=0.999580 | eps_w1=1.839943e+00 | eps_w2=3.034756e-03
[step   151450] t/d=1514.500 | task1=2.086301e-01 | task2=6.174735e-03 | F1=2.024910e-01 | m1²=0.000931 | m2²=0.999584 | eps_w1=1.839580e+00 | eps_w2=3.045074e-03
[step   151500] t/d=1515.000 | task1=2.086143e-01 | task2=6.175875e-03 | F1=2.024752e-01 | m1²=0.000935 | m2²=0.999591 | eps_w1=1.839447e+00 | eps_w2=3.039213e-03
[step   151550] t/d=1515.500 | task1=2.085757e-01 | task2=6.174446e-03 | F1=2.024367e-01 | m1²=0.000940 | m2²=0.999591 | eps_w1=1.838994e+00 | eps_w2=3.062300e-03
[step   151600] t/d=1516.000 | task1=2.085091e-01 | task2=6.173919e-03 | F1=2.023700e-01 | m1²=0.000944 | m2²=0.999589 | eps_w1=1.838232e+00 | eps_w2=3.106565e-03
[step   151650] t/d=1516.500 | task1=2.084989e-01 | task2=6.174613e-03 | F1=2.023598e-01 | m1²=0.000950 | m2²=0.999589 | eps_w1=1.838177e+00 | eps_w2=3.108694e-03
[step   151700] t/d=1517.000 | task1=2.085372e-01 | task2=6.176182e-03 | F1=2.023981e-01 | m1²=0.000946 | m2²=0.999588 | eps_w1=1.838637e+00 | eps_w2=3.086348e-03
[step   151750] t/d=1517.500 | task1=2.085691e-01 | task2=6.175517e-03 | F1=2.024301e-01 | m1²=0.000956 | m2²=0.999587 | eps_w1=1.838968e+00 | eps_w2=3.069560e-03
[step   151800] t/d=1518.000 | task1=2.085250e-01 | task2=6.173242e-03 | F1=2.023859e-01 | m1²=0.000943 | m2²=0.999584 | eps_w1=1.838392e+00 | eps_w2=3.107951e-03
[step   151850] t/d=1518.500 | task1=2.085568e-01 | task2=6.171798e-03 | F1=2.024177e-01 | m1²=0.000954 | m2²=0.999587 | eps_w1=1.838819e+00 | eps_w2=3.078340e-03
[step   151900] t/d=1519.000 | task1=2.085616e-01 | task2=6.172901e-03 | F1=2.024226e-01 | m1²=0.000945 | m2²=0.999591 | eps_w1=1.838958e+00 | eps_w2=3.063689e-03
[step   151950] t/d=1519.500 | task1=2.085805e-01 | task2=6.173068e-03 | F1=2.024414e-01 | m1²=0.000947 | m2²=0.999589 | eps_w1=1.839189e+00 | eps_w2=3.053787e-03
[step   152000] t/d=1520.000 | task1=2.085508e-01 | task2=6.172420e-03 | F1=2.024117e-01 | m1²=0.000937 | m2²=0.999590 | eps_w1=1.838920e+00 | eps_w2=3.068530e-03
[step   152050] t/d=1520.500 | task1=2.085296e-01 | task2=6.170239e-03 | F1=2.023906e-01 | m1²=0.000938 | m2²=0.999592 | eps_w1=1.838583e+00 | eps_w2=3.082339e-03
[step   152100] t/d=1521.000 | task1=2.084952e-01 | task2=6.172398e-03 | F1=2.023561e-01 | m1²=0.000942 | m2²=0.999593 | eps_w1=1.838211e+00 | eps_w2=3.101140e-03
[step   152150] t/d=1521.500 | task1=2.085174e-01 | task2=6.171048e-03 | F1=2.023783e-01 | m1²=0.000946 | m2²=0.999593 | eps_w1=1.838493e+00 | eps_w2=3.083938e-03
[step   152200] t/d=1522.000 | task1=2.085181e-01 | task2=6.170897e-03 | F1=2.023790e-01 | m1²=0.000950 | m2²=0.999600 | eps_w1=1.838408e+00 | eps_w2=3.076145e-03
[step   152250] t/d=1522.500 | task1=2.084933e-01 | task2=6.170644e-03 | F1=2.023542e-01 | m1²=0.000948 | m2²=0.999607 | eps_w1=1.837991e+00 | eps_w2=3.084187e-03
[step   152300] t/d=1523.000 | task1=2.084801e-01 | task2=6.172587e-03 | F1=2.023410e-01 | m1²=0.000961 | m2²=0.999611 | eps_w1=1.837879e+00 | eps_w2=3.082404e-03
[step   152350] t/d=1523.500 | task1=2.085134e-01 | task2=6.171160e-03 | F1=2.023743e-01 | m1²=0.000967 | m2²=0.999609 | eps_w1=1.838268e+00 | eps_w2=3.063423e-03
[step   152400] t/d=1524.000 | task1=2.084976e-01 | task2=6.172850e-03 | F1=2.023585e-01 | m1²=0.000956 | m2²=0.999606 | eps_w1=1.838047e+00 | eps_w2=3.082405e-03
[step   152450] t/d=1524.500 | task1=2.085129e-01 | task2=6.173281e-03 | F1=2.023739e-01 | m1²=0.000962 | m2²=0.999608 | eps_w1=1.838292e+00 | eps_w2=3.065395e-03
[step   152500] t/d=1525.000 | task1=2.085031e-01 | task2=6.176265e-03 | F1=2.023640e-01 | m1²=0.000956 | m2²=0.999600 | eps_w1=1.838159e+00 | eps_w2=3.088191e-03
[step   152550] t/d=1525.500 | task1=2.084499e-01 | task2=6.176312e-03 | F1=2.023108e-01 | m1²=0.000948 | m2²=0.999592 | eps_w1=1.837504e+00 | eps_w2=3.139459e-03
[step   152600] t/d=1526.000 | task1=2.084139e-01 | task2=6.174180e-03 | F1=2.022749e-01 | m1²=0.000950 | m2²=0.999593 | eps_w1=1.836979e+00 | eps_w2=3.167025e-03
[step   152650] t/d=1526.500 | task1=2.083711e-01 | task2=6.173936e-03 | F1=2.022321e-01 | m1²=0.000951 | m2²=0.999594 | eps_w1=1.836309e+00 | eps_w2=3.201656e-03
[step   152700] t/d=1527.000 | task1=2.083253e-01 | task2=6.171770e-03 | F1=2.021862e-01 | m1²=0.000957 | m2²=0.999603 | eps_w1=1.835719e+00 | eps_w2=3.216782e-03
[step   152750] t/d=1527.500 | task1=2.083263e-01 | task2=6.171514e-03 | F1=2.021872e-01 | m1²=0.000944 | m2²=0.999606 | eps_w1=1.835653e+00 | eps_w2=3.216497e-03
[step   152800] t/d=1528.000 | task1=2.083065e-01 | task2=6.172065e-03 | F1=2.021674e-01 | m1²=0.000948 | m2²=0.999603 | eps_w1=1.835482e+00 | eps_w2=3.230912e-03
[step   152850] t/d=1528.500 | task1=2.083025e-01 | task2=6.172679e-03 | F1=2.021634e-01 | m1²=0.000960 | m2²=0.999603 | eps_w1=1.835339e+00 | eps_w2=3.237284e-03
[step   152900] t/d=1529.000 | task1=2.083061e-01 | task2=6.170841e-03 | F1=2.021670e-01 | m1²=0.000950 | m2²=0.999612 | eps_w1=1.835370e+00 | eps_w2=3.220154e-03
[step   152950] t/d=1529.500 | task1=2.082695e-01 | task2=6.169483e-03 | F1=2.021304e-01 | m1²=0.000969 | m2²=0.999609 | eps_w1=1.834786e+00 | eps_w2=3.256535e-03
[step   153000] t/d=1530.000 | task1=2.083089e-01 | task2=6.170267e-03 | F1=2.021698e-01 | m1²=0.000960 | m2²=0.999604 | eps_w1=1.835306e+00 | eps_w2=3.237999e-03
[step   153050] t/d=1530.500 | task1=2.082869e-01 | task2=6.171173e-03 | F1=2.021479e-01 | m1²=0.000958 | m2²=0.999611 | eps_w1=1.834974e+00 | eps_w2=3.243503e-03
[step   153100] t/d=1531.000 | task1=2.083095e-01 | task2=6.170946e-03 | F1=2.021704e-01 | m1²=0.000959 | m2²=0.999618 | eps_w1=1.835073e+00 | eps_w2=3.225172e-03
[step   153150] t/d=1531.500 | task1=2.082480e-01 | task2=6.170616e-03 | F1=2.021089e-01 | m1²=0.000947 | m2²=0.999622 | eps_w1=1.834287e+00 | eps_w2=3.263540e-03
[step   153200] t/d=1532.000 | task1=2.082635e-01 | task2=6.170746e-03 | F1=2.021244e-01 | m1²=0.000952 | m2²=0.999619 | eps_w1=1.834499e+00 | eps_w2=3.256643e-03
[step   153250] t/d=1532.500 | task1=2.082543e-01 | task2=6.169892e-03 | F1=2.021152e-01 | m1²=0.000962 | m2²=0.999617 | eps_w1=1.834468e+00 | eps_w2=3.260185e-03
[step   153300] t/d=1533.000 | task1=2.082652e-01 | task2=6.170207e-03 | F1=2.021262e-01 | m1²=0.000950 | m2²=0.999624 | eps_w1=1.834466e+00 | eps_w2=3.249109e-03
[step   153350] t/d=1533.500 | task1=2.082295e-01 | task2=6.170611e-03 | F1=2.020905e-01 | m1²=0.000950 | m2²=0.999629 | eps_w1=1.833953e+00 | eps_w2=3.268110e-03
[step   153400] t/d=1534.000 | task1=2.082677e-01 | task2=6.172632e-03 | F1=2.021286e-01 | m1²=0.000958 | m2²=0.999626 | eps_w1=1.834474e+00 | eps_w2=3.242634e-03
[step   153450] t/d=1534.500 | task1=2.082553e-01 | task2=6.169906e-03 | F1=2.021162e-01 | m1²=0.000957 | m2²=0.999637 | eps_w1=1.834206e+00 | eps_w2=3.237449e-03
[step   153500] t/d=1535.000 | task1=2.082709e-01 | task2=6.168652e-03 | F1=2.021318e-01 | m1²=0.000962 | m2²=0.999641 | eps_w1=1.834369e+00 | eps_w2=3.219959e-03
[step   153550] t/d=1535.500 | task1=2.082592e-01 | task2=6.167618e-03 | F1=2.021202e-01 | m1²=0.000964 | m2²=0.999641 | eps_w1=1.834288e+00 | eps_w2=3.224785e-03
[step   153600] t/d=1536.000 | task1=2.082816e-01 | task2=6.168141e-03 | F1=2.021425e-01 | m1²=0.000961 | m2²=0.999636 | eps_w1=1.834610e+00 | eps_w2=3.217065e-03
[step   153650] t/d=1536.500 | task1=2.082760e-01 | task2=6.169163e-03 | F1=2.021370e-01 | m1²=0.000958 | m2²=0.999633 | eps_w1=1.834521e+00 | eps_w2=3.228372e-03
[step   153700] t/d=1537.000 | task1=2.082571e-01 | task2=6.169012e-03 | F1=2.021181e-01 | m1²=0.000952 | m2²=0.999629 | eps_w1=1.834348e+00 | eps_w2=3.244634e-03
[step   153750] t/d=1537.500 | task1=2.082593e-01 | task2=6.169170e-03 | F1=2.021203e-01 | m1²=0.000954 | m2²=0.999630 | eps_w1=1.834283e+00 | eps_w2=3.247966e-03
[step   153800] t/d=1538.000 | task1=2.082166e-01 | task2=6.168867e-03 | F1=2.020775e-01 | m1²=0.000966 | m2²=0.999635 | eps_w1=1.833625e+00 | eps_w2=3.274292e-03
[step   153850] t/d=1538.500 | task1=2.082546e-01 | task2=6.167142e-03 | F1=2.021156e-01 | m1²=0.000980 | m2²=0.999646 | eps_w1=1.834115e+00 | eps_w2=3.224298e-03
[step   153900] t/d=1539.000 | task1=2.083057e-01 | task2=6.169682e-03 | F1=2.021666e-01 | m1²=0.000983 | m2²=0.999648 | eps_w1=1.834799e+00 | eps_w2=3.180834e-03
[step   153950] t/d=1539.500 | task1=2.083081e-01 | task2=6.169282e-03 | F1=2.021690e-01 | m1²=0.000981 | m2²=0.999646 | eps_w1=1.834876e+00 | eps_w2=3.181111e-03
[step   154000] t/d=1540.000 | task1=2.083024e-01 | task2=6.170881e-03 | F1=2.021633e-01 | m1²=0.000988 | m2²=0.999638 | eps_w1=1.834774e+00 | eps_w2=3.201009e-03
[step   154050] t/d=1540.500 | task1=2.082874e-01 | task2=6.171600e-03 | F1=2.021483e-01 | m1²=0.000982 | m2²=0.999636 | eps_w1=1.834676e+00 | eps_w2=3.210037e-03
[step   154100] t/d=1541.000 | task1=2.082410e-01 | task2=6.171894e-03 | F1=2.021020e-01 | m1²=0.000999 | m2²=0.999635 | eps_w1=1.834172e+00 | eps_w2=3.240027e-03
[step   154150] t/d=1541.500 | task1=2.082169e-01 | task2=6.173290e-03 | F1=2.020778e-01 | m1²=0.001004 | m2²=0.999635 | eps_w1=1.833864e+00 | eps_w2=3.255416e-03
[step   154200] t/d=1542.000 | task1=2.082454e-01 | task2=6.174615e-03 | F1=2.021063e-01 | m1²=0.001008 | m2²=0.999636 | eps_w1=1.834265e+00 | eps_w2=3.230535e-03
[step   154250] t/d=1542.500 | task1=2.082255e-01 | task2=6.175423e-03 | F1=2.020864e-01 | m1²=0.001017 | m2²=0.999640 | eps_w1=1.834089e+00 | eps_w2=3.233145e-03
[step   154300] t/d=1543.000 | task1=2.082282e-01 | task2=6.176287e-03 | F1=2.020891e-01 | m1²=0.001034 | m2²=0.999633 | eps_w1=1.834072e+00 | eps_w2=3.244235e-03
[step   154350] t/d=1543.500 | task1=2.082156e-01 | task2=6.171455e-03 | F1=2.020766e-01 | m1²=0.001028 | m2²=0.999642 | eps_w1=1.833838e+00 | eps_w2=3.241766e-03
[step   154400] t/d=1544.000 | task1=2.082820e-01 | task2=6.173270e-03 | F1=2.021429e-01 | m1²=0.001027 | m2²=0.999641 | eps_w1=1.834632e+00 | eps_w2=3.198048e-03
[step   154450] t/d=1544.500 | task1=2.082885e-01 | task2=6.172100e-03 | F1=2.021495e-01 | m1²=0.001022 | m2²=0.999642 | eps_w1=1.834788e+00 | eps_w2=3.188042e-03
[step   154500] t/d=1545.000 | task1=2.083112e-01 | task2=6.171958e-03 | F1=2.021721e-01 | m1²=0.001028 | m2²=0.999644 | eps_w1=1.835066e+00 | eps_w2=3.169292e-03
[step   154550] t/d=1545.500 | task1=2.083122e-01 | task2=6.172191e-03 | F1=2.021731e-01 | m1²=0.001020 | m2²=0.999646 | eps_w1=1.835083e+00 | eps_w2=3.165278e-03
[step   154600] t/d=1546.000 | task1=2.083403e-01 | task2=6.170566e-03 | F1=2.022012e-01 | m1²=0.001007 | m2²=0.999641 | eps_w1=1.835338e+00 | eps_w2=3.160170e-03
[step   154650] t/d=1546.500 | task1=2.083519e-01 | task2=6.169830e-03 | F1=2.022128e-01 | m1²=0.001008 | m2²=0.999641 | eps_w1=1.835600e+00 | eps_w2=3.145868e-03
[step   154700] t/d=1547.000 | task1=2.083375e-01 | task2=6.169017e-03 | F1=2.021984e-01 | m1²=0.001002 | m2²=0.999639 | eps_w1=1.835365e+00 | eps_w2=3.164539e-03
[step   154750] t/d=1547.500 | task1=2.083053e-01 | task2=6.169210e-03 | F1=2.021662e-01 | m1²=0.001015 | m2²=0.999627 | eps_w1=1.834798e+00 | eps_w2=3.217794e-03
[step   154800] t/d=1548.000 | task1=2.083028e-01 | task2=6.168645e-03 | F1=2.021637e-01 | m1²=0.001028 | m2²=0.999625 | eps_w1=1.834757e+00 | eps_w2=3.221229e-03
[step   154850] t/d=1548.500 | task1=2.083625e-01 | task2=6.168228e-03 | F1=2.022234e-01 | m1²=0.001040 | m2²=0.999623 | eps_w1=1.835501e+00 | eps_w2=3.182447e-03
[step   154900] t/d=1549.000 | task1=2.083118e-01 | task2=6.167905e-03 | F1=2.021727e-01 | m1²=0.001035 | m2²=0.999624 | eps_w1=1.834846e+00 | eps_w2=3.218860e-03
[step   154950] t/d=1549.500 | task1=2.083295e-01 | task2=6.168957e-03 | F1=2.021905e-01 | m1²=0.001038 | m2²=0.999621 | eps_w1=1.835155e+00 | eps_w2=3.206401e-03
[step   155000] t/d=1550.000 | task1=2.083235e-01 | task2=6.169377e-03 | F1=2.021844e-01 | m1²=0.001023 | m2²=0.999627 | eps_w1=1.835076e+00 | eps_w2=3.199983e-03
[step   155050] t/d=1550.500 | task1=2.083655e-01 | task2=6.170117e-03 | F1=2.022264e-01 | m1²=0.001034 | m2²=0.999629 | eps_w1=1.835567e+00 | eps_w2=3.168519e-03
[step   155100] t/d=1551.000 | task1=2.083380e-01 | task2=6.171772e-03 | F1=2.021990e-01 | m1²=0.001024 | m2²=0.999628 | eps_w1=1.835182e+00 | eps_w2=3.193617e-03
[step   155150] t/d=1551.500 | task1=2.083113e-01 | task2=6.172125e-03 | F1=2.021723e-01 | m1²=0.001009 | m2²=0.999626 | eps_w1=1.834890e+00 | eps_w2=3.214134e-03
[step   155200] t/d=1552.000 | task1=2.082645e-01 | task2=6.170696e-03 | F1=2.021255e-01 | m1²=0.001006 | m2²=0.999630 | eps_w1=1.834318e+00 | eps_w2=3.240250e-03
[step   155250] t/d=1552.500 | task1=2.082609e-01 | task2=6.169853e-03 | F1=2.021218e-01 | m1²=0.001002 | m2²=0.999634 | eps_w1=1.834154e+00 | eps_w2=3.242268e-03
[step   155300] t/d=1553.000 | task1=2.082450e-01 | task2=6.169074e-03 | F1=2.021059e-01 | m1²=0.001002 | m2²=0.999637 | eps_w1=1.833794e+00 | eps_w2=3.256559e-03
[step   155350] t/d=1553.500 | task1=2.082456e-01 | task2=6.166973e-03 | F1=2.021065e-01 | m1²=0.001008 | m2²=0.999636 | eps_w1=1.833764e+00 | eps_w2=3.260368e-03
[step   155400] t/d=1554.000 | task1=2.082681e-01 | task2=6.165714e-03 | F1=2.021290e-01 | m1²=0.001008 | m2²=0.999636 | eps_w1=1.834001e+00 | eps_w2=3.245718e-03
[step   155450] t/d=1554.500 | task1=2.082080e-01 | task2=6.166498e-03 | F1=2.020690e-01 | m1²=0.001006 | m2²=0.999635 | eps_w1=1.833328e+00 | eps_w2=3.287728e-03
[step   155500] t/d=1555.000 | task1=2.082069e-01 | task2=6.167479e-03 | F1=2.020678e-01 | m1²=0.001008 | m2²=0.999639 | eps_w1=1.833240e+00 | eps_w2=3.284587e-03
[step   155550] t/d=1555.500 | task1=2.082078e-01 | task2=6.165492e-03 | F1=2.020687e-01 | m1²=0.001020 | m2²=0.999638 | eps_w1=1.833120e+00 | eps_w2=3.291664e-03
[step   155600] t/d=1556.000 | task1=2.081768e-01 | task2=6.166689e-03 | F1=2.020377e-01 | m1²=0.001017 | m2²=0.999638 | eps_w1=1.832733e+00 | eps_w2=3.314095e-03
[step   155650] t/d=1556.500 | task1=2.082375e-01 | task2=6.165464e-03 | F1=2.020984e-01 | m1²=0.001012 | m2²=0.999631 | eps_w1=1.833471e+00 | eps_w2=3.285760e-03
[step   155700] t/d=1557.000 | task1=2.081763e-01 | task2=6.165693e-03 | F1=2.020372e-01 | m1²=0.001011 | m2²=0.999627 | eps_w1=1.832748e+00 | eps_w2=3.334903e-03
[step   155750] t/d=1557.500 | task1=2.081909e-01 | task2=6.165731e-03 | F1=2.020518e-01 | m1²=0.001007 | m2²=0.999627 | eps_w1=1.832983e+00 | eps_w2=3.320899e-03
[step   155800] t/d=1558.000 | task1=2.082466e-01 | task2=6.166139e-03 | F1=2.021075e-01 | m1²=0.001006 | m2²=0.999624 | eps_w1=1.833766e+00 | eps_w2=3.283368e-03
[step   155850] t/d=1558.500 | task1=2.082628e-01 | task2=6.165043e-03 | F1=2.021237e-01 | m1²=0.001002 | m2²=0.999626 | eps_w1=1.833955e+00 | eps_w2=3.268028e-03
[step   155900] t/d=1559.000 | task1=2.082420e-01 | task2=6.167164e-03 | F1=2.021030e-01 | m1²=0.000998 | m2²=0.999623 | eps_w1=1.833572e+00 | eps_w2=3.295889e-03
[step   155950] t/d=1559.500 | task1=2.082479e-01 | task2=6.167505e-03 | F1=2.021088e-01 | m1²=0.000991 | m2²=0.999627 | eps_w1=1.833699e+00 | eps_w2=3.282335e-03
[step   156000] t/d=1560.000 | task1=2.081805e-01 | task2=6.167944e-03 | F1=2.020414e-01 | m1²=0.000983 | m2²=0.999627 | eps_w1=1.832870e+00 | eps_w2=3.331161e-03
[step   156050] t/d=1560.500 | task1=2.081529e-01 | task2=6.168551e-03 | F1=2.020139e-01 | m1²=0.000971 | m2²=0.999624 | eps_w1=1.832495e+00 | eps_w2=3.359755e-03
[step   156100] t/d=1561.000 | task1=2.081778e-01 | task2=6.166663e-03 | F1=2.020387e-01 | m1²=0.000982 | m2²=0.999630 | eps_w1=1.832809e+00 | eps_w2=3.328706e-03
[step   156150] t/d=1561.500 | task1=2.081894e-01 | task2=6.166431e-03 | F1=2.020503e-01 | m1²=0.000979 | m2²=0.999627 | eps_w1=1.832833e+00 | eps_w2=3.333198e-03
[step   156200] t/d=1562.000 | task1=2.081349e-01 | task2=6.165829e-03 | F1=2.019959e-01 | m1²=0.000974 | m2²=0.999627 | eps_w1=1.832155e+00 | eps_w2=3.373260e-03
[step   156250] t/d=1562.500 | task1=2.081529e-01 | task2=6.164945e-03 | F1=2.020138e-01 | m1²=0.000986 | m2²=0.999622 | eps_w1=1.832346e+00 | eps_w2=3.371176e-03
[step   156300] t/d=1563.000 | task1=2.081442e-01 | task2=6.163919e-03 | F1=2.020052e-01 | m1²=0.000986 | m2²=0.999625 | eps_w1=1.832342e+00 | eps_w2=3.365150e-03
[step   156350] t/d=1563.500 | task1=2.081151e-01 | task2=6.162971e-03 | F1=2.019760e-01 | m1²=0.000996 | m2²=0.999628 | eps_w1=1.831924e+00 | eps_w2=3.382921e-03
[step   156400] t/d=1564.000 | task1=2.081506e-01 | task2=6.163086e-03 | F1=2.020115e-01 | m1²=0.000985 | m2²=0.999627 | eps_w1=1.832390e+00 | eps_w2=3.358116e-03
[step   156450] t/d=1564.500 | task1=2.081222e-01 | task2=6.162340e-03 | F1=2.019832e-01 | m1²=0.000989 | m2²=0.999636 | eps_w1=1.832151e+00 | eps_w2=3.355464e-03
[step   156500] t/d=1565.000 | task1=2.081316e-01 | task2=6.160824e-03 | F1=2.019926e-01 | m1²=0.000991 | m2²=0.999635 | eps_w1=1.832245e+00 | eps_w2=3.351776e-03
[step   156550] t/d=1565.500 | task1=2.081332e-01 | task2=6.160318e-03 | F1=2.019941e-01 | m1²=0.000973 | m2²=0.999641 | eps_w1=1.832205e+00 | eps_w2=3.343153e-03
[step   156600] t/d=1566.000 | task1=2.081437e-01 | task2=6.161540e-03 | F1=2.020047e-01 | m1²=0.000969 | m2²=0.999644 | eps_w1=1.832210e+00 | eps_w2=3.337804e-03
[step   156650] t/d=1566.500 | task1=2.081219e-01 | task2=6.161795e-03 | F1=2.019829e-01 | m1²=0.000990 | m2²=0.999648 | eps_w1=1.831878e+00 | eps_w2=3.348634e-03
[step   156700] t/d=1567.000 | task1=2.081242e-01 | task2=6.166713e-03 | F1=2.019852e-01 | m1²=0.000980 | m2²=0.999637 | eps_w1=1.831959e+00 | eps_w2=3.365164e-03
[step   156750] t/d=1567.500 | task1=2.081185e-01 | task2=6.164851e-03 | F1=2.019794e-01 | m1²=0.000978 | m2²=0.999636 | eps_w1=1.832062e+00 | eps_w2=3.361453e-03
[step   156800] t/d=1568.000 | task1=2.081008e-01 | task2=6.164732e-03 | F1=2.019618e-01 | m1²=0.000968 | m2²=0.999629 | eps_w1=1.831765e+00 | eps_w2=3.392149e-03
[step   156850] t/d=1568.500 | task1=2.080745e-01 | task2=6.164135e-03 | F1=2.019354e-01 | m1²=0.000967 | m2²=0.999623 | eps_w1=1.831314e+00 | eps_w2=3.430453e-03
[step   156900] t/d=1569.000 | task1=2.080881e-01 | task2=6.162553e-03 | F1=2.019491e-01 | m1²=0.000967 | m2²=0.999622 | eps_w1=1.831346e+00 | eps_w2=3.430537e-03
[step   156950] t/d=1569.500 | task1=2.081514e-01 | task2=6.163786e-03 | F1=2.020123e-01 | m1²=0.000975 | m2²=0.999622 | eps_w1=1.832107e+00 | eps_w2=3.384913e-03
[step   157000] t/d=1570.000 | task1=2.082124e-01 | task2=6.162207e-03 | F1=2.020733e-01 | m1²=0.000975 | m2²=0.999625 | eps_w1=1.832805e+00 | eps_w2=3.339861e-03
[step   157050] t/d=1570.500 | task1=2.082327e-01 | task2=6.161550e-03 | F1=2.020936e-01 | m1²=0.000976 | m2²=0.999624 | eps_w1=1.833149e+00 | eps_w2=3.321718e-03
[step   157100] t/d=1571.000 | task1=2.081943e-01 | task2=6.159448e-03 | F1=2.020552e-01 | m1²=0.000967 | m2²=0.999630 | eps_w1=1.832679e+00 | eps_w2=3.338399e-03
[step   157150] t/d=1571.500 | task1=2.082364e-01 | task2=6.158916e-03 | F1=2.020974e-01 | m1²=0.000972 | m2²=0.999629 | eps_w1=1.833295e+00 | eps_w2=3.302961e-03
[step   157200] t/d=1572.000 | task1=2.081954e-01 | task2=6.157632e-03 | F1=2.020564e-01 | m1²=0.000977 | m2²=0.999636 | eps_w1=1.832744e+00 | eps_w2=3.321895e-03
[step   157250] t/d=1572.500 | task1=2.081872e-01 | task2=6.157095e-03 | F1=2.020482e-01 | m1²=0.000982 | m2²=0.999632 | eps_w1=1.832711e+00 | eps_w2=3.331517e-03
[step   157300] t/d=1573.000 | task1=2.081786e-01 | task2=6.159292e-03 | F1=2.020395e-01 | m1²=0.000983 | m2²=0.999631 | eps_w1=1.832510e+00 | eps_w2=3.344032e-03
[step   157350] t/d=1573.500 | task1=2.082016e-01 | task2=6.160215e-03 | F1=2.020626e-01 | m1²=0.000980 | m2²=0.999627 | eps_w1=1.832792e+00 | eps_w2=3.336303e-03
[step   157400] t/d=1574.000 | task1=2.081746e-01 | task2=6.160173e-03 | F1=2.020355e-01 | m1²=0.000973 | m2²=0.999624 | eps_w1=1.832447e+00 | eps_w2=3.362849e-03
[step   157450] t/d=1574.500 | task1=2.081649e-01 | task2=6.158402e-03 | F1=2.020258e-01 | m1²=0.000981 | m2²=0.999624 | eps_w1=1.832301e+00 | eps_w2=3.370675e-03
[step   157500] t/d=1575.000 | task1=2.081196e-01 | task2=6.157076e-03 | F1=2.019806e-01 | m1²=0.000976 | m2²=0.999619 | eps_w1=1.831851e+00 | eps_w2=3.405518e-03
[step   157550] t/d=1575.500 | task1=2.081156e-01 | task2=6.156188e-03 | F1=2.019765e-01 | m1²=0.000983 | m2²=0.999615 | eps_w1=1.831835e+00 | eps_w2=3.413628e-03
[step   157600] t/d=1576.000 | task1=2.080885e-01 | task2=6.156108e-03 | F1=2.019494e-01 | m1²=0.000979 | m2²=0.999614 | eps_w1=1.831443e+00 | eps_w2=3.438925e-03
[step   157650] t/d=1576.500 | task1=2.081536e-01 | task2=6.157237e-03 | F1=2.020145e-01 | m1²=0.000970 | m2²=0.999615 | eps_w1=1.832239e+00 | eps_w2=3.390693e-03
[step   157700] t/d=1577.000 | task1=2.080942e-01 | task2=6.153433e-03 | F1=2.019551e-01 | m1²=0.000967 | m2²=0.999614 | eps_w1=1.831645e+00 | eps_w2=3.428603e-03
[step   157750] t/d=1577.500 | task1=2.081251e-01 | task2=6.153196e-03 | F1=2.019860e-01 | m1²=0.000963 | m2²=0.999607 | eps_w1=1.832044e+00 | eps_w2=3.418885e-03
[step   157800] t/d=1578.000 | task1=2.081568e-01 | task2=6.154191e-03 | F1=2.020177e-01 | m1²=0.000965 | m2²=0.999623 | eps_w1=1.832375e+00 | eps_w2=3.369334e-03
[step   157850] t/d=1578.500 | task1=2.081465e-01 | task2=6.155773e-03 | F1=2.020074e-01 | m1²=0.000967 | m2²=0.999627 | eps_w1=1.832214e+00 | eps_w2=3.370655e-03
[step   157900] t/d=1579.000 | task1=2.081698e-01 | task2=6.152819e-03 | F1=2.020307e-01 | m1²=0.000973 | m2²=0.999621 | eps_w1=1.832661e+00 | eps_w2=3.355881e-03
[step   157950] t/d=1579.500 | task1=2.081671e-01 | task2=6.153999e-03 | F1=2.020281e-01 | m1²=0.000964 | m2²=0.999620 | eps_w1=1.832583e+00 | eps_w2=3.363563e-03
[step   158000] t/d=1580.000 | task1=2.081281e-01 | task2=6.154380e-03 | F1=2.019890e-01 | m1²=0.000963 | m2²=0.999622 | eps_w1=1.832077e+00 | eps_w2=3.389164e-03
[step   158050] t/d=1580.500 | task1=2.081578e-01 | task2=6.154007e-03 | F1=2.020187e-01 | m1²=0.000962 | m2²=0.999621 | eps_w1=1.832520e+00 | eps_w2=3.363874e-03
[step   158100] t/d=1581.000 | task1=2.081718e-01 | task2=6.154144e-03 | F1=2.020327e-01 | m1²=0.000978 | m2²=0.999631 | eps_w1=1.832682e+00 | eps_w2=3.334389e-03
[step   158150] t/d=1581.500 | task1=2.082062e-01 | task2=6.155406e-03 | F1=2.020671e-01 | m1²=0.000980 | m2²=0.999631 | eps_w1=1.833131e+00 | eps_w2=3.309369e-03
[step   158200] t/d=1582.000 | task1=2.081306e-01 | task2=6.158334e-03 | F1=2.019916e-01 | m1²=0.000995 | m2²=0.999629 | eps_w1=1.832141e+00 | eps_w2=3.368081e-03
[step   158250] t/d=1582.500 | task1=2.081357e-01 | task2=6.157558e-03 | F1=2.019966e-01 | m1²=0.000995 | m2²=0.999635 | eps_w1=1.832208e+00 | eps_w2=3.352331e-03
[step   158300] t/d=1583.000 | task1=2.081081e-01 | task2=6.155804e-03 | F1=2.019691e-01 | m1²=0.001001 | m2²=0.999641 | eps_w1=1.831707e+00 | eps_w2=3.370990e-03
[step   158350] t/d=1583.500 | task1=2.080953e-01 | task2=6.155015e-03 | F1=2.019563e-01 | m1²=0.000977 | m2²=0.999638 | eps_w1=1.831617e+00 | eps_w2=3.384023e-03
[step   158400] t/d=1584.000 | task1=2.081095e-01 | task2=6.153870e-03 | F1=2.019705e-01 | m1²=0.000972 | m2²=0.999639 | eps_w1=1.831731e+00 | eps_w2=3.374759e-03
[step   158450] t/d=1584.500 | task1=2.081427e-01 | task2=6.153173e-03 | F1=2.020037e-01 | m1²=0.000962 | m2²=0.999644 | eps_w1=1.832144e+00 | eps_w2=3.342674e-03
[step   158500] t/d=1585.000 | task1=2.081319e-01 | task2=6.154989e-03 | F1=2.019928e-01 | m1²=0.000953 | m2²=0.999654 | eps_w1=1.832120e+00 | eps_w2=3.327165e-03
[step   158550] t/d=1585.500 | task1=2.081173e-01 | task2=6.154884e-03 | F1=2.019782e-01 | m1²=0.000956 | m2²=0.999656 | eps_w1=1.831976e+00 | eps_w2=3.329752e-03
[step   158600] t/d=1586.000 | task1=2.081243e-01 | task2=6.158469e-03 | F1=2.019852e-01 | m1²=0.000957 | m2²=0.999652 | eps_w1=1.831997e+00 | eps_w2=3.337775e-03
[step   158650] t/d=1586.500 | task1=2.080593e-01 | task2=6.161339e-03 | F1=2.019202e-01 | m1²=0.000960 | m2²=0.999649 | eps_w1=1.831305e+00 | eps_w2=3.383289e-03
[step   158700] t/d=1587.000 | task1=2.080571e-01 | task2=6.162904e-03 | F1=2.019180e-01 | m1²=0.000949 | m2²=0.999652 | eps_w1=1.831158e+00 | eps_w2=3.386987e-03
[step   158750] t/d=1587.500 | task1=2.080972e-01 | task2=6.162546e-03 | F1=2.019582e-01 | m1²=0.000955 | m2²=0.999662 | eps_w1=1.831691e+00 | eps_w2=3.335558e-03
[step   158800] t/d=1588.000 | task1=2.081045e-01 | task2=6.162954e-03 | F1=2.019655e-01 | m1²=0.000958 | m2²=0.999661 | eps_w1=1.831966e+00 | eps_w2=3.320864e-03
[step   158850] t/d=1588.500 | task1=2.080836e-01 | task2=6.162236e-03 | F1=2.019446e-01 | m1²=0.000949 | m2²=0.999662 | eps_w1=1.831772e+00 | eps_w2=3.331845e-03
[step   158900] t/d=1589.000 | task1=2.080901e-01 | task2=6.161608e-03 | F1=2.019510e-01 | m1²=0.000949 | m2²=0.999668 | eps_w1=1.831869e+00 | eps_w2=3.314884e-03
[step   158950] t/d=1589.500 | task1=2.080832e-01 | task2=6.160911e-03 | F1=2.019442e-01 | m1²=0.000943 | m2²=0.999671 | eps_w1=1.831611e+00 | eps_w2=3.324642e-03
[step   159000] t/d=1590.000 | task1=2.080812e-01 | task2=6.162811e-03 | F1=2.019422e-01 | m1²=0.000947 | m2²=0.999673 | eps_w1=1.831654e+00 | eps_w2=3.319043e-03
[step   159050] t/d=1590.500 | task1=2.081151e-01 | task2=6.162174e-03 | F1=2.019760e-01 | m1²=0.000948 | m2²=0.999672 | eps_w1=1.832043e+00 | eps_w2=3.297276e-03
[step   159100] t/d=1591.000 | task1=2.081066e-01 | task2=6.163990e-03 | F1=2.019676e-01 | m1²=0.000930 | m2²=0.999676 | eps_w1=1.831917e+00 | eps_w2=3.298782e-03
[step   159150] t/d=1591.500 | task1=2.080775e-01 | task2=6.164734e-03 | F1=2.019385e-01 | m1²=0.000946 | m2²=0.999669 | eps_w1=1.831635e+00 | eps_w2=3.327039e-03
[step   159200] t/d=1592.000 | task1=2.080119e-01 | task2=6.164159e-03 | F1=2.018728e-01 | m1²=0.000951 | m2²=0.999668 | eps_w1=1.830905e+00 | eps_w2=3.370835e-03
[step   159250] t/d=1592.500 | task1=2.080658e-01 | task2=6.164978e-03 | F1=2.019267e-01 | m1²=0.000951 | m2²=0.999665 | eps_w1=1.831669e+00 | eps_w2=3.331322e-03
[step   159300] t/d=1593.000 | task1=2.081187e-01 | task2=6.164712e-03 | F1=2.019797e-01 | m1²=0.000949 | m2²=0.999667 | eps_w1=1.832258e+00 | eps_w2=3.294841e-03
[step   159350] t/d=1593.500 | task1=2.081198e-01 | task2=6.165720e-03 | F1=2.019808e-01 | m1²=0.000944 | m2²=0.999669 | eps_w1=1.832307e+00 | eps_w2=3.287088e-03
[step   159400] t/d=1594.000 | task1=2.081622e-01 | task2=6.169571e-03 | F1=2.020231e-01 | m1²=0.000945 | m2²=0.999666 | eps_w1=1.832879e+00 | eps_w2=3.259463e-03
[step   159450] t/d=1594.500 | task1=2.081544e-01 | task2=6.168905e-03 | F1=2.020153e-01 | m1²=0.000945 | m2²=0.999663 | eps_w1=1.832962e+00 | eps_w2=3.260470e-03
[step   159500] t/d=1595.000 | task1=2.082231e-01 | task2=6.169722e-03 | F1=2.020840e-01 | m1²=0.000941 | m2²=0.999661 | eps_w1=1.833749e+00 | eps_w2=3.219679e-03
[step   159550] t/d=1595.500 | task1=2.082162e-01 | task2=6.169042e-03 | F1=2.020772e-01 | m1²=0.000946 | m2²=0.999659 | eps_w1=1.833581e+00 | eps_w2=3.232876e-03
[step   159600] t/d=1596.000 | task1=2.082284e-01 | task2=6.170132e-03 | F1=2.020893e-01 | m1²=0.000951 | m2²=0.999649 | eps_w1=1.833909e+00 | eps_w2=3.232037e-03
[step   159650] t/d=1596.500 | task1=2.082108e-01 | task2=6.168697e-03 | F1=2.020717e-01 | m1²=0.000947 | m2²=0.999648 | eps_w1=1.833721e+00 | eps_w2=3.246256e-03
[step   159700] t/d=1597.000 | task1=2.081677e-01 | task2=6.166869e-03 | F1=2.020287e-01 | m1²=0.000949 | m2²=0.999645 | eps_w1=1.833128e+00 | eps_w2=3.284962e-03
[step   159750] t/d=1597.500 | task1=2.081779e-01 | task2=6.165859e-03 | F1=2.020388e-01 | m1²=0.000950 | m2²=0.999646 | eps_w1=1.833240e+00 | eps_w2=3.277013e-03
[step   159800] t/d=1598.000 | task1=2.081880e-01 | task2=6.166557e-03 | F1=2.020489e-01 | m1²=0.000953 | m2²=0.999640 | eps_w1=1.833386e+00 | eps_w2=3.279449e-03
[step   159850] t/d=1598.500 | task1=2.082243e-01 | task2=6.169064e-03 | F1=2.020852e-01 | m1²=0.000952 | m2²=0.999640 | eps_w1=1.833982e+00 | eps_w2=3.245454e-03
[step   159900] t/d=1599.000 | task1=2.081972e-01 | task2=6.170356e-03 | F1=2.020582e-01 | m1²=0.000948 | m2²=0.999640 | eps_w1=1.833696e+00 | eps_w2=3.262001e-03
[step   159950] t/d=1599.500 | task1=2.081871e-01 | task2=6.169186e-03 | F1=2.020481e-01 | m1²=0.000954 | m2²=0.999640 | eps_w1=1.833438e+00 | eps_w2=3.276886e-03
[step   160000] t/d=1600.000 | task1=2.082593e-01 | task2=6.169696e-03 | F1=2.021202e-01 | m1²=0.000952 | m2²=0.999643 | eps_w1=1.834333e+00 | eps_w2=3.218855e-03
[step   160050] t/d=1600.500 | task1=2.082453e-01 | task2=6.167142e-03 | F1=2.021062e-01 | m1²=0.000960 | m2²=0.999645 | eps_w1=1.833966e+00 | eps_w2=3.235808e-03
[step   160100] t/d=1601.000 | task1=2.082371e-01 | task2=6.163966e-03 | F1=2.020980e-01 | m1²=0.000960 | m2²=0.999637 | eps_w1=1.833865e+00 | eps_w2=3.256876e-03
[step   160150] t/d=1601.500 | task1=2.082594e-01 | task2=6.166084e-03 | F1=2.021204e-01 | m1²=0.000955 | m2²=0.999629 | eps_w1=1.834181e+00 | eps_w2=3.255630e-03
[step   160200] t/d=1602.000 | task1=2.082456e-01 | task2=6.164505e-03 | F1=2.021066e-01 | m1²=0.000961 | m2²=0.999634 | eps_w1=1.833957e+00 | eps_w2=3.257269e-03
[step   160250] t/d=1602.500 | task1=2.082241e-01 | task2=6.165677e-03 | F1=2.020851e-01 | m1²=0.000967 | m2²=0.999631 | eps_w1=1.833670e+00 | eps_w2=3.279237e-03
[step   160300] t/d=1603.000 | task1=2.082697e-01 | task2=6.162841e-03 | F1=2.021307e-01 | m1²=0.000963 | m2²=0.999630 | eps_w1=1.834146e+00 | eps_w2=3.253512e-03
[step   160350] t/d=1603.500 | task1=2.082251e-01 | task2=6.164884e-03 | F1=2.020860e-01 | m1²=0.000957 | m2²=0.999632 | eps_w1=1.833587e+00 | eps_w2=3.282360e-03
[step   160400] t/d=1604.000 | task1=2.082403e-01 | task2=6.163848e-03 | F1=2.021013e-01 | m1²=0.000955 | m2²=0.999630 | eps_w1=1.833713e+00 | eps_w2=3.278940e-03
[step   160450] t/d=1604.500 | task1=2.082656e-01 | task2=6.164889e-03 | F1=2.021266e-01 | m1²=0.000955 | m2²=0.999639 | eps_w1=1.833976e+00 | eps_w2=3.248184e-03
[step   160500] t/d=1605.000 | task1=2.082801e-01 | task2=6.166467e-03 | F1=2.021410e-01 | m1²=0.000942 | m2²=0.999632 | eps_w1=1.834189e+00 | eps_w2=3.250052e-03
[step   160550] t/d=1605.500 | task1=2.083154e-01 | task2=6.164683e-03 | F1=2.021763e-01 | m1²=0.000953 | m2²=0.999630 | eps_w1=1.834651e+00 | eps_w2=3.226921e-03
[step   160600] t/d=1606.000 | task1=2.083817e-01 | task2=6.164572e-03 | F1=2.022427e-01 | m1²=0.000949 | m2²=0.999628 | eps_w1=1.835325e+00 | eps_w2=3.192112e-03
[step   160650] t/d=1606.500 | task1=2.084009e-01 | task2=6.166205e-03 | F1=2.022619e-01 | m1²=0.000941 | m2²=0.999627 | eps_w1=1.835745e+00 | eps_w2=3.172326e-03
[step   160700] t/d=1607.000 | task1=2.083889e-01 | task2=6.165567e-03 | F1=2.022499e-01 | m1²=0.000940 | m2²=0.999625 | eps_w1=1.835498e+00 | eps_w2=3.190093e-03
[step   160750] t/d=1607.500 | task1=2.083744e-01 | task2=6.165408e-03 | F1=2.022354e-01 | m1²=0.000938 | m2²=0.999624 | eps_w1=1.835317e+00 | eps_w2=3.201715e-03
[step   160800] t/d=1608.000 | task1=2.083667e-01 | task2=6.164576e-03 | F1=2.022276e-01 | m1²=0.000952 | m2²=0.999617 | eps_w1=1.835222e+00 | eps_w2=3.219087e-03
[step   160850] t/d=1608.500 | task1=2.083858e-01 | task2=6.162764e-03 | F1=2.022467e-01 | m1²=0.000954 | m2²=0.999617 | eps_w1=1.835501e+00 | eps_w2=3.202263e-03
[step   160900] t/d=1609.000 | task1=2.084283e-01 | task2=6.162960e-03 | F1=2.022893e-01 | m1²=0.000948 | m2²=0.999616 | eps_w1=1.835920e+00 | eps_w2=3.181475e-03
[step   160950] t/d=1609.500 | task1=2.083659e-01 | task2=6.161848e-03 | F1=2.022268e-01 | m1²=0.000947 | m2²=0.999612 | eps_w1=1.835165e+00 | eps_w2=3.232899e-03
[step   161000] t/d=1610.000 | task1=2.083742e-01 | task2=6.161734e-03 | F1=2.022351e-01 | m1²=0.000957 | m2²=0.999612 | eps_w1=1.835234e+00 | eps_w2=3.226791e-03
[step   161050] t/d=1610.500 | task1=2.083677e-01 | task2=6.159337e-03 | F1=2.022286e-01 | m1²=0.000965 | m2²=0.999604 | eps_w1=1.835237e+00 | eps_w2=3.241120e-03
[step   161100] t/d=1611.000 | task1=2.083659e-01 | task2=6.157421e-03 | F1=2.022269e-01 | m1²=0.000956 | m2²=0.999608 | eps_w1=1.835173e+00 | eps_w2=3.237322e-03
[step   161150] t/d=1611.500 | task1=2.083707e-01 | task2=6.157496e-03 | F1=2.022317e-01 | m1²=0.000957 | m2²=0.999601 | eps_w1=1.835273e+00 | eps_w2=3.245270e-03
[step   161200] t/d=1612.000 | task1=2.084103e-01 | task2=6.155807e-03 | F1=2.022712e-01 | m1²=0.000958 | m2²=0.999598 | eps_w1=1.835817e+00 | eps_w2=3.220238e-03
[step   161250] t/d=1612.500 | task1=2.084051e-01 | task2=6.155016e-03 | F1=2.022660e-01 | m1²=0.000954 | m2²=0.999598 | eps_w1=1.835659e+00 | eps_w2=3.230779e-03
[step   161300] t/d=1613.000 | task1=2.084760e-01 | task2=6.152937e-03 | F1=2.023369e-01 | m1²=0.000953 | m2²=0.999600 | eps_w1=1.836425e+00 | eps_w2=3.184139e-03
[step   161350] t/d=1613.500 | task1=2.084031e-01 | task2=6.152106e-03 | F1=2.022640e-01 | m1²=0.000955 | m2²=0.999607 | eps_w1=1.835408e+00 | eps_w2=3.226725e-03
[step   161400] t/d=1614.000 | task1=2.083770e-01 | task2=6.155702e-03 | F1=2.022379e-01 | m1²=0.000942 | m2²=0.999616 | eps_w1=1.834963e+00 | eps_w2=3.236679e-03
[step   161450] t/d=1614.500 | task1=2.083432e-01 | task2=6.155771e-03 | F1=2.022041e-01 | m1²=0.000944 | m2²=0.999620 | eps_w1=1.834374e+00 | eps_w2=3.262725e-03
[step   161500] t/d=1615.000 | task1=2.083067e-01 | task2=6.155168e-03 | F1=2.021676e-01 | m1²=0.000938 | m2²=0.999620 | eps_w1=1.833934e+00 | eps_w2=3.286958e-03
[step   161550] t/d=1615.500 | task1=2.082493e-01 | task2=6.154953e-03 | F1=2.021103e-01 | m1²=0.000937 | m2²=0.999622 | eps_w1=1.833184e+00 | eps_w2=3.326794e-03
[step   161600] t/d=1616.000 | task1=2.082640e-01 | task2=6.156831e-03 | F1=2.021249e-01 | m1²=0.000932 | m2²=0.999616 | eps_w1=1.833422e+00 | eps_w2=3.325873e-03
[step   161650] t/d=1616.500 | task1=2.082841e-01 | task2=6.158402e-03 | F1=2.021451e-01 | m1²=0.000940 | m2²=0.999610 | eps_w1=1.833756e+00 | eps_w2=3.315789e-03
[step   161700] t/d=1617.000 | task1=2.082707e-01 | task2=6.157230e-03 | F1=2.021316e-01 | m1²=0.000937 | m2²=0.999608 | eps_w1=1.833494e+00 | eps_w2=3.335209e-03
[step   161750] t/d=1617.500 | task1=2.082880e-01 | task2=6.157176e-03 | F1=2.021489e-01 | m1²=0.000950 | m2²=0.999600 | eps_w1=1.833704e+00 | eps_w2=3.337560e-03
[step   161800] t/d=1618.000 | task1=2.083072e-01 | task2=6.155279e-03 | F1=2.021682e-01 | m1²=0.000955 | m2²=0.999604 | eps_w1=1.833779e+00 | eps_w2=3.326034e-03
[step   161850] t/d=1618.500 | task1=2.083154e-01 | task2=6.155574e-03 | F1=2.021763e-01 | m1²=0.000949 | m2²=0.999601 | eps_w1=1.834013e+00 | eps_w2=3.318332e-03
[step   161900] t/d=1619.000 | task1=2.083046e-01 | task2=6.155432e-03 | F1=2.021655e-01 | m1²=0.000958 | m2²=0.999607 | eps_w1=1.834013e+00 | eps_w2=3.306137e-03
[step   161950] t/d=1619.500 | task1=2.082902e-01 | task2=6.157114e-03 | F1=2.021512e-01 | m1²=0.000953 | m2²=0.999608 | eps_w1=1.834086e+00 | eps_w2=3.299847e-03
[step   162000] t/d=1620.000 | task1=2.082736e-01 | task2=6.156241e-03 | F1=2.021346e-01 | m1²=0.000961 | m2²=0.999612 | eps_w1=1.833916e+00 | eps_w2=3.300489e-03
[step   162050] t/d=1620.500 | task1=2.082750e-01 | task2=6.156945e-03 | F1=2.021359e-01 | m1²=0.000958 | m2²=0.999610 | eps_w1=1.833945e+00 | eps_w2=3.303794e-03
[step   162100] t/d=1621.000 | task1=2.082158e-01 | task2=6.158162e-03 | F1=2.020767e-01 | m1²=0.000953 | m2²=0.999618 | eps_w1=1.833275e+00 | eps_w2=3.328181e-03
[step   162150] t/d=1621.500 | task1=2.082135e-01 | task2=6.159105e-03 | F1=2.020744e-01 | m1²=0.000960 | m2²=0.999619 | eps_w1=1.833178e+00 | eps_w2=3.331449e-03
[step   162200] t/d=1622.000 | task1=2.082435e-01 | task2=6.156922e-03 | F1=2.021045e-01 | m1²=0.000958 | m2²=0.999618 | eps_w1=1.833460e+00 | eps_w2=3.316518e-03
[step   162250] t/d=1622.500 | task1=2.082052e-01 | task2=6.157784e-03 | F1=2.020662e-01 | m1²=0.000945 | m2²=0.999623 | eps_w1=1.832890e+00 | eps_w2=3.342128e-03
[step   162300] t/d=1623.000 | task1=2.081392e-01 | task2=6.158497e-03 | F1=2.020002e-01 | m1²=0.000947 | m2²=0.999621 | eps_w1=1.832021e+00 | eps_w2=3.394583e-03
[step   162350] t/d=1623.500 | task1=2.081244e-01 | task2=6.157060e-03 | F1=2.019854e-01 | m1²=0.000959 | m2²=0.999620 | eps_w1=1.831933e+00 | eps_w2=3.401936e-03
[step   162400] t/d=1624.000 | task1=2.081046e-01 | task2=6.155789e-03 | F1=2.019655e-01 | m1²=0.000953 | m2²=0.999621 | eps_w1=1.831653e+00 | eps_w2=3.416446e-03
[step   162450] t/d=1624.500 | task1=2.080648e-01 | task2=6.153580e-03 | F1=2.019257e-01 | m1²=0.000955 | m2²=0.999622 | eps_w1=1.831033e+00 | eps_w2=3.450565e-03
[step   162500] t/d=1625.000 | task1=2.080755e-01 | task2=6.153204e-03 | F1=2.019364e-01 | m1²=0.000954 | m2²=0.999622 | eps_w1=1.831110e+00 | eps_w2=3.445727e-03
[step   162550] t/d=1625.500 | task1=2.080689e-01 | task2=6.152010e-03 | F1=2.019299e-01 | m1²=0.000962 | m2²=0.999635 | eps_w1=1.831096e+00 | eps_w2=3.420874e-03
[step   162600] t/d=1626.000 | task1=2.080794e-01 | task2=6.152752e-03 | F1=2.019403e-01 | m1²=0.000955 | m2²=0.999625 | eps_w1=1.831168e+00 | eps_w2=3.436256e-03
[step   162650] t/d=1626.500 | task1=2.081435e-01 | task2=6.155280e-03 | F1=2.020045e-01 | m1²=0.000958 | m2²=0.999624 | eps_w1=1.831961e+00 | eps_w2=3.392372e-03
[step   162700] t/d=1627.000 | task1=2.081953e-01 | task2=6.154638e-03 | F1=2.020563e-01 | m1²=0.000944 | m2²=0.999620 | eps_w1=1.832620e+00 | eps_w2=3.363342e-03
[step   162750] t/d=1627.500 | task1=2.082184e-01 | task2=6.157439e-03 | F1=2.020793e-01 | m1²=0.000942 | m2²=0.999619 | eps_w1=1.832969e+00 | eps_w2=3.344501e-03
[step   162800] t/d=1628.000 | task1=2.082354e-01 | task2=6.155985e-03 | F1=2.020963e-01 | m1²=0.000950 | m2²=0.999624 | eps_w1=1.833152e+00 | eps_w2=3.324650e-03
[step   162850] t/d=1628.500 | task1=2.082610e-01 | task2=6.157332e-03 | F1=2.021219e-01 | m1²=0.000948 | m2²=0.999622 | eps_w1=1.833664e+00 | eps_w2=3.298225e-03
[step   162900] t/d=1629.000 | task1=2.082128e-01 | task2=6.159366e-03 | F1=2.020737e-01 | m1²=0.000961 | m2²=0.999625 | eps_w1=1.833063e+00 | eps_w2=3.325239e-03
[step   162950] t/d=1629.500 | task1=2.081693e-01 | task2=6.158097e-03 | F1=2.020303e-01 | m1²=0.000960 | m2²=0.999621 | eps_w1=1.832581e+00 | eps_w2=3.360814e-03
[step   163000] t/d=1630.000 | task1=2.081480e-01 | task2=6.155808e-03 | F1=2.020090e-01 | m1²=0.000978 | m2²=0.999621 | eps_w1=1.832393e+00 | eps_w2=3.369875e-03
[step   163050] t/d=1630.500 | task1=2.081421e-01 | task2=6.153837e-03 | F1=2.020031e-01 | m1²=0.000993 | m2²=0.999630 | eps_w1=1.832319e+00 | eps_w2=3.355414e-03
[step   163100] t/d=1631.000 | task1=2.081780e-01 | task2=6.155410e-03 | F1=2.020389e-01 | m1²=0.000982 | m2²=0.999633 | eps_w1=1.832784e+00 | eps_w2=3.324281e-03
[step   163150] t/d=1631.500 | task1=2.081775e-01 | task2=6.155136e-03 | F1=2.020384e-01 | m1²=0.000977 | m2²=0.999639 | eps_w1=1.832682e+00 | eps_w2=3.318691e-03
[step   163200] t/d=1632.000 | task1=2.081915e-01 | task2=6.153730e-03 | F1=2.020525e-01 | m1²=0.000979 | m2²=0.999646 | eps_w1=1.832981e+00 | eps_w2=3.288490e-03
[step   163250] t/d=1632.500 | task1=2.081890e-01 | task2=6.155115e-03 | F1=2.020500e-01 | m1²=0.000994 | m2²=0.999655 | eps_w1=1.833119e+00 | eps_w2=3.263045e-03
[step   163300] t/d=1633.000 | task1=2.081662e-01 | task2=6.155424e-03 | F1=2.020271e-01 | m1²=0.000999 | m2²=0.999645 | eps_w1=1.832833e+00 | eps_w2=3.297555e-03
[step   163350] t/d=1633.500 | task1=2.081821e-01 | task2=6.155280e-03 | F1=2.020430e-01 | m1²=0.000998 | m2²=0.999645 | eps_w1=1.833032e+00 | eps_w2=3.286352e-03
[step   163400] t/d=1634.000 | task1=2.082165e-01 | task2=6.154479e-03 | F1=2.020775e-01 | m1²=0.001012 | m2²=0.999638 | eps_w1=1.833531e+00 | eps_w2=3.268593e-03
[step   163450] t/d=1634.500 | task1=2.082008e-01 | task2=6.153326e-03 | F1=2.020617e-01 | m1²=0.001009 | m2²=0.999635 | eps_w1=1.833404e+00 | eps_w2=3.282260e-03
[step   163500] t/d=1635.000 | task1=2.081831e-01 | task2=6.153647e-03 | F1=2.020441e-01 | m1²=0.001014 | m2²=0.999635 | eps_w1=1.833287e+00 | eps_w2=3.287468e-03
[step   163550] t/d=1635.500 | task1=2.081839e-01 | task2=6.153886e-03 | F1=2.020449e-01 | m1²=0.001019 | m2²=0.999633 | eps_w1=1.833242e+00 | eps_w2=3.294444e-03
[step   163600] t/d=1636.000 | task1=2.082084e-01 | task2=6.154476e-03 | F1=2.020693e-01 | m1²=0.001036 | m2²=0.999628 | eps_w1=1.833670e+00 | eps_w2=3.276498e-03
[step   163650] t/d=1636.500 | task1=2.082236e-01 | task2=6.152774e-03 | F1=2.020845e-01 | m1²=0.001023 | m2²=0.999626 | eps_w1=1.833777e+00 | eps_w2=3.276851e-03
[step   163700] t/d=1637.000 | task1=2.082085e-01 | task2=6.151874e-03 | F1=2.020695e-01 | m1²=0.001036 | m2²=0.999622 | eps_w1=1.833538e+00 | eps_w2=3.296524e-03
[step   163750] t/d=1637.500 | task1=2.082055e-01 | task2=6.150476e-03 | F1=2.020664e-01 | m1²=0.001039 | m2²=0.999620 | eps_w1=1.833500e+00 | eps_w2=3.302050e-03
[step   163800] t/d=1638.000 | task1=2.082496e-01 | task2=6.149886e-03 | F1=2.021106e-01 | m1²=0.001043 | m2²=0.999617 | eps_w1=1.833950e+00 | eps_w2=3.280649e-03
[step   163850] t/d=1638.500 | task1=2.082368e-01 | task2=6.149286e-03 | F1=2.020977e-01 | m1²=0.001035 | m2²=0.999614 | eps_w1=1.833711e+00 | eps_w2=3.301421e-03
[step   163900] t/d=1639.000 | task1=2.082077e-01 | task2=6.150019e-03 | F1=2.020686e-01 | m1²=0.001032 | m2²=0.999616 | eps_w1=1.833173e+00 | eps_w2=3.329752e-03
[step   163950] t/d=1639.500 | task1=2.082088e-01 | task2=6.149185e-03 | F1=2.020698e-01 | m1²=0.001036 | m2²=0.999613 | eps_w1=1.833074e+00 | eps_w2=3.340803e-03
[step   164000] t/d=1640.000 | task1=2.081919e-01 | task2=6.150989e-03 | F1=2.020528e-01 | m1²=0.001030 | m2²=0.999621 | eps_w1=1.832858e+00 | eps_w2=3.338466e-03
[step   164050] t/d=1640.500 | task1=2.082492e-01 | task2=6.149334e-03 | F1=2.021102e-01 | m1²=0.001033 | m2²=0.999626 | eps_w1=1.833565e+00 | eps_w2=3.288113e-03
[step   164100] t/d=1641.000 | task1=2.082200e-01 | task2=6.148361e-03 | F1=2.020809e-01 | m1²=0.001025 | m2²=0.999619 | eps_w1=1.833155e+00 | eps_w2=3.324863e-03
[step   164150] t/d=1641.500 | task1=2.081875e-01 | task2=6.149214e-03 | F1=2.020485e-01 | m1²=0.001022 | m2²=0.999613 | eps_w1=1.832770e+00 | eps_w2=3.360059e-03
[step   164200] t/d=1642.000 | task1=2.082219e-01 | task2=6.149080e-03 | F1=2.020829e-01 | m1²=0.001017 | m2²=0.999606 | eps_w1=1.833161e+00 | eps_w2=3.350610e-03
[step   164250] t/d=1642.500 | task1=2.082261e-01 | task2=6.149433e-03 | F1=2.020871e-01 | m1²=0.001024 | m2²=0.999607 | eps_w1=1.833228e+00 | eps_w2=3.344298e-03
[step   164300] t/d=1643.000 | task1=2.082002e-01 | task2=6.150966e-03 | F1=2.020611e-01 | m1²=0.001034 | m2²=0.999603 | eps_w1=1.832997e+00 | eps_w2=3.363472e-03
[step   164350] t/d=1643.500 | task1=2.082058e-01 | task2=6.151812e-03 | F1=2.020667e-01 | m1²=0.001034 | m2²=0.999603 | eps_w1=1.833104e+00 | eps_w2=3.358006e-03
[step   164400] t/d=1644.000 | task1=2.082100e-01 | task2=6.150720e-03 | F1=2.020710e-01 | m1²=0.001025 | m2²=0.999605 | eps_w1=1.833138e+00 | eps_w2=3.352943e-03
[step   164450] t/d=1644.500 | task1=2.082238e-01 | task2=6.149592e-03 | F1=2.020848e-01 | m1²=0.001027 | m2²=0.999602 | eps_w1=1.833356e+00 | eps_w2=3.344958e-03
[step   164500] t/d=1645.000 | task1=2.082191e-01 | task2=6.148935e-03 | F1=2.020801e-01 | m1²=0.001024 | m2²=0.999604 | eps_w1=1.833249e+00 | eps_w2=3.348847e-03
[step   164550] t/d=1645.500 | task1=2.082112e-01 | task2=6.151709e-03 | F1=2.020722e-01 | m1²=0.001027 | m2²=0.999613 | eps_w1=1.833102e+00 | eps_w2=3.339270e-03
[step   164600] t/d=1646.000 | task1=2.081507e-01 | task2=6.152430e-03 | F1=2.020116e-01 | m1²=0.001020 | m2²=0.999617 | eps_w1=1.832437e+00 | eps_w2=3.370992e-03
[step   164650] t/d=1646.500 | task1=2.081380e-01 | task2=6.148969e-03 | F1=2.019989e-01 | m1²=0.001032 | m2²=0.999624 | eps_w1=1.832253e+00 | eps_w2=3.366734e-03
[step   164700] t/d=1647.000 | task1=2.081505e-01 | task2=6.150191e-03 | F1=2.020114e-01 | m1²=0.001029 | m2²=0.999626 | eps_w1=1.832535e+00 | eps_w2=3.347134e-03
[step   164750] t/d=1647.500 | task1=2.081625e-01 | task2=6.150772e-03 | F1=2.020235e-01 | m1²=0.001021 | m2²=0.999632 | eps_w1=1.832672e+00 | eps_w2=3.328739e-03
[step   164800] t/d=1648.000 | task1=2.081548e-01 | task2=6.150794e-03 | F1=2.020157e-01 | m1²=0.001024 | m2²=0.999636 | eps_w1=1.832567e+00 | eps_w2=3.327584e-03
[step   164850] t/d=1648.500 | task1=2.082120e-01 | task2=6.151733e-03 | F1=2.020729e-01 | m1²=0.001012 | m2²=0.999643 | eps_w1=1.833426e+00 | eps_w2=3.264741e-03
[step   164900] t/d=1649.000 | task1=2.082500e-01 | task2=6.150124e-03 | F1=2.021109e-01 | m1²=0.001013 | m2²=0.999638 | eps_w1=1.833947e+00 | eps_w2=3.244953e-03
[step   164950] t/d=1649.500 | task1=2.083215e-01 | task2=6.147694e-03 | F1=2.021825e-01 | m1²=0.001006 | m2²=0.999638 | eps_w1=1.834782e+00 | eps_w2=3.198426e-03
[step   165000] t/d=1650.000 | task1=2.083304e-01 | task2=6.149624e-03 | F1=2.021913e-01 | m1²=0.001005 | m2²=0.999634 | eps_w1=1.834751e+00 | eps_w2=3.207248e-03
[step   165050] t/d=1650.500 | task1=2.083690e-01 | task2=6.152109e-03 | F1=2.022300e-01 | m1²=0.000999 | m2²=0.999631 | eps_w1=1.835216e+00 | eps_w2=3.186915e-03
[step   165100] t/d=1651.000 | task1=2.083824e-01 | task2=6.151354e-03 | F1=2.022434e-01 | m1²=0.001008 | m2²=0.999636 | eps_w1=1.835261e+00 | eps_w2=3.174613e-03
[step   165150] t/d=1651.500 | task1=2.084266e-01 | task2=6.151917e-03 | F1=2.022876e-01 | m1²=0.001009 | m2²=0.999636 | eps_w1=1.835819e+00 | eps_w2=3.144129e-03
[step   165200] t/d=1652.000 | task1=2.084661e-01 | task2=6.152910e-03 | F1=2.023271e-01 | m1²=0.001010 | m2²=0.999633 | eps_w1=1.836354e+00 | eps_w2=3.119464e-03
[step   165250] t/d=1652.500 | task1=2.085288e-01 | task2=6.150816e-03 | F1=2.023897e-01 | m1²=0.001018 | m2²=0.999637 | eps_w1=1.837067e+00 | eps_w2=3.072059e-03
[step   165300] t/d=1653.000 | task1=2.085257e-01 | task2=6.151168e-03 | F1=2.023866e-01 | m1²=0.001007 | m2²=0.999644 | eps_w1=1.837069e+00 | eps_w2=3.059725e-03
[step   165350] t/d=1653.500 | task1=2.085300e-01 | task2=6.152846e-03 | F1=2.023909e-01 | m1²=0.001001 | m2²=0.999640 | eps_w1=1.837207e+00 | eps_w2=3.059891e-03
[step   165400] t/d=1654.000 | task1=2.085362e-01 | task2=6.152651e-03 | F1=2.023971e-01 | m1²=0.000999 | m2²=0.999644 | eps_w1=1.837150e+00 | eps_w2=3.056167e-03
[step   165450] t/d=1654.500 | task1=2.086113e-01 | task2=6.152349e-03 | F1=2.024722e-01 | m1²=0.001001 | m2²=0.999639 | eps_w1=1.838179e+00 | eps_w2=3.007819e-03
[step   165500] t/d=1655.000 | task1=2.086005e-01 | task2=6.151433e-03 | F1=2.024614e-01 | m1²=0.001006 | m2²=0.999637 | eps_w1=1.837944e+00 | eps_w2=3.024436e-03
[step   165550] t/d=1655.500 | task1=2.085771e-01 | task2=6.153263e-03 | F1=2.024380e-01 | m1²=0.001010 | m2²=0.999636 | eps_w1=1.837747e+00 | eps_w2=3.036881e-03
[step   165600] t/d=1656.000 | task1=2.085997e-01 | task2=6.153828e-03 | F1=2.024607e-01 | m1²=0.001013 | m2²=0.999632 | eps_w1=1.838065e+00 | eps_w2=3.027802e-03
[step   165650] t/d=1656.500 | task1=2.086408e-01 | task2=6.153709e-03 | F1=2.025017e-01 | m1²=0.000995 | m2²=0.999615 | eps_w1=1.838660e+00 | eps_w2=3.028606e-03
[step   165700] t/d=1657.000 | task1=2.086765e-01 | task2=6.154958e-03 | F1=2.025375e-01 | m1²=0.000995 | m2²=0.999613 | eps_w1=1.839114e+00 | eps_w2=3.008101e-03
[step   165750] t/d=1657.500 | task1=2.086507e-01 | task2=6.155143e-03 | F1=2.025116e-01 | m1²=0.000999 | m2²=0.999611 | eps_w1=1.838802e+00 | eps_w2=3.028581e-03
[step   165800] t/d=1658.000 | task1=2.086449e-01 | task2=6.154463e-03 | F1=2.025059e-01 | m1²=0.000999 | m2²=0.999607 | eps_w1=1.838793e+00 | eps_w2=3.036079e-03
[step   165850] t/d=1658.500 | task1=2.086879e-01 | task2=6.154634e-03 | F1=2.025488e-01 | m1²=0.000995 | m2²=0.999606 | eps_w1=1.839342e+00 | eps_w2=3.009701e-03
[step   165900] t/d=1659.000 | task1=2.087355e-01 | task2=6.154870e-03 | F1=2.025964e-01 | m1²=0.000996 | m2²=0.999607 | eps_w1=1.840006e+00 | eps_w2=2.972562e-03
[step   165950] t/d=1659.500 | task1=2.087078e-01 | task2=6.154947e-03 | F1=2.025687e-01 | m1²=0.000999 | m2²=0.999602 | eps_w1=1.839701e+00 | eps_w2=2.997302e-03
[step   166000] t/d=1660.000 | task1=2.087278e-01 | task2=6.152838e-03 | F1=2.025888e-01 | m1²=0.001004 | m2²=0.999599 | eps_w1=1.839829e+00 | eps_w2=2.995937e-03
[step   166050] t/d=1660.500 | task1=2.086811e-01 | task2=6.152379e-03 | F1=2.025420e-01 | m1²=0.001000 | m2²=0.999594 | eps_w1=1.839222e+00 | eps_w2=3.038044e-03
[step   166100] t/d=1661.000 | task1=2.086643e-01 | task2=6.153289e-03 | F1=2.025252e-01 | m1²=0.000998 | m2²=0.999593 | eps_w1=1.838934e+00 | eps_w2=3.056599e-03
[step   166150] t/d=1661.500 | task1=2.087339e-01 | task2=6.153223e-03 | F1=2.025948e-01 | m1²=0.000990 | m2²=0.999594 | eps_w1=1.839802e+00 | eps_w2=3.008394e-03
[step   166200] t/d=1662.000 | task1=2.087297e-01 | task2=6.153074e-03 | F1=2.025907e-01 | m1²=0.001008 | m2²=0.999589 | eps_w1=1.839886e+00 | eps_w2=3.011546e-03
[step   166250] t/d=1662.500 | task1=2.086966e-01 | task2=6.154887e-03 | F1=2.025576e-01 | m1²=0.001000 | m2²=0.999581 | eps_w1=1.839468e+00 | eps_w2=3.050567e-03
[step   166300] t/d=1663.000 | task1=2.087338e-01 | task2=6.157219e-03 | F1=2.025947e-01 | m1²=0.000999 | m2²=0.999587 | eps_w1=1.839791e+00 | eps_w2=3.021507e-03
[step   166350] t/d=1663.500 | task1=2.087014e-01 | task2=6.157000e-03 | F1=2.025624e-01 | m1²=0.001002 | m2²=0.999594 | eps_w1=1.839335e+00 | eps_w2=3.031898e-03
[step   166400] t/d=1664.000 | task1=2.086703e-01 | task2=6.156498e-03 | F1=2.025312e-01 | m1²=0.000992 | m2²=0.999594 | eps_w1=1.838956e+00 | eps_w2=3.052440e-03
[step   166450] t/d=1664.500 | task1=2.086506e-01 | task2=6.155448e-03 | F1=2.025115e-01 | m1²=0.000990 | m2²=0.999596 | eps_w1=1.838518e+00 | eps_w2=3.073701e-03
[step   166500] t/d=1665.000 | task1=2.085861e-01 | task2=6.152790e-03 | F1=2.024470e-01 | m1²=0.000999 | m2²=0.999597 | eps_w1=1.837798e+00 | eps_w2=3.108802e-03
[step   166550] t/d=1665.500 | task1=2.085221e-01 | task2=6.153895e-03 | F1=2.023830e-01 | m1²=0.000993 | m2²=0.999599 | eps_w1=1.836990e+00 | eps_w2=3.149778e-03
[step   166600] t/d=1666.000 | task1=2.085087e-01 | task2=6.153953e-03 | F1=2.023696e-01 | m1²=0.000990 | m2²=0.999599 | eps_w1=1.836626e+00 | eps_w2=3.171098e-03
[step   166650] t/d=1666.500 | task1=2.085227e-01 | task2=6.153537e-03 | F1=2.023837e-01 | m1²=0.000990 | m2²=0.999593 | eps_w1=1.836795e+00 | eps_w2=3.172695e-03
[step   166700] t/d=1667.000 | task1=2.085959e-01 | task2=6.154410e-03 | F1=2.024568e-01 | m1²=0.000999 | m2²=0.999601 | eps_w1=1.837730e+00 | eps_w2=3.106253e-03
[step   166750] t/d=1667.500 | task1=2.086017e-01 | task2=6.153992e-03 | F1=2.024627e-01 | m1²=0.000995 | m2²=0.999600 | eps_w1=1.837980e+00 | eps_w2=3.093819e-03
[step   166800] t/d=1668.000 | task1=2.086005e-01 | task2=6.154391e-03 | F1=2.024614e-01 | m1²=0.001011 | m2²=0.999599 | eps_w1=1.837754e+00 | eps_w2=3.106155e-03
[step   166850] t/d=1668.500 | task1=2.085992e-01 | task2=6.155851e-03 | F1=2.024601e-01 | m1²=0.001013 | m2²=0.999603 | eps_w1=1.837669e+00 | eps_w2=3.102931e-03
[step   166900] t/d=1669.000 | task1=2.086004e-01 | task2=6.156063e-03 | F1=2.024613e-01 | m1²=0.001030 | m2²=0.999598 | eps_w1=1.837649e+00 | eps_w2=3.112978e-03
[step   166950] t/d=1669.500 | task1=2.085753e-01 | task2=6.157777e-03 | F1=2.024363e-01 | m1²=0.001028 | m2²=0.999604 | eps_w1=1.837196e+00 | eps_w2=3.125953e-03
[step   167000] t/d=1670.000 | task1=2.086039e-01 | task2=6.156526e-03 | F1=2.024648e-01 | m1²=0.001024 | m2²=0.999608 | eps_w1=1.837512e+00 | eps_w2=3.102354e-03
[step   167050] t/d=1670.500 | task1=2.086038e-01 | task2=6.156422e-03 | F1=2.024647e-01 | m1²=0.001007 | m2²=0.999609 | eps_w1=1.837492e+00 | eps_w2=3.102543e-03
[step   167100] t/d=1671.000 | task1=2.085866e-01 | task2=6.157421e-03 | F1=2.024475e-01 | m1²=0.000995 | m2²=0.999611 | eps_w1=1.837417e+00 | eps_w2=3.103603e-03
[step   167150] t/d=1671.500 | task1=2.085727e-01 | task2=6.158577e-03 | F1=2.024337e-01 | m1²=0.000988 | m2²=0.999611 | eps_w1=1.837330e+00 | eps_w2=3.109857e-03
[step   167200] t/d=1672.000 | task1=2.086277e-01 | task2=6.158783e-03 | F1=2.024887e-01 | m1²=0.000995 | m2²=0.999615 | eps_w1=1.837985e+00 | eps_w2=3.065435e-03
[step   167250] t/d=1672.500 | task1=2.086293e-01 | task2=6.160280e-03 | F1=2.024903e-01 | m1²=0.000994 | m2²=0.999612 | eps_w1=1.838022e+00 | eps_w2=3.069109e-03
[step   167300] t/d=1673.000 | task1=2.085722e-01 | task2=6.159587e-03 | F1=2.024332e-01 | m1²=0.000988 | m2²=0.999605 | eps_w1=1.837253e+00 | eps_w2=3.124860e-03
[step   167350] t/d=1673.500 | task1=2.085833e-01 | task2=6.158805e-03 | F1=2.024442e-01 | m1²=0.000989 | m2²=0.999599 | eps_w1=1.837499e+00 | eps_w2=3.123409e-03
[step   167400] t/d=1674.000 | task1=2.085898e-01 | task2=6.161298e-03 | F1=2.024507e-01 | m1²=0.000989 | m2²=0.999595 | eps_w1=1.837605e+00 | eps_w2=3.125746e-03
[step   167450] t/d=1674.500 | task1=2.086179e-01 | task2=6.161989e-03 | F1=2.024788e-01 | m1²=0.000994 | m2²=0.999595 | eps_w1=1.838013e+00 | eps_w2=3.101525e-03
[step   167500] t/d=1675.000 | task1=2.086489e-01 | task2=6.161068e-03 | F1=2.025098e-01 | m1²=0.000997 | m2²=0.999601 | eps_w1=1.838405e+00 | eps_w2=3.069120e-03
[step   167550] t/d=1675.500 | task1=2.085923e-01 | task2=6.161458e-03 | F1=2.024532e-01 | m1²=0.000989 | m2²=0.999595 | eps_w1=1.837727e+00 | eps_w2=3.118224e-03
[step   167600] t/d=1676.000 | task1=2.085852e-01 | task2=6.160139e-03 | F1=2.024462e-01 | m1²=0.000982 | m2²=0.999593 | eps_w1=1.837730e+00 | eps_w2=3.121584e-03
[step   167650] t/d=1676.500 | task1=2.085846e-01 | task2=6.161416e-03 | F1=2.024456e-01 | m1²=0.000984 | m2²=0.999600 | eps_w1=1.837728e+00 | eps_w2=3.109220e-03
[step   167700] t/d=1677.000 | task1=2.086071e-01 | task2=6.161826e-03 | F1=2.024680e-01 | m1²=0.000982 | m2²=0.999606 | eps_w1=1.837958e+00 | eps_w2=3.084770e-03
[step   167750] t/d=1677.500 | task1=2.086064e-01 | task2=6.162470e-03 | F1=2.024673e-01 | m1²=0.000980 | m2²=0.999600 | eps_w1=1.838051e+00 | eps_w2=3.092558e-03
[step   167800] t/d=1678.000 | task1=2.086453e-01 | task2=6.164390e-03 | F1=2.025062e-01 | m1²=0.000973 | m2²=0.999605 | eps_w1=1.838574e+00 | eps_w2=3.054283e-03
[step   167850] t/d=1678.500 | task1=2.086586e-01 | task2=6.165586e-03 | F1=2.025195e-01 | m1²=0.000968 | m2²=0.999600 | eps_w1=1.838724e+00 | eps_w2=3.055917e-03
[step   167900] t/d=1679.000 | task1=2.085931e-01 | task2=6.167031e-03 | F1=2.024541e-01 | m1²=0.000972 | m2²=0.999593 | eps_w1=1.837950e+00 | eps_w2=3.111244e-03
[step   167950] t/d=1679.500 | task1=2.086053e-01 | task2=6.167477e-03 | F1=2.024663e-01 | m1²=0.000966 | m2²=0.999598 | eps_w1=1.837952e+00 | eps_w2=3.102004e-03
[step   168000] t/d=1680.000 | task1=2.086600e-01 | task2=6.168568e-03 | F1=2.025209e-01 | m1²=0.000972 | m2²=0.999594 | eps_w1=1.838758e+00 | eps_w2=3.066367e-03
[step   168050] t/d=1680.500 | task1=2.086903e-01 | task2=6.166810e-03 | F1=2.025513e-01 | m1²=0.000974 | m2²=0.999601 | eps_w1=1.838996e+00 | eps_w2=3.039033e-03
[step   168100] t/d=1681.000 | task1=2.087115e-01 | task2=6.167396e-03 | F1=2.025724e-01 | m1²=0.000970 | m2²=0.999607 | eps_w1=1.839263e+00 | eps_w2=3.014981e-03
[step   168150] t/d=1681.500 | task1=2.086974e-01 | task2=6.167417e-03 | F1=2.025583e-01 | m1²=0.000969 | m2²=0.999611 | eps_w1=1.838988e+00 | eps_w2=3.021799e-03
[step   168200] t/d=1682.000 | task1=2.086249e-01 | task2=6.166545e-03 | F1=2.024859e-01 | m1²=0.000966 | m2²=0.999611 | eps_w1=1.838230e+00 | eps_w2=3.062699e-03
[step   168250] t/d=1682.500 | task1=2.086055e-01 | task2=6.170202e-03 | F1=2.024664e-01 | m1²=0.000950 | m2²=0.999618 | eps_w1=1.837927e+00 | eps_w2=3.066697e-03
[step   168300] t/d=1683.000 | task1=2.085468e-01 | task2=6.169706e-03 | F1=2.024077e-01 | m1²=0.000959 | m2²=0.999615 | eps_w1=1.837194e+00 | eps_w2=3.111647e-03
[step   168350] t/d=1683.500 | task1=2.086129e-01 | task2=6.170227e-03 | F1=2.024738e-01 | m1²=0.000961 | m2²=0.999618 | eps_w1=1.837960e+00 | eps_w2=3.064679e-03
[step   168400] t/d=1684.000 | task1=2.086606e-01 | task2=6.170318e-03 | F1=2.025216e-01 | m1²=0.000974 | m2²=0.999621 | eps_w1=1.838626e+00 | eps_w2=3.020732e-03
[step   168450] t/d=1684.500 | task1=2.086892e-01 | task2=6.171019e-03 | F1=2.025502e-01 | m1²=0.000968 | m2²=0.999628 | eps_w1=1.838943e+00 | eps_w2=2.992189e-03
[step   168500] t/d=1685.000 | task1=2.086570e-01 | task2=6.170938e-03 | F1=2.025179e-01 | m1²=0.000965 | m2²=0.999625 | eps_w1=1.838510e+00 | eps_w2=3.020612e-03
[step   168550] t/d=1685.500 | task1=2.086407e-01 | task2=6.169504e-03 | F1=2.025016e-01 | m1²=0.000957 | m2²=0.999626 | eps_w1=1.838393e+00 | eps_w2=3.026360e-03
[step   168600] t/d=1686.000 | task1=2.085559e-01 | task2=6.170189e-03 | F1=2.024168e-01 | m1²=0.000972 | m2²=0.999623 | eps_w1=1.837293e+00 | eps_w2=3.089817e-03
[step   168650] t/d=1686.500 | task1=2.085583e-01 | task2=6.171255e-03 | F1=2.024193e-01 | m1²=0.000970 | m2²=0.999627 | eps_w1=1.837325e+00 | eps_w2=3.082094e-03
[step   168700] t/d=1687.000 | task1=2.085581e-01 | task2=6.170392e-03 | F1=2.024190e-01 | m1²=0.000983 | m2²=0.999635 | eps_w1=1.837414e+00 | eps_w2=3.059417e-03
[step   168750] t/d=1687.500 | task1=2.085551e-01 | task2=6.171299e-03 | F1=2.024161e-01 | m1²=0.000971 | m2²=0.999636 | eps_w1=1.837351e+00 | eps_w2=3.061954e-03
[step   168800] t/d=1688.000 | task1=2.085894e-01 | task2=6.171235e-03 | F1=2.024503e-01 | m1²=0.000981 | m2²=0.999630 | eps_w1=1.837937e+00 | eps_w2=3.041420e-03
[step   168850] t/d=1688.500 | task1=2.086342e-01 | task2=6.172184e-03 | F1=2.024952e-01 | m1²=0.000967 | m2²=0.999634 | eps_w1=1.838500e+00 | eps_w2=3.004537e-03
[step   168900] t/d=1689.000 | task1=2.086418e-01 | task2=6.171944e-03 | F1=2.025027e-01 | m1²=0.000968 | m2²=0.999634 | eps_w1=1.838487e+00 | eps_w2=3.005063e-03
[step   168950] t/d=1689.500 | task1=2.086819e-01 | task2=6.169347e-03 | F1=2.025428e-01 | m1²=0.000974 | m2²=0.999642 | eps_w1=1.838998e+00 | eps_w2=2.960568e-03
[step   169000] t/d=1690.000 | task1=2.086844e-01 | task2=6.170602e-03 | F1=2.025454e-01 | m1²=0.000974 | m2²=0.999636 | eps_w1=1.838942e+00 | eps_w2=2.976666e-03
[step   169050] t/d=1690.500 | task1=2.086884e-01 | task2=6.171699e-03 | F1=2.025493e-01 | m1²=0.000977 | m2²=0.999630 | eps_w1=1.839066e+00 | eps_w2=2.979875e-03
[step   169100] t/d=1691.000 | task1=2.087030e-01 | task2=6.170189e-03 | F1=2.025639e-01 | m1²=0.000978 | m2²=0.999631 | eps_w1=1.839404e+00 | eps_w2=2.960836e-03
[step   169150] t/d=1691.500 | task1=2.087646e-01 | task2=6.169463e-03 | F1=2.026255e-01 | m1²=0.000987 | m2²=0.999627 | eps_w1=1.840029e+00 | eps_w2=2.932833e-03
[step   169200] t/d=1692.000 | task1=2.087495e-01 | task2=6.169969e-03 | F1=2.026105e-01 | m1²=0.000998 | m2²=0.999634 | eps_w1=1.839905e+00 | eps_w2=2.926236e-03
[step   169250] t/d=1692.500 | task1=2.087601e-01 | task2=6.170363e-03 | F1=2.026210e-01 | m1²=0.001005 | m2²=0.999628 | eps_w1=1.839937e+00 | eps_w2=2.934522e-03
[step   169300] t/d=1693.000 | task1=2.088323e-01 | task2=6.172325e-03 | F1=2.026933e-01 | m1²=0.001005 | m2²=0.999637 | eps_w1=1.840844e+00 | eps_w2=2.870135e-03
[step   169350] t/d=1693.500 | task1=2.088824e-01 | task2=6.171709e-03 | F1=2.027433e-01 | m1²=0.000995 | m2²=0.999639 | eps_w1=1.841455e+00 | eps_w2=2.834656e-03
[step   169400] t/d=1694.000 | task1=2.088983e-01 | task2=6.173615e-03 | F1=2.027592e-01 | m1²=0.000995 | m2²=0.999642 | eps_w1=1.841612e+00 | eps_w2=2.820741e-03
[step   169450] t/d=1694.500 | task1=2.088748e-01 | task2=6.175270e-03 | F1=2.027358e-01 | m1²=0.000992 | m2²=0.999641 | eps_w1=1.841515e+00 | eps_w2=2.828226e-03
[step   169500] t/d=1695.000 | task1=2.088576e-01 | task2=6.178318e-03 | F1=2.027185e-01 | m1²=0.001005 | m2²=0.999634 | eps_w1=1.841337e+00 | eps_w2=2.849501e-03
[step   169550] t/d=1695.500 | task1=2.088592e-01 | task2=6.179101e-03 | F1=2.027202e-01 | m1²=0.001002 | m2²=0.999637 | eps_w1=1.841395e+00 | eps_w2=2.841251e-03
[step   169600] t/d=1696.000 | task1=2.089151e-01 | task2=6.173427e-03 | F1=2.027760e-01 | m1²=0.001012 | m2²=0.999639 | eps_w1=1.842020e+00 | eps_w2=2.804235e-03
[step   169650] t/d=1696.500 | task1=2.088548e-01 | task2=6.173234e-03 | F1=2.027157e-01 | m1²=0.001004 | m2²=0.999639 | eps_w1=1.841222e+00 | eps_w2=2.847032e-03
[step   169700] t/d=1697.000 | task1=2.088499e-01 | task2=6.173273e-03 | F1=2.027109e-01 | m1²=0.000999 | m2²=0.999638 | eps_w1=1.841209e+00 | eps_w2=2.848569e-03
[step   169750] t/d=1697.500 | task1=2.088944e-01 | task2=6.175733e-03 | F1=2.027553e-01 | m1²=0.001004 | m2²=0.999641 | eps_w1=1.841808e+00 | eps_w2=2.812188e-03
[step   169800] t/d=1698.000 | task1=2.089140e-01 | task2=6.175660e-03 | F1=2.027749e-01 | m1²=0.001000 | m2²=0.999637 | eps_w1=1.841985e+00 | eps_w2=2.810833e-03
[step   169850] t/d=1698.500 | task1=2.089362e-01 | task2=6.174161e-03 | F1=2.027972e-01 | m1²=0.000995 | m2²=0.999640 | eps_w1=1.842351e+00 | eps_w2=2.787634e-03
[step   169900] t/d=1699.000 | task1=2.089411e-01 | task2=6.174551e-03 | F1=2.028020e-01 | m1²=0.000992 | m2²=0.999641 | eps_w1=1.842413e+00 | eps_w2=2.781117e-03
[step   169950] t/d=1699.500 | task1=2.089630e-01 | task2=6.172704e-03 | F1=2.028239e-01 | m1²=0.000980 | m2²=0.999640 | eps_w1=1.842791e+00 | eps_w2=2.766628e-03
[step   170000] t/d=1700.000 | task1=2.089333e-01 | task2=6.171998e-03 | F1=2.027942e-01 | m1²=0.000978 | m2²=0.999631 | eps_w1=1.842336e+00 | eps_w2=2.806124e-03
[step   170050] t/d=1700.500 | task1=2.089598e-01 | task2=6.170973e-03 | F1=2.028208e-01 | m1²=0.000973 | m2²=0.999622 | eps_w1=1.842799e+00 | eps_w2=2.800056e-03
[step   170100] t/d=1701.000 | task1=2.089067e-01 | task2=6.166957e-03 | F1=2.027677e-01 | m1²=0.000976 | m2²=0.999626 | eps_w1=1.842191e+00 | eps_w2=2.823349e-03
[step   170150] t/d=1701.500 | task1=2.089272e-01 | task2=6.167609e-03 | F1=2.027882e-01 | m1²=0.000978 | m2²=0.999615 | eps_w1=1.842483e+00 | eps_w2=2.829341e-03
[step   170200] t/d=1702.000 | task1=2.089132e-01 | task2=6.166647e-03 | F1=2.027741e-01 | m1²=0.000984 | m2²=0.999612 | eps_w1=1.842318e+00 | eps_w2=2.843856e-03
[step   170250] t/d=1702.500 | task1=2.088659e-01 | task2=6.167770e-03 | F1=2.027268e-01 | m1²=0.000989 | m2²=0.999610 | eps_w1=1.841714e+00 | eps_w2=2.878410e-03
[step   170300] t/d=1703.000 | task1=2.088825e-01 | task2=6.168314e-03 | F1=2.027435e-01 | m1²=0.000977 | m2²=0.999614 | eps_w1=1.841899e+00 | eps_w2=2.862413e-03
[step   170350] t/d=1703.500 | task1=2.089005e-01 | task2=6.165857e-03 | F1=2.027614e-01 | m1²=0.000975 | m2²=0.999619 | eps_w1=1.842129e+00 | eps_w2=2.840707e-03
[step   170400] t/d=1704.000 | task1=2.089103e-01 | task2=6.165355e-03 | F1=2.027713e-01 | m1²=0.000981 | m2²=0.999614 | eps_w1=1.842300e+00 | eps_w2=2.840848e-03
[step   170450] t/d=1704.500 | task1=2.088809e-01 | task2=6.165662e-03 | F1=2.027418e-01 | m1²=0.000977 | m2²=0.999610 | eps_w1=1.841950e+00 | eps_w2=2.867253e-03
[step   170500] t/d=1705.000 | task1=2.089389e-01 | task2=6.166062e-03 | F1=2.027998e-01 | m1²=0.000982 | m2²=0.999618 | eps_w1=1.842715e+00 | eps_w2=2.811914e-03
[step   170550] t/d=1705.500 | task1=2.089666e-01 | task2=6.167759e-03 | F1=2.028276e-01 | m1²=0.000983 | m2²=0.999624 | eps_w1=1.843025e+00 | eps_w2=2.784571e-03
[step   170600] t/d=1706.000 | task1=2.090039e-01 | task2=6.168702e-03 | F1=2.028648e-01 | m1²=0.000980 | m2²=0.999622 | eps_w1=1.843500e+00 | eps_w2=2.764514e-03
[step   170650] t/d=1706.500 | task1=2.090331e-01 | task2=6.168233e-03 | F1=2.028941e-01 | m1²=0.000970 | m2²=0.999624 | eps_w1=1.843915e+00 | eps_w2=2.739863e-03
[step   170700] t/d=1707.000 | task1=2.089891e-01 | task2=6.167613e-03 | F1=2.028501e-01 | m1²=0.000974 | m2²=0.999629 | eps_w1=1.843438e+00 | eps_w2=2.753687e-03
[step   170750] t/d=1707.500 | task1=2.089899e-01 | task2=6.168271e-03 | F1=2.028509e-01 | m1²=0.000978 | m2²=0.999633 | eps_w1=1.843371e+00 | eps_w2=2.749571e-03
[step   170800] t/d=1708.000 | task1=2.089560e-01 | task2=6.168395e-03 | F1=2.028169e-01 | m1²=0.000978 | m2²=0.999635 | eps_w1=1.843009e+00 | eps_w2=2.763464e-03
[step   170850] t/d=1708.500 | task1=2.089740e-01 | task2=6.169949e-03 | F1=2.028349e-01 | m1²=0.000984 | m2²=0.999636 | eps_w1=1.843306e+00 | eps_w2=2.747616e-03
[step   170900] t/d=1709.000 | task1=2.089684e-01 | task2=6.169836e-03 | F1=2.028293e-01 | m1²=0.000991 | m2²=0.999637 | eps_w1=1.843231e+00 | eps_w2=2.748430e-03
[step   170950] t/d=1709.500 | task1=2.089564e-01 | task2=6.170610e-03 | F1=2.028173e-01 | m1²=0.000978 | m2²=0.999636 | eps_w1=1.843022e+00 | eps_w2=2.762175e-03
[step   171000] t/d=1710.000 | task1=2.089104e-01 | task2=6.170023e-03 | F1=2.027714e-01 | m1²=0.000978 | m2²=0.999631 | eps_w1=1.842480e+00 | eps_w2=2.799525e-03
[step   171050] t/d=1710.500 | task1=2.089653e-01 | task2=6.170525e-03 | F1=2.028263e-01 | m1²=0.000976 | m2²=0.999636 | eps_w1=1.843241e+00 | eps_w2=2.750942e-03
[step   171100] t/d=1711.000 | task1=2.089652e-01 | task2=6.170418e-03 | F1=2.028262e-01 | m1²=0.000994 | m2²=0.999634 | eps_w1=1.843226e+00 | eps_w2=2.754478e-03
[step   171150] t/d=1711.500 | task1=2.089704e-01 | task2=6.171385e-03 | F1=2.028313e-01 | m1²=0.000989 | m2²=0.999629 | eps_w1=1.843258e+00 | eps_w2=2.761697e-03
[step   171200] t/d=1712.000 | task1=2.089585e-01 | task2=6.173573e-03 | F1=2.028194e-01 | m1²=0.000988 | m2²=0.999621 | eps_w1=1.843120e+00 | eps_w2=2.785291e-03
[step   171250] t/d=1712.500 | task1=2.089565e-01 | task2=6.173657e-03 | F1=2.028174e-01 | m1²=0.000993 | m2²=0.999628 | eps_w1=1.843121e+00 | eps_w2=2.770469e-03
[step   171300] t/d=1713.000 | task1=2.089410e-01 | task2=6.172715e-03 | F1=2.028019e-01 | m1²=0.000985 | m2²=0.999624 | eps_w1=1.842977e+00 | eps_w2=2.787221e-03
[step   171350] t/d=1713.500 | task1=2.089447e-01 | task2=6.172121e-03 | F1=2.028056e-01 | m1²=0.000975 | m2²=0.999621 | eps_w1=1.843080e+00 | eps_w2=2.787302e-03
[step   171400] t/d=1714.000 | task1=2.089478e-01 | task2=6.172057e-03 | F1=2.028087e-01 | m1²=0.000991 | m2²=0.999625 | eps_w1=1.843047e+00 | eps_w2=2.780507e-03
[step   171450] t/d=1714.500 | task1=2.089538e-01 | task2=6.171015e-03 | F1=2.028148e-01 | m1²=0.001000 | m2²=0.999621 | eps_w1=1.843014e+00 | eps_w2=2.788338e-03
[step   171500] t/d=1715.000 | task1=2.090097e-01 | task2=6.173980e-03 | F1=2.028706e-01 | m1²=0.000995 | m2²=0.999616 | eps_w1=1.843672e+00 | eps_w2=2.764696e-03
[step   171550] t/d=1715.500 | task1=2.090476e-01 | task2=6.174584e-03 | F1=2.029086e-01 | m1²=0.000987 | m2²=0.999612 | eps_w1=1.844037e+00 | eps_w2=2.754582e-03
[step   171600] t/d=1716.000 | task1=2.090434e-01 | task2=6.175682e-03 | F1=2.029043e-01 | m1²=0.000994 | m2²=0.999605 | eps_w1=1.843950e+00 | eps_w2=2.771987e-03
[step   171650] t/d=1716.500 | task1=2.090138e-01 | task2=6.177257e-03 | F1=2.028747e-01 | m1²=0.001003 | m2²=0.999602 | eps_w1=1.843573e+00 | eps_w2=2.797088e-03
[step   171700] t/d=1717.000 | task1=2.089518e-01 | task2=6.178712e-03 | F1=2.028127e-01 | m1²=0.001014 | m2²=0.999598 | eps_w1=1.842870e+00 | eps_w2=2.838728e-03
[step   171750] t/d=1717.500 | task1=2.090039e-01 | task2=6.177514e-03 | F1=2.028649e-01 | m1²=0.001013 | m2²=0.999598 | eps_w1=1.843624e+00 | eps_w2=2.800798e-03
[step   171800] t/d=1718.000 | task1=2.089919e-01 | task2=6.178450e-03 | F1=2.028528e-01 | m1²=0.001001 | m2²=0.999592 | eps_w1=1.843323e+00 | eps_w2=2.828031e-03
[step   171850] t/d=1718.500 | task1=2.090022e-01 | task2=6.178354e-03 | F1=2.028631e-01 | m1²=0.001007 | m2²=0.999587 | eps_w1=1.843473e+00 | eps_w2=2.829379e-03
[step   171900] t/d=1719.000 | task1=2.090008e-01 | task2=6.178467e-03 | F1=2.028617e-01 | m1²=0.000988 | m2²=0.999582 | eps_w1=1.843301e+00 | eps_w2=2.848947e-03
[step   171950] t/d=1719.500 | task1=2.090227e-01 | task2=6.179952e-03 | F1=2.028837e-01 | m1²=0.000999 | m2²=0.999583 | eps_w1=1.843592e+00 | eps_w2=2.831255e-03
[step   172000] t/d=1720.000 | task1=2.090831e-01 | task2=6.181089e-03 | F1=2.029440e-01 | m1²=0.001004 | m2²=0.999574 | eps_w1=1.844469e+00 | eps_w2=2.805314e-03
[step   172050] t/d=1720.500 | task1=2.090576e-01 | task2=6.180382e-03 | F1=2.029186e-01 | m1²=0.000994 | m2²=0.999568 | eps_w1=1.844050e+00 | eps_w2=2.837518e-03
[step   172100] t/d=1721.000 | task1=2.090732e-01 | task2=6.182564e-03 | F1=2.029341e-01 | m1²=0.000989 | m2²=0.999576 | eps_w1=1.844205e+00 | eps_w2=2.815732e-03
[step   172150] t/d=1721.500 | task1=2.090681e-01 | task2=6.181733e-03 | F1=2.029290e-01 | m1²=0.001003 | m2²=0.999576 | eps_w1=1.844223e+00 | eps_w2=2.813541e-03
[step   172200] t/d=1722.000 | task1=2.090782e-01 | task2=6.182517e-03 | F1=2.029392e-01 | m1²=0.001004 | m2²=0.999581 | eps_w1=1.844267e+00 | eps_w2=2.801175e-03
[step   172250] t/d=1722.500 | task1=2.090613e-01 | task2=6.181658e-03 | F1=2.029223e-01 | m1²=0.000995 | m2²=0.999587 | eps_w1=1.843974e+00 | eps_w2=2.805154e-03
[step   172300] t/d=1723.000 | task1=2.090411e-01 | task2=6.181255e-03 | F1=2.029020e-01 | m1²=0.000991 | m2²=0.999583 | eps_w1=1.843625e+00 | eps_w2=2.830152e-03
[step   172350] t/d=1723.500 | task1=2.090235e-01 | task2=6.179811e-03 | F1=2.028845e-01 | m1²=0.000981 | m2²=0.999592 | eps_w1=1.843405e+00 | eps_w2=2.826898e-03
[step   172400] t/d=1724.000 | task1=2.090110e-01 | task2=6.182009e-03 | F1=2.028719e-01 | m1²=0.000971 | m2²=0.999583 | eps_w1=1.843260e+00 | eps_w2=2.851466e-03
[step   172450] t/d=1724.500 | task1=2.089688e-01 | task2=6.183582e-03 | F1=2.028297e-01 | m1²=0.000965 | m2²=0.999584 | eps_w1=1.842743e+00 | eps_w2=2.877239e-03
[step   172500] t/d=1725.000 | task1=2.089168e-01 | task2=6.183231e-03 | F1=2.027778e-01 | m1²=0.000965 | m2²=0.999587 | eps_w1=1.842034e+00 | eps_w2=2.906852e-03
[step   172550] t/d=1725.500 | task1=2.089235e-01 | task2=6.184907e-03 | F1=2.027844e-01 | m1²=0.000954 | m2²=0.999597 | eps_w1=1.842096e+00 | eps_w2=2.886381e-03
[step   172600] t/d=1726.000 | task1=2.088770e-01 | task2=6.185417e-03 | F1=2.027380e-01 | m1²=0.000944 | m2²=0.999595 | eps_w1=1.841545e+00 | eps_w2=2.918632e-03
[step   172650] t/d=1726.500 | task1=2.088572e-01 | task2=6.184179e-03 | F1=2.027181e-01 | m1²=0.000940 | m2²=0.999596 | eps_w1=1.841179e+00 | eps_w2=2.936265e-03
[step   172700] t/d=1727.000 | task1=2.088397e-01 | task2=6.184951e-03 | F1=2.027006e-01 | m1²=0.000936 | m2²=0.999589 | eps_w1=1.841012e+00 | eps_w2=2.960100e-03
[step   172750] t/d=1727.500 | task1=2.088767e-01 | task2=6.186548e-03 | F1=2.027376e-01 | m1²=0.000938 | m2²=0.999597 | eps_w1=1.841331e+00 | eps_w2=2.928020e-03
[step   172800] t/d=1728.000 | task1=2.088486e-01 | task2=6.187127e-03 | F1=2.027096e-01 | m1²=0.000945 | m2²=0.999588 | eps_w1=1.840972e+00 | eps_w2=2.961775e-03
[step   172850] t/d=1728.500 | task1=2.088087e-01 | task2=6.185430e-03 | F1=2.026697e-01 | m1²=0.000947 | m2²=0.999590 | eps_w1=1.840369e+00 | eps_w2=2.989340e-03
[step   172900] t/d=1729.000 | task1=2.087447e-01 | task2=6.185760e-03 | F1=2.026057e-01 | m1²=0.000947 | m2²=0.999594 | eps_w1=1.839373e+00 | eps_w2=3.035155e-03
[step   172950] t/d=1729.500 | task1=2.087124e-01 | task2=6.184587e-03 | F1=2.025733e-01 | m1²=0.000945 | m2²=0.999595 | eps_w1=1.838884e+00 | eps_w2=3.059055e-03
[step   173000] t/d=1730.000 | task1=2.087450e-01 | task2=6.184642e-03 | F1=2.026059e-01 | m1²=0.000937 | m2²=0.999599 | eps_w1=1.839284e+00 | eps_w2=3.031168e-03
[step   173050] t/d=1730.500 | task1=2.087699e-01 | task2=6.184425e-03 | F1=2.026308e-01 | m1²=0.000937 | m2²=0.999614 | eps_w1=1.839633e+00 | eps_w2=2.984397e-03
[step   173100] t/d=1731.000 | task1=2.088006e-01 | task2=6.184439e-03 | F1=2.026616e-01 | m1²=0.000946 | m2²=0.999616 | eps_w1=1.839979e+00 | eps_w2=2.961181e-03
[step   173150] t/d=1731.500 | task1=2.088060e-01 | task2=6.184187e-03 | F1=2.026670e-01 | m1²=0.000944 | m2²=0.999612 | eps_w1=1.840240e+00 | eps_w2=2.955812e-03
[step   173200] t/d=1732.000 | task1=2.087702e-01 | task2=6.185273e-03 | F1=2.026311e-01 | m1²=0.000945 | m2²=0.999619 | eps_w1=1.839784e+00 | eps_w2=2.966683e-03
[step   173250] t/d=1732.500 | task1=2.086927e-01 | task2=6.182626e-03 | F1=2.025537e-01 | m1²=0.000954 | m2²=0.999620 | eps_w1=1.838929e+00 | eps_w2=3.009310e-03
[step   173300] t/d=1733.000 | task1=2.086758e-01 | task2=6.183962e-03 | F1=2.025368e-01 | m1²=0.000967 | m2²=0.999612 | eps_w1=1.838839e+00 | eps_w2=3.027219e-03
[step   173350] t/d=1733.500 | task1=2.086744e-01 | task2=6.183418e-03 | F1=2.025353e-01 | m1²=0.000969 | m2²=0.999608 | eps_w1=1.838787e+00 | eps_w2=3.037703e-03
[step   173400] t/d=1734.000 | task1=2.086660e-01 | task2=6.183450e-03 | F1=2.025270e-01 | m1²=0.000973 | m2²=0.999613 | eps_w1=1.838750e+00 | eps_w2=3.029337e-03
[step   173450] t/d=1734.500 | task1=2.086223e-01 | task2=6.184960e-03 | F1=2.024832e-01 | m1²=0.000983 | m2²=0.999615 | eps_w1=1.838227e+00 | eps_w2=3.053031e-03
[step   173500] t/d=1735.000 | task1=2.086344e-01 | task2=6.184182e-03 | F1=2.024953e-01 | m1²=0.000980 | m2²=0.999612 | eps_w1=1.838343e+00 | eps_w2=3.052354e-03
[step   173550] t/d=1735.500 | task1=2.086804e-01 | task2=6.186287e-03 | F1=2.025413e-01 | m1²=0.000982 | m2²=0.999609 | eps_w1=1.838823e+00 | eps_w2=3.033673e-03
[step   173600] t/d=1736.000 | task1=2.087140e-01 | task2=6.188110e-03 | F1=2.025750e-01 | m1²=0.000980 | m2²=0.999613 | eps_w1=1.839216e+00 | eps_w2=3.004072e-03
[step   173650] t/d=1736.500 | task1=2.087007e-01 | task2=6.186965e-03 | F1=2.025616e-01 | m1²=0.000975 | m2²=0.999617 | eps_w1=1.839019e+00 | eps_w2=3.008026e-03
[step   173700] t/d=1737.000 | task1=2.087080e-01 | task2=6.185023e-03 | F1=2.025690e-01 | m1²=0.000976 | m2²=0.999616 | eps_w1=1.839144e+00 | eps_w2=3.002236e-03
[step   173750] t/d=1737.500 | task1=2.086373e-01 | task2=6.181254e-03 | F1=2.024983e-01 | m1²=0.000982 | m2²=0.999619 | eps_w1=1.838317e+00 | eps_w2=3.041877e-03
[step   173800] t/d=1738.000 | task1=2.086361e-01 | task2=6.182281e-03 | F1=2.024970e-01 | m1²=0.000969 | m2²=0.999618 | eps_w1=1.838186e+00 | eps_w2=3.051727e-03
[step   173850] t/d=1738.500 | task1=2.086544e-01 | task2=6.183730e-03 | F1=2.025153e-01 | m1²=0.000974 | m2²=0.999617 | eps_w1=1.838462e+00 | eps_w2=3.037636e-03
[step   173900] t/d=1739.000 | task1=2.086387e-01 | task2=6.181929e-03 | F1=2.024997e-01 | m1²=0.000978 | m2²=0.999627 | eps_w1=1.838233e+00 | eps_w2=3.030514e-03
[step   173950] t/d=1739.500 | task1=2.087000e-01 | task2=6.183056e-03 | F1=2.025609e-01 | m1²=0.000978 | m2²=0.999627 | eps_w1=1.838902e+00 | eps_w2=2.993939e-03
[step   174000] t/d=1740.000 | task1=2.087084e-01 | task2=6.184916e-03 | F1=2.025693e-01 | m1²=0.000982 | m2²=0.999628 | eps_w1=1.838992e+00 | eps_w2=2.988263e-03
[step   174050] t/d=1740.500 | task1=2.087206e-01 | task2=6.183369e-03 | F1=2.025815e-01 | m1²=0.000989 | m2²=0.999633 | eps_w1=1.839209e+00 | eps_w2=2.965999e-03
[step   174100] t/d=1741.000 | task1=2.086842e-01 | task2=6.181995e-03 | F1=2.025451e-01 | m1²=0.000987 | m2²=0.999631 | eps_w1=1.838771e+00 | eps_w2=2.994105e-03
[step   174150] t/d=1741.500 | task1=2.087333e-01 | task2=6.182475e-03 | F1=2.025942e-01 | m1²=0.000981 | m2²=0.999622 | eps_w1=1.839295e+00 | eps_w2=2.982745e-03
[step   174200] t/d=1742.000 | task1=2.087686e-01 | task2=6.180914e-03 | F1=2.026296e-01 | m1²=0.000978 | m2²=0.999620 | eps_w1=1.839691e+00 | eps_w2=2.965549e-03
[step   174250] t/d=1742.500 | task1=2.087153e-01 | task2=6.179562e-03 | F1=2.025763e-01 | m1²=0.000981 | m2²=0.999633 | eps_w1=1.839106e+00 | eps_w2=2.972848e-03
[step   174300] t/d=1743.000 | task1=2.086549e-01 | task2=6.178390e-03 | F1=2.025158e-01 | m1²=0.000985 | m2²=0.999643 | eps_w1=1.838281e+00 | eps_w2=2.996876e-03
[step   174350] t/d=1743.500 | task1=2.085889e-01 | task2=6.176260e-03 | F1=2.024498e-01 | m1²=0.000986 | m2²=0.999641 | eps_w1=1.837577e+00 | eps_w2=3.039786e-03
[step   174400] t/d=1744.000 | task1=2.086312e-01 | task2=6.175118e-03 | F1=2.024921e-01 | m1²=0.000983 | m2²=0.999640 | eps_w1=1.838091e+00 | eps_w2=3.014161e-03
[step   174450] t/d=1744.500 | task1=2.086853e-01 | task2=6.174332e-03 | F1=2.025462e-01 | m1²=0.000977 | m2²=0.999639 | eps_w1=1.838835e+00 | eps_w2=2.976254e-03
[step   174500] t/d=1745.000 | task1=2.086508e-01 | task2=6.174429e-03 | F1=2.025118e-01 | m1²=0.000980 | m2²=0.999640 | eps_w1=1.838307e+00 | eps_w2=3.001642e-03
[step   174550] t/d=1745.500 | task1=2.086974e-01 | task2=6.174415e-03 | F1=2.025583e-01 | m1²=0.000982 | m2²=0.999636 | eps_w1=1.838924e+00 | eps_w2=2.976560e-03
[step   174600] t/d=1746.000 | task1=2.087330e-01 | task2=6.173176e-03 | F1=2.025940e-01 | m1²=0.000983 | m2²=0.999643 | eps_w1=1.839379e+00 | eps_w2=2.938537e-03
[step   174650] t/d=1746.500 | task1=2.087095e-01 | task2=6.174793e-03 | F1=2.025704e-01 | m1²=0.000989 | m2²=0.999641 | eps_w1=1.839058e+00 | eps_w2=2.958031e-03
[step   174700] t/d=1747.000 | task1=2.087494e-01 | task2=6.174972e-03 | F1=2.026104e-01 | m1²=0.000994 | m2²=0.999632 | eps_w1=1.839483e+00 | eps_w2=2.952703e-03
[step   174750] t/d=1747.500 | task1=2.087162e-01 | task2=6.175385e-03 | F1=2.025771e-01 | m1²=0.001003 | m2²=0.999627 | eps_w1=1.839071e+00 | eps_w2=2.984006e-03
[step   174800] t/d=1748.000 | task1=2.087557e-01 | task2=6.174295e-03 | F1=2.026166e-01 | m1²=0.001015 | m2²=0.999621 | eps_w1=1.839500e+00 | eps_w2=2.971159e-03
[step   174850] t/d=1748.500 | task1=2.087514e-01 | task2=6.172263e-03 | F1=2.026123e-01 | m1²=0.001028 | m2²=0.999622 | eps_w1=1.839365e+00 | eps_w2=2.975143e-03
[step   174900] t/d=1749.000 | task1=2.087060e-01 | task2=6.174583e-03 | F1=2.025670e-01 | m1²=0.001030 | m2²=0.999620 | eps_w1=1.838837e+00 | eps_w2=3.006035e-03
[step   174950] t/d=1749.500 | task1=2.086611e-01 | task2=6.172526e-03 | F1=2.025220e-01 | m1²=0.001032 | m2²=0.999625 | eps_w1=1.838155e+00 | eps_w2=3.032720e-03
[step   175000] t/d=1750.000 | task1=2.085868e-01 | task2=6.172618e-03 | F1=2.024477e-01 | m1²=0.001046 | m2²=0.999619 | eps_w1=1.837251e+00 | eps_w2=3.092385e-03
[step   175050] t/d=1750.500 | task1=2.086046e-01 | task2=6.172242e-03 | F1=2.024656e-01 | m1²=0.001046 | m2²=0.999618 | eps_w1=1.837581e+00 | eps_w2=3.075746e-03
[step   175100] t/d=1751.000 | task1=2.085838e-01 | task2=6.169595e-03 | F1=2.024447e-01 | m1²=0.001042 | m2²=0.999616 | eps_w1=1.837293e+00 | eps_w2=3.096729e-03
[step   175150] t/d=1751.500 | task1=2.085619e-01 | task2=6.170533e-03 | F1=2.024229e-01 | m1²=0.001044 | m2²=0.999612 | eps_w1=1.836927e+00 | eps_w2=3.123979e-03
[step   175200] t/d=1752.000 | task1=2.085749e-01 | task2=6.170514e-03 | F1=2.024358e-01 | m1²=0.001054 | m2²=0.999605 | eps_w1=1.837122e+00 | eps_w2=3.126210e-03
[step   175250] t/d=1752.500 | task1=2.085986e-01 | task2=6.169708e-03 | F1=2.024595e-01 | m1²=0.001040 | m2²=0.999604 | eps_w1=1.837485e+00 | eps_w2=3.109549e-03
[step   175300] t/d=1753.000 | task1=2.086244e-01 | task2=6.170935e-03 | F1=2.024854e-01 | m1²=0.001049 | m2²=0.999607 | eps_w1=1.837873e+00 | eps_w2=3.081293e-03
[step   175350] t/d=1753.500 | task1=2.086218e-01 | task2=6.170364e-03 | F1=2.024827e-01 | m1²=0.001055 | m2²=0.999600 | eps_w1=1.837657e+00 | eps_w2=3.106492e-03
[step   175400] t/d=1754.000 | task1=2.086345e-01 | task2=6.170626e-03 | F1=2.024955e-01 | m1²=0.001057 | m2²=0.999594 | eps_w1=1.837866e+00 | eps_w2=3.104776e-03
[step   175450] t/d=1754.500 | task1=2.086110e-01 | task2=6.172510e-03 | F1=2.024719e-01 | m1²=0.001048 | m2²=0.999599 | eps_w1=1.837606e+00 | eps_w2=3.111075e-03
[step   175500] t/d=1755.000 | task1=2.086016e-01 | task2=6.171468e-03 | F1=2.024625e-01 | m1²=0.001041 | m2²=0.999593 | eps_w1=1.837514e+00 | eps_w2=3.127596e-03
[step   175550] t/d=1755.500 | task1=2.085771e-01 | task2=6.171778e-03 | F1=2.024381e-01 | m1²=0.001041 | m2²=0.999592 | eps_w1=1.837321e+00 | eps_w2=3.141715e-03
[step   175600] t/d=1756.000 | task1=2.085935e-01 | task2=6.171431e-03 | F1=2.024544e-01 | m1²=0.001038 | m2²=0.999593 | eps_w1=1.837552e+00 | eps_w2=3.125774e-03
[step   175650] t/d=1756.500 | task1=2.086035e-01 | task2=6.169824e-03 | F1=2.024644e-01 | m1²=0.001035 | m2²=0.999603 | eps_w1=1.837657e+00 | eps_w2=3.102829e-03
[step   175700] t/d=1757.000 | task1=2.086489e-01 | task2=6.169575e-03 | F1=2.025098e-01 | m1²=0.001031 | m2²=0.999603 | eps_w1=1.838217e+00 | eps_w2=3.071562e-03
[step   175750] t/d=1757.500 | task1=2.086593e-01 | task2=6.171454e-03 | F1=2.025202e-01 | m1²=0.001024 | m2²=0.999610 | eps_w1=1.838235e+00 | eps_w2=3.057739e-03
[step   175800] t/d=1758.000 | task1=2.086648e-01 | task2=6.173750e-03 | F1=2.025257e-01 | m1²=0.001033 | m2²=0.999599 | eps_w1=1.838284e+00 | eps_w2=3.075515e-03
[step   175850] t/d=1758.500 | task1=2.086683e-01 | task2=6.173641e-03 | F1=2.025293e-01 | m1²=0.001027 | m2²=0.999604 | eps_w1=1.838340e+00 | eps_w2=3.063848e-03
[step   175900] t/d=1759.000 | task1=2.086827e-01 | task2=6.172360e-03 | F1=2.025437e-01 | m1²=0.001017 | m2²=0.999607 | eps_w1=1.838660e+00 | eps_w2=3.042659e-03
[step   175950] t/d=1759.500 | task1=2.087498e-01 | task2=6.170768e-03 | F1=2.026107e-01 | m1²=0.001007 | m2²=0.999616 | eps_w1=1.839581e+00 | eps_w2=2.976473e-03
[step   176000] t/d=1760.000 | task1=2.087369e-01 | task2=6.169305e-03 | F1=2.025979e-01 | m1²=0.001018 | m2²=0.999617 | eps_w1=1.839405e+00 | eps_w2=2.983299e-03
[step   176050] t/d=1760.500 | task1=2.087181e-01 | task2=6.170199e-03 | F1=2.025790e-01 | m1²=0.001007 | m2²=0.999616 | eps_w1=1.839129e+00 | eps_w2=2.999801e-03
[step   176100] t/d=1761.000 | task1=2.087848e-01 | task2=6.169774e-03 | F1=2.026457e-01 | m1²=0.001007 | m2²=0.999615 | eps_w1=1.839942e+00 | eps_w2=2.958879e-03
[step   176150] t/d=1761.500 | task1=2.087708e-01 | task2=6.171297e-03 | F1=2.026317e-01 | m1²=0.001015 | m2²=0.999616 | eps_w1=1.839939e+00 | eps_w2=2.957403e-03
[step   176200] t/d=1762.000 | task1=2.087634e-01 | task2=6.173789e-03 | F1=2.026244e-01 | m1²=0.001014 | m2²=0.999606 | eps_w1=1.839924e+00 | eps_w2=2.976304e-03
[step   176250] t/d=1762.500 | task1=2.088034e-01 | task2=6.173053e-03 | F1=2.026643e-01 | m1²=0.001019 | m2²=0.999616 | eps_w1=1.840482e+00 | eps_w2=2.927885e-03
[step   176300] t/d=1763.000 | task1=2.088227e-01 | task2=6.171992e-03 | F1=2.026836e-01 | m1²=0.001028 | m2²=0.999616 | eps_w1=1.840732e+00 | eps_w2=2.914100e-03
[step   176350] t/d=1763.500 | task1=2.088400e-01 | task2=6.174075e-03 | F1=2.027010e-01 | m1²=0.001023 | m2²=0.999618 | eps_w1=1.841123e+00 | eps_w2=2.890656e-03
[step   176400] t/d=1764.000 | task1=2.088628e-01 | task2=6.172767e-03 | F1=2.027238e-01 | m1²=0.001022 | m2²=0.999617 | eps_w1=1.841384e+00 | eps_w2=2.877777e-03
[step   176450] t/d=1764.500 | task1=2.087833e-01 | task2=6.170975e-03 | F1=2.026443e-01 | m1²=0.001025 | m2²=0.999621 | eps_w1=1.840403e+00 | eps_w2=2.922393e-03
[step   176500] t/d=1765.000 | task1=2.087501e-01 | task2=6.169693e-03 | F1=2.026110e-01 | m1²=0.001010 | m2²=0.999625 | eps_w1=1.840092e+00 | eps_w2=2.931255e-03
[step   176550] t/d=1765.500 | task1=2.087285e-01 | task2=6.170280e-03 | F1=2.025895e-01 | m1²=0.001020 | m2²=0.999634 | eps_w1=1.839804e+00 | eps_w2=2.929250e-03
[step   176600] t/d=1766.000 | task1=2.086331e-01 | task2=6.172192e-03 | F1=2.024940e-01 | m1²=0.001014 | m2²=0.999636 | eps_w1=1.838646e+00 | eps_w2=2.987480e-03
[step   176650] t/d=1766.500 | task1=2.086204e-01 | task2=6.171901e-03 | F1=2.024813e-01 | m1²=0.001009 | m2²=0.999635 | eps_w1=1.838474e+00 | eps_w2=2.999445e-03
[step   176700] t/d=1767.000 | task1=2.086120e-01 | task2=6.169533e-03 | F1=2.024729e-01 | m1²=0.001015 | m2²=0.999636 | eps_w1=1.838438e+00 | eps_w2=2.999692e-03
[step   176750] t/d=1767.500 | task1=2.085863e-01 | task2=6.169591e-03 | F1=2.024472e-01 | m1²=0.001019 | m2²=0.999639 | eps_w1=1.838091e+00 | eps_w2=3.012348e-03
[step   176800] t/d=1768.000 | task1=2.085672e-01 | task2=6.167064e-03 | F1=2.024282e-01 | m1²=0.001013 | m2²=0.999641 | eps_w1=1.837710e+00 | eps_w2=3.029297e-03
[step   176850] t/d=1768.500 | task1=2.086281e-01 | task2=6.165836e-03 | F1=2.024890e-01 | m1²=0.001017 | m2²=0.999642 | eps_w1=1.838476e+00 | eps_w2=2.986021e-03
[step   176900] t/d=1769.000 | task1=2.086400e-01 | task2=6.166300e-03 | F1=2.025009e-01 | m1²=0.001030 | m2²=0.999645 | eps_w1=1.838568e+00 | eps_w2=2.972456e-03
[step   176950] t/d=1769.500 | task1=2.086199e-01 | task2=6.168323e-03 | F1=2.024808e-01 | m1²=0.001028 | m2²=0.999644 | eps_w1=1.838332e+00 | eps_w2=2.987416e-03
[step   177000] t/d=1770.000 | task1=2.086588e-01 | task2=6.168272e-03 | F1=2.025198e-01 | m1²=0.001046 | m2²=0.999639 | eps_w1=1.838901e+00 | eps_w2=2.965643e-03
[step   177050] t/d=1770.500 | task1=2.086191e-01 | task2=6.168386e-03 | F1=2.024801e-01 | m1²=0.001057 | m2²=0.999636 | eps_w1=1.838347e+00 | eps_w2=2.998980e-03
[step   177100] t/d=1771.000 | task1=2.086223e-01 | task2=6.169156e-03 | F1=2.024833e-01 | m1²=0.001067 | m2²=0.999636 | eps_w1=1.838400e+00 | eps_w2=2.995788e-03
[step   177150] t/d=1771.500 | task1=2.085763e-01 | task2=6.168807e-03 | F1=2.024373e-01 | m1²=0.001058 | m2²=0.999639 | eps_w1=1.837816e+00 | eps_w2=3.022631e-03
[step   177200] t/d=1772.000 | task1=2.085455e-01 | task2=6.169470e-03 | F1=2.024065e-01 | m1²=0.001044 | m2²=0.999636 | eps_w1=1.837376e+00 | eps_w2=3.053965e-03
[step   177250] t/d=1772.500 | task1=2.086246e-01 | task2=6.168747e-03 | F1=2.024855e-01 | m1²=0.001033 | m2²=0.999639 | eps_w1=1.838295e+00 | eps_w2=2.998833e-03
[step   177300] t/d=1773.000 | task1=2.086086e-01 | task2=6.169022e-03 | F1=2.024695e-01 | m1²=0.001033 | m2²=0.999634 | eps_w1=1.837952e+00 | eps_w2=3.027304e-03
[step   177350] t/d=1773.500 | task1=2.085967e-01 | task2=6.168243e-03 | F1=2.024576e-01 | m1²=0.001025 | m2²=0.999634 | eps_w1=1.837795e+00 | eps_w2=3.037423e-03
[step   177400] t/d=1774.000 | task1=2.086447e-01 | task2=6.169740e-03 | F1=2.025056e-01 | m1²=0.001027 | m2²=0.999639 | eps_w1=1.838325e+00 | eps_w2=2.998899e-03
[step   177450] t/d=1774.500 | task1=2.086324e-01 | task2=6.171217e-03 | F1=2.024934e-01 | m1²=0.001021 | m2²=0.999642 | eps_w1=1.838143e+00 | eps_w2=3.002449e-03
[step   177500] t/d=1775.000 | task1=2.086579e-01 | task2=6.170103e-03 | F1=2.025188e-01 | m1²=0.001021 | m2²=0.999638 | eps_w1=1.838492e+00 | eps_w2=2.992502e-03
[step   177550] t/d=1775.500 | task1=2.086145e-01 | task2=6.168499e-03 | F1=2.024754e-01 | m1²=0.001023 | m2²=0.999636 | eps_w1=1.838087e+00 | eps_w2=3.016736e-03
[step   177600] t/d=1776.000 | task1=2.086102e-01 | task2=6.168660e-03 | F1=2.024712e-01 | m1²=0.001025 | m2²=0.999636 | eps_w1=1.838006e+00 | eps_w2=3.021622e-03
[step   177650] t/d=1776.500 | task1=2.085726e-01 | task2=6.168014e-03 | F1=2.024336e-01 | m1²=0.001038 | m2²=0.999634 | eps_w1=1.837697e+00 | eps_w2=3.041248e-03
[step   177700] t/d=1777.000 | task1=2.085591e-01 | task2=6.167613e-03 | F1=2.024200e-01 | m1²=0.001047 | m2²=0.999630 | eps_w1=1.837629e+00 | eps_w2=3.051797e-03
[step   177750] t/d=1777.500 | task1=2.085473e-01 | task2=6.165836e-03 | F1=2.024082e-01 | m1²=0.001038 | m2²=0.999632 | eps_w1=1.837422e+00 | eps_w2=3.060380e-03
[step   177800] t/d=1778.000 | task1=2.085185e-01 | task2=6.165533e-03 | F1=2.023795e-01 | m1²=0.001043 | m2²=0.999634 | eps_w1=1.837039e+00 | eps_w2=3.075238e-03
[step   177850] t/d=1778.500 | task1=2.085256e-01 | task2=6.165644e-03 | F1=2.023866e-01 | m1²=0.001053 | m2²=0.999635 | eps_w1=1.837182e+00 | eps_w2=3.064891e-03
[step   177900] t/d=1779.000 | task1=2.085074e-01 | task2=6.166076e-03 | F1=2.023683e-01 | m1²=0.001058 | m2²=0.999629 | eps_w1=1.837176e+00 | eps_w2=3.076414e-03
[step   177950] t/d=1779.500 | task1=2.084922e-01 | task2=6.167784e-03 | F1=2.023532e-01 | m1²=0.001056 | m2²=0.999627 | eps_w1=1.836909e+00 | eps_w2=3.095300e-03
[step   178000] t/d=1780.000 | task1=2.084861e-01 | task2=6.167123e-03 | F1=2.023471e-01 | m1²=0.001045 | m2²=0.999631 | eps_w1=1.836815e+00 | eps_w2=3.093734e-03
[step   178050] t/d=1780.500 | task1=2.085138e-01 | task2=6.166279e-03 | F1=2.023747e-01 | m1²=0.001042 | m2²=0.999632 | eps_w1=1.837231e+00 | eps_w2=3.069547e-03
[step   178100] t/d=1781.000 | task1=2.084982e-01 | task2=6.167357e-03 | F1=2.023591e-01 | m1²=0.001041 | m2²=0.999625 | eps_w1=1.837012e+00 | eps_w2=3.094928e-03
[step   178150] t/d=1781.500 | task1=2.084444e-01 | task2=6.165944e-03 | F1=2.023053e-01 | m1²=0.001028 | m2²=0.999626 | eps_w1=1.836153e+00 | eps_w2=3.142798e-03
[step   178200] t/d=1782.000 | task1=2.084794e-01 | task2=6.168111e-03 | F1=2.023404e-01 | m1²=0.001025 | m2²=0.999627 | eps_w1=1.836454e+00 | eps_w2=3.124327e-03
[step   178250] t/d=1782.500 | task1=2.085119e-01 | task2=6.167656e-03 | F1=2.023728e-01 | m1²=0.001005 | m2²=0.999622 | eps_w1=1.836879e+00 | eps_w2=3.111684e-03
[step   178300] t/d=1783.000 | task1=2.084997e-01 | task2=6.168751e-03 | F1=2.023606e-01 | m1²=0.000996 | m2²=0.999629 | eps_w1=1.836628e+00 | eps_w2=3.112599e-03
[step   178350] t/d=1783.500 | task1=2.085255e-01 | task2=6.171621e-03 | F1=2.023864e-01 | m1²=0.001007 | m2²=0.999630 | eps_w1=1.836794e+00 | eps_w2=3.101334e-03
[step   178400] t/d=1784.000 | task1=2.084844e-01 | task2=6.171711e-03 | F1=2.023454e-01 | m1²=0.000997 | m2²=0.999621 | eps_w1=1.836316e+00 | eps_w2=3.146094e-03
[step   178450] t/d=1784.500 | task1=2.084890e-01 | task2=6.173594e-03 | F1=2.023500e-01 | m1²=0.001004 | m2²=0.999611 | eps_w1=1.836323e+00 | eps_w2=3.163204e-03
[step   178500] t/d=1785.000 | task1=2.084842e-01 | task2=6.174476e-03 | F1=2.023451e-01 | m1²=0.001000 | m2²=0.999618 | eps_w1=1.836253e+00 | eps_w2=3.154094e-03
[step   178550] t/d=1785.500 | task1=2.084815e-01 | task2=6.172437e-03 | F1=2.023425e-01 | m1²=0.000996 | m2²=0.999626 | eps_w1=1.836244e+00 | eps_w2=3.140864e-03
[step   178600] t/d=1786.000 | task1=2.085250e-01 | task2=6.174859e-03 | F1=2.023859e-01 | m1²=0.000988 | m2²=0.999618 | eps_w1=1.836873e+00 | eps_w2=3.120612e-03
[step   178650] t/d=1786.500 | task1=2.085061e-01 | task2=6.175052e-03 | F1=2.023671e-01 | m1²=0.000993 | m2²=0.999623 | eps_w1=1.836634e+00 | eps_w2=3.123813e-03
[step   178700] t/d=1787.000 | task1=2.085441e-01 | task2=6.176853e-03 | F1=2.024050e-01 | m1²=0.000984 | m2²=0.999629 | eps_w1=1.837288e+00 | eps_w2=3.077443e-03
[step   178750] t/d=1787.500 | task1=2.085710e-01 | task2=6.176745e-03 | F1=2.024319e-01 | m1²=0.000993 | m2²=0.999633 | eps_w1=1.837560e+00 | eps_w2=3.055131e-03
[step   178800] t/d=1788.000 | task1=2.086067e-01 | task2=6.175836e-03 | F1=2.024676e-01 | m1²=0.000990 | m2²=0.999633 | eps_w1=1.838091e+00 | eps_w2=3.026639e-03
[step   178850] t/d=1788.500 | task1=2.086244e-01 | task2=6.175555e-03 | F1=2.024854e-01 | m1²=0.000992 | m2²=0.999640 | eps_w1=1.838324e+00 | eps_w2=2.999152e-03
[step   178900] t/d=1789.000 | task1=2.086285e-01 | task2=6.175518e-03 | F1=2.024894e-01 | m1²=0.000991 | m2²=0.999644 | eps_w1=1.838312e+00 | eps_w2=2.992381e-03
[step   178950] t/d=1789.500 | task1=2.086518e-01 | task2=6.175429e-03 | F1=2.025128e-01 | m1²=0.001007 | m2²=0.999644 | eps_w1=1.838566e+00 | eps_w2=2.977236e-03
[step   179000] t/d=1790.000 | task1=2.086864e-01 | task2=6.176324e-03 | F1=2.025473e-01 | m1²=0.001011 | m2²=0.999641 | eps_w1=1.839046e+00 | eps_w2=2.957373e-03
[step   179050] t/d=1790.500 | task1=2.087528e-01 | task2=6.174827e-03 | F1=2.026138e-01 | m1²=0.000996 | m2²=0.999639 | eps_w1=1.839790e+00 | eps_w2=2.922072e-03
[step   179100] t/d=1791.000 | task1=2.087502e-01 | task2=6.173952e-03 | F1=2.026111e-01 | m1²=0.001002 | m2²=0.999636 | eps_w1=1.839837e+00 | eps_w2=2.925502e-03
[step   179150] t/d=1791.500 | task1=2.087095e-01 | task2=6.176819e-03 | F1=2.025704e-01 | m1²=0.000998 | m2²=0.999638 | eps_w1=1.839148e+00 | eps_w2=2.959051e-03
[step   179200] t/d=1792.000 | task1=2.087737e-01 | task2=6.177169e-03 | F1=2.026346e-01 | m1²=0.001007 | m2²=0.999634 | eps_w1=1.840070e+00 | eps_w2=2.915373e-03
[step   179250] t/d=1792.500 | task1=2.087816e-01 | task2=6.176116e-03 | F1=2.026425e-01 | m1²=0.001014 | m2²=0.999633 | eps_w1=1.840187e+00 | eps_w2=2.911558e-03
[step   179300] t/d=1793.000 | task1=2.087831e-01 | task2=6.177515e-03 | F1=2.026440e-01 | m1²=0.001016 | m2²=0.999633 | eps_w1=1.840205e+00 | eps_w2=2.909416e-03
[step   179350] t/d=1793.500 | task1=2.087616e-01 | task2=6.177050e-03 | F1=2.026225e-01 | m1²=0.001027 | m2²=0.999636 | eps_w1=1.839972e+00 | eps_w2=2.916255e-03
[step   179400] t/d=1794.000 | task1=2.087650e-01 | task2=6.175063e-03 | F1=2.026259e-01 | m1²=0.001030 | m2²=0.999633 | eps_w1=1.839853e+00 | eps_w2=2.928242e-03
[step   179450] t/d=1794.500 | task1=2.088092e-01 | task2=6.173731e-03 | F1=2.026701e-01 | m1²=0.001018 | m2²=0.999628 | eps_w1=1.840557e+00 | eps_w2=2.901629e-03
[step   179500] t/d=1795.000 | task1=2.087935e-01 | task2=6.172716e-03 | F1=2.026544e-01 | m1²=0.001023 | m2²=0.999625 | eps_w1=1.840264e+00 | eps_w2=2.921811e-03
[step   179550] t/d=1795.500 | task1=2.087565e-01 | task2=6.172688e-03 | F1=2.026175e-01 | m1²=0.001031 | m2²=0.999625 | eps_w1=1.839727e+00 | eps_w2=2.949080e-03
[step   179600] t/d=1796.000 | task1=2.087821e-01 | task2=6.171694e-03 | F1=2.026430e-01 | m1²=0.001034 | m2²=0.999629 | eps_w1=1.840033e+00 | eps_w2=2.925997e-03
[step   179650] t/d=1796.500 | task1=2.087869e-01 | task2=6.170696e-03 | F1=2.026478e-01 | m1²=0.001031 | m2²=0.999627 | eps_w1=1.839949e+00 | eps_w2=2.933102e-03
[step   179700] t/d=1797.000 | task1=2.087484e-01 | task2=6.170848e-03 | F1=2.026093e-01 | m1²=0.001033 | m2²=0.999627 | eps_w1=1.839432e+00 | eps_w2=2.961380e-03
[step   179750] t/d=1797.500 | task1=2.087316e-01 | task2=6.167444e-03 | F1=2.025926e-01 | m1²=0.001044 | m2²=0.999622 | eps_w1=1.839407e+00 | eps_w2=2.970495e-03
[step   179800] t/d=1798.000 | task1=2.087487e-01 | task2=6.169461e-03 | F1=2.026097e-01 | m1²=0.001038 | m2²=0.999617 | eps_w1=1.839574e+00 | eps_w2=2.971512e-03
[step   179850] t/d=1798.500 | task1=2.087581e-01 | task2=6.167154e-03 | F1=2.026190e-01 | m1²=0.001046 | m2²=0.999615 | eps_w1=1.839668e+00 | eps_w2=2.970319e-03
[step   179900] t/d=1799.000 | task1=2.087971e-01 | task2=6.167170e-03 | F1=2.026580e-01 | m1²=0.001051 | m2²=0.999614 | eps_w1=1.840042e+00 | eps_w2=2.951471e-03
[step   179950] t/d=1799.500 | task1=2.088160e-01 | task2=6.166527e-03 | F1=2.026769e-01 | m1²=0.001055 | m2²=0.999621 | eps_w1=1.840158e+00 | eps_w2=2.930799e-03
[step   180000] t/d=1800.000 | task1=2.088479e-01 | task2=6.167857e-03 | F1=2.027088e-01 | m1²=0.001045 | m2²=0.999614 | eps_w1=1.840521e+00 | eps_w2=2.926868e-03
[step   180050] t/d=1800.500 | task1=2.088480e-01 | task2=6.169450e-03 | F1=2.027089e-01 | m1²=0.001048 | m2²=0.999618 | eps_w1=1.840521e+00 | eps_w2=2.918283e-03
[step   180100] t/d=1801.000 | task1=2.088459e-01 | task2=6.169207e-03 | F1=2.027069e-01 | m1²=0.001054 | m2²=0.999615 | eps_w1=1.840592e+00 | eps_w2=2.920981e-03
[step   180150] t/d=1801.500 | task1=2.088424e-01 | task2=6.168001e-03 | F1=2.027034e-01 | m1²=0.001051 | m2²=0.999621 | eps_w1=1.840528e+00 | eps_w2=2.913436e-03
[step   180200] t/d=1802.000 | task1=2.088624e-01 | task2=6.166366e-03 | F1=2.027234e-01 | m1²=0.001056 | m2²=0.999620 | eps_w1=1.840825e+00 | eps_w2=2.898064e-03
[step   180250] t/d=1802.500 | task1=2.088382e-01 | task2=6.163981e-03 | F1=2.026991e-01 | m1²=0.001062 | m2²=0.999625 | eps_w1=1.840554e+00 | eps_w2=2.902163e-03
[step   180300] t/d=1803.000 | task1=2.088055e-01 | task2=6.162573e-03 | F1=2.026664e-01 | m1²=0.001080 | m2²=0.999627 | eps_w1=1.840324e+00 | eps_w2=2.909933e-03
[step   180350] t/d=1803.500 | task1=2.088153e-01 | task2=6.163282e-03 | F1=2.026763e-01 | m1²=0.001084 | m2²=0.999627 | eps_w1=1.840421e+00 | eps_w2=2.904168e-03
[step   180400] t/d=1804.000 | task1=2.087917e-01 | task2=6.162112e-03 | F1=2.026526e-01 | m1²=0.001076 | m2²=0.999631 | eps_w1=1.840179e+00 | eps_w2=2.908745e-03
[step   180450] t/d=1804.500 | task1=2.088379e-01 | task2=6.161512e-03 | F1=2.026988e-01 | m1²=0.001081 | m2²=0.999636 | eps_w1=1.840787e+00 | eps_w2=2.866610e-03
[step   180500] t/d=1805.000 | task1=2.087844e-01 | task2=6.162786e-03 | F1=2.026454e-01 | m1²=0.001092 | m2²=0.999637 | eps_w1=1.840157e+00 | eps_w2=2.897458e-03
[step   180550] t/d=1805.500 | task1=2.087737e-01 | task2=6.161485e-03 | F1=2.026346e-01 | m1²=0.001089 | m2²=0.999641 | eps_w1=1.839988e+00 | eps_w2=2.898770e-03
[step   180600] t/d=1806.000 | task1=2.087457e-01 | task2=6.162258e-03 | F1=2.026067e-01 | m1²=0.001088 | m2²=0.999645 | eps_w1=1.839682e+00 | eps_w2=2.907111e-03
[step   180650] t/d=1806.500 | task1=2.087383e-01 | task2=6.162791e-03 | F1=2.025992e-01 | m1²=0.001089 | m2²=0.999648 | eps_w1=1.839627e+00 | eps_w2=2.904985e-03
[step   180700] t/d=1807.000 | task1=2.087388e-01 | task2=6.162854e-03 | F1=2.025997e-01 | m1²=0.001091 | m2²=0.999640 | eps_w1=1.839659e+00 | eps_w2=2.918981e-03
[step   180750] t/d=1807.500 | task1=2.087400e-01 | task2=6.163297e-03 | F1=2.026009e-01 | m1²=0.001087 | m2²=0.999631 | eps_w1=1.839663e+00 | eps_w2=2.936264e-03
[step   180800] t/d=1808.000 | task1=2.086975e-01 | task2=6.165185e-03 | F1=2.025584e-01 | m1²=0.001081 | m2²=0.999626 | eps_w1=1.839163e+00 | eps_w2=2.972639e-03
[step   180850] t/d=1808.500 | task1=2.087153e-01 | task2=6.163863e-03 | F1=2.025763e-01 | m1²=0.001089 | m2²=0.999627 | eps_w1=1.839422e+00 | eps_w2=2.956363e-03
[step   180900] t/d=1809.000 | task1=2.087462e-01 | task2=6.164193e-03 | F1=2.026072e-01 | m1²=0.001103 | m2²=0.999615 | eps_w1=1.839896e+00 | eps_w2=2.952981e-03
[step   180950] t/d=1809.500 | task1=2.087191e-01 | task2=6.162940e-03 | F1=2.025801e-01 | m1²=0.001099 | m2²=0.999616 | eps_w1=1.839555e+00 | eps_w2=2.968621e-03
[step   181000] t/d=1810.000 | task1=2.087229e-01 | task2=6.165451e-03 | F1=2.025838e-01 | m1²=0.001092 | m2²=0.999619 | eps_w1=1.839593e+00 | eps_w2=2.961993e-03
[step   181050] t/d=1810.500 | task1=2.087419e-01 | task2=6.168142e-03 | F1=2.026029e-01 | m1²=0.001084 | m2²=0.999619 | eps_w1=1.839821e+00 | eps_w2=2.949803e-03
[step   181100] t/d=1811.000 | task1=2.086899e-01 | task2=6.168012e-03 | F1=2.025508e-01 | m1²=0.001090 | m2²=0.999612 | eps_w1=1.839195e+00 | eps_w2=2.996891e-03
[step   181150] t/d=1811.500 | task1=2.087250e-01 | task2=6.166426e-03 | F1=2.025859e-01 | m1²=0.001091 | m2²=0.999620 | eps_w1=1.839700e+00 | eps_w2=2.954082e-03
[step   181200] t/d=1812.000 | task1=2.087631e-01 | task2=6.166397e-03 | F1=2.026240e-01 | m1²=0.001102 | m2²=0.999621 | eps_w1=1.840092e+00 | eps_w2=2.930621e-03
[step   181250] t/d=1812.500 | task1=2.088179e-01 | task2=6.168364e-03 | F1=2.026789e-01 | m1²=0.001097 | m2²=0.999619 | eps_w1=1.840630e+00 | eps_w2=2.907316e-03
[step   181300] t/d=1813.000 | task1=2.088410e-01 | task2=6.167410e-03 | F1=2.027020e-01 | m1²=0.001088 | m2²=0.999619 | eps_w1=1.840920e+00 | eps_w2=2.891842e-03
[step   181350] t/d=1813.500 | task1=2.087820e-01 | task2=6.165823e-03 | F1=2.026429e-01 | m1²=0.001092 | m2²=0.999622 | eps_w1=1.840059e+00 | eps_w2=2.931342e-03
[step   181400] t/d=1814.000 | task1=2.087660e-01 | task2=6.166856e-03 | F1=2.026270e-01 | m1²=0.001097 | m2²=0.999621 | eps_w1=1.840042e+00 | eps_w2=2.933197e-03
[step   181450] t/d=1814.500 | task1=2.087478e-01 | task2=6.165998e-03 | F1=2.026087e-01 | m1²=0.001099 | m2²=0.999627 | eps_w1=1.839777e+00 | eps_w2=2.936144e-03
[step   181500] t/d=1815.000 | task1=2.086959e-01 | task2=6.166053e-03 | F1=2.025568e-01 | m1²=0.001104 | m2²=0.999626 | eps_w1=1.839247e+00 | eps_w2=2.965143e-03
[step   181550] t/d=1815.500 | task1=2.086851e-01 | task2=6.166618e-03 | F1=2.025460e-01 | m1²=0.001091 | m2²=0.999633 | eps_w1=1.839079e+00 | eps_w2=2.962968e-03
[step   181600] t/d=1816.000 | task1=2.087075e-01 | task2=6.167538e-03 | F1=2.025684e-01 | m1²=0.001087 | m2²=0.999639 | eps_w1=1.839347e+00 | eps_w2=2.937996e-03
[step   181650] t/d=1816.500 | task1=2.086847e-01 | task2=6.167841e-03 | F1=2.025457e-01 | m1²=0.001089 | m2²=0.999636 | eps_w1=1.839187e+00 | eps_w2=2.950761e-03
[step   181700] t/d=1817.000 | task1=2.086600e-01 | task2=6.169209e-03 | F1=2.025209e-01 | m1²=0.001087 | m2²=0.999633 | eps_w1=1.838811e+00 | eps_w2=2.977958e-03
[step   181750] t/d=1817.500 | task1=2.086627e-01 | task2=6.170023e-03 | F1=2.025236e-01 | m1²=0.001053 | m2²=0.999640 | eps_w1=1.838907e+00 | eps_w2=2.963134e-03
[step   181800] t/d=1818.000 | task1=2.087033e-01 | task2=6.171697e-03 | F1=2.025643e-01 | m1²=0.001051 | m2²=0.999633 | eps_w1=1.839369e+00 | eps_w2=2.951469e-03
[step   181850] t/d=1818.500 | task1=2.086949e-01 | task2=6.172998e-03 | F1=2.025558e-01 | m1²=0.001052 | m2²=0.999632 | eps_w1=1.839250e+00 | eps_w2=2.959532e-03
[step   181900] t/d=1819.000 | task1=2.087476e-01 | task2=6.170918e-03 | F1=2.026085e-01 | m1²=0.001041 | m2²=0.999641 | eps_w1=1.839868e+00 | eps_w2=2.911064e-03
[step   181950] t/d=1819.500 | task1=2.087379e-01 | task2=6.171188e-03 | F1=2.025988e-01 | m1²=0.001034 | m2²=0.999638 | eps_w1=1.839793e+00 | eps_w2=2.919713e-03
[step   182000] t/d=1820.000 | task1=2.086630e-01 | task2=6.172530e-03 | F1=2.025239e-01 | m1²=0.001036 | m2²=0.999638 | eps_w1=1.838785e+00 | eps_w2=2.975298e-03
[step   182050] t/d=1820.500 | task1=2.086774e-01 | task2=6.172850e-03 | F1=2.025383e-01 | m1²=0.001034 | m2²=0.999637 | eps_w1=1.838921e+00 | eps_w2=2.969058e-03
[step   182100] t/d=1821.000 | task1=2.087069e-01 | task2=6.172907e-03 | F1=2.025678e-01 | m1²=0.001034 | m2²=0.999639 | eps_w1=1.839330e+00 | eps_w2=2.943607e-03
[step   182150] t/d=1821.500 | task1=2.086756e-01 | task2=6.174043e-03 | F1=2.025365e-01 | m1²=0.001032 | m2²=0.999635 | eps_w1=1.839029e+00 | eps_w2=2.967312e-03
[step   182200] t/d=1822.000 | task1=2.086974e-01 | task2=6.175016e-03 | F1=2.025583e-01 | m1²=0.001017 | m2²=0.999633 | eps_w1=1.839309e+00 | eps_w2=2.958359e-03
[step   182250] t/d=1822.500 | task1=2.086813e-01 | task2=6.172532e-03 | F1=2.025422e-01 | m1²=0.001015 | m2²=0.999637 | eps_w1=1.839123e+00 | eps_w2=2.960126e-03
[step   182300] t/d=1823.000 | task1=2.086196e-01 | task2=6.172913e-03 | F1=2.024806e-01 | m1²=0.001024 | m2²=0.999635 | eps_w1=1.838289e+00 | eps_w2=3.008057e-03
[step   182350] t/d=1823.500 | task1=2.086675e-01 | task2=6.172696e-03 | F1=2.025284e-01 | m1²=0.001018 | m2²=0.999637 | eps_w1=1.838825e+00 | eps_w2=2.976191e-03
[step   182400] t/d=1824.000 | task1=2.086588e-01 | task2=6.171658e-03 | F1=2.025197e-01 | m1²=0.001005 | m2²=0.999638 | eps_w1=1.838641e+00 | eps_w2=2.985745e-03
[step   182450] t/d=1824.500 | task1=2.087153e-01 | task2=6.172797e-03 | F1=2.025762e-01 | m1²=0.001010 | m2²=0.999634 | eps_w1=1.839327e+00 | eps_w2=2.954727e-03
[step   182500] t/d=1825.000 | task1=2.087388e-01 | task2=6.172405e-03 | F1=2.025997e-01 | m1²=0.000996 | m2²=0.999639 | eps_w1=1.839610e+00 | eps_w2=2.932385e-03
[step   182550] t/d=1825.500 | task1=2.087724e-01 | task2=6.171619e-03 | F1=2.026333e-01 | m1²=0.000986 | m2²=0.999639 | eps_w1=1.840003e+00 | eps_w2=2.912930e-03
[step   182600] t/d=1826.000 | task1=2.087813e-01 | task2=6.171125e-03 | F1=2.026423e-01 | m1²=0.000981 | m2²=0.999631 | eps_w1=1.840169e+00 | eps_w2=2.919472e-03
[step   182650] t/d=1826.500 | task1=2.087800e-01 | task2=6.170285e-03 | F1=2.026409e-01 | m1²=0.000982 | m2²=0.999635 | eps_w1=1.840093e+00 | eps_w2=2.914975e-03
[step   182700] t/d=1827.000 | task1=2.087635e-01 | task2=6.172650e-03 | F1=2.026244e-01 | m1²=0.000983 | m2²=0.999627 | eps_w1=1.840045e+00 | eps_w2=2.934009e-03
[step   182750] t/d=1827.500 | task1=2.086795e-01 | task2=6.174918e-03 | F1=2.025404e-01 | m1²=0.000991 | m2²=0.999625 | eps_w1=1.839049e+00 | eps_w2=2.989269e-03
[step   182800] t/d=1828.000 | task1=2.087104e-01 | task2=6.174260e-03 | F1=2.025713e-01 | m1²=0.000981 | m2²=0.999630 | eps_w1=1.839520e+00 | eps_w2=2.955201e-03
[step   182850] t/d=1828.500 | task1=2.087160e-01 | task2=6.173343e-03 | F1=2.025770e-01 | m1²=0.000983 | m2²=0.999629 | eps_w1=1.839592e+00 | eps_w2=2.952808e-03
[step   182900] t/d=1829.000 | task1=2.087600e-01 | task2=6.173591e-03 | F1=2.026210e-01 | m1²=0.000992 | m2²=0.999619 | eps_w1=1.840225e+00 | eps_w2=2.938875e-03
[step   182950] t/d=1829.500 | task1=2.087936e-01 | task2=6.174302e-03 | F1=2.026546e-01 | m1²=0.000982 | m2²=0.999613 | eps_w1=1.840706e+00 | eps_w2=2.924528e-03
[step   183000] t/d=1830.000 | task1=2.088428e-01 | task2=6.173546e-03 | F1=2.027037e-01 | m1²=0.000976 | m2²=0.999616 | eps_w1=1.841208e+00 | eps_w2=2.892890e-03
[step   183050] t/d=1830.500 | task1=2.088646e-01 | task2=6.174939e-03 | F1=2.027255e-01 | m1²=0.000977 | m2²=0.999616 | eps_w1=1.841348e+00 | eps_w2=2.887074e-03
[step   183100] t/d=1831.000 | task1=2.088129e-01 | task2=6.173965e-03 | F1=2.026738e-01 | m1²=0.000974 | m2²=0.999614 | eps_w1=1.840705e+00 | eps_w2=2.923792e-03
[step   183150] t/d=1831.500 | task1=2.088113e-01 | task2=6.175791e-03 | F1=2.026722e-01 | m1²=0.000977 | m2²=0.999598 | eps_w1=1.840703e+00 | eps_w2=2.953544e-03
[step   183200] t/d=1832.000 | task1=2.089000e-01 | task2=6.175057e-03 | F1=2.027610e-01 | m1²=0.000961 | m2²=0.999605 | eps_w1=1.841933e+00 | eps_w2=2.878470e-03
[step   183250] t/d=1832.500 | task1=2.089231e-01 | task2=6.174838e-03 | F1=2.027841e-01 | m1²=0.000970 | m2²=0.999602 | eps_w1=1.842187e+00 | eps_w2=2.869567e-03
[step   183300] t/d=1833.000 | task1=2.088966e-01 | task2=6.174255e-03 | F1=2.027575e-01 | m1²=0.000973 | m2²=0.999604 | eps_w1=1.841834e+00 | eps_w2=2.883731e-03
[step   183350] t/d=1833.500 | task1=2.088507e-01 | task2=6.175171e-03 | F1=2.027117e-01 | m1²=0.000982 | m2²=0.999601 | eps_w1=1.841198e+00 | eps_w2=2.923048e-03
[step   183400] t/d=1834.000 | task1=2.088424e-01 | task2=6.176155e-03 | F1=2.027033e-01 | m1²=0.000984 | m2²=0.999597 | eps_w1=1.841100e+00 | eps_w2=2.934007e-03
[step   183450] t/d=1834.500 | task1=2.088060e-01 | task2=6.174711e-03 | F1=2.026669e-01 | m1²=0.000989 | m2²=0.999607 | eps_w1=1.840559e+00 | eps_w2=2.944007e-03
[step   183500] t/d=1835.000 | task1=2.088037e-01 | task2=6.172955e-03 | F1=2.026647e-01 | m1²=0.000988 | m2²=0.999614 | eps_w1=1.840560e+00 | eps_w2=2.929626e-03
[step   183550] t/d=1835.500 | task1=2.088695e-01 | task2=6.173285e-03 | F1=2.027304e-01 | m1²=0.000999 | m2²=0.999614 | eps_w1=1.841420e+00 | eps_w2=2.883523e-03
[step   183600] t/d=1836.000 | task1=2.089055e-01 | task2=6.172681e-03 | F1=2.027664e-01 | m1²=0.001005 | m2²=0.999619 | eps_w1=1.841961e+00 | eps_w2=2.846363e-03
[step   183650] t/d=1836.500 | task1=2.089598e-01 | task2=6.171230e-03 | F1=2.028207e-01 | m1²=0.001003 | m2²=0.999620 | eps_w1=1.842528e+00 | eps_w2=2.815277e-03
[step   183700] t/d=1837.000 | task1=2.089951e-01 | task2=6.172411e-03 | F1=2.028560e-01 | m1²=0.000995 | m2²=0.999622 | eps_w1=1.843005e+00 | eps_w2=2.787393e-03
[step   183750] t/d=1837.500 | task1=2.089839e-01 | task2=6.170058e-03 | F1=2.028449e-01 | m1²=0.000990 | m2²=0.999624 | eps_w1=1.842857e+00 | eps_w2=2.792281e-03
[step   183800] t/d=1838.000 | task1=2.089823e-01 | task2=6.169399e-03 | F1=2.028432e-01 | m1²=0.000998 | m2²=0.999629 | eps_w1=1.842868e+00 | eps_w2=2.781175e-03
[step   183850] t/d=1838.500 | task1=2.089898e-01 | task2=6.168426e-03 | F1=2.028507e-01 | m1²=0.000999 | m2²=0.999631 | eps_w1=1.843009e+00 | eps_w2=2.770144e-03
[step   183900] t/d=1839.000 | task1=2.089576e-01 | task2=6.166562e-03 | F1=2.028186e-01 | m1²=0.000988 | m2²=0.999632 | eps_w1=1.842631e+00 | eps_w2=2.789227e-03
[step   183950] t/d=1839.500 | task1=2.089663e-01 | task2=6.165430e-03 | F1=2.028272e-01 | m1²=0.000987 | m2²=0.999629 | eps_w1=1.842790e+00 | eps_w2=2.785785e-03
[step   184000] t/d=1840.000 | task1=2.090105e-01 | task2=6.164350e-03 | F1=2.028714e-01 | m1²=0.000985 | m2²=0.999621 | eps_w1=1.843174e+00 | eps_w2=2.781020e-03
[step   184050] t/d=1840.500 | task1=2.089784e-01 | task2=6.164429e-03 | F1=2.028393e-01 | m1²=0.000992 | m2²=0.999618 | eps_w1=1.842713e+00 | eps_w2=2.810624e-03
[step   184100] t/d=1841.000 | task1=2.089960e-01 | task2=6.165388e-03 | F1=2.028569e-01 | m1²=0.000991 | m2²=0.999611 | eps_w1=1.842793e+00 | eps_w2=2.820420e-03
[step   184150] t/d=1841.500 | task1=2.089690e-01 | task2=6.163713e-03 | F1=2.028299e-01 | m1²=0.001001 | m2²=0.999614 | eps_w1=1.842479e+00 | eps_w2=2.830175e-03
[step   184200] t/d=1842.000 | task1=2.089249e-01 | task2=6.162511e-03 | F1=2.027858e-01 | m1²=0.000999 | m2²=0.999614 | eps_w1=1.842091e+00 | eps_w2=2.849669e-03
[step   184250] t/d=1842.500 | task1=2.089470e-01 | task2=6.161960e-03 | F1=2.028079e-01 | m1²=0.001002 | m2²=0.999612 | eps_w1=1.842422e+00 | eps_w2=2.835195e-03
[step   184300] t/d=1843.000 | task1=2.089234e-01 | task2=6.160367e-03 | F1=2.027844e-01 | m1²=0.001003 | m2²=0.999608 | eps_w1=1.842186e+00 | eps_w2=2.856324e-03
[step   184350] t/d=1843.500 | task1=2.089539e-01 | task2=6.160893e-03 | F1=2.028148e-01 | m1²=0.001017 | m2²=0.999608 | eps_w1=1.842602e+00 | eps_w2=2.832286e-03
[step   184400] t/d=1844.000 | task1=2.089142e-01 | task2=6.160115e-03 | F1=2.027751e-01 | m1²=0.001027 | m2²=0.999615 | eps_w1=1.842147e+00 | eps_w2=2.841253e-03
[step   184450] t/d=1844.500 | task1=2.089005e-01 | task2=6.159548e-03 | F1=2.027614e-01 | m1²=0.001021 | m2²=0.999610 | eps_w1=1.842057e+00 | eps_w2=2.856802e-03
[step   184500] t/d=1845.000 | task1=2.088921e-01 | task2=6.159825e-03 | F1=2.027531e-01 | m1²=0.001019 | m2²=0.999607 | eps_w1=1.841790e+00 | eps_w2=2.876757e-03
[step   184550] t/d=1845.500 | task1=2.089026e-01 | task2=6.159637e-03 | F1=2.027636e-01 | m1²=0.001032 | m2²=0.999601 | eps_w1=1.842012e+00 | eps_w2=2.875897e-03
[step   184600] t/d=1846.000 | task1=2.089466e-01 | task2=6.161082e-03 | F1=2.028075e-01 | m1²=0.001021 | m2²=0.999599 | eps_w1=1.842488e+00 | eps_w2=2.856434e-03
[step   184650] t/d=1846.500 | task1=2.089240e-01 | task2=6.161988e-03 | F1=2.027849e-01 | m1²=0.001008 | m2²=0.999594 | eps_w1=1.842263e+00 | eps_w2=2.877000e-03
[step   184700] t/d=1847.000 | task1=2.089285e-01 | task2=6.161541e-03 | F1=2.027894e-01 | m1²=0.001000 | m2²=0.999593 | eps_w1=1.842262e+00 | eps_w2=2.879855e-03
[step   184750] t/d=1847.500 | task1=2.089280e-01 | task2=6.161278e-03 | F1=2.027889e-01 | m1²=0.001003 | m2²=0.999595 | eps_w1=1.842302e+00 | eps_w2=2.873548e-03
[step   184800] t/d=1848.000 | task1=2.088945e-01 | task2=6.161722e-03 | F1=2.027555e-01 | m1²=0.001006 | m2²=0.999598 | eps_w1=1.841921e+00 | eps_w2=2.887853e-03
[step   184850] t/d=1848.500 | task1=2.088857e-01 | task2=6.161333e-03 | F1=2.027466e-01 | m1²=0.001010 | m2²=0.999600 | eps_w1=1.841861e+00 | eps_w2=2.886908e-03
[step   184900] t/d=1849.000 | task1=2.089421e-01 | task2=6.162497e-03 | F1=2.028030e-01 | m1²=0.001010 | m2²=0.999593 | eps_w1=1.842648e+00 | eps_w2=2.859538e-03
[step   184950] t/d=1849.500 | task1=2.089152e-01 | task2=6.161602e-03 | F1=2.027761e-01 | m1²=0.001011 | m2²=0.999601 | eps_w1=1.842313e+00 | eps_w2=2.862566e-03
[step   185000] t/d=1850.000 | task1=2.088568e-01 | task2=6.161884e-03 | F1=2.027177e-01 | m1²=0.001009 | m2²=0.999602 | eps_w1=1.841504e+00 | eps_w2=2.901919e-03
[step   185050] t/d=1850.500 | task1=2.089016e-01 | task2=6.161548e-03 | F1=2.027625e-01 | m1²=0.001001 | m2²=0.999598 | eps_w1=1.842052e+00 | eps_w2=2.881409e-03
[step   185100] t/d=1851.000 | task1=2.088525e-01 | task2=6.159028e-03 | F1=2.027134e-01 | m1²=0.000999 | m2²=0.999601 | eps_w1=1.841500e+00 | eps_w2=2.905285e-03
[step   185150] t/d=1851.500 | task1=2.088352e-01 | task2=6.160081e-03 | F1=2.026961e-01 | m1²=0.000998 | m2²=0.999596 | eps_w1=1.841374e+00 | eps_w2=2.921032e-03
[step   185200] t/d=1852.000 | task1=2.088086e-01 | task2=6.160928e-03 | F1=2.026695e-01 | m1²=0.000991 | m2²=0.999595 | eps_w1=1.841133e+00 | eps_w2=2.937035e-03
[step   185250] t/d=1852.500 | task1=2.087598e-01 | task2=6.161959e-03 | F1=2.026207e-01 | m1²=0.000984 | m2²=0.999597 | eps_w1=1.840485e+00 | eps_w2=2.967474e-03
[step   185300] t/d=1853.000 | task1=2.087850e-01 | task2=6.162203e-03 | F1=2.026460e-01 | m1²=0.000985 | m2²=0.999602 | eps_w1=1.840751e+00 | eps_w2=2.943748e-03
[step   185350] t/d=1853.500 | task1=2.087659e-01 | task2=6.160895e-03 | F1=2.026269e-01 | m1²=0.000985 | m2²=0.999607 | eps_w1=1.840552e+00 | eps_w2=2.944485e-03
[step   185400] t/d=1854.000 | task1=2.087654e-01 | task2=6.159499e-03 | F1=2.026264e-01 | m1²=0.000980 | m2²=0.999614 | eps_w1=1.840437e+00 | eps_w2=2.938195e-03
[step   185450] t/d=1854.500 | task1=2.088295e-01 | task2=6.159976e-03 | F1=2.026904e-01 | m1²=0.000969 | m2²=0.999606 | eps_w1=1.841310e+00 | eps_w2=2.907466e-03
[step   185500] t/d=1855.000 | task1=2.088159e-01 | task2=6.157943e-03 | F1=2.026769e-01 | m1²=0.000969 | m2²=0.999606 | eps_w1=1.841001e+00 | eps_w2=2.924276e-03
[step   185550] t/d=1855.500 | task1=2.088681e-01 | task2=6.158370e-03 | F1=2.027290e-01 | m1²=0.000962 | m2²=0.999607 | eps_w1=1.841755e+00 | eps_w2=2.883110e-03
[step   185600] t/d=1856.000 | task1=2.088349e-01 | task2=6.157761e-03 | F1=2.026959e-01 | m1²=0.000964 | m2²=0.999606 | eps_w1=1.841424e+00 | eps_w2=2.902841e-03
[step   185650] t/d=1856.500 | task1=2.088057e-01 | task2=6.157799e-03 | F1=2.026666e-01 | m1²=0.000962 | m2²=0.999598 | eps_w1=1.841012e+00 | eps_w2=2.939252e-03
[step   185700] t/d=1857.000 | task1=2.088488e-01 | task2=6.158725e-03 | F1=2.027097e-01 | m1²=0.000969 | m2²=0.999595 | eps_w1=1.841502e+00 | eps_w2=2.918746e-03
[step   185750] t/d=1857.500 | task1=2.088631e-01 | task2=6.159070e-03 | F1=2.027240e-01 | m1²=0.000964 | m2²=0.999597 | eps_w1=1.841793e+00 | eps_w2=2.900091e-03
[step   185800] t/d=1858.000 | task1=2.088503e-01 | task2=6.158673e-03 | F1=2.027113e-01 | m1²=0.000964 | m2²=0.999594 | eps_w1=1.841694e+00 | eps_w2=2.912075e-03
[step   185850] t/d=1858.500 | task1=2.088897e-01 | task2=6.157692e-03 | F1=2.027506e-01 | m1²=0.000969 | m2²=0.999590 | eps_w1=1.842181e+00 | eps_w2=2.892857e-03
[step   185900] t/d=1859.000 | task1=2.088776e-01 | task2=6.157557e-03 | F1=2.027386e-01 | m1²=0.000967 | m2²=0.999601 | eps_w1=1.841853e+00 | eps_w2=2.888851e-03
[step   185950] t/d=1859.500 | task1=2.088603e-01 | task2=6.156767e-03 | F1=2.027213e-01 | m1²=0.000957 | m2²=0.999595 | eps_w1=1.841434e+00 | eps_w2=2.923235e-03
[step   186000] t/d=1860.000 | task1=2.088920e-01 | task2=6.156753e-03 | F1=2.027529e-01 | m1²=0.000956 | m2²=0.999591 | eps_w1=1.841794e+00 | eps_w2=2.913179e-03
[step   186050] t/d=1860.500 | task1=2.089195e-01 | task2=6.153471e-03 | F1=2.027804e-01 | m1²=0.000964 | m2²=0.999591 | eps_w1=1.842100e+00 | eps_w2=2.896586e-03
[step   186100] t/d=1861.000 | task1=2.089465e-01 | task2=6.155108e-03 | F1=2.028074e-01 | m1²=0.000975 | m2²=0.999592 | eps_w1=1.842588e+00 | eps_w2=2.868418e-03
[step   186150] t/d=1861.500 | task1=2.089330e-01 | task2=6.154844e-03 | F1=2.027940e-01 | m1²=0.000973 | m2²=0.999593 | eps_w1=1.842408e+00 | eps_w2=2.875257e-03
[step   186200] t/d=1862.000 | task1=2.088912e-01 | task2=6.154254e-03 | F1=2.027521e-01 | m1²=0.000960 | m2²=0.999600 | eps_w1=1.841713e+00 | eps_w2=2.900373e-03
[step   186250] t/d=1862.500 | task1=2.088770e-01 | task2=6.153829e-03 | F1=2.027380e-01 | m1²=0.000975 | m2²=0.999597 | eps_w1=1.841388e+00 | eps_w2=2.921062e-03
[step   186300] t/d=1863.000 | task1=2.088882e-01 | task2=6.155952e-03 | F1=2.027492e-01 | m1²=0.000970 | m2²=0.999602 | eps_w1=1.841457e+00 | eps_w2=2.908081e-03
[step   186350] t/d=1863.500 | task1=2.088923e-01 | task2=6.157607e-03 | F1=2.027532e-01 | m1²=0.000967 | m2²=0.999601 | eps_w1=1.841636e+00 | eps_w2=2.901790e-03
[step   186400] t/d=1864.000 | task1=2.088856e-01 | task2=6.157124e-03 | F1=2.027466e-01 | m1²=0.000976 | m2²=0.999600 | eps_w1=1.841465e+00 | eps_w2=2.910055e-03
[step   186450] t/d=1864.500 | task1=2.088497e-01 | task2=6.156816e-03 | F1=2.027106e-01 | m1²=0.000970 | m2²=0.999599 | eps_w1=1.841043e+00 | eps_w2=2.935203e-03
[step   186500] t/d=1865.000 | task1=2.088497e-01 | task2=6.156416e-03 | F1=2.027106e-01 | m1²=0.000965 | m2²=0.999601 | eps_w1=1.841074e+00 | eps_w2=2.930262e-03
[step   186550] t/d=1865.500 | task1=2.088284e-01 | task2=6.156095e-03 | F1=2.026893e-01 | m1²=0.000965 | m2²=0.999603 | eps_w1=1.840901e+00 | eps_w2=2.935673e-03
[step   186600] t/d=1866.000 | task1=2.088116e-01 | task2=6.154645e-03 | F1=2.026725e-01 | m1²=0.000964 | m2²=0.999612 | eps_w1=1.840632e+00 | eps_w2=2.933230e-03
[step   186650] t/d=1866.500 | task1=2.087821e-01 | task2=6.154317e-03 | F1=2.026431e-01 | m1²=0.000972 | m2²=0.999613 | eps_w1=1.840158e+00 | eps_w2=2.955067e-03
[step   186700] t/d=1867.000 | task1=2.087560e-01 | task2=6.154100e-03 | F1=2.026169e-01 | m1²=0.000970 | m2²=0.999617 | eps_w1=1.839804e+00 | eps_w2=2.965976e-03
[step   186750] t/d=1867.500 | task1=2.087267e-01 | task2=6.153049e-03 | F1=2.025876e-01 | m1²=0.000973 | m2²=0.999615 | eps_w1=1.839494e+00 | eps_w2=2.987296e-03
[step   186800] t/d=1868.000 | task1=2.087817e-01 | task2=6.154493e-03 | F1=2.026427e-01 | m1²=0.000970 | m2²=0.999610 | eps_w1=1.840215e+00 | eps_w2=2.957352e-03
[step   186850] t/d=1868.500 | task1=2.087608e-01 | task2=6.153826e-03 | F1=2.026217e-01 | m1²=0.000966 | m2²=0.999619 | eps_w1=1.840097e+00 | eps_w2=2.947045e-03
[step   186900] t/d=1869.000 | task1=2.088236e-01 | task2=6.152142e-03 | F1=2.026845e-01 | m1²=0.000972 | m2²=0.999617 | eps_w1=1.840687e+00 | eps_w2=2.919289e-03
[step   186950] t/d=1869.500 | task1=2.087735e-01 | task2=6.151859e-03 | F1=2.026344e-01 | m1²=0.000974 | m2²=0.999613 | eps_w1=1.840086e+00 | eps_w2=2.959555e-03
[step   187000] t/d=1870.000 | task1=2.086748e-01 | task2=6.151606e-03 | F1=2.025357e-01 | m1²=0.000982 | m2²=0.999614 | eps_w1=1.838840e+00 | eps_w2=3.023218e-03
[step   187050] t/d=1870.500 | task1=2.086120e-01 | task2=6.151674e-03 | F1=2.024730e-01 | m1²=0.000987 | m2²=0.999613 | eps_w1=1.838005e+00 | eps_w2=3.069514e-03
[step   187100] t/d=1871.000 | task1=2.085672e-01 | task2=6.151486e-03 | F1=2.024282e-01 | m1²=0.000979 | m2²=0.999619 | eps_w1=1.837334e+00 | eps_w2=3.095780e-03
[step   187150] t/d=1871.500 | task1=2.085538e-01 | task2=6.152611e-03 | F1=2.024147e-01 | m1²=0.000981 | m2²=0.999616 | eps_w1=1.837293e+00 | eps_w2=3.103197e-03
[step   187200] t/d=1872.000 | task1=2.085394e-01 | task2=6.153294e-03 | F1=2.024003e-01 | m1²=0.000994 | m2²=0.999615 | eps_w1=1.837087e+00 | eps_w2=3.113674e-03
[step   187250] t/d=1872.500 | task1=2.085726e-01 | task2=6.154392e-03 | F1=2.024335e-01 | m1²=0.000987 | m2²=0.999601 | eps_w1=1.837360e+00 | eps_w2=3.127520e-03
[step   187300] t/d=1873.000 | task1=2.085459e-01 | task2=6.153671e-03 | F1=2.024068e-01 | m1²=0.000990 | m2²=0.999604 | eps_w1=1.836978e+00 | eps_w2=3.142330e-03
[step   187350] t/d=1873.500 | task1=2.085991e-01 | task2=6.152800e-03 | F1=2.024600e-01 | m1²=0.000990 | m2²=0.999603 | eps_w1=1.837671e+00 | eps_w2=3.106104e-03
[step   187400] t/d=1874.000 | task1=2.085984e-01 | task2=6.153004e-03 | F1=2.024593e-01 | m1²=0.000989 | m2²=0.999598 | eps_w1=1.837662e+00 | eps_w2=3.115685e-03
[step   187450] t/d=1874.500 | task1=2.085993e-01 | task2=6.155591e-03 | F1=2.024603e-01 | m1²=0.000995 | m2²=0.999600 | eps_w1=1.837743e+00 | eps_w2=3.107239e-03
[step   187500] t/d=1875.000 | task1=2.086386e-01 | task2=6.157666e-03 | F1=2.024995e-01 | m1²=0.000991 | m2²=0.999595 | eps_w1=1.838189e+00 | eps_w2=3.093339e-03
[step   187550] t/d=1875.500 | task1=2.085823e-01 | task2=6.156458e-03 | F1=2.024433e-01 | m1²=0.000980 | m2²=0.999592 | eps_w1=1.837522e+00 | eps_w2=3.136449e-03
[step   187600] t/d=1876.000 | task1=2.085389e-01 | task2=6.155587e-03 | F1=2.023999e-01 | m1²=0.000987 | m2²=0.999590 | eps_w1=1.836944e+00 | eps_w2=3.170558e-03
[step   187650] t/d=1876.500 | task1=2.085666e-01 | task2=6.156961e-03 | F1=2.024275e-01 | m1²=0.000980 | m2²=0.999590 | eps_w1=1.837388e+00 | eps_w2=3.146152e-03
[step   187700] t/d=1877.000 | task1=2.085127e-01 | task2=6.157720e-03 | F1=2.023737e-01 | m1²=0.000972 | m2²=0.999588 | eps_w1=1.836751e+00 | eps_w2=3.187008e-03
[step   187750] t/d=1877.500 | task1=2.085119e-01 | task2=6.158179e-03 | F1=2.023728e-01 | m1²=0.000980 | m2²=0.999584 | eps_w1=1.836786e+00 | eps_w2=3.192075e-03
[step   187800] t/d=1878.000 | task1=2.084831e-01 | task2=6.159387e-03 | F1=2.023441e-01 | m1²=0.000980 | m2²=0.999581 | eps_w1=1.836309e+00 | eps_w2=3.223094e-03
[step   187850] t/d=1878.500 | task1=2.085145e-01 | task2=6.158933e-03 | F1=2.023754e-01 | m1²=0.000978 | m2²=0.999583 | eps_w1=1.836829e+00 | eps_w2=3.192206e-03
[step   187900] t/d=1879.000 | task1=2.084709e-01 | task2=6.159672e-03 | F1=2.023318e-01 | m1²=0.000974 | m2²=0.999585 | eps_w1=1.836271e+00 | eps_w2=3.218213e-03
[step   187950] t/d=1879.500 | task1=2.084619e-01 | task2=6.159014e-03 | F1=2.023228e-01 | m1²=0.000978 | m2²=0.999580 | eps_w1=1.836169e+00 | eps_w2=3.232683e-03
[step   188000] t/d=1880.000 | task1=2.084258e-01 | task2=6.158843e-03 | F1=2.022867e-01 | m1²=0.000983 | m2²=0.999577 | eps_w1=1.835638e+00 | eps_w2=3.268360e-03
[step   188050] t/d=1880.500 | task1=2.084017e-01 | task2=6.160284e-03 | F1=2.022627e-01 | m1²=0.000984 | m2²=0.999570 | eps_w1=1.835488e+00 | eps_w2=3.289075e-03
[step   188100] t/d=1881.000 | task1=2.084181e-01 | task2=6.159946e-03 | F1=2.022790e-01 | m1²=0.000978 | m2²=0.999571 | eps_w1=1.835724e+00 | eps_w2=3.275593e-03
[step   188150] t/d=1881.500 | task1=2.084122e-01 | task2=6.162456e-03 | F1=2.022732e-01 | m1²=0.000969 | m2²=0.999563 | eps_w1=1.835687e+00 | eps_w2=3.293552e-03
[step   188200] t/d=1882.000 | task1=2.084345e-01 | task2=6.161978e-03 | F1=2.022955e-01 | m1²=0.000960 | m2²=0.999558 | eps_w1=1.835955e+00 | eps_w2=3.289718e-03
[step   188250] t/d=1882.500 | task1=2.085014e-01 | task2=6.159911e-03 | F1=2.023624e-01 | m1²=0.000965 | m2²=0.999559 | eps_w1=1.836792e+00 | eps_w2=3.240964e-03
[step   188300] t/d=1883.000 | task1=2.084416e-01 | task2=6.159927e-03 | F1=2.023025e-01 | m1²=0.000972 | m2²=0.999559 | eps_w1=1.836052e+00 | eps_w2=3.281152e-03
[step   188350] t/d=1883.500 | task1=2.084212e-01 | task2=6.156971e-03 | F1=2.022821e-01 | m1²=0.000967 | m2²=0.999563 | eps_w1=1.835759e+00 | eps_w2=3.290720e-03
[step   188400] t/d=1884.000 | task1=2.083795e-01 | task2=6.158257e-03 | F1=2.022405e-01 | m1²=0.000961 | m2²=0.999569 | eps_w1=1.835285e+00 | eps_w2=3.305030e-03
[step   188450] t/d=1884.500 | task1=2.083544e-01 | task2=6.158089e-03 | F1=2.022154e-01 | m1²=0.000957 | m2²=0.999571 | eps_w1=1.834949e+00 | eps_w2=3.320860e-03
[step   188500] t/d=1885.000 | task1=2.083104e-01 | task2=6.158100e-03 | F1=2.021713e-01 | m1²=0.000948 | m2²=0.999564 | eps_w1=1.834531e+00 | eps_w2=3.359421e-03
[step   188550] t/d=1885.500 | task1=2.083050e-01 | task2=6.158947e-03 | F1=2.021660e-01 | m1²=0.000955 | m2²=0.999566 | eps_w1=1.834573e+00 | eps_w2=3.351366e-03
[step   188600] t/d=1886.000 | task1=2.082989e-01 | task2=6.157791e-03 | F1=2.021598e-01 | m1²=0.000950 | m2²=0.999573 | eps_w1=1.834406e+00 | eps_w2=3.349201e-03
[step   188650] t/d=1886.500 | task1=2.082522e-01 | task2=6.155857e-03 | F1=2.021131e-01 | m1²=0.000947 | m2²=0.999571 | eps_w1=1.833769e+00 | eps_w2=3.389454e-03
[step   188700] t/d=1887.000 | task1=2.082767e-01 | task2=6.155419e-03 | F1=2.021376e-01 | m1²=0.000950 | m2²=0.999579 | eps_w1=1.834011e+00 | eps_w2=3.360541e-03
[step   188750] t/d=1887.500 | task1=2.082574e-01 | task2=6.156344e-03 | F1=2.021183e-01 | m1²=0.000950 | m2²=0.999583 | eps_w1=1.833936e+00 | eps_w2=3.356580e-03
[step   188800] t/d=1888.000 | task1=2.082568e-01 | task2=6.156226e-03 | F1=2.021177e-01 | m1²=0.000935 | m2²=0.999582 | eps_w1=1.833808e+00 | eps_w2=3.367214e-03
[step   188850] t/d=1888.500 | task1=2.082251e-01 | task2=6.156925e-03 | F1=2.020860e-01 | m1²=0.000938 | m2²=0.999584 | eps_w1=1.833500e+00 | eps_w2=3.381692e-03
[step   188900] t/d=1889.000 | task1=2.082353e-01 | task2=6.157016e-03 | F1=2.020962e-01 | m1²=0.000945 | m2²=0.999583 | eps_w1=1.833791e+00 | eps_w2=3.364657e-03
[step   188950] t/d=1889.500 | task1=2.082494e-01 | task2=6.156187e-03 | F1=2.021103e-01 | m1²=0.000947 | m2²=0.999591 | eps_w1=1.833993e+00 | eps_w2=3.339047e-03
[step   189000] t/d=1890.000 | task1=2.082978e-01 | task2=6.153920e-03 | F1=2.021588e-01 | m1²=0.000942 | m2²=0.999587 | eps_w1=1.834446e+00 | eps_w2=3.321466e-03
[step   189050] t/d=1890.500 | task1=2.083225e-01 | task2=6.153092e-03 | F1=2.021834e-01 | m1²=0.000938 | m2²=0.999586 | eps_w1=1.834751e+00 | eps_w2=3.305640e-03
[step   189100] t/d=1891.000 | task1=2.083201e-01 | task2=6.153525e-03 | F1=2.021810e-01 | m1²=0.000940 | m2²=0.999592 | eps_w1=1.834700e+00 | eps_w2=3.297310e-03
[step   189150] t/d=1891.500 | task1=2.083145e-01 | task2=6.153578e-03 | F1=2.021755e-01 | m1²=0.000941 | m2²=0.999599 | eps_w1=1.834708e+00 | eps_w2=3.283365e-03
[step   189200] t/d=1892.000 | task1=2.083212e-01 | task2=6.153518e-03 | F1=2.021821e-01 | m1²=0.000935 | m2²=0.999597 | eps_w1=1.834739e+00 | eps_w2=3.285973e-03
[step   189250] t/d=1892.500 | task1=2.083289e-01 | task2=6.151198e-03 | F1=2.021898e-01 | m1²=0.000942 | m2²=0.999603 | eps_w1=1.834876e+00 | eps_w2=3.265899e-03
[step   189300] t/d=1893.000 | task1=2.083434e-01 | task2=6.149142e-03 | F1=2.022043e-01 | m1²=0.000943 | m2²=0.999603 | eps_w1=1.835096e+00 | eps_w2=3.252650e-03
[step   189350] t/d=1893.500 | task1=2.083247e-01 | task2=6.149500e-03 | F1=2.021856e-01 | m1²=0.000946 | m2²=0.999609 | eps_w1=1.834760e+00 | eps_w2=3.259973e-03
[step   189400] t/d=1894.000 | task1=2.083180e-01 | task2=6.150130e-03 | F1=2.021789e-01 | m1²=0.000951 | m2²=0.999619 | eps_w1=1.834703e+00 | eps_w2=3.244325e-03
[step   189450] t/d=1894.500 | task1=2.083327e-01 | task2=6.149975e-03 | F1=2.021937e-01 | m1²=0.000947 | m2²=0.999623 | eps_w1=1.834887e+00 | eps_w2=3.226023e-03
[step   189500] t/d=1895.000 | task1=2.083298e-01 | task2=6.149736e-03 | F1=2.021907e-01 | m1²=0.000957 | m2²=0.999625 | eps_w1=1.834893e+00 | eps_w2=3.222625e-03
[step   189550] t/d=1895.500 | task1=2.083311e-01 | task2=6.152217e-03 | F1=2.021921e-01 | m1²=0.000958 | m2²=0.999621 | eps_w1=1.834866e+00 | eps_w2=3.229791e-03
[step   189600] t/d=1896.000 | task1=2.083710e-01 | task2=6.152589e-03 | F1=2.022319e-01 | m1²=0.000962 | m2²=0.999624 | eps_w1=1.835444e+00 | eps_w2=3.192635e-03
[step   189650] t/d=1896.500 | task1=2.083712e-01 | task2=6.152056e-03 | F1=2.022321e-01 | m1²=0.000963 | m2²=0.999624 | eps_w1=1.835472e+00 | eps_w2=3.190814e-03
[step   189700] t/d=1897.000 | task1=2.083427e-01 | task2=6.153851e-03 | F1=2.022037e-01 | m1²=0.000986 | m2²=0.999618 | eps_w1=1.835189e+00 | eps_w2=3.214661e-03
[step   189750] t/d=1897.500 | task1=2.083633e-01 | task2=6.153853e-03 | F1=2.022243e-01 | m1²=0.000975 | m2²=0.999620 | eps_w1=1.835339e+00 | eps_w2=3.203408e-03
[step   189800] t/d=1898.000 | task1=2.083687e-01 | task2=6.154245e-03 | F1=2.022296e-01 | m1²=0.000965 | m2²=0.999623 | eps_w1=1.835343e+00 | eps_w2=3.198374e-03
[step   189850] t/d=1898.500 | task1=2.084148e-01 | task2=6.154198e-03 | F1=2.022758e-01 | m1²=0.000977 | m2²=0.999628 | eps_w1=1.835900e+00 | eps_w2=3.157696e-03
[step   189900] t/d=1899.000 | task1=2.084296e-01 | task2=6.153270e-03 | F1=2.022906e-01 | m1²=0.000981 | m2²=0.999638 | eps_w1=1.836050e+00 | eps_w2=3.128830e-03
[step   189950] t/d=1899.500 | task1=2.083937e-01 | task2=6.153460e-03 | F1=2.022546e-01 | m1²=0.000974 | m2²=0.999635 | eps_w1=1.835772e+00 | eps_w2=3.151736e-03
[step   190000] t/d=1900.000 | task1=2.084056e-01 | task2=6.154014e-03 | F1=2.022665e-01 | m1²=0.000993 | m2²=0.999637 | eps_w1=1.835946e+00 | eps_w2=3.136268e-03
[step   190050] t/d=1900.500 | task1=2.083761e-01 | task2=6.155479e-03 | F1=2.022371e-01 | m1²=0.000993 | m2²=0.999633 | eps_w1=1.835656e+00 | eps_w2=3.159900e-03
[step   190100] t/d=1901.000 | task1=2.083828e-01 | task2=6.155733e-03 | F1=2.022438e-01 | m1²=0.000996 | m2²=0.999632 | eps_w1=1.835743e+00 | eps_w2=3.157111e-03
[step   190150] t/d=1901.500 | task1=2.084118e-01 | task2=6.155104e-03 | F1=2.022728e-01 | m1²=0.000980 | m2²=0.999628 | eps_w1=1.836075e+00 | eps_w2=3.148169e-03
[step   190200] t/d=1902.000 | task1=2.084009e-01 | task2=6.154135e-03 | F1=2.022619e-01 | m1²=0.000983 | m2²=0.999631 | eps_w1=1.835861e+00 | eps_w2=3.152387e-03
[step   190250] t/d=1902.500 | task1=2.084272e-01 | task2=6.155517e-03 | F1=2.022881e-01 | m1²=0.000985 | m2²=0.999630 | eps_w1=1.836173e+00 | eps_w2=3.137805e-03
[step   190300] t/d=1903.000 | task1=2.083844e-01 | task2=6.152417e-03 | F1=2.022453e-01 | m1²=0.001003 | m2²=0.999619 | eps_w1=1.835786e+00 | eps_w2=3.177744e-03
[step   190350] t/d=1903.500 | task1=2.083901e-01 | task2=6.154039e-03 | F1=2.022511e-01 | m1²=0.001005 | m2²=0.999614 | eps_w1=1.835940e+00 | eps_w2=3.179106e-03
[step   190400] t/d=1904.000 | task1=2.083942e-01 | task2=6.153517e-03 | F1=2.022552e-01 | m1²=0.000994 | m2²=0.999614 | eps_w1=1.836030e+00 | eps_w2=3.175945e-03
[step   190450] t/d=1904.500 | task1=2.083640e-01 | task2=6.151805e-03 | F1=2.022249e-01 | m1²=0.001001 | m2²=0.999615 | eps_w1=1.835765e+00 | eps_w2=3.187995e-03
[step   190500] t/d=1905.000 | task1=2.083862e-01 | task2=6.154119e-03 | F1=2.022471e-01 | m1²=0.001005 | m2²=0.999612 | eps_w1=1.836126e+00 | eps_w2=3.171473e-03
[step   190550] t/d=1905.500 | task1=2.084227e-01 | task2=6.156353e-03 | F1=2.022836e-01 | m1²=0.001010 | m2²=0.999609 | eps_w1=1.836466e+00 | eps_w2=3.159295e-03
[step   190600] t/d=1906.000 | task1=2.084256e-01 | task2=6.157025e-03 | F1=2.022866e-01 | m1²=0.001006 | m2²=0.999615 | eps_w1=1.836450e+00 | eps_w2=3.149043e-03
[step   190650] t/d=1906.500 | task1=2.084067e-01 | task2=6.157693e-03 | F1=2.022677e-01 | m1²=0.001000 | m2²=0.999612 | eps_w1=1.836229e+00 | eps_w2=3.167331e-03
[step   190700] t/d=1907.000 | task1=2.084412e-01 | task2=6.157286e-03 | F1=2.023021e-01 | m1²=0.000999 | m2²=0.999619 | eps_w1=1.836699e+00 | eps_w2=3.127969e-03
[step   190750] t/d=1907.500 | task1=2.084365e-01 | task2=6.156756e-03 | F1=2.022975e-01 | m1²=0.000999 | m2²=0.999620 | eps_w1=1.836906e+00 | eps_w2=3.114753e-03
[step   190800] t/d=1908.000 | task1=2.083633e-01 | task2=6.159545e-03 | F1=2.022242e-01 | m1²=0.000996 | m2²=0.999621 | eps_w1=1.836078e+00 | eps_w2=3.158355e-03
[step   190850] t/d=1908.500 | task1=2.083237e-01 | task2=6.159191e-03 | F1=2.021846e-01 | m1²=0.000996 | m2²=0.999616 | eps_w1=1.835554e+00 | eps_w2=3.196955e-03
[step   190900] t/d=1909.000 | task1=2.082738e-01 | task2=6.158764e-03 | F1=2.021348e-01 | m1²=0.000994 | m2²=0.999628 | eps_w1=1.834902e+00 | eps_w2=3.212548e-03
[step   190950] t/d=1909.500 | task1=2.082764e-01 | task2=6.160112e-03 | F1=2.021373e-01 | m1²=0.000988 | m2²=0.999632 | eps_w1=1.834913e+00 | eps_w2=3.203508e-03
[step   191000] t/d=1910.000 | task1=2.082714e-01 | task2=6.158690e-03 | F1=2.021323e-01 | m1²=0.000984 | m2²=0.999634 | eps_w1=1.834788e+00 | eps_w2=3.207205e-03
[step   191050] t/d=1910.500 | task1=2.083082e-01 | task2=6.157783e-03 | F1=2.021692e-01 | m1²=0.000986 | m2²=0.999637 | eps_w1=1.835182e+00 | eps_w2=3.180479e-03
[step   191100] t/d=1911.000 | task1=2.082348e-01 | task2=6.158949e-03 | F1=2.020957e-01 | m1²=0.000993 | m2²=0.999641 | eps_w1=1.834375e+00 | eps_w2=3.217613e-03
[step   191150] t/d=1911.500 | task1=2.082766e-01 | task2=6.160729e-03 | F1=2.021375e-01 | m1²=0.000990 | m2²=0.999641 | eps_w1=1.834861e+00 | eps_w2=3.188854e-03
[step   191200] t/d=1912.000 | task1=2.082742e-01 | task2=6.159702e-03 | F1=2.021352e-01 | m1²=0.000987 | m2²=0.999646 | eps_w1=1.834918e+00 | eps_w2=3.177369e-03
[step   191250] t/d=1912.500 | task1=2.082377e-01 | task2=6.159816e-03 | F1=2.020987e-01 | m1²=0.000998 | m2²=0.999646 | eps_w1=1.834501e+00 | eps_w2=3.198952e-03
[step   191300] t/d=1913.000 | task1=2.082256e-01 | task2=6.157814e-03 | F1=2.020865e-01 | m1²=0.000997 | m2²=0.999640 | eps_w1=1.834342e+00 | eps_w2=3.219828e-03
[step   191350] t/d=1913.500 | task1=2.082507e-01 | task2=6.159740e-03 | F1=2.021116e-01 | m1²=0.000982 | m2²=0.999638 | eps_w1=1.834534e+00 | eps_w2=3.215273e-03
[step   191400] t/d=1914.000 | task1=2.082151e-01 | task2=6.161437e-03 | F1=2.020761e-01 | m1²=0.000995 | m2²=0.999640 | eps_w1=1.834031e+00 | eps_w2=3.238166e-03
[step   191450] t/d=1914.500 | task1=2.082058e-01 | task2=6.161560e-03 | F1=2.020667e-01 | m1²=0.000986 | m2²=0.999633 | eps_w1=1.833882e+00 | eps_w2=3.260364e-03
[step   191500] t/d=1915.000 | task1=2.082224e-01 | task2=6.162533e-03 | F1=2.020834e-01 | m1²=0.000978 | m2²=0.999626 | eps_w1=1.834035e+00 | eps_w2=3.266025e-03
[step   191550] t/d=1915.500 | task1=2.082189e-01 | task2=6.161558e-03 | F1=2.020798e-01 | m1²=0.000976 | m2²=0.999627 | eps_w1=1.833905e+00 | eps_w2=3.271928e-03
[step   191600] t/d=1916.000 | task1=2.082190e-01 | task2=6.161932e-03 | F1=2.020800e-01 | m1²=0.000988 | m2²=0.999620 | eps_w1=1.833869e+00 | eps_w2=3.285344e-03
[step   191650] t/d=1916.500 | task1=2.082474e-01 | task2=6.161517e-03 | F1=2.021084e-01 | m1²=0.000992 | m2²=0.999622 | eps_w1=1.834207e+00 | eps_w2=3.263252e-03
[step   191700] t/d=1917.000 | task1=2.082564e-01 | task2=6.164013e-03 | F1=2.021173e-01 | m1²=0.000991 | m2²=0.999617 | eps_w1=1.834319e+00 | eps_w2=3.265798e-03
[step   191750] t/d=1917.500 | task1=2.082687e-01 | task2=6.165085e-03 | F1=2.021296e-01 | m1²=0.000984 | m2²=0.999615 | eps_w1=1.834448e+00 | eps_w2=3.262194e-03
[step   191800] t/d=1918.000 | task1=2.082398e-01 | task2=6.167659e-03 | F1=2.021007e-01 | m1²=0.000988 | m2²=0.999619 | eps_w1=1.834180e+00 | eps_w2=3.270540e-03
[step   191850] t/d=1918.500 | task1=2.082647e-01 | task2=6.164912e-03 | F1=2.021256e-01 | m1²=0.000999 | m2²=0.999616 | eps_w1=1.834422e+00 | eps_w2=3.260094e-03
[step   191900] t/d=1919.000 | task1=2.082733e-01 | task2=6.164898e-03 | F1=2.021342e-01 | m1²=0.000996 | m2²=0.999621 | eps_w1=1.834541e+00 | eps_w2=3.244868e-03
[step   191950] t/d=1919.500 | task1=2.082834e-01 | task2=6.164147e-03 | F1=2.021444e-01 | m1²=0.001005 | m2²=0.999630 | eps_w1=1.834787e+00 | eps_w2=3.213712e-03
[step   192000] t/d=1920.000 | task1=2.082858e-01 | task2=6.162999e-03 | F1=2.021468e-01 | m1²=0.001015 | m2²=0.999628 | eps_w1=1.834700e+00 | eps_w2=3.221021e-03
[step   192050] t/d=1920.500 | task1=2.082625e-01 | task2=6.162108e-03 | F1=2.021234e-01 | m1²=0.001016 | m2²=0.999628 | eps_w1=1.834233e+00 | eps_w2=3.247908e-03
[step   192100] t/d=1921.000 | task1=2.083134e-01 | task2=6.159912e-03 | F1=2.021744e-01 | m1²=0.001014 | m2²=0.999638 | eps_w1=1.834688e+00 | eps_w2=3.202308e-03
[step   192150] t/d=1921.500 | task1=2.083471e-01 | task2=6.159101e-03 | F1=2.022081e-01 | m1²=0.001001 | m2²=0.999645 | eps_w1=1.835101e+00 | eps_w2=3.167579e-03
[step   192200] t/d=1922.000 | task1=2.083363e-01 | task2=6.158753e-03 | F1=2.021972e-01 | m1²=0.001008 | m2²=0.999641 | eps_w1=1.835060e+00 | eps_w2=3.175724e-03
[step   192250] t/d=1922.500 | task1=2.083562e-01 | task2=6.158442e-03 | F1=2.022172e-01 | m1²=0.001019 | m2²=0.999647 | eps_w1=1.835266e+00 | eps_w2=3.152606e-03
[step   192300] t/d=1923.000 | task1=2.084157e-01 | task2=6.159098e-03 | F1=2.022766e-01 | m1²=0.001017 | m2²=0.999647 | eps_w1=1.836000e+00 | eps_w2=3.111151e-03
[step   192350] t/d=1923.500 | task1=2.084127e-01 | task2=6.159450e-03 | F1=2.022737e-01 | m1²=0.001029 | m2²=0.999654 | eps_w1=1.835773e+00 | eps_w2=3.110038e-03
[step   192400] t/d=1924.000 | task1=2.084289e-01 | task2=6.159335e-03 | F1=2.022898e-01 | m1²=0.001036 | m2²=0.999654 | eps_w1=1.835966e+00 | eps_w2=3.098380e-03
[step   192450] t/d=1924.500 | task1=2.084610e-01 | task2=6.157780e-03 | F1=2.023219e-01 | m1²=0.001029 | m2²=0.999655 | eps_w1=1.836316e+00 | eps_w2=3.076996e-03
[step   192500] t/d=1925.000 | task1=2.084817e-01 | task2=6.158274e-03 | F1=2.023427e-01 | m1²=0.001035 | m2²=0.999655 | eps_w1=1.836541e+00 | eps_w2=3.065469e-03
[step   192550] t/d=1925.500 | task1=2.084375e-01 | task2=6.156430e-03 | F1=2.022984e-01 | m1²=0.001031 | m2²=0.999649 | eps_w1=1.836057e+00 | eps_w2=3.103587e-03
[step   192600] t/d=1926.000 | task1=2.084247e-01 | task2=6.157295e-03 | F1=2.022856e-01 | m1²=0.001045 | m2²=0.999650 | eps_w1=1.835910e+00 | eps_w2=3.107722e-03
[step   192650] t/d=1926.500 | task1=2.084565e-01 | task2=6.156954e-03 | F1=2.023174e-01 | m1²=0.001044 | m2²=0.999655 | eps_w1=1.836250e+00 | eps_w2=3.079697e-03
[step   192700] t/d=1927.000 | task1=2.084637e-01 | task2=6.158040e-03 | F1=2.023246e-01 | m1²=0.001028 | m2²=0.999651 | eps_w1=1.836375e+00 | eps_w2=3.081417e-03
[step   192750] t/d=1927.500 | task1=2.084965e-01 | task2=6.157822e-03 | F1=2.023574e-01 | m1²=0.001046 | m2²=0.999652 | eps_w1=1.836591e+00 | eps_w2=3.067018e-03
[step   192800] t/d=1928.000 | task1=2.084886e-01 | task2=6.157131e-03 | F1=2.023495e-01 | m1²=0.001040 | m2²=0.999654 | eps_w1=1.836496e+00 | eps_w2=3.067850e-03
[step   192850] t/d=1928.500 | task1=2.085050e-01 | task2=6.154507e-03 | F1=2.023659e-01 | m1²=0.001037 | m2²=0.999654 | eps_w1=1.836677e+00 | eps_w2=3.059061e-03
[step   192900] t/d=1929.000 | task1=2.085008e-01 | task2=6.152589e-03 | F1=2.023617e-01 | m1²=0.001021 | m2²=0.999649 | eps_w1=1.836639e+00 | eps_w2=3.071424e-03
[step   192950] t/d=1929.500 | task1=2.084304e-01 | task2=6.154153e-03 | F1=2.022914e-01 | m1²=0.001024 | m2²=0.999647 | eps_w1=1.835970e+00 | eps_w2=3.111891e-03
[step   193000] t/d=1930.000 | task1=2.083669e-01 | task2=6.156209e-03 | F1=2.022279e-01 | m1²=0.001029 | m2²=0.999639 | eps_w1=1.835109e+00 | eps_w2=3.175177e-03
[step   193050] t/d=1930.500 | task1=2.083531e-01 | task2=6.155882e-03 | F1=2.022140e-01 | m1²=0.001029 | m2²=0.999638 | eps_w1=1.835111e+00 | eps_w2=3.177463e-03
[step   193100] t/d=1931.000 | task1=2.083623e-01 | task2=6.156972e-03 | F1=2.022232e-01 | m1²=0.001027 | m2²=0.999640 | eps_w1=1.835140e+00 | eps_w2=3.172940e-03
[step   193150] t/d=1931.500 | task1=2.083842e-01 | task2=6.156393e-03 | F1=2.022452e-01 | m1²=0.001015 | m2²=0.999643 | eps_w1=1.835339e+00 | eps_w2=3.157236e-03
[step   193200] t/d=1932.000 | task1=2.084132e-01 | task2=6.156578e-03 | F1=2.022741e-01 | m1²=0.001010 | m2²=0.999647 | eps_w1=1.835625e+00 | eps_w2=3.132974e-03
[step   193250] t/d=1932.500 | task1=2.083474e-01 | task2=6.156287e-03 | F1=2.022083e-01 | m1²=0.001015 | m2²=0.999646 | eps_w1=1.834785e+00 | eps_w2=3.182599e-03
[step   193300] t/d=1933.000 | task1=2.084042e-01 | task2=6.154297e-03 | F1=2.022652e-01 | m1²=0.001016 | m2²=0.999646 | eps_w1=1.835455e+00 | eps_w2=3.144534e-03
[step   193350] t/d=1933.500 | task1=2.083224e-01 | task2=6.154736e-03 | F1=2.021833e-01 | m1²=0.001013 | m2²=0.999644 | eps_w1=1.834430e+00 | eps_w2=3.206583e-03
[step   193400] t/d=1934.000 | task1=2.083240e-01 | task2=6.155032e-03 | F1=2.021849e-01 | m1²=0.001002 | m2²=0.999641 | eps_w1=1.834384e+00 | eps_w2=3.216253e-03
[step   193450] t/d=1934.500 | task1=2.083479e-01 | task2=6.154553e-03 | F1=2.022088e-01 | m1²=0.001000 | m2²=0.999638 | eps_w1=1.834569e+00 | eps_w2=3.209986e-03
[step   193500] t/d=1935.000 | task1=2.083820e-01 | task2=6.154327e-03 | F1=2.022429e-01 | m1²=0.001004 | m2²=0.999632 | eps_w1=1.835027e+00 | eps_w2=3.196615e-03
[step   193550] t/d=1935.500 | task1=2.083595e-01 | task2=6.152351e-03 | F1=2.022204e-01 | m1²=0.001007 | m2²=0.999637 | eps_w1=1.834710e+00 | eps_w2=3.204214e-03
[step   193600] t/d=1936.000 | task1=2.083546e-01 | task2=6.152501e-03 | F1=2.022155e-01 | m1²=0.000999 | m2²=0.999647 | eps_w1=1.834602e+00 | eps_w2=3.192043e-03
[step   193650] t/d=1936.500 | task1=2.083722e-01 | task2=6.152368e-03 | F1=2.022332e-01 | m1²=0.000992 | m2²=0.999645 | eps_w1=1.834863e+00 | eps_w2=3.182059e-03
[step   193700] t/d=1937.000 | task1=2.083650e-01 | task2=6.154024e-03 | F1=2.022260e-01 | m1²=0.000980 | m2²=0.999650 | eps_w1=1.834981e+00 | eps_w2=3.167579e-03
[step   193750] t/d=1937.500 | task1=2.083756e-01 | task2=6.153826e-03 | F1=2.022366e-01 | m1²=0.000973 | m2²=0.999652 | eps_w1=1.835104e+00 | eps_w2=3.157014e-03
[step   193800] t/d=1938.000 | task1=2.083484e-01 | task2=6.153950e-03 | F1=2.022093e-01 | m1²=0.000966 | m2²=0.999659 | eps_w1=1.834721e+00 | eps_w2=3.165427e-03
[step   193850] t/d=1938.500 | task1=2.083169e-01 | task2=6.154202e-03 | F1=2.021779e-01 | m1²=0.000973 | m2²=0.999657 | eps_w1=1.834239e+00 | eps_w2=3.196102e-03
[step   193900] t/d=1939.000 | task1=2.083149e-01 | task2=6.155223e-03 | F1=2.021759e-01 | m1²=0.000981 | m2²=0.999650 | eps_w1=1.834176e+00 | eps_w2=3.211586e-03
[step   193950] t/d=1939.500 | task1=2.083254e-01 | task2=6.155851e-03 | F1=2.021864e-01 | m1²=0.000977 | m2²=0.999644 | eps_w1=1.834438e+00 | eps_w2=3.208764e-03
[step   194000] t/d=1940.000 | task1=2.083479e-01 | task2=6.154545e-03 | F1=2.022088e-01 | m1²=0.000970 | m2²=0.999642 | eps_w1=1.834694e+00 | eps_w2=3.200036e-03
[step   194050] t/d=1940.500 | task1=2.082829e-01 | task2=6.155109e-03 | F1=2.021438e-01 | m1²=0.000972 | m2²=0.999648 | eps_w1=1.833951e+00 | eps_w2=3.229643e-03
[step   194100] t/d=1941.000 | task1=2.082702e-01 | task2=6.154629e-03 | F1=2.021312e-01 | m1²=0.000976 | m2²=0.999648 | eps_w1=1.833743e+00 | eps_w2=3.242058e-03
[step   194150] t/d=1941.500 | task1=2.082036e-01 | task2=6.155068e-03 | F1=2.020646e-01 | m1²=0.000974 | m2²=0.999644 | eps_w1=1.832956e+00 | eps_w2=3.294399e-03
[step   194200] t/d=1942.000 | task1=2.081980e-01 | task2=6.154354e-03 | F1=2.020590e-01 | m1²=0.000969 | m2²=0.999646 | eps_w1=1.832889e+00 | eps_w2=3.295016e-03
[step   194250] t/d=1942.500 | task1=2.082181e-01 | task2=6.154497e-03 | F1=2.020790e-01 | m1²=0.000978 | m2²=0.999649 | eps_w1=1.833041e+00 | eps_w2=3.280165e-03
[step   194300] t/d=1943.000 | task1=2.081897e-01 | task2=6.154631e-03 | F1=2.020506e-01 | m1²=0.000999 | m2²=0.999649 | eps_w1=1.832737e+00 | eps_w2=3.294458e-03
[step   194350] t/d=1943.500 | task1=2.081863e-01 | task2=6.155870e-03 | F1=2.020472e-01 | m1²=0.001000 | m2²=0.999647 | eps_w1=1.832534e+00 | eps_w2=3.310348e-03
[step   194400] t/d=1944.000 | task1=2.082290e-01 | task2=6.155191e-03 | F1=2.020899e-01 | m1²=0.001006 | m2²=0.999653 | eps_w1=1.833002e+00 | eps_w2=3.271479e-03
[step   194450] t/d=1944.500 | task1=2.082604e-01 | task2=6.155179e-03 | F1=2.021214e-01 | m1²=0.001006 | m2²=0.999651 | eps_w1=1.833487e+00 | eps_w2=3.246428e-03
[step   194500] t/d=1945.000 | task1=2.082553e-01 | task2=6.156557e-03 | F1=2.021162e-01 | m1²=0.001007 | m2²=0.999650 | eps_w1=1.833420e+00 | eps_w2=3.252645e-03
[step   194550] t/d=1945.500 | task1=2.083007e-01 | task2=6.157016e-03 | F1=2.021616e-01 | m1²=0.001006 | m2²=0.999652 | eps_w1=1.834003e+00 | eps_w2=3.215350e-03
[step   194600] t/d=1946.000 | task1=2.083027e-01 | task2=6.156823e-03 | F1=2.021636e-01 | m1²=0.001002 | m2²=0.999651 | eps_w1=1.834055e+00 | eps_w2=3.216086e-03
[step   194650] t/d=1946.500 | task1=2.082786e-01 | task2=6.155541e-03 | F1=2.021395e-01 | m1²=0.001001 | m2²=0.999653 | eps_w1=1.833691e+00 | eps_w2=3.232114e-03
[step   194700] t/d=1947.000 | task1=2.082521e-01 | task2=6.153944e-03 | F1=2.021130e-01 | m1²=0.001005 | m2²=0.999652 | eps_w1=1.833330e+00 | eps_w2=3.253587e-03
[step   194750] t/d=1947.500 | task1=2.082971e-01 | task2=6.153953e-03 | F1=2.021581e-01 | m1²=0.001009 | m2²=0.999661 | eps_w1=1.833904e+00 | eps_w2=3.203410e-03
[step   194800] t/d=1948.000 | task1=2.082696e-01 | task2=6.151809e-03 | F1=2.021306e-01 | m1²=0.001004 | m2²=0.999655 | eps_w1=1.833341e+00 | eps_w2=3.247462e-03
[step   194850] t/d=1948.500 | task1=2.082735e-01 | task2=6.150522e-03 | F1=2.021344e-01 | m1²=0.001009 | m2²=0.999658 | eps_w1=1.833404e+00 | eps_w2=3.237550e-03
[step   194900] t/d=1949.000 | task1=2.083136e-01 | task2=6.149769e-03 | F1=2.021745e-01 | m1²=0.001003 | m2²=0.999661 | eps_w1=1.833885e+00 | eps_w2=3.206414e-03
[step   194950] t/d=1949.500 | task1=2.083134e-01 | task2=6.150184e-03 | F1=2.021743e-01 | m1²=0.001007 | m2²=0.999662 | eps_w1=1.833972e+00 | eps_w2=3.198766e-03
[step   195000] t/d=1950.000 | task1=2.082939e-01 | task2=6.150681e-03 | F1=2.021548e-01 | m1²=0.001009 | m2²=0.999656 | eps_w1=1.833718e+00 | eps_w2=3.224222e-03
[step   195050] t/d=1950.500 | task1=2.083039e-01 | task2=6.150106e-03 | F1=2.021648e-01 | m1²=0.001007 | m2²=0.999651 | eps_w1=1.833701e+00 | eps_w2=3.234702e-03
[step   195100] t/d=1951.000 | task1=2.083100e-01 | task2=6.149580e-03 | F1=2.021710e-01 | m1²=0.001003 | m2²=0.999650 | eps_w1=1.833966e+00 | eps_w2=3.222851e-03
[step   195150] t/d=1951.500 | task1=2.083131e-01 | task2=6.150062e-03 | F1=2.021740e-01 | m1²=0.001002 | m2²=0.999639 | eps_w1=1.834152e+00 | eps_w2=3.232182e-03
[step   195200] t/d=1952.000 | task1=2.082874e-01 | task2=6.150510e-03 | F1=2.021483e-01 | m1²=0.000993 | m2²=0.999650 | eps_w1=1.833750e+00 | eps_w2=3.234614e-03
[step   195250] t/d=1952.500 | task1=2.082718e-01 | task2=6.151955e-03 | F1=2.021327e-01 | m1²=0.000994 | m2²=0.999649 | eps_w1=1.833636e+00 | eps_w2=3.242860e-03
[step   195300] t/d=1953.000 | task1=2.082744e-01 | task2=6.149926e-03 | F1=2.021354e-01 | m1²=0.000983 | m2²=0.999651 | eps_w1=1.833841e+00 | eps_w2=3.230176e-03
[step   195350] t/d=1953.500 | task1=2.082853e-01 | task2=6.148614e-03 | F1=2.021463e-01 | m1²=0.000986 | m2²=0.999655 | eps_w1=1.834053e+00 | eps_w2=3.209622e-03
[step   195400] t/d=1954.000 | task1=2.083169e-01 | task2=6.148858e-03 | F1=2.021778e-01 | m1²=0.000988 | m2²=0.999664 | eps_w1=1.834542e+00 | eps_w2=3.165104e-03
[step   195450] t/d=1954.500 | task1=2.082839e-01 | task2=6.149844e-03 | F1=2.021448e-01 | m1²=0.000983 | m2²=0.999662 | eps_w1=1.834009e+00 | eps_w2=3.198313e-03
[step   195500] t/d=1955.000 | task1=2.082793e-01 | task2=6.151509e-03 | F1=2.021403e-01 | m1²=0.000980 | m2²=0.999656 | eps_w1=1.834102e+00 | eps_w2=3.204750e-03
[step   195550] t/d=1955.500 | task1=2.082420e-01 | task2=6.153500e-03 | F1=2.021030e-01 | m1²=0.000976 | m2²=0.999654 | eps_w1=1.833813e+00 | eps_w2=3.225975e-03
[step   195600] t/d=1956.000 | task1=2.082616e-01 | task2=6.151380e-03 | F1=2.021225e-01 | m1²=0.000965 | m2²=0.999654 | eps_w1=1.834027e+00 | eps_w2=3.214801e-03
[step   195650] t/d=1956.500 | task1=2.081969e-01 | task2=6.149282e-03 | F1=2.020578e-01 | m1²=0.000950 | m2²=0.999644 | eps_w1=1.832938e+00 | eps_w2=3.298477e-03
[step   195700] t/d=1957.000 | task1=2.082568e-01 | task2=6.148942e-03 | F1=2.021177e-01 | m1²=0.000950 | m2²=0.999645 | eps_w1=1.833631e+00 | eps_w2=3.257170e-03
[step   195750] t/d=1957.500 | task1=2.082597e-01 | task2=6.148405e-03 | F1=2.021206e-01 | m1²=0.000944 | m2²=0.999644 | eps_w1=1.833642e+00 | eps_w2=3.257624e-03
[step   195800] t/d=1958.000 | task1=2.082376e-01 | task2=6.148725e-03 | F1=2.020985e-01 | m1²=0.000929 | m2²=0.999639 | eps_w1=1.833421e+00 | eps_w2=3.282114e-03
[step   195850] t/d=1958.500 | task1=2.082275e-01 | task2=6.149724e-03 | F1=2.020884e-01 | m1²=0.000932 | m2²=0.999643 | eps_w1=1.833293e+00 | eps_w2=3.280600e-03
[step   195900] t/d=1959.000 | task1=2.083096e-01 | task2=6.149577e-03 | F1=2.021706e-01 | m1²=0.000929 | m2²=0.999648 | eps_w1=1.834291e+00 | eps_w2=3.215552e-03
[step   195950] t/d=1959.500 | task1=2.083471e-01 | task2=6.152122e-03 | F1=2.022080e-01 | m1²=0.000934 | m2²=0.999648 | eps_w1=1.834754e+00 | eps_w2=3.188573e-03
[step   196000] t/d=1960.000 | task1=2.083750e-01 | task2=6.153694e-03 | F1=2.022359e-01 | m1²=0.000928 | m2²=0.999651 | eps_w1=1.835086e+00 | eps_w2=3.163716e-03
[step   196050] t/d=1960.500 | task1=2.083836e-01 | task2=6.153679e-03 | F1=2.022445e-01 | m1²=0.000923 | m2²=0.999657 | eps_w1=1.835241e+00 | eps_w2=3.145653e-03
[step   196100] t/d=1961.000 | task1=2.083849e-01 | task2=6.154183e-03 | F1=2.022459e-01 | m1²=0.000925 | m2²=0.999660 | eps_w1=1.835323e+00 | eps_w2=3.134610e-03
[step   196150] t/d=1961.500 | task1=2.083915e-01 | task2=6.155387e-03 | F1=2.022524e-01 | m1²=0.000922 | m2²=0.999652 | eps_w1=1.835520e+00 | eps_w2=3.139004e-03
[step   196200] t/d=1962.000 | task1=2.084403e-01 | task2=6.155949e-03 | F1=2.023012e-01 | m1²=0.000934 | m2²=0.999645 | eps_w1=1.836107e+00 | eps_w2=3.117440e-03
[step   196250] t/d=1962.500 | task1=2.083751e-01 | task2=6.157438e-03 | F1=2.022360e-01 | m1²=0.000933 | m2²=0.999651 | eps_w1=1.835302e+00 | eps_w2=3.152221e-03
[step   196300] t/d=1963.000 | task1=2.083456e-01 | task2=6.158892e-03 | F1=2.022065e-01 | m1²=0.000924 | m2²=0.999650 | eps_w1=1.834917e+00 | eps_w2=3.176270e-03
[step   196350] t/d=1963.500 | task1=2.083719e-01 | task2=6.160109e-03 | F1=2.022328e-01 | m1²=0.000906 | m2²=0.999640 | eps_w1=1.835298e+00 | eps_w2=3.176226e-03
[step   196400] t/d=1964.000 | task1=2.083508e-01 | task2=6.160780e-03 | F1=2.022117e-01 | m1²=0.000897 | m2²=0.999644 | eps_w1=1.835042e+00 | eps_w2=3.183399e-03
[step   196450] t/d=1964.500 | task1=2.082907e-01 | task2=6.159152e-03 | F1=2.021517e-01 | m1²=0.000897 | m2²=0.999650 | eps_w1=1.834329e+00 | eps_w2=3.212154e-03
[step   196500] t/d=1965.000 | task1=2.083402e-01 | task2=6.156386e-03 | F1=2.022012e-01 | m1²=0.000898 | m2²=0.999652 | eps_w1=1.834993e+00 | eps_w2=3.170387e-03
[step   196550] t/d=1965.500 | task1=2.083353e-01 | task2=6.156820e-03 | F1=2.021962e-01 | m1²=0.000888 | m2²=0.999662 | eps_w1=1.834925e+00 | eps_w2=3.156318e-03
[step   196600] t/d=1966.000 | task1=2.083855e-01 | task2=6.155344e-03 | F1=2.022464e-01 | m1²=0.000883 | m2²=0.999659 | eps_w1=1.835530e+00 | eps_w2=3.128603e-03
[step   196650] t/d=1966.500 | task1=2.084035e-01 | task2=6.156440e-03 | F1=2.022645e-01 | m1²=0.000879 | m2²=0.999655 | eps_w1=1.835699e+00 | eps_w2=3.127361e-03
[step   196700] t/d=1967.000 | task1=2.084266e-01 | task2=6.156963e-03 | F1=2.022875e-01 | m1²=0.000879 | m2²=0.999660 | eps_w1=1.835982e+00 | eps_w2=3.102615e-03
[step   196750] t/d=1967.500 | task1=2.084005e-01 | task2=6.156773e-03 | F1=2.022615e-01 | m1²=0.000873 | m2²=0.999657 | eps_w1=1.835648e+00 | eps_w2=3.126136e-03
[step   196800] t/d=1968.000 | task1=2.083977e-01 | task2=6.154934e-03 | F1=2.022587e-01 | m1²=0.000869 | m2²=0.999656 | eps_w1=1.835597e+00 | eps_w2=3.131410e-03
[step   196850] t/d=1968.500 | task1=2.084530e-01 | task2=6.154002e-03 | F1=2.023139e-01 | m1²=0.000875 | m2²=0.999657 | eps_w1=1.836235e+00 | eps_w2=3.093576e-03
[step   196900] t/d=1969.000 | task1=2.084423e-01 | task2=6.153915e-03 | F1=2.023032e-01 | m1²=0.000879 | m2²=0.999651 | eps_w1=1.835993e+00 | eps_w2=3.117572e-03
[step   196950] t/d=1969.500 | task1=2.084836e-01 | task2=6.155220e-03 | F1=2.023445e-01 | m1²=0.000889 | m2²=0.999653 | eps_w1=1.836400e+00 | eps_w2=3.091746e-03
[step   197000] t/d=1970.000 | task1=2.085087e-01 | task2=6.153577e-03 | F1=2.023696e-01 | m1²=0.000888 | m2²=0.999647 | eps_w1=1.836652e+00 | eps_w2=3.088162e-03
[step   197050] t/d=1970.500 | task1=2.084501e-01 | task2=6.153788e-03 | F1=2.023110e-01 | m1²=0.000891 | m2²=0.999640 | eps_w1=1.835899e+00 | eps_w2=3.142848e-03
[step   197100] t/d=1971.000 | task1=2.084306e-01 | task2=6.153106e-03 | F1=2.022915e-01 | m1²=0.000904 | m2²=0.999642 | eps_w1=1.835682e+00 | eps_w2=3.150169e-03
[step   197150] t/d=1971.500 | task1=2.083973e-01 | task2=6.153361e-03 | F1=2.022582e-01 | m1²=0.000909 | m2²=0.999646 | eps_w1=1.835260e+00 | eps_w2=3.166740e-03
[step   197200] t/d=1972.000 | task1=2.084103e-01 | task2=6.151904e-03 | F1=2.022712e-01 | m1²=0.000910 | m2²=0.999642 | eps_w1=1.835282e+00 | eps_w2=3.171416e-03
[step   197250] t/d=1972.500 | task1=2.083863e-01 | task2=6.151168e-03 | F1=2.022472e-01 | m1²=0.000914 | m2²=0.999645 | eps_w1=1.834918e+00 | eps_w2=3.186590e-03
[step   197300] t/d=1973.000 | task1=2.083977e-01 | task2=6.150238e-03 | F1=2.022587e-01 | m1²=0.000923 | m2²=0.999635 | eps_w1=1.835121e+00 | eps_w2=3.193092e-03
[step   197350] t/d=1973.500 | task1=2.084437e-01 | task2=6.152366e-03 | F1=2.023047e-01 | m1²=0.000917 | m2²=0.999636 | eps_w1=1.835641e+00 | eps_w2=3.162056e-03
[step   197400] t/d=1974.000 | task1=2.084356e-01 | task2=6.150955e-03 | F1=2.022965e-01 | m1²=0.000926 | m2²=0.999631 | eps_w1=1.835600e+00 | eps_w2=3.174555e-03
[step   197450] t/d=1974.500 | task1=2.083601e-01 | task2=6.152672e-03 | F1=2.022211e-01 | m1²=0.000921 | m2²=0.999629 | eps_w1=1.834540e+00 | eps_w2=3.237196e-03
[step   197500] t/d=1975.000 | task1=2.083499e-01 | task2=6.153102e-03 | F1=2.022109e-01 | m1²=0.000927 | m2²=0.999626 | eps_w1=1.834484e+00 | eps_w2=3.246729e-03
[step   197550] t/d=1975.500 | task1=2.083000e-01 | task2=6.151152e-03 | F1=2.021610e-01 | m1²=0.000936 | m2²=0.999619 | eps_w1=1.833856e+00 | eps_w2=3.294332e-03
[step   197600] t/d=1976.000 | task1=2.083183e-01 | task2=6.151215e-03 | F1=2.021793e-01 | m1²=0.000925 | m2²=0.999624 | eps_w1=1.834070e+00 | eps_w2=3.273817e-03
[step   197650] t/d=1976.500 | task1=2.082766e-01 | task2=6.150364e-03 | F1=2.021375e-01 | m1²=0.000922 | m2²=0.999617 | eps_w1=1.833459e+00 | eps_w2=3.323145e-03
[step   197700] t/d=1977.000 | task1=2.082767e-01 | task2=6.149784e-03 | F1=2.021377e-01 | m1²=0.000917 | m2²=0.999611 | eps_w1=1.833393e+00 | eps_w2=3.337745e-03
[step   197750] t/d=1977.500 | task1=2.083900e-01 | task2=6.150976e-03 | F1=2.022510e-01 | m1²=0.000911 | m2²=0.999606 | eps_w1=1.834636e+00 | eps_w2=3.276695e-03
[step   197800] t/d=1978.000 | task1=2.084054e-01 | task2=6.152202e-03 | F1=2.022663e-01 | m1²=0.000909 | m2²=0.999613 | eps_w1=1.834782e+00 | eps_w2=3.255216e-03
[step   197850] t/d=1978.500 | task1=2.084255e-01 | task2=6.153513e-03 | F1=2.022864e-01 | m1²=0.000918 | m2²=0.999625 | eps_w1=1.835119e+00 | eps_w2=3.212922e-03
[step   197900] t/d=1979.000 | task1=2.084330e-01 | task2=6.154173e-03 | F1=2.022939e-01 | m1²=0.000917 | m2²=0.999629 | eps_w1=1.835044e+00 | eps_w2=3.209763e-03
[step   197950] t/d=1979.500 | task1=2.083861e-01 | task2=6.155056e-03 | F1=2.022471e-01 | m1²=0.000913 | m2²=0.999630 | eps_w1=1.834495e+00 | eps_w2=3.239298e-03
[step   198000] t/d=1980.000 | task1=2.084166e-01 | task2=6.154797e-03 | F1=2.022776e-01 | m1²=0.000908 | m2²=0.999623 | eps_w1=1.834813e+00 | eps_w2=3.235559e-03
[step   198050] t/d=1980.500 | task1=2.084250e-01 | task2=6.154880e-03 | F1=2.022859e-01 | m1²=0.000904 | m2²=0.999624 | eps_w1=1.834926e+00 | eps_w2=3.228028e-03
[step   198100] t/d=1981.000 | task1=2.083464e-01 | task2=6.153303e-03 | F1=2.022073e-01 | m1²=0.000900 | m2²=0.999625 | eps_w1=1.834107e+00 | eps_w2=3.272220e-03
[step   198150] t/d=1981.500 | task1=2.083352e-01 | task2=6.155492e-03 | F1=2.021961e-01 | m1²=0.000911 | m2²=0.999613 | eps_w1=1.833898e+00 | eps_w2=3.305472e-03
[step   198200] t/d=1982.000 | task1=2.083611e-01 | task2=6.157335e-03 | F1=2.022220e-01 | m1²=0.000901 | m2²=0.999616 | eps_w1=1.834145e+00 | eps_w2=3.286792e-03
[step   198250] t/d=1982.500 | task1=2.083480e-01 | task2=6.156802e-03 | F1=2.022090e-01 | m1²=0.000896 | m2²=0.999611 | eps_w1=1.833916e+00 | eps_w2=3.309978e-03
[step   198300] t/d=1983.000 | task1=2.083058e-01 | task2=6.157653e-03 | F1=2.021667e-01 | m1²=0.000889 | m2²=0.999609 | eps_w1=1.833253e+00 | eps_w2=3.352749e-03
[step   198350] t/d=1983.500 | task1=2.082835e-01 | task2=6.158113e-03 | F1=2.021444e-01 | m1²=0.000896 | m2²=0.999607 | eps_w1=1.832974e+00 | eps_w2=3.371552e-03
[step   198400] t/d=1984.000 | task1=2.082511e-01 | task2=6.158651e-03 | F1=2.021121e-01 | m1²=0.000890 | m2²=0.999617 | eps_w1=1.832537e+00 | eps_w2=3.379546e-03
[step   198450] t/d=1984.500 | task1=2.082880e-01 | task2=6.158640e-03 | F1=2.021489e-01 | m1²=0.000895 | m2²=0.999615 | eps_w1=1.833058e+00 | eps_w2=3.351605e-03
[step   198500] t/d=1985.000 | task1=2.083340e-01 | task2=6.159881e-03 | F1=2.021949e-01 | m1²=0.000894 | m2²=0.999622 | eps_w1=1.833730e+00 | eps_w2=3.299702e-03
[step   198550] t/d=1985.500 | task1=2.083148e-01 | task2=6.159716e-03 | F1=2.021757e-01 | m1²=0.000897 | m2²=0.999621 | eps_w1=1.833499e+00 | eps_w2=3.315504e-03
[step   198600] t/d=1986.000 | task1=2.082971e-01 | task2=6.160422e-03 | F1=2.021581e-01 | m1²=0.000900 | m2²=0.999617 | eps_w1=1.833228e+00 | eps_w2=3.337567e-03
[step   198650] t/d=1986.500 | task1=2.083225e-01 | task2=6.161009e-03 | F1=2.021834e-01 | m1²=0.000915 | m2²=0.999624 | eps_w1=1.833619e+00 | eps_w2=3.300878e-03
[step   198700] t/d=1987.000 | task1=2.082844e-01 | task2=6.161285e-03 | F1=2.021453e-01 | m1²=0.000920 | m2²=0.999629 | eps_w1=1.833151e+00 | eps_w2=3.317225e-03
[step   198750] t/d=1987.500 | task1=2.082789e-01 | task2=6.164105e-03 | F1=2.021398e-01 | m1²=0.000920 | m2²=0.999628 | eps_w1=1.832969e+00 | eps_w2=3.329384e-03
[step   198800] t/d=1988.000 | task1=2.081982e-01 | task2=6.165063e-03 | F1=2.020591e-01 | m1²=0.000908 | m2²=0.999631 | eps_w1=1.831991e+00 | eps_w2=3.383030e-03
[step   198850] t/d=1988.500 | task1=2.082188e-01 | task2=6.167568e-03 | F1=2.020797e-01 | m1²=0.000892 | m2²=0.999631 | eps_w1=1.832100e+00 | eps_w2=3.377724e-03
[step   198900] t/d=1989.000 | task1=2.082148e-01 | task2=6.169281e-03 | F1=2.020758e-01 | m1²=0.000888 | m2²=0.999634 | eps_w1=1.831951e+00 | eps_w2=3.381167e-03
[step   198950] t/d=1989.500 | task1=2.082268e-01 | task2=6.169445e-03 | F1=2.020877e-01 | m1²=0.000882 | m2²=0.999632 | eps_w1=1.832165e+00 | eps_w2=3.372282e-03
[step   199000] t/d=1990.000 | task1=2.082344e-01 | task2=6.167288e-03 | F1=2.020953e-01 | m1²=0.000898 | m2²=0.999635 | eps_w1=1.832306e+00 | eps_w2=3.357420e-03
[step   199050] t/d=1990.500 | task1=2.082334e-01 | task2=6.166984e-03 | F1=2.020943e-01 | m1²=0.000902 | m2²=0.999630 | eps_w1=1.832363e+00 | eps_w2=3.362883e-03
[step   199100] t/d=1991.000 | task1=2.082138e-01 | task2=6.165097e-03 | F1=2.020748e-01 | m1²=0.000914 | m2²=0.999634 | eps_w1=1.832268e+00 | eps_w2=3.360347e-03
[step   199150] t/d=1991.500 | task1=2.081969e-01 | task2=6.163676e-03 | F1=2.020579e-01 | m1²=0.000922 | m2²=0.999638 | eps_w1=1.832157e+00 | eps_w2=3.358286e-03
[step   199200] t/d=1992.000 | task1=2.082351e-01 | task2=6.164990e-03 | F1=2.020960e-01 | m1²=0.000934 | m2²=0.999635 | eps_w1=1.832712e+00 | eps_w2=3.329029e-03
[step   199250] t/d=1992.500 | task1=2.083032e-01 | task2=6.163040e-03 | F1=2.021641e-01 | m1²=0.000950 | m2²=0.999638 | eps_w1=1.833593e+00 | eps_w2=3.272058e-03
[step   199300] t/d=1993.000 | task1=2.082667e-01 | task2=6.163961e-03 | F1=2.021277e-01 | m1²=0.000946 | m2²=0.999634 | eps_w1=1.833177e+00 | eps_w2=3.303143e-03
[step   199350] t/d=1993.500 | task1=2.083156e-01 | task2=6.164199e-03 | F1=2.021765e-01 | m1²=0.000949 | m2²=0.999632 | eps_w1=1.833731e+00 | eps_w2=3.274535e-03
[step   199400] t/d=1994.000 | task1=2.083693e-01 | task2=6.164600e-03 | F1=2.022303e-01 | m1²=0.000943 | m2²=0.999633 | eps_w1=1.834518e+00 | eps_w2=3.228718e-03
[step   199450] t/d=1994.500 | task1=2.083487e-01 | task2=6.162738e-03 | F1=2.022096e-01 | m1²=0.000940 | m2²=0.999638 | eps_w1=1.834258e+00 | eps_w2=3.234938e-03
[step   199500] t/d=1995.000 | task1=2.083821e-01 | task2=6.164075e-03 | F1=2.022430e-01 | m1²=0.000940 | m2²=0.999636 | eps_w1=1.834681e+00 | eps_w2=3.214938e-03
[step   199550] t/d=1995.500 | task1=2.083693e-01 | task2=6.164404e-03 | F1=2.022302e-01 | m1²=0.000940 | m2²=0.999632 | eps_w1=1.834627e+00 | eps_w2=3.225253e-03
[step   199600] t/d=1996.000 | task1=2.083808e-01 | task2=6.164860e-03 | F1=2.022418e-01 | m1²=0.000955 | m2²=0.999626 | eps_w1=1.834879e+00 | eps_w2=3.220587e-03
[step   199650] t/d=1996.500 | task1=2.083799e-01 | task2=6.162695e-03 | F1=2.022408e-01 | m1²=0.000951 | m2²=0.999637 | eps_w1=1.834821e+00 | eps_w2=3.204376e-03
[step   199700] t/d=1997.000 | task1=2.083659e-01 | task2=6.162034e-03 | F1=2.022268e-01 | m1²=0.000945 | m2²=0.999649 | eps_w1=1.834660e+00 | eps_w2=3.189978e-03
[step   199750] t/d=1997.500 | task1=2.083287e-01 | task2=6.161503e-03 | F1=2.021896e-01 | m1²=0.000941 | m2²=0.999648 | eps_w1=1.834313e+00 | eps_w2=3.213330e-03
[step   199800] t/d=1998.000 | task1=2.083162e-01 | task2=6.161139e-03 | F1=2.021772e-01 | m1²=0.000940 | m2²=0.999646 | eps_w1=1.834265e+00 | eps_w2=3.218425e-03
[step   199850] t/d=1998.500 | task1=2.082847e-01 | task2=6.159867e-03 | F1=2.021456e-01 | m1²=0.000935 | m2²=0.999638 | eps_w1=1.833880e+00 | eps_w2=3.256369e-03
[step   199900] t/d=1999.000 | task1=2.083236e-01 | task2=6.159508e-03 | F1=2.021846e-01 | m1²=0.000929 | m2²=0.999643 | eps_w1=1.834243e+00 | eps_w2=3.227492e-03
[step   199950] t/d=1999.500 | task1=2.083126e-01 | task2=6.160753e-03 | F1=2.021735e-01 | m1²=0.000930 | m2²=0.999652 | eps_w1=1.834085e+00 | eps_w2=3.218715e-03
[step   200000] t/d=2000.000 | task1=2.083273e-01 | task2=6.161799e-03 | F1=2.021883e-01 | m1²=0.000930 | m2²=0.999649 | eps_w1=1.834240e+00 | eps_w2=3.215261e-03
Saved checkpoint: results/quality_pretraining/finetunetask2_d100_T5/prestep_400000_task1step_100000_lr0p01_task1wseed21_task1sgdseed22_task2sgdseed42/checkpoints/step_000200000

Task-2 fine-tuning completed.
Metrics: results/quality_pretraining/finetunetask2_d100_T5/prestep_400000_task1step_100000_lr0p01_task1wseed21_task1sgdseed22_task2sgdseed42/metrics.csv

======================================================
Task-2 fine-tuning finished
======================================================
