
======================================================
Task-2 fine-tuning
======================================================
Pretraining run:       results/quality_pretraining/scaling_d500_T5
Pretraining step:      10000000
Task-1 run:            results/quality_pretraining/finetunetask1_d500_T5/prestep_10000000_lr0p01_init1_wseed21_sgdseed22
Task-1 checkpoint:     250000
Target Task-2 steps:   500000
Task-2 learning rate:  0.01
======================================================

Mon Oct  5 15:18:19 2026       
+---------------------------------------------------------------------------------------+
| NVIDIA-SMI 535.154.05             Driver Version: 535.154.05   CUDA Version: 12.2     |
|-----------------------------------------+----------------------+----------------------+
| GPU  Name                 Persistence-M | Bus-Id        Disp.A | Volatile Uncorr. ECC |
| Fan  Temp   Perf          Pwr:Usage/Cap |         Memory-Usage | GPU-Util  Compute M. |
|                                         |                      |               MIG M. |
|=========================================+======================+======================|
|   0  Tesla V100-PCIE-32GB           On  | 00000000:D8:00.0 Off |                  Off |
| N/A   35C    P0              24W / 250W |      0MiB / 32768MiB |      0%      Default |
|                                         |                      |                  N/A |
+-----------------------------------------+----------------------+----------------------+
                                                                                         
+---------------------------------------------------------------------------------------+
| Processes:                                                                            |
|  GPU   GI   CI        PID   Type   Process name                            GPU Memory |
|        ID   ID                                                             Usage      |
|=======================================================================================|
|  No running processes found                                                           |
+---------------------------------------------------------------------------------------+

==============================================
Task-2 fine-tuning
==============================================
source pretrain : /home/busato/catastrophic_forgetting/quality_pretraining/results/quality_pretraining/scaling_d500_T5
pretrain step   : 10,000,000
pretrain t/d²   : 40.000000
source Task 1   : /home/busato/catastrophic_forgetting/quality_pretraining/results/quality_pretraining/finetunetask1_d500_T5/prestep_10000000_lr0p01_init1_wseed21_sgdseed22
Task-1 step     : 250,000
Task-1 t/d      : 500.000
d               : 500
T               : 5
device          : cuda
Task-2 lr       : 0.01
Task-2 SGD seed : 42
target steps    : 500,000
target t/d      : 1000.000
eval every late : 250
checkpoints     : [250, 500, 1000, 2500, 5000, 10000, 25000, 50000, 100000, 250000, 500000]
run directory   : results/quality_pretraining/finetunetask2_d500_T5/prestep_10000000_task1step_250000_lr0p01_task1wseed21_task1sgdseed22_task2sgdseed42

[step 0] task1=6.716232e-03 | task2=1.707570e-01 | F1=0.000000e+00 | m1²=0.999821 | m2²=0.002177 | ||w||²/d=0.871204
[step       25] t/d=   0.050 | task1=6.715894e-03 | task2=1.705914e-01 | F1=-3.380232e-07 | m1²=0.999819 | m2²=0.002188 | eps_w1=3.982348e-03 | eps_w2=1.713790e+00
[step       50] t/d=   0.100 | task1=6.717530e-03 | task2=1.704804e-01 | F1=1.297925e-06 | m1²=0.999815 | m2²=0.002188 | eps_w1=4.117959e-03 | eps_w2=1.712204e+00
[step       75] t/d=   0.150 | task1=6.720948e-03 | task2=1.703371e-01 | F1=4.715711e-06 | m1²=0.999807 | m2²=0.002190 | eps_w1=4.299343e-03 | eps_w2=1.710160e+00
[step      100] t/d=   0.200 | task1=6.723573e-03 | task2=1.702049e-01 | F1=7.340441e-06 | m1²=0.999801 | m2²=0.002191 | eps_w1=4.455081e-03 | eps_w2=1.708416e+00
[step      125] t/d=   0.250 | task1=6.722872e-03 | task2=1.701052e-01 | F1=6.639820e-06 | m1²=0.999799 | m2²=0.002194 | eps_w1=4.588566e-03 | eps_w2=1.706878e+00
[step      150] t/d=   0.300 | task1=6.723561e-03 | task2=1.699766e-01 | F1=7.328833e-06 | m1²=0.999794 | m2²=0.002204 | eps_w1=4.748877e-03 | eps_w2=1.705099e+00
[step      175] t/d=   0.350 | task1=6.726994e-03 | task2=1.698724e-01 | F1=1.076150e-05 | m1²=0.999794 | m2²=0.002209 | eps_w1=4.873421e-03 | eps_w2=1.703670e+00
[step      200] t/d=   0.400 | task1=6.729506e-03 | task2=1.697063e-01 | F1=1.327365e-05 | m1²=0.999786 | m2²=0.002204 | eps_w1=5.086375e-03 | eps_w2=1.701456e+00
[step      225] t/d=   0.450 | task1=6.734973e-03 | task2=1.695791e-01 | F1=1.874051e-05 | m1²=0.999786 | m2²=0.002199 | eps_w1=5.238529e-03 | eps_w2=1.699802e+00
[step      250] t/d=   0.500 | task1=6.738042e-03 | task2=1.694484e-01 | F1=2.181023e-05 | m1²=0.999784 | m2²=0.002215 | eps_w1=5.403219e-03 | eps_w2=1.698048e+00
Saved checkpoint: results/quality_pretraining/finetunetask2_d500_T5/prestep_10000000_task1step_250000_lr0p01_task1wseed21_task1sgdseed22_task2sgdseed42/checkpoints/step_000000250
[step      275] t/d=   0.550 | task1=6.741046e-03 | task2=1.693231e-01 | F1=2.481365e-05 | m1²=0.999779 | m2²=0.002217 | eps_w1=5.576840e-03 | eps_w2=1.696300e+00
[step      300] t/d=   0.600 | task1=6.746921e-03 | task2=1.691936e-01 | F1=3.068902e-05 | m1²=0.999772 | m2²=0.002215 | eps_w1=5.765997e-03 | eps_w2=1.694472e+00
[step      325] t/d=   0.650 | task1=6.752440e-03 | task2=1.690510e-01 | F1=3.620800e-05 | m1²=0.999774 | m2²=0.002221 | eps_w1=5.938061e-03 | eps_w2=1.692663e+00
[step      350] t/d=   0.700 | task1=6.756109e-03 | task2=1.689297e-01 | F1=3.987699e-05 | m1²=0.999768 | m2²=0.002221 | eps_w1=6.111695e-03 | eps_w2=1.691034e+00
[step      375] t/d=   0.750 | task1=6.763584e-03 | task2=1.687737e-01 | F1=4.735164e-05 | m1²=0.999765 | m2²=0.002227 | eps_w1=6.322962e-03 | eps_w2=1.688991e+00
[step      400] t/d=   0.800 | task1=6.768162e-03 | task2=1.686479e-01 | F1=5.193028e-05 | m1²=0.999761 | m2²=0.002236 | eps_w1=6.510617e-03 | eps_w2=1.687224e+00
[step      425] t/d=   0.850 | task1=6.774186e-03 | task2=1.685565e-01 | F1=5.795401e-05 | m1²=0.999760 | m2²=0.002240 | eps_w1=6.651486e-03 | eps_w2=1.685886e+00
[step      450] t/d=   0.900 | task1=6.778871e-03 | task2=1.684160e-01 | F1=6.263924e-05 | m1²=0.999757 | m2²=0.002247 | eps_w1=6.851197e-03 | eps_w2=1.684047e+00
[step      475] t/d=   0.950 | task1=6.781588e-03 | task2=1.682612e-01 | F1=6.535629e-05 | m1²=0.999750 | m2²=0.002257 | eps_w1=7.074914e-03 | eps_w2=1.682088e+00
[step      500] t/d=   1.000 | task1=6.790664e-03 | task2=1.681169e-01 | F1=7.443147e-05 | m1²=0.999750 | m2²=0.002268 | eps_w1=7.275729e-03 | eps_w2=1.680232e+00
Saved checkpoint: results/quality_pretraining/finetunetask2_d500_T5/prestep_10000000_task1step_250000_lr0p01_task1wseed21_task1sgdseed22_task2sgdseed42/checkpoints/step_000000500
[step      525] t/d=   1.050 | task1=6.798741e-03 | task2=1.679864e-01 | F1=8.250895e-05 | m1²=0.999742 | m2²=0.002278 | eps_w1=7.461106e-03 | eps_w2=1.678691e+00
[step      550] t/d=   1.100 | task1=6.804979e-03 | task2=1.678456e-01 | F1=8.874680e-05 | m1²=0.999740 | m2²=0.002286 | eps_w1=7.657218e-03 | eps_w2=1.676967e+00
[step      575] t/d=   1.150 | task1=6.811618e-03 | task2=1.677254e-01 | F1=9.538583e-05 | m1²=0.999734 | m2²=0.002277 | eps_w1=7.865273e-03 | eps_w2=1.675259e+00
[step      600] t/d=   1.200 | task1=6.817229e-03 | task2=1.676019e-01 | F1=1.009971e-04 | m1²=0.999727 | m2²=0.002276 | eps_w1=8.063727e-03 | eps_w2=1.673671e+00
[step      625] t/d=   1.250 | task1=6.823533e-03 | task2=1.674414e-01 | F1=1.073013e-04 | m1²=0.999720 | m2²=0.002290 | eps_w1=8.315158e-03 | eps_w2=1.671629e+00
[step      650] t/d=   1.300 | task1=6.833324e-03 | task2=1.673114e-01 | F1=1.170918e-04 | m1²=0.999718 | m2²=0.002289 | eps_w1=8.536305e-03 | eps_w2=1.669827e+00
[step      675] t/d=   1.350 | task1=6.842402e-03 | task2=1.671502e-01 | F1=1.261697e-04 | m1²=0.999712 | m2²=0.002304 | eps_w1=8.773020e-03 | eps_w2=1.667939e+00
[step      700] t/d=   1.400 | task1=6.851646e-03 | task2=1.670241e-01 | F1=1.354139e-04 | m1²=0.999704 | m2²=0.002301 | eps_w1=9.015574e-03 | eps_w2=1.666111e+00
[step      725] t/d=   1.450 | task1=6.859017e-03 | task2=1.668706e-01 | F1=1.427848e-04 | m1²=0.999697 | m2²=0.002296 | eps_w1=9.280573e-03 | eps_w2=1.664105e+00
[step      750] t/d=   1.500 | task1=6.867755e-03 | task2=1.667411e-01 | F1=1.515233e-04 | m1²=0.999690 | m2²=0.002308 | eps_w1=9.546677e-03 | eps_w2=1.662109e+00
[step      775] t/d=   1.550 | task1=6.875564e-03 | task2=1.666214e-01 | F1=1.593319e-04 | m1²=0.999686 | m2²=0.002311 | eps_w1=9.770205e-03 | eps_w2=1.660429e+00
[step      800] t/d=   1.600 | task1=6.883609e-03 | task2=1.664812e-01 | F1=1.673773e-04 | m1²=0.999679 | m2²=0.002310 | eps_w1=1.004612e-02 | eps_w2=1.658434e+00
[step      825] t/d=   1.650 | task1=6.894447e-03 | task2=1.663576e-01 | F1=1.782145e-04 | m1²=0.999671 | m2²=0.002328 | eps_w1=1.025171e-02 | eps_w2=1.656968e+00
[step      850] t/d=   1.700 | task1=6.906420e-03 | task2=1.661881e-01 | F1=1.901875e-04 | m1²=0.999661 | m2²=0.002316 | eps_w1=1.056267e-02 | eps_w2=1.654820e+00
[step      875] t/d=   1.750 | task1=6.915599e-03 | task2=1.660287e-01 | F1=1.993667e-04 | m1²=0.999653 | m2²=0.002291 | eps_w1=1.089292e-02 | eps_w2=1.652567e+00
[step      900] t/d=   1.800 | task1=6.920482e-03 | task2=1.659121e-01 | F1=2.042494e-04 | m1²=0.999649 | m2²=0.002307 | eps_w1=1.109686e-02 | eps_w2=1.651136e+00
[step      925] t/d=   1.850 | task1=6.925460e-03 | task2=1.658168e-01 | F1=2.092277e-04 | m1²=0.999651 | m2²=0.002307 | eps_w1=1.127946e-02 | eps_w2=1.649810e+00
[step      950] t/d=   1.900 | task1=6.930661e-03 | task2=1.657243e-01 | F1=2.144293e-04 | m1²=0.999645 | m2²=0.002320 | eps_w1=1.144126e-02 | eps_w2=1.648727e+00
[step      975] t/d=   1.950 | task1=6.941436e-03 | task2=1.655946e-01 | F1=2.252040e-04 | m1²=0.999645 | m2²=0.002311 | eps_w1=1.166618e-02 | eps_w2=1.647168e+00
[step     1000] t/d=   2.000 | task1=6.949524e-03 | task2=1.654471e-01 | F1=2.332920e-04 | m1²=0.999644 | m2²=0.002304 | eps_w1=1.193427e-02 | eps_w2=1.645353e+00
Saved checkpoint: results/quality_pretraining/finetunetask2_d500_T5/prestep_10000000_task1step_250000_lr0p01_task1wseed21_task1sgdseed22_task2sgdseed42/checkpoints/step_000001000
[step     1025] t/d=   2.050 | task1=6.958248e-03 | task2=1.653599e-01 | F1=2.420163e-04 | m1²=0.999641 | m2²=0.002314 | eps_w1=1.213474e-02 | eps_w2=1.644001e+00
[step     1050] t/d=   2.100 | task1=6.965774e-03 | task2=1.652608e-01 | F1=2.495422e-04 | m1²=0.999637 | m2²=0.002318 | eps_w1=1.233674e-02 | eps_w2=1.642691e+00
[step     1075] t/d=   2.150 | task1=6.976151e-03 | task2=1.651565e-01 | F1=2.599184e-04 | m1²=0.999630 | m2²=0.002319 | eps_w1=1.258710e-02 | eps_w2=1.641093e+00
[step     1100] t/d=   2.200 | task1=6.988746e-03 | task2=1.650071e-01 | F1=2.725136e-04 | m1²=0.999626 | m2²=0.002318 | eps_w1=1.288331e-02 | eps_w2=1.639200e+00
[step     1125] t/d=   2.250 | task1=7.000886e-03 | task2=1.648756e-01 | F1=2.846537e-04 | m1²=0.999622 | m2²=0.002322 | eps_w1=1.314176e-02 | eps_w2=1.637558e+00
[step     1150] t/d=   2.300 | task1=7.018717e-03 | task2=1.647011e-01 | F1=3.024848e-04 | m1²=0.999613 | m2²=0.002333 | eps_w1=1.352585e-02 | eps_w2=1.635181e+00
[step     1175] t/d=   2.350 | task1=7.025595e-03 | task2=1.645985e-01 | F1=3.093631e-04 | m1²=0.999610 | m2²=0.002337 | eps_w1=1.376011e-02 | eps_w2=1.633723e+00
[step     1200] t/d=   2.400 | task1=7.038316e-03 | task2=1.644744e-01 | F1=3.220836e-04 | m1²=0.999601 | m2²=0.002340 | eps_w1=1.404651e-02 | eps_w2=1.632018e+00
[step     1225] t/d=   2.450 | task1=7.049952e-03 | task2=1.643234e-01 | F1=3.337195e-04 | m1²=0.999591 | m2²=0.002345 | eps_w1=1.438227e-02 | eps_w2=1.630043e+00
[step     1250] t/d=   2.500 | task1=7.060780e-03 | task2=1.642175e-01 | F1=3.445474e-04 | m1²=0.999583 | m2²=0.002342 | eps_w1=1.463325e-02 | eps_w2=1.628608e+00
[step     1275] t/d=   2.550 | task1=7.071635e-03 | task2=1.640508e-01 | F1=3.554033e-04 | m1²=0.999580 | m2²=0.002354 | eps_w1=1.497313e-02 | eps_w2=1.626559e+00
[step     1300] t/d=   2.600 | task1=7.083748e-03 | task2=1.639116e-01 | F1=3.675154e-04 | m1²=0.999570 | m2²=0.002362 | eps_w1=1.530184e-02 | eps_w2=1.624692e+00
[step     1325] t/d=   2.650 | task1=7.097529e-03 | task2=1.637946e-01 | F1=3.812971e-04 | m1²=0.999559 | m2²=0.002349 | eps_w1=1.560707e-02 | eps_w2=1.623032e+00
[step     1350] t/d=   2.700 | task1=7.105559e-03 | task2=1.637045e-01 | F1=3.893267e-04 | m1²=0.999553 | m2²=0.002348 | eps_w1=1.581434e-02 | eps_w2=1.621877e+00
[step     1375] t/d=   2.750 | task1=7.116367e-03 | task2=1.635836e-01 | F1=4.001344e-04 | m1²=0.999555 | m2²=0.002351 | eps_w1=1.606925e-02 | eps_w2=1.620378e+00
[step     1400] t/d=   2.800 | task1=7.125772e-03 | task2=1.634760e-01 | F1=4.095400e-04 | m1²=0.999553 | m2²=0.002352 | eps_w1=1.631217e-02 | eps_w2=1.619005e+00
[step     1425] t/d=   2.850 | task1=7.139180e-03 | task2=1.633034e-01 | F1=4.229482e-04 | m1²=0.999550 | m2²=0.002360 | eps_w1=1.671162e-02 | eps_w2=1.616759e+00
[step     1450] t/d=   2.900 | task1=7.154103e-03 | task2=1.631823e-01 | F1=4.378712e-04 | m1²=0.999543 | m2²=0.002361 | eps_w1=1.702801e-02 | eps_w2=1.615049e+00
[step     1475] t/d=   2.950 | task1=7.168327e-03 | task2=1.630620e-01 | F1=4.520945e-04 | m1²=0.999540 | m2²=0.002365 | eps_w1=1.731624e-02 | eps_w2=1.613482e+00
[step     1500] t/d=   3.000 | task1=7.179120e-03 | task2=1.629725e-01 | F1=4.628876e-04 | m1²=0.999539 | m2²=0.002364 | eps_w1=1.755698e-02 | eps_w2=1.612167e+00
[step     1525] t/d=   3.050 | task1=7.191173e-03 | task2=1.628537e-01 | F1=4.749404e-04 | m1²=0.999530 | m2²=0.002379 | eps_w1=1.785001e-02 | eps_w2=1.610631e+00
[step     1550] t/d=   3.100 | task1=7.207088e-03 | task2=1.627216e-01 | F1=4.908554e-04 | m1²=0.999527 | m2²=0.002394 | eps_w1=1.818069e-02 | eps_w2=1.608855e+00
[step     1575] t/d=   3.150 | task1=7.213092e-03 | task2=1.626485e-01 | F1=4.968596e-04 | m1²=0.999524 | m2²=0.002392 | eps_w1=1.837072e-02 | eps_w2=1.607874e+00
[step     1600] t/d=   3.200 | task1=7.224254e-03 | task2=1.625359e-01 | F1=5.080220e-04 | m1²=0.999515 | m2²=0.002392 | eps_w1=1.863737e-02 | eps_w2=1.606538e+00
[step     1625] t/d=   3.250 | task1=7.236976e-03 | task2=1.624289e-01 | F1=5.207442e-04 | m1²=0.999516 | m2²=0.002387 | eps_w1=1.889368e-02 | eps_w2=1.605188e+00
[step     1650] t/d=   3.300 | task1=7.246418e-03 | task2=1.623498e-01 | F1=5.301857e-04 | m1²=0.999512 | m2²=0.002387 | eps_w1=1.912056e-02 | eps_w2=1.604039e+00
[step     1675] t/d=   3.350 | task1=7.259817e-03 | task2=1.622403e-01 | F1=5.435846e-04 | m1²=0.999506 | m2²=0.002395 | eps_w1=1.937508e-02 | eps_w2=1.602769e+00
[step     1700] t/d=   3.400 | task1=7.280660e-03 | task2=1.620701e-01 | F1=5.644280e-04 | m1²=0.999498 | m2²=0.002395 | eps_w1=1.978980e-02 | eps_w2=1.600705e+00
[step     1725] t/d=   3.450 | task1=7.289865e-03 | task2=1.619998e-01 | F1=5.736326e-04 | m1²=0.999493 | m2²=0.002406 | eps_w1=2.000044e-02 | eps_w2=1.599668e+00
[step     1750] t/d=   3.500 | task1=7.304417e-03 | task2=1.619009e-01 | F1=5.881853e-04 | m1²=0.999493 | m2²=0.002403 | eps_w1=2.025496e-02 | eps_w2=1.598387e+00
[step     1775] t/d=   3.550 | task1=7.316987e-03 | task2=1.618023e-01 | F1=6.007553e-04 | m1²=0.999489 | m2²=0.002407 | eps_w1=2.054808e-02 | eps_w2=1.596950e+00
[step     1800] t/d=   3.600 | task1=7.328806e-03 | task2=1.616954e-01 | F1=6.125738e-04 | m1²=0.999489 | m2²=0.002407 | eps_w1=2.080554e-02 | eps_w2=1.595670e+00
[step     1825] t/d=   3.650 | task1=7.345107e-03 | task2=1.615635e-01 | F1=6.288752e-04 | m1²=0.999485 | m2²=0.002411 | eps_w1=2.110863e-02 | eps_w2=1.594200e+00
[step     1850] t/d=   3.700 | task1=7.356195e-03 | task2=1.614678e-01 | F1=6.399631e-04 | m1²=0.999480 | m2²=0.002408 | eps_w1=2.137629e-02 | eps_w2=1.592947e+00
[step     1875] t/d=   3.750 | task1=7.371713e-03 | task2=1.613655e-01 | F1=6.554811e-04 | m1²=0.999477 | m2²=0.002406 | eps_w1=2.167253e-02 | eps_w2=1.591537e+00
[step     1900] t/d=   3.800 | task1=7.379113e-03 | task2=1.612845e-01 | F1=6.628813e-04 | m1²=0.999480 | m2²=0.002425 | eps_w1=2.187422e-02 | eps_w2=1.590508e+00
[step     1925] t/d=   3.850 | task1=7.399465e-03 | task2=1.611336e-01 | F1=6.832333e-04 | m1²=0.999485 | m2²=0.002421 | eps_w1=2.227377e-02 | eps_w2=1.588565e+00
[step     1950] t/d=   3.900 | task1=7.410258e-03 | task2=1.610368e-01 | F1=6.940263e-04 | m1²=0.999483 | m2²=0.002417 | eps_w1=2.253840e-02 | eps_w2=1.587341e+00
[step     1975] t/d=   3.950 | task1=7.427302e-03 | task2=1.609212e-01 | F1=7.110699e-04 | m1²=0.999472 | m2²=0.002420 | eps_w1=2.285546e-02 | eps_w2=1.585934e+00
[step     2000] t/d=   4.000 | task1=7.445524e-03 | task2=1.607856e-01 | F1=7.292915e-04 | m1²=0.999468 | m2²=0.002403 | eps_w1=2.322473e-02 | eps_w2=1.584279e+00
[step     2025] t/d=   4.050 | task1=7.461062e-03 | task2=1.606894e-01 | F1=7.448301e-04 | m1²=0.999457 | m2²=0.002404 | eps_w1=2.351219e-02 | eps_w2=1.583033e+00
[step     2050] t/d=   4.100 | task1=7.476109e-03 | task2=1.605513e-01 | F1=7.598773e-04 | m1²=0.999446 | m2²=0.002414 | eps_w1=2.389763e-02 | eps_w2=1.581338e+00
[step     2075] t/d=   4.150 | task1=7.493436e-03 | task2=1.604203e-01 | F1=7.772036e-04 | m1²=0.999439 | m2²=0.002415 | eps_w1=2.425207e-02 | eps_w2=1.579788e+00
[step     2100] t/d=   4.200 | task1=7.516751e-03 | task2=1.602629e-01 | F1=8.005188e-04 | m1²=0.999433 | m2²=0.002425 | eps_w1=2.473480e-02 | eps_w2=1.577650e+00
[step     2125] t/d=   4.250 | task1=7.533541e-03 | task2=1.601372e-01 | F1=8.173088e-04 | m1²=0.999425 | m2²=0.002421 | eps_w1=2.512986e-02 | eps_w2=1.575965e+00
[step     2150] t/d=   4.300 | task1=7.547291e-03 | task2=1.600378e-01 | F1=8.310592e-04 | m1²=0.999424 | m2²=0.002423 | eps_w1=2.541977e-02 | eps_w2=1.574693e+00
[step     2175] t/d=   4.350 | task1=7.566531e-03 | task2=1.599099e-01 | F1=8.502990e-04 | m1²=0.999412 | m2²=0.002431 | eps_w1=2.579906e-02 | eps_w2=1.573115e+00
[step     2200] t/d=   4.400 | task1=7.580154e-03 | task2=1.598178e-01 | F1=8.639220e-04 | m1²=0.999414 | m2²=0.002430 | eps_w1=2.604389e-02 | eps_w2=1.572039e+00
[step     2225] t/d=   4.450 | task1=7.612107e-03 | task2=1.596178e-01 | F1=8.958746e-04 | m1²=0.999406 | m2²=0.002433 | eps_w1=2.664449e-02 | eps_w2=1.569509e+00
[step     2250] t/d=   4.500 | task1=7.624110e-03 | task2=1.595437e-01 | F1=9.078779e-04 | m1²=0.999395 | m2²=0.002432 | eps_w1=2.687838e-02 | eps_w2=1.568593e+00
[step     2275] t/d=   4.550 | task1=7.644099e-03 | task2=1.594301e-01 | F1=9.278668e-04 | m1²=0.999395 | m2²=0.002446 | eps_w1=2.720099e-02 | eps_w2=1.567214e+00
[step     2300] t/d=   4.600 | task1=7.665380e-03 | task2=1.592809e-01 | F1=9.491482e-04 | m1²=0.999388 | m2²=0.002470 | eps_w1=2.764215e-02 | eps_w2=1.565375e+00
[step     2325] t/d=   4.650 | task1=7.672365e-03 | task2=1.592359e-01 | F1=9.561330e-04 | m1²=0.999392 | m2²=0.002460 | eps_w1=2.779338e-02 | eps_w2=1.564732e+00
[step     2350] t/d=   4.700 | task1=7.684778e-03 | task2=1.591592e-01 | F1=9.685460e-04 | m1²=0.999391 | m2²=0.002471 | eps_w1=2.800000e-02 | eps_w2=1.563871e+00
[step     2375] t/d=   4.750 | task1=7.701408e-03 | task2=1.590418e-01 | F1=9.851754e-04 | m1²=0.999386 | m2²=0.002468 | eps_w1=2.832415e-02 | eps_w2=1.562573e+00
[step     2400] t/d=   4.800 | task1=7.714879e-03 | task2=1.589756e-01 | F1=9.986472e-04 | m1²=0.999382 | m2²=0.002472 | eps_w1=2.854928e-02 | eps_w2=1.561667e+00
[step     2425] t/d=   4.850 | task1=7.731659e-03 | task2=1.588410e-01 | F1=1.015427e-03 | m1²=0.999381 | m2²=0.002470 | eps_w1=2.893828e-02 | eps_w2=1.560093e+00
[step     2450] t/d=   4.900 | task1=7.748724e-03 | task2=1.587325e-01 | F1=1.032492e-03 | m1²=0.999367 | m2²=0.002477 | eps_w1=2.931927e-02 | eps_w2=1.558643e+00
[step     2475] t/d=   4.950 | task1=7.758630e-03 | task2=1.586714e-01 | F1=1.042398e-03 | m1²=0.999359 | m2²=0.002485 | eps_w1=2.955982e-02 | eps_w2=1.557717e+00
[step     2500] t/d=   5.000 | task1=7.776983e-03 | task2=1.585297e-01 | F1=1.060751e-03 | m1²=0.999346 | m2²=0.002491 | eps_w1=2.997661e-02 | eps_w2=1.556133e+00
Saved checkpoint: results/quality_pretraining/finetunetask2_d500_T5/prestep_10000000_task1step_250000_lr0p01_task1wseed21_task1sgdseed22_task2sgdseed42/checkpoints/step_000002500
[step     2600] t/d=   5.200 | task1=7.840546e-03 | task2=1.581336e-01 | F1=1.124314e-03 | m1²=0.999335 | m2²=0.002511 | eps_w1=3.118032e-02 | eps_w2=1.551453e+00
[step     2700] t/d=   5.400 | task1=7.926168e-03 | task2=1.576437e-01 | F1=1.209936e-03 | m1²=0.999330 | m2²=0.002545 | eps_w1=3.277820e-02 | eps_w2=1.545341e+00
[step     2800] t/d=   5.600 | task1=8.000012e-03 | task2=1.572465e-01 | F1=1.283780e-03 | m1²=0.999323 | m2²=0.002540 | eps_w1=3.407271e-02 | eps_w2=1.540590e+00
[step     2900] t/d=   5.800 | task1=8.053867e-03 | task2=1.569312e-01 | F1=1.337635e-03 | m1²=0.999301 | m2²=0.002572 | eps_w1=3.509087e-02 | eps_w2=1.536972e+00
[step     3000] t/d=   6.000 | task1=8.130117e-03 | task2=1.565329e-01 | F1=1.413885e-03 | m1²=0.999299 | m2²=0.002573 | eps_w1=3.655351e-02 | eps_w2=1.531790e+00
[step     3100] t/d=   6.200 | task1=8.216305e-03 | task2=1.560669e-01 | F1=1.500073e-03 | m1²=0.999267 | m2²=0.002561 | eps_w1=3.820943e-02 | eps_w2=1.526258e+00
[step     3200] t/d=   6.400 | task1=8.305426e-03 | task2=1.556346e-01 | F1=1.589194e-03 | m1²=0.999249 | m2²=0.002605 | eps_w1=3.985033e-02 | eps_w2=1.520767e+00
[step     3300] t/d=   6.600 | task1=8.381260e-03 | task2=1.552561e-01 | F1=1.665028e-03 | m1²=0.999223 | m2²=0.002611 | eps_w1=4.130096e-02 | eps_w2=1.516130e+00
[step     3400] t/d=   6.800 | task1=8.473538e-03 | task2=1.547884e-01 | F1=1.757306e-03 | m1²=0.999210 | m2²=0.002649 | eps_w1=4.306565e-02 | eps_w2=1.510489e+00
[step     3500] t/d=   7.000 | task1=8.558876e-03 | task2=1.543439e-01 | F1=1.842644e-03 | m1²=0.999188 | m2²=0.002655 | eps_w1=4.467810e-02 | eps_w2=1.505549e+00
[step     3600] t/d=   7.200 | task1=8.642343e-03 | task2=1.539537e-01 | F1=1.926110e-03 | m1²=0.999170 | m2²=0.002664 | eps_w1=4.615282e-02 | eps_w2=1.501115e+00
[step     3700] t/d=   7.400 | task1=8.721816e-03 | task2=1.535893e-01 | F1=2.005584e-03 | m1²=0.999154 | m2²=0.002682 | eps_w1=4.762502e-02 | eps_w2=1.496758e+00
[step     3800] t/d=   7.600 | task1=8.814219e-03 | task2=1.531855e-01 | F1=2.097986e-03 | m1²=0.999118 | m2²=0.002733 | eps_w1=4.931811e-02 | eps_w2=1.491887e+00
[step     3900] t/d=   7.800 | task1=8.897950e-03 | task2=1.528214e-01 | F1=2.181718e-03 | m1²=0.999094 | m2²=0.002757 | eps_w1=5.085078e-02 | eps_w2=1.487560e+00
[step     4000] t/d=   8.000 | task1=8.997371e-03 | task2=1.524332e-01 | F1=2.281139e-03 | m1²=0.999073 | m2²=0.002776 | eps_w1=5.250929e-02 | eps_w2=1.482963e+00
[step     4100] t/d=   8.200 | task1=9.101916e-03 | task2=1.520159e-01 | F1=2.385684e-03 | m1²=0.999038 | m2²=0.002816 | eps_w1=5.428385e-02 | eps_w2=1.478169e+00
[step     4200] t/d=   8.400 | task1=9.215573e-03 | task2=1.515407e-01 | F1=2.499340e-03 | m1²=0.999030 | m2²=0.002852 | eps_w1=5.627389e-02 | eps_w2=1.472797e+00
[step     4300] t/d=   8.600 | task1=9.299794e-03 | task2=1.511730e-01 | F1=2.583562e-03 | m1²=0.999013 | m2²=0.002874 | eps_w1=5.785226e-02 | eps_w2=1.468676e+00
[step     4400] t/d=   8.800 | task1=9.413021e-03 | task2=1.507225e-01 | F1=2.696788e-03 | m1²=0.998967 | m2²=0.002906 | eps_w1=5.986885e-02 | eps_w2=1.463604e+00
[step     4500] t/d=   9.000 | task1=9.507608e-03 | task2=1.504199e-01 | F1=2.791376e-03 | m1²=0.998911 | m2²=0.002967 | eps_w1=6.140095e-02 | eps_w2=1.459857e+00
[step     4600] t/d=   9.200 | task1=9.601308e-03 | task2=1.501143e-01 | F1=2.885076e-03 | m1²=0.998884 | m2²=0.002989 | eps_w1=6.293757e-02 | eps_w2=1.456101e+00
[step     4700] t/d=   9.400 | task1=9.745328e-03 | task2=1.496607e-01 | F1=3.029096e-03 | m1²=0.998839 | m2²=0.003028 | eps_w1=6.520422e-02 | eps_w2=1.450678e+00
[step     4800] t/d=   9.600 | task1=9.862512e-03 | task2=1.492589e-01 | F1=3.146280e-03 | m1²=0.998816 | m2²=0.003032 | eps_w1=6.721072e-02 | eps_w2=1.445960e+00
[step     4900] t/d=   9.800 | task1=9.981046e-03 | task2=1.488582e-01 | F1=3.264813e-03 | m1²=0.998767 | m2²=0.003038 | eps_w1=6.925995e-02 | eps_w2=1.441327e+00
[step     5000] t/d=  10.000 | task1=1.009548e-02 | task2=1.484948e-01 | F1=3.379246e-03 | m1²=0.998737 | m2²=0.003069 | eps_w1=7.111705e-02 | eps_w2=1.437123e+00
Saved checkpoint: results/quality_pretraining/finetunetask2_d500_T5/prestep_10000000_task1step_250000_lr0p01_task1wseed21_task1sgdseed22_task2sgdseed42/checkpoints/step_000005000
[step     5100] t/d=  10.200 | task1=1.020707e-02 | task2=1.480656e-01 | F1=3.490840e-03 | m1²=0.998732 | m2²=0.003074 | eps_w1=7.317679e-02 | eps_w2=1.432492e+00
[step     5200] t/d=  10.400 | task1=1.031753e-02 | task2=1.477406e-01 | F1=3.601294e-03 | m1²=0.998709 | m2²=0.003106 | eps_w1=7.488544e-02 | eps_w2=1.428745e+00
[step     5300] t/d=  10.600 | task1=1.043337e-02 | task2=1.473817e-01 | F1=3.717137e-03 | m1²=0.998685 | m2²=0.003138 | eps_w1=7.678899e-02 | eps_w2=1.424635e+00
[step     5400] t/d=  10.800 | task1=1.055418e-02 | task2=1.470542e-01 | F1=3.837950e-03 | m1²=0.998654 | m2²=0.003154 | eps_w1=7.862513e-02 | eps_w2=1.420784e+00
[step     5500] t/d=  11.000 | task1=1.069049e-02 | task2=1.466659e-01 | F1=3.974258e-03 | m1²=0.998643 | m2²=0.003172 | eps_w1=8.071567e-02 | eps_w2=1.416399e+00
[step     5600] t/d=  11.200 | task1=1.080276e-02 | task2=1.463120e-01 | F1=4.086527e-03 | m1²=0.998650 | m2²=0.003177 | eps_w1=8.256698e-02 | eps_w2=1.412547e+00
[step     5700] t/d=  11.400 | task1=1.091993e-02 | task2=1.459509e-01 | F1=4.203700e-03 | m1²=0.998638 | m2²=0.003183 | eps_w1=8.453293e-02 | eps_w2=1.408580e+00
[step     5800] t/d=  11.600 | task1=1.103549e-02 | task2=1.456501e-01 | F1=4.319258e-03 | m1²=0.998622 | m2²=0.003222 | eps_w1=8.622149e-02 | eps_w2=1.405197e+00
[step     5900] t/d=  11.800 | task1=1.113356e-02 | task2=1.453899e-01 | F1=4.417324e-03 | m1²=0.998609 | m2²=0.003236 | eps_w1=8.772087e-02 | eps_w2=1.402257e+00
[step     6000] t/d=  12.000 | task1=1.127330e-02 | task2=1.450113e-01 | F1=4.557067e-03 | m1²=0.998611 | m2²=0.003267 | eps_w1=8.987514e-02 | eps_w2=1.398024e+00
[step     6100] t/d=  12.200 | task1=1.138983e-02 | task2=1.447061e-01 | F1=4.673597e-03 | m1²=0.998594 | m2²=0.003273 | eps_w1=9.173849e-02 | eps_w2=1.394497e+00
[step     6200] t/d=  12.400 | task1=1.152651e-02 | task2=1.443502e-01 | F1=4.810275e-03 | m1²=0.998572 | m2²=0.003285 | eps_w1=9.381554e-02 | eps_w2=1.390628e+00
[step     6300] t/d=  12.600 | task1=1.167221e-02 | task2=1.439482e-01 | F1=4.955978e-03 | m1²=0.998553 | m2²=0.003268 | eps_w1=9.616270e-02 | eps_w2=1.386353e+00
[step     6400] t/d=  12.800 | task1=1.180459e-02 | task2=1.436056e-01 | F1=5.088356e-03 | m1²=0.998526 | m2²=0.003321 | eps_w1=9.832835e-02 | eps_w2=1.382414e+00
[step     6500] t/d=  13.000 | task1=1.193132e-02 | task2=1.433008e-01 | F1=5.215086e-03 | m1²=0.998495 | m2²=0.003338 | eps_w1=1.002469e-01 | eps_w2=1.379030e+00
[step     6600] t/d=  13.200 | task1=1.205585e-02 | task2=1.429910e-01 | F1=5.339620e-03 | m1²=0.998460 | m2²=0.003360 | eps_w1=1.021881e-01 | eps_w2=1.375656e+00
[step     6700] t/d=  13.400 | task1=1.217962e-02 | task2=1.426859e-01 | F1=5.463390e-03 | m1²=0.998455 | m2²=0.003363 | eps_w1=1.041106e-01 | eps_w2=1.372315e+00
[step     6800] t/d=  13.600 | task1=1.232805e-02 | task2=1.423479e-01 | F1=5.611816e-03 | m1²=0.998402 | m2²=0.003344 | eps_w1=1.063104e-01 | eps_w2=1.368683e+00
[step     6900] t/d=  13.800 | task1=1.245751e-02 | task2=1.420526e-01 | F1=5.741276e-03 | m1²=0.998381 | m2²=0.003377 | eps_w1=1.083350e-01 | eps_w2=1.365265e+00
[step     7000] t/d=  14.000 | task1=1.261255e-02 | task2=1.416973e-01 | F1=5.896315e-03 | m1²=0.998330 | m2²=0.003383 | eps_w1=1.106746e-01 | eps_w2=1.361472e+00
[step     7100] t/d=  14.200 | task1=1.274385e-02 | task2=1.414308e-01 | F1=6.027617e-03 | m1²=0.998312 | m2²=0.003390 | eps_w1=1.126077e-01 | eps_w2=1.358325e+00
[step     7200] t/d=  14.400 | task1=1.285598e-02 | task2=1.411629e-01 | F1=6.139747e-03 | m1²=0.998274 | m2²=0.003433 | eps_w1=1.143587e-01 | eps_w2=1.355513e+00
[step     7300] t/d=  14.600 | task1=1.296938e-02 | task2=1.408964e-01 | F1=6.253149e-03 | m1²=0.998265 | m2²=0.003458 | eps_w1=1.161139e-01 | eps_w2=1.352685e+00
[step     7400] t/d=  14.800 | task1=1.312802e-02 | task2=1.405457e-01 | F1=6.411787e-03 | m1²=0.998247 | m2²=0.003465 | eps_w1=1.184281e-01 | eps_w2=1.349051e+00
[step     7500] t/d=  15.000 | task1=1.325026e-02 | task2=1.402647e-01 | F1=6.534024e-03 | m1²=0.998234 | m2²=0.003525 | eps_w1=1.203845e-01 | eps_w2=1.345952e+00
[step     7600] t/d=  15.200 | task1=1.340596e-02 | task2=1.399306e-01 | F1=6.689724e-03 | m1²=0.998215 | m2²=0.003571 | eps_w1=1.226420e-01 | eps_w2=1.342461e+00
[step     7700] t/d=  15.400 | task1=1.352535e-02 | task2=1.396824e-01 | F1=6.809115e-03 | m1²=0.998189 | m2²=0.003592 | eps_w1=1.244581e-01 | eps_w2=1.339726e+00
[step     7800] t/d=  15.600 | task1=1.367036e-02 | task2=1.393728e-01 | F1=6.954127e-03 | m1²=0.998195 | m2²=0.003587 | eps_w1=1.265877e-01 | eps_w2=1.336524e+00
[step     7900] t/d=  15.800 | task1=1.379215e-02 | task2=1.390926e-01 | F1=7.075916e-03 | m1²=0.998184 | m2²=0.003638 | eps_w1=1.285873e-01 | eps_w2=1.333522e+00
[step     8000] t/d=  16.000 | task1=1.393249e-02 | task2=1.388013e-01 | F1=7.216254e-03 | m1²=0.998151 | m2²=0.003671 | eps_w1=1.306893e-01 | eps_w2=1.330470e+00
[step     8100] t/d=  16.200 | task1=1.405646e-02 | task2=1.385616e-01 | F1=7.340230e-03 | m1²=0.998116 | m2²=0.003696 | eps_w1=1.326415e-01 | eps_w2=1.327683e+00
[step     8200] t/d=  16.400 | task1=1.417430e-02 | task2=1.383276e-01 | F1=7.458070e-03 | m1²=0.998101 | m2²=0.003727 | eps_w1=1.344109e-01 | eps_w2=1.325145e+00
[step     8300] t/d=  16.600 | task1=1.432688e-02 | task2=1.380330e-01 | F1=7.610647e-03 | m1²=0.998074 | m2²=0.003806 | eps_w1=1.365962e-01 | eps_w2=1.322015e+00
[step     8400] t/d=  16.800 | task1=1.447483e-02 | task2=1.377676e-01 | F1=7.758602e-03 | m1²=0.998058 | m2²=0.003849 | eps_w1=1.386967e-01 | eps_w2=1.319062e+00
[step     8500] t/d=  17.000 | task1=1.461979e-02 | task2=1.374934e-01 | F1=7.903558e-03 | m1²=0.998025 | m2²=0.003887 | eps_w1=1.407988e-01 | eps_w2=1.316178e+00
[step     8600] t/d=  17.200 | task1=1.476712e-02 | task2=1.372110e-01 | F1=8.050892e-03 | m1²=0.998002 | m2²=0.003890 | eps_w1=1.430695e-01 | eps_w2=1.313124e+00
[step     8700] t/d=  17.400 | task1=1.492278e-02 | task2=1.369003e-01 | F1=8.206550e-03 | m1²=0.997974 | m2²=0.003934 | eps_w1=1.454007e-01 | eps_w2=1.309988e+00
[step     8800] t/d=  17.600 | task1=1.510067e-02 | task2=1.365664e-01 | F1=8.384438e-03 | m1²=0.997937 | m2²=0.003995 | eps_w1=1.479114e-01 | eps_w2=1.306652e+00
[step     8900] t/d=  17.800 | task1=1.524939e-02 | task2=1.362787e-01 | F1=8.533162e-03 | m1²=0.997937 | m2²=0.003981 | eps_w1=1.501085e-01 | eps_w2=1.303793e+00
[step     9000] t/d=  18.000 | task1=1.540402e-02 | task2=1.360143e-01 | F1=8.687790e-03 | m1²=0.997918 | m2²=0.004008 | eps_w1=1.523568e-01 | eps_w2=1.300888e+00
[step     9100] t/d=  18.200 | task1=1.554953e-02 | task2=1.357574e-01 | F1=8.833302e-03 | m1²=0.997857 | m2²=0.004084 | eps_w1=1.542715e-01 | eps_w2=1.298452e+00
[step     9200] t/d=  18.400 | task1=1.567133e-02 | task2=1.355265e-01 | F1=8.955101e-03 | m1²=0.997843 | m2²=0.004112 | eps_w1=1.560820e-01 | eps_w2=1.296152e+00
[step     9300] t/d=  18.600 | task1=1.580386e-02 | task2=1.353259e-01 | F1=9.087632e-03 | m1²=0.997828 | m2²=0.004122 | eps_w1=1.579641e-01 | eps_w2=1.293806e+00
[step     9400] t/d=  18.800 | task1=1.595459e-02 | task2=1.350835e-01 | F1=9.238356e-03 | m1²=0.997791 | m2²=0.004159 | eps_w1=1.600522e-01 | eps_w2=1.291232e+00
[step     9500] t/d=  19.000 | task1=1.608793e-02 | task2=1.348458e-01 | F1=9.371699e-03 | m1²=0.997762 | m2²=0.004210 | eps_w1=1.620743e-01 | eps_w2=1.288739e+00
[step     9600] t/d=  19.200 | task1=1.621696e-02 | task2=1.346344e-01 | F1=9.500728e-03 | m1²=0.997723 | m2²=0.004244 | eps_w1=1.638411e-01 | eps_w2=1.286612e+00
[step     9700] t/d=  19.400 | task1=1.637004e-02 | task2=1.343853e-01 | F1=9.653809e-03 | m1²=0.997708 | m2²=0.004239 | eps_w1=1.660492e-01 | eps_w2=1.283986e+00
[step     9800] t/d=  19.600 | task1=1.654146e-02 | task2=1.340958e-01 | F1=9.825233e-03 | m1²=0.997681 | m2²=0.004264 | eps_w1=1.684703e-01 | eps_w2=1.281120e+00
[step     9900] t/d=  19.800 | task1=1.668801e-02 | task2=1.338662e-01 | F1=9.971781e-03 | m1²=0.997653 | m2²=0.004293 | eps_w1=1.705360e-01 | eps_w2=1.278702e+00
[step    10000] t/d=  20.000 | task1=1.686580e-02 | task2=1.335848e-01 | F1=1.014957e-02 | m1²=0.997620 | m2²=0.004310 | eps_w1=1.729291e-01 | eps_w2=1.275948e+00
Saved checkpoint: results/quality_pretraining/finetunetask2_d500_T5/prestep_10000000_task1step_250000_lr0p01_task1wseed21_task1sgdseed22_task2sgdseed42/checkpoints/step_000010000
[step    10250] t/d=  20.500 | task1=1.722389e-02 | task2=1.330245e-01 | F1=1.050766e-02 | m1²=0.997500 | m2²=0.004415 | eps_w1=1.780306e-01 | eps_w2=1.270178e+00
[step    10500] t/d=  21.000 | task1=1.760085e-02 | task2=1.324179e-01 | F1=1.088462e-02 | m1²=0.997488 | m2²=0.004534 | eps_w1=1.832896e-01 | eps_w2=1.264223e+00
[step    10750] t/d=  21.500 | task1=1.803212e-02 | task2=1.317868e-01 | F1=1.131588e-02 | m1²=0.997376 | m2²=0.004668 | eps_w1=1.889714e-01 | eps_w2=1.258071e+00
[step    11000] t/d=  22.000 | task1=1.848863e-02 | task2=1.311007e-01 | F1=1.177240e-02 | m1²=0.997280 | m2²=0.004761 | eps_w1=1.951040e-01 | eps_w2=1.251631e+00
[step    11250] t/d=  22.500 | task1=1.893259e-02 | task2=1.304908e-01 | F1=1.221636e-02 | m1²=0.997194 | m2²=0.004926 | eps_w1=2.008533e-01 | eps_w2=1.245672e+00
[step    11500] t/d=  23.000 | task1=1.932840e-02 | task2=1.299315e-01 | F1=1.261217e-02 | m1²=0.997136 | m2²=0.004965 | eps_w1=2.061955e-01 | eps_w2=1.240359e+00
[step    11750] t/d=  23.500 | task1=1.972814e-02 | task2=1.293900e-01 | F1=1.301191e-02 | m1²=0.997106 | m2²=0.005022 | eps_w1=2.116612e-01 | eps_w2=1.235006e+00
[step    12000] t/d=  24.000 | task1=2.012490e-02 | task2=1.288354e-01 | F1=1.340867e-02 | m1²=0.997031 | m2²=0.005164 | eps_w1=2.170684e-01 | eps_w2=1.229799e+00
[step    12250] t/d=  24.500 | task1=2.056865e-02 | task2=1.282659e-01 | F1=1.385242e-02 | m1²=0.996939 | m2²=0.005314 | eps_w1=2.227983e-01 | eps_w2=1.224422e+00
[step    12500] t/d=  25.000 | task1=2.095064e-02 | task2=1.277904e-01 | F1=1.423441e-02 | m1²=0.996850 | m2²=0.005441 | eps_w1=2.277082e-01 | eps_w2=1.219930e+00
[step    12750] t/d=  25.500 | task1=2.134634e-02 | task2=1.272622e-01 | F1=1.463011e-02 | m1²=0.996766 | m2²=0.005506 | eps_w1=2.331158e-01 | eps_w2=1.215143e+00
[step    13000] t/d=  26.000 | task1=2.173165e-02 | task2=1.268086e-01 | F1=1.501541e-02 | m1²=0.996635 | m2²=0.005632 | eps_w1=2.380619e-01 | eps_w2=1.210843e+00
[step    13250] t/d=  26.500 | task1=2.210728e-02 | task2=1.263752e-01 | F1=1.539104e-02 | m1²=0.996562 | m2²=0.005714 | eps_w1=2.430367e-01 | eps_w2=1.206593e+00
[step    13500] t/d=  27.000 | task1=2.251329e-02 | task2=1.259178e-01 | F1=1.579706e-02 | m1²=0.996499 | m2²=0.005844 | eps_w1=2.483571e-01 | eps_w2=1.202089e+00
[step    13750] t/d=  27.500 | task1=2.289363e-02 | task2=1.254960e-01 | F1=1.617740e-02 | m1²=0.996366 | m2²=0.005921 | eps_w1=2.533129e-01 | eps_w2=1.198081e+00
[step    14000] t/d=  28.000 | task1=2.325307e-02 | task2=1.250944e-01 | F1=1.653683e-02 | m1²=0.996304 | m2²=0.005996 | eps_w1=2.580552e-01 | eps_w2=1.194264e+00
[step    14250] t/d=  28.500 | task1=2.364070e-02 | task2=1.246774e-01 | F1=1.692447e-02 | m1²=0.996192 | m2²=0.006090 | eps_w1=2.628531e-01 | eps_w2=1.190494e+00
[step    14500] t/d=  29.000 | task1=2.406395e-02 | task2=1.242298e-01 | F1=1.734771e-02 | m1²=0.996052 | m2²=0.006206 | eps_w1=2.684643e-01 | eps_w2=1.186175e+00
[step    14750] t/d=  29.500 | task1=2.442620e-02 | task2=1.238368e-01 | F1=1.770996e-02 | m1²=0.995988 | m2²=0.006281 | eps_w1=2.731630e-01 | eps_w2=1.182608e+00
[step    15000] t/d=  30.000 | task1=2.481027e-02 | task2=1.234275e-01 | F1=1.809403e-02 | m1²=0.995911 | m2²=0.006369 | eps_w1=2.780115e-01 | eps_w2=1.178993e+00
[step    15250] t/d=  30.500 | task1=2.520004e-02 | task2=1.229922e-01 | F1=1.848381e-02 | m1²=0.995788 | m2²=0.006557 | eps_w1=2.830450e-01 | eps_w2=1.175257e+00
[step    15500] t/d=  31.000 | task1=2.562116e-02 | task2=1.225485e-01 | F1=1.890493e-02 | m1²=0.995648 | m2²=0.006737 | eps_w1=2.884691e-01 | eps_w2=1.171332e+00
[step    15750] t/d=  31.500 | task1=2.600493e-02 | task2=1.221585e-01 | F1=1.928870e-02 | m1²=0.995553 | m2²=0.006867 | eps_w1=2.932201e-01 | eps_w2=1.167962e+00
[step    16000] t/d=  32.000 | task1=2.638104e-02 | task2=1.217836e-01 | F1=1.966481e-02 | m1²=0.995480 | m2²=0.007006 | eps_w1=2.980831e-01 | eps_w2=1.164555e+00
[step    16250] t/d=  32.500 | task1=2.673728e-02 | task2=1.214166e-01 | F1=2.002105e-02 | m1²=0.995351 | m2²=0.007188 | eps_w1=3.026226e-01 | eps_w2=1.161423e+00
[step    16500] t/d=  33.000 | task1=2.715937e-02 | task2=1.210420e-01 | F1=2.044314e-02 | m1²=0.995254 | m2²=0.007335 | eps_w1=3.078066e-01 | eps_w2=1.157927e+00
[step    16750] t/d=  33.500 | task1=2.753732e-02 | task2=1.206908e-01 | F1=2.082109e-02 | m1²=0.995169 | m2²=0.007453 | eps_w1=3.124845e-01 | eps_w2=1.154839e+00
[step    17000] t/d=  34.000 | task1=2.791618e-02 | task2=1.203515e-01 | F1=2.119995e-02 | m1²=0.995010 | m2²=0.007615 | eps_w1=3.172868e-01 | eps_w2=1.151731e+00
[step    17250] t/d=  34.500 | task1=2.838280e-02 | task2=1.199204e-01 | F1=2.166656e-02 | m1²=0.994906 | m2²=0.007777 | eps_w1=3.230077e-01 | eps_w2=1.148074e+00
[step    17500] t/d=  35.000 | task1=2.879449e-02 | task2=1.195750e-01 | F1=2.207825e-02 | m1²=0.994770 | m2²=0.007943 | eps_w1=3.279153e-01 | eps_w2=1.144999e+00
[step    17750] t/d=  35.500 | task1=2.910849e-02 | task2=1.193166e-01 | F1=2.239226e-02 | m1²=0.994643 | m2²=0.008099 | eps_w1=3.317718e-01 | eps_w2=1.142610e+00
[step    18000] t/d=  36.000 | task1=2.947149e-02 | task2=1.189953e-01 | F1=2.275526e-02 | m1²=0.994520 | m2²=0.008290 | eps_w1=3.363580e-01 | eps_w2=1.139794e+00
[step    18250] t/d=  36.500 | task1=2.978913e-02 | task2=1.187055e-01 | F1=2.307290e-02 | m1²=0.994446 | m2²=0.008449 | eps_w1=3.403165e-01 | eps_w2=1.137387e+00
[step    18500] t/d=  37.000 | task1=3.011554e-02 | task2=1.184430e-01 | F1=2.339931e-02 | m1²=0.994261 | m2²=0.008698 | eps_w1=3.443989e-01 | eps_w2=1.134928e+00
[step    18750] t/d=  37.500 | task1=3.050437e-02 | task2=1.181325e-01 | F1=2.378814e-02 | m1²=0.994146 | m2²=0.008786 | eps_w1=3.490896e-01 | eps_w2=1.132246e+00
[step    19000] t/d=  38.000 | task1=3.089423e-02 | task2=1.178143e-01 | F1=2.417800e-02 | m1²=0.994042 | m2²=0.009010 | eps_w1=3.538215e-01 | eps_w2=1.129479e+00
[step    19250] t/d=  38.500 | task1=3.122292e-02 | task2=1.175288e-01 | F1=2.450669e-02 | m1²=0.993916 | m2²=0.009198 | eps_w1=3.577406e-01 | eps_w2=1.127238e+00
[step    19500] t/d=  39.000 | task1=3.151951e-02 | task2=1.172608e-01 | F1=2.480327e-02 | m1²=0.993759 | m2²=0.009500 | eps_w1=3.613955e-01 | eps_w2=1.125100e+00
[step    19750] t/d=  39.500 | task1=3.195858e-02 | task2=1.169275e-01 | F1=2.524235e-02 | m1²=0.993577 | m2²=0.009768 | eps_w1=3.667849e-01 | eps_w2=1.122103e+00
[step    20000] t/d=  40.000 | task1=3.235448e-02 | task2=1.166340e-01 | F1=2.563825e-02 | m1²=0.993451 | m2²=0.010002 | eps_w1=3.715408e-01 | eps_w2=1.119490e+00
[step    20250] t/d=  40.500 | task1=3.277646e-02 | task2=1.162935e-01 | F1=2.606023e-02 | m1²=0.993351 | m2²=0.010116 | eps_w1=3.768425e-01 | eps_w2=1.116715e+00
[step    20500] t/d=  41.000 | task1=3.312483e-02 | task2=1.160120e-01 | F1=2.640859e-02 | m1²=0.993218 | m2²=0.010257 | eps_w1=3.812108e-01 | eps_w2=1.114453e+00
[step    20750] t/d=  41.500 | task1=3.353338e-02 | task2=1.157075e-01 | F1=2.681715e-02 | m1²=0.993109 | m2²=0.010433 | eps_w1=3.860531e-01 | eps_w2=1.111958e+00
[step    21000] t/d=  42.000 | task1=3.387329e-02 | task2=1.154475e-01 | F1=2.715706e-02 | m1²=0.993096 | m2²=0.010552 | eps_w1=3.901634e-01 | eps_w2=1.109863e+00
[step    21250] t/d=  42.500 | task1=3.419829e-02 | task2=1.151870e-01 | F1=2.748206e-02 | m1²=0.992866 | m2²=0.010882 | eps_w1=3.939916e-01 | eps_w2=1.107870e+00
[step    21500] t/d=  43.000 | task1=3.449624e-02 | task2=1.149632e-01 | F1=2.778001e-02 | m1²=0.992686 | m2²=0.011052 | eps_w1=3.977320e-01 | eps_w2=1.106033e+00
[step    21750] t/d=  43.500 | task1=3.479790e-02 | task2=1.147620e-01 | F1=2.808167e-02 | m1²=0.992579 | m2²=0.011178 | eps_w1=4.013862e-01 | eps_w2=1.104263e+00
[step    22000] t/d=  44.000 | task1=3.509261e-02 | task2=1.145496e-01 | F1=2.837638e-02 | m1²=0.992469 | m2²=0.011329 | eps_w1=4.048357e-01 | eps_w2=1.102595e+00
[step    22250] t/d=  44.500 | task1=3.543640e-02 | task2=1.143058e-01 | F1=2.872017e-02 | m1²=0.992253 | m2²=0.011601 | eps_w1=4.091109e-01 | eps_w2=1.100524e+00
[step    22500] t/d=  45.000 | task1=3.575926e-02 | task2=1.140778e-01 | F1=2.904303e-02 | m1²=0.992132 | m2²=0.011804 | eps_w1=4.130254e-01 | eps_w2=1.098659e+00
[step    22750] t/d=  45.500 | task1=3.608647e-02 | task2=1.138418e-01 | F1=2.937023e-02 | m1²=0.992014 | m2²=0.011952 | eps_w1=4.169604e-01 | eps_w2=1.096844e+00
[step    23000] t/d=  46.000 | task1=3.636510e-02 | task2=1.136498e-01 | F1=2.964886e-02 | m1²=0.991851 | m2²=0.012157 | eps_w1=4.201321e-01 | eps_w2=1.095365e+00
[step    23250] t/d=  46.500 | task1=3.665854e-02 | task2=1.134331e-01 | F1=2.994231e-02 | m1²=0.991765 | m2²=0.012392 | eps_w1=4.235941e-01 | eps_w2=1.093734e+00
[step    23500] t/d=  47.000 | task1=3.696557e-02 | task2=1.132139e-01 | F1=3.024934e-02 | m1²=0.991698 | m2²=0.012544 | eps_w1=4.271805e-01 | eps_w2=1.092115e+00
[step    23750] t/d=  47.500 | task1=3.733036e-02 | task2=1.129755e-01 | F1=3.061413e-02 | m1²=0.991519 | m2²=0.012804 | eps_w1=4.314689e-01 | eps_w2=1.090185e+00
[step    24000] t/d=  48.000 | task1=3.765250e-02 | task2=1.127759e-01 | F1=3.093626e-02 | m1²=0.991244 | m2²=0.013154 | eps_w1=4.349647e-01 | eps_w2=1.088584e+00
[step    24250] t/d=  48.500 | task1=3.795514e-02 | task2=1.125645e-01 | F1=3.123891e-02 | m1²=0.991031 | m2²=0.013445 | eps_w1=4.385690e-01 | eps_w2=1.086976e+00
[step    24500] t/d=  49.000 | task1=3.832929e-02 | task2=1.122998e-01 | F1=3.161306e-02 | m1²=0.990675 | m2²=0.013863 | eps_w1=4.429927e-01 | eps_w2=1.085017e+00
[step    24750] t/d=  49.500 | task1=3.858144e-02 | task2=1.121137e-01 | F1=3.186521e-02 | m1²=0.990433 | m2²=0.014188 | eps_w1=4.462213e-01 | eps_w2=1.083588e+00
[step    25000] t/d=  50.000 | task1=3.892199e-02 | task2=1.119075e-01 | F1=3.220576e-02 | m1²=0.990208 | m2²=0.014366 | eps_w1=4.504353e-01 | eps_w2=1.081870e+00
Saved checkpoint: results/quality_pretraining/finetunetask2_d500_T5/prestep_10000000_task1step_250000_lr0p01_task1wseed21_task1sgdseed22_task2sgdseed42/checkpoints/step_000025000
[step    25250] t/d=  50.500 | task1=3.922662e-02 | task2=1.116947e-01 | F1=3.251039e-02 | m1²=0.989802 | m2²=0.014882 | eps_w1=4.541410e-01 | eps_w2=1.080218e+00
[step    25500] t/d=  51.000 | task1=3.946082e-02 | task2=1.115511e-01 | F1=3.274459e-02 | m1²=0.989629 | m2²=0.015114 | eps_w1=4.570335e-01 | eps_w2=1.079007e+00
[step    25750] t/d=  51.500 | task1=3.978880e-02 | task2=1.113587e-01 | F1=3.307257e-02 | m1²=0.989402 | m2²=0.015349 | eps_w1=4.607907e-01 | eps_w2=1.077492e+00
[step    26000] t/d=  52.000 | task1=4.002611e-02 | task2=1.111942e-01 | F1=3.330988e-02 | m1²=0.989301 | m2²=0.015552 | eps_w1=4.637723e-01 | eps_w2=1.076274e+00
[step    26250] t/d=  52.500 | task1=4.031132e-02 | task2=1.109980e-01 | F1=3.359509e-02 | m1²=0.989021 | m2²=0.015923 | eps_w1=4.671885e-01 | eps_w2=1.074852e+00
[step    26500] t/d=  53.000 | task1=4.060696e-02 | task2=1.107996e-01 | F1=3.389073e-02 | m1²=0.988730 | m2²=0.016277 | eps_w1=4.708898e-01 | eps_w2=1.073356e+00
[step    26750] t/d=  53.500 | task1=4.084675e-02 | task2=1.106584e-01 | F1=3.413052e-02 | m1²=0.988437 | m2²=0.016670 | eps_w1=4.736801e-01 | eps_w2=1.072184e+00
[step    27000] t/d=  54.000 | task1=4.114892e-02 | task2=1.104954e-01 | F1=3.443269e-02 | m1²=0.988189 | m2²=0.016915 | eps_w1=4.772456e-01 | eps_w2=1.070820e+00
[step    27250] t/d=  54.500 | task1=4.141543e-02 | task2=1.103238e-01 | F1=3.469920e-02 | m1²=0.987820 | m2²=0.017338 | eps_w1=4.803555e-01 | eps_w2=1.069560e+00
[step    27500] t/d=  55.000 | task1=4.170016e-02 | task2=1.101516e-01 | F1=3.498393e-02 | m1²=0.987670 | m2²=0.017541 | eps_w1=4.836021e-01 | eps_w2=1.068340e+00
[step    27750] t/d=  55.500 | task1=4.199227e-02 | task2=1.099822e-01 | F1=3.527604e-02 | m1²=0.987382 | m2²=0.017866 | eps_w1=4.871187e-01 | eps_w2=1.067003e+00
[step    28000] t/d=  56.000 | task1=4.228419e-02 | task2=1.098262e-01 | F1=3.556795e-02 | m1²=0.987129 | m2²=0.018161 | eps_w1=4.904099e-01 | eps_w2=1.065767e+00
[step    28250] t/d=  56.500 | task1=4.257510e-02 | task2=1.096665e-01 | F1=3.585887e-02 | m1²=0.986941 | m2²=0.018430 | eps_w1=4.937623e-01 | eps_w2=1.064526e+00
[step    28500] t/d=  57.000 | task1=4.286708e-02 | task2=1.094982e-01 | F1=3.615084e-02 | m1²=0.986601 | m2²=0.018872 | eps_w1=4.972432e-01 | eps_w2=1.063193e+00
[step    28750] t/d=  57.500 | task1=4.314479e-02 | task2=1.093398e-01 | F1=3.642856e-02 | m1²=0.986312 | m2²=0.019209 | eps_w1=5.004296e-01 | eps_w2=1.062019e+00
[step    29000] t/d=  58.000 | task1=4.338285e-02 | task2=1.092038e-01 | F1=3.666661e-02 | m1²=0.986079 | m2²=0.019537 | eps_w1=5.033081e-01 | eps_w2=1.060951e+00
[step    29250] t/d=  58.500 | task1=4.367133e-02 | task2=1.090388e-01 | F1=3.695510e-02 | m1²=0.985606 | m2²=0.020115 | eps_w1=5.066892e-01 | eps_w2=1.059646e+00
[step    29500] t/d=  59.000 | task1=4.388925e-02 | task2=1.089060e-01 | F1=3.717301e-02 | m1²=0.985245 | m2²=0.020593 | eps_w1=5.094230e-01 | eps_w2=1.058592e+00
[step    29750] t/d=  59.500 | task1=4.415978e-02 | task2=1.087458e-01 | F1=3.744355e-02 | m1²=0.984897 | m2²=0.021023 | eps_w1=5.125672e-01 | eps_w2=1.057442e+00
[step    30000] t/d=  60.000 | task1=4.439997e-02 | task2=1.086097e-01 | F1=3.768374e-02 | m1²=0.984530 | m2²=0.021535 | eps_w1=5.154613e-01 | eps_w2=1.056343e+00
[step    30250] t/d=  60.500 | task1=4.463410e-02 | task2=1.084820e-01 | F1=3.791786e-02 | m1²=0.984345 | m2²=0.021803 | eps_w1=5.181852e-01 | eps_w2=1.055401e+00
[step    30500] t/d=  61.000 | task1=4.484949e-02 | task2=1.083559e-01 | F1=3.813326e-02 | m1²=0.984083 | m2²=0.022183 | eps_w1=5.206792e-01 | eps_w2=1.054492e+00
[step    30750] t/d=  61.500 | task1=4.510551e-02 | task2=1.082028e-01 | F1=3.838928e-02 | m1²=0.983554 | m2²=0.022770 | eps_w1=5.236718e-01 | eps_w2=1.053383e+00
[step    31000] t/d=  62.000 | task1=4.529850e-02 | task2=1.080870e-01 | F1=3.858227e-02 | m1²=0.983230 | m2²=0.023166 | eps_w1=5.259800e-01 | eps_w2=1.052550e+00
[step    31250] t/d=  62.500 | task1=4.557089e-02 | task2=1.079350e-01 | F1=3.885465e-02 | m1²=0.982878 | m2²=0.023653 | eps_w1=5.291664e-01 | eps_w2=1.051425e+00
[step    31500] t/d=  63.000 | task1=4.581088e-02 | task2=1.078019e-01 | F1=3.909465e-02 | m1²=0.982646 | m2²=0.024056 | eps_w1=5.319808e-01 | eps_w2=1.050443e+00
[step    31750] t/d=  63.500 | task1=4.606171e-02 | task2=1.076720e-01 | F1=3.934548e-02 | m1²=0.982157 | m2²=0.024651 | eps_w1=5.349163e-01 | eps_w2=1.049382e+00
[step    32000] t/d=  64.000 | task1=4.634055e-02 | task2=1.075307e-01 | F1=3.962431e-02 | m1²=0.981721 | m2²=0.025253 | eps_w1=5.380590e-01 | eps_w2=1.048262e+00
[step    32250] t/d=  64.500 | task1=4.659414e-02 | task2=1.073889e-01 | F1=3.987790e-02 | m1²=0.981355 | m2²=0.025738 | eps_w1=5.410288e-01 | eps_w2=1.047249e+00
[step    32500] t/d=  65.000 | task1=4.679108e-02 | task2=1.072889e-01 | F1=4.007485e-02 | m1²=0.981042 | m2²=0.026096 | eps_w1=5.431725e-01 | eps_w2=1.046528e+00
[step    32750] t/d=  65.500 | task1=4.700920e-02 | task2=1.071716e-01 | F1=4.029297e-02 | m1²=0.980761 | m2²=0.026414 | eps_w1=5.458693e-01 | eps_w2=1.045676e+00
[step    33000] t/d=  66.000 | task1=4.724801e-02 | task2=1.070477e-01 | F1=4.053178e-02 | m1²=0.980136 | m2²=0.027251 | eps_w1=5.486215e-01 | eps_w2=1.044619e+00
[step    33250] t/d=  66.500 | task1=4.747234e-02 | task2=1.069289e-01 | F1=4.075611e-02 | m1²=0.979677 | m2²=0.027802 | eps_w1=5.511156e-01 | eps_w2=1.043752e+00
[step    33500] t/d=  67.000 | task1=4.770331e-02 | task2=1.068093e-01 | F1=4.098708e-02 | m1²=0.979258 | m2²=0.028347 | eps_w1=5.537355e-01 | eps_w2=1.042858e+00
[step    33750] t/d=  67.500 | task1=4.795002e-02 | task2=1.066738e-01 | F1=4.123379e-02 | m1²=0.978683 | m2²=0.029085 | eps_w1=5.565790e-01 | eps_w2=1.041845e+00
[step    34000] t/d=  68.000 | task1=4.813383e-02 | task2=1.065906e-01 | F1=4.141760e-02 | m1²=0.978204 | m2²=0.029653 | eps_w1=5.587196e-01 | eps_w2=1.041089e+00
[step    34250] t/d=  68.500 | task1=4.834814e-02 | task2=1.064768e-01 | F1=4.163191e-02 | m1²=0.977707 | m2²=0.030369 | eps_w1=5.612509e-01 | eps_w2=1.040173e+00
[step    34500] t/d=  69.000 | task1=4.855805e-02 | task2=1.063683e-01 | F1=4.184182e-02 | m1²=0.977143 | m2²=0.031010 | eps_w1=5.637349e-01 | eps_w2=1.039321e+00
[step    34750] t/d=  69.500 | task1=4.880186e-02 | task2=1.062504e-01 | F1=4.208563e-02 | m1²=0.976616 | m2²=0.031684 | eps_w1=5.664579e-01 | eps_w2=1.038397e+00
[step    35000] t/d=  70.000 | task1=4.902442e-02 | task2=1.061325e-01 | F1=4.230819e-02 | m1²=0.976112 | m2²=0.032313 | eps_w1=5.691210e-01 | eps_w2=1.037515e+00
[step    35250] t/d=  70.500 | task1=4.921057e-02 | task2=1.060310e-01 | F1=4.249434e-02 | m1²=0.975627 | m2²=0.032893 | eps_w1=5.714512e-01 | eps_w2=1.036742e+00
[step    35500] t/d=  71.000 | task1=4.941025e-02 | task2=1.059414e-01 | F1=4.269401e-02 | m1²=0.975029 | m2²=0.033585 | eps_w1=5.736407e-01 | eps_w2=1.035974e+00
[step    35750] t/d=  71.500 | task1=4.961418e-02 | task2=1.058364e-01 | F1=4.289795e-02 | m1²=0.974491 | m2²=0.034284 | eps_w1=5.760510e-01 | eps_w2=1.035148e+00
[step    36000] t/d=  72.000 | task1=4.979858e-02 | task2=1.057406e-01 | F1=4.308235e-02 | m1²=0.973996 | m2²=0.034894 | eps_w1=5.782065e-01 | eps_w2=1.034424e+00
[step    36250] t/d=  72.500 | task1=5.000715e-02 | task2=1.056366e-01 | F1=4.329091e-02 | m1²=0.973594 | m2²=0.035374 | eps_w1=5.806518e-01 | eps_w2=1.033686e+00
[step    36500] t/d=  73.000 | task1=5.020020e-02 | task2=1.055307e-01 | F1=4.348397e-02 | m1²=0.973026 | m2²=0.036135 | eps_w1=5.829000e-01 | eps_w2=1.032895e+00
[step    36750] t/d=  73.500 | task1=5.037865e-02 | task2=1.054406e-01 | F1=4.366242e-02 | m1²=0.972501 | m2²=0.036770 | eps_w1=5.849895e-01 | eps_w2=1.032198e+00
[step    37000] t/d=  74.000 | task1=5.055612e-02 | task2=1.053342e-01 | F1=4.383989e-02 | m1²=0.971797 | m2²=0.037595 | eps_w1=5.870092e-01 | eps_w2=1.031458e+00
[step    37250] t/d=  74.500 | task1=5.072275e-02 | task2=1.052511e-01 | F1=4.400652e-02 | m1²=0.971222 | m2²=0.038303 | eps_w1=5.889222e-01 | eps_w2=1.030784e+00
[step    37500] t/d=  75.000 | task1=5.095264e-02 | task2=1.051458e-01 | F1=4.423641e-02 | m1²=0.970335 | m2²=0.039279 | eps_w1=5.915048e-01 | eps_w2=1.029885e+00
[step    37750] t/d=  75.500 | task1=5.115394e-02 | task2=1.050465e-01 | F1=4.443771e-02 | m1²=0.969651 | m2²=0.040180 | eps_w1=5.938286e-01 | eps_w2=1.029062e+00
[step    38000] t/d=  76.000 | task1=5.133035e-02 | task2=1.049657e-01 | F1=4.461411e-02 | m1²=0.969243 | m2²=0.040693 | eps_w1=5.957685e-01 | eps_w2=1.028466e+00
[step    38250] t/d=  76.500 | task1=5.152244e-02 | task2=1.048698e-01 | F1=4.480621e-02 | m1²=0.968623 | m2²=0.041441 | eps_w1=5.979260e-01 | eps_w2=1.027750e+00
[step    38500] t/d=  77.000 | task1=5.169146e-02 | task2=1.047859e-01 | F1=4.497523e-02 | m1²=0.967872 | m2²=0.042305 | eps_w1=5.998634e-01 | eps_w2=1.027050e+00
[step    38750] t/d=  77.500 | task1=5.188763e-02 | task2=1.046936e-01 | F1=4.517139e-02 | m1²=0.967190 | m2²=0.043133 | eps_w1=6.021052e-01 | eps_w2=1.026301e+00
[step    39000] t/d=  78.000 | task1=5.208136e-02 | task2=1.045908e-01 | F1=4.536513e-02 | m1²=0.966608 | m2²=0.043883 | eps_w1=6.042851e-01 | eps_w2=1.025594e+00
[step    39250] t/d=  78.500 | task1=5.225953e-02 | task2=1.044986e-01 | F1=4.554330e-02 | m1²=0.965846 | m2²=0.044840 | eps_w1=6.062898e-01 | eps_w2=1.024859e+00
[step    39500] t/d=  79.000 | task1=5.239760e-02 | task2=1.044207e-01 | F1=4.568136e-02 | m1²=0.965177 | m2²=0.045648 | eps_w1=6.079105e-01 | eps_w2=1.024260e+00
[step    39750] t/d=  79.500 | task1=5.257229e-02 | task2=1.043347e-01 | F1=4.585605e-02 | m1²=0.964441 | m2²=0.046613 | eps_w1=6.099909e-01 | eps_w2=1.023515e+00
[step    40000] t/d=  80.000 | task1=5.274766e-02 | task2=1.042368e-01 | F1=4.603143e-02 | m1²=0.963600 | m2²=0.047738 | eps_w1=6.119626e-01 | eps_w2=1.022741e+00
[step    40250] t/d=  80.500 | task1=5.296126e-02 | task2=1.041332e-01 | F1=4.624503e-02 | m1²=0.962764 | m2²=0.048654 | eps_w1=6.143195e-01 | eps_w2=1.021984e+00
[step    40500] t/d=  81.000 | task1=5.316767e-02 | task2=1.040347e-01 | F1=4.645144e-02 | m1²=0.961898 | m2²=0.049695 | eps_w1=6.167355e-01 | eps_w2=1.021175e+00
[step    40750] t/d=  81.500 | task1=5.334918e-02 | task2=1.039365e-01 | F1=4.663295e-02 | m1²=0.961013 | m2²=0.050806 | eps_w1=6.187896e-01 | eps_w2=1.020415e+00
[step    41000] t/d=  82.000 | task1=5.357194e-02 | task2=1.038120e-01 | F1=4.685571e-02 | m1²=0.959991 | m2²=0.052075 | eps_w1=6.213369e-01 | eps_w2=1.019518e+00
[step    41250] t/d=  82.500 | task1=5.370715e-02 | task2=1.037242e-01 | F1=4.699092e-02 | m1²=0.959192 | m2²=0.053076 | eps_w1=6.229143e-01 | eps_w2=1.018894e+00
[step    41500] t/d=  83.000 | task1=5.395968e-02 | task2=1.035889e-01 | F1=4.724345e-02 | m1²=0.958156 | m2²=0.054329 | eps_w1=6.258860e-01 | eps_w2=1.017945e+00
[step    41750] t/d=  83.500 | task1=5.417808e-02 | task2=1.034843e-01 | F1=4.746184e-02 | m1²=0.957225 | m2²=0.055486 | eps_w1=6.284301e-01 | eps_w2=1.017113e+00
[step    42000] t/d=  84.000 | task1=5.429874e-02 | task2=1.034024e-01 | F1=4.758251e-02 | m1²=0.956040 | m2²=0.056886 | eps_w1=6.299211e-01 | eps_w2=1.016393e+00
[step    42250] t/d=  84.500 | task1=5.447014e-02 | task2=1.033146e-01 | F1=4.775391e-02 | m1²=0.954957 | m2²=0.058201 | eps_w1=6.317849e-01 | eps_w2=1.015640e+00
[step    42500] t/d=  85.000 | task1=5.466695e-02 | task2=1.032163e-01 | F1=4.795071e-02 | m1²=0.953818 | m2²=0.059538 | eps_w1=6.338274e-01 | eps_w2=1.014857e+00
[step    42750] t/d=  85.500 | task1=5.485194e-02 | task2=1.031340e-01 | F1=4.813571e-02 | m1²=0.952967 | m2²=0.060542 | eps_w1=6.358999e-01 | eps_w2=1.014186e+00
[step    43000] t/d=  86.000 | task1=5.505385e-02 | task2=1.030230e-01 | F1=4.833761e-02 | m1²=0.951931 | m2²=0.061801 | eps_w1=6.381032e-01 | eps_w2=1.013414e+00
[step    43250] t/d=  86.500 | task1=5.525532e-02 | task2=1.029216e-01 | F1=4.853909e-02 | m1²=0.950742 | m2²=0.063149 | eps_w1=6.402574e-01 | eps_w2=1.012633e+00
[step    43500] t/d=  87.000 | task1=5.546754e-02 | task2=1.028105e-01 | F1=4.875131e-02 | m1²=0.949492 | m2²=0.064607 | eps_w1=6.425496e-01 | eps_w2=1.011799e+00
[step    43750] t/d=  87.500 | task1=5.560821e-02 | task2=1.027305e-01 | F1=4.889198e-02 | m1²=0.948385 | m2²=0.065971 | eps_w1=6.441222e-01 | eps_w2=1.011110e+00
[step    44000] t/d=  88.000 | task1=5.579430e-02 | task2=1.026408e-01 | F1=4.907807e-02 | m1²=0.947390 | m2²=0.067179 | eps_w1=6.462607e-01 | eps_w2=1.010392e+00
[step    44250] t/d=  88.500 | task1=5.598057e-02 | task2=1.025441e-01 | F1=4.926434e-02 | m1²=0.946140 | m2²=0.068654 | eps_w1=6.483891e-01 | eps_w2=1.009599e+00
[step    44500] t/d=  89.000 | task1=5.613667e-02 | task2=1.024658e-01 | F1=4.942044e-02 | m1²=0.945130 | m2²=0.069884 | eps_w1=6.501214e-01 | eps_w2=1.008946e+00
[step    44750] t/d=  89.500 | task1=5.629206e-02 | task2=1.023791e-01 | F1=4.957582e-02 | m1²=0.943825 | m2²=0.071401 | eps_w1=6.518137e-01 | eps_w2=1.008214e+00
[step    45000] t/d=  90.000 | task1=5.645229e-02 | task2=1.022903e-01 | F1=4.973605e-02 | m1²=0.942555 | m2²=0.072895 | eps_w1=6.536865e-01 | eps_w2=1.007469e+00
[step    45250] t/d=  90.500 | task1=5.661545e-02 | task2=1.021922e-01 | F1=4.989922e-02 | m1²=0.941308 | m2²=0.074381 | eps_w1=6.555598e-01 | eps_w2=1.006731e+00
[step    45500] t/d=  91.000 | task1=5.675438e-02 | task2=1.020975e-01 | F1=5.003815e-02 | m1²=0.939855 | m2²=0.076031 | eps_w1=6.570907e-01 | eps_w2=1.005996e+00
[step    45750] t/d=  91.500 | task1=5.691410e-02 | task2=1.020120e-01 | F1=5.019787e-02 | m1²=0.938641 | m2²=0.077398 | eps_w1=6.589369e-01 | eps_w2=1.005315e+00
[step    46000] t/d=  92.000 | task1=5.706238e-02 | task2=1.019280e-01 | F1=5.034615e-02 | m1²=0.937389 | m2²=0.078858 | eps_w1=6.607041e-01 | eps_w2=1.004617e+00
[step    46250] t/d=  92.500 | task1=5.720702e-02 | task2=1.018476e-01 | F1=5.049078e-02 | m1²=0.935848 | m2²=0.080586 | eps_w1=6.621659e-01 | eps_w2=1.003879e+00
[step    46500] t/d=  93.000 | task1=5.738959e-02 | task2=1.017544e-01 | F1=5.067336e-02 | m1²=0.934573 | m2²=0.082060 | eps_w1=6.641253e-01 | eps_w2=1.003164e+00
[step    46750] t/d=  93.500 | task1=5.755285e-02 | task2=1.016660e-01 | F1=5.083661e-02 | m1²=0.933110 | m2²=0.083644 | eps_w1=6.658049e-01 | eps_w2=1.002458e+00
[step    47000] t/d=  94.000 | task1=5.770606e-02 | task2=1.015742e-01 | F1=5.098982e-02 | m1²=0.931542 | m2²=0.085451 | eps_w1=6.675038e-01 | eps_w2=1.001679e+00
[step    47250] t/d=  94.500 | task1=5.784575e-02 | task2=1.014718e-01 | F1=5.112952e-02 | m1²=0.929913 | m2²=0.087275 | eps_w1=6.691046e-01 | eps_w2=1.000913e+00
[step    47500] t/d=  95.000 | task1=5.796247e-02 | task2=1.014050e-01 | F1=5.124624e-02 | m1²=0.928563 | m2²=0.088773 | eps_w1=6.704000e-01 | eps_w2=1.000290e+00
[step    47750] t/d=  95.500 | task1=5.811141e-02 | task2=1.013142e-01 | F1=5.139518e-02 | m1²=0.927189 | m2²=0.090369 | eps_w1=6.720095e-01 | eps_w2=9.996016e-01
[step    48000] t/d=  96.000 | task1=5.828320e-02 | task2=1.012230e-01 | F1=5.156697e-02 | m1²=0.925634 | m2²=0.092122 | eps_w1=6.738639e-01 | eps_w2=9.988439e-01
[step    48250] t/d=  96.500 | task1=5.840438e-02 | task2=1.011397e-01 | F1=5.168815e-02 | m1²=0.924245 | m2²=0.093750 | eps_w1=6.752923e-01 | eps_w2=9.981738e-01
[step    48500] t/d=  97.000 | task1=5.856720e-02 | task2=1.010342e-01 | F1=5.185097e-02 | m1²=0.922314 | m2²=0.095977 | eps_w1=6.770616e-01 | eps_w2=9.972832e-01
[step    48750] t/d=  97.500 | task1=5.871703e-02 | task2=1.009451e-01 | F1=5.200080e-02 | m1²=0.920779 | m2²=0.097745 | eps_w1=6.786725e-01 | eps_w2=9.965604e-01
[step    49000] t/d=  98.000 | task1=5.886553e-02 | task2=1.008689e-01 | F1=5.214930e-02 | m1²=0.919255 | m2²=0.099416 | eps_w1=6.803623e-01 | eps_w2=9.958687e-01
[step    49250] t/d=  98.500 | task1=5.904589e-02 | task2=1.007670e-01 | F1=5.232965e-02 | m1²=0.917481 | m2²=0.101411 | eps_w1=6.822526e-01 | eps_w2=9.950592e-01
[step    49500] t/d=  99.000 | task1=5.917580e-02 | task2=1.006901e-01 | F1=5.245957e-02 | m1²=0.915934 | m2²=0.103090 | eps_w1=6.837229e-01 | eps_w2=9.943960e-01
[step    49750] t/d=  99.500 | task1=5.927584e-02 | task2=1.006026e-01 | F1=5.255961e-02 | m1²=0.914062 | m2²=0.105154 | eps_w1=6.847832e-01 | eps_w2=9.936488e-01
[step    50000] t/d= 100.000 | task1=5.937921e-02 | task2=1.005166e-01 | F1=5.266298e-02 | m1²=0.912195 | m2²=0.107277 | eps_w1=6.859030e-01 | eps_w2=9.928777e-01
Saved checkpoint: results/quality_pretraining/finetunetask2_d500_T5/prestep_10000000_task1step_250000_lr0p01_task1wseed21_task1sgdseed22_task2sgdseed42/checkpoints/step_000050000
[step    50250] t/d= 100.500 | task1=5.950206e-02 | task2=1.004164e-01 | F1=5.278583e-02 | m1²=0.909968 | m2²=0.109710 | eps_w1=6.872346e-01 | eps_w2=9.919956e-01
[step    50500] t/d= 101.000 | task1=5.965225e-02 | task2=1.003113e-01 | F1=5.293602e-02 | m1²=0.907781 | m2²=0.112162 | eps_w1=6.888086e-01 | eps_w2=9.910902e-01
[step    50750] t/d= 101.500 | task1=5.982001e-02 | task2=1.002075e-01 | F1=5.310378e-02 | m1²=0.905562 | m2²=0.114648 | eps_w1=6.905802e-01 | eps_w2=9.901640e-01
[step    51000] t/d= 102.000 | task1=6.002100e-02 | task2=1.000938e-01 | F1=5.330477e-02 | m1²=0.903368 | m2²=0.117069 | eps_w1=6.927069e-01 | eps_w2=9.892413e-01
[step    51250] t/d= 102.500 | task1=6.015983e-02 | task2=1.000149e-01 | F1=5.344360e-02 | m1²=0.901505 | m2²=0.119155 | eps_w1=6.942121e-01 | eps_w2=9.884739e-01
[step    51500] t/d= 103.000 | task1=6.031076e-02 | task2=9.990879e-02 | F1=5.359453e-02 | m1²=0.899266 | m2²=0.121667 | eps_w1=6.957185e-01 | eps_w2=9.875748e-01
[step    51750] t/d= 103.500 | task1=6.046084e-02 | task2=9.981430e-02 | F1=5.374460e-02 | m1²=0.897078 | m2²=0.124088 | eps_w1=6.971688e-01 | eps_w2=9.867127e-01
[step    52000] t/d= 104.000 | task1=6.060666e-02 | task2=9.972510e-02 | F1=5.389043e-02 | m1²=0.894994 | m2²=0.126395 | eps_w1=6.987406e-01 | eps_w2=9.858848e-01
[step    52250] t/d= 104.500 | task1=6.075590e-02 | task2=9.962960e-02 | F1=5.403966e-02 | m1²=0.892649 | m2²=0.128986 | eps_w1=7.002952e-01 | eps_w2=9.849716e-01
[step    52500] t/d= 105.000 | task1=6.088280e-02 | task2=9.952879e-02 | F1=5.416656e-02 | m1²=0.890467 | m2²=0.131456 | eps_w1=7.016676e-01 | eps_w2=9.841098e-01
[step    52750] t/d= 105.500 | task1=6.105185e-02 | task2=9.942556e-02 | F1=5.433562e-02 | m1²=0.888592 | m2²=0.133606 | eps_w1=7.035223e-01 | eps_w2=9.833328e-01
[step    53000] t/d= 106.000 | task1=6.116852e-02 | task2=9.933274e-02 | F1=5.445229e-02 | m1²=0.886144 | m2²=0.136239 | eps_w1=7.046907e-01 | eps_w2=9.824376e-01
[step    53250] t/d= 106.500 | task1=6.129139e-02 | task2=9.924419e-02 | F1=5.457515e-02 | m1²=0.883833 | m2²=0.138837 | eps_w1=7.060064e-01 | eps_w2=9.815483e-01
[step    53500] t/d= 107.000 | task1=6.141944e-02 | task2=9.913359e-02 | F1=5.470321e-02 | m1²=0.881297 | m2²=0.141583 | eps_w1=7.074001e-01 | eps_w2=9.806131e-01
[step    53750] t/d= 107.500 | task1=6.158117e-02 | task2=9.902232e-02 | F1=5.486494e-02 | m1²=0.879109 | m2²=0.143998 | eps_w1=7.091554e-01 | eps_w2=9.797773e-01
[step    54000] t/d= 108.000 | task1=6.172111e-02 | task2=9.891349e-02 | F1=5.500488e-02 | m1²=0.876577 | m2²=0.146739 | eps_w1=7.107042e-01 | eps_w2=9.788479e-01
[step    54250] t/d= 108.500 | task1=6.189463e-02 | task2=9.881879e-02 | F1=5.517840e-02 | m1²=0.874146 | m2²=0.149423 | eps_w1=7.126010e-01 | eps_w2=9.779341e-01
[step    54500] t/d= 109.000 | task1=6.203232e-02 | task2=9.872128e-02 | F1=5.531609e-02 | m1²=0.871531 | m2²=0.152233 | eps_w1=7.140829e-01 | eps_w2=9.769944e-01
[step    54750] t/d= 109.500 | task1=6.217486e-02 | task2=9.861754e-02 | F1=5.545863e-02 | m1²=0.868771 | m2²=0.155187 | eps_w1=7.155862e-01 | eps_w2=9.760117e-01
[step    55000] t/d= 110.000 | task1=6.228431e-02 | task2=9.852025e-02 | F1=5.556808e-02 | m1²=0.866258 | m2²=0.157902 | eps_w1=7.166516e-01 | eps_w2=9.751150e-01
[step    55250] t/d= 110.500 | task1=6.238698e-02 | task2=9.843668e-02 | F1=5.567074e-02 | m1²=0.863979 | m2²=0.160489 | eps_w1=7.177596e-01 | eps_w2=9.742605e-01
[step    55500] t/d= 111.000 | task1=6.250643e-02 | task2=9.834586e-02 | F1=5.579020e-02 | m1²=0.861590 | m2²=0.163100 | eps_w1=7.189996e-01 | eps_w2=9.734001e-01
[step    55750] t/d= 111.500 | task1=6.263629e-02 | task2=9.824701e-02 | F1=5.592006e-02 | m1²=0.858846 | m2²=0.166100 | eps_w1=7.203723e-01 | eps_w2=9.724144e-01
[step    56000] t/d= 112.000 | task1=6.278379e-02 | task2=9.812620e-02 | F1=5.606756e-02 | m1²=0.855526 | m2²=0.169722 | eps_w1=7.218932e-01 | eps_w2=9.712278e-01
[step    56250] t/d= 112.500 | task1=6.289324e-02 | task2=9.802996e-02 | F1=5.617701e-02 | m1²=0.853124 | m2²=0.172347 | eps_w1=7.229870e-01 | eps_w2=9.703696e-01
[step    56500] t/d= 113.000 | task1=6.300678e-02 | task2=9.791805e-02 | F1=5.629054e-02 | m1²=0.850228 | m2²=0.175580 | eps_w1=7.241833e-01 | eps_w2=9.693126e-01
[step    56750] t/d= 113.500 | task1=6.314438e-02 | task2=9.780316e-02 | F1=5.642815e-02 | m1²=0.847264 | m2²=0.178850 | eps_w1=7.256286e-01 | eps_w2=9.682499e-01
[step    57000] t/d= 114.000 | task1=6.326441e-02 | task2=9.770488e-02 | F1=5.654818e-02 | m1²=0.844698 | m2²=0.181761 | eps_w1=7.269395e-01 | eps_w2=9.673079e-01
[step    57250] t/d= 114.500 | task1=6.339425e-02 | task2=9.758485e-02 | F1=5.667802e-02 | m1²=0.841739 | m2²=0.184965 | eps_w1=7.283007e-01 | eps_w2=9.662706e-01
[step    57500] t/d= 115.000 | task1=6.353198e-02 | task2=9.746473e-02 | F1=5.681575e-02 | m1²=0.838483 | m2²=0.188532 | eps_w1=7.297947e-01 | eps_w2=9.651189e-01
[step    57750] t/d= 115.500 | task1=6.368137e-02 | task2=9.733638e-02 | F1=5.696514e-02 | m1²=0.835155 | m2²=0.192149 | eps_w1=7.312342e-01 | eps_w2=9.639512e-01
[step    58000] t/d= 116.000 | task1=6.380349e-02 | task2=9.723431e-02 | F1=5.708726e-02 | m1²=0.832216 | m2²=0.195346 | eps_w1=7.325383e-01 | eps_w2=9.629225e-01
[step    58250] t/d= 116.500 | task1=6.395898e-02 | task2=9.710660e-02 | F1=5.724275e-02 | m1²=0.828666 | m2²=0.199158 | eps_w1=7.342843e-01 | eps_w2=9.617078e-01
[step    58500] t/d= 117.000 | task1=6.406923e-02 | task2=9.699364e-02 | F1=5.735300e-02 | m1²=0.825350 | m2²=0.202667 | eps_w1=7.353483e-01 | eps_w2=9.605627e-01
[step    58750] t/d= 117.500 | task1=6.418546e-02 | task2=9.687942e-02 | F1=5.746923e-02 | m1²=0.822175 | m2²=0.206063 | eps_w1=7.365976e-01 | eps_w2=9.594677e-01
[step    59000] t/d= 118.000 | task1=6.433677e-02 | task2=9.675498e-02 | F1=5.762054e-02 | m1²=0.818511 | m2²=0.209854 | eps_w1=7.381070e-01 | eps_w2=9.582511e-01
[step    59250] t/d= 118.500 | task1=6.450743e-02 | task2=9.661055e-02 | F1=5.779120e-02 | m1²=0.814773 | m2²=0.213918 | eps_w1=7.399247e-01 | eps_w2=9.569694e-01
[step    59500] t/d= 119.000 | task1=6.461470e-02 | task2=9.649117e-02 | F1=5.789847e-02 | m1²=0.811636 | m2²=0.217273 | eps_w1=7.409893e-01 | eps_w2=9.558799e-01
[step    59750] t/d= 119.500 | task1=6.473037e-02 | task2=9.637238e-02 | F1=5.801414e-02 | m1²=0.808186 | m2²=0.220985 | eps_w1=7.421416e-01 | eps_w2=9.546722e-01
[step    60000] t/d= 120.000 | task1=6.486452e-02 | task2=9.624058e-02 | F1=5.814828e-02 | m1²=0.804650 | m2²=0.224735 | eps_w1=7.436337e-01 | eps_w2=9.534792e-01
[step    60250] t/d= 120.500 | task1=6.498950e-02 | task2=9.610206e-02 | F1=5.827326e-02 | m1²=0.801004 | m2²=0.228629 | eps_w1=7.449097e-01 | eps_w2=9.522176e-01
[step    60500] t/d= 121.000 | task1=6.509631e-02 | task2=9.599223e-02 | F1=5.838007e-02 | m1²=0.797985 | m2²=0.231880 | eps_w1=7.459919e-01 | eps_w2=9.511666e-01
[step    60750] t/d= 121.500 | task1=6.523750e-02 | task2=9.586886e-02 | F1=5.852127e-02 | m1²=0.794572 | m2²=0.235553 | eps_w1=7.474139e-01 | eps_w2=9.500006e-01
[step    61000] t/d= 122.000 | task1=6.535631e-02 | task2=9.574064e-02 | F1=5.864008e-02 | m1²=0.791184 | m2²=0.239195 | eps_w1=7.487116e-01 | eps_w2=9.488338e-01
[step    61250] t/d= 122.500 | task1=6.551763e-02 | task2=9.559683e-02 | F1=5.880140e-02 | m1²=0.786984 | m2²=0.243611 | eps_w1=7.504940e-01 | eps_w2=9.474423e-01
[step    61500] t/d= 123.000 | task1=6.564409e-02 | task2=9.545808e-02 | F1=5.892786e-02 | m1²=0.783111 | m2²=0.247860 | eps_w1=7.518139e-01 | eps_w2=9.460637e-01
[step    61750] t/d= 123.500 | task1=6.574807e-02 | task2=9.530776e-02 | F1=5.903184e-02 | m1²=0.779073 | m2²=0.252122 | eps_w1=7.528749e-01 | eps_w2=9.446367e-01
[step    62000] t/d= 124.000 | task1=6.586348e-02 | task2=9.518412e-02 | F1=5.914725e-02 | m1²=0.775535 | m2²=0.255831 | eps_w1=7.540407e-01 | eps_w2=9.434237e-01
[step    62250] t/d= 124.500 | task1=6.600145e-02 | task2=9.504404e-02 | F1=5.928521e-02 | m1²=0.771605 | m2²=0.259937 | eps_w1=7.554568e-01 | eps_w2=9.420975e-01
[step    62500] t/d= 125.000 | task1=6.615847e-02 | task2=9.488116e-02 | F1=5.944224e-02 | m1²=0.767120 | m2²=0.264678 | eps_w1=7.570463e-01 | eps_w2=9.405619e-01
[step    62750] t/d= 125.500 | task1=6.629932e-02 | task2=9.474044e-02 | F1=5.958309e-02 | m1²=0.762887 | m2²=0.269123 | eps_w1=7.584422e-01 | eps_w2=9.391046e-01
[step    63000] t/d= 126.000 | task1=6.642671e-02 | task2=9.460703e-02 | F1=5.971048e-02 | m1²=0.759242 | m2²=0.273005 | eps_w1=7.597871e-01 | eps_w2=9.378553e-01
[step    63250] t/d= 126.500 | task1=6.658949e-02 | task2=9.446326e-02 | F1=5.987326e-02 | m1²=0.755256 | m2²=0.277203 | eps_w1=7.614399e-01 | eps_w2=9.365379e-01
[step    63500] t/d= 127.000 | task1=6.669090e-02 | task2=9.431510e-02 | F1=5.997467e-02 | m1²=0.751392 | m2²=0.281257 | eps_w1=7.626275e-01 | eps_w2=9.351911e-01
[step    63750] t/d= 127.500 | task1=6.681988e-02 | task2=9.416797e-02 | F1=6.010365e-02 | m1²=0.747494 | m2²=0.285443 | eps_w1=7.639355e-01 | eps_w2=9.338196e-01
[step    64000] t/d= 128.000 | task1=6.695615e-02 | task2=9.400800e-02 | F1=6.023992e-02 | m1²=0.743148 | m2²=0.290077 | eps_w1=7.652529e-01 | eps_w2=9.322709e-01
[step    64250] t/d= 128.500 | task1=6.707320e-02 | task2=9.384421e-02 | F1=6.035697e-02 | m1²=0.738652 | m2²=0.294736 | eps_w1=7.664361e-01 | eps_w2=9.306691e-01
[step    64500] t/d= 129.000 | task1=6.719758e-02 | task2=9.367849e-02 | F1=6.048135e-02 | m1²=0.734078 | m2²=0.299500 | eps_w1=7.676394e-01 | eps_w2=9.290238e-01
[step    64750] t/d= 129.500 | task1=6.730711e-02 | task2=9.352858e-02 | F1=6.059087e-02 | m1²=0.729874 | m2²=0.303857 | eps_w1=7.687448e-01 | eps_w2=9.275110e-01
[step    65000] t/d= 130.000 | task1=6.743353e-02 | task2=9.337491e-02 | F1=6.071729e-02 | m1²=0.725844 | m2²=0.308029 | eps_w1=7.699303e-01 | eps_w2=9.260858e-01
[step    65250] t/d= 130.500 | task1=6.756161e-02 | task2=9.319771e-02 | F1=6.084538e-02 | m1²=0.721307 | m2²=0.312848 | eps_w1=7.711742e-01 | eps_w2=9.244130e-01
[step    65500] t/d= 131.000 | task1=6.769410e-02 | task2=9.298062e-02 | F1=6.097787e-02 | m1²=0.715786 | m2²=0.318596 | eps_w1=7.725373e-01 | eps_w2=9.223655e-01
[step    65750] t/d= 131.500 | task1=6.784275e-02 | task2=9.280324e-02 | F1=6.112652e-02 | m1²=0.710931 | m2²=0.323635 | eps_w1=7.740756e-01 | eps_w2=9.206493e-01
[step    66000] t/d= 132.000 | task1=6.798159e-02 | task2=9.264111e-02 | F1=6.126536e-02 | m1²=0.706353 | m2²=0.328455 | eps_w1=7.755917e-01 | eps_w2=9.190225e-01
[step    66250] t/d= 132.500 | task1=6.810944e-02 | task2=9.248035e-02 | F1=6.139321e-02 | m1²=0.702023 | m2²=0.332984 | eps_w1=7.768848e-01 | eps_w2=9.174494e-01
[step    66500] t/d= 133.000 | task1=6.824129e-02 | task2=9.231430e-02 | F1=6.152506e-02 | m1²=0.697590 | m2²=0.337628 | eps_w1=7.782645e-01 | eps_w2=9.158471e-01
[step    66750] t/d= 133.500 | task1=6.840068e-02 | task2=9.211693e-02 | F1=6.168445e-02 | m1²=0.692358 | m2²=0.343119 | eps_w1=7.797644e-01 | eps_w2=9.139058e-01
[step    67000] t/d= 134.000 | task1=6.854986e-02 | task2=9.192594e-02 | F1=6.183363e-02 | m1²=0.687415 | m2²=0.348318 | eps_w1=7.812647e-01 | eps_w2=9.120856e-01
[step    67250] t/d= 134.500 | task1=6.869892e-02 | task2=9.172966e-02 | F1=6.198269e-02 | m1²=0.682110 | m2²=0.353807 | eps_w1=7.826903e-01 | eps_w2=9.100904e-01
[step    67500] t/d= 135.000 | task1=6.881806e-02 | task2=9.156147e-02 | F1=6.210183e-02 | m1²=0.677753 | m2²=0.358224 | eps_w1=7.838010e-01 | eps_w2=9.084506e-01
[step    67750] t/d= 135.500 | task1=6.895357e-02 | task2=9.140260e-02 | F1=6.223734e-02 | m1²=0.673565 | m2²=0.362629 | eps_w1=7.851750e-01 | eps_w2=9.069218e-01
[step    68000] t/d= 136.000 | task1=6.910349e-02 | task2=9.119385e-02 | F1=6.238726e-02 | m1²=0.668248 | m2²=0.368063 | eps_w1=7.866106e-01 | eps_w2=9.049122e-01
[step    68250] t/d= 136.500 | task1=6.925504e-02 | task2=9.099318e-02 | F1=6.253881e-02 | m1²=0.663038 | m2²=0.373416 | eps_w1=7.880511e-01 | eps_w2=9.029321e-01
[step    68500] t/d= 137.000 | task1=6.940582e-02 | task2=9.076724e-02 | F1=6.268959e-02 | m1²=0.657463 | m2²=0.379255 | eps_w1=7.895407e-01 | eps_w2=9.007392e-01
[step    68750] t/d= 137.500 | task1=6.953210e-02 | task2=9.056883e-02 | F1=6.281587e-02 | m1²=0.652659 | m2²=0.384271 | eps_w1=7.907340e-01 | eps_w2=8.988026e-01
[step    69000] t/d= 138.000 | task1=6.967971e-02 | task2=9.036524e-02 | F1=6.296348e-02 | m1²=0.647531 | m2²=0.389511 | eps_w1=7.921920e-01 | eps_w2=8.968351e-01
[step    69250] t/d= 138.500 | task1=6.983904e-02 | task2=9.014989e-02 | F1=6.312281e-02 | m1²=0.642246 | m2²=0.395019 | eps_w1=7.937962e-01 | eps_w2=8.948019e-01
[step    69500] t/d= 139.000 | task1=6.998073e-02 | task2=8.991937e-02 | F1=6.326449e-02 | m1²=0.636782 | m2²=0.400671 | eps_w1=7.951024e-01 | eps_w2=8.925378e-01
[step    69750] t/d= 139.500 | task1=7.012572e-02 | task2=8.970505e-02 | F1=6.340949e-02 | m1²=0.631692 | m2²=0.405925 | eps_w1=7.965194e-01 | eps_w2=8.905055e-01
[step    70000] t/d= 140.000 | task1=7.026054e-02 | task2=8.951149e-02 | F1=6.354431e-02 | m1²=0.626927 | m2²=0.410822 | eps_w1=7.976878e-01 | eps_w2=8.885178e-01
[step    70250] t/d= 140.500 | task1=7.039578e-02 | task2=8.929802e-02 | F1=6.367955e-02 | m1²=0.622216 | m2²=0.415732 | eps_w1=7.989200e-01 | eps_w2=8.865487e-01
[step    70500] t/d= 141.000 | task1=7.052497e-02 | task2=8.906442e-02 | F1=6.380874e-02 | m1²=0.616792 | m2²=0.421207 | eps_w1=8.000765e-01 | eps_w2=8.841833e-01
[step    70750] t/d= 141.500 | task1=7.064855e-02 | task2=8.884041e-02 | F1=6.393232e-02 | m1²=0.611764 | m2²=0.426405 | eps_w1=8.012508e-01 | eps_w2=8.819736e-01
[step    71000] t/d= 142.000 | task1=7.080013e-02 | task2=8.860398e-02 | F1=6.408390e-02 | m1²=0.606377 | m2²=0.431829 | eps_w1=8.026883e-01 | eps_w2=8.797280e-01
[step    71250] t/d= 142.500 | task1=7.095637e-02 | task2=8.839697e-02 | F1=6.424014e-02 | m1²=0.601598 | m2²=0.436769 | eps_w1=8.041777e-01 | eps_w2=8.777947e-01
[step    71500] t/d= 143.000 | task1=7.110383e-02 | task2=8.816973e-02 | F1=6.438760e-02 | m1²=0.596238 | m2²=0.442337 | eps_w1=8.056635e-01 | eps_w2=8.754906e-01
[step    71750] t/d= 143.500 | task1=7.126572e-02 | task2=8.791522e-02 | F1=6.454949e-02 | m1²=0.590530 | m2²=0.448215 | eps_w1=8.071175e-01 | eps_w2=8.729485e-01
[step    72000] t/d= 144.000 | task1=7.142139e-02 | task2=8.764181e-02 | F1=6.470516e-02 | m1²=0.584774 | m2²=0.454089 | eps_w1=8.085690e-01 | eps_w2=8.703594e-01
[step    72250] t/d= 144.500 | task1=7.157343e-02 | task2=8.740910e-02 | F1=6.485719e-02 | m1²=0.579667 | m2²=0.459289 | eps_w1=8.099513e-01 | eps_w2=8.680978e-01
[step    72500] t/d= 145.000 | task1=7.172026e-02 | task2=8.716537e-02 | F1=6.500403e-02 | m1²=0.574411 | m2²=0.464694 | eps_w1=8.113291e-01 | eps_w2=8.656926e-01
[step    72750] t/d= 145.500 | task1=7.186501e-02 | task2=8.690708e-02 | F1=6.514878e-02 | m1²=0.569173 | m2²=0.470053 | eps_w1=8.126478e-01 | eps_w2=8.632356e-01
[step    73000] t/d= 146.000 | task1=7.202722e-02 | task2=8.666659e-02 | F1=6.531099e-02 | m1²=0.563953 | m2²=0.475355 | eps_w1=8.141960e-01 | eps_w2=8.609369e-01
[step    73250] t/d= 146.500 | task1=7.218266e-02 | task2=8.643120e-02 | F1=6.546643e-02 | m1²=0.558994 | m2²=0.480392 | eps_w1=8.155710e-01 | eps_w2=8.586569e-01
[step    73500] t/d= 147.000 | task1=7.235089e-02 | task2=8.617395e-02 | F1=6.563466e-02 | m1²=0.553555 | m2²=0.485906 | eps_w1=8.171234e-01 | eps_w2=8.561616e-01
[step    73750] t/d= 147.500 | task1=7.251433e-02 | task2=8.591608e-02 | F1=6.579809e-02 | m1²=0.547949 | m2²=0.491518 | eps_w1=8.187228e-01 | eps_w2=8.535801e-01
[step    74000] t/d= 148.000 | task1=7.267438e-02 | task2=8.567166e-02 | F1=6.595815e-02 | m1²=0.542705 | m2²=0.496807 | eps_w1=8.202640e-01 | eps_w2=8.511542e-01
[step    74250] t/d= 148.500 | task1=7.283704e-02 | task2=8.539343e-02 | F1=6.612081e-02 | m1²=0.537209 | m2²=0.502387 | eps_w1=8.216519e-01 | eps_w2=8.483678e-01
[step    74500] t/d= 149.000 | task1=7.301878e-02 | task2=8.510800e-02 | F1=6.630254e-02 | m1²=0.531372 | m2²=0.508234 | eps_w1=8.232975e-01 | eps_w2=8.455350e-01
[step    74750] t/d= 149.500 | task1=7.318845e-02 | task2=8.479712e-02 | F1=6.647222e-02 | m1²=0.525579 | m2²=0.514051 | eps_w1=8.248663e-01 | eps_w2=8.426095e-01
[step    75000] t/d= 150.000 | task1=7.336552e-02 | task2=8.450202e-02 | F1=6.664928e-02 | m1²=0.519741 | m2²=0.519955 | eps_w1=8.265558e-01 | eps_w2=8.396938e-01
[step    75250] t/d= 150.500 | task1=7.352113e-02 | task2=8.421261e-02 | F1=6.680489e-02 | m1²=0.514317 | m2²=0.525459 | eps_w1=8.281180e-01 | eps_w2=8.369218e-01
[step    75500] t/d= 151.000 | task1=7.368106e-02 | task2=8.393445e-02 | F1=6.696482e-02 | m1²=0.509222 | m2²=0.530558 | eps_w1=8.295554e-01 | eps_w2=8.342702e-01
[step    75750] t/d= 151.500 | task1=7.383502e-02 | task2=8.361030e-02 | F1=6.711879e-02 | m1²=0.503365 | m2²=0.536426 | eps_w1=8.310856e-01 | eps_w2=8.310288e-01
[step    76000] t/d= 152.000 | task1=7.400237e-02 | task2=8.329824e-02 | F1=6.728614e-02 | m1²=0.497729 | m2²=0.542062 | eps_w1=8.325768e-01 | eps_w2=8.278619e-01
[step    76250] t/d= 152.500 | task1=7.417634e-02 | task2=8.300753e-02 | F1=6.746011e-02 | m1²=0.492271 | m2²=0.547590 | eps_w1=8.341570e-01 | eps_w2=8.248521e-01
[step    76500] t/d= 153.000 | task1=7.437549e-02 | task2=8.268737e-02 | F1=6.765926e-02 | m1²=0.486130 | m2²=0.553738 | eps_w1=8.361292e-01 | eps_w2=8.216490e-01
[step    76750] t/d= 153.500 | task1=7.454952e-02 | task2=8.240840e-02 | F1=6.783329e-02 | m1²=0.481080 | m2²=0.558793 | eps_w1=8.377675e-01 | eps_w2=8.189861e-01
[step    77000] t/d= 154.000 | task1=7.471919e-02 | task2=8.210464e-02 | F1=6.800296e-02 | m1²=0.475690 | m2²=0.564186 | eps_w1=8.394053e-01 | eps_w2=8.159489e-01
[step    77250] t/d= 154.500 | task1=7.490799e-02 | task2=8.179661e-02 | F1=6.819176e-02 | m1²=0.470365 | m2²=0.569544 | eps_w1=8.410765e-01 | eps_w2=8.129398e-01
[step    77500] t/d= 155.000 | task1=7.508679e-02 | task2=8.147041e-02 | F1=6.837056e-02 | m1²=0.464823 | m2²=0.575144 | eps_w1=8.428305e-01 | eps_w2=8.097486e-01
[step    77750] t/d= 155.500 | task1=7.527636e-02 | task2=8.118046e-02 | F1=6.856013e-02 | m1²=0.459629 | m2²=0.580281 | eps_w1=8.445631e-01 | eps_w2=8.068605e-01
[step    78000] t/d= 156.000 | task1=7.547904e-02 | task2=8.087932e-02 | F1=6.876281e-02 | m1²=0.454249 | m2²=0.585629 | eps_w1=8.463707e-01 | eps_w2=8.038117e-01
[step    78250] t/d= 156.500 | task1=7.569188e-02 | task2=8.050200e-02 | F1=6.897565e-02 | m1²=0.448319 | m2²=0.591660 | eps_w1=8.483135e-01 | eps_w2=8.002350e-01
[step    78500] t/d= 157.000 | task1=7.587760e-02 | task2=8.017925e-02 | F1=6.916137e-02 | m1²=0.443044 | m2²=0.596978 | eps_w1=8.501016e-01 | eps_w2=7.970850e-01
[step    78750] t/d= 157.500 | task1=7.604754e-02 | task2=7.989338e-02 | F1=6.933131e-02 | m1²=0.438333 | m2²=0.601687 | eps_w1=8.516567e-01 | eps_w2=7.941498e-01
[step    79000] t/d= 158.000 | task1=7.624524e-02 | task2=7.960755e-02 | F1=6.952901e-02 | m1²=0.433374 | m2²=0.606665 | eps_w1=8.535322e-01 | eps_w2=7.913931e-01
[step    79250] t/d= 158.500 | task1=7.646416e-02 | task2=7.922373e-02 | F1=6.974792e-02 | m1²=0.427441 | m2²=0.612493 | eps_w1=8.555345e-01 | eps_w2=7.876264e-01
[step    79500] t/d= 159.000 | task1=7.666900e-02 | task2=7.887062e-02 | F1=6.995277e-02 | m1²=0.422096 | m2²=0.617825 | eps_w1=8.574099e-01 | eps_w2=7.842257e-01
[step    79750] t/d= 159.500 | task1=7.688794e-02 | task2=7.851983e-02 | F1=7.017171e-02 | m1²=0.416615 | m2²=0.623250 | eps_w1=8.593431e-01 | eps_w2=7.806661e-01
[step    80000] t/d= 160.000 | task1=7.711325e-02 | task2=7.814552e-02 | F1=7.039701e-02 | m1²=0.411063 | m2²=0.628640 | eps_w1=8.612820e-01 | eps_w2=7.769386e-01
[step    80250] t/d= 160.500 | task1=7.731443e-02 | task2=7.777752e-02 | F1=7.059820e-02 | m1²=0.405951 | m2²=0.633726 | eps_w1=8.630656e-01 | eps_w2=7.733222e-01
[step    80500] t/d= 161.000 | task1=7.752597e-02 | task2=7.745644e-02 | F1=7.080974e-02 | m1²=0.401029 | m2²=0.638591 | eps_w1=8.649790e-01 | eps_w2=7.701873e-01
[step    80750] t/d= 161.500 | task1=7.774546e-02 | task2=7.710518e-02 | F1=7.102923e-02 | m1²=0.395901 | m2²=0.643607 | eps_w1=8.669257e-01 | eps_w2=7.667248e-01
[step    81000] t/d= 162.000 | task1=7.799795e-02 | task2=7.669826e-02 | F1=7.128172e-02 | m1²=0.389823 | m2²=0.649518 | eps_w1=8.692810e-01 | eps_w2=7.625932e-01
[step    81250] t/d= 162.500 | task1=7.821207e-02 | task2=7.636017e-02 | F1=7.149584e-02 | m1²=0.385036 | m2²=0.654213 | eps_w1=8.712132e-01 | eps_w2=7.593992e-01
[step    81500] t/d= 163.000 | task1=7.841607e-02 | task2=7.598581e-02 | F1=7.169984e-02 | m1²=0.380125 | m2²=0.658957 | eps_w1=8.730925e-01 | eps_w2=7.557312e-01
[step    81750] t/d= 163.500 | task1=7.862534e-02 | task2=7.563204e-02 | F1=7.190911e-02 | m1²=0.375591 | m2²=0.663374 | eps_w1=8.748618e-01 | eps_w2=7.522796e-01
[step    82000] t/d= 164.000 | task1=7.883726e-02 | task2=7.525965e-02 | F1=7.212103e-02 | m1²=0.370782 | m2²=0.668078 | eps_w1=8.768305e-01 | eps_w2=7.487425e-01
[step    82250] t/d= 164.500 | task1=7.908885e-02 | task2=7.485530e-02 | F1=7.237262e-02 | m1²=0.365272 | m2²=0.673460 | eps_w1=8.791666e-01 | eps_w2=7.447707e-01
[step    82500] t/d= 165.000 | task1=7.933742e-02 | task2=7.442338e-02 | F1=7.262119e-02 | m1²=0.359699 | m2²=0.678942 | eps_w1=8.814994e-01 | eps_w2=7.403935e-01
[step    82750] t/d= 165.500 | task1=7.955286e-02 | task2=7.409250e-02 | F1=7.283663e-02 | m1²=0.355322 | m2²=0.683183 | eps_w1=8.833918e-01 | eps_w2=7.370302e-01
[step    83000] t/d= 166.000 | task1=7.978394e-02 | task2=7.370744e-02 | F1=7.306771e-02 | m1²=0.350426 | m2²=0.687920 | eps_w1=8.855441e-01 | eps_w2=7.332114e-01
[step    83250] t/d= 166.500 | task1=8.002084e-02 | task2=7.329468e-02 | F1=7.330460e-02 | m1²=0.345626 | m2²=0.692590 | eps_w1=8.876348e-01 | eps_w2=7.291120e-01
[step    83500] t/d= 167.000 | task1=8.029583e-02 | task2=7.287214e-02 | F1=7.357960e-02 | m1²=0.340374 | m2²=0.697666 | eps_w1=8.900443e-01 | eps_w2=7.249228e-01
[step    83750] t/d= 167.500 | task1=8.056438e-02 | task2=7.243793e-02 | F1=7.384815e-02 | m1²=0.335234 | m2²=0.702698 | eps_w1=8.924184e-01 | eps_w2=7.205404e-01
[step    84000] t/d= 168.000 | task1=8.081254e-02 | task2=7.204792e-02 | F1=7.409631e-02 | m1²=0.330376 | m2²=0.707499 | eps_w1=8.947652e-01 | eps_w2=7.166671e-01
[step    84250] t/d= 168.500 | task1=8.103167e-02 | task2=7.171541e-02 | F1=7.431544e-02 | m1²=0.326277 | m2²=0.711476 | eps_w1=8.967547e-01 | eps_w2=7.132327e-01
[step    84500] t/d= 169.000 | task1=8.130181e-02 | task2=7.129930e-02 | F1=7.458558e-02 | m1²=0.321434 | m2²=0.716152 | eps_w1=8.991342e-01 | eps_w2=7.090121e-01
[step    84750] t/d= 169.500 | task1=8.155998e-02 | task2=7.090126e-02 | F1=7.484375e-02 | m1²=0.316595 | m2²=0.720819 | eps_w1=9.015936e-01 | eps_w2=7.050426e-01
[step    85000] t/d= 170.000 | task1=8.180629e-02 | task2=7.050190e-02 | F1=7.509006e-02 | m1²=0.312193 | m2²=0.725027 | eps_w1=9.038374e-01 | eps_w2=7.010295e-01
[step    85250] t/d= 170.500 | task1=8.204858e-02 | task2=7.010891e-02 | F1=7.533235e-02 | m1²=0.308228 | m2²=0.728879 | eps_w1=9.058917e-01 | eps_w2=6.972314e-01
[step    85500] t/d= 171.000 | task1=8.233683e-02 | task2=6.964976e-02 | F1=7.562060e-02 | m1²=0.303252 | m2²=0.733593 | eps_w1=9.085412e-01 | eps_w2=6.926663e-01
[step    85750] t/d= 171.500 | task1=8.259093e-02 | task2=6.925360e-02 | F1=7.587469e-02 | m1²=0.299116 | m2²=0.737549 | eps_w1=9.107876e-01 | eps_w2=6.887113e-01
[step    86000] t/d= 172.000 | task1=8.285126e-02 | task2=6.884233e-02 | F1=7.613503e-02 | m1²=0.295099 | m2²=0.741458 | eps_w1=9.130105e-01 | eps_w2=6.846718e-01
[step    86250] t/d= 172.500 | task1=8.316803e-02 | task2=6.840045e-02 | F1=7.645180e-02 | m1²=0.290050 | m2²=0.746245 | eps_w1=9.158761e-01 | eps_w2=6.801646e-01
[step    86500] t/d= 173.000 | task1=8.345905e-02 | task2=6.795046e-02 | F1=7.674282e-02 | m1²=0.285527 | m2²=0.750672 | eps_w1=9.184953e-01 | eps_w2=6.757505e-01
[step    86750] t/d= 173.500 | task1=8.373238e-02 | task2=6.750199e-02 | F1=7.701615e-02 | m1²=0.281338 | m2²=0.754701 | eps_w1=9.209775e-01 | eps_w2=6.713620e-01
[step    87000] t/d= 174.000 | task1=8.405406e-02 | task2=6.703622e-02 | F1=7.733783e-02 | m1²=0.276870 | m2²=0.758950 | eps_w1=9.236873e-01 | eps_w2=6.666869e-01
[step    87250] t/d= 174.500 | task1=8.438895e-02 | task2=6.653244e-02 | F1=7.767272e-02 | m1²=0.272212 | m2²=0.763416 | eps_w1=9.265819e-01 | eps_w2=6.617245e-01
[step    87500] t/d= 175.000 | task1=8.467336e-02 | task2=6.608703e-02 | F1=7.795713e-02 | m1²=0.268251 | m2²=0.767241 | eps_w1=9.291132e-01 | eps_w2=6.572721e-01
[step    87750] t/d= 175.500 | task1=8.497189e-02 | task2=6.565640e-02 | F1=7.825566e-02 | m1²=0.264450 | m2²=0.770897 | eps_w1=9.315969e-01 | eps_w2=6.529634e-01
[step    88000] t/d= 176.000 | task1=8.530592e-02 | task2=6.514340e-02 | F1=7.858969e-02 | m1²=0.260217 | m2²=0.774957 | eps_w1=9.344652e-01 | eps_w2=6.477526e-01
[step    88250] t/d= 176.500 | task1=8.559878e-02 | task2=6.467358e-02 | F1=7.888255e-02 | m1²=0.256226 | m2²=0.778780 | eps_w1=9.372008e-01 | eps_w2=6.431544e-01
[step    88500] t/d= 177.000 | task1=8.588425e-02 | task2=6.423789e-02 | F1=7.916802e-02 | m1²=0.252461 | m2²=0.782402 | eps_w1=9.398301e-01 | eps_w2=6.388313e-01
[step    88750] t/d= 177.500 | task1=8.621694e-02 | task2=6.376398e-02 | F1=7.950070e-02 | m1²=0.248796 | m2²=0.785848 | eps_w1=9.425410e-01 | eps_w2=6.339407e-01
[step    89000] t/d= 178.000 | task1=8.653740e-02 | task2=6.329525e-02 | F1=7.982117e-02 | m1²=0.244956 | m2²=0.789499 | eps_w1=9.453798e-01 | eps_w2=6.292370e-01
[step    89250] t/d= 178.500 | task1=8.685219e-02 | task2=6.283442e-02 | F1=8.013596e-02 | m1²=0.241283 | m2²=0.792957 | eps_w1=9.481897e-01 | eps_w2=6.245224e-01
[step    89500] t/d= 179.000 | task1=8.720447e-02 | task2=6.233700e-02 | F1=8.048823e-02 | m1²=0.236984 | m2²=0.796995 | eps_w1=9.514652e-01 | eps_w2=6.194577e-01
[step    89750] t/d= 179.500 | task1=8.753370e-02 | task2=6.188201e-02 | F1=8.081747e-02 | m1²=0.233423 | m2²=0.800384 | eps_w1=9.543064e-01 | eps_w2=6.148485e-01
[step    90000] t/d= 180.000 | task1=8.791302e-02 | task2=6.135295e-02 | F1=8.119679e-02 | m1²=0.229203 | m2²=0.804308 | eps_w1=9.576957e-01 | eps_w2=6.096463e-01
[step    90250] t/d= 180.500 | task1=8.827738e-02 | task2=6.083832e-02 | F1=8.156115e-02 | m1²=0.225069 | m2²=0.808247 | eps_w1=9.610756e-01 | eps_w2=6.045133e-01
[step    90500] t/d= 181.000 | task1=8.862581e-02 | task2=6.037948e-02 | F1=8.190958e-02 | m1²=0.221429 | m2²=0.811662 | eps_w1=9.641571e-01 | eps_w2=5.998082e-01
[step    90750] t/d= 181.500 | task1=8.895574e-02 | task2=5.990806e-02 | F1=8.223951e-02 | m1²=0.217913 | m2²=0.814938 | eps_w1=9.672423e-01 | eps_w2=5.950533e-01
[step    91000] t/d= 182.000 | task1=8.933584e-02 | task2=5.935935e-02 | F1=8.261961e-02 | m1²=0.213892 | m2²=0.818701 | eps_w1=9.708126e-01 | eps_w2=5.896971e-01
[step    91250] t/d= 182.500 | task1=8.973168e-02 | task2=5.882257e-02 | F1=8.301545e-02 | m1²=0.210055 | m2²=0.822322 | eps_w1=9.743414e-01 | eps_w2=5.843675e-01
[step    91500] t/d= 183.000 | task1=9.013170e-02 | task2=5.828219e-02 | F1=8.341547e-02 | m1²=0.206275 | m2²=0.825875 | eps_w1=9.779237e-01 | eps_w2=5.789910e-01
[step    91750] t/d= 183.500 | task1=9.046317e-02 | task2=5.781542e-02 | F1=8.374693e-02 | m1²=0.202870 | m2²=0.829049 | eps_w1=9.811706e-01 | eps_w2=5.742799e-01
[step    92000] t/d= 184.000 | task1=9.082581e-02 | task2=5.732621e-02 | F1=8.410958e-02 | m1²=0.199423 | m2²=0.832269 | eps_w1=9.845734e-01 | eps_w2=5.693174e-01
[step    92250] t/d= 184.500 | task1=9.118505e-02 | task2=5.683177e-02 | F1=8.446882e-02 | m1²=0.196184 | m2²=0.835301 | eps_w1=9.878998e-01 | eps_w2=5.644288e-01
[step    92500] t/d= 185.000 | task1=9.155410e-02 | task2=5.631801e-02 | F1=8.483787e-02 | m1²=0.192751 | m2²=0.838466 | eps_w1=9.915109e-01 | eps_w2=5.592084e-01
[step    92750] t/d= 185.500 | task1=9.191045e-02 | task2=5.585327e-02 | F1=8.519422e-02 | m1²=0.189834 | m2²=0.841183 | eps_w1=9.946904e-01 | eps_w2=5.545923e-01
[step    93000] t/d= 186.000 | task1=9.230854e-02 | task2=5.536186e-02 | F1=8.559231e-02 | m1²=0.186497 | m2²=0.844279 | eps_w1=9.982648e-01 | eps_w2=5.496292e-01
[step    93250] t/d= 186.500 | task1=9.267136e-02 | task2=5.488429e-02 | F1=8.595513e-02 | m1²=0.183635 | m2²=0.847030 | eps_w1=1.001595e+00 | eps_w2=5.447659e-01
[step    93500] t/d= 187.000 | task1=9.307705e-02 | task2=5.437961e-02 | F1=8.636082e-02 | m1²=0.180470 | m2²=0.849977 | eps_w1=1.005252e+00 | eps_w2=5.396591e-01
[step    93750] t/d= 187.500 | task1=9.347257e-02 | task2=5.386243e-02 | F1=8.675634e-02 | m1²=0.177257 | m2²=0.852935 | eps_w1=1.008989e+00 | eps_w2=5.345754e-01
[step    94000] t/d= 188.000 | task1=9.386068e-02 | task2=5.335607e-02 | F1=8.714445e-02 | m1²=0.174023 | m2²=0.855960 | eps_w1=1.012774e+00 | eps_w2=5.295062e-01
[step    94250] t/d= 188.500 | task1=9.426405e-02 | task2=5.285763e-02 | F1=8.754782e-02 | m1²=0.171147 | m2²=0.858647 | eps_w1=1.016414e+00 | eps_w2=5.245038e-01
[step    94500] t/d= 189.000 | task1=9.468264e-02 | task2=5.235816e-02 | F1=8.796641e-02 | m1²=0.168131 | m2²=0.861461 | eps_w1=1.020122e+00 | eps_w2=5.196154e-01
[step    94750] t/d= 189.500 | task1=9.507733e-02 | task2=5.188195e-02 | F1=8.836110e-02 | m1²=0.165600 | m2²=0.863873 | eps_w1=1.023647e+00 | eps_w2=5.147125e-01
[step    95000] t/d= 190.000 | task1=9.547893e-02 | task2=5.137324e-02 | F1=8.876270e-02 | m1²=0.162670 | m2²=0.866575 | eps_w1=1.027577e+00 | eps_w2=5.095330e-01
[step    95250] t/d= 190.500 | task1=9.593374e-02 | task2=5.082762e-02 | F1=8.921750e-02 | m1²=0.159589 | m2²=0.869387 | eps_w1=1.031825e+00 | eps_w2=5.040106e-01
[step    95500] t/d= 191.000 | task1=9.635897e-02 | task2=5.032106e-02 | F1=8.964274e-02 | m1²=0.156812 | m2²=0.871909 | eps_w1=1.035781e+00 | eps_w2=4.989118e-01
[step    95750] t/d= 191.500 | task1=9.677501e-02 | task2=4.981457e-02 | F1=9.005878e-02 | m1²=0.154114 | m2²=0.874416 | eps_w1=1.039743e+00 | eps_w2=4.938025e-01
[step    96000] t/d= 192.000 | task1=9.716508e-02 | task2=4.934057e-02 | F1=9.044885e-02 | m1²=0.151618 | m2²=0.876693 | eps_w1=1.043546e+00 | eps_w2=4.889556e-01
[step    96250] t/d= 192.500 | task1=9.756027e-02 | task2=4.886753e-02 | F1=9.084404e-02 | m1²=0.148946 | m2²=0.879117 | eps_w1=1.047454e+00 | eps_w2=4.841598e-01
[step    96500] t/d= 193.000 | task1=9.803910e-02 | task2=4.830298e-02 | F1=9.132287e-02 | m1²=0.146221 | m2²=0.881588 | eps_w1=1.052024e+00 | eps_w2=4.783722e-01
[step    96750] t/d= 193.500 | task1=9.849286e-02 | task2=4.777644e-02 | F1=9.177663e-02 | m1²=0.143690 | m2²=0.883890 | eps_w1=1.056252e+00 | eps_w2=4.731336e-01
[step    97000] t/d= 194.000 | task1=9.894393e-02 | task2=4.724939e-02 | F1=9.222770e-02 | m1²=0.140968 | m2²=0.886366 | eps_w1=1.060641e+00 | eps_w2=4.678683e-01
[step    97250] t/d= 194.500 | task1=9.940569e-02 | task2=4.671538e-02 | F1=9.268946e-02 | m1²=0.138233 | m2²=0.888840 | eps_w1=1.065155e+00 | eps_w2=4.625204e-01
[step    97500] t/d= 195.000 | task1=9.985196e-02 | task2=4.622098e-02 | F1=9.313573e-02 | m1²=0.135633 | m2²=0.891212 | eps_w1=1.069442e+00 | eps_w2=4.575170e-01
[step    97750] t/d= 195.500 | task1=1.002768e-01 | task2=4.571811e-02 | F1=9.356059e-02 | m1²=0.133192 | m2²=0.893433 | eps_w1=1.073738e+00 | eps_w2=4.524929e-01
[step    98000] t/d= 196.000 | task1=1.007527e-01 | task2=4.520861e-02 | F1=9.403650e-02 | m1²=0.130591 | m2²=0.895789 | eps_w1=1.078350e+00 | eps_w2=4.471885e-01
[step    98250] t/d= 196.500 | task1=1.012393e-01 | task2=4.467744e-02 | F1=9.452305e-02 | m1²=0.128066 | m2²=0.898091 | eps_w1=1.083080e+00 | eps_w2=4.417529e-01
[step    98500] t/d= 197.000 | task1=1.017387e-01 | task2=4.411900e-02 | F1=9.502245e-02 | m1²=0.125625 | m2²=0.900281 | eps_w1=1.087984e+00 | eps_w2=4.361543e-01
[step    98750] t/d= 197.500 | task1=1.021704e-01 | task2=4.364831e-02 | F1=9.545413e-02 | m1²=0.123384 | m2²=0.902310 | eps_w1=1.092324e+00 | eps_w2=4.313106e-01
[step    99000] t/d= 198.000 | task1=1.025900e-01 | task2=4.317998e-02 | F1=9.587379e-02 | m1²=0.121186 | m2²=0.904298 | eps_w1=1.096665e+00 | eps_w2=4.265201e-01
[step    99250] t/d= 198.500 | task1=1.031016e-01 | task2=4.264087e-02 | F1=9.638539e-02 | m1²=0.118799 | m2²=0.906467 | eps_w1=1.101781e+00 | eps_w2=4.208603e-01
[step    99500] t/d= 199.000 | task1=1.036532e-01 | task2=4.205304e-02 | F1=9.693697e-02 | m1²=0.116188 | m2²=0.908815 | eps_w1=1.107302e+00 | eps_w2=4.148982e-01
[step    99750] t/d= 199.500 | task1=1.040985e-01 | task2=4.158659e-02 | F1=9.738227e-02 | m1²=0.114137 | m2²=0.910674 | eps_w1=1.111726e+00 | eps_w2=4.101688e-01
[step   100000] t/d= 200.000 | task1=1.045809e-01 | task2=4.108787e-02 | F1=9.786468e-02 | m1²=0.112119 | m2²=0.912483 | eps_w1=1.116629e+00 | eps_w2=4.049208e-01
Saved checkpoint: results/quality_pretraining/finetunetask2_d500_T5/prestep_10000000_task1step_250000_lr0p01_task1wseed21_task1sgdseed22_task2sgdseed42/checkpoints/step_000100000
[step   100250] t/d= 200.500 | task1=1.050486e-01 | task2=4.062536e-02 | F1=9.833235e-02 | m1²=0.110136 | m2²=0.914286 | eps_w1=1.121194e+00 | eps_w2=4.001281e-01
[step   100500] t/d= 201.000 | task1=1.054891e-01 | task2=4.018693e-02 | F1=9.877283e-02 | m1²=0.108114 | m2²=0.916129 | eps_w1=1.125744e+00 | eps_w2=3.954279e-01
[step   100750] t/d= 201.500 | task1=1.059784e-01 | task2=3.965976e-02 | F1=9.926218e-02 | m1²=0.106054 | m2²=0.917967 | eps_w1=1.130878e+00 | eps_w2=3.901584e-01
[step   101000] t/d= 202.000 | task1=1.065237e-01 | task2=3.910166e-02 | F1=9.980750e-02 | m1²=0.104067 | m2²=0.919748 | eps_w1=1.136386e+00 | eps_w2=3.845176e-01
[step   101250] t/d= 202.500 | task1=1.070036e-01 | task2=3.862876e-02 | F1=1.002873e-01 | m1²=0.102076 | m2²=0.921495 | eps_w1=1.141393e+00 | eps_w2=3.795593e-01
[step   101500] t/d= 203.000 | task1=1.074358e-01 | task2=3.820769e-02 | F1=1.007196e-01 | m1²=0.100283 | m2²=0.923048 | eps_w1=1.145849e+00 | eps_w2=3.752308e-01
[step   101750] t/d= 203.500 | task1=1.079214e-01 | task2=3.774633e-02 | F1=1.012052e-01 | m1²=0.098344 | m2²=0.924791 | eps_w1=1.150772e+00 | eps_w2=3.704374e-01
[step   102000] t/d= 204.000 | task1=1.084281e-01 | task2=3.725594e-02 | F1=1.017119e-01 | m1²=0.096507 | m2²=0.926459 | eps_w1=1.155986e+00 | eps_w2=3.653591e-01
[step   102250] t/d= 204.500 | task1=1.089056e-01 | task2=3.678486e-02 | F1=1.021893e-01 | m1²=0.094477 | m2²=0.928239 | eps_w1=1.161116e+00 | eps_w2=3.605363e-01
[step   102500] t/d= 205.000 | task1=1.093823e-01 | task2=3.631873e-02 | F1=1.026661e-01 | m1²=0.092857 | m2²=0.929722 | eps_w1=1.166116e+00 | eps_w2=3.557545e-01
[step   102750] t/d= 205.500 | task1=1.098639e-01 | task2=3.585815e-02 | F1=1.031477e-01 | m1²=0.091221 | m2²=0.931206 | eps_w1=1.171242e+00 | eps_w2=3.509248e-01
[step   103000] t/d= 206.000 | task1=1.103838e-01 | task2=3.537204e-02 | F1=1.036675e-01 | m1²=0.089491 | m2²=0.932774 | eps_w1=1.176726e+00 | eps_w2=3.458281e-01
[step   103250] t/d= 206.500 | task1=1.108688e-01 | task2=3.491681e-02 | F1=1.041526e-01 | m1²=0.087984 | m2²=0.934095 | eps_w1=1.181928e+00 | eps_w2=3.410813e-01
[step   103500] t/d= 207.000 | task1=1.113963e-01 | task2=3.445868e-02 | F1=1.046800e-01 | m1²=0.086204 | m2²=0.935636 | eps_w1=1.187439e+00 | eps_w2=3.361699e-01
[step   103750] t/d= 207.500 | task1=1.119002e-01 | task2=3.402499e-02 | F1=1.051840e-01 | m1²=0.084614 | m2²=0.937011 | eps_w1=1.192712e+00 | eps_w2=3.315155e-01
[step   104000] t/d= 208.000 | task1=1.124187e-01 | task2=3.356846e-02 | F1=1.057025e-01 | m1²=0.082980 | m2²=0.938435 | eps_w1=1.198196e+00 | eps_w2=3.267244e-01
[step   104250] t/d= 208.500 | task1=1.129181e-01 | task2=3.311696e-02 | F1=1.062019e-01 | m1²=0.081250 | m2²=0.939968 | eps_w1=1.203601e+00 | eps_w2=3.220525e-01
[step   104500] t/d= 209.000 | task1=1.133922e-01 | task2=3.270356e-02 | F1=1.066760e-01 | m1²=0.079809 | m2²=0.941230 | eps_w1=1.208806e+00 | eps_w2=3.175986e-01
[step   104750] t/d= 209.500 | task1=1.138653e-01 | task2=3.227319e-02 | F1=1.071491e-01 | m1²=0.078340 | m2²=0.942522 | eps_w1=1.214056e+00 | eps_w2=3.131562e-01
[step   105000] t/d= 210.000 | task1=1.143176e-01 | task2=3.187462e-02 | F1=1.076014e-01 | m1²=0.077196 | m2²=0.943563 | eps_w1=1.219095e+00 | eps_w2=3.088906e-01
[step   105250] t/d= 210.500 | task1=1.148241e-01 | task2=3.147021e-02 | F1=1.081079e-01 | m1²=0.075930 | m2²=0.944653 | eps_w1=1.224472e+00 | eps_w2=3.044612e-01
[step   105500] t/d= 211.000 | task1=1.153776e-01 | task2=3.099530e-02 | F1=1.086614e-01 | m1²=0.074311 | m2²=0.946087 | eps_w1=1.230537e+00 | eps_w2=2.995018e-01
[step   105750] t/d= 211.500 | task1=1.158197e-01 | task2=3.061969e-02 | F1=1.091034e-01 | m1²=0.073034 | m2²=0.947205 | eps_w1=1.235484e+00 | eps_w2=2.955159e-01
[step   106000] t/d= 212.000 | task1=1.162807e-01 | task2=3.023795e-02 | F1=1.095645e-01 | m1²=0.071807 | m2²=0.948234 | eps_w1=1.240750e+00 | eps_w2=2.913648e-01
[step   106250] t/d= 212.500 | task1=1.168511e-01 | task2=2.976518e-02 | F1=1.101349e-01 | m1²=0.070275 | m2²=0.949559 | eps_w1=1.247275e+00 | eps_w2=2.862484e-01
[step   106500] t/d= 213.000 | task1=1.173215e-01 | task2=2.940730e-02 | F1=1.106053e-01 | m1²=0.069050 | m2²=0.950581 | eps_w1=1.252464e+00 | eps_w2=2.822695e-01
[step   106750] t/d= 213.500 | task1=1.178599e-01 | task2=2.895876e-02 | F1=1.111436e-01 | m1²=0.067626 | m2²=0.951817 | eps_w1=1.258703e+00 | eps_w2=2.774937e-01
[step   107000] t/d= 214.000 | task1=1.183351e-01 | task2=2.858912e-02 | F1=1.116189e-01 | m1²=0.066322 | m2²=0.952922 | eps_w1=1.263844e+00 | eps_w2=2.736281e-01
[step   107250] t/d= 214.500 | task1=1.187865e-01 | task2=2.820905e-02 | F1=1.120703e-01 | m1²=0.065106 | m2²=0.953946 | eps_w1=1.269209e+00 | eps_w2=2.696453e-01
[step   107500] t/d= 215.000 | task1=1.192916e-01 | task2=2.780745e-02 | F1=1.125754e-01 | m1²=0.063882 | m2²=0.954984 | eps_w1=1.274964e+00 | eps_w2=2.654157e-01
[step   107750] t/d= 215.500 | task1=1.197932e-01 | task2=2.741357e-02 | F1=1.130769e-01 | m1²=0.062705 | m2²=0.955985 | eps_w1=1.280886e+00 | eps_w2=2.611198e-01
[step   108000] t/d= 216.000 | task1=1.203233e-01 | task2=2.701571e-02 | F1=1.136071e-01 | m1²=0.061575 | m2²=0.956965 | eps_w1=1.286935e+00 | eps_w2=2.567725e-01
[step   108250] t/d= 216.500 | task1=1.208602e-01 | task2=2.661970e-02 | F1=1.141439e-01 | m1²=0.060468 | m2²=0.957908 | eps_w1=1.293149e+00 | eps_w2=2.523897e-01
[step   108500] t/d= 217.000 | task1=1.214047e-01 | task2=2.622583e-02 | F1=1.146885e-01 | m1²=0.059328 | m2²=0.958872 | eps_w1=1.299372e+00 | eps_w2=2.480626e-01
[step   108750] t/d= 217.500 | task1=1.219697e-01 | task2=2.579807e-02 | F1=1.152535e-01 | m1²=0.058067 | m2²=0.959979 | eps_w1=1.305985e+00 | eps_w2=2.434732e-01
[step   109000] t/d= 218.000 | task1=1.224017e-01 | task2=2.550302e-02 | F1=1.156855e-01 | m1²=0.057154 | m2²=0.960746 | eps_w1=1.310803e+00 | eps_w2=2.402046e-01
[step   109250] t/d= 218.500 | task1=1.228730e-01 | task2=2.515776e-02 | F1=1.161568e-01 | m1²=0.056106 | m2²=0.961625 | eps_w1=1.316532e+00 | eps_w2=2.363662e-01
[step   109500] t/d= 219.000 | task1=1.233170e-01 | task2=2.483481e-02 | F1=1.166008e-01 | m1²=0.055177 | m2²=0.962435 | eps_w1=1.321888e+00 | eps_w2=2.327880e-01
[step   109750] t/d= 219.500 | task1=1.238666e-01 | task2=2.446316e-02 | F1=1.171504e-01 | m1²=0.054099 | m2²=0.963324 | eps_w1=1.328362e+00 | eps_w2=2.285812e-01
[step   110000] t/d= 220.000 | task1=1.243221e-01 | task2=2.412781e-02 | F1=1.176059e-01 | m1²=0.053081 | m2²=0.964176 | eps_w1=1.334060e+00 | eps_w2=2.248971e-01
[step   110250] t/d= 220.500 | task1=1.247284e-01 | task2=2.384592e-02 | F1=1.180122e-01 | m1²=0.052169 | m2²=0.964919 | eps_w1=1.338911e+00 | eps_w2=2.218056e-01
[step   110500] t/d= 221.000 | task1=1.252068e-01 | task2=2.352905e-02 | F1=1.184905e-01 | m1²=0.051252 | m2²=0.965685 | eps_w1=1.344443e+00 | eps_w2=2.183129e-01
[step   110750] t/d= 221.500 | task1=1.256775e-01 | task2=2.320553e-02 | F1=1.189612e-01 | m1²=0.050260 | m2²=0.966516 | eps_w1=1.350036e+00 | eps_w2=2.148023e-01
[step   111000] t/d= 222.000 | task1=1.261630e-01 | task2=2.288731e-02 | F1=1.194468e-01 | m1²=0.049377 | m2²=0.967245 | eps_w1=1.355977e+00 | eps_w2=2.111630e-01
[step   111250] t/d= 222.500 | task1=1.265629e-01 | task2=2.262112e-02 | F1=1.198467e-01 | m1²=0.048699 | m2²=0.967819 | eps_w1=1.360956e+00 | eps_w2=2.081422e-01
[step   111500] t/d= 223.000 | task1=1.270980e-01 | task2=2.226867e-02 | F1=1.203818e-01 | m1²=0.047742 | m2²=0.968598 | eps_w1=1.367496e+00 | eps_w2=2.042399e-01
[step   111750] t/d= 223.500 | task1=1.276123e-01 | task2=2.194542e-02 | F1=1.208960e-01 | m1²=0.046813 | m2²=0.969374 | eps_w1=1.373624e+00 | eps_w2=2.005963e-01
[step   112000] t/d= 224.000 | task1=1.281003e-01 | task2=2.164466e-02 | F1=1.213840e-01 | m1²=0.045921 | m2²=0.970100 | eps_w1=1.379357e+00 | eps_w2=1.972412e-01
[step   112250] t/d= 224.500 | task1=1.285246e-01 | task2=2.138913e-02 | F1=1.218084e-01 | m1²=0.045213 | m2²=0.970675 | eps_w1=1.384630e+00 | eps_w2=1.942166e-01
[step   112500] t/d= 225.000 | task1=1.289641e-01 | task2=2.110839e-02 | F1=1.222479e-01 | m1²=0.044424 | m2²=0.971324 | eps_w1=1.390259e+00 | eps_w2=1.910021e-01
[step   112750] t/d= 225.500 | task1=1.294472e-01 | task2=2.080479e-02 | F1=1.227309e-01 | m1²=0.043610 | m2²=0.971989 | eps_w1=1.396310e+00 | eps_w2=1.875995e-01
[step   113000] t/d= 226.000 | task1=1.298879e-01 | task2=2.053988e-02 | F1=1.231716e-01 | m1²=0.042837 | m2²=0.972628 | eps_w1=1.401702e+00 | eps_w2=1.845772e-01
[step   113250] t/d= 226.500 | task1=1.303413e-01 | task2=2.025826e-02 | F1=1.236251e-01 | m1²=0.042062 | m2²=0.973271 | eps_w1=1.407543e+00 | eps_w2=1.813517e-01
[step   113500] t/d= 227.000 | task1=1.308105e-01 | task2=1.998889e-02 | F1=1.240943e-01 | m1²=0.041361 | m2²=0.973833 | eps_w1=1.413410e+00 | eps_w2=1.781973e-01
[step   113750] t/d= 227.500 | task1=1.313416e-01 | task2=1.967685e-02 | F1=1.246254e-01 | m1²=0.040484 | m2²=0.974524 | eps_w1=1.419976e+00 | eps_w2=1.746955e-01
[step   114000] t/d= 228.000 | task1=1.317237e-01 | task2=1.945747e-02 | F1=1.250075e-01 | m1²=0.039886 | m2²=0.974985 | eps_w1=1.424847e+00 | eps_w2=1.721529e-01
[step   114250] t/d= 228.500 | task1=1.321096e-01 | task2=1.922468e-02 | F1=1.253934e-01 | m1²=0.039219 | m2²=0.975516 | eps_w1=1.429883e+00 | eps_w2=1.695132e-01
[step   114500] t/d= 229.000 | task1=1.326207e-01 | task2=1.894051e-02 | F1=1.259044e-01 | m1²=0.038429 | m2²=0.976122 | eps_w1=1.436555e+00 | eps_w2=1.661117e-01
[step   114750] t/d= 229.500 | task1=1.331160e-01 | task2=1.867332e-02 | F1=1.263998e-01 | m1²=0.037704 | m2²=0.976686 | eps_w1=1.442641e+00 | eps_w2=1.630354e-01
[step   115000] t/d= 230.000 | task1=1.335551e-01 | task2=1.841770e-02 | F1=1.268389e-01 | m1²=0.037061 | m2²=0.977197 | eps_w1=1.448434e+00 | eps_w2=1.601414e-01
[step   115250] t/d= 230.500 | task1=1.340454e-01 | task2=1.817563e-02 | F1=1.273292e-01 | m1²=0.036446 | m2²=0.977683 | eps_w1=1.454383e+00 | eps_w2=1.572219e-01
[step   115500] t/d= 231.000 | task1=1.344885e-01 | task2=1.794048e-02 | F1=1.277723e-01 | m1²=0.035792 | m2²=0.978213 | eps_w1=1.460070e+00 | eps_w2=1.544211e-01
[step   115750] t/d= 231.500 | task1=1.349552e-01 | task2=1.765509e-02 | F1=1.282390e-01 | m1²=0.035004 | m2²=0.978828 | eps_w1=1.466422e+00 | eps_w2=1.513317e-01
[step   116000] t/d= 232.000 | task1=1.353842e-01 | task2=1.741806e-02 | F1=1.286679e-01 | m1²=0.034315 | m2²=0.979363 | eps_w1=1.472064e+00 | eps_w2=1.486219e-01
[step   116250] t/d= 232.500 | task1=1.357976e-01 | task2=1.719043e-02 | F1=1.290813e-01 | m1²=0.033738 | m2²=0.979828 | eps_w1=1.477617e+00 | eps_w2=1.460000e-01
[step   116500] t/d= 233.000 | task1=1.362458e-01 | task2=1.696819e-02 | F1=1.295296e-01 | m1²=0.033147 | m2²=0.980294 | eps_w1=1.483164e+00 | eps_w2=1.434140e-01
[step   116750] t/d= 233.500 | task1=1.366707e-01 | task2=1.674478e-02 | F1=1.299545e-01 | m1²=0.032506 | m2²=0.980801 | eps_w1=1.488786e+00 | eps_w2=1.407980e-01
[step   117000] t/d= 234.000 | task1=1.370913e-01 | task2=1.652652e-02 | F1=1.303751e-01 | m1²=0.031862 | m2²=0.981307 | eps_w1=1.494339e+00 | eps_w2=1.382390e-01
[step   117250] t/d= 234.500 | task1=1.375410e-01 | task2=1.631671e-02 | F1=1.308248e-01 | m1²=0.031290 | m2²=0.981753 | eps_w1=1.500062e+00 | eps_w2=1.356706e-01
[step   117500] t/d= 235.000 | task1=1.379582e-01 | task2=1.610242e-02 | F1=1.312419e-01 | m1²=0.030790 | m2²=0.982135 | eps_w1=1.505673e+00 | eps_w2=1.332189e-01
[step   117750] t/d= 235.500 | task1=1.383717e-01 | task2=1.589723e-02 | F1=1.316554e-01 | m1²=0.030210 | m2²=0.982583 | eps_w1=1.511181e+00 | eps_w2=1.307902e-01
[step   118000] t/d= 236.000 | task1=1.387927e-01 | task2=1.569458e-02 | F1=1.320764e-01 | m1²=0.029662 | m2²=0.983003 | eps_w1=1.516615e+00 | eps_w2=1.284316e-01
[step   118250] t/d= 236.500 | task1=1.391793e-01 | task2=1.550013e-02 | F1=1.324631e-01 | m1²=0.029127 | m2²=0.983406 | eps_w1=1.521785e+00 | eps_w2=1.262138e-01
[step   118500] t/d= 237.000 | task1=1.395481e-01 | task2=1.530826e-02 | F1=1.328318e-01 | m1²=0.028684 | m2²=0.983752 | eps_w1=1.526824e+00 | eps_w2=1.240888e-01
[step   118750] t/d= 237.500 | task1=1.399898e-01 | task2=1.508779e-02 | F1=1.332736e-01 | m1²=0.028078 | m2²=0.984215 | eps_w1=1.532877e+00 | eps_w2=1.215399e-01
[step   119000] t/d= 238.000 | task1=1.403718e-01 | task2=1.490542e-02 | F1=1.336555e-01 | m1²=0.027557 | m2²=0.984597 | eps_w1=1.537875e+00 | eps_w2=1.194661e-01
[step   119250] t/d= 238.500 | task1=1.408156e-01 | task2=1.471175e-02 | F1=1.340994e-01 | m1²=0.027037 | m2²=0.984978 | eps_w1=1.543761e+00 | eps_w2=1.170906e-01
[step   119500] t/d= 239.000 | task1=1.412357e-01 | task2=1.452406e-02 | F1=1.345194e-01 | m1²=0.026546 | m2²=0.985355 | eps_w1=1.549233e+00 | eps_w2=1.148786e-01
[step   119750] t/d= 239.500 | task1=1.416072e-01 | task2=1.435474e-02 | F1=1.348909e-01 | m1²=0.026093 | m2²=0.985692 | eps_w1=1.554327e+00 | eps_w2=1.128542e-01
[step   120000] t/d= 240.000 | task1=1.419983e-01 | task2=1.420013e-02 | F1=1.352820e-01 | m1²=0.025692 | m2²=0.985986 | eps_w1=1.559268e+00 | eps_w2=1.109353e-01
[step   120250] t/d= 240.500 | task1=1.423733e-01 | task2=1.404037e-02 | F1=1.356570e-01 | m1²=0.025258 | m2²=0.986309 | eps_w1=1.564203e+00 | eps_w2=1.090126e-01
[step   120500] t/d= 241.000 | task1=1.428106e-01 | task2=1.385081e-02 | F1=1.360944e-01 | m1²=0.024806 | m2²=0.986651 | eps_w1=1.570163e+00 | eps_w2=1.067428e-01
[step   120750] t/d= 241.500 | task1=1.431814e-01 | task2=1.369769e-02 | F1=1.364651e-01 | m1²=0.024436 | m2²=0.986934 | eps_w1=1.575346e+00 | eps_w2=1.047971e-01
[step   121000] t/d= 242.000 | task1=1.435740e-01 | task2=1.353378e-02 | F1=1.368577e-01 | m1²=0.023986 | m2²=0.987268 | eps_w1=1.580635e+00 | eps_w2=1.028067e-01
[step   121250] t/d= 242.500 | task1=1.439425e-01 | task2=1.337522e-02 | F1=1.372263e-01 | m1²=0.023605 | m2²=0.987554 | eps_w1=1.585661e+00 | eps_w2=1.009525e-01
[step   121500] t/d= 243.000 | task1=1.442846e-01 | task2=1.321869e-02 | F1=1.375684e-01 | m1²=0.023201 | m2²=0.987844 | eps_w1=1.590573e+00 | eps_w2=9.915760e-02
[step   121750] t/d= 243.500 | task1=1.446361e-01 | task2=1.306625e-02 | F1=1.379199e-01 | m1²=0.022813 | m2²=0.988124 | eps_w1=1.595661e+00 | eps_w2=9.733177e-02
[step   122000] t/d= 244.000 | task1=1.449714e-01 | task2=1.293100e-02 | F1=1.382552e-01 | m1²=0.022441 | m2²=0.988390 | eps_w1=1.600426e+00 | eps_w2=9.563375e-02
[step   122250] t/d= 244.500 | task1=1.453313e-01 | task2=1.278597e-02 | F1=1.386150e-01 | m1²=0.022024 | m2²=0.988703 | eps_w1=1.605211e+00 | eps_w2=9.390096e-02
[step   122500] t/d= 245.000 | task1=1.456738e-01 | task2=1.263708e-02 | F1=1.389576e-01 | m1²=0.021632 | m2²=0.988993 | eps_w1=1.610186e+00 | eps_w2=9.214484e-02
[step   122750] t/d= 245.500 | task1=1.460127e-01 | task2=1.250489e-02 | F1=1.392965e-01 | m1²=0.021273 | m2²=0.989257 | eps_w1=1.614978e+00 | eps_w2=9.048105e-02
[step   123000] t/d= 246.000 | task1=1.463376e-01 | task2=1.237906e-02 | F1=1.396214e-01 | m1²=0.020972 | m2²=0.989478 | eps_w1=1.619534e+00 | eps_w2=8.893654e-02
[step   123250] t/d= 246.500 | task1=1.466726e-01 | task2=1.224512e-02 | F1=1.399564e-01 | m1²=0.020605 | m2²=0.989752 | eps_w1=1.624384e+00 | eps_w2=8.727439e-02
[step   123500] t/d= 247.000 | task1=1.470106e-01 | task2=1.211679e-02 | F1=1.402944e-01 | m1²=0.020248 | m2²=0.990006 | eps_w1=1.629239e+00 | eps_w2=8.564935e-02
[step   123750] t/d= 247.500 | task1=1.473356e-01 | task2=1.199915e-02 | F1=1.406194e-01 | m1²=0.019897 | m2²=0.990262 | eps_w1=1.633700e+00 | eps_w2=8.414560e-02
[step   124000] t/d= 248.000 | task1=1.476904e-01 | task2=1.186440e-02 | F1=1.409741e-01 | m1²=0.019557 | m2²=0.990505 | eps_w1=1.638833e+00 | eps_w2=8.247861e-02
[step   124250] t/d= 248.500 | task1=1.480513e-01 | task2=1.174167e-02 | F1=1.413350e-01 | m1²=0.019243 | m2²=0.990729 | eps_w1=1.643721e+00 | eps_w2=8.091109e-02
[step   124500] t/d= 249.000 | task1=1.483856e-01 | task2=1.162532e-02 | F1=1.416693e-01 | m1²=0.018907 | m2²=0.990967 | eps_w1=1.648423e+00 | eps_w2=7.939977e-02
[step   124750] t/d= 249.500 | task1=1.487021e-01 | task2=1.151264e-02 | F1=1.419859e-01 | m1²=0.018642 | m2²=0.991153 | eps_w1=1.652903e+00 | eps_w2=7.800945e-02
[step   125000] t/d= 250.000 | task1=1.490560e-01 | task2=1.138804e-02 | F1=1.423398e-01 | m1²=0.018271 | m2²=0.991404 | eps_w1=1.658004e+00 | eps_w2=7.641287e-02
[step   125250] t/d= 250.500 | task1=1.493867e-01 | task2=1.127636e-02 | F1=1.426705e-01 | m1²=0.017993 | m2²=0.991597 | eps_w1=1.662543e+00 | eps_w2=7.502760e-02
[step   125500] t/d= 251.000 | task1=1.497073e-01 | task2=1.116415e-02 | F1=1.429911e-01 | m1²=0.017684 | m2²=0.991808 | eps_w1=1.667188e+00 | eps_w2=7.361288e-02
[step   125750] t/d= 251.500 | task1=1.500426e-01 | task2=1.105212e-02 | F1=1.433264e-01 | m1²=0.017365 | m2²=0.992032 | eps_w1=1.671855e+00 | eps_w2=7.218943e-02
[step   126000] t/d= 252.000 | task1=1.503813e-01 | task2=1.094599e-02 | F1=1.436651e-01 | m1²=0.017063 | m2²=0.992243 | eps_w1=1.676493e+00 | eps_w2=7.079869e-02
[step   126250] t/d= 252.500 | task1=1.506877e-01 | task2=1.084602e-02 | F1=1.439714e-01 | m1²=0.016799 | m2²=0.992429 | eps_w1=1.680666e+00 | eps_w2=6.956154e-02
[step   126500] t/d= 253.000 | task1=1.509925e-01 | task2=1.075001e-02 | F1=1.442763e-01 | m1²=0.016548 | m2²=0.992600 | eps_w1=1.685018e+00 | eps_w2=6.830597e-02
[step   126750] t/d= 253.500 | task1=1.512763e-01 | task2=1.065954e-02 | F1=1.445600e-01 | m1²=0.016322 | m2²=0.992758 | eps_w1=1.689257e+00 | eps_w2=6.709836e-02
[step   127000] t/d= 254.000 | task1=1.515801e-01 | task2=1.057246e-02 | F1=1.448639e-01 | m1²=0.016093 | m2²=0.992904 | eps_w1=1.693487e+00 | eps_w2=6.592296e-02
[step   127250] t/d= 254.500 | task1=1.518991e-01 | task2=1.047583e-02 | F1=1.451829e-01 | m1²=0.015839 | m2²=0.993073 | eps_w1=1.698029e+00 | eps_w2=6.465773e-02
[step   127500] t/d= 255.000 | task1=1.521947e-01 | task2=1.037723e-02 | F1=1.454784e-01 | m1²=0.015559 | m2²=0.993258 | eps_w1=1.702393e+00 | eps_w2=6.343329e-02
[step   127750] t/d= 255.500 | task1=1.525007e-01 | task2=1.028164e-02 | F1=1.457844e-01 | m1²=0.015290 | m2²=0.993431 | eps_w1=1.707046e+00 | eps_w2=6.216576e-02
[step   128000] t/d= 256.000 | task1=1.527964e-01 | task2=1.020127e-02 | F1=1.460801e-01 | m1²=0.015109 | m2²=0.993554 | eps_w1=1.711200e+00 | eps_w2=6.106712e-02
[step   128250] t/d= 256.500 | task1=1.531119e-01 | task2=1.010950e-02 | F1=1.463956e-01 | m1²=0.014868 | m2²=0.993703 | eps_w1=1.715865e+00 | eps_w2=5.984515e-02
[step   128500] t/d= 257.000 | task1=1.533967e-01 | task2=1.002634e-02 | F1=1.466805e-01 | m1²=0.014635 | m2²=0.993851 | eps_w1=1.720023e+00 | eps_w2=5.875029e-02
[step   128750] t/d= 257.500 | task1=1.536895e-01 | task2=9.934917e-03 | F1=1.469732e-01 | m1²=0.014403 | m2²=0.994007 | eps_w1=1.724328e+00 | eps_w2=5.761799e-02
[step   129000] t/d= 258.000 | task1=1.539294e-01 | task2=9.860009e-03 | F1=1.472131e-01 | m1²=0.014200 | m2²=0.994140 | eps_w1=1.727951e+00 | eps_w2=5.667443e-02
[step   129250] t/d= 258.500 | task1=1.542030e-01 | task2=9.779993e-03 | F1=1.474868e-01 | m1²=0.013979 | m2²=0.994286 | eps_w1=1.732155e+00 | eps_w2=5.559438e-02
[step   129500] t/d= 259.000 | task1=1.544946e-01 | task2=9.698759e-03 | F1=1.477783e-01 | m1²=0.013752 | m2²=0.994429 | eps_w1=1.736419e+00 | eps_w2=5.451811e-02
[step   129750] t/d= 259.500 | task1=1.547677e-01 | task2=9.623148e-03 | F1=1.480515e-01 | m1²=0.013531 | m2²=0.994571 | eps_w1=1.740368e+00 | eps_w2=5.351876e-02
[step   130000] t/d= 260.000 | task1=1.550716e-01 | task2=9.538354e-03 | F1=1.483554e-01 | m1²=0.013316 | m2²=0.994716 | eps_w1=1.744810e+00 | eps_w2=5.241584e-02
[step   130250] t/d= 260.500 | task1=1.553465e-01 | task2=9.466980e-03 | F1=1.486302e-01 | m1²=0.013161 | m2²=0.994816 | eps_w1=1.749028e+00 | eps_w2=5.141914e-02
[step   130500] t/d= 261.000 | task1=1.556724e-01 | task2=9.390261e-03 | F1=1.489561e-01 | m1²=0.012988 | m2²=0.994923 | eps_w1=1.753890e+00 | eps_w2=5.029475e-02
[step   130750] t/d= 261.500 | task1=1.559170e-01 | task2=9.325282e-03 | F1=1.492007e-01 | m1²=0.012836 | m2²=0.995018 | eps_w1=1.757515e+00 | eps_w2=4.944876e-02
[step   131000] t/d= 262.000 | task1=1.561827e-01 | task2=9.256727e-03 | F1=1.494665e-01 | m1²=0.012666 | m2²=0.995130 | eps_w1=1.761623e+00 | eps_w2=4.849099e-02
[step   131250] t/d= 262.500 | task1=1.564745e-01 | task2=9.182080e-03 | F1=1.497583e-01 | m1²=0.012484 | m2²=0.995248 | eps_w1=1.765909e+00 | eps_w2=4.750223e-02
[step   131500] t/d= 263.000 | task1=1.567275e-01 | task2=9.124427e-03 | F1=1.500113e-01 | m1²=0.012317 | m2²=0.995353 | eps_w1=1.769553e+00 | eps_w2=4.666444e-02
[step   131750] t/d= 263.500 | task1=1.569539e-01 | task2=9.063400e-03 | F1=1.502377e-01 | m1²=0.012140 | m2²=0.995467 | eps_w1=1.772990e+00 | eps_w2=4.586492e-02
[step   132000] t/d= 264.000 | task1=1.572002e-01 | task2=8.999449e-03 | F1=1.504840e-01 | m1²=0.011956 | m2²=0.995591 | eps_w1=1.776625e+00 | eps_w2=4.501858e-02
[step   132250] t/d= 264.500 | task1=1.574210e-01 | task2=8.941447e-03 | F1=1.507048e-01 | m1²=0.011770 | m2²=0.995701 | eps_w1=1.780140e+00 | eps_w2=4.422388e-02
[step   132500] t/d= 265.000 | task1=1.577302e-01 | task2=8.872385e-03 | F1=1.510140e-01 | m1²=0.011562 | m2²=0.995828 | eps_w1=1.784673e+00 | eps_w2=4.322303e-02
[step   132750] t/d= 265.500 | task1=1.579548e-01 | task2=8.811106e-03 | F1=1.512386e-01 | m1²=0.011359 | m2²=0.995949 | eps_w1=1.788167e+00 | eps_w2=4.243465e-02
[step   133000] t/d= 266.000 | task1=1.581682e-01 | task2=8.763483e-03 | F1=1.514520e-01 | m1²=0.011237 | m2²=0.996023 | eps_w1=1.791319e+00 | eps_w2=4.176520e-02
[step   133250] t/d= 266.500 | task1=1.584174e-01 | task2=8.706164e-03 | F1=1.517012e-01 | m1²=0.011081 | m2²=0.996118 | eps_w1=1.794961e+00 | eps_w2=4.098887e-02
[step   133500] t/d= 267.000 | task1=1.586308e-01 | task2=8.661192e-03 | F1=1.519146e-01 | m1²=0.010953 | m2²=0.996190 | eps_w1=1.797963e+00 | eps_w2=4.036226e-02
[step   133750] t/d= 267.500 | task1=1.588951e-01 | task2=8.607164e-03 | F1=1.521789e-01 | m1²=0.010779 | m2²=0.996290 | eps_w1=1.801739e+00 | eps_w2=3.957166e-02
[step   134000] t/d= 268.000 | task1=1.591158e-01 | task2=8.561881e-03 | F1=1.523996e-01 | m1²=0.010665 | m2²=0.996362 | eps_w1=1.805021e+00 | eps_w2=3.890187e-02
[step   134250] t/d= 268.500 | task1=1.593858e-01 | task2=8.503938e-03 | F1=1.526695e-01 | m1²=0.010496 | m2²=0.996459 | eps_w1=1.808944e+00 | eps_w2=3.809966e-02
[step   134500] t/d= 269.000 | task1=1.596136e-01 | task2=8.454368e-03 | F1=1.528974e-01 | m1²=0.010343 | m2²=0.996546 | eps_w1=1.812386e+00 | eps_w2=3.740159e-02
[step   134750] t/d= 269.500 | task1=1.598092e-01 | task2=8.409060e-03 | F1=1.530930e-01 | m1²=0.010235 | m2²=0.996612 | eps_w1=1.815511e+00 | eps_w2=3.678380e-02
[step   135000] t/d= 270.000 | task1=1.600335e-01 | task2=8.365970e-03 | F1=1.533172e-01 | m1²=0.010119 | m2²=0.996683 | eps_w1=1.818831e+00 | eps_w2=3.613283e-02
[step   135250] t/d= 270.500 | task1=1.602737e-01 | task2=8.318184e-03 | F1=1.535575e-01 | m1²=0.009995 | m2²=0.996755 | eps_w1=1.822447e+00 | eps_w2=3.543696e-02
[step   135500] t/d= 271.000 | task1=1.604993e-01 | task2=8.268236e-03 | F1=1.537830e-01 | m1²=0.009859 | m2²=0.996832 | eps_w1=1.825932e+00 | eps_w2=3.476604e-02
[step   135750] t/d= 271.500 | task1=1.606686e-01 | task2=8.235510e-03 | F1=1.539524e-01 | m1²=0.009745 | m2²=0.996897 | eps_w1=1.828442e+00 | eps_w2=3.427491e-02
[step   136000] t/d= 272.000 | task1=1.608819e-01 | task2=8.197207e-03 | F1=1.541657e-01 | m1²=0.009616 | m2²=0.996961 | eps_w1=1.831612e+00 | eps_w2=3.368332e-02
[step   136250] t/d= 272.500 | task1=1.611132e-01 | task2=8.155339e-03 | F1=1.543969e-01 | m1²=0.009488 | m2²=0.997030 | eps_w1=1.835099e+00 | eps_w2=3.303889e-02
[step   136500] t/d= 273.000 | task1=1.613053e-01 | task2=8.118932e-03 | F1=1.545891e-01 | m1²=0.009376 | m2²=0.997090 | eps_w1=1.837923e+00 | eps_w2=3.251480e-02
[step   136750] t/d= 273.500 | task1=1.614776e-01 | task2=8.082003e-03 | F1=1.547614e-01 | m1²=0.009253 | m2²=0.997156 | eps_w1=1.840825e+00 | eps_w2=3.197693e-02
[step   137000] t/d= 274.000 | task1=1.617051e-01 | task2=8.037328e-03 | F1=1.549888e-01 | m1²=0.009126 | m2²=0.997218 | eps_w1=1.844410e+00 | eps_w2=3.134223e-02
[step   137250] t/d= 274.500 | task1=1.619017e-01 | task2=8.002723e-03 | F1=1.551854e-01 | m1²=0.009020 | m2²=0.997277 | eps_w1=1.847441e+00 | eps_w2=3.079908e-02
[step   137500] t/d= 275.000 | task1=1.620905e-01 | task2=7.964122e-03 | F1=1.553743e-01 | m1²=0.008900 | m2²=0.997341 | eps_w1=1.850257e+00 | eps_w2=3.028902e-02
[step   137750] t/d= 275.500 | task1=1.623186e-01 | task2=7.916515e-03 | F1=1.556024e-01 | m1²=0.008765 | m2²=0.997416 | eps_w1=1.853929e+00 | eps_w2=2.963809e-02
[step   138000] t/d= 276.000 | task1=1.625524e-01 | task2=7.877249e-03 | F1=1.558362e-01 | m1²=0.008663 | m2²=0.997474 | eps_w1=1.857320e+00 | eps_w2=2.905557e-02
[step   138250] t/d= 276.500 | task1=1.627631e-01 | task2=7.837353e-03 | F1=1.560469e-01 | m1²=0.008546 | m2²=0.997539 | eps_w1=1.860466e+00 | eps_w2=2.850671e-02
[step   138500] t/d= 277.000 | task1=1.629292e-01 | task2=7.814163e-03 | F1=1.562130e-01 | m1²=0.008458 | m2²=0.997584 | eps_w1=1.862970e+00 | eps_w2=2.808231e-02
[step   138750] t/d= 277.500 | task1=1.630984e-01 | task2=7.785875e-03 | F1=1.563822e-01 | m1²=0.008359 | m2²=0.997635 | eps_w1=1.865594e+00 | eps_w2=2.763773e-02
[step   139000] t/d= 278.000 | task1=1.632684e-01 | task2=7.752204e-03 | F1=1.565521e-01 | m1²=0.008256 | m2²=0.997690 | eps_w1=1.868459e+00 | eps_w2=2.715343e-02
[step   139250] t/d= 278.500 | task1=1.634648e-01 | task2=7.719991e-03 | F1=1.567486e-01 | m1²=0.008163 | m2²=0.997744 | eps_w1=1.871511e+00 | eps_w2=2.664631e-02
[step   139500] t/d= 279.000 | task1=1.636218e-01 | task2=7.692350e-03 | F1=1.569056e-01 | m1²=0.008062 | m2²=0.997796 | eps_w1=1.874082e+00 | eps_w2=2.621747e-02
[step   139750] t/d= 279.500 | task1=1.638019e-01 | task2=7.660189e-03 | F1=1.570857e-01 | m1²=0.007963 | m2²=0.997849 | eps_w1=1.876953e+00 | eps_w2=2.574840e-02
[step   140000] t/d= 280.000 | task1=1.639825e-01 | task2=7.630637e-03 | F1=1.572663e-01 | m1²=0.007858 | m2²=0.997898 | eps_w1=1.879752e+00 | eps_w2=2.529831e-02
[step   140250] t/d= 280.500 | task1=1.641786e-01 | task2=7.601872e-03 | F1=1.574623e-01 | m1²=0.007758 | m2²=0.997949 | eps_w1=1.882835e+00 | eps_w2=2.481036e-02
[step   140500] t/d= 281.000 | task1=1.643236e-01 | task2=7.576938e-03 | F1=1.576074e-01 | m1²=0.007670 | m2²=0.997991 | eps_w1=1.885184e+00 | eps_w2=2.443870e-02
[step   140750] t/d= 281.500 | task1=1.644795e-01 | task2=7.549357e-03 | F1=1.577633e-01 | m1²=0.007572 | m2²=0.998040 | eps_w1=1.887458e+00 | eps_w2=2.407057e-02
[step   141000] t/d= 282.000 | task1=1.646444e-01 | task2=7.520656e-03 | F1=1.579282e-01 | m1²=0.007484 | m2²=0.998085 | eps_w1=1.890071e+00 | eps_w2=2.366249e-02
[step   141250] t/d= 282.500 | task1=1.647780e-01 | task2=7.500214e-03 | F1=1.580618e-01 | m1²=0.007398 | m2²=0.998127 | eps_w1=1.892160e+00 | eps_w2=2.333252e-02
[step   141500] t/d= 283.000 | task1=1.649284e-01 | task2=7.475427e-03 | F1=1.582121e-01 | m1²=0.007317 | m2²=0.998169 | eps_w1=1.894454e+00 | eps_w2=2.297548e-02
[step   141750] t/d= 283.500 | task1=1.650388e-01 | task2=7.457665e-03 | F1=1.583226e-01 | m1²=0.007248 | m2²=0.998207 | eps_w1=1.896227e+00 | eps_w2=2.269386e-02
[step   142000] t/d= 284.000 | task1=1.651833e-01 | task2=7.434067e-03 | F1=1.584671e-01 | m1²=0.007185 | m2²=0.998235 | eps_w1=1.898594e+00 | eps_w2=2.234973e-02
[step   142250] t/d= 284.500 | task1=1.653399e-01 | task2=7.410918e-03 | F1=1.586237e-01 | m1²=0.007119 | m2²=0.998272 | eps_w1=1.901151e+00 | eps_w2=2.197202e-02
[step   142500] t/d= 285.000 | task1=1.654822e-01 | task2=7.387815e-03 | F1=1.587660e-01 | m1²=0.007044 | m2²=0.998306 | eps_w1=1.903271e+00 | eps_w2=2.165728e-02
[step   142750] t/d= 285.500 | task1=1.656132e-01 | task2=7.367178e-03 | F1=1.588970e-01 | m1²=0.006985 | m2²=0.998335 | eps_w1=1.905363e+00 | eps_w2=2.135450e-02
[step   143000] t/d= 286.000 | task1=1.657919e-01 | task2=7.341197e-03 | F1=1.590757e-01 | m1²=0.006899 | m2²=0.998379 | eps_w1=1.907913e+00 | eps_w2=2.097770e-02
[step   143250] t/d= 286.500 | task1=1.659741e-01 | task2=7.319441e-03 | F1=1.592579e-01 | m1²=0.006814 | m2²=0.998417 | eps_w1=1.910702e+00 | eps_w2=2.058286e-02
[step   143500] t/d= 287.000 | task1=1.661383e-01 | task2=7.298364e-03 | F1=1.594221e-01 | m1²=0.006757 | m2²=0.998447 | eps_w1=1.913285e+00 | eps_w2=2.022260e-02
[step   143750] t/d= 287.500 | task1=1.663139e-01 | task2=7.276797e-03 | F1=1.595977e-01 | m1²=0.006689 | m2²=0.998485 | eps_w1=1.916035e+00 | eps_w2=1.983643e-02
[step   144000] t/d= 288.000 | task1=1.664545e-01 | task2=7.256776e-03 | F1=1.597382e-01 | m1²=0.006607 | m2²=0.998525 | eps_w1=1.918229e+00 | eps_w2=1.951851e-02
[step   144250] t/d= 288.500 | task1=1.666172e-01 | task2=7.236042e-03 | F1=1.599009e-01 | m1²=0.006533 | m2²=0.998558 | eps_w1=1.920738e+00 | eps_w2=1.917658e-02
[step   144500] t/d= 289.000 | task1=1.667164e-01 | task2=7.224027e-03 | F1=1.600002e-01 | m1²=0.006487 | m2²=0.998577 | eps_w1=1.922265e+00 | eps_w2=1.897047e-02
[step   144750] t/d= 289.500 | task1=1.668684e-01 | task2=7.203775e-03 | F1=1.601521e-01 | m1²=0.006432 | m2²=0.998604 | eps_w1=1.924866e+00 | eps_w2=1.862757e-02
[step   145000] t/d= 290.000 | task1=1.670258e-01 | task2=7.181638e-03 | F1=1.603095e-01 | m1²=0.006362 | m2²=0.998639 | eps_w1=1.927260e+00 | eps_w2=1.830286e-02
[step   145250] t/d= 290.500 | task1=1.671592e-01 | task2=7.161656e-03 | F1=1.604429e-01 | m1²=0.006299 | m2²=0.998664 | eps_w1=1.929386e+00 | eps_w2=1.802563e-02
[step   145500] t/d= 291.000 | task1=1.673178e-01 | task2=7.139658e-03 | F1=1.606016e-01 | m1²=0.006220 | m2²=0.998707 | eps_w1=1.931928e+00 | eps_w2=1.767517e-02
[step   145750] t/d= 291.500 | task1=1.674637e-01 | task2=7.123114e-03 | F1=1.607475e-01 | m1²=0.006136 | m2²=0.998744 | eps_w1=1.934220e+00 | eps_w2=1.736650e-02
[step   146000] t/d= 292.000 | task1=1.675905e-01 | task2=7.109558e-03 | F1=1.608743e-01 | m1²=0.006078 | m2²=0.998768 | eps_w1=1.936251e+00 | eps_w2=1.710763e-02
[step   146250] t/d= 292.500 | task1=1.677206e-01 | task2=7.093589e-03 | F1=1.610044e-01 | m1²=0.006008 | m2²=0.998797 | eps_w1=1.938349e+00 | eps_w2=1.683665e-02
[step   146500] t/d= 293.000 | task1=1.678183e-01 | task2=7.081676e-03 | F1=1.611021e-01 | m1²=0.005960 | m2²=0.998816 | eps_w1=1.940073e+00 | eps_w2=1.662106e-02
[step   146750] t/d= 293.500 | task1=1.679487e-01 | task2=7.068919e-03 | F1=1.612325e-01 | m1²=0.005907 | m2²=0.998840 | eps_w1=1.942060e+00 | eps_w2=1.637031e-02
[step   147000] t/d= 294.000 | task1=1.680939e-01 | task2=7.055444e-03 | F1=1.613777e-01 | m1²=0.005863 | m2²=0.998860 | eps_w1=1.944290e+00 | eps_w2=1.610125e-02
[step   147250] t/d= 294.500 | task1=1.682072e-01 | task2=7.041210e-03 | F1=1.614909e-01 | m1²=0.005797 | m2²=0.998887 | eps_w1=1.946178e+00 | eps_w2=1.586214e-02
[step   147500] t/d= 295.000 | task1=1.682959e-01 | task2=7.028300e-03 | F1=1.615797e-01 | m1²=0.005750 | m2²=0.998908 | eps_w1=1.947812e+00 | eps_w2=1.565926e-02
[step   147750] t/d= 295.500 | task1=1.684227e-01 | task2=7.012357e-03 | F1=1.617065e-01 | m1²=0.005698 | m2²=0.998932 | eps_w1=1.949934e+00 | eps_w2=1.540057e-02
[step   148000] t/d= 296.000 | task1=1.685475e-01 | task2=7.002264e-03 | F1=1.618313e-01 | m1²=0.005654 | m2²=0.998950 | eps_w1=1.951762e+00 | eps_w2=1.518311e-02
[step   148250] t/d= 296.500 | task1=1.686435e-01 | task2=6.990817e-03 | F1=1.619273e-01 | m1²=0.005595 | m2²=0.998973 | eps_w1=1.953369e+00 | eps_w2=1.498465e-02
[step   148500] t/d= 297.000 | task1=1.687440e-01 | task2=6.979190e-03 | F1=1.620278e-01 | m1²=0.005551 | m2²=0.998994 | eps_w1=1.955123e+00 | eps_w2=1.477337e-02
[step   148750] t/d= 297.500 | task1=1.688242e-01 | task2=6.968371e-03 | F1=1.621080e-01 | m1²=0.005499 | m2²=0.999015 | eps_w1=1.956522e+00 | eps_w2=1.460141e-02
[step   149000] t/d= 298.000 | task1=1.689416e-01 | task2=6.959819e-03 | F1=1.622253e-01 | m1²=0.005460 | m2²=0.999034 | eps_w1=1.958319e+00 | eps_w2=1.439038e-02
[step   149250] t/d= 298.500 | task1=1.690589e-01 | task2=6.946223e-03 | F1=1.623427e-01 | m1²=0.005408 | m2²=0.999057 | eps_w1=1.960217e+00 | eps_w2=1.416639e-02
[step   149500] t/d= 299.000 | task1=1.691925e-01 | task2=6.935366e-03 | F1=1.624763e-01 | m1²=0.005355 | m2²=0.999078 | eps_w1=1.962176e+00 | eps_w2=1.393978e-02
[step   149750] t/d= 299.500 | task1=1.692797e-01 | task2=6.925623e-03 | F1=1.625634e-01 | m1²=0.005307 | m2²=0.999101 | eps_w1=1.963734e+00 | eps_w2=1.375250e-02
[step   150000] t/d= 300.000 | task1=1.693731e-01 | task2=6.913506e-03 | F1=1.626569e-01 | m1²=0.005253 | m2²=0.999123 | eps_w1=1.965231e+00 | eps_w2=1.357408e-02
[step   150250] t/d= 300.500 | task1=1.694637e-01 | task2=6.906509e-03 | F1=1.627475e-01 | m1²=0.005228 | m2²=0.999132 | eps_w1=1.966829e+00 | eps_w2=1.340405e-02
[step   150500] t/d= 301.000 | task1=1.695524e-01 | task2=6.896797e-03 | F1=1.628362e-01 | m1²=0.005183 | m2²=0.999149 | eps_w1=1.968350e+00 | eps_w2=1.323136e-02
[step   150750] t/d= 301.500 | task1=1.696486e-01 | task2=6.889285e-03 | F1=1.629324e-01 | m1²=0.005160 | m2²=0.999161 | eps_w1=1.969872e+00 | eps_w2=1.306544e-02
[step   151000] t/d= 302.000 | task1=1.697554e-01 | task2=6.880855e-03 | F1=1.630392e-01 | m1²=0.005113 | m2²=0.999182 | eps_w1=1.971560e+00 | eps_w2=1.287351e-02
[step   151250] t/d= 302.500 | task1=1.697990e-01 | task2=6.873470e-03 | F1=1.630828e-01 | m1²=0.005063 | m2²=0.999200 | eps_w1=1.972367e+00 | eps_w2=1.277193e-02
[step   151500] t/d= 303.000 | task1=1.698849e-01 | task2=6.867094e-03 | F1=1.631686e-01 | m1²=0.005026 | m2²=0.999215 | eps_w1=1.973658e+00 | eps_w2=1.262864e-02
[step   151750] t/d= 303.500 | task1=1.699622e-01 | task2=6.856058e-03 | F1=1.632459e-01 | m1²=0.004964 | m2²=0.999239 | eps_w1=1.974999e+00 | eps_w2=1.246900e-02
[step   152000] t/d= 304.000 | task1=1.700426e-01 | task2=6.850981e-03 | F1=1.633264e-01 | m1²=0.004943 | m2²=0.999245 | eps_w1=1.976182e+00 | eps_w2=1.234932e-02
[step   152250] t/d= 304.500 | task1=1.701453e-01 | task2=6.842767e-03 | F1=1.634291e-01 | m1²=0.004908 | m2²=0.999260 | eps_w1=1.977606e+00 | eps_w2=1.219441e-02
[step   152500] t/d= 305.000 | task1=1.702553e-01 | task2=6.830610e-03 | F1=1.635391e-01 | m1²=0.004859 | m2²=0.999275 | eps_w1=1.979285e+00 | eps_w2=1.201806e-02
[step   152750] t/d= 305.500 | task1=1.703492e-01 | task2=6.819989e-03 | F1=1.636329e-01 | m1²=0.004829 | m2²=0.999287 | eps_w1=1.981099e+00 | eps_w2=1.183314e-02
[step   153000] t/d= 306.000 | task1=1.704279e-01 | task2=6.813605e-03 | F1=1.637117e-01 | m1²=0.004773 | m2²=0.999303 | eps_w1=1.982546e+00 | eps_w2=1.168062e-02
[step   153250] t/d= 306.500 | task1=1.705354e-01 | task2=6.804828e-03 | F1=1.638192e-01 | m1²=0.004731 | m2²=0.999320 | eps_w1=1.984282e+00 | eps_w2=1.149901e-02
[step   153500] t/d= 307.000 | task1=1.706107e-01 | task2=6.797521e-03 | F1=1.638944e-01 | m1²=0.004683 | m2²=0.999333 | eps_w1=1.985705e+00 | eps_w2=1.135463e-02
[step   153750] t/d= 307.500 | task1=1.707029e-01 | task2=6.792233e-03 | F1=1.639867e-01 | m1²=0.004653 | m2²=0.999344 | eps_w1=1.987072e+00 | eps_w2=1.121684e-02
[step   154000] t/d= 308.000 | task1=1.707803e-01 | task2=6.786634e-03 | F1=1.640641e-01 | m1²=0.004625 | m2²=0.999354 | eps_w1=1.988303e+00 | eps_w2=1.109268e-02
[step   154250] t/d= 308.500 | task1=1.708404e-01 | task2=6.780492e-03 | F1=1.641241e-01 | m1²=0.004590 | m2²=0.999367 | eps_w1=1.989430e+00 | eps_w2=1.097441e-02
[step   154500] t/d= 309.000 | task1=1.709243e-01 | task2=6.774576e-03 | F1=1.642080e-01 | m1²=0.004555 | m2²=0.999378 | eps_w1=1.990573e+00 | eps_w2=1.085898e-02
[step   154750] t/d= 309.500 | task1=1.709664e-01 | task2=6.769129e-03 | F1=1.642502e-01 | m1²=0.004505 | m2²=0.999395 | eps_w1=1.991440e+00 | eps_w2=1.075976e-02
[step   155000] t/d= 310.000 | task1=1.710296e-01 | task2=6.762137e-03 | F1=1.643134e-01 | m1²=0.004471 | m2²=0.999407 | eps_w1=1.992516e+00 | eps_w2=1.065008e-02
[step   155250] t/d= 310.500 | task1=1.711173e-01 | task2=6.755051e-03 | F1=1.644011e-01 | m1²=0.004429 | m2²=0.999421 | eps_w1=1.994021e+00 | eps_w2=1.049988e-02
[step   155500] t/d= 311.000 | task1=1.712092e-01 | task2=6.747769e-03 | F1=1.644929e-01 | m1²=0.004385 | m2²=0.999434 | eps_w1=1.995464e+00 | eps_w2=1.035799e-02
[step   155750] t/d= 311.500 | task1=1.712687e-01 | task2=6.743239e-03 | F1=1.645525e-01 | m1²=0.004346 | m2²=0.999445 | eps_w1=1.996410e+00 | eps_w2=1.026295e-02
[step   156000] t/d= 312.000 | task1=1.713316e-01 | task2=6.738975e-03 | F1=1.646154e-01 | m1²=0.004319 | m2²=0.999455 | eps_w1=1.997480e+00 | eps_w2=1.015842e-02
[step   156250] t/d= 312.500 | task1=1.714260e-01 | task2=6.733174e-03 | F1=1.647098e-01 | m1²=0.004291 | m2²=0.999463 | eps_w1=1.998893e+00 | eps_w2=1.002749e-02
[step   156500] t/d= 313.000 | task1=1.714980e-01 | task2=6.725711e-03 | F1=1.647818e-01 | m1²=0.004244 | m2²=0.999478 | eps_w1=2.000108e+00 | eps_w2=9.904254e-03
[step   156750] t/d= 313.500 | task1=1.715523e-01 | task2=6.718372e-03 | F1=1.648361e-01 | m1²=0.004215 | m2²=0.999491 | eps_w1=2.001063e+00 | eps_w2=9.804662e-03
[step   157000] t/d= 314.000 | task1=1.716141e-01 | task2=6.715526e-03 | F1=1.648979e-01 | m1²=0.004182 | m2²=0.999502 | eps_w1=2.002260e+00 | eps_w2=9.689825e-03
[step   157250] t/d= 314.500 | task1=1.716924e-01 | task2=6.713732e-03 | F1=1.649762e-01 | m1²=0.004151 | m2²=0.999510 | eps_w1=2.003633e+00 | eps_w2=9.566401e-03
[step   157500] t/d= 315.000 | task1=1.717769e-01 | task2=6.707977e-03 | F1=1.650607e-01 | m1²=0.004125 | m2²=0.999519 | eps_w1=2.005044e+00 | eps_w2=9.436966e-03
[step   157750] t/d= 315.500 | task1=1.718428e-01 | task2=6.705251e-03 | F1=1.651266e-01 | m1²=0.004111 | m2²=0.999520 | eps_w1=2.005987e+00 | eps_w2=9.358825e-03
[step   158000] t/d= 316.000 | task1=1.719018e-01 | task2=6.701856e-03 | F1=1.651855e-01 | m1²=0.004083 | m2²=0.999528 | eps_w1=2.006881e+00 | eps_w2=9.275470e-03
[step   158250] t/d= 316.500 | task1=1.719688e-01 | task2=6.695074e-03 | F1=1.652526e-01 | m1²=0.004047 | m2²=0.999537 | eps_w1=2.008013e+00 | eps_w2=9.173081e-03
[step   158500] t/d= 317.000 | task1=1.720643e-01 | task2=6.688477e-03 | F1=1.653481e-01 | m1²=0.004014 | m2²=0.999551 | eps_w1=2.009364e+00 | eps_w2=9.043762e-03
[step   158750] t/d= 317.500 | task1=1.721159e-01 | task2=6.685445e-03 | F1=1.653996e-01 | m1²=0.003993 | m2²=0.999556 | eps_w1=2.010393e+00 | eps_w2=8.954061e-03
[step   159000] t/d= 318.000 | task1=1.721921e-01 | task2=6.683804e-03 | F1=1.654759e-01 | m1²=0.003977 | m2²=0.999559 | eps_w1=2.011677e+00 | eps_w2=8.849189e-03
[step   159250] t/d= 318.500 | task1=1.722496e-01 | task2=6.676724e-03 | F1=1.655334e-01 | m1²=0.003939 | m2²=0.999570 | eps_w1=2.012767e+00 | eps_w2=8.746831e-03
[step   159500] t/d= 319.000 | task1=1.723265e-01 | task2=6.674342e-03 | F1=1.656103e-01 | m1²=0.003925 | m2²=0.999573 | eps_w1=2.014018e+00 | eps_w2=8.645202e-03
[step   159750] t/d= 319.500 | task1=1.723956e-01 | task2=6.670705e-03 | F1=1.656794e-01 | m1²=0.003903 | m2²=0.999580 | eps_w1=2.015327e+00 | eps_w2=8.533167e-03
[step   160000] t/d= 320.000 | task1=1.724610e-01 | task2=6.668022e-03 | F1=1.657447e-01 | m1²=0.003885 | m2²=0.999587 | eps_w1=2.016336e+00 | eps_w2=8.443670e-03
[step   160250] t/d= 320.500 | task1=1.725235e-01 | task2=6.663980e-03 | F1=1.658073e-01 | m1²=0.003864 | m2²=0.999594 | eps_w1=2.017430e+00 | eps_w2=8.348473e-03
[step   160500] t/d= 321.000 | task1=1.725797e-01 | task2=6.661150e-03 | F1=1.658635e-01 | m1²=0.003843 | m2²=0.999598 | eps_w1=2.018444e+00 | eps_w2=8.266297e-03
[step   160750] t/d= 321.500 | task1=1.726340e-01 | task2=6.656228e-03 | F1=1.659177e-01 | m1²=0.003820 | m2²=0.999607 | eps_w1=2.019288e+00 | eps_w2=8.188786e-03
[step   161000] t/d= 322.000 | task1=1.726772e-01 | task2=6.652630e-03 | F1=1.659610e-01 | m1²=0.003789 | m2²=0.999615 | eps_w1=2.020218e+00 | eps_w2=8.107779e-03
[step   161250] t/d= 322.500 | task1=1.727342e-01 | task2=6.650217e-03 | F1=1.660180e-01 | m1²=0.003770 | m2²=0.999622 | eps_w1=2.021130e+00 | eps_w2=8.028408e-03
[step   161500] t/d= 323.000 | task1=1.728077e-01 | task2=6.646227e-03 | F1=1.660915e-01 | m1²=0.003749 | m2²=0.999625 | eps_w1=2.022276e+00 | eps_w2=7.939531e-03
[step   161750] t/d= 323.500 | task1=1.728706e-01 | task2=6.642876e-03 | F1=1.661544e-01 | m1²=0.003723 | m2²=0.999632 | eps_w1=2.023266e+00 | eps_w2=7.855734e-03
[step   162000] t/d= 324.000 | task1=1.729405e-01 | task2=6.634872e-03 | F1=1.662243e-01 | m1²=0.003705 | m2²=0.999637 | eps_w1=2.024395e+00 | eps_w2=7.764281e-03
[step   162250] t/d= 324.500 | task1=1.729745e-01 | task2=6.627054e-03 | F1=1.662583e-01 | m1²=0.003681 | m2²=0.999645 | eps_w1=2.025280e+00 | eps_w2=7.687745e-03
[step   162500] t/d= 325.000 | task1=1.730482e-01 | task2=6.624551e-03 | F1=1.663319e-01 | m1²=0.003651 | m2²=0.999652 | eps_w1=2.026255e+00 | eps_w2=7.607437e-03
[step   162750] t/d= 325.500 | task1=1.731036e-01 | task2=6.619680e-03 | F1=1.663874e-01 | m1²=0.003624 | m2²=0.999660 | eps_w1=2.027075e+00 | eps_w2=7.535849e-03
[step   163000] t/d= 326.000 | task1=1.731628e-01 | task2=6.616119e-03 | F1=1.664465e-01 | m1²=0.003593 | m2²=0.999668 | eps_w1=2.028037e+00 | eps_w2=7.454970e-03
[step   163250] t/d= 326.500 | task1=1.732337e-01 | task2=6.613174e-03 | F1=1.665175e-01 | m1²=0.003582 | m2²=0.999668 | eps_w1=2.029238e+00 | eps_w2=7.369009e-03
[step   163500] t/d= 327.000 | task1=1.732643e-01 | task2=6.610907e-03 | F1=1.665480e-01 | m1²=0.003556 | m2²=0.999675 | eps_w1=2.029774e+00 | eps_w2=7.321691e-03
[step   163750] t/d= 327.500 | task1=1.733103e-01 | task2=6.611287e-03 | F1=1.665941e-01 | m1²=0.003540 | m2²=0.999677 | eps_w1=2.030533e+00 | eps_w2=7.265031e-03
[step   164000] t/d= 328.000 | task1=1.733261e-01 | task2=6.611758e-03 | F1=1.666099e-01 | m1²=0.003532 | m2²=0.999677 | eps_w1=2.030923e+00 | eps_w2=7.238720e-03
[step   164250] t/d= 328.500 | task1=1.733962e-01 | task2=6.610046e-03 | F1=1.666800e-01 | m1²=0.003520 | m2²=0.999680 | eps_w1=2.031936e+00 | eps_w2=7.160965e-03
[step   164500] t/d= 329.000 | task1=1.734143e-01 | task2=6.607443e-03 | F1=1.666981e-01 | m1²=0.003503 | m2²=0.999685 | eps_w1=2.032312e+00 | eps_w2=7.128936e-03
[step   164750] t/d= 329.500 | task1=1.734865e-01 | task2=6.607055e-03 | F1=1.667702e-01 | m1²=0.003480 | m2²=0.999692 | eps_w1=2.033384e+00 | eps_w2=7.042428e-03
[step   165000] t/d= 330.000 | task1=1.735171e-01 | task2=6.604416e-03 | F1=1.668009e-01 | m1²=0.003457 | m2²=0.999696 | eps_w1=2.033870e+00 | eps_w2=7.002911e-03
[step   165250] t/d= 330.500 | task1=1.735406e-01 | task2=6.602238e-03 | F1=1.668244e-01 | m1²=0.003437 | m2²=0.999698 | eps_w1=2.034279e+00 | eps_w2=6.972923e-03
[step   165500] t/d= 331.000 | task1=1.735860e-01 | task2=6.599282e-03 | F1=1.668697e-01 | m1²=0.003422 | m2²=0.999700 | eps_w1=2.035003e+00 | eps_w2=6.920708e-03
[step   165750] t/d= 331.500 | task1=1.736444e-01 | task2=6.599224e-03 | F1=1.669282e-01 | m1²=0.003419 | m2²=0.999699 | eps_w1=2.036098e+00 | eps_w2=6.846065e-03
[step   166000] t/d= 332.000 | task1=1.736795e-01 | task2=6.596342e-03 | F1=1.669632e-01 | m1²=0.003409 | m2²=0.999702 | eps_w1=2.036696e+00 | eps_w2=6.800484e-03
[step   166250] t/d= 332.500 | task1=1.737066e-01 | task2=6.596452e-03 | F1=1.669904e-01 | m1²=0.003398 | m2²=0.999706 | eps_w1=2.037142e+00 | eps_w2=6.764163e-03
[step   166500] t/d= 333.000 | task1=1.737649e-01 | task2=6.596319e-03 | F1=1.670486e-01 | m1²=0.003378 | m2²=0.999708 | eps_w1=2.038114e+00 | eps_w2=6.694887e-03
[step   166750] t/d= 333.500 | task1=1.737963e-01 | task2=6.592082e-03 | F1=1.670801e-01 | m1²=0.003375 | m2²=0.999710 | eps_w1=2.038585e+00 | eps_w2=6.659960e-03
[step   167000] t/d= 334.000 | task1=1.738269e-01 | task2=6.590892e-03 | F1=1.671106e-01 | m1²=0.003369 | m2²=0.999711 | eps_w1=2.039063e+00 | eps_w2=6.626374e-03
[step   167250] t/d= 334.500 | task1=1.738840e-01 | task2=6.587113e-03 | F1=1.671678e-01 | m1²=0.003361 | m2²=0.999714 | eps_w1=2.039957e+00 | eps_w2=6.560561e-03
[step   167500] t/d= 335.000 | task1=1.739244e-01 | task2=6.584705e-03 | F1=1.672082e-01 | m1²=0.003346 | m2²=0.999717 | eps_w1=2.040719e+00 | eps_w2=6.504041e-03
[step   167750] t/d= 335.500 | task1=1.739767e-01 | task2=6.581778e-03 | F1=1.672605e-01 | m1²=0.003335 | m2²=0.999717 | eps_w1=2.041447e+00 | eps_w2=6.456518e-03
[step   168000] t/d= 336.000 | task1=1.740069e-01 | task2=6.580246e-03 | F1=1.672907e-01 | m1²=0.003316 | m2²=0.999720 | eps_w1=2.041953e+00 | eps_w2=6.419137e-03
[step   168250] t/d= 336.500 | task1=1.740379e-01 | task2=6.577850e-03 | F1=1.673217e-01 | m1²=0.003293 | m2²=0.999726 | eps_w1=2.042565e+00 | eps_w2=6.371096e-03
[step   168500] t/d= 337.000 | task1=1.740990e-01 | task2=6.577775e-03 | F1=1.673827e-01 | m1²=0.003282 | m2²=0.999728 | eps_w1=2.043353e+00 | eps_w2=6.315236e-03
[step   168750] t/d= 337.500 | task1=1.741448e-01 | task2=6.576358e-03 | F1=1.674286e-01 | m1²=0.003269 | m2²=0.999731 | eps_w1=2.043969e+00 | eps_w2=6.270953e-03
[step   169000] t/d= 338.000 | task1=1.741816e-01 | task2=6.574370e-03 | F1=1.674653e-01 | m1²=0.003253 | m2²=0.999736 | eps_w1=2.044542e+00 | eps_w2=6.224117e-03
[step   169250] t/d= 338.500 | task1=1.742100e-01 | task2=6.574360e-03 | F1=1.674938e-01 | m1²=0.003226 | m2²=0.999741 | eps_w1=2.045113e+00 | eps_w2=6.180868e-03
[step   169500] t/d= 339.000 | task1=1.742541e-01 | task2=6.572801e-03 | F1=1.675379e-01 | m1²=0.003213 | m2²=0.999743 | eps_w1=2.046004e+00 | eps_w2=6.120264e-03
[step   169750] t/d= 339.500 | task1=1.742792e-01 | task2=6.570922e-03 | F1=1.675630e-01 | m1²=0.003196 | m2²=0.999751 | eps_w1=2.046215e+00 | eps_w2=6.093779e-03
[step   170000] t/d= 340.000 | task1=1.743085e-01 | task2=6.570033e-03 | F1=1.675923e-01 | m1²=0.003179 | m2²=0.999755 | eps_w1=2.046712e+00 | eps_w2=6.057072e-03
[step   170250] t/d= 340.500 | task1=1.743413e-01 | task2=6.570886e-03 | F1=1.676250e-01 | m1²=0.003170 | m2²=0.999756 | eps_w1=2.047269e+00 | eps_w2=6.019485e-03
[step   170500] t/d= 341.000 | task1=1.743527e-01 | task2=6.569965e-03 | F1=1.676365e-01 | m1²=0.003148 | m2²=0.999760 | eps_w1=2.047490e+00 | eps_w2=6.000730e-03
[step   170750] t/d= 341.500 | task1=1.743745e-01 | task2=6.567905e-03 | F1=1.676583e-01 | m1²=0.003129 | m2²=0.999763 | eps_w1=2.047836e+00 | eps_w2=5.974481e-03
[step   171000] t/d= 342.000 | task1=1.743934e-01 | task2=6.563959e-03 | F1=1.676772e-01 | m1²=0.003122 | m2²=0.999765 | eps_w1=2.047985e+00 | eps_w2=5.962272e-03
[step   171250] t/d= 342.500 | task1=1.744142e-01 | task2=6.562888e-03 | F1=1.676980e-01 | m1²=0.003115 | m2²=0.999766 | eps_w1=2.048264e+00 | eps_w2=5.942592e-03
[step   171500] t/d= 343.000 | task1=1.744436e-01 | task2=6.561513e-03 | F1=1.677273e-01 | m1²=0.003102 | m2²=0.999768 | eps_w1=2.048697e+00 | eps_w2=5.913517e-03
[step   171750] t/d= 343.500 | task1=1.744983e-01 | task2=6.559164e-03 | F1=1.677820e-01 | m1²=0.003091 | m2²=0.999770 | eps_w1=2.049529e+00 | eps_w2=5.856261e-03
[step   172000] t/d= 344.000 | task1=1.745201e-01 | task2=6.556979e-03 | F1=1.678039e-01 | m1²=0.003088 | m2²=0.999772 | eps_w1=2.049939e+00 | eps_w2=5.827414e-03
[step   172250] t/d= 344.500 | task1=1.745466e-01 | task2=6.555915e-03 | F1=1.678304e-01 | m1²=0.003072 | m2²=0.999773 | eps_w1=2.050319e+00 | eps_w2=5.802248e-03
[step   172500] t/d= 345.000 | task1=1.745655e-01 | task2=6.555605e-03 | F1=1.678492e-01 | m1²=0.003051 | m2²=0.999778 | eps_w1=2.050778e+00 | eps_w2=5.766394e-03
[step   172750] t/d= 345.500 | task1=1.745837e-01 | task2=6.552647e-03 | F1=1.678675e-01 | m1²=0.003033 | m2²=0.999782 | eps_w1=2.051343e+00 | eps_w2=5.726060e-03
[step   173000] t/d= 346.000 | task1=1.745955e-01 | task2=6.550137e-03 | F1=1.678792e-01 | m1²=0.003027 | m2²=0.999781 | eps_w1=2.051648e+00 | eps_w2=5.709199e-03
[step   173250] t/d= 346.500 | task1=1.746257e-01 | task2=6.548588e-03 | F1=1.679095e-01 | m1²=0.003022 | m2²=0.999783 | eps_w1=2.052117e+00 | eps_w2=5.676060e-03
[step   173500] t/d= 347.000 | task1=1.746395e-01 | task2=6.544291e-03 | F1=1.679232e-01 | m1²=0.003019 | m2²=0.999782 | eps_w1=2.052468e+00 | eps_w2=5.654982e-03
[step   173750] t/d= 347.500 | task1=1.747021e-01 | task2=6.543042e-03 | F1=1.679858e-01 | m1²=0.002996 | m2²=0.999785 | eps_w1=2.053238e+00 | eps_w2=5.604431e-03
[step   174000] t/d= 348.000 | task1=1.747452e-01 | task2=6.541031e-03 | F1=1.680290e-01 | m1²=0.002982 | m2²=0.999789 | eps_w1=2.053873e+00 | eps_w2=5.557915e-03
[step   174250] t/d= 348.500 | task1=1.747514e-01 | task2=6.537970e-03 | F1=1.680351e-01 | m1²=0.002975 | m2²=0.999791 | eps_w1=2.054007e+00 | eps_w2=5.546838e-03
[step   174500] t/d= 349.000 | task1=1.747804e-01 | task2=6.536672e-03 | F1=1.680641e-01 | m1²=0.002960 | m2²=0.999792 | eps_w1=2.054478e+00 | eps_w2=5.517230e-03
[step   174750] t/d= 349.500 | task1=1.748211e-01 | task2=6.532961e-03 | F1=1.681048e-01 | m1²=0.002941 | m2²=0.999795 | eps_w1=2.055164e+00 | eps_w2=5.470940e-03
[step   175000] t/d= 350.000 | task1=1.748560e-01 | task2=6.533661e-03 | F1=1.681397e-01 | m1²=0.002925 | m2²=0.999797 | eps_w1=2.055806e+00 | eps_w2=5.431014e-03
[step   175250] t/d= 350.500 | task1=1.748787e-01 | task2=6.533874e-03 | F1=1.681625e-01 | m1²=0.002914 | m2²=0.999800 | eps_w1=2.056150e+00 | eps_w2=5.405465e-03
[step   175500] t/d= 351.000 | task1=1.748955e-01 | task2=6.533066e-03 | F1=1.681793e-01 | m1²=0.002904 | m2²=0.999799 | eps_w1=2.056596e+00 | eps_w2=5.380549e-03
[step   175750] t/d= 351.500 | task1=1.749090e-01 | task2=6.532377e-03 | F1=1.681928e-01 | m1²=0.002892 | m2²=0.999799 | eps_w1=2.056835e+00 | eps_w2=5.367747e-03
[step   176000] t/d= 352.000 | task1=1.749439e-01 | task2=6.530861e-03 | F1=1.682277e-01 | m1²=0.002886 | m2²=0.999800 | eps_w1=2.057282e+00 | eps_w2=5.338228e-03
[step   176250] t/d= 352.500 | task1=1.749893e-01 | task2=6.533655e-03 | F1=1.682731e-01 | m1²=0.002882 | m2²=0.999801 | eps_w1=2.057861e+00 | eps_w2=5.300816e-03
[step   176500] t/d= 353.000 | task1=1.750312e-01 | task2=6.532898e-03 | F1=1.683150e-01 | m1²=0.002881 | m2²=0.999803 | eps_w1=2.058399e+00 | eps_w2=5.264822e-03
[step   176750] t/d= 353.500 | task1=1.750598e-01 | task2=6.533603e-03 | F1=1.683435e-01 | m1²=0.002872 | m2²=0.999804 | eps_w1=2.058693e+00 | eps_w2=5.245433e-03
[step   177000] t/d= 354.000 | task1=1.750912e-01 | task2=6.531316e-03 | F1=1.683750e-01 | m1²=0.002856 | m2²=0.999805 | eps_w1=2.059160e+00 | eps_w2=5.218236e-03
[step   177250] t/d= 354.500 | task1=1.751210e-01 | task2=6.530509e-03 | F1=1.684048e-01 | m1²=0.002849 | m2²=0.999806 | eps_w1=2.059803e+00 | eps_w2=5.178219e-03
[step   177500] t/d= 355.000 | task1=1.751534e-01 | task2=6.530063e-03 | F1=1.684372e-01 | m1²=0.002838 | m2²=0.999807 | eps_w1=2.060138e+00 | eps_w2=5.157387e-03
[step   177750] t/d= 355.500 | task1=1.751871e-01 | task2=6.529570e-03 | F1=1.684709e-01 | m1²=0.002831 | m2²=0.999807 | eps_w1=2.060584e+00 | eps_w2=5.131228e-03
[step   178000] t/d= 356.000 | task1=1.752264e-01 | task2=6.531128e-03 | F1=1.685102e-01 | m1²=0.002831 | m2²=0.999805 | eps_w1=2.060984e+00 | eps_w2=5.110076e-03
[step   178250] t/d= 356.500 | task1=1.752596e-01 | task2=6.532317e-03 | F1=1.685433e-01 | m1²=0.002830 | m2²=0.999802 | eps_w1=2.061457e+00 | eps_w2=5.088297e-03
[step   178500] t/d= 357.000 | task1=1.752528e-01 | task2=6.529120e-03 | F1=1.685366e-01 | m1²=0.002820 | m2²=0.999802 | eps_w1=2.061343e+00 | eps_w2=5.095315e-03
[step   178750] t/d= 357.500 | task1=1.752807e-01 | task2=6.528380e-03 | F1=1.685645e-01 | m1²=0.002817 | m2²=0.999803 | eps_w1=2.061867e+00 | eps_w2=5.063506e-03
[step   179000] t/d= 358.000 | task1=1.752852e-01 | task2=6.525568e-03 | F1=1.685690e-01 | m1²=0.002809 | m2²=0.999804 | eps_w1=2.062197e+00 | eps_w2=5.043104e-03
[step   179250] t/d= 358.500 | task1=1.753005e-01 | task2=6.525378e-03 | F1=1.685843e-01 | m1²=0.002803 | m2²=0.999804 | eps_w1=2.062446e+00 | eps_w2=5.029238e-03
[step   179500] t/d= 359.000 | task1=1.753052e-01 | task2=6.524732e-03 | F1=1.685890e-01 | m1²=0.002795 | m2²=0.999806 | eps_w1=2.062594e+00 | eps_w2=5.016730e-03
[step   179750] t/d= 359.500 | task1=1.753609e-01 | task2=6.524874e-03 | F1=1.686447e-01 | m1²=0.002787 | m2²=0.999808 | eps_w1=2.063407e+00 | eps_w2=4.965025e-03
[step   180000] t/d= 360.000 | task1=1.753861e-01 | task2=6.523935e-03 | F1=1.686699e-01 | m1²=0.002773 | m2²=0.999812 | eps_w1=2.063859e+00 | eps_w2=4.933204e-03
[step   180250] t/d= 360.500 | task1=1.754177e-01 | task2=6.523201e-03 | F1=1.687015e-01 | m1²=0.002769 | m2²=0.999812 | eps_w1=2.064247e+00 | eps_w2=4.911424e-03
[step   180500] t/d= 361.000 | task1=1.754285e-01 | task2=6.522469e-03 | F1=1.687122e-01 | m1²=0.002753 | m2²=0.999814 | eps_w1=2.064497e+00 | eps_w2=4.894626e-03
[step   180750] t/d= 361.500 | task1=1.754773e-01 | task2=6.521908e-03 | F1=1.687611e-01 | m1²=0.002741 | m2²=0.999815 | eps_w1=2.065255e+00 | eps_w2=4.848970e-03
[step   181000] t/d= 362.000 | task1=1.754960e-01 | task2=6.521334e-03 | F1=1.687798e-01 | m1²=0.002740 | m2²=0.999815 | eps_w1=2.065687e+00 | eps_w2=4.824464e-03
[step   181250] t/d= 362.500 | task1=1.755089e-01 | task2=6.521694e-03 | F1=1.687927e-01 | m1²=0.002736 | m2²=0.999817 | eps_w1=2.066126e+00 | eps_w2=4.795304e-03
[step   181500] t/d= 363.000 | task1=1.755187e-01 | task2=6.523044e-03 | F1=1.688024e-01 | m1²=0.002726 | m2²=0.999820 | eps_w1=2.066236e+00 | eps_w2=4.784328e-03
[step   181750] t/d= 363.500 | task1=1.755281e-01 | task2=6.525343e-03 | F1=1.688119e-01 | m1²=0.002722 | m2²=0.999822 | eps_w1=2.066251e+00 | eps_w2=4.781230e-03
[step   182000] t/d= 364.000 | task1=1.755746e-01 | task2=6.524195e-03 | F1=1.688584e-01 | m1²=0.002728 | m2²=0.999821 | eps_w1=2.066982e+00 | eps_w2=4.739260e-03
[step   182250] t/d= 364.500 | task1=1.756038e-01 | task2=6.524726e-03 | F1=1.688876e-01 | m1²=0.002719 | m2²=0.999819 | eps_w1=2.067520e+00 | eps_w2=4.713338e-03
[step   182500] t/d= 365.000 | task1=1.755972e-01 | task2=6.524405e-03 | F1=1.688809e-01 | m1²=0.002715 | m2²=0.999819 | eps_w1=2.067391e+00 | eps_w2=4.721885e-03
[step   182750] t/d= 365.500 | task1=1.756096e-01 | task2=6.524027e-03 | F1=1.688933e-01 | m1²=0.002698 | m2²=0.999819 | eps_w1=2.067576e+00 | eps_w2=4.711968e-03
[step   183000] t/d= 366.000 | task1=1.756369e-01 | task2=6.523306e-03 | F1=1.689206e-01 | m1²=0.002694 | m2²=0.999820 | eps_w1=2.067996e+00 | eps_w2=4.687592e-03
[step   183250] t/d= 366.500 | task1=1.756473e-01 | task2=6.520031e-03 | F1=1.689311e-01 | m1²=0.002684 | m2²=0.999820 | eps_w1=2.068145e+00 | eps_w2=4.679869e-03
[step   183500] t/d= 367.000 | task1=1.756379e-01 | task2=6.520107e-03 | F1=1.689217e-01 | m1²=0.002673 | m2²=0.999821 | eps_w1=2.068171e+00 | eps_w2=4.677869e-03
[step   183750] t/d= 367.500 | task1=1.756493e-01 | task2=6.515420e-03 | F1=1.689330e-01 | m1²=0.002660 | m2²=0.999824 | eps_w1=2.068530e+00 | eps_w2=4.653039e-03
[step   184000] t/d= 368.000 | task1=1.756756e-01 | task2=6.515281e-03 | F1=1.689593e-01 | m1²=0.002666 | m2²=0.999824 | eps_w1=2.068713e+00 | eps_w2=4.642300e-03
[step   184250] t/d= 368.500 | task1=1.757016e-01 | task2=6.514728e-03 | F1=1.689853e-01 | m1²=0.002661 | m2²=0.999823 | eps_w1=2.069242e+00 | eps_w2=4.614011e-03
[step   184500] t/d= 369.000 | task1=1.757205e-01 | task2=6.511826e-03 | F1=1.690043e-01 | m1²=0.002658 | m2²=0.999822 | eps_w1=2.069524e+00 | eps_w2=4.601277e-03
[step   184750] t/d= 369.500 | task1=1.757024e-01 | task2=6.510712e-03 | F1=1.689862e-01 | m1²=0.002655 | m2²=0.999822 | eps_w1=2.069376e+00 | eps_w2=4.608454e-03
[step   185000] t/d= 370.000 | task1=1.757365e-01 | task2=6.507716e-03 | F1=1.690202e-01 | m1²=0.002649 | m2²=0.999823 | eps_w1=2.070048e+00 | eps_w2=4.569863e-03
[step   185250] t/d= 370.500 | task1=1.757232e-01 | task2=6.508404e-03 | F1=1.690070e-01 | m1²=0.002641 | m2²=0.999824 | eps_w1=2.070015e+00 | eps_w2=4.571538e-03
[step   185500] t/d= 371.000 | task1=1.757215e-01 | task2=6.507766e-03 | F1=1.690053e-01 | m1²=0.002630 | m2²=0.999824 | eps_w1=2.070007e+00 | eps_w2=4.572190e-03
[step   185750] t/d= 371.500 | task1=1.757331e-01 | task2=6.508361e-03 | F1=1.690169e-01 | m1²=0.002617 | m2²=0.999827 | eps_w1=2.070375e+00 | eps_w2=4.547453e-03
[step   186000] t/d= 372.000 | task1=1.757516e-01 | task2=6.510620e-03 | F1=1.690354e-01 | m1²=0.002609 | m2²=0.999827 | eps_w1=2.070626e+00 | eps_w2=4.535242e-03
[step   186250] t/d= 372.500 | task1=1.757702e-01 | task2=6.511478e-03 | F1=1.690539e-01 | m1²=0.002612 | m2²=0.999828 | eps_w1=2.070908e+00 | eps_w2=4.515950e-03
[step   186500] t/d= 373.000 | task1=1.757974e-01 | task2=6.514460e-03 | F1=1.690811e-01 | m1²=0.002608 | m2²=0.999829 | eps_w1=2.071158e+00 | eps_w2=4.500243e-03
[step   186750] t/d= 373.500 | task1=1.758337e-01 | task2=6.514593e-03 | F1=1.691175e-01 | m1²=0.002595 | m2²=0.999832 | eps_w1=2.071969e+00 | eps_w2=4.451645e-03
[step   187000] t/d= 374.000 | task1=1.758542e-01 | task2=6.512586e-03 | F1=1.691379e-01 | m1²=0.002583 | m2²=0.999831 | eps_w1=2.072320e+00 | eps_w2=4.434387e-03
[step   187250] t/d= 374.500 | task1=1.758409e-01 | task2=6.512378e-03 | F1=1.691247e-01 | m1²=0.002583 | m2²=0.999833 | eps_w1=2.072382e+00 | eps_w2=4.427544e-03
[step   187500] t/d= 375.000 | task1=1.758435e-01 | task2=6.509793e-03 | F1=1.691272e-01 | m1²=0.002576 | m2²=0.999835 | eps_w1=2.072548e+00 | eps_w2=4.415323e-03
[step   187750] t/d= 375.500 | task1=1.758690e-01 | task2=6.510318e-03 | F1=1.691527e-01 | m1²=0.002557 | m2²=0.999836 | eps_w1=2.072892e+00 | eps_w2=4.396966e-03
[step   188000] t/d= 376.000 | task1=1.758715e-01 | task2=6.508442e-03 | F1=1.691552e-01 | m1²=0.002552 | m2²=0.999838 | eps_w1=2.072825e+00 | eps_w2=4.397086e-03
[step   188250] t/d= 376.500 | task1=1.758611e-01 | task2=6.508505e-03 | F1=1.691448e-01 | m1²=0.002559 | m2²=0.999836 | eps_w1=2.072718e+00 | eps_w2=4.405852e-03
[step   188500] t/d= 377.000 | task1=1.758856e-01 | task2=6.507656e-03 | F1=1.691693e-01 | m1²=0.002559 | m2²=0.999838 | eps_w1=2.072961e+00 | eps_w2=4.389714e-03
[step   188750] t/d= 377.500 | task1=1.758946e-01 | task2=6.507826e-03 | F1=1.691784e-01 | m1²=0.002556 | m2²=0.999841 | eps_w1=2.073053e+00 | eps_w2=4.379601e-03
[step   189000] t/d= 378.000 | task1=1.758867e-01 | task2=6.508424e-03 | F1=1.691704e-01 | m1²=0.002549 | m2²=0.999840 | eps_w1=2.073023e+00 | eps_w2=4.382190e-03
[step   189250] t/d= 378.500 | task1=1.759014e-01 | task2=6.508484e-03 | F1=1.691852e-01 | m1²=0.002542 | m2²=0.999844 | eps_w1=2.073240e+00 | eps_w2=4.364019e-03
[step   189500] t/d= 379.000 | task1=1.758816e-01 | task2=6.508987e-03 | F1=1.691653e-01 | m1²=0.002534 | m2²=0.999844 | eps_w1=2.073062e+00 | eps_w2=4.374486e-03
[step   189750] t/d= 379.500 | task1=1.759229e-01 | task2=6.509622e-03 | F1=1.692067e-01 | m1²=0.002527 | m2²=0.999843 | eps_w1=2.073798e+00 | eps_w2=4.336776e-03
[step   190000] t/d= 380.000 | task1=1.759573e-01 | task2=6.512447e-03 | F1=1.692411e-01 | m1²=0.002531 | m2²=0.999845 | eps_w1=2.074303e+00 | eps_w2=4.305247e-03
[step   190250] t/d= 380.500 | task1=1.759565e-01 | task2=6.512158e-03 | F1=1.692403e-01 | m1²=0.002526 | m2²=0.999845 | eps_w1=2.074335e+00 | eps_w2=4.303008e-03
[step   190500] t/d= 381.000 | task1=1.759500e-01 | task2=6.511832e-03 | F1=1.692337e-01 | m1²=0.002520 | m2²=0.999847 | eps_w1=2.074284e+00 | eps_w2=4.303797e-03
[step   190750] t/d= 381.500 | task1=1.759786e-01 | task2=6.511570e-03 | F1=1.692624e-01 | m1²=0.002522 | m2²=0.999847 | eps_w1=2.074682e+00 | eps_w2=4.281024e-03
[step   191000] t/d= 382.000 | task1=1.759695e-01 | task2=6.512838e-03 | F1=1.692533e-01 | m1²=0.002513 | m2²=0.999848 | eps_w1=2.074696e+00 | eps_w2=4.280562e-03
[step   191250] t/d= 382.500 | task1=1.759995e-01 | task2=6.512250e-03 | F1=1.692832e-01 | m1²=0.002520 | m2²=0.999847 | eps_w1=2.075256e+00 | eps_w2=4.250685e-03
[step   191500] t/d= 383.000 | task1=1.760217e-01 | task2=6.509869e-03 | F1=1.693054e-01 | m1²=0.002522 | m2²=0.999845 | eps_w1=2.075536e+00 | eps_w2=4.238233e-03
[step   191750] t/d= 383.500 | task1=1.760473e-01 | task2=6.510850e-03 | F1=1.693311e-01 | m1²=0.002515 | m2²=0.999846 | eps_w1=2.075858e+00 | eps_w2=4.220741e-03
[step   192000] t/d= 384.000 | task1=1.761028e-01 | task2=6.511164e-03 | F1=1.693866e-01 | m1²=0.002514 | m2²=0.999845 | eps_w1=2.076743e+00 | eps_w2=4.173809e-03
[step   192250] t/d= 384.500 | task1=1.761121e-01 | task2=6.512392e-03 | F1=1.693959e-01 | m1²=0.002513 | m2²=0.999844 | eps_w1=2.076845e+00 | eps_w2=4.170119e-03
[step   192500] t/d= 385.000 | task1=1.761140e-01 | task2=6.512117e-03 | F1=1.693978e-01 | m1²=0.002512 | m2²=0.999843 | eps_w1=2.076920e+00 | eps_w2=4.167811e-03
[step   192750] t/d= 385.500 | task1=1.761285e-01 | task2=6.513460e-03 | F1=1.694122e-01 | m1²=0.002511 | m2²=0.999843 | eps_w1=2.077037e+00 | eps_w2=4.162725e-03
[step   193000] t/d= 386.000 | task1=1.761133e-01 | task2=6.510941e-03 | F1=1.693971e-01 | m1²=0.002498 | m2²=0.999845 | eps_w1=2.077030e+00 | eps_w2=4.161002e-03
[step   193250] t/d= 386.500 | task1=1.761334e-01 | task2=6.509211e-03 | F1=1.694171e-01 | m1²=0.002499 | m2²=0.999846 | eps_w1=2.077447e+00 | eps_w2=4.136810e-03
[step   193500] t/d= 387.000 | task1=1.761528e-01 | task2=6.510343e-03 | F1=1.694365e-01 | m1²=0.002506 | m2²=0.999844 | eps_w1=2.077981e+00 | eps_w2=4.109554e-03
[step   193750] t/d= 387.500 | task1=1.761745e-01 | task2=6.510131e-03 | F1=1.694583e-01 | m1²=0.002497 | m2²=0.999845 | eps_w1=2.078376e+00 | eps_w2=4.087985e-03
[step   194000] t/d= 388.000 | task1=1.761960e-01 | task2=6.510220e-03 | F1=1.694798e-01 | m1²=0.002491 | m2²=0.999843 | eps_w1=2.078502e+00 | eps_w2=4.085208e-03
[step   194250] t/d= 388.500 | task1=1.761880e-01 | task2=6.510682e-03 | F1=1.694717e-01 | m1²=0.002487 | m2²=0.999844 | eps_w1=2.078487e+00 | eps_w2=4.085210e-03
[step   194500] t/d= 389.000 | task1=1.761568e-01 | task2=6.512844e-03 | F1=1.694405e-01 | m1²=0.002478 | m2²=0.999842 | eps_w1=2.077932e+00 | eps_w2=4.120086e-03
[step   194750] t/d= 389.500 | task1=1.761415e-01 | task2=6.514258e-03 | F1=1.694253e-01 | m1²=0.002460 | m2²=0.999840 | eps_w1=2.077777e+00 | eps_w2=4.133444e-03
[step   195000] t/d= 390.000 | task1=1.761506e-01 | task2=6.512436e-03 | F1=1.694343e-01 | m1²=0.002456 | m2²=0.999840 | eps_w1=2.077913e+00 | eps_w2=4.126431e-03
[step   195250] t/d= 390.500 | task1=1.761481e-01 | task2=6.513342e-03 | F1=1.694319e-01 | m1²=0.002451 | m2²=0.999841 | eps_w1=2.077957e+00 | eps_w2=4.123407e-03
[step   195500] t/d= 391.000 | task1=1.761608e-01 | task2=6.515460e-03 | F1=1.694445e-01 | m1²=0.002448 | m2²=0.999842 | eps_w1=2.078082e+00 | eps_w2=4.114682e-03
[step   195750] t/d= 391.500 | task1=1.761802e-01 | task2=6.514766e-03 | F1=1.694640e-01 | m1²=0.002450 | m2²=0.999842 | eps_w1=2.078405e+00 | eps_w2=4.097301e-03
[step   196000] t/d= 392.000 | task1=1.761681e-01 | task2=6.514849e-03 | F1=1.694519e-01 | m1²=0.002439 | m2²=0.999843 | eps_w1=2.078454e+00 | eps_w2=4.094537e-03
[step   196250] t/d= 392.500 | task1=1.761679e-01 | task2=6.516761e-03 | F1=1.694517e-01 | m1²=0.002451 | m2²=0.999842 | eps_w1=2.078364e+00 | eps_w2=4.099736e-03
[step   196500] t/d= 393.000 | task1=1.761660e-01 | task2=6.517090e-03 | F1=1.694497e-01 | m1²=0.002441 | m2²=0.999842 | eps_w1=2.078430e+00 | eps_w2=4.097055e-03
[step   196750] t/d= 393.500 | task1=1.761563e-01 | task2=6.515718e-03 | F1=1.694400e-01 | m1²=0.002438 | m2²=0.999842 | eps_w1=2.078224e+00 | eps_w2=4.107838e-03
[step   197000] t/d= 394.000 | task1=1.761510e-01 | task2=6.515208e-03 | F1=1.694348e-01 | m1²=0.002433 | m2²=0.999843 | eps_w1=2.078021e+00 | eps_w2=4.118164e-03
[step   197250] t/d= 394.500 | task1=1.761930e-01 | task2=6.516510e-03 | F1=1.694767e-01 | m1²=0.002428 | m2²=0.999844 | eps_w1=2.078598e+00 | eps_w2=4.086096e-03
[step   197500] t/d= 395.000 | task1=1.762048e-01 | task2=6.517813e-03 | F1=1.694886e-01 | m1²=0.002420 | m2²=0.999845 | eps_w1=2.078867e+00 | eps_w2=4.071279e-03
[step   197750] t/d= 395.500 | task1=1.762106e-01 | task2=6.516378e-03 | F1=1.694944e-01 | m1²=0.002424 | m2²=0.999843 | eps_w1=2.079050e+00 | eps_w2=4.064242e-03
[step   198000] t/d= 396.000 | task1=1.761921e-01 | task2=6.515359e-03 | F1=1.694759e-01 | m1²=0.002424 | m2²=0.999847 | eps_w1=2.078835e+00 | eps_w2=4.068193e-03
[step   198250] t/d= 396.500 | task1=1.761837e-01 | task2=6.514148e-03 | F1=1.694675e-01 | m1²=0.002426 | m2²=0.999848 | eps_w1=2.078996e+00 | eps_w2=4.058335e-03
[step   198500] t/d= 397.000 | task1=1.761718e-01 | task2=6.514134e-03 | F1=1.694555e-01 | m1²=0.002427 | m2²=0.999848 | eps_w1=2.078864e+00 | eps_w2=4.063524e-03
[step   198750] t/d= 397.500 | task1=1.761708e-01 | task2=6.516245e-03 | F1=1.694546e-01 | m1²=0.002432 | m2²=0.999846 | eps_w1=2.078891e+00 | eps_w2=4.066325e-03
[step   199000] t/d= 398.000 | task1=1.761731e-01 | task2=6.516853e-03 | F1=1.694569e-01 | m1²=0.002425 | m2²=0.999846 | eps_w1=2.078851e+00 | eps_w2=4.069905e-03
[step   199250] t/d= 398.500 | task1=1.761801e-01 | task2=6.515706e-03 | F1=1.694639e-01 | m1²=0.002421 | m2²=0.999845 | eps_w1=2.078956e+00 | eps_w2=4.065763e-03
[step   199500] t/d= 399.000 | task1=1.761844e-01 | task2=6.514146e-03 | F1=1.694682e-01 | m1²=0.002418 | m2²=0.999845 | eps_w1=2.079035e+00 | eps_w2=4.062395e-03
[step   199750] t/d= 399.500 | task1=1.762054e-01 | task2=6.514101e-03 | F1=1.694892e-01 | m1²=0.002426 | m2²=0.999845 | eps_w1=2.079359e+00 | eps_w2=4.043000e-03
[step   200000] t/d= 400.000 | task1=1.762108e-01 | task2=6.514704e-03 | F1=1.694946e-01 | m1²=0.002423 | m2²=0.999843 | eps_w1=2.079388e+00 | eps_w2=4.046010e-03
[step   200250] t/d= 400.500 | task1=1.762150e-01 | task2=6.515350e-03 | F1=1.694988e-01 | m1²=0.002420 | m2²=0.999845 | eps_w1=2.079382e+00 | eps_w2=4.043629e-03
[step   200500] t/d= 401.000 | task1=1.762017e-01 | task2=6.514459e-03 | F1=1.694855e-01 | m1²=0.002409 | m2²=0.999845 | eps_w1=2.079178e+00 | eps_w2=4.055130e-03
[step   200750] t/d= 401.500 | task1=1.761889e-01 | task2=6.513535e-03 | F1=1.694727e-01 | m1²=0.002404 | m2²=0.999845 | eps_w1=2.078983e+00 | eps_w2=4.065662e-03
[step   201000] t/d= 402.000 | task1=1.761882e-01 | task2=6.514698e-03 | F1=1.694719e-01 | m1²=0.002410 | m2²=0.999848 | eps_w1=2.078949e+00 | eps_w2=4.061917e-03
[step   201250] t/d= 402.500 | task1=1.762017e-01 | task2=6.515194e-03 | F1=1.694854e-01 | m1²=0.002405 | m2²=0.999850 | eps_w1=2.079210e+00 | eps_w2=4.044519e-03
[step   201500] t/d= 403.000 | task1=1.762096e-01 | task2=6.516302e-03 | F1=1.694933e-01 | m1²=0.002399 | m2²=0.999850 | eps_w1=2.079359e+00 | eps_w2=4.037285e-03
[step   201750] t/d= 403.500 | task1=1.762138e-01 | task2=6.515902e-03 | F1=1.694975e-01 | m1²=0.002392 | m2²=0.999852 | eps_w1=2.079241e+00 | eps_w2=4.040947e-03
[step   202000] t/d= 404.000 | task1=1.762170e-01 | task2=6.514410e-03 | F1=1.695007e-01 | m1²=0.002385 | m2²=0.999851 | eps_w1=2.079368e+00 | eps_w2=4.037165e-03
[step   202250] t/d= 404.500 | task1=1.762207e-01 | task2=6.513503e-03 | F1=1.695045e-01 | m1²=0.002379 | m2²=0.999852 | eps_w1=2.079426e+00 | eps_w2=4.031822e-03
[step   202500] t/d= 405.000 | task1=1.762333e-01 | task2=6.512846e-03 | F1=1.695171e-01 | m1²=0.002384 | m2²=0.999853 | eps_w1=2.079549e+00 | eps_w2=4.023275e-03
[step   202750] t/d= 405.500 | task1=1.762502e-01 | task2=6.513795e-03 | F1=1.695339e-01 | m1²=0.002378 | m2²=0.999853 | eps_w1=2.079796e+00 | eps_w2=4.010480e-03
[step   203000] t/d= 406.000 | task1=1.762785e-01 | task2=6.514383e-03 | F1=1.695623e-01 | m1²=0.002370 | m2²=0.999852 | eps_w1=2.080126e+00 | eps_w2=3.996128e-03
[step   203250] t/d= 406.500 | task1=1.763234e-01 | task2=6.512413e-03 | F1=1.696072e-01 | m1²=0.002364 | m2²=0.999852 | eps_w1=2.080643e+00 | eps_w2=3.969869e-03
[step   203500] t/d= 407.000 | task1=1.763287e-01 | task2=6.511671e-03 | F1=1.696124e-01 | m1²=0.002362 | m2²=0.999853 | eps_w1=2.080849e+00 | eps_w2=3.957828e-03
[step   203750] t/d= 407.500 | task1=1.763758e-01 | task2=6.510268e-03 | F1=1.696595e-01 | m1²=0.002350 | m2²=0.999856 | eps_w1=2.081783e+00 | eps_w2=3.904973e-03
[step   204000] t/d= 408.000 | task1=1.763706e-01 | task2=6.510255e-03 | F1=1.696544e-01 | m1²=0.002346 | m2²=0.999857 | eps_w1=2.081915e+00 | eps_w2=3.895382e-03
[step   204250] t/d= 408.500 | task1=1.763499e-01 | task2=6.511622e-03 | F1=1.696337e-01 | m1²=0.002344 | m2²=0.999857 | eps_w1=2.081706e+00 | eps_w2=3.906790e-03
[step   204500] t/d= 409.000 | task1=1.763469e-01 | task2=6.511663e-03 | F1=1.696306e-01 | m1²=0.002342 | m2²=0.999855 | eps_w1=2.081570e+00 | eps_w2=3.917754e-03
[step   204750] t/d= 409.500 | task1=1.763230e-01 | task2=6.512770e-03 | F1=1.696068e-01 | m1²=0.002349 | m2²=0.999855 | eps_w1=2.081254e+00 | eps_w2=3.933355e-03
[step   205000] t/d= 410.000 | task1=1.763411e-01 | task2=6.511477e-03 | F1=1.696248e-01 | m1²=0.002348 | m2²=0.999855 | eps_w1=2.081429e+00 | eps_w2=3.924997e-03
[step   205250] t/d= 410.500 | task1=1.763260e-01 | task2=6.512808e-03 | F1=1.696097e-01 | m1²=0.002347 | m2²=0.999853 | eps_w1=2.081141e+00 | eps_w2=3.943687e-03
[step   205500] t/d= 411.000 | task1=1.763317e-01 | task2=6.511720e-03 | F1=1.696155e-01 | m1²=0.002341 | m2²=0.999852 | eps_w1=2.081181e+00 | eps_w2=3.943950e-03
[step   205750] t/d= 411.500 | task1=1.763362e-01 | task2=6.512963e-03 | F1=1.696200e-01 | m1²=0.002343 | m2²=0.999851 | eps_w1=2.081019e+00 | eps_w2=3.954202e-03
[step   206000] t/d= 412.000 | task1=1.763076e-01 | task2=6.512548e-03 | F1=1.695913e-01 | m1²=0.002348 | m2²=0.999851 | eps_w1=2.080652e+00 | eps_w2=3.973039e-03
[step   206250] t/d= 412.500 | task1=1.762920e-01 | task2=6.514638e-03 | F1=1.695758e-01 | m1²=0.002341 | m2²=0.999851 | eps_w1=2.080445e+00 | eps_w2=3.985065e-03
[step   206500] t/d= 413.000 | task1=1.762882e-01 | task2=6.515604e-03 | F1=1.695719e-01 | m1²=0.002338 | m2²=0.999848 | eps_w1=2.080480e+00 | eps_w2=3.987838e-03
[step   206750] t/d= 413.500 | task1=1.763287e-01 | task2=6.515708e-03 | F1=1.696124e-01 | m1²=0.002341 | m2²=0.999850 | eps_w1=2.080948e+00 | eps_w2=3.959856e-03
[step   207000] t/d= 414.000 | task1=1.763429e-01 | task2=6.514969e-03 | F1=1.696267e-01 | m1²=0.002342 | m2²=0.999850 | eps_w1=2.081147e+00 | eps_w2=3.950317e-03
[step   207250] t/d= 414.500 | task1=1.763592e-01 | task2=6.515704e-03 | F1=1.696430e-01 | m1²=0.002341 | m2²=0.999850 | eps_w1=2.081348e+00 | eps_w2=3.939120e-03
[step   207500] t/d= 415.000 | task1=1.763598e-01 | task2=6.513685e-03 | F1=1.696436e-01 | m1²=0.002333 | m2²=0.999850 | eps_w1=2.081524e+00 | eps_w2=3.930075e-03
[step   207750] t/d= 415.500 | task1=1.763700e-01 | task2=6.513436e-03 | F1=1.696538e-01 | m1²=0.002333 | m2²=0.999851 | eps_w1=2.081562e+00 | eps_w2=3.927763e-03
[step   208000] t/d= 416.000 | task1=1.763527e-01 | task2=6.512019e-03 | F1=1.696364e-01 | m1²=0.002332 | m2²=0.999853 | eps_w1=2.081271e+00 | eps_w2=3.939122e-03
[step   208250] t/d= 416.500 | task1=1.763809e-01 | task2=6.510703e-03 | F1=1.696647e-01 | m1²=0.002327 | m2²=0.999850 | eps_w1=2.081663e+00 | eps_w2=3.924472e-03
[step   208500] t/d= 417.000 | task1=1.763857e-01 | task2=6.512325e-03 | F1=1.696695e-01 | m1²=0.002325 | m2²=0.999848 | eps_w1=2.081760e+00 | eps_w2=3.923907e-03
[step   208750] t/d= 417.500 | task1=1.763491e-01 | task2=6.512837e-03 | F1=1.696329e-01 | m1²=0.002319 | m2²=0.999846 | eps_w1=2.081360e+00 | eps_w2=3.947683e-03
[step   209000] t/d= 418.000 | task1=1.763901e-01 | task2=6.510034e-03 | F1=1.696739e-01 | m1²=0.002314 | m2²=0.999846 | eps_w1=2.081945e+00 | eps_w2=3.918202e-03
[step   209250] t/d= 418.500 | task1=1.764125e-01 | task2=6.513312e-03 | F1=1.696963e-01 | m1²=0.002305 | m2²=0.999846 | eps_w1=2.082210e+00 | eps_w2=3.905508e-03
[step   209500] t/d= 419.000 | task1=1.764228e-01 | task2=6.513811e-03 | F1=1.697066e-01 | m1²=0.002310 | m2²=0.999847 | eps_w1=2.082377e+00 | eps_w2=3.893941e-03
[step   209750] t/d= 419.500 | task1=1.764088e-01 | task2=6.515522e-03 | F1=1.696926e-01 | m1²=0.002318 | m2²=0.999846 | eps_w1=2.082032e+00 | eps_w2=3.913493e-03
[step   210000] t/d= 420.000 | task1=1.764057e-01 | task2=6.514367e-03 | F1=1.696895e-01 | m1²=0.002313 | m2²=0.999846 | eps_w1=2.081987e+00 | eps_w2=3.915562e-03
[step   210250] t/d= 420.500 | task1=1.763979e-01 | task2=6.513806e-03 | F1=1.696816e-01 | m1²=0.002314 | m2²=0.999845 | eps_w1=2.081991e+00 | eps_w2=3.917336e-03
[step   210500] t/d= 421.000 | task1=1.764025e-01 | task2=6.514154e-03 | F1=1.696862e-01 | m1²=0.002315 | m2²=0.999843 | eps_w1=2.082031e+00 | eps_w2=3.919050e-03
[step   210750] t/d= 421.500 | task1=1.764110e-01 | task2=6.514338e-03 | F1=1.696948e-01 | m1²=0.002316 | m2²=0.999844 | eps_w1=2.082233e+00 | eps_w2=3.906295e-03
[step   211000] t/d= 422.000 | task1=1.763966e-01 | task2=6.516628e-03 | F1=1.696804e-01 | m1²=0.002316 | m2²=0.999845 | eps_w1=2.081798e+00 | eps_w2=3.927761e-03
[step   211250] t/d= 422.500 | task1=1.763704e-01 | task2=6.515741e-03 | F1=1.696542e-01 | m1²=0.002310 | m2²=0.999846 | eps_w1=2.081485e+00 | eps_w2=3.942809e-03
[step   211500] t/d= 423.000 | task1=1.763801e-01 | task2=6.515346e-03 | F1=1.696639e-01 | m1²=0.002307 | m2²=0.999844 | eps_w1=2.081592e+00 | eps_w2=3.940761e-03
[step   211750] t/d= 423.500 | task1=1.763735e-01 | task2=6.515853e-03 | F1=1.696572e-01 | m1²=0.002317 | m2²=0.999845 | eps_w1=2.081604e+00 | eps_w2=3.937950e-03
[step   212000] t/d= 424.000 | task1=1.763943e-01 | task2=6.515523e-03 | F1=1.696781e-01 | m1²=0.002313 | m2²=0.999842 | eps_w1=2.081833e+00 | eps_w2=3.931883e-03
[step   212250] t/d= 424.500 | task1=1.763822e-01 | task2=6.513776e-03 | F1=1.696660e-01 | m1²=0.002308 | m2²=0.999843 | eps_w1=2.081651e+00 | eps_w2=3.939199e-03
[step   212500] t/d= 425.000 | task1=1.763537e-01 | task2=6.514186e-03 | F1=1.696375e-01 | m1²=0.002315 | m2²=0.999844 | eps_w1=2.081175e+00 | eps_w2=3.961421e-03
[step   212750] t/d= 425.500 | task1=1.763631e-01 | task2=6.513909e-03 | F1=1.696468e-01 | m1²=0.002320 | m2²=0.999843 | eps_w1=2.081308e+00 | eps_w2=3.957070e-03
[step   213000] t/d= 426.000 | task1=1.763476e-01 | task2=6.515573e-03 | F1=1.696314e-01 | m1²=0.002324 | m2²=0.999841 | eps_w1=2.081068e+00 | eps_w2=3.972054e-03
[step   213250] t/d= 426.500 | task1=1.763751e-01 | task2=6.516452e-03 | F1=1.696589e-01 | m1²=0.002322 | m2²=0.999843 | eps_w1=2.081441e+00 | eps_w2=3.949233e-03
[step   213500] t/d= 427.000 | task1=1.764218e-01 | task2=6.515793e-03 | F1=1.697055e-01 | m1²=0.002324 | m2²=0.999844 | eps_w1=2.082206e+00 | eps_w2=3.908182e-03
[step   213750] t/d= 427.500 | task1=1.764255e-01 | task2=6.514609e-03 | F1=1.697092e-01 | m1²=0.002324 | m2²=0.999844 | eps_w1=2.082394e+00 | eps_w2=3.897427e-03
[step   214000] t/d= 428.000 | task1=1.764598e-01 | task2=6.515139e-03 | F1=1.697435e-01 | m1²=0.002331 | m2²=0.999846 | eps_w1=2.082717e+00 | eps_w2=3.877272e-03
[step   214250] t/d= 428.500 | task1=1.764687e-01 | task2=6.515445e-03 | F1=1.697525e-01 | m1²=0.002325 | m2²=0.999848 | eps_w1=2.082951e+00 | eps_w2=3.861650e-03
[step   214500] t/d= 429.000 | task1=1.764520e-01 | task2=6.512981e-03 | F1=1.697357e-01 | m1²=0.002326 | m2²=0.999847 | eps_w1=2.082730e+00 | eps_w2=3.874200e-03
[step   214750] t/d= 429.500 | task1=1.764490e-01 | task2=6.511891e-03 | F1=1.697327e-01 | m1²=0.002327 | m2²=0.999847 | eps_w1=2.082845e+00 | eps_w2=3.868672e-03
[step   215000] t/d= 430.000 | task1=1.764409e-01 | task2=6.512068e-03 | F1=1.697247e-01 | m1²=0.002327 | m2²=0.999850 | eps_w1=2.082782e+00 | eps_w2=3.866468e-03
[step   215250] t/d= 430.500 | task1=1.764662e-01 | task2=6.510810e-03 | F1=1.697500e-01 | m1²=0.002319 | m2²=0.999850 | eps_w1=2.083157e+00 | eps_w2=3.847960e-03
[step   215500] t/d= 431.000 | task1=1.764554e-01 | task2=6.511257e-03 | F1=1.697392e-01 | m1²=0.002322 | m2²=0.999849 | eps_w1=2.083087e+00 | eps_w2=3.851920e-03
[step   215750] t/d= 431.500 | task1=1.764571e-01 | task2=6.512524e-03 | F1=1.697408e-01 | m1²=0.002332 | m2²=0.999847 | eps_w1=2.083124e+00 | eps_w2=3.854252e-03
[step   216000] t/d= 432.000 | task1=1.764695e-01 | task2=6.513073e-03 | F1=1.697533e-01 | m1²=0.002332 | m2²=0.999844 | eps_w1=2.083262e+00 | eps_w2=3.852550e-03
[step   216250] t/d= 432.500 | task1=1.764636e-01 | task2=6.511868e-03 | F1=1.697474e-01 | m1²=0.002333 | m2²=0.999845 | eps_w1=2.083061e+00 | eps_w2=3.860019e-03
[step   216500] t/d= 433.000 | task1=1.764523e-01 | task2=6.509999e-03 | F1=1.697361e-01 | m1²=0.002325 | m2²=0.999845 | eps_w1=2.082901e+00 | eps_w2=3.870103e-03
[step   216750] t/d= 433.500 | task1=1.764613e-01 | task2=6.511566e-03 | F1=1.697451e-01 | m1²=0.002328 | m2²=0.999847 | eps_w1=2.083089e+00 | eps_w2=3.855037e-03
[step   217000] t/d= 434.000 | task1=1.764674e-01 | task2=6.513151e-03 | F1=1.697511e-01 | m1²=0.002334 | m2²=0.999848 | eps_w1=2.083396e+00 | eps_w2=3.837194e-03
[step   217250] t/d= 434.500 | task1=1.764718e-01 | task2=6.512971e-03 | F1=1.697555e-01 | m1²=0.002335 | m2²=0.999848 | eps_w1=2.083441e+00 | eps_w2=3.834531e-03
[step   217500] t/d= 435.000 | task1=1.764757e-01 | task2=6.515059e-03 | F1=1.697595e-01 | m1²=0.002340 | m2²=0.999846 | eps_w1=2.083527e+00 | eps_w2=3.833161e-03
[step   217750] t/d= 435.500 | task1=1.764829e-01 | task2=6.514735e-03 | F1=1.697667e-01 | m1²=0.002336 | m2²=0.999847 | eps_w1=2.083769e+00 | eps_w2=3.819172e-03
[step   218000] t/d= 436.000 | task1=1.764812e-01 | task2=6.516237e-03 | F1=1.697650e-01 | m1²=0.002327 | m2²=0.999848 | eps_w1=2.083889e+00 | eps_w2=3.812610e-03
[step   218250] t/d= 436.500 | task1=1.764776e-01 | task2=6.514059e-03 | F1=1.697614e-01 | m1²=0.002326 | m2²=0.999849 | eps_w1=2.083853e+00 | eps_w2=3.813722e-03
[step   218500] t/d= 437.000 | task1=1.764700e-01 | task2=6.511301e-03 | F1=1.697538e-01 | m1²=0.002322 | m2²=0.999848 | eps_w1=2.083798e+00 | eps_w2=3.817354e-03
[step   218750] t/d= 437.500 | task1=1.764661e-01 | task2=6.509497e-03 | F1=1.697498e-01 | m1²=0.002318 | m2²=0.999848 | eps_w1=2.083869e+00 | eps_w2=3.814334e-03
[step   219000] t/d= 438.000 | task1=1.764793e-01 | task2=6.508876e-03 | F1=1.697630e-01 | m1²=0.002321 | m2²=0.999848 | eps_w1=2.084009e+00 | eps_w2=3.806916e-03
[step   219250] t/d= 438.500 | task1=1.764797e-01 | task2=6.510754e-03 | F1=1.697634e-01 | m1²=0.002319 | m2²=0.999847 | eps_w1=2.083813e+00 | eps_w2=3.820334e-03
[step   219500] t/d= 439.000 | task1=1.764688e-01 | task2=6.511811e-03 | F1=1.697526e-01 | m1²=0.002317 | m2²=0.999846 | eps_w1=2.083885e+00 | eps_w2=3.818531e-03
[step   219750] t/d= 439.500 | task1=1.764499e-01 | task2=6.510234e-03 | F1=1.697337e-01 | m1²=0.002312 | m2²=0.999845 | eps_w1=2.083585e+00 | eps_w2=3.835947e-03
[step   220000] t/d= 440.000 | task1=1.764223e-01 | task2=6.509595e-03 | F1=1.697060e-01 | m1²=0.002318 | m2²=0.999843 | eps_w1=2.083053e+00 | eps_w2=3.866775e-03
[step   220250] t/d= 440.500 | task1=1.764268e-01 | task2=6.508424e-03 | F1=1.697106e-01 | m1²=0.002330 | m2²=0.999842 | eps_w1=2.083225e+00 | eps_w2=3.857178e-03
[step   220500] t/d= 441.000 | task1=1.764122e-01 | task2=6.511693e-03 | F1=1.696960e-01 | m1²=0.002338 | m2²=0.999840 | eps_w1=2.083089e+00 | eps_w2=3.866940e-03
[step   220750] t/d= 441.500 | task1=1.764166e-01 | task2=6.509708e-03 | F1=1.697004e-01 | m1²=0.002330 | m2²=0.999842 | eps_w1=2.083019e+00 | eps_w2=3.868103e-03
[step   221000] t/d= 442.000 | task1=1.764213e-01 | task2=6.510727e-03 | F1=1.697051e-01 | m1²=0.002332 | m2²=0.999841 | eps_w1=2.083105e+00 | eps_w2=3.865760e-03
[step   221250] t/d= 442.500 | task1=1.764322e-01 | task2=6.508770e-03 | F1=1.697160e-01 | m1²=0.002334 | m2²=0.999842 | eps_w1=2.083289e+00 | eps_w2=3.854456e-03
[step   221500] t/d= 443.000 | task1=1.764038e-01 | task2=6.509378e-03 | F1=1.696876e-01 | m1²=0.002333 | m2²=0.999842 | eps_w1=2.082753e+00 | eps_w2=3.881780e-03
[step   221750] t/d= 443.500 | task1=1.763878e-01 | task2=6.508617e-03 | F1=1.696716e-01 | m1²=0.002332 | m2²=0.999842 | eps_w1=2.082686e+00 | eps_w2=3.885770e-03
[step   222000] t/d= 444.000 | task1=1.763886e-01 | task2=6.507447e-03 | F1=1.696724e-01 | m1²=0.002324 | m2²=0.999844 | eps_w1=2.082696e+00 | eps_w2=3.881423e-03
[step   222250] t/d= 444.500 | task1=1.764097e-01 | task2=6.506801e-03 | F1=1.696935e-01 | m1²=0.002319 | m2²=0.999844 | eps_w1=2.082915e+00 | eps_w2=3.870829e-03
[step   222500] t/d= 445.000 | task1=1.763850e-01 | task2=6.506892e-03 | F1=1.696688e-01 | m1²=0.002322 | m2²=0.999846 | eps_w1=2.082520e+00 | eps_w2=3.888589e-03
[step   222750] t/d= 445.500 | task1=1.763769e-01 | task2=6.504953e-03 | F1=1.696606e-01 | m1²=0.002322 | m2²=0.999845 | eps_w1=2.082385e+00 | eps_w2=3.896192e-03
[step   223000] t/d= 446.000 | task1=1.763483e-01 | task2=6.502651e-03 | F1=1.696320e-01 | m1²=0.002317 | m2²=0.999846 | eps_w1=2.081992e+00 | eps_w2=3.915405e-03
[step   223250] t/d= 446.500 | task1=1.763298e-01 | task2=6.502946e-03 | F1=1.696135e-01 | m1²=0.002314 | m2²=0.999846 | eps_w1=2.081708e+00 | eps_w2=3.930671e-03
[step   223500] t/d= 447.000 | task1=1.763526e-01 | task2=6.504855e-03 | F1=1.696364e-01 | m1²=0.002305 | m2²=0.999847 | eps_w1=2.082010e+00 | eps_w2=3.915035e-03
[step   223750] t/d= 447.500 | task1=1.763464e-01 | task2=6.504978e-03 | F1=1.696302e-01 | m1²=0.002301 | m2²=0.999845 | eps_w1=2.081897e+00 | eps_w2=3.924888e-03
[step   224000] t/d= 448.000 | task1=1.763678e-01 | task2=6.503341e-03 | F1=1.696516e-01 | m1²=0.002304 | m2²=0.999844 | eps_w1=2.082061e+00 | eps_w2=3.917047e-03
[step   224250] t/d= 448.500 | task1=1.763949e-01 | task2=6.504033e-03 | F1=1.696786e-01 | m1²=0.002304 | m2²=0.999843 | eps_w1=2.082633e+00 | eps_w2=3.890213e-03
[step   224500] t/d= 449.000 | task1=1.763764e-01 | task2=6.504338e-03 | F1=1.696602e-01 | m1²=0.002311 | m2²=0.999843 | eps_w1=2.082460e+00 | eps_w2=3.896759e-03
[step   224750] t/d= 449.500 | task1=1.763789e-01 | task2=6.504024e-03 | F1=1.696626e-01 | m1²=0.002302 | m2²=0.999844 | eps_w1=2.082478e+00 | eps_w2=3.895875e-03
[step   225000] t/d= 450.000 | task1=1.763761e-01 | task2=6.504842e-03 | F1=1.696599e-01 | m1²=0.002299 | m2²=0.999842 | eps_w1=2.082579e+00 | eps_w2=3.895302e-03
[step   225250] t/d= 450.500 | task1=1.763504e-01 | task2=6.504886e-03 | F1=1.696342e-01 | m1²=0.002302 | m2²=0.999840 | eps_w1=2.082171e+00 | eps_w2=3.919504e-03
[step   225500] t/d= 451.000 | task1=1.763732e-01 | task2=6.501470e-03 | F1=1.696569e-01 | m1²=0.002293 | m2²=0.999840 | eps_w1=2.082443e+00 | eps_w2=3.905355e-03
[step   225750] t/d= 451.500 | task1=1.763971e-01 | task2=6.499942e-03 | F1=1.696809e-01 | m1²=0.002286 | m2²=0.999841 | eps_w1=2.082856e+00 | eps_w2=3.883287e-03
[step   226000] t/d= 452.000 | task1=1.764059e-01 | task2=6.500879e-03 | F1=1.696897e-01 | m1²=0.002281 | m2²=0.999841 | eps_w1=2.083104e+00 | eps_w2=3.871504e-03
[step   226250] t/d= 452.500 | task1=1.764326e-01 | task2=6.500272e-03 | F1=1.697164e-01 | m1²=0.002280 | m2²=0.999841 | eps_w1=2.083449e+00 | eps_w2=3.853305e-03
[step   226500] t/d= 453.000 | task1=1.764173e-01 | task2=6.502479e-03 | F1=1.697011e-01 | m1²=0.002282 | m2²=0.999844 | eps_w1=2.083097e+00 | eps_w2=3.866703e-03
[step   226750] t/d= 453.500 | task1=1.763954e-01 | task2=6.502545e-03 | F1=1.696792e-01 | m1²=0.002286 | m2²=0.999844 | eps_w1=2.082703e+00 | eps_w2=3.886389e-03
[step   227000] t/d= 454.000 | task1=1.763888e-01 | task2=6.501323e-03 | F1=1.696726e-01 | m1²=0.002292 | m2²=0.999844 | eps_w1=2.082813e+00 | eps_w2=3.879592e-03
[step   227250] t/d= 454.500 | task1=1.764034e-01 | task2=6.501075e-03 | F1=1.696872e-01 | m1²=0.002287 | m2²=0.999843 | eps_w1=2.082913e+00 | eps_w2=3.877246e-03
[step   227500] t/d= 455.000 | task1=1.764029e-01 | task2=6.500797e-03 | F1=1.696867e-01 | m1²=0.002287 | m2²=0.999844 | eps_w1=2.082818e+00 | eps_w2=3.880281e-03
[step   227750] t/d= 455.500 | task1=1.764194e-01 | task2=6.501560e-03 | F1=1.697032e-01 | m1²=0.002282 | m2²=0.999848 | eps_w1=2.083076e+00 | eps_w2=3.858691e-03
[step   228000] t/d= 456.000 | task1=1.764249e-01 | task2=6.502104e-03 | F1=1.697087e-01 | m1²=0.002285 | m2²=0.999846 | eps_w1=2.083043e+00 | eps_w2=3.864207e-03
[step   228250] t/d= 456.500 | task1=1.764409e-01 | task2=6.504903e-03 | F1=1.697247e-01 | m1²=0.002278 | m2²=0.999846 | eps_w1=2.083425e+00 | eps_w2=3.845541e-03
[step   228500] t/d= 457.000 | task1=1.764383e-01 | task2=6.506923e-03 | F1=1.697221e-01 | m1²=0.002276 | m2²=0.999845 | eps_w1=2.083421e+00 | eps_w2=3.847315e-03
[step   228750] t/d= 457.500 | task1=1.764420e-01 | task2=6.505315e-03 | F1=1.697258e-01 | m1²=0.002276 | m2²=0.999845 | eps_w1=2.083319e+00 | eps_w2=3.852604e-03
[step   229000] t/d= 458.000 | task1=1.764728e-01 | task2=6.503738e-03 | F1=1.697566e-01 | m1²=0.002277 | m2²=0.999847 | eps_w1=2.083769e+00 | eps_w2=3.826265e-03
[step   229250] t/d= 458.500 | task1=1.764830e-01 | task2=6.503294e-03 | F1=1.697668e-01 | m1²=0.002281 | m2²=0.999847 | eps_w1=2.084048e+00 | eps_w2=3.811088e-03
[step   229500] t/d= 459.000 | task1=1.764931e-01 | task2=6.503945e-03 | F1=1.697768e-01 | m1²=0.002279 | m2²=0.999846 | eps_w1=2.084040e+00 | eps_w2=3.814170e-03
[step   229750] t/d= 459.500 | task1=1.764683e-01 | task2=6.504460e-03 | F1=1.697521e-01 | m1²=0.002279 | m2²=0.999845 | eps_w1=2.083805e+00 | eps_w2=3.828651e-03
[step   230000] t/d= 460.000 | task1=1.764757e-01 | task2=6.503441e-03 | F1=1.697595e-01 | m1²=0.002278 | m2²=0.999844 | eps_w1=2.083698e+00 | eps_w2=3.836233e-03
[step   230250] t/d= 460.500 | task1=1.764983e-01 | task2=6.504457e-03 | F1=1.697821e-01 | m1²=0.002281 | m2²=0.999843 | eps_w1=2.083931e+00 | eps_w2=3.824659e-03
[step   230500] t/d= 461.000 | task1=1.764917e-01 | task2=6.504608e-03 | F1=1.697754e-01 | m1²=0.002286 | m2²=0.999842 | eps_w1=2.083922e+00 | eps_w2=3.826978e-03
[step   230750] t/d= 461.500 | task1=1.764872e-01 | task2=6.503903e-03 | F1=1.697710e-01 | m1²=0.002287 | m2²=0.999842 | eps_w1=2.083976e+00 | eps_w2=3.823808e-03
[step   231000] t/d= 462.000 | task1=1.765009e-01 | task2=6.502760e-03 | F1=1.697846e-01 | m1²=0.002294 | m2²=0.999843 | eps_w1=2.084203e+00 | eps_w2=3.809628e-03
[step   231250] t/d= 462.500 | task1=1.764948e-01 | task2=6.502397e-03 | F1=1.697786e-01 | m1²=0.002281 | m2²=0.999842 | eps_w1=2.084157e+00 | eps_w2=3.815065e-03
[step   231500] t/d= 463.000 | task1=1.764720e-01 | task2=6.503726e-03 | F1=1.697557e-01 | m1²=0.002286 | m2²=0.999843 | eps_w1=2.083649e+00 | eps_w2=3.838085e-03
[step   231750] t/d= 463.500 | task1=1.764847e-01 | task2=6.502282e-03 | F1=1.697685e-01 | m1²=0.002277 | m2²=0.999844 | eps_w1=2.083775e+00 | eps_w2=3.831871e-03
[step   232000] t/d= 464.000 | task1=1.764743e-01 | task2=6.503609e-03 | F1=1.697580e-01 | m1²=0.002270 | m2²=0.999843 | eps_w1=2.083518e+00 | eps_w2=3.847062e-03
[step   232250] t/d= 464.500 | task1=1.764735e-01 | task2=6.503157e-03 | F1=1.697573e-01 | m1²=0.002266 | m2²=0.999844 | eps_w1=2.083502e+00 | eps_w2=3.846257e-03
[step   232500] t/d= 465.000 | task1=1.764774e-01 | task2=6.504082e-03 | F1=1.697611e-01 | m1²=0.002259 | m2²=0.999845 | eps_w1=2.083414e+00 | eps_w2=3.849451e-03
[step   232750] t/d= 465.500 | task1=1.764659e-01 | task2=6.504672e-03 | F1=1.697497e-01 | m1²=0.002246 | m2²=0.999846 | eps_w1=2.083207e+00 | eps_w2=3.860621e-03
[step   233000] t/d= 466.000 | task1=1.764765e-01 | task2=6.505822e-03 | F1=1.697602e-01 | m1²=0.002238 | m2²=0.999845 | eps_w1=2.083121e+00 | eps_w2=3.867145e-03
[step   233250] t/d= 466.500 | task1=1.764666e-01 | task2=6.504902e-03 | F1=1.697503e-01 | m1²=0.002234 | m2²=0.999844 | eps_w1=2.082954e+00 | eps_w2=3.877743e-03
[step   233500] t/d= 467.000 | task1=1.764718e-01 | task2=6.505013e-03 | F1=1.697556e-01 | m1²=0.002232 | m2²=0.999846 | eps_w1=2.083023e+00 | eps_w2=3.871888e-03
[step   233750] t/d= 467.500 | task1=1.764653e-01 | task2=6.506454e-03 | F1=1.697490e-01 | m1²=0.002229 | m2²=0.999847 | eps_w1=2.083044e+00 | eps_w2=3.867829e-03
[step   234000] t/d= 468.000 | task1=1.764766e-01 | task2=6.506612e-03 | F1=1.697604e-01 | m1²=0.002233 | m2²=0.999848 | eps_w1=2.083159e+00 | eps_w2=3.859850e-03
[step   234250] t/d= 468.500 | task1=1.765129e-01 | task2=6.506248e-03 | F1=1.697967e-01 | m1²=0.002229 | m2²=0.999849 | eps_w1=2.083695e+00 | eps_w2=3.831970e-03
[step   234500] t/d= 469.000 | task1=1.765023e-01 | task2=6.503340e-03 | F1=1.697861e-01 | m1²=0.002227 | m2²=0.999850 | eps_w1=2.083560e+00 | eps_w2=3.836818e-03
[step   234750] t/d= 469.500 | task1=1.765225e-01 | task2=6.503834e-03 | F1=1.698062e-01 | m1²=0.002217 | m2²=0.999849 | eps_w1=2.084022e+00 | eps_w2=3.816443e-03
[step   235000] t/d= 470.000 | task1=1.765350e-01 | task2=6.504475e-03 | F1=1.698188e-01 | m1²=0.002216 | m2²=0.999847 | eps_w1=2.084176e+00 | eps_w2=3.811249e-03
[step   235250] t/d= 470.500 | task1=1.765096e-01 | task2=6.503225e-03 | F1=1.697934e-01 | m1²=0.002228 | m2²=0.999847 | eps_w1=2.083702e+00 | eps_w2=3.834148e-03
[step   235500] t/d= 471.000 | task1=1.765056e-01 | task2=6.504911e-03 | F1=1.697893e-01 | m1²=0.002227 | m2²=0.999848 | eps_w1=2.083586e+00 | eps_w2=3.839677e-03
[step   235750] t/d= 471.500 | task1=1.764918e-01 | task2=6.504800e-03 | F1=1.697756e-01 | m1²=0.002227 | m2²=0.999849 | eps_w1=2.083448e+00 | eps_w2=3.843787e-03
[step   236000] t/d= 472.000 | task1=1.764945e-01 | task2=6.502061e-03 | F1=1.697782e-01 | m1²=0.002226 | m2²=0.999850 | eps_w1=2.083619e+00 | eps_w2=3.833506e-03
[step   236250] t/d= 472.500 | task1=1.765070e-01 | task2=6.503833e-03 | F1=1.697907e-01 | m1²=0.002232 | m2²=0.999849 | eps_w1=2.083925e+00 | eps_w2=3.818418e-03
[step   236500] t/d= 473.000 | task1=1.765022e-01 | task2=6.502995e-03 | F1=1.697860e-01 | m1²=0.002224 | m2²=0.999849 | eps_w1=2.083903e+00 | eps_w2=3.820633e-03
[step   236750] t/d= 473.500 | task1=1.764887e-01 | task2=6.502977e-03 | F1=1.697724e-01 | m1²=0.002228 | m2²=0.999849 | eps_w1=2.083771e+00 | eps_w2=3.827845e-03
[step   237000] t/d= 474.000 | task1=1.765090e-01 | task2=6.504212e-03 | F1=1.697928e-01 | m1²=0.002224 | m2²=0.999848 | eps_w1=2.084111e+00 | eps_w2=3.813335e-03
[step   237250] t/d= 474.500 | task1=1.765242e-01 | task2=6.503939e-03 | F1=1.698079e-01 | m1²=0.002229 | m2²=0.999848 | eps_w1=2.084465e+00 | eps_w2=3.793043e-03
[step   237500] t/d= 475.000 | task1=1.765027e-01 | task2=6.503365e-03 | F1=1.697865e-01 | m1²=0.002238 | m2²=0.999850 | eps_w1=2.084191e+00 | eps_w2=3.803041e-03
[step   237750] t/d= 475.500 | task1=1.764922e-01 | task2=6.502116e-03 | F1=1.697760e-01 | m1²=0.002239 | m2²=0.999851 | eps_w1=2.083983e+00 | eps_w2=3.811176e-03
[step   238000] t/d= 476.000 | task1=1.764965e-01 | task2=6.501234e-03 | F1=1.697803e-01 | m1²=0.002234 | m2²=0.999851 | eps_w1=2.084010e+00 | eps_w2=3.810773e-03
[step   238250] t/d= 476.500 | task1=1.765064e-01 | task2=6.502854e-03 | F1=1.697901e-01 | m1²=0.002234 | m2²=0.999851 | eps_w1=2.084096e+00 | eps_w2=3.805664e-03
[step   238500] t/d= 477.000 | task1=1.765003e-01 | task2=6.502867e-03 | F1=1.697841e-01 | m1²=0.002226 | m2²=0.999854 | eps_w1=2.083770e+00 | eps_w2=3.819325e-03
[step   238750] t/d= 477.500 | task1=1.765343e-01 | task2=6.500713e-03 | F1=1.698181e-01 | m1²=0.002222 | m2²=0.999854 | eps_w1=2.084191e+00 | eps_w2=3.797191e-03
[step   239000] t/d= 478.000 | task1=1.765283e-01 | task2=6.499849e-03 | F1=1.698121e-01 | m1²=0.002227 | m2²=0.999854 | eps_w1=2.084102e+00 | eps_w2=3.800594e-03
[step   239250] t/d= 478.500 | task1=1.765164e-01 | task2=6.500303e-03 | F1=1.698002e-01 | m1²=0.002220 | m2²=0.999854 | eps_w1=2.083909e+00 | eps_w2=3.811594e-03
[step   239500] t/d= 479.000 | task1=1.765180e-01 | task2=6.498935e-03 | F1=1.698018e-01 | m1²=0.002227 | m2²=0.999854 | eps_w1=2.083851e+00 | eps_w2=3.813677e-03
[step   239750] t/d= 479.500 | task1=1.765371e-01 | task2=6.498828e-03 | F1=1.698209e-01 | m1²=0.002225 | m2²=0.999852 | eps_w1=2.084153e+00 | eps_w2=3.803111e-03
[step   240000] t/d= 480.000 | task1=1.765408e-01 | task2=6.499098e-03 | F1=1.698246e-01 | m1²=0.002215 | m2²=0.999851 | eps_w1=2.084318e+00 | eps_w2=3.797092e-03
[step   240250] t/d= 480.500 | task1=1.765325e-01 | task2=6.497982e-03 | F1=1.698162e-01 | m1²=0.002215 | m2²=0.999852 | eps_w1=2.084177e+00 | eps_w2=3.803002e-03
[step   240500] t/d= 481.000 | task1=1.765351e-01 | task2=6.498601e-03 | F1=1.698189e-01 | m1²=0.002210 | m2²=0.999853 | eps_w1=2.084228e+00 | eps_w2=3.797561e-03
[step   240750] t/d= 481.500 | task1=1.765565e-01 | task2=6.500622e-03 | F1=1.698403e-01 | m1²=0.002199 | m2²=0.999853 | eps_w1=2.084552e+00 | eps_w2=3.782681e-03
[step   241000] t/d= 482.000 | task1=1.765549e-01 | task2=6.500071e-03 | F1=1.698386e-01 | m1²=0.002197 | m2²=0.999854 | eps_w1=2.084508e+00 | eps_w2=3.783679e-03
[step   241250] t/d= 482.500 | task1=1.765817e-01 | task2=6.501072e-03 | F1=1.698655e-01 | m1²=0.002188 | m2²=0.999853 | eps_w1=2.084800e+00 | eps_w2=3.771255e-03
[step   241500] t/d= 483.000 | task1=1.765911e-01 | task2=6.501870e-03 | F1=1.698749e-01 | m1²=0.002194 | m2²=0.999854 | eps_w1=2.085097e+00 | eps_w2=3.754134e-03
[step   241750] t/d= 483.500 | task1=1.766025e-01 | task2=6.502479e-03 | F1=1.698863e-01 | m1²=0.002190 | m2²=0.999855 | eps_w1=2.085275e+00 | eps_w2=3.743446e-03
[step   242000] t/d= 484.000 | task1=1.765980e-01 | task2=6.500902e-03 | F1=1.698818e-01 | m1²=0.002196 | m2²=0.999854 | eps_w1=2.085113e+00 | eps_w2=3.752045e-03
[step   242250] t/d= 484.500 | task1=1.765932e-01 | task2=6.499178e-03 | F1=1.698769e-01 | m1²=0.002195 | m2²=0.999857 | eps_w1=2.085016e+00 | eps_w2=3.752946e-03
[step   242500] t/d= 485.000 | task1=1.765798e-01 | task2=6.501473e-03 | F1=1.698636e-01 | m1²=0.002192 | m2²=0.999856 | eps_w1=2.084640e+00 | eps_w2=3.773231e-03
[step   242750] t/d= 485.500 | task1=1.765663e-01 | task2=6.502549e-03 | F1=1.698501e-01 | m1²=0.002196 | m2²=0.999855 | eps_w1=2.084442e+00 | eps_w2=3.784825e-03
[step   243000] t/d= 486.000 | task1=1.765678e-01 | task2=6.503462e-03 | F1=1.698515e-01 | m1²=0.002185 | m2²=0.999852 | eps_w1=2.084581e+00 | eps_w2=3.784183e-03
[step   243250] t/d= 486.500 | task1=1.765623e-01 | task2=6.506000e-03 | F1=1.698461e-01 | m1²=0.002177 | m2²=0.999851 | eps_w1=2.084383e+00 | eps_w2=3.797039e-03
[step   243500] t/d= 487.000 | task1=1.765756e-01 | task2=6.505024e-03 | F1=1.698593e-01 | m1²=0.002166 | m2²=0.999851 | eps_w1=2.084511e+00 | eps_w2=3.792247e-03
[step   243750] t/d= 487.500 | task1=1.765631e-01 | task2=6.504706e-03 | F1=1.698469e-01 | m1²=0.002173 | m2²=0.999851 | eps_w1=2.084389e+00 | eps_w2=3.798856e-03
[step   244000] t/d= 488.000 | task1=1.765597e-01 | task2=6.505222e-03 | F1=1.698434e-01 | m1²=0.002184 | m2²=0.999852 | eps_w1=2.084404e+00 | eps_w2=3.794910e-03
[step   244250] t/d= 488.500 | task1=1.765324e-01 | task2=6.508603e-03 | F1=1.698162e-01 | m1²=0.002183 | m2²=0.999850 | eps_w1=2.084074e+00 | eps_w2=3.815761e-03
[step   244500] t/d= 489.000 | task1=1.765415e-01 | task2=6.506898e-03 | F1=1.698253e-01 | m1²=0.002187 | m2²=0.999853 | eps_w1=2.084211e+00 | eps_w2=3.802618e-03
[step   244750] t/d= 489.500 | task1=1.765667e-01 | task2=6.506111e-03 | F1=1.698505e-01 | m1²=0.002193 | m2²=0.999852 | eps_w1=2.084554e+00 | eps_w2=3.784911e-03
[step   245000] t/d= 490.000 | task1=1.765393e-01 | task2=6.507612e-03 | F1=1.698231e-01 | m1²=0.002195 | m2²=0.999851 | eps_w1=2.084342e+00 | eps_w2=3.798774e-03
[step   245250] t/d= 490.500 | task1=1.765456e-01 | task2=6.506175e-03 | F1=1.698294e-01 | m1²=0.002196 | m2²=0.999848 | eps_w1=2.084303e+00 | eps_w2=3.804952e-03
[step   245500] t/d= 491.000 | task1=1.765805e-01 | task2=6.503768e-03 | F1=1.698643e-01 | m1²=0.002196 | m2²=0.999849 | eps_w1=2.084831e+00 | eps_w2=3.777270e-03
[step   245750] t/d= 491.500 | task1=1.765766e-01 | task2=6.500963e-03 | F1=1.698603e-01 | m1²=0.002202 | m2²=0.999850 | eps_w1=2.084582e+00 | eps_w2=3.786419e-03
[step   246000] t/d= 492.000 | task1=1.765649e-01 | task2=6.500699e-03 | F1=1.698487e-01 | m1²=0.002200 | m2²=0.999851 | eps_w1=2.084461e+00 | eps_w2=3.791868e-03
[step   246250] t/d= 492.500 | task1=1.765290e-01 | task2=6.501900e-03 | F1=1.698128e-01 | m1²=0.002205 | m2²=0.999852 | eps_w1=2.083968e+00 | eps_w2=3.813763e-03
[step   246500] t/d= 493.000 | task1=1.765284e-01 | task2=6.501131e-03 | F1=1.698121e-01 | m1²=0.002211 | m2²=0.999853 | eps_w1=2.084151e+00 | eps_w2=3.802274e-03
[step   246750] t/d= 493.500 | task1=1.765366e-01 | task2=6.501391e-03 | F1=1.698204e-01 | m1²=0.002201 | m2²=0.999852 | eps_w1=2.084200e+00 | eps_w2=3.803231e-03
[step   247000] t/d= 494.000 | task1=1.765601e-01 | task2=6.500520e-03 | F1=1.698439e-01 | m1²=0.002192 | m2²=0.999852 | eps_w1=2.084649e+00 | eps_w2=3.780390e-03
[step   247250] t/d= 494.500 | task1=1.765473e-01 | task2=6.501573e-03 | F1=1.698310e-01 | m1²=0.002198 | m2²=0.999852 | eps_w1=2.084384e+00 | eps_w2=3.793872e-03
[step   247500] t/d= 495.000 | task1=1.765365e-01 | task2=6.499591e-03 | F1=1.698203e-01 | m1²=0.002186 | m2²=0.999854 | eps_w1=2.084320e+00 | eps_w2=3.794008e-03
[step   247750] t/d= 495.500 | task1=1.765341e-01 | task2=6.501144e-03 | F1=1.698179e-01 | m1²=0.002192 | m2²=0.999853 | eps_w1=2.084295e+00 | eps_w2=3.796622e-03
[step   248000] t/d= 496.000 | task1=1.765439e-01 | task2=6.501766e-03 | F1=1.698276e-01 | m1²=0.002198 | m2²=0.999853 | eps_w1=2.084294e+00 | eps_w2=3.796586e-03
[step   248250] t/d= 496.500 | task1=1.765206e-01 | task2=6.503410e-03 | F1=1.698044e-01 | m1²=0.002198 | m2²=0.999853 | eps_w1=2.083786e+00 | eps_w2=3.823242e-03
[step   248500] t/d= 497.000 | task1=1.765314e-01 | task2=6.503156e-03 | F1=1.698151e-01 | m1²=0.002191 | m2²=0.999851 | eps_w1=2.083970e+00 | eps_w2=3.818078e-03
[step   248750] t/d= 497.500 | task1=1.765464e-01 | task2=6.502815e-03 | F1=1.698302e-01 | m1²=0.002191 | m2²=0.999851 | eps_w1=2.084326e+00 | eps_w2=3.799818e-03
[step   249000] t/d= 498.000 | task1=1.765551e-01 | task2=6.503192e-03 | F1=1.698389e-01 | m1²=0.002188 | m2²=0.999852 | eps_w1=2.084337e+00 | eps_w2=3.797774e-03
[step   249250] t/d= 498.500 | task1=1.765366e-01 | task2=6.503991e-03 | F1=1.698204e-01 | m1²=0.002192 | m2²=0.999851 | eps_w1=2.084064e+00 | eps_w2=3.811707e-03
[step   249500] t/d= 499.000 | task1=1.765398e-01 | task2=6.502478e-03 | F1=1.698236e-01 | m1²=0.002186 | m2²=0.999851 | eps_w1=2.084155e+00 | eps_w2=3.808410e-03
[step   249750] t/d= 499.500 | task1=1.765663e-01 | task2=6.503382e-03 | F1=1.698501e-01 | m1²=0.002188 | m2²=0.999852 | eps_w1=2.084479e+00 | eps_w2=3.789930e-03
[step   250000] t/d= 500.000 | task1=1.765535e-01 | task2=6.503161e-03 | F1=1.698372e-01 | m1²=0.002192 | m2²=0.999853 | eps_w1=2.084491e+00 | eps_w2=3.787449e-03
Saved checkpoint: results/quality_pretraining/finetunetask2_d500_T5/prestep_10000000_task1step_250000_lr0p01_task1wseed21_task1sgdseed22_task2sgdseed42/checkpoints/step_000250000
[step   250250] t/d= 500.500 | task1=1.765692e-01 | task2=6.504030e-03 | F1=1.698529e-01 | m1²=0.002184 | m2²=0.999850 | eps_w1=2.084799e+00 | eps_w2=3.778253e-03
[step   250500] t/d= 501.000 | task1=1.765767e-01 | task2=6.504710e-03 | F1=1.698605e-01 | m1²=0.002183 | m2²=0.999851 | eps_w1=2.084912e+00 | eps_w2=3.770725e-03
[step   250750] t/d= 501.500 | task1=1.765821e-01 | task2=6.505743e-03 | F1=1.698658e-01 | m1²=0.002187 | m2²=0.999850 | eps_w1=2.085073e+00 | eps_w2=3.762708e-03
[step   251000] t/d= 502.000 | task1=1.765855e-01 | task2=6.505242e-03 | F1=1.698693e-01 | m1²=0.002177 | m2²=0.999850 | eps_w1=2.085360e+00 | eps_w2=3.749524e-03
[step   251250] t/d= 502.500 | task1=1.765805e-01 | task2=6.504318e-03 | F1=1.698642e-01 | m1²=0.002173 | m2²=0.999850 | eps_w1=2.085255e+00 | eps_w2=3.754842e-03
[step   251500] t/d= 503.000 | task1=1.766117e-01 | task2=6.502008e-03 | F1=1.698954e-01 | m1²=0.002165 | m2²=0.999851 | eps_w1=2.085659e+00 | eps_w2=3.734899e-03
[step   251750] t/d= 503.500 | task1=1.766145e-01 | task2=6.501506e-03 | F1=1.698983e-01 | m1²=0.002161 | m2²=0.999847 | eps_w1=2.085749e+00 | eps_w2=3.736638e-03
[step   252000] t/d= 504.000 | task1=1.765832e-01 | task2=6.500950e-03 | F1=1.698670e-01 | m1²=0.002160 | m2²=0.999847 | eps_w1=2.085076e+00 | eps_w2=3.771839e-03
[step   252250] t/d= 504.500 | task1=1.765644e-01 | task2=6.500367e-03 | F1=1.698482e-01 | m1²=0.002157 | m2²=0.999847 | eps_w1=2.084898e+00 | eps_w2=3.780671e-03
[step   252500] t/d= 505.000 | task1=1.765409e-01 | task2=6.500728e-03 | F1=1.698247e-01 | m1²=0.002152 | m2²=0.999847 | eps_w1=2.084478e+00 | eps_w2=3.803536e-03
[step   252750] t/d= 505.500 | task1=1.765549e-01 | task2=6.498171e-03 | F1=1.698387e-01 | m1²=0.002152 | m2²=0.999849 | eps_w1=2.084494e+00 | eps_w2=3.799065e-03
[step   253000] t/d= 506.000 | task1=1.765471e-01 | task2=6.498970e-03 | F1=1.698308e-01 | m1²=0.002147 | m2²=0.999847 | eps_w1=2.084321e+00 | eps_w2=3.812453e-03
[step   253250] t/d= 506.500 | task1=1.765687e-01 | task2=6.496124e-03 | F1=1.698525e-01 | m1²=0.002138 | m2²=0.999846 | eps_w1=2.084723e+00 | eps_w2=3.793128e-03
[step   253500] t/d= 507.000 | task1=1.765615e-01 | task2=6.499171e-03 | F1=1.698453e-01 | m1²=0.002138 | m2²=0.999846 | eps_w1=2.084674e+00 | eps_w2=3.796589e-03
[step   253750] t/d= 507.500 | task1=1.765325e-01 | task2=6.499521e-03 | F1=1.698163e-01 | m1²=0.002133 | m2²=0.999845 | eps_w1=2.084171e+00 | eps_w2=3.825050e-03
[step   254000] t/d= 508.000 | task1=1.765139e-01 | task2=6.500459e-03 | F1=1.697977e-01 | m1²=0.002138 | m2²=0.999844 | eps_w1=2.084094e+00 | eps_w2=3.830261e-03
[step   254250] t/d= 508.500 | task1=1.765460e-01 | task2=6.500805e-03 | F1=1.698298e-01 | m1²=0.002144 | m2²=0.999843 | eps_w1=2.084344e+00 | eps_w2=3.818379e-03
[step   254500] t/d= 509.000 | task1=1.765366e-01 | task2=6.501538e-03 | F1=1.698204e-01 | m1²=0.002133 | m2²=0.999841 | eps_w1=2.084329e+00 | eps_w2=3.824685e-03
[step   254750] t/d= 509.500 | task1=1.765120e-01 | task2=6.501888e-03 | F1=1.697957e-01 | m1²=0.002140 | m2²=0.999840 | eps_w1=2.083939e+00 | eps_w2=3.844755e-03
[step   255000] t/d= 510.000 | task1=1.765072e-01 | task2=6.501022e-03 | F1=1.697909e-01 | m1²=0.002133 | m2²=0.999842 | eps_w1=2.083827e+00 | eps_w2=3.847493e-03
[step   255250] t/d= 510.500 | task1=1.765189e-01 | task2=6.498647e-03 | F1=1.698027e-01 | m1²=0.002131 | m2²=0.999843 | eps_w1=2.084004e+00 | eps_w2=3.837033e-03
[step   255500] t/d= 511.000 | task1=1.765163e-01 | task2=6.500079e-03 | F1=1.698001e-01 | m1²=0.002132 | m2²=0.999844 | eps_w1=2.083791e+00 | eps_w2=3.846686e-03
[step   255750] t/d= 511.500 | task1=1.765309e-01 | task2=6.501837e-03 | F1=1.698147e-01 | m1²=0.002127 | m2²=0.999846 | eps_w1=2.083724e+00 | eps_w2=3.846848e-03
[step   256000] t/d= 512.000 | task1=1.765379e-01 | task2=6.502514e-03 | F1=1.698216e-01 | m1²=0.002134 | m2²=0.999846 | eps_w1=2.083959e+00 | eps_w2=3.832832e-03
[step   256250] t/d= 512.500 | task1=1.765398e-01 | task2=6.504506e-03 | F1=1.698236e-01 | m1²=0.002131 | m2²=0.999848 | eps_w1=2.084116e+00 | eps_w2=3.822645e-03
[step   256500] t/d= 513.000 | task1=1.765451e-01 | task2=6.504009e-03 | F1=1.698289e-01 | m1²=0.002135 | m2²=0.999848 | eps_w1=2.084236e+00 | eps_w2=3.816369e-03
[step   256750] t/d= 513.500 | task1=1.765379e-01 | task2=6.504210e-03 | F1=1.698216e-01 | m1²=0.002132 | m2²=0.999849 | eps_w1=2.084240e+00 | eps_w2=3.813884e-03
[step   257000] t/d= 514.000 | task1=1.765308e-01 | task2=6.505787e-03 | F1=1.698145e-01 | m1²=0.002143 | m2²=0.999848 | eps_w1=2.084186e+00 | eps_w2=3.817736e-03
[step   257250] t/d= 514.500 | task1=1.765416e-01 | task2=6.505772e-03 | F1=1.698254e-01 | m1²=0.002143 | m2²=0.999848 | eps_w1=2.084374e+00 | eps_w2=3.806976e-03
[step   257500] t/d= 515.000 | task1=1.765541e-01 | task2=6.505184e-03 | F1=1.698379e-01 | m1²=0.002137 | m2²=0.999849 | eps_w1=2.084290e+00 | eps_w2=3.811141e-03
[step   257750] t/d= 515.500 | task1=1.765644e-01 | task2=6.504780e-03 | F1=1.698481e-01 | m1²=0.002131 | m2²=0.999849 | eps_w1=2.084570e+00 | eps_w2=3.797752e-03
[step   258000] t/d= 516.000 | task1=1.765845e-01 | task2=6.506880e-03 | F1=1.698683e-01 | m1²=0.002141 | m2²=0.999849 | eps_w1=2.084944e+00 | eps_w2=3.777535e-03
[step   258250] t/d= 516.500 | task1=1.765807e-01 | task2=6.507719e-03 | F1=1.698645e-01 | m1²=0.002143 | m2²=0.999848 | eps_w1=2.084905e+00 | eps_w2=3.780701e-03
[step   258500] t/d= 517.000 | task1=1.765889e-01 | task2=6.508624e-03 | F1=1.698726e-01 | m1²=0.002137 | m2²=0.999848 | eps_w1=2.084954e+00 | eps_w2=3.779462e-03
[step   258750] t/d= 517.500 | task1=1.765973e-01 | task2=6.509365e-03 | F1=1.698810e-01 | m1²=0.002144 | m2²=0.999847 | eps_w1=2.085243e+00 | eps_w2=3.764896e-03
[step   259000] t/d= 518.000 | task1=1.765774e-01 | task2=6.510156e-03 | F1=1.698612e-01 | m1²=0.002140 | m2²=0.999846 | eps_w1=2.085068e+00 | eps_w2=3.776799e-03
[step   259250] t/d= 518.500 | task1=1.766103e-01 | task2=6.508933e-03 | F1=1.698941e-01 | m1²=0.002139 | m2²=0.999845 | eps_w1=2.085691e+00 | eps_w2=3.746630e-03
[step   259500] t/d= 519.000 | task1=1.765974e-01 | task2=6.507944e-03 | F1=1.698812e-01 | m1²=0.002145 | m2²=0.999845 | eps_w1=2.085562e+00 | eps_w2=3.751970e-03
[step   259750] t/d= 519.500 | task1=1.765972e-01 | task2=6.509640e-03 | F1=1.698810e-01 | m1²=0.002152 | m2²=0.999843 | eps_w1=2.085677e+00 | eps_w2=3.749948e-03
[step   260000] t/d= 520.000 | task1=1.765866e-01 | task2=6.510807e-03 | F1=1.698704e-01 | m1²=0.002148 | m2²=0.999844 | eps_w1=2.085527e+00 | eps_w2=3.755863e-03
[step   260250] t/d= 520.500 | task1=1.765969e-01 | task2=6.512919e-03 | F1=1.698807e-01 | m1²=0.002150 | m2²=0.999844 | eps_w1=2.085696e+00 | eps_w2=3.747866e-03
[step   260500] t/d= 521.000 | task1=1.766231e-01 | task2=6.510376e-03 | F1=1.699068e-01 | m1²=0.002152 | m2²=0.999844 | eps_w1=2.085854e+00 | eps_w2=3.738165e-03
[step   260750] t/d= 521.500 | task1=1.765865e-01 | task2=6.510026e-03 | F1=1.698703e-01 | m1²=0.002160 | m2²=0.999844 | eps_w1=2.085350e+00 | eps_w2=3.763065e-03
[step   261000] t/d= 522.000 | task1=1.766237e-01 | task2=6.511528e-03 | F1=1.699074e-01 | m1²=0.002160 | m2²=0.999846 | eps_w1=2.086061e+00 | eps_w2=3.723743e-03
[step   261250] t/d= 522.500 | task1=1.766327e-01 | task2=6.510095e-03 | F1=1.699165e-01 | m1²=0.002163 | m2²=0.999846 | eps_w1=2.086288e+00 | eps_w2=3.711276e-03
[step   261500] t/d= 523.000 | task1=1.766302e-01 | task2=6.509911e-03 | F1=1.699140e-01 | m1²=0.002163 | m2²=0.999847 | eps_w1=2.086265e+00 | eps_w2=3.711910e-03
[step   261750] t/d= 523.500 | task1=1.766574e-01 | task2=6.509518e-03 | F1=1.699412e-01 | m1²=0.002165 | m2²=0.999846 | eps_w1=2.086602e+00 | eps_w2=3.695768e-03
[step   262000] t/d= 524.000 | task1=1.766594e-01 | task2=6.511035e-03 | F1=1.699432e-01 | m1²=0.002149 | m2²=0.999846 | eps_w1=2.086568e+00 | eps_w2=3.699568e-03
[step   262250] t/d= 524.500 | task1=1.766621e-01 | task2=6.509953e-03 | F1=1.699459e-01 | m1²=0.002142 | m2²=0.999847 | eps_w1=2.086583e+00 | eps_w2=3.698010e-03
[step   262500] t/d= 525.000 | task1=1.766715e-01 | task2=6.510589e-03 | F1=1.699553e-01 | m1²=0.002142 | m2²=0.999849 | eps_w1=2.086724e+00 | eps_w2=3.686561e-03
[step   262750] t/d= 525.500 | task1=1.766688e-01 | task2=6.510351e-03 | F1=1.699525e-01 | m1²=0.002149 | m2²=0.999851 | eps_w1=2.086777e+00 | eps_w2=3.679992e-03
[step   263000] t/d= 526.000 | task1=1.766821e-01 | task2=6.507464e-03 | F1=1.699659e-01 | m1²=0.002148 | m2²=0.999852 | eps_w1=2.086937e+00 | eps_w2=3.669006e-03
[step   263250] t/d= 526.500 | task1=1.766970e-01 | task2=6.507723e-03 | F1=1.699808e-01 | m1²=0.002156 | m2²=0.999854 | eps_w1=2.087079e+00 | eps_w2=3.658682e-03
[step   263500] t/d= 527.000 | task1=1.767020e-01 | task2=6.507392e-03 | F1=1.699857e-01 | m1²=0.002160 | m2²=0.999854 | eps_w1=2.087029e+00 | eps_w2=3.660585e-03
[step   263750] t/d= 527.500 | task1=1.767117e-01 | task2=6.507919e-03 | F1=1.699954e-01 | m1²=0.002164 | m2²=0.999851 | eps_w1=2.087203e+00 | eps_w2=3.655643e-03
[step   264000] t/d= 528.000 | task1=1.767009e-01 | task2=6.508624e-03 | F1=1.699847e-01 | m1²=0.002161 | m2²=0.999853 | eps_w1=2.087010e+00 | eps_w2=3.662393e-03
[step   264250] t/d= 528.500 | task1=1.766839e-01 | task2=6.511192e-03 | F1=1.699676e-01 | m1²=0.002166 | m2²=0.999852 | eps_w1=2.086975e+00 | eps_w2=3.665681e-03
[step   264500] t/d= 529.000 | task1=1.766662e-01 | task2=6.511885e-03 | F1=1.699499e-01 | m1²=0.002176 | m2²=0.999853 | eps_w1=2.086726e+00 | eps_w2=3.674754e-03
[step   264750] t/d= 529.500 | task1=1.766795e-01 | task2=6.511746e-03 | F1=1.699632e-01 | m1²=0.002186 | m2²=0.999854 | eps_w1=2.086782e+00 | eps_w2=3.669910e-03
[step   265000] t/d= 530.000 | task1=1.766841e-01 | task2=6.508732e-03 | F1=1.699679e-01 | m1²=0.002190 | m2²=0.999855 | eps_w1=2.086934e+00 | eps_w2=3.659502e-03
[step   265250] t/d= 530.500 | task1=1.767041e-01 | task2=6.507291e-03 | F1=1.699879e-01 | m1²=0.002187 | m2²=0.999856 | eps_w1=2.087074e+00 | eps_w2=3.651231e-03
[step   265500] t/d= 531.000 | task1=1.767314e-01 | task2=6.508048e-03 | F1=1.700152e-01 | m1²=0.002188 | m2²=0.999858 | eps_w1=2.087375e+00 | eps_w2=3.631853e-03
[step   265750] t/d= 531.500 | task1=1.767381e-01 | task2=6.505966e-03 | F1=1.700218e-01 | m1²=0.002198 | m2²=0.999862 | eps_w1=2.087366e+00 | eps_w2=3.623591e-03
[step   266000] t/d= 532.000 | task1=1.767594e-01 | task2=6.506206e-03 | F1=1.700432e-01 | m1²=0.002209 | m2²=0.999863 | eps_w1=2.087747e+00 | eps_w2=3.602354e-03
[step   266250] t/d= 532.500 | task1=1.767443e-01 | task2=6.509988e-03 | F1=1.700280e-01 | m1²=0.002211 | m2²=0.999861 | eps_w1=2.087371e+00 | eps_w2=3.624031e-03
[step   266500] t/d= 533.000 | task1=1.767510e-01 | task2=6.510539e-03 | F1=1.700347e-01 | m1²=0.002211 | m2²=0.999860 | eps_w1=2.087595e+00 | eps_w2=3.614104e-03
[step   266750] t/d= 533.500 | task1=1.767587e-01 | task2=6.509490e-03 | F1=1.700425e-01 | m1²=0.002208 | m2²=0.999858 | eps_w1=2.087710e+00 | eps_w2=3.613972e-03
[step   267000] t/d= 534.000 | task1=1.767379e-01 | task2=6.510855e-03 | F1=1.700216e-01 | m1²=0.002215 | m2²=0.999857 | eps_w1=2.087352e+00 | eps_w2=3.632879e-03
[step   267250] t/d= 534.500 | task1=1.767208e-01 | task2=6.512078e-03 | F1=1.700045e-01 | m1²=0.002213 | m2²=0.999855 | eps_w1=2.087101e+00 | eps_w2=3.649755e-03
[step   267500] t/d= 535.000 | task1=1.767070e-01 | task2=6.511885e-03 | F1=1.699907e-01 | m1²=0.002208 | m2²=0.999855 | eps_w1=2.086887e+00 | eps_w2=3.659495e-03
[step   267750] t/d= 535.500 | task1=1.767438e-01 | task2=6.514178e-03 | F1=1.700275e-01 | m1²=0.002210 | m2²=0.999855 | eps_w1=2.087380e+00 | eps_w2=3.635674e-03
[step   268000] t/d= 536.000 | task1=1.767453e-01 | task2=6.514031e-03 | F1=1.700291e-01 | m1²=0.002218 | m2²=0.999857 | eps_w1=2.087405e+00 | eps_w2=3.629120e-03
[step   268250] t/d= 536.500 | task1=1.767437e-01 | task2=6.512571e-03 | F1=1.700275e-01 | m1²=0.002217 | m2²=0.999856 | eps_w1=2.087251e+00 | eps_w2=3.639207e-03
[step   268500] t/d= 537.000 | task1=1.767475e-01 | task2=6.512875e-03 | F1=1.700313e-01 | m1²=0.002220 | m2²=0.999854 | eps_w1=2.087294e+00 | eps_w2=3.639997e-03
[step   268750] t/d= 537.500 | task1=1.767594e-01 | task2=6.511930e-03 | F1=1.700432e-01 | m1²=0.002220 | m2²=0.999857 | eps_w1=2.087479e+00 | eps_w2=3.626293e-03
[step   269000] t/d= 538.000 | task1=1.767527e-01 | task2=6.510494e-03 | F1=1.700365e-01 | m1²=0.002229 | m2²=0.999855 | eps_w1=2.087494e+00 | eps_w2=3.627726e-03
[step   269250] t/d= 538.500 | task1=1.767648e-01 | task2=6.509786e-03 | F1=1.700486e-01 | m1²=0.002216 | m2²=0.999853 | eps_w1=2.087742e+00 | eps_w2=3.619679e-03
[step   269500] t/d= 539.000 | task1=1.767405e-01 | task2=6.510757e-03 | F1=1.700242e-01 | m1²=0.002211 | m2²=0.999853 | eps_w1=2.087502e+00 | eps_w2=3.632880e-03
[step   269750] t/d= 539.500 | task1=1.767320e-01 | task2=6.512507e-03 | F1=1.700157e-01 | m1²=0.002206 | m2²=0.999852 | eps_w1=2.087385e+00 | eps_w2=3.641805e-03
[step   270000] t/d= 540.000 | task1=1.767492e-01 | task2=6.511780e-03 | F1=1.700329e-01 | m1²=0.002212 | m2²=0.999854 | eps_w1=2.087685e+00 | eps_w2=3.621663e-03
[step   270250] t/d= 540.500 | task1=1.767512e-01 | task2=6.510634e-03 | F1=1.700350e-01 | m1²=0.002213 | m2²=0.999855 | eps_w1=2.087924e+00 | eps_w2=3.607137e-03
[step   270500] t/d= 541.000 | task1=1.767600e-01 | task2=6.507573e-03 | F1=1.700438e-01 | m1²=0.002220 | m2²=0.999855 | eps_w1=2.088063e+00 | eps_w2=3.600499e-03
[step   270750] t/d= 541.500 | task1=1.767597e-01 | task2=6.505353e-03 | F1=1.700434e-01 | m1²=0.002213 | m2²=0.999853 | eps_w1=2.088037e+00 | eps_w2=3.605908e-03
[step   271000] t/d= 542.000 | task1=1.767578e-01 | task2=6.504187e-03 | F1=1.700415e-01 | m1²=0.002214 | m2²=0.999855 | eps_w1=2.088010e+00 | eps_w2=3.602541e-03
[step   271250] t/d= 542.500 | task1=1.767401e-01 | task2=6.504403e-03 | F1=1.700238e-01 | m1²=0.002211 | m2²=0.999854 | eps_w1=2.087825e+00 | eps_w2=3.614789e-03
[step   271500] t/d= 543.000 | task1=1.767325e-01 | task2=6.503611e-03 | F1=1.700162e-01 | m1²=0.002197 | m2²=0.999856 | eps_w1=2.087478e+00 | eps_w2=3.630694e-03
[step   271750] t/d= 543.500 | task1=1.767265e-01 | task2=6.502537e-03 | F1=1.700102e-01 | m1²=0.002197 | m2²=0.999857 | eps_w1=2.087522e+00 | eps_w2=3.626335e-03
[step   272000] t/d= 544.000 | task1=1.767231e-01 | task2=6.502365e-03 | F1=1.700069e-01 | m1²=0.002190 | m2²=0.999856 | eps_w1=2.087599e+00 | eps_w2=3.623753e-03
[step   272250] t/d= 544.500 | task1=1.766977e-01 | task2=6.502477e-03 | F1=1.699815e-01 | m1²=0.002192 | m2²=0.999856 | eps_w1=2.086992e+00 | eps_w2=3.655353e-03
[step   272500] t/d= 545.000 | task1=1.766895e-01 | task2=6.503231e-03 | F1=1.699732e-01 | m1²=0.002188 | m2²=0.999855 | eps_w1=2.086987e+00 | eps_w2=3.656549e-03
[step   272750] t/d= 545.500 | task1=1.766683e-01 | task2=6.504101e-03 | F1=1.699520e-01 | m1²=0.002193 | m2²=0.999855 | eps_w1=2.086573e+00 | eps_w2=3.677778e-03
[step   273000] t/d= 546.000 | task1=1.766545e-01 | task2=6.502446e-03 | F1=1.699383e-01 | m1²=0.002190 | m2²=0.999853 | eps_w1=2.086300e+00 | eps_w2=3.695186e-03
[step   273250] t/d= 546.500 | task1=1.766602e-01 | task2=6.503117e-03 | F1=1.699440e-01 | m1²=0.002189 | m2²=0.999853 | eps_w1=2.086430e+00 | eps_w2=3.688322e-03
[step   273500] t/d= 547.000 | task1=1.766720e-01 | task2=6.503523e-03 | F1=1.699558e-01 | m1²=0.002186 | m2²=0.999854 | eps_w1=2.086704e+00 | eps_w2=3.673184e-03
[step   273750] t/d= 547.500 | task1=1.766566e-01 | task2=6.504107e-03 | F1=1.699404e-01 | m1²=0.002186 | m2²=0.999856 | eps_w1=2.086470e+00 | eps_w2=3.681388e-03
[step   274000] t/d= 548.000 | task1=1.766679e-01 | task2=6.505127e-03 | F1=1.699517e-01 | m1²=0.002182 | m2²=0.999855 | eps_w1=2.086536e+00 | eps_w2=3.680268e-03
[step   274250] t/d= 548.500 | task1=1.766529e-01 | task2=6.505510e-03 | F1=1.699367e-01 | m1²=0.002182 | m2²=0.999853 | eps_w1=2.086337e+00 | eps_w2=3.694948e-03
[step   274500] t/d= 549.000 | task1=1.766785e-01 | task2=6.503875e-03 | F1=1.699622e-01 | m1²=0.002182 | m2²=0.999853 | eps_w1=2.086636e+00 | eps_w2=3.679669e-03
[step   274750] t/d= 549.500 | task1=1.766891e-01 | task2=6.503246e-03 | F1=1.699729e-01 | m1²=0.002180 | m2²=0.999853 | eps_w1=2.086678e+00 | eps_w2=3.677632e-03
[step   275000] t/d= 550.000 | task1=1.766593e-01 | task2=6.501431e-03 | F1=1.699431e-01 | m1²=0.002179 | m2²=0.999855 | eps_w1=2.086385e+00 | eps_w2=3.688531e-03
[step   275250] t/d= 550.500 | task1=1.766403e-01 | task2=6.500967e-03 | F1=1.699241e-01 | m1²=0.002183 | m2²=0.999853 | eps_w1=2.086022e+00 | eps_w2=3.709855e-03
[step   275500] t/d= 551.000 | task1=1.766483e-01 | task2=6.500036e-03 | F1=1.699321e-01 | m1²=0.002177 | m2²=0.999853 | eps_w1=2.086199e+00 | eps_w2=3.702277e-03
[step   275750] t/d= 551.500 | task1=1.766202e-01 | task2=6.498839e-03 | F1=1.699040e-01 | m1²=0.002184 | m2²=0.999852 | eps_w1=2.085846e+00 | eps_w2=3.720346e-03
[step   276000] t/d= 552.000 | task1=1.766243e-01 | task2=6.498758e-03 | F1=1.699081e-01 | m1²=0.002185 | m2²=0.999853 | eps_w1=2.086001e+00 | eps_w2=3.711550e-03
[step   276250] t/d= 552.500 | task1=1.766350e-01 | task2=6.498331e-03 | F1=1.699188e-01 | m1²=0.002197 | m2²=0.999854 | eps_w1=2.086163e+00 | eps_w2=3.699667e-03
[step   276500] t/d= 553.000 | task1=1.766217e-01 | task2=6.500390e-03 | F1=1.699054e-01 | m1²=0.002199 | m2²=0.999854 | eps_w1=2.085942e+00 | eps_w2=3.710632e-03
[step   276750] t/d= 553.500 | task1=1.766401e-01 | task2=6.497880e-03 | F1=1.699238e-01 | m1²=0.002206 | m2²=0.999855 | eps_w1=2.086418e+00 | eps_w2=3.683022e-03
[step   277000] t/d= 554.000 | task1=1.766431e-01 | task2=6.498901e-03 | F1=1.699269e-01 | m1²=0.002209 | m2²=0.999857 | eps_w1=2.086589e+00 | eps_w2=3.671618e-03
[step   277250] t/d= 554.500 | task1=1.766635e-01 | task2=6.496569e-03 | F1=1.699472e-01 | m1²=0.002204 | m2²=0.999855 | eps_w1=2.086986e+00 | eps_w2=3.655437e-03
[step   277500] t/d= 555.000 | task1=1.766534e-01 | task2=6.495225e-03 | F1=1.699372e-01 | m1²=0.002216 | m2²=0.999857 | eps_w1=2.086713e+00 | eps_w2=3.664600e-03
[step   277750] t/d= 555.500 | task1=1.766016e-01 | task2=6.497395e-03 | F1=1.698854e-01 | m1²=0.002221 | m2²=0.999856 | eps_w1=2.085803e+00 | eps_w2=3.710949e-03
[step   278000] t/d= 556.000 | task1=1.766005e-01 | task2=6.497872e-03 | F1=1.698843e-01 | m1²=0.002225 | m2²=0.999856 | eps_w1=2.085975e+00 | eps_w2=3.702989e-03
[step   278250] t/d= 556.500 | task1=1.766016e-01 | task2=6.497704e-03 | F1=1.698854e-01 | m1²=0.002217 | m2²=0.999858 | eps_w1=2.086016e+00 | eps_w2=3.697302e-03
[step   278500] t/d= 557.000 | task1=1.765811e-01 | task2=6.498964e-03 | F1=1.698649e-01 | m1²=0.002219 | m2²=0.999856 | eps_w1=2.085449e+00 | eps_w2=3.730186e-03
[step   278750] t/d= 557.500 | task1=1.765521e-01 | task2=6.500888e-03 | F1=1.698359e-01 | m1²=0.002215 | m2²=0.999856 | eps_w1=2.085086e+00 | eps_w2=3.748445e-03
[step   279000] t/d= 558.000 | task1=1.765732e-01 | task2=6.500950e-03 | F1=1.698569e-01 | m1²=0.002214 | m2²=0.999855 | eps_w1=2.085390e+00 | eps_w2=3.735352e-03
[step   279250] t/d= 558.500 | task1=1.765755e-01 | task2=6.500426e-03 | F1=1.698592e-01 | m1²=0.002211 | m2²=0.999856 | eps_w1=2.085450e+00 | eps_w2=3.731232e-03
[step   279500] t/d= 559.000 | task1=1.765787e-01 | task2=6.502581e-03 | F1=1.698625e-01 | m1²=0.002210 | m2²=0.999854 | eps_w1=2.085457e+00 | eps_w2=3.734181e-03
[step   279750] t/d= 559.500 | task1=1.765825e-01 | task2=6.501858e-03 | F1=1.698662e-01 | m1²=0.002210 | m2²=0.999853 | eps_w1=2.085510e+00 | eps_w2=3.732938e-03
[step   280000] t/d= 560.000 | task1=1.765771e-01 | task2=6.500013e-03 | F1=1.698608e-01 | m1²=0.002212 | m2²=0.999854 | eps_w1=2.085270e+00 | eps_w2=3.744118e-03
[step   280250] t/d= 560.500 | task1=1.765690e-01 | task2=6.499231e-03 | F1=1.698527e-01 | m1²=0.002205 | m2²=0.999855 | eps_w1=2.085189e+00 | eps_w2=3.746109e-03
[step   280500] t/d= 561.000 | task1=1.765868e-01 | task2=6.499731e-03 | F1=1.698706e-01 | m1²=0.002216 | m2²=0.999855 | eps_w1=2.085552e+00 | eps_w2=3.726209e-03
[step   280750] t/d= 561.500 | task1=1.765878e-01 | task2=6.500444e-03 | F1=1.698715e-01 | m1²=0.002209 | m2²=0.999853 | eps_w1=2.085520e+00 | eps_w2=3.732127e-03
[step   281000] t/d= 562.000 | task1=1.765911e-01 | task2=6.501009e-03 | F1=1.698749e-01 | m1²=0.002205 | m2²=0.999852 | eps_w1=2.085710e+00 | eps_w2=3.725589e-03
[step   281250] t/d= 562.500 | task1=1.766082e-01 | task2=6.501669e-03 | F1=1.698920e-01 | m1²=0.002202 | m2²=0.999852 | eps_w1=2.085818e+00 | eps_w2=3.720865e-03
[step   281500] t/d= 563.000 | task1=1.765936e-01 | task2=6.501828e-03 | F1=1.698774e-01 | m1²=0.002202 | m2²=0.999850 | eps_w1=2.085586e+00 | eps_w2=3.735325e-03
[step   281750] t/d= 563.500 | task1=1.765926e-01 | task2=6.505437e-03 | F1=1.698764e-01 | m1²=0.002206 | m2²=0.999850 | eps_w1=2.085573e+00 | eps_w2=3.735826e-03
[step   282000] t/d= 564.000 | task1=1.766130e-01 | task2=6.503640e-03 | F1=1.698968e-01 | m1²=0.002211 | m2²=0.999850 | eps_w1=2.085863e+00 | eps_w2=3.720510e-03
[step   282250] t/d= 564.500 | task1=1.765782e-01 | task2=6.503234e-03 | F1=1.698619e-01 | m1²=0.002212 | m2²=0.999850 | eps_w1=2.085331e+00 | eps_w2=3.748127e-03
[step   282500] t/d= 565.000 | task1=1.765539e-01 | task2=6.503279e-03 | F1=1.698377e-01 | m1²=0.002214 | m2²=0.999851 | eps_w1=2.084890e+00 | eps_w2=3.767822e-03
[step   282750] t/d= 565.500 | task1=1.765854e-01 | task2=6.503689e-03 | F1=1.698692e-01 | m1²=0.002211 | m2²=0.999850 | eps_w1=2.085448e+00 | eps_w2=3.741509e-03
[step   283000] t/d= 566.000 | task1=1.766027e-01 | task2=6.503616e-03 | F1=1.698865e-01 | m1²=0.002204 | m2²=0.999851 | eps_w1=2.085698e+00 | eps_w2=3.727795e-03
[step   283250] t/d= 566.500 | task1=1.766362e-01 | task2=6.503803e-03 | F1=1.699200e-01 | m1²=0.002199 | m2²=0.999852 | eps_w1=2.086215e+00 | eps_w2=3.701210e-03
[step   283500] t/d= 567.000 | task1=1.766622e-01 | task2=6.502793e-03 | F1=1.699460e-01 | m1²=0.002200 | m2²=0.999852 | eps_w1=2.086534e+00 | eps_w2=3.685070e-03
[step   283750] t/d= 567.500 | task1=1.766888e-01 | task2=6.502828e-03 | F1=1.699726e-01 | m1²=0.002203 | m2²=0.999851 | eps_w1=2.086838e+00 | eps_w2=3.670407e-03
[step   284000] t/d= 568.000 | task1=1.766945e-01 | task2=6.503104e-03 | F1=1.699783e-01 | m1²=0.002196 | m2²=0.999852 | eps_w1=2.086810e+00 | eps_w2=3.671153e-03
[step   284250] t/d= 568.500 | task1=1.766978e-01 | task2=6.503748e-03 | F1=1.699816e-01 | m1²=0.002202 | m2²=0.999851 | eps_w1=2.086843e+00 | eps_w2=3.670830e-03
[step   284500] t/d= 569.000 | task1=1.766649e-01 | task2=6.506570e-03 | F1=1.699486e-01 | m1²=0.002209 | m2²=0.999852 | eps_w1=2.086547e+00 | eps_w2=3.682638e-03
[step   284750] t/d= 569.500 | task1=1.766835e-01 | task2=6.505732e-03 | F1=1.699673e-01 | m1²=0.002215 | m2²=0.999855 | eps_w1=2.086767e+00 | eps_w2=3.665725e-03
[step   285000] t/d= 570.000 | task1=1.767056e-01 | task2=6.505589e-03 | F1=1.699894e-01 | m1²=0.002211 | m2²=0.999856 | eps_w1=2.087054e+00 | eps_w2=3.650222e-03
[step   285250] t/d= 570.500 | task1=1.766958e-01 | task2=6.506078e-03 | F1=1.699796e-01 | m1²=0.002214 | m2²=0.999853 | eps_w1=2.086919e+00 | eps_w2=3.660951e-03
[step   285500] t/d= 571.000 | task1=1.766879e-01 | task2=6.506102e-03 | F1=1.699717e-01 | m1²=0.002213 | m2²=0.999852 | eps_w1=2.086905e+00 | eps_w2=3.663557e-03
[step   285750] t/d= 571.500 | task1=1.766520e-01 | task2=6.508456e-03 | F1=1.699358e-01 | m1²=0.002209 | m2²=0.999849 | eps_w1=2.086538e+00 | eps_w2=3.688413e-03
[step   286000] t/d= 572.000 | task1=1.766516e-01 | task2=6.510744e-03 | F1=1.699353e-01 | m1²=0.002203 | m2²=0.999850 | eps_w1=2.086526e+00 | eps_w2=3.688753e-03
[step   286250] t/d= 572.500 | task1=1.766372e-01 | task2=6.511195e-03 | F1=1.699209e-01 | m1²=0.002199 | m2²=0.999850 | eps_w1=2.086333e+00 | eps_w2=3.697977e-03
[step   286500] t/d= 573.000 | task1=1.766535e-01 | task2=6.511470e-03 | F1=1.699372e-01 | m1²=0.002190 | m2²=0.999848 | eps_w1=2.086640e+00 | eps_w2=3.687063e-03
[step   286750] t/d= 573.500 | task1=1.766468e-01 | task2=6.510711e-03 | F1=1.699306e-01 | m1²=0.002182 | m2²=0.999848 | eps_w1=2.086349e+00 | eps_w2=3.703039e-03
[step   287000] t/d= 574.000 | task1=1.766321e-01 | task2=6.508209e-03 | F1=1.699158e-01 | m1²=0.002183 | m2²=0.999850 | eps_w1=2.086186e+00 | eps_w2=3.706563e-03
[step   287250] t/d= 574.500 | task1=1.766152e-01 | task2=6.507785e-03 | F1=1.698989e-01 | m1²=0.002183 | m2²=0.999850 | eps_w1=2.086028e+00 | eps_w2=3.715579e-03
[step   287500] t/d= 575.000 | task1=1.766071e-01 | task2=6.509741e-03 | F1=1.698908e-01 | m1²=0.002185 | m2²=0.999849 | eps_w1=2.085933e+00 | eps_w2=3.721087e-03
[step   287750] t/d= 575.500 | task1=1.766027e-01 | task2=6.510420e-03 | F1=1.698865e-01 | m1²=0.002192 | m2²=0.999847 | eps_w1=2.086014e+00 | eps_w2=3.720678e-03
[step   288000] t/d= 576.000 | task1=1.766258e-01 | task2=6.511427e-03 | F1=1.699096e-01 | m1²=0.002190 | m2²=0.999847 | eps_w1=2.086358e+00 | eps_w2=3.703182e-03
[step   288250] t/d= 576.500 | task1=1.766415e-01 | task2=6.511055e-03 | F1=1.699253e-01 | m1²=0.002191 | m2²=0.999849 | eps_w1=2.086647e+00 | eps_w2=3.685082e-03
[step   288500] t/d= 577.000 | task1=1.766819e-01 | task2=6.508580e-03 | F1=1.699657e-01 | m1²=0.002204 | m2²=0.999849 | eps_w1=2.087112e+00 | eps_w2=3.660587e-03
[step   288750] t/d= 577.500 | task1=1.766947e-01 | task2=6.509203e-03 | F1=1.699785e-01 | m1²=0.002201 | m2²=0.999848 | eps_w1=2.087332e+00 | eps_w2=3.651703e-03
[step   289000] t/d= 578.000 | task1=1.766998e-01 | task2=6.508654e-03 | F1=1.699835e-01 | m1²=0.002198 | m2²=0.999847 | eps_w1=2.087474e+00 | eps_w2=3.646232e-03
[step   289250] t/d= 578.500 | task1=1.767323e-01 | task2=6.509320e-03 | F1=1.700161e-01 | m1²=0.002198 | m2²=0.999848 | eps_w1=2.087998e+00 | eps_w2=3.619066e-03
[step   289500] t/d= 579.000 | task1=1.767133e-01 | task2=6.509118e-03 | F1=1.699970e-01 | m1²=0.002201 | m2²=0.999847 | eps_w1=2.087761e+00 | eps_w2=3.631600e-03
[step   289750] t/d= 579.500 | task1=1.767301e-01 | task2=6.507126e-03 | F1=1.700139e-01 | m1²=0.002198 | m2²=0.999848 | eps_w1=2.087937e+00 | eps_w2=3.622549e-03
[step   290000] t/d= 580.000 | task1=1.767331e-01 | task2=6.507735e-03 | F1=1.700169e-01 | m1²=0.002209 | m2²=0.999848 | eps_w1=2.087961e+00 | eps_w2=3.620430e-03
[step   290250] t/d= 580.500 | task1=1.767368e-01 | task2=6.504759e-03 | F1=1.700205e-01 | m1²=0.002203 | m2²=0.999850 | eps_w1=2.087926e+00 | eps_w2=3.618526e-03
[step   290500] t/d= 581.000 | task1=1.767599e-01 | task2=6.503799e-03 | F1=1.700437e-01 | m1²=0.002203 | m2²=0.999849 | eps_w1=2.088276e+00 | eps_w2=3.603283e-03
[step   290750] t/d= 581.500 | task1=1.767519e-01 | task2=6.504895e-03 | F1=1.700357e-01 | m1²=0.002198 | m2²=0.999848 | eps_w1=2.088256e+00 | eps_w2=3.606450e-03
[step   291000] t/d= 582.000 | task1=1.767449e-01 | task2=6.505206e-03 | F1=1.700287e-01 | m1²=0.002192 | m2²=0.999846 | eps_w1=2.088278e+00 | eps_w2=3.609785e-03
[step   291250] t/d= 582.500 | task1=1.767293e-01 | task2=6.505808e-03 | F1=1.700130e-01 | m1²=0.002193 | m2²=0.999848 | eps_w1=2.087944e+00 | eps_w2=3.622010e-03
[step   291500] t/d= 583.000 | task1=1.767014e-01 | task2=6.505734e-03 | F1=1.699851e-01 | m1²=0.002195 | m2²=0.999847 | eps_w1=2.087507e+00 | eps_w2=3.644855e-03
[step   291750] t/d= 583.500 | task1=1.767106e-01 | task2=6.504225e-03 | F1=1.699944e-01 | m1²=0.002198 | m2²=0.999846 | eps_w1=2.087883e+00 | eps_w2=3.627693e-03
[step   292000] t/d= 584.000 | task1=1.767130e-01 | task2=6.503015e-03 | F1=1.699968e-01 | m1²=0.002190 | m2²=0.999849 | eps_w1=2.087920e+00 | eps_w2=3.622393e-03
[step   292250] t/d= 584.500 | task1=1.767025e-01 | task2=6.500958e-03 | F1=1.699863e-01 | m1²=0.002179 | m2²=0.999847 | eps_w1=2.087778e+00 | eps_w2=3.633138e-03
[step   292500] t/d= 585.000 | task1=1.767181e-01 | task2=6.499311e-03 | F1=1.700019e-01 | m1²=0.002176 | m2²=0.999848 | eps_w1=2.087993e+00 | eps_w2=3.621143e-03
[step   292750] t/d= 585.500 | task1=1.767004e-01 | task2=6.499530e-03 | F1=1.699841e-01 | m1²=0.002173 | m2²=0.999851 | eps_w1=2.087763e+00 | eps_w2=3.627722e-03
[step   293000] t/d= 586.000 | task1=1.766715e-01 | task2=6.499317e-03 | F1=1.699552e-01 | m1²=0.002177 | m2²=0.999848 | eps_w1=2.087464e+00 | eps_w2=3.647560e-03
[step   293250] t/d= 586.500 | task1=1.766834e-01 | task2=6.500877e-03 | F1=1.699671e-01 | m1²=0.002177 | m2²=0.999848 | eps_w1=2.087564e+00 | eps_w2=3.643193e-03
[step   293500] t/d= 587.000 | task1=1.766652e-01 | task2=6.500992e-03 | F1=1.699489e-01 | m1²=0.002184 | m2²=0.999848 | eps_w1=2.087336e+00 | eps_w2=3.652866e-03
[step   293750] t/d= 587.500 | task1=1.766662e-01 | task2=6.499531e-03 | F1=1.699499e-01 | m1²=0.002189 | m2²=0.999849 | eps_w1=2.087341e+00 | eps_w2=3.650993e-03
[step   294000] t/d= 588.000 | task1=1.766379e-01 | task2=6.498844e-03 | F1=1.699216e-01 | m1²=0.002192 | m2²=0.999850 | eps_w1=2.087027e+00 | eps_w2=3.664890e-03
[step   294250] t/d= 588.500 | task1=1.766396e-01 | task2=6.495767e-03 | F1=1.699233e-01 | m1²=0.002205 | m2²=0.999849 | eps_w1=2.087030e+00 | eps_w2=3.663798e-03
[step   294500] t/d= 589.000 | task1=1.766325e-01 | task2=6.495134e-03 | F1=1.699163e-01 | m1²=0.002199 | m2²=0.999849 | eps_w1=2.086944e+00 | eps_w2=3.669149e-03
[step   294750] t/d= 589.500 | task1=1.766256e-01 | task2=6.499189e-03 | F1=1.699094e-01 | m1²=0.002201 | m2²=0.999849 | eps_w1=2.086918e+00 | eps_w2=3.670522e-03
[step   295000] t/d= 590.000 | task1=1.766283e-01 | task2=6.499749e-03 | F1=1.699121e-01 | m1²=0.002215 | m2²=0.999852 | eps_w1=2.087020e+00 | eps_w2=3.659082e-03
[step   295250] t/d= 590.500 | task1=1.766460e-01 | task2=6.500453e-03 | F1=1.699298e-01 | m1²=0.002219 | m2²=0.999853 | eps_w1=2.087092e+00 | eps_w2=3.652137e-03
[step   295500] t/d= 591.000 | task1=1.766646e-01 | task2=6.500827e-03 | F1=1.699484e-01 | m1²=0.002220 | m2²=0.999852 | eps_w1=2.087077e+00 | eps_w2=3.655067e-03
[step   295750] t/d= 591.500 | task1=1.766442e-01 | task2=6.501107e-03 | F1=1.699280e-01 | m1²=0.002217 | m2²=0.999852 | eps_w1=2.086789e+00 | eps_w2=3.669592e-03
[step   296000] t/d= 592.000 | task1=1.766477e-01 | task2=6.502869e-03 | F1=1.699315e-01 | m1²=0.002222 | m2²=0.999851 | eps_w1=2.086938e+00 | eps_w2=3.663378e-03
[step   296250] t/d= 592.500 | task1=1.766397e-01 | task2=6.505009e-03 | F1=1.699234e-01 | m1²=0.002230 | m2²=0.999850 | eps_w1=2.086714e+00 | eps_w2=3.676770e-03
[step   296500] t/d= 593.000 | task1=1.766241e-01 | task2=6.508084e-03 | F1=1.699078e-01 | m1²=0.002227 | m2²=0.999849 | eps_w1=2.086538e+00 | eps_w2=3.686603e-03
[step   296750] t/d= 593.500 | task1=1.766241e-01 | task2=6.505294e-03 | F1=1.699079e-01 | m1²=0.002218 | m2²=0.999851 | eps_w1=2.086410e+00 | eps_w2=3.690828e-03
[step   297000] t/d= 594.000 | task1=1.766028e-01 | task2=6.505880e-03 | F1=1.698865e-01 | m1²=0.002205 | m2²=0.999853 | eps_w1=2.086125e+00 | eps_w2=3.702463e-03
[step   297250] t/d= 594.500 | task1=1.766006e-01 | task2=6.505239e-03 | F1=1.698844e-01 | m1²=0.002207 | m2²=0.999853 | eps_w1=2.086148e+00 | eps_w2=3.701409e-03
[step   297500] t/d= 595.000 | task1=1.766100e-01 | task2=6.505476e-03 | F1=1.698938e-01 | m1²=0.002200 | m2²=0.999852 | eps_w1=2.086246e+00 | eps_w2=3.699352e-03
[step   297750] t/d= 595.500 | task1=1.766247e-01 | task2=6.505258e-03 | F1=1.699085e-01 | m1²=0.002203 | m2²=0.999850 | eps_w1=2.086444e+00 | eps_w2=3.691997e-03
[step   298000] t/d= 596.000 | task1=1.766222e-01 | task2=6.505955e-03 | F1=1.699060e-01 | m1²=0.002207 | m2²=0.999849 | eps_w1=2.086398e+00 | eps_w2=3.696325e-03
[step   298250] t/d= 596.500 | task1=1.766242e-01 | task2=6.504159e-03 | F1=1.699080e-01 | m1²=0.002217 | m2²=0.999850 | eps_w1=2.086351e+00 | eps_w2=3.694875e-03
[step   298500] t/d= 597.000 | task1=1.766248e-01 | task2=6.502838e-03 | F1=1.699086e-01 | m1²=0.002216 | m2²=0.999850 | eps_w1=2.086379e+00 | eps_w2=3.694023e-03
[step   298750] t/d= 597.500 | task1=1.766310e-01 | task2=6.500103e-03 | F1=1.699148e-01 | m1²=0.002215 | m2²=0.999850 | eps_w1=2.086331e+00 | eps_w2=3.696657e-03
[step   299000] t/d= 598.000 | task1=1.766382e-01 | task2=6.501427e-03 | F1=1.699220e-01 | m1²=0.002210 | m2²=0.999851 | eps_w1=2.086429e+00 | eps_w2=3.691327e-03
[step   299250] t/d= 598.500 | task1=1.766312e-01 | task2=6.500483e-03 | F1=1.699150e-01 | m1²=0.002208 | m2²=0.999851 | eps_w1=2.086468e+00 | eps_w2=3.688320e-03
[step   299500] t/d= 599.000 | task1=1.766179e-01 | task2=6.499222e-03 | F1=1.699017e-01 | m1²=0.002208 | m2²=0.999849 | eps_w1=2.086203e+00 | eps_w2=3.706266e-03
[step   299750] t/d= 599.500 | task1=1.766533e-01 | task2=6.498958e-03 | F1=1.699370e-01 | m1²=0.002208 | m2²=0.999850 | eps_w1=2.086696e+00 | eps_w2=3.678283e-03
[step   300000] t/d= 600.000 | task1=1.766674e-01 | task2=6.498306e-03 | F1=1.699512e-01 | m1²=0.002211 | m2²=0.999849 | eps_w1=2.086745e+00 | eps_w2=3.677615e-03
[step   300250] t/d= 600.500 | task1=1.766418e-01 | task2=6.496438e-03 | F1=1.699256e-01 | m1²=0.002210 | m2²=0.999850 | eps_w1=2.086324e+00 | eps_w2=3.698364e-03
[step   300500] t/d= 601.000 | task1=1.766435e-01 | task2=6.496034e-03 | F1=1.699272e-01 | m1²=0.002208 | m2²=0.999852 | eps_w1=2.086350e+00 | eps_w2=3.693568e-03
[step   300750] t/d= 601.500 | task1=1.766568e-01 | task2=6.495501e-03 | F1=1.699406e-01 | m1²=0.002204 | m2²=0.999851 | eps_w1=2.086517e+00 | eps_w2=3.686484e-03
[step   301000] t/d= 602.000 | task1=1.766568e-01 | task2=6.498228e-03 | F1=1.699406e-01 | m1²=0.002198 | m2²=0.999850 | eps_w1=2.086660e+00 | eps_w2=3.681295e-03
[step   301250] t/d= 602.500 | task1=1.766500e-01 | task2=6.495874e-03 | F1=1.699337e-01 | m1²=0.002197 | m2²=0.999849 | eps_w1=2.086750e+00 | eps_w2=3.679488e-03
[step   301500] t/d= 603.000 | task1=1.766650e-01 | task2=6.495128e-03 | F1=1.699488e-01 | m1²=0.002200 | m2²=0.999851 | eps_w1=2.086931e+00 | eps_w2=3.667072e-03
[step   301750] t/d= 603.500 | task1=1.766424e-01 | task2=6.494763e-03 | F1=1.699261e-01 | m1²=0.002205 | m2²=0.999850 | eps_w1=2.086706e+00 | eps_w2=3.678646e-03
[step   302000] t/d= 604.000 | task1=1.766274e-01 | task2=6.492119e-03 | F1=1.699111e-01 | m1²=0.002202 | m2²=0.999851 | eps_w1=2.086551e+00 | eps_w2=3.685312e-03
[step   302250] t/d= 604.500 | task1=1.766315e-01 | task2=6.491494e-03 | F1=1.699152e-01 | m1²=0.002201 | m2²=0.999852 | eps_w1=2.086656e+00 | eps_w2=3.678412e-03
[step   302500] t/d= 605.000 | task1=1.766445e-01 | task2=6.493394e-03 | F1=1.699283e-01 | m1²=0.002200 | m2²=0.999852 | eps_w1=2.086649e+00 | eps_w2=3.677854e-03
[step   302750] t/d= 605.500 | task1=1.766600e-01 | task2=6.494058e-03 | F1=1.699438e-01 | m1²=0.002199 | m2²=0.999851 | eps_w1=2.087007e+00 | eps_w2=3.662891e-03
[step   303000] t/d= 606.000 | task1=1.766551e-01 | task2=6.495338e-03 | F1=1.699389e-01 | m1²=0.002205 | m2²=0.999847 | eps_w1=2.086923e+00 | eps_w2=3.674351e-03
[step   303250] t/d= 606.500 | task1=1.766626e-01 | task2=6.496931e-03 | F1=1.699464e-01 | m1²=0.002204 | m2²=0.999847 | eps_w1=2.087170e+00 | eps_w2=3.660892e-03
[step   303500] t/d= 607.000 | task1=1.766758e-01 | task2=6.498742e-03 | F1=1.699595e-01 | m1²=0.002209 | m2²=0.999850 | eps_w1=2.087507e+00 | eps_w2=3.639241e-03
[step   303750] t/d= 607.500 | task1=1.766556e-01 | task2=6.496752e-03 | F1=1.699394e-01 | m1²=0.002212 | m2²=0.999849 | eps_w1=2.087098e+00 | eps_w2=3.660846e-03
[step   304000] t/d= 608.000 | task1=1.766743e-01 | task2=6.497196e-03 | F1=1.699581e-01 | m1²=0.002210 | m2²=0.999849 | eps_w1=2.087275e+00 | eps_w2=3.652221e-03
[step   304250] t/d= 608.500 | task1=1.766919e-01 | task2=6.497364e-03 | F1=1.699757e-01 | m1²=0.002209 | m2²=0.999850 | eps_w1=2.087581e+00 | eps_w2=3.635256e-03
[step   304500] t/d= 609.000 | task1=1.766763e-01 | task2=6.498345e-03 | F1=1.699601e-01 | m1²=0.002215 | m2²=0.999850 | eps_w1=2.087278e+00 | eps_w2=3.649067e-03
[step   304750] t/d= 609.500 | task1=1.766961e-01 | task2=6.500440e-03 | F1=1.699799e-01 | m1²=0.002210 | m2²=0.999850 | eps_w1=2.087489e+00 | eps_w2=3.638244e-03
[step   305000] t/d= 610.000 | task1=1.767258e-01 | task2=6.499424e-03 | F1=1.700096e-01 | m1²=0.002209 | m2²=0.999850 | eps_w1=2.088053e+00 | eps_w2=3.612009e-03
[step   305250] t/d= 610.500 | task1=1.767450e-01 | task2=6.500377e-03 | F1=1.700288e-01 | m1²=0.002220 | m2²=0.999853 | eps_w1=2.088259e+00 | eps_w2=3.594984e-03
[step   305500] t/d= 611.000 | task1=1.767621e-01 | task2=6.498617e-03 | F1=1.700458e-01 | m1²=0.002218 | m2²=0.999852 | eps_w1=2.088566e+00 | eps_w2=3.581531e-03
[step   305750] t/d= 611.500 | task1=1.767621e-01 | task2=6.499820e-03 | F1=1.700459e-01 | m1²=0.002233 | m2²=0.999851 | eps_w1=2.088527e+00 | eps_w2=3.583608e-03
[step   306000] t/d= 612.000 | task1=1.767602e-01 | task2=6.499052e-03 | F1=1.700440e-01 | m1²=0.002236 | m2²=0.999850 | eps_w1=2.088123e+00 | eps_w2=3.605676e-03
[step   306250] t/d= 612.500 | task1=1.767758e-01 | task2=6.499518e-03 | F1=1.700596e-01 | m1²=0.002234 | m2²=0.999850 | eps_w1=2.088439e+00 | eps_w2=3.589252e-03
[step   306500] t/d= 613.000 | task1=1.767680e-01 | task2=6.499467e-03 | F1=1.700517e-01 | m1²=0.002223 | m2²=0.999851 | eps_w1=2.088175e+00 | eps_w2=3.602280e-03
[step   306750] t/d= 613.500 | task1=1.767732e-01 | task2=6.497997e-03 | F1=1.700570e-01 | m1²=0.002227 | m2²=0.999852 | eps_w1=2.088421e+00 | eps_w2=3.586546e-03
[step   307000] t/d= 614.000 | task1=1.767833e-01 | task2=6.496811e-03 | F1=1.700671e-01 | m1²=0.002209 | m2²=0.999852 | eps_w1=2.088686e+00 | eps_w2=3.575331e-03
[step   307250] t/d= 614.500 | task1=1.767956e-01 | task2=6.497616e-03 | F1=1.700793e-01 | m1²=0.002210 | m2²=0.999851 | eps_w1=2.088822e+00 | eps_w2=3.570622e-03
[step   307500] t/d= 615.000 | task1=1.767902e-01 | task2=6.497381e-03 | F1=1.700740e-01 | m1²=0.002211 | m2²=0.999852 | eps_w1=2.088563e+00 | eps_w2=3.581633e-03
[step   307750] t/d= 615.500 | task1=1.767876e-01 | task2=6.501065e-03 | F1=1.700714e-01 | m1²=0.002213 | m2²=0.999852 | eps_w1=2.088454e+00 | eps_w2=3.586909e-03
[step   308000] t/d= 616.000 | task1=1.767734e-01 | task2=6.502418e-03 | F1=1.700571e-01 | m1²=0.002207 | m2²=0.999851 | eps_w1=2.088138e+00 | eps_w2=3.604770e-03
[step   308250] t/d= 616.500 | task1=1.767554e-01 | task2=6.503252e-03 | F1=1.700392e-01 | m1²=0.002217 | m2²=0.999850 | eps_w1=2.087756e+00 | eps_w2=3.624986e-03
[step   308500] t/d= 617.000 | task1=1.767305e-01 | task2=6.502538e-03 | F1=1.700143e-01 | m1²=0.002220 | m2²=0.999849 | eps_w1=2.087546e+00 | eps_w2=3.636868e-03
[step   308750] t/d= 617.500 | task1=1.767452e-01 | task2=6.501845e-03 | F1=1.700290e-01 | m1²=0.002224 | m2²=0.999850 | eps_w1=2.087512e+00 | eps_w2=3.637430e-03
[step   309000] t/d= 618.000 | task1=1.767218e-01 | task2=6.502132e-03 | F1=1.700056e-01 | m1²=0.002225 | m2²=0.999851 | eps_w1=2.087256e+00 | eps_w2=3.648087e-03
[step   309250] t/d= 618.500 | task1=1.767057e-01 | task2=6.503475e-03 | F1=1.699895e-01 | m1²=0.002227 | m2²=0.999849 | eps_w1=2.086885e+00 | eps_w2=3.668609e-03
[step   309500] t/d= 619.000 | task1=1.766962e-01 | task2=6.506148e-03 | F1=1.699800e-01 | m1²=0.002225 | m2²=0.999848 | eps_w1=2.086865e+00 | eps_w2=3.671698e-03
[step   309750] t/d= 619.500 | task1=1.766733e-01 | task2=6.506550e-03 | F1=1.699571e-01 | m1²=0.002226 | m2²=0.999849 | eps_w1=2.086519e+00 | eps_w2=3.688047e-03
[step   310000] t/d= 620.000 | task1=1.766873e-01 | task2=6.505067e-03 | F1=1.699711e-01 | m1²=0.002219 | m2²=0.999850 | eps_w1=2.086914e+00 | eps_w2=3.666616e-03
[step   310250] t/d= 620.500 | task1=1.766784e-01 | task2=6.506054e-03 | F1=1.699622e-01 | m1²=0.002216 | m2²=0.999851 | eps_w1=2.086706e+00 | eps_w2=3.676472e-03
[step   310500] t/d= 621.000 | task1=1.766758e-01 | task2=6.507305e-03 | F1=1.699596e-01 | m1²=0.002218 | m2²=0.999851 | eps_w1=2.086706e+00 | eps_w2=3.676054e-03
[step   310750] t/d= 621.500 | task1=1.766901e-01 | task2=6.504855e-03 | F1=1.699739e-01 | m1²=0.002208 | m2²=0.999854 | eps_w1=2.086598e+00 | eps_w2=3.677217e-03
[step   311000] t/d= 622.000 | task1=1.766758e-01 | task2=6.506011e-03 | F1=1.699596e-01 | m1²=0.002211 | m2²=0.999855 | eps_w1=2.086396e+00 | eps_w2=3.684012e-03
[step   311250] t/d= 622.500 | task1=1.766712e-01 | task2=6.505103e-03 | F1=1.699550e-01 | m1²=0.002211 | m2²=0.999855 | eps_w1=2.086363e+00 | eps_w2=3.686263e-03
[step   311500] t/d= 623.000 | task1=1.767001e-01 | task2=6.505925e-03 | F1=1.699838e-01 | m1²=0.002209 | m2²=0.999854 | eps_w1=2.086837e+00 | eps_w2=3.664366e-03
[step   311750] t/d= 623.500 | task1=1.766789e-01 | task2=6.505724e-03 | F1=1.699627e-01 | m1²=0.002204 | m2²=0.999854 | eps_w1=2.086674e+00 | eps_w2=3.673104e-03
[step   312000] t/d= 624.000 | task1=1.766814e-01 | task2=6.502318e-03 | F1=1.699652e-01 | m1²=0.002206 | m2²=0.999856 | eps_w1=2.086598e+00 | eps_w2=3.673293e-03
[step   312250] t/d= 624.500 | task1=1.766926e-01 | task2=6.500989e-03 | F1=1.699763e-01 | m1²=0.002200 | m2²=0.999855 | eps_w1=2.086631e+00 | eps_w2=3.674461e-03
[step   312500] t/d= 625.000 | task1=1.766837e-01 | task2=6.499046e-03 | F1=1.699675e-01 | m1²=0.002201 | m2²=0.999856 | eps_w1=2.086507e+00 | eps_w2=3.678749e-03
[step   312750] t/d= 625.500 | task1=1.766956e-01 | task2=6.497812e-03 | F1=1.699794e-01 | m1²=0.002202 | m2²=0.999855 | eps_w1=2.086769e+00 | eps_w2=3.665908e-03
[step   313000] t/d= 626.000 | task1=1.766995e-01 | task2=6.499377e-03 | F1=1.699833e-01 | m1²=0.002213 | m2²=0.999856 | eps_w1=2.086695e+00 | eps_w2=3.667550e-03
[step   313250] t/d= 626.500 | task1=1.767205e-01 | task2=6.499218e-03 | F1=1.700042e-01 | m1²=0.002217 | m2²=0.999858 | eps_w1=2.086848e+00 | eps_w2=3.655252e-03
[step   313500] t/d= 627.000 | task1=1.767127e-01 | task2=6.497558e-03 | F1=1.699964e-01 | m1²=0.002224 | m2²=0.999860 | eps_w1=2.086624e+00 | eps_w2=3.661623e-03
[step   313750] t/d= 627.500 | task1=1.767089e-01 | task2=6.496329e-03 | F1=1.699927e-01 | m1²=0.002213 | m2²=0.999861 | eps_w1=2.086664e+00 | eps_w2=3.660247e-03
[step   314000] t/d= 628.000 | task1=1.767129e-01 | task2=6.495118e-03 | F1=1.699967e-01 | m1²=0.002219 | m2²=0.999860 | eps_w1=2.086798e+00 | eps_w2=3.654693e-03
[step   314250] t/d= 628.500 | task1=1.767253e-01 | task2=6.491591e-03 | F1=1.700091e-01 | m1²=0.002218 | m2²=0.999859 | eps_w1=2.086958e+00 | eps_w2=3.647577e-03
[step   314500] t/d= 629.000 | task1=1.767406e-01 | task2=6.492449e-03 | F1=1.700243e-01 | m1²=0.002222 | m2²=0.999859 | eps_w1=2.087194e+00 | eps_w2=3.636042e-03
[step   314750] t/d= 629.500 | task1=1.767454e-01 | task2=6.494167e-03 | F1=1.700292e-01 | m1²=0.002226 | m2²=0.999858 | eps_w1=2.086938e+00 | eps_w2=3.650400e-03
[step   315000] t/d= 630.000 | task1=1.767537e-01 | task2=6.494163e-03 | F1=1.700375e-01 | m1²=0.002230 | m2²=0.999858 | eps_w1=2.087052e+00 | eps_w2=3.644728e-03
[step   315250] t/d= 630.500 | task1=1.767865e-01 | task2=6.493859e-03 | F1=1.700703e-01 | m1²=0.002235 | m2²=0.999858 | eps_w1=2.087586e+00 | eps_w2=3.616111e-03
[step   315500] t/d= 631.000 | task1=1.767666e-01 | task2=6.492085e-03 | F1=1.700504e-01 | m1²=0.002232 | m2²=0.999858 | eps_w1=2.087458e+00 | eps_w2=3.624146e-03
[step   315750] t/d= 631.500 | task1=1.767344e-01 | task2=6.491898e-03 | F1=1.700181e-01 | m1²=0.002230 | m2²=0.999858 | eps_w1=2.086833e+00 | eps_w2=3.654831e-03
[step   316000] t/d= 632.000 | task1=1.767444e-01 | task2=6.492414e-03 | F1=1.700282e-01 | m1²=0.002226 | m2²=0.999857 | eps_w1=2.087031e+00 | eps_w2=3.646657e-03
[step   316250] t/d= 632.500 | task1=1.767258e-01 | task2=6.490994e-03 | F1=1.700096e-01 | m1²=0.002214 | m2²=0.999858 | eps_w1=2.086808e+00 | eps_w2=3.657986e-03
[step   316500] t/d= 633.000 | task1=1.767685e-01 | task2=6.491127e-03 | F1=1.700522e-01 | m1²=0.002212 | m2²=0.999854 | eps_w1=2.087403e+00 | eps_w2=3.635126e-03
[step   316750] t/d= 633.500 | task1=1.767518e-01 | task2=6.492681e-03 | F1=1.700356e-01 | m1²=0.002216 | m2²=0.999854 | eps_w1=2.087180e+00 | eps_w2=3.646667e-03
[step   317000] t/d= 634.000 | task1=1.767450e-01 | task2=6.491520e-03 | F1=1.700288e-01 | m1²=0.002219 | m2²=0.999854 | eps_w1=2.087109e+00 | eps_w2=3.648919e-03
[step   317250] t/d= 634.500 | task1=1.767420e-01 | task2=6.495225e-03 | F1=1.700258e-01 | m1²=0.002220 | m2²=0.999853 | eps_w1=2.087058e+00 | eps_w2=3.654856e-03
[step   317500] t/d= 635.000 | task1=1.767393e-01 | task2=6.494610e-03 | F1=1.700231e-01 | m1²=0.002227 | m2²=0.999852 | eps_w1=2.087210e+00 | eps_w2=3.646694e-03
[step   317750] t/d= 635.500 | task1=1.767464e-01 | task2=6.494190e-03 | F1=1.700301e-01 | m1²=0.002225 | m2²=0.999853 | eps_w1=2.087199e+00 | eps_w2=3.645873e-03
[step   318000] t/d= 636.000 | task1=1.767384e-01 | task2=6.492586e-03 | F1=1.700221e-01 | m1²=0.002229 | m2²=0.999853 | eps_w1=2.087153e+00 | eps_w2=3.649202e-03
[step   318250] t/d= 636.500 | task1=1.767238e-01 | task2=6.493269e-03 | F1=1.700076e-01 | m1²=0.002235 | m2²=0.999853 | eps_w1=2.086983e+00 | eps_w2=3.656431e-03
[step   318500] t/d= 637.000 | task1=1.767123e-01 | task2=6.490289e-03 | F1=1.699961e-01 | m1²=0.002234 | m2²=0.999853 | eps_w1=2.086615e+00 | eps_w2=3.674930e-03
[step   318750] t/d= 637.500 | task1=1.766821e-01 | task2=6.491401e-03 | F1=1.699658e-01 | m1²=0.002243 | m2²=0.999856 | eps_w1=2.086158e+00 | eps_w2=3.690969e-03
[step   319000] t/d= 638.000 | task1=1.766780e-01 | task2=6.489172e-03 | F1=1.699617e-01 | m1²=0.002247 | m2²=0.999855 | eps_w1=2.086104e+00 | eps_w2=3.695334e-03
[step   319250] t/d= 638.500 | task1=1.766621e-01 | task2=6.489817e-03 | F1=1.699458e-01 | m1²=0.002259 | m2²=0.999858 | eps_w1=2.085878e+00 | eps_w2=3.699892e-03
[step   319500] t/d= 639.000 | task1=1.766513e-01 | task2=6.489033e-03 | F1=1.699351e-01 | m1²=0.002253 | m2²=0.999857 | eps_w1=2.085785e+00 | eps_w2=3.706681e-03
[step   319750] t/d= 639.500 | task1=1.766464e-01 | task2=6.490026e-03 | F1=1.699301e-01 | m1²=0.002252 | m2²=0.999856 | eps_w1=2.085682e+00 | eps_w2=3.714340e-03
[step   320000] t/d= 640.000 | task1=1.766348e-01 | task2=6.487927e-03 | F1=1.699186e-01 | m1²=0.002248 | m2²=0.999855 | eps_w1=2.085804e+00 | eps_w2=3.710121e-03
[step   320250] t/d= 640.500 | task1=1.766252e-01 | task2=6.488838e-03 | F1=1.699089e-01 | m1²=0.002246 | m2²=0.999855 | eps_w1=2.085504e+00 | eps_w2=3.725192e-03
[step   320500] t/d= 641.000 | task1=1.766117e-01 | task2=6.488193e-03 | F1=1.698954e-01 | m1²=0.002245 | m2²=0.999855 | eps_w1=2.085313e+00 | eps_w2=3.735994e-03
[step   320750] t/d= 641.500 | task1=1.766245e-01 | task2=6.487973e-03 | F1=1.699082e-01 | m1²=0.002237 | m2²=0.999857 | eps_w1=2.085595e+00 | eps_w2=3.719149e-03
[step   321000] t/d= 642.000 | task1=1.766559e-01 | task2=6.486932e-03 | F1=1.699396e-01 | m1²=0.002242 | m2²=0.999856 | eps_w1=2.086218e+00 | eps_w2=3.687947e-03
[step   321250] t/d= 642.500 | task1=1.766222e-01 | task2=6.490109e-03 | F1=1.699060e-01 | m1²=0.002243 | m2²=0.999858 | eps_w1=2.085632e+00 | eps_w2=3.714165e-03
[step   321500] t/d= 643.000 | task1=1.766185e-01 | task2=6.491861e-03 | F1=1.699022e-01 | m1²=0.002240 | m2²=0.999857 | eps_w1=2.085523e+00 | eps_w2=3.721074e-03
[step   321750] t/d= 643.500 | task1=1.766301e-01 | task2=6.493090e-03 | F1=1.699138e-01 | m1²=0.002243 | m2²=0.999858 | eps_w1=2.085805e+00 | eps_w2=3.705649e-03
[step   322000] t/d= 644.000 | task1=1.766478e-01 | task2=6.494036e-03 | F1=1.699315e-01 | m1²=0.002254 | m2²=0.999857 | eps_w1=2.086193e+00 | eps_w2=3.686193e-03
[step   322250] t/d= 644.500 | task1=1.766487e-01 | task2=6.493771e-03 | F1=1.699325e-01 | m1²=0.002255 | m2²=0.999856 | eps_w1=2.086064e+00 | eps_w2=3.695207e-03
[step   322500] t/d= 645.000 | task1=1.766733e-01 | task2=6.491819e-03 | F1=1.699570e-01 | m1²=0.002257 | m2²=0.999857 | eps_w1=2.086209e+00 | eps_w2=3.685365e-03
[step   322750] t/d= 645.500 | task1=1.766849e-01 | task2=6.494923e-03 | F1=1.699686e-01 | m1²=0.002259 | m2²=0.999857 | eps_w1=2.086464e+00 | eps_w2=3.671318e-03
[step   323000] t/d= 646.000 | task1=1.766851e-01 | task2=6.494975e-03 | F1=1.699689e-01 | m1²=0.002257 | m2²=0.999855 | eps_w1=2.086506e+00 | eps_w2=3.673268e-03
[step   323250] t/d= 646.500 | task1=1.766993e-01 | task2=6.497111e-03 | F1=1.699831e-01 | m1²=0.002254 | m2²=0.999856 | eps_w1=2.086559e+00 | eps_w2=3.670052e-03
[step   323500] t/d= 647.000 | task1=1.766831e-01 | task2=6.496580e-03 | F1=1.699668e-01 | m1²=0.002248 | m2²=0.999855 | eps_w1=2.086335e+00 | eps_w2=3.684511e-03
[step   323750] t/d= 647.500 | task1=1.766791e-01 | task2=6.494966e-03 | F1=1.699629e-01 | m1²=0.002252 | m2²=0.999856 | eps_w1=2.086362e+00 | eps_w2=3.679272e-03
[step   324000] t/d= 648.000 | task1=1.767060e-01 | task2=6.491373e-03 | F1=1.699898e-01 | m1²=0.002243 | m2²=0.999857 | eps_w1=2.086572e+00 | eps_w2=3.667582e-03
[step   324250] t/d= 648.500 | task1=1.767293e-01 | task2=6.492361e-03 | F1=1.700131e-01 | m1²=0.002247 | m2²=0.999860 | eps_w1=2.086906e+00 | eps_w2=3.645709e-03
[step   324500] t/d= 649.000 | task1=1.766991e-01 | task2=6.493511e-03 | F1=1.699828e-01 | m1²=0.002246 | m2²=0.999858 | eps_w1=2.086391e+00 | eps_w2=3.675840e-03
[step   324750] t/d= 649.500 | task1=1.767009e-01 | task2=6.494374e-03 | F1=1.699846e-01 | m1²=0.002240 | m2²=0.999859 | eps_w1=2.086299e+00 | eps_w2=3.678495e-03
[step   325000] t/d= 650.000 | task1=1.766857e-01 | task2=6.494700e-03 | F1=1.699695e-01 | m1²=0.002243 | m2²=0.999859 | eps_w1=2.086103e+00 | eps_w2=3.688241e-03
[step   325250] t/d= 650.500 | task1=1.766807e-01 | task2=6.494487e-03 | F1=1.699645e-01 | m1²=0.002254 | m2²=0.999859 | eps_w1=2.086170e+00 | eps_w2=3.684667e-03
[step   325500] t/d= 651.000 | task1=1.766844e-01 | task2=6.495255e-03 | F1=1.699681e-01 | m1²=0.002252 | m2²=0.999857 | eps_w1=2.086345e+00 | eps_w2=3.678911e-03
[step   325750] t/d= 651.500 | task1=1.766542e-01 | task2=6.496757e-03 | F1=1.699380e-01 | m1²=0.002252 | m2²=0.999857 | eps_w1=2.085819e+00 | eps_w2=3.705456e-03
[step   326000] t/d= 652.000 | task1=1.766605e-01 | task2=6.498131e-03 | F1=1.699442e-01 | m1²=0.002244 | m2²=0.999857 | eps_w1=2.086030e+00 | eps_w2=3.695817e-03
[step   326250] t/d= 652.500 | task1=1.766864e-01 | task2=6.497732e-03 | F1=1.699702e-01 | m1²=0.002241 | m2²=0.999859 | eps_w1=2.086365e+00 | eps_w2=3.675203e-03
[step   326500] t/d= 653.000 | task1=1.766994e-01 | task2=6.496524e-03 | F1=1.699832e-01 | m1²=0.002244 | m2²=0.999860 | eps_w1=2.086562e+00 | eps_w2=3.662512e-03
[step   326750] t/d= 653.500 | task1=1.766903e-01 | task2=6.496404e-03 | F1=1.699741e-01 | m1²=0.002245 | m2²=0.999861 | eps_w1=2.086457e+00 | eps_w2=3.667102e-03
[step   327000] t/d= 654.000 | task1=1.766873e-01 | task2=6.496614e-03 | F1=1.699711e-01 | m1²=0.002245 | m2²=0.999858 | eps_w1=2.086522e+00 | eps_w2=3.669210e-03
[step   327250] t/d= 654.500 | task1=1.767033e-01 | task2=6.495061e-03 | F1=1.699871e-01 | m1²=0.002247 | m2²=0.999859 | eps_w1=2.086826e+00 | eps_w2=3.651161e-03
[step   327500] t/d= 655.000 | task1=1.767037e-01 | task2=6.493961e-03 | F1=1.699874e-01 | m1²=0.002242 | m2²=0.999857 | eps_w1=2.086805e+00 | eps_w2=3.656579e-03
[step   327750] t/d= 655.500 | task1=1.767138e-01 | task2=6.495912e-03 | F1=1.699976e-01 | m1²=0.002239 | m2²=0.999858 | eps_w1=2.086888e+00 | eps_w2=3.651980e-03
[step   328000] t/d= 656.000 | task1=1.767299e-01 | task2=6.496846e-03 | F1=1.700137e-01 | m1²=0.002239 | m2²=0.999858 | eps_w1=2.087170e+00 | eps_w2=3.637101e-03
[step   328250] t/d= 656.500 | task1=1.767266e-01 | task2=6.498950e-03 | F1=1.700103e-01 | m1²=0.002242 | m2²=0.999860 | eps_w1=2.087035e+00 | eps_w2=3.639205e-03
[step   328500] t/d= 657.000 | task1=1.767319e-01 | task2=6.497300e-03 | F1=1.700156e-01 | m1²=0.002244 | m2²=0.999859 | eps_w1=2.087146e+00 | eps_w2=3.635176e-03
[step   328750] t/d= 657.500 | task1=1.767301e-01 | task2=6.496111e-03 | F1=1.700139e-01 | m1²=0.002246 | m2²=0.999859 | eps_w1=2.087298e+00 | eps_w2=3.628511e-03
[step   329000] t/d= 658.000 | task1=1.767364e-01 | task2=6.496304e-03 | F1=1.700201e-01 | m1²=0.002243 | m2²=0.999857 | eps_w1=2.087540e+00 | eps_w2=3.620075e-03
[step   329250] t/d= 658.500 | task1=1.767272e-01 | task2=6.495541e-03 | F1=1.700110e-01 | m1²=0.002237 | m2²=0.999857 | eps_w1=2.087528e+00 | eps_w2=3.621973e-03
[step   329500] t/d= 659.000 | task1=1.767517e-01 | task2=6.493711e-03 | F1=1.700355e-01 | m1²=0.002239 | m2²=0.999859 | eps_w1=2.087805e+00 | eps_w2=3.603027e-03
[step   329750] t/d= 659.500 | task1=1.767527e-01 | task2=6.493949e-03 | F1=1.700365e-01 | m1²=0.002235 | m2²=0.999860 | eps_w1=2.087794e+00 | eps_w2=3.603171e-03
[step   330000] t/d= 660.000 | task1=1.767391e-01 | task2=6.496439e-03 | F1=1.700228e-01 | m1²=0.002235 | m2²=0.999858 | eps_w1=2.087632e+00 | eps_w2=3.614969e-03
[step   330250] t/d= 660.500 | task1=1.767411e-01 | task2=6.495848e-03 | F1=1.700249e-01 | m1²=0.002232 | m2²=0.999855 | eps_w1=2.087805e+00 | eps_w2=3.611214e-03
[step   330500] t/d= 661.000 | task1=1.767407e-01 | task2=6.496827e-03 | F1=1.700244e-01 | m1²=0.002236 | m2²=0.999855 | eps_w1=2.087853e+00 | eps_w2=3.608155e-03
[step   330750] t/d= 661.500 | task1=1.767227e-01 | task2=6.496665e-03 | F1=1.700064e-01 | m1²=0.002225 | m2²=0.999856 | eps_w1=2.087563e+00 | eps_w2=3.623333e-03
[step   331000] t/d= 662.000 | task1=1.767318e-01 | task2=6.495749e-03 | F1=1.700156e-01 | m1²=0.002230 | m2²=0.999857 | eps_w1=2.087419e+00 | eps_w2=3.626875e-03
[step   331250] t/d= 662.500 | task1=1.767247e-01 | task2=6.495785e-03 | F1=1.700085e-01 | m1²=0.002237 | m2²=0.999857 | eps_w1=2.086995e+00 | eps_w2=3.648079e-03
[step   331500] t/d= 663.000 | task1=1.767129e-01 | task2=6.493829e-03 | F1=1.699967e-01 | m1²=0.002238 | m2²=0.999859 | eps_w1=2.086960e+00 | eps_w2=3.645297e-03
[step   331750] t/d= 663.500 | task1=1.767227e-01 | task2=6.494314e-03 | F1=1.700064e-01 | m1²=0.002232 | m2²=0.999860 | eps_w1=2.087013e+00 | eps_w2=3.641040e-03
[step   332000] t/d= 664.000 | task1=1.767328e-01 | task2=6.495933e-03 | F1=1.700166e-01 | m1²=0.002224 | m2²=0.999860 | eps_w1=2.087127e+00 | eps_w2=3.637617e-03
[step   332250] t/d= 664.500 | task1=1.767326e-01 | task2=6.494729e-03 | F1=1.700163e-01 | m1²=0.002227 | m2²=0.999861 | eps_w1=2.087096e+00 | eps_w2=3.636274e-03
[step   332500] t/d= 665.000 | task1=1.767223e-01 | task2=6.497690e-03 | F1=1.700061e-01 | m1²=0.002225 | m2²=0.999861 | eps_w1=2.086846e+00 | eps_w2=3.649890e-03
[step   332750] t/d= 665.500 | task1=1.767348e-01 | task2=6.496382e-03 | F1=1.700185e-01 | m1²=0.002230 | m2²=0.999862 | eps_w1=2.086951e+00 | eps_w2=3.640995e-03
[step   333000] t/d= 666.000 | task1=1.767480e-01 | task2=6.495628e-03 | F1=1.700318e-01 | m1²=0.002226 | m2²=0.999862 | eps_w1=2.087057e+00 | eps_w2=3.636629e-03
[step   333250] t/d= 666.500 | task1=1.767492e-01 | task2=6.497151e-03 | F1=1.700329e-01 | m1²=0.002224 | m2²=0.999862 | eps_w1=2.087272e+00 | eps_w2=3.625884e-03
[step   333500] t/d= 667.000 | task1=1.767461e-01 | task2=6.496577e-03 | F1=1.700299e-01 | m1²=0.002221 | m2²=0.999863 | eps_w1=2.087368e+00 | eps_w2=3.620228e-03
[step   333750] t/d= 667.500 | task1=1.767138e-01 | task2=6.497099e-03 | F1=1.699976e-01 | m1²=0.002221 | m2²=0.999863 | eps_w1=2.087036e+00 | eps_w2=3.635468e-03
[step   334000] t/d= 668.000 | task1=1.767032e-01 | task2=6.498996e-03 | F1=1.699870e-01 | m1²=0.002229 | m2²=0.999861 | eps_w1=2.086877e+00 | eps_w2=3.647715e-03
[step   334250] t/d= 668.500 | task1=1.766837e-01 | task2=6.498064e-03 | F1=1.699674e-01 | m1²=0.002227 | m2²=0.999858 | eps_w1=2.086690e+00 | eps_w2=3.663006e-03
[step   334500] t/d= 669.000 | task1=1.766830e-01 | task2=6.497944e-03 | F1=1.699668e-01 | m1²=0.002220 | m2²=0.999857 | eps_w1=2.086598e+00 | eps_w2=3.669743e-03
[step   334750] t/d= 669.500 | task1=1.766940e-01 | task2=6.497458e-03 | F1=1.699777e-01 | m1²=0.002218 | m2²=0.999856 | eps_w1=2.086820e+00 | eps_w2=3.659841e-03
[step   335000] t/d= 670.000 | task1=1.766660e-01 | task2=6.499679e-03 | F1=1.699498e-01 | m1²=0.002224 | m2²=0.999856 | eps_w1=2.086494e+00 | eps_w2=3.675672e-03
[step   335250] t/d= 670.500 | task1=1.766492e-01 | task2=6.500525e-03 | F1=1.699330e-01 | m1²=0.002225 | m2²=0.999854 | eps_w1=2.086181e+00 | eps_w2=3.695228e-03
[step   335500] t/d= 671.000 | task1=1.766598e-01 | task2=6.498856e-03 | F1=1.699436e-01 | m1²=0.002226 | m2²=0.999854 | eps_w1=2.086289e+00 | eps_w2=3.690220e-03
[step   335750] t/d= 671.500 | task1=1.766574e-01 | task2=6.500600e-03 | F1=1.699412e-01 | m1²=0.002225 | m2²=0.999857 | eps_w1=2.086248e+00 | eps_w2=3.687321e-03
[step   336000] t/d= 672.000 | task1=1.766566e-01 | task2=6.500368e-03 | F1=1.699403e-01 | m1²=0.002220 | m2²=0.999858 | eps_w1=2.086376e+00 | eps_w2=3.678421e-03
[step   336250] t/d= 672.500 | task1=1.766838e-01 | task2=6.499475e-03 | F1=1.699676e-01 | m1²=0.002215 | m2²=0.999858 | eps_w1=2.086920e+00 | eps_w2=3.652616e-03
[step   336500] t/d= 673.000 | task1=1.766716e-01 | task2=6.501462e-03 | F1=1.699553e-01 | m1²=0.002224 | m2²=0.999858 | eps_w1=2.086785e+00 | eps_w2=3.658229e-03
[step   336750] t/d= 673.500 | task1=1.766821e-01 | task2=6.503046e-03 | F1=1.699659e-01 | m1²=0.002221 | m2²=0.999857 | eps_w1=2.086838e+00 | eps_w2=3.657948e-03
[step   337000] t/d= 674.000 | task1=1.766764e-01 | task2=6.502618e-03 | F1=1.699602e-01 | m1²=0.002225 | m2²=0.999855 | eps_w1=2.086633e+00 | eps_w2=3.671931e-03
[step   337250] t/d= 674.500 | task1=1.766896e-01 | task2=6.502606e-03 | F1=1.699734e-01 | m1²=0.002221 | m2²=0.999856 | eps_w1=2.086731e+00 | eps_w2=3.665538e-03
[step   337500] t/d= 675.000 | task1=1.767036e-01 | task2=6.504022e-03 | F1=1.699874e-01 | m1²=0.002217 | m2²=0.999852 | eps_w1=2.086905e+00 | eps_w2=3.663995e-03
[step   337750] t/d= 675.500 | task1=1.767043e-01 | task2=6.504559e-03 | F1=1.699881e-01 | m1²=0.002220 | m2²=0.999851 | eps_w1=2.086824e+00 | eps_w2=3.669383e-03
[step   338000] t/d= 676.000 | task1=1.766955e-01 | task2=6.504720e-03 | F1=1.699793e-01 | m1²=0.002217 | m2²=0.999854 | eps_w1=2.086566e+00 | eps_w2=3.677624e-03
[step   338250] t/d= 676.500 | task1=1.766976e-01 | task2=6.502820e-03 | F1=1.699814e-01 | m1²=0.002210 | m2²=0.999854 | eps_w1=2.086482e+00 | eps_w2=3.681228e-03
[step   338500] t/d= 677.000 | task1=1.766925e-01 | task2=6.501297e-03 | F1=1.699763e-01 | m1²=0.002211 | m2²=0.999857 | eps_w1=2.086372e+00 | eps_w2=3.682616e-03
[step   338750] t/d= 677.500 | task1=1.766811e-01 | task2=6.500440e-03 | F1=1.699648e-01 | m1²=0.002209 | m2²=0.999856 | eps_w1=2.086296e+00 | eps_w2=3.688498e-03
[step   339000] t/d= 678.000 | task1=1.766728e-01 | task2=6.499649e-03 | F1=1.699566e-01 | m1²=0.002202 | m2²=0.999857 | eps_w1=2.086303e+00 | eps_w2=3.686042e-03
[step   339250] t/d= 678.500 | task1=1.766707e-01 | task2=6.501548e-03 | F1=1.699545e-01 | m1²=0.002191 | m2²=0.999856 | eps_w1=2.086503e+00 | eps_w2=3.679195e-03
[step   339500] t/d= 679.000 | task1=1.766643e-01 | task2=6.503603e-03 | F1=1.699480e-01 | m1²=0.002189 | m2²=0.999853 | eps_w1=2.086335e+00 | eps_w2=3.692680e-03
[step   339750] t/d= 679.500 | task1=1.766724e-01 | task2=6.504498e-03 | F1=1.699561e-01 | m1²=0.002187 | m2²=0.999853 | eps_w1=2.086300e+00 | eps_w2=3.695622e-03
[step   340000] t/d= 680.000 | task1=1.766807e-01 | task2=6.502330e-03 | F1=1.699645e-01 | m1²=0.002186 | m2²=0.999855 | eps_w1=2.086423e+00 | eps_w2=3.686141e-03
[step   340250] t/d= 680.500 | task1=1.766601e-01 | task2=6.502696e-03 | F1=1.699439e-01 | m1²=0.002188 | m2²=0.999856 | eps_w1=2.086048e+00 | eps_w2=3.702302e-03
[step   340500] t/d= 681.000 | task1=1.766533e-01 | task2=6.502873e-03 | F1=1.699370e-01 | m1²=0.002187 | m2²=0.999854 | eps_w1=2.086073e+00 | eps_w2=3.704592e-03
[step   340750] t/d= 681.500 | task1=1.766682e-01 | task2=6.500356e-03 | F1=1.699519e-01 | m1²=0.002191 | m2²=0.999854 | eps_w1=2.086153e+00 | eps_w2=3.701487e-03
[step   341000] t/d= 682.000 | task1=1.766415e-01 | task2=6.496106e-03 | F1=1.699252e-01 | m1²=0.002188 | m2²=0.999854 | eps_w1=2.085530e+00 | eps_w2=3.733002e-03
[step   341250] t/d= 682.500 | task1=1.766286e-01 | task2=6.497686e-03 | F1=1.699123e-01 | m1²=0.002191 | m2²=0.999855 | eps_w1=2.085406e+00 | eps_w2=3.736443e-03
[step   341500] t/d= 683.000 | task1=1.766175e-01 | task2=6.496214e-03 | F1=1.699013e-01 | m1²=0.002198 | m2²=0.999855 | eps_w1=2.085323e+00 | eps_w2=3.740757e-03
[step   341750] t/d= 683.500 | task1=1.766361e-01 | task2=6.496650e-03 | F1=1.699199e-01 | m1²=0.002201 | m2²=0.999856 | eps_w1=2.085630e+00 | eps_w2=3.721926e-03
[step   342000] t/d= 684.000 | task1=1.766345e-01 | task2=6.496964e-03 | F1=1.699183e-01 | m1²=0.002206 | m2²=0.999856 | eps_w1=2.085756e+00 | eps_w2=3.715317e-03
[step   342250] t/d= 684.500 | task1=1.766033e-01 | task2=6.498060e-03 | F1=1.698870e-01 | m1²=0.002207 | m2²=0.999858 | eps_w1=2.085388e+00 | eps_w2=3.729733e-03
[step   342500] t/d= 685.000 | task1=1.765943e-01 | task2=6.498029e-03 | F1=1.698781e-01 | m1²=0.002213 | m2²=0.999858 | eps_w1=2.085128e+00 | eps_w2=3.741962e-03
[step   342750] t/d= 685.500 | task1=1.765966e-01 | task2=6.498471e-03 | F1=1.698804e-01 | m1²=0.002212 | m2²=0.999857 | eps_w1=2.085323e+00 | eps_w2=3.735265e-03
[step   343000] t/d= 686.000 | task1=1.765937e-01 | task2=6.495376e-03 | F1=1.698775e-01 | m1²=0.002216 | m2²=0.999855 | eps_w1=2.085308e+00 | eps_w2=3.738567e-03
[step   343250] t/d= 686.500 | task1=1.766048e-01 | task2=6.496041e-03 | F1=1.698886e-01 | m1²=0.002218 | m2²=0.999854 | eps_w1=2.085482e+00 | eps_w2=3.732637e-03
[step   343500] t/d= 687.000 | task1=1.766014e-01 | task2=6.497124e-03 | F1=1.698852e-01 | m1²=0.002220 | m2²=0.999852 | eps_w1=2.085606e+00 | eps_w2=3.728847e-03
[step   343750] t/d= 687.500 | task1=1.766402e-01 | task2=6.498319e-03 | F1=1.699240e-01 | m1²=0.002219 | m2²=0.999852 | eps_w1=2.085993e+00 | eps_w2=3.709497e-03
[step   344000] t/d= 688.000 | task1=1.766402e-01 | task2=6.498342e-03 | F1=1.699239e-01 | m1²=0.002225 | m2²=0.999856 | eps_w1=2.085819e+00 | eps_w2=3.711144e-03
[step   344250] t/d= 688.500 | task1=1.766761e-01 | task2=6.497559e-03 | F1=1.699598e-01 | m1²=0.002224 | m2²=0.999856 | eps_w1=2.086206e+00 | eps_w2=3.690662e-03
[step   344500] t/d= 689.000 | task1=1.767001e-01 | task2=6.498260e-03 | F1=1.699839e-01 | m1²=0.002231 | m2²=0.999856 | eps_w1=2.086455e+00 | eps_w2=3.677212e-03
[step   344750] t/d= 689.500 | task1=1.767068e-01 | task2=6.496845e-03 | F1=1.699906e-01 | m1²=0.002224 | m2²=0.999858 | eps_w1=2.086346e+00 | eps_w2=3.679517e-03
[step   345000] t/d= 690.000 | task1=1.767260e-01 | task2=6.497232e-03 | F1=1.700098e-01 | m1²=0.002225 | m2²=0.999859 | eps_w1=2.086404e+00 | eps_w2=3.675905e-03
[step   345250] t/d= 690.500 | task1=1.767122e-01 | task2=6.496832e-03 | F1=1.699960e-01 | m1²=0.002229 | m2²=0.999857 | eps_w1=2.086183e+00 | eps_w2=3.690283e-03
[step   345500] t/d= 691.000 | task1=1.767074e-01 | task2=6.499545e-03 | F1=1.699912e-01 | m1²=0.002229 | m2²=0.999855 | eps_w1=2.086089e+00 | eps_w2=3.698727e-03
[step   345750] t/d= 691.500 | task1=1.767289e-01 | task2=6.498615e-03 | F1=1.700126e-01 | m1²=0.002226 | m2²=0.999854 | eps_w1=2.086356e+00 | eps_w2=3.687515e-03
[step   346000] t/d= 692.000 | task1=1.767464e-01 | task2=6.497804e-03 | F1=1.700302e-01 | m1²=0.002225 | m2²=0.999856 | eps_w1=2.086513e+00 | eps_w2=3.676158e-03
[step   346250] t/d= 692.500 | task1=1.767211e-01 | task2=6.498378e-03 | F1=1.700048e-01 | m1²=0.002219 | m2²=0.999855 | eps_w1=2.086174e+00 | eps_w2=3.694270e-03
[step   346500] t/d= 693.000 | task1=1.767457e-01 | task2=6.495723e-03 | F1=1.700295e-01 | m1²=0.002218 | m2²=0.999857 | eps_w1=2.086479e+00 | eps_w2=3.675081e-03
[step   346750] t/d= 693.500 | task1=1.767512e-01 | task2=6.495913e-03 | F1=1.700350e-01 | m1²=0.002211 | m2²=0.999857 | eps_w1=2.086667e+00 | eps_w2=3.666145e-03
[step   347000] t/d= 694.000 | task1=1.767192e-01 | task2=6.495861e-03 | F1=1.700030e-01 | m1²=0.002207 | m2²=0.999857 | eps_w1=2.086398e+00 | eps_w2=3.681239e-03
[step   347250] t/d= 694.500 | task1=1.767385e-01 | task2=6.497548e-03 | F1=1.700222e-01 | m1²=0.002210 | m2²=0.999858 | eps_w1=2.086920e+00 | eps_w2=3.653031e-03
[step   347500] t/d= 695.000 | task1=1.767402e-01 | task2=6.498255e-03 | F1=1.700240e-01 | m1²=0.002202 | m2²=0.999858 | eps_w1=2.086941e+00 | eps_w2=3.651661e-03
[step   347750] t/d= 695.500 | task1=1.767341e-01 | task2=6.497027e-03 | F1=1.700179e-01 | m1²=0.002206 | m2²=0.999858 | eps_w1=2.086796e+00 | eps_w2=3.659080e-03
[step   348000] t/d= 696.000 | task1=1.767376e-01 | task2=6.497002e-03 | F1=1.700214e-01 | m1²=0.002210 | m2²=0.999858 | eps_w1=2.086802e+00 | eps_w2=3.657977e-03
[step   348250] t/d= 696.500 | task1=1.767194e-01 | task2=6.496350e-03 | F1=1.700032e-01 | m1²=0.002208 | m2²=0.999859 | eps_w1=2.086438e+00 | eps_w2=3.674243e-03
[step   348500] t/d= 697.000 | task1=1.767159e-01 | task2=6.497478e-03 | F1=1.699997e-01 | m1²=0.002202 | m2²=0.999859 | eps_w1=2.086344e+00 | eps_w2=3.680020e-03
[step   348750] t/d= 697.500 | task1=1.767077e-01 | task2=6.495188e-03 | F1=1.699915e-01 | m1²=0.002222 | m2²=0.999859 | eps_w1=2.085974e+00 | eps_w2=3.697045e-03
[step   349000] t/d= 698.000 | task1=1.767103e-01 | task2=6.496730e-03 | F1=1.699941e-01 | m1²=0.002207 | m2²=0.999859 | eps_w1=2.086033e+00 | eps_w2=3.695560e-03
[step   349250] t/d= 698.500 | task1=1.767478e-01 | task2=6.496800e-03 | F1=1.700316e-01 | m1²=0.002205 | m2²=0.999861 | eps_w1=2.086537e+00 | eps_w2=3.666423e-03
[step   349500] t/d= 699.000 | task1=1.767396e-01 | task2=6.496566e-03 | F1=1.700234e-01 | m1²=0.002196 | m2²=0.999860 | eps_w1=2.086266e+00 | eps_w2=3.683384e-03
[step   349750] t/d= 699.500 | task1=1.767480e-01 | task2=6.498826e-03 | F1=1.700318e-01 | m1²=0.002204 | m2²=0.999859 | eps_w1=2.086389e+00 | eps_w2=3.677812e-03
[step   350000] t/d= 700.000 | task1=1.767171e-01 | task2=6.497662e-03 | F1=1.700009e-01 | m1²=0.002201 | m2²=0.999858 | eps_w1=2.086147e+00 | eps_w2=3.692016e-03
[step   350250] t/d= 700.500 | task1=1.767156e-01 | task2=6.496872e-03 | F1=1.699994e-01 | m1²=0.002205 | m2²=0.999860 | eps_w1=2.086127e+00 | eps_w2=3.689337e-03
[step   350500] t/d= 701.000 | task1=1.767443e-01 | task2=6.497302e-03 | F1=1.700281e-01 | m1²=0.002200 | m2²=0.999861 | eps_w1=2.086448e+00 | eps_w2=3.672028e-03
[step   350750] t/d= 701.500 | task1=1.767711e-01 | task2=6.498921e-03 | F1=1.700549e-01 | m1²=0.002206 | m2²=0.999860 | eps_w1=2.086872e+00 | eps_w2=3.651148e-03
[step   351000] t/d= 702.000 | task1=1.767520e-01 | task2=6.502084e-03 | F1=1.700358e-01 | m1²=0.002210 | m2²=0.999859 | eps_w1=2.086653e+00 | eps_w2=3.664752e-03
[step   351250] t/d= 702.500 | task1=1.767485e-01 | task2=6.503712e-03 | F1=1.700322e-01 | m1²=0.002210 | m2²=0.999858 | eps_w1=2.086635e+00 | eps_w2=3.666410e-03
[step   351500] t/d= 703.000 | task1=1.767525e-01 | task2=6.504078e-03 | F1=1.700363e-01 | m1²=0.002207 | m2²=0.999860 | eps_w1=2.086806e+00 | eps_w2=3.655289e-03
[step   351750] t/d= 703.500 | task1=1.767528e-01 | task2=6.504637e-03 | F1=1.700366e-01 | m1²=0.002200 | m2²=0.999859 | eps_w1=2.086707e+00 | eps_w2=3.662066e-03
[step   352000] t/d= 704.000 | task1=1.767365e-01 | task2=6.504326e-03 | F1=1.700203e-01 | m1²=0.002204 | m2²=0.999858 | eps_w1=2.086489e+00 | eps_w2=3.675521e-03
[step   352250] t/d= 704.500 | task1=1.767462e-01 | task2=6.502996e-03 | F1=1.700300e-01 | m1²=0.002209 | m2²=0.999859 | eps_w1=2.086537e+00 | eps_w2=3.669859e-03
[step   352500] t/d= 705.000 | task1=1.767260e-01 | task2=6.503982e-03 | F1=1.700097e-01 | m1²=0.002214 | m2²=0.999858 | eps_w1=2.086111e+00 | eps_w2=3.692974e-03
[step   352750] t/d= 705.500 | task1=1.767529e-01 | task2=6.503401e-03 | F1=1.700367e-01 | m1²=0.002216 | m2²=0.999856 | eps_w1=2.086552e+00 | eps_w2=3.673674e-03
[step   353000] t/d= 706.000 | task1=1.767486e-01 | task2=6.502244e-03 | F1=1.700324e-01 | m1²=0.002210 | m2²=0.999856 | eps_w1=2.086446e+00 | eps_w2=3.680372e-03
[step   353250] t/d= 706.500 | task1=1.767451e-01 | task2=6.500298e-03 | F1=1.700289e-01 | m1²=0.002213 | m2²=0.999855 | eps_w1=2.086544e+00 | eps_w2=3.676253e-03
[step   353500] t/d= 707.000 | task1=1.767597e-01 | task2=6.499948e-03 | F1=1.700434e-01 | m1²=0.002219 | m2²=0.999855 | eps_w1=2.086589e+00 | eps_w2=3.673500e-03
[step   353750] t/d= 707.500 | task1=1.767566e-01 | task2=6.501426e-03 | F1=1.700404e-01 | m1²=0.002212 | m2²=0.999854 | eps_w1=2.086410e+00 | eps_w2=3.685255e-03
[step   354000] t/d= 708.000 | task1=1.767389e-01 | task2=6.500788e-03 | F1=1.700227e-01 | m1²=0.002213 | m2²=0.999854 | eps_w1=2.086235e+00 | eps_w2=3.693407e-03
[step   354250] t/d= 708.500 | task1=1.767240e-01 | task2=6.500146e-03 | F1=1.700077e-01 | m1²=0.002211 | m2²=0.999853 | eps_w1=2.085953e+00 | eps_w2=3.710259e-03
[step   354500] t/d= 709.000 | task1=1.767152e-01 | task2=6.500228e-03 | F1=1.699990e-01 | m1²=0.002213 | m2²=0.999853 | eps_w1=2.085713e+00 | eps_w2=3.721935e-03
[step   354750] t/d= 709.500 | task1=1.767028e-01 | task2=6.503805e-03 | F1=1.699866e-01 | m1²=0.002206 | m2²=0.999853 | eps_w1=2.085584e+00 | eps_w2=3.730699e-03
[step   355000] t/d= 710.000 | task1=1.767073e-01 | task2=6.502154e-03 | F1=1.699910e-01 | m1²=0.002203 | m2²=0.999851 | eps_w1=2.085721e+00 | eps_w2=3.726254e-03
[step   355250] t/d= 710.500 | task1=1.766921e-01 | task2=6.500993e-03 | F1=1.699759e-01 | m1²=0.002204 | m2²=0.999852 | eps_w1=2.085654e+00 | eps_w2=3.728068e-03
[step   355500] t/d= 711.000 | task1=1.767151e-01 | task2=6.500896e-03 | F1=1.699989e-01 | m1²=0.002209 | m2²=0.999852 | eps_w1=2.086046e+00 | eps_w2=3.707570e-03
[step   355750] t/d= 711.500 | task1=1.767326e-01 | task2=6.499106e-03 | F1=1.700163e-01 | m1²=0.002207 | m2²=0.999852 | eps_w1=2.086396e+00 | eps_w2=3.691240e-03
[step   356000] t/d= 712.000 | task1=1.767367e-01 | task2=6.499499e-03 | F1=1.700205e-01 | m1²=0.002205 | m2²=0.999850 | eps_w1=2.086391e+00 | eps_w2=3.694291e-03
[step   356250] t/d= 712.500 | task1=1.767681e-01 | task2=6.497403e-03 | F1=1.700518e-01 | m1²=0.002198 | m2²=0.999851 | eps_w1=2.086919e+00 | eps_w2=3.667136e-03
[step   356500] t/d= 713.000 | task1=1.767404e-01 | task2=6.498811e-03 | F1=1.700241e-01 | m1²=0.002197 | m2²=0.999854 | eps_w1=2.086526e+00 | eps_w2=3.681983e-03
[step   356750] t/d= 713.500 | task1=1.767584e-01 | task2=6.496309e-03 | F1=1.700421e-01 | m1²=0.002193 | m2²=0.999857 | eps_w1=2.086809e+00 | eps_w2=3.662677e-03
[step   357000] t/d= 714.000 | task1=1.767686e-01 | task2=6.494742e-03 | F1=1.700524e-01 | m1²=0.002189 | m2²=0.999857 | eps_w1=2.087001e+00 | eps_w2=3.652427e-03
[step   357250] t/d= 714.500 | task1=1.767622e-01 | task2=6.493243e-03 | F1=1.700460e-01 | m1²=0.002186 | m2²=0.999858 | eps_w1=2.086900e+00 | eps_w2=3.655508e-03
[step   357500] t/d= 715.000 | task1=1.767749e-01 | task2=6.492196e-03 | F1=1.700587e-01 | m1²=0.002187 | m2²=0.999859 | eps_w1=2.087216e+00 | eps_w2=3.638973e-03
[step   357750] t/d= 715.500 | task1=1.767840e-01 | task2=6.493602e-03 | F1=1.700677e-01 | m1²=0.002188 | m2²=0.999860 | eps_w1=2.087348e+00 | eps_w2=3.630136e-03
[step   358000] t/d= 716.000 | task1=1.767576e-01 | task2=6.494213e-03 | F1=1.700413e-01 | m1²=0.002189 | m2²=0.999859 | eps_w1=2.086967e+00 | eps_w2=3.649712e-03
[step   358250] t/d= 716.500 | task1=1.767326e-01 | task2=6.495947e-03 | F1=1.700164e-01 | m1²=0.002190 | m2²=0.999858 | eps_w1=2.086537e+00 | eps_w2=3.673538e-03
[step   358500] t/d= 717.000 | task1=1.767252e-01 | task2=6.494807e-03 | F1=1.700089e-01 | m1²=0.002183 | m2²=0.999857 | eps_w1=2.086311e+00 | eps_w2=3.687285e-03
[step   358750] t/d= 717.500 | task1=1.767326e-01 | task2=6.496384e-03 | F1=1.700164e-01 | m1²=0.002183 | m2²=0.999857 | eps_w1=2.086543e+00 | eps_w2=3.675741e-03
[step   359000] t/d= 718.000 | task1=1.767444e-01 | task2=6.496082e-03 | F1=1.700281e-01 | m1²=0.002180 | m2²=0.999857 | eps_w1=2.086599e+00 | eps_w2=3.674234e-03
[step   359250] t/d= 718.500 | task1=1.767475e-01 | task2=6.498886e-03 | F1=1.700313e-01 | m1²=0.002177 | m2²=0.999857 | eps_w1=2.086713e+00 | eps_w2=3.668115e-03
[step   359500] t/d= 719.000 | task1=1.767458e-01 | task2=6.501708e-03 | F1=1.700296e-01 | m1²=0.002172 | m2²=0.999857 | eps_w1=2.086863e+00 | eps_w2=3.662075e-03
[step   359750] t/d= 719.500 | task1=1.767366e-01 | task2=6.501253e-03 | F1=1.700204e-01 | m1²=0.002171 | m2²=0.999858 | eps_w1=2.086678e+00 | eps_w2=3.669215e-03
[step   360000] t/d= 720.000 | task1=1.767358e-01 | task2=6.503227e-03 | F1=1.700196e-01 | m1²=0.002175 | m2²=0.999857 | eps_w1=2.086678e+00 | eps_w2=3.670805e-03
[step   360250] t/d= 720.500 | task1=1.767201e-01 | task2=6.503812e-03 | F1=1.700039e-01 | m1²=0.002162 | m2²=0.999856 | eps_w1=2.086841e+00 | eps_w2=3.665202e-03
[step   360500] t/d= 721.000 | task1=1.767168e-01 | task2=6.504449e-03 | F1=1.700005e-01 | m1²=0.002159 | m2²=0.999856 | eps_w1=2.086764e+00 | eps_w2=3.670320e-03
[step   360750] t/d= 721.500 | task1=1.767191e-01 | task2=6.506476e-03 | F1=1.700029e-01 | m1²=0.002146 | m2²=0.999855 | eps_w1=2.086856e+00 | eps_w2=3.667357e-03
[step   361000] t/d= 722.000 | task1=1.767281e-01 | task2=6.507665e-03 | F1=1.700119e-01 | m1²=0.002150 | m2²=0.999857 | eps_w1=2.086894e+00 | eps_w2=3.662095e-03
[step   361250] t/d= 722.500 | task1=1.766949e-01 | task2=6.506886e-03 | F1=1.699786e-01 | m1²=0.002153 | m2²=0.999856 | eps_w1=2.086593e+00 | eps_w2=3.679556e-03
[step   361500] t/d= 723.000 | task1=1.767071e-01 | task2=6.504531e-03 | F1=1.699909e-01 | m1²=0.002147 | m2²=0.999854 | eps_w1=2.086958e+00 | eps_w2=3.664637e-03
[step   361750] t/d= 723.500 | task1=1.767118e-01 | task2=6.504474e-03 | F1=1.699955e-01 | m1²=0.002145 | m2²=0.999854 | eps_w1=2.087006e+00 | eps_w2=3.663097e-03
[step   362000] t/d= 724.000 | task1=1.767036e-01 | task2=6.507353e-03 | F1=1.699874e-01 | m1²=0.002147 | m2²=0.999855 | eps_w1=2.087085e+00 | eps_w2=3.656920e-03
[step   362250] t/d= 724.500 | task1=1.767281e-01 | task2=6.508073e-03 | F1=1.700118e-01 | m1²=0.002148 | m2²=0.999851 | eps_w1=2.087340e+00 | eps_w2=3.650574e-03
[step   362500] t/d= 725.000 | task1=1.767409e-01 | task2=6.506645e-03 | F1=1.700247e-01 | m1²=0.002151 | m2²=0.999852 | eps_w1=2.087497e+00 | eps_w2=3.641052e-03
[step   362750] t/d= 725.500 | task1=1.767095e-01 | task2=6.507412e-03 | F1=1.699933e-01 | m1²=0.002158 | m2²=0.999853 | eps_w1=2.087007e+00 | eps_w2=3.663561e-03
[step   363000] t/d= 726.000 | task1=1.766668e-01 | task2=6.506231e-03 | F1=1.699506e-01 | m1²=0.002164 | m2²=0.999853 | eps_w1=2.086193e+00 | eps_w2=3.702530e-03
[step   363250] t/d= 726.500 | task1=1.766443e-01 | task2=6.505953e-03 | F1=1.699281e-01 | m1²=0.002166 | m2²=0.999855 | eps_w1=2.085676e+00 | eps_w2=3.725197e-03
[step   363500] t/d= 727.000 | task1=1.766665e-01 | task2=6.507238e-03 | F1=1.699502e-01 | m1²=0.002169 | m2²=0.999855 | eps_w1=2.085917e+00 | eps_w2=3.712354e-03
[step   363750] t/d= 727.500 | task1=1.767028e-01 | task2=6.506813e-03 | F1=1.699866e-01 | m1²=0.002160 | m2²=0.999857 | eps_w1=2.086524e+00 | eps_w2=3.678823e-03
[step   364000] t/d= 728.000 | task1=1.767305e-01 | task2=6.505283e-03 | F1=1.700142e-01 | m1²=0.002155 | m2²=0.999859 | eps_w1=2.086859e+00 | eps_w2=3.659932e-03
[step   364250] t/d= 728.500 | task1=1.767339e-01 | task2=6.504690e-03 | F1=1.700177e-01 | m1²=0.002154 | m2²=0.999859 | eps_w1=2.087083e+00 | eps_w2=3.648277e-03
[step   364500] t/d= 729.000 | task1=1.767311e-01 | task2=6.504282e-03 | F1=1.700149e-01 | m1²=0.002153 | m2²=0.999859 | eps_w1=2.087097e+00 | eps_w2=3.647317e-03
[step   364750] t/d= 729.500 | task1=1.767171e-01 | task2=6.504447e-03 | F1=1.700009e-01 | m1²=0.002160 | m2²=0.999861 | eps_w1=2.086799e+00 | eps_w2=3.657989e-03
[step   365000] t/d= 730.000 | task1=1.767218e-01 | task2=6.503982e-03 | F1=1.700056e-01 | m1²=0.002164 | m2²=0.999860 | eps_w1=2.086833e+00 | eps_w2=3.657387e-03
[step   365250] t/d= 730.500 | task1=1.767050e-01 | task2=6.503794e-03 | F1=1.699888e-01 | m1²=0.002163 | m2²=0.999861 | eps_w1=2.086479e+00 | eps_w2=3.673263e-03
[step   365500] t/d= 731.000 | task1=1.767061e-01 | task2=6.503336e-03 | F1=1.699899e-01 | m1²=0.002166 | m2²=0.999861 | eps_w1=2.086400e+00 | eps_w2=3.676944e-03
[step   365750] t/d= 731.500 | task1=1.767091e-01 | task2=6.502315e-03 | F1=1.699928e-01 | m1²=0.002160 | m2²=0.999860 | eps_w1=2.086388e+00 | eps_w2=3.680703e-03
[step   366000] t/d= 732.000 | task1=1.766991e-01 | task2=6.503965e-03 | F1=1.699829e-01 | m1²=0.002161 | m2²=0.999859 | eps_w1=2.086123e+00 | eps_w2=3.696331e-03
[step   366250] t/d= 732.500 | task1=1.767081e-01 | task2=6.502892e-03 | F1=1.699919e-01 | m1²=0.002151 | m2²=0.999857 | eps_w1=2.086143e+00 | eps_w2=3.700524e-03
[step   366500] t/d= 733.000 | task1=1.766821e-01 | task2=6.502194e-03 | F1=1.699659e-01 | m1²=0.002149 | m2²=0.999857 | eps_w1=2.085694e+00 | eps_w2=3.722046e-03
[step   366750] t/d= 733.500 | task1=1.766823e-01 | task2=6.504551e-03 | F1=1.699661e-01 | m1²=0.002151 | m2²=0.999856 | eps_w1=2.085753e+00 | eps_w2=3.721725e-03
[step   367000] t/d= 734.000 | task1=1.767055e-01 | task2=6.503680e-03 | F1=1.699892e-01 | m1²=0.002151 | m2²=0.999857 | eps_w1=2.085989e+00 | eps_w2=3.707910e-03
[step   367250] t/d= 734.500 | task1=1.767151e-01 | task2=6.505947e-03 | F1=1.699989e-01 | m1²=0.002152 | m2²=0.999854 | eps_w1=2.086210e+00 | eps_w2=3.702434e-03
[step   367500] t/d= 735.000 | task1=1.766937e-01 | task2=6.505219e-03 | F1=1.699774e-01 | m1²=0.002152 | m2²=0.999855 | eps_w1=2.085912e+00 | eps_w2=3.715609e-03
[step   367750] t/d= 735.500 | task1=1.767050e-01 | task2=6.505180e-03 | F1=1.699887e-01 | m1²=0.002157 | m2²=0.999854 | eps_w1=2.085902e+00 | eps_w2=3.716441e-03
[step   368000] t/d= 736.000 | task1=1.766958e-01 | task2=6.507342e-03 | F1=1.699796e-01 | m1²=0.002161 | m2²=0.999855 | eps_w1=2.085778e+00 | eps_w2=3.721905e-03
[step   368250] t/d= 736.500 | task1=1.767343e-01 | task2=6.503803e-03 | F1=1.700181e-01 | m1²=0.002157 | m2²=0.999855 | eps_w1=2.086172e+00 | eps_w2=3.701294e-03
[step   368500] t/d= 737.000 | task1=1.767258e-01 | task2=6.505258e-03 | F1=1.700095e-01 | m1²=0.002163 | m2²=0.999856 | eps_w1=2.086009e+00 | eps_w2=3.706794e-03
[step   368750] t/d= 737.500 | task1=1.767352e-01 | task2=6.507627e-03 | F1=1.700189e-01 | m1²=0.002169 | m2²=0.999857 | eps_w1=2.086117e+00 | eps_w2=3.699561e-03
[step   369000] t/d= 738.000 | task1=1.767275e-01 | task2=6.508623e-03 | F1=1.700113e-01 | m1²=0.002173 | m2²=0.999859 | eps_w1=2.085987e+00 | eps_w2=3.702449e-03
[step   369250] t/d= 738.500 | task1=1.767171e-01 | task2=6.511514e-03 | F1=1.700009e-01 | m1²=0.002173 | m2²=0.999860 | eps_w1=2.086150e+00 | eps_w2=3.691159e-03
[step   369500] t/d= 739.000 | task1=1.766968e-01 | task2=6.510948e-03 | F1=1.699806e-01 | m1²=0.002173 | m2²=0.999861 | eps_w1=2.085868e+00 | eps_w2=3.703677e-03
[step   369750] t/d= 739.500 | task1=1.767216e-01 | task2=6.510286e-03 | F1=1.700054e-01 | m1²=0.002179 | m2²=0.999864 | eps_w1=2.086248e+00 | eps_w2=3.678442e-03
[step   370000] t/d= 740.000 | task1=1.767248e-01 | task2=6.510780e-03 | F1=1.700085e-01 | m1²=0.002183 | m2²=0.999864 | eps_w1=2.086435e+00 | eps_w2=3.668165e-03
[step   370250] t/d= 740.500 | task1=1.767325e-01 | task2=6.510091e-03 | F1=1.700162e-01 | m1²=0.002184 | m2²=0.999865 | eps_w1=2.086683e+00 | eps_w2=3.653561e-03
[step   370500] t/d= 741.000 | task1=1.767356e-01 | task2=6.509193e-03 | F1=1.700193e-01 | m1²=0.002184 | m2²=0.999867 | eps_w1=2.086750e+00 | eps_w2=3.647214e-03
[step   370750] t/d= 741.500 | task1=1.767312e-01 | task2=6.508699e-03 | F1=1.700150e-01 | m1²=0.002183 | m2²=0.999865 | eps_w1=2.086691e+00 | eps_w2=3.653613e-03
[step   371000] t/d= 742.000 | task1=1.767527e-01 | task2=6.509372e-03 | F1=1.700365e-01 | m1²=0.002183 | m2²=0.999864 | eps_w1=2.086780e+00 | eps_w2=3.651026e-03
[step   371250] t/d= 742.500 | task1=1.767500e-01 | task2=6.510886e-03 | F1=1.700338e-01 | m1²=0.002188 | m2²=0.999862 | eps_w1=2.086755e+00 | eps_w2=3.656331e-03
[step   371500] t/d= 743.000 | task1=1.767734e-01 | task2=6.512347e-03 | F1=1.700572e-01 | m1²=0.002181 | m2²=0.999864 | eps_w1=2.087064e+00 | eps_w2=3.637335e-03
[step   371750] t/d= 743.500 | task1=1.767509e-01 | task2=6.509285e-03 | F1=1.700346e-01 | m1²=0.002183 | m2²=0.999866 | eps_w1=2.086516e+00 | eps_w2=3.660829e-03
[step   372000] t/d= 744.000 | task1=1.767221e-01 | task2=6.509772e-03 | F1=1.700058e-01 | m1²=0.002181 | m2²=0.999867 | eps_w1=2.086254e+00 | eps_w2=3.673077e-03
[step   372250] t/d= 744.500 | task1=1.767189e-01 | task2=6.508521e-03 | F1=1.700026e-01 | m1²=0.002181 | m2²=0.999869 | eps_w1=2.086258e+00 | eps_w2=3.668503e-03
[step   372500] t/d= 745.000 | task1=1.767247e-01 | task2=6.509850e-03 | F1=1.700085e-01 | m1²=0.002175 | m2²=0.999869 | eps_w1=2.086089e+00 | eps_w2=3.677196e-03
[step   372750] t/d= 745.500 | task1=1.767227e-01 | task2=6.509440e-03 | F1=1.700064e-01 | m1²=0.002167 | m2²=0.999871 | eps_w1=2.085893e+00 | eps_w2=3.684894e-03
[step   373000] t/d= 746.000 | task1=1.767133e-01 | task2=6.509948e-03 | F1=1.699970e-01 | m1²=0.002165 | m2²=0.999868 | eps_w1=2.085780e+00 | eps_w2=3.696952e-03
[step   373250] t/d= 746.500 | task1=1.767163e-01 | task2=6.509416e-03 | F1=1.700000e-01 | m1²=0.002170 | m2²=0.999869 | eps_w1=2.085835e+00 | eps_w2=3.690856e-03
[step   373500] t/d= 747.000 | task1=1.766924e-01 | task2=6.507035e-03 | F1=1.699761e-01 | m1²=0.002171 | m2²=0.999869 | eps_w1=2.085516e+00 | eps_w2=3.706878e-03
[step   373750] t/d= 747.500 | task1=1.766918e-01 | task2=6.503887e-03 | F1=1.699755e-01 | m1²=0.002173 | m2²=0.999869 | eps_w1=2.085626e+00 | eps_w2=3.701928e-03
[step   374000] t/d= 748.000 | task1=1.766797e-01 | task2=6.500665e-03 | F1=1.699634e-01 | m1²=0.002183 | m2²=0.999870 | eps_w1=2.085522e+00 | eps_w2=3.702633e-03
[step   374250] t/d= 748.500 | task1=1.766627e-01 | task2=6.499643e-03 | F1=1.699465e-01 | m1²=0.002180 | m2²=0.999871 | eps_w1=2.085350e+00 | eps_w2=3.710775e-03
[step   374500] t/d= 749.000 | task1=1.766608e-01 | task2=6.499113e-03 | F1=1.699446e-01 | m1²=0.002168 | m2²=0.999871 | eps_w1=2.085364e+00 | eps_w2=3.711034e-03
[step   374750] t/d= 749.500 | task1=1.766381e-01 | task2=6.498248e-03 | F1=1.699219e-01 | m1²=0.002169 | m2²=0.999872 | eps_w1=2.085058e+00 | eps_w2=3.724649e-03
[step   375000] t/d= 750.000 | task1=1.766289e-01 | task2=6.497749e-03 | F1=1.699127e-01 | m1²=0.002170 | m2²=0.999872 | eps_w1=2.084806e+00 | eps_w2=3.737654e-03
[step   375250] t/d= 750.500 | task1=1.766572e-01 | task2=6.500180e-03 | F1=1.699409e-01 | m1²=0.002171 | m2²=0.999872 | eps_w1=2.085194e+00 | eps_w2=3.716761e-03
[step   375500] t/d= 751.000 | task1=1.766639e-01 | task2=6.500967e-03 | F1=1.699476e-01 | m1²=0.002174 | m2²=0.999871 | eps_w1=2.085363e+00 | eps_w2=3.710231e-03
[step   375750] t/d= 751.500 | task1=1.766678e-01 | task2=6.500495e-03 | F1=1.699516e-01 | m1²=0.002170 | m2²=0.999869 | eps_w1=2.085485e+00 | eps_w2=3.707885e-03
[step   376000] t/d= 752.000 | task1=1.766555e-01 | task2=6.498358e-03 | F1=1.699393e-01 | m1²=0.002167 | m2²=0.999869 | eps_w1=2.085312e+00 | eps_w2=3.716740e-03
[step   376250] t/d= 752.500 | task1=1.766213e-01 | task2=6.498902e-03 | F1=1.699051e-01 | m1²=0.002174 | m2²=0.999870 | eps_w1=2.084833e+00 | eps_w2=3.739794e-03
[step   376500] t/d= 753.000 | task1=1.766139e-01 | task2=6.498626e-03 | F1=1.698977e-01 | m1²=0.002170 | m2²=0.999870 | eps_w1=2.084662e+00 | eps_w2=3.747755e-03
[step   376750] t/d= 753.500 | task1=1.765957e-01 | task2=6.498655e-03 | F1=1.698795e-01 | m1²=0.002169 | m2²=0.999871 | eps_w1=2.084513e+00 | eps_w2=3.755176e-03
[step   377000] t/d= 754.000 | task1=1.765955e-01 | task2=6.499414e-03 | F1=1.698792e-01 | m1²=0.002165 | m2²=0.999870 | eps_w1=2.084419e+00 | eps_w2=3.762098e-03
[step   377250] t/d= 754.500 | task1=1.766039e-01 | task2=6.500944e-03 | F1=1.698876e-01 | m1²=0.002171 | m2²=0.999869 | eps_w1=2.084514e+00 | eps_w2=3.758307e-03
[step   377500] t/d= 755.000 | task1=1.766048e-01 | task2=6.500638e-03 | F1=1.698886e-01 | m1²=0.002176 | m2²=0.999868 | eps_w1=2.084473e+00 | eps_w2=3.760565e-03
[step   377750] t/d= 755.500 | task1=1.766280e-01 | task2=6.498688e-03 | F1=1.699118e-01 | m1²=0.002171 | m2²=0.999869 | eps_w1=2.084745e+00 | eps_w2=3.746763e-03
[step   378000] t/d= 756.000 | task1=1.766174e-01 | task2=6.498270e-03 | F1=1.699012e-01 | m1²=0.002175 | m2²=0.999869 | eps_w1=2.084570e+00 | eps_w2=3.754826e-03
[step   378250] t/d= 756.500 | task1=1.766374e-01 | task2=6.496778e-03 | F1=1.699212e-01 | m1²=0.002170 | m2²=0.999869 | eps_w1=2.084888e+00 | eps_w2=3.738100e-03
[step   378500] t/d= 757.000 | task1=1.766546e-01 | task2=6.495677e-03 | F1=1.699384e-01 | m1²=0.002179 | m2²=0.999871 | eps_w1=2.085348e+00 | eps_w2=3.710125e-03
[step   378750] t/d= 757.500 | task1=1.766453e-01 | task2=6.493609e-03 | F1=1.699291e-01 | m1²=0.002170 | m2²=0.999871 | eps_w1=2.085216e+00 | eps_w2=3.717891e-03
[step   379000] t/d= 758.000 | task1=1.766506e-01 | task2=6.491725e-03 | F1=1.699344e-01 | m1²=0.002173 | m2²=0.999874 | eps_w1=2.085429e+00 | eps_w2=3.701141e-03
[step   379250] t/d= 758.500 | task1=1.766605e-01 | task2=6.489889e-03 | F1=1.699443e-01 | m1²=0.002169 | m2²=0.999875 | eps_w1=2.085652e+00 | eps_w2=3.689141e-03
[step   379500] t/d= 759.000 | task1=1.766982e-01 | task2=6.489758e-03 | F1=1.699820e-01 | m1²=0.002166 | m2²=0.999874 | eps_w1=2.086182e+00 | eps_w2=3.664244e-03
[step   379750] t/d= 759.500 | task1=1.767138e-01 | task2=6.491121e-03 | F1=1.699976e-01 | m1²=0.002179 | m2²=0.999872 | eps_w1=2.086475e+00 | eps_w2=3.652261e-03
[step   380000] t/d= 760.000 | task1=1.767104e-01 | task2=6.490053e-03 | F1=1.699942e-01 | m1²=0.002176 | m2²=0.999871 | eps_w1=2.086521e+00 | eps_w2=3.651140e-03
[step   380250] t/d= 760.500 | task1=1.767091e-01 | task2=6.491738e-03 | F1=1.699929e-01 | m1²=0.002169 | m2²=0.999870 | eps_w1=2.086472e+00 | eps_w2=3.656934e-03
[step   380500] t/d= 761.000 | task1=1.766931e-01 | task2=6.491365e-03 | F1=1.699769e-01 | m1²=0.002168 | m2²=0.999870 | eps_w1=2.086290e+00 | eps_w2=3.666249e-03
[step   380750] t/d= 761.500 | task1=1.766587e-01 | task2=6.491675e-03 | F1=1.699425e-01 | m1²=0.002170 | m2²=0.999870 | eps_w1=2.085821e+00 | eps_w2=3.689929e-03
[step   381000] t/d= 762.000 | task1=1.766639e-01 | task2=6.494486e-03 | F1=1.699476e-01 | m1²=0.002175 | m2²=0.999868 | eps_w1=2.085936e+00 | eps_w2=3.686182e-03
[step   381250] t/d= 762.500 | task1=1.766750e-01 | task2=6.497504e-03 | F1=1.699588e-01 | m1²=0.002177 | m2²=0.999867 | eps_w1=2.085968e+00 | eps_w2=3.686365e-03
[step   381500] t/d= 763.000 | task1=1.766481e-01 | task2=6.499085e-03 | F1=1.699319e-01 | m1²=0.002189 | m2²=0.999869 | eps_w1=2.085711e+00 | eps_w2=3.695655e-03
[step   381750] t/d= 763.500 | task1=1.766532e-01 | task2=6.500086e-03 | F1=1.699369e-01 | m1²=0.002195 | m2²=0.999866 | eps_w1=2.085888e+00 | eps_w2=3.691431e-03
[step   382000] t/d= 764.000 | task1=1.766532e-01 | task2=6.498508e-03 | F1=1.699369e-01 | m1²=0.002192 | m2²=0.999864 | eps_w1=2.085984e+00 | eps_w2=3.689501e-03
[step   382250] t/d= 764.500 | task1=1.766565e-01 | task2=6.500131e-03 | F1=1.699402e-01 | m1²=0.002187 | m2²=0.999865 | eps_w1=2.085967e+00 | eps_w2=3.689066e-03
[step   382500] t/d= 765.000 | task1=1.766908e-01 | task2=6.500714e-03 | F1=1.699745e-01 | m1²=0.002190 | m2²=0.999866 | eps_w1=2.086483e+00 | eps_w2=3.661582e-03
[step   382750] t/d= 765.500 | task1=1.767010e-01 | task2=6.500832e-03 | F1=1.699848e-01 | m1²=0.002197 | m2²=0.999866 | eps_w1=2.086599e+00 | eps_w2=3.654892e-03
[step   383000] t/d= 766.000 | task1=1.766922e-01 | task2=6.501165e-03 | F1=1.699759e-01 | m1²=0.002199 | m2²=0.999864 | eps_w1=2.086396e+00 | eps_w2=3.667835e-03
[step   383250] t/d= 766.500 | task1=1.766756e-01 | task2=6.503463e-03 | F1=1.699594e-01 | m1²=0.002207 | m2²=0.999864 | eps_w1=2.086059e+00 | eps_w2=3.684376e-03
[step   383500] t/d= 767.000 | task1=1.766746e-01 | task2=6.504144e-03 | F1=1.699584e-01 | m1²=0.002209 | m2²=0.999863 | eps_w1=2.085859e+00 | eps_w2=3.697017e-03
[step   383750] t/d= 767.500 | task1=1.766571e-01 | task2=6.506796e-03 | F1=1.699409e-01 | m1²=0.002205 | m2²=0.999863 | eps_w1=2.085517e+00 | eps_w2=3.715298e-03
[step   384000] t/d= 768.000 | task1=1.766613e-01 | task2=6.507892e-03 | F1=1.699450e-01 | m1²=0.002211 | m2²=0.999862 | eps_w1=2.085470e+00 | eps_w2=3.717437e-03
[step   384250] t/d= 768.500 | task1=1.766645e-01 | task2=6.505370e-03 | F1=1.699483e-01 | m1²=0.002206 | m2²=0.999863 | eps_w1=2.085573e+00 | eps_w2=3.711544e-03
[step   384500] t/d= 769.000 | task1=1.766470e-01 | task2=6.503844e-03 | F1=1.699307e-01 | m1²=0.002204 | m2²=0.999863 | eps_w1=2.085136e+00 | eps_w2=3.733823e-03
[step   384750] t/d= 769.500 | task1=1.766656e-01 | task2=6.503523e-03 | F1=1.699493e-01 | m1²=0.002217 | m2²=0.999863 | eps_w1=2.085333e+00 | eps_w2=3.722004e-03
[step   385000] t/d= 770.000 | task1=1.766714e-01 | task2=6.504286e-03 | F1=1.699552e-01 | m1²=0.002210 | m2²=0.999862 | eps_w1=2.085447e+00 | eps_w2=3.718453e-03
[step   385250] t/d= 770.500 | task1=1.766781e-01 | task2=6.501976e-03 | F1=1.699619e-01 | m1²=0.002207 | m2²=0.999862 | eps_w1=2.085785e+00 | eps_w2=3.702206e-03
[step   385500] t/d= 771.000 | task1=1.766828e-01 | task2=6.503028e-03 | F1=1.699666e-01 | m1²=0.002202 | m2²=0.999864 | eps_w1=2.085717e+00 | eps_w2=3.702320e-03
[step   385750] t/d= 771.500 | task1=1.767267e-01 | task2=6.504191e-03 | F1=1.700104e-01 | m1²=0.002203 | m2²=0.999862 | eps_w1=2.086311e+00 | eps_w2=3.675914e-03
[step   386000] t/d= 772.000 | task1=1.767224e-01 | task2=6.504613e-03 | F1=1.700061e-01 | m1²=0.002208 | m2²=0.999862 | eps_w1=2.086275e+00 | eps_w2=3.678414e-03
[step   386250] t/d= 772.500 | task1=1.767101e-01 | task2=6.504069e-03 | F1=1.699939e-01 | m1²=0.002203 | m2²=0.999859 | eps_w1=2.086009e+00 | eps_w2=3.697761e-03
[step   386500] t/d= 773.000 | task1=1.767189e-01 | task2=6.501769e-03 | F1=1.700026e-01 | m1²=0.002200 | m2²=0.999858 | eps_w1=2.086086e+00 | eps_w2=3.695528e-03
[step   386750] t/d= 773.500 | task1=1.767409e-01 | task2=6.502619e-03 | F1=1.700246e-01 | m1²=0.002194 | m2²=0.999856 | eps_w1=2.086232e+00 | eps_w2=3.692436e-03
[step   387000] t/d= 774.000 | task1=1.767376e-01 | task2=6.501759e-03 | F1=1.700214e-01 | m1²=0.002197 | m2²=0.999857 | eps_w1=2.086290e+00 | eps_w2=3.687758e-03
[step   387250] t/d= 774.500 | task1=1.767143e-01 | task2=6.502849e-03 | F1=1.699981e-01 | m1²=0.002200 | m2²=0.999855 | eps_w1=2.086025e+00 | eps_w2=3.704063e-03
[step   387500] t/d= 775.000 | task1=1.767097e-01 | task2=6.501191e-03 | F1=1.699934e-01 | m1²=0.002189 | m2²=0.999855 | eps_w1=2.085988e+00 | eps_w2=3.708004e-03
[step   387750] t/d= 775.500 | task1=1.767154e-01 | task2=6.503217e-03 | F1=1.699991e-01 | m1²=0.002179 | m2²=0.999855 | eps_w1=2.086113e+00 | eps_w2=3.702365e-03
[step   388000] t/d= 776.000 | task1=1.767205e-01 | task2=6.504102e-03 | F1=1.700042e-01 | m1²=0.002173 | m2²=0.999854 | eps_w1=2.086272e+00 | eps_w2=3.697101e-03
[step   388250] t/d= 776.500 | task1=1.767448e-01 | task2=6.504278e-03 | F1=1.700286e-01 | m1²=0.002171 | m2²=0.999853 | eps_w1=2.086689e+00 | eps_w2=3.677605e-03
[step   388500] t/d= 777.000 | task1=1.767658e-01 | task2=6.504364e-03 | F1=1.700496e-01 | m1²=0.002169 | m2²=0.999852 | eps_w1=2.087092e+00 | eps_w2=3.659059e-03
[step   388750] t/d= 777.500 | task1=1.767603e-01 | task2=6.503647e-03 | F1=1.700440e-01 | m1²=0.002171 | m2²=0.999851 | eps_w1=2.086965e+00 | eps_w2=3.667983e-03
[step   389000] t/d= 778.000 | task1=1.767792e-01 | task2=6.503407e-03 | F1=1.700630e-01 | m1²=0.002169 | m2²=0.999853 | eps_w1=2.087110e+00 | eps_w2=3.657422e-03
[step   389250] t/d= 778.500 | task1=1.767778e-01 | task2=6.503676e-03 | F1=1.700615e-01 | m1²=0.002169 | m2²=0.999851 | eps_w1=2.087037e+00 | eps_w2=3.663503e-03
[step   389500] t/d= 779.000 | task1=1.767520e-01 | task2=6.504792e-03 | F1=1.700358e-01 | m1²=0.002165 | m2²=0.999850 | eps_w1=2.086765e+00 | eps_w2=3.681079e-03
[step   389750] t/d= 779.500 | task1=1.767452e-01 | task2=6.505210e-03 | F1=1.700290e-01 | m1²=0.002165 | m2²=0.999849 | eps_w1=2.086526e+00 | eps_w2=3.693892e-03
[step   390000] t/d= 780.000 | task1=1.767442e-01 | task2=6.507058e-03 | F1=1.700279e-01 | m1²=0.002171 | m2²=0.999849 | eps_w1=2.086637e+00 | eps_w2=3.687809e-03
[step   390250] t/d= 780.500 | task1=1.767234e-01 | task2=6.505919e-03 | F1=1.700072e-01 | m1²=0.002176 | m2²=0.999851 | eps_w1=2.086544e+00 | eps_w2=3.688850e-03
[step   390500] t/d= 781.000 | task1=1.767151e-01 | task2=6.507638e-03 | F1=1.699989e-01 | m1²=0.002176 | m2²=0.999852 | eps_w1=2.086561e+00 | eps_w2=3.685462e-03
[step   390750] t/d= 781.500 | task1=1.767626e-01 | task2=6.506750e-03 | F1=1.700464e-01 | m1²=0.002174 | m2²=0.999852 | eps_w1=2.087164e+00 | eps_w2=3.655904e-03
[step   391000] t/d= 782.000 | task1=1.767457e-01 | task2=6.506990e-03 | F1=1.700294e-01 | m1²=0.002174 | m2²=0.999849 | eps_w1=2.087042e+00 | eps_w2=3.666668e-03
[step   391250] t/d= 782.500 | task1=1.767213e-01 | task2=6.507531e-03 | F1=1.700050e-01 | m1²=0.002177 | m2²=0.999851 | eps_w1=2.086821e+00 | eps_w2=3.673873e-03
[step   391500] t/d= 783.000 | task1=1.767456e-01 | task2=6.510006e-03 | F1=1.700294e-01 | m1²=0.002188 | m2²=0.999851 | eps_w1=2.087089e+00 | eps_w2=3.660160e-03
[step   391750] t/d= 783.500 | task1=1.767368e-01 | task2=6.513015e-03 | F1=1.700206e-01 | m1²=0.002183 | m2²=0.999851 | eps_w1=2.087079e+00 | eps_w2=3.661115e-03
[step   392000] t/d= 784.000 | task1=1.767169e-01 | task2=6.513270e-03 | F1=1.700007e-01 | m1²=0.002190 | m2²=0.999850 | eps_w1=2.086773e+00 | eps_w2=3.676912e-03
[step   392250] t/d= 784.500 | task1=1.767042e-01 | task2=6.512866e-03 | F1=1.699880e-01 | m1²=0.002186 | m2²=0.999847 | eps_w1=2.086622e+00 | eps_w2=3.690636e-03
[step   392500] t/d= 785.000 | task1=1.767282e-01 | task2=6.513472e-03 | F1=1.700119e-01 | m1²=0.002183 | m2²=0.999848 | eps_w1=2.087043e+00 | eps_w2=3.668768e-03
[step   392750] t/d= 785.500 | task1=1.767248e-01 | task2=6.513695e-03 | F1=1.700085e-01 | m1²=0.002185 | m2²=0.999850 | eps_w1=2.086897e+00 | eps_w2=3.672179e-03
[step   393000] t/d= 786.000 | task1=1.767124e-01 | task2=6.515431e-03 | F1=1.699962e-01 | m1²=0.002186 | m2²=0.999850 | eps_w1=2.086576e+00 | eps_w2=3.687434e-03
[step   393250] t/d= 786.500 | task1=1.767517e-01 | task2=6.513907e-03 | F1=1.700354e-01 | m1²=0.002182 | m2²=0.999848 | eps_w1=2.087156e+00 | eps_w2=3.662972e-03
[step   393500] t/d= 787.000 | task1=1.767316e-01 | task2=6.513474e-03 | F1=1.700153e-01 | m1²=0.002178 | m2²=0.999848 | eps_w1=2.086922e+00 | eps_w2=3.674918e-03
[step   393750] t/d= 787.500 | task1=1.767184e-01 | task2=6.514447e-03 | F1=1.700022e-01 | m1²=0.002180 | m2²=0.999845 | eps_w1=2.086659e+00 | eps_w2=3.693718e-03
[step   394000] t/d= 788.000 | task1=1.767203e-01 | task2=6.513016e-03 | F1=1.700041e-01 | m1²=0.002180 | m2²=0.999848 | eps_w1=2.086617e+00 | eps_w2=3.690384e-03
[step   394250] t/d= 788.500 | task1=1.767161e-01 | task2=6.509051e-03 | F1=1.699998e-01 | m1²=0.002171 | m2²=0.999848 | eps_w1=2.086508e+00 | eps_w2=3.695939e-03
[step   394500] t/d= 789.000 | task1=1.767120e-01 | task2=6.509533e-03 | F1=1.699958e-01 | m1²=0.002170 | m2²=0.999846 | eps_w1=2.086509e+00 | eps_w2=3.700721e-03
[step   394750] t/d= 789.500 | task1=1.767095e-01 | task2=6.509604e-03 | F1=1.699933e-01 | m1²=0.002168 | m2²=0.999847 | eps_w1=2.086436e+00 | eps_w2=3.701510e-03
[step   395000] t/d= 790.000 | task1=1.767138e-01 | task2=6.511856e-03 | F1=1.699976e-01 | m1²=0.002161 | m2²=0.999845 | eps_w1=2.086412e+00 | eps_w2=3.707405e-03
[step   395250] t/d= 790.500 | task1=1.767012e-01 | task2=6.509899e-03 | F1=1.699849e-01 | m1²=0.002158 | m2²=0.999845 | eps_w1=2.086376e+00 | eps_w2=3.710318e-03
[step   395500] t/d= 791.000 | task1=1.766893e-01 | task2=6.510141e-03 | F1=1.699731e-01 | m1²=0.002166 | m2²=0.999845 | eps_w1=2.086245e+00 | eps_w2=3.715237e-03
[step   395750] t/d= 791.500 | task1=1.766935e-01 | task2=6.507854e-03 | F1=1.699773e-01 | m1²=0.002178 | m2²=0.999843 | eps_w1=2.086283e+00 | eps_w2=3.715703e-03
[step   396000] t/d= 792.000 | task1=1.766998e-01 | task2=6.505641e-03 | F1=1.699835e-01 | m1²=0.002181 | m2²=0.999845 | eps_w1=2.086295e+00 | eps_w2=3.711355e-03
[step   396250] t/d= 792.500 | task1=1.767222e-01 | task2=6.506829e-03 | F1=1.700060e-01 | m1²=0.002180 | m2²=0.999846 | eps_w1=2.086415e+00 | eps_w2=3.704012e-03
[step   396500] t/d= 793.000 | task1=1.767160e-01 | task2=6.507357e-03 | F1=1.699998e-01 | m1²=0.002183 | m2²=0.999846 | eps_w1=2.086224e+00 | eps_w2=3.712759e-03
[step   396750] t/d= 793.500 | task1=1.767265e-01 | task2=6.506952e-03 | F1=1.700103e-01 | m1²=0.002186 | m2²=0.999845 | eps_w1=2.086501e+00 | eps_w2=3.700603e-03
[step   397000] t/d= 794.000 | task1=1.767142e-01 | task2=6.508216e-03 | F1=1.699980e-01 | m1²=0.002192 | m2²=0.999846 | eps_w1=2.086412e+00 | eps_w2=3.702035e-03
[step   397250] t/d= 794.500 | task1=1.767180e-01 | task2=6.509619e-03 | F1=1.700018e-01 | m1²=0.002192 | m2²=0.999846 | eps_w1=2.086582e+00 | eps_w2=3.694763e-03
[step   397500] t/d= 795.000 | task1=1.767359e-01 | task2=6.509106e-03 | F1=1.700196e-01 | m1²=0.002197 | m2²=0.999847 | eps_w1=2.086737e+00 | eps_w2=3.684432e-03
[step   397750] t/d= 795.500 | task1=1.767249e-01 | task2=6.509816e-03 | F1=1.700086e-01 | m1²=0.002192 | m2²=0.999843 | eps_w1=2.086659e+00 | eps_w2=3.695951e-03
[step   398000] t/d= 796.000 | task1=1.767127e-01 | task2=6.509535e-03 | F1=1.699965e-01 | m1²=0.002187 | m2²=0.999845 | eps_w1=2.086496e+00 | eps_w2=3.701348e-03
[step   398250] t/d= 796.500 | task1=1.767196e-01 | task2=6.507422e-03 | F1=1.700034e-01 | m1²=0.002180 | m2²=0.999846 | eps_w1=2.086761e+00 | eps_w2=3.686786e-03
[step   398500] t/d= 797.000 | task1=1.767267e-01 | task2=6.509797e-03 | F1=1.700105e-01 | m1²=0.002184 | m2²=0.999845 | eps_w1=2.086953e+00 | eps_w2=3.677589e-03
[step   398750] t/d= 797.500 | task1=1.767206e-01 | task2=6.510482e-03 | F1=1.700044e-01 | m1²=0.002186 | m2²=0.999845 | eps_w1=2.086804e+00 | eps_w2=3.685261e-03
[step   399000] t/d= 798.000 | task1=1.767019e-01 | task2=6.510394e-03 | F1=1.699857e-01 | m1²=0.002188 | m2²=0.999845 | eps_w1=2.086381e+00 | eps_w2=3.706750e-03
[step   399250] t/d= 798.500 | task1=1.767116e-01 | task2=6.511555e-03 | F1=1.699954e-01 | m1²=0.002194 | m2²=0.999843 | eps_w1=2.086568e+00 | eps_w2=3.700572e-03
[step   399500] t/d= 799.000 | task1=1.766939e-01 | task2=6.510890e-03 | F1=1.699776e-01 | m1²=0.002200 | m2²=0.999841 | eps_w1=2.086372e+00 | eps_w2=3.713513e-03
[step   399750] t/d= 799.500 | task1=1.766890e-01 | task2=6.510465e-03 | F1=1.699728e-01 | m1²=0.002203 | m2²=0.999839 | eps_w1=2.086306e+00 | eps_w2=3.720236e-03
[step   400000] t/d= 800.000 | task1=1.766974e-01 | task2=6.508624e-03 | F1=1.699812e-01 | m1²=0.002207 | m2²=0.999839 | eps_w1=2.086518e+00 | eps_w2=3.708216e-03
[step   400250] t/d= 800.500 | task1=1.767029e-01 | task2=6.510726e-03 | F1=1.699866e-01 | m1²=0.002205 | m2²=0.999837 | eps_w1=2.086585e+00 | eps_w2=3.710093e-03
[step   400500] t/d= 801.000 | task1=1.767218e-01 | task2=6.510147e-03 | F1=1.700056e-01 | m1²=0.002204 | m2²=0.999837 | eps_w1=2.086973e+00 | eps_w2=3.689972e-03
[step   400750] t/d= 801.500 | task1=1.767333e-01 | task2=6.509607e-03 | F1=1.700170e-01 | m1²=0.002213 | m2²=0.999839 | eps_w1=2.087057e+00 | eps_w2=3.680920e-03
[step   401000] t/d= 802.000 | task1=1.767424e-01 | task2=6.510184e-03 | F1=1.700262e-01 | m1²=0.002215 | m2²=0.999840 | eps_w1=2.087200e+00 | eps_w2=3.672315e-03
[step   401250] t/d= 802.500 | task1=1.767464e-01 | task2=6.510206e-03 | F1=1.700301e-01 | m1²=0.002212 | m2²=0.999840 | eps_w1=2.087469e+00 | eps_w2=3.659098e-03
[step   401500] t/d= 803.000 | task1=1.767446e-01 | task2=6.509245e-03 | F1=1.700283e-01 | m1²=0.002211 | m2²=0.999839 | eps_w1=2.087460e+00 | eps_w2=3.661521e-03
[step   401750] t/d= 803.500 | task1=1.767495e-01 | task2=6.509079e-03 | F1=1.700333e-01 | m1²=0.002217 | m2²=0.999841 | eps_w1=2.087464e+00 | eps_w2=3.655923e-03
[step   402000] t/d= 804.000 | task1=1.767301e-01 | task2=6.507950e-03 | F1=1.700138e-01 | m1²=0.002219 | m2²=0.999842 | eps_w1=2.087379e+00 | eps_w2=3.658025e-03
[step   402250] t/d= 804.500 | task1=1.767181e-01 | task2=6.508923e-03 | F1=1.700019e-01 | m1²=0.002217 | m2²=0.999843 | eps_w1=2.087293e+00 | eps_w2=3.662165e-03
[step   402500] t/d= 805.000 | task1=1.767097e-01 | task2=6.509507e-03 | F1=1.699934e-01 | m1²=0.002219 | m2²=0.999842 | eps_w1=2.086962e+00 | eps_w2=3.679895e-03
[step   402750] t/d= 805.500 | task1=1.767040e-01 | task2=6.510187e-03 | F1=1.699877e-01 | m1²=0.002215 | m2²=0.999839 | eps_w1=2.086785e+00 | eps_w2=3.694277e-03
[step   403000] t/d= 806.000 | task1=1.767061e-01 | task2=6.510893e-03 | F1=1.699898e-01 | m1²=0.002218 | m2²=0.999839 | eps_w1=2.086911e+00 | eps_w2=3.687702e-03
[step   403250] t/d= 806.500 | task1=1.767120e-01 | task2=6.510982e-03 | F1=1.699958e-01 | m1²=0.002214 | m2²=0.999843 | eps_w1=2.087079e+00 | eps_w2=3.671604e-03
[step   403500] t/d= 807.000 | task1=1.766851e-01 | task2=6.510635e-03 | F1=1.699688e-01 | m1²=0.002218 | m2²=0.999844 | eps_w1=2.086687e+00 | eps_w2=3.689778e-03
[step   403750] t/d= 807.500 | task1=1.766876e-01 | task2=6.510504e-03 | F1=1.699713e-01 | m1²=0.002223 | m2²=0.999845 | eps_w1=2.086760e+00 | eps_w2=3.683919e-03
[step   404000] t/d= 808.000 | task1=1.766874e-01 | task2=6.510412e-03 | F1=1.699712e-01 | m1²=0.002224 | m2²=0.999845 | eps_w1=2.086775e+00 | eps_w2=3.683098e-03
[step   404250] t/d= 808.500 | task1=1.766894e-01 | task2=6.511734e-03 | F1=1.699732e-01 | m1²=0.002225 | m2²=0.999844 | eps_w1=2.086769e+00 | eps_w2=3.684078e-03
[step   404500] t/d= 809.000 | task1=1.767029e-01 | task2=6.512851e-03 | F1=1.699867e-01 | m1²=0.002222 | m2²=0.999844 | eps_w1=2.087019e+00 | eps_w2=3.673349e-03
[step   404750] t/d= 809.500 | task1=1.766974e-01 | task2=6.513312e-03 | F1=1.699811e-01 | m1²=0.002218 | m2²=0.999845 | eps_w1=2.086801e+00 | eps_w2=3.681965e-03
[step   405000] t/d= 810.000 | task1=1.767269e-01 | task2=6.512206e-03 | F1=1.700107e-01 | m1²=0.002211 | m2²=0.999844 | eps_w1=2.087248e+00 | eps_w2=3.663187e-03
[step   405250] t/d= 810.500 | task1=1.767252e-01 | task2=6.513565e-03 | F1=1.700090e-01 | m1²=0.002205 | m2²=0.999844 | eps_w1=2.087241e+00 | eps_w2=3.663255e-03
[step   405500] t/d= 811.000 | task1=1.767334e-01 | task2=6.514945e-03 | F1=1.700172e-01 | m1²=0.002214 | m2²=0.999843 | eps_w1=2.087531e+00 | eps_w2=3.649735e-03
[step   405750] t/d= 811.500 | task1=1.767229e-01 | task2=6.512851e-03 | F1=1.700067e-01 | m1²=0.002201 | m2²=0.999846 | eps_w1=2.087423e+00 | eps_w2=3.651146e-03
[step   406000] t/d= 812.000 | task1=1.767369e-01 | task2=6.512312e-03 | F1=1.700207e-01 | m1²=0.002200 | m2²=0.999847 | eps_w1=2.087511e+00 | eps_w2=3.644641e-03
[step   406250] t/d= 812.500 | task1=1.767277e-01 | task2=6.515374e-03 | F1=1.700115e-01 | m1²=0.002204 | m2²=0.999845 | eps_w1=2.087615e+00 | eps_w2=3.642038e-03
[step   406500] t/d= 813.000 | task1=1.766937e-01 | task2=6.512043e-03 | F1=1.699775e-01 | m1²=0.002198 | m2²=0.999844 | eps_w1=2.087088e+00 | eps_w2=3.671769e-03
[step   406750] t/d= 813.500 | task1=1.766768e-01 | task2=6.512605e-03 | F1=1.699606e-01 | m1²=0.002195 | m2²=0.999844 | eps_w1=2.086812e+00 | eps_w2=3.686496e-03
[step   407000] t/d= 814.000 | task1=1.766676e-01 | task2=6.512784e-03 | F1=1.699514e-01 | m1²=0.002198 | m2²=0.999841 | eps_w1=2.086632e+00 | eps_w2=3.700773e-03
[step   407250] t/d= 814.500 | task1=1.766658e-01 | task2=6.509363e-03 | F1=1.699496e-01 | m1²=0.002205 | m2²=0.999840 | eps_w1=2.086529e+00 | eps_w2=3.706081e-03
[step   407500] t/d= 815.000 | task1=1.766686e-01 | task2=6.508234e-03 | F1=1.699524e-01 | m1²=0.002197 | m2²=0.999842 | eps_w1=2.086636e+00 | eps_w2=3.698580e-03
[step   407750] t/d= 815.500 | task1=1.766991e-01 | task2=6.507176e-03 | F1=1.699829e-01 | m1²=0.002196 | m2²=0.999842 | eps_w1=2.087177e+00 | eps_w2=3.671245e-03
[step   408000] t/d= 816.000 | task1=1.766946e-01 | task2=6.506428e-03 | F1=1.699784e-01 | m1²=0.002202 | m2²=0.999843 | eps_w1=2.087251e+00 | eps_w2=3.665397e-03
[step   408250] t/d= 816.500 | task1=1.767044e-01 | task2=6.506863e-03 | F1=1.699881e-01 | m1²=0.002213 | m2²=0.999844 | eps_w1=2.087388e+00 | eps_w2=3.655900e-03
[step   408500] t/d= 817.000 | task1=1.767251e-01 | task2=6.504890e-03 | F1=1.700089e-01 | m1²=0.002213 | m2²=0.999844 | eps_w1=2.087694e+00 | eps_w2=3.639311e-03
[step   408750] t/d= 817.500 | task1=1.767217e-01 | task2=6.502349e-03 | F1=1.700055e-01 | m1²=0.002209 | m2²=0.999843 | eps_w1=2.087737e+00 | eps_w2=3.640220e-03
[step   409000] t/d= 818.000 | task1=1.767349e-01 | task2=6.504850e-03 | F1=1.700187e-01 | m1²=0.002208 | m2²=0.999842 | eps_w1=2.087764e+00 | eps_w2=3.639952e-03
[step   409250] t/d= 818.500 | task1=1.767536e-01 | task2=6.504216e-03 | F1=1.700374e-01 | m1²=0.002206 | m2²=0.999842 | eps_w1=2.088000e+00 | eps_w2=3.629135e-03
[step   409500] t/d= 819.000 | task1=1.767477e-01 | task2=6.503784e-03 | F1=1.700315e-01 | m1²=0.002211 | m2²=0.999842 | eps_w1=2.087951e+00 | eps_w2=3.631470e-03
[step   409750] t/d= 819.500 | task1=1.767463e-01 | task2=6.502200e-03 | F1=1.700301e-01 | m1²=0.002224 | m2²=0.999845 | eps_w1=2.087822e+00 | eps_w2=3.629739e-03
[step   410000] t/d= 820.000 | task1=1.767709e-01 | task2=6.500869e-03 | F1=1.700546e-01 | m1²=0.002221 | m2²=0.999847 | eps_w1=2.088300e+00 | eps_w2=3.603075e-03
[step   410250] t/d= 820.500 | task1=1.767663e-01 | task2=6.502561e-03 | F1=1.700501e-01 | m1²=0.002226 | m2²=0.999846 | eps_w1=2.088089e+00 | eps_w2=3.614526e-03
[step   410500] t/d= 821.000 | task1=1.767438e-01 | task2=6.502154e-03 | F1=1.700275e-01 | m1²=0.002225 | m2²=0.999848 | eps_w1=2.087713e+00 | eps_w2=3.629993e-03
[step   410750] t/d= 821.500 | task1=1.767576e-01 | task2=6.500668e-03 | F1=1.700413e-01 | m1²=0.002222 | m2²=0.999848 | eps_w1=2.088065e+00 | eps_w2=3.612848e-03
[step   411000] t/d= 822.000 | task1=1.767083e-01 | task2=6.499667e-03 | F1=1.699920e-01 | m1²=0.002228 | m2²=0.999848 | eps_w1=2.087375e+00 | eps_w2=3.646756e-03
[step   411250] t/d= 822.500 | task1=1.767117e-01 | task2=6.497043e-03 | F1=1.699955e-01 | m1²=0.002232 | m2²=0.999848 | eps_w1=2.087446e+00 | eps_w2=3.643083e-03
[step   411500] t/d= 823.000 | task1=1.766758e-01 | task2=6.497727e-03 | F1=1.699596e-01 | m1²=0.002228 | m2²=0.999847 | eps_w1=2.087006e+00 | eps_w2=3.666817e-03
[step   411750] t/d= 823.500 | task1=1.766869e-01 | task2=6.495095e-03 | F1=1.699706e-01 | m1²=0.002223 | m2²=0.999847 | eps_w1=2.087256e+00 | eps_w2=3.655997e-03
[step   412000] t/d= 824.000 | task1=1.766999e-01 | task2=6.494849e-03 | F1=1.699836e-01 | m1²=0.002215 | m2²=0.999846 | eps_w1=2.087519e+00 | eps_w2=3.644276e-03
[step   412250] t/d= 824.500 | task1=1.767063e-01 | task2=6.494462e-03 | F1=1.699900e-01 | m1²=0.002217 | m2²=0.999846 | eps_w1=2.087475e+00 | eps_w2=3.646787e-03
[step   412500] t/d= 825.000 | task1=1.767041e-01 | task2=6.497742e-03 | F1=1.699879e-01 | m1²=0.002220 | m2²=0.999844 | eps_w1=2.087346e+00 | eps_w2=3.655953e-03
[step   412750] t/d= 825.500 | task1=1.767215e-01 | task2=6.500350e-03 | F1=1.700052e-01 | m1²=0.002223 | m2²=0.999844 | eps_w1=2.087579e+00 | eps_w2=3.644212e-03
[step   413000] t/d= 826.000 | task1=1.767128e-01 | task2=6.498645e-03 | F1=1.699966e-01 | m1²=0.002225 | m2²=0.999846 | eps_w1=2.087444e+00 | eps_w2=3.647100e-03
[step   413250] t/d= 826.500 | task1=1.767155e-01 | task2=6.499558e-03 | F1=1.699993e-01 | m1²=0.002217 | m2²=0.999846 | eps_w1=2.087625e+00 | eps_w2=3.639971e-03
[step   413500] t/d= 827.000 | task1=1.767159e-01 | task2=6.499191e-03 | F1=1.699997e-01 | m1²=0.002217 | m2²=0.999847 | eps_w1=2.087587e+00 | eps_w2=3.639458e-03
[step   413750] t/d= 827.500 | task1=1.767375e-01 | task2=6.498578e-03 | F1=1.700212e-01 | m1²=0.002218 | m2²=0.999846 | eps_w1=2.087969e+00 | eps_w2=3.621568e-03
[step   414000] t/d= 828.000 | task1=1.767226e-01 | task2=6.499672e-03 | F1=1.700064e-01 | m1²=0.002225 | m2²=0.999847 | eps_w1=2.087678e+00 | eps_w2=3.633890e-03
[step   414250] t/d= 828.500 | task1=1.767394e-01 | task2=6.499329e-03 | F1=1.700232e-01 | m1²=0.002219 | m2²=0.999848 | eps_w1=2.087893e+00 | eps_w2=3.621034e-03
[step   414500] t/d= 829.000 | task1=1.767457e-01 | task2=6.498804e-03 | F1=1.700295e-01 | m1²=0.002221 | m2²=0.999849 | eps_w1=2.087961e+00 | eps_w2=3.615699e-03
[step   414750] t/d= 829.500 | task1=1.767687e-01 | task2=6.496091e-03 | F1=1.700525e-01 | m1²=0.002216 | m2²=0.999848 | eps_w1=2.088374e+00 | eps_w2=3.599167e-03
[step   415000] t/d= 830.000 | task1=1.767486e-01 | task2=6.496853e-03 | F1=1.700323e-01 | m1²=0.002214 | m2²=0.999848 | eps_w1=2.088068e+00 | eps_w2=3.613360e-03
[step   415250] t/d= 830.500 | task1=1.767667e-01 | task2=6.495974e-03 | F1=1.700505e-01 | m1²=0.002217 | m2²=0.999849 | eps_w1=2.088465e+00 | eps_w2=3.592330e-03
[step   415500] t/d= 831.000 | task1=1.767494e-01 | task2=6.494887e-03 | F1=1.700332e-01 | m1²=0.002217 | m2²=0.999848 | eps_w1=2.088332e+00 | eps_w2=3.599754e-03
[step   415750] t/d= 831.500 | task1=1.767411e-01 | task2=6.494131e-03 | F1=1.700249e-01 | m1²=0.002219 | m2²=0.999847 | eps_w1=2.088256e+00 | eps_w2=3.605956e-03
[step   416000] t/d= 832.000 | task1=1.767610e-01 | task2=6.492674e-03 | F1=1.700447e-01 | m1²=0.002212 | m2²=0.999846 | eps_w1=2.088534e+00 | eps_w2=3.594347e-03
[step   416250] t/d= 832.500 | task1=1.767695e-01 | task2=6.492845e-03 | F1=1.700533e-01 | m1²=0.002212 | m2²=0.999847 | eps_w1=2.088718e+00 | eps_w2=3.583237e-03
[step   416500] t/d= 833.000 | task1=1.767311e-01 | task2=6.494290e-03 | F1=1.700148e-01 | m1²=0.002209 | m2²=0.999846 | eps_w1=2.088113e+00 | eps_w2=3.616590e-03
[step   416750] t/d= 833.500 | task1=1.767586e-01 | task2=6.493771e-03 | F1=1.700424e-01 | m1²=0.002208 | m2²=0.999845 | eps_w1=2.088494e+00 | eps_w2=3.598540e-03
[step   417000] t/d= 834.000 | task1=1.767544e-01 | task2=6.494005e-03 | F1=1.700382e-01 | m1²=0.002214 | m2²=0.999844 | eps_w1=2.088592e+00 | eps_w2=3.594635e-03
[step   417250] t/d= 834.500 | task1=1.767678e-01 | task2=6.496404e-03 | F1=1.700515e-01 | m1²=0.002212 | m2²=0.999845 | eps_w1=2.088683e+00 | eps_w2=3.588465e-03
[step   417500] t/d= 835.000 | task1=1.767778e-01 | task2=6.496193e-03 | F1=1.700616e-01 | m1²=0.002204 | m2²=0.999847 | eps_w1=2.088756e+00 | eps_w2=3.583207e-03
[step   417750] t/d= 835.500 | task1=1.767693e-01 | task2=6.498414e-03 | F1=1.700531e-01 | m1²=0.002207 | m2²=0.999847 | eps_w1=2.088633e+00 | eps_w2=3.587691e-03
[step   418000] t/d= 836.000 | task1=1.767785e-01 | task2=6.499398e-03 | F1=1.700623e-01 | m1²=0.002208 | m2²=0.999847 | eps_w1=2.088719e+00 | eps_w2=3.584500e-03
[step   418250] t/d= 836.500 | task1=1.767743e-01 | task2=6.498265e-03 | F1=1.700581e-01 | m1²=0.002206 | m2²=0.999847 | eps_w1=2.088781e+00 | eps_w2=3.581254e-03
[step   418500] t/d= 837.000 | task1=1.767942e-01 | task2=6.497977e-03 | F1=1.700780e-01 | m1²=0.002203 | m2²=0.999846 | eps_w1=2.089130e+00 | eps_w2=3.565177e-03
[step   418750] t/d= 837.500 | task1=1.767765e-01 | task2=6.497802e-03 | F1=1.700603e-01 | m1²=0.002196 | m2²=0.999847 | eps_w1=2.088619e+00 | eps_w2=3.589548e-03
[step   419000] t/d= 838.000 | task1=1.767891e-01 | task2=6.497105e-03 | F1=1.700729e-01 | m1²=0.002193 | m2²=0.999846 | eps_w1=2.088782e+00 | eps_w2=3.583801e-03
[step   419250] t/d= 838.500 | task1=1.768042e-01 | task2=6.493770e-03 | F1=1.700880e-01 | m1²=0.002190 | m2²=0.999846 | eps_w1=2.089210e+00 | eps_w2=3.563410e-03
[step   419500] t/d= 839.000 | task1=1.768260e-01 | task2=6.494948e-03 | F1=1.701098e-01 | m1²=0.002189 | m2²=0.999846 | eps_w1=2.089591e+00 | eps_w2=3.543914e-03
[step   419750] t/d= 839.500 | task1=1.768160e-01 | task2=6.493938e-03 | F1=1.700997e-01 | m1²=0.002188 | m2²=0.999847 | eps_w1=2.089410e+00 | eps_w2=3.552033e-03
[step   420000] t/d= 840.000 | task1=1.768182e-01 | task2=6.492642e-03 | F1=1.701020e-01 | m1²=0.002187 | m2²=0.999849 | eps_w1=2.089259e+00 | eps_w2=3.556143e-03
[step   420250] t/d= 840.500 | task1=1.768296e-01 | task2=6.493225e-03 | F1=1.701133e-01 | m1²=0.002185 | m2²=0.999848 | eps_w1=2.089223e+00 | eps_w2=3.559595e-03
[step   420500] t/d= 841.000 | task1=1.768199e-01 | task2=6.495253e-03 | F1=1.701037e-01 | m1²=0.002183 | m2²=0.999848 | eps_w1=2.088981e+00 | eps_w2=3.571714e-03
[step   420750] t/d= 841.500 | task1=1.768379e-01 | task2=6.495507e-03 | F1=1.701217e-01 | m1²=0.002180 | m2²=0.999848 | eps_w1=2.089236e+00 | eps_w2=3.560242e-03
[step   421000] t/d= 842.000 | task1=1.768449e-01 | task2=6.495664e-03 | F1=1.701287e-01 | m1²=0.002181 | m2²=0.999846 | eps_w1=2.089188e+00 | eps_w2=3.565026e-03
[step   421250] t/d= 842.500 | task1=1.768519e-01 | task2=6.495884e-03 | F1=1.701356e-01 | m1²=0.002182 | m2²=0.999846 | eps_w1=2.089295e+00 | eps_w2=3.559835e-03
[step   421500] t/d= 843.000 | task1=1.768289e-01 | task2=6.495330e-03 | F1=1.701126e-01 | m1²=0.002181 | m2²=0.999847 | eps_w1=2.088949e+00 | eps_w2=3.574522e-03
[step   421750] t/d= 843.500 | task1=1.768162e-01 | task2=6.495044e-03 | F1=1.701000e-01 | m1²=0.002173 | m2²=0.999847 | eps_w1=2.088861e+00 | eps_w2=3.580322e-03
[step   422000] t/d= 844.000 | task1=1.768399e-01 | task2=6.495689e-03 | F1=1.701237e-01 | m1²=0.002182 | m2²=0.999844 | eps_w1=2.089160e+00 | eps_w2=3.569599e-03
[step   422250] t/d= 844.500 | task1=1.768691e-01 | task2=6.494714e-03 | F1=1.701528e-01 | m1²=0.002187 | m2²=0.999844 | eps_w1=2.089720e+00 | eps_w2=3.542514e-03
[step   422500] t/d= 845.000 | task1=1.768690e-01 | task2=6.495428e-03 | F1=1.701528e-01 | m1²=0.002183 | m2²=0.999845 | eps_w1=2.089620e+00 | eps_w2=3.546658e-03
[step   422750] t/d= 845.500 | task1=1.768570e-01 | task2=6.493981e-03 | F1=1.701408e-01 | m1²=0.002189 | m2²=0.999845 | eps_w1=2.089427e+00 | eps_w2=3.553884e-03
[step   423000] t/d= 846.000 | task1=1.768426e-01 | task2=6.490586e-03 | F1=1.701264e-01 | m1²=0.002187 | m2²=0.999845 | eps_w1=2.089357e+00 | eps_w2=3.558728e-03
[step   423250] t/d= 846.500 | task1=1.768620e-01 | task2=6.492161e-03 | F1=1.701458e-01 | m1²=0.002191 | m2²=0.999845 | eps_w1=2.089654e+00 | eps_w2=3.543083e-03
[step   423500] t/d= 847.000 | task1=1.768702e-01 | task2=6.493041e-03 | F1=1.701540e-01 | m1²=0.002179 | m2²=0.999846 | eps_w1=2.089888e+00 | eps_w2=3.531709e-03
[step   423750] t/d= 847.500 | task1=1.768560e-01 | task2=6.493249e-03 | F1=1.701397e-01 | m1²=0.002185 | m2²=0.999845 | eps_w1=2.089649e+00 | eps_w2=3.544196e-03
[step   424000] t/d= 848.000 | task1=1.768402e-01 | task2=6.492573e-03 | F1=1.701240e-01 | m1²=0.002179 | m2²=0.999844 | eps_w1=2.089499e+00 | eps_w2=3.554343e-03
[step   424250] t/d= 848.500 | task1=1.768201e-01 | task2=6.490277e-03 | F1=1.701038e-01 | m1²=0.002176 | m2²=0.999845 | eps_w1=2.088944e+00 | eps_w2=3.580674e-03
[step   424500] t/d= 849.000 | task1=1.767931e-01 | task2=6.492245e-03 | F1=1.700769e-01 | m1²=0.002177 | m2²=0.999846 | eps_w1=2.088595e+00 | eps_w2=3.595881e-03
[step   424750] t/d= 849.500 | task1=1.767766e-01 | task2=6.491351e-03 | F1=1.700603e-01 | m1²=0.002171 | m2²=0.999845 | eps_w1=2.088222e+00 | eps_w2=3.616762e-03
[step   425000] t/d= 850.000 | task1=1.767748e-01 | task2=6.490807e-03 | F1=1.700585e-01 | m1²=0.002172 | m2²=0.999846 | eps_w1=2.088196e+00 | eps_w2=3.615981e-03
[step   425250] t/d= 850.500 | task1=1.767354e-01 | task2=6.491428e-03 | F1=1.700192e-01 | m1²=0.002170 | m2²=0.999846 | eps_w1=2.087426e+00 | eps_w2=3.653955e-03
[step   425500] t/d= 851.000 | task1=1.767394e-01 | task2=6.492649e-03 | F1=1.700232e-01 | m1²=0.002176 | m2²=0.999846 | eps_w1=2.087451e+00 | eps_w2=3.652781e-03
[step   425750] t/d= 851.500 | task1=1.767626e-01 | task2=6.494471e-03 | F1=1.700464e-01 | m1²=0.002171 | m2²=0.999848 | eps_w1=2.087757e+00 | eps_w2=3.633055e-03
[step   426000] t/d= 852.000 | task1=1.767855e-01 | task2=6.494616e-03 | F1=1.700692e-01 | m1²=0.002182 | m2²=0.999848 | eps_w1=2.088104e+00 | eps_w2=3.614734e-03
[step   426250] t/d= 852.500 | task1=1.767760e-01 | task2=6.496826e-03 | F1=1.700598e-01 | m1²=0.002190 | m2²=0.999846 | eps_w1=2.088066e+00 | eps_w2=3.619195e-03
[step   426500] t/d= 853.000 | task1=1.767687e-01 | task2=6.496808e-03 | F1=1.700525e-01 | m1²=0.002188 | m2²=0.999849 | eps_w1=2.088034e+00 | eps_w2=3.617017e-03
[step   426750] t/d= 853.500 | task1=1.767814e-01 | task2=6.496429e-03 | F1=1.700651e-01 | m1²=0.002193 | m2²=0.999849 | eps_w1=2.088178e+00 | eps_w2=3.608247e-03
[step   427000] t/d= 854.000 | task1=1.767626e-01 | task2=6.498697e-03 | F1=1.700464e-01 | m1²=0.002193 | m2²=0.999849 | eps_w1=2.087865e+00 | eps_w2=3.624926e-03
[step   427250] t/d= 854.500 | task1=1.767805e-01 | task2=6.499338e-03 | F1=1.700643e-01 | m1²=0.002186 | m2²=0.999846 | eps_w1=2.087890e+00 | eps_w2=3.629358e-03
[step   427500] t/d= 855.000 | task1=1.767757e-01 | task2=6.501318e-03 | F1=1.700595e-01 | m1²=0.002197 | m2²=0.999847 | eps_w1=2.087693e+00 | eps_w2=3.636515e-03
[step   427750] t/d= 855.500 | task1=1.767875e-01 | task2=6.499712e-03 | F1=1.700713e-01 | m1²=0.002199 | m2²=0.999849 | eps_w1=2.087757e+00 | eps_w2=3.629085e-03
[step   428000] t/d= 856.000 | task1=1.767672e-01 | task2=6.500913e-03 | F1=1.700509e-01 | m1²=0.002200 | m2²=0.999847 | eps_w1=2.087588e+00 | eps_w2=3.641429e-03
[step   428250] t/d= 856.500 | task1=1.767436e-01 | task2=6.500590e-03 | F1=1.700274e-01 | m1²=0.002195 | m2²=0.999846 | eps_w1=2.087244e+00 | eps_w2=3.661408e-03
[step   428500] t/d= 857.000 | task1=1.767619e-01 | task2=6.500873e-03 | F1=1.700457e-01 | m1²=0.002199 | m2²=0.999846 | eps_w1=2.087509e+00 | eps_w2=3.646319e-03
[step   428750] t/d= 857.500 | task1=1.767584e-01 | task2=6.499639e-03 | F1=1.700422e-01 | m1²=0.002206 | m2²=0.999846 | eps_w1=2.087495e+00 | eps_w2=3.647045e-03
[step   429000] t/d= 858.000 | task1=1.767258e-01 | task2=6.502381e-03 | F1=1.700095e-01 | m1²=0.002211 | m2²=0.999846 | eps_w1=2.086913e+00 | eps_w2=3.674928e-03
[step   429250] t/d= 858.500 | task1=1.767337e-01 | task2=6.503010e-03 | F1=1.700175e-01 | m1²=0.002211 | m2²=0.999847 | eps_w1=2.087018e+00 | eps_w2=3.667820e-03
[step   429500] t/d= 859.000 | task1=1.767282e-01 | task2=6.502849e-03 | F1=1.700119e-01 | m1²=0.002211 | m2²=0.999848 | eps_w1=2.086796e+00 | eps_w2=3.677565e-03
[step   429750] t/d= 859.500 | task1=1.767216e-01 | task2=6.502627e-03 | F1=1.700054e-01 | m1²=0.002208 | m2²=0.999848 | eps_w1=2.086905e+00 | eps_w2=3.673270e-03
[step   430000] t/d= 860.000 | task1=1.766952e-01 | task2=6.503377e-03 | F1=1.699790e-01 | m1²=0.002210 | m2²=0.999846 | eps_w1=2.086378e+00 | eps_w2=3.702610e-03
[step   430250] t/d= 860.500 | task1=1.766906e-01 | task2=6.501394e-03 | F1=1.699744e-01 | m1²=0.002200 | m2²=0.999846 | eps_w1=2.086217e+00 | eps_w2=3.711194e-03
[step   430500] t/d= 861.000 | task1=1.766662e-01 | task2=6.501804e-03 | F1=1.699500e-01 | m1²=0.002201 | m2²=0.999846 | eps_w1=2.085772e+00 | eps_w2=3.734551e-03
[step   430750] t/d= 861.500 | task1=1.766769e-01 | task2=6.500821e-03 | F1=1.699607e-01 | m1²=0.002201 | m2²=0.999847 | eps_w1=2.086133e+00 | eps_w2=3.714084e-03
[step   431000] t/d= 862.000 | task1=1.766545e-01 | task2=6.501116e-03 | F1=1.699383e-01 | m1²=0.002192 | m2²=0.999846 | eps_w1=2.085790e+00 | eps_w2=3.734587e-03
[step   431250] t/d= 862.500 | task1=1.766467e-01 | task2=6.502745e-03 | F1=1.699305e-01 | m1²=0.002195 | m2²=0.999844 | eps_w1=2.085814e+00 | eps_w2=3.736630e-03
[step   431500] t/d= 863.000 | task1=1.766391e-01 | task2=6.503897e-03 | F1=1.699228e-01 | m1²=0.002185 | m2²=0.999845 | eps_w1=2.085791e+00 | eps_w2=3.736824e-03
[step   431750] t/d= 863.500 | task1=1.766199e-01 | task2=6.508054e-03 | F1=1.699037e-01 | m1²=0.002197 | m2²=0.999843 | eps_w1=2.085576e+00 | eps_w2=3.749886e-03
[step   432000] t/d= 864.000 | task1=1.766187e-01 | task2=6.505261e-03 | F1=1.699025e-01 | m1²=0.002191 | m2²=0.999846 | eps_w1=2.085558e+00 | eps_w2=3.746762e-03
[step   432250] t/d= 864.500 | task1=1.766319e-01 | task2=6.504219e-03 | F1=1.699157e-01 | m1²=0.002196 | m2²=0.999845 | eps_w1=2.085706e+00 | eps_w2=3.738907e-03
[step   432500] t/d= 865.000 | task1=1.766398e-01 | task2=6.506212e-03 | F1=1.699235e-01 | m1²=0.002193 | m2²=0.999844 | eps_w1=2.085913e+00 | eps_w2=3.731359e-03
[step   432750] t/d= 865.500 | task1=1.766283e-01 | task2=6.505927e-03 | F1=1.699121e-01 | m1²=0.002202 | m2²=0.999845 | eps_w1=2.085770e+00 | eps_w2=3.736245e-03
[step   433000] t/d= 866.000 | task1=1.766591e-01 | task2=6.504040e-03 | F1=1.699429e-01 | m1²=0.002193 | m2²=0.999845 | eps_w1=2.086128e+00 | eps_w2=3.719219e-03
[step   433250] t/d= 866.500 | task1=1.766799e-01 | task2=6.503994e-03 | F1=1.699636e-01 | m1²=0.002192 | m2²=0.999843 | eps_w1=2.086389e+00 | eps_w2=3.710138e-03
[step   433500] t/d= 867.000 | task1=1.766900e-01 | task2=6.506407e-03 | F1=1.699738e-01 | m1²=0.002193 | m2²=0.999841 | eps_w1=2.086726e+00 | eps_w2=3.697098e-03
[step   433750] t/d= 867.500 | task1=1.766915e-01 | task2=6.505466e-03 | F1=1.699752e-01 | m1²=0.002182 | m2²=0.999842 | eps_w1=2.086808e+00 | eps_w2=3.692123e-03
[step   434000] t/d= 868.000 | task1=1.766904e-01 | task2=6.506862e-03 | F1=1.699742e-01 | m1²=0.002182 | m2²=0.999840 | eps_w1=2.086897e+00 | eps_w2=3.691290e-03
[step   434250] t/d= 868.500 | task1=1.766646e-01 | task2=6.505780e-03 | F1=1.699483e-01 | m1²=0.002181 | m2²=0.999841 | eps_w1=2.086620e+00 | eps_w2=3.702194e-03
[step   434500] t/d= 869.000 | task1=1.766670e-01 | task2=6.507943e-03 | F1=1.699508e-01 | m1²=0.002184 | m2²=0.999842 | eps_w1=2.086541e+00 | eps_w2=3.704383e-03
[step   434750] t/d= 869.500 | task1=1.766537e-01 | task2=6.506414e-03 | F1=1.699375e-01 | m1²=0.002187 | m2²=0.999841 | eps_w1=2.086272e+00 | eps_w2=3.719398e-03
[step   435000] t/d= 870.000 | task1=1.766379e-01 | task2=6.504409e-03 | F1=1.699217e-01 | m1²=0.002195 | m2²=0.999842 | eps_w1=2.086142e+00 | eps_w2=3.723900e-03
[step   435250] t/d= 870.500 | task1=1.766459e-01 | task2=6.503152e-03 | F1=1.699297e-01 | m1²=0.002181 | m2²=0.999839 | eps_w1=2.086312e+00 | eps_w2=3.722050e-03
[step   435500] t/d= 871.000 | task1=1.766375e-01 | task2=6.503034e-03 | F1=1.699213e-01 | m1²=0.002176 | m2²=0.999838 | eps_w1=2.085961e+00 | eps_w2=3.741589e-03
[step   435750] t/d= 871.500 | task1=1.766225e-01 | task2=6.502298e-03 | F1=1.699063e-01 | m1²=0.002178 | m2²=0.999839 | eps_w1=2.085542e+00 | eps_w2=3.761477e-03
[step   436000] t/d= 872.000 | task1=1.766400e-01 | task2=6.501913e-03 | F1=1.699238e-01 | m1²=0.002182 | m2²=0.999841 | eps_w1=2.085752e+00 | eps_w2=3.747289e-03
[step   436250] t/d= 872.500 | task1=1.766190e-01 | task2=6.502033e-03 | F1=1.699028e-01 | m1²=0.002171 | m2²=0.999842 | eps_w1=2.085560e+00 | eps_w2=3.755125e-03
[step   436500] t/d= 873.000 | task1=1.766050e-01 | task2=6.501385e-03 | F1=1.698888e-01 | m1²=0.002169 | m2²=0.999843 | eps_w1=2.085614e+00 | eps_w2=3.751143e-03
[step   436750] t/d= 873.500 | task1=1.766075e-01 | task2=6.499797e-03 | F1=1.698913e-01 | m1²=0.002166 | m2²=0.999845 | eps_w1=2.085656e+00 | eps_w2=3.745927e-03
[step   437000] t/d= 874.000 | task1=1.766126e-01 | task2=6.501161e-03 | F1=1.698964e-01 | m1²=0.002162 | m2²=0.999844 | eps_w1=2.085872e+00 | eps_w2=3.736581e-03
[step   437250] t/d= 874.500 | task1=1.766042e-01 | task2=6.500180e-03 | F1=1.698880e-01 | m1²=0.002157 | m2²=0.999846 | eps_w1=2.085772e+00 | eps_w2=3.738978e-03
[step   437500] t/d= 875.000 | task1=1.765756e-01 | task2=6.501485e-03 | F1=1.698594e-01 | m1²=0.002161 | m2²=0.999847 | eps_w1=2.085556e+00 | eps_w2=3.748096e-03
[step   437750] t/d= 875.500 | task1=1.765763e-01 | task2=6.502628e-03 | F1=1.698601e-01 | m1²=0.002160 | m2²=0.999846 | eps_w1=2.085616e+00 | eps_w2=3.745924e-03
[step   438000] t/d= 876.000 | task1=1.765893e-01 | task2=6.501389e-03 | F1=1.698730e-01 | m1²=0.002153 | m2²=0.999844 | eps_w1=2.085961e+00 | eps_w2=3.733421e-03
[step   438250] t/d= 876.500 | task1=1.765975e-01 | task2=6.500764e-03 | F1=1.698813e-01 | m1²=0.002153 | m2²=0.999844 | eps_w1=2.086090e+00 | eps_w2=3.726077e-03
[step   438500] t/d= 877.000 | task1=1.765960e-01 | task2=6.500534e-03 | F1=1.698798e-01 | m1²=0.002150 | m2²=0.999842 | eps_w1=2.085932e+00 | eps_w2=3.738063e-03
[step   438750] t/d= 877.500 | task1=1.765827e-01 | task2=6.502057e-03 | F1=1.698664e-01 | m1²=0.002152 | m2²=0.999839 | eps_w1=2.085966e+00 | eps_w2=3.741788e-03
[step   439000] t/d= 878.000 | task1=1.765752e-01 | task2=6.504050e-03 | F1=1.698590e-01 | m1²=0.002148 | m2²=0.999839 | eps_w1=2.085791e+00 | eps_w2=3.751140e-03
[step   439250] t/d= 878.500 | task1=1.765954e-01 | task2=6.503667e-03 | F1=1.698792e-01 | m1²=0.002155 | m2²=0.999839 | eps_w1=2.086312e+00 | eps_w2=3.724215e-03
[step   439500] t/d= 879.000 | task1=1.765740e-01 | task2=6.505536e-03 | F1=1.698578e-01 | m1²=0.002157 | m2²=0.999840 | eps_w1=2.085904e+00 | eps_w2=3.744181e-03
[step   439750] t/d= 879.500 | task1=1.765964e-01 | task2=6.505629e-03 | F1=1.698802e-01 | m1²=0.002151 | m2²=0.999837 | eps_w1=2.086381e+00 | eps_w2=3.724748e-03
[step   440000] t/d= 880.000 | task1=1.765907e-01 | task2=6.502893e-03 | F1=1.698744e-01 | m1²=0.002150 | m2²=0.999836 | eps_w1=2.086185e+00 | eps_w2=3.738139e-03
[step   440250] t/d= 880.500 | task1=1.766064e-01 | task2=6.503662e-03 | F1=1.698901e-01 | m1²=0.002151 | m2²=0.999835 | eps_w1=2.086619e+00 | eps_w2=3.716550e-03
[step   440500] t/d= 881.000 | task1=1.765791e-01 | task2=6.503315e-03 | F1=1.698628e-01 | m1²=0.002150 | m2²=0.999836 | eps_w1=2.086113e+00 | eps_w2=3.741827e-03
[step   440750] t/d= 881.500 | task1=1.765912e-01 | task2=6.503278e-03 | F1=1.698750e-01 | m1²=0.002143 | m2²=0.999838 | eps_w1=2.086299e+00 | eps_w2=3.729086e-03
[step   441000] t/d= 882.000 | task1=1.766019e-01 | task2=6.505790e-03 | F1=1.698856e-01 | m1²=0.002151 | m2²=0.999837 | eps_w1=2.086342e+00 | eps_w2=3.727840e-03
[step   441250] t/d= 882.500 | task1=1.766142e-01 | task2=6.504484e-03 | F1=1.698980e-01 | m1²=0.002155 | m2²=0.999838 | eps_w1=2.086519e+00 | eps_w2=3.716519e-03
[step   441500] t/d= 883.000 | task1=1.765973e-01 | task2=6.506175e-03 | F1=1.698811e-01 | m1²=0.002153 | m2²=0.999840 | eps_w1=2.086209e+00 | eps_w2=3.727964e-03
[step   441750] t/d= 883.500 | task1=1.765838e-01 | task2=6.501672e-03 | F1=1.698676e-01 | m1²=0.002149 | m2²=0.999838 | eps_w1=2.086175e+00 | eps_w2=3.733630e-03
[step   442000] t/d= 884.000 | task1=1.765913e-01 | task2=6.503928e-03 | F1=1.698751e-01 | m1²=0.002150 | m2²=0.999840 | eps_w1=2.086165e+00 | eps_w2=3.731533e-03
[step   442250] t/d= 884.500 | task1=1.765969e-01 | task2=6.502556e-03 | F1=1.698807e-01 | m1²=0.002154 | m2²=0.999837 | eps_w1=2.086318e+00 | eps_w2=3.728747e-03
[step   442500] t/d= 885.000 | task1=1.766044e-01 | task2=6.503038e-03 | F1=1.698882e-01 | m1²=0.002153 | m2²=0.999837 | eps_w1=2.086334e+00 | eps_w2=3.728487e-03
[step   442750] t/d= 885.500 | task1=1.765964e-01 | task2=6.503541e-03 | F1=1.698802e-01 | m1²=0.002158 | m2²=0.999837 | eps_w1=2.086342e+00 | eps_w2=3.726362e-03
[step   443000] t/d= 886.000 | task1=1.765839e-01 | task2=6.503886e-03 | F1=1.698677e-01 | m1²=0.002147 | m2²=0.999836 | eps_w1=2.086254e+00 | eps_w2=3.734148e-03
[step   443250] t/d= 886.500 | task1=1.766040e-01 | task2=6.504760e-03 | F1=1.698877e-01 | m1²=0.002144 | m2²=0.999834 | eps_w1=2.086698e+00 | eps_w2=3.716328e-03
[step   443500] t/d= 887.000 | task1=1.766068e-01 | task2=6.502749e-03 | F1=1.698906e-01 | m1²=0.002152 | m2²=0.999834 | eps_w1=2.086849e+00 | eps_w2=3.707666e-03
[step   443750] t/d= 887.500 | task1=1.765911e-01 | task2=6.502716e-03 | F1=1.698749e-01 | m1²=0.002155 | m2²=0.999836 | eps_w1=2.086324e+00 | eps_w2=3.729949e-03
[step   444000] t/d= 888.000 | task1=1.765696e-01 | task2=6.501069e-03 | F1=1.698534e-01 | m1²=0.002161 | m2²=0.999836 | eps_w1=2.085892e+00 | eps_w2=3.751780e-03
[step   444250] t/d= 888.500 | task1=1.765758e-01 | task2=6.502272e-03 | F1=1.698595e-01 | m1²=0.002167 | m2²=0.999835 | eps_w1=2.085906e+00 | eps_w2=3.751309e-03
[step   444500] t/d= 889.000 | task1=1.765731e-01 | task2=6.501881e-03 | F1=1.698569e-01 | m1²=0.002165 | m2²=0.999833 | eps_w1=2.085958e+00 | eps_w2=3.753784e-03
[step   444750] t/d= 889.500 | task1=1.765794e-01 | task2=6.501862e-03 | F1=1.698632e-01 | m1²=0.002164 | m2²=0.999833 | eps_w1=2.086080e+00 | eps_w2=3.747464e-03
[step   445000] t/d= 890.000 | task1=1.765727e-01 | task2=6.500257e-03 | F1=1.698565e-01 | m1²=0.002153 | m2²=0.999832 | eps_w1=2.085829e+00 | eps_w2=3.762239e-03
[step   445250] t/d= 890.500 | task1=1.765882e-01 | task2=6.500854e-03 | F1=1.698720e-01 | m1²=0.002164 | m2²=0.999831 | eps_w1=2.085990e+00 | eps_w2=3.754559e-03
[step   445500] t/d= 891.000 | task1=1.765724e-01 | task2=6.500687e-03 | F1=1.698562e-01 | m1²=0.002164 | m2²=0.999832 | eps_w1=2.085720e+00 | eps_w2=3.767435e-03
[step   445750] t/d= 891.500 | task1=1.765663e-01 | task2=6.500350e-03 | F1=1.698501e-01 | m1²=0.002167 | m2²=0.999832 | eps_w1=2.085479e+00 | eps_w2=3.778635e-03
[step   446000] t/d= 892.000 | task1=1.765589e-01 | task2=6.499523e-03 | F1=1.698427e-01 | m1²=0.002170 | m2²=0.999832 | eps_w1=2.085359e+00 | eps_w2=3.785082e-03
[step   446250] t/d= 892.500 | task1=1.765455e-01 | task2=6.500230e-03 | F1=1.698292e-01 | m1²=0.002170 | m2²=0.999830 | eps_w1=2.085215e+00 | eps_w2=3.796428e-03
[step   446500] t/d= 893.000 | task1=1.765395e-01 | task2=6.499104e-03 | F1=1.698233e-01 | m1²=0.002165 | m2²=0.999830 | eps_w1=2.085135e+00 | eps_w2=3.800011e-03
[step   446750] t/d= 893.500 | task1=1.765474e-01 | task2=6.495921e-03 | F1=1.698312e-01 | m1²=0.002177 | m2²=0.999831 | eps_w1=2.085401e+00 | eps_w2=3.783963e-03
[step   447000] t/d= 894.000 | task1=1.765495e-01 | task2=6.494977e-03 | F1=1.698333e-01 | m1²=0.002178 | m2²=0.999831 | eps_w1=2.085437e+00 | eps_w2=3.781300e-03
[step   447250] t/d= 894.500 | task1=1.765308e-01 | task2=6.494797e-03 | F1=1.698145e-01 | m1²=0.002172 | m2²=0.999828 | eps_w1=2.085129e+00 | eps_w2=3.803299e-03
[step   447500] t/d= 895.000 | task1=1.765093e-01 | task2=6.496942e-03 | F1=1.697931e-01 | m1²=0.002172 | m2²=0.999826 | eps_w1=2.084923e+00 | eps_w2=3.817516e-03
[step   447750] t/d= 895.500 | task1=1.765301e-01 | task2=6.494519e-03 | F1=1.698139e-01 | m1²=0.002174 | m2²=0.999826 | eps_w1=2.085149e+00 | eps_w2=3.806325e-03
[step   448000] t/d= 896.000 | task1=1.765243e-01 | task2=6.495768e-03 | F1=1.698080e-01 | m1²=0.002181 | m2²=0.999823 | eps_w1=2.085097e+00 | eps_w2=3.813952e-03
[step   448250] t/d= 896.500 | task1=1.765169e-01 | task2=6.497585e-03 | F1=1.698006e-01 | m1²=0.002185 | m2²=0.999821 | eps_w1=2.084980e+00 | eps_w2=3.822864e-03
[step   448500] t/d= 897.000 | task1=1.764854e-01 | task2=6.498551e-03 | F1=1.697692e-01 | m1²=0.002183 | m2²=0.999823 | eps_w1=2.084374e+00 | eps_w2=3.850515e-03
[step   448750] t/d= 897.500 | task1=1.764842e-01 | task2=6.496682e-03 | F1=1.697679e-01 | m1²=0.002182 | m2²=0.999826 | eps_w1=2.084310e+00 | eps_w2=3.847904e-03
[step   449000] t/d= 898.000 | task1=1.764935e-01 | task2=6.497704e-03 | F1=1.697773e-01 | m1²=0.002181 | m2²=0.999827 | eps_w1=2.084466e+00 | eps_w2=3.838929e-03
[step   449250] t/d= 898.500 | task1=1.765035e-01 | task2=6.497002e-03 | F1=1.697873e-01 | m1²=0.002181 | m2²=0.999828 | eps_w1=2.084453e+00 | eps_w2=3.836436e-03
[step   449500] t/d= 899.000 | task1=1.764780e-01 | task2=6.496792e-03 | F1=1.697618e-01 | m1²=0.002174 | m2²=0.999831 | eps_w1=2.084038e+00 | eps_w2=3.853041e-03
[step   449750] t/d= 899.500 | task1=1.764833e-01 | task2=6.498388e-03 | F1=1.697671e-01 | m1²=0.002179 | m2²=0.999831 | eps_w1=2.084200e+00 | eps_w2=3.845514e-03
[step   450000] t/d= 900.000 | task1=1.764625e-01 | task2=6.500875e-03 | F1=1.697463e-01 | m1²=0.002178 | m2²=0.999828 | eps_w1=2.083665e+00 | eps_w2=3.878194e-03
[step   450250] t/d= 900.500 | task1=1.764784e-01 | task2=6.502526e-03 | F1=1.697622e-01 | m1²=0.002176 | m2²=0.999829 | eps_w1=2.083950e+00 | eps_w2=3.862000e-03
[step   450500] t/d= 901.000 | task1=1.764678e-01 | task2=6.501882e-03 | F1=1.697516e-01 | m1²=0.002182 | m2²=0.999830 | eps_w1=2.083726e+00 | eps_w2=3.870953e-03
[step   450750] t/d= 901.500 | task1=1.764702e-01 | task2=6.503388e-03 | F1=1.697540e-01 | m1²=0.002190 | m2²=0.999832 | eps_w1=2.083816e+00 | eps_w2=3.861278e-03
[step   451000] t/d= 902.000 | task1=1.764895e-01 | task2=6.502824e-03 | F1=1.697733e-01 | m1²=0.002186 | m2²=0.999831 | eps_w1=2.083945e+00 | eps_w2=3.856848e-03
[step   451250] t/d= 902.500 | task1=1.764639e-01 | task2=6.501894e-03 | F1=1.697477e-01 | m1²=0.002189 | m2²=0.999830 | eps_w1=2.083632e+00 | eps_w2=3.874495e-03
[step   451500] t/d= 903.000 | task1=1.764563e-01 | task2=6.502790e-03 | F1=1.697400e-01 | m1²=0.002178 | m2²=0.999832 | eps_w1=2.083416e+00 | eps_w2=3.883992e-03
[step   451750] t/d= 903.500 | task1=1.764594e-01 | task2=6.502360e-03 | F1=1.697432e-01 | m1²=0.002186 | m2²=0.999832 | eps_w1=2.083573e+00 | eps_w2=3.874814e-03
[step   452000] t/d= 904.000 | task1=1.764502e-01 | task2=6.504576e-03 | F1=1.697340e-01 | m1²=0.002183 | m2²=0.999832 | eps_w1=2.083438e+00 | eps_w2=3.880650e-03
[step   452250] t/d= 904.500 | task1=1.764355e-01 | task2=6.504910e-03 | F1=1.697193e-01 | m1²=0.002182 | m2²=0.999833 | eps_w1=2.083309e+00 | eps_w2=3.886327e-03
[step   452500] t/d= 905.000 | task1=1.764542e-01 | task2=6.502601e-03 | F1=1.697379e-01 | m1²=0.002175 | m2²=0.999834 | eps_w1=2.083592e+00 | eps_w2=3.871316e-03
[step   452750] t/d= 905.500 | task1=1.764612e-01 | task2=6.500214e-03 | F1=1.697449e-01 | m1²=0.002175 | m2²=0.999834 | eps_w1=2.083753e+00 | eps_w2=3.861631e-03
[step   453000] t/d= 906.000 | task1=1.764601e-01 | task2=6.499180e-03 | F1=1.697439e-01 | m1²=0.002175 | m2²=0.999833 | eps_w1=2.083618e+00 | eps_w2=3.870416e-03
[step   453250] t/d= 906.500 | task1=1.764708e-01 | task2=6.501603e-03 | F1=1.697546e-01 | m1²=0.002165 | m2²=0.999833 | eps_w1=2.083720e+00 | eps_w2=3.867912e-03
[step   453500] t/d= 907.000 | task1=1.764735e-01 | task2=6.502301e-03 | F1=1.697573e-01 | m1²=0.002170 | m2²=0.999831 | eps_w1=2.083826e+00 | eps_w2=3.865200e-03
[step   453750] t/d= 907.500 | task1=1.764722e-01 | task2=6.500550e-03 | F1=1.697559e-01 | m1²=0.002169 | m2²=0.999833 | eps_w1=2.083780e+00 | eps_w2=3.864225e-03
[step   454000] t/d= 908.000 | task1=1.764682e-01 | task2=6.499721e-03 | F1=1.697519e-01 | m1²=0.002164 | m2²=0.999832 | eps_w1=2.083789e+00 | eps_w2=3.865886e-03
[step   454250] t/d= 908.500 | task1=1.764757e-01 | task2=6.498664e-03 | F1=1.697594e-01 | m1²=0.002158 | m2²=0.999833 | eps_w1=2.084049e+00 | eps_w2=3.851585e-03
[step   454500] t/d= 909.000 | task1=1.764714e-01 | task2=6.498119e-03 | F1=1.697552e-01 | m1²=0.002157 | m2²=0.999834 | eps_w1=2.083807e+00 | eps_w2=3.860873e-03
[step   454750] t/d= 909.500 | task1=1.764705e-01 | task2=6.500025e-03 | F1=1.697542e-01 | m1²=0.002154 | m2²=0.999836 | eps_w1=2.083951e+00 | eps_w2=3.849834e-03
[step   455000] t/d= 910.000 | task1=1.764593e-01 | task2=6.499256e-03 | F1=1.697431e-01 | m1²=0.002155 | m2²=0.999835 | eps_w1=2.083805e+00 | eps_w2=3.859843e-03
[step   455250] t/d= 910.500 | task1=1.764873e-01 | task2=6.497877e-03 | F1=1.697711e-01 | m1²=0.002155 | m2²=0.999835 | eps_w1=2.084144e+00 | eps_w2=3.843517e-03
[step   455500] t/d= 911.000 | task1=1.764869e-01 | task2=6.498145e-03 | F1=1.697707e-01 | m1²=0.002147 | m2²=0.999835 | eps_w1=2.084072e+00 | eps_w2=3.847502e-03
[step   455750] t/d= 911.500 | task1=1.764874e-01 | task2=6.498396e-03 | F1=1.697712e-01 | m1²=0.002144 | m2²=0.999835 | eps_w1=2.084005e+00 | eps_w2=3.851394e-03
[step   456000] t/d= 912.000 | task1=1.765017e-01 | task2=6.497501e-03 | F1=1.697854e-01 | m1²=0.002146 | m2²=0.999836 | eps_w1=2.084063e+00 | eps_w2=3.846564e-03
[step   456250] t/d= 912.500 | task1=1.764895e-01 | task2=6.496988e-03 | F1=1.697732e-01 | m1²=0.002147 | m2²=0.999834 | eps_w1=2.084162e+00 | eps_w2=3.843660e-03
[step   456500] t/d= 913.000 | task1=1.764986e-01 | task2=6.496407e-03 | F1=1.697823e-01 | m1²=0.002142 | m2²=0.999836 | eps_w1=2.084297e+00 | eps_w2=3.834028e-03
[step   456750] t/d= 913.500 | task1=1.765067e-01 | task2=6.496490e-03 | F1=1.697905e-01 | m1²=0.002140 | m2²=0.999837 | eps_w1=2.084390e+00 | eps_w2=3.827868e-03
[step   457000] t/d= 914.000 | task1=1.765224e-01 | task2=6.495718e-03 | F1=1.698061e-01 | m1²=0.002139 | m2²=0.999838 | eps_w1=2.084891e+00 | eps_w2=3.801071e-03
[step   457250] t/d= 914.500 | task1=1.765251e-01 | task2=6.495541e-03 | F1=1.698088e-01 | m1²=0.002149 | m2²=0.999838 | eps_w1=2.084857e+00 | eps_w2=3.801620e-03
[step   457500] t/d= 915.000 | task1=1.765648e-01 | task2=6.493775e-03 | F1=1.698486e-01 | m1²=0.002146 | m2²=0.999838 | eps_w1=2.085474e+00 | eps_w2=3.770655e-03
[step   457750] t/d= 915.500 | task1=1.765701e-01 | task2=6.494630e-03 | F1=1.698539e-01 | m1²=0.002140 | m2²=0.999838 | eps_w1=2.085659e+00 | eps_w2=3.761764e-03
[step   458000] t/d= 916.000 | task1=1.765772e-01 | task2=6.497240e-03 | F1=1.698609e-01 | m1²=0.002144 | m2²=0.999838 | eps_w1=2.085840e+00 | eps_w2=3.751283e-03
[step   458250] t/d= 916.500 | task1=1.765697e-01 | task2=6.498678e-03 | F1=1.698535e-01 | m1²=0.002138 | m2²=0.999836 | eps_w1=2.085713e+00 | eps_w2=3.762153e-03
[step   458500] t/d= 917.000 | task1=1.765941e-01 | task2=6.500624e-03 | F1=1.698778e-01 | m1²=0.002136 | m2²=0.999837 | eps_w1=2.086329e+00 | eps_w2=3.729196e-03
[step   458750] t/d= 917.500 | task1=1.765981e-01 | task2=6.501771e-03 | F1=1.698819e-01 | m1²=0.002137 | m2²=0.999835 | eps_w1=2.086475e+00 | eps_w2=3.726538e-03
[step   459000] t/d= 918.000 | task1=1.766180e-01 | task2=6.501960e-03 | F1=1.699018e-01 | m1²=0.002133 | m2²=0.999835 | eps_w1=2.086579e+00 | eps_w2=3.720709e-03
[step   459250] t/d= 918.500 | task1=1.766440e-01 | task2=6.501242e-03 | F1=1.699277e-01 | m1²=0.002137 | m2²=0.999836 | eps_w1=2.087177e+00 | eps_w2=3.688283e-03
[step   459500] t/d= 919.000 | task1=1.766446e-01 | task2=6.502302e-03 | F1=1.699284e-01 | m1²=0.002146 | m2²=0.999839 | eps_w1=2.087177e+00 | eps_w2=3.681332e-03
[step   459750] t/d= 919.500 | task1=1.766430e-01 | task2=6.502884e-03 | F1=1.699268e-01 | m1²=0.002143 | m2²=0.999839 | eps_w1=2.087228e+00 | eps_w2=3.679624e-03
[step   460000] t/d= 920.000 | task1=1.766849e-01 | task2=6.500054e-03 | F1=1.699687e-01 | m1²=0.002143 | m2²=0.999839 | eps_w1=2.087852e+00 | eps_w2=3.649439e-03
[step   460250] t/d= 920.500 | task1=1.766636e-01 | task2=6.500795e-03 | F1=1.699473e-01 | m1²=0.002149 | m2²=0.999838 | eps_w1=2.087648e+00 | eps_w2=3.660806e-03
[step   460500] t/d= 921.000 | task1=1.766662e-01 | task2=6.502311e-03 | F1=1.699500e-01 | m1²=0.002148 | m2²=0.999837 | eps_w1=2.087655e+00 | eps_w2=3.662233e-03
[step   460750] t/d= 921.500 | task1=1.766623e-01 | task2=6.501567e-03 | F1=1.699460e-01 | m1²=0.002150 | m2²=0.999835 | eps_w1=2.087884e+00 | eps_w2=3.653222e-03
[step   461000] t/d= 922.000 | task1=1.766764e-01 | task2=6.503786e-03 | F1=1.699602e-01 | m1²=0.002144 | m2²=0.999835 | eps_w1=2.088148e+00 | eps_w2=3.640998e-03
[step   461250] t/d= 922.500 | task1=1.766733e-01 | task2=6.503163e-03 | F1=1.699570e-01 | m1²=0.002151 | m2²=0.999836 | eps_w1=2.088156e+00 | eps_w2=3.638647e-03
[step   461500] t/d= 923.000 | task1=1.766970e-01 | task2=6.502876e-03 | F1=1.699807e-01 | m1²=0.002146 | m2²=0.999836 | eps_w1=2.088287e+00 | eps_w2=3.632009e-03
[step   461750] t/d= 923.500 | task1=1.766914e-01 | task2=6.502245e-03 | F1=1.699752e-01 | m1²=0.002146 | m2²=0.999839 | eps_w1=2.088198e+00 | eps_w2=3.631757e-03
[step   462000] t/d= 924.000 | task1=1.766771e-01 | task2=6.501034e-03 | F1=1.699609e-01 | m1²=0.002149 | m2²=0.999841 | eps_w1=2.087956e+00 | eps_w2=3.638624e-03
[step   462250] t/d= 924.500 | task1=1.766850e-01 | task2=6.499229e-03 | F1=1.699688e-01 | m1²=0.002137 | m2²=0.999842 | eps_w1=2.088080e+00 | eps_w2=3.631856e-03
[step   462500] t/d= 925.000 | task1=1.766734e-01 | task2=6.499297e-03 | F1=1.699572e-01 | m1²=0.002143 | m2²=0.999842 | eps_w1=2.088023e+00 | eps_w2=3.634653e-03
[step   462750] t/d= 925.500 | task1=1.767043e-01 | task2=6.501592e-03 | F1=1.699881e-01 | m1²=0.002140 | m2²=0.999841 | eps_w1=2.088548e+00 | eps_w2=3.609858e-03
[step   463000] t/d= 926.000 | task1=1.767102e-01 | task2=6.501127e-03 | F1=1.699939e-01 | m1²=0.002136 | m2²=0.999842 | eps_w1=2.088467e+00 | eps_w2=3.612486e-03
[step   463250] t/d= 926.500 | task1=1.767059e-01 | task2=6.500556e-03 | F1=1.699897e-01 | m1²=0.002136 | m2²=0.999839 | eps_w1=2.088398e+00 | eps_w2=3.621728e-03
[step   463500] t/d= 927.000 | task1=1.766885e-01 | task2=6.501724e-03 | F1=1.699722e-01 | m1²=0.002135 | m2²=0.999842 | eps_w1=2.088248e+00 | eps_w2=3.623619e-03
[step   463750] t/d= 927.500 | task1=1.767000e-01 | task2=6.502938e-03 | F1=1.699838e-01 | m1²=0.002142 | m2²=0.999842 | eps_w1=2.088382e+00 | eps_w2=3.615958e-03
[step   464000] t/d= 928.000 | task1=1.766823e-01 | task2=6.502191e-03 | F1=1.699660e-01 | m1²=0.002142 | m2²=0.999842 | eps_w1=2.088086e+00 | eps_w2=3.630935e-03
[step   464250] t/d= 928.500 | task1=1.766827e-01 | task2=6.502328e-03 | F1=1.699664e-01 | m1²=0.002140 | m2²=0.999843 | eps_w1=2.087958e+00 | eps_w2=3.636261e-03
[step   464500] t/d= 929.000 | task1=1.766652e-01 | task2=6.502122e-03 | F1=1.699490e-01 | m1²=0.002132 | m2²=0.999845 | eps_w1=2.087822e+00 | eps_w2=3.640181e-03
[step   464750] t/d= 929.500 | task1=1.766714e-01 | task2=6.500872e-03 | F1=1.699552e-01 | m1²=0.002130 | m2²=0.999845 | eps_w1=2.087791e+00 | eps_w2=3.641185e-03
[step   465000] t/d= 930.000 | task1=1.766908e-01 | task2=6.500558e-03 | F1=1.699746e-01 | m1²=0.002141 | m2²=0.999844 | eps_w1=2.088082e+00 | eps_w2=3.627992e-03
[step   465250] t/d= 930.500 | task1=1.766873e-01 | task2=6.502170e-03 | F1=1.699711e-01 | m1²=0.002150 | m2²=0.999844 | eps_w1=2.088052e+00 | eps_w2=3.627972e-03
[step   465500] t/d= 931.000 | task1=1.766772e-01 | task2=6.502103e-03 | F1=1.699609e-01 | m1²=0.002154 | m2²=0.999843 | eps_w1=2.087950e+00 | eps_w2=3.635636e-03
[step   465750] t/d= 931.500 | task1=1.766947e-01 | task2=6.503646e-03 | F1=1.699784e-01 | m1²=0.002144 | m2²=0.999843 | eps_w1=2.088405e+00 | eps_w2=3.614191e-03
[step   466000] t/d= 932.000 | task1=1.767118e-01 | task2=6.504532e-03 | F1=1.699956e-01 | m1²=0.002139 | m2²=0.999840 | eps_w1=2.088756e+00 | eps_w2=3.601567e-03
[step   466250] t/d= 932.500 | task1=1.766999e-01 | task2=6.504669e-03 | F1=1.699837e-01 | m1²=0.002136 | m2²=0.999840 | eps_w1=2.088580e+00 | eps_w2=3.611180e-03
[step   466500] t/d= 933.000 | task1=1.766781e-01 | task2=6.503467e-03 | F1=1.699619e-01 | m1²=0.002141 | m2²=0.999838 | eps_w1=2.088237e+00 | eps_w2=3.631137e-03
[step   466750] t/d= 933.500 | task1=1.766859e-01 | task2=6.503527e-03 | F1=1.699696e-01 | m1²=0.002139 | m2²=0.999837 | eps_w1=2.088400e+00 | eps_w2=3.625194e-03
[step   467000] t/d= 934.000 | task1=1.766817e-01 | task2=6.504157e-03 | F1=1.699654e-01 | m1²=0.002132 | m2²=0.999839 | eps_w1=2.088143e+00 | eps_w2=3.635916e-03
[step   467250] t/d= 934.500 | task1=1.766690e-01 | task2=6.502946e-03 | F1=1.699528e-01 | m1²=0.002131 | m2²=0.999840 | eps_w1=2.087961e+00 | eps_w2=3.643386e-03
[step   467500] t/d= 935.000 | task1=1.766769e-01 | task2=6.504926e-03 | F1=1.699606e-01 | m1²=0.002134 | m2²=0.999839 | eps_w1=2.087998e+00 | eps_w2=3.642038e-03
[step   467750] t/d= 935.500 | task1=1.766800e-01 | task2=6.504697e-03 | F1=1.699637e-01 | m1²=0.002127 | m2²=0.999837 | eps_w1=2.088140e+00 | eps_w2=3.639028e-03
[step   468000] t/d= 936.000 | task1=1.766642e-01 | task2=6.504652e-03 | F1=1.699480e-01 | m1²=0.002136 | m2²=0.999836 | eps_w1=2.087900e+00 | eps_w2=3.651857e-03
[step   468250] t/d= 936.500 | task1=1.766738e-01 | task2=6.504279e-03 | F1=1.699576e-01 | m1²=0.002134 | m2²=0.999836 | eps_w1=2.088048e+00 | eps_w2=3.646329e-03
[step   468500] t/d= 937.000 | task1=1.766782e-01 | task2=6.506616e-03 | F1=1.699620e-01 | m1²=0.002133 | m2²=0.999836 | eps_w1=2.088156e+00 | eps_w2=3.640741e-03
[step   468750] t/d= 937.500 | task1=1.766889e-01 | task2=6.507025e-03 | F1=1.699726e-01 | m1²=0.002118 | m2²=0.999834 | eps_w1=2.088336e+00 | eps_w2=3.637058e-03
[step   469000] t/d= 938.000 | task1=1.766865e-01 | task2=6.505621e-03 | F1=1.699703e-01 | m1²=0.002118 | m2²=0.999837 | eps_w1=2.088409e+00 | eps_w2=3.628346e-03
[step   469250] t/d= 938.500 | task1=1.766868e-01 | task2=6.504924e-03 | F1=1.699705e-01 | m1²=0.002121 | m2²=0.999836 | eps_w1=2.088637e+00 | eps_w2=3.617932e-03
[step   469500] t/d= 939.000 | task1=1.766555e-01 | task2=6.504970e-03 | F1=1.699393e-01 | m1²=0.002123 | m2²=0.999835 | eps_w1=2.088203e+00 | eps_w2=3.641144e-03
[step   469750] t/d= 939.500 | task1=1.766923e-01 | task2=6.505451e-03 | F1=1.699761e-01 | m1²=0.002125 | m2²=0.999836 | eps_w1=2.088682e+00 | eps_w2=3.614411e-03
[step   470000] t/d= 940.000 | task1=1.766588e-01 | task2=6.504542e-03 | F1=1.699425e-01 | m1²=0.002129 | m2²=0.999837 | eps_w1=2.088048e+00 | eps_w2=3.643687e-03
[step   470250] t/d= 940.500 | task1=1.766270e-01 | task2=6.505302e-03 | F1=1.699107e-01 | m1²=0.002134 | m2²=0.999833 | eps_w1=2.087539e+00 | eps_w2=3.676999e-03
[step   470500] t/d= 941.000 | task1=1.766224e-01 | task2=6.507265e-03 | F1=1.699062e-01 | m1²=0.002138 | m2²=0.999834 | eps_w1=2.087325e+00 | eps_w2=3.685949e-03
[step   470750] t/d= 941.500 | task1=1.766388e-01 | task2=6.510128e-03 | F1=1.699226e-01 | m1²=0.002138 | m2²=0.999832 | eps_w1=2.087359e+00 | eps_w2=3.686718e-03
[step   471000] t/d= 942.000 | task1=1.766261e-01 | task2=6.510369e-03 | F1=1.699099e-01 | m1²=0.002130 | m2²=0.999834 | eps_w1=2.087093e+00 | eps_w2=3.698218e-03
[step   471250] t/d= 942.500 | task1=1.766147e-01 | task2=6.510210e-03 | F1=1.698984e-01 | m1²=0.002129 | m2²=0.999834 | eps_w1=2.086895e+00 | eps_w2=3.708189e-03
[step   471500] t/d= 943.000 | task1=1.766038e-01 | task2=6.510016e-03 | F1=1.698876e-01 | m1²=0.002130 | m2²=0.999836 | eps_w1=2.086740e+00 | eps_w2=3.710980e-03
[step   471750] t/d= 943.500 | task1=1.766169e-01 | task2=6.508740e-03 | F1=1.699006e-01 | m1²=0.002124 | m2²=0.999834 | eps_w1=2.086794e+00 | eps_w2=3.712881e-03
[step   472000] t/d= 944.000 | task1=1.766099e-01 | task2=6.506001e-03 | F1=1.698937e-01 | m1²=0.002120 | m2²=0.999836 | eps_w1=2.086601e+00 | eps_w2=3.720010e-03
[step   472250] t/d= 944.500 | task1=1.765970e-01 | task2=6.502698e-03 | F1=1.698808e-01 | m1²=0.002124 | m2²=0.999836 | eps_w1=2.086395e+00 | eps_w2=3.728845e-03
[step   472500] t/d= 945.000 | task1=1.766196e-01 | task2=6.502841e-03 | F1=1.699034e-01 | m1²=0.002117 | m2²=0.999837 | eps_w1=2.086490e+00 | eps_w2=3.722605e-03
[step   472750] t/d= 945.500 | task1=1.766485e-01 | task2=6.502715e-03 | F1=1.699323e-01 | m1²=0.002124 | m2²=0.999835 | eps_w1=2.086714e+00 | eps_w2=3.715024e-03
[step   473000] t/d= 946.000 | task1=1.766333e-01 | task2=6.504297e-03 | F1=1.699171e-01 | m1²=0.002120 | m2²=0.999835 | eps_w1=2.086470e+00 | eps_w2=3.728126e-03
[step   473250] t/d= 946.500 | task1=1.766257e-01 | task2=6.504264e-03 | F1=1.699095e-01 | m1²=0.002124 | m2²=0.999836 | eps_w1=2.086261e+00 | eps_w2=3.737019e-03
[step   473500] t/d= 947.000 | task1=1.765955e-01 | task2=6.506385e-03 | F1=1.698793e-01 | m1²=0.002121 | m2²=0.999836 | eps_w1=2.085875e+00 | eps_w2=3.755118e-03
[step   473750] t/d= 947.500 | task1=1.765960e-01 | task2=6.504640e-03 | F1=1.698798e-01 | m1²=0.002136 | m2²=0.999836 | eps_w1=2.085789e+00 | eps_w2=3.758001e-03
[step   474000] t/d= 948.000 | task1=1.765965e-01 | task2=6.505513e-03 | F1=1.698803e-01 | m1²=0.002130 | m2²=0.999835 | eps_w1=2.085775e+00 | eps_w2=3.761977e-03
[step   474250] t/d= 948.500 | task1=1.766082e-01 | task2=6.506923e-03 | F1=1.698919e-01 | m1²=0.002131 | m2²=0.999834 | eps_w1=2.086052e+00 | eps_w2=3.750494e-03
[step   474500] t/d= 949.000 | task1=1.766124e-01 | task2=6.508110e-03 | F1=1.698962e-01 | m1²=0.002136 | m2²=0.999834 | eps_w1=2.086229e+00 | eps_w2=3.740961e-03
[step   474750] t/d= 949.500 | task1=1.765873e-01 | task2=6.508358e-03 | F1=1.698711e-01 | m1²=0.002137 | m2²=0.999832 | eps_w1=2.085767e+00 | eps_w2=3.767179e-03
[step   475000] t/d= 950.000 | task1=1.765990e-01 | task2=6.507379e-03 | F1=1.698828e-01 | m1²=0.002139 | m2²=0.999835 | eps_w1=2.086122e+00 | eps_w2=3.743305e-03
[step   475250] t/d= 950.500 | task1=1.765943e-01 | task2=6.507345e-03 | F1=1.698781e-01 | m1²=0.002146 | m2²=0.999834 | eps_w1=2.086263e+00 | eps_w2=3.737351e-03
[step   475500] t/d= 951.000 | task1=1.765997e-01 | task2=6.505985e-03 | F1=1.698835e-01 | m1²=0.002154 | m2²=0.999836 | eps_w1=2.086325e+00 | eps_w2=3.730117e-03
[step   475750] t/d= 951.500 | task1=1.766126e-01 | task2=6.503642e-03 | F1=1.698963e-01 | m1²=0.002153 | m2²=0.999835 | eps_w1=2.086303e+00 | eps_w2=3.733085e-03
[step   476000] t/d= 952.000 | task1=1.766367e-01 | task2=6.503180e-03 | F1=1.699204e-01 | m1²=0.002151 | m2²=0.999837 | eps_w1=2.086509e+00 | eps_w2=3.719103e-03
[step   476250] t/d= 952.500 | task1=1.766658e-01 | task2=6.503349e-03 | F1=1.699496e-01 | m1²=0.002151 | m2²=0.999839 | eps_w1=2.086895e+00 | eps_w2=3.696354e-03
[step   476500] t/d= 953.000 | task1=1.766915e-01 | task2=6.501886e-03 | F1=1.699752e-01 | m1²=0.002148 | m2²=0.999839 | eps_w1=2.087313e+00 | eps_w2=3.675885e-03
[step   476750] t/d= 953.500 | task1=1.767038e-01 | task2=6.503179e-03 | F1=1.699876e-01 | m1²=0.002154 | m2²=0.999838 | eps_w1=2.087575e+00 | eps_w2=3.663415e-03
[step   477000] t/d= 954.000 | task1=1.766944e-01 | task2=6.505059e-03 | F1=1.699782e-01 | m1²=0.002152 | m2²=0.999837 | eps_w1=2.087352e+00 | eps_w2=3.676262e-03
[step   477250] t/d= 954.500 | task1=1.767214e-01 | task2=6.503756e-03 | F1=1.700051e-01 | m1²=0.002157 | m2²=0.999835 | eps_w1=2.087701e+00 | eps_w2=3.661917e-03
[step   477500] t/d= 955.000 | task1=1.767441e-01 | task2=6.503424e-03 | F1=1.700279e-01 | m1²=0.002150 | m2²=0.999838 | eps_w1=2.088159e+00 | eps_w2=3.634959e-03
[step   477750] t/d= 955.500 | task1=1.767358e-01 | task2=6.503430e-03 | F1=1.700196e-01 | m1²=0.002147 | m2²=0.999837 | eps_w1=2.088032e+00 | eps_w2=3.643759e-03
[step   478000] t/d= 956.000 | task1=1.767391e-01 | task2=6.502586e-03 | F1=1.700229e-01 | m1²=0.002144 | m2²=0.999838 | eps_w1=2.088011e+00 | eps_w2=3.643159e-03
[step   478250] t/d= 956.500 | task1=1.767452e-01 | task2=6.501111e-03 | F1=1.700290e-01 | m1²=0.002137 | m2²=0.999841 | eps_w1=2.088017e+00 | eps_w2=3.637339e-03
[step   478500] t/d= 957.000 | task1=1.767497e-01 | task2=6.502310e-03 | F1=1.700335e-01 | m1²=0.002137 | m2²=0.999841 | eps_w1=2.087978e+00 | eps_w2=3.639135e-03
[step   478750] t/d= 957.500 | task1=1.767734e-01 | task2=6.501524e-03 | F1=1.700571e-01 | m1²=0.002134 | m2²=0.999839 | eps_w1=2.088190e+00 | eps_w2=3.633588e-03
[step   479000] t/d= 958.000 | task1=1.767794e-01 | task2=6.500999e-03 | F1=1.700632e-01 | m1²=0.002139 | m2²=0.999837 | eps_w1=2.088317e+00 | eps_w2=3.629342e-03
[step   479250] t/d= 958.500 | task1=1.767610e-01 | task2=6.500774e-03 | F1=1.700447e-01 | m1²=0.002138 | m2²=0.999836 | eps_w1=2.088072e+00 | eps_w2=3.643311e-03
[step   479500] t/d= 959.000 | task1=1.768016e-01 | task2=6.501067e-03 | F1=1.700853e-01 | m1²=0.002141 | m2²=0.999834 | eps_w1=2.088653e+00 | eps_w2=3.618850e-03
[step   479750] t/d= 959.500 | task1=1.767860e-01 | task2=6.502507e-03 | F1=1.700698e-01 | m1²=0.002146 | m2²=0.999832 | eps_w1=2.088504e+00 | eps_w2=3.629331e-03
[step   480000] t/d= 960.000 | task1=1.768019e-01 | task2=6.502811e-03 | F1=1.700857e-01 | m1²=0.002149 | m2²=0.999831 | eps_w1=2.088752e+00 | eps_w2=3.618947e-03
[step   480250] t/d= 960.500 | task1=1.768062e-01 | task2=6.501908e-03 | F1=1.700900e-01 | m1²=0.002149 | m2²=0.999831 | eps_w1=2.088811e+00 | eps_w2=3.614746e-03
[step   480500] t/d= 961.000 | task1=1.768171e-01 | task2=6.502364e-03 | F1=1.701009e-01 | m1²=0.002141 | m2²=0.999832 | eps_w1=2.089015e+00 | eps_w2=3.605336e-03
[step   480750] t/d= 961.500 | task1=1.768232e-01 | task2=6.501475e-03 | F1=1.701069e-01 | m1²=0.002144 | m2²=0.999834 | eps_w1=2.089095e+00 | eps_w2=3.596560e-03
[step   481000] t/d= 962.000 | task1=1.768600e-01 | task2=6.501194e-03 | F1=1.701438e-01 | m1²=0.002140 | m2²=0.999835 | eps_w1=2.089389e+00 | eps_w2=3.580653e-03
[step   481250] t/d= 962.500 | task1=1.768700e-01 | task2=6.500751e-03 | F1=1.701538e-01 | m1²=0.002141 | m2²=0.999838 | eps_w1=2.089615e+00 | eps_w2=3.563809e-03
[step   481500] t/d= 963.000 | task1=1.768821e-01 | task2=6.501156e-03 | F1=1.701659e-01 | m1²=0.002139 | m2²=0.999840 | eps_w1=2.089824e+00 | eps_w2=3.549688e-03
[step   481750] t/d= 963.500 | task1=1.768737e-01 | task2=6.501398e-03 | F1=1.701575e-01 | m1²=0.002134 | m2²=0.999841 | eps_w1=2.089849e+00 | eps_w2=3.546515e-03
[step   482000] t/d= 964.000 | task1=1.768496e-01 | task2=6.501386e-03 | F1=1.701334e-01 | m1²=0.002135 | m2²=0.999843 | eps_w1=2.089317e+00 | eps_w2=3.569107e-03
[step   482250] t/d= 964.500 | task1=1.768639e-01 | task2=6.500971e-03 | F1=1.701477e-01 | m1²=0.002124 | m2²=0.999846 | eps_w1=2.089604e+00 | eps_w2=3.551283e-03
[step   482500] t/d= 965.000 | task1=1.768782e-01 | task2=6.501520e-03 | F1=1.701620e-01 | m1²=0.002125 | m2²=0.999845 | eps_w1=2.089659e+00 | eps_w2=3.549661e-03
[step   482750] t/d= 965.500 | task1=1.768380e-01 | task2=6.502756e-03 | F1=1.701218e-01 | m1²=0.002128 | m2²=0.999845 | eps_w1=2.089010e+00 | eps_w2=3.581621e-03
[step   483000] t/d= 966.000 | task1=1.768168e-01 | task2=6.502103e-03 | F1=1.701006e-01 | m1²=0.002131 | m2²=0.999844 | eps_w1=2.088652e+00 | eps_w2=3.600415e-03
[step   483250] t/d= 966.500 | task1=1.767997e-01 | task2=6.504110e-03 | F1=1.700834e-01 | m1²=0.002121 | m2²=0.999844 | eps_w1=2.088349e+00 | eps_w2=3.617526e-03
[step   483500] t/d= 967.000 | task1=1.768090e-01 | task2=6.501993e-03 | F1=1.700927e-01 | m1²=0.002128 | m2²=0.999843 | eps_w1=2.088353e+00 | eps_w2=3.617928e-03
[step   483750] t/d= 967.500 | task1=1.768376e-01 | task2=6.502337e-03 | F1=1.701214e-01 | m1²=0.002124 | m2²=0.999845 | eps_w1=2.088893e+00 | eps_w2=3.587166e-03
[step   484000] t/d= 968.000 | task1=1.768404e-01 | task2=6.504815e-03 | F1=1.701242e-01 | m1²=0.002122 | m2²=0.999844 | eps_w1=2.088681e+00 | eps_w2=3.600912e-03
[step   484250] t/d= 968.500 | task1=1.768833e-01 | task2=6.504994e-03 | F1=1.701671e-01 | m1²=0.002120 | m2²=0.999845 | eps_w1=2.089527e+00 | eps_w2=3.556800e-03
[step   484500] t/d= 969.000 | task1=1.768526e-01 | task2=6.507834e-03 | F1=1.701364e-01 | m1²=0.002129 | m2²=0.999844 | eps_w1=2.089106e+00 | eps_w2=3.578034e-03
[step   484750] t/d= 969.500 | task1=1.768409e-01 | task2=6.505835e-03 | F1=1.701247e-01 | m1²=0.002136 | m2²=0.999845 | eps_w1=2.088874e+00 | eps_w2=3.588129e-03
[step   485000] t/d= 970.000 | task1=1.768350e-01 | task2=6.506510e-03 | F1=1.701188e-01 | m1²=0.002138 | m2²=0.999846 | eps_w1=2.088834e+00 | eps_w2=3.586598e-03
[step   485250] t/d= 970.500 | task1=1.768172e-01 | task2=6.504804e-03 | F1=1.701010e-01 | m1²=0.002133 | m2²=0.999848 | eps_w1=2.088543e+00 | eps_w2=3.597875e-03
[step   485500] t/d= 971.000 | task1=1.768240e-01 | task2=6.505591e-03 | F1=1.701078e-01 | m1²=0.002143 | m2²=0.999848 | eps_w1=2.088711e+00 | eps_w2=3.589904e-03
[step   485750] t/d= 971.500 | task1=1.768315e-01 | task2=6.507822e-03 | F1=1.701153e-01 | m1²=0.002145 | m2²=0.999845 | eps_w1=2.089022e+00 | eps_w2=3.579254e-03
[step   486000] t/d= 972.000 | task1=1.768193e-01 | task2=6.507255e-03 | F1=1.701031e-01 | m1²=0.002141 | m2²=0.999846 | eps_w1=2.088907e+00 | eps_w2=3.583084e-03
[step   486250] t/d= 972.500 | task1=1.768326e-01 | task2=6.505882e-03 | F1=1.701163e-01 | m1²=0.002141 | m2²=0.999848 | eps_w1=2.089011e+00 | eps_w2=3.574592e-03
[step   486500] t/d= 973.000 | task1=1.768318e-01 | task2=6.504609e-03 | F1=1.701156e-01 | m1²=0.002139 | m2²=0.999847 | eps_w1=2.088797e+00 | eps_w2=3.587997e-03
[step   486750] t/d= 973.500 | task1=1.768422e-01 | task2=6.506107e-03 | F1=1.701260e-01 | m1²=0.002141 | m2²=0.999845 | eps_w1=2.089075e+00 | eps_w2=3.577059e-03
[step   487000] t/d= 974.000 | task1=1.768422e-01 | task2=6.503460e-03 | F1=1.701259e-01 | m1²=0.002140 | m2²=0.999844 | eps_w1=2.089127e+00 | eps_w2=3.575972e-03
[step   487250] t/d= 974.500 | task1=1.768547e-01 | task2=6.504084e-03 | F1=1.701385e-01 | m1²=0.002145 | m2²=0.999841 | eps_w1=2.089534e+00 | eps_w2=3.561090e-03
[step   487500] t/d= 975.000 | task1=1.768498e-01 | task2=6.503328e-03 | F1=1.701336e-01 | m1²=0.002141 | m2²=0.999843 | eps_w1=2.089310e+00 | eps_w2=3.569071e-03
[step   487750] t/d= 975.500 | task1=1.768697e-01 | task2=6.501034e-03 | F1=1.701534e-01 | m1²=0.002130 | m2²=0.999843 | eps_w1=2.089529e+00 | eps_w2=3.559490e-03
[step   488000] t/d= 976.000 | task1=1.768615e-01 | task2=6.499286e-03 | F1=1.701452e-01 | m1²=0.002130 | m2²=0.999843 | eps_w1=2.089415e+00 | eps_w2=3.565131e-03
[step   488250] t/d= 976.500 | task1=1.768565e-01 | task2=6.501561e-03 | F1=1.701402e-01 | m1²=0.002137 | m2²=0.999844 | eps_w1=2.089112e+00 | eps_w2=3.576847e-03
[step   488500] t/d= 977.000 | task1=1.768635e-01 | task2=6.501891e-03 | F1=1.701473e-01 | m1²=0.002140 | m2²=0.999843 | eps_w1=2.089234e+00 | eps_w2=3.572108e-03
[step   488750] t/d= 977.500 | task1=1.768751e-01 | task2=6.500814e-03 | F1=1.701589e-01 | m1²=0.002142 | m2²=0.999842 | eps_w1=2.089394e+00 | eps_w2=3.567328e-03
[step   489000] t/d= 978.000 | task1=1.768740e-01 | task2=6.500875e-03 | F1=1.701577e-01 | m1²=0.002139 | m2²=0.999843 | eps_w1=2.089374e+00 | eps_w2=3.566478e-03
[step   489250] t/d= 978.500 | task1=1.768492e-01 | task2=6.501856e-03 | F1=1.701330e-01 | m1²=0.002145 | m2²=0.999843 | eps_w1=2.089114e+00 | eps_w2=3.577620e-03
[step   489500] t/d= 979.000 | task1=1.768228e-01 | task2=6.502113e-03 | F1=1.701065e-01 | m1²=0.002141 | m2²=0.999841 | eps_w1=2.088883e+00 | eps_w2=3.593541e-03
[step   489750] t/d= 979.500 | task1=1.768459e-01 | task2=6.501793e-03 | F1=1.701297e-01 | m1²=0.002144 | m2²=0.999842 | eps_w1=2.089132e+00 | eps_w2=3.579756e-03
[step   490000] t/d= 980.000 | task1=1.768673e-01 | task2=6.503397e-03 | F1=1.701511e-01 | m1²=0.002141 | m2²=0.999841 | eps_w1=2.089197e+00 | eps_w2=3.577929e-03
[step   490250] t/d= 980.500 | task1=1.768571e-01 | task2=6.502726e-03 | F1=1.701409e-01 | m1²=0.002142 | m2²=0.999839 | eps_w1=2.089178e+00 | eps_w2=3.583581e-03
[step   490500] t/d= 981.000 | task1=1.768595e-01 | task2=6.503536e-03 | F1=1.701433e-01 | m1²=0.002135 | m2²=0.999840 | eps_w1=2.088945e+00 | eps_w2=3.594046e-03
[step   490750] t/d= 981.500 | task1=1.768587e-01 | task2=6.505643e-03 | F1=1.701425e-01 | m1²=0.002133 | m2²=0.999839 | eps_w1=2.088942e+00 | eps_w2=3.596415e-03
[step   491000] t/d= 982.000 | task1=1.768389e-01 | task2=6.506840e-03 | F1=1.701227e-01 | m1²=0.002135 | m2²=0.999838 | eps_w1=2.088452e+00 | eps_w2=3.620870e-03
[step   491250] t/d= 982.500 | task1=1.768272e-01 | task2=6.506438e-03 | F1=1.701110e-01 | m1²=0.002137 | m2²=0.999838 | eps_w1=2.088326e+00 | eps_w2=3.626983e-03
[step   491500] t/d= 983.000 | task1=1.768083e-01 | task2=6.505691e-03 | F1=1.700920e-01 | m1²=0.002135 | m2²=0.999839 | eps_w1=2.088017e+00 | eps_w2=3.642221e-03
[step   491750] t/d= 983.500 | task1=1.767772e-01 | task2=6.506084e-03 | F1=1.700610e-01 | m1²=0.002143 | m2²=0.999837 | eps_w1=2.087740e+00 | eps_w2=3.658948e-03
[step   492000] t/d= 984.000 | task1=1.767741e-01 | task2=6.504099e-03 | F1=1.700578e-01 | m1²=0.002136 | m2²=0.999837 | eps_w1=2.087834e+00 | eps_w2=3.654783e-03
[step   492250] t/d= 984.500 | task1=1.767639e-01 | task2=6.504150e-03 | F1=1.700477e-01 | m1²=0.002131 | m2²=0.999835 | eps_w1=2.087670e+00 | eps_w2=3.666216e-03
[step   492500] t/d= 985.000 | task1=1.767474e-01 | task2=6.502729e-03 | F1=1.700312e-01 | m1²=0.002132 | m2²=0.999837 | eps_w1=2.087426e+00 | eps_w2=3.674304e-03
[step   492750] t/d= 985.500 | task1=1.767556e-01 | task2=6.504517e-03 | F1=1.700394e-01 | m1²=0.002132 | m2²=0.999839 | eps_w1=2.087594e+00 | eps_w2=3.662885e-03
[step   493000] t/d= 986.000 | task1=1.767432e-01 | task2=6.508247e-03 | F1=1.700269e-01 | m1²=0.002128 | m2²=0.999839 | eps_w1=2.087559e+00 | eps_w2=3.664697e-03
[step   493250] t/d= 986.500 | task1=1.767368e-01 | task2=6.507762e-03 | F1=1.700206e-01 | m1²=0.002133 | m2²=0.999841 | eps_w1=2.087331e+00 | eps_w2=3.671840e-03
[step   493500] t/d= 987.000 | task1=1.767548e-01 | task2=6.505453e-03 | F1=1.700386e-01 | m1²=0.002130 | m2²=0.999843 | eps_w1=2.087648e+00 | eps_w2=3.653164e-03
[step   493750] t/d= 987.500 | task1=1.767606e-01 | task2=6.505704e-03 | F1=1.700443e-01 | m1²=0.002122 | m2²=0.999840 | eps_w1=2.087724e+00 | eps_w2=3.654642e-03
[step   494000] t/d= 988.000 | task1=1.767382e-01 | task2=6.505860e-03 | F1=1.700220e-01 | m1²=0.002128 | m2²=0.999840 | eps_w1=2.087534e+00 | eps_w2=3.663569e-03
[step   494250] t/d= 988.500 | task1=1.767656e-01 | task2=6.506801e-03 | F1=1.700493e-01 | m1²=0.002119 | m2²=0.999840 | eps_w1=2.087739e+00 | eps_w2=3.655254e-03
[step   494500] t/d= 989.000 | task1=1.767367e-01 | task2=6.505873e-03 | F1=1.700205e-01 | m1²=0.002115 | m2²=0.999841 | eps_w1=2.087269e+00 | eps_w2=3.677550e-03
[step   494750] t/d= 989.500 | task1=1.767177e-01 | task2=6.505760e-03 | F1=1.700015e-01 | m1²=0.002115 | m2²=0.999839 | eps_w1=2.086851e+00 | eps_w2=3.701520e-03
[step   495000] t/d= 990.000 | task1=1.767034e-01 | task2=6.505888e-03 | F1=1.699871e-01 | m1²=0.002119 | m2²=0.999839 | eps_w1=2.086832e+00 | eps_w2=3.701725e-03
[step   495250] t/d= 990.500 | task1=1.767234e-01 | task2=6.508187e-03 | F1=1.700072e-01 | m1²=0.002117 | m2²=0.999837 | eps_w1=2.086959e+00 | eps_w2=3.699376e-03
[step   495500] t/d= 991.000 | task1=1.767387e-01 | task2=6.507653e-03 | F1=1.700224e-01 | m1²=0.002115 | m2²=0.999835 | eps_w1=2.087220e+00 | eps_w2=3.690354e-03
[step   495750] t/d= 991.500 | task1=1.767117e-01 | task2=6.508741e-03 | F1=1.699955e-01 | m1²=0.002127 | m2²=0.999836 | eps_w1=2.086722e+00 | eps_w2=3.713479e-03
[step   496000] t/d= 992.000 | task1=1.767329e-01 | task2=6.509996e-03 | F1=1.700167e-01 | m1²=0.002135 | m2²=0.999833 | eps_w1=2.087152e+00 | eps_w2=3.695107e-03
[step   496250] t/d= 992.500 | task1=1.767242e-01 | task2=6.509753e-03 | F1=1.700079e-01 | m1²=0.002133 | m2²=0.999831 | eps_w1=2.087076e+00 | eps_w2=3.703531e-03
[step   496500] t/d= 993.000 | task1=1.767155e-01 | task2=6.508890e-03 | F1=1.699992e-01 | m1²=0.002129 | m2²=0.999831 | eps_w1=2.086802e+00 | eps_w2=3.717999e-03
[step   496750] t/d= 993.500 | task1=1.767296e-01 | task2=6.508700e-03 | F1=1.700133e-01 | m1²=0.002129 | m2²=0.999830 | eps_w1=2.086901e+00 | eps_w2=3.715385e-03
[step   497000] t/d= 994.000 | task1=1.767264e-01 | task2=6.509355e-03 | F1=1.700101e-01 | m1²=0.002116 | m2²=0.999831 | eps_w1=2.086891e+00 | eps_w2=3.714851e-03
[step   497250] t/d= 994.500 | task1=1.767279e-01 | task2=6.506353e-03 | F1=1.700117e-01 | m1²=0.002130 | m2²=0.999831 | eps_w1=2.086959e+00 | eps_w2=3.710220e-03
[step   497500] t/d= 995.000 | task1=1.767200e-01 | task2=6.509143e-03 | F1=1.700038e-01 | m1²=0.002138 | m2²=0.999832 | eps_w1=2.087008e+00 | eps_w2=3.704184e-03
[step   497750] t/d= 995.500 | task1=1.767338e-01 | task2=6.507293e-03 | F1=1.700176e-01 | m1²=0.002141 | m2²=0.999834 | eps_w1=2.087348e+00 | eps_w2=3.682967e-03
[step   498000] t/d= 996.000 | task1=1.767264e-01 | task2=6.508050e-03 | F1=1.700101e-01 | m1²=0.002148 | m2²=0.999835 | eps_w1=2.087371e+00 | eps_w2=3.680310e-03
[step   498250] t/d= 996.500 | task1=1.767229e-01 | task2=6.507062e-03 | F1=1.700066e-01 | m1²=0.002141 | m2²=0.999836 | eps_w1=2.087201e+00 | eps_w2=3.687892e-03
[step   498500] t/d= 997.000 | task1=1.767337e-01 | task2=6.505504e-03 | F1=1.700175e-01 | m1²=0.002140 | m2²=0.999835 | eps_w1=2.087407e+00 | eps_w2=3.678047e-03
[step   498750] t/d= 997.500 | task1=1.767477e-01 | task2=6.505242e-03 | F1=1.700314e-01 | m1²=0.002149 | m2²=0.999835 | eps_w1=2.087645e+00 | eps_w2=3.666322e-03
[step   499000] t/d= 998.000 | task1=1.767653e-01 | task2=6.504103e-03 | F1=1.700491e-01 | m1²=0.002149 | m2²=0.999835 | eps_w1=2.087849e+00 | eps_w2=3.656490e-03
[step   499250] t/d= 998.500 | task1=1.767727e-01 | task2=6.505208e-03 | F1=1.700564e-01 | m1²=0.002147 | m2²=0.999835 | eps_w1=2.087961e+00 | eps_w2=3.651131e-03
[step   499500] t/d= 999.000 | task1=1.767698e-01 | task2=6.506298e-03 | F1=1.700535e-01 | m1²=0.002144 | m2²=0.999836 | eps_w1=2.087950e+00 | eps_w2=3.649218e-03
[step   499750] t/d= 999.500 | task1=1.767719e-01 | task2=6.505230e-03 | F1=1.700557e-01 | m1²=0.002152 | m2²=0.999837 | eps_w1=2.087874e+00 | eps_w2=3.651449e-03
[step   500000] t/d=1000.000 | task1=1.767637e-01 | task2=6.504414e-03 | F1=1.700474e-01 | m1²=0.002151 | m2²=0.999838 | eps_w1=2.087764e+00 | eps_w2=3.655179e-03
Saved checkpoint: results/quality_pretraining/finetunetask2_d500_T5/prestep_10000000_task1step_250000_lr0p01_task1wseed21_task1sgdseed22_task2sgdseed42/checkpoints/step_000500000

Task-2 fine-tuning completed.
Metrics: results/quality_pretraining/finetunetask2_d500_T5/prestep_10000000_task1step_250000_lr0p01_task1wseed21_task1sgdseed22_task2sgdseed42/metrics.csv

======================================================
Task-2 fine-tuning finished
======================================================
