
======================================================
Task-1 fine-tuning
======================================================
Pretraining run:   results/quality_pretraining/scaling_d500_T5
Pretraining step:  1250000
Target FT steps:   500000
Learning rate:     0.01
w init scale:      1.0
======================================================

Mon Oct  5 14:43:28 2026       
+---------------------------------------------------------------------------------------+
| NVIDIA-SMI 535.154.05             Driver Version: 535.154.05   CUDA Version: 12.2     |
|-----------------------------------------+----------------------+----------------------+
| GPU  Name                 Persistence-M | Bus-Id        Disp.A | Volatile Uncorr. ECC |
| Fan  Temp   Perf          Pwr:Usage/Cap |         Memory-Usage | GPU-Util  Compute M. |
|                                         |                      |               MIG M. |
|=========================================+======================+======================|
|   0  Tesla V100-PCIE-32GB           On  | 00000000:D8:00.0 Off |                  Off |
| N/A   33C    P0              23W / 250W |      0MiB / 32768MiB |      0%      Default |
|                                         |                      |                  N/A |
+-----------------------------------------+----------------------+----------------------+
                                                                                         
+---------------------------------------------------------------------------------------+
| Processes:                                                                            |
|  GPU   GI   CI        PID   Type   Process name                            GPU Memory |
|        ID   ID                                                             Usage      |
|=======================================================================================|
|  No running processes found                                                           |
+---------------------------------------------------------------------------------------+

==============================================
Task-1 fine-tuning
==============================================
source pretrain : /home/busato/catastrophic_forgetting/quality_pretraining/results/quality_pretraining/scaling_d500_T5
pretrain step   : 1,250,000
pretrain t/d²   : 5.000000
d               : 500
T               : 5
device          : cuda
lr              : 0.01
w init scale    : 1.0
target steps    : 500,000
target t/d      : 1000.000
eval every late : 250
checkpoints     : [250, 500, 1000, 2500, 5000, 10000, 25000, 50000, 100000, 250000, 500000]
run directory   : results/quality_pretraining/finetunetask1_d500_T5/prestep_1250000_lr0p01_init1_wseed21_sgdseed22

[step 0] task1=2.939781e-01 | |m1|=0.020270 | m1²=0.000411 | ||w||²/d=0.954499 | eps_adapter=2.062555e+00
[step       25] t/d=  0.050 | task1=2.938826e-01 | |m1|=0.020332 | m1²=0.000413 | ||w||²/d=0.953735 | eps_adapter=2.060847e+00 | residual_overlap=0.007032
[step       50] t/d=  0.100 | task1=2.937604e-01 | |m1|=0.020336 | m1²=0.000414 | ||w||²/d=0.952723 | eps_adapter=2.058596e+00 | residual_overlap=0.007051
[step       75] t/d=  0.150 | task1=2.936546e-01 | |m1|=0.020354 | m1²=0.000414 | ||w||²/d=0.951761 | eps_adapter=2.056458e+00 | residual_overlap=0.007062
[step      100] t/d=  0.200 | task1=2.935496e-01 | |m1|=0.020228 | m1²=0.000409 | ||w||²/d=0.950799 | eps_adapter=2.054333e+00 | residual_overlap=0.007060
[step      125] t/d=  0.250 | task1=2.934298e-01 | |m1|=0.020376 | m1²=0.000415 | ||w||²/d=0.949657 | eps_adapter=2.051789e+00 | residual_overlap=0.007052
[step      150] t/d=  0.300 | task1=2.933383e-01 | |m1|=0.020475 | m1²=0.000419 | ||w||²/d=0.948790 | eps_adapter=2.049860e+00 | residual_overlap=0.007051
[step      175] t/d=  0.350 | task1=2.932588e-01 | |m1|=0.020656 | m1²=0.000427 | ||w||²/d=0.948060 | eps_adapter=2.048229e+00 | residual_overlap=0.007061
[step      200] t/d=  0.400 | task1=2.931254e-01 | |m1|=0.020582 | m1²=0.000424 | ||w||²/d=0.946717 | eps_adapter=2.045267e+00 | residual_overlap=0.007057
[step      225] t/d=  0.450 | task1=2.929791e-01 | |m1|=0.020507 | m1²=0.000421 | ||w||²/d=0.945292 | eps_adapter=2.042127e+00 | residual_overlap=0.007068
[step      250] t/d=  0.500 | task1=2.928989e-01 | |m1|=0.020494 | m1²=0.000420 | ||w||²/d=0.944431 | eps_adapter=2.040229e+00 | residual_overlap=0.007064
Saved checkpoint: results/quality_pretraining/finetunetask1_d500_T5/prestep_1250000_lr0p01_init1_wseed21_sgdseed22/checkpoints/step_000000250
[step      275] t/d=  0.550 | task1=2.928206e-01 | |m1|=0.020393 | m1²=0.000416 | ||w||²/d=0.943588 | eps_adapter=2.038381e+00 | residual_overlap=0.007064
[step      300] t/d=  0.600 | task1=2.927389e-01 | |m1|=0.020440 | m1²=0.000418 | ||w||²/d=0.942924 | eps_adapter=2.036915e+00 | residual_overlap=0.007053
[step      325] t/d=  0.650 | task1=2.926343e-01 | |m1|=0.020533 | m1²=0.000422 | ||w||²/d=0.942008 | eps_adapter=2.034894e+00 | residual_overlap=0.007064
[step      350] t/d=  0.700 | task1=2.925077e-01 | |m1|=0.020581 | m1²=0.000424 | ||w||²/d=0.940992 | eps_adapter=2.032657e+00 | residual_overlap=0.007076
[step      375] t/d=  0.750 | task1=2.924270e-01 | |m1|=0.020506 | m1²=0.000420 | ||w||²/d=0.940243 | eps_adapter=2.031020e+00 | residual_overlap=0.007089
[step      400] t/d=  0.800 | task1=2.922847e-01 | |m1|=0.020469 | m1²=0.000419 | ||w||²/d=0.938791 | eps_adapter=2.027841e+00 | residual_overlap=0.007084
[step      425] t/d=  0.850 | task1=2.921489e-01 | |m1|=0.020499 | m1²=0.000420 | ||w||²/d=0.937578 | eps_adapter=2.025181e+00 | residual_overlap=0.007079
[step      450] t/d=  0.900 | task1=2.920402e-01 | |m1|=0.020537 | m1²=0.000422 | ||w||²/d=0.936719 | eps_adapter=2.023299e+00 | residual_overlap=0.007088
[step      475] t/d=  0.950 | task1=2.919284e-01 | |m1|=0.020584 | m1²=0.000424 | ||w||²/d=0.935474 | eps_adapter=2.020577e+00 | residual_overlap=0.007081
[step      500] t/d=  1.000 | task1=2.918479e-01 | |m1|=0.020702 | m1²=0.000429 | ||w||²/d=0.934598 | eps_adapter=2.018656e+00 | residual_overlap=0.007079
Saved checkpoint: results/quality_pretraining/finetunetask1_d500_T5/prestep_1250000_lr0p01_init1_wseed21_sgdseed22/checkpoints/step_000000500
[step      525] t/d=  1.050 | task1=2.917670e-01 | |m1|=0.020716 | m1²=0.000429 | ||w||²/d=0.933714 | eps_adapter=2.016728e+00 | residual_overlap=0.007092
[step      550] t/d=  1.100 | task1=2.916375e-01 | |m1|=0.020770 | m1²=0.000431 | ||w||²/d=0.932458 | eps_adapter=2.013988e+00 | residual_overlap=0.007093
[step      575] t/d=  1.150 | task1=2.915360e-01 | |m1|=0.020885 | m1²=0.000436 | ||w||²/d=0.931609 | eps_adapter=2.012132e+00 | residual_overlap=0.007101
[step      600] t/d=  1.200 | task1=2.914214e-01 | |m1|=0.020982 | m1²=0.000440 | ||w||²/d=0.930703 | eps_adapter=2.010155e+00 | residual_overlap=0.007108
[step      625] t/d=  1.250 | task1=2.913092e-01 | |m1|=0.020946 | m1²=0.000439 | ||w||²/d=0.929627 | eps_adapter=2.007823e+00 | residual_overlap=0.007107
[step      650] t/d=  1.300 | task1=2.911638e-01 | |m1|=0.020963 | m1²=0.000439 | ||w||²/d=0.928382 | eps_adapter=2.005123e+00 | residual_overlap=0.007113
[step      675] t/d=  1.350 | task1=2.910434e-01 | |m1|=0.020974 | m1²=0.000440 | ||w||²/d=0.927332 | eps_adapter=2.002849e+00 | residual_overlap=0.007144
[step      700] t/d=  1.400 | task1=2.909385e-01 | |m1|=0.021102 | m1²=0.000445 | ||w||²/d=0.926279 | eps_adapter=2.000560e+00 | residual_overlap=0.007143
[step      725] t/d=  1.450 | task1=2.908171e-01 | |m1|=0.021118 | m1²=0.000446 | ||w||²/d=0.925127 | eps_adapter=1.998072e+00 | residual_overlap=0.007138
[step      750] t/d=  1.500 | task1=2.907163e-01 | |m1|=0.021034 | m1²=0.000442 | ||w||²/d=0.924072 | eps_adapter=1.995801e+00 | residual_overlap=0.007134
[step      775] t/d=  1.550 | task1=2.906178e-01 | |m1|=0.020972 | m1²=0.000440 | ||w||²/d=0.923087 | eps_adapter=1.993683e+00 | residual_overlap=0.007129
[step      800] t/d=  1.600 | task1=2.905359e-01 | |m1|=0.021187 | m1²=0.000449 | ||w||²/d=0.922259 | eps_adapter=1.991885e+00 | residual_overlap=0.007115
[step      825] t/d=  1.650 | task1=2.904054e-01 | |m1|=0.021230 | m1²=0.000451 | ||w||²/d=0.921122 | eps_adapter=1.989435e+00 | residual_overlap=0.007113
[step      850] t/d=  1.700 | task1=2.903200e-01 | |m1|=0.021310 | m1²=0.000454 | ||w||²/d=0.920351 | eps_adapter=1.987771e+00 | residual_overlap=0.007117
[step      875] t/d=  1.750 | task1=2.902286e-01 | |m1|=0.021307 | m1²=0.000454 | ||w||²/d=0.919581 | eps_adapter=1.986120e+00 | residual_overlap=0.007135
[step      900] t/d=  1.800 | task1=2.901325e-01 | |m1|=0.021296 | m1²=0.000454 | ||w||²/d=0.918726 | eps_adapter=1.984285e+00 | residual_overlap=0.007136
[step      925] t/d=  1.850 | task1=2.900293e-01 | |m1|=0.021254 | m1²=0.000452 | ||w||²/d=0.917780 | eps_adapter=1.982263e+00 | residual_overlap=0.007125
[step      950] t/d=  1.900 | task1=2.899528e-01 | |m1|=0.021239 | m1²=0.000451 | ||w||²/d=0.917138 | eps_adapter=1.980890e+00 | residual_overlap=0.007128
[step      975] t/d=  1.950 | task1=2.898925e-01 | |m1|=0.021316 | m1²=0.000454 | ||w||²/d=0.916379 | eps_adapter=1.979261e+00 | residual_overlap=0.007138
[step     1000] t/d=  2.000 | task1=2.897998e-01 | |m1|=0.021360 | m1²=0.000456 | ||w||²/d=0.915436 | eps_adapter=1.977240e+00 | residual_overlap=0.007144
Saved checkpoint: results/quality_pretraining/finetunetask1_d500_T5/prestep_1250000_lr0p01_init1_wseed21_sgdseed22/checkpoints/step_000001000
[step     1025] t/d=  2.050 | task1=2.897152e-01 | |m1|=0.021352 | m1²=0.000456 | ||w||²/d=0.914532 | eps_adapter=1.975312e+00 | residual_overlap=0.007155
[step     1050] t/d=  2.100 | task1=2.896106e-01 | |m1|=0.021213 | m1²=0.000450 | ||w||²/d=0.913586 | eps_adapter=1.973305e+00 | residual_overlap=0.007161
[step     1075] t/d=  2.150 | task1=2.894782e-01 | |m1|=0.021206 | m1²=0.000450 | ||w||²/d=0.912449 | eps_adapter=1.970883e+00 | residual_overlap=0.007171
[step     1100] t/d=  2.200 | task1=2.893400e-01 | |m1|=0.021098 | m1²=0.000445 | ||w||²/d=0.911066 | eps_adapter=1.967951e+00 | residual_overlap=0.007172
[step     1125] t/d=  2.250 | task1=2.892546e-01 | |m1|=0.021137 | m1²=0.000447 | ||w||²/d=0.910237 | eps_adapter=1.966185e+00 | residual_overlap=0.007168
[step     1150] t/d=  2.300 | task1=2.891923e-01 | |m1|=0.021081 | m1²=0.000444 | ||w||²/d=0.909575 | eps_adapter=1.964784e+00 | residual_overlap=0.007179
[step     1175] t/d=  2.350 | task1=2.891029e-01 | |m1|=0.021019 | m1²=0.000442 | ||w||²/d=0.908770 | eps_adapter=1.963082e+00 | residual_overlap=0.007196
[step     1200] t/d=  2.400 | task1=2.889876e-01 | |m1|=0.021107 | m1²=0.000446 | ||w||²/d=0.907602 | eps_adapter=1.960600e+00 | residual_overlap=0.007192
[step     1225] t/d=  2.450 | task1=2.888507e-01 | |m1|=0.021103 | m1²=0.000445 | ||w||²/d=0.906267 | eps_adapter=1.957775e+00 | residual_overlap=0.007176
[step     1250] t/d=  2.500 | task1=2.887454e-01 | |m1|=0.021024 | m1²=0.000442 | ||w||²/d=0.905220 | eps_adapter=1.955569e+00 | residual_overlap=0.007183
[step     1275] t/d=  2.550 | task1=2.886633e-01 | |m1|=0.021221 | m1²=0.000450 | ||w||²/d=0.904297 | eps_adapter=1.953604e+00 | residual_overlap=0.007203
[step     1300] t/d=  2.600 | task1=2.885788e-01 | |m1|=0.021072 | m1²=0.000444 | ||w||²/d=0.903482 | eps_adapter=1.951898e+00 | residual_overlap=0.007223
[step     1325] t/d=  2.650 | task1=2.884594e-01 | |m1|=0.021187 | m1²=0.000449 | ||w||²/d=0.902399 | eps_adapter=1.949606e+00 | residual_overlap=0.007227
[step     1350] t/d=  2.700 | task1=2.883690e-01 | |m1|=0.021164 | m1²=0.000448 | ||w||²/d=0.901378 | eps_adapter=1.947460e+00 | residual_overlap=0.007238
[step     1375] t/d=  2.750 | task1=2.882645e-01 | |m1|=0.021285 | m1²=0.000453 | ||w||²/d=0.900200 | eps_adapter=1.944973e+00 | residual_overlap=0.007258
[step     1400] t/d=  2.800 | task1=2.881541e-01 | |m1|=0.021236 | m1²=0.000451 | ||w||²/d=0.899282 | eps_adapter=1.943051e+00 | residual_overlap=0.007268
[step     1425] t/d=  2.850 | task1=2.880437e-01 | |m1|=0.021355 | m1²=0.000456 | ||w||²/d=0.898405 | eps_adapter=1.941201e+00 | residual_overlap=0.007288
[step     1450] t/d=  2.900 | task1=2.879055e-01 | |m1|=0.021434 | m1²=0.000459 | ||w||²/d=0.897225 | eps_adapter=1.938723e+00 | residual_overlap=0.007297
[step     1475] t/d=  2.950 | task1=2.877753e-01 | |m1|=0.021384 | m1²=0.000457 | ||w||²/d=0.896159 | eps_adapter=1.936497e+00 | residual_overlap=0.007296
[step     1500] t/d=  3.000 | task1=2.876931e-01 | |m1|=0.021515 | m1²=0.000463 | ||w||²/d=0.895411 | eps_adapter=1.934922e+00 | residual_overlap=0.007297
[step     1525] t/d=  3.050 | task1=2.876278e-01 | |m1|=0.021468 | m1²=0.000461 | ||w||²/d=0.894631 | eps_adapter=1.933296e+00 | residual_overlap=0.007284
[step     1550] t/d=  3.100 | task1=2.875170e-01 | |m1|=0.021409 | m1²=0.000458 | ||w||²/d=0.893492 | eps_adapter=1.930927e+00 | residual_overlap=0.007287
[step     1575] t/d=  3.150 | task1=2.873790e-01 | |m1|=0.021383 | m1²=0.000457 | ||w||²/d=0.892359 | eps_adapter=1.928568e+00 | residual_overlap=0.007307
[step     1600] t/d=  3.200 | task1=2.872521e-01 | |m1|=0.021313 | m1²=0.000454 | ||w||²/d=0.891317 | eps_adapter=1.926405e+00 | residual_overlap=0.007288
[step     1625] t/d=  3.250 | task1=2.871773e-01 | |m1|=0.021481 | m1²=0.000461 | ||w||²/d=0.890528 | eps_adapter=1.924752e+00 | residual_overlap=0.007283
[step     1650] t/d=  3.300 | task1=2.870451e-01 | |m1|=0.021608 | m1²=0.000467 | ||w||²/d=0.889282 | eps_adapter=1.922153e+00 | residual_overlap=0.007281
[step     1675] t/d=  3.350 | task1=2.869493e-01 | |m1|=0.021781 | m1²=0.000474 | ||w||²/d=0.888295 | eps_adapter=1.920091e+00 | residual_overlap=0.007296
[step     1700] t/d=  3.400 | task1=2.868541e-01 | |m1|=0.021859 | m1²=0.000478 | ||w||²/d=0.887454 | eps_adapter=1.918343e+00 | residual_overlap=0.007286
[step     1725] t/d=  3.450 | task1=2.867435e-01 | |m1|=0.021796 | m1²=0.000475 | ||w||²/d=0.886497 | eps_adapter=1.916368e+00 | residual_overlap=0.007283
[step     1750] t/d=  3.500 | task1=2.866429e-01 | |m1|=0.021735 | m1²=0.000472 | ||w||²/d=0.885425 | eps_adapter=1.914158e+00 | residual_overlap=0.007292
[step     1775] t/d=  3.550 | task1=2.865032e-01 | |m1|=0.021722 | m1²=0.000472 | ||w||²/d=0.884236 | eps_adapter=1.911703e+00 | residual_overlap=0.007311
[step     1800] t/d=  3.600 | task1=2.863638e-01 | |m1|=0.021823 | m1²=0.000476 | ||w||²/d=0.882955 | eps_adapter=1.909054e+00 | residual_overlap=0.007326
[step     1825] t/d=  3.650 | task1=2.862718e-01 | |m1|=0.021931 | m1²=0.000481 | ||w||²/d=0.881891 | eps_adapter=1.906854e+00 | residual_overlap=0.007323
[step     1850] t/d=  3.700 | task1=2.861766e-01 | |m1|=0.022012 | m1²=0.000485 | ||w||²/d=0.880823 | eps_adapter=1.904651e+00 | residual_overlap=0.007330
[step     1875] t/d=  3.750 | task1=2.860894e-01 | |m1|=0.021955 | m1²=0.000482 | ||w||²/d=0.879948 | eps_adapter=1.902859e+00 | residual_overlap=0.007342
[step     1900] t/d=  3.800 | task1=2.860092e-01 | |m1|=0.022123 | m1²=0.000489 | ||w||²/d=0.879266 | eps_adapter=1.901446e+00 | residual_overlap=0.007347
[step     1925] t/d=  3.850 | task1=2.859364e-01 | |m1|=0.022058 | m1²=0.000487 | ||w||²/d=0.878498 | eps_adapter=1.899875e+00 | residual_overlap=0.007359
[step     1950] t/d=  3.900 | task1=2.858172e-01 | |m1|=0.021964 | m1²=0.000482 | ||w||²/d=0.877340 | eps_adapter=1.897511e+00 | residual_overlap=0.007360
[step     1975] t/d=  3.950 | task1=2.857557e-01 | |m1|=0.022038 | m1²=0.000486 | ||w||²/d=0.876681 | eps_adapter=1.896156e+00 | residual_overlap=0.007371
[step     2000] t/d=  4.000 | task1=2.857012e-01 | |m1|=0.022058 | m1²=0.000487 | ||w||²/d=0.876102 | eps_adapter=1.894972e+00 | residual_overlap=0.007379
[step     2025] t/d=  4.050 | task1=2.856167e-01 | |m1|=0.022139 | m1²=0.000490 | ||w||²/d=0.875130 | eps_adapter=1.892978e+00 | residual_overlap=0.007378
[step     2050] t/d=  4.100 | task1=2.855257e-01 | |m1|=0.021927 | m1²=0.000481 | ||w||²/d=0.874074 | eps_adapter=1.890842e+00 | residual_overlap=0.007387
[step     2075] t/d=  4.150 | task1=2.854419e-01 | |m1|=0.022007 | m1²=0.000484 | ||w||²/d=0.873190 | eps_adapter=1.889033e+00 | residual_overlap=0.007371
[step     2100] t/d=  4.200 | task1=2.853135e-01 | |m1|=0.021960 | m1²=0.000482 | ||w||²/d=0.872145 | eps_adapter=1.886910e+00 | residual_overlap=0.007370
[step     2125] t/d=  4.250 | task1=2.852568e-01 | |m1|=0.021943 | m1²=0.000481 | ||w||²/d=0.871406 | eps_adapter=1.885406e+00 | residual_overlap=0.007383
[step     2150] t/d=  4.300 | task1=2.851790e-01 | |m1|=0.021892 | m1²=0.000479 | ||w||²/d=0.870658 | eps_adapter=1.883892e+00 | residual_overlap=0.007382
[step     2175] t/d=  4.350 | task1=2.850773e-01 | |m1|=0.021820 | m1²=0.000476 | ||w||²/d=0.869413 | eps_adapter=1.881370e+00 | residual_overlap=0.007390
[step     2200] t/d=  4.400 | task1=2.849841e-01 | |m1|=0.021807 | m1²=0.000476 | ||w||²/d=0.868676 | eps_adapter=1.879876e+00 | residual_overlap=0.007397
[step     2225] t/d=  4.450 | task1=2.848570e-01 | |m1|=0.021882 | m1²=0.000479 | ||w||²/d=0.867452 | eps_adapter=1.877392e+00 | residual_overlap=0.007412
[step     2250] t/d=  4.500 | task1=2.847727e-01 | |m1|=0.021925 | m1²=0.000481 | ||w||²/d=0.866632 | eps_adapter=1.875728e+00 | residual_overlap=0.007401
[step     2275] t/d=  4.550 | task1=2.846602e-01 | |m1|=0.021950 | m1²=0.000482 | ||w||²/d=0.865730 | eps_adapter=1.873904e+00 | residual_overlap=0.007410
[step     2300] t/d=  4.600 | task1=2.845998e-01 | |m1|=0.021990 | m1²=0.000484 | ||w||²/d=0.865032 | eps_adapter=1.872492e+00 | residual_overlap=0.007410
[step     2325] t/d=  4.650 | task1=2.844612e-01 | |m1|=0.021967 | m1²=0.000483 | ||w||²/d=0.863837 | eps_adapter=1.870083e+00 | residual_overlap=0.007428
[step     2350] t/d=  4.700 | task1=2.843414e-01 | |m1|=0.021958 | m1²=0.000482 | ||w||²/d=0.862655 | eps_adapter=1.867702e+00 | residual_overlap=0.007429
[step     2375] t/d=  4.750 | task1=2.842332e-01 | |m1|=0.021840 | m1²=0.000477 | ||w||²/d=0.861715 | eps_adapter=1.865822e+00 | residual_overlap=0.007429
[step     2400] t/d=  4.800 | task1=2.841730e-01 | |m1|=0.021871 | m1²=0.000478 | ||w||²/d=0.860903 | eps_adapter=1.864187e+00 | residual_overlap=0.007436
[step     2425] t/d=  4.850 | task1=2.840558e-01 | |m1|=0.021769 | m1²=0.000474 | ||w||²/d=0.859808 | eps_adapter=1.861998e+00 | residual_overlap=0.007447
[step     2450] t/d=  4.900 | task1=2.839687e-01 | |m1|=0.021728 | m1²=0.000472 | ||w||²/d=0.858857 | eps_adapter=1.860094e+00 | residual_overlap=0.007450
[step     2475] t/d=  4.950 | task1=2.838658e-01 | |m1|=0.021861 | m1²=0.000478 | ||w||²/d=0.857794 | eps_adapter=1.857954e+00 | residual_overlap=0.007464
[step     2500] t/d=  5.000 | task1=2.837443e-01 | |m1|=0.021747 | m1²=0.000473 | ||w||²/d=0.856598 | eps_adapter=1.855571e+00 | residual_overlap=0.007466
Saved checkpoint: results/quality_pretraining/finetunetask1_d500_T5/prestep_1250000_lr0p01_init1_wseed21_sgdseed22/checkpoints/step_000002500
[step     2600] t/d=  5.200 | task1=2.834584e-01 | |m1|=0.021934 | m1²=0.000481 | ||w||²/d=0.853957 | eps_adapter=1.850287e+00 | residual_overlap=0.007463
[step     2700] t/d=  5.400 | task1=2.830552e-01 | |m1|=0.021987 | m1²=0.000483 | ||w||²/d=0.849895 | eps_adapter=1.842208e+00 | residual_overlap=0.007461
[step     2800] t/d=  5.600 | task1=2.826949e-01 | |m1|=0.021766 | m1²=0.000474 | ||w||²/d=0.846445 | eps_adapter=1.835398e+00 | residual_overlap=0.007463
[step     2900] t/d=  5.800 | task1=2.824138e-01 | |m1|=0.021599 | m1²=0.000467 | ||w||²/d=0.843388 | eps_adapter=1.829385e+00 | residual_overlap=0.007452
[step     3000] t/d=  6.000 | task1=2.821285e-01 | |m1|=0.021738 | m1²=0.000473 | ||w||²/d=0.840076 | eps_adapter=1.822870e+00 | residual_overlap=0.007444
[step     3100] t/d=  6.200 | task1=2.817825e-01 | |m1|=0.021950 | m1²=0.000482 | ||w||²/d=0.836114 | eps_adapter=1.815105e+00 | residual_overlap=0.007480
[step     3200] t/d=  6.400 | task1=2.814242e-01 | |m1|=0.022094 | m1²=0.000488 | ||w||²/d=0.832398 | eps_adapter=1.807862e+00 | residual_overlap=0.007501
[step     3300] t/d=  6.600 | task1=2.811128e-01 | |m1|=0.022188 | m1²=0.000492 | ||w||²/d=0.829307 | eps_adapter=1.801861e+00 | residual_overlap=0.007492
[step     3400] t/d=  6.800 | task1=2.806871e-01 | |m1|=0.022314 | m1²=0.000498 | ||w||²/d=0.824953 | eps_adapter=1.793450e+00 | residual_overlap=0.007523
[step     3500] t/d=  7.000 | task1=2.804180e-01 | |m1|=0.022419 | m1²=0.000503 | ||w||²/d=0.821799 | eps_adapter=1.787383e+00 | residual_overlap=0.007529
[step     3600] t/d=  7.200 | task1=2.800747e-01 | |m1|=0.022357 | m1²=0.000500 | ||w||²/d=0.818443 | eps_adapter=1.780967e+00 | residual_overlap=0.007526
[step     3700] t/d=  7.400 | task1=2.796777e-01 | |m1|=0.022501 | m1²=0.000506 | ||w||²/d=0.814741 | eps_adapter=1.773902e+00 | residual_overlap=0.007572
[step     3800] t/d=  7.600 | task1=2.793106e-01 | |m1|=0.022576 | m1²=0.000510 | ||w||²/d=0.810788 | eps_adapter=1.766399e+00 | residual_overlap=0.007609
[step     3900] t/d=  7.800 | task1=2.789328e-01 | |m1|=0.022519 | m1²=0.000507 | ||w||²/d=0.806768 | eps_adapter=1.758820e+00 | residual_overlap=0.007624
[step     4000] t/d=  8.000 | task1=2.784993e-01 | |m1|=0.022309 | m1²=0.000498 | ||w||²/d=0.802560 | eps_adapter=1.750936e+00 | residual_overlap=0.007668
[step     4100] t/d=  8.200 | task1=2.780862e-01 | |m1|=0.022403 | m1²=0.000502 | ||w||²/d=0.798346 | eps_adapter=1.743059e+00 | residual_overlap=0.007676
[step     4200] t/d=  8.400 | task1=2.777025e-01 | |m1|=0.022416 | m1²=0.000502 | ||w||²/d=0.794465 | eps_adapter=1.735847e+00 | residual_overlap=0.007687
[step     4300] t/d=  8.600 | task1=2.773655e-01 | |m1|=0.022536 | m1²=0.000508 | ||w||²/d=0.790818 | eps_adapter=1.729092e+00 | residual_overlap=0.007655
[step     4400] t/d=  8.800 | task1=2.770132e-01 | |m1|=0.022691 | m1²=0.000515 | ||w||²/d=0.787073 | eps_adapter=1.722188e+00 | residual_overlap=0.007660
[step     4500] t/d=  9.000 | task1=2.767405e-01 | |m1|=0.022874 | m1²=0.000523 | ||w||²/d=0.783844 | eps_adapter=1.716256e+00 | residual_overlap=0.007674
[step     4600] t/d=  9.200 | task1=2.763947e-01 | |m1|=0.022478 | m1²=0.000505 | ||w||²/d=0.780424 | eps_adapter=1.710047e+00 | residual_overlap=0.007689
[step     4700] t/d=  9.400 | task1=2.760756e-01 | |m1|=0.023062 | m1²=0.000532 | ||w||²/d=0.777237 | eps_adapter=1.704212e+00 | residual_overlap=0.007703
[step     4800] t/d=  9.600 | task1=2.757749e-01 | |m1|=0.022830 | m1²=0.000521 | ||w||²/d=0.773785 | eps_adapter=1.697983e+00 | residual_overlap=0.007716
[step     4900] t/d=  9.800 | task1=2.754299e-01 | |m1|=0.023105 | m1²=0.000534 | ||w||²/d=0.770558 | eps_adapter=1.692150e+00 | residual_overlap=0.007794
[step     5000] t/d= 10.000 | task1=2.751015e-01 | |m1|=0.022892 | m1²=0.000524 | ||w||²/d=0.767202 | eps_adapter=1.686146e+00 | residual_overlap=0.007809
Saved checkpoint: results/quality_pretraining/finetunetask1_d500_T5/prestep_1250000_lr0p01_init1_wseed21_sgdseed22/checkpoints/step_000005000
[step     5100] t/d= 10.200 | task1=2.748225e-01 | |m1|=0.023121 | m1²=0.000535 | ||w||²/d=0.763946 | eps_adapter=1.680314e+00 | residual_overlap=0.007841
[step     5200] t/d= 10.400 | task1=2.744489e-01 | |m1|=0.023195 | m1²=0.000538 | ||w||²/d=0.760004 | eps_adapter=1.673300e+00 | residual_overlap=0.007881
[step     5300] t/d= 10.600 | task1=2.741380e-01 | |m1|=0.023208 | m1²=0.000539 | ||w||²/d=0.756726 | eps_adapter=1.667499e+00 | residual_overlap=0.007903
[step     5400] t/d= 10.800 | task1=2.738123e-01 | |m1|=0.023153 | m1²=0.000536 | ||w||²/d=0.753274 | eps_adapter=1.661424e+00 | residual_overlap=0.007925
[step     5500] t/d= 11.000 | task1=2.735687e-01 | |m1|=0.023340 | m1²=0.000545 | ||w||²/d=0.750594 | eps_adapter=1.656709e+00 | residual_overlap=0.007944
[step     5600] t/d= 11.200 | task1=2.732657e-01 | |m1|=0.023072 | m1²=0.000532 | ||w||²/d=0.747504 | eps_adapter=1.651330e+00 | residual_overlap=0.007966
[step     5700] t/d= 11.400 | task1=2.729844e-01 | |m1|=0.023229 | m1²=0.000540 | ||w||²/d=0.744316 | eps_adapter=1.645771e+00 | residual_overlap=0.007972
[step     5800] t/d= 11.600 | task1=2.726607e-01 | |m1|=0.023500 | m1²=0.000552 | ||w||²/d=0.741032 | eps_adapter=1.640060e+00 | residual_overlap=0.008009
[step     5900] t/d= 11.800 | task1=2.723880e-01 | |m1|=0.023530 | m1²=0.000554 | ||w||²/d=0.738150 | eps_adapter=1.635086e+00 | residual_overlap=0.008039
[step     6000] t/d= 12.000 | task1=2.721122e-01 | |m1|=0.023366 | m1²=0.000546 | ||w||²/d=0.735239 | eps_adapter=1.630096e+00 | residual_overlap=0.008053
[step     6100] t/d= 12.200 | task1=2.717796e-01 | |m1|=0.023397 | m1²=0.000547 | ||w||²/d=0.731820 | eps_adapter=1.624242e+00 | residual_overlap=0.008043
[step     6200] t/d= 12.400 | task1=2.715234e-01 | |m1|=0.023535 | m1²=0.000554 | ||w||²/d=0.729198 | eps_adapter=1.619763e+00 | residual_overlap=0.008062
[step     6300] t/d= 12.600 | task1=2.712443e-01 | |m1|=0.023493 | m1²=0.000552 | ||w||²/d=0.726430 | eps_adapter=1.615068e+00 | residual_overlap=0.008073
[step     6400] t/d= 12.800 | task1=2.709246e-01 | |m1|=0.023626 | m1²=0.000558 | ||w||²/d=0.723312 | eps_adapter=1.609785e+00 | residual_overlap=0.008073
[step     6500] t/d= 13.000 | task1=2.706607e-01 | |m1|=0.023608 | m1²=0.000557 | ||w||²/d=0.720522 | eps_adapter=1.605088e+00 | residual_overlap=0.008075
[step     6600] t/d= 13.200 | task1=2.703895e-01 | |m1|=0.023605 | m1²=0.000557 | ||w||²/d=0.717277 | eps_adapter=1.599647e+00 | residual_overlap=0.008119
[step     6700] t/d= 13.400 | task1=2.701173e-01 | |m1|=0.023554 | m1²=0.000555 | ||w||²/d=0.714419 | eps_adapter=1.594878e+00 | residual_overlap=0.008152
[step     6800] t/d= 13.600 | task1=2.698419e-01 | |m1|=0.023431 | m1²=0.000549 | ||w||²/d=0.711541 | eps_adapter=1.590100e+00 | residual_overlap=0.008167
[step     6900] t/d= 13.800 | task1=2.695619e-01 | |m1|=0.023215 | m1²=0.000539 | ||w||²/d=0.708836 | eps_adapter=1.585634e+00 | residual_overlap=0.008171
[step     7000] t/d= 14.000 | task1=2.692858e-01 | |m1|=0.023310 | m1²=0.000543 | ||w||²/d=0.705797 | eps_adapter=1.580613e+00 | residual_overlap=0.008179
[step     7100] t/d= 14.200 | task1=2.690738e-01 | |m1|=0.023470 | m1²=0.000551 | ||w||²/d=0.703382 | eps_adapter=1.576631e+00 | residual_overlap=0.008217
[step     7200] t/d= 14.400 | task1=2.688443e-01 | |m1|=0.023564 | m1²=0.000555 | ||w||²/d=0.700954 | eps_adapter=1.572649e+00 | residual_overlap=0.008244
[step     7300] t/d= 14.600 | task1=2.685883e-01 | |m1|=0.023480 | m1²=0.000551 | ||w||²/d=0.698569 | eps_adapter=1.568762e+00 | residual_overlap=0.008248
[step     7400] t/d= 14.800 | task1=2.683165e-01 | |m1|=0.023598 | m1²=0.000557 | ||w||²/d=0.695586 | eps_adapter=1.563903e+00 | residual_overlap=0.008247
[step     7500] t/d= 15.000 | task1=2.680328e-01 | |m1|=0.023659 | m1²=0.000560 | ||w||²/d=0.692410 | eps_adapter=1.558757e+00 | residual_overlap=0.008279
[step     7600] t/d= 15.200 | task1=2.677612e-01 | |m1|=0.023653 | m1²=0.000559 | ||w||²/d=0.689776 | eps_adapter=1.554511e+00 | residual_overlap=0.008297
[step     7700] t/d= 15.400 | task1=2.676044e-01 | |m1|=0.023802 | m1²=0.000567 | ||w||²/d=0.687811 | eps_adapter=1.551343e+00 | residual_overlap=0.008323
[step     7800] t/d= 15.600 | task1=2.674046e-01 | |m1|=0.023928 | m1²=0.000573 | ||w||²/d=0.685503 | eps_adapter=1.547637e+00 | residual_overlap=0.008333
[step     7900] t/d= 15.800 | task1=2.672061e-01 | |m1|=0.024125 | m1²=0.000582 | ||w||²/d=0.683413 | eps_adapter=1.544287e+00 | residual_overlap=0.008352
[step     8000] t/d= 16.000 | task1=2.669709e-01 | |m1|=0.024609 | m1²=0.000606 | ||w||²/d=0.680394 | eps_adapter=1.539450e+00 | residual_overlap=0.008381
[step     8100] t/d= 16.200 | task1=2.666981e-01 | |m1|=0.025064 | m1²=0.000628 | ||w||²/d=0.677452 | eps_adapter=1.534759e+00 | residual_overlap=0.008354
[step     8200] t/d= 16.400 | task1=2.664044e-01 | |m1|=0.025341 | m1²=0.000642 | ||w||²/d=0.674172 | eps_adapter=1.529567e+00 | residual_overlap=0.008397
[step     8300] t/d= 16.600 | task1=2.661589e-01 | |m1|=0.025537 | m1²=0.000652 | ||w||²/d=0.671007 | eps_adapter=1.524589e+00 | residual_overlap=0.008373
[step     8400] t/d= 16.800 | task1=2.659068e-01 | |m1|=0.026063 | m1²=0.000679 | ||w||²/d=0.668315 | eps_adapter=1.520345e+00 | residual_overlap=0.008386
[step     8500] t/d= 17.000 | task1=2.656812e-01 | |m1|=0.026066 | m1²=0.000679 | ||w||²/d=0.665808 | eps_adapter=1.516444e+00 | residual_overlap=0.008434
[step     8600] t/d= 17.200 | task1=2.653953e-01 | |m1|=0.026087 | m1²=0.000681 | ||w||²/d=0.662825 | eps_adapter=1.511820e+00 | residual_overlap=0.008458
[step     8700] t/d= 17.400 | task1=2.651935e-01 | |m1|=0.026079 | m1²=0.000680 | ||w||²/d=0.660489 | eps_adapter=1.508217e+00 | residual_overlap=0.008445
[step     8800] t/d= 17.600 | task1=2.649088e-01 | |m1|=0.026152 | m1²=0.000684 | ||w||²/d=0.657385 | eps_adapter=1.503442e+00 | residual_overlap=0.008478
[step     8900] t/d= 17.800 | task1=2.647272e-01 | |m1|=0.026159 | m1²=0.000684 | ||w||²/d=0.655176 | eps_adapter=1.500059e+00 | residual_overlap=0.008497
[step     9000] t/d= 18.000 | task1=2.644641e-01 | |m1|=0.026360 | m1²=0.000695 | ||w||²/d=0.652412 | eps_adapter=1.495830e+00 | residual_overlap=0.008515
[step     9100] t/d= 18.200 | task1=2.642207e-01 | |m1|=0.026018 | m1²=0.000677 | ||w||²/d=0.649577 | eps_adapter=1.491551e+00 | residual_overlap=0.008535
[step     9200] t/d= 18.400 | task1=2.639580e-01 | |m1|=0.025899 | m1²=0.000671 | ||w||²/d=0.646749 | eps_adapter=1.487285e+00 | residual_overlap=0.008571
[step     9300] t/d= 18.600 | task1=2.637579e-01 | |m1|=0.026199 | m1²=0.000686 | ||w||²/d=0.644751 | eps_adapter=1.484255e+00 | residual_overlap=0.008591
[step     9400] t/d= 18.800 | task1=2.635035e-01 | |m1|=0.026410 | m1²=0.000697 | ||w||²/d=0.642072 | eps_adapter=1.480220e+00 | residual_overlap=0.008614
[step     9500] t/d= 19.000 | task1=2.632618e-01 | |m1|=0.026469 | m1²=0.000701 | ||w||²/d=0.639337 | eps_adapter=1.476129e+00 | residual_overlap=0.008634
[step     9600] t/d= 19.200 | task1=2.630354e-01 | |m1|=0.026423 | m1²=0.000698 | ||w||²/d=0.636977 | eps_adapter=1.472619e+00 | residual_overlap=0.008646
[step     9700] t/d= 19.400 | task1=2.628250e-01 | |m1|=0.026339 | m1²=0.000694 | ||w||²/d=0.634511 | eps_adapter=1.468969e+00 | residual_overlap=0.008653
[step     9800] t/d= 19.600 | task1=2.625039e-01 | |m1|=0.026407 | m1²=0.000697 | ||w||²/d=0.631256 | eps_adapter=1.464160e+00 | residual_overlap=0.008682
[step     9900] t/d= 19.800 | task1=2.622096e-01 | |m1|=0.026405 | m1²=0.000697 | ||w||²/d=0.628356 | eps_adapter=1.459901e+00 | residual_overlap=0.008709
[step    10000] t/d= 20.000 | task1=2.620383e-01 | |m1|=0.026487 | m1²=0.000702 | ||w||²/d=0.626368 | eps_adapter=1.456987e+00 | residual_overlap=0.008693
Saved checkpoint: results/quality_pretraining/finetunetask1_d500_T5/prestep_1250000_lr0p01_init1_wseed21_sgdseed22/checkpoints/step_000010000
[step    10250] t/d= 20.500 | task1=2.615010e-01 | |m1|=0.026696 | m1²=0.000713 | ||w||²/d=0.619965 | eps_adapter=1.447668e+00 | residual_overlap=0.008794
[step    10500] t/d= 21.000 | task1=2.609264e-01 | |m1|=0.027660 | m1²=0.000765 | ||w||²/d=0.613839 | eps_adapter=1.438786e+00 | residual_overlap=0.008782
[step    10750] t/d= 21.500 | task1=2.602865e-01 | |m1|=0.027587 | m1²=0.000761 | ||w||²/d=0.607008 | eps_adapter=1.429069e+00 | residual_overlap=0.008838
[step    11000] t/d= 22.000 | task1=2.597164e-01 | |m1|=0.028306 | m1²=0.000801 | ||w||²/d=0.600867 | eps_adapter=1.420368e+00 | residual_overlap=0.008857
[step    11250] t/d= 22.500 | task1=2.591942e-01 | |m1|=0.028600 | m1²=0.000818 | ||w||²/d=0.594957 | eps_adapter=1.412108e+00 | residual_overlap=0.008874
[step    11500] t/d= 23.000 | task1=2.587161e-01 | |m1|=0.028904 | m1²=0.000835 | ||w||²/d=0.589437 | eps_adapter=1.404464e+00 | residual_overlap=0.008888
[step    11750] t/d= 23.500 | task1=2.582933e-01 | |m1|=0.029395 | m1²=0.000864 | ||w||²/d=0.584258 | eps_adapter=1.397343e+00 | residual_overlap=0.008933
[step    12000] t/d= 24.000 | task1=2.578665e-01 | |m1|=0.029615 | m1²=0.000877 | ||w||²/d=0.579253 | eps_adapter=1.390539e+00 | residual_overlap=0.008942
[step    12250] t/d= 24.500 | task1=2.574820e-01 | |m1|=0.029986 | m1²=0.000899 | ||w||²/d=0.574417 | eps_adapter=1.384009e+00 | residual_overlap=0.008959
[step    12500] t/d= 25.000 | task1=2.570350e-01 | |m1|=0.029895 | m1²=0.000894 | ||w||²/d=0.569301 | eps_adapter=1.377195e+00 | residual_overlap=0.009058
[step    12750] t/d= 25.500 | task1=2.566169e-01 | |m1|=0.030342 | m1²=0.000921 | ||w||²/d=0.564817 | eps_adapter=1.371235e+00 | residual_overlap=0.009138
[step    13000] t/d= 26.000 | task1=2.561562e-01 | |m1|=0.030420 | m1²=0.000925 | ||w||²/d=0.559107 | eps_adapter=1.363750e+00 | residual_overlap=0.009200
[step    13250] t/d= 26.500 | task1=2.557187e-01 | |m1|=0.030864 | m1²=0.000953 | ||w||²/d=0.553498 | eps_adapter=1.356446e+00 | residual_overlap=0.009236
[step    13500] t/d= 27.000 | task1=2.553766e-01 | |m1|=0.030605 | m1²=0.000937 | ||w||²/d=0.549087 | eps_adapter=1.350797e+00 | residual_overlap=0.009286
[step    13750] t/d= 27.500 | task1=2.549361e-01 | |m1|=0.030728 | m1²=0.000944 | ||w||²/d=0.543924 | eps_adapter=1.344211e+00 | residual_overlap=0.009349
[step    14000] t/d= 28.000 | task1=2.545362e-01 | |m1|=0.030533 | m1²=0.000932 | ||w||²/d=0.539460 | eps_adapter=1.338590e+00 | residual_overlap=0.009368
[step    14250] t/d= 28.500 | task1=2.541313e-01 | |m1|=0.030584 | m1²=0.000935 | ||w||²/d=0.534614 | eps_adapter=1.332520e+00 | residual_overlap=0.009419
[step    14500] t/d= 29.000 | task1=2.537330e-01 | |m1|=0.030993 | m1²=0.000961 | ||w||²/d=0.529598 | eps_adapter=1.326271e+00 | residual_overlap=0.009504
[step    14750] t/d= 29.500 | task1=2.533507e-01 | |m1|=0.031286 | m1²=0.000979 | ||w||²/d=0.524795 | eps_adapter=1.320349e+00 | residual_overlap=0.009509
[step    15000] t/d= 30.000 | task1=2.529696e-01 | |m1|=0.032187 | m1²=0.001036 | ||w||²/d=0.520269 | eps_adapter=1.314774e+00 | residual_overlap=0.009517
[step    15250] t/d= 30.500 | task1=2.525551e-01 | |m1|=0.032627 | m1²=0.001065 | ||w||²/d=0.515482 | eps_adapter=1.308965e+00 | residual_overlap=0.009580
[step    15500] t/d= 31.000 | task1=2.520813e-01 | |m1|=0.033192 | m1²=0.001102 | ||w||²/d=0.510117 | eps_adapter=1.302515e+00 | residual_overlap=0.009574
[step    15750] t/d= 31.500 | task1=2.517416e-01 | |m1|=0.033577 | m1²=0.001127 | ||w||²/d=0.505650 | eps_adapter=1.297201e+00 | residual_overlap=0.009607
[step    16000] t/d= 32.000 | task1=2.514008e-01 | |m1|=0.033798 | m1²=0.001142 | ||w||²/d=0.501121 | eps_adapter=1.291873e+00 | residual_overlap=0.009576
[step    16250] t/d= 32.500 | task1=2.510517e-01 | |m1|=0.034030 | m1²=0.001158 | ||w||²/d=0.496801 | eps_adapter=1.286835e+00 | residual_overlap=0.009616
[step    16500] t/d= 33.000 | task1=2.506787e-01 | |m1|=0.034687 | m1²=0.001203 | ||w||²/d=0.492132 | eps_adapter=1.281410e+00 | residual_overlap=0.009658
[step    16750] t/d= 33.500 | task1=2.503622e-01 | |m1|=0.034970 | m1²=0.001223 | ||w||²/d=0.487967 | eps_adapter=1.276635e+00 | residual_overlap=0.009675
[step    17000] t/d= 34.000 | task1=2.499750e-01 | |m1|=0.035624 | m1²=0.001269 | ||w||²/d=0.483007 | eps_adapter=1.270979e+00 | residual_overlap=0.009684
[step    17250] t/d= 34.500 | task1=2.496832e-01 | |m1|=0.035492 | m1²=0.001260 | ||w||²/d=0.479330 | eps_adapter=1.266869e+00 | residual_overlap=0.009707
[step    17500] t/d= 35.000 | task1=2.493192e-01 | |m1|=0.035651 | m1²=0.001271 | ||w||²/d=0.474259 | eps_adapter=1.261227e+00 | residual_overlap=0.009757
[step    17750] t/d= 35.500 | task1=2.489790e-01 | |m1|=0.036014 | m1²=0.001297 | ||w||²/d=0.470162 | eps_adapter=1.256695e+00 | residual_overlap=0.009786
[step    18000] t/d= 36.000 | task1=2.487035e-01 | |m1|=0.036330 | m1²=0.001320 | ||w||²/d=0.466542 | eps_adapter=1.252725e+00 | residual_overlap=0.009810
[step    18250] t/d= 36.500 | task1=2.482999e-01 | |m1|=0.037078 | m1²=0.001375 | ||w||²/d=0.461594 | eps_adapter=1.247323e+00 | residual_overlap=0.009829
[step    18500] t/d= 37.000 | task1=2.479921e-01 | |m1|=0.036914 | m1²=0.001363 | ||w||²/d=0.457007 | eps_adapter=1.242431e+00 | residual_overlap=0.009868
[step    18750] t/d= 37.500 | task1=2.477134e-01 | |m1|=0.037781 | m1²=0.001427 | ||w||²/d=0.453480 | eps_adapter=1.238630e+00 | residual_overlap=0.009927
[step    19000] t/d= 38.000 | task1=2.474597e-01 | |m1|=0.038404 | m1²=0.001475 | ||w||²/d=0.449900 | eps_adapter=1.234820e+00 | residual_overlap=0.009973
[step    19250] t/d= 38.500 | task1=2.471882e-01 | |m1|=0.038326 | m1²=0.001469 | ||w||²/d=0.446626 | eps_adapter=1.231410e+00 | residual_overlap=0.010036
[step    19500] t/d= 39.000 | task1=2.468612e-01 | |m1|=0.038922 | m1²=0.001515 | ||w||²/d=0.442473 | eps_adapter=1.227070e+00 | residual_overlap=0.010105
[step    19750] t/d= 39.500 | task1=2.466194e-01 | |m1|=0.039660 | m1²=0.001573 | ||w||²/d=0.439005 | eps_adapter=1.223458e+00 | residual_overlap=0.010153
[step    20000] t/d= 40.000 | task1=2.463496e-01 | |m1|=0.039630 | m1²=0.001571 | ||w||²/d=0.435364 | eps_adapter=1.219757e+00 | residual_overlap=0.010175
[step    20250] t/d= 40.500 | task1=2.460754e-01 | |m1|=0.039506 | m1²=0.001561 | ||w||²/d=0.431770 | eps_adapter=1.216140e+00 | residual_overlap=0.010199
[step    20500] t/d= 41.000 | task1=2.457494e-01 | |m1|=0.039759 | m1²=0.001581 | ||w||²/d=0.427846 | eps_adapter=1.212198e+00 | residual_overlap=0.010295
[step    20750] t/d= 41.500 | task1=2.454032e-01 | |m1|=0.040394 | m1²=0.001632 | ||w||²/d=0.423939 | eps_adapter=1.208280e+00 | residual_overlap=0.010360
[step    21000] t/d= 42.000 | task1=2.450939e-01 | |m1|=0.040637 | m1²=0.001651 | ||w||²/d=0.420161 | eps_adapter=1.204554e+00 | residual_overlap=0.010379
[step    21250] t/d= 42.500 | task1=2.448258e-01 | |m1|=0.041035 | m1²=0.001684 | ||w||²/d=0.416338 | eps_adapter=1.200805e+00 | residual_overlap=0.010423
[step    21500] t/d= 43.000 | task1=2.445470e-01 | |m1|=0.041240 | m1²=0.001701 | ||w||²/d=0.412607 | eps_adapter=1.197194e+00 | residual_overlap=0.010482
[step    21750] t/d= 43.500 | task1=2.443013e-01 | |m1|=0.041157 | m1²=0.001694 | ||w||²/d=0.409043 | eps_adapter=1.193795e+00 | residual_overlap=0.010512
[step    22000] t/d= 44.000 | task1=2.440337e-01 | |m1|=0.041055 | m1²=0.001685 | ||w||²/d=0.405565 | eps_adapter=1.190508e+00 | residual_overlap=0.010568
[step    22250] t/d= 44.500 | task1=2.437665e-01 | |m1|=0.041394 | m1²=0.001713 | ||w||²/d=0.401906 | eps_adapter=1.187049e+00 | residual_overlap=0.010608
[step    22500] t/d= 45.000 | task1=2.435471e-01 | |m1|=0.041331 | m1²=0.001708 | ||w||²/d=0.398913 | eps_adapter=1.184267e+00 | residual_overlap=0.010604
[step    22750] t/d= 45.500 | task1=2.432930e-01 | |m1|=0.041215 | m1²=0.001699 | ||w||²/d=0.395948 | eps_adapter=1.181534e+00 | residual_overlap=0.010668
[step    23000] t/d= 46.000 | task1=2.430642e-01 | |m1|=0.041318 | m1²=0.001707 | ||w||²/d=0.392789 | eps_adapter=1.178631e+00 | residual_overlap=0.010716
[step    23250] t/d= 46.500 | task1=2.427843e-01 | |m1|=0.041016 | m1²=0.001682 | ||w||²/d=0.388486 | eps_adapter=1.174744e+00 | residual_overlap=0.010775
[step    23500] t/d= 47.000 | task1=2.425733e-01 | |m1|=0.041717 | m1²=0.001740 | ||w||²/d=0.385400 | eps_adapter=1.171919e+00 | residual_overlap=0.010778
[step    23750] t/d= 47.500 | task1=2.423737e-01 | |m1|=0.042018 | m1²=0.001766 | ||w||²/d=0.382172 | eps_adapter=1.169018e+00 | residual_overlap=0.010837
[step    24000] t/d= 48.000 | task1=2.421485e-01 | |m1|=0.042482 | m1²=0.001805 | ||w||²/d=0.378741 | eps_adapter=1.165952e+00 | residual_overlap=0.010945
[step    24250] t/d= 48.500 | task1=2.419190e-01 | |m1|=0.042793 | m1²=0.001831 | ||w||²/d=0.375034 | eps_adapter=1.162684e+00 | residual_overlap=0.011007
[step    24500] t/d= 49.000 | task1=2.416844e-01 | |m1|=0.043949 | m1²=0.001932 | ||w||²/d=0.371587 | eps_adapter=1.159613e+00 | residual_overlap=0.011034
[step    24750] t/d= 49.500 | task1=2.414813e-01 | |m1|=0.044490 | m1²=0.001979 | ||w||²/d=0.368520 | eps_adapter=1.156938e+00 | residual_overlap=0.011136
[step    25000] t/d= 50.000 | task1=2.413087e-01 | |m1|=0.045305 | m1²=0.002053 | ||w||²/d=0.366055 | eps_adapter=1.154777e+00 | residual_overlap=0.011169
Saved checkpoint: results/quality_pretraining/finetunetask1_d500_T5/prestep_1250000_lr0p01_init1_wseed21_sgdseed22/checkpoints/step_000025000
[step    25250] t/d= 50.500 | task1=2.411190e-01 | |m1|=0.045604 | m1²=0.002080 | ||w||²/d=0.363274 | eps_adapter=1.152401e+00 | residual_overlap=0.011171
[step    25500] t/d= 51.000 | task1=2.409584e-01 | |m1|=0.045801 | m1²=0.002098 | ||w||²/d=0.360627 | eps_adapter=1.150162e+00 | residual_overlap=0.011265
[step    25750] t/d= 51.500 | task1=2.407337e-01 | |m1|=0.046138 | m1²=0.002129 | ||w||²/d=0.357347 | eps_adapter=1.147405e+00 | residual_overlap=0.011289
[step    26000] t/d= 52.000 | task1=2.405471e-01 | |m1|=0.046826 | m1²=0.002193 | ||w||²/d=0.354363 | eps_adapter=1.144890e+00 | residual_overlap=0.011280
[step    26250] t/d= 52.500 | task1=2.403844e-01 | |m1|=0.047464 | m1²=0.002253 | ||w||²/d=0.351759 | eps_adapter=1.142711e+00 | residual_overlap=0.011347
[step    26500] t/d= 53.000 | task1=2.401823e-01 | |m1|=0.047656 | m1²=0.002271 | ||w||²/d=0.349025 | eps_adapter=1.140474e+00 | residual_overlap=0.011400
[step    26750] t/d= 53.500 | task1=2.399989e-01 | |m1|=0.048853 | m1²=0.002387 | ||w||²/d=0.346305 | eps_adapter=1.138194e+00 | residual_overlap=0.011436
[step    27000] t/d= 54.000 | task1=2.398585e-01 | |m1|=0.049268 | m1²=0.002427 | ||w||²/d=0.343799 | eps_adapter=1.136157e+00 | residual_overlap=0.011433
[step    27250] t/d= 54.500 | task1=2.396653e-01 | |m1|=0.049673 | m1²=0.002467 | ||w||²/d=0.341057 | eps_adapter=1.133950e+00 | residual_overlap=0.011421
[step    27500] t/d= 55.000 | task1=2.395328e-01 | |m1|=0.050638 | m1²=0.002564 | ||w||²/d=0.338802 | eps_adapter=1.132102e+00 | residual_overlap=0.011475
[step    27750] t/d= 55.500 | task1=2.393283e-01 | |m1|=0.051442 | m1²=0.002646 | ||w||²/d=0.336349 | eps_adapter=1.130123e+00 | residual_overlap=0.011555
[step    28000] t/d= 56.000 | task1=2.391872e-01 | |m1|=0.051745 | m1²=0.002678 | ||w||²/d=0.333642 | eps_adapter=1.127999e+00 | residual_overlap=0.011573
[step    28250] t/d= 56.500 | task1=2.390061e-01 | |m1|=0.052600 | m1²=0.002767 | ||w||²/d=0.330725 | eps_adapter=1.125690e+00 | residual_overlap=0.011627
[step    28500] t/d= 57.000 | task1=2.388298e-01 | |m1|=0.053082 | m1²=0.002818 | ||w||²/d=0.328023 | eps_adapter=1.123593e+00 | residual_overlap=0.011678
[step    28750] t/d= 57.500 | task1=2.386362e-01 | |m1|=0.053532 | m1²=0.002866 | ||w||²/d=0.325432 | eps_adapter=1.121599e+00 | residual_overlap=0.011739
[step    29000] t/d= 58.000 | task1=2.385084e-01 | |m1|=0.053156 | m1²=0.002826 | ||w||²/d=0.323327 | eps_adapter=1.120046e+00 | residual_overlap=0.011777
[step    29250] t/d= 58.500 | task1=2.384014e-01 | |m1|=0.053724 | m1²=0.002886 | ||w||²/d=0.321420 | eps_adapter=1.118580e+00 | residual_overlap=0.011834
[step    29500] t/d= 59.000 | task1=2.382808e-01 | |m1|=0.054224 | m1²=0.002940 | ||w||²/d=0.319329 | eps_adapter=1.116992e+00 | residual_overlap=0.011912
[step    29750] t/d= 59.500 | task1=2.381637e-01 | |m1|=0.054847 | m1²=0.003008 | ||w||²/d=0.317093 | eps_adapter=1.115299e+00 | residual_overlap=0.011927
[step    30000] t/d= 60.000 | task1=2.379781e-01 | |m1|=0.055101 | m1²=0.003036 | ||w||²/d=0.314533 | eps_adapter=1.113409e+00 | residual_overlap=0.012011
[step    30250] t/d= 60.500 | task1=2.378591e-01 | |m1|=0.055877 | m1²=0.003122 | ||w||²/d=0.312688 | eps_adapter=1.112012e+00 | residual_overlap=0.012062
[step    30500] t/d= 61.000 | task1=2.377117e-01 | |m1|=0.056095 | m1²=0.003147 | ||w||²/d=0.310634 | eps_adapter=1.110515e+00 | residual_overlap=0.012110
[step    30750] t/d= 61.500 | task1=2.375752e-01 | |m1|=0.056193 | m1²=0.003158 | ||w||²/d=0.308098 | eps_adapter=1.108694e+00 | residual_overlap=0.012144
[step    31000] t/d= 62.000 | task1=2.374211e-01 | |m1|=0.056696 | m1²=0.003214 | ||w||²/d=0.305664 | eps_adapter=1.106929e+00 | residual_overlap=0.012132
[step    31250] t/d= 62.500 | task1=2.372817e-01 | |m1|=0.057076 | m1²=0.003258 | ||w||²/d=0.303476 | eps_adapter=1.105360e+00 | residual_overlap=0.012211
[step    31500] t/d= 63.000 | task1=2.371445e-01 | |m1|=0.057075 | m1²=0.003258 | ||w||²/d=0.301378 | eps_adapter=1.103894e+00 | residual_overlap=0.012253
[step    31750] t/d= 63.500 | task1=2.369932e-01 | |m1|=0.057892 | m1²=0.003352 | ||w||²/d=0.298860 | eps_adapter=1.102087e+00 | residual_overlap=0.012312
[step    32000] t/d= 64.000 | task1=2.368780e-01 | |m1|=0.058958 | m1²=0.003476 | ||w||²/d=0.297020 | eps_adapter=1.100741e+00 | residual_overlap=0.012388
[step    32250] t/d= 64.500 | task1=2.367372e-01 | |m1|=0.059469 | m1²=0.003537 | ||w||²/d=0.294667 | eps_adapter=1.099095e+00 | residual_overlap=0.012478
[step    32500] t/d= 65.000 | task1=2.366234e-01 | |m1|=0.060046 | m1²=0.003605 | ||w||²/d=0.293061 | eps_adapter=1.097962e+00 | residual_overlap=0.012534
[step    32750] t/d= 65.500 | task1=2.365144e-01 | |m1|=0.060338 | m1²=0.003641 | ||w||²/d=0.291274 | eps_adapter=1.096735e+00 | residual_overlap=0.012578
[step    33000] t/d= 66.000 | task1=2.363850e-01 | |m1|=0.061243 | m1²=0.003751 | ||w||²/d=0.288848 | eps_adapter=1.095043e+00 | residual_overlap=0.012609
[step    33250] t/d= 66.500 | task1=2.362646e-01 | |m1|=0.061980 | m1²=0.003841 | ||w||²/d=0.286686 | eps_adapter=1.093552e+00 | residual_overlap=0.012658
[step    33500] t/d= 67.000 | task1=2.361395e-01 | |m1|=0.062077 | m1²=0.003854 | ||w||²/d=0.284573 | eps_adapter=1.092153e+00 | residual_overlap=0.012694
[step    33750] t/d= 67.500 | task1=2.360409e-01 | |m1|=0.062510 | m1²=0.003908 | ||w||²/d=0.282615 | eps_adapter=1.090840e+00 | residual_overlap=0.012764
[step    34000] t/d= 68.000 | task1=2.359240e-01 | |m1|=0.062576 | m1²=0.003916 | ||w||²/d=0.280832 | eps_adapter=1.089677e+00 | residual_overlap=0.012813
[step    34250] t/d= 68.500 | task1=2.358217e-01 | |m1|=0.063393 | m1²=0.004019 | ||w||²/d=0.279171 | eps_adapter=1.088544e+00 | residual_overlap=0.012848
[step    34500] t/d= 69.000 | task1=2.356862e-01 | |m1|=0.063998 | m1²=0.004096 | ||w||²/d=0.277125 | eps_adapter=1.087187e+00 | residual_overlap=0.012905
[step    34750] t/d= 69.500 | task1=2.356131e-01 | |m1|=0.064709 | m1²=0.004187 | ||w||²/d=0.275756 | eps_adapter=1.086261e+00 | residual_overlap=0.012961
[step    35000] t/d= 70.000 | task1=2.354778e-01 | |m1|=0.065622 | m1²=0.004306 | ||w||²/d=0.273575 | eps_adapter=1.084812e+00 | residual_overlap=0.013014
[step    35250] t/d= 70.500 | task1=2.353249e-01 | |m1|=0.066264 | m1²=0.004391 | ||w||²/d=0.271127 | eps_adapter=1.083228e+00 | residual_overlap=0.013061
[step    35500] t/d= 71.000 | task1=2.352336e-01 | |m1|=0.066885 | m1²=0.004474 | ||w||²/d=0.269821 | eps_adapter=1.082368e+00 | residual_overlap=0.013118
[step    35750] t/d= 71.500 | task1=2.351324e-01 | |m1|=0.067568 | m1²=0.004565 | ||w||²/d=0.268177 | eps_adapter=1.081299e+00 | residual_overlap=0.013177
[step    36000] t/d= 72.000 | task1=2.350519e-01 | |m1|=0.068668 | m1²=0.004715 | ||w||²/d=0.266627 | eps_adapter=1.080260e+00 | residual_overlap=0.013273
[step    36250] t/d= 72.500 | task1=2.349399e-01 | |m1|=0.068705 | m1²=0.004720 | ||w||²/d=0.264648 | eps_adapter=1.079050e+00 | residual_overlap=0.013346
[step    36500] t/d= 73.000 | task1=2.348373e-01 | |m1|=0.068938 | m1²=0.004752 | ||w||²/d=0.262818 | eps_adapter=1.077924e+00 | residual_overlap=0.013409
[step    36750] t/d= 73.500 | task1=2.347716e-01 | |m1|=0.069782 | m1²=0.004869 | ||w||²/d=0.261563 | eps_adapter=1.077102e+00 | residual_overlap=0.013463
[step    37000] t/d= 74.000 | task1=2.346951e-01 | |m1|=0.070098 | m1²=0.004914 | ||w||²/d=0.260054 | eps_adapter=1.076175e+00 | residual_overlap=0.013518
[step    37250] t/d= 74.500 | task1=2.346210e-01 | |m1|=0.070997 | m1²=0.005041 | ||w||²/d=0.258406 | eps_adapter=1.075124e+00 | residual_overlap=0.013608
[step    37500] t/d= 75.000 | task1=2.345307e-01 | |m1|=0.071775 | m1²=0.005152 | ||w||²/d=0.256885 | eps_adapter=1.074164e+00 | residual_overlap=0.013627
[step    37750] t/d= 75.500 | task1=2.344439e-01 | |m1|=0.072170 | m1²=0.005208 | ||w||²/d=0.255128 | eps_adapter=1.073103e+00 | residual_overlap=0.013670
[step    38000] t/d= 76.000 | task1=2.343760e-01 | |m1|=0.072223 | m1²=0.005216 | ||w||²/d=0.254115 | eps_adapter=1.072507e+00 | residual_overlap=0.013724
[step    38250] t/d= 76.500 | task1=2.343025e-01 | |m1|=0.071803 | m1²=0.005156 | ||w||²/d=0.252824 | eps_adapter=1.071791e+00 | residual_overlap=0.013785
[step    38500] t/d= 77.000 | task1=2.341999e-01 | |m1|=0.071736 | m1²=0.005146 | ||w||²/d=0.251313 | eps_adapter=1.070924e+00 | residual_overlap=0.013820
[step    38750] t/d= 77.500 | task1=2.341300e-01 | |m1|=0.072710 | m1²=0.005287 | ||w||²/d=0.250145 | eps_adapter=1.070177e+00 | residual_overlap=0.013862
[step    39000] t/d= 78.000 | task1=2.340766e-01 | |m1|=0.073063 | m1²=0.005338 | ||w||²/d=0.249017 | eps_adapter=1.069505e+00 | residual_overlap=0.013935
[step    39250] t/d= 78.500 | task1=2.340280e-01 | |m1|=0.074177 | m1²=0.005502 | ||w||²/d=0.247694 | eps_adapter=1.068666e+00 | residual_overlap=0.013994
[step    39500] t/d= 79.000 | task1=2.339740e-01 | |m1|=0.074504 | m1²=0.005551 | ||w||²/d=0.246080 | eps_adapter=1.067729e+00 | residual_overlap=0.014040
[step    39750] t/d= 79.500 | task1=2.338920e-01 | |m1|=0.074671 | m1²=0.005576 | ||w||²/d=0.244548 | eps_adapter=1.066857e+00 | residual_overlap=0.014096
[step    40000] t/d= 80.000 | task1=2.338013e-01 | |m1|=0.074825 | m1²=0.005599 | ||w||²/d=0.243041 | eps_adapter=1.066005e+00 | residual_overlap=0.014163
[step    40250] t/d= 80.500 | task1=2.337561e-01 | |m1|=0.075469 | m1²=0.005696 | ||w||²/d=0.241968 | eps_adapter=1.065360e+00 | residual_overlap=0.014261
[step    40500] t/d= 81.000 | task1=2.336665e-01 | |m1|=0.075781 | m1²=0.005743 | ||w||²/d=0.240559 | eps_adapter=1.064560e+00 | residual_overlap=0.014302
[step    40750] t/d= 81.500 | task1=2.335784e-01 | |m1|=0.076655 | m1²=0.005876 | ||w||²/d=0.239206 | eps_adapter=1.063750e+00 | residual_overlap=0.014320
[step    41000] t/d= 82.000 | task1=2.335245e-01 | |m1|=0.076882 | m1²=0.005911 | ||w||²/d=0.238160 | eps_adapter=1.063162e+00 | residual_overlap=0.014345
[step    41250] t/d= 82.500 | task1=2.334505e-01 | |m1|=0.077232 | m1²=0.005965 | ||w||²/d=0.236824 | eps_adapter=1.062411e+00 | residual_overlap=0.014397
[step    41500] t/d= 83.000 | task1=2.333663e-01 | |m1|=0.078104 | m1²=0.006100 | ||w||²/d=0.235513 | eps_adapter=1.061636e+00 | residual_overlap=0.014475
[step    41750] t/d= 83.500 | task1=2.332982e-01 | |m1|=0.078594 | m1²=0.006177 | ||w||²/d=0.234220 | eps_adapter=1.060905e+00 | residual_overlap=0.014538
[step    42000] t/d= 84.000 | task1=2.332267e-01 | |m1|=0.078915 | m1²=0.006228 | ||w||²/d=0.232806 | eps_adapter=1.060128e+00 | residual_overlap=0.014615
[step    42250] t/d= 84.500 | task1=2.331624e-01 | |m1|=0.079366 | m1²=0.006299 | ||w||²/d=0.231275 | eps_adapter=1.059284e+00 | residual_overlap=0.014704
[step    42500] t/d= 85.000 | task1=2.331135e-01 | |m1|=0.079989 | m1²=0.006398 | ||w||²/d=0.230376 | eps_adapter=1.058762e+00 | residual_overlap=0.014816
[step    42750] t/d= 85.500 | task1=2.330373e-01 | |m1|=0.081062 | m1²=0.006571 | ||w||²/d=0.229010 | eps_adapter=1.057963e+00 | residual_overlap=0.014841
[step    43000] t/d= 86.000 | task1=2.329743e-01 | |m1|=0.081188 | m1²=0.006591 | ||w||²/d=0.227657 | eps_adapter=1.057251e+00 | residual_overlap=0.014923
[step    43250] t/d= 86.500 | task1=2.329292e-01 | |m1|=0.081713 | m1²=0.006677 | ||w||²/d=0.226602 | eps_adapter=1.056665e+00 | residual_overlap=0.014959
[step    43500] t/d= 87.000 | task1=2.328768e-01 | |m1|=0.082234 | m1²=0.006762 | ||w||²/d=0.225670 | eps_adapter=1.056144e+00 | residual_overlap=0.015033
[step    43750] t/d= 87.500 | task1=2.328546e-01 | |m1|=0.083423 | m1²=0.006959 | ||w||²/d=0.224856 | eps_adapter=1.055633e+00 | residual_overlap=0.015085
[step    44000] t/d= 88.000 | task1=2.327981e-01 | |m1|=0.084094 | m1²=0.007072 | ||w||²/d=0.223548 | eps_adapter=1.054914e+00 | residual_overlap=0.015109
[step    44250] t/d= 88.500 | task1=2.327425e-01 | |m1|=0.085038 | m1²=0.007231 | ||w||²/d=0.222471 | eps_adapter=1.054293e+00 | residual_overlap=0.015136
[step    44500] t/d= 89.000 | task1=2.326817e-01 | |m1|=0.085948 | m1²=0.007387 | ||w||²/d=0.221192 | eps_adapter=1.053576e+00 | residual_overlap=0.015236
[step    44750] t/d= 89.500 | task1=2.326353e-01 | |m1|=0.086710 | m1²=0.007519 | ||w||²/d=0.220217 | eps_adapter=1.053026e+00 | residual_overlap=0.015255
[step    45000] t/d= 90.000 | task1=2.325737e-01 | |m1|=0.087475 | m1²=0.007652 | ||w||²/d=0.219432 | eps_adapter=1.052573e+00 | residual_overlap=0.015362
[step    45250] t/d= 90.500 | task1=2.325178e-01 | |m1|=0.088367 | m1²=0.007809 | ||w||²/d=0.218337 | eps_adapter=1.051958e+00 | residual_overlap=0.015428
[step    45500] t/d= 91.000 | task1=2.324618e-01 | |m1|=0.089571 | m1²=0.008023 | ||w||²/d=0.217037 | eps_adapter=1.051219e+00 | residual_overlap=0.015455
[step    45750] t/d= 91.500 | task1=2.324071e-01 | |m1|=0.090464 | m1²=0.008184 | ||w||²/d=0.215925 | eps_adapter=1.050601e+00 | residual_overlap=0.015526
[step    46000] t/d= 92.000 | task1=2.323666e-01 | |m1|=0.091185 | m1²=0.008315 | ||w||²/d=0.214841 | eps_adapter=1.050014e+00 | residual_overlap=0.015592
[step    46250] t/d= 92.500 | task1=2.323284e-01 | |m1|=0.092122 | m1²=0.008487 | ||w||²/d=0.213927 | eps_adapter=1.049494e+00 | residual_overlap=0.015617
[step    46500] t/d= 93.000 | task1=2.322627e-01 | |m1|=0.092804 | m1²=0.008613 | ||w||²/d=0.212957 | eps_adapter=1.048970e+00 | residual_overlap=0.015683
[step    46750] t/d= 93.500 | task1=2.322082e-01 | |m1|=0.093531 | m1²=0.008748 | ||w||²/d=0.212053 | eps_adapter=1.048477e+00 | residual_overlap=0.015719
[step    47000] t/d= 94.000 | task1=2.321501e-01 | |m1|=0.094548 | m1²=0.008939 | ||w||²/d=0.211177 | eps_adapter=1.047973e+00 | residual_overlap=0.015785
[step    47250] t/d= 94.500 | task1=2.320973e-01 | |m1|=0.095556 | m1²=0.009131 | ||w||²/d=0.210003 | eps_adapter=1.047332e+00 | residual_overlap=0.015837
[step    47500] t/d= 95.000 | task1=2.320623e-01 | |m1|=0.096086 | m1²=0.009233 | ||w||²/d=0.209410 | eps_adapter=1.047007e+00 | residual_overlap=0.015885
[step    47750] t/d= 95.500 | task1=2.320342e-01 | |m1|=0.096786 | m1²=0.009368 | ||w||²/d=0.208546 | eps_adapter=1.046542e+00 | residual_overlap=0.015924
[step    48000] t/d= 96.000 | task1=2.319831e-01 | |m1|=0.097612 | m1²=0.009528 | ||w||²/d=0.207582 | eps_adapter=1.046022e+00 | residual_overlap=0.015955
[step    48250] t/d= 96.500 | task1=2.319487e-01 | |m1|=0.098454 | m1²=0.009693 | ||w||²/d=0.206535 | eps_adapter=1.045463e+00 | residual_overlap=0.015993
[step    48500] t/d= 97.000 | task1=2.319091e-01 | |m1|=0.099280 | m1²=0.009856 | ||w||²/d=0.205484 | eps_adapter=1.044907e+00 | residual_overlap=0.016057
[step    48750] t/d= 97.500 | task1=2.318466e-01 | |m1|=0.100253 | m1²=0.010051 | ||w||²/d=0.204186 | eps_adapter=1.044228e+00 | residual_overlap=0.016111
[step    49000] t/d= 98.000 | task1=2.317868e-01 | |m1|=0.101559 | m1²=0.010314 | ||w||²/d=0.203170 | eps_adapter=1.043652e+00 | residual_overlap=0.016174
[step    49250] t/d= 98.500 | task1=2.317375e-01 | |m1|=0.102504 | m1²=0.010507 | ||w||²/d=0.202209 | eps_adapter=1.043135e+00 | residual_overlap=0.016219
[step    49500] t/d= 99.000 | task1=2.316798e-01 | |m1|=0.103293 | m1²=0.010669 | ||w||²/d=0.200818 | eps_adapter=1.042441e+00 | residual_overlap=0.016321
[step    49750] t/d= 99.500 | task1=2.316357e-01 | |m1|=0.103678 | m1²=0.010749 | ||w||²/d=0.199487 | eps_adapter=1.041816e+00 | residual_overlap=0.016366
[step    50000] t/d=100.000 | task1=2.315748e-01 | |m1|=0.104296 | m1²=0.010878 | ||w||²/d=0.198633 | eps_adapter=1.041384e+00 | residual_overlap=0.016411
Saved checkpoint: results/quality_pretraining/finetunetask1_d500_T5/prestep_1250000_lr0p01_init1_wseed21_sgdseed22/checkpoints/step_000050000
[step    50250] t/d=100.500 | task1=2.315430e-01 | |m1|=0.105453 | m1²=0.011120 | ||w||²/d=0.197358 | eps_adapter=1.040721e+00 | residual_overlap=0.016421
[step    50500] t/d=101.000 | task1=2.315142e-01 | |m1|=0.106718 | m1²=0.011389 | ||w||²/d=0.196694 | eps_adapter=1.040317e+00 | residual_overlap=0.016507
[step    50750] t/d=101.500 | task1=2.314554e-01 | |m1|=0.107767 | m1²=0.011614 | ||w||²/d=0.195774 | eps_adapter=1.039823e+00 | residual_overlap=0.016519
[step    51000] t/d=102.000 | task1=2.314178e-01 | |m1|=0.109247 | m1²=0.011935 | ||w||²/d=0.194880 | eps_adapter=1.039302e+00 | residual_overlap=0.016569
[step    51250] t/d=102.500 | task1=2.313872e-01 | |m1|=0.110241 | m1²=0.012153 | ||w||²/d=0.193960 | eps_adapter=1.038817e+00 | residual_overlap=0.016612
[step    51500] t/d=103.000 | task1=2.313466e-01 | |m1|=0.111069 | m1²=0.012336 | ||w||²/d=0.193085 | eps_adapter=1.038369e+00 | residual_overlap=0.016644
[step    51750] t/d=103.500 | task1=2.312901e-01 | |m1|=0.112654 | m1²=0.012691 | ||w||²/d=0.192314 | eps_adapter=1.037895e+00 | residual_overlap=0.016686
[step    52000] t/d=104.000 | task1=2.312546e-01 | |m1|=0.113542 | m1²=0.012892 | ||w||²/d=0.191387 | eps_adapter=1.037422e+00 | residual_overlap=0.016750
[step    52250] t/d=104.500 | task1=2.312227e-01 | |m1|=0.113908 | m1²=0.012975 | ||w||²/d=0.190528 | eps_adapter=1.037029e+00 | residual_overlap=0.016806
[step    52500] t/d=105.000 | task1=2.311949e-01 | |m1|=0.115092 | m1²=0.013246 | ||w||²/d=0.189838 | eps_adapter=1.036631e+00 | residual_overlap=0.016812
[step    52750] t/d=105.500 | task1=2.311573e-01 | |m1|=0.116007 | m1²=0.013458 | ||w||²/d=0.188859 | eps_adapter=1.036140e+00 | residual_overlap=0.016797
[step    53000] t/d=106.000 | task1=2.311357e-01 | |m1|=0.116787 | m1²=0.013639 | ||w||²/d=0.188106 | eps_adapter=1.035757e+00 | residual_overlap=0.016817
[step    53250] t/d=106.500 | task1=2.311150e-01 | |m1|=0.117769 | m1²=0.013870 | ||w||²/d=0.187376 | eps_adapter=1.035365e+00 | residual_overlap=0.016886
[step    53500] t/d=107.000 | task1=2.310888e-01 | |m1|=0.118714 | m1²=0.014093 | ||w||²/d=0.186774 | eps_adapter=1.035030e+00 | residual_overlap=0.016939
[step    53750] t/d=107.500 | task1=2.310533e-01 | |m1|=0.119991 | m1²=0.014398 | ||w||²/d=0.186071 | eps_adapter=1.034623e+00 | residual_overlap=0.016979
[step    54000] t/d=108.000 | task1=2.310166e-01 | |m1|=0.120696 | m1²=0.014568 | ||w||²/d=0.185337 | eps_adapter=1.034259e+00 | residual_overlap=0.016978
[step    54250] t/d=108.500 | task1=2.309703e-01 | |m1|=0.121531 | m1²=0.014770 | ||w||²/d=0.184617 | eps_adapter=1.033891e+00 | residual_overlap=0.017090
[step    54500] t/d=109.000 | task1=2.309507e-01 | |m1|=0.122105 | m1²=0.014910 | ||w||²/d=0.184147 | eps_adapter=1.033648e+00 | residual_overlap=0.017150
[step    54750] t/d=109.500 | task1=2.309130e-01 | |m1|=0.123809 | m1²=0.015329 | ||w||²/d=0.183407 | eps_adapter=1.033188e+00 | residual_overlap=0.017183
[step    55000] t/d=110.000 | task1=2.308809e-01 | |m1|=0.124730 | m1²=0.015557 | ||w||²/d=0.182322 | eps_adapter=1.032670e+00 | residual_overlap=0.017247
[step    55250] t/d=110.500 | task1=2.308466e-01 | |m1|=0.125971 | m1²=0.015869 | ||w||²/d=0.181505 | eps_adapter=1.032229e+00 | residual_overlap=0.017261
[step    55500] t/d=111.000 | task1=2.308328e-01 | |m1|=0.126802 | m1²=0.016079 | ||w||²/d=0.180786 | eps_adapter=1.031867e+00 | residual_overlap=0.017286
[step    55750] t/d=111.500 | task1=2.308029e-01 | |m1|=0.128103 | m1²=0.016410 | ||w||²/d=0.179967 | eps_adapter=1.031422e+00 | residual_overlap=0.017291
[step    56000] t/d=112.000 | task1=2.307677e-01 | |m1|=0.129050 | m1²=0.016654 | ||w||²/d=0.179221 | eps_adapter=1.031041e+00 | residual_overlap=0.017286
[step    56250] t/d=112.500 | task1=2.307336e-01 | |m1|=0.130037 | m1²=0.016910 | ||w||²/d=0.178583 | eps_adapter=1.030699e+00 | residual_overlap=0.017327
[step    56500] t/d=113.000 | task1=2.306967e-01 | |m1|=0.131402 | m1²=0.017266 | ||w||²/d=0.177832 | eps_adapter=1.030277e+00 | residual_overlap=0.017394
[step    56750] t/d=113.500 | task1=2.306652e-01 | |m1|=0.132711 | m1²=0.017612 | ||w||²/d=0.176980 | eps_adapter=1.029824e+00 | residual_overlap=0.017425
[step    57000] t/d=114.000 | task1=2.306421e-01 | |m1|=0.134143 | m1²=0.017994 | ||w||²/d=0.176430 | eps_adapter=1.029472e+00 | residual_overlap=0.017476
[step    57250] t/d=114.500 | task1=2.306223e-01 | |m1|=0.135186 | m1²=0.018275 | ||w||²/d=0.175892 | eps_adapter=1.029165e+00 | residual_overlap=0.017539
[step    57500] t/d=115.000 | task1=2.306001e-01 | |m1|=0.136648 | m1²=0.018673 | ||w||²/d=0.175199 | eps_adapter=1.028758e+00 | residual_overlap=0.017544
[step    57750] t/d=115.500 | task1=2.305655e-01 | |m1|=0.138174 | m1²=0.019092 | ||w||²/d=0.174421 | eps_adapter=1.028314e+00 | residual_overlap=0.017545
[step    58000] t/d=116.000 | task1=2.305476e-01 | |m1|=0.139273 | m1²=0.019397 | ||w||²/d=0.173755 | eps_adapter=1.027956e+00 | residual_overlap=0.017601
[step    58250] t/d=116.500 | task1=2.305193e-01 | |m1|=0.140059 | m1²=0.019617 | ||w||²/d=0.173035 | eps_adapter=1.027613e+00 | residual_overlap=0.017660
[step    58500] t/d=117.000 | task1=2.304768e-01 | |m1|=0.141481 | m1²=0.020017 | ||w||²/d=0.172299 | eps_adapter=1.027199e+00 | residual_overlap=0.017708
[step    58750] t/d=117.500 | task1=2.304522e-01 | |m1|=0.142882 | m1²=0.020415 | ||w||²/d=0.171675 | eps_adapter=1.026827e+00 | residual_overlap=0.017771
[step    59000] t/d=118.000 | task1=2.304318e-01 | |m1|=0.143200 | m1²=0.020506 | ||w||²/d=0.170751 | eps_adapter=1.026465e+00 | residual_overlap=0.017822
[step    59250] t/d=118.500 | task1=2.304068e-01 | |m1|=0.144112 | m1²=0.020768 | ||w||²/d=0.170440 | eps_adapter=1.026259e+00 | residual_overlap=0.017854
[step    59500] t/d=119.000 | task1=2.303786e-01 | |m1|=0.145752 | m1²=0.021244 | ||w||²/d=0.169867 | eps_adapter=1.025882e+00 | residual_overlap=0.017844
[step    59750] t/d=119.500 | task1=2.303616e-01 | |m1|=0.146720 | m1²=0.021527 | ||w||²/d=0.169258 | eps_adapter=1.025565e+00 | residual_overlap=0.017921
[step    60000] t/d=120.000 | task1=2.303306e-01 | |m1|=0.147546 | m1²=0.021770 | ||w||²/d=0.168038 | eps_adapter=1.025054e+00 | residual_overlap=0.017983
[step    60250] t/d=120.500 | task1=2.303012e-01 | |m1|=0.148488 | m1²=0.022049 | ||w||²/d=0.167482 | eps_adapter=1.024761e+00 | residual_overlap=0.018056
[step    60500] t/d=121.000 | task1=2.302786e-01 | |m1|=0.150085 | m1²=0.022526 | ||w||²/d=0.167037 | eps_adapter=1.024437e+00 | residual_overlap=0.018041
[step    60750] t/d=121.500 | task1=2.302416e-01 | |m1|=0.151272 | m1²=0.022883 | ||w||²/d=0.166315 | eps_adapter=1.024062e+00 | residual_overlap=0.018082
[step    61000] t/d=122.000 | task1=2.302207e-01 | |m1|=0.152652 | m1²=0.023302 | ||w||²/d=0.165833 | eps_adapter=1.023749e+00 | residual_overlap=0.018069
[step    61250] t/d=122.500 | task1=2.301948e-01 | |m1|=0.153802 | m1²=0.023655 | ||w||²/d=0.165232 | eps_adapter=1.023421e+00 | residual_overlap=0.018135
[step    61500] t/d=123.000 | task1=2.301728e-01 | |m1|=0.155302 | m1²=0.024119 | ||w||²/d=0.164501 | eps_adapter=1.023012e+00 | residual_overlap=0.018197
[step    61750] t/d=123.500 | task1=2.301482e-01 | |m1|=0.156731 | m1²=0.024565 | ||w||²/d=0.163880 | eps_adapter=1.022649e+00 | residual_overlap=0.018263
[step    62000] t/d=124.000 | task1=2.301210e-01 | |m1|=0.157643 | m1²=0.024851 | ||w||²/d=0.163444 | eps_adapter=1.022404e+00 | residual_overlap=0.018264
[step    62250] t/d=124.500 | task1=2.300935e-01 | |m1|=0.159006 | m1²=0.025283 | ||w||²/d=0.162836 | eps_adapter=1.022053e+00 | residual_overlap=0.018285
[step    62500] t/d=125.000 | task1=2.300535e-01 | |m1|=0.160187 | m1²=0.025660 | ||w||²/d=0.162137 | eps_adapter=1.021695e+00 | residual_overlap=0.018333
[step    62750] t/d=125.500 | task1=2.300302e-01 | |m1|=0.161709 | m1²=0.026150 | ||w||²/d=0.161902 | eps_adapter=1.021447e+00 | residual_overlap=0.018426
[step    63000] t/d=126.000 | task1=2.300043e-01 | |m1|=0.163100 | m1²=0.026602 | ||w||²/d=0.161467 | eps_adapter=1.021150e+00 | residual_overlap=0.018426
[step    63250] t/d=126.500 | task1=2.299869e-01 | |m1|=0.164790 | m1²=0.027156 | ||w||²/d=0.160991 | eps_adapter=1.020805e+00 | residual_overlap=0.018512
[step    63500] t/d=127.000 | task1=2.299568e-01 | |m1|=0.165624 | m1²=0.027431 | ||w||²/d=0.160461 | eps_adapter=1.020542e+00 | residual_overlap=0.018566
[step    63750] t/d=127.500 | task1=2.299334e-01 | |m1|=0.167148 | m1²=0.027938 | ||w||²/d=0.159968 | eps_adapter=1.020211e+00 | residual_overlap=0.018597
[step    64000] t/d=128.000 | task1=2.299064e-01 | |m1|=0.168084 | m1²=0.028252 | ||w||²/d=0.159373 | eps_adapter=1.019917e+00 | residual_overlap=0.018648
[step    64250] t/d=128.500 | task1=2.298825e-01 | |m1|=0.169176 | m1²=0.028620 | ||w||²/d=0.158848 | eps_adapter=1.019628e+00 | residual_overlap=0.018717
[step    64500] t/d=129.000 | task1=2.298480e-01 | |m1|=0.171518 | m1²=0.029419 | ||w||²/d=0.158400 | eps_adapter=1.019217e+00 | residual_overlap=0.018746
[step    64750] t/d=129.500 | task1=2.298191e-01 | |m1|=0.173161 | m1²=0.029985 | ||w||²/d=0.157786 | eps_adapter=1.018836e+00 | residual_overlap=0.018772
[step    65000] t/d=130.000 | task1=2.297939e-01 | |m1|=0.175192 | m1²=0.030692 | ||w||²/d=0.157297 | eps_adapter=1.018448e+00 | residual_overlap=0.018839
[step    65250] t/d=130.500 | task1=2.297684e-01 | |m1|=0.176182 | m1²=0.031040 | ||w||²/d=0.156615 | eps_adapter=1.018125e+00 | residual_overlap=0.018861
[step    65500] t/d=131.000 | task1=2.297545e-01 | |m1|=0.176957 | m1²=0.031314 | ||w||²/d=0.156173 | eps_adapter=1.017901e+00 | residual_overlap=0.018936
[step    65750] t/d=131.500 | task1=2.297377e-01 | |m1|=0.178165 | m1²=0.031743 | ||w||²/d=0.155845 | eps_adapter=1.017660e+00 | residual_overlap=0.018979
[step    66000] t/d=132.000 | task1=2.297123e-01 | |m1|=0.179788 | m1²=0.032324 | ||w||²/d=0.155431 | eps_adapter=1.017343e+00 | residual_overlap=0.019083
[step    66250] t/d=132.500 | task1=2.296906e-01 | |m1|=0.181552 | m1²=0.032961 | ||w||²/d=0.155067 | eps_adapter=1.017022e+00 | residual_overlap=0.019133
[step    66500] t/d=133.000 | task1=2.296830e-01 | |m1|=0.182887 | m1²=0.033448 | ||w||²/d=0.154629 | eps_adapter=1.016733e+00 | residual_overlap=0.019193
[step    66750] t/d=133.500 | task1=2.296563e-01 | |m1|=0.184964 | m1²=0.034212 | ||w||²/d=0.154149 | eps_adapter=1.016340e+00 | residual_overlap=0.019243
[step    67000] t/d=134.000 | task1=2.296315e-01 | |m1|=0.187009 | m1²=0.034972 | ||w||²/d=0.153783 | eps_adapter=1.015983e+00 | residual_overlap=0.019268
[step    67250] t/d=134.500 | task1=2.295989e-01 | |m1|=0.188111 | m1²=0.035386 | ||w||²/d=0.153367 | eps_adapter=1.015728e+00 | residual_overlap=0.019318
[step    67500] t/d=135.000 | task1=2.295769e-01 | |m1|=0.189452 | m1²=0.035892 | ||w||²/d=0.152792 | eps_adapter=1.015399e+00 | residual_overlap=0.019350
[step    67750] t/d=135.500 | task1=2.295568e-01 | |m1|=0.190851 | m1²=0.036424 | ||w||²/d=0.152578 | eps_adapter=1.015164e+00 | residual_overlap=0.019415
[step    68000] t/d=136.000 | task1=2.295243e-01 | |m1|=0.192530 | m1²=0.037068 | ||w||²/d=0.152049 | eps_adapter=1.014806e+00 | residual_overlap=0.019422
[step    68250] t/d=136.500 | task1=2.295090e-01 | |m1|=0.193543 | m1²=0.037459 | ||w||²/d=0.151738 | eps_adapter=1.014593e+00 | residual_overlap=0.019471
[step    68500] t/d=137.000 | task1=2.294947e-01 | |m1|=0.195106 | m1²=0.038066 | ||w||²/d=0.151387 | eps_adapter=1.014298e+00 | residual_overlap=0.019499
[step    68750] t/d=137.500 | task1=2.294791e-01 | |m1|=0.196211 | m1²=0.038499 | ||w||²/d=0.151054 | eps_adapter=1.014067e+00 | residual_overlap=0.019566
[step    69000] t/d=138.000 | task1=2.294535e-01 | |m1|=0.197787 | m1²=0.039120 | ||w||²/d=0.150696 | eps_adapter=1.013768e+00 | residual_overlap=0.019608
[step    69250] t/d=138.500 | task1=2.294283e-01 | |m1|=0.199806 | m1²=0.039923 | ||w||²/d=0.150281 | eps_adapter=1.013397e+00 | residual_overlap=0.019620
[step    69500] t/d=139.000 | task1=2.293981e-01 | |m1|=0.201972 | m1²=0.040793 | ||w||²/d=0.149959 | eps_adapter=1.013030e+00 | residual_overlap=0.019573
[step    69750] t/d=139.500 | task1=2.293578e-01 | |m1|=0.204035 | m1²=0.041630 | ||w||²/d=0.149451 | eps_adapter=1.012627e+00 | residual_overlap=0.019610
[step    70000] t/d=140.000 | task1=2.293258e-01 | |m1|=0.205724 | m1²=0.042322 | ||w||²/d=0.149093 | eps_adapter=1.012311e+00 | residual_overlap=0.019640
[step    70250] t/d=140.500 | task1=2.293065e-01 | |m1|=0.207825 | m1²=0.043191 | ||w||²/d=0.148668 | eps_adapter=1.011923e+00 | residual_overlap=0.019624
[step    70500] t/d=141.000 | task1=2.292769e-01 | |m1|=0.209714 | m1²=0.043980 | ||w||²/d=0.148240 | eps_adapter=1.011562e+00 | residual_overlap=0.019673
[step    70750] t/d=141.500 | task1=2.292565e-01 | |m1|=0.211137 | m1²=0.044579 | ||w||²/d=0.147844 | eps_adapter=1.011272e+00 | residual_overlap=0.019717
[step    71000] t/d=142.000 | task1=2.292382e-01 | |m1|=0.212698 | m1²=0.045240 | ||w||²/d=0.147476 | eps_adapter=1.010969e+00 | residual_overlap=0.019726
[step    71250] t/d=142.500 | task1=2.292075e-01 | |m1|=0.214392 | m1²=0.045964 | ||w||²/d=0.146921 | eps_adapter=1.010603e+00 | residual_overlap=0.019760
[step    71500] t/d=143.000 | task1=2.291904e-01 | |m1|=0.216132 | m1²=0.046713 | ||w||²/d=0.146603 | eps_adapter=1.010289e+00 | residual_overlap=0.019756
[step    71750] t/d=143.500 | task1=2.291644e-01 | |m1|=0.218445 | m1²=0.047718 | ||w||²/d=0.146389 | eps_adapter=1.009919e+00 | residual_overlap=0.019785
[step    72000] t/d=144.000 | task1=2.291377e-01 | |m1|=0.220457 | m1²=0.048601 | ||w||²/d=0.146048 | eps_adapter=1.009559e+00 | residual_overlap=0.019815
[step    72250] t/d=144.500 | task1=2.291099e-01 | |m1|=0.222764 | m1²=0.049624 | ||w||²/d=0.145506 | eps_adapter=1.009110e+00 | residual_overlap=0.019828
[step    72500] t/d=145.000 | task1=2.290911e-01 | |m1|=0.224318 | m1²=0.050318 | ||w||²/d=0.145218 | eps_adapter=1.008825e+00 | residual_overlap=0.019901
[step    72750] t/d=145.500 | task1=2.290691e-01 | |m1|=0.226342 | m1²=0.051231 | ||w||²/d=0.144933 | eps_adapter=1.008474e+00 | residual_overlap=0.019975
[step    73000] t/d=146.000 | task1=2.290355e-01 | |m1|=0.228199 | m1²=0.052075 | ||w||²/d=0.144785 | eps_adapter=1.008176e+00 | residual_overlap=0.020030
[step    73250] t/d=146.500 | task1=2.289943e-01 | |m1|=0.229709 | m1²=0.052766 | ||w||²/d=0.144427 | eps_adapter=1.007880e+00 | residual_overlap=0.020085
[step    73500] t/d=147.000 | task1=2.289864e-01 | |m1|=0.231468 | m1²=0.053578 | ||w||²/d=0.144143 | eps_adapter=1.007564e+00 | residual_overlap=0.020126
[step    73750] t/d=147.500 | task1=2.289664e-01 | |m1|=0.233601 | m1²=0.054569 | ||w||²/d=0.143695 | eps_adapter=1.007157e+00 | residual_overlap=0.020154
[step    74000] t/d=148.000 | task1=2.289424e-01 | |m1|=0.235605 | m1²=0.055510 | ||w||²/d=0.143172 | eps_adapter=1.006753e+00 | residual_overlap=0.020162
[step    74250] t/d=148.500 | task1=2.289142e-01 | |m1|=0.237735 | m1²=0.056518 | ||w||²/d=0.142741 | eps_adapter=1.006350e+00 | residual_overlap=0.020201
[step    74500] t/d=149.000 | task1=2.288882e-01 | |m1|=0.239409 | m1²=0.057317 | ||w||²/d=0.142460 | eps_adapter=1.006045e+00 | residual_overlap=0.020240
[step    74750] t/d=149.500 | task1=2.288659e-01 | |m1|=0.240799 | m1²=0.057984 | ||w||²/d=0.142030 | eps_adapter=1.005751e+00 | residual_overlap=0.020285
[step    75000] t/d=150.000 | task1=2.288458e-01 | |m1|=0.242245 | m1²=0.058682 | ||w||²/d=0.141857 | eps_adapter=1.005501e+00 | residual_overlap=0.020360
[step    75250] t/d=150.500 | task1=2.288224e-01 | |m1|=0.243967 | m1²=0.059520 | ||w||²/d=0.141498 | eps_adapter=1.005172e+00 | residual_overlap=0.020396
[step    75500] t/d=151.000 | task1=2.287869e-01 | |m1|=0.245971 | m1²=0.060502 | ||w||²/d=0.140912 | eps_adapter=1.004755e+00 | residual_overlap=0.020452
[step    75750] t/d=151.500 | task1=2.287543e-01 | |m1|=0.247605 | m1²=0.061308 | ||w||²/d=0.140670 | eps_adapter=1.004462e+00 | residual_overlap=0.020458
[step    76000] t/d=152.000 | task1=2.287216e-01 | |m1|=0.249412 | m1²=0.062207 | ||w||²/d=0.140253 | eps_adapter=1.004108e+00 | residual_overlap=0.020500
[step    76250] t/d=152.500 | task1=2.286866e-01 | |m1|=0.251729 | m1²=0.063367 | ||w||²/d=0.139913 | eps_adapter=1.003692e+00 | residual_overlap=0.020536
[step    76500] t/d=153.000 | task1=2.286607e-01 | |m1|=0.253613 | m1²=0.064320 | ||w||²/d=0.139566 | eps_adapter=1.003339e+00 | residual_overlap=0.020580
[step    76750] t/d=153.500 | task1=2.286450e-01 | |m1|=0.255155 | m1²=0.065104 | ||w||²/d=0.139486 | eps_adapter=1.003088e+00 | residual_overlap=0.020587
[step    77000] t/d=154.000 | task1=2.286171e-01 | |m1|=0.257321 | m1²=0.066214 | ||w||²/d=0.139074 | eps_adapter=1.002678e+00 | residual_overlap=0.020610
[step    77250] t/d=154.500 | task1=2.285925e-01 | |m1|=0.260054 | m1²=0.067628 | ||w||²/d=0.138935 | eps_adapter=1.002228e+00 | residual_overlap=0.020677
[step    77500] t/d=155.000 | task1=2.285657e-01 | |m1|=0.261864 | m1²=0.068573 | ||w||²/d=0.138759 | eps_adapter=1.001914e+00 | residual_overlap=0.020698
[step    77750] t/d=155.500 | task1=2.285500e-01 | |m1|=0.263292 | m1²=0.069323 | ||w||²/d=0.138603 | eps_adapter=1.001662e+00 | residual_overlap=0.020751
[step    78000] t/d=156.000 | task1=2.285295e-01 | |m1|=0.265603 | m1²=0.070545 | ||w||²/d=0.138326 | eps_adapter=1.001248e+00 | residual_overlap=0.020745
[step    78250] t/d=156.500 | task1=2.285025e-01 | |m1|=0.268175 | m1²=0.071918 | ||w||²/d=0.138204 | eps_adapter=1.000818e+00 | residual_overlap=0.020777
[step    78500] t/d=157.000 | task1=2.284798e-01 | |m1|=0.270657 | m1²=0.073255 | ||w||²/d=0.137989 | eps_adapter=1.000383e+00 | residual_overlap=0.020827
[step    78750] t/d=157.500 | task1=2.284638e-01 | |m1|=0.272161 | m1²=0.074072 | ||w||²/d=0.137766 | eps_adapter=1.000104e+00 | residual_overlap=0.020871
[step    79000] t/d=158.000 | task1=2.284452e-01 | |m1|=0.274348 | m1²=0.075267 | ||w||²/d=0.137634 | eps_adapter=9.997268e-01 | residual_overlap=0.020882
[step    79250] t/d=158.500 | task1=2.284214e-01 | |m1|=0.276313 | m1²=0.076349 | ||w||²/d=0.137427 | eps_adapter=9.993726e-01 | residual_overlap=0.020925
[step    79500] t/d=159.000 | task1=2.283764e-01 | |m1|=0.278672 | m1²=0.077658 | ||w||²/d=0.137027 | eps_adapter=9.989228e-01 | residual_overlap=0.020995
[step    79750] t/d=159.500 | task1=2.283499e-01 | |m1|=0.280529 | m1²=0.078697 | ||w||²/d=0.136768 | eps_adapter=9.985766e-01 | residual_overlap=0.020976
[step    80000] t/d=160.000 | task1=2.283230e-01 | |m1|=0.282601 | m1²=0.079863 | ||w||²/d=0.136489 | eps_adapter=9.981910e-01 | residual_overlap=0.020977
[step    80250] t/d=160.500 | task1=2.282891e-01 | |m1|=0.284346 | m1²=0.080853 | ||w||²/d=0.136186 | eps_adapter=9.978558e-01 | residual_overlap=0.021021
[step    80500] t/d=161.000 | task1=2.282434e-01 | |m1|=0.286499 | m1²=0.082082 | ||w||²/d=0.136030 | eps_adapter=9.974722e-01 | residual_overlap=0.021074
[step    80750] t/d=161.500 | task1=2.282149e-01 | |m1|=0.288692 | m1²=0.083343 | ||w||²/d=0.135824 | eps_adapter=9.970731e-01 | residual_overlap=0.021084
[step    81000] t/d=162.000 | task1=2.281916e-01 | |m1|=0.290073 | m1²=0.084142 | ||w||²/d=0.135459 | eps_adapter=9.967894e-01 | residual_overlap=0.021158
[step    81250] t/d=162.500 | task1=2.281736e-01 | |m1|=0.292328 | m1²=0.085456 | ||w||²/d=0.134985 | eps_adapter=9.963428e-01 | residual_overlap=0.021152
[step    81500] t/d=163.000 | task1=2.281454e-01 | |m1|=0.294590 | m1²=0.086783 | ||w||²/d=0.134608 | eps_adapter=9.959077e-01 | residual_overlap=0.021177
[step    81750] t/d=163.500 | task1=2.281143e-01 | |m1|=0.296887 | m1²=0.088142 | ||w||²/d=0.134479 | eps_adapter=9.954967e-01 | residual_overlap=0.021233
[step    82000] t/d=164.000 | task1=2.280853e-01 | |m1|=0.299179 | m1²=0.089508 | ||w||²/d=0.134275 | eps_adapter=9.950751e-01 | residual_overlap=0.021311
[step    82250] t/d=164.500 | task1=2.280628e-01 | |m1|=0.301360 | m1²=0.090818 | ||w||²/d=0.133864 | eps_adapter=9.946471e-01 | residual_overlap=0.021353
[step    82500] t/d=165.000 | task1=2.280349e-01 | |m1|=0.303868 | m1²=0.092336 | ||w||²/d=0.133849 | eps_adapter=9.942063e-01 | residual_overlap=0.021363
[step    82750] t/d=165.500 | task1=2.280153e-01 | |m1|=0.305988 | m1²=0.093629 | ||w||²/d=0.133543 | eps_adapter=9.937988e-01 | residual_overlap=0.021393
[step    83000] t/d=166.000 | task1=2.279886e-01 | |m1|=0.307772 | m1²=0.094724 | ||w||²/d=0.133238 | eps_adapter=9.934504e-01 | residual_overlap=0.021499
[step    83250] t/d=166.500 | task1=2.279655e-01 | |m1|=0.310141 | m1²=0.096188 | ||w||²/d=0.133174 | eps_adapter=9.930222e-01 | residual_overlap=0.021532
[step    83500] t/d=167.000 | task1=2.279280e-01 | |m1|=0.312316 | m1²=0.097542 | ||w||²/d=0.132888 | eps_adapter=9.926041e-01 | residual_overlap=0.021562
[step    83750] t/d=167.500 | task1=2.278976e-01 | |m1|=0.314687 | m1²=0.099028 | ||w||²/d=0.132568 | eps_adapter=9.921467e-01 | residual_overlap=0.021584
[step    84000] t/d=168.000 | task1=2.278720e-01 | |m1|=0.317087 | m1²=0.100544 | ||w||²/d=0.132567 | eps_adapter=9.917122e-01 | residual_overlap=0.021618
[step    84250] t/d=168.500 | task1=2.278262e-01 | |m1|=0.319504 | m1²=0.102083 | ||w||²/d=0.132445 | eps_adapter=9.912607e-01 | residual_overlap=0.021668
[step    84500] t/d=169.000 | task1=2.277796e-01 | |m1|=0.322441 | m1²=0.103968 | ||w||²/d=0.132338 | eps_adapter=9.907121e-01 | residual_overlap=0.021703
[step    84750] t/d=169.500 | task1=2.277381e-01 | |m1|=0.325013 | m1²=0.105633 | ||w||²/d=0.132185 | eps_adapter=9.902236e-01 | residual_overlap=0.021686
[step    85000] t/d=170.000 | task1=2.277040e-01 | |m1|=0.327081 | m1²=0.106982 | ||w||²/d=0.131940 | eps_adapter=9.898196e-01 | residual_overlap=0.021716
[step    85250] t/d=170.500 | task1=2.276701e-01 | |m1|=0.329904 | m1²=0.108837 | ||w||²/d=0.131783 | eps_adapter=9.892793e-01 | residual_overlap=0.021712
[step    85500] t/d=171.000 | task1=2.276355e-01 | |m1|=0.332115 | m1²=0.110300 | ||w||²/d=0.131585 | eps_adapter=9.888490e-01 | residual_overlap=0.021751
[step    85750] t/d=171.500 | task1=2.275864e-01 | |m1|=0.335049 | m1²=0.112258 | ||w||²/d=0.131630 | eps_adapter=9.882953e-01 | residual_overlap=0.021743
[step    86000] t/d=172.000 | task1=2.275509e-01 | |m1|=0.337475 | m1²=0.113889 | ||w||²/d=0.131540 | eps_adapter=9.878257e-01 | residual_overlap=0.021822
[step    86250] t/d=172.500 | task1=2.275153e-01 | |m1|=0.340084 | m1²=0.115657 | ||w||²/d=0.131206 | eps_adapter=9.873042e-01 | residual_overlap=0.021861
[step    86500] t/d=173.000 | task1=2.274674e-01 | |m1|=0.343006 | m1²=0.117653 | ||w||²/d=0.130868 | eps_adapter=9.867211e-01 | residual_overlap=0.021920
[step    86750] t/d=173.500 | task1=2.274278e-01 | |m1|=0.345671 | m1²=0.119489 | ||w||²/d=0.130780 | eps_adapter=9.861978e-01 | residual_overlap=0.021958
[step    87000] t/d=174.000 | task1=2.273813e-01 | |m1|=0.348709 | m1²=0.121598 | ||w||²/d=0.130572 | eps_adapter=9.855930e-01 | residual_overlap=0.021943
[step    87250] t/d=174.500 | task1=2.273452e-01 | |m1|=0.351460 | m1²=0.123524 | ||w||²/d=0.130315 | eps_adapter=9.850399e-01 | residual_overlap=0.021963
[step    87500] t/d=175.000 | task1=2.273116e-01 | |m1|=0.353711 | m1²=0.125112 | ||w||²/d=0.130256 | eps_adapter=9.845909e-01 | residual_overlap=0.021990
[step    87750] t/d=175.500 | task1=2.272726e-01 | |m1|=0.356541 | m1²=0.127121 | ||w||²/d=0.130138 | eps_adapter=9.840218e-01 | residual_overlap=0.022027
[step    88000] t/d=176.000 | task1=2.272224e-01 | |m1|=0.359466 | m1²=0.129215 | ||w||²/d=0.130096 | eps_adapter=9.834319e-01 | residual_overlap=0.022031
[step    88250] t/d=176.500 | task1=2.271772e-01 | |m1|=0.362403 | m1²=0.131336 | ||w||²/d=0.129933 | eps_adapter=9.828326e-01 | residual_overlap=0.022050
[step    88500] t/d=177.000 | task1=2.271358e-01 | |m1|=0.365101 | m1²=0.133298 | ||w||²/d=0.129875 | eps_adapter=9.822807e-01 | residual_overlap=0.022049
[step    88750] t/d=177.500 | task1=2.271002e-01 | |m1|=0.367850 | m1²=0.135314 | ||w||²/d=0.129688 | eps_adapter=9.817132e-01 | residual_overlap=0.022078
[step    89000] t/d=178.000 | task1=2.270493e-01 | |m1|=0.370893 | m1²=0.137562 | ||w||²/d=0.129652 | eps_adapter=9.810831e-01 | residual_overlap=0.022076
[step    89250] t/d=178.500 | task1=2.269910e-01 | |m1|=0.374182 | m1²=0.140012 | ||w||²/d=0.129591 | eps_adapter=9.803966e-01 | residual_overlap=0.022093
[step    89500] t/d=179.000 | task1=2.269513e-01 | |m1|=0.377060 | m1²=0.142174 | ||w||²/d=0.129484 | eps_adapter=9.797917e-01 | residual_overlap=0.022064
[step    89750] t/d=179.500 | task1=2.269054e-01 | |m1|=0.380112 | m1²=0.144485 | ||w||²/d=0.129546 | eps_adapter=9.791446e-01 | residual_overlap=0.022090
[step    90000] t/d=180.000 | task1=2.268553e-01 | |m1|=0.382625 | m1²=0.146402 | ||w||²/d=0.129239 | eps_adapter=9.786124e-01 | residual_overlap=0.022123
[step    90250] t/d=180.500 | task1=2.268035e-01 | |m1|=0.385889 | m1²=0.148910 | ||w||²/d=0.129120 | eps_adapter=9.779144e-01 | residual_overlap=0.022145
[step    90500] t/d=181.000 | task1=2.267593e-01 | |m1|=0.388372 | m1²=0.150832 | ||w||²/d=0.128928 | eps_adapter=9.773828e-01 | residual_overlap=0.022146
[step    90750] t/d=181.500 | task1=2.267152e-01 | |m1|=0.391336 | m1²=0.153144 | ||w||²/d=0.128954 | eps_adapter=9.767382e-01 | residual_overlap=0.022116
[step    91000] t/d=182.000 | task1=2.266568e-01 | |m1|=0.394779 | m1²=0.155851 | ||w||²/d=0.129004 | eps_adapter=9.759821e-01 | residual_overlap=0.022147
[step    91250] t/d=182.500 | task1=2.266222e-01 | |m1|=0.397464 | m1²=0.157978 | ||w||²/d=0.129049 | eps_adapter=9.753875e-01 | residual_overlap=0.022127
[step    91500] t/d=183.000 | task1=2.265620e-01 | |m1|=0.400455 | m1²=0.160364 | ||w||²/d=0.128882 | eps_adapter=9.747295e-01 | residual_overlap=0.022148
[step    91750] t/d=183.500 | task1=2.265053e-01 | |m1|=0.403397 | m1²=0.162729 | ||w||²/d=0.128751 | eps_adapter=9.740776e-01 | residual_overlap=0.022185
[step    92000] t/d=184.000 | task1=2.264506e-01 | |m1|=0.406778 | m1²=0.165468 | ||w||²/d=0.128766 | eps_adapter=9.733147e-01 | residual_overlap=0.022208
[step    92250] t/d=184.500 | task1=2.264012e-01 | |m1|=0.409838 | m1²=0.167967 | ||w||²/d=0.128742 | eps_adapter=9.726209e-01 | residual_overlap=0.022226
[step    92500] t/d=185.000 | task1=2.263448e-01 | |m1|=0.413409 | m1²=0.170907 | ||w||²/d=0.128675 | eps_adapter=9.718077e-01 | residual_overlap=0.022205
[step    92750] t/d=185.500 | task1=2.262844e-01 | |m1|=0.416306 | m1²=0.173310 | ||w||²/d=0.128749 | eps_adapter=9.711341e-01 | residual_overlap=0.022222
[step    93000] t/d=186.000 | task1=2.262301e-01 | |m1|=0.419265 | m1²=0.175783 | ||w||²/d=0.128690 | eps_adapter=9.704508e-01 | residual_overlap=0.022216
[step    93250] t/d=186.500 | task1=2.261823e-01 | |m1|=0.422287 | m1²=0.178327 | ||w||²/d=0.128645 | eps_adapter=9.697475e-01 | residual_overlap=0.022252
[step    93500] t/d=187.000 | task1=2.261333e-01 | |m1|=0.425046 | m1²=0.180664 | ||w||²/d=0.128639 | eps_adapter=9.690982e-01 | residual_overlap=0.022222
[step    93750] t/d=187.500 | task1=2.260902e-01 | |m1|=0.427771 | m1²=0.182988 | ||w||²/d=0.128671 | eps_adapter=9.684493e-01 | residual_overlap=0.022237
[step    94000] t/d=188.000 | task1=2.260298e-01 | |m1|=0.431152 | m1²=0.185892 | ||w||²/d=0.128723 | eps_adapter=9.676367e-01 | residual_overlap=0.022217
[step    94250] t/d=188.500 | task1=2.259831e-01 | |m1|=0.433933 | m1²=0.188298 | ||w||²/d=0.128687 | eps_adapter=9.669711e-01 | residual_overlap=0.022224
[step    94500] t/d=189.000 | task1=2.259447e-01 | |m1|=0.436847 | m1²=0.190836 | ||w||²/d=0.128588 | eps_adapter=9.662767e-01 | residual_overlap=0.022201
[step    94750] t/d=189.500 | task1=2.258967e-01 | |m1|=0.439475 | m1²=0.193139 | ||w||²/d=0.128551 | eps_adapter=9.656412e-01 | residual_overlap=0.022193
[step    95000] t/d=190.000 | task1=2.258601e-01 | |m1|=0.441568 | m1²=0.194982 | ||w||²/d=0.128455 | eps_adapter=9.651408e-01 | residual_overlap=0.022241
[step    95250] t/d=190.500 | task1=2.258164e-01 | |m1|=0.443979 | m1²=0.197117 | ||w||²/d=0.128480 | eps_adapter=9.645449e-01 | residual_overlap=0.022229
[step    95500] t/d=191.000 | task1=2.257691e-01 | |m1|=0.446564 | m1²=0.199419 | ||w||²/d=0.128450 | eps_adapter=9.639098e-01 | residual_overlap=0.022236
[step    95750] t/d=191.500 | task1=2.257089e-01 | |m1|=0.449945 | m1²=0.202450 | ||w||²/d=0.128428 | eps_adapter=9.630716e-01 | residual_overlap=0.022219
[step    96000] t/d=192.000 | task1=2.256514e-01 | |m1|=0.453176 | m1²=0.205368 | ||w||²/d=0.128337 | eps_adapter=9.622750e-01 | residual_overlap=0.022203
[step    96250] t/d=192.500 | task1=2.255907e-01 | |m1|=0.456427 | m1²=0.208326 | ||w||²/d=0.128254 | eps_adapter=9.614673e-01 | residual_overlap=0.022164
[step    96500] t/d=193.000 | task1=2.255312e-01 | |m1|=0.459601 | m1²=0.211233 | ||w||²/d=0.128234 | eps_adapter=9.606649e-01 | residual_overlap=0.022140
[step    96750] t/d=193.500 | task1=2.254723e-01 | |m1|=0.462521 | m1²=0.213926 | ||w||²/d=0.128258 | eps_adapter=9.599149e-01 | residual_overlap=0.022132
[step    97000] t/d=194.000 | task1=2.254136e-01 | |m1|=0.465716 | m1²=0.216891 | ||w||²/d=0.128252 | eps_adapter=9.590939e-01 | residual_overlap=0.022127
[step    97250] t/d=194.500 | task1=2.253475e-01 | |m1|=0.468821 | m1²=0.219793 | ||w||²/d=0.128389 | eps_adapter=9.582659e-01 | residual_overlap=0.022165
[step    97500] t/d=195.000 | task1=2.252736e-01 | |m1|=0.472238 | m1²=0.223009 | ||w||²/d=0.128626 | eps_adapter=9.573307e-01 | residual_overlap=0.022156
[step    97750] t/d=195.500 | task1=2.252164e-01 | |m1|=0.474793 | m1²=0.225428 | ||w||²/d=0.128785 | eps_adapter=9.566285e-01 | residual_overlap=0.022177
[step    98000] t/d=196.000 | task1=2.251451e-01 | |m1|=0.478099 | m1²=0.228579 | ||w||²/d=0.128752 | eps_adapter=9.557582e-01 | residual_overlap=0.022173
[step    98250] t/d=196.500 | task1=2.250857e-01 | |m1|=0.481573 | m1²=0.231912 | ||w||²/d=0.129054 | eps_adapter=9.547702e-01 | residual_overlap=0.022174
[step    98500] t/d=197.000 | task1=2.250213e-01 | |m1|=0.484788 | m1²=0.235019 | ||w||²/d=0.129185 | eps_adapter=9.538768e-01 | residual_overlap=0.022158
[step    98750] t/d=197.500 | task1=2.249294e-01 | |m1|=0.488442 | m1²=0.238575 | ||w||²/d=0.129244 | eps_adapter=9.528717e-01 | residual_overlap=0.022175
[step    99000] t/d=198.000 | task1=2.248685e-01 | |m1|=0.491458 | m1²=0.241531 | ||w||²/d=0.129214 | eps_adapter=9.520528e-01 | residual_overlap=0.022173
[step    99250] t/d=198.500 | task1=2.247932e-01 | |m1|=0.494744 | m1²=0.244772 | ||w||²/d=0.129276 | eps_adapter=9.511340e-01 | residual_overlap=0.022169
[step    99500] t/d=199.000 | task1=2.247117e-01 | |m1|=0.498585 | m1²=0.248587 | ||w||²/d=0.129396 | eps_adapter=9.500400e-01 | residual_overlap=0.022136
[step    99750] t/d=199.500 | task1=2.246399e-01 | |m1|=0.502594 | m1²=0.252600 | ||w||²/d=0.129545 | eps_adapter=9.488815e-01 | residual_overlap=0.022063
[step   100000] t/d=200.000 | task1=2.245696e-01 | |m1|=0.505924 | m1²=0.255959 | ||w||²/d=0.129924 | eps_adapter=9.478467e-01 | residual_overlap=0.022021
Saved checkpoint: results/quality_pretraining/finetunetask1_d500_T5/prestep_1250000_lr0p01_init1_wseed21_sgdseed22/checkpoints/step_000100000
[step   100250] t/d=200.500 | task1=2.244947e-01 | |m1|=0.509398 | m1²=0.259486 | ||w||²/d=0.130094 | eps_adapter=9.468127e-01 | residual_overlap=0.021985
[step   100500] t/d=201.000 | task1=2.244257e-01 | |m1|=0.512377 | m1²=0.262530 | ||w||²/d=0.130370 | eps_adapter=9.458844e-01 | residual_overlap=0.022005
[step   100750] t/d=201.500 | task1=2.243550e-01 | |m1|=0.515634 | m1²=0.265878 | ||w||²/d=0.130524 | eps_adapter=9.448997e-01 | residual_overlap=0.022002
[step   101000] t/d=202.000 | task1=2.242743e-01 | |m1|=0.518924 | m1²=0.269282 | ||w||²/d=0.130872 | eps_adapter=9.438435e-01 | residual_overlap=0.022025
[step   101250] t/d=202.500 | task1=2.241924e-01 | |m1|=0.522449 | m1²=0.272953 | ||w||²/d=0.131252 | eps_adapter=9.426976e-01 | residual_overlap=0.021993
[step   101500] t/d=203.000 | task1=2.240894e-01 | |m1|=0.526091 | m1²=0.276772 | ||w||²/d=0.131591 | eps_adapter=9.415157e-01 | residual_overlap=0.021994
[step   101750] t/d=203.500 | task1=2.240066e-01 | |m1|=0.529403 | m1²=0.280268 | ||w||²/d=0.131834 | eps_adapter=9.404491e-01 | residual_overlap=0.021953
[step   102000] t/d=204.000 | task1=2.239333e-01 | |m1|=0.532434 | m1²=0.283486 | ||w||²/d=0.132146 | eps_adapter=9.394376e-01 | residual_overlap=0.021965
[step   102250] t/d=204.500 | task1=2.238544e-01 | |m1|=0.535389 | m1²=0.286641 | ||w||²/d=0.132562 | eps_adapter=9.384073e-01 | residual_overlap=0.021984
[step   102500] t/d=205.000 | task1=2.237697e-01 | |m1|=0.539024 | m1²=0.290547 | ||w||²/d=0.132922 | eps_adapter=9.371743e-01 | residual_overlap=0.021940
[step   102750] t/d=205.500 | task1=2.236905e-01 | |m1|=0.542054 | m1²=0.293823 | ||w||²/d=0.133273 | eps_adapter=9.361198e-01 | residual_overlap=0.021965
[step   103000] t/d=206.000 | task1=2.236057e-01 | |m1|=0.545289 | m1²=0.297340 | ||w||²/d=0.133589 | eps_adapter=9.350022e-01 | residual_overlap=0.021988
[step   103250] t/d=206.500 | task1=2.235173e-01 | |m1|=0.548427 | m1²=0.300772 | ||w||²/d=0.133956 | eps_adapter=9.338879e-01 | residual_overlap=0.021974
[step   103500] t/d=207.000 | task1=2.234392e-01 | |m1|=0.551783 | m1²=0.304464 | ||w||²/d=0.134031 | eps_adapter=9.327932e-01 | residual_overlap=0.021945
[step   103750] t/d=207.500 | task1=2.233423e-01 | |m1|=0.555545 | m1²=0.308630 | ||w||²/d=0.134258 | eps_adapter=9.315064e-01 | residual_overlap=0.021946
[step   104000] t/d=208.000 | task1=2.232546e-01 | |m1|=0.558863 | m1²=0.312327 | ||w||²/d=0.134542 | eps_adapter=9.303314e-01 | residual_overlap=0.021941
[step   104250] t/d=208.500 | task1=2.231731e-01 | |m1|=0.561645 | m1²=0.315445 | ||w||²/d=0.134815 | eps_adapter=9.293248e-01 | residual_overlap=0.021959
[step   104500] t/d=209.000 | task1=2.231071e-01 | |m1|=0.564551 | m1²=0.318717 | ||w||²/d=0.135050 | eps_adapter=9.282837e-01 | residual_overlap=0.021937
[step   104750] t/d=209.500 | task1=2.230082e-01 | |m1|=0.567917 | m1²=0.322530 | ||w||²/d=0.135445 | eps_adapter=9.270205e-01 | residual_overlap=0.021923
[step   105000] t/d=210.000 | task1=2.229232e-01 | |m1|=0.571073 | m1²=0.326125 | ||w||²/d=0.135874 | eps_adapter=9.258019e-01 | residual_overlap=0.021920
[step   105250] t/d=210.500 | task1=2.228411e-01 | |m1|=0.574319 | m1²=0.329842 | ||w||²/d=0.136171 | eps_adapter=9.245931e-01 | residual_overlap=0.021881
[step   105500] t/d=211.000 | task1=2.227647e-01 | |m1|=0.577446 | m1²=0.333444 | ||w||²/d=0.136291 | eps_adapter=9.234854e-01 | residual_overlap=0.021817
[step   105750] t/d=211.500 | task1=2.226617e-01 | |m1|=0.581163 | m1²=0.337751 | ||w||²/d=0.136719 | eps_adapter=9.220410e-01 | residual_overlap=0.021823
[step   106000] t/d=212.000 | task1=2.225711e-01 | |m1|=0.584565 | m1²=0.341717 | ||w||²/d=0.137094 | eps_adapter=9.207123e-01 | residual_overlap=0.021790
[step   106250] t/d=212.500 | task1=2.224769e-01 | |m1|=0.587783 | m1²=0.345489 | ||w||²/d=0.137321 | eps_adapter=9.194982e-01 | residual_overlap=0.021757
[step   106500] t/d=213.000 | task1=2.223696e-01 | |m1|=0.591356 | m1²=0.349702 | ||w||²/d=0.137764 | eps_adapter=9.180555e-01 | residual_overlap=0.021769
[step   106750] t/d=213.500 | task1=2.222630e-01 | |m1|=0.594878 | m1²=0.353880 | ||w||²/d=0.138159 | eps_adapter=9.166371e-01 | residual_overlap=0.021715
[step   107000] t/d=214.000 | task1=2.221811e-01 | |m1|=0.597944 | m1²=0.357537 | ||w||²/d=0.138526 | eps_adapter=9.153804e-01 | residual_overlap=0.021610
[step   107250] t/d=214.500 | task1=2.220735e-01 | |m1|=0.601151 | m1²=0.361383 | ||w||²/d=0.138972 | eps_adapter=9.140255e-01 | residual_overlap=0.021597
[step   107500] t/d=215.000 | task1=2.219615e-01 | |m1|=0.604706 | m1²=0.365670 | ||w||²/d=0.139355 | eps_adapter=9.125600e-01 | residual_overlap=0.021518
[step   107750] t/d=215.500 | task1=2.218708e-01 | |m1|=0.607873 | m1²=0.369510 | ||w||²/d=0.139707 | eps_adapter=9.112372e-01 | residual_overlap=0.021491
[step   108000] t/d=216.000 | task1=2.217599e-01 | |m1|=0.611625 | m1²=0.374085 | ||w||²/d=0.140154 | eps_adapter=9.096408e-01 | residual_overlap=0.021426
[step   108250] t/d=216.500 | task1=2.216499e-01 | |m1|=0.614787 | m1²=0.377964 | ||w||²/d=0.140603 | eps_adapter=9.082466e-01 | residual_overlap=0.021436
[step   108500] t/d=217.000 | task1=2.215247e-01 | |m1|=0.618651 | m1²=0.382729 | ||w||²/d=0.141139 | eps_adapter=9.065317e-01 | residual_overlap=0.021347
[step   108750] t/d=217.500 | task1=2.214309e-01 | |m1|=0.621865 | m1²=0.386716 | ||w||²/d=0.141506 | eps_adapter=9.051301e-01 | residual_overlap=0.021292
[step   109000] t/d=218.000 | task1=2.213248e-01 | |m1|=0.624904 | m1²=0.390505 | ||w||²/d=0.141881 | eps_adapter=9.037794e-01 | residual_overlap=0.021296
[step   109250] t/d=218.500 | task1=2.212267e-01 | |m1|=0.628001 | m1²=0.394385 | ||w||²/d=0.142442 | eps_adapter=9.022981e-01 | residual_overlap=0.021301
[step   109500] t/d=219.000 | task1=2.211079e-01 | |m1|=0.631352 | m1²=0.398605 | ||w||²/d=0.142744 | eps_adapter=9.008396e-01 | residual_overlap=0.021279
[step   109750] t/d=219.500 | task1=2.209785e-01 | |m1|=0.634692 | m1²=0.402834 | ||w||²/d=0.143415 | eps_adapter=8.991753e-01 | residual_overlap=0.021249
[step   110000] t/d=220.000 | task1=2.208809e-01 | |m1|=0.637898 | m1²=0.406914 | ||w||²/d=0.143868 | eps_adapter=8.976645e-01 | residual_overlap=0.021197
[step   110250] t/d=220.500 | task1=2.207494e-01 | |m1|=0.641389 | m1²=0.411380 | ||w||²/d=0.144367 | eps_adapter=8.960009e-01 | residual_overlap=0.021164
[step   110500] t/d=221.000 | task1=2.206323e-01 | |m1|=0.644366 | m1²=0.415207 | ||w||²/d=0.144834 | eps_adapter=8.945454e-01 | residual_overlap=0.021114
[step   110750] t/d=221.500 | task1=2.205106e-01 | |m1|=0.648068 | m1²=0.419992 | ||w||²/d=0.145154 | eps_adapter=8.928659e-01 | residual_overlap=0.021031
[step   111000] t/d=222.000 | task1=2.203770e-01 | |m1|=0.651589 | m1²=0.424568 | ||w||²/d=0.145792 | eps_adapter=8.910620e-01 | residual_overlap=0.020954
[step   111250] t/d=222.500 | task1=2.202651e-01 | |m1|=0.654734 | m1²=0.428677 | ||w||²/d=0.146365 | eps_adapter=8.894326e-01 | residual_overlap=0.020900
[step   111500] t/d=223.000 | task1=2.201444e-01 | |m1|=0.658045 | m1²=0.433023 | ||w||²/d=0.146784 | eps_adapter=8.878094e-01 | residual_overlap=0.020912
[step   111750] t/d=223.500 | task1=2.200198e-01 | |m1|=0.661146 | m1²=0.437114 | ||w||²/d=0.147572 | eps_adapter=8.860382e-01 | residual_overlap=0.020856
[step   112000] t/d=224.000 | task1=2.198771e-01 | |m1|=0.664402 | m1²=0.441430 | ||w||²/d=0.148257 | eps_adapter=8.842451e-01 | residual_overlap=0.020808
[step   112250] t/d=224.500 | task1=2.197625e-01 | |m1|=0.667642 | m1²=0.445746 | ||w||²/d=0.148636 | eps_adapter=8.826293e-01 | residual_overlap=0.020771
[step   112500] t/d=225.000 | task1=2.196102e-01 | |m1|=0.671274 | m1²=0.450608 | ||w||²/d=0.149300 | eps_adapter=8.806514e-01 | residual_overlap=0.020684
[step   112750] t/d=225.500 | task1=2.194848e-01 | |m1|=0.674277 | m1²=0.454649 | ||w||²/d=0.149835 | eps_adapter=8.790091e-01 | residual_overlap=0.020691
[step   113000] t/d=226.000 | task1=2.193510e-01 | |m1|=0.677165 | m1²=0.458553 | ||w||²/d=0.150612 | eps_adapter=8.772479e-01 | residual_overlap=0.020693
[step   113250] t/d=226.500 | task1=2.192023e-01 | |m1|=0.680392 | m1²=0.462934 | ||w||²/d=0.151225 | eps_adapter=8.754253e-01 | residual_overlap=0.020678
[step   113500] t/d=227.000 | task1=2.190679e-01 | |m1|=0.683432 | m1²=0.467079 | ||w||²/d=0.151865 | eps_adapter=8.736516e-01 | residual_overlap=0.020694
[step   113750] t/d=227.500 | task1=2.189498e-01 | |m1|=0.686474 | m1²=0.471246 | ||w||²/d=0.152171 | eps_adapter=8.720810e-01 | residual_overlap=0.020646
[step   114000] t/d=228.000 | task1=2.188214e-01 | |m1|=0.689465 | m1²=0.475363 | ||w||²/d=0.152723 | eps_adapter=8.703566e-01 | residual_overlap=0.020591
[step   114250] t/d=228.500 | task1=2.186742e-01 | |m1|=0.692899 | m1²=0.480109 | ||w||²/d=0.153546 | eps_adapter=8.682309e-01 | residual_overlap=0.020585
[step   114500] t/d=229.000 | task1=2.185393e-01 | |m1|=0.695895 | m1²=0.484270 | ||w||²/d=0.154387 | eps_adapter=8.662725e-01 | residual_overlap=0.020508
[step   114750] t/d=229.500 | task1=2.183945e-01 | |m1|=0.699159 | m1²=0.488823 | ||w||²/d=0.154953 | eps_adapter=8.643605e-01 | residual_overlap=0.020386
[step   115000] t/d=230.000 | task1=2.182754e-01 | |m1|=0.701646 | m1²=0.492307 | ||w||²/d=0.155522 | eps_adapter=8.627948e-01 | residual_overlap=0.020336
[step   115250] t/d=230.500 | task1=2.181320e-01 | |m1|=0.705064 | m1²=0.497116 | ||w||²/d=0.156044 | eps_adapter=8.608077e-01 | residual_overlap=0.020323
[step   115500] t/d=231.000 | task1=2.179646e-01 | |m1|=0.708277 | m1²=0.501656 | ||w||²/d=0.156908 | eps_adapter=8.586560e-01 | residual_overlap=0.020315
[step   115750] t/d=231.500 | task1=2.178086e-01 | |m1|=0.711427 | m1²=0.506128 | ||w||²/d=0.157837 | eps_adapter=8.564654e-01 | residual_overlap=0.020294
[step   116000] t/d=232.000 | task1=2.176595e-01 | |m1|=0.714097 | m1²=0.509935 | ||w||²/d=0.158750 | eps_adapter=8.544981e-01 | residual_overlap=0.020263
[step   116250] t/d=232.500 | task1=2.174994e-01 | |m1|=0.717066 | m1²=0.514183 | ||w||²/d=0.159537 | eps_adapter=8.524590e-01 | residual_overlap=0.020249
[step   116500] t/d=233.000 | task1=2.173220e-01 | |m1|=0.720628 | m1²=0.519305 | ||w||²/d=0.160407 | eps_adapter=8.500427e-01 | residual_overlap=0.020164
[step   116750] t/d=233.500 | task1=2.171589e-01 | |m1|=0.723375 | m1²=0.523271 | ||w||²/d=0.161347 | eps_adapter=8.479582e-01 | residual_overlap=0.020110
[step   117000] t/d=234.000 | task1=2.169817e-01 | |m1|=0.726713 | m1²=0.528112 | ||w||²/d=0.162253 | eps_adapter=8.455784e-01 | residual_overlap=0.020080
[step   117250] t/d=234.500 | task1=2.168294e-01 | |m1|=0.729851 | m1²=0.532682 | ||w||²/d=0.162967 | eps_adapter=8.434260e-01 | residual_overlap=0.020006
[step   117500] t/d=235.000 | task1=2.166678e-01 | |m1|=0.732713 | m1²=0.536868 | ||w||²/d=0.163963 | eps_adapter=8.411761e-01 | residual_overlap=0.019959
[step   117750] t/d=235.500 | task1=2.164925e-01 | |m1|=0.735591 | m1²=0.541095 | ||w||²/d=0.165024 | eps_adapter=8.388457e-01 | residual_overlap=0.019902
[step   118000] t/d=236.000 | task1=2.163448e-01 | |m1|=0.738266 | m1²=0.545037 | ||w||²/d=0.165924 | eps_adapter=8.367277e-01 | residual_overlap=0.019908
[step   118250] t/d=236.500 | task1=2.161529e-01 | |m1|=0.741528 | m1²=0.549864 | ||w||²/d=0.167180 | eps_adapter=8.339935e-01 | residual_overlap=0.019840
[step   118500] t/d=237.000 | task1=2.159626e-01 | |m1|=0.744792 | m1²=0.554715 | ||w||²/d=0.168241 | eps_adapter=8.313848e-01 | residual_overlap=0.019736
[step   118750] t/d=237.500 | task1=2.157945e-01 | |m1|=0.747324 | m1²=0.558494 | ||w||²/d=0.169253 | eps_adapter=8.291882e-01 | residual_overlap=0.019679
[step   119000] t/d=238.000 | task1=2.156365e-01 | |m1|=0.749683 | m1²=0.562025 | ||w||²/d=0.170104 | eps_adapter=8.272008e-01 | residual_overlap=0.019628
[step   119250] t/d=238.500 | task1=2.154417e-01 | |m1|=0.752611 | m1²=0.566423 | ||w||²/d=0.171127 | eps_adapter=8.247397e-01 | residual_overlap=0.019555
[step   119500] t/d=239.000 | task1=2.152404e-01 | |m1|=0.755723 | m1²=0.571118 | ||w||²/d=0.172153 | eps_adapter=8.221488e-01 | residual_overlap=0.019483
[step   119750] t/d=239.500 | task1=2.150370e-01 | |m1|=0.758680 | m1²=0.575595 | ||w||²/d=0.173219 | eps_adapter=8.195871e-01 | residual_overlap=0.019418
[step   120000] t/d=240.000 | task1=2.148387e-01 | |m1|=0.761790 | m1²=0.580323 | ||w||²/d=0.174208 | eps_adapter=8.169780e-01 | residual_overlap=0.019403
[step   120250] t/d=240.500 | task1=2.146624e-01 | |m1|=0.764365 | m1²=0.584254 | ||w||²/d=0.175290 | eps_adapter=8.145742e-01 | residual_overlap=0.019353
[step   120500] t/d=241.000 | task1=2.144598e-01 | |m1|=0.767323 | m1²=0.588784 | ||w||²/d=0.176732 | eps_adapter=8.116164e-01 | residual_overlap=0.019360
[step   120750] t/d=241.500 | task1=2.142921e-01 | |m1|=0.769687 | m1²=0.592418 | ||w||²/d=0.177690 | eps_adapter=8.093988e-01 | residual_overlap=0.019278
[step   121000] t/d=242.000 | task1=2.140735e-01 | |m1|=0.772342 | m1²=0.596513 | ||w||²/d=0.179075 | eps_adapter=8.066177e-01 | residual_overlap=0.019249
[step   121250] t/d=242.500 | task1=2.138659e-01 | |m1|=0.775130 | m1²=0.600826 | ||w||²/d=0.180388 | eps_adapter=8.037957e-01 | residual_overlap=0.019269
[step   121500] t/d=243.000 | task1=2.136852e-01 | |m1|=0.777651 | m1²=0.604741 | ||w||²/d=0.181586 | eps_adapter=8.012099e-01 | residual_overlap=0.019183
[step   121750] t/d=243.500 | task1=2.135081e-01 | |m1|=0.780355 | m1²=0.608954 | ||w||²/d=0.182602 | eps_adapter=7.986519e-01 | residual_overlap=0.019131
[step   122000] t/d=244.000 | task1=2.133037e-01 | |m1|=0.782975 | m1²=0.613049 | ||w||²/d=0.184045 | eps_adapter=7.957425e-01 | residual_overlap=0.019073
[step   122250] t/d=244.500 | task1=2.131186e-01 | |m1|=0.785313 | m1²=0.616717 | ||w||²/d=0.185359 | eps_adapter=7.930997e-01 | residual_overlap=0.019011
[step   122500] t/d=245.000 | task1=2.129109e-01 | |m1|=0.787756 | m1²=0.620560 | ||w||²/d=0.186782 | eps_adapter=7.902706e-01 | residual_overlap=0.018956
[step   122750] t/d=245.500 | task1=2.127231e-01 | |m1|=0.790499 | m1²=0.624889 | ||w||²/d=0.187778 | eps_adapter=7.876134e-01 | residual_overlap=0.018939
[step   123000] t/d=246.000 | task1=2.125199e-01 | |m1|=0.793002 | m1²=0.628852 | ||w||²/d=0.189134 | eps_adapter=7.847602e-01 | residual_overlap=0.018897
[step   123250] t/d=246.500 | task1=2.122905e-01 | |m1|=0.795953 | m1²=0.633541 | ||w||²/d=0.190449 | eps_adapter=7.816266e-01 | residual_overlap=0.018854
[step   123500] t/d=247.000 | task1=2.120807e-01 | |m1|=0.798751 | m1²=0.638002 | ||w||²/d=0.191529 | eps_adapter=7.787830e-01 | residual_overlap=0.018805
[step   123750] t/d=247.500 | task1=2.118631e-01 | |m1|=0.801324 | m1²=0.642121 | ||w||²/d=0.192995 | eps_adapter=7.757024e-01 | residual_overlap=0.018776
[step   124000] t/d=248.000 | task1=2.116598e-01 | |m1|=0.803743 | m1²=0.646003 | ||w||²/d=0.194168 | eps_adapter=7.729767e-01 | residual_overlap=0.018748
[step   124250] t/d=248.500 | task1=2.114439e-01 | |m1|=0.806295 | m1²=0.650111 | ||w||²/d=0.195335 | eps_adapter=7.701440e-01 | residual_overlap=0.018705
[step   124500] t/d=249.000 | task1=2.111648e-01 | |m1|=0.808989 | m1²=0.654463 | ||w||²/d=0.197134 | eps_adapter=7.665870e-01 | residual_overlap=0.018661
[step   124750] t/d=249.500 | task1=2.109438e-01 | |m1|=0.811284 | m1²=0.658181 | ||w||²/d=0.198734 | eps_adapter=7.634670e-01 | residual_overlap=0.018676
[step   125000] t/d=250.000 | task1=2.107419e-01 | |m1|=0.813757 | m1²=0.662201 | ||w||²/d=0.199797 | eps_adapter=7.607148e-01 | residual_overlap=0.018611
[step   125250] t/d=250.500 | task1=2.105081e-01 | |m1|=0.816262 | m1²=0.666284 | ||w||²/d=0.201150 | eps_adapter=7.576372e-01 | residual_overlap=0.018513
[step   125500] t/d=251.000 | task1=2.102571e-01 | |m1|=0.819215 | m1²=0.671114 | ||w||²/d=0.202801 | eps_adapter=7.539228e-01 | residual_overlap=0.018496
[step   125750] t/d=251.500 | task1=2.100317e-01 | |m1|=0.821537 | m1²=0.674924 | ||w||²/d=0.204336 | eps_adapter=7.507438e-01 | residual_overlap=0.018498
[step   126000] t/d=252.000 | task1=2.097904e-01 | |m1|=0.824145 | m1²=0.679215 | ||w||²/d=0.205863 | eps_adapter=7.473388e-01 | residual_overlap=0.018421
[step   126250] t/d=252.500 | task1=2.095881e-01 | |m1|=0.826189 | m1²=0.682589 | ||w||²/d=0.207238 | eps_adapter=7.444735e-01 | residual_overlap=0.018348
[step   126500] t/d=253.000 | task1=2.093567e-01 | |m1|=0.828438 | m1²=0.686310 | ||w||²/d=0.208655 | eps_adapter=7.413939e-01 | residual_overlap=0.018332
[step   126750] t/d=253.500 | task1=2.091074e-01 | |m1|=0.830831 | m1²=0.690281 | ||w||²/d=0.210224 | eps_adapter=7.380299e-01 | residual_overlap=0.018281
[step   127000] t/d=254.000 | task1=2.088324e-01 | |m1|=0.833319 | m1²=0.694420 | ||w||²/d=0.211858 | eps_adapter=7.345030e-01 | residual_overlap=0.018278
[step   127250] t/d=254.500 | task1=2.086031e-01 | |m1|=0.835585 | m1²=0.698202 | ||w||²/d=0.213426 | eps_adapter=7.311846e-01 | residual_overlap=0.018230
[step   127500] t/d=255.000 | task1=2.083815e-01 | |m1|=0.837770 | m1²=0.701859 | ||w||²/d=0.214719 | eps_adapter=7.281833e-01 | residual_overlap=0.018258
[step   127750] t/d=255.500 | task1=2.081287e-01 | |m1|=0.839799 | m1²=0.705262 | ||w||²/d=0.216369 | eps_adapter=7.249207e-01 | residual_overlap=0.018226
[step   128000] t/d=256.000 | task1=2.079074e-01 | |m1|=0.841719 | m1²=0.708490 | ||w||²/d=0.217798 | eps_adapter=7.219482e-01 | residual_overlap=0.018189
[step   128250] t/d=256.500 | task1=2.076849e-01 | |m1|=0.843626 | m1²=0.711705 | ||w||²/d=0.219335 | eps_adapter=7.188557e-01 | residual_overlap=0.018167
[step   128500] t/d=257.000 | task1=2.074334e-01 | |m1|=0.845722 | m1²=0.715246 | ||w||²/d=0.221204 | eps_adapter=7.152498e-01 | residual_overlap=0.018165
[step   128750] t/d=257.500 | task1=2.071878e-01 | |m1|=0.847669 | m1²=0.718543 | ||w||²/d=0.222799 | eps_adapter=7.120246e-01 | residual_overlap=0.018147
[step   129000] t/d=258.000 | task1=2.069154e-01 | |m1|=0.849875 | m1²=0.722288 | ||w||²/d=0.224563 | eps_adapter=7.083901e-01 | residual_overlap=0.018123
[step   129250] t/d=258.500 | task1=2.066350e-01 | |m1|=0.852059 | m1²=0.726005 | ||w||²/d=0.226229 | eps_adapter=7.048489e-01 | residual_overlap=0.018111
[step   129500] t/d=259.000 | task1=2.064102e-01 | |m1|=0.853911 | m1²=0.729163 | ||w||²/d=0.227771 | eps_adapter=7.016925e-01 | residual_overlap=0.018147
[step   129750] t/d=259.500 | task1=2.061283e-01 | |m1|=0.856169 | m1²=0.733025 | ||w||²/d=0.229540 | eps_adapter=6.979349e-01 | residual_overlap=0.018133
[step   130000] t/d=260.000 | task1=2.058711e-01 | |m1|=0.858341 | m1²=0.736750 | ||w||²/d=0.231124 | eps_adapter=6.944172e-01 | residual_overlap=0.018094
[step   130250] t/d=260.500 | task1=2.055875e-01 | |m1|=0.860467 | m1²=0.740403 | ||w||²/d=0.232742 | eps_adapter=6.908806e-01 | residual_overlap=0.018093
[step   130500] t/d=261.000 | task1=2.053504e-01 | |m1|=0.862098 | m1²=0.743212 | ||w||²/d=0.234684 | eps_adapter=6.874089e-01 | residual_overlap=0.018015
[step   130750] t/d=261.500 | task1=2.050932e-01 | |m1|=0.863958 | m1²=0.746423 | ||w||²/d=0.236558 | eps_adapter=6.837892e-01 | residual_overlap=0.018008
[step   131000] t/d=262.000 | task1=2.048089e-01 | |m1|=0.865809 | m1²=0.749624 | ||w||²/d=0.238601 | eps_adapter=6.799768e-01 | residual_overlap=0.017967
[step   131250] t/d=262.500 | task1=2.045219e-01 | |m1|=0.867729 | m1²=0.752954 | ||w||²/d=0.240672 | eps_adapter=6.760490e-01 | residual_overlap=0.017924
[step   131500] t/d=263.000 | task1=2.042347e-01 | |m1|=0.869479 | m1²=0.755993 | ||w||²/d=0.242749 | eps_adapter=6.722474e-01 | residual_overlap=0.017879
[step   131750] t/d=263.500 | task1=2.039547e-01 | |m1|=0.871414 | m1²=0.759362 | ||w||²/d=0.244699 | eps_adapter=6.683905e-01 | residual_overlap=0.017844
[step   132000] t/d=264.000 | task1=2.036911e-01 | |m1|=0.873302 | m1²=0.762657 | ||w||²/d=0.246415 | eps_adapter=6.648039e-01 | residual_overlap=0.017813
[step   132250] t/d=264.500 | task1=2.034216e-01 | |m1|=0.875131 | m1²=0.765854 | ||w||²/d=0.248557 | eps_adapter=6.607948e-01 | residual_overlap=0.017792
[step   132500] t/d=265.000 | task1=2.031589e-01 | |m1|=0.876588 | m1²=0.768407 | ||w||²/d=0.250578 | eps_adapter=6.572460e-01 | residual_overlap=0.017744
[step   132750] t/d=265.500 | task1=2.028446e-01 | |m1|=0.878340 | m1²=0.771481 | ||w||²/d=0.252810 | eps_adapter=6.531721e-01 | residual_overlap=0.017724
[step   133000] t/d=266.000 | task1=2.025923e-01 | |m1|=0.879768 | m1²=0.773992 | ||w||²/d=0.255031 | eps_adapter=6.494020e-01 | residual_overlap=0.017674
[step   133250] t/d=266.500 | task1=2.022959e-01 | |m1|=0.881599 | m1²=0.777217 | ||w||²/d=0.257068 | eps_adapter=6.454219e-01 | residual_overlap=0.017648
[step   133500] t/d=267.000 | task1=2.020059e-01 | |m1|=0.883514 | m1²=0.780597 | ||w||²/d=0.258937 | eps_adapter=6.415177e-01 | residual_overlap=0.017609
[step   133750] t/d=267.500 | task1=2.017232e-01 | |m1|=0.885182 | m1²=0.783548 | ||w||²/d=0.260811 | eps_adapter=6.378310e-01 | residual_overlap=0.017575
[step   134000] t/d=268.000 | task1=2.013788e-01 | |m1|=0.887180 | m1²=0.787088 | ||w||²/d=0.263386 | eps_adapter=6.330324e-01 | residual_overlap=0.017540
[step   134250] t/d=268.500 | task1=2.010960e-01 | |m1|=0.888948 | m1²=0.790228 | ||w||²/d=0.265415 | eps_adapter=6.290331e-01 | residual_overlap=0.017480
[step   134500] t/d=269.000 | task1=2.008283e-01 | |m1|=0.890371 | m1²=0.792760 | ||w||²/d=0.267392 | eps_adapter=6.254241e-01 | residual_overlap=0.017493
[step   134750] t/d=269.500 | task1=2.005572e-01 | |m1|=0.892020 | m1²=0.795700 | ||w||²/d=0.269545 | eps_adapter=6.213728e-01 | residual_overlap=0.017465
[step   135000] t/d=270.000 | task1=2.002704e-01 | |m1|=0.893470 | m1²=0.798289 | ||w||²/d=0.271637 | eps_adapter=6.175778e-01 | residual_overlap=0.017377
[step   135250] t/d=270.500 | task1=1.999527e-01 | |m1|=0.894944 | m1²=0.800925 | ||w||²/d=0.273984 | eps_adapter=6.134634e-01 | residual_overlap=0.017319
[step   135500] t/d=271.000 | task1=1.997311e-01 | |m1|=0.896310 | m1²=0.803372 | ||w||²/d=0.275681 | eps_adapter=6.101580e-01 | residual_overlap=0.017318
[step   135750] t/d=271.500 | task1=1.993894e-01 | |m1|=0.898042 | m1²=0.806480 | ||w||²/d=0.278260 | eps_adapter=6.054797e-01 | residual_overlap=0.017277
[step   136000] t/d=272.000 | task1=1.991141e-01 | |m1|=0.899515 | m1²=0.809127 | ||w||²/d=0.280200 | eps_adapter=6.017607e-01 | residual_overlap=0.017251
[step   136250] t/d=272.500 | task1=1.988609e-01 | |m1|=0.900883 | m1²=0.811591 | ||w||²/d=0.282107 | eps_adapter=5.981768e-01 | residual_overlap=0.017176
[step   136500] t/d=273.000 | task1=1.985841e-01 | |m1|=0.902315 | m1²=0.814172 | ||w||²/d=0.284208 | eps_adapter=5.942968e-01 | residual_overlap=0.017150
[step   136750] t/d=273.500 | task1=1.983025e-01 | |m1|=0.903852 | m1²=0.816948 | ||w||²/d=0.286298 | eps_adapter=5.902944e-01 | residual_overlap=0.017120
[step   137000] t/d=274.000 | task1=1.980022e-01 | |m1|=0.905231 | m1²=0.819443 | ||w||²/d=0.288752 | eps_adapter=5.860522e-01 | residual_overlap=0.017097
[step   137250] t/d=274.500 | task1=1.977095e-01 | |m1|=0.906545 | m1²=0.821823 | ||w||²/d=0.290938 | eps_adapter=5.821650e-01 | residual_overlap=0.017046
[step   137500] t/d=275.000 | task1=1.973868e-01 | |m1|=0.908044 | m1²=0.824544 | ||w||²/d=0.293215 | eps_adapter=5.779501e-01 | residual_overlap=0.017007
[step   137750] t/d=275.500 | task1=1.971248e-01 | |m1|=0.909522 | m1²=0.827231 | ||w||²/d=0.295059 | eps_adapter=5.742182e-01 | residual_overlap=0.017018
[step   138000] t/d=276.000 | task1=1.968485e-01 | |m1|=0.910701 | m1²=0.829377 | ||w||²/d=0.297032 | eps_adapter=5.706777e-01 | residual_overlap=0.017041
[step   138250] t/d=276.500 | task1=1.965656e-01 | |m1|=0.911847 | m1²=0.831465 | ||w||²/d=0.299332 | eps_adapter=5.668066e-01 | residual_overlap=0.017018
[step   138500] t/d=277.000 | task1=1.962595e-01 | |m1|=0.913219 | m1²=0.833968 | ||w||²/d=0.301802 | eps_adapter=5.624698e-01 | residual_overlap=0.016979
[step   138750] t/d=277.500 | task1=1.959797e-01 | |m1|=0.914676 | m1²=0.836633 | ||w||²/d=0.303828 | eps_adapter=5.585018e-01 | residual_overlap=0.016962
[step   139000] t/d=278.000 | task1=1.956814e-01 | |m1|=0.916063 | m1²=0.839172 | ||w||²/d=0.306357 | eps_adapter=5.540501e-01 | residual_overlap=0.016986
[step   139250] t/d=278.500 | task1=1.953968e-01 | |m1|=0.917330 | m1²=0.841494 | ||w||²/d=0.308679 | eps_adapter=5.499575e-01 | residual_overlap=0.017003
[step   139500] t/d=279.000 | task1=1.951167e-01 | |m1|=0.918783 | m1²=0.844162 | ||w||²/d=0.310686 | eps_adapter=5.459684e-01 | residual_overlap=0.016980
[step   139750] t/d=279.500 | task1=1.948367e-01 | |m1|=0.920046 | m1²=0.846485 | ||w||²/d=0.312712 | eps_adapter=5.421768e-01 | residual_overlap=0.016949
[step   140000] t/d=280.000 | task1=1.945494e-01 | |m1|=0.921265 | m1²=0.848729 | ||w||²/d=0.314924 | eps_adapter=5.382255e-01 | residual_overlap=0.016922
[step   140250] t/d=280.500 | task1=1.942283e-01 | |m1|=0.922530 | m1²=0.851061 | ||w||²/d=0.317287 | eps_adapter=5.340361e-01 | residual_overlap=0.016888
[step   140500] t/d=281.000 | task1=1.938631e-01 | |m1|=0.923945 | m1²=0.853673 | ||w||²/d=0.320087 | eps_adapter=5.291643e-01 | residual_overlap=0.016901
[step   140750] t/d=281.500 | task1=1.935924e-01 | |m1|=0.925026 | m1²=0.855673 | ||w||²/d=0.322428 | eps_adapter=5.252086e-01 | residual_overlap=0.016914
[step   141000] t/d=282.000 | task1=1.933218e-01 | |m1|=0.926240 | m1²=0.857920 | ||w||²/d=0.324367 | eps_adapter=5.215129e-01 | residual_overlap=0.016894
[step   141250] t/d=282.500 | task1=1.929711e-01 | |m1|=0.927589 | m1²=0.860422 | ||w||²/d=0.327404 | eps_adapter=5.164224e-01 | residual_overlap=0.016816
[step   141500] t/d=283.000 | task1=1.926613e-01 | |m1|=0.928654 | m1²=0.862398 | ||w||²/d=0.329679 | eps_adapter=5.125299e-01 | residual_overlap=0.016792
[step   141750] t/d=283.500 | task1=1.924062e-01 | |m1|=0.929656 | m1²=0.864260 | ||w||²/d=0.331820 | eps_adapter=5.088596e-01 | residual_overlap=0.016802
[step   142000] t/d=284.000 | task1=1.921375e-01 | |m1|=0.930633 | m1²=0.866078 | ||w||²/d=0.334027 | eps_adapter=5.051406e-01 | residual_overlap=0.016759
[step   142250] t/d=284.500 | task1=1.918920e-01 | |m1|=0.931591 | m1²=0.867862 | ||w||²/d=0.335996 | eps_adapter=5.017006e-01 | residual_overlap=0.016745
[step   142500] t/d=285.000 | task1=1.915916e-01 | |m1|=0.932715 | m1²=0.869958 | ||w||²/d=0.338213 | eps_adapter=4.977564e-01 | residual_overlap=0.016689
[step   142750] t/d=285.500 | task1=1.912731e-01 | |m1|=0.933739 | m1²=0.871869 | ||w||²/d=0.341330 | eps_adapter=4.929600e-01 | residual_overlap=0.016660
[step   143000] t/d=286.000 | task1=1.909857e-01 | |m1|=0.934764 | m1²=0.873784 | ||w||²/d=0.343724 | eps_adapter=4.889422e-01 | residual_overlap=0.016615
[step   143250] t/d=286.500 | task1=1.907023e-01 | |m1|=0.935631 | m1²=0.875406 | ||w||²/d=0.346146 | eps_adapter=4.851061e-01 | residual_overlap=0.016567
[step   143500] t/d=287.000 | task1=1.904324e-01 | |m1|=0.936816 | m1²=0.877624 | ||w||²/d=0.348727 | eps_adapter=4.806457e-01 | residual_overlap=0.016524
[step   143750] t/d=287.500 | task1=1.901427e-01 | |m1|=0.937782 | m1²=0.879436 | ||w||²/d=0.351492 | eps_adapter=4.762871e-01 | residual_overlap=0.016540
[step   144000] t/d=288.000 | task1=1.898338e-01 | |m1|=0.939047 | m1²=0.881810 | ||w||²/d=0.354315 | eps_adapter=4.714306e-01 | residual_overlap=0.016496
[step   144250] t/d=288.500 | task1=1.894723e-01 | |m1|=0.940333 | m1²=0.884225 | ||w||²/d=0.357643 | eps_adapter=4.659878e-01 | residual_overlap=0.016447
[step   144500] t/d=289.000 | task1=1.891915e-01 | |m1|=0.941262 | m1²=0.885974 | ||w||²/d=0.360032 | eps_adapter=4.620643e-01 | residual_overlap=0.016455
[step   144750] t/d=289.500 | task1=1.889601e-01 | |m1|=0.942072 | m1²=0.887499 | ||w||²/d=0.362133 | eps_adapter=4.586201e-01 | residual_overlap=0.016441
[step   145000] t/d=290.000 | task1=1.887058e-01 | |m1|=0.942916 | m1²=0.889091 | ||w||²/d=0.364320 | eps_adapter=4.550268e-01 | residual_overlap=0.016449
[step   145250] t/d=290.500 | task1=1.884593e-01 | |m1|=0.943660 | m1²=0.890493 | ||w||²/d=0.367034 | eps_adapter=4.510177e-01 | residual_overlap=0.016459
[step   145500] t/d=291.000 | task1=1.881793e-01 | |m1|=0.944505 | m1²=0.892089 | ||w||²/d=0.369643 | eps_adapter=4.469666e-01 | residual_overlap=0.016439
[step   145750] t/d=291.500 | task1=1.878955e-01 | |m1|=0.945441 | m1²=0.893859 | ||w||²/d=0.372342 | eps_adapter=4.426777e-01 | residual_overlap=0.016419
[step   146000] t/d=292.000 | task1=1.876150e-01 | |m1|=0.946291 | m1²=0.895467 | ||w||²/d=0.375264 | eps_adapter=4.382802e-01 | residual_overlap=0.016346
[step   146250] t/d=292.500 | task1=1.873313e-01 | |m1|=0.947138 | m1²=0.897071 | ||w||²/d=0.378055 | eps_adapter=4.340240e-01 | residual_overlap=0.016359
[step   146500] t/d=293.000 | task1=1.870019e-01 | |m1|=0.948117 | m1²=0.898927 | ||w||²/d=0.381208 | eps_adapter=4.291782e-01 | residual_overlap=0.016389
[step   146750] t/d=293.500 | task1=1.867322e-01 | |m1|=0.948845 | m1²=0.900306 | ||w||²/d=0.383630 | eps_adapter=4.254924e-01 | residual_overlap=0.016370
[step   147000] t/d=294.000 | task1=1.864549e-01 | |m1|=0.949670 | m1²=0.901872 | ||w||²/d=0.386333 | eps_adapter=4.213562e-01 | residual_overlap=0.016387
[step   147250] t/d=294.500 | task1=1.861864e-01 | |m1|=0.950523 | m1²=0.903495 | ||w||²/d=0.388971 | eps_adapter=4.172386e-01 | residual_overlap=0.016361
[step   147500] t/d=295.000 | task1=1.859022e-01 | |m1|=0.951358 | m1²=0.905081 | ||w||²/d=0.391608 | eps_adapter=4.131506e-01 | residual_overlap=0.016294
[step   147750] t/d=295.500 | task1=1.855990e-01 | |m1|=0.952054 | m1²=0.906408 | ||w||²/d=0.394474 | eps_adapter=4.090448e-01 | residual_overlap=0.016319
[step   148000] t/d=296.000 | task1=1.852878e-01 | |m1|=0.952917 | m1²=0.908050 | ||w||²/d=0.397539 | eps_adapter=4.044645e-01 | residual_overlap=0.016332
[step   148250] t/d=296.500 | task1=1.849590e-01 | |m1|=0.953727 | m1²=0.909595 | ||w||²/d=0.401134 | eps_adapter=3.994232e-01 | residual_overlap=0.016362
[step   148500] t/d=297.000 | task1=1.847227e-01 | |m1|=0.954581 | m1²=0.911225 | ||w||²/d=0.403741 | eps_adapter=3.953275e-01 | residual_overlap=0.016299
[step   148750] t/d=297.500 | task1=1.844611e-01 | |m1|=0.955427 | m1²=0.912840 | ||w||²/d=0.406376 | eps_adapter=3.912124e-01 | residual_overlap=0.016307
[step   149000] t/d=298.000 | task1=1.841925e-01 | |m1|=0.956147 | m1²=0.914216 | ||w||²/d=0.408920 | eps_adapter=3.873995e-01 | residual_overlap=0.016277
[step   149250] t/d=298.500 | task1=1.839213e-01 | |m1|=0.956867 | m1²=0.915594 | ||w||²/d=0.411935 | eps_adapter=3.831052e-01 | residual_overlap=0.016255
[step   149500] t/d=299.000 | task1=1.836374e-01 | |m1|=0.957562 | m1²=0.916925 | ||w||²/d=0.415037 | eps_adapter=3.787695e-01 | residual_overlap=0.016196
[step   149750] t/d=299.500 | task1=1.833927e-01 | |m1|=0.958115 | m1²=0.917985 | ||w||²/d=0.417659 | eps_adapter=3.751665e-01 | residual_overlap=0.016228
[step   150000] t/d=300.000 | task1=1.831468e-01 | |m1|=0.958794 | m1²=0.919286 | ||w||²/d=0.420189 | eps_adapter=3.714404e-01 | residual_overlap=0.016196
[step   150250] t/d=300.500 | task1=1.828715e-01 | |m1|=0.959549 | m1²=0.920734 | ||w||²/d=0.422976 | eps_adapter=3.673240e-01 | residual_overlap=0.016180
[step   150500] t/d=301.000 | task1=1.826381e-01 | |m1|=0.960068 | m1²=0.921730 | ||w||²/d=0.425721 | eps_adapter=3.636663e-01 | residual_overlap=0.016220
[step   150750] t/d=301.500 | task1=1.823852e-01 | |m1|=0.960696 | m1²=0.922936 | ||w||²/d=0.428514 | eps_adapter=3.597714e-01 | residual_overlap=0.016196
[step   151000] t/d=302.000 | task1=1.821354e-01 | |m1|=0.961303 | m1²=0.924104 | ||w||²/d=0.431534 | eps_adapter=3.556922e-01 | residual_overlap=0.016188
[step   151250] t/d=302.500 | task1=1.818771e-01 | |m1|=0.961916 | m1²=0.925283 | ||w||²/d=0.434570 | eps_adapter=3.515921e-01 | residual_overlap=0.016208
[step   151500] t/d=303.000 | task1=1.816258e-01 | |m1|=0.962612 | m1²=0.926622 | ||w||²/d=0.437188 | eps_adapter=3.477569e-01 | residual_overlap=0.016211
[step   151750] t/d=303.500 | task1=1.813938e-01 | |m1|=0.963079 | m1²=0.927521 | ||w||²/d=0.440219 | eps_adapter=3.439371e-01 | residual_overlap=0.016195
[step   152000] t/d=304.000 | task1=1.812050e-01 | |m1|=0.963621 | m1²=0.928565 | ||w||²/d=0.442382 | eps_adapter=3.408324e-01 | residual_overlap=0.016192
[step   152250] t/d=304.500 | task1=1.810174e-01 | |m1|=0.964078 | m1²=0.929446 | ||w||²/d=0.445043 | eps_adapter=3.374025e-01 | residual_overlap=0.016182
[step   152500] t/d=305.000 | task1=1.808038e-01 | |m1|=0.964599 | m1²=0.930452 | ||w||²/d=0.447780 | eps_adapter=3.337856e-01 | residual_overlap=0.016195
[step   152750] t/d=305.500 | task1=1.805649e-01 | |m1|=0.965238 | m1²=0.931684 | ||w||²/d=0.450068 | eps_adapter=3.303847e-01 | residual_overlap=0.016174
[step   153000] t/d=306.000 | task1=1.802844e-01 | |m1|=0.965929 | m1²=0.933018 | ||w||²/d=0.452875 | eps_adapter=3.263866e-01 | residual_overlap=0.016137
[step   153250] t/d=306.500 | task1=1.800374e-01 | |m1|=0.966535 | m1²=0.934190 | ||w||²/d=0.455841 | eps_adapter=3.223994e-01 | residual_overlap=0.016090
[step   153500] t/d=307.000 | task1=1.797566e-01 | |m1|=0.967152 | m1²=0.935383 | ||w||²/d=0.458860 | eps_adapter=3.183451e-01 | residual_overlap=0.016080
[step   153750] t/d=307.500 | task1=1.795104e-01 | |m1|=0.967810 | m1²=0.936656 | ||w||²/d=0.462159 | eps_adapter=3.139526e-01 | residual_overlap=0.016023
[step   154000] t/d=308.000 | task1=1.792755e-01 | |m1|=0.968337 | m1²=0.937677 | ||w||²/d=0.464693 | eps_adapter=3.105404e-01 | residual_overlap=0.016019
[step   154250] t/d=308.500 | task1=1.790907e-01 | |m1|=0.968723 | m1²=0.938424 | ||w||²/d=0.467149 | eps_adapter=3.074819e-01 | residual_overlap=0.016073
[step   154500] t/d=309.000 | task1=1.788731e-01 | |m1|=0.969209 | m1²=0.939366 | ||w||²/d=0.470178 | eps_adapter=3.036963e-01 | residual_overlap=0.016052
[step   154750] t/d=309.500 | task1=1.786579e-01 | |m1|=0.969717 | m1²=0.940351 | ||w||²/d=0.472716 | eps_adapter=3.003319e-01 | residual_overlap=0.016087
[step   155000] t/d=310.000 | task1=1.783914e-01 | |m1|=0.970207 | m1²=0.941301 | ||w||²/d=0.475968 | eps_adapter=2.963484e-01 | residual_overlap=0.016075
[step   155250] t/d=310.500 | task1=1.781729e-01 | |m1|=0.970630 | m1²=0.942122 | ||w||²/d=0.478521 | eps_adapter=2.931514e-01 | residual_overlap=0.016085
[step   155500] t/d=311.000 | task1=1.779651e-01 | |m1|=0.971083 | m1²=0.943001 | ||w||²/d=0.480907 | eps_adapter=2.900527e-01 | residual_overlap=0.016071
[step   155750] t/d=311.500 | task1=1.777280e-01 | |m1|=0.971470 | m1²=0.943754 | ||w||²/d=0.483736 | eps_adapter=2.866870e-01 | residual_overlap=0.016108
[step   156000] t/d=312.000 | task1=1.774967e-01 | |m1|=0.971930 | m1²=0.944649 | ||w||²/d=0.486493 | eps_adapter=2.832459e-01 | residual_overlap=0.016100
[step   156250] t/d=312.500 | task1=1.772671e-01 | |m1|=0.972301 | m1²=0.945370 | ||w||²/d=0.489994 | eps_adapter=2.793266e-01 | residual_overlap=0.016074
[step   156500] t/d=313.000 | task1=1.770733e-01 | |m1|=0.972803 | m1²=0.946345 | ||w||²/d=0.492361 | eps_adapter=2.761683e-01 | residual_overlap=0.016062
[step   156750] t/d=313.500 | task1=1.768568e-01 | |m1|=0.973271 | m1²=0.947257 | ||w||²/d=0.495083 | eps_adapter=2.727645e-01 | residual_overlap=0.016045
[step   157000] t/d=314.000 | task1=1.766184e-01 | |m1|=0.973882 | m1²=0.948446 | ||w||²/d=0.497609 | eps_adapter=2.692428e-01 | residual_overlap=0.016004
[step   157250] t/d=314.500 | task1=1.764073e-01 | |m1|=0.974410 | m1²=0.949474 | ||w||²/d=0.500190 | eps_adapter=2.658480e-01 | residual_overlap=0.015976
[step   157500] t/d=315.000 | task1=1.761435e-01 | |m1|=0.974936 | m1²=0.950500 | ||w||²/d=0.503492 | eps_adapter=2.618258e-01 | residual_overlap=0.015940
[step   157750] t/d=315.500 | task1=1.759029e-01 | |m1|=0.975352 | m1²=0.951311 | ||w||²/d=0.506030 | eps_adapter=2.587175e-01 | residual_overlap=0.015978
[step   158000] t/d=316.000 | task1=1.757282e-01 | |m1|=0.975704 | m1²=0.951999 | ||w||²/d=0.509038 | eps_adapter=2.553414e-01 | residual_overlap=0.015963
[step   158250] t/d=316.500 | task1=1.755141e-01 | |m1|=0.976106 | m1²=0.952784 | ||w||²/d=0.511757 | eps_adapter=2.521199e-01 | residual_overlap=0.015945
[step   158500] t/d=317.000 | task1=1.753169e-01 | |m1|=0.976497 | m1²=0.953546 | ||w||²/d=0.514152 | eps_adapter=2.492098e-01 | residual_overlap=0.015948
[step   158750] t/d=317.500 | task1=1.751019e-01 | |m1|=0.976904 | m1²=0.954341 | ||w||²/d=0.516733 | eps_adapter=2.461104e-01 | residual_overlap=0.015892
[step   159000] t/d=318.000 | task1=1.748908e-01 | |m1|=0.977297 | m1²=0.955109 | ||w||²/d=0.519864 | eps_adapter=2.425799e-01 | residual_overlap=0.015897
[step   159250] t/d=318.500 | task1=1.747344e-01 | |m1|=0.977699 | m1²=0.955895 | ||w||²/d=0.522335 | eps_adapter=2.395990e-01 | residual_overlap=0.015853
[step   159500] t/d=319.000 | task1=1.745546e-01 | |m1|=0.978093 | m1²=0.956667 | ||w||²/d=0.524795 | eps_adapter=2.366491e-01 | residual_overlap=0.015891
[step   159750] t/d=319.500 | task1=1.743821e-01 | |m1|=0.978408 | m1²=0.957283 | ||w||²/d=0.527528 | eps_adapter=2.336544e-01 | residual_overlap=0.015901
[step   160000] t/d=320.000 | task1=1.742493e-01 | |m1|=0.978677 | m1²=0.957810 | ||w||²/d=0.529465 | eps_adapter=2.314351e-01 | residual_overlap=0.015915
[step   160250] t/d=320.500 | task1=1.740780e-01 | |m1|=0.979059 | m1²=0.958556 | ||w||²/d=0.531582 | eps_adapter=2.288183e-01 | residual_overlap=0.015903
[step   160500] t/d=321.000 | task1=1.738728e-01 | |m1|=0.979490 | m1²=0.959400 | ||w||²/d=0.534256 | eps_adapter=2.256324e-01 | residual_overlap=0.015925
[step   160750] t/d=321.500 | task1=1.737740e-01 | |m1|=0.979739 | m1²=0.959889 | ||w||²/d=0.536233 | eps_adapter=2.234370e-01 | residual_overlap=0.015922
[step   161000] t/d=322.000 | task1=1.735918e-01 | |m1|=0.980019 | m1²=0.960437 | ||w||²/d=0.539075 | eps_adapter=2.204716e-01 | residual_overlap=0.015971
[step   161250] t/d=322.500 | task1=1.734583e-01 | |m1|=0.980224 | m1²=0.960838 | ||w||²/d=0.541485 | eps_adapter=2.180403e-01 | residual_overlap=0.015962
[step   161500] t/d=323.000 | task1=1.733245e-01 | |m1|=0.980537 | m1²=0.961453 | ||w||²/d=0.543811 | eps_adapter=2.154356e-01 | residual_overlap=0.015952
[step   161750] t/d=323.500 | task1=1.731479e-01 | |m1|=0.980826 | m1²=0.962019 | ||w||²/d=0.546782 | eps_adapter=2.123768e-01 | residual_overlap=0.015973
[step   162000] t/d=324.000 | task1=1.729587e-01 | |m1|=0.981198 | m1²=0.962750 | ||w||²/d=0.549458 | eps_adapter=2.093706e-01 | residual_overlap=0.015964
[step   162250] t/d=324.500 | task1=1.727537e-01 | |m1|=0.981487 | m1²=0.963317 | ||w||²/d=0.552073 | eps_adapter=2.066161e-01 | residual_overlap=0.015983
[step   162500] t/d=325.000 | task1=1.726311e-01 | |m1|=0.981704 | m1²=0.963742 | ||w||²/d=0.554618 | eps_adapter=2.040965e-01 | residual_overlap=0.015974
[step   162750] t/d=325.500 | task1=1.724974e-01 | |m1|=0.981951 | m1²=0.964228 | ||w||²/d=0.556918 | eps_adapter=2.017067e-01 | residual_overlap=0.015978
[step   163000] t/d=326.000 | task1=1.722673e-01 | |m1|=0.982402 | m1²=0.965114 | ||w||²/d=0.560491 | eps_adapter=1.978494e-01 | residual_overlap=0.015950
[step   163250] t/d=326.500 | task1=1.720993e-01 | |m1|=0.982720 | m1²=0.965739 | ||w||²/d=0.562658 | eps_adapter=1.954115e-01 | residual_overlap=0.015926
[step   163500] t/d=327.000 | task1=1.719140e-01 | |m1|=0.982979 | m1²=0.966247 | ||w||²/d=0.565647 | eps_adapter=1.924892e-01 | residual_overlap=0.015913
[step   163750] t/d=327.500 | task1=1.717520e-01 | |m1|=0.983253 | m1²=0.966787 | ||w||²/d=0.567670 | eps_adapter=1.902800e-01 | residual_overlap=0.015893
[step   164000] t/d=328.000 | task1=1.716252e-01 | |m1|=0.983468 | m1²=0.967210 | ||w||²/d=0.569851 | eps_adapter=1.880989e-01 | residual_overlap=0.015914
[step   164250] t/d=328.500 | task1=1.714689e-01 | |m1|=0.983704 | m1²=0.967673 | ||w||²/d=0.572574 | eps_adapter=1.854654e-01 | residual_overlap=0.015927
[step   164500] t/d=329.000 | task1=1.713181e-01 | |m1|=0.983975 | m1²=0.968208 | ||w||²/d=0.575061 | eps_adapter=1.829328e-01 | residual_overlap=0.015896
[step   164750] t/d=329.500 | task1=1.711576e-01 | |m1|=0.984219 | m1²=0.968687 | ||w||²/d=0.577556 | eps_adapter=1.804712e-01 | residual_overlap=0.015935
[step   165000] t/d=330.000 | task1=1.710580e-01 | |m1|=0.984397 | m1²=0.969037 | ||w||²/d=0.579379 | eps_adapter=1.786803e-01 | residual_overlap=0.015959
[step   165250] t/d=330.500 | task1=1.709084e-01 | |m1|=0.984624 | m1²=0.969484 | ||w||²/d=0.582081 | eps_adapter=1.761229e-01 | residual_overlap=0.015955
[step   165500] t/d=331.000 | task1=1.708015e-01 | |m1|=0.984885 | m1²=0.969999 | ||w||²/d=0.583791 | eps_adapter=1.742188e-01 | residual_overlap=0.015944
[step   165750] t/d=331.500 | task1=1.706468e-01 | |m1|=0.985123 | m1²=0.970468 | ||w||²/d=0.586156 | eps_adapter=1.718975e-01 | residual_overlap=0.015936
[step   166000] t/d=332.000 | task1=1.704729e-01 | |m1|=0.985340 | m1²=0.970895 | ||w||²/d=0.589214 | eps_adapter=1.691369e-01 | residual_overlap=0.015978
[step   166250] t/d=332.500 | task1=1.703245e-01 | |m1|=0.985585 | m1²=0.971378 | ||w||²/d=0.591456 | eps_adapter=1.669055e-01 | residual_overlap=0.015963
[step   166500] t/d=333.000 | task1=1.702455e-01 | |m1|=0.985835 | m1²=0.971872 | ||w||²/d=0.593376 | eps_adapter=1.648975e-01 | residual_overlap=0.015960
[step   166750] t/d=333.500 | task1=1.701067e-01 | |m1|=0.986021 | m1²=0.972238 | ||w||²/d=0.595557 | eps_adapter=1.628734e-01 | residual_overlap=0.015987
[step   167000] t/d=334.000 | task1=1.699776e-01 | |m1|=0.986206 | m1²=0.972603 | ||w||²/d=0.597979 | eps_adapter=1.606874e-01 | residual_overlap=0.015988
[step   167250] t/d=334.500 | task1=1.698959e-01 | |m1|=0.986344 | m1²=0.972875 | ||w||²/d=0.599792 | eps_adapter=1.590593e-01 | residual_overlap=0.016021
[step   167500] t/d=335.000 | task1=1.698273e-01 | |m1|=0.986460 | m1²=0.973104 | ||w||²/d=0.602221 | eps_adapter=1.570628e-01 | residual_overlap=0.016031
[step   167750] t/d=335.500 | task1=1.697085e-01 | |m1|=0.986640 | m1²=0.973459 | ||w||²/d=0.604525 | eps_adapter=1.550003e-01 | residual_overlap=0.016059
[step   168000] t/d=336.000 | task1=1.695978e-01 | |m1|=0.986872 | m1²=0.973917 | ||w||²/d=0.606448 | eps_adapter=1.530734e-01 | residual_overlap=0.016032
[step   168250] t/d=336.500 | task1=1.694417e-01 | |m1|=0.987033 | m1²=0.974234 | ||w||²/d=0.609101 | eps_adapter=1.508377e-01 | residual_overlap=0.016021
[step   168500] t/d=337.000 | task1=1.692956e-01 | |m1|=0.987195 | m1²=0.974553 | ||w||²/d=0.611340 | eps_adapter=1.488915e-01 | residual_overlap=0.016027
[step   168750] t/d=337.500 | task1=1.692287e-01 | |m1|=0.987346 | m1²=0.974852 | ||w||²/d=0.613401 | eps_adapter=1.471022e-01 | residual_overlap=0.016012
[step   169000] t/d=338.000 | task1=1.690696e-01 | |m1|=0.987500 | m1²=0.975156 | ||w||²/d=0.615931 | eps_adapter=1.449988e-01 | residual_overlap=0.016034
[step   169250] t/d=338.500 | task1=1.689422e-01 | |m1|=0.987657 | m1²=0.975466 | ||w||²/d=0.618015 | eps_adapter=1.431951e-01 | residual_overlap=0.015998
[step   169500] t/d=339.000 | task1=1.688006e-01 | |m1|=0.987817 | m1²=0.975782 | ||w||²/d=0.620414 | eps_adapter=1.411814e-01 | residual_overlap=0.016017
[step   169750] t/d=339.500 | task1=1.687187e-01 | |m1|=0.987974 | m1²=0.976092 | ||w||²/d=0.622546 | eps_adapter=1.393629e-01 | residual_overlap=0.016059
[step   170000] t/d=340.000 | task1=1.686129e-01 | |m1|=0.988161 | m1²=0.976462 | ||w||²/d=0.625176 | eps_adapter=1.371460e-01 | residual_overlap=0.016037
[step   170250] t/d=340.500 | task1=1.684673e-01 | |m1|=0.988369 | m1²=0.976874 | ||w||²/d=0.627540 | eps_adapter=1.350567e-01 | residual_overlap=0.016059
[step   170500] t/d=341.000 | task1=1.683156e-01 | |m1|=0.988596 | m1²=0.977321 | ||w||²/d=0.629879 | eps_adapter=1.329442e-01 | residual_overlap=0.016106
[step   170750] t/d=341.500 | task1=1.681966e-01 | |m1|=0.988742 | m1²=0.977610 | ||w||²/d=0.631713 | eps_adapter=1.313767e-01 | residual_overlap=0.016105
[step   171000] t/d=342.000 | task1=1.680858e-01 | |m1|=0.988945 | m1²=0.978013 | ||w||²/d=0.633288 | eps_adapter=1.298247e-01 | residual_overlap=0.016080
[step   171250] t/d=342.500 | task1=1.680137e-01 | |m1|=0.989069 | m1²=0.978257 | ||w||²/d=0.634847 | eps_adapter=1.285028e-01 | residual_overlap=0.016082
[step   171500] t/d=343.000 | task1=1.679569e-01 | |m1|=0.989180 | m1²=0.978476 | ||w||²/d=0.636264 | eps_adapter=1.273087e-01 | residual_overlap=0.016101
[step   171750] t/d=343.500 | task1=1.678750e-01 | |m1|=0.989331 | m1²=0.978776 | ||w||²/d=0.638056 | eps_adapter=1.257713e-01 | residual_overlap=0.016083
[step   172000] t/d=344.000 | task1=1.677572e-01 | |m1|=0.989503 | m1²=0.979116 | ||w||²/d=0.640054 | eps_adapter=1.240574e-01 | residual_overlap=0.016066
[step   172250] t/d=344.500 | task1=1.676779e-01 | |m1|=0.989634 | m1²=0.979375 | ||w||²/d=0.641953 | eps_adapter=1.225222e-01 | residual_overlap=0.016077
[step   172500] t/d=345.000 | task1=1.675439e-01 | |m1|=0.989796 | m1²=0.979696 | ||w||²/d=0.644219 | eps_adapter=1.206818e-01 | residual_overlap=0.016103
[step   172750] t/d=345.500 | task1=1.674189e-01 | |m1|=0.989965 | m1²=0.980031 | ||w||²/d=0.646275 | eps_adapter=1.189582e-01 | residual_overlap=0.016099
[step   173000] t/d=346.000 | task1=1.673198e-01 | |m1|=0.990079 | m1²=0.980255 | ||w||²/d=0.648506 | eps_adapter=1.172907e-01 | residual_overlap=0.016145
[step   173250] t/d=346.500 | task1=1.672482e-01 | |m1|=0.990194 | m1²=0.980484 | ||w||²/d=0.650533 | eps_adapter=1.157502e-01 | residual_overlap=0.016117
[step   173500] t/d=347.000 | task1=1.671958e-01 | |m1|=0.990335 | m1²=0.980763 | ||w||²/d=0.652506 | eps_adapter=1.141773e-01 | residual_overlap=0.016098
[step   173750] t/d=347.500 | task1=1.671307e-01 | |m1|=0.990396 | m1²=0.980885 | ||w||²/d=0.654694 | eps_adapter=1.127058e-01 | residual_overlap=0.016144
[step   174000] t/d=348.000 | task1=1.670730e-01 | |m1|=0.990495 | m1²=0.981080 | ||w||²/d=0.656801 | eps_adapter=1.111892e-01 | residual_overlap=0.016141
[step   174250] t/d=348.500 | task1=1.669477e-01 | |m1|=0.990608 | m1²=0.981305 | ||w||²/d=0.659169 | eps_adapter=1.094865e-01 | residual_overlap=0.016171
[step   174500] t/d=349.000 | task1=1.668418e-01 | |m1|=0.990780 | m1²=0.981646 | ||w||²/d=0.661035 | eps_adapter=1.079184e-01 | residual_overlap=0.016137
[step   174750] t/d=349.500 | task1=1.667325e-01 | |m1|=0.990942 | m1²=0.981965 | ||w||²/d=0.663789 | eps_adapter=1.058774e-01 | residual_overlap=0.016124
[step   175000] t/d=350.000 | task1=1.666700e-01 | |m1|=0.991055 | m1²=0.982190 | ||w||²/d=0.665399 | eps_adapter=1.046357e-01 | residual_overlap=0.016142
[step   175250] t/d=350.500 | task1=1.666196e-01 | |m1|=0.991143 | m1²=0.982365 | ||w||²/d=0.666759 | eps_adapter=1.036118e-01 | residual_overlap=0.016126
[step   175500] t/d=351.000 | task1=1.664915e-01 | |m1|=0.991276 | m1²=0.982628 | ||w||²/d=0.668822 | eps_adapter=1.020688e-01 | residual_overlap=0.016134
[step   175750] t/d=351.500 | task1=1.664106e-01 | |m1|=0.991371 | m1²=0.982817 | ||w||²/d=0.670958 | eps_adapter=1.006001e-01 | residual_overlap=0.016141
[step   176000] t/d=352.000 | task1=1.663110e-01 | |m1|=0.991475 | m1²=0.983023 | ||w||²/d=0.673075 | eps_adapter=9.912571e-02 | residual_overlap=0.016139
[step   176250] t/d=352.500 | task1=1.662653e-01 | |m1|=0.991605 | m1²=0.983281 | ||w||²/d=0.674716 | eps_adapter=9.784554e-02 | residual_overlap=0.016113
[step   176500] t/d=353.000 | task1=1.662493e-01 | |m1|=0.991773 | m1²=0.983614 | ||w||²/d=0.675549 | eps_adapter=9.690254e-02 | residual_overlap=0.016109
[step   176750] t/d=353.500 | task1=1.661952e-01 | |m1|=0.991854 | m1²=0.983774 | ||w||²/d=0.677633 | eps_adapter=9.553043e-02 | residual_overlap=0.016086
[step   177000] t/d=354.000 | task1=1.661397e-01 | |m1|=0.991933 | m1²=0.983932 | ||w||²/d=0.679525 | eps_adapter=9.427492e-02 | residual_overlap=0.016093
[step   177250] t/d=354.500 | task1=1.660489e-01 | |m1|=0.992009 | m1²=0.984081 | ||w||²/d=0.681481 | eps_adapter=9.300299e-02 | residual_overlap=0.016104
[step   177500] t/d=355.000 | task1=1.660115e-01 | |m1|=0.992090 | m1²=0.984242 | ||w||²/d=0.683842 | eps_adapter=9.150811e-02 | residual_overlap=0.016125
[step   177750] t/d=355.500 | task1=1.659251e-01 | |m1|=0.992185 | m1²=0.984430 | ||w||²/d=0.686239 | eps_adapter=8.996354e-02 | residual_overlap=0.016143
[step   178000] t/d=356.000 | task1=1.658504e-01 | |m1|=0.992281 | m1²=0.984621 | ||w||²/d=0.687746 | eps_adapter=8.889233e-02 | residual_overlap=0.016145
[step   178250] t/d=356.500 | task1=1.658101e-01 | |m1|=0.992407 | m1²=0.984873 | ||w||²/d=0.689335 | eps_adapter=8.769083e-02 | residual_overlap=0.016122
[step   178500] t/d=357.000 | task1=1.657238e-01 | |m1|=0.992522 | m1²=0.985099 | ||w||²/d=0.690760 | eps_adapter=8.661508e-02 | residual_overlap=0.016097
[step   178750] t/d=357.500 | task1=1.656805e-01 | |m1|=0.992663 | m1²=0.985380 | ||w||²/d=0.691849 | eps_adapter=8.563563e-02 | residual_overlap=0.016060
[step   179000] t/d=358.000 | task1=1.655860e-01 | |m1|=0.992754 | m1²=0.985561 | ||w||²/d=0.693268 | eps_adapter=8.463663e-02 | residual_overlap=0.016050
[step   179250] t/d=358.500 | task1=1.655393e-01 | |m1|=0.992823 | m1²=0.985698 | ||w||²/d=0.694884 | eps_adapter=8.360792e-02 | residual_overlap=0.016045
[step   179500] t/d=359.000 | task1=1.654690e-01 | |m1|=0.992949 | m1²=0.985949 | ||w||²/d=0.696120 | eps_adapter=8.260530e-02 | residual_overlap=0.016033
[step   179750] t/d=359.500 | task1=1.654006e-01 | |m1|=0.993037 | m1²=0.986123 | ||w||²/d=0.698013 | eps_adapter=8.138999e-02 | residual_overlap=0.016022
[step   180000] t/d=360.000 | task1=1.653725e-01 | |m1|=0.993143 | m1²=0.986333 | ||w||²/d=0.699631 | eps_adapter=8.026455e-02 | residual_overlap=0.016011
[step   180250] t/d=360.500 | task1=1.653480e-01 | |m1|=0.993166 | m1²=0.986379 | ||w||²/d=0.701107 | eps_adapter=7.946196e-02 | residual_overlap=0.016037
[step   180500] t/d=361.000 | task1=1.653105e-01 | |m1|=0.993241 | m1²=0.986529 | ||w||²/d=0.702370 | eps_adapter=7.861245e-02 | residual_overlap=0.016025
[step   180750] t/d=361.500 | task1=1.652448e-01 | |m1|=0.993327 | m1²=0.986699 | ||w||²/d=0.703986 | eps_adapter=7.756055e-02 | residual_overlap=0.016025
[step   181000] t/d=362.000 | task1=1.652178e-01 | |m1|=0.993447 | m1²=0.986937 | ||w||²/d=0.705024 | eps_adapter=7.669272e-02 | residual_overlap=0.015999
[step   181250] t/d=362.500 | task1=1.651590e-01 | |m1|=0.993486 | m1²=0.987015 | ||w||²/d=0.706864 | eps_adapter=7.568249e-02 | residual_overlap=0.016027
[step   181500] t/d=363.000 | task1=1.650885e-01 | |m1|=0.993527 | m1²=0.987096 | ||w||²/d=0.708594 | eps_adapter=7.472597e-02 | residual_overlap=0.016033
[step   181750] t/d=363.500 | task1=1.650455e-01 | |m1|=0.993634 | m1²=0.987309 | ||w||²/d=0.710458 | eps_adapter=7.351041e-02 | residual_overlap=0.016014
[step   182000] t/d=364.000 | task1=1.649735e-01 | |m1|=0.993703 | m1²=0.987445 | ||w||²/d=0.712143 | eps_adapter=7.250567e-02 | residual_overlap=0.016007
[step   182250] t/d=364.500 | task1=1.649283e-01 | |m1|=0.993717 | m1²=0.987474 | ||w||²/d=0.713677 | eps_adapter=7.174069e-02 | residual_overlap=0.016030
[step   182500] t/d=365.000 | task1=1.648628e-01 | |m1|=0.993792 | m1²=0.987623 | ||w||²/d=0.715054 | eps_adapter=7.086855e-02 | residual_overlap=0.016038
[step   182750] t/d=365.500 | task1=1.647994e-01 | |m1|=0.993860 | m1²=0.987759 | ||w||²/d=0.716853 | eps_adapter=6.982574e-02 | residual_overlap=0.016032
[step   183000] t/d=366.000 | task1=1.647490e-01 | |m1|=0.993941 | m1²=0.987920 | ||w||²/d=0.718088 | eps_adapter=6.900851e-02 | residual_overlap=0.016015
[step   183250] t/d=366.500 | task1=1.647008e-01 | |m1|=0.994016 | m1²=0.988068 | ||w||²/d=0.719304 | eps_adapter=6.822186e-02 | residual_overlap=0.015960
[step   183500] t/d=367.000 | task1=1.646757e-01 | |m1|=0.994103 | m1²=0.988240 | ||w||²/d=0.721329 | eps_adapter=6.703605e-02 | residual_overlap=0.015934
[step   183750] t/d=367.500 | task1=1.646375e-01 | |m1|=0.994174 | m1²=0.988382 | ||w||²/d=0.722388 | eps_adapter=6.633697e-02 | residual_overlap=0.015939
[step   184000] t/d=368.000 | task1=1.645449e-01 | |m1|=0.994266 | m1²=0.988565 | ||w||²/d=0.724707 | eps_adapter=6.501540e-02 | residual_overlap=0.015909
[step   184250] t/d=368.500 | task1=1.645030e-01 | |m1|=0.994341 | m1²=0.988713 | ||w||²/d=0.725668 | eps_adapter=6.435749e-02 | residual_overlap=0.015896
[step   184500] t/d=369.000 | task1=1.644230e-01 | |m1|=0.994409 | m1²=0.988849 | ||w||²/d=0.727629 | eps_adapter=6.328131e-02 | residual_overlap=0.015934
[step   184750] t/d=369.500 | task1=1.643749e-01 | |m1|=0.994486 | m1²=0.989002 | ||w||²/d=0.728991 | eps_adapter=6.244482e-02 | residual_overlap=0.015930
[step   185000] t/d=370.000 | task1=1.643109e-01 | |m1|=0.994496 | m1²=0.989023 | ||w||²/d=0.730500 | eps_adapter=6.175800e-02 | residual_overlap=0.015976
[step   185250] t/d=370.500 | task1=1.643087e-01 | |m1|=0.994544 | m1²=0.989117 | ||w||²/d=0.731949 | eps_adapter=6.098619e-02 | residual_overlap=0.015980
[step   185500] t/d=371.000 | task1=1.642785e-01 | |m1|=0.994593 | m1²=0.989214 | ||w||²/d=0.733897 | eps_adapter=6.000127e-02 | residual_overlap=0.015963
[step   185750] t/d=371.500 | task1=1.642136e-01 | |m1|=0.994700 | m1²=0.989427 | ||w||²/d=0.736176 | eps_adapter=5.870198e-02 | residual_overlap=0.015931
[step   186000] t/d=372.000 | task1=1.641574e-01 | |m1|=0.994746 | m1²=0.989520 | ||w||²/d=0.738277 | eps_adapter=5.767837e-02 | residual_overlap=0.015908
[step   186250] t/d=372.500 | task1=1.641302e-01 | |m1|=0.994806 | m1²=0.989639 | ||w||²/d=0.739891 | eps_adapter=5.682233e-02 | residual_overlap=0.015899
[step   186500] t/d=373.000 | task1=1.640767e-01 | |m1|=0.994902 | m1²=0.989830 | ||w||²/d=0.741629 | eps_adapter=5.580478e-02 | residual_overlap=0.015881
[step   186750] t/d=373.500 | task1=1.640434e-01 | |m1|=0.994965 | m1²=0.989955 | ||w||²/d=0.742603 | eps_adapter=5.520766e-02 | residual_overlap=0.015894
[step   187000] t/d=374.000 | task1=1.640381e-01 | |m1|=0.995023 | m1²=0.990070 | ||w||²/d=0.742985 | eps_adapter=5.486844e-02 | residual_overlap=0.015890
[step   187250] t/d=374.500 | task1=1.640181e-01 | |m1|=0.995042 | m1²=0.990108 | ||w||²/d=0.743748 | eps_adapter=5.449918e-02 | residual_overlap=0.015942
[step   187500] t/d=375.000 | task1=1.640054e-01 | |m1|=0.995107 | m1²=0.990238 | ||w||²/d=0.744704 | eps_adapter=5.390701e-02 | residual_overlap=0.015921
[step   187750] t/d=375.500 | task1=1.640137e-01 | |m1|=0.995146 | m1²=0.990315 | ||w||²/d=0.746267 | eps_adapter=5.315826e-02 | residual_overlap=0.015911
[step   188000] t/d=376.000 | task1=1.639823e-01 | |m1|=0.995219 | m1²=0.990462 | ||w||²/d=0.747549 | eps_adapter=5.241308e-02 | residual_overlap=0.015895
[step   188250] t/d=376.500 | task1=1.639481e-01 | |m1|=0.995294 | m1²=0.990611 | ||w||²/d=0.748669 | eps_adapter=5.173015e-02 | residual_overlap=0.015877
[step   188500] t/d=377.000 | task1=1.639200e-01 | |m1|=0.995329 | m1²=0.990680 | ||w||²/d=0.750444 | eps_adapter=5.092482e-02 | residual_overlap=0.015890
[step   188750] t/d=377.500 | task1=1.638814e-01 | |m1|=0.995400 | m1²=0.990821 | ||w||²/d=0.751760 | eps_adapter=5.018610e-02 | residual_overlap=0.015890
[step   189000] t/d=378.000 | task1=1.638220e-01 | |m1|=0.995405 | m1²=0.990832 | ||w||²/d=0.753089 | eps_adapter=4.965759e-02 | residual_overlap=0.015932
[step   189250] t/d=378.500 | task1=1.637776e-01 | |m1|=0.995443 | m1²=0.990906 | ||w||²/d=0.754273 | eps_adapter=4.908436e-02 | residual_overlap=0.015925
[step   189500] t/d=379.000 | task1=1.637485e-01 | |m1|=0.995466 | m1²=0.990952 | ||w||²/d=0.755177 | eps_adapter=4.866732e-02 | residual_overlap=0.015982
[step   189750] t/d=379.500 | task1=1.637146e-01 | |m1|=0.995501 | m1²=0.991022 | ||w||²/d=0.756319 | eps_adapter=4.812311e-02 | residual_overlap=0.016023
[step   190000] t/d=380.000 | task1=1.636701e-01 | |m1|=0.995545 | m1²=0.991109 | ||w||²/d=0.757646 | eps_adapter=4.748311e-02 | residual_overlap=0.016009
[step   190250] t/d=380.500 | task1=1.636267e-01 | |m1|=0.995554 | m1²=0.991128 | ||w||²/d=0.758936 | eps_adapter=4.697319e-02 | residual_overlap=0.015993
[step   190500] t/d=381.000 | task1=1.635908e-01 | |m1|=0.995591 | m1²=0.991202 | ||w||²/d=0.759635 | eps_adapter=4.659318e-02 | residual_overlap=0.016032
[step   190750] t/d=381.500 | task1=1.635682e-01 | |m1|=0.995642 | m1²=0.991303 | ||w||²/d=0.760478 | eps_adapter=4.611765e-02 | residual_overlap=0.016017
[step   191000] t/d=382.000 | task1=1.635370e-01 | |m1|=0.995665 | m1²=0.991348 | ||w||²/d=0.761480 | eps_adapter=4.567674e-02 | residual_overlap=0.016002
[step   191250] t/d=382.500 | task1=1.635157e-01 | |m1|=0.995690 | m1²=0.991398 | ||w||²/d=0.762543 | eps_adapter=4.520943e-02 | residual_overlap=0.015991
[step   191500] t/d=383.000 | task1=1.634794e-01 | |m1|=0.995755 | m1²=0.991529 | ||w||²/d=0.762926 | eps_adapter=4.485490e-02 | residual_overlap=0.015966
[step   191750] t/d=383.500 | task1=1.634042e-01 | |m1|=0.995798 | m1²=0.991614 | ||w||²/d=0.765138 | eps_adapter=4.391993e-02 | residual_overlap=0.015941
[step   192000] t/d=384.000 | task1=1.633874e-01 | |m1|=0.995782 | m1²=0.991582 | ||w||²/d=0.766064 | eps_adapter=4.364490e-02 | residual_overlap=0.015995
[step   192250] t/d=384.500 | task1=1.633892e-01 | |m1|=0.995845 | m1²=0.991707 | ||w||²/d=0.766655 | eps_adapter=4.322752e-02 | residual_overlap=0.015987
[step   192500] t/d=385.000 | task1=1.633555e-01 | |m1|=0.995855 | m1²=0.991727 | ||w||²/d=0.767737 | eps_adapter=4.281427e-02 | residual_overlap=0.016020
[step   192750] t/d=385.500 | task1=1.633266e-01 | |m1|=0.995860 | m1²=0.991736 | ||w||²/d=0.768382 | eps_adapter=4.257327e-02 | residual_overlap=0.016040
[step   193000] t/d=386.000 | task1=1.632849e-01 | |m1|=0.995915 | m1²=0.991846 | ||w||²/d=0.769831 | eps_adapter=4.188709e-02 | residual_overlap=0.015987
[step   193250] t/d=386.500 | task1=1.633089e-01 | |m1|=0.995949 | m1²=0.991914 | ||w||²/d=0.770671 | eps_adapter=4.148414e-02 | residual_overlap=0.015962
[step   193500] t/d=387.000 | task1=1.632765e-01 | |m1|=0.995998 | m1²=0.992013 | ||w||²/d=0.772062 | eps_adapter=4.084263e-02 | residual_overlap=0.015953
[step   193750] t/d=387.500 | task1=1.632982e-01 | |m1|=0.996003 | m1²=0.992022 | ||w||²/d=0.773313 | eps_adapter=4.040261e-02 | residual_overlap=0.015964
[step   194000] t/d=388.000 | task1=1.632990e-01 | |m1|=0.996050 | m1²=0.992116 | ||w||²/d=0.774640 | eps_adapter=3.979746e-02 | residual_overlap=0.015945
[step   194250] t/d=388.500 | task1=1.632650e-01 | |m1|=0.996117 | m1²=0.992248 | ||w||²/d=0.776317 | eps_adapter=3.901736e-02 | residual_overlap=0.015943
[step   194500] t/d=389.000 | task1=1.632315e-01 | |m1|=0.996151 | m1²=0.992316 | ||w||²/d=0.777848 | eps_adapter=3.839727e-02 | residual_overlap=0.015945
[step   194750] t/d=389.500 | task1=1.632159e-01 | |m1|=0.996174 | m1²=0.992362 | ||w||²/d=0.778493 | eps_adapter=3.810961e-02 | residual_overlap=0.015954
[step   195000] t/d=390.000 | task1=1.631734e-01 | |m1|=0.996234 | m1²=0.992481 | ||w||²/d=0.779147 | eps_adapter=3.769515e-02 | residual_overlap=0.015958
[step   195250] t/d=390.500 | task1=1.631620e-01 | |m1|=0.996261 | m1²=0.992537 | ||w||²/d=0.780741 | eps_adapter=3.708532e-02 | residual_overlap=0.015951
[step   195500] t/d=391.000 | task1=1.631250e-01 | |m1|=0.996274 | m1²=0.992561 | ||w||²/d=0.781776 | eps_adapter=3.671180e-02 | residual_overlap=0.015944
[step   195750] t/d=391.500 | task1=1.630871e-01 | |m1|=0.996301 | m1²=0.992616 | ||w||²/d=0.782967 | eps_adapter=3.624045e-02 | residual_overlap=0.015974
[step   196000] t/d=392.000 | task1=1.630261e-01 | |m1|=0.996335 | m1²=0.992683 | ||w||²/d=0.784804 | eps_adapter=3.554859e-02 | residual_overlap=0.015985
[step   196250] t/d=392.500 | task1=1.630059e-01 | |m1|=0.996339 | m1²=0.992692 | ||w||²/d=0.785667 | eps_adapter=3.526416e-02 | residual_overlap=0.016011
[step   196500] t/d=393.000 | task1=1.630223e-01 | |m1|=0.996403 | m1²=0.992819 | ||w||²/d=0.786651 | eps_adapter=3.474289e-02 | residual_overlap=0.015961
[step   196750] t/d=393.500 | task1=1.630009e-01 | |m1|=0.996407 | m1²=0.992826 | ||w||²/d=0.787810 | eps_adapter=3.437506e-02 | residual_overlap=0.015982
[step   197000] t/d=394.000 | task1=1.629620e-01 | |m1|=0.996433 | m1²=0.992879 | ||w||²/d=0.789462 | eps_adapter=3.378192e-02 | residual_overlap=0.015967
[step   197250] t/d=394.500 | task1=1.629385e-01 | |m1|=0.996432 | m1²=0.992877 | ||w||²/d=0.791026 | eps_adapter=3.331569e-02 | residual_overlap=0.015998
[step   197500] t/d=395.000 | task1=1.629416e-01 | |m1|=0.996466 | m1²=0.992944 | ||w||²/d=0.791836 | eps_adapter=3.295918e-02 | residual_overlap=0.015999
[step   197750] t/d=395.500 | task1=1.629507e-01 | |m1|=0.996509 | m1²=0.993030 | ||w||²/d=0.792574 | eps_adapter=3.259401e-02 | residual_overlap=0.015971
[step   198000] t/d=396.000 | task1=1.629641e-01 | |m1|=0.996553 | m1²=0.993117 | ||w||²/d=0.793215 | eps_adapter=3.225507e-02 | residual_overlap=0.015982
[step   198250] t/d=396.500 | task1=1.629628e-01 | |m1|=0.996556 | m1²=0.993124 | ||w||²/d=0.794554 | eps_adapter=3.185164e-02 | residual_overlap=0.015980
[step   198500] t/d=397.000 | task1=1.629772e-01 | |m1|=0.996554 | m1²=0.993120 | ||w||²/d=0.795026 | eps_adapter=3.172147e-02 | residual_overlap=0.015998
[step   198750] t/d=397.500 | task1=1.629699e-01 | |m1|=0.996553 | m1²=0.993117 | ||w||²/d=0.795886 | eps_adapter=3.147764e-02 | residual_overlap=0.016023
[step   199000] t/d=398.000 | task1=1.629529e-01 | |m1|=0.996605 | m1²=0.993221 | ||w||²/d=0.797307 | eps_adapter=3.089167e-02 | residual_overlap=0.015998
[step   199250] t/d=398.500 | task1=1.629186e-01 | |m1|=0.996642 | m1²=0.993295 | ||w||²/d=0.797669 | eps_adapter=3.066148e-02 | residual_overlap=0.015965
[step   199500] t/d=399.000 | task1=1.629465e-01 | |m1|=0.996628 | m1²=0.993267 | ||w||²/d=0.798699 | eps_adapter=3.041824e-02 | residual_overlap=0.016030
[step   199750] t/d=399.500 | task1=1.629347e-01 | |m1|=0.996647 | m1²=0.993305 | ||w||²/d=0.799441 | eps_adapter=3.014447e-02 | residual_overlap=0.016014
[step   200000] t/d=400.000 | task1=1.629149e-01 | |m1|=0.996700 | m1²=0.993411 | ||w||²/d=0.800030 | eps_adapter=2.979655e-02 | residual_overlap=0.015989
[step   200250] t/d=400.500 | task1=1.628791e-01 | |m1|=0.996681 | m1²=0.993374 | ||w||²/d=0.801436 | eps_adapter=2.947137e-02 | residual_overlap=0.016013
[step   200500] t/d=401.000 | task1=1.628757e-01 | |m1|=0.996680 | m1²=0.993371 | ||w||²/d=0.802764 | eps_adapter=2.911271e-02 | residual_overlap=0.016045
[step   200750] t/d=401.500 | task1=1.628504e-01 | |m1|=0.996719 | m1²=0.993449 | ||w||²/d=0.803428 | eps_adapter=2.879577e-02 | residual_overlap=0.016018
[step   201000] t/d=402.000 | task1=1.628328e-01 | |m1|=0.996739 | m1²=0.993489 | ||w||²/d=0.804210 | eps_adapter=2.851502e-02 | residual_overlap=0.016019
[step   201250] t/d=402.500 | task1=1.627842e-01 | |m1|=0.996768 | m1²=0.993546 | ||w||²/d=0.805728 | eps_adapter=2.800948e-02 | residual_overlap=0.015975
[step   201500] t/d=403.000 | task1=1.627893e-01 | |m1|=0.996760 | m1²=0.993530 | ||w||²/d=0.806380 | eps_adapter=2.786553e-02 | residual_overlap=0.016009
[step   201750] t/d=403.500 | task1=1.627998e-01 | |m1|=0.996776 | m1²=0.993562 | ||w||²/d=0.805966 | eps_adapter=2.791856e-02 | residual_overlap=0.016014
[step   202000] t/d=404.000 | task1=1.627910e-01 | |m1|=0.996825 | m1²=0.993660 | ||w||²/d=0.806084 | eps_adapter=2.771763e-02 | residual_overlap=0.015993
[step   202250] t/d=404.500 | task1=1.627836e-01 | |m1|=0.996836 | m1²=0.993682 | ||w||²/d=0.806609 | eps_adapter=2.753993e-02 | residual_overlap=0.015985
[step   202500] t/d=405.000 | task1=1.627784e-01 | |m1|=0.996845 | m1²=0.993699 | ||w||²/d=0.807288 | eps_adapter=2.733097e-02 | residual_overlap=0.015990
[step   202750] t/d=405.500 | task1=1.627823e-01 | |m1|=0.996851 | m1²=0.993712 | ||w||²/d=0.807876 | eps_adapter=2.715530e-02 | residual_overlap=0.015997
[step   203000] t/d=406.000 | task1=1.627645e-01 | |m1|=0.996865 | m1²=0.993740 | ||w||²/d=0.808137 | eps_adapter=2.703846e-02 | residual_overlap=0.016002
[step   203250] t/d=406.500 | task1=1.627338e-01 | |m1|=0.996887 | m1²=0.993783 | ||w||²/d=0.808640 | eps_adapter=2.683140e-02 | residual_overlap=0.015981
[step   203500] t/d=407.000 | task1=1.627391e-01 | |m1|=0.996873 | m1²=0.993756 | ||w||²/d=0.809658 | eps_adapter=2.661609e-02 | residual_overlap=0.015995
[step   203750] t/d=407.500 | task1=1.627257e-01 | |m1|=0.996885 | m1²=0.993779 | ||w||²/d=0.810950 | eps_adapter=2.624482e-02 | residual_overlap=0.016019
[step   204000] t/d=408.000 | task1=1.626915e-01 | |m1|=0.996912 | m1²=0.993833 | ||w||²/d=0.811112 | eps_adapter=2.610854e-02 | residual_overlap=0.015994
[step   204250] t/d=408.500 | task1=1.626823e-01 | |m1|=0.996919 | m1²=0.993847 | ||w||²/d=0.811795 | eps_adapter=2.591259e-02 | residual_overlap=0.015998
[step   204500] t/d=409.000 | task1=1.627002e-01 | |m1|=0.996929 | m1²=0.993867 | ||w||²/d=0.812276 | eps_adapter=2.575538e-02 | residual_overlap=0.015982
[step   204750] t/d=409.500 | task1=1.626931e-01 | |m1|=0.996958 | m1²=0.993926 | ||w||²/d=0.812908 | eps_adapter=2.549375e-02 | residual_overlap=0.015960
[step   205000] t/d=410.000 | task1=1.627019e-01 | |m1|=0.996956 | m1²=0.993922 | ||w||²/d=0.813644 | eps_adapter=2.531722e-02 | residual_overlap=0.015942
[step   205250] t/d=410.500 | task1=1.626945e-01 | |m1|=0.996985 | m1²=0.993980 | ||w||²/d=0.814114 | eps_adapter=2.509899e-02 | residual_overlap=0.015910
[step   205500] t/d=411.000 | task1=1.626974e-01 | |m1|=0.996999 | m1²=0.994007 | ||w||²/d=0.814850 | eps_adapter=2.487090e-02 | residual_overlap=0.015925
[step   205750] t/d=411.500 | task1=1.627149e-01 | |m1|=0.997037 | m1²=0.994084 | ||w||²/d=0.816093 | eps_adapter=2.443168e-02 | residual_overlap=0.015874
[step   206000] t/d=412.000 | task1=1.626901e-01 | |m1|=0.997070 | m1²=0.994148 | ||w||²/d=0.816120 | eps_adapter=2.431169e-02 | residual_overlap=0.015899
[step   206250] t/d=412.500 | task1=1.626486e-01 | |m1|=0.997072 | m1²=0.994152 | ||w||²/d=0.816460 | eps_adapter=2.422191e-02 | residual_overlap=0.015893
[step   206500] t/d=413.000 | task1=1.626703e-01 | |m1|=0.997099 | m1²=0.994207 | ||w||²/d=0.817450 | eps_adapter=2.388656e-02 | residual_overlap=0.015864
[step   206750] t/d=413.500 | task1=1.626400e-01 | |m1|=0.997149 | m1²=0.994305 | ||w||²/d=0.817739 | eps_adapter=2.364336e-02 | residual_overlap=0.015837
[step   207000] t/d=414.000 | task1=1.626175e-01 | |m1|=0.997179 | m1²=0.994366 | ||w||²/d=0.818539 | eps_adapter=2.334514e-02 | residual_overlap=0.015826
[step   207250] t/d=414.500 | task1=1.625950e-01 | |m1|=0.997190 | m1²=0.994387 | ||w||²/d=0.819545 | eps_adapter=2.306913e-02 | residual_overlap=0.015835
[step   207500] t/d=415.000 | task1=1.625366e-01 | |m1|=0.997201 | m1²=0.994410 | ||w||²/d=0.820118 | eps_adapter=2.289351e-02 | residual_overlap=0.015827
[step   207750] t/d=415.500 | task1=1.624930e-01 | |m1|=0.997216 | m1²=0.994439 | ||w||²/d=0.821352 | eps_adapter=2.255497e-02 | residual_overlap=0.015838
[step   208000] t/d=416.000 | task1=1.624767e-01 | |m1|=0.997242 | m1²=0.994491 | ||w||²/d=0.821917 | eps_adapter=2.233346e-02 | residual_overlap=0.015858
[step   208250] t/d=416.500 | task1=1.624789e-01 | |m1|=0.997274 | m1²=0.994556 | ||w||²/d=0.822210 | eps_adapter=2.215007e-02 | residual_overlap=0.015849
[step   208500] t/d=417.000 | task1=1.624391e-01 | |m1|=0.997274 | m1²=0.994555 | ||w||²/d=0.823345 | eps_adapter=2.189245e-02 | residual_overlap=0.015889
[step   208750] t/d=417.500 | task1=1.624569e-01 | |m1|=0.997270 | m1²=0.994547 | ||w||²/d=0.823447 | eps_adapter=2.188383e-02 | residual_overlap=0.015914
[step   209000] t/d=418.000 | task1=1.624450e-01 | |m1|=0.997283 | m1²=0.994573 | ||w||²/d=0.823782 | eps_adapter=2.176214e-02 | residual_overlap=0.015893
[step   209250] t/d=418.500 | task1=1.624402e-01 | |m1|=0.997286 | m1²=0.994579 | ||w||²/d=0.824732 | eps_adapter=2.153799e-02 | residual_overlap=0.015891
[step   209500] t/d=419.000 | task1=1.624616e-01 | |m1|=0.997306 | m1²=0.994620 | ||w||²/d=0.825350 | eps_adapter=2.132763e-02 | residual_overlap=0.015871
[step   209750] t/d=419.500 | task1=1.624435e-01 | |m1|=0.997314 | m1²=0.994635 | ||w||²/d=0.825478 | eps_adapter=2.127095e-02 | residual_overlap=0.015874
[step   210000] t/d=420.000 | task1=1.624189e-01 | |m1|=0.997327 | m1²=0.994661 | ||w||²/d=0.826178 | eps_adapter=2.107030e-02 | residual_overlap=0.015873
[step   210250] t/d=420.500 | task1=1.624246e-01 | |m1|=0.997318 | m1²=0.994643 | ||w||²/d=0.827299 | eps_adapter=2.085614e-02 | residual_overlap=0.015888
[step   210500] t/d=421.000 | task1=1.624301e-01 | |m1|=0.997309 | m1²=0.994625 | ||w||²/d=0.827374 | eps_adapter=2.087240e-02 | residual_overlap=0.015915
[step   210750] t/d=421.500 | task1=1.624473e-01 | |m1|=0.997330 | m1²=0.994666 | ||w||²/d=0.827714 | eps_adapter=2.072460e-02 | residual_overlap=0.015916
[step   211000] t/d=422.000 | task1=1.624857e-01 | |m1|=0.997349 | m1²=0.994704 | ||w||²/d=0.828223 | eps_adapter=2.054682e-02 | residual_overlap=0.015895
[step   211250] t/d=422.500 | task1=1.625025e-01 | |m1|=0.997334 | m1²=0.994676 | ||w||²/d=0.829020 | eps_adapter=2.042582e-02 | residual_overlap=0.015918
[step   211500] t/d=423.000 | task1=1.624773e-01 | |m1|=0.997341 | m1²=0.994689 | ||w||²/d=0.829027 | eps_adapter=2.040025e-02 | residual_overlap=0.015926
[step   211750] t/d=423.500 | task1=1.624891e-01 | |m1|=0.997336 | m1²=0.994680 | ||w||²/d=0.829675 | eps_adapter=2.027905e-02 | residual_overlap=0.015925
[step   212000] t/d=424.000 | task1=1.624858e-01 | |m1|=0.997355 | m1²=0.994717 | ||w||²/d=0.830440 | eps_adapter=2.005057e-02 | residual_overlap=0.015898
[step   212250] t/d=424.500 | task1=1.624702e-01 | |m1|=0.997360 | m1²=0.994728 | ||w||²/d=0.830626 | eps_adapter=1.999247e-02 | residual_overlap=0.015923
[step   212500] t/d=425.000 | task1=1.624479e-01 | |m1|=0.997352 | m1²=0.994711 | ||w||²/d=0.831367 | eps_adapter=1.986666e-02 | residual_overlap=0.015952
[step   212750] t/d=425.500 | task1=1.624436e-01 | |m1|=0.997329 | m1²=0.994665 | ||w||²/d=0.831847 | eps_adapter=1.985086e-02 | residual_overlap=0.016000
[step   213000] t/d=426.000 | task1=1.624397e-01 | |m1|=0.997328 | m1²=0.994664 | ||w||²/d=0.832336 | eps_adapter=1.975053e-02 | residual_overlap=0.016014
[step   213250] t/d=426.500 | task1=1.624105e-01 | |m1|=0.997326 | m1²=0.994660 | ||w||²/d=0.833321 | eps_adapter=1.955638e-02 | residual_overlap=0.016022
[step   213500] t/d=427.000 | task1=1.624368e-01 | |m1|=0.997328 | m1²=0.994662 | ||w||²/d=0.833020 | eps_adapter=1.961335e-02 | residual_overlap=0.016033
[step   213750] t/d=427.500 | task1=1.624155e-01 | |m1|=0.997326 | m1²=0.994660 | ||w||²/d=0.834577 | eps_adapter=1.930189e-02 | residual_overlap=0.016063
[step   214000] t/d=428.000 | task1=1.624421e-01 | |m1|=0.997331 | m1²=0.994669 | ||w||²/d=0.835099 | eps_adapter=1.918182e-02 | residual_overlap=0.016068
[step   214250] t/d=428.500 | task1=1.624499e-01 | |m1|=0.997350 | m1²=0.994706 | ||w||²/d=0.835682 | eps_adapter=1.899752e-02 | residual_overlap=0.016082
[step   214500] t/d=429.000 | task1=1.624407e-01 | |m1|=0.997383 | m1²=0.994773 | ||w||²/d=0.836461 | eps_adapter=1.872289e-02 | residual_overlap=0.016028
[step   214750] t/d=429.500 | task1=1.624312e-01 | |m1|=0.997354 | m1²=0.994716 | ||w||²/d=0.836972 | eps_adapter=1.872674e-02 | residual_overlap=0.016066
[step   215000] t/d=430.000 | task1=1.624355e-01 | |m1|=0.997351 | m1²=0.994708 | ||w||²/d=0.836795 | eps_adapter=1.877450e-02 | residual_overlap=0.016090
[step   215250] t/d=430.500 | task1=1.624127e-01 | |m1|=0.997382 | m1²=0.994771 | ||w||²/d=0.837203 | eps_adapter=1.858057e-02 | residual_overlap=0.016070
[step   215500] t/d=431.000 | task1=1.624433e-01 | |m1|=0.997389 | m1²=0.994785 | ||w||²/d=0.837454 | eps_adapter=1.850616e-02 | residual_overlap=0.016062
[step   215750] t/d=431.500 | task1=1.624400e-01 | |m1|=0.997381 | m1²=0.994769 | ||w||²/d=0.837721 | eps_adapter=1.848390e-02 | residual_overlap=0.016086
[step   216000] t/d=432.000 | task1=1.624198e-01 | |m1|=0.997404 | m1²=0.994814 | ||w||²/d=0.838363 | eps_adapter=1.827851e-02 | residual_overlap=0.016070
[step   216250] t/d=432.500 | task1=1.623916e-01 | |m1|=0.997401 | m1²=0.994808 | ||w||²/d=0.838334 | eps_adapter=1.829466e-02 | residual_overlap=0.016091
[step   216500] t/d=433.000 | task1=1.623815e-01 | |m1|=0.997416 | m1²=0.994838 | ||w||²/d=0.838931 | eps_adapter=1.812536e-02 | residual_overlap=0.016092
[step   216750] t/d=433.500 | task1=1.623956e-01 | |m1|=0.997420 | m1²=0.994846 | ||w||²/d=0.838589 | eps_adapter=1.817704e-02 | residual_overlap=0.016096
[step   217000] t/d=434.000 | task1=1.623852e-01 | |m1|=0.997418 | m1²=0.994842 | ||w||²/d=0.838831 | eps_adapter=1.813741e-02 | residual_overlap=0.016084
[step   217250] t/d=434.500 | task1=1.624165e-01 | |m1|=0.997445 | m1²=0.994897 | ||w||²/d=0.838965 | eps_adapter=1.801313e-02 | residual_overlap=0.016025
[step   217500] t/d=435.000 | task1=1.623781e-01 | |m1|=0.997434 | m1²=0.994875 | ||w||²/d=0.839277 | eps_adapter=1.799334e-02 | residual_overlap=0.016029
[step   217750] t/d=435.500 | task1=1.623931e-01 | |m1|=0.997457 | m1²=0.994921 | ||w||²/d=0.838731 | eps_adapter=1.801434e-02 | residual_overlap=0.015991
[step   218000] t/d=436.000 | task1=1.623714e-01 | |m1|=0.997470 | m1²=0.994947 | ||w||²/d=0.839214 | eps_adapter=1.787457e-02 | residual_overlap=0.015990
[step   218250] t/d=436.500 | task1=1.623904e-01 | |m1|=0.997482 | m1²=0.994970 | ||w||²/d=0.839256 | eps_adapter=1.782555e-02 | residual_overlap=0.015972
[step   218500] t/d=437.000 | task1=1.623875e-01 | |m1|=0.997484 | m1²=0.994975 | ||w||²/d=0.839316 | eps_adapter=1.780472e-02 | residual_overlap=0.015959
[step   218750] t/d=437.500 | task1=1.623992e-01 | |m1|=0.997511 | m1²=0.995027 | ||w||²/d=0.839919 | eps_adapter=1.759459e-02 | residual_overlap=0.015927
[step   219000] t/d=438.000 | task1=1.623904e-01 | |m1|=0.997534 | m1²=0.995074 | ||w||²/d=0.840488 | eps_adapter=1.740202e-02 | residual_overlap=0.015899
[step   219250] t/d=438.500 | task1=1.623723e-01 | |m1|=0.997534 | m1²=0.995073 | ||w||²/d=0.840894 | eps_adapter=1.732797e-02 | residual_overlap=0.015900
[step   219500] t/d=439.000 | task1=1.623128e-01 | |m1|=0.997501 | m1²=0.995008 | ||w||²/d=0.841713 | eps_adapter=1.729354e-02 | residual_overlap=0.015930
[step   219750] t/d=439.500 | task1=1.622917e-01 | |m1|=0.997489 | m1²=0.994984 | ||w||²/d=0.842087 | eps_adapter=1.726805e-02 | residual_overlap=0.015930
[step   220000] t/d=440.000 | task1=1.622426e-01 | |m1|=0.997508 | m1²=0.995022 | ||w||²/d=0.842027 | eps_adapter=1.720989e-02 | residual_overlap=0.015906
[step   220250] t/d=440.500 | task1=1.621980e-01 | |m1|=0.997496 | m1²=0.994999 | ||w||²/d=0.842258 | eps_adapter=1.721031e-02 | residual_overlap=0.015943
[step   220500] t/d=441.000 | task1=1.621988e-01 | |m1|=0.997507 | m1²=0.995019 | ||w||²/d=0.842652 | eps_adapter=1.710049e-02 | residual_overlap=0.015941
[step   220750] t/d=441.500 | task1=1.622045e-01 | |m1|=0.997533 | m1²=0.995071 | ||w||²/d=0.843317 | eps_adapter=1.688542e-02 | residual_overlap=0.015915
[step   221000] t/d=442.000 | task1=1.622255e-01 | |m1|=0.997547 | m1²=0.995101 | ||w||²/d=0.844342 | eps_adapter=1.664611e-02 | residual_overlap=0.015893
[step   221250] t/d=442.500 | task1=1.622480e-01 | |m1|=0.997543 | m1²=0.995092 | ||w||²/d=0.844653 | eps_adapter=1.660652e-02 | residual_overlap=0.015927
[step   221500] t/d=443.000 | task1=1.622540e-01 | |m1|=0.997537 | m1²=0.995079 | ||w||²/d=0.844504 | eps_adapter=1.665654e-02 | residual_overlap=0.015964
[step   221750] t/d=443.500 | task1=1.622712e-01 | |m1|=0.997544 | m1²=0.995095 | ||w||²/d=0.845513 | eps_adapter=1.644909e-02 | residual_overlap=0.015978
[step   222000] t/d=444.000 | task1=1.622698e-01 | |m1|=0.997553 | m1²=0.995112 | ||w||²/d=0.845475 | eps_adapter=1.642487e-02 | residual_overlap=0.015970
[step   222250] t/d=444.500 | task1=1.622817e-01 | |m1|=0.997560 | m1²=0.995126 | ||w||²/d=0.846366 | eps_adapter=1.624310e-02 | residual_overlap=0.015963
[step   222500] t/d=445.000 | task1=1.622564e-01 | |m1|=0.997557 | m1²=0.995121 | ||w||²/d=0.846639 | eps_adapter=1.620473e-02 | residual_overlap=0.015977
[step   222750] t/d=445.500 | task1=1.622726e-01 | |m1|=0.997553 | m1²=0.995111 | ||w||²/d=0.846937 | eps_adapter=1.617003e-02 | residual_overlap=0.015971
[step   223000] t/d=446.000 | task1=1.621965e-01 | |m1|=0.997587 | m1²=0.995179 | ||w||²/d=0.846919 | eps_adapter=1.604875e-02 | residual_overlap=0.015958
[step   223250] t/d=446.500 | task1=1.622172e-01 | |m1|=0.997579 | m1²=0.995164 | ||w||²/d=0.847364 | eps_adapter=1.600009e-02 | residual_overlap=0.015981
[step   223500] t/d=447.000 | task1=1.622479e-01 | |m1|=0.997565 | m1²=0.995137 | ||w||²/d=0.847029 | eps_adapter=1.610809e-02 | residual_overlap=0.016014
[step   223750] t/d=447.500 | task1=1.622426e-01 | |m1|=0.997575 | m1²=0.995155 | ||w||²/d=0.846915 | eps_adapter=1.609416e-02 | residual_overlap=0.016018
[step   224000] t/d=448.000 | task1=1.622107e-01 | |m1|=0.997571 | m1²=0.995147 | ||w||²/d=0.847462 | eps_adapter=1.601349e-02 | residual_overlap=0.016031
[step   224250] t/d=448.500 | task1=1.622181e-01 | |m1|=0.997547 | m1²=0.995099 | ||w||²/d=0.847793 | eps_adapter=1.604498e-02 | residual_overlap=0.016077
[step   224500] t/d=449.000 | task1=1.622218e-01 | |m1|=0.997536 | m1²=0.995078 | ||w||²/d=0.847552 | eps_adapter=1.612604e-02 | residual_overlap=0.016070
[step   224750] t/d=449.500 | task1=1.622351e-01 | |m1|=0.997539 | m1²=0.995084 | ||w||²/d=0.847375 | eps_adapter=1.614525e-02 | residual_overlap=0.016060
[step   225000] t/d=450.000 | task1=1.622238e-01 | |m1|=0.997539 | m1²=0.995084 | ||w||²/d=0.847004 | eps_adapter=1.620877e-02 | residual_overlap=0.016084
[step   225250] t/d=450.500 | task1=1.622386e-01 | |m1|=0.997510 | m1²=0.995026 | ||w||²/d=0.846812 | eps_adapter=1.634728e-02 | residual_overlap=0.016106
[step   225500] t/d=451.000 | task1=1.622144e-01 | |m1|=0.997520 | m1²=0.995047 | ||w||²/d=0.847392 | eps_adapter=1.620968e-02 | residual_overlap=0.016108
[step   225750] t/d=451.500 | task1=1.622053e-01 | |m1|=0.997510 | m1²=0.995027 | ||w||²/d=0.847404 | eps_adapter=1.624464e-02 | residual_overlap=0.016145
[step   226000] t/d=452.000 | task1=1.621800e-01 | |m1|=0.997523 | m1²=0.995052 | ||w||²/d=0.847580 | eps_adapter=1.616784e-02 | residual_overlap=0.016129
[step   226250] t/d=452.500 | task1=1.621893e-01 | |m1|=0.997533 | m1²=0.995071 | ||w||²/d=0.847536 | eps_adapter=1.613991e-02 | residual_overlap=0.016124
[step   226500] t/d=453.000 | task1=1.621836e-01 | |m1|=0.997533 | m1²=0.995073 | ||w||²/d=0.848340 | eps_adapter=1.600000e-02 | residual_overlap=0.016118
[step   226750] t/d=453.500 | task1=1.621748e-01 | |m1|=0.997528 | m1²=0.995062 | ||w||²/d=0.848226 | eps_adapter=1.604034e-02 | residual_overlap=0.016138
[step   227000] t/d=454.000 | task1=1.621781e-01 | |m1|=0.997518 | m1²=0.995043 | ||w||²/d=0.848497 | eps_adapter=1.602856e-02 | residual_overlap=0.016117
[step   227250] t/d=454.500 | task1=1.621623e-01 | |m1|=0.997532 | m1²=0.995070 | ||w||²/d=0.848998 | eps_adapter=1.589442e-02 | residual_overlap=0.016117
[step   227500] t/d=455.000 | task1=1.621379e-01 | |m1|=0.997547 | m1²=0.995100 | ||w||²/d=0.849248 | eps_adapter=1.579645e-02 | residual_overlap=0.016116
[step   227750] t/d=455.500 | task1=1.621414e-01 | |m1|=0.997548 | m1²=0.995103 | ||w||²/d=0.849177 | eps_adapter=1.580432e-02 | residual_overlap=0.016110
[step   228000] t/d=456.000 | task1=1.620993e-01 | |m1|=0.997583 | m1²=0.995172 | ||w||²/d=0.849755 | eps_adapter=1.557999e-02 | residual_overlap=0.016079
[step   228250] t/d=456.500 | task1=1.620748e-01 | |m1|=0.997582 | m1²=0.995169 | ||w||²/d=0.850086 | eps_adapter=1.553095e-02 | residual_overlap=0.016074
[step   228500] t/d=457.000 | task1=1.620892e-01 | |m1|=0.997592 | m1²=0.995189 | ||w||²/d=0.849066 | eps_adapter=1.566376e-02 | residual_overlap=0.016040
[step   228750] t/d=457.500 | task1=1.621173e-01 | |m1|=0.997565 | m1²=0.995137 | ||w||²/d=0.849467 | eps_adapter=1.569356e-02 | residual_overlap=0.016070
[step   229000] t/d=458.000 | task1=1.621477e-01 | |m1|=0.997548 | m1²=0.995102 | ||w||²/d=0.849582 | eps_adapter=1.573707e-02 | residual_overlap=0.016079
[step   229250] t/d=458.500 | task1=1.621442e-01 | |m1|=0.997528 | m1²=0.995061 | ||w||²/d=0.850190 | eps_adapter=1.571151e-02 | residual_overlap=0.016115
[step   229500] t/d=459.000 | task1=1.621441e-01 | |m1|=0.997534 | m1²=0.995074 | ||w||²/d=0.850333 | eps_adapter=1.566528e-02 | residual_overlap=0.016104
[step   229750] t/d=459.500 | task1=1.621260e-01 | |m1|=0.997509 | m1²=0.995024 | ||w||²/d=0.850608 | eps_adapter=1.571078e-02 | residual_overlap=0.016163
[step   230000] t/d=460.000 | task1=1.621425e-01 | |m1|=0.997514 | m1²=0.995034 | ||w||²/d=0.850490 | eps_adapter=1.571282e-02 | residual_overlap=0.016150
[step   230250] t/d=460.500 | task1=1.621370e-01 | |m1|=0.997504 | m1²=0.995015 | ||w||²/d=0.851056 | eps_adapter=1.565496e-02 | residual_overlap=0.016185
[step   230500] t/d=461.000 | task1=1.621463e-01 | |m1|=0.997505 | m1²=0.995015 | ||w||²/d=0.851701 | eps_adapter=1.554854e-02 | residual_overlap=0.016183
[step   230750] t/d=461.500 | task1=1.621853e-01 | |m1|=0.997509 | m1²=0.995024 | ||w||²/d=0.851948 | eps_adapter=1.549277e-02 | residual_overlap=0.016156
[step   231000] t/d=462.000 | task1=1.621686e-01 | |m1|=0.997526 | m1²=0.995059 | ||w||²/d=0.852233 | eps_adapter=1.538290e-02 | residual_overlap=0.016162
[step   231250] t/d=462.500 | task1=1.621606e-01 | |m1|=0.997538 | m1²=0.995082 | ||w||²/d=0.852301 | eps_adapter=1.532901e-02 | residual_overlap=0.016159
[step   231500] t/d=463.000 | task1=1.621685e-01 | |m1|=0.997519 | m1²=0.995044 | ||w||²/d=0.852494 | eps_adapter=1.536774e-02 | residual_overlap=0.016184
[step   231750] t/d=463.500 | task1=1.621779e-01 | |m1|=0.997522 | m1²=0.995051 | ||w||²/d=0.852880 | eps_adapter=1.529411e-02 | residual_overlap=0.016160
[step   232000] t/d=464.000 | task1=1.622129e-01 | |m1|=0.997542 | m1²=0.995091 | ||w||²/d=0.852574 | eps_adapter=1.526984e-02 | residual_overlap=0.016106
[step   232250] t/d=464.500 | task1=1.621842e-01 | |m1|=0.997533 | m1²=0.995072 | ||w||²/d=0.853543 | eps_adapter=1.515050e-02 | residual_overlap=0.016117
[step   232500] t/d=465.000 | task1=1.621460e-01 | |m1|=0.997536 | m1²=0.995078 | ||w||²/d=0.854488 | eps_adapter=1.499060e-02 | residual_overlap=0.016100
[step   232750] t/d=465.500 | task1=1.621290e-01 | |m1|=0.997521 | m1²=0.995049 | ||w||²/d=0.854898 | eps_adapter=1.498199e-02 | residual_overlap=0.016096
[step   233000] t/d=466.000 | task1=1.621359e-01 | |m1|=0.997530 | m1²=0.995066 | ||w||²/d=0.855429 | eps_adapter=1.486772e-02 | residual_overlap=0.016083
[step   233250] t/d=466.500 | task1=1.621435e-01 | |m1|=0.997546 | m1²=0.995099 | ||w||²/d=0.855033 | eps_adapter=1.486820e-02 | residual_overlap=0.016067
[step   233500] t/d=467.000 | task1=1.621222e-01 | |m1|=0.997566 | m1²=0.995138 | ||w||²/d=0.855626 | eps_adapter=1.470488e-02 | residual_overlap=0.016053
[step   233750] t/d=467.500 | task1=1.621655e-01 | |m1|=0.997573 | m1²=0.995151 | ||w||²/d=0.855671 | eps_adapter=1.467388e-02 | residual_overlap=0.016071
[step   234000] t/d=468.000 | task1=1.621667e-01 | |m1|=0.997577 | m1²=0.995159 | ||w||²/d=0.855890 | eps_adapter=1.462532e-02 | residual_overlap=0.016073
[step   234250] t/d=468.500 | task1=1.621664e-01 | |m1|=0.997593 | m1²=0.995191 | ||w||²/d=0.856442 | eps_adapter=1.448316e-02 | residual_overlap=0.016044
[step   234500] t/d=469.000 | task1=1.621760e-01 | |m1|=0.997588 | m1²=0.995181 | ||w||²/d=0.856059 | eps_adapter=1.455941e-02 | residual_overlap=0.016046
[step   234750] t/d=469.500 | task1=1.621885e-01 | |m1|=0.997581 | m1²=0.995168 | ||w||²/d=0.855953 | eps_adapter=1.459984e-02 | residual_overlap=0.016053
[step   235000] t/d=470.000 | task1=1.622074e-01 | |m1|=0.997582 | m1²=0.995170 | ||w||²/d=0.855944 | eps_adapter=1.459663e-02 | residual_overlap=0.016061
[step   235250] t/d=470.500 | task1=1.622339e-01 | |m1|=0.997580 | m1²=0.995167 | ||w||²/d=0.855390 | eps_adapter=1.468851e-02 | residual_overlap=0.016064
[step   235500] t/d=471.000 | task1=1.622244e-01 | |m1|=0.997593 | m1²=0.995192 | ||w||²/d=0.855814 | eps_adapter=1.457588e-02 | residual_overlap=0.016053
[step   235750] t/d=471.500 | task1=1.622083e-01 | |m1|=0.997586 | m1²=0.995179 | ||w||²/d=0.855752 | eps_adapter=1.461027e-02 | residual_overlap=0.016084
[step   236000] t/d=472.000 | task1=1.622043e-01 | |m1|=0.997574 | m1²=0.995153 | ||w||²/d=0.856193 | eps_adapter=1.459057e-02 | residual_overlap=0.016124
[step   236250] t/d=472.500 | task1=1.622086e-01 | |m1|=0.997575 | m1²=0.995155 | ||w||²/d=0.856353 | eps_adapter=1.456271e-02 | residual_overlap=0.016103
[step   236500] t/d=473.000 | task1=1.622458e-01 | |m1|=0.997564 | m1²=0.995134 | ||w||²/d=0.856534 | eps_adapter=1.457509e-02 | residual_overlap=0.016100
[step   236750] t/d=473.500 | task1=1.622086e-01 | |m1|=0.997593 | m1²=0.995193 | ||w||²/d=0.858041 | eps_adapter=1.424124e-02 | residual_overlap=0.016064
[step   237000] t/d=474.000 | task1=1.622107e-01 | |m1|=0.997571 | m1²=0.995148 | ||w||²/d=0.858215 | eps_adapter=1.429911e-02 | residual_overlap=0.016095
[step   237250] t/d=474.500 | task1=1.621946e-01 | |m1|=0.997558 | m1²=0.995123 | ||w||²/d=0.858544 | eps_adapter=1.429703e-02 | residual_overlap=0.016119
[step   237500] t/d=475.000 | task1=1.621757e-01 | |m1|=0.997572 | m1²=0.995149 | ||w||²/d=0.858460 | eps_adapter=1.426083e-02 | residual_overlap=0.016093
[step   237750] t/d=475.500 | task1=1.621847e-01 | |m1|=0.997568 | m1²=0.995142 | ||w||²/d=0.859360 | eps_adapter=1.414223e-02 | residual_overlap=0.016089
[step   238000] t/d=476.000 | task1=1.621481e-01 | |m1|=0.997581 | m1²=0.995169 | ||w||²/d=0.859358 | eps_adapter=1.409396e-02 | residual_overlap=0.016078
[step   238250] t/d=476.500 | task1=1.621595e-01 | |m1|=0.997576 | m1²=0.995158 | ||w||²/d=0.859839 | eps_adapter=1.404488e-02 | residual_overlap=0.016082
[step   238500] t/d=477.000 | task1=1.621542e-01 | |m1|=0.997567 | m1²=0.995141 | ||w||²/d=0.860109 | eps_adapter=1.403850e-02 | residual_overlap=0.016102
[step   238750] t/d=477.500 | task1=1.621847e-01 | |m1|=0.997565 | m1²=0.995136 | ||w||²/d=0.860641 | eps_adapter=1.397185e-02 | residual_overlap=0.016090
[step   239000] t/d=478.000 | task1=1.621873e-01 | |m1|=0.997535 | m1²=0.995075 | ||w||²/d=0.860965 | eps_adapter=1.403894e-02 | residual_overlap=0.016148
[step   239250] t/d=478.500 | task1=1.622211e-01 | |m1|=0.997555 | m1²=0.995116 | ||w||²/d=0.861307 | eps_adapter=1.391468e-02 | residual_overlap=0.016109
[step   239500] t/d=479.000 | task1=1.621818e-01 | |m1|=0.997556 | m1²=0.995119 | ||w||²/d=0.861814 | eps_adapter=1.383935e-02 | residual_overlap=0.016120
[step   239750] t/d=479.500 | task1=1.622473e-01 | |m1|=0.997533 | m1²=0.995072 | ||w||²/d=0.862161 | eps_adapter=1.387959e-02 | residual_overlap=0.016149
[step   240000] t/d=480.000 | task1=1.622572e-01 | |m1|=0.997533 | m1²=0.995072 | ||w||²/d=0.862383 | eps_adapter=1.384823e-02 | residual_overlap=0.016169
[step   240250] t/d=480.500 | task1=1.622425e-01 | |m1|=0.997521 | m1²=0.995048 | ||w||²/d=0.861511 | eps_adapter=1.401396e-02 | residual_overlap=0.016190
[step   240500] t/d=481.000 | task1=1.622613e-01 | |m1|=0.997503 | m1²=0.995012 | ||w||²/d=0.861782 | eps_adapter=1.404236e-02 | residual_overlap=0.016207
[step   240750] t/d=481.500 | task1=1.622125e-01 | |m1|=0.997493 | m1²=0.994991 | ||w||²/d=0.861852 | eps_adapter=1.407183e-02 | residual_overlap=0.016200
[step   241000] t/d=482.000 | task1=1.621794e-01 | |m1|=0.997486 | m1²=0.994979 | ||w||²/d=0.861888 | eps_adapter=1.409065e-02 | residual_overlap=0.016211
[step   241250] t/d=482.500 | task1=1.621859e-01 | |m1|=0.997514 | m1²=0.995034 | ||w||²/d=0.862320 | eps_adapter=1.392726e-02 | residual_overlap=0.016159
[step   241500] t/d=483.000 | task1=1.621958e-01 | |m1|=0.997515 | m1²=0.995037 | ||w||²/d=0.862522 | eps_adapter=1.389516e-02 | residual_overlap=0.016194
[step   241750] t/d=483.500 | task1=1.622143e-01 | |m1|=0.997536 | m1²=0.995079 | ||w||²/d=0.862386 | eps_adapter=1.383510e-02 | residual_overlap=0.016185
[step   242000] t/d=484.000 | task1=1.622411e-01 | |m1|=0.997524 | m1²=0.995053 | ||w||²/d=0.862187 | eps_adapter=1.391014e-02 | residual_overlap=0.016190
[step   242250] t/d=484.500 | task1=1.622232e-01 | |m1|=0.997507 | m1²=0.995020 | ||w||²/d=0.862043 | eps_adapter=1.399299e-02 | residual_overlap=0.016228
[step   242500] t/d=485.000 | task1=1.622392e-01 | |m1|=0.997512 | m1²=0.995030 | ||w||²/d=0.862111 | eps_adapter=1.396387e-02 | residual_overlap=0.016223
[step   242750] t/d=485.500 | task1=1.622425e-01 | |m1|=0.997518 | m1²=0.995042 | ||w||²/d=0.861967 | eps_adapter=1.396184e-02 | residual_overlap=0.016224
[step   243000] t/d=486.000 | task1=1.622738e-01 | |m1|=0.997506 | m1²=0.995018 | ||w||²/d=0.862315 | eps_adapter=1.395869e-02 | residual_overlap=0.016242
[step   243250] t/d=486.500 | task1=1.622377e-01 | |m1|=0.997499 | m1²=0.995005 | ||w||²/d=0.862577 | eps_adapter=1.394758e-02 | residual_overlap=0.016267
[step   243500] t/d=487.000 | task1=1.622353e-01 | |m1|=0.997511 | m1²=0.995029 | ||w||²/d=0.862916 | eps_adapter=1.385639e-02 | residual_overlap=0.016239
[step   243750] t/d=487.500 | task1=1.622114e-01 | |m1|=0.997521 | m1²=0.995048 | ||w||²/d=0.862961 | eps_adapter=1.381401e-02 | residual_overlap=0.016245
[step   244000] t/d=488.000 | task1=1.621505e-01 | |m1|=0.997532 | m1²=0.995069 | ||w||²/d=0.862491 | eps_adapter=1.383878e-02 | residual_overlap=0.016254
[step   244250] t/d=488.500 | task1=1.621648e-01 | |m1|=0.997528 | m1²=0.995062 | ||w||²/d=0.862254 | eps_adapter=1.388410e-02 | residual_overlap=0.016247
[step   244500] t/d=489.000 | task1=1.621497e-01 | |m1|=0.997557 | m1²=0.995120 | ||w||²/d=0.862156 | eps_adapter=1.379057e-02 | residual_overlap=0.016226
[step   244750] t/d=489.500 | task1=1.621336e-01 | |m1|=0.997570 | m1²=0.995145 | ||w||²/d=0.861830 | eps_adapter=1.378801e-02 | residual_overlap=0.016201
[step   245000] t/d=490.000 | task1=1.621426e-01 | |m1|=0.997573 | m1²=0.995152 | ||w||²/d=0.861584 | eps_adapter=1.381031e-02 | residual_overlap=0.016182
[step   245250] t/d=490.500 | task1=1.621550e-01 | |m1|=0.997562 | m1²=0.995131 | ||w||²/d=0.862119 | eps_adapter=1.377492e-02 | residual_overlap=0.016177
[step   245500] t/d=491.000 | task1=1.621541e-01 | |m1|=0.997540 | m1²=0.995086 | ||w||²/d=0.862309 | eps_adapter=1.383271e-02 | residual_overlap=0.016187
[step   245750] t/d=491.500 | task1=1.621384e-01 | |m1|=0.997565 | m1²=0.995136 | ||w||²/d=0.861985 | eps_adapter=1.378377e-02 | residual_overlap=0.016166
[step   246000] t/d=492.000 | task1=1.621107e-01 | |m1|=0.997530 | m1²=0.995067 | ||w||²/d=0.861689 | eps_adapter=1.395389e-02 | residual_overlap=0.016205
[step   246250] t/d=492.500 | task1=1.621218e-01 | |m1|=0.997521 | m1²=0.995048 | ||w||²/d=0.862028 | eps_adapter=1.394278e-02 | residual_overlap=0.016219
[step   246500] t/d=493.000 | task1=1.621027e-01 | |m1|=0.997539 | m1²=0.995085 | ||w||²/d=0.861932 | eps_adapter=1.388701e-02 | residual_overlap=0.016200
[step   246750] t/d=493.500 | task1=1.621371e-01 | |m1|=0.997517 | m1²=0.995040 | ||w||²/d=0.861544 | eps_adapter=1.402449e-02 | residual_overlap=0.016236
[step   247000] t/d=494.000 | task1=1.621162e-01 | |m1|=0.997544 | m1²=0.995094 | ||w||²/d=0.862427 | eps_adapter=1.380228e-02 | residual_overlap=0.016200
[step   247250] t/d=494.500 | task1=1.621035e-01 | |m1|=0.997543 | m1²=0.995092 | ||w||²/d=0.862451 | eps_adapter=1.380225e-02 | residual_overlap=0.016193
[step   247500] t/d=495.000 | task1=1.621087e-01 | |m1|=0.997574 | m1²=0.995153 | ||w||²/d=0.863321 | eps_adapter=1.356951e-02 | residual_overlap=0.016158
[step   247750] t/d=495.500 | task1=1.621072e-01 | |m1|=0.997594 | m1²=0.995194 | ||w||²/d=0.863324 | eps_adapter=1.349241e-02 | residual_overlap=0.016131
[step   248000] t/d=496.000 | task1=1.621211e-01 | |m1|=0.997588 | m1²=0.995182 | ||w||²/d=0.863149 | eps_adapter=1.353928e-02 | residual_overlap=0.016136
[step   248250] t/d=496.500 | task1=1.621329e-01 | |m1|=0.997587 | m1²=0.995180 | ||w||²/d=0.863271 | eps_adapter=1.352707e-02 | residual_overlap=0.016134
[step   248500] t/d=497.000 | task1=1.621230e-01 | |m1|=0.997616 | m1²=0.995239 | ||w||²/d=0.863102 | eps_adapter=1.343989e-02 | residual_overlap=0.016089
[step   248750] t/d=497.500 | task1=1.621145e-01 | |m1|=0.997595 | m1²=0.995195 | ||w||²/d=0.863308 | eps_adapter=1.349356e-02 | residual_overlap=0.016116
[step   249000] t/d=498.000 | task1=1.621306e-01 | |m1|=0.997599 | m1²=0.995203 | ||w||²/d=0.863587 | eps_adapter=1.344054e-02 | residual_overlap=0.016110
[step   249250] t/d=498.500 | task1=1.621060e-01 | |m1|=0.997586 | m1²=0.995178 | ||w||²/d=0.864525 | eps_adapter=1.336255e-02 | residual_overlap=0.016151
[step   249500] t/d=499.000 | task1=1.620907e-01 | |m1|=0.997585 | m1²=0.995176 | ||w||²/d=0.864409 | eps_adapter=1.338242e-02 | residual_overlap=0.016172
[step   249750] t/d=499.500 | task1=1.620646e-01 | |m1|=0.997566 | m1²=0.995139 | ||w||²/d=0.864684 | eps_adapter=1.341465e-02 | residual_overlap=0.016202
[step   250000] t/d=500.000 | task1=1.620460e-01 | |m1|=0.997607 | m1²=0.995219 | ||w||²/d=0.864960 | eps_adapter=1.322776e-02 | residual_overlap=0.016160
Saved checkpoint: results/quality_pretraining/finetunetask1_d500_T5/prestep_1250000_lr0p01_init1_wseed21_sgdseed22/checkpoints/step_000250000
[step   250250] t/d=500.500 | task1=1.620494e-01 | |m1|=0.997600 | m1²=0.995205 | ||w||²/d=0.864605 | eps_adapter=1.330135e-02 | residual_overlap=0.016165
[step   250500] t/d=501.000 | task1=1.620439e-01 | |m1|=0.997606 | m1²=0.995218 | ||w||²/d=0.864882 | eps_adapter=1.324139e-02 | residual_overlap=0.016177
[step   250750] t/d=501.500 | task1=1.620393e-01 | |m1|=0.997614 | m1²=0.995233 | ||w||²/d=0.864664 | eps_adapter=1.324078e-02 | residual_overlap=0.016156
[step   251000] t/d=502.000 | task1=1.620351e-01 | |m1|=0.997601 | m1²=0.995208 | ||w||²/d=0.864507 | eps_adapter=1.330914e-02 | residual_overlap=0.016193
[step   251250] t/d=502.500 | task1=1.619908e-01 | |m1|=0.997589 | m1²=0.995184 | ||w||²/d=0.865088 | eps_adapter=1.327772e-02 | residual_overlap=0.016205
[step   251500] t/d=503.000 | task1=1.620007e-01 | |m1|=0.997582 | m1²=0.995171 | ||w||²/d=0.865389 | eps_adapter=1.326312e-02 | residual_overlap=0.016220
[step   251750] t/d=503.500 | task1=1.619758e-01 | |m1|=0.997568 | m1²=0.995141 | ||w||²/d=0.865239 | eps_adapter=1.333753e-02 | residual_overlap=0.016261
[step   252000] t/d=504.000 | task1=1.619718e-01 | |m1|=0.997565 | m1²=0.995135 | ||w||²/d=0.865532 | eps_adapter=1.331108e-02 | residual_overlap=0.016282
[step   252250] t/d=504.500 | task1=1.620015e-01 | |m1|=0.997568 | m1²=0.995141 | ||w||²/d=0.865904 | eps_adapter=1.325154e-02 | residual_overlap=0.016264
[step   252500] t/d=505.000 | task1=1.620085e-01 | |m1|=0.997553 | m1²=0.995112 | ||w||²/d=0.865946 | eps_adapter=1.329981e-02 | residual_overlap=0.016265
[step   252750] t/d=505.500 | task1=1.620022e-01 | |m1|=0.997547 | m1²=0.995100 | ||w||²/d=0.865200 | eps_adapter=1.341869e-02 | residual_overlap=0.016261
[step   253000] t/d=506.000 | task1=1.620037e-01 | |m1|=0.997547 | m1²=0.995101 | ||w||²/d=0.865750 | eps_adapter=1.334694e-02 | residual_overlap=0.016228
[step   253250] t/d=506.500 | task1=1.619797e-01 | |m1|=0.997574 | m1²=0.995154 | ||w||²/d=0.866527 | eps_adapter=1.314758e-02 | residual_overlap=0.016211
[step   253500] t/d=507.000 | task1=1.620205e-01 | |m1|=0.997593 | m1²=0.995192 | ||w||²/d=0.866030 | eps_adapter=1.313932e-02 | residual_overlap=0.016198
[step   253750] t/d=507.500 | task1=1.620171e-01 | |m1|=0.997577 | m1²=0.995161 | ||w||²/d=0.866562 | eps_adapter=1.313037e-02 | residual_overlap=0.016206
[step   254000] t/d=508.000 | task1=1.620282e-01 | |m1|=0.997574 | m1²=0.995155 | ||w||²/d=0.866404 | eps_adapter=1.316189e-02 | residual_overlap=0.016188
[step   254250] t/d=508.500 | task1=1.620366e-01 | |m1|=0.997581 | m1²=0.995169 | ||w||²/d=0.866252 | eps_adapter=1.315481e-02 | residual_overlap=0.016198
[step   254500] t/d=509.000 | task1=1.620632e-01 | |m1|=0.997589 | m1²=0.995185 | ||w||²/d=0.866554 | eps_adapter=1.308679e-02 | residual_overlap=0.016186
[step   254750] t/d=509.500 | task1=1.620376e-01 | |m1|=0.997607 | m1²=0.995220 | ||w||²/d=0.867634 | eps_adapter=1.288495e-02 | residual_overlap=0.016175
[step   255000] t/d=510.000 | task1=1.620553e-01 | |m1|=0.997598 | m1²=0.995201 | ||w||²/d=0.868036 | eps_adapter=1.286954e-02 | residual_overlap=0.016188
[step   255250] t/d=510.500 | task1=1.620507e-01 | |m1|=0.997614 | m1²=0.995233 | ||w||²/d=0.867943 | eps_adapter=1.282095e-02 | residual_overlap=0.016172
[step   255500] t/d=511.000 | task1=1.620459e-01 | |m1|=0.997616 | m1²=0.995237 | ||w||²/d=0.867343 | eps_adapter=1.288831e-02 | residual_overlap=0.016167
[step   255750] t/d=511.500 | task1=1.620258e-01 | |m1|=0.997611 | m1²=0.995228 | ||w||²/d=0.868292 | eps_adapter=1.278672e-02 | residual_overlap=0.016171
[step   256000] t/d=512.000 | task1=1.620136e-01 | |m1|=0.997605 | m1²=0.995216 | ||w||²/d=0.868769 | eps_adapter=1.275214e-02 | residual_overlap=0.016175
[step   256250] t/d=512.500 | task1=1.620422e-01 | |m1|=0.997598 | m1²=0.995201 | ||w||²/d=0.868438 | eps_adapter=1.282005e-02 | residual_overlap=0.016164
[step   256500] t/d=513.000 | task1=1.620432e-01 | |m1|=0.997608 | m1²=0.995222 | ||w||²/d=0.868149 | eps_adapter=1.281602e-02 | residual_overlap=0.016166
[step   256750] t/d=513.500 | task1=1.620445e-01 | |m1|=0.997617 | m1²=0.995240 | ||w||²/d=0.868337 | eps_adapter=1.275949e-02 | residual_overlap=0.016156
[step   257000] t/d=514.000 | task1=1.620120e-01 | |m1|=0.997615 | m1²=0.995236 | ||w||²/d=0.869561 | eps_adapter=1.261799e-02 | residual_overlap=0.016161
[step   257250] t/d=514.500 | task1=1.620202e-01 | |m1|=0.997629 | m1²=0.995263 | ||w||²/d=0.869735 | eps_adapter=1.254563e-02 | residual_overlap=0.016165
[step   257500] t/d=515.000 | task1=1.620383e-01 | |m1|=0.997629 | m1²=0.995264 | ||w||²/d=0.869121 | eps_adapter=1.261853e-02 | residual_overlap=0.016186
[step   257750] t/d=515.500 | task1=1.620400e-01 | |m1|=0.997598 | m1²=0.995202 | ||w||²/d=0.869347 | eps_adapter=1.270676e-02 | residual_overlap=0.016208
[step   258000] t/d=516.000 | task1=1.620182e-01 | |m1|=0.997614 | m1²=0.995234 | ||w||²/d=0.868364 | eps_adapter=1.276629e-02 | residual_overlap=0.016209
[step   258250] t/d=516.500 | task1=1.620001e-01 | |m1|=0.997601 | m1²=0.995207 | ||w||²/d=0.868345 | eps_adapter=1.282002e-02 | residual_overlap=0.016232
[step   258500] t/d=517.000 | task1=1.619621e-01 | |m1|=0.997601 | m1²=0.995207 | ||w||²/d=0.869018 | eps_adapter=1.273704e-02 | residual_overlap=0.016256
[step   258750] t/d=517.500 | task1=1.619940e-01 | |m1|=0.997613 | m1²=0.995231 | ||w||²/d=0.869239 | eps_adapter=1.266528e-02 | residual_overlap=0.016241
[step   259000] t/d=518.000 | task1=1.619719e-01 | |m1|=0.997623 | m1²=0.995253 | ||w||²/d=0.868915 | eps_adapter=1.266464e-02 | residual_overlap=0.016225
[step   259250] t/d=518.500 | task1=1.619814e-01 | |m1|=0.997639 | m1²=0.995283 | ||w||²/d=0.868991 | eps_adapter=1.259909e-02 | residual_overlap=0.016213
[step   259500] t/d=519.000 | task1=1.619716e-01 | |m1|=0.997611 | m1²=0.995228 | ||w||²/d=0.869459 | eps_adapter=1.264431e-02 | residual_overlap=0.016230
[step   259750] t/d=519.500 | task1=1.619672e-01 | |m1|=0.997619 | m1²=0.995243 | ||w||²/d=0.869439 | eps_adapter=1.261929e-02 | residual_overlap=0.016206
[step   260000] t/d=520.000 | task1=1.619743e-01 | |m1|=0.997626 | m1²=0.995257 | ||w||²/d=0.869202 | eps_adapter=1.262196e-02 | residual_overlap=0.016158
[step   260250] t/d=520.500 | task1=1.619758e-01 | |m1|=0.997630 | m1²=0.995266 | ||w||²/d=0.869988 | eps_adapter=1.251062e-02 | residual_overlap=0.016153
[step   260500] t/d=521.000 | task1=1.619797e-01 | |m1|=0.997628 | m1²=0.995263 | ||w||²/d=0.870072 | eps_adapter=1.250614e-02 | residual_overlap=0.016137
[step   260750] t/d=521.500 | task1=1.619795e-01 | |m1|=0.997632 | m1²=0.995269 | ||w||²/d=0.870080 | eps_adapter=1.249331e-02 | residual_overlap=0.016127
[step   261000] t/d=522.000 | task1=1.619942e-01 | |m1|=0.997631 | m1²=0.995268 | ||w||²/d=0.870064 | eps_adapter=1.249780e-02 | residual_overlap=0.016111
[step   261250] t/d=522.500 | task1=1.619949e-01 | |m1|=0.997619 | m1²=0.995244 | ||w||²/d=0.870473 | eps_adapter=1.249310e-02 | residual_overlap=0.016120
[step   261500] t/d=523.000 | task1=1.619821e-01 | |m1|=0.997640 | m1²=0.995285 | ||w||²/d=0.870850 | eps_adapter=1.237263e-02 | residual_overlap=0.016105
[step   261750] t/d=523.500 | task1=1.619553e-01 | |m1|=0.997658 | m1²=0.995322 | ||w||²/d=0.871473 | eps_adapter=1.223015e-02 | residual_overlap=0.016103
[step   262000] t/d=524.000 | task1=1.619830e-01 | |m1|=0.997633 | m1²=0.995272 | ||w||²/d=0.870618 | eps_adapter=1.242280e-02 | residual_overlap=0.016133
[step   262250] t/d=524.500 | task1=1.620076e-01 | |m1|=0.997646 | m1²=0.995298 | ||w||²/d=0.871043 | eps_adapter=1.232519e-02 | residual_overlap=0.016108
[step   262500] t/d=525.000 | task1=1.619837e-01 | |m1|=0.997628 | m1²=0.995262 | ||w||²/d=0.871026 | eps_adapter=1.239446e-02 | residual_overlap=0.016142
[step   262750] t/d=525.500 | task1=1.620059e-01 | |m1|=0.997618 | m1²=0.995242 | ||w||²/d=0.871245 | eps_adapter=1.240672e-02 | residual_overlap=0.016151
[step   263000] t/d=526.000 | task1=1.620009e-01 | |m1|=0.997608 | m1²=0.995221 | ||w||²/d=0.871779 | eps_adapter=1.238328e-02 | residual_overlap=0.016180
[step   263250] t/d=526.500 | task1=1.620046e-01 | |m1|=0.997579 | m1²=0.995164 | ||w||²/d=0.872419 | eps_adapter=1.241756e-02 | residual_overlap=0.016218
[step   263500] t/d=527.000 | task1=1.619968e-01 | |m1|=0.997596 | m1²=0.995198 | ||w||²/d=0.872622 | eps_adapter=1.233122e-02 | residual_overlap=0.016218
[step   263750] t/d=527.500 | task1=1.620046e-01 | |m1|=0.997584 | m1²=0.995173 | ||w||²/d=0.872632 | eps_adapter=1.237710e-02 | residual_overlap=0.016219
[step   264000] t/d=528.000 | task1=1.619787e-01 | |m1|=0.997574 | m1²=0.995154 | ||w||²/d=0.872685 | eps_adapter=1.240696e-02 | residual_overlap=0.016232
[step   264250] t/d=528.500 | task1=1.619622e-01 | |m1|=0.997570 | m1²=0.995145 | ||w||²/d=0.873213 | eps_adapter=1.236419e-02 | residual_overlap=0.016242
[step   264500] t/d=529.000 | task1=1.619671e-01 | |m1|=0.997553 | m1²=0.995113 | ||w||²/d=0.873982 | eps_adapter=1.233984e-02 | residual_overlap=0.016237
[step   264750] t/d=529.500 | task1=1.619787e-01 | |m1|=0.997536 | m1²=0.995078 | ||w||²/d=0.874024 | eps_adapter=1.240167e-02 | residual_overlap=0.016257
[step   265000] t/d=530.000 | task1=1.619598e-01 | |m1|=0.997549 | m1²=0.995104 | ||w||²/d=0.873539 | eps_adapter=1.240649e-02 | residual_overlap=0.016248
[step   265250] t/d=530.500 | task1=1.619559e-01 | |m1|=0.997569 | m1²=0.995143 | ||w||²/d=0.873707 | eps_adapter=1.231294e-02 | residual_overlap=0.016229
[step   265500] t/d=531.000 | task1=1.619689e-01 | |m1|=0.997555 | m1²=0.995116 | ||w||²/d=0.874140 | eps_adapter=1.231720e-02 | residual_overlap=0.016242
[step   265750] t/d=531.500 | task1=1.620003e-01 | |m1|=0.997552 | m1²=0.995111 | ||w||²/d=0.874233 | eps_adapter=1.231607e-02 | residual_overlap=0.016233
[step   266000] t/d=532.000 | task1=1.620320e-01 | |m1|=0.997523 | m1²=0.995052 | ||w||²/d=0.874948 | eps_adapter=1.234965e-02 | residual_overlap=0.016275
[step   266250] t/d=532.500 | task1=1.620331e-01 | |m1|=0.997524 | m1²=0.995054 | ||w||²/d=0.875179 | eps_adapter=1.232184e-02 | residual_overlap=0.016251
[step   266500] t/d=533.000 | task1=1.620641e-01 | |m1|=0.997503 | m1²=0.995011 | ||w||²/d=0.874709 | eps_adapter=1.245238e-02 | residual_overlap=0.016261
[step   266750] t/d=533.500 | task1=1.620329e-01 | |m1|=0.997496 | m1²=0.994999 | ||w||²/d=0.874598 | eps_adapter=1.248812e-02 | residual_overlap=0.016258
[step   267000] t/d=534.000 | task1=1.620447e-01 | |m1|=0.997479 | m1²=0.994964 | ||w||²/d=0.874455 | eps_adapter=1.256877e-02 | residual_overlap=0.016287
[step   267250] t/d=534.500 | task1=1.620860e-01 | |m1|=0.997500 | m1²=0.995006 | ||w||²/d=0.874170 | eps_adapter=1.252027e-02 | residual_overlap=0.016241
[step   267500] t/d=535.000 | task1=1.621323e-01 | |m1|=0.997531 | m1²=0.995068 | ||w||²/d=0.873790 | eps_adapter=1.244668e-02 | residual_overlap=0.016199
[step   267750] t/d=535.500 | task1=1.621426e-01 | |m1|=0.997497 | m1²=0.995000 | ||w||²/d=0.873176 | eps_adapter=1.264301e-02 | residual_overlap=0.016253
[step   268000] t/d=536.000 | task1=1.621732e-01 | |m1|=0.997490 | m1²=0.994986 | ||w||²/d=0.873794 | eps_adapter=1.259975e-02 | residual_overlap=0.016237
[step   268250] t/d=536.500 | task1=1.621592e-01 | |m1|=0.997498 | m1²=0.995003 | ||w||²/d=0.873954 | eps_adapter=1.255024e-02 | residual_overlap=0.016231
[step   268500] t/d=537.000 | task1=1.621730e-01 | |m1|=0.997458 | m1²=0.994923 | ||w||²/d=0.874426 | eps_adapter=1.264972e-02 | residual_overlap=0.016270
[step   268750] t/d=537.500 | task1=1.622195e-01 | |m1|=0.997454 | m1²=0.994914 | ||w||²/d=0.874547 | eps_adapter=1.265427e-02 | residual_overlap=0.016259
[step   269000] t/d=538.000 | task1=1.622014e-01 | |m1|=0.997442 | m1²=0.994890 | ||w||²/d=0.875126 | eps_adapter=1.263782e-02 | residual_overlap=0.016284
[step   269250] t/d=538.500 | task1=1.622220e-01 | |m1|=0.997448 | m1²=0.994903 | ||w||²/d=0.875705 | eps_adapter=1.255147e-02 | residual_overlap=0.016282
[step   269500] t/d=539.000 | task1=1.622004e-01 | |m1|=0.997470 | m1²=0.994947 | ||w||²/d=0.875503 | eps_adapter=1.248909e-02 | residual_overlap=0.016269
[step   269750] t/d=539.500 | task1=1.621909e-01 | |m1|=0.997478 | m1²=0.994962 | ||w||²/d=0.876063 | eps_adapter=1.240227e-02 | residual_overlap=0.016279
[step   270000] t/d=540.000 | task1=1.621708e-01 | |m1|=0.997464 | m1²=0.994934 | ||w||²/d=0.875663 | eps_adapter=1.249742e-02 | residual_overlap=0.016304
[step   270250] t/d=540.500 | task1=1.621274e-01 | |m1|=0.997485 | m1²=0.994976 | ||w||²/d=0.875993 | eps_adapter=1.238172e-02 | residual_overlap=0.016296
[step   270500] t/d=541.000 | task1=1.621655e-01 | |m1|=0.997463 | m1²=0.994932 | ||w||²/d=0.875941 | eps_adapter=1.247061e-02 | residual_overlap=0.016311
[step   270750] t/d=541.500 | task1=1.621355e-01 | |m1|=0.997463 | m1²=0.994933 | ||w||²/d=0.875339 | eps_adapter=1.253392e-02 | residual_overlap=0.016335
[step   271000] t/d=542.000 | task1=1.621458e-01 | |m1|=0.997459 | m1²=0.994924 | ||w||²/d=0.875979 | eps_adapter=1.248254e-02 | residual_overlap=0.016350
[step   271250] t/d=542.500 | task1=1.621324e-01 | |m1|=0.997488 | m1²=0.994983 | ||w||²/d=0.875620 | eps_adapter=1.240942e-02 | residual_overlap=0.016324
[step   271500] t/d=543.000 | task1=1.621619e-01 | |m1|=0.997481 | m1²=0.994968 | ||w||²/d=0.875276 | eps_adapter=1.247401e-02 | residual_overlap=0.016362
[step   271750] t/d=543.500 | task1=1.621282e-01 | |m1|=0.997492 | m1²=0.994991 | ||w||²/d=0.875434 | eps_adapter=1.241392e-02 | residual_overlap=0.016362
[step   272000] t/d=544.000 | task1=1.621365e-01 | |m1|=0.997466 | m1²=0.994938 | ||w||²/d=0.875635 | eps_adapter=1.249256e-02 | residual_overlap=0.016379
[step   272250] t/d=544.500 | task1=1.621533e-01 | |m1|=0.997465 | m1²=0.994937 | ||w||²/d=0.875347 | eps_adapter=1.252451e-02 | residual_overlap=0.016361
[step   272500] t/d=545.000 | task1=1.621299e-01 | |m1|=0.997441 | m1²=0.994889 | ||w||²/d=0.875567 | eps_adapter=1.259182e-02 | residual_overlap=0.016381
[step   272750] t/d=545.500 | task1=1.621202e-01 | |m1|=0.997435 | m1²=0.994877 | ||w||²/d=0.875722 | eps_adapter=1.259794e-02 | residual_overlap=0.016413
[step   273000] t/d=546.000 | task1=1.620942e-01 | |m1|=0.997401 | m1²=0.994809 | ||w||²/d=0.875618 | eps_adapter=1.273793e-02 | residual_overlap=0.016465
[step   273250] t/d=546.500 | task1=1.621056e-01 | |m1|=0.997401 | m1²=0.994809 | ||w||²/d=0.875462 | eps_adapter=1.275416e-02 | residual_overlap=0.016478
[step   273500] t/d=547.000 | task1=1.621350e-01 | |m1|=0.997424 | m1²=0.994854 | ||w||²/d=0.875525 | eps_adapter=1.266304e-02 | residual_overlap=0.016433
[step   273750] t/d=547.500 | task1=1.621111e-01 | |m1|=0.997433 | m1²=0.994873 | ||w||²/d=0.875555 | eps_adapter=1.262401e-02 | residual_overlap=0.016416
[step   274000] t/d=548.000 | task1=1.620588e-01 | |m1|=0.997436 | m1²=0.994878 | ||w||²/d=0.875588 | eps_adapter=1.261031e-02 | residual_overlap=0.016403
[step   274250] t/d=548.500 | task1=1.620749e-01 | |m1|=0.997406 | m1²=0.994820 | ||w||²/d=0.874697 | eps_adapter=1.281638e-02 | residual_overlap=0.016423
[step   274500] t/d=549.000 | task1=1.621047e-01 | |m1|=0.997380 | m1²=0.994766 | ||w||²/d=0.874166 | eps_adapter=1.297426e-02 | residual_overlap=0.016449
[step   274750] t/d=549.500 | task1=1.621240e-01 | |m1|=0.997364 | m1²=0.994736 | ||w||²/d=0.874667 | eps_adapter=1.297801e-02 | residual_overlap=0.016486
[step   275000] t/d=550.000 | task1=1.621366e-01 | |m1|=0.997378 | m1²=0.994764 | ||w||²/d=0.874799 | eps_adapter=1.291101e-02 | residual_overlap=0.016463
[step   275250] t/d=550.500 | task1=1.621468e-01 | |m1|=0.997407 | m1²=0.994822 | ||w||²/d=0.875439 | eps_adapter=1.273290e-02 | residual_overlap=0.016425
[step   275500] t/d=551.000 | task1=1.621489e-01 | |m1|=0.997443 | m1²=0.994892 | ||w||²/d=0.875900 | eps_adapter=1.255214e-02 | residual_overlap=0.016405
[step   275750] t/d=551.500 | task1=1.621426e-01 | |m1|=0.997455 | m1²=0.994917 | ||w||²/d=0.875946 | eps_adapter=1.249886e-02 | residual_overlap=0.016390
[step   276000] t/d=552.000 | task1=1.621828e-01 | |m1|=0.997435 | m1²=0.994876 | ||w||²/d=0.875654 | eps_adapter=1.260738e-02 | residual_overlap=0.016389
[step   276250] t/d=552.500 | task1=1.621791e-01 | |m1|=0.997436 | m1²=0.994878 | ||w||²/d=0.876513 | eps_adapter=1.251338e-02 | residual_overlap=0.016401
[step   276500] t/d=553.000 | task1=1.622246e-01 | |m1|=0.997449 | m1²=0.994904 | ||w||²/d=0.876392 | eps_adapter=1.247791e-02 | residual_overlap=0.016375
[step   276750] t/d=553.500 | task1=1.622102e-01 | |m1|=0.997461 | m1²=0.994929 | ||w||²/d=0.876125 | eps_adapter=1.245717e-02 | residual_overlap=0.016359
[step   277000] t/d=554.000 | task1=1.622274e-01 | |m1|=0.997456 | m1²=0.994919 | ||w||²/d=0.876334 | eps_adapter=1.245429e-02 | residual_overlap=0.016370
[step   277250] t/d=554.500 | task1=1.622233e-01 | |m1|=0.997459 | m1²=0.994924 | ||w||²/d=0.876896 | eps_adapter=1.238715e-02 | residual_overlap=0.016399
[step   277500] t/d=555.000 | task1=1.622117e-01 | |m1|=0.997462 | m1²=0.994930 | ||w||²/d=0.877162 | eps_adapter=1.234797e-02 | residual_overlap=0.016410
[step   277750] t/d=555.500 | task1=1.621694e-01 | |m1|=0.997483 | m1²=0.994973 | ||w||²/d=0.876936 | eps_adapter=1.229015e-02 | residual_overlap=0.016394
[step   278000] t/d=556.000 | task1=1.621989e-01 | |m1|=0.997484 | m1²=0.994973 | ||w||²/d=0.877722 | eps_adapter=1.220942e-02 | residual_overlap=0.016362
[step   278250] t/d=556.500 | task1=1.621644e-01 | |m1|=0.997487 | m1²=0.994981 | ||w||²/d=0.877563 | eps_adapter=1.221083e-02 | residual_overlap=0.016356
[step   278500] t/d=557.000 | task1=1.621306e-01 | |m1|=0.997488 | m1²=0.994982 | ||w||²/d=0.877228 | eps_adapter=1.224331e-02 | residual_overlap=0.016367
[step   278750] t/d=557.500 | task1=1.621003e-01 | |m1|=0.997497 | m1²=0.995000 | ||w||²/d=0.876825 | eps_adapter=1.225136e-02 | residual_overlap=0.016371
[step   279000] t/d=558.000 | task1=1.621201e-01 | |m1|=0.997492 | m1²=0.994991 | ||w||²/d=0.876434 | eps_adapter=1.230840e-02 | residual_overlap=0.016399
[step   279250] t/d=558.500 | task1=1.621293e-01 | |m1|=0.997496 | m1²=0.994998 | ||w||²/d=0.876389 | eps_adapter=1.229870e-02 | residual_overlap=0.016385
[step   279500] t/d=559.000 | task1=1.620993e-01 | |m1|=0.997492 | m1²=0.994990 | ||w||²/d=0.876711 | eps_adapter=1.228038e-02 | residual_overlap=0.016376
[step   279750] t/d=559.500 | task1=1.620862e-01 | |m1|=0.997480 | m1²=0.994966 | ||w||²/d=0.876825 | eps_adapter=1.231445e-02 | residual_overlap=0.016396
[step   280000] t/d=560.000 | task1=1.621348e-01 | |m1|=0.997495 | m1²=0.994996 | ||w||²/d=0.876481 | eps_adapter=1.229292e-02 | residual_overlap=0.016373
[step   280250] t/d=560.500 | task1=1.621496e-01 | |m1|=0.997523 | m1²=0.995051 | ||w||²/d=0.876591 | eps_adapter=1.217774e-02 | residual_overlap=0.016333
[step   280500] t/d=561.000 | task1=1.621409e-01 | |m1|=0.997522 | m1²=0.995051 | ||w||²/d=0.877187 | eps_adapter=1.211729e-02 | residual_overlap=0.016357
[step   280750] t/d=561.500 | task1=1.621352e-01 | |m1|=0.997549 | m1²=0.995103 | ||w||²/d=0.877825 | eps_adapter=1.195276e-02 | residual_overlap=0.016345
[step   281000] t/d=562.000 | task1=1.621356e-01 | |m1|=0.997528 | m1²=0.995062 | ||w||²/d=0.877964 | eps_adapter=1.201690e-02 | residual_overlap=0.016366
[step   281250] t/d=562.500 | task1=1.621455e-01 | |m1|=0.997558 | m1²=0.995122 | ||w||²/d=0.879021 | eps_adapter=1.179902e-02 | residual_overlap=0.016324
[step   281500] t/d=563.000 | task1=1.621096e-01 | |m1|=0.997555 | m1²=0.995115 | ||w||²/d=0.879616 | eps_adapter=1.175302e-02 | residual_overlap=0.016321
[step   281750] t/d=563.500 | task1=1.621306e-01 | |m1|=0.997558 | m1²=0.995122 | ||w||²/d=0.879870 | eps_adapter=1.171501e-02 | residual_overlap=0.016310
[step   282000] t/d=564.000 | task1=1.621195e-01 | |m1|=0.997569 | m1²=0.995144 | ||w||²/d=0.880402 | eps_adapter=1.162333e-02 | residual_overlap=0.016297
[step   282250] t/d=564.500 | task1=1.621173e-01 | |m1|=0.997567 | m1²=0.995139 | ||w||²/d=0.880583 | eps_adapter=1.161518e-02 | residual_overlap=0.016294
[step   282500] t/d=565.000 | task1=1.620868e-01 | |m1|=0.997564 | m1²=0.995134 | ||w||²/d=0.880430 | eps_adapter=1.163888e-02 | residual_overlap=0.016321
[step   282750] t/d=565.500 | task1=1.620983e-01 | |m1|=0.997580 | m1²=0.995167 | ||w||²/d=0.880655 | eps_adapter=1.155548e-02 | residual_overlap=0.016300
[step   283000] t/d=566.000 | task1=1.621004e-01 | |m1|=0.997579 | m1²=0.995164 | ||w||²/d=0.880851 | eps_adapter=1.154287e-02 | residual_overlap=0.016309
[step   283250] t/d=566.500 | task1=1.621262e-01 | |m1|=0.997576 | m1²=0.995159 | ||w||²/d=0.880582 | eps_adapter=1.157810e-02 | residual_overlap=0.016314
[step   283500] t/d=567.000 | task1=1.620840e-01 | |m1|=0.997570 | m1²=0.995146 | ||w||²/d=0.880146 | eps_adapter=1.164424e-02 | residual_overlap=0.016317
[step   283750] t/d=567.500 | task1=1.621100e-01 | |m1|=0.997569 | m1²=0.995143 | ||w||²/d=0.880409 | eps_adapter=1.162347e-02 | residual_overlap=0.016318
[step   284000] t/d=568.000 | task1=1.620851e-01 | |m1|=0.997551 | m1²=0.995107 | ||w||²/d=0.880681 | eps_adapter=1.166591e-02 | residual_overlap=0.016352
[step   284250] t/d=568.500 | task1=1.620831e-01 | |m1|=0.997556 | m1²=0.995118 | ||w||²/d=0.881129 | eps_adapter=1.160478e-02 | residual_overlap=0.016340
[step   284500] t/d=569.000 | task1=1.620721e-01 | |m1|=0.997569 | m1²=0.995143 | ||w||²/d=0.880694 | eps_adapter=1.159721e-02 | residual_overlap=0.016339
[step   284750] t/d=569.500 | task1=1.620890e-01 | |m1|=0.997557 | m1²=0.995120 | ||w||²/d=0.880453 | eps_adapter=1.166321e-02 | residual_overlap=0.016321
[step   285000] t/d=570.000 | task1=1.620738e-01 | |m1|=0.997548 | m1²=0.995102 | ||w||²/d=0.880191 | eps_adapter=1.172367e-02 | residual_overlap=0.016308
[step   285250] t/d=570.500 | task1=1.620784e-01 | |m1|=0.997540 | m1²=0.995085 | ||w||²/d=0.880466 | eps_adapter=1.172815e-02 | residual_overlap=0.016310
[step   285500] t/d=571.000 | task1=1.620573e-01 | |m1|=0.997535 | m1²=0.995077 | ||w||²/d=0.880553 | eps_adapter=1.173611e-02 | residual_overlap=0.016304
[step   285750] t/d=571.500 | task1=1.621034e-01 | |m1|=0.997532 | m1²=0.995070 | ||w||²/d=0.880682 | eps_adapter=1.173701e-02 | residual_overlap=0.016302
[step   286000] t/d=572.000 | task1=1.621633e-01 | |m1|=0.997542 | m1²=0.995090 | ||w||²/d=0.880946 | eps_adapter=1.167501e-02 | residual_overlap=0.016301
[step   286250] t/d=572.500 | task1=1.621525e-01 | |m1|=0.997515 | m1²=0.995036 | ||w||²/d=0.880015 | eps_adapter=1.186466e-02 | residual_overlap=0.016347
[step   286500] t/d=573.000 | task1=1.621195e-01 | |m1|=0.997523 | m1²=0.995052 | ||w||²/d=0.879826 | eps_adapter=1.185352e-02 | residual_overlap=0.016344
[step   286750] t/d=573.500 | task1=1.621164e-01 | |m1|=0.997544 | m1²=0.995094 | ||w||²/d=0.879877 | eps_adapter=1.176744e-02 | residual_overlap=0.016305
[step   287000] t/d=574.000 | task1=1.621400e-01 | |m1|=0.997562 | m1²=0.995130 | ||w||²/d=0.879571 | eps_adapter=1.172990e-02 | residual_overlap=0.016286
[step   287250] t/d=574.500 | task1=1.621363e-01 | |m1|=0.997568 | m1²=0.995141 | ||w||²/d=0.879716 | eps_adapter=1.169375e-02 | residual_overlap=0.016290
[step   287500] t/d=575.000 | task1=1.621726e-01 | |m1|=0.997566 | m1²=0.995138 | ||w||²/d=0.879937 | eps_adapter=1.167850e-02 | residual_overlap=0.016280
[step   287750] t/d=575.500 | task1=1.621744e-01 | |m1|=0.997571 | m1²=0.995149 | ||w||²/d=0.880214 | eps_adapter=1.163205e-02 | residual_overlap=0.016278
[step   288000] t/d=576.000 | task1=1.621561e-01 | |m1|=0.997565 | m1²=0.995136 | ||w||²/d=0.880765 | eps_adapter=1.160298e-02 | residual_overlap=0.016291
[step   288250] t/d=576.500 | task1=1.621480e-01 | |m1|=0.997594 | m1²=0.995194 | ||w||²/d=0.880974 | eps_adapter=1.147441e-02 | residual_overlap=0.016259
[step   288500] t/d=577.000 | task1=1.621135e-01 | |m1|=0.997597 | m1²=0.995200 | ||w||²/d=0.881667 | eps_adapter=1.139868e-02 | residual_overlap=0.016265
[step   288750] t/d=577.500 | task1=1.620870e-01 | |m1|=0.997584 | m1²=0.995174 | ||w||²/d=0.881306 | eps_adapter=1.148152e-02 | residual_overlap=0.016267
[step   289000] t/d=578.000 | task1=1.621129e-01 | |m1|=0.997589 | m1²=0.995183 | ||w||²/d=0.881357 | eps_adapter=1.145878e-02 | residual_overlap=0.016262
[step   289250] t/d=578.500 | task1=1.621214e-01 | |m1|=0.997584 | m1²=0.995173 | ||w||²/d=0.880828 | eps_adapter=1.152754e-02 | residual_overlap=0.016263
[step   289500] t/d=579.000 | task1=1.621293e-01 | |m1|=0.997590 | m1²=0.995187 | ||w||²/d=0.880761 | eps_adapter=1.150766e-02 | residual_overlap=0.016253
[step   289750] t/d=579.500 | task1=1.621337e-01 | |m1|=0.997568 | m1²=0.995143 | ||w||²/d=0.880460 | eps_adapter=1.161996e-02 | residual_overlap=0.016280
[step   290000] t/d=580.000 | task1=1.621769e-01 | |m1|=0.997577 | m1²=0.995159 | ||w||²/d=0.880886 | eps_adapter=1.154771e-02 | residual_overlap=0.016275
[step   290250] t/d=580.500 | task1=1.621523e-01 | |m1|=0.997562 | m1²=0.995131 | ||w||²/d=0.880638 | eps_adapter=1.162605e-02 | residual_overlap=0.016288
[step   290500] t/d=581.000 | task1=1.621280e-01 | |m1|=0.997561 | m1²=0.995127 | ||w||²/d=0.880448 | eps_adapter=1.165036e-02 | residual_overlap=0.016295
[step   290750] t/d=581.500 | task1=1.621176e-01 | |m1|=0.997564 | m1²=0.995135 | ||w||²/d=0.880062 | eps_adapter=1.167271e-02 | residual_overlap=0.016281
[step   291000] t/d=582.000 | task1=1.620984e-01 | |m1|=0.997564 | m1²=0.995135 | ||w||²/d=0.881150 | eps_adapter=1.157036e-02 | residual_overlap=0.016267
[step   291250] t/d=582.500 | task1=1.620891e-01 | |m1|=0.997572 | m1²=0.995151 | ||w||²/d=0.880667 | eps_adapter=1.158505e-02 | residual_overlap=0.016262
[step   291500] t/d=583.000 | task1=1.620918e-01 | |m1|=0.997589 | m1²=0.995183 | ||w||²/d=0.880584 | eps_adapter=1.153149e-02 | residual_overlap=0.016229
[step   291750] t/d=583.500 | task1=1.621004e-01 | |m1|=0.997608 | m1²=0.995222 | ||w||²/d=0.880594 | eps_adapter=1.145529e-02 | residual_overlap=0.016209
[step   292000] t/d=584.000 | task1=1.621003e-01 | |m1|=0.997604 | m1²=0.995213 | ||w||²/d=0.881123 | eps_adapter=1.142392e-02 | residual_overlap=0.016232
[step   292250] t/d=584.500 | task1=1.620809e-01 | |m1|=0.997635 | m1²=0.995276 | ||w||²/d=0.881464 | eps_adapter=1.127220e-02 | residual_overlap=0.016203
[step   292500] t/d=585.000 | task1=1.620956e-01 | |m1|=0.997636 | m1²=0.995278 | ||w||²/d=0.881753 | eps_adapter=1.124215e-02 | residual_overlap=0.016193
[step   292750] t/d=585.500 | task1=1.620902e-01 | |m1|=0.997626 | m1²=0.995258 | ||w||²/d=0.881535 | eps_adapter=1.129931e-02 | residual_overlap=0.016221
[step   293000] t/d=586.000 | task1=1.620831e-01 | |m1|=0.997623 | m1²=0.995252 | ||w||²/d=0.881408 | eps_adapter=1.132251e-02 | residual_overlap=0.016212
[step   293250] t/d=586.500 | task1=1.620708e-01 | |m1|=0.997608 | m1²=0.995221 | ||w||²/d=0.881493 | eps_adapter=1.137374e-02 | residual_overlap=0.016241
[step   293500] t/d=587.000 | task1=1.620780e-01 | |m1|=0.997612 | m1²=0.995230 | ||w||²/d=0.882132 | eps_adapter=1.129835e-02 | residual_overlap=0.016243
[step   293750] t/d=587.500 | task1=1.620743e-01 | |m1|=0.997586 | m1²=0.995177 | ||w||²/d=0.882025 | eps_adapter=1.140864e-02 | residual_overlap=0.016276
[step   294000] t/d=588.000 | task1=1.621184e-01 | |m1|=0.997607 | m1²=0.995219 | ||w||²/d=0.882168 | eps_adapter=1.131539e-02 | residual_overlap=0.016245
[step   294250] t/d=588.500 | task1=1.621217e-01 | |m1|=0.997630 | m1²=0.995266 | ||w||²/d=0.881957 | eps_adapter=1.124447e-02 | residual_overlap=0.016197
[step   294500] t/d=589.000 | task1=1.620923e-01 | |m1|=0.997620 | m1²=0.995246 | ||w||²/d=0.882354 | eps_adapter=1.124784e-02 | residual_overlap=0.016217
[step   294750] t/d=589.500 | task1=1.620782e-01 | |m1|=0.997650 | m1²=0.995306 | ||w||²/d=0.882748 | eps_adapter=1.109724e-02 | residual_overlap=0.016184
[step   295000] t/d=590.000 | task1=1.620948e-01 | |m1|=0.997656 | m1²=0.995318 | ||w||²/d=0.882751 | eps_adapter=1.107424e-02 | residual_overlap=0.016175
[step   295250] t/d=590.500 | task1=1.621198e-01 | |m1|=0.997652 | m1²=0.995310 | ||w||²/d=0.882537 | eps_adapter=1.110944e-02 | residual_overlap=0.016157
[step   295500] t/d=591.000 | task1=1.620988e-01 | |m1|=0.997645 | m1²=0.995295 | ||w||²/d=0.883233 | eps_adapter=1.107545e-02 | residual_overlap=0.016162
[step   295750] t/d=591.500 | task1=1.620778e-01 | |m1|=0.997641 | m1²=0.995288 | ||w||²/d=0.882726 | eps_adapter=1.113296e-02 | residual_overlap=0.016162
[step   296000] t/d=592.000 | task1=1.620576e-01 | |m1|=0.997667 | m1²=0.995339 | ||w||²/d=0.882786 | eps_adapter=1.103129e-02 | residual_overlap=0.016147
[step   296250] t/d=592.500 | task1=1.620665e-01 | |m1|=0.997664 | m1²=0.995334 | ||w||²/d=0.882787 | eps_adapter=1.104127e-02 | residual_overlap=0.016159
[step   296500] t/d=593.000 | task1=1.620877e-01 | |m1|=0.997642 | m1²=0.995290 | ||w||²/d=0.882544 | eps_adapter=1.114579e-02 | residual_overlap=0.016170
[step   296750] t/d=593.500 | task1=1.620764e-01 | |m1|=0.997630 | m1²=0.995265 | ||w||²/d=0.882558 | eps_adapter=1.119223e-02 | residual_overlap=0.016183
[step   297000] t/d=594.000 | task1=1.620590e-01 | |m1|=0.997625 | m1²=0.995256 | ||w||²/d=0.882993 | eps_adapter=1.117147e-02 | residual_overlap=0.016190
[step   297250] t/d=594.500 | task1=1.620985e-01 | |m1|=0.997633 | m1²=0.995272 | ||w||²/d=0.882792 | eps_adapter=1.115864e-02 | residual_overlap=0.016174
[step   297500] t/d=595.000 | task1=1.621201e-01 | |m1|=0.997645 | m1²=0.995296 | ||w||²/d=0.882344 | eps_adapter=1.115326e-02 | residual_overlap=0.016146
[step   297750] t/d=595.500 | task1=1.621682e-01 | |m1|=0.997610 | m1²=0.995225 | ||w||²/d=0.882379 | eps_adapter=1.128434e-02 | residual_overlap=0.016190
[step   298000] t/d=596.000 | task1=1.621954e-01 | |m1|=0.997597 | m1²=0.995200 | ||w||²/d=0.882666 | eps_adapter=1.130761e-02 | residual_overlap=0.016211
[step   298250] t/d=596.500 | task1=1.622219e-01 | |m1|=0.997592 | m1²=0.995190 | ||w||²/d=0.883421 | eps_adapter=1.125810e-02 | residual_overlap=0.016246
[step   298500] t/d=597.000 | task1=1.622269e-01 | |m1|=0.997590 | m1²=0.995185 | ||w||²/d=0.883060 | eps_adapter=1.129973e-02 | residual_overlap=0.016262
[step   298750] t/d=597.500 | task1=1.622742e-01 | |m1|=0.997578 | m1²=0.995162 | ||w||²/d=0.883105 | eps_adapter=1.134029e-02 | residual_overlap=0.016275
[step   299000] t/d=598.000 | task1=1.622924e-01 | |m1|=0.997537 | m1²=0.995080 | ||w||²/d=0.882921 | eps_adapter=1.151233e-02 | residual_overlap=0.016305
[step   299250] t/d=598.500 | task1=1.622923e-01 | |m1|=0.997537 | m1²=0.995079 | ||w||²/d=0.882555 | eps_adapter=1.154672e-02 | residual_overlap=0.016291
[step   299500] t/d=599.000 | task1=1.622726e-01 | |m1|=0.997519 | m1²=0.995043 | ||w||²/d=0.882940 | eps_adapter=1.158143e-02 | residual_overlap=0.016310
[step   299750] t/d=599.500 | task1=1.622807e-01 | |m1|=0.997514 | m1²=0.995034 | ||w||²/d=0.883087 | eps_adapter=1.158574e-02 | residual_overlap=0.016305
[step   300000] t/d=600.000 | task1=1.623097e-01 | |m1|=0.997528 | m1²=0.995062 | ||w||²/d=0.882583 | eps_adapter=1.157819e-02 | residual_overlap=0.016276
[step   300250] t/d=600.500 | task1=1.622720e-01 | |m1|=0.997557 | m1²=0.995120 | ||w||²/d=0.883152 | eps_adapter=1.141622e-02 | residual_overlap=0.016251
[step   300500] t/d=601.000 | task1=1.622858e-01 | |m1|=0.997554 | m1²=0.995113 | ||w||²/d=0.883651 | eps_adapter=1.138513e-02 | residual_overlap=0.016259
[step   300750] t/d=601.500 | task1=1.622752e-01 | |m1|=0.997567 | m1²=0.995140 | ||w||²/d=0.883933 | eps_adapter=1.131037e-02 | residual_overlap=0.016244
[step   301000] t/d=602.000 | task1=1.622665e-01 | |m1|=0.997577 | m1²=0.995160 | ||w||²/d=0.883954 | eps_adapter=1.126952e-02 | residual_overlap=0.016213
[step   301250] t/d=602.500 | task1=1.622472e-01 | |m1|=0.997559 | m1²=0.995124 | ||w||²/d=0.883997 | eps_adapter=1.133444e-02 | residual_overlap=0.016232
[step   301500] t/d=603.000 | task1=1.622744e-01 | |m1|=0.997532 | m1²=0.995071 | ||w||²/d=0.884376 | eps_adapter=1.140328e-02 | residual_overlap=0.016248
[step   301750] t/d=603.500 | task1=1.622834e-01 | |m1|=0.997535 | m1²=0.995077 | ||w||²/d=0.885146 | eps_adapter=1.132693e-02 | residual_overlap=0.016241
[step   302000] t/d=604.000 | task1=1.622550e-01 | |m1|=0.997524 | m1²=0.995054 | ||w||²/d=0.885844 | eps_adapter=1.131242e-02 | residual_overlap=0.016258
[step   302250] t/d=604.500 | task1=1.622628e-01 | |m1|=0.997510 | m1²=0.995027 | ||w||²/d=0.886301 | eps_adapter=1.132736e-02 | residual_overlap=0.016271
[step   302500] t/d=605.000 | task1=1.622498e-01 | |m1|=0.997513 | m1²=0.995031 | ||w||²/d=0.886816 | eps_adapter=1.127717e-02 | residual_overlap=0.016268
[step   302750] t/d=605.500 | task1=1.622598e-01 | |m1|=0.997508 | m1²=0.995023 | ||w||²/d=0.885812 | eps_adapter=1.137464e-02 | residual_overlap=0.016256
[step   303000] t/d=606.000 | task1=1.622511e-01 | |m1|=0.997488 | m1²=0.994982 | ||w||²/d=0.886114 | eps_adapter=1.142792e-02 | residual_overlap=0.016278
[step   303250] t/d=606.500 | task1=1.622269e-01 | |m1|=0.997497 | m1²=0.995000 | ||w||²/d=0.885389 | eps_adapter=1.145274e-02 | residual_overlap=0.016255
[step   303500] t/d=607.000 | task1=1.622216e-01 | |m1|=0.997507 | m1²=0.995021 | ||w||²/d=0.884612 | eps_adapter=1.147863e-02 | residual_overlap=0.016260
[step   303750] t/d=607.500 | task1=1.622007e-01 | |m1|=0.997492 | m1²=0.994991 | ||w||²/d=0.885492 | eps_adapter=1.146217e-02 | residual_overlap=0.016268
[step   304000] t/d=608.000 | task1=1.622274e-01 | |m1|=0.997506 | m1²=0.995019 | ||w||²/d=0.885446 | eps_adapter=1.141309e-02 | residual_overlap=0.016256
[step   304250] t/d=608.500 | task1=1.621709e-01 | |m1|=0.997500 | m1²=0.995006 | ||w||²/d=0.885170 | eps_adapter=1.146036e-02 | residual_overlap=0.016265
[step   304500] t/d=609.000 | task1=1.621576e-01 | |m1|=0.997490 | m1²=0.994986 | ||w||²/d=0.885561 | eps_adapter=1.146554e-02 | residual_overlap=0.016292
[step   304750] t/d=609.500 | task1=1.620912e-01 | |m1|=0.997502 | m1²=0.995010 | ||w||²/d=0.885443 | eps_adapter=1.142958e-02 | residual_overlap=0.016287
[step   305000] t/d=610.000 | task1=1.620543e-01 | |m1|=0.997521 | m1²=0.995047 | ||w||²/d=0.885207 | eps_adapter=1.137823e-02 | residual_overlap=0.016286
[step   305250] t/d=610.500 | task1=1.620720e-01 | |m1|=0.997515 | m1²=0.995037 | ||w||²/d=0.885100 | eps_adapter=1.140738e-02 | residual_overlap=0.016284
[step   305500] t/d=611.000 | task1=1.620741e-01 | |m1|=0.997550 | m1²=0.995106 | ||w||²/d=0.884594 | eps_adapter=1.131845e-02 | residual_overlap=0.016263
[step   305750] t/d=611.500 | task1=1.620667e-01 | |m1|=0.997545 | m1²=0.995097 | ||w||²/d=0.883386 | eps_adapter=1.143991e-02 | residual_overlap=0.016265
[step   306000] t/d=612.000 | task1=1.620665e-01 | |m1|=0.997534 | m1²=0.995073 | ||w||²/d=0.883227 | eps_adapter=1.149886e-02 | residual_overlap=0.016277
[step   306250] t/d=612.500 | task1=1.620661e-01 | |m1|=0.997521 | m1²=0.995048 | ||w||²/d=0.883057 | eps_adapter=1.156174e-02 | residual_overlap=0.016317
[step   306500] t/d=613.000 | task1=1.620478e-01 | |m1|=0.997549 | m1²=0.995104 | ||w||²/d=0.882727 | eps_adapter=1.148488e-02 | residual_overlap=0.016271
[step   306750] t/d=613.500 | task1=1.620309e-01 | |m1|=0.997524 | m1²=0.995054 | ||w||²/d=0.882658 | eps_adapter=1.158562e-02 | residual_overlap=0.016305
[step   307000] t/d=614.000 | task1=1.620420e-01 | |m1|=0.997512 | m1²=0.995030 | ||w||²/d=0.882596 | eps_adapter=1.163757e-02 | residual_overlap=0.016330
[step   307250] t/d=614.500 | task1=1.620424e-01 | |m1|=0.997485 | m1²=0.994977 | ||w||²/d=0.882587 | eps_adapter=1.173947e-02 | residual_overlap=0.016369
[step   307500] t/d=615.000 | task1=1.620150e-01 | |m1|=0.997455 | m1²=0.994917 | ||w||²/d=0.882369 | eps_adapter=1.187344e-02 | residual_overlap=0.016404
[step   307750] t/d=615.500 | task1=1.619984e-01 | |m1|=0.997479 | m1²=0.994964 | ||w||²/d=0.882114 | eps_adapter=1.180710e-02 | residual_overlap=0.016382
[step   308000] t/d=616.000 | task1=1.620103e-01 | |m1|=0.997488 | m1²=0.994983 | ||w||²/d=0.882301 | eps_adapter=1.175304e-02 | residual_overlap=0.016386
[step   308250] t/d=616.500 | task1=1.619902e-01 | |m1|=0.997478 | m1²=0.994962 | ||w||²/d=0.882164 | eps_adapter=1.180684e-02 | residual_overlap=0.016407
[step   308500] t/d=617.000 | task1=1.620095e-01 | |m1|=0.997494 | m1²=0.994993 | ||w||²/d=0.881802 | eps_adapter=1.177908e-02 | residual_overlap=0.016359
[step   308750] t/d=617.500 | task1=1.619995e-01 | |m1|=0.997485 | m1²=0.994975 | ||w||²/d=0.881709 | eps_adapter=1.182171e-02 | residual_overlap=0.016383
[step   309000] t/d=618.000 | task1=1.619800e-01 | |m1|=0.997480 | m1²=0.994967 | ||w||²/d=0.881517 | eps_adapter=1.185497e-02 | residual_overlap=0.016398
[step   309250] t/d=618.500 | task1=1.619598e-01 | |m1|=0.997452 | m1²=0.994911 | ||w||²/d=0.881318 | eps_adapter=1.198032e-02 | residual_overlap=0.016412
[step   309500] t/d=619.000 | task1=1.619691e-01 | |m1|=0.997468 | m1²=0.994942 | ||w||²/d=0.881967 | eps_adapter=1.186124e-02 | residual_overlap=0.016411
[step   309750] t/d=619.500 | task1=1.619825e-01 | |m1|=0.997458 | m1²=0.994923 | ||w||²/d=0.881719 | eps_adapter=1.192115e-02 | residual_overlap=0.016429
[step   310000] t/d=620.000 | task1=1.620058e-01 | |m1|=0.997441 | m1²=0.994888 | ||w||²/d=0.881847 | eps_adapter=1.197549e-02 | residual_overlap=0.016443
[step   310250] t/d=620.500 | task1=1.619875e-01 | |m1|=0.997408 | m1²=0.994822 | ||w||²/d=0.881547 | eps_adapter=1.212892e-02 | residual_overlap=0.016479
[step   310500] t/d=621.000 | task1=1.620256e-01 | |m1|=0.997399 | m1²=0.994805 | ||w||²/d=0.881634 | eps_adapter=1.215389e-02 | residual_overlap=0.016467
[step   310750] t/d=621.500 | task1=1.620056e-01 | |m1|=0.997410 | m1²=0.994827 | ||w||²/d=0.881486 | eps_adapter=1.212470e-02 | residual_overlap=0.016454
[step   311000] t/d=622.000 | task1=1.619381e-01 | |m1|=0.997419 | m1²=0.994845 | ||w||²/d=0.882181 | eps_adapter=1.202791e-02 | residual_overlap=0.016452
[step   311250] t/d=622.500 | task1=1.619239e-01 | |m1|=0.997414 | m1²=0.994835 | ||w||²/d=0.882183 | eps_adapter=1.204582e-02 | residual_overlap=0.016451
[step   311500] t/d=623.000 | task1=1.619370e-01 | |m1|=0.997402 | m1²=0.994811 | ||w||²/d=0.882293 | eps_adapter=1.208153e-02 | residual_overlap=0.016450
[step   311750] t/d=623.500 | task1=1.619291e-01 | |m1|=0.997389 | m1²=0.994785 | ||w||²/d=0.882292 | eps_adapter=1.213232e-02 | residual_overlap=0.016485
[step   312000] t/d=624.000 | task1=1.619382e-01 | |m1|=0.997390 | m1²=0.994787 | ||w||²/d=0.882303 | eps_adapter=1.212724e-02 | residual_overlap=0.016499
[step   312250] t/d=624.500 | task1=1.619142e-01 | |m1|=0.997385 | m1²=0.994776 | ||w||²/d=0.882604 | eps_adapter=1.212139e-02 | residual_overlap=0.016493
[step   312500] t/d=625.000 | task1=1.619257e-01 | |m1|=0.997373 | m1²=0.994752 | ||w||²/d=0.882212 | eps_adapter=1.220134e-02 | residual_overlap=0.016513
[step   312750] t/d=625.500 | task1=1.619221e-01 | |m1|=0.997367 | m1²=0.994741 | ||w||²/d=0.881655 | eps_adapter=1.227298e-02 | residual_overlap=0.016518
[step   313000] t/d=626.000 | task1=1.619342e-01 | |m1|=0.997373 | m1²=0.994753 | ||w||²/d=0.881371 | eps_adapter=1.227646e-02 | residual_overlap=0.016510
[step   313250] t/d=626.500 | task1=1.618918e-01 | |m1|=0.997362 | m1²=0.994732 | ||w||²/d=0.881463 | eps_adapter=1.230836e-02 | residual_overlap=0.016528
[step   313500] t/d=627.000 | task1=1.618411e-01 | |m1|=0.997371 | m1²=0.994748 | ||w||²/d=0.881764 | eps_adapter=1.225010e-02 | residual_overlap=0.016516
[step   313750] t/d=627.500 | task1=1.618461e-01 | |m1|=0.997362 | m1²=0.994731 | ||w||²/d=0.880459 | eps_adapter=1.240238e-02 | residual_overlap=0.016533
[step   314000] t/d=628.000 | task1=1.619068e-01 | |m1|=0.997347 | m1²=0.994702 | ||w||²/d=0.880972 | eps_adapter=1.241110e-02 | residual_overlap=0.016532
[step   314250] t/d=628.500 | task1=1.619491e-01 | |m1|=0.997408 | m1²=0.994822 | ||w||²/d=0.880612 | eps_adapter=1.221587e-02 | residual_overlap=0.016468
[step   314500] t/d=629.000 | task1=1.619072e-01 | |m1|=0.997408 | m1²=0.994823 | ||w||²/d=0.881120 | eps_adapter=1.216623e-02 | residual_overlap=0.016467
[step   314750] t/d=629.500 | task1=1.619061e-01 | |m1|=0.997417 | m1²=0.994841 | ||w||²/d=0.880620 | eps_adapter=1.217801e-02 | residual_overlap=0.016472
[step   315000] t/d=630.000 | task1=1.619477e-01 | |m1|=0.997412 | m1²=0.994832 | ||w||²/d=0.881358 | eps_adapter=1.212799e-02 | residual_overlap=0.016469
[step   315250] t/d=630.500 | task1=1.619523e-01 | |m1|=0.997425 | m1²=0.994857 | ||w||²/d=0.881417 | eps_adapter=1.207469e-02 | residual_overlap=0.016433
[step   315500] t/d=631.000 | task1=1.619343e-01 | |m1|=0.997452 | m1²=0.994910 | ||w||²/d=0.881047 | eps_adapter=1.200717e-02 | residual_overlap=0.016411
[step   315750] t/d=631.500 | task1=1.619037e-01 | |m1|=0.997478 | m1²=0.994962 | ||w||²/d=0.881734 | eps_adapter=1.184581e-02 | residual_overlap=0.016412
[step   316000] t/d=632.000 | task1=1.619219e-01 | |m1|=0.997492 | m1²=0.994991 | ||w||²/d=0.882263 | eps_adapter=1.174231e-02 | residual_overlap=0.016391
[step   316250] t/d=632.500 | task1=1.619051e-01 | |m1|=0.997488 | m1²=0.994982 | ||w||²/d=0.882314 | eps_adapter=1.175513e-02 | residual_overlap=0.016413
[step   316500] t/d=633.000 | task1=1.619108e-01 | |m1|=0.997467 | m1²=0.994940 | ||w||²/d=0.882367 | eps_adapter=1.183002e-02 | residual_overlap=0.016464
[step   316750] t/d=633.500 | task1=1.619254e-01 | |m1|=0.997471 | m1²=0.994949 | ||w||²/d=0.883019 | eps_adapter=1.175364e-02 | residual_overlap=0.016468
[step   317000] t/d=634.000 | task1=1.619272e-01 | |m1|=0.997479 | m1²=0.994965 | ||w||²/d=0.883010 | eps_adapter=1.172520e-02 | residual_overlap=0.016474
[step   317250] t/d=634.500 | task1=1.619428e-01 | |m1|=0.997483 | m1²=0.994972 | ||w||²/d=0.883574 | eps_adapter=1.166126e-02 | residual_overlap=0.016479
[step   317500] t/d=635.000 | task1=1.619053e-01 | |m1|=0.997484 | m1²=0.994975 | ||w||²/d=0.883444 | eps_adapter=1.166692e-02 | residual_overlap=0.016479
[step   317750] t/d=635.500 | task1=1.618971e-01 | |m1|=0.997501 | m1²=0.995008 | ||w||²/d=0.883634 | eps_adapter=1.158734e-02 | residual_overlap=0.016451
[step   318000] t/d=636.000 | task1=1.618842e-01 | |m1|=0.997496 | m1²=0.994999 | ||w||²/d=0.884378 | eps_adapter=1.154146e-02 | residual_overlap=0.016457
[step   318250] t/d=636.500 | task1=1.618625e-01 | |m1|=0.997492 | m1²=0.994991 | ||w||²/d=0.884009 | eps_adapter=1.158846e-02 | residual_overlap=0.016470
[step   318500] t/d=637.000 | task1=1.618927e-01 | |m1|=0.997468 | m1²=0.994943 | ||w||²/d=0.883580 | eps_adapter=1.171705e-02 | residual_overlap=0.016515
[step   318750] t/d=637.500 | task1=1.619488e-01 | |m1|=0.997495 | m1²=0.994997 | ||w||²/d=0.883823 | eps_adapter=1.159170e-02 | residual_overlap=0.016496
[step   319000] t/d=638.000 | task1=1.619791e-01 | |m1|=0.997494 | m1²=0.994994 | ||w||²/d=0.883438 | eps_adapter=1.163144e-02 | residual_overlap=0.016516
[step   319250] t/d=638.500 | task1=1.619723e-01 | |m1|=0.997480 | m1²=0.994967 | ||w||²/d=0.883737 | eps_adapter=1.165654e-02 | residual_overlap=0.016535
[step   319500] t/d=639.000 | task1=1.619726e-01 | |m1|=0.997472 | m1²=0.994951 | ||w||²/d=0.883520 | eps_adapter=1.170670e-02 | residual_overlap=0.016535
[step   319750] t/d=639.500 | task1=1.619200e-01 | |m1|=0.997449 | m1²=0.994904 | ||w||²/d=0.884262 | eps_adapter=1.173220e-02 | residual_overlap=0.016557
[step   320000] t/d=640.000 | task1=1.619329e-01 | |m1|=0.997444 | m1²=0.994894 | ||w||²/d=0.884601 | eps_adapter=1.172298e-02 | residual_overlap=0.016563
[step   320250] t/d=640.500 | task1=1.619296e-01 | |m1|=0.997456 | m1²=0.994919 | ||w||²/d=0.885615 | eps_adapter=1.158927e-02 | residual_overlap=0.016541
[step   320500] t/d=641.000 | task1=1.619105e-01 | |m1|=0.997447 | m1²=0.994900 | ||w||²/d=0.885607 | eps_adapter=1.162679e-02 | residual_overlap=0.016560
[step   320750] t/d=641.500 | task1=1.619675e-01 | |m1|=0.997438 | m1²=0.994883 | ||w||²/d=0.885985 | eps_adapter=1.162882e-02 | residual_overlap=0.016560
[step   321000] t/d=642.000 | task1=1.619570e-01 | |m1|=0.997434 | m1²=0.994875 | ||w||²/d=0.885437 | eps_adapter=1.168837e-02 | residual_overlap=0.016553
[step   321250] t/d=642.500 | task1=1.619525e-01 | |m1|=0.997448 | m1²=0.994902 | ||w||²/d=0.885576 | eps_adapter=1.162538e-02 | residual_overlap=0.016540
[step   321500] t/d=643.000 | task1=1.619546e-01 | |m1|=0.997472 | m1²=0.994950 | ||w||²/d=0.885514 | eps_adapter=1.153963e-02 | residual_overlap=0.016509
[step   321750] t/d=643.500 | task1=1.619422e-01 | |m1|=0.997457 | m1²=0.994921 | ||w||²/d=0.885957 | eps_adapter=1.155821e-02 | residual_overlap=0.016523
[step   322000] t/d=644.000 | task1=1.618940e-01 | |m1|=0.997465 | m1²=0.994937 | ||w||²/d=0.886007 | eps_adapter=1.152334e-02 | residual_overlap=0.016521
[step   322250] t/d=644.500 | task1=1.618667e-01 | |m1|=0.997492 | m1²=0.994990 | ||w||²/d=0.885597 | eps_adapter=1.145500e-02 | residual_overlap=0.016483
[step   322500] t/d=645.000 | task1=1.619117e-01 | |m1|=0.997498 | m1²=0.995002 | ||w||²/d=0.885187 | eps_adapter=1.146578e-02 | residual_overlap=0.016468
[step   322750] t/d=645.500 | task1=1.619024e-01 | |m1|=0.997513 | m1²=0.995033 | ||w||²/d=0.885356 | eps_adapter=1.139271e-02 | residual_overlap=0.016440
[step   323000] t/d=646.000 | task1=1.618994e-01 | |m1|=0.997503 | m1²=0.995013 | ||w||²/d=0.885407 | eps_adapter=1.142765e-02 | residual_overlap=0.016450
[step   323250] t/d=646.500 | task1=1.618912e-01 | |m1|=0.997514 | m1²=0.995035 | ||w||²/d=0.884218 | eps_adapter=1.148546e-02 | residual_overlap=0.016422
[step   323500] t/d=647.000 | task1=1.619097e-01 | |m1|=0.997540 | m1²=0.995086 | ||w||²/d=0.883406 | eps_adapter=1.145767e-02 | residual_overlap=0.016378
[step   323750] t/d=647.500 | task1=1.619170e-01 | |m1|=0.997539 | m1²=0.995083 | ||w||²/d=0.883792 | eps_adapter=1.143030e-02 | residual_overlap=0.016384
[step   324000] t/d=648.000 | task1=1.619331e-01 | |m1|=0.997504 | m1²=0.995014 | ||w||²/d=0.883759 | eps_adapter=1.156480e-02 | residual_overlap=0.016429
[step   324250] t/d=648.500 | task1=1.619205e-01 | |m1|=0.997532 | m1²=0.995070 | ||w||²/d=0.884240 | eps_adapter=1.141701e-02 | residual_overlap=0.016396
[step   324500] t/d=649.000 | task1=1.618814e-01 | |m1|=0.997557 | m1²=0.995119 | ||w||²/d=0.884512 | eps_adapter=1.129983e-02 | residual_overlap=0.016391
[step   324750] t/d=649.500 | task1=1.618355e-01 | |m1|=0.997560 | m1²=0.995127 | ||w||²/d=0.884682 | eps_adapter=1.127082e-02 | residual_overlap=0.016404
[step   325000] t/d=650.000 | task1=1.618662e-01 | |m1|=0.997571 | m1²=0.995149 | ||w||²/d=0.884646 | eps_adapter=1.123138e-02 | residual_overlap=0.016377
[step   325250] t/d=650.500 | task1=1.618607e-01 | |m1|=0.997585 | m1²=0.995176 | ||w||²/d=0.884686 | eps_adapter=1.117546e-02 | residual_overlap=0.016355
[step   325500] t/d=651.000 | task1=1.618714e-01 | |m1|=0.997589 | m1²=0.995183 | ||w||²/d=0.885016 | eps_adapter=1.113473e-02 | residual_overlap=0.016328
[step   325750] t/d=651.500 | task1=1.618645e-01 | |m1|=0.997601 | m1²=0.995208 | ||w||²/d=0.885952 | eps_adapter=1.100875e-02 | residual_overlap=0.016326
[step   326000] t/d=652.000 | task1=1.618694e-01 | |m1|=0.997587 | m1²=0.995181 | ||w||²/d=0.886466 | eps_adapter=1.101922e-02 | residual_overlap=0.016339
[step   326250] t/d=652.500 | task1=1.618931e-01 | |m1|=0.997575 | m1²=0.995155 | ||w||²/d=0.886380 | eps_adapter=1.107491e-02 | residual_overlap=0.016355
[step   326500] t/d=653.000 | task1=1.618847e-01 | |m1|=0.997583 | m1²=0.995172 | ||w||²/d=0.886610 | eps_adapter=1.102330e-02 | residual_overlap=0.016362
[step   326750] t/d=653.500 | task1=1.618340e-01 | |m1|=0.997593 | m1²=0.995191 | ||w||²/d=0.886695 | eps_adapter=1.098111e-02 | residual_overlap=0.016358
[step   327000] t/d=654.000 | task1=1.618452e-01 | |m1|=0.997611 | m1²=0.995228 | ||w||²/d=0.886769 | eps_adapter=1.090409e-02 | residual_overlap=0.016320
[step   327250] t/d=654.500 | task1=1.618260e-01 | |m1|=0.997615 | m1²=0.995235 | ||w||²/d=0.886461 | eps_adapter=1.091600e-02 | residual_overlap=0.016321
[step   327500] t/d=655.000 | task1=1.617929e-01 | |m1|=0.997626 | m1²=0.995257 | ||w||²/d=0.886217 | eps_adapter=1.089381e-02 | residual_overlap=0.016316
[step   327750] t/d=655.500 | task1=1.617951e-01 | |m1|=0.997614 | m1²=0.995234 | ||w||²/d=0.886253 | eps_adapter=1.093519e-02 | residual_overlap=0.016318
[step   328000] t/d=656.000 | task1=1.617948e-01 | |m1|=0.997627 | m1²=0.995260 | ||w||²/d=0.886809 | eps_adapter=1.083930e-02 | residual_overlap=0.016299
[step   328250] t/d=656.500 | task1=1.617442e-01 | |m1|=0.997636 | m1²=0.995277 | ||w||²/d=0.886806 | eps_adapter=1.080723e-02 | residual_overlap=0.016316
[step   328500] t/d=657.000 | task1=1.617416e-01 | |m1|=0.997655 | m1²=0.995315 | ||w||²/d=0.887075 | eps_adapter=1.071265e-02 | residual_overlap=0.016274
[step   328750] t/d=657.500 | task1=1.617742e-01 | |m1|=0.997645 | m1²=0.995296 | ||w||²/d=0.887430 | eps_adapter=1.072153e-02 | residual_overlap=0.016279
[step   329000] t/d=658.000 | task1=1.617491e-01 | |m1|=0.997638 | m1²=0.995282 | ||w||²/d=0.887848 | eps_adapter=1.071603e-02 | residual_overlap=0.016278
[step   329250] t/d=658.500 | task1=1.617702e-01 | |m1|=0.997655 | m1²=0.995315 | ||w||²/d=0.888650 | eps_adapter=1.059004e-02 | residual_overlap=0.016284
[step   329500] t/d=659.000 | task1=1.617592e-01 | |m1|=0.997658 | m1²=0.995322 | ||w||²/d=0.888450 | eps_adapter=1.059216e-02 | residual_overlap=0.016296
[step   329750] t/d=659.500 | task1=1.617541e-01 | |m1|=0.997631 | m1²=0.995268 | ||w||²/d=0.888288 | eps_adapter=1.070856e-02 | residual_overlap=0.016326
[step   330000] t/d=660.000 | task1=1.617454e-01 | |m1|=0.997636 | m1²=0.995278 | ||w||²/d=0.888387 | eps_adapter=1.068154e-02 | residual_overlap=0.016313
[step   330250] t/d=660.500 | task1=1.617599e-01 | |m1|=0.997619 | m1²=0.995244 | ||w||²/d=0.888070 | eps_adapter=1.077048e-02 | residual_overlap=0.016317
[step   330500] t/d=661.000 | task1=1.617460e-01 | |m1|=0.997631 | m1²=0.995267 | ||w||²/d=0.887926 | eps_adapter=1.073832e-02 | residual_overlap=0.016314
[step   330750] t/d=661.500 | task1=1.617679e-01 | |m1|=0.997653 | m1²=0.995311 | ||w||²/d=0.888200 | eps_adapter=1.063312e-02 | residual_overlap=0.016292
[step   331000] t/d=662.000 | task1=1.617728e-01 | |m1|=0.997681 | m1²=0.995367 | ||w||²/d=0.887761 | eps_adapter=1.055871e-02 | residual_overlap=0.016268
[step   331250] t/d=662.500 | task1=1.617756e-01 | |m1|=0.997676 | m1²=0.995357 | ||w||²/d=0.887371 | eps_adapter=1.060801e-02 | residual_overlap=0.016258
[step   331500] t/d=663.000 | task1=1.617748e-01 | |m1|=0.997663 | m1²=0.995332 | ||w||²/d=0.887102 | eps_adapter=1.067807e-02 | residual_overlap=0.016280
[step   331750] t/d=663.500 | task1=1.617929e-01 | |m1|=0.997630 | m1²=0.995266 | ||w||²/d=0.886938 | eps_adapter=1.081704e-02 | residual_overlap=0.016304
[step   332000] t/d=664.000 | task1=1.617863e-01 | |m1|=0.997637 | m1²=0.995279 | ||w||²/d=0.887114 | eps_adapter=1.077950e-02 | residual_overlap=0.016310
[step   332250] t/d=664.500 | task1=1.618045e-01 | |m1|=0.997626 | m1²=0.995259 | ||w||²/d=0.886452 | eps_adapter=1.087114e-02 | residual_overlap=0.016322
[step   332500] t/d=665.000 | task1=1.618074e-01 | |m1|=0.997633 | m1²=0.995272 | ||w||²/d=0.886790 | eps_adapter=1.081909e-02 | residual_overlap=0.016332
[step   332750] t/d=665.500 | task1=1.617996e-01 | |m1|=0.997651 | m1²=0.995308 | ||w||²/d=0.887025 | eps_adapter=1.073088e-02 | residual_overlap=0.016304
[step   333000] t/d=666.000 | task1=1.617956e-01 | |m1|=0.997663 | m1²=0.995331 | ||w||²/d=0.887174 | eps_adapter=1.067405e-02 | residual_overlap=0.016281
[step   333250] t/d=666.500 | task1=1.618085e-01 | |m1|=0.997653 | m1²=0.995312 | ||w||²/d=0.886351 | eps_adapter=1.077731e-02 | residual_overlap=0.016301
[step   333500] t/d=667.000 | task1=1.618294e-01 | |m1|=0.997644 | m1²=0.995293 | ||w||²/d=0.886902 | eps_adapter=1.076852e-02 | residual_overlap=0.016313
[step   333750] t/d=667.500 | task1=1.618300e-01 | |m1|=0.997648 | m1²=0.995302 | ||w||²/d=0.886212 | eps_adapter=1.080810e-02 | residual_overlap=0.016295
[step   334000] t/d=668.000 | task1=1.618299e-01 | |m1|=0.997668 | m1²=0.995342 | ||w||²/d=0.886291 | eps_adapter=1.072374e-02 | residual_overlap=0.016275
[step   334250] t/d=668.500 | task1=1.618359e-01 | |m1|=0.997672 | m1²=0.995349 | ||w||²/d=0.886364 | eps_adapter=1.070487e-02 | residual_overlap=0.016272
[step   334500] t/d=669.000 | task1=1.618672e-01 | |m1|=0.997663 | m1²=0.995332 | ||w||²/d=0.886841 | eps_adapter=1.069936e-02 | residual_overlap=0.016276
[step   334750] t/d=669.500 | task1=1.618549e-01 | |m1|=0.997655 | m1²=0.995315 | ||w||²/d=0.886505 | eps_adapter=1.075879e-02 | residual_overlap=0.016302
[step   335000] t/d=670.000 | task1=1.618900e-01 | |m1|=0.997630 | m1²=0.995265 | ||w||²/d=0.886979 | eps_adapter=1.081656e-02 | residual_overlap=0.016354
[step   335250] t/d=670.500 | task1=1.618731e-01 | |m1|=0.997635 | m1²=0.995275 | ||w||²/d=0.887595 | eps_adapter=1.074797e-02 | residual_overlap=0.016334
[step   335500] t/d=671.000 | task1=1.618401e-01 | |m1|=0.997621 | m1²=0.995248 | ||w||²/d=0.887311 | eps_adapter=1.082242e-02 | residual_overlap=0.016328
[step   335750] t/d=671.500 | task1=1.618129e-01 | |m1|=0.997612 | m1²=0.995230 | ||w||²/d=0.887207 | eps_adapter=1.086573e-02 | residual_overlap=0.016343
[step   336000] t/d=672.000 | task1=1.618351e-01 | |m1|=0.997592 | m1²=0.995190 | ||w||²/d=0.886707 | eps_adapter=1.098268e-02 | residual_overlap=0.016372
[step   336250] t/d=672.500 | task1=1.618583e-01 | |m1|=0.997588 | m1²=0.995182 | ||w||²/d=0.886750 | eps_adapter=1.099362e-02 | residual_overlap=0.016390
[step   336500] t/d=673.000 | task1=1.618720e-01 | |m1|=0.997589 | m1²=0.995183 | ||w||²/d=0.887389 | eps_adapter=1.094105e-02 | residual_overlap=0.016395
[step   336750] t/d=673.500 | task1=1.618671e-01 | |m1|=0.997571 | m1²=0.995148 | ||w||²/d=0.887469 | eps_adapter=1.100232e-02 | residual_overlap=0.016430
[step   337000] t/d=674.000 | task1=1.618595e-01 | |m1|=0.997558 | m1²=0.995123 | ||w||²/d=0.887251 | eps_adapter=1.106733e-02 | residual_overlap=0.016457
[step   337250] t/d=674.500 | task1=1.618706e-01 | |m1|=0.997541 | m1²=0.995088 | ||w||²/d=0.888165 | eps_adapter=1.106248e-02 | residual_overlap=0.016480
[step   337500] t/d=675.000 | task1=1.618381e-01 | |m1|=0.997540 | m1²=0.995086 | ||w||²/d=0.888594 | eps_adapter=1.103309e-02 | residual_overlap=0.016463
[step   337750] t/d=675.500 | task1=1.618138e-01 | |m1|=0.997543 | m1²=0.995093 | ||w||²/d=0.888640 | eps_adapter=1.101796e-02 | residual_overlap=0.016468
[step   338000] t/d=676.000 | task1=1.618312e-01 | |m1|=0.997536 | m1²=0.995078 | ||w||²/d=0.888850 | eps_adapter=1.102924e-02 | residual_overlap=0.016457
[step   338250] t/d=676.500 | task1=1.618175e-01 | |m1|=0.997544 | m1²=0.995094 | ||w||²/d=0.888219 | eps_adapter=1.104709e-02 | residual_overlap=0.016439
[step   338500] t/d=677.000 | task1=1.618127e-01 | |m1|=0.997554 | m1²=0.995114 | ||w||²/d=0.887808 | eps_adapter=1.103990e-02 | residual_overlap=0.016422
[step   338750] t/d=677.500 | task1=1.618694e-01 | |m1|=0.997573 | m1²=0.995151 | ||w||²/d=0.888283 | eps_adapter=1.093245e-02 | residual_overlap=0.016385
[step   339000] t/d=678.000 | task1=1.618746e-01 | |m1|=0.997567 | m1²=0.995141 | ||w||²/d=0.887669 | eps_adapter=1.099985e-02 | residual_overlap=0.016392
[step   339250] t/d=678.500 | task1=1.618816e-01 | |m1|=0.997581 | m1²=0.995169 | ||w||²/d=0.887502 | eps_adapter=1.095943e-02 | residual_overlap=0.016383
[step   339500] t/d=679.000 | task1=1.618938e-01 | |m1|=0.997562 | m1²=0.995130 | ||w||²/d=0.887298 | eps_adapter=1.104977e-02 | residual_overlap=0.016396
[step   339750] t/d=679.500 | task1=1.619209e-01 | |m1|=0.997556 | m1²=0.995119 | ||w||²/d=0.886820 | eps_adapter=1.110958e-02 | residual_overlap=0.016412
[step   340000] t/d=680.000 | task1=1.619033e-01 | |m1|=0.997535 | m1²=0.995076 | ||w||²/d=0.886955 | eps_adapter=1.118042e-02 | residual_overlap=0.016443
[step   340250] t/d=680.500 | task1=1.618860e-01 | |m1|=0.997539 | m1²=0.995084 | ||w||²/d=0.887118 | eps_adapter=1.115289e-02 | residual_overlap=0.016451
[step   340500] t/d=681.000 | task1=1.618863e-01 | |m1|=0.997549 | m1²=0.995104 | ||w||²/d=0.886788 | eps_adapter=1.114012e-02 | residual_overlap=0.016422
[step   340750] t/d=681.500 | task1=1.618664e-01 | |m1|=0.997552 | m1²=0.995110 | ||w||²/d=0.886549 | eps_adapter=1.114846e-02 | residual_overlap=0.016416
[step   341000] t/d=682.000 | task1=1.618667e-01 | |m1|=0.997546 | m1²=0.995098 | ||w||²/d=0.886333 | eps_adapter=1.118872e-02 | residual_overlap=0.016419
[step   341250] t/d=682.500 | task1=1.618574e-01 | |m1|=0.997535 | m1²=0.995076 | ||w||²/d=0.886042 | eps_adapter=1.125381e-02 | residual_overlap=0.016439
[step   341500] t/d=683.000 | task1=1.618477e-01 | |m1|=0.997517 | m1²=0.995040 | ||w||²/d=0.885169 | eps_adapter=1.139543e-02 | residual_overlap=0.016471
[step   341750] t/d=683.500 | task1=1.618550e-01 | |m1|=0.997538 | m1²=0.995083 | ||w||²/d=0.885140 | eps_adapter=1.131615e-02 | residual_overlap=0.016448
[step   342000] t/d=684.000 | task1=1.618422e-01 | |m1|=0.997512 | m1²=0.995030 | ||w||²/d=0.884853 | eps_adapter=1.144138e-02 | residual_overlap=0.016468
[step   342250] t/d=684.500 | task1=1.618530e-01 | |m1|=0.997507 | m1²=0.995021 | ||w||²/d=0.884687 | eps_adapter=1.147185e-02 | residual_overlap=0.016474
[step   342500] t/d=685.000 | task1=1.618463e-01 | |m1|=0.997521 | m1²=0.995047 | ||w||²/d=0.884472 | eps_adapter=1.144021e-02 | residual_overlap=0.016445
[step   342750] t/d=685.500 | task1=1.618409e-01 | |m1|=0.997540 | m1²=0.995086 | ||w||²/d=0.884173 | eps_adapter=1.139259e-02 | residual_overlap=0.016402
[step   343000] t/d=686.000 | task1=1.618251e-01 | |m1|=0.997537 | m1²=0.995080 | ||w||²/d=0.884521 | eps_adapter=1.137299e-02 | residual_overlap=0.016419
[step   343250] t/d=686.500 | task1=1.618032e-01 | |m1|=0.997536 | m1²=0.995077 | ||w||²/d=0.884480 | eps_adapter=1.138240e-02 | residual_overlap=0.016416
[step   343500] t/d=687.000 | task1=1.618314e-01 | |m1|=0.997556 | m1²=0.995117 | ||w||²/d=0.883919 | eps_adapter=1.135400e-02 | residual_overlap=0.016372
[step   343750] t/d=687.500 | task1=1.618367e-01 | |m1|=0.997571 | m1²=0.995148 | ||w||²/d=0.884038 | eps_adapter=1.128582e-02 | residual_overlap=0.016372
[step   344000] t/d=688.000 | task1=1.618780e-01 | |m1|=0.997590 | m1²=0.995185 | ||w||²/d=0.883663 | eps_adapter=1.124629e-02 | residual_overlap=0.016360
[step   344250] t/d=688.500 | task1=1.618880e-01 | |m1|=0.997617 | m1²=0.995240 | ||w||²/d=0.883011 | eps_adapter=1.119964e-02 | residual_overlap=0.016322
[step   344500] t/d=689.000 | task1=1.618938e-01 | |m1|=0.997626 | m1²=0.995257 | ||w||²/d=0.883645 | eps_adapter=1.111097e-02 | residual_overlap=0.016315
[step   344750] t/d=689.500 | task1=1.619111e-01 | |m1|=0.997612 | m1²=0.995230 | ||w||²/d=0.883661 | eps_adapter=1.116176e-02 | residual_overlap=0.016321
[step   345000] t/d=690.000 | task1=1.618907e-01 | |m1|=0.997595 | m1²=0.995196 | ||w||²/d=0.883358 | eps_adapter=1.125208e-02 | residual_overlap=0.016333
[step   345250] t/d=690.500 | task1=1.618854e-01 | |m1|=0.997596 | m1²=0.995198 | ||w||²/d=0.883160 | eps_adapter=1.126724e-02 | residual_overlap=0.016337
[step   345500] t/d=691.000 | task1=1.618567e-01 | |m1|=0.997596 | m1²=0.995197 | ||w||²/d=0.882969 | eps_adapter=1.128539e-02 | residual_overlap=0.016351
[step   345750] t/d=691.500 | task1=1.618670e-01 | |m1|=0.997620 | m1²=0.995245 | ||w||²/d=0.883970 | eps_adapter=1.110503e-02 | residual_overlap=0.016325
[step   346000] t/d=692.000 | task1=1.618521e-01 | |m1|=0.997636 | m1²=0.995278 | ||w||²/d=0.884225 | eps_adapter=1.102040e-02 | residual_overlap=0.016317
[step   346250] t/d=692.500 | task1=1.618577e-01 | |m1|=0.997641 | m1²=0.995288 | ||w||²/d=0.884480 | eps_adapter=1.098001e-02 | residual_overlap=0.016308
[step   346500] t/d=693.000 | task1=1.618497e-01 | |m1|=0.997658 | m1²=0.995321 | ||w||²/d=0.884080 | eps_adapter=1.095113e-02 | residual_overlap=0.016267
[step   346750] t/d=693.500 | task1=1.618250e-01 | |m1|=0.997631 | m1²=0.995268 | ||w||²/d=0.883048 | eps_adapter=1.114310e-02 | residual_overlap=0.016286
[step   347000] t/d=694.000 | task1=1.618183e-01 | |m1|=0.997635 | m1²=0.995276 | ||w||²/d=0.883534 | eps_adapter=1.108447e-02 | residual_overlap=0.016304
[step   347250] t/d=694.500 | task1=1.618192e-01 | |m1|=0.997638 | m1²=0.995282 | ||w||²/d=0.884007 | eps_adapter=1.103216e-02 | residual_overlap=0.016296
[step   347500] t/d=695.000 | task1=1.618069e-01 | |m1|=0.997623 | m1²=0.995251 | ||w||²/d=0.883732 | eps_adapter=1.111493e-02 | residual_overlap=0.016324
[step   347750] t/d=695.500 | task1=1.617779e-01 | |m1|=0.997649 | m1²=0.995303 | ||w||²/d=0.884011 | eps_adapter=1.099163e-02 | residual_overlap=0.016284
[step   348000] t/d=696.000 | task1=1.617806e-01 | |m1|=0.997643 | m1²=0.995293 | ||w||²/d=0.883720 | eps_adapter=1.103673e-02 | residual_overlap=0.016287
[step   348250] t/d=696.500 | task1=1.617938e-01 | |m1|=0.997637 | m1²=0.995279 | ||w||²/d=0.883519 | eps_adapter=1.108069e-02 | residual_overlap=0.016288
[step   348500] t/d=697.000 | task1=1.618141e-01 | |m1|=0.997660 | m1²=0.995326 | ||w||²/d=0.883578 | eps_adapter=1.098561e-02 | residual_overlap=0.016260
[step   348750] t/d=697.500 | task1=1.618314e-01 | |m1|=0.997660 | m1²=0.995325 | ||w||²/d=0.883232 | eps_adapter=1.101785e-02 | residual_overlap=0.016268
[step   349000] t/d=698.000 | task1=1.618825e-01 | |m1|=0.997635 | m1²=0.995276 | ||w||²/d=0.883078 | eps_adapter=1.112469e-02 | residual_overlap=0.016280
[step   349250] t/d=698.500 | task1=1.619094e-01 | |m1|=0.997630 | m1²=0.995266 | ||w||²/d=0.882610 | eps_adapter=1.118518e-02 | residual_overlap=0.016286
[step   349500] t/d=699.000 | task1=1.619184e-01 | |m1|=0.997603 | m1²=0.995212 | ||w||²/d=0.882883 | eps_adapter=1.126543e-02 | residual_overlap=0.016303
[step   349750] t/d=699.500 | task1=1.619181e-01 | |m1|=0.997606 | m1²=0.995218 | ||w||²/d=0.882562 | eps_adapter=1.128139e-02 | residual_overlap=0.016298
[step   350000] t/d=700.000 | task1=1.618972e-01 | |m1|=0.997624 | m1²=0.995253 | ||w||²/d=0.881972 | eps_adapter=1.126819e-02 | residual_overlap=0.016281
[step   350250] t/d=700.500 | task1=1.618894e-01 | |m1|=0.997603 | m1²=0.995212 | ||w||²/d=0.882314 | eps_adapter=1.131579e-02 | residual_overlap=0.016318
[step   350500] t/d=701.000 | task1=1.618535e-01 | |m1|=0.997577 | m1²=0.995161 | ||w||²/d=0.882727 | eps_adapter=1.137633e-02 | residual_overlap=0.016352
[step   350750] t/d=701.500 | task1=1.618560e-01 | |m1|=0.997599 | m1²=0.995205 | ||w||²/d=0.882293 | eps_adapter=1.133175e-02 | residual_overlap=0.016325
[step   351000] t/d=702.000 | task1=1.618389e-01 | |m1|=0.997602 | m1²=0.995210 | ||w||²/d=0.882885 | eps_adapter=1.126748e-02 | residual_overlap=0.016318
[step   351250] t/d=702.500 | task1=1.618400e-01 | |m1|=0.997589 | m1²=0.995183 | ||w||²/d=0.882591 | eps_adapter=1.134515e-02 | residual_overlap=0.016336
[step   351500] t/d=703.000 | task1=1.618844e-01 | |m1|=0.997570 | m1²=0.995145 | ||w||²/d=0.882315 | eps_adapter=1.144347e-02 | residual_overlap=0.016347
[step   351750] t/d=703.500 | task1=1.619486e-01 | |m1|=0.997582 | m1²=0.995169 | ||w||²/d=0.881814 | eps_adapter=1.144346e-02 | residual_overlap=0.016326
[step   352000] t/d=704.000 | task1=1.619170e-01 | |m1|=0.997554 | m1²=0.995114 | ||w||²/d=0.881654 | eps_adapter=1.156262e-02 | residual_overlap=0.016355
[step   352250] t/d=704.500 | task1=1.619353e-01 | |m1|=0.997547 | m1²=0.995100 | ||w||²/d=0.881622 | eps_adapter=1.159210e-02 | residual_overlap=0.016361
[step   352500] t/d=705.000 | task1=1.619237e-01 | |m1|=0.997546 | m1²=0.995097 | ||w||²/d=0.881060 | eps_adapter=1.164969e-02 | residual_overlap=0.016372
[step   352750] t/d=705.500 | task1=1.619267e-01 | |m1|=0.997517 | m1²=0.995040 | ||w||²/d=0.880725 | eps_adapter=1.179033e-02 | residual_overlap=0.016424
[step   353000] t/d=706.000 | task1=1.618791e-01 | |m1|=0.997513 | m1²=0.995033 | ||w||²/d=0.880507 | eps_adapter=1.182426e-02 | residual_overlap=0.016437
[step   353250] t/d=706.500 | task1=1.619337e-01 | |m1|=0.997513 | m1²=0.995032 | ||w||²/d=0.880142 | eps_adapter=1.186099e-02 | residual_overlap=0.016460
[step   353500] t/d=707.000 | task1=1.619346e-01 | |m1|=0.997528 | m1²=0.995062 | ||w||²/d=0.880304 | eps_adapter=1.178796e-02 | residual_overlap=0.016438
[step   353750] t/d=707.500 | task1=1.619136e-01 | |m1|=0.997542 | m1²=0.995090 | ||w||²/d=0.879547 | eps_adapter=1.180817e-02 | residual_overlap=0.016436
[step   354000] t/d=708.000 | task1=1.619292e-01 | |m1|=0.997550 | m1²=0.995107 | ||w||²/d=0.879332 | eps_adapter=1.179693e-02 | residual_overlap=0.016409
[step   354250] t/d=708.500 | task1=1.619158e-01 | |m1|=0.997558 | m1²=0.995121 | ||w||²/d=0.879287 | eps_adapter=1.177393e-02 | residual_overlap=0.016383
[step   354500] t/d=709.000 | task1=1.618520e-01 | |m1|=0.997555 | m1²=0.995115 | ||w||²/d=0.878971 | eps_adapter=1.181602e-02 | residual_overlap=0.016391
[step   354750] t/d=709.500 | task1=1.618445e-01 | |m1|=0.997567 | m1²=0.995139 | ||w||²/d=0.879084 | eps_adapter=1.175885e-02 | residual_overlap=0.016367
[step   355000] t/d=710.000 | task1=1.618462e-01 | |m1|=0.997572 | m1²=0.995150 | ||w||²/d=0.879250 | eps_adapter=1.172269e-02 | residual_overlap=0.016326
[step   355250] t/d=710.500 | task1=1.618663e-01 | |m1|=0.997560 | m1²=0.995125 | ||w||²/d=0.879365 | eps_adapter=1.175839e-02 | residual_overlap=0.016334
[step   355500] t/d=711.000 | task1=1.618437e-01 | |m1|=0.997538 | m1²=0.995082 | ||w||²/d=0.880222 | eps_adapter=1.175882e-02 | residual_overlap=0.016365
[step   355750] t/d=711.500 | task1=1.618530e-01 | |m1|=0.997526 | m1²=0.995057 | ||w||²/d=0.880167 | eps_adapter=1.180985e-02 | residual_overlap=0.016391
[step   356000] t/d=712.000 | task1=1.618491e-01 | |m1|=0.997552 | m1²=0.995110 | ||w||²/d=0.879799 | eps_adapter=1.174538e-02 | residual_overlap=0.016345
[step   356250] t/d=712.500 | task1=1.618788e-01 | |m1|=0.997532 | m1²=0.995071 | ||w||²/d=0.880050 | eps_adapter=1.179623e-02 | residual_overlap=0.016377
[step   356500] t/d=713.000 | task1=1.619087e-01 | |m1|=0.997545 | m1²=0.995096 | ||w||²/d=0.880399 | eps_adapter=1.171373e-02 | residual_overlap=0.016368
[step   356750] t/d=713.500 | task1=1.618676e-01 | |m1|=0.997518 | m1²=0.995042 | ||w||²/d=0.880640 | eps_adapter=1.179477e-02 | residual_overlap=0.016404
[step   357000] t/d=714.000 | task1=1.618425e-01 | |m1|=0.997545 | m1²=0.995096 | ||w||²/d=0.880956 | eps_adapter=1.166225e-02 | residual_overlap=0.016373
[step   357250] t/d=714.500 | task1=1.618188e-01 | |m1|=0.997561 | m1²=0.995128 | ||w||²/d=0.881270 | eps_adapter=1.157081e-02 | residual_overlap=0.016347
[step   357500] t/d=715.000 | task1=1.618240e-01 | |m1|=0.997556 | m1²=0.995118 | ||w||²/d=0.881236 | eps_adapter=1.159480e-02 | residual_overlap=0.016340
[step   357750] t/d=715.500 | task1=1.618352e-01 | |m1|=0.997557 | m1²=0.995119 | ||w||²/d=0.881041 | eps_adapter=1.160972e-02 | residual_overlap=0.016339
[step   358000] t/d=716.000 | task1=1.618278e-01 | |m1|=0.997560 | m1²=0.995127 | ||w||²/d=0.880579 | eps_adapter=1.163893e-02 | residual_overlap=0.016320
[step   358250] t/d=716.500 | task1=1.618282e-01 | |m1|=0.997563 | m1²=0.995132 | ||w||²/d=0.880796 | eps_adapter=1.160826e-02 | residual_overlap=0.016303
[step   358500] t/d=717.000 | task1=1.618145e-01 | |m1|=0.997563 | m1²=0.995132 | ||w||²/d=0.881017 | eps_adapter=1.158723e-02 | residual_overlap=0.016318
[step   358750] t/d=717.500 | task1=1.618144e-01 | |m1|=0.997560 | m1²=0.995125 | ||w||²/d=0.881146 | eps_adapter=1.158882e-02 | residual_overlap=0.016318
[step   359000] t/d=718.000 | task1=1.618177e-01 | |m1|=0.997568 | m1²=0.995143 | ||w||²/d=0.880552 | eps_adapter=1.161133e-02 | residual_overlap=0.016307
[step   359250] t/d=718.500 | task1=1.618247e-01 | |m1|=0.997578 | m1²=0.995162 | ||w||²/d=0.880385 | eps_adapter=1.159045e-02 | residual_overlap=0.016311
[step   359500] t/d=719.000 | task1=1.618484e-01 | |m1|=0.997585 | m1²=0.995176 | ||w||²/d=0.880484 | eps_adapter=1.155352e-02 | residual_overlap=0.016275
[step   359750] t/d=719.500 | task1=1.618679e-01 | |m1|=0.997570 | m1²=0.995145 | ||w||²/d=0.880380 | eps_adapter=1.162321e-02 | residual_overlap=0.016285
[step   360000] t/d=720.000 | task1=1.618825e-01 | |m1|=0.997573 | m1²=0.995151 | ||w||²/d=0.881057 | eps_adapter=1.154748e-02 | residual_overlap=0.016269
[step   360250] t/d=720.500 | task1=1.618912e-01 | |m1|=0.997575 | m1²=0.995156 | ||w||²/d=0.881561 | eps_adapter=1.149233e-02 | residual_overlap=0.016267
[step   360500] t/d=721.000 | task1=1.618857e-01 | |m1|=0.997554 | m1²=0.995114 | ||w||²/d=0.880765 | eps_adapter=1.164524e-02 | residual_overlap=0.016273
[step   360750] t/d=721.500 | task1=1.618870e-01 | |m1|=0.997546 | m1²=0.995097 | ||w||²/d=0.880546 | eps_adapter=1.169835e-02 | residual_overlap=0.016285
[step   361000] t/d=722.000 | task1=1.619234e-01 | |m1|=0.997529 | m1²=0.995063 | ||w||²/d=0.880956 | eps_adapter=1.172405e-02 | residual_overlap=0.016309
[step   361250] t/d=722.500 | task1=1.619061e-01 | |m1|=0.997521 | m1²=0.995049 | ||w||²/d=0.881084 | eps_adapter=1.173950e-02 | residual_overlap=0.016314
[step   361500] t/d=723.000 | task1=1.618805e-01 | |m1|=0.997526 | m1²=0.995058 | ||w||²/d=0.880955 | eps_adapter=1.173414e-02 | residual_overlap=0.016319
[step   361750] t/d=723.500 | task1=1.618642e-01 | |m1|=0.997533 | m1²=0.995071 | ||w||²/d=0.881103 | eps_adapter=1.169554e-02 | residual_overlap=0.016327
[step   362000] t/d=724.000 | task1=1.618852e-01 | |m1|=0.997548 | m1²=0.995101 | ||w||²/d=0.881321 | eps_adapter=1.161832e-02 | residual_overlap=0.016304
[step   362250] t/d=724.500 | task1=1.619264e-01 | |m1|=0.997553 | m1²=0.995112 | ||w||²/d=0.881608 | eps_adapter=1.157146e-02 | residual_overlap=0.016287
[step   362500] t/d=725.000 | task1=1.619221e-01 | |m1|=0.997539 | m1²=0.995084 | ||w||²/d=0.881640 | eps_adapter=1.162174e-02 | residual_overlap=0.016298
[step   362750] t/d=725.500 | task1=1.618998e-01 | |m1|=0.997496 | m1²=0.994998 | ||w||²/d=0.882068 | eps_adapter=1.174512e-02 | residual_overlap=0.016353
[step   363000] t/d=726.000 | task1=1.619006e-01 | |m1|=0.997505 | m1²=0.995017 | ||w||²/d=0.881941 | eps_adapter=1.172147e-02 | residual_overlap=0.016331
[step   363250] t/d=726.500 | task1=1.618923e-01 | |m1|=0.997504 | m1²=0.995014 | ||w||²/d=0.882379 | eps_adapter=1.168660e-02 | residual_overlap=0.016359
[step   363500] t/d=727.000 | task1=1.618881e-01 | |m1|=0.997508 | m1²=0.995022 | ||w||²/d=0.882616 | eps_adapter=1.165089e-02 | residual_overlap=0.016357
[step   363750] t/d=727.500 | task1=1.618955e-01 | |m1|=0.997485 | m1²=0.994977 | ||w||²/d=0.882569 | eps_adapter=1.174132e-02 | residual_overlap=0.016397
[step   364000] t/d=728.000 | task1=1.618592e-01 | |m1|=0.997468 | m1²=0.994943 | ||w||²/d=0.882433 | eps_adapter=1.181783e-02 | residual_overlap=0.016429
[step   364250] t/d=728.500 | task1=1.618607e-01 | |m1|=0.997450 | m1²=0.994907 | ||w||²/d=0.882474 | eps_adapter=1.188306e-02 | residual_overlap=0.016471
[step   364500] t/d=729.000 | task1=1.618657e-01 | |m1|=0.997458 | m1²=0.994922 | ||w||²/d=0.882790 | eps_adapter=1.182627e-02 | residual_overlap=0.016436
[step   364750] t/d=729.500 | task1=1.618440e-01 | |m1|=0.997419 | m1²=0.994845 | ||w||²/d=0.882467 | eps_adapter=1.200086e-02 | residual_overlap=0.016451
[step   365000] t/d=730.000 | task1=1.618317e-01 | |m1|=0.997421 | m1²=0.994849 | ||w||²/d=0.882420 | eps_adapter=1.199905e-02 | residual_overlap=0.016433
[step   365250] t/d=730.500 | task1=1.618165e-01 | |m1|=0.997426 | m1²=0.994859 | ||w||²/d=0.882085 | eps_adapter=1.201022e-02 | residual_overlap=0.016409
[step   365500] t/d=731.000 | task1=1.618180e-01 | |m1|=0.997415 | m1²=0.994836 | ||w||²/d=0.881890 | eps_adapter=1.207004e-02 | residual_overlap=0.016416
[step   365750] t/d=731.500 | task1=1.618563e-01 | |m1|=0.997416 | m1²=0.994839 | ||w||²/d=0.881738 | eps_adapter=1.207905e-02 | residual_overlap=0.016400
[step   366000] t/d=732.000 | task1=1.618372e-01 | |m1|=0.997401 | m1²=0.994810 | ||w||²/d=0.881679 | eps_adapter=1.214054e-02 | residual_overlap=0.016430
[step   366250] t/d=732.500 | task1=1.618273e-01 | |m1|=0.997410 | m1²=0.994826 | ||w||²/d=0.881693 | eps_adapter=1.210833e-02 | residual_overlap=0.016412
[step   366500] t/d=733.000 | task1=1.618558e-01 | |m1|=0.997405 | m1²=0.994817 | ||w||²/d=0.882462 | eps_adapter=1.205645e-02 | residual_overlap=0.016418
[step   366750] t/d=733.500 | task1=1.618601e-01 | |m1|=0.997418 | m1²=0.994844 | ||w||²/d=0.882566 | eps_adapter=1.199546e-02 | residual_overlap=0.016408
[step   367000] t/d=734.000 | task1=1.618560e-01 | |m1|=0.997421 | m1²=0.994849 | ||w||²/d=0.883023 | eps_adapter=1.194556e-02 | residual_overlap=0.016420
[step   367250] t/d=734.500 | task1=1.618565e-01 | |m1|=0.997424 | m1²=0.994854 | ||w||²/d=0.883263 | eps_adapter=1.191466e-02 | residual_overlap=0.016397
[step   367500] t/d=735.000 | task1=1.618650e-01 | |m1|=0.997427 | m1²=0.994861 | ||w||²/d=0.883701 | eps_adapter=1.186196e-02 | residual_overlap=0.016377
[step   367750] t/d=735.500 | task1=1.618629e-01 | |m1|=0.997461 | m1²=0.994928 | ||w||²/d=0.884000 | eps_adapter=1.170903e-02 | residual_overlap=0.016356
[step   368000] t/d=736.000 | task1=1.618781e-01 | |m1|=0.997485 | m1²=0.994977 | ||w||²/d=0.883792 | eps_adapter=1.163393e-02 | residual_overlap=0.016329
[step   368250] t/d=736.500 | task1=1.618689e-01 | |m1|=0.997501 | m1²=0.995009 | ||w||²/d=0.883918 | eps_adapter=1.156143e-02 | residual_overlap=0.016306
[step   368500] t/d=737.000 | task1=1.618434e-01 | |m1|=0.997472 | m1²=0.994950 | ||w||²/d=0.883692 | eps_adapter=1.169314e-02 | residual_overlap=0.016347
[step   368750] t/d=737.500 | task1=1.618795e-01 | |m1|=0.997464 | m1²=0.994935 | ||w||²/d=0.883169 | eps_adapter=1.176703e-02 | residual_overlap=0.016349
[step   369000] t/d=738.000 | task1=1.618747e-01 | |m1|=0.997462 | m1²=0.994930 | ||w||²/d=0.882787 | eps_adapter=1.181079e-02 | residual_overlap=0.016358
[step   369250] t/d=738.500 | task1=1.618830e-01 | |m1|=0.997491 | m1²=0.994989 | ||w||²/d=0.883120 | eps_adapter=1.166957e-02 | residual_overlap=0.016318
[step   369500] t/d=739.000 | task1=1.618598e-01 | |m1|=0.997511 | m1²=0.995028 | ||w||²/d=0.883399 | eps_adapter=1.156992e-02 | residual_overlap=0.016294
[step   369750] t/d=739.500 | task1=1.618899e-01 | |m1|=0.997522 | m1²=0.995051 | ||w||²/d=0.883431 | eps_adapter=1.152394e-02 | residual_overlap=0.016296
[step   370000] t/d=740.000 | task1=1.618926e-01 | |m1|=0.997500 | m1²=0.995007 | ||w||²/d=0.882432 | eps_adapter=1.169597e-02 | residual_overlap=0.016330
[step   370250] t/d=740.500 | task1=1.619132e-01 | |m1|=0.997489 | m1²=0.994984 | ||w||²/d=0.883313 | eps_adapter=1.166194e-02 | residual_overlap=0.016338
[step   370500] t/d=741.000 | task1=1.618993e-01 | |m1|=0.997489 | m1²=0.994985 | ||w||²/d=0.883216 | eps_adapter=1.166766e-02 | residual_overlap=0.016327
[step   370750] t/d=741.500 | task1=1.618877e-01 | |m1|=0.997496 | m1²=0.994999 | ||w||²/d=0.883448 | eps_adapter=1.162121e-02 | residual_overlap=0.016327
[step   371000] t/d=742.000 | task1=1.618753e-01 | |m1|=0.997495 | m1²=0.994996 | ||w||²/d=0.883547 | eps_adapter=1.161785e-02 | residual_overlap=0.016353
[step   371250] t/d=742.500 | task1=1.618636e-01 | |m1|=0.997486 | m1²=0.994979 | ||w||²/d=0.883780 | eps_adapter=1.162975e-02 | residual_overlap=0.016366
[step   371500] t/d=743.000 | task1=1.618861e-01 | |m1|=0.997487 | m1²=0.994980 | ||w||²/d=0.883121 | eps_adapter=1.168621e-02 | residual_overlap=0.016377
[step   371750] t/d=743.500 | task1=1.618744e-01 | |m1|=0.997485 | m1²=0.994976 | ||w||²/d=0.882914 | eps_adapter=1.171194e-02 | residual_overlap=0.016385
[step   372000] t/d=744.000 | task1=1.618787e-01 | |m1|=0.997514 | m1²=0.995033 | ||w||²/d=0.882910 | eps_adapter=1.160280e-02 | residual_overlap=0.016335
[step   372250] t/d=744.500 | task1=1.619173e-01 | |m1|=0.997521 | m1²=0.995049 | ||w||²/d=0.882719 | eps_adapter=1.159106e-02 | residual_overlap=0.016348
[step   372500] t/d=745.000 | task1=1.619173e-01 | |m1|=0.997522 | m1²=0.995050 | ||w||²/d=0.882533 | eps_adapter=1.160495e-02 | residual_overlap=0.016341
[step   372750] t/d=745.500 | task1=1.619027e-01 | |m1|=0.997528 | m1²=0.995062 | ||w||²/d=0.881894 | eps_adapter=1.164019e-02 | residual_overlap=0.016333
[step   373000] t/d=746.000 | task1=1.618873e-01 | |m1|=0.997532 | m1²=0.995070 | ||w||²/d=0.882514 | eps_adapter=1.156938e-02 | residual_overlap=0.016315
[step   373250] t/d=746.500 | task1=1.619003e-01 | |m1|=0.997514 | m1²=0.995034 | ||w||²/d=0.881995 | eps_adapter=1.168351e-02 | residual_overlap=0.016342
[step   373500] t/d=747.000 | task1=1.619025e-01 | |m1|=0.997497 | m1²=0.995000 | ||w||²/d=0.881084 | eps_adapter=1.183325e-02 | residual_overlap=0.016384
[step   373750] t/d=747.500 | task1=1.618735e-01 | |m1|=0.997486 | m1²=0.994979 | ||w||²/d=0.881470 | eps_adapter=1.183761e-02 | residual_overlap=0.016384
[step   374000] t/d=748.000 | task1=1.618649e-01 | |m1|=0.997461 | m1²=0.994929 | ||w||²/d=0.881192 | eps_adapter=1.195858e-02 | residual_overlap=0.016406
[step   374250] t/d=748.500 | task1=1.618740e-01 | |m1|=0.997433 | m1²=0.994873 | ||w||²/d=0.880983 | eps_adapter=1.208300e-02 | residual_overlap=0.016432
[step   374500] t/d=749.000 | task1=1.618987e-01 | |m1|=0.997416 | m1²=0.994839 | ||w||²/d=0.881518 | eps_adapter=1.210006e-02 | residual_overlap=0.016468
[step   374750] t/d=749.500 | task1=1.618688e-01 | |m1|=0.997439 | m1²=0.994884 | ||w||²/d=0.882118 | eps_adapter=1.195848e-02 | residual_overlap=0.016449
[step   375000] t/d=750.000 | task1=1.618470e-01 | |m1|=0.997421 | m1²=0.994848 | ||w||²/d=0.882014 | eps_adapter=1.203679e-02 | residual_overlap=0.016457
[step   375250] t/d=750.500 | task1=1.617978e-01 | |m1|=0.997404 | m1²=0.994815 | ||w||²/d=0.882617 | eps_adapter=1.204593e-02 | residual_overlap=0.016475
[step   375500] t/d=751.000 | task1=1.618043e-01 | |m1|=0.997383 | m1²=0.994772 | ||w||²/d=0.882545 | eps_adapter=1.213365e-02 | residual_overlap=0.016499
[step   375750] t/d=751.500 | task1=1.617904e-01 | |m1|=0.997387 | m1²=0.994780 | ||w||²/d=0.882283 | eps_adapter=1.214205e-02 | residual_overlap=0.016495
[step   376000] t/d=752.000 | task1=1.617766e-01 | |m1|=0.997403 | m1²=0.994813 | ||w||²/d=0.882268 | eps_adapter=1.207977e-02 | residual_overlap=0.016472
[step   376250] t/d=752.500 | task1=1.617654e-01 | |m1|=0.997425 | m1²=0.994856 | ||w||²/d=0.881651 | eps_adapter=1.205391e-02 | residual_overlap=0.016433
[step   376500] t/d=753.000 | task1=1.617737e-01 | |m1|=0.997412 | m1²=0.994830 | ||w||²/d=0.880862 | eps_adapter=1.217652e-02 | residual_overlap=0.016446
[step   376750] t/d=753.500 | task1=1.617541e-01 | |m1|=0.997401 | m1²=0.994808 | ||w||²/d=0.881248 | eps_adapter=1.218258e-02 | residual_overlap=0.016429
[step   377000] t/d=754.000 | task1=1.617749e-01 | |m1|=0.997374 | m1²=0.994754 | ||w||²/d=0.882039 | eps_adapter=1.221380e-02 | residual_overlap=0.016450
[step   377250] t/d=754.500 | task1=1.617546e-01 | |m1|=0.997350 | m1²=0.994707 | ||w||²/d=0.882387 | eps_adapter=1.227115e-02 | residual_overlap=0.016484
[step   377500] t/d=755.000 | task1=1.617512e-01 | |m1|=0.997352 | m1²=0.994710 | ||w||²/d=0.882763 | eps_adapter=1.223216e-02 | residual_overlap=0.016459
[step   377750] t/d=755.500 | task1=1.617520e-01 | |m1|=0.997351 | m1²=0.994710 | ||w||²/d=0.883057 | eps_adapter=1.220697e-02 | residual_overlap=0.016450
[step   378000] t/d=756.000 | task1=1.617748e-01 | |m1|=0.997342 | m1²=0.994691 | ||w||²/d=0.883753 | eps_adapter=1.218235e-02 | residual_overlap=0.016476
[step   378250] t/d=756.500 | task1=1.617727e-01 | |m1|=0.997364 | m1²=0.994734 | ||w||²/d=0.883507 | eps_adapter=1.212097e-02 | residual_overlap=0.016442
[step   378500] t/d=757.000 | task1=1.617982e-01 | |m1|=0.997377 | m1²=0.994760 | ||w||²/d=0.882894 | eps_adapter=1.212553e-02 | residual_overlap=0.016438
[step   378750] t/d=757.500 | task1=1.617921e-01 | |m1|=0.997357 | m1²=0.994721 | ||w||²/d=0.883115 | eps_adapter=1.218096e-02 | residual_overlap=0.016444
[step   379000] t/d=758.000 | task1=1.618129e-01 | |m1|=0.997331 | m1²=0.994669 | ||w||²/d=0.883457 | eps_adapter=1.225067e-02 | residual_overlap=0.016491
[step   379250] t/d=758.500 | task1=1.618113e-01 | |m1|=0.997320 | m1²=0.994647 | ||w||²/d=0.883597 | eps_adapter=1.227932e-02 | residual_overlap=0.016509
[step   379500] t/d=759.000 | task1=1.618017e-01 | |m1|=0.997332 | m1²=0.994671 | ||w||²/d=0.883846 | eps_adapter=1.221188e-02 | residual_overlap=0.016485
[step   379750] t/d=759.500 | task1=1.618271e-01 | |m1|=0.997320 | m1²=0.994647 | ||w||²/d=0.882954 | eps_adapter=1.233608e-02 | residual_overlap=0.016501
[step   380000] t/d=760.000 | task1=1.618350e-01 | |m1|=0.997316 | m1²=0.994640 | ||w||²/d=0.883353 | eps_adapter=1.231424e-02 | residual_overlap=0.016506
[step   380250] t/d=760.500 | task1=1.618106e-01 | |m1|=0.997331 | m1²=0.994670 | ||w||²/d=0.883713 | eps_adapter=1.222703e-02 | residual_overlap=0.016501
[step   380500] t/d=761.000 | task1=1.618083e-01 | |m1|=0.997333 | m1²=0.994674 | ||w||²/d=0.883483 | eps_adapter=1.223818e-02 | residual_overlap=0.016504
[step   380750] t/d=761.500 | task1=1.617861e-01 | |m1|=0.997334 | m1²=0.994676 | ||w||²/d=0.882857 | eps_adapter=1.228992e-02 | residual_overlap=0.016505
[step   381000] t/d=762.000 | task1=1.617709e-01 | |m1|=0.997350 | m1²=0.994706 | ||w||²/d=0.883000 | eps_adapter=1.221890e-02 | residual_overlap=0.016494
[step   381250] t/d=762.500 | task1=1.617871e-01 | |m1|=0.997357 | m1²=0.994722 | ||w||²/d=0.883078 | eps_adapter=1.218272e-02 | residual_overlap=0.016494
[step   381500] t/d=763.000 | task1=1.617679e-01 | |m1|=0.997391 | m1²=0.994789 | ||w||²/d=0.883598 | eps_adapter=1.200887e-02 | residual_overlap=0.016428
[step   381750] t/d=763.500 | task1=1.617896e-01 | |m1|=0.997400 | m1²=0.994806 | ||w||²/d=0.882575 | eps_adapter=1.206645e-02 | residual_overlap=0.016413
[step   382000] t/d=764.000 | task1=1.617661e-01 | |m1|=0.997399 | m1²=0.994804 | ||w||²/d=0.882678 | eps_adapter=1.206076e-02 | residual_overlap=0.016426
[step   382250] t/d=764.500 | task1=1.617448e-01 | |m1|=0.997392 | m1²=0.994790 | ||w||²/d=0.882567 | eps_adapter=1.209702e-02 | residual_overlap=0.016424
[step   382500] t/d=765.000 | task1=1.617419e-01 | |m1|=0.997405 | m1²=0.994816 | ||w||²/d=0.882763 | eps_adapter=1.203110e-02 | residual_overlap=0.016416
[step   382750] t/d=765.500 | task1=1.617337e-01 | |m1|=0.997434 | m1²=0.994874 | ||w||²/d=0.883798 | eps_adapter=1.182907e-02 | residual_overlap=0.016394
[step   383000] t/d=766.000 | task1=1.617593e-01 | |m1|=0.997462 | m1²=0.994930 | ||w||²/d=0.884017 | eps_adapter=1.170243e-02 | residual_overlap=0.016368
[step   383250] t/d=766.500 | task1=1.617674e-01 | |m1|=0.997455 | m1²=0.994917 | ||w||²/d=0.885116 | eps_adapter=1.163405e-02 | residual_overlap=0.016381
[step   383500] t/d=767.000 | task1=1.617565e-01 | |m1|=0.997480 | m1²=0.994965 | ||w||²/d=0.885538 | eps_adapter=1.150738e-02 | residual_overlap=0.016356
[step   383750] t/d=767.500 | task1=1.617539e-01 | |m1|=0.997484 | m1²=0.994974 | ||w||²/d=0.885476 | eps_adapter=1.149589e-02 | residual_overlap=0.016361
[step   384000] t/d=768.000 | task1=1.617797e-01 | |m1|=0.997452 | m1²=0.994910 | ||w||²/d=0.885553 | eps_adapter=1.161150e-02 | residual_overlap=0.016409
[step   384250] t/d=768.500 | task1=1.617652e-01 | |m1|=0.997461 | m1²=0.994929 | ||w||²/d=0.884551 | eps_adapter=1.165939e-02 | residual_overlap=0.016379
[step   384500] t/d=769.000 | task1=1.617623e-01 | |m1|=0.997438 | m1²=0.994882 | ||w||²/d=0.884362 | eps_adapter=1.176470e-02 | residual_overlap=0.016430
[step   384750] t/d=769.500 | task1=1.617385e-01 | |m1|=0.997447 | m1²=0.994900 | ||w||²/d=0.884175 | eps_adapter=1.174700e-02 | residual_overlap=0.016415
[step   385000] t/d=770.000 | task1=1.617637e-01 | |m1|=0.997433 | m1²=0.994873 | ||w||²/d=0.883856 | eps_adapter=1.182654e-02 | residual_overlap=0.016418
[step   385250] t/d=770.500 | task1=1.617532e-01 | |m1|=0.997449 | m1²=0.994905 | ||w||²/d=0.882848 | eps_adapter=1.185413e-02 | residual_overlap=0.016392
[step   385500] t/d=771.000 | task1=1.617763e-01 | |m1|=0.997426 | m1²=0.994859 | ||w||²/d=0.882767 | eps_adapter=1.194770e-02 | residual_overlap=0.016426
[step   385750] t/d=771.500 | task1=1.617787e-01 | |m1|=0.997423 | m1²=0.994853 | ||w||²/d=0.883090 | eps_adapter=1.193145e-02 | residual_overlap=0.016430
[step   386000] t/d=772.000 | task1=1.617722e-01 | |m1|=0.997418 | m1²=0.994843 | ||w||²/d=0.883138 | eps_adapter=1.194659e-02 | residual_overlap=0.016454
[step   386250] t/d=772.500 | task1=1.618009e-01 | |m1|=0.997419 | m1²=0.994845 | ||w||²/d=0.882483 | eps_adapter=1.200031e-02 | residual_overlap=0.016440
[step   386500] t/d=773.000 | task1=1.618454e-01 | |m1|=0.997385 | m1²=0.994778 | ||w||²/d=0.882288 | eps_adapter=1.214611e-02 | residual_overlap=0.016471
[step   386750] t/d=773.500 | task1=1.618283e-01 | |m1|=0.997363 | m1²=0.994734 | ||w||²/d=0.882592 | eps_adapter=1.220260e-02 | residual_overlap=0.016497
[step   387000] t/d=774.000 | task1=1.618523e-01 | |m1|=0.997349 | m1²=0.994705 | ||w||²/d=0.881928 | eps_adapter=1.231789e-02 | residual_overlap=0.016492
[step   387250] t/d=774.500 | task1=1.618845e-01 | |m1|=0.997376 | m1²=0.994759 | ||w||²/d=0.881601 | eps_adapter=1.224331e-02 | residual_overlap=0.016476
[step   387500] t/d=775.000 | task1=1.619251e-01 | |m1|=0.997370 | m1²=0.994747 | ||w||²/d=0.881446 | eps_adapter=1.228045e-02 | residual_overlap=0.016481
[step   387750] t/d=775.500 | task1=1.619202e-01 | |m1|=0.997366 | m1²=0.994739 | ||w||²/d=0.880769 | eps_adapter=1.235991e-02 | residual_overlap=0.016496
[step   388000] t/d=776.000 | task1=1.619426e-01 | |m1|=0.997387 | m1²=0.994781 | ||w||²/d=0.880123 | eps_adapter=1.233918e-02 | residual_overlap=0.016468
[step   388250] t/d=776.500 | task1=1.619281e-01 | |m1|=0.997411 | m1²=0.994829 | ||w||²/d=0.880578 | eps_adapter=1.220559e-02 | residual_overlap=0.016455
[step   388500] t/d=777.000 | task1=1.619450e-01 | |m1|=0.997411 | m1²=0.994828 | ||w||²/d=0.880385 | eps_adapter=1.222617e-02 | residual_overlap=0.016434
[step   388750] t/d=777.500 | task1=1.619027e-01 | |m1|=0.997424 | m1²=0.994854 | ||w||²/d=0.879452 | eps_adapter=1.226591e-02 | residual_overlap=0.016426
[step   389000] t/d=778.000 | task1=1.619198e-01 | |m1|=0.997428 | m1²=0.994864 | ||w||²/d=0.879251 | eps_adapter=1.226665e-02 | residual_overlap=0.016421
[step   389250] t/d=778.500 | task1=1.619429e-01 | |m1|=0.997410 | m1²=0.994827 | ||w||²/d=0.879278 | eps_adapter=1.233379e-02 | residual_overlap=0.016414
[step   389500] t/d=779.000 | task1=1.619570e-01 | |m1|=0.997418 | m1²=0.994843 | ||w||²/d=0.879834 | eps_adapter=1.224875e-02 | residual_overlap=0.016372
[step   389750] t/d=779.500 | task1=1.619917e-01 | |m1|=0.997423 | m1²=0.994853 | ||w||²/d=0.879693 | eps_adapter=1.224369e-02 | residual_overlap=0.016361
[step   390000] t/d=780.000 | task1=1.619804e-01 | |m1|=0.997422 | m1²=0.994851 | ||w||²/d=0.879769 | eps_adapter=1.224076e-02 | residual_overlap=0.016369
[step   390250] t/d=780.500 | task1=1.619629e-01 | |m1|=0.997415 | m1²=0.994837 | ||w||²/d=0.880218 | eps_adapter=1.222343e-02 | residual_overlap=0.016365
[step   390500] t/d=781.000 | task1=1.619446e-01 | |m1|=0.997430 | m1²=0.994867 | ||w||²/d=0.880799 | eps_adapter=1.211176e-02 | residual_overlap=0.016347
[step   390750] t/d=781.500 | task1=1.619780e-01 | |m1|=0.997438 | m1²=0.994882 | ||w||²/d=0.880984 | eps_adapter=1.206672e-02 | residual_overlap=0.016332
[step   391000] t/d=782.000 | task1=1.619878e-01 | |m1|=0.997453 | m1²=0.994913 | ||w||²/d=0.880863 | eps_adapter=1.201967e-02 | residual_overlap=0.016335
[step   391250] t/d=782.500 | task1=1.619631e-01 | |m1|=0.997470 | m1²=0.994946 | ||w||²/d=0.880535 | eps_adapter=1.198630e-02 | residual_overlap=0.016315
[step   391500] t/d=783.000 | task1=1.619597e-01 | |m1|=0.997473 | m1²=0.994953 | ||w||²/d=0.880591 | eps_adapter=1.196868e-02 | residual_overlap=0.016318
[step   391750] t/d=783.500 | task1=1.619465e-01 | |m1|=0.997493 | m1²=0.994992 | ||w||²/d=0.881204 | eps_adapter=1.183616e-02 | residual_overlap=0.016291
[step   392000] t/d=784.000 | task1=1.619517e-01 | |m1|=0.997476 | m1²=0.994959 | ||w||²/d=0.880887 | eps_adapter=1.192906e-02 | residual_overlap=0.016308
[step   392250] t/d=784.500 | task1=1.619714e-01 | |m1|=0.997480 | m1²=0.994967 | ||w||²/d=0.880980 | eps_adapter=1.190555e-02 | residual_overlap=0.016304
[step   392500] t/d=785.000 | task1=1.619779e-01 | |m1|=0.997505 | m1²=0.995017 | ||w||²/d=0.881152 | eps_adapter=1.179418e-02 | residual_overlap=0.016289
[step   392750] t/d=785.500 | task1=1.619397e-01 | |m1|=0.997527 | m1²=0.995060 | ||w||²/d=0.881259 | eps_adapter=1.170234e-02 | residual_overlap=0.016264
[step   393000] t/d=786.000 | task1=1.619313e-01 | |m1|=0.997530 | m1²=0.995066 | ||w||²/d=0.881226 | eps_adapter=1.169405e-02 | residual_overlap=0.016261
[step   393250] t/d=786.500 | task1=1.619440e-01 | |m1|=0.997533 | m1²=0.995071 | ||w||²/d=0.881511 | eps_adapter=1.165759e-02 | residual_overlap=0.016240
[step   393500] t/d=787.000 | task1=1.619426e-01 | |m1|=0.997539 | m1²=0.995085 | ||w||²/d=0.882009 | eps_adapter=1.158648e-02 | residual_overlap=0.016230
[step   393750] t/d=787.500 | task1=1.619477e-01 | |m1|=0.997569 | m1²=0.995144 | ||w||²/d=0.882203 | eps_adapter=1.145588e-02 | residual_overlap=0.016191
[step   394000] t/d=788.000 | task1=1.619123e-01 | |m1|=0.997563 | m1²=0.995132 | ||w||²/d=0.882138 | eps_adapter=1.148459e-02 | residual_overlap=0.016181
[step   394250] t/d=788.500 | task1=1.618939e-01 | |m1|=0.997583 | m1²=0.995171 | ||w||²/d=0.882273 | eps_adapter=1.139759e-02 | residual_overlap=0.016173
[step   394500] t/d=789.000 | task1=1.618575e-01 | |m1|=0.997594 | m1²=0.995193 | ||w||²/d=0.881865 | eps_adapter=1.139277e-02 | residual_overlap=0.016195
[step   394750] t/d=789.500 | task1=1.618409e-01 | |m1|=0.997604 | m1²=0.995214 | ||w||²/d=0.881531 | eps_adapter=1.138360e-02 | residual_overlap=0.016186
[step   395000] t/d=790.000 | task1=1.618380e-01 | |m1|=0.997598 | m1²=0.995202 | ||w||²/d=0.881693 | eps_adapter=1.139149e-02 | residual_overlap=0.016183
[step   395250] t/d=790.500 | task1=1.618415e-01 | |m1|=0.997585 | m1²=0.995176 | ||w||²/d=0.881189 | eps_adapter=1.148789e-02 | residual_overlap=0.016208
[step   395500] t/d=791.000 | task1=1.618524e-01 | |m1|=0.997602 | m1²=0.995209 | ||w||²/d=0.881470 | eps_adapter=1.139893e-02 | residual_overlap=0.016183
[step   395750] t/d=791.500 | task1=1.618246e-01 | |m1|=0.997617 | m1²=0.995240 | ||w||²/d=0.881423 | eps_adapter=1.134442e-02 | residual_overlap=0.016162
[step   396000] t/d=792.000 | task1=1.618494e-01 | |m1|=0.997648 | m1²=0.995302 | ||w||²/d=0.882143 | eps_adapter=1.116034e-02 | residual_overlap=0.016117
[step   396250] t/d=792.500 | task1=1.618464e-01 | |m1|=0.997673 | m1²=0.995352 | ||w||²/d=0.883069 | eps_adapter=1.098149e-02 | residual_overlap=0.016066
[step   396500] t/d=793.000 | task1=1.618627e-01 | |m1|=0.997659 | m1²=0.995324 | ||w||²/d=0.882483 | eps_adapter=1.108773e-02 | residual_overlap=0.016068
[step   396750] t/d=793.500 | task1=1.618477e-01 | |m1|=0.997661 | m1²=0.995328 | ||w||²/d=0.883208 | eps_adapter=1.101386e-02 | residual_overlap=0.016060
[step   397000] t/d=794.000 | task1=1.618321e-01 | |m1|=0.997667 | m1²=0.995339 | ||w||²/d=0.882645 | eps_adapter=1.104353e-02 | residual_overlap=0.016040
[step   397250] t/d=794.500 | task1=1.618392e-01 | |m1|=0.997677 | m1²=0.995360 | ||w||²/d=0.882848 | eps_adapter=1.098472e-02 | residual_overlap=0.016043
[step   397500] t/d=795.000 | task1=1.618225e-01 | |m1|=0.997681 | m1²=0.995366 | ||w||²/d=0.882514 | eps_adapter=1.100325e-02 | residual_overlap=0.016033
[step   397750] t/d=795.500 | task1=1.618137e-01 | |m1|=0.997698 | m1²=0.995401 | ||w||²/d=0.882857 | eps_adapter=1.090710e-02 | residual_overlap=0.016003
[step   398000] t/d=796.000 | task1=1.617818e-01 | |m1|=0.997693 | m1²=0.995391 | ||w||²/d=0.882274 | eps_adapter=1.097779e-02 | residual_overlap=0.015992
[step   398250] t/d=796.500 | task1=1.617992e-01 | |m1|=0.997675 | m1²=0.995356 | ||w||²/d=0.882620 | eps_adapter=1.101284e-02 | residual_overlap=0.016004
[step   398500] t/d=797.000 | task1=1.617868e-01 | |m1|=0.997673 | m1²=0.995352 | ||w||²/d=0.882256 | eps_adapter=1.105466e-02 | residual_overlap=0.016025
[step   398750] t/d=797.500 | task1=1.617606e-01 | |m1|=0.997662 | m1²=0.995330 | ||w||²/d=0.882402 | eps_adapter=1.108330e-02 | residual_overlap=0.016051
[step   399000] t/d=798.000 | task1=1.617529e-01 | |m1|=0.997667 | m1²=0.995339 | ||w||²/d=0.882166 | eps_adapter=1.108781e-02 | residual_overlap=0.016017
[step   399250] t/d=798.500 | task1=1.617233e-01 | |m1|=0.997640 | m1²=0.995285 | ||w||²/d=0.882094 | eps_adapter=1.119615e-02 | residual_overlap=0.016047
[step   399500] t/d=799.000 | task1=1.617144e-01 | |m1|=0.997653 | m1²=0.995311 | ||w||²/d=0.882635 | eps_adapter=1.109723e-02 | residual_overlap=0.016024
[step   399750] t/d=799.500 | task1=1.616912e-01 | |m1|=0.997649 | m1²=0.995304 | ||w||²/d=0.882591 | eps_adapter=1.111623e-02 | residual_overlap=0.016025
[step   400000] t/d=800.000 | task1=1.617020e-01 | |m1|=0.997646 | m1²=0.995297 | ||w||²/d=0.882448 | eps_adapter=1.114067e-02 | residual_overlap=0.016024
[step   400250] t/d=800.500 | task1=1.616670e-01 | |m1|=0.997656 | m1²=0.995318 | ||w||²/d=0.882135 | eps_adapter=1.112980e-02 | residual_overlap=0.016010
[step   400500] t/d=801.000 | task1=1.616894e-01 | |m1|=0.997659 | m1²=0.995324 | ||w||²/d=0.882810 | eps_adapter=1.105723e-02 | residual_overlap=0.016037
[step   400750] t/d=801.500 | task1=1.616793e-01 | |m1|=0.997630 | m1²=0.995265 | ||w||²/d=0.882719 | eps_adapter=1.117805e-02 | residual_overlap=0.016081
[step   401000] t/d=802.000 | task1=1.616539e-01 | |m1|=0.997637 | m1²=0.995280 | ||w||²/d=0.882887 | eps_adapter=1.113367e-02 | residual_overlap=0.016079
[step   401250] t/d=802.500 | task1=1.616607e-01 | |m1|=0.997615 | m1²=0.995235 | ||w||²/d=0.883114 | eps_adapter=1.119996e-02 | residual_overlap=0.016089
[step   401500] t/d=803.000 | task1=1.616830e-01 | |m1|=0.997619 | m1²=0.995243 | ||w||²/d=0.882664 | eps_adapter=1.122452e-02 | residual_overlap=0.016087
[step   401750] t/d=803.500 | task1=1.616756e-01 | |m1|=0.997645 | m1²=0.995296 | ||w||²/d=0.882258 | eps_adapter=1.116079e-02 | residual_overlap=0.016060
[step   402000] t/d=804.000 | task1=1.616640e-01 | |m1|=0.997650 | m1²=0.995306 | ||w||²/d=0.881912 | eps_adapter=1.117277e-02 | residual_overlap=0.016064
[step   402250] t/d=804.500 | task1=1.617289e-01 | |m1|=0.997650 | m1²=0.995306 | ||w||²/d=0.882946 | eps_adapter=1.108030e-02 | residual_overlap=0.016058
[step   402500] t/d=805.000 | task1=1.617069e-01 | |m1|=0.997669 | m1²=0.995343 | ||w||²/d=0.883044 | eps_adapter=1.099963e-02 | residual_overlap=0.016048
[step   402750] t/d=805.500 | task1=1.617537e-01 | |m1|=0.997659 | m1²=0.995324 | ||w||²/d=0.882903 | eps_adapter=1.104989e-02 | residual_overlap=0.016075
[step   403000] t/d=806.000 | task1=1.617802e-01 | |m1|=0.997669 | m1²=0.995344 | ||w||²/d=0.882552 | eps_adapter=1.104244e-02 | residual_overlap=0.016047
[step   403250] t/d=806.500 | task1=1.617667e-01 | |m1|=0.997691 | m1²=0.995388 | ||w||²/d=0.882781 | eps_adapter=1.093828e-02 | residual_overlap=0.016036
[step   403500] t/d=807.000 | task1=1.617697e-01 | |m1|=0.997688 | m1²=0.995381 | ||w||²/d=0.882695 | eps_adapter=1.095969e-02 | residual_overlap=0.016048
[step   403750] t/d=807.500 | task1=1.617633e-01 | |m1|=0.997677 | m1²=0.995359 | ||w||²/d=0.883174 | eps_adapter=1.095888e-02 | residual_overlap=0.016047
[step   404000] t/d=808.000 | task1=1.617922e-01 | |m1|=0.997665 | m1²=0.995335 | ||w||²/d=0.882933 | eps_adapter=1.102570e-02 | residual_overlap=0.016073
[step   404250] t/d=808.500 | task1=1.617638e-01 | |m1|=0.997674 | m1²=0.995354 | ||w||²/d=0.882683 | eps_adapter=1.101119e-02 | residual_overlap=0.016076
[step   404500] t/d=809.000 | task1=1.617589e-01 | |m1|=0.997673 | m1²=0.995351 | ||w||²/d=0.882249 | eps_adapter=1.105762e-02 | residual_overlap=0.016066
[step   404750] t/d=809.500 | task1=1.617265e-01 | |m1|=0.997668 | m1²=0.995341 | ||w||²/d=0.882296 | eps_adapter=1.107152e-02 | residual_overlap=0.016087
[step   405000] t/d=810.000 | task1=1.617307e-01 | |m1|=0.997648 | m1²=0.995301 | ||w||²/d=0.881453 | eps_adapter=1.122615e-02 | residual_overlap=0.016126
[step   405250] t/d=810.500 | task1=1.617540e-01 | |m1|=0.997632 | m1²=0.995269 | ||w||²/d=0.881471 | eps_adapter=1.128444e-02 | residual_overlap=0.016128
[step   405500] t/d=811.000 | task1=1.617676e-01 | |m1|=0.997601 | m1²=0.995208 | ||w||²/d=0.881408 | eps_adapter=1.140673e-02 | residual_overlap=0.016166
[step   405750] t/d=811.500 | task1=1.617545e-01 | |m1|=0.997593 | m1²=0.995192 | ||w||²/d=0.881964 | eps_adapter=1.138652e-02 | residual_overlap=0.016180
[step   406000] t/d=812.000 | task1=1.617686e-01 | |m1|=0.997575 | m1²=0.995156 | ||w||²/d=0.882065 | eps_adapter=1.144513e-02 | residual_overlap=0.016215
[step   406250] t/d=812.500 | task1=1.617405e-01 | |m1|=0.997572 | m1²=0.995151 | ||w||²/d=0.881986 | eps_adapter=1.146282e-02 | residual_overlap=0.016226
[step   406500] t/d=813.000 | task1=1.617204e-01 | |m1|=0.997589 | m1²=0.995183 | ||w||²/d=0.881573 | eps_adapter=1.143848e-02 | residual_overlap=0.016205
[step   406750] t/d=813.500 | task1=1.617438e-01 | |m1|=0.997617 | m1²=0.995239 | ||w||²/d=0.882042 | eps_adapter=1.128967e-02 | residual_overlap=0.016162
[step   407000] t/d=814.000 | task1=1.617350e-01 | |m1|=0.997613 | m1²=0.995232 | ||w||²/d=0.882311 | eps_adapter=1.127752e-02 | residual_overlap=0.016171
[step   407250] t/d=814.500 | task1=1.616999e-01 | |m1|=0.997629 | m1²=0.995264 | ||w||²/d=0.881974 | eps_adapter=1.124680e-02 | residual_overlap=0.016167
[step   407500] t/d=815.000 | task1=1.616728e-01 | |m1|=0.997627 | m1²=0.995260 | ||w||²/d=0.881634 | eps_adapter=1.128691e-02 | residual_overlap=0.016179
[step   407750] t/d=815.500 | task1=1.616617e-01 | |m1|=0.997628 | m1²=0.995261 | ||w||²/d=0.882068 | eps_adapter=1.124405e-02 | residual_overlap=0.016182
[step   408000] t/d=816.000 | task1=1.616534e-01 | |m1|=0.997650 | m1²=0.995306 | ||w||²/d=0.883147 | eps_adapter=1.106192e-02 | residual_overlap=0.016158
[step   408250] t/d=816.500 | task1=1.616336e-01 | |m1|=0.997654 | m1²=0.995313 | ||w||²/d=0.883136 | eps_adapter=1.105024e-02 | residual_overlap=0.016160
[step   408500] t/d=817.000 | task1=1.616687e-01 | |m1|=0.997633 | m1²=0.995272 | ||w||²/d=0.883457 | eps_adapter=1.109927e-02 | residual_overlap=0.016201
[step   408750] t/d=817.500 | task1=1.616628e-01 | |m1|=0.997644 | m1²=0.995293 | ||w||²/d=0.883407 | eps_adapter=1.106323e-02 | residual_overlap=0.016156
[step   409000] t/d=818.000 | task1=1.616623e-01 | |m1|=0.997667 | m1²=0.995339 | ||w||²/d=0.883454 | eps_adapter=1.097094e-02 | residual_overlap=0.016121
[step   409250] t/d=818.500 | task1=1.616645e-01 | |m1|=0.997655 | m1²=0.995316 | ||w||²/d=0.882654 | eps_adapter=1.108644e-02 | residual_overlap=0.016130
[step   409500] t/d=819.000 | task1=1.617055e-01 | |m1|=0.997664 | m1²=0.995334 | ||w||²/d=0.882328 | eps_adapter=1.108178e-02 | residual_overlap=0.016121
[step   409750] t/d=819.500 | task1=1.617302e-01 | |m1|=0.997674 | m1²=0.995354 | ||w||²/d=0.882434 | eps_adapter=1.103409e-02 | residual_overlap=0.016101
[step   410000] t/d=820.000 | task1=1.617048e-01 | |m1|=0.997681 | m1²=0.995367 | ||w||²/d=0.882882 | eps_adapter=1.096881e-02 | residual_overlap=0.016105
[step   410250] t/d=820.500 | task1=1.616795e-01 | |m1|=0.997694 | m1²=0.995393 | ||w||²/d=0.882798 | eps_adapter=1.092714e-02 | residual_overlap=0.016097
[step   410500] t/d=821.000 | task1=1.617019e-01 | |m1|=0.997688 | m1²=0.995382 | ||w||²/d=0.882966 | eps_adapter=1.093367e-02 | residual_overlap=0.016095
[step   410750] t/d=821.500 | task1=1.616960e-01 | |m1|=0.997693 | m1²=0.995391 | ||w||²/d=0.883275 | eps_adapter=1.088787e-02 | residual_overlap=0.016074
[step   411000] t/d=822.000 | task1=1.617124e-01 | |m1|=0.997691 | m1²=0.995387 | ||w||²/d=0.883438 | eps_adapter=1.088220e-02 | residual_overlap=0.016073
[step   411250] t/d=822.500 | task1=1.617166e-01 | |m1|=0.997688 | m1²=0.995381 | ||w||²/d=0.883516 | eps_adapter=1.088550e-02 | residual_overlap=0.016088
[step   411500] t/d=823.000 | task1=1.617047e-01 | |m1|=0.997690 | m1²=0.995385 | ||w||²/d=0.883929 | eps_adapter=1.084150e-02 | residual_overlap=0.016098
[step   411750] t/d=823.500 | task1=1.616868e-01 | |m1|=0.997687 | m1²=0.995380 | ||w||²/d=0.883769 | eps_adapter=1.086608e-02 | residual_overlap=0.016092
[step   412000] t/d=824.000 | task1=1.616796e-01 | |m1|=0.997683 | m1²=0.995372 | ||w||²/d=0.883340 | eps_adapter=1.091852e-02 | residual_overlap=0.016093
[step   412250] t/d=824.500 | task1=1.616539e-01 | |m1|=0.997674 | m1²=0.995352 | ||w||²/d=0.882728 | eps_adapter=1.101058e-02 | residual_overlap=0.016098
[step   412500] t/d=825.000 | task1=1.616729e-01 | |m1|=0.997716 | m1²=0.995437 | ||w||²/d=0.882983 | eps_adapter=1.082618e-02 | residual_overlap=0.016026
[step   412750] t/d=825.500 | task1=1.616616e-01 | |m1|=0.997737 | m1²=0.995479 | ||w||²/d=0.882430 | eps_adapter=1.079655e-02 | residual_overlap=0.015996
[step   413000] t/d=826.000 | task1=1.616836e-01 | |m1|=0.997735 | m1²=0.995474 | ||w||²/d=0.882210 | eps_adapter=1.082487e-02 | residual_overlap=0.015985
[step   413250] t/d=826.500 | task1=1.616637e-01 | |m1|=0.997737 | m1²=0.995479 | ||w||²/d=0.881527 | eps_adapter=1.088010e-02 | residual_overlap=0.015985
[step   413500] t/d=827.000 | task1=1.616549e-01 | |m1|=0.997720 | m1²=0.995445 | ||w||²/d=0.881224 | eps_adapter=1.097304e-02 | residual_overlap=0.016023
[step   413750] t/d=827.500 | task1=1.617052e-01 | |m1|=0.997702 | m1²=0.995410 | ||w||²/d=0.882292 | eps_adapter=1.094035e-02 | residual_overlap=0.016042
[step   414000] t/d=828.000 | task1=1.617199e-01 | |m1|=0.997736 | m1²=0.995477 | ||w||²/d=0.882579 | eps_adapter=1.078589e-02 | residual_overlap=0.016001
[step   414250] t/d=828.500 | task1=1.617220e-01 | |m1|=0.997731 | m1²=0.995468 | ||w||²/d=0.883019 | eps_adapter=1.076423e-02 | residual_overlap=0.016007
[step   414500] t/d=829.000 | task1=1.617223e-01 | |m1|=0.997732 | m1²=0.995469 | ||w||²/d=0.883278 | eps_adapter=1.073826e-02 | residual_overlap=0.016011
[step   414750] t/d=829.500 | task1=1.617445e-01 | |m1|=0.997736 | m1²=0.995477 | ||w||²/d=0.882439 | eps_adapter=1.079982e-02 | residual_overlap=0.015994
[step   415000] t/d=830.000 | task1=1.617501e-01 | |m1|=0.997737 | m1²=0.995479 | ||w||²/d=0.882262 | eps_adapter=1.081147e-02 | residual_overlap=0.015996
[step   415250] t/d=830.500 | task1=1.617316e-01 | |m1|=0.997726 | m1²=0.995458 | ||w||²/d=0.882592 | eps_adapter=1.082238e-02 | residual_overlap=0.016034
[step   415500] t/d=831.000 | task1=1.617383e-01 | |m1|=0.997720 | m1²=0.995445 | ||w||²/d=0.883292 | eps_adapter=1.078256e-02 | residual_overlap=0.016038
[step   415750] t/d=831.500 | task1=1.617293e-01 | |m1|=0.997750 | m1²=0.995504 | ||w||²/d=0.883543 | eps_adapter=1.064774e-02 | residual_overlap=0.015980
[step   416000] t/d=832.000 | task1=1.617144e-01 | |m1|=0.997758 | m1²=0.995520 | ||w||²/d=0.884125 | eps_adapter=1.056680e-02 | residual_overlap=0.015974
[step   416250] t/d=832.500 | task1=1.616990e-01 | |m1|=0.997735 | m1²=0.995476 | ||w||²/d=0.884277 | eps_adapter=1.063787e-02 | residual_overlap=0.016019
[step   416500] t/d=833.000 | task1=1.616933e-01 | |m1|=0.997760 | m1²=0.995525 | ||w||²/d=0.884538 | eps_adapter=1.052071e-02 | residual_overlap=0.015981
[step   416750] t/d=833.500 | task1=1.617196e-01 | |m1|=0.997753 | m1²=0.995512 | ||w||²/d=0.885264 | eps_adapter=1.048473e-02 | residual_overlap=0.015996
[step   417000] t/d=834.000 | task1=1.617328e-01 | |m1|=0.997747 | m1²=0.995499 | ||w||²/d=0.885258 | eps_adapter=1.050900e-02 | residual_overlap=0.016022
[step   417250] t/d=834.500 | task1=1.616956e-01 | |m1|=0.997755 | m1²=0.995515 | ||w||²/d=0.885358 | eps_adapter=1.046998e-02 | residual_overlap=0.015992
[step   417500] t/d=835.000 | task1=1.616902e-01 | |m1|=0.997753 | m1²=0.995511 | ||w||²/d=0.885369 | eps_adapter=1.047789e-02 | residual_overlap=0.015998
[step   417750] t/d=835.500 | task1=1.617061e-01 | |m1|=0.997747 | m1²=0.995499 | ||w||²/d=0.885086 | eps_adapter=1.052500e-02 | residual_overlap=0.016007
[step   418000] t/d=836.000 | task1=1.617021e-01 | |m1|=0.997759 | m1²=0.995522 | ||w||²/d=0.884378 | eps_adapter=1.054049e-02 | residual_overlap=0.016001
[step   418250] t/d=836.500 | task1=1.616914e-01 | |m1|=0.997764 | m1²=0.995533 | ||w||²/d=0.884241 | eps_adapter=1.053157e-02 | residual_overlap=0.016023
[step   418500] t/d=837.000 | task1=1.616798e-01 | |m1|=0.997736 | m1²=0.995477 | ||w||²/d=0.883858 | eps_adapter=1.067207e-02 | residual_overlap=0.016057
[step   418750] t/d=837.500 | task1=1.616755e-01 | |m1|=0.997723 | m1²=0.995452 | ||w||²/d=0.883873 | eps_adapter=1.071891e-02 | residual_overlap=0.016080
[step   419000] t/d=838.000 | task1=1.616676e-01 | |m1|=0.997733 | m1²=0.995471 | ||w||²/d=0.883082 | eps_adapter=1.075302e-02 | residual_overlap=0.016044
[step   419250] t/d=838.500 | task1=1.616519e-01 | |m1|=0.997740 | m1²=0.995485 | ||w||²/d=0.883155 | eps_adapter=1.071877e-02 | residual_overlap=0.016030
[step   419500] t/d=839.000 | task1=1.616318e-01 | |m1|=0.997743 | m1²=0.995490 | ||w||²/d=0.883835 | eps_adapter=1.064927e-02 | residual_overlap=0.016038
[step   419750] t/d=839.500 | task1=1.616451e-01 | |m1|=0.997723 | m1²=0.995450 | ||w||²/d=0.883183 | eps_adapter=1.078316e-02 | residual_overlap=0.016056
[step   420000] t/d=840.000 | task1=1.616528e-01 | |m1|=0.997704 | m1²=0.995412 | ||w||²/d=0.882569 | eps_adapter=1.091053e-02 | residual_overlap=0.016079
[step   420250] t/d=840.500 | task1=1.616952e-01 | |m1|=0.997690 | m1²=0.995385 | ||w||²/d=0.882238 | eps_adapter=1.099203e-02 | residual_overlap=0.016097
[step   420500] t/d=841.000 | task1=1.616838e-01 | |m1|=0.997659 | m1²=0.995323 | ||w||²/d=0.881908 | eps_adapter=1.114082e-02 | residual_overlap=0.016147
[step   420750] t/d=841.500 | task1=1.616998e-01 | |m1|=0.997642 | m1²=0.995289 | ||w||²/d=0.882581 | eps_adapter=1.114521e-02 | residual_overlap=0.016140
[step   421000] t/d=842.000 | task1=1.617047e-01 | |m1|=0.997618 | m1²=0.995242 | ||w||²/d=0.882133 | eps_adapter=1.127515e-02 | residual_overlap=0.016173
[step   421250] t/d=842.500 | task1=1.616625e-01 | |m1|=0.997620 | m1²=0.995246 | ||w||²/d=0.882030 | eps_adapter=1.127662e-02 | residual_overlap=0.016180
[step   421500] t/d=843.000 | task1=1.616577e-01 | |m1|=0.997636 | m1²=0.995279 | ||w||²/d=0.882274 | eps_adapter=1.119259e-02 | residual_overlap=0.016175
[step   421750] t/d=843.500 | task1=1.616447e-01 | |m1|=0.997617 | m1²=0.995240 | ||w||²/d=0.882629 | eps_adapter=1.123305e-02 | residual_overlap=0.016193
[step   422000] t/d=844.000 | task1=1.616314e-01 | |m1|=0.997628 | m1²=0.995263 | ||w||²/d=0.882655 | eps_adapter=1.118862e-02 | residual_overlap=0.016197
[step   422250] t/d=844.500 | task1=1.616321e-01 | |m1|=0.997659 | m1²=0.995324 | ||w||²/d=0.882619 | eps_adapter=1.107462e-02 | residual_overlap=0.016155
[step   422500] t/d=845.000 | task1=1.616352e-01 | |m1|=0.997652 | m1²=0.995309 | ||w||²/d=0.883075 | eps_adapter=1.106169e-02 | residual_overlap=0.016169
[step   422750] t/d=845.500 | task1=1.616094e-01 | |m1|=0.997664 | m1²=0.995333 | ||w||²/d=0.882706 | eps_adapter=1.104904e-02 | residual_overlap=0.016152
[step   423000] t/d=846.000 | task1=1.616209e-01 | |m1|=0.997684 | m1²=0.995373 | ||w||²/d=0.882829 | eps_adapter=1.096190e-02 | residual_overlap=0.016126
[step   423250] t/d=846.500 | task1=1.616276e-01 | |m1|=0.997698 | m1²=0.995402 | ||w||²/d=0.882295 | eps_adapter=1.095531e-02 | residual_overlap=0.016096
[step   423500] t/d=847.000 | task1=1.616178e-01 | |m1|=0.997689 | m1²=0.995384 | ||w||²/d=0.882312 | eps_adapter=1.098815e-02 | residual_overlap=0.016101
[step   423750] t/d=847.500 | task1=1.616188e-01 | |m1|=0.997696 | m1²=0.995398 | ||w||²/d=0.882951 | eps_adapter=1.090407e-02 | residual_overlap=0.016110
[step   424000] t/d=848.000 | task1=1.616040e-01 | |m1|=0.997691 | m1²=0.995388 | ||w||²/d=0.883436 | eps_adapter=1.087993e-02 | residual_overlap=0.016119
[step   424250] t/d=848.500 | task1=1.616307e-01 | |m1|=0.997696 | m1²=0.995397 | ||w||²/d=0.883641 | eps_adapter=1.084517e-02 | residual_overlap=0.016114
[step   424500] t/d=849.000 | task1=1.616550e-01 | |m1|=0.997692 | m1²=0.995388 | ||w||²/d=0.883511 | eps_adapter=1.087228e-02 | residual_overlap=0.016134
[step   424750] t/d=849.500 | task1=1.616948e-01 | |m1|=0.997706 | m1²=0.995418 | ||w||²/d=0.883449 | eps_adapter=1.082177e-02 | residual_overlap=0.016135
[step   425000] t/d=850.000 | task1=1.616976e-01 | |m1|=0.997698 | m1²=0.995401 | ||w||²/d=0.883486 | eps_adapter=1.085088e-02 | residual_overlap=0.016155
[step   425250] t/d=850.500 | task1=1.617217e-01 | |m1|=0.997725 | m1²=0.995454 | ||w||²/d=0.883548 | eps_adapter=1.074295e-02 | residual_overlap=0.016113
[step   425500] t/d=851.000 | task1=1.617370e-01 | |m1|=0.997726 | m1²=0.995458 | ||w||²/d=0.883064 | eps_adapter=1.077910e-02 | residual_overlap=0.016095
[step   425750] t/d=851.500 | task1=1.617139e-01 | |m1|=0.997707 | m1²=0.995419 | ||w||²/d=0.882983 | eps_adapter=1.086122e-02 | residual_overlap=0.016123
[step   426000] t/d=852.000 | task1=1.616793e-01 | |m1|=0.997686 | m1²=0.995377 | ||w||²/d=0.882809 | eps_adapter=1.095604e-02 | residual_overlap=0.016146
[step   426250] t/d=852.500 | task1=1.617328e-01 | |m1|=0.997707 | m1²=0.995420 | ||w||²/d=0.882851 | eps_adapter=1.087113e-02 | residual_overlap=0.016126
[step   426500] t/d=853.000 | task1=1.617626e-01 | |m1|=0.997708 | m1²=0.995421 | ||w||²/d=0.882656 | eps_adapter=1.088652e-02 | residual_overlap=0.016119
[step   426750] t/d=853.500 | task1=1.617650e-01 | |m1|=0.997734 | m1²=0.995473 | ||w||²/d=0.882652 | eps_adapter=1.078674e-02 | residual_overlap=0.016075
[step   427000] t/d=854.000 | task1=1.617436e-01 | |m1|=0.997744 | m1²=0.995493 | ||w||²/d=0.882527 | eps_adapter=1.076016e-02 | residual_overlap=0.016059
[step   427250] t/d=854.500 | task1=1.617473e-01 | |m1|=0.997741 | m1²=0.995488 | ||w||²/d=0.882104 | eps_adapter=1.080974e-02 | residual_overlap=0.016083
[step   427500] t/d=855.000 | task1=1.616930e-01 | |m1|=0.997741 | m1²=0.995486 | ||w||²/d=0.882244 | eps_adapter=1.079901e-02 | residual_overlap=0.016092
[step   427750] t/d=855.500 | task1=1.617171e-01 | |m1|=0.997749 | m1²=0.995502 | ||w||²/d=0.881954 | eps_adapter=1.079524e-02 | residual_overlap=0.016077
[step   428000] t/d=856.000 | task1=1.616776e-01 | |m1|=0.997776 | m1²=0.995557 | ||w||²/d=0.882681 | eps_adapter=1.062441e-02 | residual_overlap=0.016040
[step   428250] t/d=856.500 | task1=1.616670e-01 | |m1|=0.997766 | m1²=0.995538 | ||w||²/d=0.882774 | eps_adapter=1.065273e-02 | residual_overlap=0.016085
[step   428500] t/d=857.000 | task1=1.617015e-01 | |m1|=0.997763 | m1²=0.995530 | ||w||²/d=0.883689 | eps_adapter=1.058600e-02 | residual_overlap=0.016083
[step   428750] t/d=857.500 | task1=1.616978e-01 | |m1|=0.997767 | m1²=0.995539 | ||w||²/d=0.883512 | eps_adapter=1.058460e-02 | residual_overlap=0.016079
[step   429000] t/d=858.000 | task1=1.617067e-01 | |m1|=0.997759 | m1²=0.995522 | ||w||²/d=0.883623 | eps_adapter=1.060630e-02 | residual_overlap=0.016099
[step   429250] t/d=858.500 | task1=1.617235e-01 | |m1|=0.997744 | m1²=0.995494 | ||w||²/d=0.883742 | eps_adapter=1.065029e-02 | residual_overlap=0.016120
[step   429500] t/d=859.000 | task1=1.617076e-01 | |m1|=0.997786 | m1²=0.995577 | ||w||²/d=0.883696 | eps_adapter=1.049645e-02 | residual_overlap=0.016064
[step   429750] t/d=859.500 | task1=1.616916e-01 | |m1|=0.997787 | m1²=0.995579 | ||w||²/d=0.883492 | eps_adapter=1.051033e-02 | residual_overlap=0.016060
[step   430000] t/d=860.000 | task1=1.617142e-01 | |m1|=0.997780 | m1²=0.995565 | ||w||²/d=0.883944 | eps_adapter=1.049716e-02 | residual_overlap=0.016087
[step   430250] t/d=860.500 | task1=1.617478e-01 | |m1|=0.997785 | m1²=0.995575 | ||w||²/d=0.883977 | eps_adapter=1.047558e-02 | residual_overlap=0.016079
[step   430500] t/d=861.000 | task1=1.617545e-01 | |m1|=0.997778 | m1²=0.995562 | ||w||²/d=0.884064 | eps_adapter=1.049287e-02 | residual_overlap=0.016076
[step   430750] t/d=861.500 | task1=1.617585e-01 | |m1|=0.997757 | m1²=0.995519 | ||w||²/d=0.884608 | eps_adapter=1.052745e-02 | residual_overlap=0.016084
[step   431000] t/d=862.000 | task1=1.617911e-01 | |m1|=0.997735 | m1²=0.995475 | ||w||²/d=0.884231 | eps_adapter=1.064364e-02 | residual_overlap=0.016112
[step   431250] t/d=862.500 | task1=1.618185e-01 | |m1|=0.997709 | m1²=0.995423 | ||w||²/d=0.884919 | eps_adapter=1.068451e-02 | residual_overlap=0.016127
[step   431500] t/d=863.000 | task1=1.617959e-01 | |m1|=0.997728 | m1²=0.995462 | ||w||²/d=0.884290 | eps_adapter=1.066382e-02 | residual_overlap=0.016091
[step   431750] t/d=863.500 | task1=1.617957e-01 | |m1|=0.997750 | m1²=0.995505 | ||w||²/d=0.883963 | eps_adapter=1.061027e-02 | residual_overlap=0.016072
[step   432000] t/d=864.000 | task1=1.618108e-01 | |m1|=0.997760 | m1²=0.995526 | ||w||²/d=0.883801 | eps_adapter=1.058435e-02 | residual_overlap=0.016049
[step   432250] t/d=864.500 | task1=1.617976e-01 | |m1|=0.997776 | m1²=0.995556 | ||w||²/d=0.884330 | eps_adapter=1.047942e-02 | residual_overlap=0.016026
[step   432500] t/d=865.000 | task1=1.618083e-01 | |m1|=0.997749 | m1²=0.995503 | ||w||²/d=0.883245 | eps_adapter=1.067647e-02 | residual_overlap=0.016033
[step   432750] t/d=865.500 | task1=1.618118e-01 | |m1|=0.997756 | m1²=0.995517 | ||w||²/d=0.883035 | eps_adapter=1.066941e-02 | residual_overlap=0.016037
[step   433000] t/d=866.000 | task1=1.618253e-01 | |m1|=0.997740 | m1²=0.995484 | ||w||²/d=0.882663 | eps_adapter=1.076504e-02 | residual_overlap=0.016052
[step   433250] t/d=866.500 | task1=1.618784e-01 | |m1|=0.997710 | m1²=0.995425 | ||w||²/d=0.882747 | eps_adapter=1.086964e-02 | residual_overlap=0.016105
[step   433500] t/d=867.000 | task1=1.618778e-01 | |m1|=0.997722 | m1²=0.995450 | ||w||²/d=0.882220 | eps_adapter=1.087061e-02 | residual_overlap=0.016087
[step   433750] t/d=867.500 | task1=1.618605e-01 | |m1|=0.997708 | m1²=0.995420 | ||w||²/d=0.881150 | eps_adapter=1.102639e-02 | residual_overlap=0.016098
[step   434000] t/d=868.000 | task1=1.618991e-01 | |m1|=0.997714 | m1²=0.995434 | ||w||²/d=0.881292 | eps_adapter=1.098675e-02 | residual_overlap=0.016088
[step   434250] t/d=868.500 | task1=1.619581e-01 | |m1|=0.997710 | m1²=0.995424 | ||w||²/d=0.881992 | eps_adapter=1.094030e-02 | residual_overlap=0.016089
[step   434500] t/d=869.000 | task1=1.619474e-01 | |m1|=0.997723 | m1²=0.995452 | ||w||²/d=0.881827 | eps_adapter=1.090263e-02 | residual_overlap=0.016091
[step   434750] t/d=869.500 | task1=1.619603e-01 | |m1|=0.997683 | m1²=0.995371 | ||w||²/d=0.881792 | eps_adapter=1.106085e-02 | residual_overlap=0.016142
[step   435000] t/d=870.000 | task1=1.619552e-01 | |m1|=0.997670 | m1²=0.995346 | ||w||²/d=0.881031 | eps_adapter=1.117971e-02 | residual_overlap=0.016145
[step   435250] t/d=870.500 | task1=1.619356e-01 | |m1|=0.997665 | m1²=0.995335 | ||w||²/d=0.880880 | eps_adapter=1.121412e-02 | residual_overlap=0.016138
[step   435500] t/d=871.000 | task1=1.619209e-01 | |m1|=0.997652 | m1²=0.995310 | ||w||²/d=0.881405 | eps_adapter=1.121267e-02 | residual_overlap=0.016168
[step   435750] t/d=871.500 | task1=1.619192e-01 | |m1|=0.997653 | m1²=0.995311 | ||w||²/d=0.881992 | eps_adapter=1.115621e-02 | residual_overlap=0.016184
[step   436000] t/d=872.000 | task1=1.618769e-01 | |m1|=0.997640 | m1²=0.995285 | ||w||²/d=0.881654 | eps_adapter=1.123632e-02 | residual_overlap=0.016206
[step   436250] t/d=872.500 | task1=1.618864e-01 | |m1|=0.997618 | m1²=0.995242 | ||w||²/d=0.881261 | eps_adapter=1.135549e-02 | residual_overlap=0.016226
[step   436500] t/d=873.000 | task1=1.619105e-01 | |m1|=0.997619 | m1²=0.995244 | ||w||²/d=0.880800 | eps_adapter=1.139568e-02 | residual_overlap=0.016228
[step   436750] t/d=873.500 | task1=1.619135e-01 | |m1|=0.997618 | m1²=0.995242 | ||w||²/d=0.881138 | eps_adapter=1.136648e-02 | residual_overlap=0.016228
[step   437000] t/d=874.000 | task1=1.619160e-01 | |m1|=0.997614 | m1²=0.995233 | ||w||²/d=0.881065 | eps_adapter=1.139145e-02 | residual_overlap=0.016226
[step   437250] t/d=874.500 | task1=1.619080e-01 | |m1|=0.997637 | m1²=0.995279 | ||w||²/d=0.881686 | eps_adapter=1.124608e-02 | residual_overlap=0.016182
[step   437500] t/d=875.000 | task1=1.619408e-01 | |m1|=0.997615 | m1²=0.995235 | ||w||²/d=0.880824 | eps_adapter=1.140987e-02 | residual_overlap=0.016229
[step   437750] t/d=875.500 | task1=1.619502e-01 | |m1|=0.997588 | m1²=0.995182 | ||w||²/d=0.880985 | eps_adapter=1.149513e-02 | residual_overlap=0.016260
[step   438000] t/d=876.000 | task1=1.619490e-01 | |m1|=0.997589 | m1²=0.995183 | ||w||²/d=0.880457 | eps_adapter=1.154283e-02 | residual_overlap=0.016264
[step   438250] t/d=876.500 | task1=1.619614e-01 | |m1|=0.997568 | m1²=0.995142 | ||w||²/d=0.881126 | eps_adapter=1.155797e-02 | residual_overlap=0.016294
[step   438500] t/d=877.000 | task1=1.619728e-01 | |m1|=0.997572 | m1²=0.995150 | ||w||²/d=0.880503 | eps_adapter=1.160203e-02 | residual_overlap=0.016299
[step   438750] t/d=877.500 | task1=1.619613e-01 | |m1|=0.997570 | m1²=0.995145 | ||w||²/d=0.880288 | eps_adapter=1.163132e-02 | residual_overlap=0.016307
[step   439000] t/d=878.000 | task1=1.619706e-01 | |m1|=0.997568 | m1²=0.995141 | ||w||²/d=0.880594 | eps_adapter=1.161030e-02 | residual_overlap=0.016319
[step   439250] t/d=878.500 | task1=1.620093e-01 | |m1|=0.997561 | m1²=0.995127 | ||w||²/d=0.880928 | eps_adapter=1.160534e-02 | residual_overlap=0.016319
[step   439500] t/d=879.000 | task1=1.620098e-01 | |m1|=0.997559 | m1²=0.995124 | ||w||²/d=0.881649 | eps_adapter=1.154509e-02 | residual_overlap=0.016308
[step   439750] t/d=879.500 | task1=1.619983e-01 | |m1|=0.997526 | m1²=0.995059 | ||w||²/d=0.881072 | eps_adapter=1.172186e-02 | residual_overlap=0.016362
[step   440000] t/d=880.000 | task1=1.619690e-01 | |m1|=0.997528 | m1²=0.995062 | ||w||²/d=0.880820 | eps_adapter=1.173906e-02 | residual_overlap=0.016358
[step   440250] t/d=880.500 | task1=1.619685e-01 | |m1|=0.997520 | m1²=0.995046 | ||w||²/d=0.880207 | eps_adapter=1.182733e-02 | residual_overlap=0.016393
[step   440500] t/d=881.000 | task1=1.619641e-01 | |m1|=0.997498 | m1²=0.995002 | ||w||²/d=0.879813 | eps_adapter=1.194856e-02 | residual_overlap=0.016418
[step   440750] t/d=881.500 | task1=1.619734e-01 | |m1|=0.997475 | m1²=0.994955 | ||w||²/d=0.880238 | eps_adapter=1.199704e-02 | residual_overlap=0.016424
[step   441000] t/d=882.000 | task1=1.619921e-01 | |m1|=0.997463 | m1²=0.994933 | ||w||²/d=0.880377 | eps_adapter=1.202647e-02 | residual_overlap=0.016440
[step   441250] t/d=882.500 | task1=1.620241e-01 | |m1|=0.997470 | m1²=0.994947 | ||w||²/d=0.880187 | eps_adapter=1.201822e-02 | residual_overlap=0.016423
[step   441500] t/d=883.000 | task1=1.620098e-01 | |m1|=0.997495 | m1²=0.994996 | ||w||²/d=0.879909 | eps_adapter=1.195185e-02 | residual_overlap=0.016403
[step   441750] t/d=883.500 | task1=1.620373e-01 | |m1|=0.997506 | m1²=0.995018 | ||w||²/d=0.879772 | eps_adapter=1.192358e-02 | residual_overlap=0.016381
[step   442000] t/d=884.000 | task1=1.620613e-01 | |m1|=0.997530 | m1²=0.995066 | ||w||²/d=0.879800 | eps_adapter=1.182848e-02 | residual_overlap=0.016346
[step   442250] t/d=884.500 | task1=1.620699e-01 | |m1|=0.997508 | m1²=0.995022 | ||w||²/d=0.880453 | eps_adapter=1.185081e-02 | residual_overlap=0.016361
[step   442500] t/d=885.000 | task1=1.620652e-01 | |m1|=0.997477 | m1²=0.994961 | ||w||²/d=0.880092 | eps_adapter=1.200116e-02 | residual_overlap=0.016419
[step   442750] t/d=885.500 | task1=1.620550e-01 | |m1|=0.997478 | m1²=0.994963 | ||w||²/d=0.880397 | eps_adapter=1.196786e-02 | residual_overlap=0.016412
[step   443000] t/d=886.000 | task1=1.620410e-01 | |m1|=0.997506 | m1²=0.995018 | ||w||²/d=0.880797 | eps_adapter=1.182570e-02 | residual_overlap=0.016384
[step   443250] t/d=886.500 | task1=1.620289e-01 | |m1|=0.997512 | m1²=0.995031 | ||w||²/d=0.881223 | eps_adapter=1.176130e-02 | residual_overlap=0.016366
[step   443500] t/d=887.000 | task1=1.620382e-01 | |m1|=0.997501 | m1²=0.995009 | ||w||²/d=0.880672 | eps_adapter=1.185508e-02 | residual_overlap=0.016359
[step   443750] t/d=887.500 | task1=1.620319e-01 | |m1|=0.997497 | m1²=0.995001 | ||w||²/d=0.880768 | eps_adapter=1.186042e-02 | residual_overlap=0.016347
[step   444000] t/d=888.000 | task1=1.619899e-01 | |m1|=0.997510 | m1²=0.995027 | ||w||²/d=0.880872 | eps_adapter=1.180081e-02 | residual_overlap=0.016355
[step   444250] t/d=888.500 | task1=1.620237e-01 | |m1|=0.997512 | m1²=0.995029 | ||w||²/d=0.880782 | eps_adapter=1.180482e-02 | residual_overlap=0.016350
[step   444500] t/d=889.000 | task1=1.620369e-01 | |m1|=0.997526 | m1²=0.995058 | ||w||²/d=0.881266 | eps_adapter=1.170472e-02 | residual_overlap=0.016335
[step   444750] t/d=889.500 | task1=1.620396e-01 | |m1|=0.997537 | m1²=0.995079 | ||w||²/d=0.880904 | eps_adapter=1.169887e-02 | residual_overlap=0.016328
[step   445000] t/d=890.000 | task1=1.620286e-01 | |m1|=0.997575 | m1²=0.995155 | ||w||²/d=0.880676 | eps_adapter=1.157540e-02 | residual_overlap=0.016296
[step   445250] t/d=890.500 | task1=1.620323e-01 | |m1|=0.997584 | m1²=0.995174 | ||w||²/d=0.880574 | eps_adapter=1.154973e-02 | residual_overlap=0.016281
[step   445500] t/d=891.000 | task1=1.620176e-01 | |m1|=0.997587 | m1²=0.995180 | ||w||²/d=0.880563 | eps_adapter=1.153868e-02 | residual_overlap=0.016290
[step   445750] t/d=891.500 | task1=1.620256e-01 | |m1|=0.997570 | m1²=0.995146 | ||w||²/d=0.879895 | eps_adapter=1.166721e-02 | residual_overlap=0.016307
[step   446000] t/d=892.000 | task1=1.620461e-01 | |m1|=0.997560 | m1²=0.995127 | ||w||²/d=0.880120 | eps_adapter=1.168223e-02 | residual_overlap=0.016292
[step   446250] t/d=892.500 | task1=1.619948e-01 | |m1|=0.997587 | m1²=0.995181 | ||w||²/d=0.879465 | eps_adapter=1.164337e-02 | residual_overlap=0.016243
[step   446500] t/d=893.000 | task1=1.619602e-01 | |m1|=0.997600 | m1²=0.995205 | ||w||²/d=0.880790 | eps_adapter=1.146977e-02 | residual_overlap=0.016234
[step   446750] t/d=893.500 | task1=1.619546e-01 | |m1|=0.997599 | m1²=0.995204 | ||w||²/d=0.880414 | eps_adapter=1.150784e-02 | residual_overlap=0.016235
[step   447000] t/d=894.000 | task1=1.619515e-01 | |m1|=0.997595 | m1²=0.995195 | ||w||²/d=0.880637 | eps_adapter=1.150370e-02 | residual_overlap=0.016235
[step   447250] t/d=894.500 | task1=1.619416e-01 | |m1|=0.997582 | m1²=0.995170 | ||w||²/d=0.880376 | eps_adapter=1.157627e-02 | residual_overlap=0.016238
[step   447500] t/d=895.000 | task1=1.619420e-01 | |m1|=0.997569 | m1²=0.995144 | ||w||²/d=0.880546 | eps_adapter=1.160984e-02 | residual_overlap=0.016267
[step   447750] t/d=895.500 | task1=1.619141e-01 | |m1|=0.997585 | m1²=0.995176 | ||w||²/d=0.880468 | eps_adapter=1.155626e-02 | residual_overlap=0.016254
[step   448000] t/d=896.000 | task1=1.619209e-01 | |m1|=0.997610 | m1²=0.995226 | ||w||²/d=0.879330 | eps_adapter=1.156991e-02 | residual_overlap=0.016242
[step   448250] t/d=896.500 | task1=1.618991e-01 | |m1|=0.997602 | m1²=0.995209 | ||w||²/d=0.880016 | eps_adapter=1.153652e-02 | residual_overlap=0.016256
[step   448500] t/d=897.000 | task1=1.619004e-01 | |m1|=0.997628 | m1²=0.995262 | ||w||²/d=0.880339 | eps_adapter=1.140435e-02 | residual_overlap=0.016229
[step   448750] t/d=897.500 | task1=1.619000e-01 | |m1|=0.997636 | m1²=0.995278 | ||w||²/d=0.880366 | eps_adapter=1.137215e-02 | residual_overlap=0.016236
[step   449000] t/d=898.000 | task1=1.619003e-01 | |m1|=0.997640 | m1²=0.995285 | ||w||²/d=0.880342 | eps_adapter=1.135948e-02 | residual_overlap=0.016240
[step   449250] t/d=898.500 | task1=1.619109e-01 | |m1|=0.997636 | m1²=0.995278 | ||w||²/d=0.879897 | eps_adapter=1.141620e-02 | residual_overlap=0.016244
[step   449500] t/d=899.000 | task1=1.619035e-01 | |m1|=0.997649 | m1²=0.995303 | ||w||²/d=0.880663 | eps_adapter=1.129625e-02 | residual_overlap=0.016221
[step   449750] t/d=899.500 | task1=1.618882e-01 | |m1|=0.997660 | m1²=0.995326 | ||w||²/d=0.881033 | eps_adapter=1.121671e-02 | residual_overlap=0.016212
[step   450000] t/d=900.000 | task1=1.619295e-01 | |m1|=0.997650 | m1²=0.995306 | ||w||²/d=0.880811 | eps_adapter=1.127617e-02 | residual_overlap=0.016200
[step   450250] t/d=900.500 | task1=1.619156e-01 | |m1|=0.997655 | m1²=0.995315 | ||w||²/d=0.880446 | eps_adapter=1.129333e-02 | residual_overlap=0.016205
[step   450500] t/d=901.000 | task1=1.619302e-01 | |m1|=0.997653 | m1²=0.995312 | ||w||²/d=0.879820 | eps_adapter=1.135986e-02 | residual_overlap=0.016196
[step   450750] t/d=901.500 | task1=1.619476e-01 | |m1|=0.997665 | m1²=0.995336 | ||w||²/d=0.879561 | eps_adapter=1.133906e-02 | residual_overlap=0.016168
[step   451000] t/d=902.000 | task1=1.619453e-01 | |m1|=0.997696 | m1²=0.995396 | ||w||²/d=0.879755 | eps_adapter=1.120506e-02 | residual_overlap=0.016156
[step   451250] t/d=902.500 | task1=1.619339e-01 | |m1|=0.997697 | m1²=0.995399 | ||w||²/d=0.879717 | eps_adapter=1.120300e-02 | residual_overlap=0.016146
[step   451500] t/d=903.000 | task1=1.619653e-01 | |m1|=0.997684 | m1²=0.995373 | ||w||²/d=0.879640 | eps_adapter=1.126011e-02 | residual_overlap=0.016162
[step   451750] t/d=903.500 | task1=1.619679e-01 | |m1|=0.997698 | m1²=0.995402 | ||w||²/d=0.879677 | eps_adapter=1.120225e-02 | residual_overlap=0.016134
[step   452000] t/d=904.000 | task1=1.619263e-01 | |m1|=0.997700 | m1²=0.995406 | ||w||²/d=0.879667 | eps_adapter=1.119560e-02 | residual_overlap=0.016151
[step   452250] t/d=904.500 | task1=1.618928e-01 | |m1|=0.997684 | m1²=0.995373 | ||w||²/d=0.880429 | eps_adapter=1.118546e-02 | residual_overlap=0.016165
[step   452500] t/d=905.000 | task1=1.619021e-01 | |m1|=0.997696 | m1²=0.995396 | ||w||²/d=0.880236 | eps_adapter=1.115845e-02 | residual_overlap=0.016167
[step   452750] t/d=905.500 | task1=1.618839e-01 | |m1|=0.997690 | m1²=0.995386 | ||w||²/d=0.880978 | eps_adapter=1.110781e-02 | residual_overlap=0.016156
[step   453000] t/d=906.000 | task1=1.618731e-01 | |m1|=0.997704 | m1²=0.995413 | ||w||²/d=0.880915 | eps_adapter=1.106313e-02 | residual_overlap=0.016134
[step   453250] t/d=906.500 | task1=1.618498e-01 | |m1|=0.997710 | m1²=0.995425 | ||w||²/d=0.880952 | eps_adapter=1.103640e-02 | residual_overlap=0.016129
[step   453500] t/d=907.000 | task1=1.618456e-01 | |m1|=0.997699 | m1²=0.995403 | ||w||²/d=0.880102 | eps_adapter=1.115960e-02 | residual_overlap=0.016144
[step   453750] t/d=907.500 | task1=1.618083e-01 | |m1|=0.997701 | m1²=0.995407 | ||w||²/d=0.880753 | eps_adapter=1.108972e-02 | residual_overlap=0.016149
[step   454000] t/d=908.000 | task1=1.617857e-01 | |m1|=0.997679 | m1²=0.995362 | ||w||²/d=0.881144 | eps_adapter=1.113708e-02 | residual_overlap=0.016176
[step   454250] t/d=908.500 | task1=1.617953e-01 | |m1|=0.997676 | m1²=0.995357 | ||w||²/d=0.881125 | eps_adapter=1.114914e-02 | residual_overlap=0.016188
[step   454500] t/d=909.000 | task1=1.617957e-01 | |m1|=0.997660 | m1²=0.995326 | ||w||²/d=0.881068 | eps_adapter=1.121312e-02 | residual_overlap=0.016209
[step   454750] t/d=909.500 | task1=1.618102e-01 | |m1|=0.997638 | m1²=0.995282 | ||w||²/d=0.880823 | eps_adapter=1.132019e-02 | residual_overlap=0.016242
[step   455000] t/d=910.000 | task1=1.617930e-01 | |m1|=0.997641 | m1²=0.995287 | ||w||²/d=0.880815 | eps_adapter=1.131078e-02 | residual_overlap=0.016247
[step   455250] t/d=910.500 | task1=1.617870e-01 | |m1|=0.997644 | m1²=0.995294 | ||w||²/d=0.881258 | eps_adapter=1.125717e-02 | residual_overlap=0.016263
[step   455500] t/d=911.000 | task1=1.617185e-01 | |m1|=0.997657 | m1²=0.995320 | ||w||²/d=0.881704 | eps_adapter=1.116609e-02 | residual_overlap=0.016257
[step   455750] t/d=911.500 | task1=1.617231e-01 | |m1|=0.997654 | m1²=0.995313 | ||w||²/d=0.882277 | eps_adapter=1.112642e-02 | residual_overlap=0.016261
[step   456000] t/d=912.000 | task1=1.616741e-01 | |m1|=0.997686 | m1²=0.995378 | ||w||²/d=0.882361 | eps_adapter=1.099595e-02 | residual_overlap=0.016231
[step   456250] t/d=912.500 | task1=1.616873e-01 | |m1|=0.997672 | m1²=0.995350 | ||w||²/d=0.882275 | eps_adapter=1.105560e-02 | residual_overlap=0.016260
[step   456500] t/d=913.000 | task1=1.616696e-01 | |m1|=0.997651 | m1²=0.995308 | ||w||²/d=0.882872 | eps_adapter=1.108210e-02 | residual_overlap=0.016283
[step   456750] t/d=913.500 | task1=1.616693e-01 | |m1|=0.997663 | m1²=0.995331 | ||w||²/d=0.883417 | eps_adapter=1.099029e-02 | residual_overlap=0.016291
[step   457000] t/d=914.000 | task1=1.616683e-01 | |m1|=0.997668 | m1²=0.995342 | ||w||²/d=0.883047 | eps_adapter=1.100207e-02 | residual_overlap=0.016281
[step   457250] t/d=914.500 | task1=1.616849e-01 | |m1|=0.997660 | m1²=0.995326 | ||w||²/d=0.882632 | eps_adapter=1.107019e-02 | residual_overlap=0.016297
[step   457500] t/d=915.000 | task1=1.616769e-01 | |m1|=0.997641 | m1²=0.995287 | ||w||²/d=0.881914 | eps_adapter=1.120862e-02 | residual_overlap=0.016320
[step   457750] t/d=915.500 | task1=1.616519e-01 | |m1|=0.997639 | m1²=0.995283 | ||w||²/d=0.882088 | eps_adapter=1.120097e-02 | residual_overlap=0.016328
[step   458000] t/d=916.000 | task1=1.616831e-01 | |m1|=0.997659 | m1²=0.995324 | ||w||²/d=0.882185 | eps_adapter=1.111348e-02 | residual_overlap=0.016326
[step   458250] t/d=916.500 | task1=1.616722e-01 | |m1|=0.997632 | m1²=0.995269 | ||w||²/d=0.882128 | eps_adapter=1.122397e-02 | residual_overlap=0.016352
[step   458500] t/d=917.000 | task1=1.616933e-01 | |m1|=0.997626 | m1²=0.995257 | ||w||²/d=0.881836 | eps_adapter=1.127390e-02 | residual_overlap=0.016358
[step   458750] t/d=917.500 | task1=1.617358e-01 | |m1|=0.997608 | m1²=0.995222 | ||w||²/d=0.882542 | eps_adapter=1.127661e-02 | residual_overlap=0.016377
[step   459000] t/d=918.000 | task1=1.617687e-01 | |m1|=0.997605 | m1²=0.995215 | ||w||²/d=0.882432 | eps_adapter=1.129937e-02 | residual_overlap=0.016375
[step   459250] t/d=918.500 | task1=1.617932e-01 | |m1|=0.997631 | m1²=0.995268 | ||w||²/d=0.882034 | eps_adapter=1.123406e-02 | residual_overlap=0.016345
[step   459500] t/d=919.000 | task1=1.618308e-01 | |m1|=0.997603 | m1²=0.995212 | ||w||²/d=0.882320 | eps_adapter=1.131429e-02 | residual_overlap=0.016362
[step   459750] t/d=919.500 | task1=1.618128e-01 | |m1|=0.997616 | m1²=0.995237 | ||w||²/d=0.881423 | eps_adapter=1.135000e-02 | residual_overlap=0.016344
[step   460000] t/d=920.000 | task1=1.618213e-01 | |m1|=0.997616 | m1²=0.995237 | ||w||²/d=0.881729 | eps_adapter=1.132154e-02 | residual_overlap=0.016356
[step   460250] t/d=920.500 | task1=1.618055e-01 | |m1|=0.997620 | m1²=0.995246 | ||w||²/d=0.881556 | eps_adapter=1.131985e-02 | residual_overlap=0.016346
[step   460500] t/d=921.000 | task1=1.618138e-01 | |m1|=0.997611 | m1²=0.995227 | ||w||²/d=0.880945 | eps_adapter=1.141384e-02 | residual_overlap=0.016358
[step   460750] t/d=921.500 | task1=1.618637e-01 | |m1|=0.997586 | m1²=0.995179 | ||w||²/d=0.880647 | eps_adapter=1.153340e-02 | residual_overlap=0.016372
[step   461000] t/d=922.000 | task1=1.618399e-01 | |m1|=0.997601 | m1²=0.995207 | ||w||²/d=0.881471 | eps_adapter=1.140255e-02 | residual_overlap=0.016344
[step   461250] t/d=922.500 | task1=1.618543e-01 | |m1|=0.997592 | m1²=0.995190 | ||w||²/d=0.881623 | eps_adapter=1.142130e-02 | residual_overlap=0.016336
[step   461500] t/d=923.000 | task1=1.618442e-01 | |m1|=0.997584 | m1²=0.995175 | ||w||²/d=0.882145 | eps_adapter=1.140220e-02 | residual_overlap=0.016366
[step   461750] t/d=923.500 | task1=1.618395e-01 | |m1|=0.997590 | m1²=0.995186 | ||w||²/d=0.882394 | eps_adapter=1.135819e-02 | residual_overlap=0.016350
[step   462000] t/d=924.000 | task1=1.618345e-01 | |m1|=0.997602 | m1²=0.995210 | ||w||²/d=0.882566 | eps_adapter=1.129640e-02 | residual_overlap=0.016329
[step   462250] t/d=924.500 | task1=1.618418e-01 | |m1|=0.997604 | m1²=0.995213 | ||w||²/d=0.882867 | eps_adapter=1.126371e-02 | residual_overlap=0.016319
[step   462500] t/d=925.000 | task1=1.618367e-01 | |m1|=0.997588 | m1²=0.995182 | ||w||²/d=0.883115 | eps_adapter=1.130017e-02 | residual_overlap=0.016335
[step   462750] t/d=925.500 | task1=1.618145e-01 | |m1|=0.997586 | m1²=0.995177 | ||w||²/d=0.883086 | eps_adapter=1.131298e-02 | residual_overlap=0.016331
[step   463000] t/d=926.000 | task1=1.618131e-01 | |m1|=0.997570 | m1²=0.995146 | ||w||²/d=0.883313 | eps_adapter=1.135136e-02 | residual_overlap=0.016346
[step   463250] t/d=926.500 | task1=1.618377e-01 | |m1|=0.997576 | m1²=0.995157 | ||w||²/d=0.883448 | eps_adapter=1.131849e-02 | residual_overlap=0.016334
[step   463500] t/d=927.000 | task1=1.618317e-01 | |m1|=0.997588 | m1²=0.995182 | ||w||²/d=0.883280 | eps_adapter=1.128734e-02 | residual_overlap=0.016307
[step   463750] t/d=927.500 | task1=1.618185e-01 | |m1|=0.997587 | m1²=0.995179 | ||w||²/d=0.883263 | eps_adapter=1.129313e-02 | residual_overlap=0.016295
[step   464000] t/d=928.000 | task1=1.618072e-01 | |m1|=0.997600 | m1²=0.995206 | ||w||²/d=0.883237 | eps_adapter=1.124427e-02 | residual_overlap=0.016265
[step   464250] t/d=928.500 | task1=1.617969e-01 | |m1|=0.997601 | m1²=0.995208 | ||w||²/d=0.883543 | eps_adapter=1.121376e-02 | residual_overlap=0.016243
[step   464500] t/d=929.000 | task1=1.617965e-01 | |m1|=0.997605 | m1²=0.995215 | ||w||²/d=0.883522 | eps_adapter=1.120217e-02 | residual_overlap=0.016227
[step   464750] t/d=929.500 | task1=1.618085e-01 | |m1|=0.997615 | m1²=0.995236 | ||w||²/d=0.883095 | eps_adapter=1.120054e-02 | residual_overlap=0.016205
[step   465000] t/d=930.000 | task1=1.617928e-01 | |m1|=0.997632 | m1²=0.995270 | ||w||²/d=0.882584 | eps_adapter=1.118092e-02 | residual_overlap=0.016171
[step   465250] t/d=930.500 | task1=1.617668e-01 | |m1|=0.997634 | m1²=0.995274 | ||w||²/d=0.882595 | eps_adapter=1.117163e-02 | residual_overlap=0.016185
[step   465500] t/d=931.000 | task1=1.617436e-01 | |m1|=0.997647 | m1²=0.995299 | ||w||²/d=0.882867 | eps_adapter=1.110006e-02 | residual_overlap=0.016153
[step   465750] t/d=931.500 | task1=1.617488e-01 | |m1|=0.997656 | m1²=0.995318 | ||w||²/d=0.883004 | eps_adapter=1.105196e-02 | residual_overlap=0.016116
[step   466000] t/d=932.000 | task1=1.617303e-01 | |m1|=0.997652 | m1²=0.995309 | ||w||²/d=0.882780 | eps_adapter=1.108780e-02 | residual_overlap=0.016120
[step   466250] t/d=932.500 | task1=1.617425e-01 | |m1|=0.997655 | m1²=0.995315 | ||w||²/d=0.882937 | eps_adapter=1.106290e-02 | residual_overlap=0.016114
[step   466500] t/d=933.000 | task1=1.617225e-01 | |m1|=0.997659 | m1²=0.995323 | ||w||²/d=0.882543 | eps_adapter=1.108433e-02 | residual_overlap=0.016125
[step   466750] t/d=933.500 | task1=1.617869e-01 | |m1|=0.997659 | m1²=0.995324 | ||w||²/d=0.882208 | eps_adapter=1.111238e-02 | residual_overlap=0.016117
[step   467000] t/d=934.000 | task1=1.617741e-01 | |m1|=0.997663 | m1²=0.995331 | ||w||²/d=0.882927 | eps_adapter=1.103306e-02 | residual_overlap=0.016109
[step   467250] t/d=934.500 | task1=1.618057e-01 | |m1|=0.997652 | m1²=0.995310 | ||w||²/d=0.882837 | eps_adapter=1.108236e-02 | residual_overlap=0.016118
[step   467500] t/d=935.000 | task1=1.618428e-01 | |m1|=0.997628 | m1²=0.995261 | ||w||²/d=0.882469 | eps_adapter=1.120843e-02 | residual_overlap=0.016144
[step   467750] t/d=935.500 | task1=1.618337e-01 | |m1|=0.997597 | m1²=0.995200 | ||w||²/d=0.882327 | eps_adapter=1.133693e-02 | residual_overlap=0.016166
[step   468000] t/d=936.000 | task1=1.618863e-01 | |m1|=0.997624 | m1²=0.995253 | ||w||²/d=0.881727 | eps_adapter=1.129083e-02 | residual_overlap=0.016163
[step   468250] t/d=936.500 | task1=1.619071e-01 | |m1|=0.997649 | m1²=0.995304 | ||w||²/d=0.881518 | eps_adapter=1.121310e-02 | residual_overlap=0.016127
[step   468500] t/d=937.000 | task1=1.618595e-01 | |m1|=0.997632 | m1²=0.995269 | ||w||²/d=0.881097 | eps_adapter=1.131992e-02 | residual_overlap=0.016133
[step   468750] t/d=937.500 | task1=1.618729e-01 | |m1|=0.997643 | m1²=0.995291 | ||w||²/d=0.880752 | eps_adapter=1.130939e-02 | residual_overlap=0.016128
[step   469000] t/d=938.000 | task1=1.618884e-01 | |m1|=0.997641 | m1²=0.995288 | ||w||²/d=0.880515 | eps_adapter=1.133887e-02 | residual_overlap=0.016115
[step   469250] t/d=938.500 | task1=1.618739e-01 | |m1|=0.997633 | m1²=0.995271 | ||w||²/d=0.880830 | eps_adapter=1.134014e-02 | residual_overlap=0.016123
[step   469500] t/d=939.000 | task1=1.618927e-01 | |m1|=0.997645 | m1²=0.995295 | ||w||²/d=0.881343 | eps_adapter=1.124655e-02 | residual_overlap=0.016109
[step   469750] t/d=939.500 | task1=1.619078e-01 | |m1|=0.997628 | m1²=0.995262 | ||w||²/d=0.880878 | eps_adapter=1.135299e-02 | residual_overlap=0.016143
[step   470000] t/d=940.000 | task1=1.618725e-01 | |m1|=0.997641 | m1²=0.995288 | ||w||²/d=0.880780 | eps_adapter=1.131276e-02 | residual_overlap=0.016150
[step   470250] t/d=940.500 | task1=1.618684e-01 | |m1|=0.997625 | m1²=0.995256 | ||w||²/d=0.881152 | eps_adapter=1.133929e-02 | residual_overlap=0.016161
[step   470500] t/d=941.000 | task1=1.618659e-01 | |m1|=0.997648 | m1²=0.995301 | ||w||²/d=0.881046 | eps_adapter=1.126353e-02 | residual_overlap=0.016153
[step   470750] t/d=941.500 | task1=1.618654e-01 | |m1|=0.997656 | m1²=0.995318 | ||w||²/d=0.881260 | eps_adapter=1.121078e-02 | residual_overlap=0.016155
[step   471000] t/d=942.000 | task1=1.618697e-01 | |m1|=0.997656 | m1²=0.995317 | ||w||²/d=0.881856 | eps_adapter=1.115819e-02 | residual_overlap=0.016127
[step   471250] t/d=942.500 | task1=1.618665e-01 | |m1|=0.997655 | m1²=0.995316 | ||w||²/d=0.882649 | eps_adapter=1.108735e-02 | residual_overlap=0.016136
[step   471500] t/d=943.000 | task1=1.618571e-01 | |m1|=0.997659 | m1²=0.995323 | ||w||²/d=0.882335 | eps_adapter=1.110140e-02 | residual_overlap=0.016134
[step   471750] t/d=943.500 | task1=1.618873e-01 | |m1|=0.997655 | m1²=0.995315 | ||w||²/d=0.882023 | eps_adapter=1.114668e-02 | residual_overlap=0.016128
[step   472000] t/d=944.000 | task1=1.618886e-01 | |m1|=0.997682 | m1²=0.995370 | ||w||²/d=0.881658 | eps_adapter=1.107542e-02 | residual_overlap=0.016094
[step   472250] t/d=944.500 | task1=1.618912e-01 | |m1|=0.997669 | m1²=0.995343 | ||w||²/d=0.882042 | eps_adapter=1.109144e-02 | residual_overlap=0.016078
[step   472500] t/d=945.000 | task1=1.618758e-01 | |m1|=0.997657 | m1²=0.995320 | ||w||²/d=0.881505 | eps_adapter=1.118378e-02 | residual_overlap=0.016079
[step   472750] t/d=945.500 | task1=1.618478e-01 | |m1|=0.997666 | m1²=0.995338 | ||w||²/d=0.881055 | eps_adapter=1.119225e-02 | residual_overlap=0.016058
[step   473000] t/d=946.000 | task1=1.619013e-01 | |m1|=0.997688 | m1²=0.995382 | ||w||²/d=0.880821 | eps_adapter=1.113062e-02 | residual_overlap=0.016021
[step   473250] t/d=946.500 | task1=1.618700e-01 | |m1|=0.997669 | m1²=0.995343 | ||w||²/d=0.880864 | eps_adapter=1.120086e-02 | residual_overlap=0.016060
[step   473500] t/d=947.000 | task1=1.618674e-01 | |m1|=0.997662 | m1²=0.995329 | ||w||²/d=0.881009 | eps_adapter=1.121375e-02 | residual_overlap=0.016065
[step   473750] t/d=947.500 | task1=1.618678e-01 | |m1|=0.997680 | m1²=0.995365 | ||w||²/d=0.880552 | eps_adapter=1.118864e-02 | residual_overlap=0.016065
[step   474000] t/d=948.000 | task1=1.618412e-01 | |m1|=0.997690 | m1²=0.995386 | ||w||²/d=0.880530 | eps_adapter=1.115082e-02 | residual_overlap=0.016040
[step   474250] t/d=948.500 | task1=1.618231e-01 | |m1|=0.997709 | m1²=0.995423 | ||w||²/d=0.880984 | eps_adapter=1.103673e-02 | residual_overlap=0.016024
[step   474500] t/d=949.000 | task1=1.618114e-01 | |m1|=0.997688 | m1²=0.995380 | ||w||²/d=0.881071 | eps_adapter=1.110972e-02 | residual_overlap=0.016056
[step   474750] t/d=949.500 | task1=1.618489e-01 | |m1|=0.997679 | m1²=0.995363 | ||w||²/d=0.880637 | eps_adapter=1.118386e-02 | residual_overlap=0.016070
[step   475000] t/d=950.000 | task1=1.618487e-01 | |m1|=0.997655 | m1²=0.995316 | ||w||²/d=0.880679 | eps_adapter=1.126906e-02 | residual_overlap=0.016099
[step   475250] t/d=950.500 | task1=1.618459e-01 | |m1|=0.997657 | m1²=0.995319 | ||w||²/d=0.880363 | eps_adapter=1.129318e-02 | residual_overlap=0.016098
[step   475500] t/d=951.000 | task1=1.618545e-01 | |m1|=0.997621 | m1²=0.995247 | ||w||²/d=0.880501 | eps_adapter=1.141691e-02 | residual_overlap=0.016131
[step   475750] t/d=951.500 | task1=1.618720e-01 | |m1|=0.997631 | m1²=0.995267 | ||w||²/d=0.880536 | eps_adapter=1.137621e-02 | residual_overlap=0.016128
[step   476000] t/d=952.000 | task1=1.618751e-01 | |m1|=0.997661 | m1²=0.995327 | ||w||²/d=0.881141 | eps_adapter=1.120463e-02 | residual_overlap=0.016096
[step   476250] t/d=952.500 | task1=1.618423e-01 | |m1|=0.997634 | m1²=0.995274 | ||w||²/d=0.880809 | eps_adapter=1.133698e-02 | residual_overlap=0.016145
[step   476500] t/d=953.000 | task1=1.618583e-01 | |m1|=0.997641 | m1²=0.995288 | ||w||²/d=0.880846 | eps_adapter=1.130768e-02 | residual_overlap=0.016150
[step   476750] t/d=953.500 | task1=1.618788e-01 | |m1|=0.997631 | m1²=0.995268 | ||w||²/d=0.881498 | eps_adapter=1.128470e-02 | residual_overlap=0.016158
[step   477000] t/d=954.000 | task1=1.618860e-01 | |m1|=0.997603 | m1²=0.995212 | ||w||²/d=0.882102 | eps_adapter=1.133417e-02 | residual_overlap=0.016219
[step   477250] t/d=954.500 | task1=1.618445e-01 | |m1|=0.997614 | m1²=0.995234 | ||w||²/d=0.881872 | eps_adapter=1.131400e-02 | residual_overlap=0.016194
[step   477500] t/d=955.000 | task1=1.618715e-01 | |m1|=0.997631 | m1²=0.995268 | ||w||²/d=0.881681 | eps_adapter=1.126665e-02 | residual_overlap=0.016179
[step   477750] t/d=955.500 | task1=1.618625e-01 | |m1|=0.997616 | m1²=0.995237 | ||w||²/d=0.881535 | eps_adapter=1.134005e-02 | residual_overlap=0.016199
[step   478000] t/d=956.000 | task1=1.618303e-01 | |m1|=0.997589 | m1²=0.995184 | ||w||²/d=0.881916 | eps_adapter=1.140627e-02 | residual_overlap=0.016220
[step   478250] t/d=956.500 | task1=1.618587e-01 | |m1|=0.997593 | m1²=0.995192 | ||w||²/d=0.881699 | eps_adapter=1.140985e-02 | residual_overlap=0.016212
[step   478500] t/d=957.000 | task1=1.618497e-01 | |m1|=0.997580 | m1²=0.995166 | ||w||²/d=0.881957 | eps_adapter=1.143538e-02 | residual_overlap=0.016217
[step   478750] t/d=957.500 | task1=1.618628e-01 | |m1|=0.997592 | m1²=0.995189 | ||w||²/d=0.881354 | eps_adapter=1.144759e-02 | residual_overlap=0.016198
[step   479000] t/d=958.000 | task1=1.618253e-01 | |m1|=0.997580 | m1²=0.995166 | ||w||²/d=0.882072 | eps_adapter=1.142623e-02 | residual_overlap=0.016206
[step   479250] t/d=958.500 | task1=1.618115e-01 | |m1|=0.997589 | m1²=0.995184 | ||w||²/d=0.881406 | eps_adapter=1.145230e-02 | residual_overlap=0.016197
[step   479500] t/d=959.000 | task1=1.618137e-01 | |m1|=0.997592 | m1²=0.995190 | ||w||²/d=0.881071 | eps_adapter=1.147229e-02 | residual_overlap=0.016208
[step   479750] t/d=959.500 | task1=1.617882e-01 | |m1|=0.997587 | m1²=0.995181 | ||w||²/d=0.881182 | eps_adapter=1.147951e-02 | residual_overlap=0.016223
[step   480000] t/d=960.000 | task1=1.617885e-01 | |m1|=0.997565 | m1²=0.995137 | ||w||²/d=0.880553 | eps_adapter=1.162257e-02 | residual_overlap=0.016245
[step   480250] t/d=960.500 | task1=1.617904e-01 | |m1|=0.997540 | m1²=0.995085 | ||w||²/d=0.880301 | eps_adapter=1.174388e-02 | residual_overlap=0.016282
[step   480500] t/d=961.000 | task1=1.617777e-01 | |m1|=0.997542 | m1²=0.995090 | ||w||²/d=0.880112 | eps_adapter=1.175344e-02 | residual_overlap=0.016310
[step   480750] t/d=961.500 | task1=1.617884e-01 | |m1|=0.997531 | m1²=0.995068 | ||w||²/d=0.879785 | eps_adapter=1.182707e-02 | residual_overlap=0.016335
[step   481000] t/d=962.000 | task1=1.617702e-01 | |m1|=0.997523 | m1²=0.995052 | ||w||²/d=0.880290 | eps_adapter=1.180770e-02 | residual_overlap=0.016361
[step   481250] t/d=962.500 | task1=1.617552e-01 | |m1|=0.997527 | m1²=0.995061 | ||w||²/d=0.879707 | eps_adapter=1.184772e-02 | residual_overlap=0.016364
[step   481500] t/d=963.000 | task1=1.617606e-01 | |m1|=0.997527 | m1²=0.995060 | ||w||²/d=0.880573 | eps_adapter=1.176719e-02 | residual_overlap=0.016358
[step   481750] t/d=963.500 | task1=1.617372e-01 | |m1|=0.997547 | m1²=0.995099 | ||w||²/d=0.880643 | eps_adapter=1.168543e-02 | residual_overlap=0.016334
[step   482000] t/d=964.000 | task1=1.617590e-01 | |m1|=0.997550 | m1²=0.995106 | ||w||²/d=0.880675 | eps_adapter=1.166896e-02 | residual_overlap=0.016325
[step   482250] t/d=964.500 | task1=1.617260e-01 | |m1|=0.997559 | m1²=0.995123 | ||w||²/d=0.879720 | eps_adapter=1.172752e-02 | residual_overlap=0.016325
[step   482500] t/d=965.000 | task1=1.617042e-01 | |m1|=0.997561 | m1²=0.995127 | ||w||²/d=0.880004 | eps_adapter=1.169253e-02 | residual_overlap=0.016323
[step   482750] t/d=965.500 | task1=1.616921e-01 | |m1|=0.997579 | m1²=0.995163 | ||w||²/d=0.880066 | eps_adapter=1.161887e-02 | residual_overlap=0.016288
[step   483000] t/d=966.000 | task1=1.617191e-01 | |m1|=0.997562 | m1²=0.995131 | ||w||²/d=0.880385 | eps_adapter=1.164954e-02 | residual_overlap=0.016292
[step   483250] t/d=966.500 | task1=1.616984e-01 | |m1|=0.997546 | m1²=0.995098 | ||w||²/d=0.880165 | eps_adapter=1.173250e-02 | residual_overlap=0.016325
[step   483500] t/d=967.000 | task1=1.617248e-01 | |m1|=0.997558 | m1²=0.995121 | ||w||²/d=0.879595 | eps_adapter=1.174340e-02 | residual_overlap=0.016306
[step   483750] t/d=967.500 | task1=1.617269e-01 | |m1|=0.997541 | m1²=0.995088 | ||w||²/d=0.879243 | eps_adapter=1.184185e-02 | residual_overlap=0.016340
[step   484000] t/d=968.000 | task1=1.617454e-01 | |m1|=0.997517 | m1²=0.995040 | ||w||²/d=0.879322 | eps_adapter=1.192437e-02 | residual_overlap=0.016365
[step   484250] t/d=968.500 | task1=1.617303e-01 | |m1|=0.997519 | m1²=0.995044 | ||w||²/d=0.879391 | eps_adapter=1.191089e-02 | residual_overlap=0.016343
[step   484500] t/d=969.000 | task1=1.617620e-01 | |m1|=0.997510 | m1²=0.995026 | ||w||²/d=0.879568 | eps_adapter=1.192655e-02 | residual_overlap=0.016358
[step   484750] t/d=969.500 | task1=1.617573e-01 | |m1|=0.997497 | m1²=0.995000 | ||w||²/d=0.880599 | eps_adapter=1.187907e-02 | residual_overlap=0.016382
[step   485000] t/d=970.000 | task1=1.617748e-01 | |m1|=0.997499 | m1²=0.995005 | ||w||²/d=0.880825 | eps_adapter=1.184714e-02 | residual_overlap=0.016378
[step   485250] t/d=970.500 | task1=1.617460e-01 | |m1|=0.997531 | m1²=0.995068 | ||w||²/d=0.880051 | eps_adapter=1.180027e-02 | residual_overlap=0.016356
[step   485500] t/d=971.000 | task1=1.617681e-01 | |m1|=0.997536 | m1²=0.995079 | ||w||²/d=0.880214 | eps_adapter=1.176533e-02 | residual_overlap=0.016373
[step   485750] t/d=971.500 | task1=1.617852e-01 | |m1|=0.997503 | m1²=0.995013 | ||w||²/d=0.879807 | eps_adapter=1.192857e-02 | residual_overlap=0.016408
[step   486000] t/d=972.000 | task1=1.617782e-01 | |m1|=0.997511 | m1²=0.995029 | ||w||²/d=0.880592 | eps_adapter=1.182433e-02 | residual_overlap=0.016402
[step   486250] t/d=972.500 | task1=1.617584e-01 | |m1|=0.997519 | m1²=0.995044 | ||w||²/d=0.880111 | eps_adapter=1.184118e-02 | residual_overlap=0.016387
[step   486500] t/d=973.000 | task1=1.617611e-01 | |m1|=0.997503 | m1²=0.995012 | ||w||²/d=0.880339 | eps_adapter=1.188053e-02 | residual_overlap=0.016396
[step   486750] t/d=973.500 | task1=1.617585e-01 | |m1|=0.997476 | m1²=0.994959 | ||w||²/d=0.880306 | eps_adapter=1.198414e-02 | residual_overlap=0.016440
[step   487000] t/d=974.000 | task1=1.617539e-01 | |m1|=0.997499 | m1²=0.995004 | ||w||²/d=0.880348 | eps_adapter=1.189438e-02 | residual_overlap=0.016413
[step   487250] t/d=974.500 | task1=1.617470e-01 | |m1|=0.997496 | m1²=0.994999 | ||w||²/d=0.880265 | eps_adapter=1.191133e-02 | residual_overlap=0.016406
[step   487500] t/d=975.000 | task1=1.617630e-01 | |m1|=0.997477 | m1²=0.994960 | ||w||²/d=0.880161 | eps_adapter=1.199497e-02 | residual_overlap=0.016411
[step   487750] t/d=975.500 | task1=1.617094e-01 | |m1|=0.997500 | m1²=0.995007 | ||w||²/d=0.880201 | eps_adapter=1.190215e-02 | residual_overlap=0.016389
[step   488000] t/d=976.000 | task1=1.617003e-01 | |m1|=0.997459 | m1²=0.994924 | ||w||²/d=0.880068 | eps_adapter=1.207272e-02 | residual_overlap=0.016450
[step   488250] t/d=976.500 | task1=1.617046e-01 | |m1|=0.997472 | m1²=0.994950 | ||w||²/d=0.879985 | eps_adapter=1.203216e-02 | residual_overlap=0.016432
[step   488500] t/d=977.000 | task1=1.617043e-01 | |m1|=0.997464 | m1²=0.994934 | ||w||²/d=0.880348 | eps_adapter=1.202819e-02 | residual_overlap=0.016434
[step   488750] t/d=977.500 | task1=1.616726e-01 | |m1|=0.997471 | m1²=0.994948 | ||w||²/d=0.880885 | eps_adapter=1.195054e-02 | residual_overlap=0.016435
[step   489000] t/d=978.000 | task1=1.616903e-01 | |m1|=0.997505 | m1²=0.995016 | ||w||²/d=0.880438 | eps_adapter=1.186326e-02 | residual_overlap=0.016388
[step   489250] t/d=978.500 | task1=1.616660e-01 | |m1|=0.997507 | m1²=0.995019 | ||w||²/d=0.880576 | eps_adapter=1.184361e-02 | residual_overlap=0.016406
[step   489500] t/d=979.000 | task1=1.616555e-01 | |m1|=0.997469 | m1²=0.994944 | ||w||²/d=0.879956 | eps_adapter=1.204627e-02 | residual_overlap=0.016452
[step   489750] t/d=979.500 | task1=1.616409e-01 | |m1|=0.997473 | m1²=0.994953 | ||w||²/d=0.880576 | eps_adapter=1.196999e-02 | residual_overlap=0.016438
[step   490000] t/d=980.000 | task1=1.616278e-01 | |m1|=0.997488 | m1²=0.994982 | ||w||²/d=0.880990 | eps_adapter=1.187590e-02 | residual_overlap=0.016407
[step   490250] t/d=980.500 | task1=1.616002e-01 | |m1|=0.997502 | m1²=0.995011 | ||w||²/d=0.881019 | eps_adapter=1.181867e-02 | residual_overlap=0.016394
[step   490500] t/d=981.000 | task1=1.616034e-01 | |m1|=0.997504 | m1²=0.995015 | ||w||²/d=0.881239 | eps_adapter=1.179024e-02 | residual_overlap=0.016396
[step   490750] t/d=981.500 | task1=1.616047e-01 | |m1|=0.997503 | m1²=0.995012 | ||w||²/d=0.881635 | eps_adapter=1.175954e-02 | residual_overlap=0.016394
[step   491000] t/d=982.000 | task1=1.616121e-01 | |m1|=0.997480 | m1²=0.994966 | ||w||²/d=0.881410 | eps_adapter=1.186661e-02 | residual_overlap=0.016431
[step   491250] t/d=982.500 | task1=1.616044e-01 | |m1|=0.997498 | m1²=0.995002 | ||w||²/d=0.882131 | eps_adapter=1.173181e-02 | residual_overlap=0.016416
[step   491500] t/d=983.000 | task1=1.615608e-01 | |m1|=0.997521 | m1²=0.995047 | ||w||²/d=0.882190 | eps_adapter=1.164079e-02 | residual_overlap=0.016373
[step   491750] t/d=983.500 | task1=1.615682e-01 | |m1|=0.997511 | m1²=0.995028 | ||w||²/d=0.882518 | eps_adapter=1.164752e-02 | residual_overlap=0.016383
[step   492000] t/d=984.000 | task1=1.615739e-01 | |m1|=0.997493 | m1²=0.994993 | ||w||²/d=0.883316 | eps_adapter=1.164468e-02 | residual_overlap=0.016429
[step   492250] t/d=984.500 | task1=1.615790e-01 | |m1|=0.997511 | m1²=0.995029 | ||w||²/d=0.882983 | eps_adapter=1.160504e-02 | residual_overlap=0.016395
[step   492500] t/d=985.000 | task1=1.616028e-01 | |m1|=0.997495 | m1²=0.994996 | ||w||²/d=0.882769 | eps_adapter=1.168619e-02 | residual_overlap=0.016406
[step   492750] t/d=985.500 | task1=1.616375e-01 | |m1|=0.997487 | m1²=0.994980 | ||w||²/d=0.882364 | eps_adapter=1.175369e-02 | residual_overlap=0.016427
[step   493000] t/d=986.000 | task1=1.616489e-01 | |m1|=0.997463 | m1²=0.994932 | ||w||²/d=0.882222 | eps_adapter=1.185845e-02 | residual_overlap=0.016460
[step   493250] t/d=986.500 | task1=1.616297e-01 | |m1|=0.997462 | m1²=0.994931 | ||w||²/d=0.882061 | eps_adapter=1.187460e-02 | residual_overlap=0.016450
[step   493500] t/d=987.000 | task1=1.616323e-01 | |m1|=0.997478 | m1²=0.994963 | ||w||²/d=0.882623 | eps_adapter=1.176305e-02 | residual_overlap=0.016439
[step   493750] t/d=987.500 | task1=1.616182e-01 | |m1|=0.997487 | m1²=0.994981 | ||w||²/d=0.881836 | eps_adapter=1.179909e-02 | residual_overlap=0.016413
[step   494000] t/d=988.000 | task1=1.615765e-01 | |m1|=0.997479 | m1²=0.994964 | ||w||²/d=0.881676 | eps_adapter=1.184648e-02 | residual_overlap=0.016417
[step   494250] t/d=988.500 | task1=1.615885e-01 | |m1|=0.997507 | m1²=0.995021 | ||w||²/d=0.882105 | eps_adapter=1.169891e-02 | residual_overlap=0.016381
[step   494500] t/d=989.000 | task1=1.616050e-01 | |m1|=0.997499 | m1²=0.995004 | ||w||²/d=0.882041 | eps_adapter=1.173746e-02 | residual_overlap=0.016402
[step   494750] t/d=989.500 | task1=1.615966e-01 | |m1|=0.997514 | m1²=0.995035 | ||w||²/d=0.882131 | eps_adapter=1.166986e-02 | residual_overlap=0.016386
[step   495000] t/d=990.000 | task1=1.615803e-01 | |m1|=0.997503 | m1²=0.995012 | ||w||²/d=0.882578 | eps_adapter=1.167349e-02 | residual_overlap=0.016401
[step   495250] t/d=990.500 | task1=1.615852e-01 | |m1|=0.997497 | m1²=0.995001 | ||w||²/d=0.883089 | eps_adapter=1.164966e-02 | residual_overlap=0.016399
[step   495500] t/d=991.000 | task1=1.615960e-01 | |m1|=0.997486 | m1²=0.994979 | ||w||²/d=0.883490 | eps_adapter=1.165520e-02 | residual_overlap=0.016424
[step   495750] t/d=991.500 | task1=1.615853e-01 | |m1|=0.997484 | m1²=0.994974 | ||w||²/d=0.883585 | eps_adapter=1.165764e-02 | residual_overlap=0.016406
[step   496000] t/d=992.000 | task1=1.616064e-01 | |m1|=0.997468 | m1²=0.994942 | ||w||²/d=0.883383 | eps_adapter=1.173548e-02 | residual_overlap=0.016417
[step   496250] t/d=992.500 | task1=1.616313e-01 | |m1|=0.997456 | m1²=0.994919 | ||w||²/d=0.882714 | eps_adapter=1.183849e-02 | residual_overlap=0.016438
[step   496500] t/d=993.000 | task1=1.616409e-01 | |m1|=0.997456 | m1²=0.994918 | ||w||²/d=0.882299 | eps_adapter=1.187737e-02 | residual_overlap=0.016447
[step   496750] t/d=993.500 | task1=1.616190e-01 | |m1|=0.997463 | m1²=0.994931 | ||w||²/d=0.882252 | eps_adapter=1.185623e-02 | residual_overlap=0.016419
[step   497000] t/d=994.000 | task1=1.615904e-01 | |m1|=0.997464 | m1²=0.994933 | ||w||²/d=0.882134 | eps_adapter=1.186298e-02 | residual_overlap=0.016416
[step   497250] t/d=994.500 | task1=1.615847e-01 | |m1|=0.997472 | m1²=0.994950 | ||w||²/d=0.882307 | eps_adapter=1.181635e-02 | residual_overlap=0.016417
[step   497500] t/d=995.000 | task1=1.615773e-01 | |m1|=0.997495 | m1²=0.994997 | ||w||²/d=0.882091 | eps_adapter=1.174652e-02 | residual_overlap=0.016392
[step   497750] t/d=995.500 | task1=1.615647e-01 | |m1|=0.997481 | m1²=0.994968 | ||w||²/d=0.882569 | eps_adapter=1.175786e-02 | residual_overlap=0.016392
[step   498000] t/d=996.000 | task1=1.615862e-01 | |m1|=0.997470 | m1²=0.994946 | ||w||²/d=0.882944 | eps_adapter=1.176591e-02 | residual_overlap=0.016419
[step   498250] t/d=996.500 | task1=1.615756e-01 | |m1|=0.997472 | m1²=0.994951 | ||w||²/d=0.882273 | eps_adapter=1.181682e-02 | residual_overlap=0.016409
[step   498500] t/d=997.000 | task1=1.615665e-01 | |m1|=0.997455 | m1²=0.994916 | ||w||²/d=0.882080 | eps_adapter=1.190055e-02 | residual_overlap=0.016408
[step   498750] t/d=997.500 | task1=1.615692e-01 | |m1|=0.997468 | m1²=0.994942 | ||w||²/d=0.882025 | eps_adapter=1.185730e-02 | residual_overlap=0.016380
[step   499000] t/d=998.000 | task1=1.615684e-01 | |m1|=0.997459 | m1²=0.994924 | ||w||²/d=0.882327 | eps_adapter=1.186334e-02 | residual_overlap=0.016382
[step   499250] t/d=998.500 | task1=1.616124e-01 | |m1|=0.997464 | m1²=0.994934 | ||w||²/d=0.881944 | eps_adapter=1.187945e-02 | residual_overlap=0.016399
[step   499500] t/d=999.000 | task1=1.615929e-01 | |m1|=0.997464 | m1²=0.994933 | ||w||²/d=0.881969 | eps_adapter=1.187802e-02 | residual_overlap=0.016403
[step   499750] t/d=999.500 | task1=1.616180e-01 | |m1|=0.997474 | m1²=0.994954 | ||w||²/d=0.882073 | eps_adapter=1.183021e-02 | residual_overlap=0.016397
[step   500000] t/d=1000.000 | task1=1.615920e-01 | |m1|=0.997505 | m1²=0.995016 | ||w||²/d=0.883255 | eps_adapter=1.160599e-02 | residual_overlap=0.016342
Saved checkpoint: results/quality_pretraining/finetunetask1_d500_T5/prestep_1250000_lr0p01_init1_wseed21_sgdseed22/checkpoints/step_000500000

Task-1 fine-tuning completed.
Metrics: results/quality_pretraining/finetunetask1_d500_T5/prestep_1250000_lr0p01_init1_wseed21_sgdseed22/metrics.csv

======================================================
Task-1 fine-tuning finished
======================================================
