
======================================================
Task-1 fine-tuning
======================================================
Pretraining run:   results/quality_pretraining/scaling_d100_T5
Pretraining step:  0
Target FT steps:   100000
Learning rate:     0.01
w init scale:      1.0
======================================================

Mon Oct  5 11:18:36 2026       
+---------------------------------------------------------------------------------------+
| NVIDIA-SMI 535.154.05             Driver Version: 535.154.05   CUDA Version: 12.2     |
|-----------------------------------------+----------------------+----------------------+
| GPU  Name                 Persistence-M | Bus-Id        Disp.A | Volatile Uncorr. ECC |
| Fan  Temp   Perf          Pwr:Usage/Cap |         Memory-Usage | GPU-Util  Compute M. |
|                                         |                      |               MIG M. |
|=========================================+======================+======================|
|   0  Tesla V100-PCIE-32GB           On  | 00000000:86:00.0 Off |                  Off |
| N/A   29C    P0              24W / 250W |      0MiB / 32768MiB |      0%      Default |
|                                         |                      |                  N/A |
+-----------------------------------------+----------------------+----------------------+
                                                                                         
+---------------------------------------------------------------------------------------+
| Processes:                                                                            |
|  GPU   GI   CI        PID   Type   Process name                            GPU Memory |
|        ID   ID                                                             Usage      |
|=======================================================================================|
|  No running processes found                                                           |
+---------------------------------------------------------------------------------------+

==============================================
Task-1 fine-tuning
==============================================
source pretrain : /home/busato/catastrophic_forgetting/quality_pretraining/results/quality_pretraining/scaling_d100_T5
pretrain step   : 0
pretrain t/d²   : 0.000000
d               : 100
T               : 5
device          : cuda
lr              : 0.01
w init scale    : 1.0
target steps    : 100,000
target t/d      : 1000.000
eval every late : 50
checkpoints     : [50, 100, 200, 500, 1000, 2000, 5000, 100000]
run directory   : results/quality_pretraining/finetunetask1_d100_T5/prestep_0_lr0p01_init1_wseed21_sgdseed22

[step 0] task1=3.938325e-01 | |m1|=0.094541 | m1²=0.008938 | ||w||²/d=1.022081 | eps_adapter=1.819527e+00
[step        5] t/d=  0.050 | task1=3.937929e-01 | |m1|=0.094231 | m1²=0.008880 | ||w||²/d=1.021570 | eps_adapter=1.818807e+00 | residual_overlap=0.010500
[step       10] t/d=  0.100 | task1=3.937018e-01 | |m1|=0.094291 | m1²=0.008891 | ||w||²/d=1.020488 | eps_adapter=1.817036e+00 | residual_overlap=0.010627
[step       15] t/d=  0.150 | task1=3.936215e-01 | |m1|=0.094508 | m1²=0.008932 | ||w||²/d=1.019522 | eps_adapter=1.815400e+00 | residual_overlap=0.010631
[step       20] t/d=  0.200 | task1=3.935854e-01 | |m1|=0.094452 | m1²=0.008921 | ||w||²/d=1.018861 | eps_adapter=1.814351e+00 | residual_overlap=0.010610
[step       25] t/d=  0.250 | task1=3.934602e-01 | |m1|=0.094671 | m1²=0.008963 | ||w||²/d=1.017158 | eps_adapter=1.811529e+00 | residual_overlap=0.010546
[step       30] t/d=  0.300 | task1=3.933984e-01 | |m1|=0.095083 | m1²=0.009041 | ||w||²/d=1.016450 | eps_adapter=1.810245e+00 | residual_overlap=0.010609
[step       35] t/d=  0.350 | task1=3.932886e-01 | |m1|=0.095132 | m1²=0.009050 | ||w||²/d=1.014906 | eps_adapter=1.807744e+00 | residual_overlap=0.010617
[step       40] t/d=  0.400 | task1=3.933257e-01 | |m1|=0.095024 | m1²=0.009030 | ||w||²/d=1.015248 | eps_adapter=1.808332e+00 | residual_overlap=0.010616
[step       45] t/d=  0.450 | task1=3.933138e-01 | |m1|=0.095024 | m1²=0.009030 | ||w||²/d=1.015146 | eps_adapter=1.808167e+00 | residual_overlap=0.010637
[step       50] t/d=  0.500 | task1=3.932324e-01 | |m1|=0.094711 | m1²=0.008970 | ||w||²/d=1.014338 | eps_adapter=1.806977e+00 | residual_overlap=0.010643
Saved checkpoint: results/quality_pretraining/finetunetask1_d100_T5/prestep_0_lr0p01_init1_wseed21_sgdseed22/checkpoints/step_000000050
[step       55] t/d=  0.550 | task1=3.932139e-01 | |m1|=0.094840 | m1²=0.008995 | ||w||²/d=1.013903 | eps_adapter=1.806233e+00 | residual_overlap=0.010614
[step       60] t/d=  0.600 | task1=3.931499e-01 | |m1|=0.095202 | m1²=0.009063 | ||w||²/d=1.013298 | eps_adapter=1.805137e+00 | residual_overlap=0.010685
[step       65] t/d=  0.650 | task1=3.931384e-01 | |m1|=0.095012 | m1²=0.009027 | ||w||²/d=1.013143 | eps_adapter=1.804953e+00 | residual_overlap=0.010664
[step       70] t/d=  0.700 | task1=3.931004e-01 | |m1|=0.094971 | m1²=0.009019 | ||w||²/d=1.012623 | eps_adapter=1.804133e+00 | residual_overlap=0.010675
[step       75] t/d=  0.750 | task1=3.930356e-01 | |m1|=0.095018 | m1²=0.009028 | ||w||²/d=1.011736 | eps_adapter=1.802695e+00 | residual_overlap=0.010672
[step       80] t/d=  0.800 | task1=3.929863e-01 | |m1|=0.094751 | m1²=0.008978 | ||w||²/d=1.011050 | eps_adapter=1.801686e+00 | residual_overlap=0.010714
[step       85] t/d=  0.850 | task1=3.929011e-01 | |m1|=0.094724 | m1²=0.008973 | ||w||²/d=1.010231 | eps_adapter=1.800385e+00 | residual_overlap=0.010722
[step       90] t/d=  0.900 | task1=3.927454e-01 | |m1|=0.094955 | m1²=0.009017 | ||w||²/d=1.008404 | eps_adapter=1.797384e+00 | residual_overlap=0.010813
[step       95] t/d=  0.950 | task1=3.927544e-01 | |m1|=0.095050 | m1²=0.009035 | ||w||²/d=1.008276 | eps_adapter=1.797146e+00 | residual_overlap=0.010807
[step      100] t/d=  1.000 | task1=3.927071e-01 | |m1|=0.095045 | m1²=0.009034 | ||w||²/d=1.007455 | eps_adapter=1.795838e+00 | residual_overlap=0.010782
Saved checkpoint: results/quality_pretraining/finetunetask1_d100_T5/prestep_0_lr0p01_init1_wseed21_sgdseed22/checkpoints/step_000000100
[step      105] t/d=  1.050 | task1=3.926193e-01 | |m1|=0.095160 | m1²=0.009055 | ||w||²/d=1.006312 | eps_adapter=1.793975e+00 | residual_overlap=0.010820
[step      110] t/d=  1.100 | task1=3.925506e-01 | |m1|=0.095265 | m1²=0.009076 | ||w||²/d=1.005528 | eps_adapter=1.792689e+00 | residual_overlap=0.010873
[step      115] t/d=  1.150 | task1=3.924734e-01 | |m1|=0.095255 | m1²=0.009073 | ||w||²/d=1.004436 | eps_adapter=1.790954e+00 | residual_overlap=0.010864
[step      120] t/d=  1.200 | task1=3.924512e-01 | |m1|=0.095041 | m1²=0.009033 | ||w||²/d=1.004099 | eps_adapter=1.790492e+00 | residual_overlap=0.010881
[step      125] t/d=  1.250 | task1=3.922961e-01 | |m1|=0.095256 | m1²=0.009074 | ||w||²/d=1.002044 | eps_adapter=1.787152e+00 | residual_overlap=0.010856
[step      130] t/d=  1.300 | task1=3.922325e-01 | |m1|=0.095417 | m1²=0.009104 | ||w||²/d=1.001442 | eps_adapter=1.786143e+00 | residual_overlap=0.010889
[step      135] t/d=  1.350 | task1=3.921663e-01 | |m1|=0.095650 | m1²=0.009149 | ||w||²/d=1.000705 | eps_adapter=1.784894e+00 | residual_overlap=0.010946
[step      140] t/d=  1.400 | task1=3.921704e-01 | |m1|=0.095568 | m1²=0.009133 | ||w||²/d=1.000766 | eps_adapter=1.785018e+00 | residual_overlap=0.010954
[step      145] t/d=  1.450 | task1=3.921344e-01 | |m1|=0.095612 | m1²=0.009142 | ||w||²/d=1.000335 | eps_adapter=1.784321e+00 | residual_overlap=0.010946
[step      150] t/d=  1.500 | task1=3.920743e-01 | |m1|=0.095580 | m1²=0.009136 | ||w||²/d=1.000011 | eps_adapter=1.783818e+00 | residual_overlap=0.011007
[step      155] t/d=  1.550 | task1=3.920068e-01 | |m1|=0.095764 | m1²=0.009171 | ||w||²/d=0.999119 | eps_adapter=1.782343e+00 | residual_overlap=0.011001
[step      160] t/d=  1.600 | task1=3.919060e-01 | |m1|=0.095839 | m1²=0.009185 | ||w||²/d=0.998047 | eps_adapter=1.780623e+00 | residual_overlap=0.011054
[step      165] t/d=  1.650 | task1=3.919015e-01 | |m1|=0.095879 | m1²=0.009193 | ||w||²/d=0.998060 | eps_adapter=1.780628e+00 | residual_overlap=0.011098
[step      170] t/d=  1.700 | task1=3.917526e-01 | |m1|=0.096040 | m1²=0.009224 | ||w||²/d=0.996731 | eps_adapter=1.778475e+00 | residual_overlap=0.011170
[step      175] t/d=  1.750 | task1=3.917271e-01 | |m1|=0.096182 | m1²=0.009251 | ||w||²/d=0.996387 | eps_adapter=1.777883e+00 | residual_overlap=0.011129
[step      180] t/d=  1.800 | task1=3.916612e-01 | |m1|=0.096054 | m1²=0.009226 | ||w||²/d=0.995387 | eps_adapter=1.776349e+00 | residual_overlap=0.011200
[step      185] t/d=  1.850 | task1=3.916217e-01 | |m1|=0.095987 | m1²=0.009213 | ||w||²/d=0.994803 | eps_adapter=1.775452e+00 | residual_overlap=0.011212
[step      190] t/d=  1.900 | task1=3.915465e-01 | |m1|=0.096183 | m1²=0.009251 | ||w||²/d=0.993887 | eps_adapter=1.773942e+00 | residual_overlap=0.011202
[step      195] t/d=  1.950 | task1=3.914798e-01 | |m1|=0.096015 | m1²=0.009219 | ||w||²/d=0.992926 | eps_adapter=1.772489e+00 | residual_overlap=0.011196
[step      200] t/d=  2.000 | task1=3.913618e-01 | |m1|=0.096420 | m1²=0.009297 | ||w||²/d=0.991869 | eps_adapter=1.770689e+00 | residual_overlap=0.011163
Saved checkpoint: results/quality_pretraining/finetunetask1_d100_T5/prestep_0_lr0p01_init1_wseed21_sgdseed22/checkpoints/step_000000200
[step      205] t/d=  2.050 | task1=3.912658e-01 | |m1|=0.096644 | m1²=0.009340 | ||w||²/d=0.990577 | eps_adapter=1.768584e+00 | residual_overlap=0.011112
[step      210] t/d=  2.100 | task1=3.912243e-01 | |m1|=0.096569 | m1²=0.009326 | ||w||²/d=0.990019 | eps_adapter=1.767735e+00 | residual_overlap=0.011175
[step      215] t/d=  2.150 | task1=3.911677e-01 | |m1|=0.096981 | m1²=0.009405 | ||w||²/d=0.989449 | eps_adapter=1.766700e+00 | residual_overlap=0.011181
[step      220] t/d=  2.200 | task1=3.910684e-01 | |m1|=0.096803 | m1²=0.009371 | ||w||²/d=0.988362 | eps_adapter=1.765060e+00 | residual_overlap=0.011237
[step      225] t/d=  2.250 | task1=3.909825e-01 | |m1|=0.096925 | m1²=0.009394 | ||w||²/d=0.987321 | eps_adapter=1.763389e+00 | residual_overlap=0.011178
[step      230] t/d=  2.300 | task1=3.908870e-01 | |m1|=0.096855 | m1²=0.009381 | ||w||²/d=0.986215 | eps_adapter=1.761686e+00 | residual_overlap=0.011189
[step      235] t/d=  2.350 | task1=3.908218e-01 | |m1|=0.097016 | m1²=0.009412 | ||w||²/d=0.985277 | eps_adapter=1.760166e+00 | residual_overlap=0.011168
[step      240] t/d=  2.400 | task1=3.907327e-01 | |m1|=0.097245 | m1²=0.009457 | ||w||²/d=0.984118 | eps_adapter=1.758282e+00 | residual_overlap=0.011184
[step      245] t/d=  2.450 | task1=3.906080e-01 | |m1|=0.097244 | m1²=0.009456 | ||w||²/d=0.982389 | eps_adapter=1.755590e+00 | residual_overlap=0.011180
[step      250] t/d=  2.500 | task1=3.905452e-01 | |m1|=0.097543 | m1²=0.009515 | ||w||²/d=0.981825 | eps_adapter=1.754612e+00 | residual_overlap=0.011181
[step      255] t/d=  2.550 | task1=3.905037e-01 | |m1|=0.097631 | m1²=0.009532 | ||w||²/d=0.981317 | eps_adapter=1.753792e+00 | residual_overlap=0.011194
[step      260] t/d=  2.600 | task1=3.903361e-01 | |m1|=0.098064 | m1²=0.009616 | ||w||²/d=0.979819 | eps_adapter=1.751318e+00 | residual_overlap=0.011395
[step      265] t/d=  2.650 | task1=3.903128e-01 | |m1|=0.097995 | m1²=0.009603 | ||w||²/d=0.979540 | eps_adapter=1.750909e+00 | residual_overlap=0.011395
[step      270] t/d=  2.700 | task1=3.902870e-01 | |m1|=0.097859 | m1²=0.009576 | ||w||²/d=0.979133 | eps_adapter=1.750325e+00 | residual_overlap=0.011381
[step      275] t/d=  2.750 | task1=3.902400e-01 | |m1|=0.097589 | m1²=0.009524 | ||w||²/d=0.978660 | eps_adapter=1.749684e+00 | residual_overlap=0.011419
[step      280] t/d=  2.800 | task1=3.901563e-01 | |m1|=0.097473 | m1²=0.009501 | ||w||²/d=0.977740 | eps_adapter=1.748300e+00 | residual_overlap=0.011506
[step      285] t/d=  2.850 | task1=3.900697e-01 | |m1|=0.097385 | m1²=0.009484 | ||w||²/d=0.976627 | eps_adapter=1.746608e+00 | residual_overlap=0.011519
[step      290] t/d=  2.900 | task1=3.899638e-01 | |m1|=0.097620 | m1²=0.009530 | ||w||²/d=0.975487 | eps_adapter=1.744766e+00 | residual_overlap=0.011476
[step      295] t/d=  2.950 | task1=3.898654e-01 | |m1|=0.097812 | m1²=0.009567 | ||w||²/d=0.974385 | eps_adapter=1.743000e+00 | residual_overlap=0.011507
[step      300] t/d=  3.000 | task1=3.897239e-01 | |m1|=0.097958 | m1²=0.009596 | ||w||²/d=0.972901 | eps_adapter=1.740664e+00 | residual_overlap=0.011545
[step      305] t/d=  3.050 | task1=3.897061e-01 | |m1|=0.098215 | m1²=0.009646 | ||w||²/d=0.972776 | eps_adapter=1.740384e+00 | residual_overlap=0.011558
[step      310] t/d=  3.100 | task1=3.896094e-01 | |m1|=0.098589 | m1²=0.009720 | ||w||²/d=0.971615 | eps_adapter=1.738470e+00 | residual_overlap=0.011567
[step      315] t/d=  3.150 | task1=3.895634e-01 | |m1|=0.098580 | m1²=0.009718 | ||w||²/d=0.970924 | eps_adapter=1.737410e+00 | residual_overlap=0.011549
[step      320] t/d=  3.200 | task1=3.895071e-01 | |m1|=0.098628 | m1²=0.009727 | ||w||²/d=0.970027 | eps_adapter=1.736017e+00 | residual_overlap=0.011553
[step      325] t/d=  3.250 | task1=3.894302e-01 | |m1|=0.098768 | m1²=0.009755 | ||w||²/d=0.969149 | eps_adapter=1.734622e+00 | residual_overlap=0.011643
[step      330] t/d=  3.300 | task1=3.893234e-01 | |m1|=0.098928 | m1²=0.009787 | ||w||²/d=0.967437 | eps_adapter=1.731944e+00 | residual_overlap=0.011615
[step      335] t/d=  3.350 | task1=3.892768e-01 | |m1|=0.099204 | m1²=0.009841 | ||w||²/d=0.966946 | eps_adapter=1.731099e+00 | residual_overlap=0.011617
[step      340] t/d=  3.400 | task1=3.891532e-01 | |m1|=0.099156 | m1²=0.009832 | ||w||²/d=0.965330 | eps_adapter=1.728644e+00 | residual_overlap=0.011604
[step      345] t/d=  3.450 | task1=3.890932e-01 | |m1|=0.099872 | m1²=0.009974 | ||w||²/d=0.964675 | eps_adapter=1.727399e+00 | residual_overlap=0.011610
[step      350] t/d=  3.500 | task1=3.890755e-01 | |m1|=0.099651 | m1²=0.009930 | ||w||²/d=0.964426 | eps_adapter=1.727095e+00 | residual_overlap=0.011595
[step      355] t/d=  3.550 | task1=3.889988e-01 | |m1|=0.099612 | m1²=0.009922 | ||w||²/d=0.963786 | eps_adapter=1.726132e+00 | residual_overlap=0.011597
[step      360] t/d=  3.600 | task1=3.889485e-01 | |m1|=0.099937 | m1²=0.009987 | ||w||²/d=0.963418 | eps_adapter=1.725459e+00 | residual_overlap=0.011634
[step      365] t/d=  3.650 | task1=3.889288e-01 | |m1|=0.099981 | m1²=0.009996 | ||w||²/d=0.963211 | eps_adapter=1.725128e+00 | residual_overlap=0.011628
[step      370] t/d=  3.700 | task1=3.888335e-01 | |m1|=0.100012 | m1²=0.010002 | ||w||²/d=0.961930 | eps_adapter=1.723168e+00 | residual_overlap=0.011573
[step      375] t/d=  3.750 | task1=3.888159e-01 | |m1|=0.100080 | m1²=0.010016 | ||w||²/d=0.961551 | eps_adapter=1.722568e+00 | residual_overlap=0.011545
[step      380] t/d=  3.800 | task1=3.887550e-01 | |m1|=0.100075 | m1²=0.010015 | ||w||²/d=0.960888 | eps_adapter=1.721562e+00 | residual_overlap=0.011591
[step      385] t/d=  3.850 | task1=3.886964e-01 | |m1|=0.100240 | m1²=0.010048 | ||w||²/d=0.960402 | eps_adapter=1.720767e+00 | residual_overlap=0.011630
[step      390] t/d=  3.900 | task1=3.886555e-01 | |m1|=0.100123 | m1²=0.010025 | ||w||²/d=0.959994 | eps_adapter=1.720187e+00 | residual_overlap=0.011603
[step      395] t/d=  3.950 | task1=3.885868e-01 | |m1|=0.100023 | m1²=0.010005 | ||w||²/d=0.959241 | eps_adapter=1.719079e+00 | residual_overlap=0.011687
[step      400] t/d=  4.000 | task1=3.884942e-01 | |m1|=0.100126 | m1²=0.010025 | ||w||²/d=0.958274 | eps_adapter=1.717577e+00 | residual_overlap=0.011758
[step      405] t/d=  4.050 | task1=3.884407e-01 | |m1|=0.100019 | m1²=0.010004 | ||w||²/d=0.957828 | eps_adapter=1.716937e+00 | residual_overlap=0.011833
[step      410] t/d=  4.100 | task1=3.883495e-01 | |m1|=0.100222 | m1²=0.010044 | ||w||²/d=0.956733 | eps_adapter=1.715211e+00 | residual_overlap=0.011811
[step      415] t/d=  4.150 | task1=3.882964e-01 | |m1|=0.100225 | m1²=0.010045 | ||w||²/d=0.956243 | eps_adapter=1.714469e+00 | residual_overlap=0.011828
[step      420] t/d=  4.200 | task1=3.882066e-01 | |m1|=0.100194 | m1²=0.010039 | ||w||²/d=0.955133 | eps_adapter=1.712801e+00 | residual_overlap=0.011861
[step      425] t/d=  4.250 | task1=3.881289e-01 | |m1|=0.100390 | m1²=0.010078 | ||w||²/d=0.954200 | eps_adapter=1.711326e+00 | residual_overlap=0.011910
[step      430] t/d=  4.300 | task1=3.880738e-01 | |m1|=0.100649 | m1²=0.010130 | ||w||²/d=0.953770 | eps_adapter=1.710589e+00 | residual_overlap=0.011927
[step      435] t/d=  4.350 | task1=3.880049e-01 | |m1|=0.100917 | m1²=0.010184 | ||w||²/d=0.953145 | eps_adapter=1.709554e+00 | residual_overlap=0.012013
[step      440] t/d=  4.400 | task1=3.879379e-01 | |m1|=0.100939 | m1²=0.010189 | ||w||²/d=0.952387 | eps_adapter=1.708404e+00 | residual_overlap=0.012013
[step      445] t/d=  4.450 | task1=3.879338e-01 | |m1|=0.101084 | m1²=0.010218 | ||w||²/d=0.952090 | eps_adapter=1.707906e+00 | residual_overlap=0.012008
[step      450] t/d=  4.500 | task1=3.879046e-01 | |m1|=0.101189 | m1²=0.010239 | ||w||²/d=0.951594 | eps_adapter=1.707125e+00 | residual_overlap=0.011988
[step      455] t/d=  4.550 | task1=3.878624e-01 | |m1|=0.101187 | m1²=0.010239 | ||w||²/d=0.951071 | eps_adapter=1.706338e+00 | residual_overlap=0.012006
[step      460] t/d=  4.600 | task1=3.877952e-01 | |m1|=0.101318 | m1²=0.010265 | ||w||²/d=0.950267 | eps_adapter=1.705086e+00 | residual_overlap=0.011975
[step      465] t/d=  4.650 | task1=3.877281e-01 | |m1|=0.101608 | m1²=0.010324 | ||w||²/d=0.949738 | eps_adapter=1.704191e+00 | residual_overlap=0.012029
[step      470] t/d=  4.700 | task1=3.876508e-01 | |m1|=0.101850 | m1²=0.010373 | ||w||²/d=0.948472 | eps_adapter=1.702207e+00 | residual_overlap=0.011996
[step      475] t/d=  4.750 | task1=3.876118e-01 | |m1|=0.101687 | m1²=0.010340 | ||w||²/d=0.948154 | eps_adapter=1.701786e+00 | residual_overlap=0.012046
[step      480] t/d=  4.800 | task1=3.875829e-01 | |m1|=0.101635 | m1²=0.010330 | ||w||²/d=0.947712 | eps_adapter=1.701143e+00 | residual_overlap=0.011997
[step      485] t/d=  4.850 | task1=3.875612e-01 | |m1|=0.101427 | m1²=0.010287 | ||w||²/d=0.947398 | eps_adapter=1.700744e+00 | residual_overlap=0.012008
[step      490] t/d=  4.900 | task1=3.874717e-01 | |m1|=0.101778 | m1²=0.010359 | ||w||²/d=0.946253 | eps_adapter=1.698910e+00 | residual_overlap=0.011961
[step      495] t/d=  4.950 | task1=3.873814e-01 | |m1|=0.101614 | m1²=0.010325 | ||w||²/d=0.945182 | eps_adapter=1.697365e+00 | residual_overlap=0.012017
[step      500] t/d=  5.000 | task1=3.872983e-01 | |m1|=0.101633 | m1²=0.010329 | ||w||²/d=0.944341 | eps_adapter=1.696103e+00 | residual_overlap=0.012106
Saved checkpoint: results/quality_pretraining/finetunetask1_d100_T5/prestep_0_lr0p01_init1_wseed21_sgdseed22/checkpoints/step_000000500
[step      520] t/d=  5.200 | task1=3.870257e-01 | |m1|=0.102067 | m1²=0.010418 | ||w||²/d=0.941236 | eps_adapter=1.691326e+00 | residual_overlap=0.012207
[step      540] t/d=  5.400 | task1=3.868317e-01 | |m1|=0.102389 | m1²=0.010484 | ||w||²/d=0.938747 | eps_adapter=1.687517e+00 | residual_overlap=0.012189
[step      560] t/d=  5.600 | task1=3.864909e-01 | |m1|=0.102493 | m1²=0.010505 | ||w||²/d=0.935037 | eps_adapter=1.681989e+00 | residual_overlap=0.012385
[step      580] t/d=  5.800 | task1=3.861345e-01 | |m1|=0.103166 | m1²=0.010643 | ||w||²/d=0.930577 | eps_adapter=1.675185e+00 | residual_overlap=0.012431
[step      600] t/d=  6.000 | task1=3.858880e-01 | |m1|=0.103410 | m1²=0.010694 | ||w||²/d=0.926979 | eps_adapter=1.669822e+00 | residual_overlap=0.012351
[step      620] t/d=  6.200 | task1=3.856545e-01 | |m1|=0.103519 | m1²=0.010716 | ||w||²/d=0.923990 | eps_adapter=1.665415e+00 | residual_overlap=0.012339
[step      640] t/d=  6.400 | task1=3.854887e-01 | |m1|=0.103782 | m1²=0.010771 | ||w||²/d=0.922255 | eps_adapter=1.662795e+00 | residual_overlap=0.012407
[step      660] t/d=  6.600 | task1=3.852131e-01 | |m1|=0.103366 | m1²=0.010685 | ||w||²/d=0.918540 | eps_adapter=1.657537e+00 | residual_overlap=0.012492
[step      680] t/d=  6.800 | task1=3.850272e-01 | |m1|=0.103507 | m1²=0.010714 | ||w||²/d=0.916492 | eps_adapter=1.654521e+00 | residual_overlap=0.012577
[step      700] t/d=  7.000 | task1=3.846515e-01 | |m1|=0.104355 | m1²=0.010890 | ||w||²/d=0.912102 | eps_adapter=1.647895e+00 | residual_overlap=0.012623
[step      720] t/d=  7.200 | task1=3.843644e-01 | |m1|=0.104262 | m1²=0.010871 | ||w||²/d=0.908168 | eps_adapter=1.642273e+00 | residual_overlap=0.012692
[step      740] t/d=  7.400 | task1=3.840534e-01 | |m1|=0.105214 | m1²=0.011070 | ||w||²/d=0.904410 | eps_adapter=1.636573e+00 | residual_overlap=0.012813
[step      760] t/d=  7.600 | task1=3.836030e-01 | |m1|=0.105111 | m1²=0.011048 | ||w||²/d=0.898977 | eps_adapter=1.628876e+00 | residual_overlap=0.012952
[step      780] t/d=  7.800 | task1=3.833521e-01 | |m1|=0.106071 | m1²=0.011251 | ||w||²/d=0.896013 | eps_adapter=1.624352e+00 | residual_overlap=0.013074
[step      800] t/d=  8.000 | task1=3.830913e-01 | |m1|=0.106456 | m1²=0.011333 | ||w||²/d=0.892624 | eps_adapter=1.619440e+00 | residual_overlap=0.013149
[step      820] t/d=  8.200 | task1=3.827714e-01 | |m1|=0.106512 | m1²=0.011345 | ||w||²/d=0.889060 | eps_adapter=1.614412e+00 | residual_overlap=0.013334
[step      840] t/d=  8.400 | task1=3.825211e-01 | |m1|=0.106985 | m1²=0.011446 | ||w||²/d=0.886230 | eps_adapter=1.610290e+00 | residual_overlap=0.013385
[step      860] t/d=  8.600 | task1=3.821294e-01 | |m1|=0.107674 | m1²=0.011594 | ||w||²/d=0.881927 | eps_adapter=1.604057e+00 | residual_overlap=0.013470
[step      880] t/d=  8.800 | task1=3.818820e-01 | |m1|=0.108575 | m1²=0.011789 | ||w||²/d=0.879040 | eps_adapter=1.599741e+00 | residual_overlap=0.013613
[step      900] t/d=  9.000 | task1=3.817384e-01 | |m1|=0.109156 | m1²=0.011915 | ||w||²/d=0.876910 | eps_adapter=1.596596e+00 | residual_overlap=0.013544
[step      920] t/d=  9.200 | task1=3.814658e-01 | |m1|=0.109369 | m1²=0.011962 | ||w||²/d=0.873591 | eps_adapter=1.591945e+00 | residual_overlap=0.013745
[step      940] t/d=  9.400 | task1=3.812937e-01 | |m1|=0.109783 | m1²=0.012052 | ||w||²/d=0.871429 | eps_adapter=1.588831e+00 | residual_overlap=0.013761
[step      960] t/d=  9.600 | task1=3.810431e-01 | |m1|=0.110487 | m1²=0.012207 | ||w||²/d=0.867924 | eps_adapter=1.583787e+00 | residual_overlap=0.013934
[step      980] t/d=  9.800 | task1=3.809599e-01 | |m1|=0.110516 | m1²=0.012214 | ||w||²/d=0.866669 | eps_adapter=1.582063e+00 | residual_overlap=0.013890
[step     1000] t/d= 10.000 | task1=3.806804e-01 | |m1|=0.110400 | m1²=0.012188 | ||w||²/d=0.862831 | eps_adapter=1.576876e+00 | residual_overlap=0.013836
Saved checkpoint: results/quality_pretraining/finetunetask1_d100_T5/prestep_0_lr0p01_init1_wseed21_sgdseed22/checkpoints/step_000001000
[step     1020] t/d= 10.200 | task1=3.805227e-01 | |m1|=0.110922 | m1²=0.012304 | ||w||²/d=0.861192 | eps_adapter=1.574473e+00 | residual_overlap=0.013871
[step     1040] t/d= 10.400 | task1=3.802850e-01 | |m1|=0.111239 | m1²=0.012374 | ||w||²/d=0.857869 | eps_adapter=1.569867e+00 | residual_overlap=0.013933
[step     1060] t/d= 10.600 | task1=3.799840e-01 | |m1|=0.111708 | m1²=0.012479 | ||w||²/d=0.854770 | eps_adapter=1.565529e+00 | residual_overlap=0.014014
[step     1080] t/d= 10.800 | task1=3.797567e-01 | |m1|=0.111968 | m1²=0.012537 | ||w||²/d=0.852234 | eps_adapter=1.562033e+00 | residual_overlap=0.014068
[step     1100] t/d= 11.000 | task1=3.796056e-01 | |m1|=0.112453 | m1²=0.012646 | ||w||²/d=0.850505 | eps_adapter=1.559550e+00 | residual_overlap=0.014173
[step     1120] t/d= 11.200 | task1=3.794243e-01 | |m1|=0.113680 | m1²=0.012923 | ||w||²/d=0.848378 | eps_adapter=1.556286e+00 | residual_overlap=0.014240
[step     1140] t/d= 11.400 | task1=3.790973e-01 | |m1|=0.113529 | m1²=0.012889 | ||w||²/d=0.843845 | eps_adapter=1.550305e+00 | residual_overlap=0.014307
[step     1160] t/d= 11.600 | task1=3.789127e-01 | |m1|=0.114382 | m1²=0.013083 | ||w||²/d=0.841598 | eps_adapter=1.547034e+00 | residual_overlap=0.014381
[step     1180] t/d= 11.800 | task1=3.787090e-01 | |m1|=0.115083 | m1²=0.013244 | ||w||²/d=0.839249 | eps_adapter=1.543688e+00 | residual_overlap=0.014461
[step     1200] t/d= 12.000 | task1=3.785728e-01 | |m1|=0.115859 | m1²=0.013423 | ||w||²/d=0.837188 | eps_adapter=1.540703e+00 | residual_overlap=0.014479
[step     1220] t/d= 12.200 | task1=3.784860e-01 | |m1|=0.116387 | m1²=0.013546 | ||w||²/d=0.836043 | eps_adapter=1.539014e+00 | residual_overlap=0.014606
[step     1240] t/d= 12.400 | task1=3.783294e-01 | |m1|=0.117437 | m1²=0.013791 | ||w||²/d=0.834275 | eps_adapter=1.536328e+00 | residual_overlap=0.014675
[step     1260] t/d= 12.600 | task1=3.780532e-01 | |m1|=0.117921 | m1²=0.013905 | ||w||²/d=0.830746 | eps_adapter=1.531545e+00 | residual_overlap=0.014790
[step     1280] t/d= 12.800 | task1=3.778269e-01 | |m1|=0.119026 | m1²=0.014167 | ||w||²/d=0.827878 | eps_adapter=1.527422e+00 | residual_overlap=0.014770
[step     1300] t/d= 13.000 | task1=3.775718e-01 | |m1|=0.119145 | m1²=0.014195 | ||w||²/d=0.824615 | eps_adapter=1.523148e+00 | residual_overlap=0.014842
[step     1320] t/d= 13.200 | task1=3.774635e-01 | |m1|=0.119568 | m1²=0.014296 | ||w||²/d=0.823222 | eps_adapter=1.521198e+00 | residual_overlap=0.014990
[step     1340] t/d= 13.400 | task1=3.772579e-01 | |m1|=0.120963 | m1²=0.014632 | ||w||²/d=0.820843 | eps_adapter=1.517637e+00 | residual_overlap=0.015083
[step     1360] t/d= 13.600 | task1=3.770941e-01 | |m1|=0.121329 | m1²=0.014721 | ||w||²/d=0.818684 | eps_adapter=1.514730e+00 | residual_overlap=0.015068
[step     1380] t/d= 13.800 | task1=3.769050e-01 | |m1|=0.122864 | m1²=0.015096 | ||w||²/d=0.816520 | eps_adapter=1.511410e+00 | residual_overlap=0.015086
[step     1400] t/d= 14.000 | task1=3.766026e-01 | |m1|=0.123159 | m1²=0.015168 | ||w||²/d=0.812669 | eps_adapter=1.506387e+00 | residual_overlap=0.015101
[step     1420] t/d= 14.200 | task1=3.762840e-01 | |m1|=0.123230 | m1²=0.015186 | ||w||²/d=0.809073 | eps_adapter=1.501794e+00 | residual_overlap=0.015253
[step     1440] t/d= 14.400 | task1=3.760569e-01 | |m1|=0.123519 | m1²=0.015257 | ||w||²/d=0.806385 | eps_adapter=1.498289e+00 | residual_overlap=0.015284
[step     1460] t/d= 14.600 | task1=3.759001e-01 | |m1|=0.123308 | m1²=0.015205 | ||w||²/d=0.804205 | eps_adapter=1.495614e+00 | residual_overlap=0.015362
[step     1480] t/d= 14.800 | task1=3.757636e-01 | |m1|=0.123719 | m1²=0.015306 | ||w||²/d=0.802072 | eps_adapter=1.492786e+00 | residual_overlap=0.015397
[step     1500] t/d= 15.000 | task1=3.755696e-01 | |m1|=0.124363 | m1²=0.015466 | ||w||²/d=0.800126 | eps_adapter=1.490115e+00 | residual_overlap=0.015490
[step     1520] t/d= 15.200 | task1=3.754395e-01 | |m1|=0.124650 | m1²=0.015538 | ||w||²/d=0.798774 | eps_adapter=1.488321e+00 | residual_overlap=0.015559
[step     1540] t/d= 15.400 | task1=3.752363e-01 | |m1|=0.124974 | m1²=0.015619 | ||w||²/d=0.796381 | eps_adapter=1.485218e+00 | residual_overlap=0.015638
[step     1560] t/d= 15.600 | task1=3.748940e-01 | |m1|=0.125105 | m1²=0.015651 | ||w||²/d=0.792063 | eps_adapter=1.479803e+00 | residual_overlap=0.015676
[step     1580] t/d= 15.800 | task1=3.746594e-01 | |m1|=0.124659 | m1²=0.015540 | ||w||²/d=0.789088 | eps_adapter=1.476281e+00 | residual_overlap=0.015781
[step     1600] t/d= 16.000 | task1=3.745022e-01 | |m1|=0.124694 | m1²=0.015549 | ||w||²/d=0.787042 | eps_adapter=1.473745e+00 | residual_overlap=0.015691
[step     1620] t/d= 16.200 | task1=3.742917e-01 | |m1|=0.125417 | m1²=0.015729 | ||w||²/d=0.784440 | eps_adapter=1.470292e+00 | residual_overlap=0.015675
[step     1640] t/d= 16.400 | task1=3.740873e-01 | |m1|=0.125268 | m1²=0.015692 | ||w||²/d=0.782099 | eps_adapter=1.467476e+00 | residual_overlap=0.015892
[step     1660] t/d= 16.600 | task1=3.740338e-01 | |m1|=0.125104 | m1²=0.015651 | ||w||²/d=0.781129 | eps_adapter=1.466347e+00 | residual_overlap=0.015914
[step     1680] t/d= 16.800 | task1=3.738063e-01 | |m1|=0.125898 | m1²=0.015850 | ||w||²/d=0.778270 | eps_adapter=1.462582e+00 | residual_overlap=0.015870
[step     1700] t/d= 17.000 | task1=3.735606e-01 | |m1|=0.126227 | m1²=0.015933 | ||w||²/d=0.774977 | eps_adapter=1.458468e+00 | residual_overlap=0.015924
[step     1720] t/d= 17.200 | task1=3.733770e-01 | |m1|=0.126376 | m1²=0.015971 | ||w||²/d=0.772849 | eps_adapter=1.455840e+00 | residual_overlap=0.016025
[step     1740] t/d= 17.400 | task1=3.732752e-01 | |m1|=0.126133 | m1²=0.015910 | ||w||²/d=0.771540 | eps_adapter=1.454346e+00 | residual_overlap=0.016024
[step     1760] t/d= 17.600 | task1=3.730362e-01 | |m1|=0.126519 | m1²=0.016007 | ||w||²/d=0.768155 | eps_adapter=1.450138e+00 | residual_overlap=0.016068
[step     1780] t/d= 17.800 | task1=3.728445e-01 | |m1|=0.127233 | m1²=0.016188 | ||w||²/d=0.765614 | eps_adapter=1.446843e+00 | residual_overlap=0.016141
[step     1800] t/d= 18.000 | task1=3.727019e-01 | |m1|=0.127162 | m1²=0.016170 | ||w||²/d=0.763381 | eps_adapter=1.444201e+00 | residual_overlap=0.016047
[step     1820] t/d= 18.200 | task1=3.726771e-01 | |m1|=0.127430 | m1²=0.016238 | ||w||²/d=0.763514 | eps_adapter=1.444266e+00 | residual_overlap=0.016205
[step     1840] t/d= 18.400 | task1=3.725345e-01 | |m1|=0.128652 | m1²=0.016551 | ||w||²/d=0.762132 | eps_adapter=1.442192e+00 | residual_overlap=0.016250
[step     1860] t/d= 18.600 | task1=3.723406e-01 | |m1|=0.129332 | m1²=0.016727 | ||w||²/d=0.759590 | eps_adapter=1.438935e+00 | residual_overlap=0.016270
[step     1880] t/d= 18.800 | task1=3.721265e-01 | |m1|=0.130166 | m1²=0.016943 | ||w||²/d=0.757035 | eps_adapter=1.435617e+00 | residual_overlap=0.016322
[step     1900] t/d= 19.000 | task1=3.719542e-01 | |m1|=0.129447 | m1²=0.016757 | ||w||²/d=0.754682 | eps_adapter=1.433094e+00 | residual_overlap=0.016427
[step     1920] t/d= 19.200 | task1=3.717558e-01 | |m1|=0.130057 | m1²=0.016915 | ||w||²/d=0.752574 | eps_adapter=1.430402e+00 | residual_overlap=0.016533
[step     1940] t/d= 19.400 | task1=3.716176e-01 | |m1|=0.130961 | m1²=0.017151 | ||w||²/d=0.750841 | eps_adapter=1.428053e+00 | residual_overlap=0.016749
[step     1960] t/d= 19.600 | task1=3.713307e-01 | |m1|=0.131260 | m1²=0.017229 | ||w||²/d=0.747482 | eps_adapter=1.424025e+00 | residual_overlap=0.016885
[step     1980] t/d= 19.800 | task1=3.711887e-01 | |m1|=0.132156 | m1²=0.017465 | ||w||²/d=0.745725 | eps_adapter=1.421664e+00 | residual_overlap=0.017014
[step     2000] t/d= 20.000 | task1=3.709830e-01 | |m1|=0.132712 | m1²=0.017612 | ||w||²/d=0.743040 | eps_adapter=1.418354e+00 | residual_overlap=0.017045
Saved checkpoint: results/quality_pretraining/finetunetask1_d100_T5/prestep_0_lr0p01_init1_wseed21_sgdseed22/checkpoints/step_000002000
[step     2050] t/d= 20.500 | task1=3.705298e-01 | |m1|=0.133574 | m1²=0.017842 | ||w||²/d=0.737494 | eps_adapter=1.411655e+00 | residual_overlap=0.017164
[step     2100] t/d= 21.000 | task1=3.701055e-01 | |m1|=0.134346 | m1²=0.018049 | ||w||²/d=0.731627 | eps_adapter=1.404675e+00 | residual_overlap=0.017082
[step     2150] t/d= 21.500 | task1=3.697247e-01 | |m1|=0.133306 | m1²=0.017771 | ||w||²/d=0.726696 | eps_adapter=1.399443e+00 | residual_overlap=0.017417
[step     2200] t/d= 22.000 | task1=3.693344e-01 | |m1|=0.133334 | m1²=0.017778 | ||w||²/d=0.721109 | eps_adapter=1.393139e+00 | residual_overlap=0.017660
[step     2250] t/d= 22.500 | task1=3.689569e-01 | |m1|=0.133921 | m1²=0.017935 | ||w||²/d=0.716155 | eps_adapter=1.387398e+00 | residual_overlap=0.017678
[step     2300] t/d= 23.000 | task1=3.685090e-01 | |m1|=0.135229 | m1²=0.018287 | ||w||²/d=0.710310 | eps_adapter=1.380467e+00 | residual_overlap=0.017679
[step     2350] t/d= 23.500 | task1=3.680641e-01 | |m1|=0.135175 | m1²=0.018272 | ||w||²/d=0.704124 | eps_adapter=1.373687e+00 | residual_overlap=0.017843
[step     2400] t/d= 24.000 | task1=3.677086e-01 | |m1|=0.135801 | m1²=0.018442 | ||w||²/d=0.699106 | eps_adapter=1.368005e+00 | residual_overlap=0.017796
[step     2450] t/d= 24.500 | task1=3.673272e-01 | |m1|=0.136286 | m1²=0.018574 | ||w||²/d=0.693959 | eps_adapter=1.362273e+00 | residual_overlap=0.017926
[step     2500] t/d= 25.000 | task1=3.668396e-01 | |m1|=0.137452 | m1²=0.018893 | ||w||²/d=0.687821 | eps_adapter=1.355298e+00 | residual_overlap=0.018228
[step     2550] t/d= 25.500 | task1=3.663770e-01 | |m1|=0.138580 | m1²=0.019204 | ||w||²/d=0.681837 | eps_adapter=1.348563e+00 | residual_overlap=0.018423
[step     2600] t/d= 26.000 | task1=3.660032e-01 | |m1|=0.139368 | m1²=0.019424 | ||w||²/d=0.676802 | eps_adapter=1.342997e+00 | residual_overlap=0.018418
[step     2650] t/d= 26.500 | task1=3.655633e-01 | |m1|=0.139905 | m1²=0.019573 | ||w||²/d=0.671376 | eps_adapter=1.337152e+00 | residual_overlap=0.018694
[step     2700] t/d= 27.000 | task1=3.650708e-01 | |m1|=0.140701 | m1²=0.019797 | ||w||²/d=0.664882 | eps_adapter=1.330170e+00 | residual_overlap=0.018622
[step     2750] t/d= 27.500 | task1=3.644804e-01 | |m1|=0.142255 | m1²=0.020237 | ||w||²/d=0.656365 | eps_adapter=1.320952e+00 | residual_overlap=0.018545
[step     2800] t/d= 28.000 | task1=3.640688e-01 | |m1|=0.143055 | m1²=0.020465 | ||w||²/d=0.651356 | eps_adapter=1.315626e+00 | residual_overlap=0.018903
[step     2850] t/d= 28.500 | task1=3.636856e-01 | |m1|=0.144128 | m1²=0.020773 | ||w||²/d=0.646497 | eps_adapter=1.310401e+00 | residual_overlap=0.018832
[step     2900] t/d= 29.000 | task1=3.632922e-01 | |m1|=0.144881 | m1²=0.020990 | ||w||²/d=0.641075 | eps_adapter=1.304768e+00 | residual_overlap=0.018831
[step     2950] t/d= 29.500 | task1=3.629794e-01 | |m1|=0.146048 | m1²=0.021330 | ||w||²/d=0.637167 | eps_adapter=1.300530e+00 | residual_overlap=0.019049
[step     3000] t/d= 30.000 | task1=3.627102e-01 | |m1|=0.146225 | m1²=0.021382 | ||w||²/d=0.633118 | eps_adapter=1.296510e+00 | residual_overlap=0.019358
[step     3050] t/d= 30.500 | task1=3.623413e-01 | |m1|=0.147188 | m1²=0.021664 | ||w||²/d=0.628138 | eps_adapter=1.291358e+00 | residual_overlap=0.019596
[step     3100] t/d= 31.000 | task1=3.619939e-01 | |m1|=0.149429 | m1²=0.022329 | ||w||²/d=0.623565 | eps_adapter=1.286213e+00 | residual_overlap=0.019978
[step     3150] t/d= 31.500 | task1=3.616735e-01 | |m1|=0.150481 | m1²=0.022645 | ||w||²/d=0.619264 | eps_adapter=1.281759e+00 | residual_overlap=0.020191
[step     3200] t/d= 32.000 | task1=3.614183e-01 | |m1|=0.151221 | m1²=0.022868 | ||w||²/d=0.615165 | eps_adapter=1.277630e+00 | residual_overlap=0.020256
[step     3250] t/d= 32.500 | task1=3.609863e-01 | |m1|=0.152267 | m1²=0.023185 | ||w||²/d=0.610150 | eps_adapter=1.272572e+00 | residual_overlap=0.020613
[step     3300] t/d= 33.000 | task1=3.606142e-01 | |m1|=0.152429 | m1²=0.023235 | ||w||²/d=0.604798 | eps_adapter=1.267538e+00 | residual_overlap=0.020977
[step     3350] t/d= 33.500 | task1=3.604359e-01 | |m1|=0.153022 | m1²=0.023416 | ||w||²/d=0.602083 | eps_adapter=1.264833e+00 | residual_overlap=0.020914
[step     3400] t/d= 34.000 | task1=3.599422e-01 | |m1|=0.155054 | m1²=0.024042 | ||w||²/d=0.595951 | eps_adapter=1.258545e+00 | residual_overlap=0.021300
[step     3450] t/d= 34.500 | task1=3.597834e-01 | |m1|=0.154862 | m1²=0.023982 | ||w||²/d=0.594347 | eps_adapter=1.257149e+00 | residual_overlap=0.021646
[step     3500] t/d= 35.000 | task1=3.593770e-01 | |m1|=0.155522 | m1²=0.024187 | ||w||²/d=0.588806 | eps_adapter=1.251926e+00 | residual_overlap=0.021995
[step     3550] t/d= 35.500 | task1=3.590427e-01 | |m1|=0.155349 | m1²=0.024133 | ||w||²/d=0.584186 | eps_adapter=1.247846e+00 | residual_overlap=0.022395
[step     3600] t/d= 36.000 | task1=3.587547e-01 | |m1|=0.157185 | m1²=0.024707 | ||w||²/d=0.580070 | eps_adapter=1.243593e+00 | residual_overlap=0.022419
[step     3650] t/d= 36.500 | task1=3.584965e-01 | |m1|=0.159375 | m1²=0.025400 | ||w||²/d=0.577340 | eps_adapter=1.240470e+00 | residual_overlap=0.022796
[step     3700] t/d= 37.000 | task1=3.582776e-01 | |m1|=0.161317 | m1²=0.026023 | ||w||²/d=0.574746 | eps_adapter=1.237556e+00 | residual_overlap=0.023053
[step     3750] t/d= 37.500 | task1=3.580469e-01 | |m1|=0.163870 | m1²=0.026853 | ||w||²/d=0.572259 | eps_adapter=1.234539e+00 | residual_overlap=0.023030
[step     3800] t/d= 38.000 | task1=3.577287e-01 | |m1|=0.165239 | m1²=0.027304 | ||w||²/d=0.567671 | eps_adapter=1.230118e+00 | residual_overlap=0.023039
[step     3850] t/d= 38.500 | task1=3.575492e-01 | |m1|=0.165838 | m1²=0.027502 | ||w||²/d=0.564931 | eps_adapter=1.227568e+00 | residual_overlap=0.023519
[step     3900] t/d= 39.000 | task1=3.573116e-01 | |m1|=0.167147 | m1²=0.027938 | ||w||²/d=0.560746 | eps_adapter=1.223568e+00 | residual_overlap=0.023441
[step     3950] t/d= 39.500 | task1=3.570177e-01 | |m1|=0.168290 | m1²=0.028322 | ||w||²/d=0.556320 | eps_adapter=1.219451e+00 | residual_overlap=0.023505
[step     4000] t/d= 40.000 | task1=3.567032e-01 | |m1|=0.169500 | m1²=0.028730 | ||w||²/d=0.551810 | eps_adapter=1.215277e+00 | residual_overlap=0.023730
[step     4050] t/d= 40.500 | task1=3.564089e-01 | |m1|=0.169832 | m1²=0.028843 | ||w||²/d=0.547743 | eps_adapter=1.211797e+00 | residual_overlap=0.024057
[step     4100] t/d= 41.000 | task1=3.562531e-01 | |m1|=0.171798 | m1²=0.029515 | ||w||²/d=0.546011 | eps_adapter=1.209715e+00 | residual_overlap=0.024031
[step     4150] t/d= 41.500 | task1=3.559822e-01 | |m1|=0.172486 | m1²=0.029751 | ||w||²/d=0.542364 | eps_adapter=1.206502e+00 | residual_overlap=0.024287
[step     4200] t/d= 42.000 | task1=3.557610e-01 | |m1|=0.174358 | m1²=0.030401 | ||w||²/d=0.539847 | eps_adapter=1.203829e+00 | residual_overlap=0.024541
[step     4250] t/d= 42.500 | task1=3.555832e-01 | |m1|=0.174423 | m1²=0.030423 | ||w||²/d=0.537935 | eps_adapter=1.202263e+00 | residual_overlap=0.025013
[step     4300] t/d= 43.000 | task1=3.554450e-01 | |m1|=0.176256 | m1²=0.031066 | ||w||²/d=0.536198 | eps_adapter=1.200247e+00 | residual_overlap=0.024873
[step     4350] t/d= 43.500 | task1=3.553127e-01 | |m1|=0.176630 | m1²=0.031198 | ||w||²/d=0.533883 | eps_adapter=1.198268e+00 | residual_overlap=0.025003
[step     4400] t/d= 44.000 | task1=3.549761e-01 | |m1|=0.178429 | m1²=0.031837 | ||w||²/d=0.530312 | eps_adapter=1.194821e+00 | residual_overlap=0.025511
[step     4450] t/d= 44.500 | task1=3.547607e-01 | |m1|=0.179162 | m1²=0.032099 | ||w||²/d=0.527569 | eps_adapter=1.192407e+00 | residual_overlap=0.025765
[step     4500] t/d= 45.000 | task1=3.544041e-01 | |m1|=0.178729 | m1²=0.031944 | ||w||²/d=0.523094 | eps_adapter=1.189047e+00 | residual_overlap=0.026374
[step     4550] t/d= 45.500 | task1=3.541739e-01 | |m1|=0.180799 | m1²=0.032688 | ||w||²/d=0.519226 | eps_adapter=1.185351e+00 | residual_overlap=0.026394
[step     4600] t/d= 46.000 | task1=3.538200e-01 | |m1|=0.183400 | m1²=0.033636 | ||w||²/d=0.514515 | eps_adapter=1.180858e+00 | residual_overlap=0.026514
[step     4650] t/d= 46.500 | task1=3.535864e-01 | |m1|=0.185665 | m1²=0.034471 | ||w||²/d=0.511847 | eps_adapter=1.178062e+00 | residual_overlap=0.026836
[step     4700] t/d= 47.000 | task1=3.533390e-01 | |m1|=0.186838 | m1²=0.034909 | ||w||²/d=0.508180 | eps_adapter=1.174898e+00 | residual_overlap=0.026975
[step     4750] t/d= 47.500 | task1=3.531153e-01 | |m1|=0.188529 | m1²=0.035543 | ||w||²/d=0.505453 | eps_adapter=1.172282e+00 | residual_overlap=0.027124
[step     4800] t/d= 48.000 | task1=3.529443e-01 | |m1|=0.189578 | m1²=0.035940 | ||w||²/d=0.502767 | eps_adapter=1.169929e+00 | residual_overlap=0.027448
[step     4850] t/d= 48.500 | task1=3.527438e-01 | |m1|=0.191225 | m1²=0.036567 | ||w||²/d=0.501004 | eps_adapter=1.168065e+00 | residual_overlap=0.027827
[step     4900] t/d= 49.000 | task1=3.525310e-01 | |m1|=0.191855 | m1²=0.036808 | ||w||²/d=0.497575 | eps_adapter=1.165335e+00 | residual_overlap=0.028085
[step     4950] t/d= 49.500 | task1=3.523959e-01 | |m1|=0.191703 | m1²=0.036750 | ||w||²/d=0.495449 | eps_adapter=1.163837e+00 | residual_overlap=0.028381
[step     5000] t/d= 50.000 | task1=3.520646e-01 | |m1|=0.193194 | m1²=0.037324 | ||w||²/d=0.491070 | eps_adapter=1.160164e+00 | residual_overlap=0.028816
Saved checkpoint: results/quality_pretraining/finetunetask1_d100_T5/prestep_0_lr0p01_init1_wseed21_sgdseed22/checkpoints/step_000005000
[step     5050] t/d= 50.500 | task1=3.518910e-01 | |m1|=0.194704 | m1²=0.037910 | ||w||²/d=0.488178 | eps_adapter=1.157580e+00 | residual_overlap=0.028608
[step     5100] t/d= 51.000 | task1=3.516828e-01 | |m1|=0.195350 | m1²=0.038162 | ||w||²/d=0.485067 | eps_adapter=1.155149e+00 | residual_overlap=0.028738
[step     5150] t/d= 51.500 | task1=3.515749e-01 | |m1|=0.197015 | m1²=0.038815 | ||w||²/d=0.484289 | eps_adapter=1.154033e+00 | residual_overlap=0.029168
[step     5200] t/d= 52.000 | task1=3.513079e-01 | |m1|=0.199107 | m1²=0.039644 | ||w||²/d=0.481184 | eps_adapter=1.151137e+00 | residual_overlap=0.029341
[step     5250] t/d= 52.500 | task1=3.512047e-01 | |m1|=0.198452 | m1²=0.039383 | ||w||²/d=0.479271 | eps_adapter=1.150026e+00 | residual_overlap=0.029541
[step     5300] t/d= 53.000 | task1=3.510502e-01 | |m1|=0.200182 | m1²=0.040073 | ||w||²/d=0.477338 | eps_adapter=1.148094e+00 | residual_overlap=0.029494
[step     5350] t/d= 53.500 | task1=3.508041e-01 | |m1|=0.201910 | m1²=0.040768 | ||w||²/d=0.474225 | eps_adapter=1.145357e+00 | residual_overlap=0.029626
[step     5400] t/d= 54.000 | task1=3.506149e-01 | |m1|=0.202808 | m1²=0.041131 | ||w||²/d=0.472455 | eps_adapter=1.143838e+00 | residual_overlap=0.030230
[step     5450] t/d= 54.500 | task1=3.503660e-01 | |m1|=0.203473 | m1²=0.041401 | ||w||²/d=0.469192 | eps_adapter=1.141393e+00 | residual_overlap=0.030393
[step     5500] t/d= 55.000 | task1=3.500827e-01 | |m1|=0.205068 | m1²=0.042053 | ||w||²/d=0.465038 | eps_adapter=1.138053e+00 | residual_overlap=0.030405
[step     5550] t/d= 55.500 | task1=3.497829e-01 | |m1|=0.206478 | m1²=0.042633 | ||w||²/d=0.460862 | eps_adapter=1.134795e+00 | residual_overlap=0.030602
[step     5600] t/d= 56.000 | task1=3.495651e-01 | |m1|=0.209003 | m1²=0.043682 | ||w||²/d=0.458731 | eps_adapter=1.132529e+00 | residual_overlap=0.030909
[step     5650] t/d= 56.500 | task1=3.493633e-01 | |m1|=0.211783 | m1²=0.044852 | ||w||²/d=0.457125 | eps_adapter=1.130521e+00 | residual_overlap=0.031160
[step     5700] t/d= 57.000 | task1=3.491996e-01 | |m1|=0.213384 | m1²=0.045533 | ||w||²/d=0.455015 | eps_adapter=1.128596e+00 | residual_overlap=0.031465
[step     5750] t/d= 57.500 | task1=3.490245e-01 | |m1|=0.215714 | m1²=0.046533 | ||w||²/d=0.453739 | eps_adapter=1.126960e+00 | residual_overlap=0.031841
[step     5800] t/d= 58.000 | task1=3.488050e-01 | |m1|=0.217801 | m1²=0.047437 | ||w||²/d=0.451407 | eps_adapter=1.124735e+00 | residual_overlap=0.032232
[step     5850] t/d= 58.500 | task1=3.485075e-01 | |m1|=0.220932 | m1²=0.048811 | ||w||²/d=0.448412 | eps_adapter=1.121731e+00 | residual_overlap=0.032439
[step     5900] t/d= 59.000 | task1=3.482668e-01 | |m1|=0.222336 | m1²=0.049433 | ||w||²/d=0.445122 | eps_adapter=1.119170e+00 | residual_overlap=0.032730
[step     5950] t/d= 59.500 | task1=3.479847e-01 | |m1|=0.223819 | m1²=0.050095 | ||w||²/d=0.441048 | eps_adapter=1.116119e+00 | residual_overlap=0.033026
[step     6000] t/d= 60.000 | task1=3.478070e-01 | |m1|=0.225407 | m1²=0.050809 | ||w||²/d=0.438560 | eps_adapter=1.114032e+00 | residual_overlap=0.033043
[step     6050] t/d= 60.500 | task1=3.476678e-01 | |m1|=0.226939 | m1²=0.051502 | ||w||²/d=0.437241 | eps_adapter=1.112685e+00 | residual_overlap=0.033490
[step     6100] t/d= 61.000 | task1=3.474764e-01 | |m1|=0.228193 | m1²=0.052072 | ||w||²/d=0.434464 | eps_adapter=1.110561e+00 | residual_overlap=0.033596
[step     6150] t/d= 61.500 | task1=3.473772e-01 | |m1|=0.229581 | m1²=0.052708 | ||w||²/d=0.433501 | eps_adapter=1.109489e+00 | residual_overlap=0.033647
[step     6200] t/d= 62.000 | task1=3.471448e-01 | |m1|=0.230575 | m1²=0.053165 | ||w||²/d=0.429516 | eps_adapter=1.106761e+00 | residual_overlap=0.033848
[step     6250] t/d= 62.500 | task1=3.469759e-01 | |m1|=0.231853 | m1²=0.053756 | ||w||²/d=0.427767 | eps_adapter=1.105276e+00 | residual_overlap=0.034152
[step     6300] t/d= 63.000 | task1=3.467916e-01 | |m1|=0.233030 | m1²=0.054303 | ||w||²/d=0.425202 | eps_adapter=1.103356e+00 | residual_overlap=0.034346
[step     6350] t/d= 63.500 | task1=3.466477e-01 | |m1|=0.234131 | m1²=0.054817 | ||w||²/d=0.423417 | eps_adapter=1.101927e+00 | residual_overlap=0.034520
[step     6400] t/d= 64.000 | task1=3.463547e-01 | |m1|=0.236278 | m1²=0.055827 | ||w||²/d=0.419369 | eps_adapter=1.098837e+00 | residual_overlap=0.034560
[step     6450] t/d= 64.500 | task1=3.461817e-01 | |m1|=0.237152 | m1²=0.056241 | ||w||²/d=0.417165 | eps_adapter=1.097273e+00 | residual_overlap=0.034635
[step     6500] t/d= 65.000 | task1=3.459689e-01 | |m1|=0.238725 | m1²=0.056990 | ||w||²/d=0.413868 | eps_adapter=1.094858e+00 | residual_overlap=0.034874
[step     6550] t/d= 65.500 | task1=3.457554e-01 | |m1|=0.240399 | m1²=0.057792 | ||w||²/d=0.410138 | eps_adapter=1.092191e+00 | residual_overlap=0.034807
[step     6600] t/d= 66.000 | task1=3.456367e-01 | |m1|=0.241587 | m1²=0.058364 | ||w||²/d=0.408045 | eps_adapter=1.090619e+00 | residual_overlap=0.034799
[step     6650] t/d= 66.500 | task1=3.455274e-01 | |m1|=0.243067 | m1²=0.059082 | ||w||²/d=0.407223 | eps_adapter=1.089646e+00 | residual_overlap=0.035084
[step     6700] t/d= 67.000 | task1=3.453928e-01 | |m1|=0.245149 | m1²=0.060098 | ||w||²/d=0.406430 | eps_adapter=1.088474e+00 | residual_overlap=0.035399
[step     6750] t/d= 67.500 | task1=3.452239e-01 | |m1|=0.247102 | m1²=0.061060 | ||w||²/d=0.404410 | eps_adapter=1.086685e+00 | residual_overlap=0.035667
[step     6800] t/d= 68.000 | task1=3.450715e-01 | |m1|=0.248898 | m1²=0.061950 | ||w||²/d=0.402246 | eps_adapter=1.084884e+00 | residual_overlap=0.035605
[step     6850] t/d= 68.500 | task1=3.449012e-01 | |m1|=0.250808 | m1²=0.062905 | ||w||²/d=0.399850 | eps_adapter=1.082929e+00 | residual_overlap=0.035670
[step     6900] t/d= 69.000 | task1=3.447618e-01 | |m1|=0.252305 | m1²=0.063658 | ||w||²/d=0.398428 | eps_adapter=1.081644e+00 | residual_overlap=0.035800
[step     6950] t/d= 69.500 | task1=3.446490e-01 | |m1|=0.254287 | m1²=0.064662 | ||w||²/d=0.397245 | eps_adapter=1.080312e+00 | residual_overlap=0.035852
[step     7000] t/d= 70.000 | task1=3.444381e-01 | |m1|=0.255733 | m1²=0.065399 | ||w||²/d=0.394248 | eps_adapter=1.078240e+00 | residual_overlap=0.036099
[step     7050] t/d= 70.500 | task1=3.443056e-01 | |m1|=0.257687 | m1²=0.066403 | ||w||²/d=0.392642 | eps_adapter=1.076713e+00 | residual_overlap=0.036259
[step     7100] t/d= 71.000 | task1=3.441518e-01 | |m1|=0.259734 | m1²=0.067462 | ||w||²/d=0.391648 | eps_adapter=1.075465e+00 | residual_overlap=0.036572
[step     7150] t/d= 71.500 | task1=3.440289e-01 | |m1|=0.261011 | m1²=0.068127 | ||w||²/d=0.389701 | eps_adapter=1.074018e+00 | residual_overlap=0.036514
[step     7200] t/d= 72.000 | task1=3.439053e-01 | |m1|=0.263208 | m1²=0.069278 | ||w||²/d=0.388189 | eps_adapter=1.072462e+00 | residual_overlap=0.036549
[step     7250] t/d= 72.500 | task1=3.437627e-01 | |m1|=0.265098 | m1²=0.070277 | ||w||²/d=0.385845 | eps_adapter=1.070612e+00 | residual_overlap=0.036774
[step     7300] t/d= 73.000 | task1=3.436046e-01 | |m1|=0.266812 | m1²=0.071188 | ||w||²/d=0.383985 | eps_adapter=1.069073e+00 | residual_overlap=0.036883
[step     7350] t/d= 73.500 | task1=3.434261e-01 | |m1|=0.269496 | m1²=0.072628 | ||w||²/d=0.381508 | eps_adapter=1.066889e+00 | residual_overlap=0.036681
[step     7400] t/d= 74.000 | task1=3.432693e-01 | |m1|=0.271885 | m1²=0.073921 | ||w||²/d=0.380095 | eps_adapter=1.065332e+00 | residual_overlap=0.036814
[step     7450] t/d= 74.500 | task1=3.431840e-01 | |m1|=0.273038 | m1²=0.074550 | ||w||²/d=0.379224 | eps_adapter=1.064492e+00 | residual_overlap=0.037159
[step     7500] t/d= 75.000 | task1=3.429440e-01 | |m1|=0.276168 | m1²=0.076269 | ||w||²/d=0.375512 | eps_adapter=1.061591e+00 | residual_overlap=0.037402
[step     7550] t/d= 75.500 | task1=3.427874e-01 | |m1|=0.279012 | m1²=0.077848 | ||w||²/d=0.374501 | eps_adapter=1.060064e+00 | residual_overlap=0.037591
[step     7600] t/d= 76.000 | task1=3.426828e-01 | |m1|=0.280046 | m1²=0.078426 | ||w||²/d=0.373228 | eps_adapter=1.059094e+00 | residual_overlap=0.037814
[step     7650] t/d= 76.500 | task1=3.426021e-01 | |m1|=0.281278 | m1²=0.079117 | ||w||²/d=0.371571 | eps_adapter=1.057879e+00 | residual_overlap=0.037834
[step     7700] t/d= 77.000 | task1=3.425061e-01 | |m1|=0.283281 | m1²=0.080248 | ||w||²/d=0.370351 | eps_adapter=1.056578e+00 | residual_overlap=0.037816
[step     7750] t/d= 77.500 | task1=3.423292e-01 | |m1|=0.285361 | m1²=0.081431 | ||w||²/d=0.368471 | eps_adapter=1.054957e+00 | residual_overlap=0.038006
[step     7800] t/d= 78.000 | task1=3.422382e-01 | |m1|=0.287163 | m1²=0.082463 | ||w||²/d=0.368535 | eps_adapter=1.054305e+00 | residual_overlap=0.038161
[step     7850] t/d= 78.500 | task1=3.421244e-01 | |m1|=0.289255 | m1²=0.083668 | ||w||²/d=0.368131 | eps_adapter=1.053333e+00 | residual_overlap=0.038418
[step     7900] t/d= 79.000 | task1=3.420410e-01 | |m1|=0.291196 | m1²=0.084795 | ||w||²/d=0.367782 | eps_adapter=1.052438e+00 | residual_overlap=0.038645
[step     7950] t/d= 79.500 | task1=3.418280e-01 | |m1|=0.294596 | m1²=0.086787 | ||w||²/d=0.365758 | eps_adapter=1.050254e+00 | residual_overlap=0.038572
[step     8000] t/d= 80.000 | task1=3.417046e-01 | |m1|=0.296738 | m1²=0.088053 | ||w||²/d=0.364944 | eps_adapter=1.049077e+00 | residual_overlap=0.038703
[step     8050] t/d= 80.500 | task1=3.415220e-01 | |m1|=0.298783 | m1²=0.089272 | ||w||²/d=0.362741 | eps_adapter=1.047351e+00 | residual_overlap=0.038820
[step     8100] t/d= 81.000 | task1=3.413458e-01 | |m1|=0.301137 | m1²=0.090683 | ||w||²/d=0.361042 | eps_adapter=1.045727e+00 | residual_overlap=0.039000
[step     8150] t/d= 81.500 | task1=3.412363e-01 | |m1|=0.303033 | m1²=0.091829 | ||w||²/d=0.359806 | eps_adapter=1.044477e+00 | residual_overlap=0.039214
[step     8200] t/d= 82.000 | task1=3.411551e-01 | |m1|=0.303449 | m1²=0.092081 | ||w||²/d=0.358792 | eps_adapter=1.043898e+00 | residual_overlap=0.039421
[step     8250] t/d= 82.500 | task1=3.410240e-01 | |m1|=0.305422 | m1²=0.093283 | ||w||²/d=0.357639 | eps_adapter=1.042659e+00 | residual_overlap=0.039781
[step     8300] t/d= 83.000 | task1=3.409147e-01 | |m1|=0.307444 | m1²=0.094522 | ||w||²/d=0.357100 | eps_adapter=1.041649e+00 | residual_overlap=0.039865
[step     8350] t/d= 83.500 | task1=3.407435e-01 | |m1|=0.310506 | m1²=0.096414 | ||w||²/d=0.355251 | eps_adapter=1.039705e+00 | residual_overlap=0.039852
[step     8400] t/d= 84.000 | task1=3.405732e-01 | |m1|=0.313569 | m1²=0.098326 | ||w||²/d=0.353436 | eps_adapter=1.037780e+00 | residual_overlap=0.040005
[step     8450] t/d= 84.500 | task1=3.405135e-01 | |m1|=0.315483 | m1²=0.099530 | ||w||²/d=0.353422 | eps_adapter=1.037013e+00 | residual_overlap=0.039997
[step     8500] t/d= 85.000 | task1=3.403809e-01 | |m1|=0.317967 | m1²=0.101103 | ||w||²/d=0.351697 | eps_adapter=1.035357e+00 | residual_overlap=0.040006
[step     8550] t/d= 85.500 | task1=3.402270e-01 | |m1|=0.320414 | m1²=0.102665 | ||w||²/d=0.350487 | eps_adapter=1.033917e+00 | residual_overlap=0.040295
[step     8600] t/d= 86.000 | task1=3.401422e-01 | |m1|=0.322026 | m1²=0.103700 | ||w||²/d=0.350105 | eps_adapter=1.033124e+00 | residual_overlap=0.040377
[step     8650] t/d= 86.500 | task1=3.399958e-01 | |m1|=0.325852 | m1²=0.106180 | ||w||²/d=0.349624 | eps_adapter=1.031393e+00 | residual_overlap=0.040297
[step     8700] t/d= 87.000 | task1=3.398375e-01 | |m1|=0.327943 | m1²=0.107546 | ||w||²/d=0.347673 | eps_adapter=1.029826e+00 | residual_overlap=0.040502
[step     8750] t/d= 87.500 | task1=3.397312e-01 | |m1|=0.328648 | m1²=0.108009 | ||w||²/d=0.346020 | eps_adapter=1.028940e+00 | residual_overlap=0.040724
[step     8800] t/d= 88.000 | task1=3.396033e-01 | |m1|=0.332109 | m1²=0.110297 | ||w||²/d=0.345677 | eps_adapter=1.027401e+00 | residual_overlap=0.040664
[step     8850] t/d= 88.500 | task1=3.394855e-01 | |m1|=0.334520 | m1²=0.111904 | ||w||²/d=0.344802 | eps_adapter=1.026099e+00 | residual_overlap=0.040608
[step     8900] t/d= 89.000 | task1=3.393792e-01 | |m1|=0.336536 | m1²=0.113256 | ||w||²/d=0.344161 | eps_adapter=1.025042e+00 | residual_overlap=0.040709
[step     8950] t/d= 89.500 | task1=3.392721e-01 | |m1|=0.338823 | m1²=0.114801 | ||w||²/d=0.343058 | eps_adapter=1.023711e+00 | residual_overlap=0.040748
[step     9000] t/d= 90.000 | task1=3.391458e-01 | |m1|=0.341249 | m1²=0.116451 | ||w||²/d=0.342143 | eps_adapter=1.022387e+00 | residual_overlap=0.040909
[step     9050] t/d= 90.500 | task1=3.389987e-01 | |m1|=0.343449 | m1²=0.117957 | ||w||²/d=0.340539 | eps_adapter=1.020927e+00 | residual_overlap=0.040891
[step     9100] t/d= 91.000 | task1=3.389221e-01 | |m1|=0.345110 | m1²=0.119101 | ||w||²/d=0.340591 | eps_adapter=1.020248e+00 | residual_overlap=0.041221
[step     9150] t/d= 91.500 | task1=3.387474e-01 | |m1|=0.349044 | m1²=0.121831 | ||w||²/d=0.339735 | eps_adapter=1.018304e+00 | residual_overlap=0.041345
[step     9200] t/d= 92.000 | task1=3.386260e-01 | |m1|=0.350702 | m1²=0.122992 | ||w||²/d=0.338646 | eps_adapter=1.017248e+00 | residual_overlap=0.041560
[step     9250] t/d= 92.500 | task1=3.385224e-01 | |m1|=0.352847 | m1²=0.124501 | ||w||²/d=0.338847 | eps_adapter=1.016398e+00 | residual_overlap=0.041656
[step     9300] t/d= 93.000 | task1=3.383458e-01 | |m1|=0.356245 | m1²=0.126910 | ||w||²/d=0.338322 | eps_adapter=1.014772e+00 | residual_overlap=0.041778
[step     9350] t/d= 93.500 | task1=3.382993e-01 | |m1|=0.357136 | m1²=0.127546 | ||w||²/d=0.337653 | eps_adapter=1.014178e+00 | residual_overlap=0.041927
[step     9400] t/d= 94.000 | task1=3.381758e-01 | |m1|=0.359878 | m1²=0.129512 | ||w||²/d=0.337290 | eps_adapter=1.012878e+00 | residual_overlap=0.041977
[step     9450] t/d= 94.500 | task1=3.380837e-01 | |m1|=0.362231 | m1²=0.131211 | ||w||²/d=0.336391 | eps_adapter=1.011579e+00 | residual_overlap=0.041855
[step     9500] t/d= 95.000 | task1=3.379783e-01 | |m1|=0.364462 | m1²=0.132833 | ||w||²/d=0.334825 | eps_adapter=1.010135e+00 | residual_overlap=0.041845
[step     9550] t/d= 95.500 | task1=3.378256e-01 | |m1|=0.367319 | m1²=0.134923 | ||w||²/d=0.333260 | eps_adapter=1.008424e+00 | residual_overlap=0.041761
[step     9600] t/d= 96.000 | task1=3.377666e-01 | |m1|=0.368667 | m1²=0.135915 | ||w||²/d=0.332905 | eps_adapter=1.007729e+00 | residual_overlap=0.041885
[step     9650] t/d= 96.500 | task1=3.376542e-01 | |m1|=0.371126 | m1²=0.137735 | ||w||²/d=0.331820 | eps_adapter=1.006336e+00 | residual_overlap=0.041873
[step     9700] t/d= 97.000 | task1=3.375319e-01 | |m1|=0.374129 | m1²=0.139972 | ||w||²/d=0.331364 | eps_adapter=1.004880e+00 | residual_overlap=0.041875
[step     9750] t/d= 97.500 | task1=3.374250e-01 | |m1|=0.376186 | m1²=0.141516 | ||w||²/d=0.330267 | eps_adapter=1.003662e+00 | residual_overlap=0.041717
[step     9800] t/d= 98.000 | task1=3.372668e-01 | |m1|=0.379757 | m1²=0.144216 | ||w||²/d=0.329413 | eps_adapter=1.001836e+00 | residual_overlap=0.041808
[step     9850] t/d= 98.500 | task1=3.371121e-01 | |m1|=0.382757 | m1²=0.146503 | ||w||²/d=0.329382 | eps_adapter=1.000480e+00 | residual_overlap=0.041948
[step     9900] t/d= 99.000 | task1=3.369768e-01 | |m1|=0.385951 | m1²=0.148958 | ||w||²/d=0.328467 | eps_adapter=9.987954e-01 | residual_overlap=0.041879
[step     9950] t/d= 99.500 | task1=3.368579e-01 | |m1|=0.387779 | m1²=0.150372 | ||w||²/d=0.327445 | eps_adapter=9.977029e-01 | residual_overlap=0.041962
[step    10000] t/d=100.000 | task1=3.367846e-01 | |m1|=0.388916 | m1²=0.151256 | ||w||²/d=0.327118 | eps_adapter=9.971027e-01 | residual_overlap=0.042161
[step    10050] t/d=100.500 | task1=3.366973e-01 | |m1|=0.390902 | m1²=0.152805 | ||w||²/d=0.326917 | eps_adapter=9.961460e-01 | residual_overlap=0.042390
[step    10100] t/d=101.000 | task1=3.365574e-01 | |m1|=0.393290 | m1²=0.154677 | ||w||²/d=0.325538 | eps_adapter=9.947126e-01 | residual_overlap=0.042579
[step    10150] t/d=101.500 | task1=3.364383e-01 | |m1|=0.395435 | m1²=0.156369 | ||w||²/d=0.324719 | eps_adapter=9.935301e-01 | residual_overlap=0.042649
[step    10200] t/d=102.000 | task1=3.362362e-01 | |m1|=0.397989 | m1²=0.158395 | ||w||²/d=0.322547 | eps_adapter=9.918434e-01 | residual_overlap=0.042746
[step    10250] t/d=102.500 | task1=3.360762e-01 | |m1|=0.400790 | m1²=0.160632 | ||w||²/d=0.321746 | eps_adapter=9.903700e-01 | residual_overlap=0.042890
[step    10300] t/d=103.000 | task1=3.359904e-01 | |m1|=0.403076 | m1²=0.162470 | ||w||²/d=0.320724 | eps_adapter=9.890839e-01 | residual_overlap=0.042811
[step    10350] t/d=103.500 | task1=3.358708e-01 | |m1|=0.405471 | m1²=0.164407 | ||w||²/d=0.320724 | eps_adapter=9.879724e-01 | residual_overlap=0.042958
[step    10400] t/d=104.000 | task1=3.357437e-01 | |m1|=0.407885 | m1²=0.166370 | ||w||²/d=0.319173 | eps_adapter=9.865135e-01 | residual_overlap=0.043115
[step    10450] t/d=104.500 | task1=3.356031e-01 | |m1|=0.409905 | m1²=0.168022 | ||w||²/d=0.317629 | eps_adapter=9.852476e-01 | residual_overlap=0.043178
[step    10500] t/d=105.000 | task1=3.354722e-01 | |m1|=0.413067 | m1²=0.170624 | ||w||²/d=0.317396 | eps_adapter=9.837217e-01 | residual_overlap=0.043209
[step    10550] t/d=105.500 | task1=3.353383e-01 | |m1|=0.415497 | m1²=0.172638 | ||w||²/d=0.317617 | eps_adapter=9.826223e-01 | residual_overlap=0.043352
[step    10600] t/d=106.000 | task1=3.352167e-01 | |m1|=0.418206 | m1²=0.174896 | ||w||²/d=0.316813 | eps_adapter=9.811828e-01 | residual_overlap=0.043331
[step    10650] t/d=106.500 | task1=3.351142e-01 | |m1|=0.420716 | m1²=0.177002 | ||w||²/d=0.317035 | eps_adapter=9.800313e-01 | residual_overlap=0.043441
[step    10700] t/d=107.000 | task1=3.350241e-01 | |m1|=0.422857 | m1²=0.178808 | ||w||²/d=0.317099 | eps_adapter=9.790192e-01 | residual_overlap=0.043727
[step    10750] t/d=107.500 | task1=3.348778e-01 | |m1|=0.425864 | m1²=0.181360 | ||w||²/d=0.316102 | eps_adapter=9.773897e-01 | residual_overlap=0.043756
[step    10800] t/d=108.000 | task1=3.347371e-01 | |m1|=0.428814 | m1²=0.183881 | ||w||²/d=0.316640 | eps_adapter=9.760594e-01 | residual_overlap=0.043923
[step    10850] t/d=108.500 | task1=3.346173e-01 | |m1|=0.431266 | m1²=0.185990 | ||w||²/d=0.316253 | eps_adapter=9.747974e-01 | residual_overlap=0.044020
[step    10900] t/d=109.000 | task1=3.345338e-01 | |m1|=0.433192 | m1²=0.187655 | ||w||²/d=0.315895 | eps_adapter=9.737943e-01 | residual_overlap=0.044066
[step    10950] t/d=109.500 | task1=3.343498e-01 | |m1|=0.437038 | m1²=0.191002 | ||w||²/d=0.315085 | eps_adapter=9.717709e-01 | residual_overlap=0.043992
[step    11000] t/d=110.000 | task1=3.342487e-01 | |m1|=0.439679 | m1²=0.193317 | ||w||²/d=0.315926 | eps_adapter=9.705995e-01 | residual_overlap=0.044029
[step    11050] t/d=110.500 | task1=3.340836e-01 | |m1|=0.442700 | m1²=0.195983 | ||w||²/d=0.316079 | eps_adapter=9.691165e-01 | residual_overlap=0.044404
[step    11100] t/d=111.000 | task1=3.339642e-01 | |m1|=0.445235 | m1²=0.198234 | ||w||²/d=0.315865 | eps_adapter=9.678114e-01 | residual_overlap=0.044401
[step    11150] t/d=111.500 | task1=3.338023e-01 | |m1|=0.447867 | m1²=0.200585 | ||w||²/d=0.314356 | eps_adapter=9.662634e-01 | residual_overlap=0.044365
[step    11200] t/d=112.000 | task1=3.336310e-01 | |m1|=0.451035 | m1²=0.203432 | ||w||²/d=0.314791 | eps_adapter=9.647229e-01 | residual_overlap=0.044645
[step    11250] t/d=112.500 | task1=3.335628e-01 | |m1|=0.452398 | m1²=0.204664 | ||w||²/d=0.314744 | eps_adapter=9.640226e-01 | residual_overlap=0.044652
[step    11300] t/d=113.000 | task1=3.332897e-01 | |m1|=0.457129 | m1²=0.208967 | ||w||²/d=0.314599 | eps_adapter=9.615812e-01 | residual_overlap=0.044687
[step    11350] t/d=113.500 | task1=3.331489e-01 | |m1|=0.459856 | m1²=0.211467 | ||w||²/d=0.314107 | eps_adapter=9.601125e-01 | residual_overlap=0.044753
[step    11400] t/d=114.000 | task1=3.330025e-01 | |m1|=0.462393 | m1²=0.213808 | ||w||²/d=0.313734 | eps_adapter=9.587526e-01 | residual_overlap=0.044871
[step    11450] t/d=114.500 | task1=3.329288e-01 | |m1|=0.464033 | m1²=0.215327 | ||w||²/d=0.313429 | eps_adapter=9.578644e-01 | residual_overlap=0.045009
[step    11500] t/d=115.000 | task1=3.327694e-01 | |m1|=0.467147 | m1²=0.218226 | ||w||²/d=0.312099 | eps_adapter=9.560921e-01 | residual_overlap=0.044945
[step    11550] t/d=115.500 | task1=3.325933e-01 | |m1|=0.470484 | m1²=0.221355 | ||w||²/d=0.312006 | eps_adapter=9.543354e-01 | residual_overlap=0.045113
[step    11600] t/d=116.000 | task1=3.324478e-01 | |m1|=0.472974 | m1²=0.223704 | ||w||²/d=0.312060 | eps_adapter=9.530295e-01 | residual_overlap=0.045080
[step    11650] t/d=116.500 | task1=3.323579e-01 | |m1|=0.475574 | m1²=0.226171 | ||w||²/d=0.311809 | eps_adapter=9.516288e-01 | residual_overlap=0.045044
[step    11700] t/d=117.000 | task1=3.321695e-01 | |m1|=0.479649 | m1²=0.230063 | ||w||²/d=0.313230 | eps_adapter=9.495835e-01 | residual_overlap=0.045090
[step    11750] t/d=117.500 | task1=3.320012e-01 | |m1|=0.482178 | m1²=0.232495 | ||w||²/d=0.312258 | eps_adapter=9.481382e-01 | residual_overlap=0.045340
[step    11800] t/d=118.000 | task1=3.318483e-01 | |m1|=0.485056 | m1²=0.235279 | ||w||²/d=0.312133 | eps_adapter=9.465732e-01 | residual_overlap=0.045353
[step    11850] t/d=118.500 | task1=3.317582e-01 | |m1|=0.486823 | m1²=0.236996 | ||w||²/d=0.312585 | eps_adapter=9.456486e-01 | residual_overlap=0.045239
[step    11900] t/d=119.000 | task1=3.315677e-01 | |m1|=0.490300 | m1²=0.240394 | ||w||²/d=0.312907 | eps_adapter=9.437711e-01 | residual_overlap=0.045426
[step    11950] t/d=119.500 | task1=3.314516e-01 | |m1|=0.492734 | m1²=0.242786 | ||w||²/d=0.312128 | eps_adapter=9.423808e-01 | residual_overlap=0.045675
[step    12000] t/d=120.000 | task1=3.312997e-01 | |m1|=0.495446 | m1²=0.245467 | ||w||²/d=0.312110 | eps_adapter=9.408830e-01 | residual_overlap=0.045517
[step    12050] t/d=120.500 | task1=3.310963e-01 | |m1|=0.498680 | m1²=0.248682 | ||w||²/d=0.312076 | eps_adapter=9.390859e-01 | residual_overlap=0.045546
[step    12100] t/d=121.000 | task1=3.309101e-01 | |m1|=0.502035 | m1²=0.252039 | ||w||²/d=0.311007 | eps_adapter=9.371608e-01 | residual_overlap=0.045437
[step    12150] t/d=121.500 | task1=3.307662e-01 | |m1|=0.504379 | m1²=0.254398 | ||w||²/d=0.310829 | eps_adapter=9.358406e-01 | residual_overlap=0.045744
[step    12200] t/d=122.000 | task1=3.306335e-01 | |m1|=0.506641 | m1²=0.256685 | ||w||²/d=0.310936 | eps_adapter=9.345726e-01 | residual_overlap=0.045809
[step    12250] t/d=122.500 | task1=3.305307e-01 | |m1|=0.508899 | m1²=0.258979 | ||w||²/d=0.311469 | eps_adapter=9.333155e-01 | residual_overlap=0.045625
[step    12300] t/d=123.000 | task1=3.303792e-01 | |m1|=0.511528 | m1²=0.261661 | ||w||²/d=0.311550 | eps_adapter=9.318231e-01 | residual_overlap=0.045788
[step    12350] t/d=123.500 | task1=3.302210e-01 | |m1|=0.515066 | m1²=0.265293 | ||w||²/d=0.310863 | eps_adapter=9.297831e-01 | residual_overlap=0.045318
[step    12400] t/d=124.000 | task1=3.301164e-01 | |m1|=0.517401 | m1²=0.267704 | ||w||²/d=0.310004 | eps_adapter=9.284266e-01 | residual_overlap=0.045212
[step    12450] t/d=124.500 | task1=3.299773e-01 | |m1|=0.519967 | m1²=0.270365 | ||w||²/d=0.309300 | eps_adapter=9.269423e-01 | residual_overlap=0.045115
[step    12500] t/d=125.000 | task1=3.298272e-01 | |m1|=0.522484 | m1²=0.272989 | ||w||²/d=0.309689 | eps_adapter=9.254930e-01 | residual_overlap=0.045208
[step    12550] t/d=125.500 | task1=3.296693e-01 | |m1|=0.525113 | m1²=0.275744 | ||w||²/d=0.309026 | eps_adapter=9.239658e-01 | residual_overlap=0.045204
[step    12600] t/d=126.000 | task1=3.294456e-01 | |m1|=0.528656 | m1²=0.279477 | ||w||²/d=0.309393 | eps_adapter=9.219000e-01 | residual_overlap=0.045268
[step    12650] t/d=126.500 | task1=3.292858e-01 | |m1|=0.531388 | m1²=0.282373 | ||w||²/d=0.309553 | eps_adapter=9.202953e-01 | residual_overlap=0.045220
[step    12700] t/d=127.000 | task1=3.291551e-01 | |m1|=0.533219 | m1²=0.284322 | ||w||²/d=0.310220 | eps_adapter=9.192076e-01 | residual_overlap=0.045200
[step    12750] t/d=127.500 | task1=3.290263e-01 | |m1|=0.535551 | m1²=0.286815 | ||w||²/d=0.309930 | eps_adapter=9.178289e-01 | residual_overlap=0.045100
[step    12800] t/d=128.000 | task1=3.287974e-01 | |m1|=0.539287 | m1²=0.290831 | ||w||²/d=0.309598 | eps_adapter=9.156105e-01 | residual_overlap=0.045056
[step    12850] t/d=128.500 | task1=3.285887e-01 | |m1|=0.543025 | m1²=0.294876 | ||w||²/d=0.309555 | eps_adapter=9.133713e-01 | residual_overlap=0.044932
[step    12900] t/d=129.000 | task1=3.283522e-01 | |m1|=0.547017 | m1²=0.299227 | ||w||²/d=0.309479 | eps_adapter=9.109645e-01 | residual_overlap=0.044786
[step    12950] t/d=129.500 | task1=3.282122e-01 | |m1|=0.548845 | m1²=0.301230 | ||w||²/d=0.309698 | eps_adapter=9.098460e-01 | residual_overlap=0.044940
[step    13000] t/d=130.000 | task1=3.280729e-01 | |m1|=0.551461 | m1²=0.304110 | ||w||²/d=0.309221 | eps_adapter=9.082741e-01 | residual_overlap=0.044783
[step    13050] t/d=130.500 | task1=3.278963e-01 | |m1|=0.554466 | m1²=0.307433 | ||w||²/d=0.308813 | eps_adapter=9.064582e-01 | residual_overlap=0.044588
[step    13100] t/d=131.000 | task1=3.277048e-01 | |m1|=0.556694 | m1²=0.309909 | ||w||²/d=0.309424 | eps_adapter=9.050540e-01 | residual_overlap=0.044871
[step    13150] t/d=131.500 | task1=3.275339e-01 | |m1|=0.559476 | m1²=0.313014 | ||w||²/d=0.308914 | eps_adapter=9.033684e-01 | residual_overlap=0.044794
[step    13200] t/d=132.000 | task1=3.274065e-01 | |m1|=0.562369 | m1²=0.316259 | ||w||²/d=0.308880 | eps_adapter=9.015773e-01 | residual_overlap=0.044609
[step    13250] t/d=132.500 | task1=3.272519e-01 | |m1|=0.564805 | m1²=0.319005 | ||w||²/d=0.308515 | eps_adapter=9.000881e-01 | residual_overlap=0.044718
[step    13300] t/d=133.000 | task1=3.270802e-01 | |m1|=0.567891 | m1²=0.322500 | ||w||²/d=0.308616 | eps_adapter=8.981506e-01 | residual_overlap=0.044644
[step    13350] t/d=133.500 | task1=3.269381e-01 | |m1|=0.570382 | m1²=0.325336 | ||w||²/d=0.308675 | eps_adapter=8.965796e-01 | residual_overlap=0.044551
[step    13400] t/d=134.000 | task1=3.267188e-01 | |m1|=0.573474 | m1²=0.328872 | ||w||²/d=0.308437 | eps_adapter=8.946492e-01 | residual_overlap=0.044616
[step    13450] t/d=134.500 | task1=3.265298e-01 | |m1|=0.577262 | m1²=0.333231 | ||w||²/d=0.308533 | eps_adapter=8.922340e-01 | residual_overlap=0.044199
[step    13500] t/d=135.000 | task1=3.263668e-01 | |m1|=0.579793 | m1²=0.336160 | ||w||²/d=0.309480 | eps_adapter=8.905163e-01 | residual_overlap=0.044190
[step    13550] t/d=135.500 | task1=3.262546e-01 | |m1|=0.581721 | m1²=0.338400 | ||w||²/d=0.310185 | eps_adapter=8.891991e-01 | residual_overlap=0.044156
[step    13600] t/d=136.000 | task1=3.260131e-01 | |m1|=0.585262 | m1²=0.342531 | ||w||²/d=0.310793 | eps_adapter=8.868358e-01 | residual_overlap=0.044056
[step    13650] t/d=136.500 | task1=3.258792e-01 | |m1|=0.588036 | m1²=0.345786 | ||w||²/d=0.311177 | eps_adapter=8.849796e-01 | residual_overlap=0.043870
[step    13700] t/d=137.000 | task1=3.256977e-01 | |m1|=0.591032 | m1²=0.349319 | ||w||²/d=0.312155 | eps_adapter=8.828894e-01 | residual_overlap=0.043744
[step    13750] t/d=137.500 | task1=3.255662e-01 | |m1|=0.592776 | m1²=0.351383 | ||w||²/d=0.312892 | eps_adapter=8.816421e-01 | residual_overlap=0.043892
[step    13800] t/d=138.000 | task1=3.252991e-01 | |m1|=0.596541 | m1²=0.355861 | ||w||²/d=0.313298 | eps_adapter=8.790803e-01 | residual_overlap=0.043841
[step    13850] t/d=138.500 | task1=3.251224e-01 | |m1|=0.599340 | m1²=0.359208 | ||w||²/d=0.314051 | eps_adapter=8.770985e-01 | residual_overlap=0.043618
[step    13900] t/d=139.000 | task1=3.249798e-01 | |m1|=0.601682 | m1²=0.362021 | ||w||²/d=0.314563 | eps_adapter=8.754439e-01 | residual_overlap=0.043454
[step    13950] t/d=139.500 | task1=3.247844e-01 | |m1|=0.605755 | m1²=0.366939 | ||w||²/d=0.314549 | eps_adapter=8.726784e-01 | residual_overlap=0.042734
[step    14000] t/d=140.000 | task1=3.245887e-01 | |m1|=0.608479 | m1²=0.370247 | ||w||²/d=0.315204 | eps_adapter=8.707130e-01 | residual_overlap=0.042599
[step    14050] t/d=140.500 | task1=3.244753e-01 | |m1|=0.609851 | m1²=0.371919 | ||w||²/d=0.315591 | eps_adapter=8.697083e-01 | residual_overlap=0.042686
[step    14100] t/d=141.000 | task1=3.242700e-01 | |m1|=0.613251 | m1²=0.376077 | ||w||²/d=0.315786 | eps_adapter=8.673278e-01 | residual_overlap=0.042425
[step    14150] t/d=141.500 | task1=3.240935e-01 | |m1|=0.615753 | m1²=0.379152 | ||w||²/d=0.316425 | eps_adapter=8.654804e-01 | residual_overlap=0.042274
[step    14200] t/d=142.000 | task1=3.238938e-01 | |m1|=0.617808 | m1²=0.381686 | ||w||²/d=0.317909 | eps_adapter=8.637856e-01 | residual_overlap=0.042425
[step    14250] t/d=142.500 | task1=3.236533e-01 | |m1|=0.620914 | m1²=0.385534 | ||w||²/d=0.320163 | eps_adapter=8.611932e-01 | residual_overlap=0.042098
[step    14300] t/d=143.000 | task1=3.234296e-01 | |m1|=0.623928 | m1²=0.389286 | ||w||²/d=0.321273 | eps_adapter=8.588411e-01 | residual_overlap=0.041879
[step    14350] t/d=143.500 | task1=3.232756e-01 | |m1|=0.626480 | m1²=0.392478 | ||w||²/d=0.322084 | eps_adapter=8.568547e-01 | residual_overlap=0.041760
[step    14400] t/d=144.000 | task1=3.231150e-01 | |m1|=0.629327 | m1²=0.396052 | ||w||²/d=0.322016 | eps_adapter=8.548082e-01 | residual_overlap=0.041571
[step    14450] t/d=144.500 | task1=3.229661e-01 | |m1|=0.631393 | m1²=0.398657 | ||w||²/d=0.323482 | eps_adapter=8.530187e-01 | residual_overlap=0.041554
[step    14500] t/d=145.000 | task1=3.227509e-01 | |m1|=0.634475 | m1²=0.402558 | ||w||²/d=0.324185 | eps_adapter=8.506195e-01 | residual_overlap=0.041349
[step    14550] t/d=145.500 | task1=3.224636e-01 | |m1|=0.638306 | m1²=0.407435 | ||w||²/d=0.325445 | eps_adapter=8.475274e-01 | residual_overlap=0.041255
[step    14600] t/d=146.000 | task1=3.222504e-01 | |m1|=0.641280 | m1²=0.411240 | ||w||²/d=0.325475 | eps_adapter=8.453057e-01 | residual_overlap=0.041118
[step    14650] t/d=146.500 | task1=3.219768e-01 | |m1|=0.644770 | m1²=0.415728 | ||w||²/d=0.326534 | eps_adapter=8.424573e-01 | residual_overlap=0.040935
[step    14700] t/d=147.000 | task1=3.218039e-01 | |m1|=0.646858 | m1²=0.418425 | ||w||²/d=0.327338 | eps_adapter=8.407006e-01 | residual_overlap=0.040787
[step    14750] t/d=147.500 | task1=3.215392e-01 | |m1|=0.649942 | m1²=0.422425 | ||w||²/d=0.329006 | eps_adapter=8.379735e-01 | residual_overlap=0.040511
[step    14800] t/d=148.000 | task1=3.213023e-01 | |m1|=0.653026 | m1²=0.426443 | ||w||²/d=0.330416 | eps_adapter=8.352765e-01 | residual_overlap=0.040022
[step    14850] t/d=148.500 | task1=3.210797e-01 | |m1|=0.655841 | m1²=0.430127 | ||w||²/d=0.330591 | eps_adapter=8.330567e-01 | residual_overlap=0.039996
[step    14900] t/d=149.000 | task1=3.208313e-01 | |m1|=0.658287 | m1²=0.433342 | ||w||²/d=0.332335 | eps_adapter=8.307284e-01 | residual_overlap=0.039984
[step    14950] t/d=149.500 | task1=3.205695e-01 | |m1|=0.661681 | m1²=0.437822 | ||w||²/d=0.332654 | eps_adapter=8.279848e-01 | residual_overlap=0.039874
[step    15000] t/d=150.000 | task1=3.203409e-01 | |m1|=0.663961 | m1²=0.440844 | ||w||²/d=0.335407 | eps_adapter=8.254867e-01 | residual_overlap=0.039730
[step    15050] t/d=150.500 | task1=3.200666e-01 | |m1|=0.668168 | m1²=0.446448 | ||w||²/d=0.335407 | eps_adapter=8.221242e-01 | residual_overlap=0.039255
[step    15100] t/d=151.000 | task1=3.198075e-01 | |m1|=0.671412 | m1²=0.450794 | ||w||²/d=0.335951 | eps_adapter=8.193697e-01 | residual_overlap=0.039123
[step    15150] t/d=151.500 | task1=3.194999e-01 | |m1|=0.674690 | m1²=0.455206 | ||w||²/d=0.337547 | eps_adapter=8.162782e-01 | residual_overlap=0.039057
[step    15200] t/d=152.000 | task1=3.191727e-01 | |m1|=0.678152 | m1²=0.459890 | ||w||²/d=0.340336 | eps_adapter=8.126677e-01 | residual_overlap=0.038731
[step    15250] t/d=152.500 | task1=3.189800e-01 | |m1|=0.680329 | m1²=0.462847 | ||w||²/d=0.340791 | eps_adapter=8.107385e-01 | residual_overlap=0.038455
[step    15300] t/d=153.000 | task1=3.187008e-01 | |m1|=0.683709 | m1²=0.467457 | ||w||²/d=0.342161 | eps_adapter=8.075309e-01 | residual_overlap=0.038193
[step    15350] t/d=153.500 | task1=3.184444e-01 | |m1|=0.687030 | m1²=0.472010 | ||w||²/d=0.342807 | eps_adapter=8.045528e-01 | residual_overlap=0.038063
[step    15400] t/d=154.000 | task1=3.181731e-01 | |m1|=0.689800 | m1²=0.475825 | ||w||²/d=0.344587 | eps_adapter=8.016770e-01 | residual_overlap=0.037863
[step    15450] t/d=154.500 | task1=3.178628e-01 | |m1|=0.693413 | m1²=0.480822 | ||w||²/d=0.345380 | eps_adapter=7.983518e-01 | residual_overlap=0.037641
[step    15500] t/d=155.000 | task1=3.176445e-01 | |m1|=0.696014 | m1²=0.484435 | ||w||²/d=0.346043 | eps_adapter=7.959114e-01 | residual_overlap=0.037435
[step    15550] t/d=155.500 | task1=3.173776e-01 | |m1|=0.698839 | m1²=0.488375 | ||w||²/d=0.348060 | eps_adapter=7.928303e-01 | residual_overlap=0.037170
[step    15600] t/d=156.000 | task1=3.171124e-01 | |m1|=0.701827 | m1²=0.492561 | ||w||²/d=0.348658 | eps_adapter=7.900300e-01 | residual_overlap=0.036863
[step    15650] t/d=156.500 | task1=3.168822e-01 | |m1|=0.704743 | m1²=0.496663 | ||w||²/d=0.348537 | eps_adapter=7.875118e-01 | residual_overlap=0.036791
[step    15700] t/d=157.000 | task1=3.166188e-01 | |m1|=0.707443 | m1²=0.500475 | ||w||²/d=0.350159 | eps_adapter=7.845889e-01 | residual_overlap=0.036625
[step    15750] t/d=157.500 | task1=3.163466e-01 | |m1|=0.710103 | m1²=0.504247 | ||w||²/d=0.351749 | eps_adapter=7.816852e-01 | residual_overlap=0.036540
[step    15800] t/d=158.000 | task1=3.161471e-01 | |m1|=0.712569 | m1²=0.507755 | ||w||²/d=0.351686 | eps_adapter=7.794992e-01 | residual_overlap=0.036431
[step    15850] t/d=158.500 | task1=3.157837e-01 | |m1|=0.716298 | m1²=0.513083 | ||w||²/d=0.352936 | eps_adapter=7.757043e-01 | residual_overlap=0.036342
[step    15900] t/d=159.000 | task1=3.155674e-01 | |m1|=0.718270 | m1²=0.515912 | ||w||²/d=0.354568 | eps_adapter=7.733355e-01 | residual_overlap=0.036300
[step    15950] t/d=159.500 | task1=3.152981e-01 | |m1|=0.721389 | m1²=0.520403 | ||w||²/d=0.355642 | eps_adapter=7.700976e-01 | residual_overlap=0.035761
[step    16000] t/d=160.000 | task1=3.151019e-01 | |m1|=0.723058 | m1²=0.522813 | ||w||²/d=0.356116 | eps_adapter=7.683907e-01 | residual_overlap=0.035940
[step    16050] t/d=160.500 | task1=3.147790e-01 | |m1|=0.726010 | m1²=0.527091 | ||w||²/d=0.358807 | eps_adapter=7.646668e-01 | residual_overlap=0.035658
[step    16100] t/d=161.000 | task1=3.145141e-01 | |m1|=0.728941 | m1²=0.531355 | ||w||²/d=0.359612 | eps_adapter=7.616273e-01 | residual_overlap=0.035343
[step    16150] t/d=161.500 | task1=3.141556e-01 | |m1|=0.732178 | m1²=0.536084 | ||w||²/d=0.361101 | eps_adapter=7.580152e-01 | residual_overlap=0.035171
[step    16200] t/d=162.000 | task1=3.138561e-01 | |m1|=0.734974 | m1²=0.540186 | ||w||²/d=0.362112 | eps_adapter=7.549733e-01 | residual_overlap=0.034895
[step    16250] t/d=162.500 | task1=3.136503e-01 | |m1|=0.736869 | m1²=0.542975 | ||w||²/d=0.362684 | eps_adapter=7.529426e-01 | residual_overlap=0.034874
[step    16300] t/d=163.000 | task1=3.133735e-01 | |m1|=0.739477 | m1²=0.546826 | ||w||²/d=0.364143 | eps_adapter=7.498653e-01 | residual_overlap=0.034728
[step    16350] t/d=163.500 | task1=3.130779e-01 | |m1|=0.741897 | m1²=0.550412 | ||w||²/d=0.366368 | eps_adapter=7.466390e-01 | residual_overlap=0.034401
[step    16400] t/d=164.000 | task1=3.127623e-01 | |m1|=0.744312 | m1²=0.554001 | ||w||²/d=0.367738 | eps_adapter=7.437334e-01 | residual_overlap=0.034522
[step    16450] t/d=164.500 | task1=3.124770e-01 | |m1|=0.747655 | m1²=0.558989 | ||w||²/d=0.367796 | eps_adapter=7.404280e-01 | residual_overlap=0.034170
[step    16500] t/d=165.000 | task1=3.122425e-01 | |m1|=0.749859 | m1²=0.562289 | ||w||²/d=0.368733 | eps_adapter=7.378661e-01 | residual_overlap=0.034022
[step    16550] t/d=165.500 | task1=3.119681e-01 | |m1|=0.752120 | m1²=0.565684 | ||w||²/d=0.370022 | eps_adapter=7.350840e-01 | residual_overlap=0.033784
[step    16600] t/d=166.000 | task1=3.117052e-01 | |m1|=0.754157 | m1²=0.568753 | ||w||²/d=0.371810 | eps_adapter=7.322944e-01 | residual_overlap=0.033759
[step    16650] t/d=166.500 | task1=3.115215e-01 | |m1|=0.755584 | m1²=0.570907 | ||w||²/d=0.372694 | eps_adapter=7.304849e-01 | residual_overlap=0.033786
[step    16700] t/d=167.000 | task1=3.112521e-01 | |m1|=0.757449 | m1²=0.573729 | ||w||²/d=0.374806 | eps_adapter=7.276989e-01 | residual_overlap=0.033768
[step    16750] t/d=167.500 | task1=3.110584e-01 | |m1|=0.758940 | m1²=0.575990 | ||w||²/d=0.376243 | eps_adapter=7.255661e-01 | residual_overlap=0.033633
[step    16800] t/d=168.000 | task1=3.106719e-01 | |m1|=0.761926 | m1²=0.580531 | ||w||²/d=0.378750 | eps_adapter=7.214199e-01 | residual_overlap=0.033362
[step    16850] t/d=168.500 | task1=3.103336e-01 | |m1|=0.764284 | m1²=0.584130 | ||w||²/d=0.382217 | eps_adapter=7.174692e-01 | residual_overlap=0.033085
[step    16900] t/d=169.000 | task1=3.100127e-01 | |m1|=0.766778 | m1²=0.587949 | ||w||²/d=0.383551 | eps_adapter=7.142725e-01 | residual_overlap=0.032992
[step    16950] t/d=169.500 | task1=3.097930e-01 | |m1|=0.768818 | m1²=0.591081 | ||w||²/d=0.384251 | eps_adapter=7.118128e-01 | residual_overlap=0.032812
[step    17000] t/d=170.000 | task1=3.095636e-01 | |m1|=0.770529 | m1²=0.593715 | ||w||²/d=0.385343 | eps_adapter=7.095149e-01 | residual_overlap=0.032639
[step    17050] t/d=170.500 | task1=3.091643e-01 | |m1|=0.773653 | m1²=0.598539 | ||w||²/d=0.387010 | eps_adapter=7.054348e-01 | residual_overlap=0.032564
[step    17100] t/d=171.000 | task1=3.089668e-01 | |m1|=0.775317 | m1²=0.601116 | ||w||²/d=0.387669 | eps_adapter=7.033495e-01 | residual_overlap=0.032559
[step    17150] t/d=171.500 | task1=3.086669e-01 | |m1|=0.777576 | m1²=0.604625 | ||w||²/d=0.388835 | eps_adapter=7.003795e-01 | residual_overlap=0.032480
[step    17200] t/d=172.000 | task1=3.082942e-01 | |m1|=0.780174 | m1²=0.608672 | ||w||²/d=0.391008 | eps_adapter=6.965539e-01 | residual_overlap=0.032348
[step    17250] t/d=172.500 | task1=3.080923e-01 | |m1|=0.781734 | m1²=0.611108 | ||w||²/d=0.391539 | eps_adapter=6.946020e-01 | residual_overlap=0.032288
[step    17300] t/d=173.000 | task1=3.077125e-01 | |m1|=0.784267 | m1²=0.615075 | ||w||²/d=0.394011 | eps_adapter=6.906570e-01 | residual_overlap=0.031958
[step    17350] t/d=173.500 | task1=3.075350e-01 | |m1|=0.785846 | m1²=0.617553 | ||w||²/d=0.394728 | eps_adapter=6.885702e-01 | residual_overlap=0.031789
[step    17400] t/d=174.000 | task1=3.072381e-01 | |m1|=0.788097 | m1²=0.621096 | ||w||²/d=0.396099 | eps_adapter=6.854123e-01 | residual_overlap=0.031527
[step    17450] t/d=174.500 | task1=3.068716e-01 | |m1|=0.789821 | m1²=0.623818 | ||w||²/d=0.399749 | eps_adapter=6.817349e-01 | residual_overlap=0.031620
[step    17500] t/d=175.000 | task1=3.066454e-01 | |m1|=0.791671 | m1²=0.626743 | ||w||²/d=0.401120 | eps_adapter=6.789839e-01 | residual_overlap=0.031299
[step    17550] t/d=175.500 | task1=3.063906e-01 | |m1|=0.793756 | m1²=0.630048 | ||w||²/d=0.402118 | eps_adapter=6.761287e-01 | residual_overlap=0.031173
[step    17600] t/d=176.000 | task1=3.060035e-01 | |m1|=0.796576 | m1²=0.634533 | ||w||²/d=0.404935 | eps_adapter=6.715234e-01 | residual_overlap=0.030941
[step    17650] t/d=176.500 | task1=3.056353e-01 | |m1|=0.799169 | m1²=0.638670 | ||w||²/d=0.407829 | eps_adapter=6.671015e-01 | residual_overlap=0.030680
[step    17700] t/d=177.000 | task1=3.052471e-01 | |m1|=0.801991 | m1²=0.643189 | ||w||²/d=0.409812 | eps_adapter=6.628204e-01 | residual_overlap=0.030454
[step    17750] t/d=177.500 | task1=3.049379e-01 | |m1|=0.804067 | m1²=0.646524 | ||w||²/d=0.411665 | eps_adapter=6.594496e-01 | residual_overlap=0.030285
[step    17800] t/d=178.000 | task1=3.046380e-01 | |m1|=0.805650 | m1²=0.649072 | ||w||²/d=0.414265 | eps_adapter=6.562727e-01 | residual_overlap=0.030234
[step    17850] t/d=178.500 | task1=3.042571e-01 | |m1|=0.808341 | m1²=0.653416 | ||w||²/d=0.416645 | eps_adapter=6.518536e-01 | residual_overlap=0.029871
[step    17900] t/d=179.000 | task1=3.038316e-01 | |m1|=0.810932 | m1²=0.657610 | ||w||²/d=0.420127 | eps_adapter=6.469621e-01 | residual_overlap=0.029767
[step    17950] t/d=179.500 | task1=3.034623e-01 | |m1|=0.812573 | m1²=0.660274 | ||w||²/d=0.423779 | eps_adapter=6.431119e-01 | residual_overlap=0.029750
[step    18000] t/d=180.000 | task1=3.032081e-01 | |m1|=0.813665 | m1²=0.662051 | ||w||²/d=0.424959 | eps_adapter=6.411684e-01 | residual_overlap=0.029828
[step    18050] t/d=180.500 | task1=3.029039e-01 | |m1|=0.816069 | m1²=0.665968 | ||w||²/d=0.425682 | eps_adapter=6.378206e-01 | residual_overlap=0.029619
[step    18100] t/d=181.000 | task1=3.026441e-01 | |m1|=0.817822 | m1²=0.668833 | ||w||²/d=0.426944 | eps_adapter=6.349901e-01 | residual_overlap=0.029293
[step    18150] t/d=181.500 | task1=3.024218e-01 | |m1|=0.819335 | m1²=0.671309 | ||w||²/d=0.428612 | eps_adapter=6.322370e-01 | residual_overlap=0.028946
[step    18200] t/d=182.000 | task1=3.020812e-01 | |m1|=0.821738 | m1²=0.675253 | ||w||²/d=0.430813 | eps_adapter=6.280681e-01 | residual_overlap=0.028717
[step    18250] t/d=182.500 | task1=3.018102e-01 | |m1|=0.823475 | m1²=0.678111 | ||w||²/d=0.432180 | eps_adapter=6.251510e-01 | residual_overlap=0.028567
[step    18300] t/d=183.000 | task1=3.014171e-01 | |m1|=0.825658 | m1²=0.681711 | ||w||²/d=0.434461 | eps_adapter=6.211676e-01 | residual_overlap=0.028445
[step    18350] t/d=183.500 | task1=3.011105e-01 | |m1|=0.827906 | m1²=0.685429 | ||w||²/d=0.434940 | eps_adapter=6.180234e-01 | residual_overlap=0.028088
[step    18400] t/d=184.000 | task1=3.008249e-01 | |m1|=0.829401 | m1²=0.687906 | ||w||²/d=0.436872 | eps_adapter=6.150661e-01 | residual_overlap=0.027947
[step    18450] t/d=184.500 | task1=3.004830e-01 | |m1|=0.830620 | m1²=0.689929 | ||w||²/d=0.439037 | eps_adapter=6.123299e-01 | residual_overlap=0.028203
[step    18500] t/d=185.000 | task1=3.002359e-01 | |m1|=0.832212 | m1²=0.692577 | ||w||²/d=0.439884 | eps_adapter=6.097962e-01 | residual_overlap=0.028109
[step    18550] t/d=185.500 | task1=3.000019e-01 | |m1|=0.833580 | m1²=0.694855 | ||w||²/d=0.440874 | eps_adapter=6.074703e-01 | residual_overlap=0.028019
[step    18600] t/d=186.000 | task1=2.997299e-01 | |m1|=0.835092 | m1²=0.697379 | ||w||²/d=0.442359 | eps_adapter=6.046761e-01 | residual_overlap=0.027963
[step    18650] t/d=186.500 | task1=2.993598e-01 | |m1|=0.837222 | m1²=0.700941 | ||w||²/d=0.444041 | eps_adapter=6.009410e-01 | residual_overlap=0.027767
[step    18700] t/d=187.000 | task1=2.990419e-01 | |m1|=0.838895 | m1²=0.703744 | ||w||²/d=0.446129 | eps_adapter=5.975731e-01 | residual_overlap=0.027461
[step    18750] t/d=187.500 | task1=2.987940e-01 | |m1|=0.840447 | m1²=0.706352 | ||w||²/d=0.447521 | eps_adapter=5.947283e-01 | residual_overlap=0.027220
[step    18800] t/d=188.000 | task1=2.984936e-01 | |m1|=0.842107 | m1²=0.709145 | ||w||²/d=0.449723 | eps_adapter=5.912789e-01 | residual_overlap=0.026989
[step    18850] t/d=188.500 | task1=2.981656e-01 | |m1|=0.843543 | m1²=0.711565 | ||w||²/d=0.452679 | eps_adapter=5.877036e-01 | residual_overlap=0.026840
[step    18900] t/d=189.000 | task1=2.979386e-01 | |m1|=0.844961 | m1²=0.713959 | ||w||²/d=0.454326 | eps_adapter=5.848562e-01 | residual_overlap=0.026551
[step    18950] t/d=189.500 | task1=2.975851e-01 | |m1|=0.846875 | m1²=0.717197 | ||w||²/d=0.456993 | eps_adapter=5.807471e-01 | residual_overlap=0.026424
[step    19000] t/d=190.000 | task1=2.973482e-01 | |m1|=0.848295 | m1²=0.719605 | ||w||²/d=0.457928 | eps_adapter=5.782593e-01 | residual_overlap=0.026338
[step    19050] t/d=190.500 | task1=2.969456e-01 | |m1|=0.850507 | m1²=0.723362 | ||w||²/d=0.460219 | eps_adapter=5.738992e-01 | residual_overlap=0.026068
[step    19100] t/d=191.000 | task1=2.966152e-01 | |m1|=0.852387 | m1²=0.726564 | ||w||²/d=0.462820 | eps_adapter=5.698031e-01 | residual_overlap=0.025891
[step    19150] t/d=191.500 | task1=2.962318e-01 | |m1|=0.854618 | m1²=0.730372 | ||w||²/d=0.465213 | eps_adapter=5.653003e-01 | residual_overlap=0.025553
[step    19200] t/d=192.000 | task1=2.958370e-01 | |m1|=0.856746 | m1²=0.734014 | ||w||²/d=0.467647 | eps_adapter=5.608904e-01 | residual_overlap=0.025289
[step    19250] t/d=192.500 | task1=2.954035e-01 | |m1|=0.858752 | m1²=0.737455 | ||w||²/d=0.471396 | eps_adapter=5.558823e-01 | residual_overlap=0.025154
[step    19300] t/d=193.000 | task1=2.951393e-01 | |m1|=0.860673 | m1²=0.740757 | ||w||²/d=0.471853 | eps_adapter=5.528362e-01 | residual_overlap=0.024845
[step    19350] t/d=193.500 | task1=2.948456e-01 | |m1|=0.861904 | m1²=0.742879 | ||w||²/d=0.474599 | eps_adapter=5.494755e-01 | residual_overlap=0.024708
[step    19400] t/d=194.000 | task1=2.945432e-01 | |m1|=0.863655 | m1²=0.745899 | ||w||²/d=0.475883 | eps_adapter=5.461738e-01 | residual_overlap=0.024664
[step    19450] t/d=194.500 | task1=2.941164e-01 | |m1|=0.865251 | m1²=0.748659 | ||w||²/d=0.479192 | eps_adapter=5.419208e-01 | residual_overlap=0.024603
[step    19500] t/d=195.000 | task1=2.938199e-01 | |m1|=0.866903 | m1²=0.751520 | ||w||²/d=0.480913 | eps_adapter=5.384770e-01 | residual_overlap=0.024390
[step    19550] t/d=195.500 | task1=2.935063e-01 | |m1|=0.868171 | m1²=0.753721 | ||w||²/d=0.482599 | eps_adapter=5.356096e-01 | residual_overlap=0.024330
[step    19600] t/d=196.000 | task1=2.931975e-01 | |m1|=0.869254 | m1²=0.755603 | ||w||²/d=0.485354 | eps_adapter=5.323940e-01 | residual_overlap=0.024270
[step    19650] t/d=196.500 | task1=2.928593e-01 | |m1|=0.870538 | m1²=0.757837 | ||w||²/d=0.488065 | eps_adapter=5.288909e-01 | residual_overlap=0.024197
[step    19700] t/d=197.000 | task1=2.924922e-01 | |m1|=0.872099 | m1²=0.760557 | ||w||²/d=0.490503 | eps_adapter=5.251071e-01 | residual_overlap=0.024213
[step    19750] t/d=197.500 | task1=2.921857e-01 | |m1|=0.873743 | m1²=0.763427 | ||w||²/d=0.492313 | eps_adapter=5.215400e-01 | residual_overlap=0.023869
[step    19800] t/d=198.000 | task1=2.918847e-01 | |m1|=0.874933 | m1²=0.765507 | ||w||²/d=0.494539 | eps_adapter=5.184169e-01 | residual_overlap=0.023871
[step    19850] t/d=198.500 | task1=2.915651e-01 | |m1|=0.876005 | m1²=0.767386 | ||w||²/d=0.496913 | eps_adapter=5.153794e-01 | residual_overlap=0.023853
[step    19900] t/d=199.000 | task1=2.911569e-01 | |m1|=0.878116 | m1²=0.771087 | ||w||²/d=0.499058 | eps_adapter=5.108394e-01 | residual_overlap=0.023542
[step    19950] t/d=199.500 | task1=2.907470e-01 | |m1|=0.880138 | m1²=0.774643 | ||w||²/d=0.501576 | eps_adapter=5.061908e-01 | residual_overlap=0.023131
[step    20000] t/d=200.000 | task1=2.904996e-01 | |m1|=0.881404 | m1²=0.776872 | ||w||²/d=0.502624 | eps_adapter=5.035757e-01 | residual_overlap=0.023037
[step    20050] t/d=200.500 | task1=2.899919e-01 | |m1|=0.883134 | m1²=0.779925 | ||w||²/d=0.506959 | eps_adapter=4.982838e-01 | residual_overlap=0.023077
[step    20100] t/d=201.000 | task1=2.897674e-01 | |m1|=0.884095 | m1²=0.781624 | ||w||²/d=0.508884 | eps_adapter=4.956156e-01 | residual_overlap=0.022945
[step    20150] t/d=201.500 | task1=2.894278e-01 | |m1|=0.885149 | m1²=0.783489 | ||w||²/d=0.512474 | eps_adapter=4.918196e-01 | residual_overlap=0.023002
[step    20200] t/d=202.000 | task1=2.889171e-01 | |m1|=0.887067 | m1²=0.786888 | ||w||²/d=0.516936 | eps_adapter=4.860974e-01 | residual_overlap=0.022603
[step    20250] t/d=202.500 | task1=2.885240e-01 | |m1|=0.888550 | m1²=0.789522 | ||w||²/d=0.520797 | eps_adapter=4.814141e-01 | residual_overlap=0.022208
[step    20300] t/d=203.000 | task1=2.881177e-01 | |m1|=0.890282 | m1²=0.792603 | ||w||²/d=0.523412 | eps_adapter=4.770205e-01 | residual_overlap=0.021957
[step    20350] t/d=203.500 | task1=2.878589e-01 | |m1|=0.890998 | m1²=0.793877 | ||w||²/d=0.526493 | eps_adapter=4.740404e-01 | residual_overlap=0.021956
[step    20400] t/d=204.000 | task1=2.875132e-01 | |m1|=0.892525 | m1²=0.796600 | ||w||²/d=0.528273 | eps_adapter=4.704401e-01 | residual_overlap=0.021752
[step    20450] t/d=204.500 | task1=2.870997e-01 | |m1|=0.894000 | m1²=0.799236 | ||w||²/d=0.532028 | eps_adapter=4.657661e-01 | residual_overlap=0.021693
[step    20500] t/d=205.000 | task1=2.868414e-01 | |m1|=0.895411 | m1²=0.801761 | ||w||²/d=0.533401 | eps_adapter=4.625639e-01 | residual_overlap=0.021524
[step    20550] t/d=205.500 | task1=2.864335e-01 | |m1|=0.896597 | m1²=0.803886 | ||w||²/d=0.537662 | eps_adapter=4.580593e-01 | residual_overlap=0.021606
[step    20600] t/d=206.000 | task1=2.860545e-01 | |m1|=0.897941 | m1²=0.806297 | ||w||²/d=0.540539 | eps_adapter=4.540723e-01 | residual_overlap=0.021576
[step    20650] t/d=206.500 | task1=2.856941e-01 | |m1|=0.899374 | m1²=0.808874 | ||w||²/d=0.543304 | eps_adapter=4.499767e-01 | residual_overlap=0.021382
[step    20700] t/d=207.000 | task1=2.853144e-01 | |m1|=0.900501 | m1²=0.810903 | ||w||²/d=0.547220 | eps_adapter=4.457413e-01 | residual_overlap=0.021115
[step    20750] t/d=207.500 | task1=2.849664e-01 | |m1|=0.901644 | m1²=0.812963 | ||w||²/d=0.550998 | eps_adapter=4.415500e-01 | residual_overlap=0.020792
[step    20800] t/d=208.000 | task1=2.846571e-01 | |m1|=0.902591 | m1²=0.814670 | ||w||²/d=0.553896 | eps_adapter=4.382045e-01 | residual_overlap=0.020726
[step    20850] t/d=208.500 | task1=2.843341e-01 | |m1|=0.903946 | m1²=0.817118 | ||w||²/d=0.556263 | eps_adapter=4.344213e-01 | residual_overlap=0.020562
[step    20900] t/d=209.000 | task1=2.839542e-01 | |m1|=0.905087 | m1²=0.819183 | ||w||²/d=0.559498 | eps_adapter=4.305132e-01 | residual_overlap=0.020411
[step    20950] t/d=209.500 | task1=2.835718e-01 | |m1|=0.906512 | m1²=0.821764 | ||w||²/d=0.562648 | eps_adapter=4.261278e-01 | residual_overlap=0.020121
[step    21000] t/d=210.000 | task1=2.832435e-01 | |m1|=0.907810 | m1²=0.824119 | ||w||²/d=0.564954 | eps_adapter=4.224380e-01 | residual_overlap=0.020072
[step    21050] t/d=210.500 | task1=2.828500e-01 | |m1|=0.909162 | m1²=0.826575 | ||w||²/d=0.567920 | eps_adapter=4.182578e-01 | residual_overlap=0.020064
[step    21100] t/d=211.000 | task1=2.824402e-01 | |m1|=0.910409 | m1²=0.828845 | ||w||²/d=0.571729 | eps_adapter=4.137766e-01 | residual_overlap=0.020069
[step    21150] t/d=211.500 | task1=2.820372e-01 | |m1|=0.911901 | m1²=0.831563 | ||w||²/d=0.574337 | eps_adapter=4.095086e-01 | residual_overlap=0.020034
[step    21200] t/d=212.000 | task1=2.817485e-01 | |m1|=0.912917 | m1²=0.833417 | ||w||²/d=0.577203 | eps_adapter=4.059715e-01 | residual_overlap=0.019773
[step    21250] t/d=212.500 | task1=2.815054e-01 | |m1|=0.913759 | m1²=0.834955 | ||w||²/d=0.578756 | eps_adapter=4.035002e-01 | residual_overlap=0.019758
[step    21300] t/d=213.000 | task1=2.811567e-01 | |m1|=0.914904 | m1²=0.837049 | ||w||²/d=0.582285 | eps_adapter=3.993255e-01 | residual_overlap=0.019514
[step    21350] t/d=213.500 | task1=2.807801e-01 | |m1|=0.916544 | m1²=0.840054 | ||w||²/d=0.584286 | eps_adapter=3.950561e-01 | residual_overlap=0.019227
[step    21400] t/d=214.000 | task1=2.805032e-01 | |m1|=0.917482 | m1²=0.841772 | ||w||²/d=0.586853 | eps_adapter=3.917994e-01 | residual_overlap=0.019065
[step    21450] t/d=214.500 | task1=2.801525e-01 | |m1|=0.918357 | m1²=0.843379 | ||w||²/d=0.590643 | eps_adapter=3.879644e-01 | residual_overlap=0.019043
[step    21500] t/d=215.000 | task1=2.798149e-01 | |m1|=0.919022 | m1²=0.844601 | ||w||²/d=0.593781 | eps_adapter=3.849057e-01 | residual_overlap=0.019246
[step    21550] t/d=215.500 | task1=2.794968e-01 | |m1|=0.919809 | m1²=0.846049 | ||w||²/d=0.596442 | eps_adapter=3.818740e-01 | residual_overlap=0.019340
[step    21600] t/d=216.000 | task1=2.792124e-01 | |m1|=0.920810 | m1²=0.847890 | ||w||²/d=0.598202 | eps_adapter=3.789221e-01 | residual_overlap=0.019270
[step    21650] t/d=216.500 | task1=2.788519e-01 | |m1|=0.921960 | m1²=0.850010 | ||w||²/d=0.601927 | eps_adapter=3.745655e-01 | residual_overlap=0.019322
[step    21700] t/d=217.000 | task1=2.785256e-01 | |m1|=0.922584 | m1²=0.851161 | ||w||²/d=0.606198 | eps_adapter=3.709516e-01 | residual_overlap=0.019428
[step    21750] t/d=217.500 | task1=2.782843e-01 | |m1|=0.923027 | m1²=0.851980 | ||w||²/d=0.609679 | eps_adapter=3.681446e-01 | residual_overlap=0.019515
[step    21800] t/d=218.000 | task1=2.780305e-01 | |m1|=0.924054 | m1²=0.853876 | ||w||²/d=0.611142 | eps_adapter=3.652705e-01 | residual_overlap=0.019412
[step    21850] t/d=218.500 | task1=2.777713e-01 | |m1|=0.925030 | m1²=0.855680 | ||w||²/d=0.613461 | eps_adapter=3.620200e-01 | residual_overlap=0.019017
[step    21900] t/d=219.000 | task1=2.774221e-01 | |m1|=0.926561 | m1²=0.858515 | ||w||²/d=0.616051 | eps_adapter=3.574795e-01 | residual_overlap=0.018741
[step    21950] t/d=219.500 | task1=2.771530e-01 | |m1|=0.927511 | m1²=0.860277 | ||w||²/d=0.617786 | eps_adapter=3.545799e-01 | residual_overlap=0.018553
[step    22000] t/d=220.000 | task1=2.769265e-01 | |m1|=0.927947 | m1²=0.861085 | ||w||²/d=0.620649 | eps_adapter=3.521136e-01 | residual_overlap=0.018570
[step    22050] t/d=220.500 | task1=2.766311e-01 | |m1|=0.928438 | m1²=0.861997 | ||w||²/d=0.624121 | eps_adapter=3.492040e-01 | residual_overlap=0.018697
[step    22100] t/d=221.000 | task1=2.762628e-01 | |m1|=0.929753 | m1²=0.864440 | ||w||²/d=0.625783 | eps_adapter=3.455686e-01 | residual_overlap=0.018596
[step    22150] t/d=221.500 | task1=2.759913e-01 | |m1|=0.930477 | m1²=0.865787 | ||w||²/d=0.628356 | eps_adapter=3.426571e-01 | residual_overlap=0.018600
[step    22200] t/d=222.000 | task1=2.756856e-01 | |m1|=0.931156 | m1²=0.867051 | ||w||²/d=0.631582 | eps_adapter=3.394839e-01 | residual_overlap=0.018553
[step    22250] t/d=222.500 | task1=2.755143e-01 | |m1|=0.931689 | m1²=0.868044 | ||w||²/d=0.634018 | eps_adapter=3.370463e-01 | residual_overlap=0.018395
[step    22300] t/d=223.000 | task1=2.751050e-01 | |m1|=0.932342 | m1²=0.869262 | ||w||²/d=0.639509 | eps_adapter=3.327208e-01 | residual_overlap=0.018549
[step    22350] t/d=223.500 | task1=2.747904e-01 | |m1|=0.933337 | m1²=0.871118 | ||w||²/d=0.641710 | eps_adapter=3.294237e-01 | residual_overlap=0.018301
[step    22400] t/d=224.000 | task1=2.745455e-01 | |m1|=0.934123 | m1²=0.872586 | ||w||²/d=0.643964 | eps_adapter=3.265386e-01 | residual_overlap=0.018357
[step    22450] t/d=224.500 | task1=2.740007e-01 | |m1|=0.935634 | m1²=0.875410 | ||w||²/d=0.648966 | eps_adapter=3.206258e-01 | residual_overlap=0.018245
[step    22500] t/d=225.000 | task1=2.736728e-01 | |m1|=0.936557 | m1²=0.877140 | ||w||²/d=0.652129 | eps_adapter=3.169477e-01 | residual_overlap=0.017992
[step    22550] t/d=225.500 | task1=2.734280e-01 | |m1|=0.936874 | m1²=0.877733 | ||w||²/d=0.655313 | eps_adapter=3.145861e-01 | residual_overlap=0.018160
[step    22600] t/d=226.000 | task1=2.730240e-01 | |m1|=0.938056 | m1²=0.879950 | ||w||²/d=0.658124 | eps_adapter=3.105164e-01 | residual_overlap=0.018108
[step    22650] t/d=226.500 | task1=2.726708e-01 | |m1|=0.938960 | m1²=0.881646 | ||w||²/d=0.661417 | eps_adapter=3.068020e-01 | residual_overlap=0.018130
[step    22700] t/d=227.000 | task1=2.723197e-01 | |m1|=0.939873 | m1²=0.883361 | ||w||²/d=0.664793 | eps_adapter=3.030201e-01 | residual_overlap=0.018048
[step    22750] t/d=227.500 | task1=2.719886e-01 | |m1|=0.941034 | m1²=0.885546 | ||w||²/d=0.666399 | eps_adapter=2.995885e-01 | residual_overlap=0.017835
[step    22800] t/d=228.000 | task1=2.717452e-01 | |m1|=0.941808 | m1²=0.887003 | ||w||²/d=0.669085 | eps_adapter=2.964585e-01 | residual_overlap=0.017784
[step    22850] t/d=228.500 | task1=2.714576e-01 | |m1|=0.942478 | m1²=0.888264 | ||w||²/d=0.672855 | eps_adapter=2.930058e-01 | residual_overlap=0.017559
[step    22900] t/d=229.000 | task1=2.711494e-01 | |m1|=0.942971 | m1²=0.889195 | ||w||²/d=0.676724 | eps_adapter=2.899090e-01 | residual_overlap=0.017648
[step    22950] t/d=229.500 | task1=2.708074e-01 | |m1|=0.943706 | m1²=0.890581 | ||w||²/d=0.680257 | eps_adapter=2.864373e-01 | residual_overlap=0.017682
[step    23000] t/d=230.000 | task1=2.705665e-01 | |m1|=0.944527 | m1²=0.892131 | ||w||²/d=0.682367 | eps_adapter=2.834847e-01 | residual_overlap=0.017364
[step    23050] t/d=230.500 | task1=2.704009e-01 | |m1|=0.944824 | m1²=0.892693 | ||w||²/d=0.684105 | eps_adapter=2.819226e-01 | residual_overlap=0.017388
[step    23100] t/d=231.000 | task1=2.701709e-01 | |m1|=0.945446 | m1²=0.893869 | ||w||²/d=0.685999 | eps_adapter=2.795311e-01 | residual_overlap=0.017431
[step    23150] t/d=231.500 | task1=2.698957e-01 | |m1|=0.946138 | m1²=0.895178 | ||w||²/d=0.688949 | eps_adapter=2.764459e-01 | residual_overlap=0.017416
[step    23200] t/d=232.000 | task1=2.696487e-01 | |m1|=0.946808 | m1²=0.896446 | ||w||²/d=0.691420 | eps_adapter=2.736496e-01 | residual_overlap=0.017387
[step    23250] t/d=232.500 | task1=2.694603e-01 | |m1|=0.947378 | m1²=0.897525 | ||w||²/d=0.693342 | eps_adapter=2.713581e-01 | residual_overlap=0.017243
[step    23300] t/d=233.000 | task1=2.692089e-01 | |m1|=0.948334 | m1²=0.899337 | ||w||²/d=0.693791 | eps_adapter=2.688866e-01 | residual_overlap=0.017155
[step    23350] t/d=233.500 | task1=2.688311e-01 | |m1|=0.949260 | m1²=0.901094 | ||w||²/d=0.696659 | eps_adapter=2.652726e-01 | residual_overlap=0.017016
[step    23400] t/d=234.000 | task1=2.685766e-01 | |m1|=0.949820 | m1²=0.902159 | ||w||²/d=0.700257 | eps_adapter=2.621608e-01 | residual_overlap=0.016828
[step    23450] t/d=234.500 | task1=2.683036e-01 | |m1|=0.950520 | m1²=0.903487 | ||w||²/d=0.703020 | eps_adapter=2.591321e-01 | residual_overlap=0.016768
[step    23500] t/d=235.000 | task1=2.680439e-01 | |m1|=0.951083 | m1²=0.904560 | ||w||²/d=0.706254 | eps_adapter=2.561969e-01 | residual_overlap=0.016692
[step    23550] t/d=235.500 | task1=2.676198e-01 | |m1|=0.952081 | m1²=0.906458 | ||w||²/d=0.710356 | eps_adapter=2.517961e-01 | residual_overlap=0.016601
[step    23600] t/d=236.000 | task1=2.673663e-01 | |m1|=0.952369 | m1²=0.907007 | ||w||²/d=0.713879 | eps_adapter=2.493962e-01 | residual_overlap=0.016744
[step    23650] t/d=236.500 | task1=2.670161e-01 | |m1|=0.953000 | m1²=0.908209 | ||w||²/d=0.717285 | eps_adapter=2.462275e-01 | residual_overlap=0.016917
[step    23700] t/d=237.000 | task1=2.667663e-01 | |m1|=0.953744 | m1²=0.909627 | ||w||²/d=0.719868 | eps_adapter=2.431752e-01 | residual_overlap=0.016614
[step    23750] t/d=237.500 | task1=2.664560e-01 | |m1|=0.954198 | m1²=0.910495 | ||w||²/d=0.722573 | eps_adapter=2.407733e-01 | residual_overlap=0.016819
[step    23800] t/d=238.000 | task1=2.661739e-01 | |m1|=0.954798 | m1²=0.911639 | ||w||²/d=0.725488 | eps_adapter=2.379170e-01 | residual_overlap=0.016932
[step    23850] t/d=238.500 | task1=2.659002e-01 | |m1|=0.955528 | m1²=0.913034 | ||w||²/d=0.728912 | eps_adapter=2.344987e-01 | residual_overlap=0.016835
[step    23900] t/d=239.000 | task1=2.655866e-01 | |m1|=0.956031 | m1²=0.913995 | ||w||²/d=0.732295 | eps_adapter=2.316693e-01 | residual_overlap=0.016844
[step    23950] t/d=239.500 | task1=2.653813e-01 | |m1|=0.956301 | m1²=0.914513 | ||w||²/d=0.736600 | eps_adapter=2.290073e-01 | residual_overlap=0.016743
[step    24000] t/d=240.000 | task1=2.649922e-01 | |m1|=0.957001 | m1²=0.915851 | ||w||²/d=0.741976 | eps_adapter=2.247956e-01 | residual_overlap=0.016609
[step    24050] t/d=240.500 | task1=2.647406e-01 | |m1|=0.957597 | m1²=0.916993 | ||w||²/d=0.744649 | eps_adapter=2.220743e-01 | residual_overlap=0.016530
[step    24100] t/d=241.000 | task1=2.645339e-01 | |m1|=0.957961 | m1²=0.917688 | ||w||²/d=0.746750 | eps_adapter=2.202054e-01 | residual_overlap=0.016592
[step    24150] t/d=241.500 | task1=2.643949e-01 | |m1|=0.958398 | m1²=0.918528 | ||w||²/d=0.749046 | eps_adapter=2.180592e-01 | residual_overlap=0.016564
[step    24200] t/d=242.000 | task1=2.641256e-01 | |m1|=0.958930 | m1²=0.919546 | ||w||²/d=0.753018 | eps_adapter=2.149342e-01 | residual_overlap=0.016476
[step    24250] t/d=242.500 | task1=2.639076e-01 | |m1|=0.959659 | m1²=0.920946 | ||w||²/d=0.753931 | eps_adapter=2.126445e-01 | residual_overlap=0.016125
[step    24300] t/d=243.000 | task1=2.635609e-01 | |m1|=0.960119 | m1²=0.921829 | ||w||²/d=0.759288 | eps_adapter=2.091055e-01 | residual_overlap=0.016047
[step    24350] t/d=243.500 | task1=2.633220e-01 | |m1|=0.960640 | m1²=0.922828 | ||w||²/d=0.762089 | eps_adapter=2.065333e-01 | residual_overlap=0.015888
[step    24400] t/d=244.000 | task1=2.630815e-01 | |m1|=0.960973 | m1²=0.923469 | ||w||²/d=0.765279 | eps_adapter=2.042879e-01 | residual_overlap=0.016006
[step    24450] t/d=244.500 | task1=2.628803e-01 | |m1|=0.961347 | m1²=0.924188 | ||w||²/d=0.768064 | eps_adapter=2.021160e-01 | residual_overlap=0.015812
[step    24500] t/d=245.000 | task1=2.625863e-01 | |m1|=0.961724 | m1²=0.924914 | ||w||²/d=0.773133 | eps_adapter=1.989821e-01 | residual_overlap=0.015730
[step    24550] t/d=245.500 | task1=2.623214e-01 | |m1|=0.962190 | m1²=0.925810 | ||w||²/d=0.776982 | eps_adapter=1.961418e-01 | residual_overlap=0.015729
[step    24600] t/d=246.000 | task1=2.620100e-01 | |m1|=0.962828 | m1²=0.927037 | ||w||²/d=0.780344 | eps_adapter=1.930488e-01 | residual_overlap=0.015804
[step    24650] t/d=246.500 | task1=2.618066e-01 | |m1|=0.963359 | m1²=0.928060 | ||w||²/d=0.782972 | eps_adapter=1.905447e-01 | residual_overlap=0.015725
[step    24700] t/d=247.000 | task1=2.615181e-01 | |m1|=0.964148 | m1²=0.929582 | ||w||²/d=0.787326 | eps_adapter=1.866437e-01 | residual_overlap=0.015471
[step    24750] t/d=247.500 | task1=2.613379e-01 | |m1|=0.964431 | m1²=0.930128 | ||w||²/d=0.790570 | eps_adapter=1.845720e-01 | residual_overlap=0.015477
[step    24800] t/d=248.000 | task1=2.610416e-01 | |m1|=0.965002 | m1²=0.931230 | ||w||²/d=0.794984 | eps_adapter=1.812598e-01 | residual_overlap=0.015465
[step    24850] t/d=248.500 | task1=2.607532e-01 | |m1|=0.965541 | m1²=0.932269 | ||w||²/d=0.799785 | eps_adapter=1.779007e-01 | residual_overlap=0.015346
[step    24900] t/d=249.000 | task1=2.606700e-01 | |m1|=0.965679 | m1²=0.932536 | ||w||²/d=0.801253 | eps_adapter=1.769504e-01 | residual_overlap=0.015388
[step    24950] t/d=249.500 | task1=2.605397e-01 | |m1|=0.966062 | m1²=0.933276 | ||w||²/d=0.802940 | eps_adapter=1.752382e-01 | residual_overlap=0.015176
[step    25000] t/d=250.000 | task1=2.603012e-01 | |m1|=0.966511 | m1²=0.934143 | ||w||²/d=0.806422 | eps_adapter=1.726569e-01 | residual_overlap=0.015066
[step    25050] t/d=250.500 | task1=2.601820e-01 | |m1|=0.966755 | m1²=0.934615 | ||w||²/d=0.808189 | eps_adapter=1.713054e-01 | residual_overlap=0.014901
[step    25100] t/d=251.000 | task1=2.599559e-01 | |m1|=0.967123 | m1²=0.935328 | ||w||²/d=0.811094 | eps_adapter=1.691771e-01 | residual_overlap=0.014999
[step    25150] t/d=251.500 | task1=2.597193e-01 | |m1|=0.967458 | m1²=0.935975 | ||w||²/d=0.814928 | eps_adapter=1.668064e-01 | residual_overlap=0.014902
[step    25200] t/d=252.000 | task1=2.594853e-01 | |m1|=0.967945 | m1²=0.936918 | ||w||²/d=0.819246 | eps_adapter=1.638392e-01 | residual_overlap=0.014956
[step    25250] t/d=252.500 | task1=2.593215e-01 | |m1|=0.968359 | m1²=0.937719 | ||w||²/d=0.822454 | eps_adapter=1.614986e-01 | residual_overlap=0.014812
[step    25300] t/d=253.000 | task1=2.590684e-01 | |m1|=0.968694 | m1²=0.938368 | ||w||²/d=0.826239 | eps_adapter=1.591821e-01 | residual_overlap=0.014832
[step    25350] t/d=253.500 | task1=2.588240e-01 | |m1|=0.969080 | m1²=0.939116 | ||w||²/d=0.829359 | eps_adapter=1.569683e-01 | residual_overlap=0.014827
[step    25400] t/d=254.000 | task1=2.586268e-01 | |m1|=0.969409 | m1²=0.939753 | ||w||²/d=0.831211 | eps_adapter=1.553694e-01 | residual_overlap=0.014932
[step    25450] t/d=254.500 | task1=2.582570e-01 | |m1|=0.969938 | m1²=0.940779 | ||w||²/d=0.836788 | eps_adapter=1.519003e-01 | residual_overlap=0.014923
[step    25500] t/d=255.000 | task1=2.581454e-01 | |m1|=0.970243 | m1²=0.941371 | ||w||²/d=0.839465 | eps_adapter=1.500971e-01 | residual_overlap=0.014797
[step    25550] t/d=255.500 | task1=2.578826e-01 | |m1|=0.970796 | m1²=0.942445 | ||w||²/d=0.842269 | eps_adapter=1.475294e-01 | residual_overlap=0.014672
[step    25600] t/d=256.000 | task1=2.577312e-01 | |m1|=0.971067 | m1²=0.942971 | ||w||²/d=0.843521 | eps_adapter=1.463140e-01 | residual_overlap=0.014698
[step    25650] t/d=256.500 | task1=2.575187e-01 | |m1|=0.971244 | m1²=0.943315 | ||w||²/d=0.847195 | eps_adapter=1.445635e-01 | residual_overlap=0.014775
[step    25700] t/d=257.000 | task1=2.573088e-01 | |m1|=0.971446 | m1²=0.943707 | ||w||²/d=0.851163 | eps_adapter=1.426633e-01 | residual_overlap=0.014700
[step    25750] t/d=257.500 | task1=2.572523e-01 | |m1|=0.971894 | m1²=0.944578 | ||w||²/d=0.852304 | eps_adapter=1.409636e-01 | residual_overlap=0.014664
[step    25800] t/d=258.000 | task1=2.570414e-01 | |m1|=0.972248 | m1²=0.945266 | ||w||²/d=0.855669 | eps_adapter=1.388234e-01 | residual_overlap=0.014633
[step    25850] t/d=258.500 | task1=2.569085e-01 | |m1|=0.972460 | m1²=0.945679 | ||w||²/d=0.857443 | eps_adapter=1.376208e-01 | residual_overlap=0.014613
[step    25900] t/d=259.000 | task1=2.566492e-01 | |m1|=0.972944 | m1²=0.946619 | ||w||²/d=0.860198 | eps_adapter=1.352993e-01 | residual_overlap=0.014412
[step    25950] t/d=259.500 | task1=2.565928e-01 | |m1|=0.973046 | m1²=0.946818 | ||w||²/d=0.860982 | eps_adapter=1.347460e-01 | residual_overlap=0.014353
[step    26000] t/d=260.000 | task1=2.565453e-01 | |m1|=0.973144 | m1²=0.947009 | ||w||²/d=0.860971 | eps_adapter=1.344542e-01 | residual_overlap=0.014373
[step    26050] t/d=260.500 | task1=2.564117e-01 | |m1|=0.973374 | m1²=0.947457 | ||w||²/d=0.862539 | eps_adapter=1.332687e-01 | residual_overlap=0.014345
[step    26100] t/d=261.000 | task1=2.562632e-01 | |m1|=0.973472 | m1²=0.947648 | ||w||²/d=0.865052 | eps_adapter=1.321873e-01 | residual_overlap=0.014491
[step    26150] t/d=261.500 | task1=2.561098e-01 | |m1|=0.973629 | m1²=0.947953 | ||w||²/d=0.868807 | eps_adapter=1.305577e-01 | residual_overlap=0.014542
[step    26200] t/d=262.000 | task1=2.560565e-01 | |m1|=0.973649 | m1²=0.947992 | ||w||²/d=0.870672 | eps_adapter=1.299298e-01 | residual_overlap=0.014562
[step    26250] t/d=262.500 | task1=2.559326e-01 | |m1|=0.973723 | m1²=0.948136 | ||w||²/d=0.872714 | eps_adapter=1.290899e-01 | residual_overlap=0.014669
[step    26300] t/d=263.000 | task1=2.557865e-01 | |m1|=0.973931 | m1²=0.948541 | ||w||²/d=0.876191 | eps_adapter=1.274231e-01 | residual_overlap=0.014681
[step    26350] t/d=263.500 | task1=2.555821e-01 | |m1|=0.974038 | m1²=0.948751 | ||w||²/d=0.879893 | eps_adapter=1.260124e-01 | residual_overlap=0.014932
[step    26400] t/d=264.000 | task1=2.554433e-01 | |m1|=0.974466 | m1²=0.949585 | ||w||²/d=0.881685 | eps_adapter=1.241811e-01 | residual_overlap=0.014818
[step    26450] t/d=264.500 | task1=2.552233e-01 | |m1|=0.974923 | m1²=0.950475 | ||w||²/d=0.883659 | eps_adapter=1.222086e-01 | residual_overlap=0.014715
[step    26500] t/d=265.000 | task1=2.550451e-01 | |m1|=0.975112 | m1²=0.950844 | ||w||²/d=0.885682 | eps_adapter=1.210478e-01 | residual_overlap=0.014796
[step    26550] t/d=265.500 | task1=2.549685e-01 | |m1|=0.975132 | m1²=0.950883 | ||w||²/d=0.888197 | eps_adapter=1.202781e-01 | residual_overlap=0.014822
[step    26600] t/d=266.000 | task1=2.548211e-01 | |m1|=0.975353 | m1²=0.951313 | ||w||²/d=0.891149 | eps_adapter=1.187733e-01 | residual_overlap=0.014856
[step    26650] t/d=266.500 | task1=2.547590e-01 | |m1|=0.975579 | m1²=0.951754 | ||w||²/d=0.891460 | eps_adapter=1.179835e-01 | residual_overlap=0.014739
[step    26700] t/d=267.000 | task1=2.546155e-01 | |m1|=0.975767 | m1²=0.952121 | ||w||²/d=0.893112 | eps_adapter=1.169437e-01 | residual_overlap=0.014778
[step    26750] t/d=267.500 | task1=2.544536e-01 | |m1|=0.975894 | m1²=0.952370 | ||w||²/d=0.895475 | eps_adapter=1.159020e-01 | residual_overlap=0.015032
[step    26800] t/d=268.000 | task1=2.542967e-01 | |m1|=0.975888 | m1²=0.952358 | ||w||²/d=0.898539 | eps_adapter=1.150982e-01 | residual_overlap=0.015162
[step    26850] t/d=268.500 | task1=2.541635e-01 | |m1|=0.976011 | m1²=0.952598 | ||w||²/d=0.901049 | eps_adapter=1.140490e-01 | residual_overlap=0.015253
[step    26900] t/d=269.000 | task1=2.539695e-01 | |m1|=0.976254 | m1²=0.953072 | ||w||²/d=0.904381 | eps_adapter=1.124168e-01 | residual_overlap=0.015239
[step    26950] t/d=269.500 | task1=2.538296e-01 | |m1|=0.976415 | m1²=0.953386 | ||w||²/d=0.907034 | eps_adapter=1.112298e-01 | residual_overlap=0.015320
[step    27000] t/d=270.000 | task1=2.536655e-01 | |m1|=0.976627 | m1²=0.953800 | ||w||²/d=0.909074 | eps_adapter=1.100413e-01 | residual_overlap=0.015376
[step    27050] t/d=270.500 | task1=2.535928e-01 | |m1|=0.976842 | m1²=0.954221 | ||w||²/d=0.910128 | eps_adapter=1.090915e-01 | residual_overlap=0.015350
[step    27100] t/d=271.000 | task1=2.534848e-01 | |m1|=0.976960 | m1²=0.954451 | ||w||²/d=0.913081 | eps_adapter=1.079821e-01 | residual_overlap=0.015444
[step    27150] t/d=271.500 | task1=2.533919e-01 | |m1|=0.977046 | m1²=0.954620 | ||w||²/d=0.914431 | eps_adapter=1.073756e-01 | residual_overlap=0.015633
[step    27200] t/d=272.000 | task1=2.532699e-01 | |m1|=0.977173 | m1²=0.954867 | ||w||²/d=0.916865 | eps_adapter=1.063794e-01 | residual_overlap=0.015743
[step    27250] t/d=272.500 | task1=2.531538e-01 | |m1|=0.977259 | m1²=0.955035 | ||w||²/d=0.919289 | eps_adapter=1.055234e-01 | residual_overlap=0.015924
[step    27300] t/d=273.000 | task1=2.530063e-01 | |m1|=0.977556 | m1²=0.955615 | ||w||²/d=0.920432 | eps_adapter=1.042984e-01 | residual_overlap=0.015725
[step    27350] t/d=273.500 | task1=2.529625e-01 | |m1|=0.977525 | m1²=0.955555 | ||w||²/d=0.921331 | eps_adapter=1.041844e-01 | residual_overlap=0.015932
[step    27400] t/d=274.000 | task1=2.528214e-01 | |m1|=0.977827 | m1²=0.956146 | ||w||²/d=0.923382 | eps_adapter=1.027293e-01 | residual_overlap=0.015869
[step    27450] t/d=274.500 | task1=2.527756e-01 | |m1|=0.977929 | m1²=0.956346 | ||w||²/d=0.924143 | eps_adapter=1.022231e-01 | residual_overlap=0.015958
[step    27500] t/d=275.000 | task1=2.527411e-01 | |m1|=0.978090 | m1²=0.956661 | ||w||²/d=0.924874 | eps_adapter=1.015326e-01 | residual_overlap=0.015961
[step    27550] t/d=275.500 | task1=2.525530e-01 | |m1|=0.978423 | m1²=0.957311 | ||w||²/d=0.928589 | eps_adapter=9.960290e-02 | residual_overlap=0.015896
[step    27600] t/d=276.000 | task1=2.523724e-01 | |m1|=0.978585 | m1²=0.957628 | ||w||²/d=0.930237 | eps_adapter=9.870430e-02 | residual_overlap=0.016014
[step    27650] t/d=276.500 | task1=2.522457e-01 | |m1|=0.978625 | m1²=0.957707 | ||w||²/d=0.932851 | eps_adapter=9.799128e-02 | residual_overlap=0.016237
[step    27700] t/d=277.000 | task1=2.522087e-01 | |m1|=0.978716 | m1²=0.957886 | ||w||²/d=0.934201 | eps_adapter=9.739656e-02 | residual_overlap=0.016238
[step    27750] t/d=277.500 | task1=2.519902e-01 | |m1|=0.979169 | m1²=0.958772 | ||w||²/d=0.937146 | eps_adapter=9.527302e-02 | residual_overlap=0.015983
[step    27800] t/d=278.000 | task1=2.519168e-01 | |m1|=0.979352 | m1²=0.959131 | ||w||²/d=0.939008 | eps_adapter=9.427167e-02 | residual_overlap=0.015791
[step    27850] t/d=278.500 | task1=2.516906e-01 | |m1|=0.979697 | m1²=0.959806 | ||w||²/d=0.942399 | eps_adapter=9.242053e-02 | residual_overlap=0.015808
[step    27900] t/d=279.000 | task1=2.515421e-01 | |m1|=0.979801 | m1²=0.960009 | ||w||²/d=0.945021 | eps_adapter=9.153391e-02 | residual_overlap=0.015891
[step    27950] t/d=279.500 | task1=2.513481e-01 | |m1|=0.980112 | m1²=0.960620 | ||w||²/d=0.949015 | eps_adapter=8.969106e-02 | residual_overlap=0.015788
[step    28000] t/d=280.000 | task1=2.512144e-01 | |m1|=0.980328 | m1²=0.961043 | ||w||²/d=0.950078 | eps_adapter=8.875893e-02 | residual_overlap=0.015749
[step    28050] t/d=280.500 | task1=2.511836e-01 | |m1|=0.980490 | m1²=0.961361 | ||w||²/d=0.951077 | eps_adapter=8.801989e-02 | residual_overlap=0.015736
[step    28100] t/d=281.000 | task1=2.511439e-01 | |m1|=0.980706 | m1²=0.961785 | ||w||²/d=0.952188 | eps_adapter=8.708017e-02 | residual_overlap=0.015628
[step    28150] t/d=281.500 | task1=2.510386e-01 | |m1|=0.981076 | m1²=0.962509 | ||w||²/d=0.955691 | eps_adapter=8.516121e-02 | residual_overlap=0.015289
[step    28200] t/d=282.000 | task1=2.508673e-01 | |m1|=0.981281 | m1²=0.962912 | ||w||²/d=0.959168 | eps_adapter=8.381040e-02 | residual_overlap=0.015346
[step    28250] t/d=282.500 | task1=2.507333e-01 | |m1|=0.981579 | m1²=0.963497 | ||w||²/d=0.961707 | eps_adapter=8.233316e-02 | residual_overlap=0.015226
[step    28300] t/d=283.000 | task1=2.505952e-01 | |m1|=0.981650 | m1²=0.963636 | ||w||²/d=0.963748 | eps_adapter=8.171865e-02 | residual_overlap=0.015333
[step    28350] t/d=283.500 | task1=2.505263e-01 | |m1|=0.981702 | m1²=0.963738 | ||w||²/d=0.966268 | eps_adapter=8.108983e-02 | residual_overlap=0.015461
[step    28400] t/d=284.000 | task1=2.503920e-01 | |m1|=0.981795 | m1²=0.963922 | ||w||²/d=0.968155 | eps_adapter=8.043868e-02 | residual_overlap=0.015522
[step    28450] t/d=284.500 | task1=2.503330e-01 | |m1|=0.981627 | m1²=0.963592 | ||w||²/d=0.969784 | eps_adapter=8.072788e-02 | residual_overlap=0.015701
[step    28500] t/d=285.000 | task1=2.501726e-01 | |m1|=0.981601 | m1²=0.963541 | ||w||²/d=0.973356 | eps_adapter=8.021207e-02 | residual_overlap=0.015958
[step    28550] t/d=285.500 | task1=2.501175e-01 | |m1|=0.981655 | m1²=0.963646 | ||w||²/d=0.974030 | eps_adapter=7.991835e-02 | residual_overlap=0.015962
[step    28600] t/d=286.000 | task1=2.499426e-01 | |m1|=0.981855 | m1²=0.964039 | ||w||²/d=0.977535 | eps_adapter=7.866170e-02 | residual_overlap=0.015913
[step    28650] t/d=286.500 | task1=2.499137e-01 | |m1|=0.981797 | m1²=0.963926 | ||w||²/d=0.979643 | eps_adapter=7.852553e-02 | residual_overlap=0.016039
[step    28700] t/d=287.000 | task1=2.498042e-01 | |m1|=0.982083 | m1²=0.964486 | ||w||²/d=0.981190 | eps_adapter=7.730102e-02 | residual_overlap=0.016010
[step    28750] t/d=287.500 | task1=2.496522e-01 | |m1|=0.982358 | m1²=0.965028 | ||w||²/d=0.984865 | eps_adapter=7.578715e-02 | residual_overlap=0.015866
[step    28800] t/d=288.000 | task1=2.495336e-01 | |m1|=0.982474 | m1²=0.965254 | ||w||²/d=0.987083 | eps_adapter=7.505763e-02 | residual_overlap=0.015940
[step    28850] t/d=288.500 | task1=2.494511e-01 | |m1|=0.982537 | m1²=0.965378 | ||w||²/d=0.988173 | eps_adapter=7.467902e-02 | residual_overlap=0.015933
[step    28900] t/d=289.000 | task1=2.493246e-01 | |m1|=0.982875 | m1²=0.966043 | ||w||²/d=0.992345 | eps_adapter=7.290417e-02 | residual_overlap=0.015662
[step    28950] t/d=289.500 | task1=2.492208e-01 | |m1|=0.982980 | m1²=0.966250 | ||w||²/d=0.996899 | eps_adapter=7.191279e-02 | residual_overlap=0.015682
[step    29000] t/d=290.000 | task1=2.490695e-01 | |m1|=0.983094 | m1²=0.966473 | ||w||²/d=0.999598 | eps_adapter=7.116077e-02 | residual_overlap=0.015655
[step    29050] t/d=290.500 | task1=2.489793e-01 | |m1|=0.983394 | m1²=0.967064 | ||w||²/d=1.002370 | eps_adapter=6.974815e-02 | residual_overlap=0.015436
[step    29100] t/d=291.000 | task1=2.489392e-01 | |m1|=0.983564 | m1²=0.967398 | ||w||²/d=1.005734 | eps_adapter=6.873332e-02 | residual_overlap=0.015303
[step    29150] t/d=291.500 | task1=2.489445e-01 | |m1|=0.983749 | m1²=0.967762 | ||w||²/d=1.004982 | eps_adapter=6.816896e-02 | residual_overlap=0.015083
[step    29200] t/d=292.000 | task1=2.488139e-01 | |m1|=0.984097 | m1²=0.968447 | ||w||²/d=1.008380 | eps_adapter=6.652437e-02 | residual_overlap=0.014834
[step    29250] t/d=292.500 | task1=2.487532e-01 | |m1|=0.984290 | m1²=0.968827 | ||w||²/d=1.009102 | eps_adapter=6.575389e-02 | residual_overlap=0.014639
[step    29300] t/d=293.000 | task1=2.486809e-01 | |m1|=0.984531 | m1²=0.969301 | ||w||²/d=1.008862 | eps_adapter=6.492689e-02 | residual_overlap=0.014516
[step    29350] t/d=293.500 | task1=2.485716e-01 | |m1|=0.984714 | m1²=0.969661 | ||w||²/d=1.010064 | eps_adapter=6.413404e-02 | residual_overlap=0.014493
[step    29400] t/d=294.000 | task1=2.484257e-01 | |m1|=0.984943 | m1²=0.970113 | ||w||²/d=1.013804 | eps_adapter=6.288256e-02 | residual_overlap=0.014410
[step    29450] t/d=294.500 | task1=2.483868e-01 | |m1|=0.985070 | m1²=0.970364 | ||w||²/d=1.014765 | eps_adapter=6.231899e-02 | residual_overlap=0.014408
[step    29500] t/d=295.000 | task1=2.483438e-01 | |m1|=0.985263 | m1²=0.970743 | ||w||²/d=1.016278 | eps_adapter=6.146248e-02 | residual_overlap=0.014253
[step    29550] t/d=295.500 | task1=2.482643e-01 | |m1|=0.985411 | m1²=0.971034 | ||w||²/d=1.018088 | eps_adapter=6.073418e-02 | residual_overlap=0.014243
[step    29600] t/d=296.000 | task1=2.482207e-01 | |m1|=0.985372 | m1²=0.970957 | ||w||²/d=1.020443 | eps_adapter=6.062453e-02 | residual_overlap=0.014310
[step    29650] t/d=296.500 | task1=2.482797e-01 | |m1|=0.985323 | m1²=0.970862 | ||w||²/d=1.022664 | eps_adapter=6.057178e-02 | residual_overlap=0.014280
[step    29700] t/d=297.000 | task1=2.482427e-01 | |m1|=0.985339 | m1²=0.970893 | ||w||²/d=1.025427 | eps_adapter=6.024415e-02 | residual_overlap=0.014264
[step    29750] t/d=297.500 | task1=2.481972e-01 | |m1|=0.985408 | m1²=0.971029 | ||w||²/d=1.028990 | eps_adapter=5.966104e-02 | residual_overlap=0.014181
[step    29800] t/d=298.000 | task1=2.480534e-01 | |m1|=0.985600 | m1²=0.971407 | ||w||²/d=1.031756 | eps_adapter=5.872084e-02 | residual_overlap=0.014138
[step    29850] t/d=298.500 | task1=2.479951e-01 | |m1|=0.985665 | m1²=0.971535 | ||w||²/d=1.033423 | eps_adapter=5.834011e-02 | residual_overlap=0.014214
[step    29900] t/d=299.000 | task1=2.479386e-01 | |m1|=0.985686 | m1²=0.971577 | ||w||²/d=1.034736 | eps_adapter=5.815369e-02 | residual_overlap=0.014271
[step    29950] t/d=299.500 | task1=2.479052e-01 | |m1|=0.985598 | m1²=0.971402 | ||w||²/d=1.036991 | eps_adapter=5.829615e-02 | residual_overlap=0.014424
[step    30000] t/d=300.000 | task1=2.478255e-01 | |m1|=0.985586 | m1²=0.971379 | ||w||²/d=1.039316 | eps_adapter=5.816127e-02 | residual_overlap=0.014388
[step    30050] t/d=300.500 | task1=2.477937e-01 | |m1|=0.985436 | m1²=0.971084 | ||w||²/d=1.040273 | eps_adapter=5.864010e-02 | residual_overlap=0.014608
[step    30100] t/d=301.000 | task1=2.477005e-01 | |m1|=0.985741 | m1²=0.971686 | ||w||²/d=1.042092 | eps_adapter=5.738927e-02 | residual_overlap=0.014353
[step    30150] t/d=301.500 | task1=2.476751e-01 | |m1|=0.985719 | m1²=0.971642 | ||w||²/d=1.045566 | eps_adapter=5.723424e-02 | residual_overlap=0.014361
[step    30200] t/d=302.000 | task1=2.476369e-01 | |m1|=0.985999 | m1²=0.972195 | ||w||²/d=1.045711 | eps_adapter=5.619157e-02 | residual_overlap=0.014113
[step    30250] t/d=302.500 | task1=2.476170e-01 | |m1|=0.986050 | m1²=0.972294 | ||w||²/d=1.049336 | eps_adapter=5.577665e-02 | residual_overlap=0.014155
[step    30300] t/d=303.000 | task1=2.475900e-01 | |m1|=0.986093 | m1²=0.972379 | ||w||²/d=1.051947 | eps_adapter=5.546618e-02 | residual_overlap=0.014194
[step    30350] t/d=303.500 | task1=2.475012e-01 | |m1|=0.986237 | m1²=0.972663 | ||w||²/d=1.054303 | eps_adapter=5.480101e-02 | residual_overlap=0.014178
[step    30400] t/d=304.000 | task1=2.474234e-01 | |m1|=0.986589 | m1²=0.973358 | ||w||²/d=1.055972 | eps_adapter=5.340190e-02 | residual_overlap=0.013931
[step    30450] t/d=304.500 | task1=2.473260e-01 | |m1|=0.986652 | m1²=0.973482 | ||w||²/d=1.058369 | eps_adapter=5.304954e-02 | residual_overlap=0.013986
[step    30500] t/d=305.000 | task1=2.473370e-01 | |m1|=0.986612 | m1²=0.973403 | ||w||²/d=1.059239 | eps_adapter=5.315710e-02 | residual_overlap=0.014064
[step    30550] t/d=305.500 | task1=2.472538e-01 | |m1|=0.986821 | m1²=0.973816 | ||w||²/d=1.060803 | eps_adapter=5.230318e-02 | residual_overlap=0.013908
[step    30600] t/d=306.000 | task1=2.472454e-01 | |m1|=0.986778 | m1²=0.973731 | ||w||²/d=1.061591 | eps_adapter=5.242977e-02 | residual_overlap=0.013966
[step    30650] t/d=306.500 | task1=2.471540e-01 | |m1|=0.986913 | m1²=0.973997 | ||w||²/d=1.062328 | eps_adapter=5.189301e-02 | residual_overlap=0.014023
[step    30700] t/d=307.000 | task1=2.470736e-01 | |m1|=0.986881 | m1²=0.973933 | ||w||²/d=1.064420 | eps_adapter=5.192923e-02 | residual_overlap=0.014230
[step    30750] t/d=307.500 | task1=2.471245e-01 | |m1|=0.987000 | m1²=0.974170 | ||w||²/d=1.064085 | eps_adapter=5.149261e-02 | residual_overlap=0.014111
[step    30800] t/d=308.000 | task1=2.470319e-01 | |m1|=0.987076 | m1²=0.974320 | ||w||²/d=1.065551 | eps_adapter=5.114983e-02 | residual_overlap=0.014179
[step    30850] t/d=308.500 | task1=2.469460e-01 | |m1|=0.987346 | m1²=0.974852 | ||w||²/d=1.069131 | eps_adapter=5.000664e-02 | residual_overlap=0.013878
[step    30900] t/d=309.000 | task1=2.469315e-01 | |m1|=0.987501 | m1²=0.975159 | ||w||²/d=1.069149 | eps_adapter=4.941814e-02 | residual_overlap=0.013739
[step    30950] t/d=309.500 | task1=2.469227e-01 | |m1|=0.987576 | m1²=0.975307 | ||w||²/d=1.071071 | eps_adapter=4.907237e-02 | residual_overlap=0.013738
[step    31000] t/d=310.000 | task1=2.468913e-01 | |m1|=0.987616 | m1²=0.975385 | ||w||²/d=1.073186 | eps_adapter=4.886146e-02 | residual_overlap=0.013700
[step    31050] t/d=310.500 | task1=2.468574e-01 | |m1|=0.987553 | m1²=0.975261 | ||w||²/d=1.074826 | eps_adapter=4.905654e-02 | residual_overlap=0.013924
[step    31100] t/d=311.000 | task1=2.468248e-01 | |m1|=0.987646 | m1²=0.975445 | ||w||²/d=1.077160 | eps_adapter=4.864886e-02 | residual_overlap=0.013812
[step    31150] t/d=311.500 | task1=2.467860e-01 | |m1|=0.987633 | m1²=0.975420 | ||w||²/d=1.079801 | eps_adapter=4.864708e-02 | residual_overlap=0.013869
[step    31200] t/d=312.000 | task1=2.467014e-01 | |m1|=0.987730 | m1²=0.975611 | ||w||²/d=1.080546 | eps_adapter=4.826532e-02 | residual_overlap=0.013803
[step    31250] t/d=312.500 | task1=2.466827e-01 | |m1|=0.987857 | m1²=0.975861 | ||w||²/d=1.083559 | eps_adapter=4.773915e-02 | residual_overlap=0.013775
[step    31300] t/d=313.000 | task1=2.466461e-01 | |m1|=0.987899 | m1²=0.975945 | ||w||²/d=1.084426 | eps_adapter=4.756643e-02 | residual_overlap=0.013870
[step    31350] t/d=313.500 | task1=2.466089e-01 | |m1|=0.988089 | m1²=0.976319 | ||w||²/d=1.085992 | eps_adapter=4.682448e-02 | residual_overlap=0.013557
[step    31400] t/d=314.000 | task1=2.465303e-01 | |m1|=0.988198 | m1²=0.976535 | ||w||²/d=1.089324 | eps_adapter=4.638414e-02 | residual_overlap=0.013386
[step    31450] t/d=314.500 | task1=2.464994e-01 | |m1|=0.988280 | m1²=0.976698 | ||w||²/d=1.093482 | eps_adapter=4.606270e-02 | residual_overlap=0.013379
[step    31500] t/d=315.000 | task1=2.465032e-01 | |m1|=0.988400 | m1²=0.976934 | ||w||²/d=1.092293 | eps_adapter=4.560067e-02 | residual_overlap=0.013304
[step    31550] t/d=315.500 | task1=2.464669e-01 | |m1|=0.988348 | m1²=0.976833 | ||w||²/d=1.095809 | eps_adapter=4.580920e-02 | residual_overlap=0.013367
[step    31600] t/d=316.000 | task1=2.464783e-01 | |m1|=0.988347 | m1²=0.976830 | ||w||²/d=1.095715 | eps_adapter=4.581493e-02 | residual_overlap=0.013391
[step    31650] t/d=316.500 | task1=2.464882e-01 | |m1|=0.988517 | m1²=0.977165 | ||w||²/d=1.095864 | eps_adapter=4.515792e-02 | residual_overlap=0.013222
[step    31700] t/d=317.000 | task1=2.464349e-01 | |m1|=0.988501 | m1²=0.977134 | ||w||²/d=1.096765 | eps_adapter=4.522383e-02 | residual_overlap=0.013304
[step    31750] t/d=317.500 | task1=2.463007e-01 | |m1|=0.988714 | m1²=0.977556 | ||w||²/d=1.099586 | eps_adapter=4.442022e-02 | residual_overlap=0.013159
[step    31800] t/d=318.000 | task1=2.462802e-01 | |m1|=0.988885 | m1²=0.977893 | ||w||²/d=1.103660 | eps_adapter=4.381174e-02 | residual_overlap=0.012967
[step    31850] t/d=318.500 | task1=2.463044e-01 | |m1|=0.988949 | m1²=0.978020 | ||w||²/d=1.105745 | eps_adapter=4.359891e-02 | residual_overlap=0.012962
[step    31900] t/d=319.000 | task1=2.462785e-01 | |m1|=0.988962 | m1²=0.978047 | ||w||²/d=1.106588 | eps_adapter=4.356377e-02 | residual_overlap=0.013076
[step    31950] t/d=319.500 | task1=2.462379e-01 | |m1|=0.989092 | m1²=0.978303 | ||w||²/d=1.107888 | eps_adapter=4.308496e-02 | residual_overlap=0.013012
[step    32000] t/d=320.000 | task1=2.461771e-01 | |m1|=0.989132 | m1²=0.978381 | ||w||²/d=1.108909 | eps_adapter=4.295318e-02 | residual_overlap=0.013069
[step    32050] t/d=320.500 | task1=2.461274e-01 | |m1|=0.989151 | m1²=0.978420 | ||w||²/d=1.111219 | eps_adapter=4.293726e-02 | residual_overlap=0.013094
[step    32100] t/d=321.000 | task1=2.460832e-01 | |m1|=0.989253 | m1²=0.978622 | ||w||²/d=1.112755 | eps_adapter=4.257927e-02 | residual_overlap=0.013059
[step    32150] t/d=321.500 | task1=2.460713e-01 | |m1|=0.989324 | m1²=0.978763 | ||w||²/d=1.114704 | eps_adapter=4.236041e-02 | residual_overlap=0.012972
[step    32200] t/d=322.000 | task1=2.460522e-01 | |m1|=0.989481 | m1²=0.979072 | ||w||²/d=1.114814 | eps_adapter=4.174609e-02 | residual_overlap=0.012796
[step    32250] t/d=322.500 | task1=2.459938e-01 | |m1|=0.989543 | m1²=0.979195 | ||w||²/d=1.115770 | eps_adapter=4.153285e-02 | residual_overlap=0.012723
[step    32300] t/d=323.000 | task1=2.460027e-01 | |m1|=0.989726 | m1²=0.979557 | ||w||²/d=1.116456 | eps_adapter=4.083272e-02 | residual_overlap=0.012529
[step    32350] t/d=323.500 | task1=2.459288e-01 | |m1|=0.989879 | m1²=0.979860 | ||w||²/d=1.118449 | eps_adapter=4.029965e-02 | residual_overlap=0.012434
[step    32400] t/d=324.000 | task1=2.457702e-01 | |m1|=0.989814 | m1²=0.979731 | ||w||²/d=1.123097 | eps_adapter=4.074640e-02 | residual_overlap=0.012558
[step    32450] t/d=324.500 | task1=2.456682e-01 | |m1|=0.989719 | m1²=0.979545 | ||w||²/d=1.123343 | eps_adapter=4.113214e-02 | residual_overlap=0.012782
[step    32500] t/d=325.000 | task1=2.456013e-01 | |m1|=0.989763 | m1²=0.979631 | ||w||²/d=1.127023 | eps_adapter=4.113518e-02 | residual_overlap=0.012779
[step    32550] t/d=325.500 | task1=2.455990e-01 | |m1|=0.989826 | m1²=0.979755 | ||w||²/d=1.127559 | eps_adapter=4.091347e-02 | residual_overlap=0.012693
[step    32600] t/d=326.000 | task1=2.456317e-01 | |m1|=0.989793 | m1²=0.979691 | ||w||²/d=1.127028 | eps_adapter=4.101461e-02 | residual_overlap=0.012766
[step    32650] t/d=326.500 | task1=2.455716e-01 | |m1|=0.989915 | m1²=0.979932 | ||w||²/d=1.129465 | eps_adapter=4.065569e-02 | residual_overlap=0.012643
[step    32700] t/d=327.000 | task1=2.455024e-01 | |m1|=0.989960 | m1²=0.980022 | ||w||²/d=1.132563 | eps_adapter=4.065101e-02 | residual_overlap=0.012666
[step    32750] t/d=327.500 | task1=2.454479e-01 | |m1|=0.990055 | m1²=0.980208 | ||w||²/d=1.131843 | eps_adapter=4.023130e-02 | residual_overlap=0.012622
[step    32800] t/d=328.000 | task1=2.454820e-01 | |m1|=0.990076 | m1²=0.980251 | ||w||²/d=1.130289 | eps_adapter=4.005728e-02 | residual_overlap=0.012549
[step    32850] t/d=328.500 | task1=2.454814e-01 | |m1|=0.989879 | m1²=0.979861 | ||w||²/d=1.132679 | eps_adapter=4.098254e-02 | residual_overlap=0.012921
[step    32900] t/d=329.000 | task1=2.454698e-01 | |m1|=0.989954 | m1²=0.980009 | ||w||²/d=1.132844 | eps_adapter=4.069222e-02 | residual_overlap=0.012758
[step    32950] t/d=329.500 | task1=2.454437e-01 | |m1|=0.989806 | m1²=0.979715 | ||w||²/d=1.132902 | eps_adapter=4.129220e-02 | residual_overlap=0.012985
[step    33000] t/d=330.000 | task1=2.453804e-01 | |m1|=0.989837 | m1²=0.979778 | ||w||²/d=1.136991 | eps_adapter=4.142504e-02 | residual_overlap=0.013001
[step    33050] t/d=330.500 | task1=2.453592e-01 | |m1|=0.989752 | m1²=0.979609 | ||w||²/d=1.137653 | eps_adapter=4.181273e-02 | residual_overlap=0.013251
[step    33100] t/d=331.000 | task1=2.453669e-01 | |m1|=0.989686 | m1²=0.979478 | ||w||²/d=1.138279 | eps_adapter=4.212162e-02 | residual_overlap=0.013349
[step    33150] t/d=331.500 | task1=2.453723e-01 | |m1|=0.989763 | m1²=0.979631 | ||w||²/d=1.138749 | eps_adapter=4.184303e-02 | residual_overlap=0.013262
[step    33200] t/d=332.000 | task1=2.454135e-01 | |m1|=0.989754 | m1²=0.979614 | ||w||²/d=1.139328 | eps_adapter=4.191911e-02 | residual_overlap=0.013242
[step    33250] t/d=332.500 | task1=2.453662e-01 | |m1|=0.989754 | m1²=0.979612 | ||w||²/d=1.140922 | eps_adapter=4.203713e-02 | residual_overlap=0.013351
[step    33300] t/d=333.000 | task1=2.453638e-01 | |m1|=0.989786 | m1²=0.979677 | ||w||²/d=1.145237 | eps_adapter=4.223487e-02 | residual_overlap=0.013294
[step    33350] t/d=333.500 | task1=2.453249e-01 | |m1|=0.989693 | m1²=0.979492 | ||w||²/d=1.145456 | eps_adapter=4.263123e-02 | residual_overlap=0.013486
[step    33400] t/d=334.000 | task1=2.453001e-01 | |m1|=0.989617 | m1²=0.979342 | ||w||²/d=1.146319 | eps_adapter=4.300961e-02 | residual_overlap=0.013614
[step    33450] t/d=334.500 | task1=2.452418e-01 | |m1|=0.989678 | m1²=0.979462 | ||w||²/d=1.148312 | eps_adapter=4.293097e-02 | residual_overlap=0.013671
[step    33500] t/d=335.000 | task1=2.452120e-01 | |m1|=0.989753 | m1²=0.979611 | ||w||²/d=1.149663 | eps_adapter=4.274000e-02 | residual_overlap=0.013632
[step    33550] t/d=335.500 | task1=2.451897e-01 | |m1|=0.989805 | m1²=0.979715 | ||w||²/d=1.151550 | eps_adapter=4.269513e-02 | residual_overlap=0.013636
[step    33600] t/d=336.000 | task1=2.451650e-01 | |m1|=0.989827 | m1²=0.979757 | ||w||²/d=1.150837 | eps_adapter=4.254363e-02 | residual_overlap=0.013592
[step    33650] t/d=336.500 | task1=2.452371e-01 | |m1|=0.989919 | m1²=0.979940 | ||w||²/d=1.151072 | eps_adapter=4.218774e-02 | residual_overlap=0.013391
[step    33700] t/d=337.000 | task1=2.452382e-01 | |m1|=0.989798 | m1²=0.979700 | ||w||²/d=1.151621 | eps_adapter=4.273090e-02 | residual_overlap=0.013568
[step    33750] t/d=337.500 | task1=2.452389e-01 | |m1|=0.989892 | m1²=0.979887 | ||w||²/d=1.151252 | eps_adapter=4.231394e-02 | residual_overlap=0.013547
[step    33800] t/d=338.000 | task1=2.452030e-01 | |m1|=0.989839 | m1²=0.979781 | ||w||²/d=1.151733 | eps_adapter=4.257544e-02 | residual_overlap=0.013682
[step    33850] t/d=338.500 | task1=2.451670e-01 | |m1|=0.989907 | m1²=0.979916 | ||w||²/d=1.153695 | eps_adapter=4.247542e-02 | residual_overlap=0.013660
[step    33900] t/d=339.000 | task1=2.452268e-01 | |m1|=0.989858 | m1²=0.979819 | ||w||²/d=1.153726 | eps_adapter=4.267971e-02 | residual_overlap=0.013764
[step    33950] t/d=339.500 | task1=2.451004e-01 | |m1|=0.990069 | m1²=0.980236 | ||w||²/d=1.155303 | eps_adapter=4.196654e-02 | residual_overlap=0.013570
[step    34000] t/d=340.000 | task1=2.451209e-01 | |m1|=0.990102 | m1²=0.980302 | ||w||²/d=1.157844 | eps_adapter=4.207801e-02 | residual_overlap=0.013535
[step    34050] t/d=340.500 | task1=2.451207e-01 | |m1|=0.990176 | m1²=0.980449 | ||w||²/d=1.158939 | eps_adapter=4.188181e-02 | residual_overlap=0.013444
[step    34100] t/d=341.000 | task1=2.450297e-01 | |m1|=0.990273 | m1²=0.980640 | ||w||²/d=1.161247 | eps_adapter=4.172206e-02 | residual_overlap=0.013344
[step    34150] t/d=341.500 | task1=2.450107e-01 | |m1|=0.990373 | m1²=0.980839 | ||w||²/d=1.163709 | eps_adapter=4.156749e-02 | residual_overlap=0.013219
[step    34200] t/d=342.000 | task1=2.449934e-01 | |m1|=0.990427 | m1²=0.980945 | ||w||²/d=1.165262 | eps_adapter=4.151585e-02 | residual_overlap=0.013222
[step    34250] t/d=342.500 | task1=2.449680e-01 | |m1|=0.990360 | m1²=0.980812 | ||w||²/d=1.168731 | eps_adapter=4.218395e-02 | residual_overlap=0.013421
[step    34300] t/d=343.000 | task1=2.450057e-01 | |m1|=0.990264 | m1²=0.980623 | ||w||²/d=1.170703 | eps_adapter=4.281243e-02 | residual_overlap=0.013494
[step    34350] t/d=343.500 | task1=2.449474e-01 | |m1|=0.990154 | m1²=0.980405 | ||w||²/d=1.174112 | eps_adapter=4.368506e-02 | residual_overlap=0.013597
[step    34400] t/d=344.000 | task1=2.449506e-01 | |m1|=0.990070 | m1²=0.980238 | ||w||²/d=1.175796 | eps_adapter=4.424888e-02 | residual_overlap=0.013738
[step    34450] t/d=344.500 | task1=2.448929e-01 | |m1|=0.989973 | m1²=0.980046 | ||w||²/d=1.177538 | eps_adapter=4.487845e-02 | residual_overlap=0.013895
[step    34500] t/d=345.000 | task1=2.448726e-01 | |m1|=0.990034 | m1²=0.980167 | ||w||²/d=1.179614 | eps_adapter=4.489936e-02 | residual_overlap=0.013759
[step    34550] t/d=345.500 | task1=2.448411e-01 | |m1|=0.989983 | m1²=0.980066 | ||w||²/d=1.182377 | eps_adapter=4.548944e-02 | residual_overlap=0.013897
[step    34600] t/d=346.000 | task1=2.447984e-01 | |m1|=0.990041 | m1²=0.980181 | ||w||²/d=1.181509 | eps_adapter=4.512610e-02 | residual_overlap=0.013805
[step    34650] t/d=346.500 | task1=2.447787e-01 | |m1|=0.989972 | m1²=0.980045 | ||w||²/d=1.181199 | eps_adapter=4.537203e-02 | residual_overlap=0.013892
[step    34700] t/d=347.000 | task1=2.448110e-01 | |m1|=0.989937 | m1²=0.979975 | ||w||²/d=1.184967 | eps_adapter=4.604732e-02 | residual_overlap=0.013924
[step    34750] t/d=347.500 | task1=2.447691e-01 | |m1|=0.989879 | m1²=0.979860 | ||w||²/d=1.186615 | eps_adapter=4.652994e-02 | residual_overlap=0.014040
[step    34800] t/d=348.000 | task1=2.447896e-01 | |m1|=0.989947 | m1²=0.979995 | ||w||²/d=1.189650 | eps_adapter=4.669223e-02 | residual_overlap=0.013877
[step    34850] t/d=348.500 | task1=2.448327e-01 | |m1|=0.989941 | m1²=0.979984 | ||w||²/d=1.188413 | eps_adapter=4.653098e-02 | residual_overlap=0.013916
[step    34900] t/d=349.000 | task1=2.447904e-01 | |m1|=0.989781 | m1²=0.979666 | ||w||²/d=1.188835 | eps_adapter=4.726878e-02 | residual_overlap=0.014170
[step    34950] t/d=349.500 | task1=2.447684e-01 | |m1|=0.989843 | m1²=0.979790 | ||w||²/d=1.190320 | eps_adapter=4.722975e-02 | residual_overlap=0.014102
[step    35000] t/d=350.000 | task1=2.447446e-01 | |m1|=0.989936 | m1²=0.979972 | ||w||²/d=1.192361 | eps_adapter=4.715443e-02 | residual_overlap=0.013938
[step    35050] t/d=350.500 | task1=2.447523e-01 | |m1|=0.990019 | m1²=0.980137 | ||w||²/d=1.192456 | eps_adapter=4.681788e-02 | residual_overlap=0.013776
[step    35100] t/d=351.000 | task1=2.447182e-01 | |m1|=0.989905 | m1²=0.979912 | ||w||²/d=1.192148 | eps_adapter=4.724954e-02 | residual_overlap=0.013955
[step    35150] t/d=351.500 | task1=2.446774e-01 | |m1|=0.989879 | m1²=0.979861 | ||w||²/d=1.192062 | eps_adapter=4.734633e-02 | residual_overlap=0.013996
[step    35200] t/d=352.000 | task1=2.446731e-01 | |m1|=0.989765 | m1²=0.979634 | ||w||²/d=1.194222 | eps_adapter=4.816786e-02 | residual_overlap=0.014215
[step    35250] t/d=352.500 | task1=2.446836e-01 | |m1|=0.989854 | m1²=0.979812 | ||w||²/d=1.194982 | eps_adapter=4.790909e-02 | residual_overlap=0.014083
[step    35300] t/d=353.000 | task1=2.446752e-01 | |m1|=0.990040 | m1²=0.980180 | ||w||²/d=1.197005 | eps_adapter=4.744733e-02 | residual_overlap=0.013805
[step    35350] t/d=353.500 | task1=2.446803e-01 | |m1|=0.990090 | m1²=0.980279 | ||w||²/d=1.196653 | eps_adapter=4.717798e-02 | residual_overlap=0.013765
[step    35400] t/d=354.000 | task1=2.447004e-01 | |m1|=0.990168 | m1²=0.980433 | ||w||²/d=1.198675 | eps_adapter=4.717573e-02 | residual_overlap=0.013605
[step    35450] t/d=354.500 | task1=2.447281e-01 | |m1|=0.990114 | m1²=0.980326 | ||w||²/d=1.198869 | eps_adapter=4.743827e-02 | residual_overlap=0.013639
[step    35500] t/d=355.000 | task1=2.447517e-01 | |m1|=0.990013 | m1²=0.980126 | ||w||²/d=1.201584 | eps_adapter=4.832181e-02 | residual_overlap=0.013676
[step    35550] t/d=355.500 | task1=2.446984e-01 | |m1|=0.989971 | m1²=0.980043 | ||w||²/d=1.204412 | eps_adapter=4.898505e-02 | residual_overlap=0.013727
[step    35600] t/d=356.000 | task1=2.446956e-01 | |m1|=0.989890 | m1²=0.979883 | ||w||²/d=1.207006 | eps_adapter=4.978765e-02 | residual_overlap=0.013874
[step    35650] t/d=356.500 | task1=2.447417e-01 | |m1|=0.989886 | m1²=0.979874 | ||w||²/d=1.206567 | eps_adapter=4.972918e-02 | residual_overlap=0.014018
[step    35700] t/d=357.000 | task1=2.447524e-01 | |m1|=0.989820 | m1²=0.979743 | ||w||²/d=1.208579 | eps_adapter=5.037277e-02 | residual_overlap=0.014030
[step    35750] t/d=357.500 | task1=2.447341e-01 | |m1|=0.989816 | m1²=0.979735 | ||w||²/d=1.210064 | eps_adapter=5.066081e-02 | residual_overlap=0.014118
[step    35800] t/d=358.000 | task1=2.446821e-01 | |m1|=0.989910 | m1²=0.979921 | ||w||²/d=1.210851 | eps_adapter=5.040417e-02 | residual_overlap=0.014031
[step    35850] t/d=358.500 | task1=2.447448e-01 | |m1|=0.989924 | m1²=0.979950 | ||w||²/d=1.212376 | eps_adapter=5.062472e-02 | residual_overlap=0.014049
[step    35900] t/d=359.000 | task1=2.447403e-01 | |m1|=0.989956 | m1²=0.980012 | ||w||²/d=1.211981 | eps_adapter=5.041621e-02 | residual_overlap=0.013994
[step    35950] t/d=359.500 | task1=2.447009e-01 | |m1|=0.990049 | m1²=0.980196 | ||w||²/d=1.210688 | eps_adapter=4.977819e-02 | residual_overlap=0.013918
[step    36000] t/d=360.000 | task1=2.446432e-01 | |m1|=0.990228 | m1²=0.980552 | ||w||²/d=1.213176 | eps_adapter=4.946813e-02 | residual_overlap=0.013658
[step    36050] t/d=360.500 | task1=2.446330e-01 | |m1|=0.990186 | m1²=0.980469 | ||w||²/d=1.213431 | eps_adapter=4.969642e-02 | residual_overlap=0.013751
[step    36100] t/d=361.000 | task1=2.446005e-01 | |m1|=0.990235 | m1²=0.980566 | ||w||²/d=1.217155 | eps_adapter=5.019465e-02 | residual_overlap=0.013722
[step    36150] t/d=361.500 | task1=2.446164e-01 | |m1|=0.990080 | m1²=0.980259 | ||w||²/d=1.218754 | eps_adapter=5.117532e-02 | residual_overlap=0.013928
[step    36200] t/d=362.000 | task1=2.446027e-01 | |m1|=0.990193 | m1²=0.980481 | ||w||²/d=1.218860 | eps_adapter=5.071235e-02 | residual_overlap=0.013792
[step    36250] t/d=362.500 | task1=2.446004e-01 | |m1|=0.990104 | m1²=0.980306 | ||w||²/d=1.219125 | eps_adapter=5.114731e-02 | residual_overlap=0.013886
[step    36300] t/d=363.000 | task1=2.445341e-01 | |m1|=0.990145 | m1²=0.980388 | ||w||²/d=1.221295 | eps_adapter=5.139925e-02 | residual_overlap=0.013859
[step    36350] t/d=363.500 | task1=2.444887e-01 | |m1|=0.990235 | m1²=0.980565 | ||w||²/d=1.220753 | eps_adapter=5.090361e-02 | residual_overlap=0.013777
[step    36400] t/d=364.000 | task1=2.444886e-01 | |m1|=0.990191 | m1²=0.980478 | ||w||²/d=1.222875 | eps_adapter=5.152030e-02 | residual_overlap=0.013847
[step    36450] t/d=364.500 | task1=2.444573e-01 | |m1|=0.990398 | m1²=0.980888 | ||w||²/d=1.223843 | eps_adapter=5.082128e-02 | residual_overlap=0.013557
[step    36500] t/d=365.000 | task1=2.444661e-01 | |m1|=0.990414 | m1²=0.980920 | ||w||²/d=1.223565 | eps_adapter=5.069354e-02 | residual_overlap=0.013604
[step    36550] t/d=365.500 | task1=2.444239e-01 | |m1|=0.990468 | m1²=0.981027 | ||w||²/d=1.223435 | eps_adapter=5.043348e-02 | residual_overlap=0.013524
[step    36600] t/d=366.000 | task1=2.444089e-01 | |m1|=0.990512 | m1²=0.981115 | ||w||²/d=1.222168 | eps_adapter=4.998625e-02 | residual_overlap=0.013549
[step    36650] t/d=366.500 | task1=2.444285e-01 | |m1|=0.990418 | m1²=0.980928 | ||w||²/d=1.221657 | eps_adapter=5.029079e-02 | residual_overlap=0.013718
[step    36700] t/d=367.000 | task1=2.443413e-01 | |m1|=0.990570 | m1²=0.981228 | ||w||²/d=1.223668 | eps_adapter=5.004019e-02 | residual_overlap=0.013467
[step    36750] t/d=367.500 | task1=2.443114e-01 | |m1|=0.990548 | m1²=0.981185 | ||w||²/d=1.223649 | eps_adapter=5.012981e-02 | residual_overlap=0.013551
[step    36800] t/d=368.000 | task1=2.443215e-01 | |m1|=0.990555 | m1²=0.981199 | ||w||²/d=1.224169 | eps_adapter=5.020648e-02 | residual_overlap=0.013574
[step    36850] t/d=368.500 | task1=2.443379e-01 | |m1|=0.990614 | m1²=0.981317 | ||w||²/d=1.225750 | eps_adapter=5.027188e-02 | residual_overlap=0.013467
[step    36900] t/d=369.000 | task1=2.443703e-01 | |m1|=0.990667 | m1²=0.981421 | ||w||²/d=1.225085 | eps_adapter=4.990664e-02 | residual_overlap=0.013467
[step    36950] t/d=369.500 | task1=2.443198e-01 | |m1|=0.990803 | m1²=0.981690 | ||w||²/d=1.226180 | eps_adapter=4.954147e-02 | residual_overlap=0.013288
[step    37000] t/d=370.000 | task1=2.442915e-01 | |m1|=0.990855 | m1²=0.981793 | ||w||²/d=1.227698 | eps_adapter=4.963031e-02 | residual_overlap=0.013276
[step    37050] t/d=370.500 | task1=2.443374e-01 | |m1|=0.990917 | m1²=0.981917 | ||w||²/d=1.230137 | eps_adapter=4.986866e-02 | residual_overlap=0.013150
[step    37100] t/d=371.000 | task1=2.442632e-01 | |m1|=0.990833 | m1²=0.981749 | ||w||²/d=1.230816 | eps_adapter=5.038322e-02 | residual_overlap=0.013256
[step    37150] t/d=371.500 | task1=2.442524e-01 | |m1|=0.990812 | m1²=0.981709 | ||w||²/d=1.232375 | eps_adapter=5.080607e-02 | residual_overlap=0.013309
[step    37200] t/d=372.000 | task1=2.442246e-01 | |m1|=0.991033 | m1²=0.982146 | ||w||²/d=1.233108 | eps_adapter=5.000201e-02 | residual_overlap=0.013005
[step    37250] t/d=372.500 | task1=2.441894e-01 | |m1|=0.990835 | m1²=0.981755 | ||w||²/d=1.235568 | eps_adapter=5.140265e-02 | residual_overlap=0.013245
[step    37300] t/d=373.000 | task1=2.441350e-01 | |m1|=0.990730 | m1²=0.981545 | ||w||²/d=1.236579 | eps_adapter=5.209021e-02 | residual_overlap=0.013455
[step    37350] t/d=373.500 | task1=2.441950e-01 | |m1|=0.990659 | m1²=0.981404 | ||w||²/d=1.236465 | eps_adapter=5.237652e-02 | residual_overlap=0.013537
[step    37400] t/d=374.000 | task1=2.442416e-01 | |m1|=0.990755 | m1²=0.981596 | ||w||²/d=1.237433 | eps_adapter=5.216944e-02 | residual_overlap=0.013398
[step    37450] t/d=374.500 | task1=2.442261e-01 | |m1|=0.990793 | m1²=0.981670 | ||w||²/d=1.234788 | eps_adapter=5.141821e-02 | residual_overlap=0.013390
[step    37500] t/d=375.000 | task1=2.442459e-01 | |m1|=0.990842 | m1²=0.981768 | ||w||²/d=1.233255 | eps_adapter=5.086735e-02 | residual_overlap=0.013383
[step    37550] t/d=375.500 | task1=2.442950e-01 | |m1|=0.990833 | m1²=0.981751 | ||w||²/d=1.231940 | eps_adapter=5.062015e-02 | residual_overlap=0.013425
[step    37600] t/d=376.000 | task1=2.442977e-01 | |m1|=0.990945 | m1²=0.981973 | ||w||²/d=1.235356 | eps_adapter=5.087397e-02 | residual_overlap=0.013254
[step    37650] t/d=376.500 | task1=2.442569e-01 | |m1|=0.991040 | m1²=0.982161 | ||w||²/d=1.234256 | eps_adapter=5.021729e-02 | residual_overlap=0.013149
[step    37700] t/d=377.000 | task1=2.442562e-01 | |m1|=0.991069 | m1²=0.982218 | ||w||²/d=1.235139 | eps_adapter=5.028376e-02 | residual_overlap=0.013138
[step    37750] t/d=377.500 | task1=2.443132e-01 | |m1|=0.990893 | m1²=0.981870 | ||w||²/d=1.234530 | eps_adapter=5.092052e-02 | residual_overlap=0.013385
[step    37800] t/d=378.000 | task1=2.442735e-01 | |m1|=0.990886 | m1²=0.981855 | ||w||²/d=1.235205 | eps_adapter=5.110062e-02 | residual_overlap=0.013465
[step    37850] t/d=378.500 | task1=2.442297e-01 | |m1|=0.990791 | m1²=0.981666 | ||w||²/d=1.235783 | eps_adapter=5.164645e-02 | residual_overlap=0.013629
[step    37900] t/d=379.000 | task1=2.441516e-01 | |m1|=0.990770 | m1²=0.981626 | ||w||²/d=1.237030 | eps_adapter=5.201304e-02 | residual_overlap=0.013670
[step    37950] t/d=379.500 | task1=2.440559e-01 | |m1|=0.990670 | m1²=0.981427 | ||w||²/d=1.238780 | eps_adapter=5.284707e-02 | residual_overlap=0.013882
[step    38000] t/d=380.000 | task1=2.440470e-01 | |m1|=0.990748 | m1²=0.981582 | ||w||²/d=1.236886 | eps_adapter=5.207818e-02 | residual_overlap=0.013760
[step    38050] t/d=380.500 | task1=2.440671e-01 | |m1|=0.990785 | m1²=0.981655 | ||w||²/d=1.237372 | eps_adapter=5.202525e-02 | residual_overlap=0.013617
[step    38100] t/d=381.000 | task1=2.440278e-01 | |m1|=0.990780 | m1²=0.981645 | ||w||²/d=1.240617 | eps_adapter=5.278274e-02 | residual_overlap=0.013663
[step    38150] t/d=381.500 | task1=2.440589e-01 | |m1|=0.990861 | m1²=0.981805 | ||w||²/d=1.240756 | eps_adapter=5.245934e-02 | residual_overlap=0.013572
[step    38200] t/d=382.000 | task1=2.440099e-01 | |m1|=0.990773 | m1²=0.981632 | ||w||²/d=1.242287 | eps_adapter=5.319558e-02 | residual_overlap=0.013737
[step    38250] t/d=382.500 | task1=2.439794e-01 | |m1|=0.990819 | m1²=0.981722 | ||w||²/d=1.243899 | eps_adapter=5.337088e-02 | residual_overlap=0.013673
[step    38300] t/d=383.000 | task1=2.439476e-01 | |m1|=0.990767 | m1²=0.981620 | ||w||²/d=1.243207 | eps_adapter=5.343665e-02 | residual_overlap=0.013749
[step    38350] t/d=383.500 | task1=2.439355e-01 | |m1|=0.990885 | m1²=0.981854 | ||w||²/d=1.243675 | eps_adapter=5.302553e-02 | residual_overlap=0.013608
[step    38400] t/d=384.000 | task1=2.438945e-01 | |m1|=0.990918 | m1²=0.981918 | ||w||²/d=1.246761 | eps_adapter=5.361153e-02 | residual_overlap=0.013528
[step    38450] t/d=384.500 | task1=2.439166e-01 | |m1|=0.990830 | m1²=0.981743 | ||w||²/d=1.247705 | eps_adapter=5.422683e-02 | residual_overlap=0.013750
[step    38500] t/d=385.000 | task1=2.439133e-01 | |m1|=0.990735 | m1²=0.981557 | ||w||²/d=1.247654 | eps_adapter=5.463108e-02 | residual_overlap=0.013940
[step    38550] t/d=385.500 | task1=2.438929e-01 | |m1|=0.990766 | m1²=0.981617 | ||w||²/d=1.249743 | eps_adapter=5.500301e-02 | residual_overlap=0.013913
[step    38600] t/d=386.000 | task1=2.438326e-01 | |m1|=0.990779 | m1²=0.981643 | ||w||²/d=1.248975 | eps_adapter=5.475733e-02 | residual_overlap=0.013923
[step    38650] t/d=386.500 | task1=2.438722e-01 | |m1|=0.990603 | m1²=0.981294 | ||w||²/d=1.249161 | eps_adapter=5.558173e-02 | residual_overlap=0.014183
[step    38700] t/d=387.000 | task1=2.438520e-01 | |m1|=0.990573 | m1²=0.981235 | ||w||²/d=1.251420 | eps_adapter=5.626970e-02 | residual_overlap=0.014205
[step    38750] t/d=387.500 | task1=2.438066e-01 | |m1|=0.990519 | m1²=0.981129 | ||w||²/d=1.251586 | eps_adapter=5.654836e-02 | residual_overlap=0.014381
[step    38800] t/d=388.000 | task1=2.437793e-01 | |m1|=0.990566 | m1²=0.981221 | ||w||²/d=1.249343 | eps_adapter=5.579022e-02 | residual_overlap=0.014296
[step    38850] t/d=388.500 | task1=2.438539e-01 | |m1|=0.990526 | m1²=0.981142 | ||w||²/d=1.248665 | eps_adapter=5.580218e-02 | residual_overlap=0.014330
[step    38900] t/d=389.000 | task1=2.438580e-01 | |m1|=0.990478 | m1²=0.981047 | ||w||²/d=1.250836 | eps_adapter=5.654634e-02 | residual_overlap=0.014360
[step    38950] t/d=389.500 | task1=2.438671e-01 | |m1|=0.990517 | m1²=0.981123 | ||w||²/d=1.251765 | eps_adapter=5.660445e-02 | residual_overlap=0.014337
[step    39000] t/d=390.000 | task1=2.438288e-01 | |m1|=0.990523 | m1²=0.981135 | ||w||²/d=1.249266 | eps_adapter=5.596363e-02 | residual_overlap=0.014364
[step    39050] t/d=390.500 | task1=2.438214e-01 | |m1|=0.990589 | m1²=0.981267 | ||w||²/d=1.248606 | eps_adapter=5.550910e-02 | residual_overlap=0.014304
[step    39100] t/d=391.000 | task1=2.438730e-01 | |m1|=0.990548 | m1²=0.981185 | ||w||²/d=1.246858 | eps_adapter=5.527007e-02 | residual_overlap=0.014415
[step    39150] t/d=391.500 | task1=2.438300e-01 | |m1|=0.990453 | m1²=0.980998 | ||w||²/d=1.245573 | eps_adapter=5.537873e-02 | residual_overlap=0.014579
[step    39200] t/d=392.000 | task1=2.438189e-01 | |m1|=0.990581 | m1²=0.981251 | ||w||²/d=1.247821 | eps_adapter=5.535483e-02 | residual_overlap=0.014384
[step    39250] t/d=392.500 | task1=2.437978e-01 | |m1|=0.990673 | m1²=0.981432 | ||w||²/d=1.249600 | eps_adapter=5.538052e-02 | residual_overlap=0.014322
[step    39300] t/d=393.000 | task1=2.437985e-01 | |m1|=0.990687 | m1²=0.981461 | ||w||²/d=1.251744 | eps_adapter=5.584190e-02 | residual_overlap=0.014286
[step    39350] t/d=393.500 | task1=2.437834e-01 | |m1|=0.990716 | m1²=0.981518 | ||w||²/d=1.252501 | eps_adapter=5.590193e-02 | residual_overlap=0.014359
[step    39400] t/d=394.000 | task1=2.437582e-01 | |m1|=0.990691 | m1²=0.981469 | ||w||²/d=1.252911 | eps_adapter=5.611357e-02 | residual_overlap=0.014347
[step    39450] t/d=394.500 | task1=2.437320e-01 | |m1|=0.990743 | m1²=0.981573 | ||w||²/d=1.253677 | eps_adapter=5.607385e-02 | residual_overlap=0.014231
[step    39500] t/d=395.000 | task1=2.437584e-01 | |m1|=0.990871 | m1²=0.981826 | ||w||²/d=1.252672 | eps_adapter=5.525491e-02 | residual_overlap=0.014059
[step    39550] t/d=395.500 | task1=2.437193e-01 | |m1|=0.990847 | m1²=0.981778 | ||w||²/d=1.251917 | eps_adapter=5.517644e-02 | residual_overlap=0.014063
[step    39600] t/d=396.000 | task1=2.437207e-01 | |m1|=0.990827 | m1²=0.981738 | ||w||²/d=1.253183 | eps_adapter=5.557844e-02 | residual_overlap=0.014068
[step    39650] t/d=396.500 | task1=2.437180e-01 | |m1|=0.990892 | m1²=0.981867 | ||w||²/d=1.255644 | eps_adapter=5.590719e-02 | residual_overlap=0.013930
[step    39700] t/d=397.000 | task1=2.437205e-01 | |m1|=0.990804 | m1²=0.981692 | ||w||²/d=1.255501 | eps_adapter=5.626404e-02 | residual_overlap=0.014003
[step    39750] t/d=397.500 | task1=2.436896e-01 | |m1|=0.990961 | m1²=0.982005 | ||w||²/d=1.254940 | eps_adapter=5.542111e-02 | residual_overlap=0.013810
[step    39800] t/d=398.000 | task1=2.436613e-01 | |m1|=0.991059 | m1²=0.982198 | ||w||²/d=1.256114 | eps_adapter=5.528185e-02 | residual_overlap=0.013647
[step    39850] t/d=398.500 | task1=2.436727e-01 | |m1|=0.991175 | m1²=0.982428 | ||w||²/d=1.253307 | eps_adapter=5.406319e-02 | residual_overlap=0.013536
[step    39900] t/d=399.000 | task1=2.437166e-01 | |m1|=0.991110 | m1²=0.982298 | ||w||²/d=1.252160 | eps_adapter=5.407065e-02 | residual_overlap=0.013639
[step    39950] t/d=399.500 | task1=2.437498e-01 | |m1|=0.991145 | m1²=0.982367 | ||w||²/d=1.254620 | eps_adapter=5.452615e-02 | residual_overlap=0.013573
[step    40000] t/d=400.000 | task1=2.437382e-01 | |m1|=0.991068 | m1²=0.982215 | ||w||²/d=1.255709 | eps_adapter=5.514144e-02 | residual_overlap=0.013653
[step    40050] t/d=400.500 | task1=2.437418e-01 | |m1|=0.991232 | m1²=0.982541 | ||w||²/d=1.256122 | eps_adapter=5.451354e-02 | residual_overlap=0.013400
[step    40100] t/d=401.000 | task1=2.437411e-01 | |m1|=0.991252 | m1²=0.982580 | ||w||²/d=1.257516 | eps_adapter=5.478035e-02 | residual_overlap=0.013400
[step    40150] t/d=401.500 | task1=2.437308e-01 | |m1|=0.991275 | m1²=0.982627 | ||w||²/d=1.258436 | eps_adapter=5.490911e-02 | residual_overlap=0.013364
[step    40200] t/d=402.000 | task1=2.437798e-01 | |m1|=0.991267 | m1²=0.982609 | ||w||²/d=1.261641 | eps_adapter=5.577705e-02 | residual_overlap=0.013373
[step    40250] t/d=402.500 | task1=2.437578e-01 | |m1|=0.991330 | m1²=0.982735 | ||w||²/d=1.262439 | eps_adapter=5.570239e-02 | residual_overlap=0.013270
[step    40300] t/d=403.000 | task1=2.437324e-01 | |m1|=0.991454 | m1²=0.982981 | ||w||²/d=1.262575 | eps_adapter=5.518131e-02 | residual_overlap=0.013105
[step    40350] t/d=403.500 | task1=2.437753e-01 | |m1|=0.991363 | m1²=0.982801 | ||w||²/d=1.264284 | eps_adapter=5.603806e-02 | residual_overlap=0.013168
[step    40400] t/d=404.000 | task1=2.437809e-01 | |m1|=0.991321 | m1²=0.982717 | ||w||²/d=1.265371 | eps_adapter=5.651750e-02 | residual_overlap=0.013251
[step    40450] t/d=404.500 | task1=2.437748e-01 | |m1|=0.991332 | m1²=0.982738 | ||w||²/d=1.265056 | eps_adapter=5.638592e-02 | residual_overlap=0.013253
[step    40500] t/d=405.000 | task1=2.437236e-01 | |m1|=0.991312 | m1²=0.982700 | ||w||²/d=1.266774 | eps_adapter=5.693339e-02 | residual_overlap=0.013309
[step    40550] t/d=405.500 | task1=2.437252e-01 | |m1|=0.991318 | m1²=0.982712 | ||w||²/d=1.267607 | eps_adapter=5.713074e-02 | residual_overlap=0.013319
[step    40600] t/d=406.000 | task1=2.437346e-01 | |m1|=0.991400 | m1²=0.982875 | ||w||²/d=1.269521 | eps_adapter=5.728114e-02 | residual_overlap=0.013156
[step    40650] t/d=406.500 | task1=2.437526e-01 | |m1|=0.991405 | m1²=0.982883 | ||w||²/d=1.268875 | eps_adapter=5.708560e-02 | residual_overlap=0.013074
[step    40700] t/d=407.000 | task1=2.437431e-01 | |m1|=0.991549 | m1²=0.983169 | ||w||²/d=1.270080 | eps_adapter=5.676624e-02 | residual_overlap=0.012914
[step    40750] t/d=407.500 | task1=2.437395e-01 | |m1|=0.991493 | m1²=0.983058 | ||w||²/d=1.270435 | eps_adapter=5.711457e-02 | residual_overlap=0.012986
[step    40800] t/d=408.000 | task1=2.437819e-01 | |m1|=0.991468 | m1²=0.983009 | ||w||²/d=1.270607 | eps_adapter=5.727335e-02 | residual_overlap=0.013038
[step    40850] t/d=408.500 | task1=2.437898e-01 | |m1|=0.991503 | m1²=0.983078 | ||w||²/d=1.272554 | eps_adapter=5.765377e-02 | residual_overlap=0.013005
[step    40900] t/d=409.000 | task1=2.437105e-01 | |m1|=0.991487 | m1²=0.983047 | ||w||²/d=1.272097 | eps_adapter=5.759908e-02 | residual_overlap=0.013111
[step    40950] t/d=409.500 | task1=2.437186e-01 | |m1|=0.991371 | m1²=0.982817 | ||w||²/d=1.271705 | eps_adapter=5.801347e-02 | residual_overlap=0.013349
[step    41000] t/d=410.000 | task1=2.437211e-01 | |m1|=0.991394 | m1²=0.982863 | ||w||²/d=1.273216 | eps_adapter=5.832912e-02 | residual_overlap=0.013354
[step    41050] t/d=410.500 | task1=2.436859e-01 | |m1|=0.991378 | m1²=0.982831 | ||w||²/d=1.273765 | eps_adapter=5.855467e-02 | residual_overlap=0.013409
[step    41100] t/d=411.000 | task1=2.437004e-01 | |m1|=0.991413 | m1²=0.982901 | ||w||²/d=1.277067 | eps_adapter=5.932914e-02 | residual_overlap=0.013387
[step    41150] t/d=411.500 | task1=2.437004e-01 | |m1|=0.991382 | m1²=0.982837 | ||w||²/d=1.276651 | eps_adapter=5.935541e-02 | residual_overlap=0.013423
[step    41200] t/d=412.000 | task1=2.437159e-01 | |m1|=0.991354 | m1²=0.982782 | ||w||²/d=1.276781 | eps_adapter=5.951910e-02 | residual_overlap=0.013404
[step    41250] t/d=412.500 | task1=2.437140e-01 | |m1|=0.991257 | m1²=0.982590 | ||w||²/d=1.279036 | eps_adapter=6.060385e-02 | residual_overlap=0.013533
[step    41300] t/d=413.000 | task1=2.436947e-01 | |m1|=0.991250 | m1²=0.982578 | ||w||²/d=1.281590 | eps_adapter=6.137668e-02 | residual_overlap=0.013556
[step    41350] t/d=413.500 | task1=2.437308e-01 | |m1|=0.991250 | m1²=0.982576 | ||w||²/d=1.277508 | eps_adapter=6.019749e-02 | residual_overlap=0.013487
[step    41400] t/d=414.000 | task1=2.436559e-01 | |m1|=0.991231 | m1²=0.982539 | ||w||²/d=1.276735 | eps_adapter=6.006137e-02 | residual_overlap=0.013549
[step    41450] t/d=414.500 | task1=2.436788e-01 | |m1|=0.991140 | m1²=0.982359 | ||w||²/d=1.279607 | eps_adapter=6.129941e-02 | residual_overlap=0.013702
[step    41500] t/d=415.000 | task1=2.436813e-01 | |m1|=0.991102 | m1²=0.982283 | ||w||²/d=1.281075 | eps_adapter=6.190000e-02 | residual_overlap=0.013842
[step    41550] t/d=415.500 | task1=2.437016e-01 | |m1|=0.991128 | m1²=0.982334 | ||w||²/d=1.281263 | eps_adapter=6.183934e-02 | residual_overlap=0.013797
[step    41600] t/d=416.000 | task1=2.437702e-01 | |m1|=0.991013 | m1²=0.982107 | ||w||²/d=1.282105 | eps_adapter=6.260627e-02 | residual_overlap=0.013888
[step    41650] t/d=416.500 | task1=2.437570e-01 | |m1|=0.991056 | m1²=0.982192 | ||w||²/d=1.283125 | eps_adapter=6.271311e-02 | residual_overlap=0.013846
[step    41700] t/d=417.000 | task1=2.437412e-01 | |m1|=0.991102 | m1²=0.982284 | ||w||²/d=1.284050 | eps_adapter=6.277733e-02 | residual_overlap=0.013830
[step    41750] t/d=417.500 | task1=2.437376e-01 | |m1|=0.990932 | m1²=0.981947 | ||w||²/d=1.284729 | eps_adapter=6.375419e-02 | residual_overlap=0.014057
[step    41800] t/d=418.000 | task1=2.437069e-01 | |m1|=0.990881 | m1²=0.981845 | ||w||²/d=1.284199 | eps_adapter=6.382864e-02 | residual_overlap=0.014110
[step    41850] t/d=418.500 | task1=2.436869e-01 | |m1|=0.990957 | m1²=0.981996 | ||w||²/d=1.285871 | eps_adapter=6.398383e-02 | residual_overlap=0.013958
[step    41900] t/d=419.000 | task1=2.436441e-01 | |m1|=0.991010 | m1²=0.982101 | ||w||²/d=1.286681 | eps_adapter=6.398742e-02 | residual_overlap=0.013886
[step    41950] t/d=419.500 | task1=2.436647e-01 | |m1|=0.991022 | m1²=0.982125 | ||w||²/d=1.287636 | eps_adapter=6.422051e-02 | residual_overlap=0.013854
[step    42000] t/d=420.000 | task1=2.436748e-01 | |m1|=0.990878 | m1²=0.981838 | ||w||²/d=1.288804 | eps_adapter=6.523713e-02 | residual_overlap=0.014034
[step    42050] t/d=420.500 | task1=2.437301e-01 | |m1|=0.990863 | m1²=0.981810 | ||w||²/d=1.291296 | eps_adapter=6.607080e-02 | residual_overlap=0.014011
[step    42100] t/d=421.000 | task1=2.437301e-01 | |m1|=0.990865 | m1²=0.981814 | ||w||²/d=1.290974 | eps_adapter=6.596191e-02 | residual_overlap=0.014080
[step    42150] t/d=421.500 | task1=2.437543e-01 | |m1|=0.990868 | m1²=0.981819 | ||w||²/d=1.288952 | eps_adapter=6.532623e-02 | residual_overlap=0.013990
[step    42200] t/d=422.000 | task1=2.438065e-01 | |m1|=0.990976 | m1²=0.982033 | ||w||²/d=1.286785 | eps_adapter=6.417344e-02 | residual_overlap=0.013824
[step    42250] t/d=422.500 | task1=2.438020e-01 | |m1|=0.990870 | m1²=0.981824 | ||w||²/d=1.286594 | eps_adapter=6.459699e-02 | residual_overlap=0.013993
[step    42300] t/d=423.000 | task1=2.437663e-01 | |m1|=0.990794 | m1²=0.981674 | ||w||²/d=1.286227 | eps_adapter=6.483283e-02 | residual_overlap=0.014079
[step    42350] t/d=423.500 | task1=2.437552e-01 | |m1|=0.990771 | m1²=0.981628 | ||w||²/d=1.285171 | eps_adapter=6.461983e-02 | residual_overlap=0.014181
[step    42400] t/d=424.000 | task1=2.437102e-01 | |m1|=0.990799 | m1²=0.981682 | ||w||²/d=1.285712 | eps_adapter=6.465719e-02 | residual_overlap=0.014191
[step    42450] t/d=424.500 | task1=2.436591e-01 | |m1|=0.990806 | m1²=0.981696 | ||w||²/d=1.285374 | eps_adapter=6.452511e-02 | residual_overlap=0.014174
[step    42500] t/d=425.000 | task1=2.436269e-01 | |m1|=0.990638 | m1²=0.981363 | ||w||²/d=1.287120 | eps_adapter=6.581852e-02 | residual_overlap=0.014411
[step    42550] t/d=425.500 | task1=2.436370e-01 | |m1|=0.990645 | m1²=0.981377 | ||w||²/d=1.287254 | eps_adapter=6.582725e-02 | residual_overlap=0.014427
[step    42600] t/d=426.000 | task1=2.436341e-01 | |m1|=0.990650 | m1²=0.981387 | ||w||²/d=1.285526 | eps_adapter=6.528083e-02 | residual_overlap=0.014514
[step    42650] t/d=426.500 | task1=2.436387e-01 | |m1|=0.990626 | m1²=0.981340 | ||w||²/d=1.284535 | eps_adapter=6.509161e-02 | residual_overlap=0.014542
[step    42700] t/d=427.000 | task1=2.436123e-01 | |m1|=0.990578 | m1²=0.981245 | ||w||²/d=1.285743 | eps_adapter=6.567218e-02 | residual_overlap=0.014548
[step    42750] t/d=427.500 | task1=2.436238e-01 | |m1|=0.990723 | m1²=0.981532 | ||w||²/d=1.285563 | eps_adapter=6.495805e-02 | residual_overlap=0.014364
[step    42800] t/d=428.000 | task1=2.435634e-01 | |m1|=0.990739 | m1²=0.981564 | ||w||²/d=1.284361 | eps_adapter=6.452486e-02 | residual_overlap=0.014378
[step    42850] t/d=428.500 | task1=2.435998e-01 | |m1|=0.990832 | m1²=0.981749 | ||w||²/d=1.286110 | eps_adapter=6.462392e-02 | residual_overlap=0.014248
[step    42900] t/d=429.000 | task1=2.436253e-01 | |m1|=0.990852 | m1²=0.981789 | ||w||²/d=1.284644 | eps_adapter=6.409256e-02 | residual_overlap=0.014189
[step    42950] t/d=429.500 | task1=2.436047e-01 | |m1|=0.990840 | m1²=0.981764 | ||w||²/d=1.284808 | eps_adapter=6.419702e-02 | residual_overlap=0.014244
[step    43000] t/d=430.000 | task1=2.435968e-01 | |m1|=0.990692 | m1²=0.981470 | ||w||²/d=1.285491 | eps_adapter=6.507856e-02 | residual_overlap=0.014451
[step    43050] t/d=430.500 | task1=2.436049e-01 | |m1|=0.990780 | m1²=0.981645 | ||w||²/d=1.285458 | eps_adapter=6.466641e-02 | residual_overlap=0.014288
[step    43100] t/d=431.000 | task1=2.435873e-01 | |m1|=0.990747 | m1²=0.981580 | ||w||²/d=1.285001 | eps_adapter=6.467907e-02 | residual_overlap=0.014332
[step    43150] t/d=431.500 | task1=2.435681e-01 | |m1|=0.990846 | m1²=0.981776 | ||w||²/d=1.283699 | eps_adapter=6.383873e-02 | residual_overlap=0.014135
[step    43200] t/d=432.000 | task1=2.435548e-01 | |m1|=0.990875 | m1²=0.981834 | ||w||²/d=1.283993 | eps_adapter=6.379428e-02 | residual_overlap=0.014111
[step    43250] t/d=432.500 | task1=2.435350e-01 | |m1|=0.990856 | m1²=0.981796 | ||w||²/d=1.283107 | eps_adapter=6.361731e-02 | residual_overlap=0.014163
[step    43300] t/d=433.000 | task1=2.435942e-01 | |m1|=0.990956 | m1²=0.981993 | ||w||²/d=1.283157 | eps_adapter=6.317915e-02 | residual_overlap=0.013988
[step    43350] t/d=433.500 | task1=2.436123e-01 | |m1|=0.991015 | m1²=0.982111 | ||w||²/d=1.282665 | eps_adapter=6.276260e-02 | residual_overlap=0.013868
[step    43400] t/d=434.000 | task1=2.436137e-01 | |m1|=0.990986 | m1²=0.982053 | ||w||²/d=1.282766 | eps_adapter=6.292689e-02 | residual_overlap=0.013914
[step    43450] t/d=434.500 | task1=2.436357e-01 | |m1|=0.990993 | m1²=0.982067 | ||w||²/d=1.280561 | eps_adapter=6.224641e-02 | residual_overlap=0.013854
[step    43500] t/d=435.000 | task1=2.436153e-01 | |m1|=0.991055 | m1²=0.982189 | ||w||²/d=1.279496 | eps_adapter=6.165528e-02 | residual_overlap=0.013787
[step    43550] t/d=435.500 | task1=2.435289e-01 | |m1|=0.991080 | m1²=0.982240 | ||w||²/d=1.280772 | eps_adapter=6.191014e-02 | residual_overlap=0.013791
[step    43600] t/d=436.000 | task1=2.435437e-01 | |m1|=0.991110 | m1²=0.982299 | ||w||²/d=1.281571 | eps_adapter=6.200990e-02 | residual_overlap=0.013742
[step    43650] t/d=436.500 | task1=2.435525e-01 | |m1|=0.991069 | m1²=0.982218 | ||w||²/d=1.280884 | eps_adapter=6.199394e-02 | residual_overlap=0.013790
[step    43700] t/d=437.000 | task1=2.435540e-01 | |m1|=0.990972 | m1²=0.982026 | ||w||²/d=1.280058 | eps_adapter=6.219185e-02 | residual_overlap=0.013977
[step    43750] t/d=437.500 | task1=2.435889e-01 | |m1|=0.991051 | m1²=0.982181 | ||w||²/d=1.279669 | eps_adapter=6.172372e-02 | residual_overlap=0.013829
[step    43800] t/d=438.000 | task1=2.436087e-01 | |m1|=0.991081 | m1²=0.982242 | ||w||²/d=1.280756 | eps_adapter=6.190089e-02 | residual_overlap=0.013835
[step    43850] t/d=438.500 | task1=2.435506e-01 | |m1|=0.991113 | m1²=0.982304 | ||w||²/d=1.280616 | eps_adapter=6.171795e-02 | residual_overlap=0.013812
[step    43900] t/d=439.000 | task1=2.435766e-01 | |m1|=0.991159 | m1²=0.982397 | ||w||²/d=1.280925 | eps_adapter=6.159617e-02 | residual_overlap=0.013714
[step    43950] t/d=439.500 | task1=2.436186e-01 | |m1|=0.991132 | m1²=0.982343 | ||w||²/d=1.280626 | eps_adapter=6.163295e-02 | residual_overlap=0.013810
[step    44000] t/d=440.000 | task1=2.436173e-01 | |m1|=0.991131 | m1²=0.982341 | ||w||²/d=1.282054 | eps_adapter=6.205580e-02 | residual_overlap=0.013821
[step    44050] t/d=440.500 | task1=2.436062e-01 | |m1|=0.991082 | m1²=0.982243 | ||w||²/d=1.282127 | eps_adapter=6.230191e-02 | residual_overlap=0.013876
[step    44100] t/d=441.000 | task1=2.436487e-01 | |m1|=0.991100 | m1²=0.982279 | ||w||²/d=1.281309 | eps_adapter=6.197817e-02 | residual_overlap=0.013830
[step    44150] t/d=441.500 | task1=2.436209e-01 | |m1|=0.991040 | m1²=0.982160 | ||w||²/d=1.279910 | eps_adapter=6.184287e-02 | residual_overlap=0.013928
[step    44200] t/d=442.000 | task1=2.436368e-01 | |m1|=0.990954 | m1²=0.981989 | ||w||²/d=1.278279 | eps_adapter=6.176083e-02 | residual_overlap=0.014098
[step    44250] t/d=442.500 | task1=2.436811e-01 | |m1|=0.990955 | m1²=0.981991 | ||w||²/d=1.280199 | eps_adapter=6.231360e-02 | residual_overlap=0.013998
[step    44300] t/d=443.000 | task1=2.437009e-01 | |m1|=0.990924 | m1²=0.981930 | ||w||²/d=1.277816 | eps_adapter=6.176265e-02 | residual_overlap=0.014031
[step    44350] t/d=443.500 | task1=2.437046e-01 | |m1|=0.990812 | m1²=0.981709 | ||w||²/d=1.278416 | eps_adapter=6.244213e-02 | residual_overlap=0.014223
[step    44400] t/d=444.000 | task1=2.437066e-01 | |m1|=0.990689 | m1²=0.981465 | ||w||²/d=1.279256 | eps_adapter=6.324226e-02 | residual_overlap=0.014427
[step    44450] t/d=444.500 | task1=2.437372e-01 | |m1|=0.990628 | m1²=0.981343 | ||w||²/d=1.283069 | eps_adapter=6.464527e-02 | residual_overlap=0.014500
[step    44500] t/d=445.000 | task1=2.436992e-01 | |m1|=0.990542 | m1²=0.981173 | ||w||²/d=1.282272 | eps_adapter=6.479992e-02 | residual_overlap=0.014621
[step    44550] t/d=445.500 | task1=2.437360e-01 | |m1|=0.990476 | m1²=0.981043 | ||w||²/d=1.282651 | eps_adapter=6.520963e-02 | residual_overlap=0.014655
[step    44600] t/d=446.000 | task1=2.437215e-01 | |m1|=0.990606 | m1²=0.981300 | ||w||²/d=1.283282 | eps_adapter=6.480824e-02 | residual_overlap=0.014479
[step    44650] t/d=446.500 | task1=2.437547e-01 | |m1|=0.990617 | m1²=0.981323 | ||w||²/d=1.283074 | eps_adapter=6.469422e-02 | residual_overlap=0.014453
[step    44700] t/d=447.000 | task1=2.437607e-01 | |m1|=0.990627 | m1²=0.981342 | ||w||²/d=1.283677 | eps_adapter=6.482826e-02 | residual_overlap=0.014499
[step    44750] t/d=447.500 | task1=2.438088e-01 | |m1|=0.990669 | m1²=0.981424 | ||w||²/d=1.281680 | eps_adapter=6.404762e-02 | residual_overlap=0.014450
[step    44800] t/d=448.000 | task1=2.438684e-01 | |m1|=0.990734 | m1²=0.981554 | ||w||²/d=1.279854 | eps_adapter=6.321418e-02 | residual_overlap=0.014337
[step    44850] t/d=448.500 | task1=2.438828e-01 | |m1|=0.990718 | m1²=0.981522 | ||w||²/d=1.279730 | eps_adapter=6.324986e-02 | residual_overlap=0.014371
[step    44900] t/d=449.000 | task1=2.438768e-01 | |m1|=0.990708 | m1²=0.981502 | ||w||²/d=1.279115 | eps_adapter=6.311756e-02 | residual_overlap=0.014385
[step    44950] t/d=449.500 | task1=2.438770e-01 | |m1|=0.990653 | m1²=0.981393 | ||w||²/d=1.281218 | eps_adapter=6.398336e-02 | residual_overlap=0.014415
[step    45000] t/d=450.000 | task1=2.438815e-01 | |m1|=0.990671 | m1²=0.981429 | ||w||²/d=1.277620 | eps_adapter=6.285164e-02 | residual_overlap=0.014368
[step    45050] t/d=450.500 | task1=2.438686e-01 | |m1|=0.990733 | m1²=0.981553 | ||w||²/d=1.279851 | eps_adapter=6.321590e-02 | residual_overlap=0.014312
[step    45100] t/d=451.000 | task1=2.438762e-01 | |m1|=0.990672 | m1²=0.981431 | ||w||²/d=1.280696 | eps_adapter=6.374247e-02 | residual_overlap=0.014416
[step    45150] t/d=451.500 | task1=2.438465e-01 | |m1|=0.990773 | m1²=0.981631 | ||w||²/d=1.282370 | eps_adapter=6.377781e-02 | residual_overlap=0.014262
[step    45200] t/d=452.000 | task1=2.438198e-01 | |m1|=0.990879 | m1²=0.981841 | ||w||²/d=1.281996 | eps_adapter=6.318442e-02 | residual_overlap=0.014178
[step    45250] t/d=452.500 | task1=2.438425e-01 | |m1|=0.990948 | m1²=0.981978 | ||w||²/d=1.281362 | eps_adapter=6.268424e-02 | residual_overlap=0.014113
[step    45300] t/d=453.000 | task1=2.438581e-01 | |m1|=0.990909 | m1²=0.981900 | ||w||²/d=1.281937 | eps_adapter=6.303316e-02 | residual_overlap=0.014151
[step    45350] t/d=453.500 | task1=2.438272e-01 | |m1|=0.990904 | m1²=0.981892 | ||w||²/d=1.280751 | eps_adapter=6.270273e-02 | residual_overlap=0.014150
[step    45400] t/d=454.000 | task1=2.438552e-01 | |m1|=0.990863 | m1²=0.981810 | ||w||²/d=1.280163 | eps_adapter=6.271828e-02 | residual_overlap=0.014217
[step    45450] t/d=454.500 | task1=2.438171e-01 | |m1|=0.991020 | m1²=0.982120 | ||w||²/d=1.278891 | eps_adapter=6.163739e-02 | residual_overlap=0.013918
[step    45500] t/d=455.000 | task1=2.438270e-01 | |m1|=0.990986 | m1²=0.982054 | ||w||²/d=1.277921 | eps_adapter=6.150850e-02 | residual_overlap=0.013996
[step    45550] t/d=455.500 | task1=2.438081e-01 | |m1|=0.990966 | m1²=0.982013 | ||w||²/d=1.280957 | eps_adapter=6.248438e-02 | residual_overlap=0.014050
[step    45600] t/d=456.000 | task1=2.437461e-01 | |m1|=0.991017 | m1²=0.982114 | ||w||²/d=1.281902 | eps_adapter=6.253118e-02 | residual_overlap=0.013971
[step    45650] t/d=456.500 | task1=2.437321e-01 | |m1|=0.991022 | m1²=0.982125 | ||w||²/d=1.281903 | eps_adapter=6.250658e-02 | residual_overlap=0.013979
[step    45700] t/d=457.000 | task1=2.436979e-01 | |m1|=0.990988 | m1²=0.982057 | ||w||²/d=1.282491 | eps_adapter=6.283514e-02 | residual_overlap=0.014072
[step    45750] t/d=457.500 | task1=2.437141e-01 | |m1|=0.990946 | m1²=0.981973 | ||w||²/d=1.283224 | eps_adapter=6.324514e-02 | residual_overlap=0.014084
[step    45800] t/d=458.000 | task1=2.437148e-01 | |m1|=0.991098 | m1²=0.982276 | ||w||²/d=1.283407 | eps_adapter=6.260543e-02 | residual_overlap=0.013839
[step    45850] t/d=458.500 | task1=2.437483e-01 | |m1|=0.991071 | m1²=0.982222 | ||w||²/d=1.283860 | eps_adapter=6.286269e-02 | residual_overlap=0.013818
[step    45900] t/d=459.000 | task1=2.437322e-01 | |m1|=0.991047 | m1²=0.982174 | ||w||²/d=1.284522 | eps_adapter=6.317043e-02 | residual_overlap=0.013912
[step    45950] t/d=459.500 | task1=2.437156e-01 | |m1|=0.990961 | m1²=0.982004 | ||w||²/d=1.285355 | eps_adapter=6.380907e-02 | residual_overlap=0.014010
[step    46000] t/d=460.000 | task1=2.436892e-01 | |m1|=0.990889 | m1²=0.981861 | ||w||²/d=1.286102 | eps_adapter=6.436371e-02 | residual_overlap=0.014109
[step    46050] t/d=460.500 | task1=2.436628e-01 | |m1|=0.990939 | m1²=0.981960 | ||w||²/d=1.285283 | eps_adapter=6.389049e-02 | residual_overlap=0.013995
[step    46100] t/d=461.000 | task1=2.436885e-01 | |m1|=0.990960 | m1²=0.982001 | ||w||²/d=1.284489 | eps_adapter=6.355776e-02 | residual_overlap=0.013983
[step    46150] t/d=461.500 | task1=2.436946e-01 | |m1|=0.990965 | m1²=0.982011 | ||w||²/d=1.285190 | eps_adapter=6.374493e-02 | residual_overlap=0.013960
[step    46200] t/d=462.000 | task1=2.437385e-01 | |m1|=0.990938 | m1²=0.981958 | ||w||²/d=1.283585 | eps_adapter=6.338755e-02 | residual_overlap=0.013984
[step    46250] t/d=462.500 | task1=2.438127e-01 | |m1|=0.991017 | m1²=0.982115 | ||w||²/d=1.281519 | eps_adapter=6.241629e-02 | residual_overlap=0.013898
[step    46300] t/d=463.000 | task1=2.437656e-01 | |m1|=0.990950 | m1²=0.981982 | ||w||²/d=1.283882 | eps_adapter=6.341983e-02 | residual_overlap=0.014057
[step    46350] t/d=463.500 | task1=2.437844e-01 | |m1|=0.990828 | m1²=0.981740 | ||w||²/d=1.283135 | eps_adapter=6.375443e-02 | residual_overlap=0.014299
[step    46400] t/d=464.000 | task1=2.438167e-01 | |m1|=0.990849 | m1²=0.981781 | ||w||²/d=1.283640 | eps_adapter=6.380956e-02 | residual_overlap=0.014300
[step    46450] t/d=464.500 | task1=2.438823e-01 | |m1|=0.990947 | m1²=0.981975 | ||w||²/d=1.282195 | eps_adapter=6.293621e-02 | residual_overlap=0.014189
[step    46500] t/d=465.000 | task1=2.439001e-01 | |m1|=0.990832 | m1²=0.981747 | ||w||²/d=1.280951 | eps_adapter=6.309196e-02 | residual_overlap=0.014370
[step    46550] t/d=465.500 | task1=2.439628e-01 | |m1|=0.990739 | m1²=0.981563 | ||w||²/d=1.278048 | eps_adapter=6.266791e-02 | residual_overlap=0.014473
[step    46600] t/d=466.000 | task1=2.439950e-01 | |m1|=0.990745 | m1²=0.981576 | ||w||²/d=1.278759 | eps_adapter=6.284517e-02 | residual_overlap=0.014508
[step    46650] t/d=466.500 | task1=2.439674e-01 | |m1|=0.990603 | m1²=0.981294 | ||w||²/d=1.279865 | eps_adapter=6.381145e-02 | residual_overlap=0.014752
[step    46700] t/d=467.000 | task1=2.439746e-01 | |m1|=0.990408 | m1²=0.980908 | ||w||²/d=1.281413 | eps_adapter=6.515167e-02 | residual_overlap=0.015042
[step    46750] t/d=467.500 | task1=2.439852e-01 | |m1|=0.990493 | m1²=0.981076 | ||w||²/d=1.283632 | eps_adapter=6.542748e-02 | residual_overlap=0.014932
[step    46800] t/d=468.000 | task1=2.439761e-01 | |m1|=0.990499 | m1²=0.981087 | ||w||²/d=1.282958 | eps_adapter=6.519906e-02 | residual_overlap=0.014944
[step    46850] t/d=468.500 | task1=2.439983e-01 | |m1|=0.990544 | m1²=0.981177 | ||w||²/d=1.284205 | eps_adapter=6.536515e-02 | residual_overlap=0.014816
[step    46900] t/d=469.000 | task1=2.440082e-01 | |m1|=0.990475 | m1²=0.981041 | ||w||²/d=1.286063 | eps_adapter=6.623764e-02 | residual_overlap=0.014987
[step    46950] t/d=469.500 | task1=2.440145e-01 | |m1|=0.990562 | m1²=0.981213 | ||w||²/d=1.285280 | eps_adapter=6.560624e-02 | residual_overlap=0.014846
[step    47000] t/d=470.000 | task1=2.440482e-01 | |m1|=0.990526 | m1²=0.981142 | ||w||²/d=1.286905 | eps_adapter=6.626272e-02 | residual_overlap=0.014857
[step    47050] t/d=470.500 | task1=2.440566e-01 | |m1|=0.990632 | m1²=0.981351 | ||w||²/d=1.284339 | eps_adapter=6.500662e-02 | residual_overlap=0.014716
[step    47100] t/d=471.000 | task1=2.440634e-01 | |m1|=0.990779 | m1²=0.981643 | ||w||²/d=1.283962 | eps_adapter=6.422359e-02 | residual_overlap=0.014433
[step    47150] t/d=471.500 | task1=2.440506e-01 | |m1|=0.990918 | m1²=0.981918 | ||w||²/d=1.284738 | eps_adapter=6.382247e-02 | residual_overlap=0.014216
[step    47200] t/d=472.000 | task1=2.440968e-01 | |m1|=0.990863 | m1²=0.981810 | ||w||²/d=1.286114 | eps_adapter=6.448507e-02 | residual_overlap=0.014241
[step    47250] t/d=472.500 | task1=2.440970e-01 | |m1|=0.990898 | m1²=0.981879 | ||w||²/d=1.285158 | eps_adapter=6.403914e-02 | residual_overlap=0.014193
[step    47300] t/d=473.000 | task1=2.440635e-01 | |m1|=0.990823 | m1²=0.981731 | ||w||²/d=1.284155 | eps_adapter=6.407872e-02 | residual_overlap=0.014290
[step    47350] t/d=473.500 | task1=2.440236e-01 | |m1|=0.990739 | m1²=0.981564 | ||w||²/d=1.285075 | eps_adapter=6.473746e-02 | residual_overlap=0.014433
[step    47400] t/d=474.000 | task1=2.439999e-01 | |m1|=0.990696 | m1²=0.981480 | ||w||²/d=1.283846 | eps_adapter=6.456399e-02 | residual_overlap=0.014536
[step    47450] t/d=474.500 | task1=2.439594e-01 | |m1|=0.990717 | m1²=0.981519 | ||w||²/d=1.283561 | eps_adapter=6.438757e-02 | residual_overlap=0.014568
[step    47500] t/d=475.000 | task1=2.439164e-01 | |m1|=0.990705 | m1²=0.981496 | ||w||²/d=1.283655 | eps_adapter=6.446960e-02 | residual_overlap=0.014561
[step    47550] t/d=475.500 | task1=2.439096e-01 | |m1|=0.990798 | m1²=0.981680 | ||w||²/d=1.282139 | eps_adapter=6.359583e-02 | residual_overlap=0.014415
[step    47600] t/d=476.000 | task1=2.438706e-01 | |m1|=0.990921 | m1²=0.981924 | ||w||²/d=1.282190 | eps_adapter=6.305184e-02 | residual_overlap=0.014283
[step    47650] t/d=476.500 | task1=2.438506e-01 | |m1|=0.990901 | m1²=0.981886 | ||w||²/d=1.282500 | eps_adapter=6.323145e-02 | residual_overlap=0.014292
[step    47700] t/d=477.000 | task1=2.439188e-01 | |m1|=0.990941 | m1²=0.981964 | ||w||²/d=1.283990 | eps_adapter=6.349456e-02 | residual_overlap=0.014125
[step    47750] t/d=477.500 | task1=2.439725e-01 | |m1|=0.990970 | m1²=0.982022 | ||w||²/d=1.282164 | eps_adapter=6.281949e-02 | residual_overlap=0.014093
[step    47800] t/d=478.000 | task1=2.439624e-01 | |m1|=0.991020 | m1²=0.982122 | ||w||²/d=1.281566 | eps_adapter=6.241509e-02 | residual_overlap=0.014022
[step    47850] t/d=478.500 | task1=2.439955e-01 | |m1|=0.990998 | m1²=0.982078 | ||w||²/d=1.282211 | eps_adapter=6.270494e-02 | residual_overlap=0.014088
[step    47900] t/d=479.000 | task1=2.439941e-01 | |m1|=0.990947 | m1²=0.981976 | ||w||²/d=1.281824 | eps_adapter=6.282496e-02 | residual_overlap=0.014174
[step    47950] t/d=479.500 | task1=2.440143e-01 | |m1|=0.990979 | m1²=0.982039 | ||w||²/d=1.283284 | eps_adapter=6.311200e-02 | residual_overlap=0.014124
[step    48000] t/d=480.000 | task1=2.439922e-01 | |m1|=0.990898 | m1²=0.981880 | ||w||²/d=1.283237 | eps_adapter=6.346331e-02 | residual_overlap=0.014284
[step    48050] t/d=480.500 | task1=2.439870e-01 | |m1|=0.990913 | m1²=0.981909 | ||w||²/d=1.285285 | eps_adapter=6.400878e-02 | residual_overlap=0.014211
[step    48100] t/d=481.000 | task1=2.439213e-01 | |m1|=0.990884 | m1²=0.981852 | ||w||²/d=1.286808 | eps_adapter=6.459901e-02 | residual_overlap=0.014250
[step    48150] t/d=481.500 | task1=2.439430e-01 | |m1|=0.990932 | m1²=0.981947 | ||w||²/d=1.287179 | eps_adapter=6.449172e-02 | residual_overlap=0.014222
[step    48200] t/d=482.000 | task1=2.439189e-01 | |m1|=0.990933 | m1²=0.981949 | ||w||²/d=1.285470 | eps_adapter=6.397086e-02 | residual_overlap=0.014211
[step    48250] t/d=482.500 | task1=2.438943e-01 | |m1|=0.990990 | m1²=0.982061 | ||w||²/d=1.287360 | eps_adapter=6.428527e-02 | residual_overlap=0.014142
[step    48300] t/d=483.000 | task1=2.439112e-01 | |m1|=0.990929 | m1²=0.981941 | ||w||²/d=1.286264 | eps_adapter=6.422844e-02 | residual_overlap=0.014195
[step    48350] t/d=483.500 | task1=2.439339e-01 | |m1|=0.990956 | m1²=0.981993 | ||w||²/d=1.286700 | eps_adapter=6.424059e-02 | residual_overlap=0.014139
[step    48400] t/d=484.000 | task1=2.438575e-01 | |m1|=0.990922 | m1²=0.981926 | ||w||²/d=1.287145 | eps_adapter=6.452945e-02 | residual_overlap=0.014220
[step    48450] t/d=484.500 | task1=2.439119e-01 | |m1|=0.990991 | m1²=0.982063 | ||w||²/d=1.285376 | eps_adapter=6.368132e-02 | residual_overlap=0.014072
[step    48500] t/d=485.000 | task1=2.439511e-01 | |m1|=0.991020 | m1²=0.982121 | ||w||²/d=1.287123 | eps_adapter=6.407512e-02 | residual_overlap=0.014006
[step    48550] t/d=485.500 | task1=2.440101e-01 | |m1|=0.991240 | m1²=0.982557 | ||w||²/d=1.287439 | eps_adapter=6.316629e-02 | residual_overlap=0.013578
[step    48600] t/d=486.000 | task1=2.440411e-01 | |m1|=0.991356 | m1²=0.982787 | ||w||²/d=1.289195 | eps_adapter=6.316953e-02 | residual_overlap=0.013311
[step    48650] t/d=486.500 | task1=2.440776e-01 | |m1|=0.991222 | m1²=0.982521 | ||w||²/d=1.291597 | eps_adapter=6.452130e-02 | residual_overlap=0.013500
[step    48700] t/d=487.000 | task1=2.440795e-01 | |m1|=0.991233 | m1²=0.982544 | ||w||²/d=1.292637 | eps_adapter=6.479011e-02 | residual_overlap=0.013532
[step    48750] t/d=487.500 | task1=2.440551e-01 | |m1|=0.991231 | m1²=0.982540 | ||w||²/d=1.293448 | eps_adapter=6.505208e-02 | residual_overlap=0.013589
[step    48800] t/d=488.000 | task1=2.440640e-01 | |m1|=0.991113 | m1²=0.982306 | ||w||²/d=1.295940 | eps_adapter=6.637737e-02 | residual_overlap=0.013769
[step    48850] t/d=488.500 | task1=2.440903e-01 | |m1|=0.991062 | m1²=0.982204 | ||w||²/d=1.296952 | eps_adapter=6.693312e-02 | residual_overlap=0.013785
[step    48900] t/d=489.000 | task1=2.441098e-01 | |m1|=0.990925 | m1²=0.981933 | ||w||²/d=1.296745 | eps_adapter=6.749769e-02 | residual_overlap=0.013968
[step    48950] t/d=489.500 | task1=2.441515e-01 | |m1|=0.990927 | m1²=0.981936 | ||w||²/d=1.294957 | eps_adapter=6.692401e-02 | residual_overlap=0.013922
[step    49000] t/d=490.000 | task1=2.441282e-01 | |m1|=0.990881 | m1²=0.981845 | ||w||²/d=1.296874 | eps_adapter=6.774240e-02 | residual_overlap=0.014018
[step    49050] t/d=490.500 | task1=2.441055e-01 | |m1|=0.990917 | m1²=0.981917 | ||w||²/d=1.295792 | eps_adapter=6.723106e-02 | residual_overlap=0.013949
[step    49100] t/d=491.000 | task1=2.440328e-01 | |m1|=0.990805 | m1²=0.981694 | ||w||²/d=1.295717 | eps_adapter=6.772543e-02 | residual_overlap=0.014171
[step    49150] t/d=491.500 | task1=2.440452e-01 | |m1|=0.990862 | m1²=0.981808 | ||w||²/d=1.296552 | eps_adapter=6.772498e-02 | residual_overlap=0.014021
[step    49200] t/d=492.000 | task1=2.440435e-01 | |m1|=0.990796 | m1²=0.981677 | ||w||²/d=1.295112 | eps_adapter=6.757312e-02 | residual_overlap=0.014122
[step    49250] t/d=492.500 | task1=2.440697e-01 | |m1|=0.990752 | m1²=0.981590 | ||w||²/d=1.296164 | eps_adapter=6.810809e-02 | residual_overlap=0.014281
[step    49300] t/d=493.000 | task1=2.440285e-01 | |m1|=0.990794 | m1²=0.981674 | ||w||²/d=1.295780 | eps_adapter=6.779179e-02 | residual_overlap=0.014197
[step    49350] t/d=493.500 | task1=2.441065e-01 | |m1|=0.990770 | m1²=0.981626 | ||w||²/d=1.295979 | eps_adapter=6.796524e-02 | residual_overlap=0.014225
[step    49400] t/d=494.000 | task1=2.440642e-01 | |m1|=0.990781 | m1²=0.981647 | ||w||²/d=1.297508 | eps_adapter=6.840360e-02 | residual_overlap=0.014191
[step    49450] t/d=494.500 | task1=2.440867e-01 | |m1|=0.990761 | m1²=0.981608 | ||w||²/d=1.297178 | eps_adapter=6.838987e-02 | residual_overlap=0.014281
[step    49500] t/d=495.000 | task1=2.440822e-01 | |m1|=0.990757 | m1²=0.981599 | ||w||²/d=1.296741 | eps_adapter=6.826957e-02 | residual_overlap=0.014284
[step    49550] t/d=495.500 | task1=2.440781e-01 | |m1|=0.990820 | m1²=0.981725 | ||w||²/d=1.296851 | eps_adapter=6.801322e-02 | residual_overlap=0.014216
[step    49600] t/d=496.000 | task1=2.440854e-01 | |m1|=0.990993 | m1²=0.982067 | ||w||²/d=1.297145 | eps_adapter=6.731404e-02 | residual_overlap=0.014016
[step    49650] t/d=496.500 | task1=2.440859e-01 | |m1|=0.990907 | m1²=0.981897 | ||w||²/d=1.297310 | eps_adapter=6.776113e-02 | residual_overlap=0.014168
[step    49700] t/d=497.000 | task1=2.440957e-01 | |m1|=0.990851 | m1²=0.981786 | ||w||²/d=1.297547 | eps_adapter=6.809532e-02 | residual_overlap=0.014267
[step    49750] t/d=497.500 | task1=2.441371e-01 | |m1|=0.990857 | m1²=0.981798 | ||w||²/d=1.296991 | eps_adapter=6.788925e-02 | residual_overlap=0.014199
[step    49800] t/d=498.000 | task1=2.441339e-01 | |m1|=0.990818 | m1²=0.981720 | ||w||²/d=1.298198 | eps_adapter=6.845552e-02 | residual_overlap=0.014227
[step    49850] t/d=498.500 | task1=2.441705e-01 | |m1|=0.990641 | m1²=0.981370 | ||w||²/d=1.297669 | eps_adapter=6.909890e-02 | residual_overlap=0.014458
[step    49900] t/d=499.000 | task1=2.441176e-01 | |m1|=0.990746 | m1²=0.981577 | ||w||²/d=1.296741 | eps_adapter=6.832249e-02 | residual_overlap=0.014326
[step    49950] t/d=499.500 | task1=2.440810e-01 | |m1|=0.990757 | m1²=0.981600 | ||w||²/d=1.297202 | eps_adapter=6.841618e-02 | residual_overlap=0.014273
[step    50000] t/d=500.000 | task1=2.440571e-01 | |m1|=0.990765 | m1²=0.981616 | ||w||²/d=1.297805 | eps_adapter=6.857262e-02 | residual_overlap=0.014261
[step    50050] t/d=500.500 | task1=2.440619e-01 | |m1|=0.990730 | m1²=0.981545 | ||w||²/d=1.298475 | eps_adapter=6.895179e-02 | residual_overlap=0.014311
[step    50100] t/d=501.000 | task1=2.440082e-01 | |m1|=0.990907 | m1²=0.981897 | ||w||²/d=1.298479 | eps_adapter=6.813449e-02 | residual_overlap=0.014007
[step    50150] t/d=501.500 | task1=2.440634e-01 | |m1|=0.990963 | m1²=0.982007 | ||w||²/d=1.299723 | eps_adapter=6.827955e-02 | residual_overlap=0.013907
[step    50200] t/d=502.000 | task1=2.440978e-01 | |m1|=0.990925 | m1²=0.981932 | ||w||²/d=1.299327 | eps_adapter=6.832793e-02 | residual_overlap=0.013987
[step    50250] t/d=502.500 | task1=2.440609e-01 | |m1|=0.991127 | m1²=0.982333 | ||w||²/d=1.300895 | eps_adapter=6.790157e-02 | residual_overlap=0.013733
[step    50300] t/d=503.000 | task1=2.441103e-01 | |m1|=0.991199 | m1²=0.982475 | ||w||²/d=1.302591 | eps_adapter=6.812431e-02 | residual_overlap=0.013566
[step    50350] t/d=503.500 | task1=2.440763e-01 | |m1|=0.991112 | m1²=0.982302 | ||w||²/d=1.303035 | eps_adapter=6.867067e-02 | residual_overlap=0.013711
[step    50400] t/d=504.000 | task1=2.440697e-01 | |m1|=0.991074 | m1²=0.982227 | ||w||²/d=1.300514 | eps_adapter=6.802504e-02 | residual_overlap=0.013771
[step    50450] t/d=504.500 | task1=2.440499e-01 | |m1|=0.990998 | m1²=0.982076 | ||w||²/d=1.299437 | eps_adapter=6.802735e-02 | residual_overlap=0.013859
[step    50500] t/d=505.000 | task1=2.440917e-01 | |m1|=0.991049 | m1²=0.982178 | ||w||²/d=1.299697 | eps_adapter=6.787399e-02 | residual_overlap=0.013800
[step    50550] t/d=505.500 | task1=2.441091e-01 | |m1|=0.991056 | m1²=0.982193 | ||w||²/d=1.297403 | eps_adapter=6.710380e-02 | residual_overlap=0.013824
[step    50600] t/d=506.000 | task1=2.441208e-01 | |m1|=0.991018 | m1²=0.982117 | ||w||²/d=1.297707 | eps_adapter=6.737823e-02 | residual_overlap=0.013908
[step    50650] t/d=506.500 | task1=2.440954e-01 | |m1|=0.991085 | m1²=0.982249 | ||w||²/d=1.299395 | eps_adapter=6.761152e-02 | residual_overlap=0.013839
[step    50700] t/d=507.000 | task1=2.440576e-01 | |m1|=0.990915 | m1²=0.981912 | ||w||²/d=1.300652 | eps_adapter=6.880208e-02 | residual_overlap=0.014114
[step    50750] t/d=507.500 | task1=2.440832e-01 | |m1|=0.990923 | m1²=0.981928 | ||w||²/d=1.301701 | eps_adapter=6.910723e-02 | residual_overlap=0.014115
[step    50800] t/d=508.000 | task1=2.441100e-01 | |m1|=0.990981 | m1²=0.982044 | ||w||²/d=1.301221 | eps_adapter=6.868012e-02 | residual_overlap=0.014097
[step    50850] t/d=508.500 | task1=2.441251e-01 | |m1|=0.990987 | m1²=0.982056 | ||w||²/d=1.300035 | eps_adapter=6.826718e-02 | residual_overlap=0.014027
[step    50900] t/d=509.000 | task1=2.441088e-01 | |m1|=0.990960 | m1²=0.982001 | ||w||²/d=1.299726 | eps_adapter=6.829600e-02 | residual_overlap=0.014089
[step    50950] t/d=509.500 | task1=2.440911e-01 | |m1|=0.990896 | m1²=0.981875 | ||w||²/d=1.301233 | eps_adapter=6.907745e-02 | residual_overlap=0.014222
[step    51000] t/d=510.000 | task1=2.440809e-01 | |m1|=0.990889 | m1²=0.981861 | ||w||²/d=1.301717 | eps_adapter=6.926721e-02 | residual_overlap=0.014189
[step    51050] t/d=510.500 | task1=2.440819e-01 | |m1|=0.990996 | m1²=0.982073 | ||w||²/d=1.300437 | eps_adapter=6.835850e-02 | residual_overlap=0.014049
[step    51100] t/d=511.000 | task1=2.440777e-01 | |m1|=0.990932 | m1²=0.981947 | ||w||²/d=1.299790 | eps_adapter=6.844137e-02 | residual_overlap=0.014150
[step    51150] t/d=511.500 | task1=2.440457e-01 | |m1|=0.990765 | m1²=0.981615 | ||w||²/d=1.300323 | eps_adapter=6.938630e-02 | residual_overlap=0.014449
[step    51200] t/d=512.000 | task1=2.440961e-01 | |m1|=0.990770 | m1²=0.981625 | ||w||²/d=1.301656 | eps_adapter=6.979820e-02 | residual_overlap=0.014415
[step    51250] t/d=512.500 | task1=2.441221e-01 | |m1|=0.990738 | m1²=0.981562 | ||w||²/d=1.302918 | eps_adapter=7.035882e-02 | residual_overlap=0.014439
[step    51300] t/d=513.000 | task1=2.440992e-01 | |m1|=0.990683 | m1²=0.981454 | ||w||²/d=1.302306 | eps_adapter=7.040944e-02 | residual_overlap=0.014578
[step    51350] t/d=513.500 | task1=2.441126e-01 | |m1|=0.990788 | m1²=0.981660 | ||w||²/d=1.302847 | eps_adapter=7.010664e-02 | residual_overlap=0.014428
[step    51400] t/d=514.000 | task1=2.441506e-01 | |m1|=0.990840 | m1²=0.981763 | ||w||²/d=1.301630 | eps_adapter=6.946795e-02 | residual_overlap=0.014262
[step    51450] t/d=514.500 | task1=2.441260e-01 | |m1|=0.990936 | m1²=0.981954 | ||w||²/d=1.300485 | eps_adapter=6.864957e-02 | residual_overlap=0.014095
[step    51500] t/d=515.000 | task1=2.440597e-01 | |m1|=0.990945 | m1²=0.981972 | ||w||²/d=1.298962 | eps_adapter=6.811703e-02 | residual_overlap=0.014055
[step    51550] t/d=515.500 | task1=2.439916e-01 | |m1|=0.990936 | m1²=0.981954 | ||w||²/d=1.298943 | eps_adapter=6.815116e-02 | residual_overlap=0.014108
[step    51600] t/d=516.000 | task1=2.439877e-01 | |m1|=0.990972 | m1²=0.982025 | ||w||²/d=1.298721 | eps_adapter=6.791690e-02 | residual_overlap=0.014034
[step    51650] t/d=516.500 | task1=2.439814e-01 | |m1|=0.990955 | m1²=0.981991 | ||w||²/d=1.297925 | eps_adapter=6.773991e-02 | residual_overlap=0.013976
[step    51700] t/d=517.000 | task1=2.440193e-01 | |m1|=0.991060 | m1²=0.982199 | ||w||²/d=1.296267 | eps_adapter=6.672790e-02 | residual_overlap=0.013814
[step    51750] t/d=517.500 | task1=2.440316e-01 | |m1|=0.990963 | m1²=0.982008 | ||w||²/d=1.298477 | eps_adapter=6.787802e-02 | residual_overlap=0.013969
[step    51800] t/d=518.000 | task1=2.440236e-01 | |m1|=0.990962 | m1²=0.982006 | ||w||²/d=1.300725 | eps_adapter=6.860676e-02 | residual_overlap=0.013985
[step    51850] t/d=518.500 | task1=2.440782e-01 | |m1|=0.991029 | m1²=0.982138 | ||w||²/d=1.300134 | eps_adapter=6.810795e-02 | residual_overlap=0.013872
[step    51900] t/d=519.000 | task1=2.440438e-01 | |m1|=0.991057 | m1²=0.982195 | ||w||²/d=1.300373 | eps_adapter=6.805449e-02 | residual_overlap=0.013840
[step    51950] t/d=519.500 | task1=2.440061e-01 | |m1|=0.991163 | m1²=0.982403 | ||w||²/d=1.299461 | eps_adapter=6.727451e-02 | residual_overlap=0.013686
[step    52000] t/d=520.000 | task1=2.440209e-01 | |m1|=0.991367 | m1²=0.982809 | ||w||²/d=1.299408 | eps_adapter=6.631418e-02 | residual_overlap=0.013342
[step    52050] t/d=520.500 | task1=2.440135e-01 | |m1|=0.991411 | m1²=0.982896 | ||w||²/d=1.299980 | eps_adapter=6.629669e-02 | residual_overlap=0.013308
[step    52100] t/d=521.000 | task1=2.440220e-01 | |m1|=0.991506 | m1²=0.983084 | ||w||²/d=1.300930 | eps_adapter=6.616618e-02 | residual_overlap=0.013125
[step    52150] t/d=521.500 | task1=2.440023e-01 | |m1|=0.991516 | m1²=0.983103 | ||w||²/d=1.302462 | eps_adapter=6.661720e-02 | residual_overlap=0.013069
[step    52200] t/d=522.000 | task1=2.439969e-01 | |m1|=0.991616 | m1²=0.983303 | ||w||²/d=1.302054 | eps_adapter=6.601881e-02 | residual_overlap=0.012883
[step    52250] t/d=522.500 | task1=2.439582e-01 | |m1|=0.991549 | m1²=0.983169 | ||w||²/d=1.302534 | eps_adapter=6.648818e-02 | residual_overlap=0.013006
[step    52300] t/d=523.000 | task1=2.439563e-01 | |m1|=0.991465 | m1²=0.983002 | ||w||²/d=1.302233 | eps_adapter=6.677882e-02 | residual_overlap=0.013120
[step    52350] t/d=523.500 | task1=2.439539e-01 | |m1|=0.991460 | m1²=0.982993 | ||w||²/d=1.302700 | eps_adapter=6.695149e-02 | residual_overlap=0.013153
[step    52400] t/d=524.000 | task1=2.439802e-01 | |m1|=0.991494 | m1²=0.983060 | ||w||²/d=1.303803 | eps_adapter=6.715711e-02 | residual_overlap=0.013083
[step    52450] t/d=524.500 | task1=2.439946e-01 | |m1|=0.991498 | m1²=0.983069 | ||w||²/d=1.303982 | eps_adapter=6.719326e-02 | residual_overlap=0.013076
[step    52500] t/d=525.000 | task1=2.440384e-01 | |m1|=0.991367 | m1²=0.982808 | ||w||²/d=1.305520 | eps_adapter=6.831013e-02 | residual_overlap=0.013313
[step    52550] t/d=525.500 | task1=2.440749e-01 | |m1|=0.991388 | m1²=0.982851 | ||w||²/d=1.305229 | eps_adapter=6.811372e-02 | residual_overlap=0.013326
[step    52600] t/d=526.000 | task1=2.440249e-01 | |m1|=0.991394 | m1²=0.982863 | ||w||²/d=1.306735 | eps_adapter=6.858551e-02 | residual_overlap=0.013349
[step    52650] t/d=526.500 | task1=2.440281e-01 | |m1|=0.991382 | m1²=0.982839 | ||w||²/d=1.307808 | eps_adapter=6.899963e-02 | residual_overlap=0.013340
[step    52700] t/d=527.000 | task1=2.439964e-01 | |m1|=0.991533 | m1²=0.983138 | ||w||²/d=1.307697 | eps_adapter=6.826270e-02 | residual_overlap=0.013096
[step    52750] t/d=527.500 | task1=2.439832e-01 | |m1|=0.991512 | m1²=0.983097 | ||w||²/d=1.309797 | eps_adapter=6.906292e-02 | residual_overlap=0.013077
[step    52800] t/d=528.000 | task1=2.440353e-01 | |m1|=0.991437 | m1²=0.982947 | ||w||²/d=1.310890 | eps_adapter=6.978315e-02 | residual_overlap=0.013179
[step    52850] t/d=528.500 | task1=2.439820e-01 | |m1|=0.991476 | m1²=0.983024 | ||w||²/d=1.310165 | eps_adapter=6.935696e-02 | residual_overlap=0.013167
[step    52900] t/d=529.000 | task1=2.440153e-01 | |m1|=0.991320 | m1²=0.982715 | ||w||²/d=1.310917 | eps_adapter=7.033772e-02 | residual_overlap=0.013398
[step    52950] t/d=529.500 | task1=2.439969e-01 | |m1|=0.991374 | m1²=0.982822 | ||w||²/d=1.312033 | eps_adapter=7.046554e-02 | residual_overlap=0.013324
[step    53000] t/d=530.000 | task1=2.439904e-01 | |m1|=0.991436 | m1²=0.982945 | ||w||²/d=1.312010 | eps_adapter=7.017015e-02 | residual_overlap=0.013242
[step    53050] t/d=530.500 | task1=2.440236e-01 | |m1|=0.991496 | m1²=0.983065 | ||w||²/d=1.311315 | eps_adapter=6.965149e-02 | residual_overlap=0.013050
[step    53100] t/d=531.000 | task1=2.440211e-01 | |m1|=0.991532 | m1²=0.983137 | ||w||²/d=1.311580 | eps_adapter=6.957368e-02 | residual_overlap=0.012997
[step    53150] t/d=531.500 | task1=2.440025e-01 | |m1|=0.991471 | m1²=0.983015 | ||w||²/d=1.310161 | eps_adapter=6.937880e-02 | residual_overlap=0.013050
[step    53200] t/d=532.000 | task1=2.440130e-01 | |m1|=0.991545 | m1²=0.983161 | ||w||²/d=1.311110 | eps_adapter=6.935731e-02 | residual_overlap=0.012879
[step    53250] t/d=532.500 | task1=2.440808e-01 | |m1|=0.991558 | m1²=0.983187 | ||w||²/d=1.313590 | eps_adapter=7.014173e-02 | residual_overlap=0.012892
[step    53300] t/d=533.000 | task1=2.441200e-01 | |m1|=0.991575 | m1²=0.983220 | ||w||²/d=1.312760 | eps_adapter=6.977960e-02 | residual_overlap=0.012907
[step    53350] t/d=533.500 | task1=2.441053e-01 | |m1|=0.991637 | m1²=0.983345 | ||w||²/d=1.313900 | eps_adapter=6.987772e-02 | residual_overlap=0.012851
[step    53400] t/d=534.000 | task1=2.440749e-01 | |m1|=0.991646 | m1²=0.983363 | ||w||²/d=1.314516 | eps_adapter=7.004758e-02 | residual_overlap=0.012844
[step    53450] t/d=534.500 | task1=2.440430e-01 | |m1|=0.991619 | m1²=0.983308 | ||w||²/d=1.313909 | eps_adapter=6.996598e-02 | residual_overlap=0.012881
[step    53500] t/d=535.000 | task1=2.440153e-01 | |m1|=0.991582 | m1²=0.983235 | ||w||²/d=1.315409 | eps_adapter=7.065669e-02 | residual_overlap=0.013017
[step    53550] t/d=535.500 | task1=2.440593e-01 | |m1|=0.991664 | m1²=0.983397 | ||w||²/d=1.313758 | eps_adapter=6.970660e-02 | residual_overlap=0.012883
[step    53600] t/d=536.000 | task1=2.440079e-01 | |m1|=0.991619 | m1²=0.983309 | ||w||²/d=1.314924 | eps_adapter=7.031537e-02 | residual_overlap=0.012966
[step    53650] t/d=536.500 | task1=2.440322e-01 | |m1|=0.991579 | m1²=0.983229 | ||w||²/d=1.315755 | eps_adapter=7.079040e-02 | residual_overlap=0.013027
[step    53700] t/d=537.000 | task1=2.440543e-01 | |m1|=0.991571 | m1²=0.983213 | ||w||²/d=1.316906 | eps_adapter=7.122708e-02 | residual_overlap=0.013076
[step    53750] t/d=537.500 | task1=2.440649e-01 | |m1|=0.991543 | m1²=0.983158 | ||w||²/d=1.316655 | eps_adapter=7.126918e-02 | residual_overlap=0.013140
[step    53800] t/d=538.000 | task1=2.439819e-01 | |m1|=0.991522 | m1²=0.983115 | ||w||²/d=1.317368 | eps_adapter=7.161844e-02 | residual_overlap=0.013204
[step    53850] t/d=538.500 | task1=2.439668e-01 | |m1|=0.991509 | m1²=0.983091 | ||w||²/d=1.317692 | eps_adapter=7.178982e-02 | residual_overlap=0.013300
[step    53900] t/d=539.000 | task1=2.440252e-01 | |m1|=0.991456 | m1²=0.982985 | ||w||²/d=1.316411 | eps_adapter=7.159253e-02 | residual_overlap=0.013381
[step    53950] t/d=539.500 | task1=2.439721e-01 | |m1|=0.991351 | m1²=0.982777 | ||w||²/d=1.317009 | eps_adapter=7.229168e-02 | residual_overlap=0.013556
[step    54000] t/d=540.000 | task1=2.440332e-01 | |m1|=0.991297 | m1²=0.982670 | ||w||²/d=1.318220 | eps_adapter=7.296745e-02 | residual_overlap=0.013622
[step    54050] t/d=540.500 | task1=2.439866e-01 | |m1|=0.991145 | m1²=0.982369 | ||w||²/d=1.318161 | eps_adapter=7.365586e-02 | residual_overlap=0.013911
[step    54100] t/d=541.000 | task1=2.440054e-01 | |m1|=0.991074 | m1²=0.982227 | ||w||²/d=1.319571 | eps_adapter=7.448974e-02 | residual_overlap=0.013994
[step    54150] t/d=541.500 | task1=2.440009e-01 | |m1|=0.990984 | m1²=0.982050 | ||w||²/d=1.319149 | eps_adapter=7.475730e-02 | residual_overlap=0.014194
[step    54200] t/d=542.000 | task1=2.439495e-01 | |m1|=0.990990 | m1²=0.982062 | ||w||²/d=1.319443 | eps_adapter=7.483376e-02 | residual_overlap=0.014170
[step    54250] t/d=542.500 | task1=2.439480e-01 | |m1|=0.991016 | m1²=0.982112 | ||w||²/d=1.319025 | eps_adapter=7.456730e-02 | residual_overlap=0.014148
[step    54300] t/d=543.000 | task1=2.439580e-01 | |m1|=0.991071 | m1²=0.982222 | ||w||²/d=1.319139 | eps_adapter=7.434803e-02 | residual_overlap=0.014041
[step    54350] t/d=543.500 | task1=2.439416e-01 | |m1|=0.991049 | m1²=0.982178 | ||w||²/d=1.318373 | eps_adapter=7.418074e-02 | residual_overlap=0.014135
[step    54400] t/d=544.000 | task1=2.439547e-01 | |m1|=0.991088 | m1²=0.982256 | ||w||²/d=1.317722 | eps_adapter=7.376834e-02 | residual_overlap=0.014070
[step    54450] t/d=544.500 | task1=2.439461e-01 | |m1|=0.991067 | m1²=0.982213 | ||w||²/d=1.317280 | eps_adapter=7.371341e-02 | residual_overlap=0.014037
[step    54500] t/d=545.000 | task1=2.440076e-01 | |m1|=0.991017 | m1²=0.982115 | ||w||²/d=1.318901 | eps_adapter=7.451699e-02 | residual_overlap=0.014044
[step    54550] t/d=545.500 | task1=2.440234e-01 | |m1|=0.991118 | m1²=0.982314 | ||w||²/d=1.318926 | eps_adapter=7.405497e-02 | residual_overlap=0.013913
[step    54600] t/d=546.000 | task1=2.440582e-01 | |m1|=0.991117 | m1²=0.982312 | ||w||²/d=1.319932 | eps_adapter=7.441630e-02 | residual_overlap=0.013907
[step    54650] t/d=546.500 | task1=2.440563e-01 | |m1|=0.991125 | m1²=0.982328 | ||w||²/d=1.319869 | eps_adapter=7.435718e-02 | residual_overlap=0.013882
[step    54700] t/d=547.000 | task1=2.440496e-01 | |m1|=0.991156 | m1²=0.982389 | ||w||²/d=1.319748 | eps_adapter=7.416887e-02 | residual_overlap=0.013827
[step    54750] t/d=547.500 | task1=2.440344e-01 | |m1|=0.991100 | m1²=0.982279 | ||w||²/d=1.317814 | eps_adapter=7.374715e-02 | residual_overlap=0.013917
[step    54800] t/d=548.000 | task1=2.440565e-01 | |m1|=0.991157 | m1²=0.982392 | ||w||²/d=1.315334 | eps_adapter=7.261425e-02 | residual_overlap=0.013812
[step    54850] t/d=548.500 | task1=2.440647e-01 | |m1|=0.991172 | m1²=0.982422 | ||w||²/d=1.314767 | eps_adapter=7.234644e-02 | residual_overlap=0.013823
[step    54900] t/d=549.000 | task1=2.440753e-01 | |m1|=0.991171 | m1²=0.982420 | ||w||²/d=1.316924 | eps_adapter=7.310080e-02 | residual_overlap=0.013838
[step    54950] t/d=549.500 | task1=2.440275e-01 | |m1|=0.991233 | m1²=0.982543 | ||w||²/d=1.316541 | eps_adapter=7.267888e-02 | residual_overlap=0.013768
[step    55000] t/d=550.000 | task1=2.440388e-01 | |m1|=0.991260 | m1²=0.982597 | ||w||²/d=1.316431 | eps_adapter=7.251364e-02 | residual_overlap=0.013735
[step    55050] t/d=550.500 | task1=2.440150e-01 | |m1|=0.991248 | m1²=0.982573 | ||w||²/d=1.313365 | eps_adapter=7.150822e-02 | residual_overlap=0.013801
[step    55100] t/d=551.000 | task1=2.439755e-01 | |m1|=0.991306 | m1²=0.982687 | ||w||²/d=1.312904 | eps_adapter=7.108145e-02 | residual_overlap=0.013766
[step    55150] t/d=551.500 | task1=2.440218e-01 | |m1|=0.991336 | m1²=0.982748 | ||w||²/d=1.312902 | eps_adapter=7.093712e-02 | residual_overlap=0.013701
[step    55200] t/d=552.000 | task1=2.440034e-01 | |m1|=0.991402 | m1²=0.982878 | ||w||²/d=1.313209 | eps_adapter=7.073724e-02 | residual_overlap=0.013630
[step    55250] t/d=552.500 | task1=2.440416e-01 | |m1|=0.991388 | m1²=0.982850 | ||w||²/d=1.315518 | eps_adapter=7.159948e-02 | residual_overlap=0.013634
[step    55300] t/d=553.000 | task1=2.439867e-01 | |m1|=0.991329 | m1²=0.982733 | ||w||²/d=1.315924 | eps_adapter=7.201596e-02 | residual_overlap=0.013708
[step    55350] t/d=553.500 | task1=2.439605e-01 | |m1|=0.991311 | m1²=0.982697 | ||w||²/d=1.316200 | eps_adapter=7.219788e-02 | residual_overlap=0.013672
[step    55400] t/d=554.000 | task1=2.439516e-01 | |m1|=0.991251 | m1²=0.982579 | ||w||²/d=1.316469 | eps_adapter=7.256822e-02 | residual_overlap=0.013790
[step    55450] t/d=554.500 | task1=2.439183e-01 | |m1|=0.991227 | m1²=0.982532 | ||w||²/d=1.318264 | eps_adapter=7.330865e-02 | residual_overlap=0.013886
[step    55500] t/d=555.000 | task1=2.439213e-01 | |m1|=0.991156 | m1²=0.982390 | ||w||²/d=1.318043 | eps_adapter=7.356657e-02 | residual_overlap=0.014004
[step    55550] t/d=555.500 | task1=2.439165e-01 | |m1|=0.991134 | m1²=0.982346 | ||w||²/d=1.316689 | eps_adapter=7.319390e-02 | residual_overlap=0.014047
[step    55600] t/d=556.000 | task1=2.439140e-01 | |m1|=0.991207 | m1²=0.982490 | ||w||²/d=1.316666 | eps_adapter=7.284590e-02 | residual_overlap=0.013931
[step    55650] t/d=556.500 | task1=2.439389e-01 | |m1|=0.991098 | m1²=0.982275 | ||w||²/d=1.316117 | eps_adapter=7.316123e-02 | residual_overlap=0.014071
[step    55700] t/d=557.000 | task1=2.440438e-01 | |m1|=0.991222 | m1²=0.982521 | ||w||²/d=1.315580 | eps_adapter=7.239530e-02 | residual_overlap=0.013854
[step    55750] t/d=557.500 | task1=2.440758e-01 | |m1|=0.991233 | m1²=0.982544 | ||w||²/d=1.315609 | eps_adapter=7.235208e-02 | residual_overlap=0.013833
[step    55800] t/d=558.000 | task1=2.440951e-01 | |m1|=0.991221 | m1²=0.982519 | ||w||²/d=1.317919 | eps_adapter=7.321728e-02 | residual_overlap=0.013847
[step    55850] t/d=558.500 | task1=2.441034e-01 | |m1|=0.991220 | m1²=0.982517 | ||w||²/d=1.317534 | eps_adapter=7.308639e-02 | residual_overlap=0.013827
[step    55900] t/d=559.000 | task1=2.441105e-01 | |m1|=0.991155 | m1²=0.982387 | ||w||²/d=1.320061 | eps_adapter=7.428455e-02 | residual_overlap=0.013894
[step    55950] t/d=559.500 | task1=2.441309e-01 | |m1|=0.991274 | m1²=0.982623 | ||w||²/d=1.321336 | eps_adapter=7.418084e-02 | residual_overlap=0.013745
[step    56000] t/d=560.000 | task1=2.440739e-01 | |m1|=0.991232 | m1²=0.982540 | ||w||²/d=1.319629 | eps_adapter=7.377075e-02 | residual_overlap=0.013809
[step    56050] t/d=560.500 | task1=2.440500e-01 | |m1|=0.991263 | m1²=0.982602 | ||w||²/d=1.321236 | eps_adapter=7.419521e-02 | residual_overlap=0.013760
[step    56100] t/d=561.000 | task1=2.440438e-01 | |m1|=0.991162 | m1²=0.982403 | ||w||²/d=1.322576 | eps_adapter=7.514656e-02 | residual_overlap=0.013949
[step    56150] t/d=561.500 | task1=2.440311e-01 | |m1|=0.991225 | m1²=0.982528 | ||w||²/d=1.321384 | eps_adapter=7.442332e-02 | residual_overlap=0.013878
[step    56200] t/d=562.000 | task1=2.440105e-01 | |m1|=0.991178 | m1²=0.982433 | ||w||²/d=1.319607 | eps_adapter=7.401584e-02 | residual_overlap=0.013954
[step    56250] t/d=562.500 | task1=2.440230e-01 | |m1|=0.991216 | m1²=0.982509 | ||w||²/d=1.319877 | eps_adapter=7.393194e-02 | residual_overlap=0.013890
[step    56300] t/d=563.000 | task1=2.440396e-01 | |m1|=0.991358 | m1²=0.982792 | ||w||²/d=1.322257 | eps_adapter=7.411194e-02 | residual_overlap=0.013632
[step    56350] t/d=563.500 | task1=2.440512e-01 | |m1|=0.991334 | m1²=0.982744 | ||w||²/d=1.322415 | eps_adapter=7.428107e-02 | residual_overlap=0.013608
[step    56400] t/d=564.000 | task1=2.440574e-01 | |m1|=0.991315 | m1²=0.982706 | ||w||²/d=1.321287 | eps_adapter=7.396843e-02 | residual_overlap=0.013678
[step    56450] t/d=564.500 | task1=2.440440e-01 | |m1|=0.991302 | m1²=0.982679 | ||w||²/d=1.318968 | eps_adapter=7.320860e-02 | residual_overlap=0.013673
[step    56500] t/d=565.000 | task1=2.439953e-01 | |m1|=0.991332 | m1²=0.982739 | ||w||²/d=1.320225 | eps_adapter=7.351250e-02 | residual_overlap=0.013632
[step    56550] t/d=565.500 | task1=2.439880e-01 | |m1|=0.991360 | m1²=0.982794 | ||w||²/d=1.318913 | eps_adapter=7.291948e-02 | residual_overlap=0.013563
[step    56600] t/d=566.000 | task1=2.440536e-01 | |m1|=0.991325 | m1²=0.982726 | ||w||²/d=1.319645 | eps_adapter=7.333796e-02 | residual_overlap=0.013589
[step    56650] t/d=566.500 | task1=2.440837e-01 | |m1|=0.991289 | m1²=0.982654 | ||w||²/d=1.319981 | eps_adapter=7.362766e-02 | residual_overlap=0.013707
[step    56700] t/d=567.000 | task1=2.440970e-01 | |m1|=0.991380 | m1²=0.982835 | ||w||²/d=1.319851 | eps_adapter=7.315292e-02 | residual_overlap=0.013598
[step    56750] t/d=567.500 | task1=2.441208e-01 | |m1|=0.991509 | m1²=0.983090 | ||w||²/d=1.319786 | eps_adapter=7.252873e-02 | residual_overlap=0.013388
[step    56800] t/d=568.000 | task1=2.441480e-01 | |m1|=0.991630 | m1²=0.983330 | ||w||²/d=1.318887 | eps_adapter=7.164490e-02 | residual_overlap=0.013179
[step    56850] t/d=568.500 | task1=2.441481e-01 | |m1|=0.991627 | m1²=0.983324 | ||w||²/d=1.318869 | eps_adapter=7.165218e-02 | residual_overlap=0.013197
[step    56900] t/d=569.000 | task1=2.440708e-01 | |m1|=0.991623 | m1²=0.983317 | ||w||²/d=1.321312 | eps_adapter=7.253366e-02 | residual_overlap=0.013283
[step    56950] t/d=569.500 | task1=2.440395e-01 | |m1|=0.991556 | m1²=0.983184 | ||w||²/d=1.318377 | eps_adapter=7.181103e-02 | residual_overlap=0.013385
[step    57000] t/d=570.000 | task1=2.440371e-01 | |m1|=0.991565 | m1²=0.983201 | ||w||²/d=1.317286 | eps_adapter=7.138750e-02 | residual_overlap=0.013350
[step    57050] t/d=570.500 | task1=2.440021e-01 | |m1|=0.991619 | m1²=0.983308 | ||w||²/d=1.316677 | eps_adapter=7.092503e-02 | residual_overlap=0.013231
[step    57100] t/d=571.000 | task1=2.439861e-01 | |m1|=0.991568 | m1²=0.983208 | ||w||²/d=1.317070 | eps_adapter=7.129630e-02 | residual_overlap=0.013332
[step    57150] t/d=571.500 | task1=2.440230e-01 | |m1|=0.991452 | m1²=0.982978 | ||w||²/d=1.318964 | eps_adapter=7.250294e-02 | residual_overlap=0.013488
[step    57200] t/d=572.000 | task1=2.440177e-01 | |m1|=0.991453 | m1²=0.982980 | ||w||²/d=1.319379 | eps_adapter=7.264415e-02 | residual_overlap=0.013443
[step    57250] t/d=572.500 | task1=2.440595e-01 | |m1|=0.991387 | m1²=0.982849 | ||w||²/d=1.317925 | eps_adapter=7.244258e-02 | residual_overlap=0.013530
[step    57300] t/d=573.000 | task1=2.440661e-01 | |m1|=0.991477 | m1²=0.983027 | ||w||²/d=1.317910 | eps_adapter=7.201604e-02 | residual_overlap=0.013367
[step    57350] t/d=573.500 | task1=2.440511e-01 | |m1|=0.991558 | m1²=0.983187 | ||w||²/d=1.318835 | eps_adapter=7.196394e-02 | residual_overlap=0.013264
[step    57400] t/d=574.000 | task1=2.440408e-01 | |m1|=0.991623 | m1²=0.983315 | ||w||²/d=1.319658 | eps_adapter=7.195112e-02 | residual_overlap=0.013110
[step    57450] t/d=574.500 | task1=2.440400e-01 | |m1|=0.991682 | m1²=0.983434 | ||w||²/d=1.318113 | eps_adapter=7.112888e-02 | residual_overlap=0.013054
[step    57500] t/d=575.000 | task1=2.440009e-01 | |m1|=0.991721 | m1²=0.983510 | ||w||²/d=1.318016 | eps_adapter=7.091492e-02 | residual_overlap=0.013050
[step    57550] t/d=575.500 | task1=2.440405e-01 | |m1|=0.991676 | m1²=0.983421 | ||w||²/d=1.315394 | eps_adapter=7.021375e-02 | residual_overlap=0.013118
[step    57600] t/d=576.000 | task1=2.439731e-01 | |m1|=0.991685 | m1²=0.983439 | ||w||²/d=1.316492 | eps_adapter=7.055154e-02 | residual_overlap=0.013124
[step    57650] t/d=576.500 | task1=2.439726e-01 | |m1|=0.991746 | m1²=0.983561 | ||w||²/d=1.317223 | eps_adapter=7.051847e-02 | residual_overlap=0.013081
[step    57700] t/d=577.000 | task1=2.439560e-01 | |m1|=0.991797 | m1²=0.983661 | ||w||²/d=1.317237 | eps_adapter=7.028736e-02 | residual_overlap=0.012992
[step    57750] t/d=577.500 | task1=2.439550e-01 | |m1|=0.991782 | m1²=0.983632 | ||w||²/d=1.317758 | eps_adapter=7.053810e-02 | residual_overlap=0.013004
[step    57800] t/d=578.000 | task1=2.440117e-01 | |m1|=0.991809 | m1²=0.983685 | ||w||²/d=1.318792 | eps_adapter=7.077277e-02 | residual_overlap=0.012947
[step    57850] t/d=578.500 | task1=2.439754e-01 | |m1|=0.991789 | m1²=0.983646 | ||w||²/d=1.319875 | eps_adapter=7.124702e-02 | residual_overlap=0.012987
[step    57900] t/d=579.000 | task1=2.439811e-01 | |m1|=0.991817 | m1²=0.983701 | ||w||²/d=1.319908 | eps_adapter=7.112915e-02 | residual_overlap=0.012904
[step    57950] t/d=579.500 | task1=2.439699e-01 | |m1|=0.991745 | m1²=0.983558 | ||w||²/d=1.319077 | eps_adapter=7.117396e-02 | residual_overlap=0.012943
[step    58000] t/d=580.000 | task1=2.439576e-01 | |m1|=0.991698 | m1²=0.983466 | ||w||²/d=1.318489 | eps_adapter=7.118514e-02 | residual_overlap=0.012974
[step    58050] t/d=580.500 | task1=2.439393e-01 | |m1|=0.991660 | m1²=0.983390 | ||w||²/d=1.317063 | eps_adapter=7.086628e-02 | residual_overlap=0.013043
[step    58100] t/d=581.000 | task1=2.439162e-01 | |m1|=0.991686 | m1²=0.983440 | ||w||²/d=1.317329 | eps_adapter=7.083921e-02 | residual_overlap=0.013011
[step    58150] t/d=581.500 | task1=2.439188e-01 | |m1|=0.991631 | m1²=0.983332 | ||w||²/d=1.316877 | eps_adapter=7.093823e-02 | residual_overlap=0.013092
[step    58200] t/d=582.000 | task1=2.438830e-01 | |m1|=0.991522 | m1²=0.983115 | ||w||²/d=1.318033 | eps_adapter=7.185163e-02 | residual_overlap=0.013237
[step    58250] t/d=582.500 | task1=2.438847e-01 | |m1|=0.991638 | m1²=0.983345 | ||w||²/d=1.317501 | eps_adapter=7.112334e-02 | residual_overlap=0.013063
[step    58300] t/d=583.000 | task1=2.439407e-01 | |m1|=0.991679 | m1²=0.983427 | ||w||²/d=1.318533 | eps_adapter=7.129158e-02 | residual_overlap=0.012985
[step    58350] t/d=583.500 | task1=2.438783e-01 | |m1|=0.991720 | m1²=0.983509 | ||w||²/d=1.319919 | eps_adapter=7.158499e-02 | residual_overlap=0.012942
[step    58400] t/d=584.000 | task1=2.438895e-01 | |m1|=0.991701 | m1²=0.983471 | ||w||²/d=1.320095 | eps_adapter=7.173655e-02 | residual_overlap=0.012961
[step    58450] t/d=584.500 | task1=2.438608e-01 | |m1|=0.991717 | m1²=0.983502 | ||w||²/d=1.321728 | eps_adapter=7.224210e-02 | residual_overlap=0.012922
[step    58500] t/d=585.000 | task1=2.438763e-01 | |m1|=0.991691 | m1²=0.983451 | ||w||²/d=1.320342 | eps_adapter=7.187263e-02 | residual_overlap=0.012955
[step    58550] t/d=585.500 | task1=2.438498e-01 | |m1|=0.991744 | m1²=0.983557 | ||w||²/d=1.319442 | eps_adapter=7.130432e-02 | residual_overlap=0.012819
[step    58600] t/d=586.000 | task1=2.438786e-01 | |m1|=0.991731 | m1²=0.983530 | ||w||²/d=1.318964 | eps_adapter=7.120079e-02 | residual_overlap=0.012831
[step    58650] t/d=586.500 | task1=2.438529e-01 | |m1|=0.991796 | m1²=0.983660 | ||w||²/d=1.319102 | eps_adapter=7.094159e-02 | residual_overlap=0.012758
[step    58700] t/d=587.000 | task1=2.438565e-01 | |m1|=0.991702 | m1²=0.983473 | ||w||²/d=1.319567 | eps_adapter=7.154602e-02 | residual_overlap=0.012994
[step    58750] t/d=587.500 | task1=2.438460e-01 | |m1|=0.991733 | m1²=0.983534 | ||w||²/d=1.320335 | eps_adapter=7.167411e-02 | residual_overlap=0.012960
[step    58800] t/d=588.000 | task1=2.438796e-01 | |m1|=0.991711 | m1²=0.983492 | ||w||²/d=1.320626 | eps_adapter=7.187640e-02 | residual_overlap=0.012984
[step    58850] t/d=588.500 | task1=2.438587e-01 | |m1|=0.991609 | m1²=0.983289 | ||w||²/d=1.322155 | eps_adapter=7.289820e-02 | residual_overlap=0.013173
[step    58900] t/d=589.000 | task1=2.438859e-01 | |m1|=0.991640 | m1²=0.983350 | ||w||²/d=1.322369 | eps_adapter=7.283024e-02 | residual_overlap=0.013157
[step    58950] t/d=589.500 | task1=2.438756e-01 | |m1|=0.991755 | m1²=0.983578 | ||w||²/d=1.321280 | eps_adapter=7.190463e-02 | residual_overlap=0.012943
[step    59000] t/d=590.000 | task1=2.438377e-01 | |m1|=0.991743 | m1²=0.983554 | ||w||²/d=1.320828 | eps_adapter=7.180067e-02 | residual_overlap=0.012951
[step    59050] t/d=590.500 | task1=2.438355e-01 | |m1|=0.991664 | m1²=0.983397 | ||w||²/d=1.320883 | eps_adapter=7.219212e-02 | residual_overlap=0.013065
[step    59100] t/d=591.000 | task1=2.438514e-01 | |m1|=0.991617 | m1²=0.983304 | ||w||²/d=1.322663 | eps_adapter=7.304376e-02 | residual_overlap=0.013168
[step    59150] t/d=591.500 | task1=2.439233e-01 | |m1|=0.991558 | m1²=0.983187 | ||w||²/d=1.324198 | eps_adapter=7.387351e-02 | residual_overlap=0.013257
[step    59200] t/d=592.000 | task1=2.439121e-01 | |m1|=0.991589 | m1²=0.983249 | ||w||²/d=1.324396 | eps_adapter=7.379629e-02 | residual_overlap=0.013173
[step    59250] t/d=592.500 | task1=2.439177e-01 | |m1|=0.991666 | m1²=0.983402 | ||w||²/d=1.324065 | eps_adapter=7.331514e-02 | residual_overlap=0.013014
[step    59300] t/d=593.000 | task1=2.439442e-01 | |m1|=0.991721 | m1²=0.983511 | ||w||²/d=1.322163 | eps_adapter=7.237737e-02 | residual_overlap=0.012883
[step    59350] t/d=593.500 | task1=2.439281e-01 | |m1|=0.991744 | m1²=0.983555 | ||w||²/d=1.322366 | eps_adapter=7.234405e-02 | residual_overlap=0.012854
[step    59400] t/d=594.000 | task1=2.439122e-01 | |m1|=0.991714 | m1²=0.983497 | ||w||²/d=1.323445 | eps_adapter=7.286700e-02 | residual_overlap=0.012878
[step    59450] t/d=594.500 | task1=2.438796e-01 | |m1|=0.991546 | m1²=0.983164 | ||w||²/d=1.321262 | eps_adapter=7.287585e-02 | residual_overlap=0.013222
[step    59500] t/d=595.000 | task1=2.439273e-01 | |m1|=0.991505 | m1²=0.983081 | ||w||²/d=1.321361 | eps_adapter=7.310722e-02 | residual_overlap=0.013238
[step    59550] t/d=595.500 | task1=2.439983e-01 | |m1|=0.991509 | m1²=0.983089 | ||w||²/d=1.318519 | eps_adapter=7.208370e-02 | residual_overlap=0.013217
[step    59600] t/d=596.000 | task1=2.440099e-01 | |m1|=0.991568 | m1²=0.983207 | ||w||²/d=1.318118 | eps_adapter=7.166598e-02 | residual_overlap=0.013112
[step    59650] t/d=596.500 | task1=2.440350e-01 | |m1|=0.991515 | m1²=0.983102 | ||w||²/d=1.318459 | eps_adapter=7.203347e-02 | residual_overlap=0.013112
[step    59700] t/d=597.000 | task1=2.439901e-01 | |m1|=0.991557 | m1²=0.983186 | ||w||²/d=1.318968 | eps_adapter=7.201345e-02 | residual_overlap=0.013112
[step    59750] t/d=597.500 | task1=2.439316e-01 | |m1|=0.991578 | m1²=0.983227 | ||w||²/d=1.319178 | eps_adapter=7.199018e-02 | residual_overlap=0.013087
[step    59800] t/d=598.000 | task1=2.439371e-01 | |m1|=0.991475 | m1²=0.983022 | ||w||²/d=1.319873 | eps_adapter=7.271942e-02 | residual_overlap=0.013221
[step    59850] t/d=598.500 | task1=2.439803e-01 | |m1|=0.991416 | m1²=0.982906 | ||w||²/d=1.320493 | eps_adapter=7.321215e-02 | residual_overlap=0.013283
[step    59900] t/d=599.000 | task1=2.439510e-01 | |m1|=0.991536 | m1²=0.983143 | ||w||²/d=1.320596 | eps_adapter=7.269031e-02 | residual_overlap=0.013124
[step    59950] t/d=599.500 | task1=2.439700e-01 | |m1|=0.991541 | m1²=0.983154 | ||w||²/d=1.318120 | eps_adapter=7.178968e-02 | residual_overlap=0.013085
[step    60000] t/d=600.000 | task1=2.439321e-01 | |m1|=0.991446 | m1²=0.982966 | ||w||²/d=1.317969 | eps_adapter=7.218130e-02 | residual_overlap=0.013226
[step    60050] t/d=600.500 | task1=2.440192e-01 | |m1|=0.991305 | m1²=0.982685 | ||w||²/d=1.317604 | eps_adapter=7.271665e-02 | residual_overlap=0.013466
[step    60100] t/d=601.000 | task1=2.440068e-01 | |m1|=0.991313 | m1²=0.982701 | ||w||²/d=1.317797 | eps_adapter=7.274500e-02 | residual_overlap=0.013501
[step    60150] t/d=601.500 | task1=2.439839e-01 | |m1|=0.991271 | m1²=0.982619 | ||w||²/d=1.315494 | eps_adapter=7.213615e-02 | residual_overlap=0.013651
[step    60200] t/d=602.000 | task1=2.440219e-01 | |m1|=0.991408 | m1²=0.982891 | ||w||²/d=1.314540 | eps_adapter=7.116556e-02 | residual_overlap=0.013393
[step    60250] t/d=602.500 | task1=2.440196e-01 | |m1|=0.991350 | m1²=0.982776 | ||w||²/d=1.312652 | eps_adapter=7.078692e-02 | residual_overlap=0.013473
[step    60300] t/d=603.000 | task1=2.440072e-01 | |m1|=0.991335 | m1²=0.982745 | ||w||²/d=1.312187 | eps_adapter=7.070045e-02 | residual_overlap=0.013451
[step    60350] t/d=603.500 | task1=2.439923e-01 | |m1|=0.991391 | m1²=0.982856 | ||w||²/d=1.310372 | eps_adapter=6.982098e-02 | residual_overlap=0.013336
[step    60400] t/d=604.000 | task1=2.440253e-01 | |m1|=0.991431 | m1²=0.982935 | ||w||²/d=1.310979 | eps_adapter=6.984142e-02 | residual_overlap=0.013340
[step    60450] t/d=604.500 | task1=2.440216e-01 | |m1|=0.991462 | m1²=0.982997 | ||w||²/d=1.310024 | eps_adapter=6.937269e-02 | residual_overlap=0.013275
[step    60500] t/d=605.000 | task1=2.440458e-01 | |m1|=0.991356 | m1²=0.982787 | ||w||²/d=1.311002 | eps_adapter=7.019630e-02 | residual_overlap=0.013469
[step    60550] t/d=605.500 | task1=2.440511e-01 | |m1|=0.991339 | m1²=0.982753 | ||w||²/d=1.311596 | eps_adapter=7.048007e-02 | residual_overlap=0.013529
[step    60600] t/d=606.000 | task1=2.440774e-01 | |m1|=0.991332 | m1²=0.982740 | ||w||²/d=1.310513 | eps_adapter=7.014243e-02 | residual_overlap=0.013550
[step    60650] t/d=606.500 | task1=2.440728e-01 | |m1|=0.991319 | m1²=0.982714 | ||w||²/d=1.309852 | eps_adapter=6.997857e-02 | residual_overlap=0.013552
[step    60700] t/d=607.000 | task1=2.440857e-01 | |m1|=0.991227 | m1²=0.982531 | ||w||²/d=1.310868 | eps_adapter=7.075150e-02 | residual_overlap=0.013675
[step    60750] t/d=607.500 | task1=2.440515e-01 | |m1|=0.991173 | m1²=0.982424 | ||w||²/d=1.308656 | eps_adapter=7.025459e-02 | residual_overlap=0.013778
[step    60800] t/d=608.000 | task1=2.440633e-01 | |m1|=0.991208 | m1²=0.982494 | ||w||²/d=1.308150 | eps_adapter=6.992010e-02 | residual_overlap=0.013754
[step    60850] t/d=608.500 | task1=2.439989e-01 | |m1|=0.991207 | m1²=0.982492 | ||w||²/d=1.306169 | eps_adapter=6.926456e-02 | residual_overlap=0.013824
[step    60900] t/d=609.000 | task1=2.439923e-01 | |m1|=0.991079 | m1²=0.982238 | ||w||²/d=1.304124 | eps_adapter=6.917829e-02 | residual_overlap=0.013973
[step    60950] t/d=609.500 | task1=2.439228e-01 | |m1|=0.991128 | m1²=0.982335 | ||w||²/d=1.303344 | eps_adapter=6.869526e-02 | residual_overlap=0.013958
[step    61000] t/d=610.000 | task1=2.439688e-01 | |m1|=0.991004 | m1²=0.982089 | ||w||²/d=1.303520 | eps_adapter=6.932821e-02 | residual_overlap=0.014132
[step    61050] t/d=610.500 | task1=2.439186e-01 | |m1|=0.991008 | m1²=0.982096 | ||w||²/d=1.300884 | eps_adapter=6.844949e-02 | residual_overlap=0.014093
[step    61100] t/d=611.000 | task1=2.439713e-01 | |m1|=0.991023 | m1²=0.982126 | ||w||²/d=1.301546 | eps_adapter=6.859535e-02 | residual_overlap=0.014043
[step    61150] t/d=611.500 | task1=2.439406e-01 | |m1|=0.990990 | m1²=0.982061 | ||w||²/d=1.301424 | eps_adapter=6.870593e-02 | residual_overlap=0.014108
[step    61200] t/d=612.000 | task1=2.439100e-01 | |m1|=0.991047 | m1²=0.982174 | ||w||²/d=1.301538 | eps_adapter=6.848137e-02 | residual_overlap=0.014043
[step    61250] t/d=612.500 | task1=2.439279e-01 | |m1|=0.991119 | m1²=0.982318 | ||w||²/d=1.299594 | eps_adapter=6.751676e-02 | residual_overlap=0.013904
[step    61300] t/d=613.000 | task1=2.439149e-01 | |m1|=0.991173 | m1²=0.982425 | ||w||²/d=1.299937 | eps_adapter=6.737830e-02 | residual_overlap=0.013833
[step    61350] t/d=613.500 | task1=2.439574e-01 | |m1|=0.991208 | m1²=0.982494 | ||w||²/d=1.300518 | eps_adapter=6.740527e-02 | residual_overlap=0.013784
[step    61400] t/d=614.000 | task1=2.439827e-01 | |m1|=0.991159 | m1²=0.982396 | ||w||²/d=1.299503 | eps_adapter=6.730587e-02 | residual_overlap=0.013877
[step    61450] t/d=614.500 | task1=2.440310e-01 | |m1|=0.991106 | m1²=0.982290 | ||w||²/d=1.299602 | eps_adapter=6.758290e-02 | residual_overlap=0.013893
[step    61500] t/d=615.000 | task1=2.441436e-01 | |m1|=0.991277 | m1²=0.982630 | ||w||²/d=1.297280 | eps_adapter=6.604897e-02 | residual_overlap=0.013587
[step    61550] t/d=615.500 | task1=2.441144e-01 | |m1|=0.991265 | m1²=0.982607 | ||w||²/d=1.297328 | eps_adapter=6.611961e-02 | residual_overlap=0.013664
[step    61600] t/d=616.000 | task1=2.440703e-01 | |m1|=0.991164 | m1²=0.982407 | ||w||²/d=1.297030 | eps_adapter=6.648922e-02 | residual_overlap=0.013890
[step    61650] t/d=616.500 | task1=2.441352e-01 | |m1|=0.991168 | m1²=0.982415 | ||w||²/d=1.296465 | eps_adapter=6.629061e-02 | residual_overlap=0.013802
[step    61700] t/d=617.000 | task1=2.441239e-01 | |m1|=0.991178 | m1²=0.982434 | ||w||²/d=1.294598 | eps_adapter=6.565747e-02 | residual_overlap=0.013780
[step    61750] t/d=617.500 | task1=2.441496e-01 | |m1|=0.991214 | m1²=0.982505 | ||w||²/d=1.291897 | eps_adapter=6.464979e-02 | residual_overlap=0.013664
[step    61800] t/d=618.000 | task1=2.441142e-01 | |m1|=0.991212 | m1²=0.982502 | ||w||²/d=1.291719 | eps_adapter=6.460162e-02 | residual_overlap=0.013666
[step    61850] t/d=618.500 | task1=2.441207e-01 | |m1|=0.991312 | m1²=0.982699 | ||w||²/d=1.290621 | eps_adapter=6.380734e-02 | residual_overlap=0.013477
[step    61900] t/d=619.000 | task1=2.440721e-01 | |m1|=0.991256 | m1²=0.982588 | ||w||²/d=1.290566 | eps_adapter=6.404686e-02 | residual_overlap=0.013599
[step    61950] t/d=619.500 | task1=2.440042e-01 | |m1|=0.991201 | m1²=0.982479 | ||w||²/d=1.288052 | eps_adapter=6.353096e-02 | residual_overlap=0.013817
[step    62000] t/d=620.000 | task1=2.439455e-01 | |m1|=0.991204 | m1²=0.982484 | ||w||²/d=1.288437 | eps_adapter=6.363554e-02 | residual_overlap=0.013866
[step    62050] t/d=620.500 | task1=2.440295e-01 | |m1|=0.991213 | m1²=0.982504 | ||w||²/d=1.288649 | eps_adapter=6.365597e-02 | residual_overlap=0.013815
[step    62100] t/d=621.000 | task1=2.440453e-01 | |m1|=0.991274 | m1²=0.982624 | ||w||²/d=1.288533 | eps_adapter=6.334243e-02 | residual_overlap=0.013706
[step    62150] t/d=621.500 | task1=2.440624e-01 | |m1|=0.991365 | m1²=0.982804 | ||w||²/d=1.290839 | eps_adapter=6.363199e-02 | residual_overlap=0.013601
[step    62200] t/d=622.000 | task1=2.439915e-01 | |m1|=0.991301 | m1²=0.982678 | ||w||²/d=1.293256 | eps_adapter=6.467265e-02 | residual_overlap=0.013673
[step    62250] t/d=622.500 | task1=2.439988e-01 | |m1|=0.991364 | m1²=0.982802 | ||w||²/d=1.292028 | eps_adapter=6.400303e-02 | residual_overlap=0.013557
[step    62300] t/d=623.000 | task1=2.439633e-01 | |m1|=0.991378 | m1²=0.982830 | ||w||²/d=1.289979 | eps_adapter=6.330964e-02 | residual_overlap=0.013542
[step    62350] t/d=623.500 | task1=2.439945e-01 | |m1|=0.991347 | m1²=0.982770 | ||w||²/d=1.289631 | eps_adapter=6.334215e-02 | residual_overlap=0.013538
[step    62400] t/d=624.000 | task1=2.439888e-01 | |m1|=0.991330 | m1²=0.982736 | ||w||²/d=1.291397 | eps_adapter=6.396177e-02 | residual_overlap=0.013552
[step    62450] t/d=624.500 | task1=2.439813e-01 | |m1|=0.991357 | m1²=0.982789 | ||w||²/d=1.292006 | eps_adapter=6.402816e-02 | residual_overlap=0.013453
[step    62500] t/d=625.000 | task1=2.439723e-01 | |m1|=0.991399 | m1²=0.982871 | ||w||²/d=1.290558 | eps_adapter=6.339176e-02 | residual_overlap=0.013422
[step    62550] t/d=625.500 | task1=2.440235e-01 | |m1|=0.991342 | m1²=0.982760 | ||w||²/d=1.290484 | eps_adapter=6.362614e-02 | residual_overlap=0.013472
[step    62600] t/d=626.000 | task1=2.440775e-01 | |m1|=0.991348 | m1²=0.982770 | ||w||²/d=1.290248 | eps_adapter=6.353025e-02 | residual_overlap=0.013413
[step    62650] t/d=626.500 | task1=2.440126e-01 | |m1|=0.991383 | m1²=0.982839 | ||w||²/d=1.292008 | eps_adapter=6.391126e-02 | residual_overlap=0.013410
[step    62700] t/d=627.000 | task1=2.440258e-01 | |m1|=0.991383 | m1²=0.982840 | ||w||²/d=1.292905 | eps_adapter=6.418800e-02 | residual_overlap=0.013359
[step    62750] t/d=627.500 | task1=2.440085e-01 | |m1|=0.991305 | m1²=0.982686 | ||w||²/d=1.295743 | eps_adapter=6.543403e-02 | residual_overlap=0.013488
[step    62800] t/d=628.000 | task1=2.440183e-01 | |m1|=0.991150 | m1²=0.982378 | ||w||²/d=1.296603 | eps_adapter=6.642094e-02 | residual_overlap=0.013764
[step    62850] t/d=628.500 | task1=2.440261e-01 | |m1|=0.991176 | m1²=0.982429 | ||w||²/d=1.297555 | eps_adapter=6.660328e-02 | residual_overlap=0.013684
[step    62900] t/d=629.000 | task1=2.439908e-01 | |m1|=0.991122 | m1²=0.982322 | ||w||²/d=1.299503 | eps_adapter=6.747739e-02 | residual_overlap=0.013804
[step    62950] t/d=629.500 | task1=2.439810e-01 | |m1|=0.991071 | m1²=0.982223 | ||w||²/d=1.300136 | eps_adapter=6.791265e-02 | residual_overlap=0.013860
[step    63000] t/d=630.000 | task1=2.440372e-01 | |m1|=0.991023 | m1²=0.982128 | ||w||²/d=1.298481 | eps_adapter=6.760061e-02 | residual_overlap=0.013852
[step    63050] t/d=630.500 | task1=2.440984e-01 | |m1|=0.991066 | m1²=0.982211 | ||w||²/d=1.301130 | eps_adapter=6.826130e-02 | residual_overlap=0.013719
[step    63100] t/d=631.000 | task1=2.440767e-01 | |m1|=0.990965 | m1²=0.982012 | ||w||²/d=1.302509 | eps_adapter=6.917441e-02 | residual_overlap=0.013886
[step    63150] t/d=631.500 | task1=2.440282e-01 | |m1|=0.991024 | m1²=0.982129 | ||w||²/d=1.300753 | eps_adapter=6.833076e-02 | residual_overlap=0.013760
[step    63200] t/d=632.000 | task1=2.440370e-01 | |m1|=0.991050 | m1²=0.982179 | ||w||²/d=1.300002 | eps_adapter=6.797019e-02 | residual_overlap=0.013714
[step    63250] t/d=632.500 | task1=2.440435e-01 | |m1|=0.991045 | m1²=0.982171 | ||w||²/d=1.300720 | eps_adapter=6.822223e-02 | residual_overlap=0.013726
[step    63300] t/d=633.000 | task1=2.440770e-01 | |m1|=0.991064 | m1²=0.982207 | ||w||²/d=1.301617 | eps_adapter=6.843004e-02 | residual_overlap=0.013692
[step    63350] t/d=633.500 | task1=2.440971e-01 | |m1|=0.991060 | m1²=0.982201 | ||w||²/d=1.302530 | eps_adapter=6.874271e-02 | residual_overlap=0.013742
[step    63400] t/d=634.000 | task1=2.440962e-01 | |m1|=0.990944 | m1²=0.981969 | ||w||²/d=1.301871 | eps_adapter=6.906597e-02 | residual_overlap=0.013880
[step    63450] t/d=634.500 | task1=2.441142e-01 | |m1|=0.990991 | m1²=0.982062 | ||w||²/d=1.301861 | eps_adapter=6.884598e-02 | residual_overlap=0.013783
[step    63500] t/d=635.000 | task1=2.441026e-01 | |m1|=0.990868 | m1²=0.981819 | ||w||²/d=1.304467 | eps_adapter=7.027128e-02 | residual_overlap=0.014001
[step    63550] t/d=635.500 | task1=2.441434e-01 | |m1|=0.990945 | m1²=0.981971 | ||w||²/d=1.305450 | eps_adapter=7.024079e-02 | residual_overlap=0.013847
[step    63600] t/d=636.000 | task1=2.441858e-01 | |m1|=0.991013 | m1²=0.982107 | ||w||²/d=1.305571 | eps_adapter=6.996281e-02 | residual_overlap=0.013753
[step    63650] t/d=636.500 | task1=2.442018e-01 | |m1|=0.990985 | m1²=0.982051 | ||w||²/d=1.308097 | eps_adapter=7.093910e-02 | residual_overlap=0.013769
[step    63700] t/d=637.000 | task1=2.442199e-01 | |m1|=0.991064 | m1²=0.982208 | ||w||²/d=1.308522 | eps_adapter=7.071624e-02 | residual_overlap=0.013607
[step    63750] t/d=637.500 | task1=2.442557e-01 | |m1|=0.991211 | m1²=0.982499 | ||w||²/d=1.308449 | eps_adapter=7.000971e-02 | residual_overlap=0.013369
[step    63800] t/d=638.000 | task1=2.442818e-01 | |m1|=0.991079 | m1²=0.982238 | ||w||²/d=1.308229 | eps_adapter=7.054673e-02 | residual_overlap=0.013572
[step    63850] t/d=638.500 | task1=2.443082e-01 | |m1|=0.991157 | m1²=0.982392 | ||w||²/d=1.305575 | eps_adapter=6.929845e-02 | residual_overlap=0.013372
[step    63900] t/d=639.000 | task1=2.442592e-01 | |m1|=0.991070 | m1²=0.982220 | ||w||²/d=1.305607 | eps_adapter=6.971127e-02 | residual_overlap=0.013472
[step    63950] t/d=639.500 | task1=2.441993e-01 | |m1|=0.991070 | m1²=0.982220 | ||w||²/d=1.306627 | eps_adapter=7.005200e-02 | residual_overlap=0.013518
[step    64000] t/d=640.000 | task1=2.442426e-01 | |m1|=0.991142 | m1²=0.982362 | ||w||²/d=1.305282 | eps_adapter=6.927295e-02 | residual_overlap=0.013365
[step    64050] t/d=640.500 | task1=2.442572e-01 | |m1|=0.991058 | m1²=0.982196 | ||w||²/d=1.305490 | eps_adapter=6.972966e-02 | residual_overlap=0.013510
[step    64100] t/d=641.000 | task1=2.442519e-01 | |m1|=0.991054 | m1²=0.982187 | ||w||²/d=1.303637 | eps_adapter=6.913737e-02 | residual_overlap=0.013496
[step    64150] t/d=641.500 | task1=2.442547e-01 | |m1|=0.991100 | m1²=0.982280 | ||w||²/d=1.302942 | eps_adapter=6.869314e-02 | residual_overlap=0.013480
[step    64200] t/d=642.000 | task1=2.442091e-01 | |m1|=0.991154 | m1²=0.982386 | ||w||²/d=1.302636 | eps_adapter=6.834544e-02 | residual_overlap=0.013366
[step    64250] t/d=642.500 | task1=2.441339e-01 | |m1|=0.991130 | m1²=0.982339 | ||w||²/d=1.302318 | eps_adapter=6.835062e-02 | residual_overlap=0.013497
[step    64300] t/d=643.000 | task1=2.441632e-01 | |m1|=0.991085 | m1²=0.982249 | ||w||²/d=1.303889 | eps_adapter=6.907602e-02 | residual_overlap=0.013575
[step    64350] t/d=643.500 | task1=2.441329e-01 | |m1|=0.991032 | m1²=0.982144 | ||w||²/d=1.302598 | eps_adapter=6.889640e-02 | residual_overlap=0.013676
[step    64400] t/d=644.000 | task1=2.440922e-01 | |m1|=0.991042 | m1²=0.982164 | ||w||²/d=1.303348 | eps_adapter=6.909576e-02 | residual_overlap=0.013697
[step    64450] t/d=644.500 | task1=2.440878e-01 | |m1|=0.991016 | m1²=0.982114 | ||w||²/d=1.303440 | eps_adapter=6.924408e-02 | residual_overlap=0.013795
[step    64500] t/d=645.000 | task1=2.440495e-01 | |m1|=0.990921 | m1²=0.981924 | ||w||²/d=1.306301 | eps_adapter=7.063543e-02 | residual_overlap=0.013861
[step    64550] t/d=645.500 | task1=2.439969e-01 | |m1|=0.990954 | m1²=0.981989 | ||w||²/d=1.305702 | eps_adapter=7.028199e-02 | residual_overlap=0.013873
[step    64600] t/d=646.000 | task1=2.439107e-01 | |m1|=0.990997 | m1²=0.982075 | ||w||²/d=1.307683 | eps_adapter=7.074493e-02 | residual_overlap=0.013893
[step    64650] t/d=646.500 | task1=2.438571e-01 | |m1|=0.990996 | m1²=0.982074 | ||w||²/d=1.307941 | eps_adapter=7.083337e-02 | residual_overlap=0.013922
[step    64700] t/d=647.000 | task1=2.438027e-01 | |m1|=0.991012 | m1²=0.982106 | ||w||²/d=1.306022 | eps_adapter=7.011710e-02 | residual_overlap=0.013989
[step    64750] t/d=647.500 | task1=2.438253e-01 | |m1|=0.990913 | m1²=0.981908 | ||w||²/d=1.304713 | eps_adapter=7.014383e-02 | residual_overlap=0.014134
[step    64800] t/d=648.000 | task1=2.438459e-01 | |m1|=0.990915 | m1²=0.981913 | ||w||²/d=1.306257 | eps_adapter=7.064594e-02 | residual_overlap=0.014125
[step    64850] t/d=648.500 | task1=2.438495e-01 | |m1|=0.990927 | m1²=0.981937 | ||w||²/d=1.306478 | eps_adapter=7.066336e-02 | residual_overlap=0.014171
[step    64900] t/d=649.000 | task1=2.438959e-01 | |m1|=0.990985 | m1²=0.982051 | ||w||²/d=1.308040 | eps_adapter=7.091962e-02 | residual_overlap=0.014052
[step    64950] t/d=649.500 | task1=2.438476e-01 | |m1|=0.990975 | m1²=0.982032 | ||w||²/d=1.307574 | eps_adapter=7.080787e-02 | residual_overlap=0.014154
[step    65000] t/d=650.000 | task1=2.437996e-01 | |m1|=0.991019 | m1²=0.982119 | ||w||²/d=1.303967 | eps_adapter=6.940469e-02 | residual_overlap=0.014116
[step    65050] t/d=650.500 | task1=2.438337e-01 | |m1|=0.990954 | m1²=0.981990 | ||w||²/d=1.304391 | eps_adapter=6.984645e-02 | residual_overlap=0.014218
[step    65100] t/d=651.000 | task1=2.438056e-01 | |m1|=0.990964 | m1²=0.982009 | ||w||²/d=1.302343 | eps_adapter=6.912865e-02 | residual_overlap=0.014202
[step    65150] t/d=651.500 | task1=2.438080e-01 | |m1|=0.991045 | m1²=0.982170 | ||w||²/d=1.301334 | eps_adapter=6.842343e-02 | residual_overlap=0.014080
[step    65200] t/d=652.000 | task1=2.438035e-01 | |m1|=0.991034 | m1²=0.982148 | ||w||²/d=1.301068 | eps_adapter=6.838960e-02 | residual_overlap=0.014116
[step    65250] t/d=652.500 | task1=2.437761e-01 | |m1|=0.990948 | m1²=0.981978 | ||w||²/d=1.300127 | eps_adapter=6.847914e-02 | residual_overlap=0.014307
[step    65300] t/d=653.000 | task1=2.437906e-01 | |m1|=0.990957 | m1²=0.981995 | ||w||²/d=1.300021 | eps_adapter=6.840412e-02 | residual_overlap=0.014285
[step    65350] t/d=653.500 | task1=2.437742e-01 | |m1|=0.990883 | m1²=0.981849 | ||w||²/d=1.300980 | eps_adapter=6.905586e-02 | residual_overlap=0.014430
[step    65400] t/d=654.000 | task1=2.438143e-01 | |m1|=0.990931 | m1²=0.981944 | ||w||²/d=1.298634 | eps_adapter=6.807557e-02 | residual_overlap=0.014379
[step    65450] t/d=654.500 | task1=2.438394e-01 | |m1|=0.990950 | m1²=0.981981 | ||w||²/d=1.300930 | eps_adapter=6.873231e-02 | residual_overlap=0.014300
[step    65500] t/d=655.000 | task1=2.438917e-01 | |m1|=0.990956 | m1²=0.981994 | ||w||²/d=1.299995 | eps_adapter=6.839786e-02 | residual_overlap=0.014285
[step    65550] t/d=655.500 | task1=2.438604e-01 | |m1|=0.990923 | m1²=0.981929 | ||w||²/d=1.299575 | eps_adapter=6.841371e-02 | residual_overlap=0.014377
[step    65600] t/d=656.000 | task1=2.438633e-01 | |m1|=0.990841 | m1²=0.981765 | ||w||²/d=1.299787 | eps_adapter=6.886385e-02 | residual_overlap=0.014533
[step    65650] t/d=656.500 | task1=2.438716e-01 | |m1|=0.990872 | m1²=0.981827 | ||w||²/d=1.301118 | eps_adapter=6.915206e-02 | residual_overlap=0.014451
[step    65700] t/d=657.000 | task1=2.438738e-01 | |m1|=0.991000 | m1²=0.982080 | ||w||²/d=1.303069 | eps_adapter=6.920041e-02 | residual_overlap=0.014209
[step    65750] t/d=657.500 | task1=2.438639e-01 | |m1|=0.990934 | m1²=0.981950 | ||w||²/d=1.302506 | eps_adapter=6.931838e-02 | residual_overlap=0.014310
[step    65800] t/d=658.000 | task1=2.438636e-01 | |m1|=0.990794 | m1²=0.981673 | ||w||²/d=1.303444 | eps_adapter=7.027260e-02 | residual_overlap=0.014542
[step    65850] t/d=658.500 | task1=2.438577e-01 | |m1|=0.990745 | m1²=0.981575 | ||w||²/d=1.306710 | eps_adapter=7.158676e-02 | residual_overlap=0.014620
[step    65900] t/d=659.000 | task1=2.438632e-01 | |m1|=0.990640 | m1²=0.981367 | ||w||²/d=1.307520 | eps_adapter=7.234485e-02 | residual_overlap=0.014730
[step    65950] t/d=659.500 | task1=2.439217e-01 | |m1|=0.990727 | m1²=0.981540 | ||w||²/d=1.308577 | eps_adapter=7.229709e-02 | residual_overlap=0.014577
[step    66000] t/d=660.000 | task1=2.439165e-01 | |m1|=0.990657 | m1²=0.981402 | ||w||²/d=1.308958 | eps_adapter=7.275031e-02 | residual_overlap=0.014647
[step    66050] t/d=660.500 | task1=2.439052e-01 | |m1|=0.990707 | m1²=0.981501 | ||w||²/d=1.307526 | eps_adapter=7.203413e-02 | residual_overlap=0.014559
[step    66100] t/d=661.000 | task1=2.438649e-01 | |m1|=0.990656 | m1²=0.981399 | ||w||²/d=1.306743 | eps_adapter=7.200915e-02 | residual_overlap=0.014633
[step    66150] t/d=661.500 | task1=2.438203e-01 | |m1|=0.990699 | m1²=0.981485 | ||w||²/d=1.306190 | eps_adapter=7.162385e-02 | residual_overlap=0.014554
[step    66200] t/d=662.000 | task1=2.437976e-01 | |m1|=0.990703 | m1²=0.981492 | ||w||²/d=1.304483 | eps_adapter=7.103817e-02 | residual_overlap=0.014503
[step    66250] t/d=662.500 | task1=2.438048e-01 | |m1|=0.990644 | m1²=0.981375 | ||w||²/d=1.304974 | eps_adapter=7.147582e-02 | residual_overlap=0.014596
[step    66300] t/d=663.000 | task1=2.438049e-01 | |m1|=0.990670 | m1²=0.981427 | ||w||²/d=1.305550 | eps_adapter=7.154607e-02 | residual_overlap=0.014562
[step    66350] t/d=663.500 | task1=2.437675e-01 | |m1|=0.990718 | m1²=0.981523 | ||w||²/d=1.306578 | eps_adapter=7.166534e-02 | residual_overlap=0.014498
[step    66400] t/d=664.000 | task1=2.437709e-01 | |m1|=0.990548 | m1²=0.981186 | ||w||²/d=1.307424 | eps_adapter=7.273628e-02 | residual_overlap=0.014729
[step    66450] t/d=664.500 | task1=2.437402e-01 | |m1|=0.990598 | m1²=0.981284 | ||w||²/d=1.307306 | eps_adapter=7.246846e-02 | residual_overlap=0.014639
[step    66500] t/d=665.000 | task1=2.437321e-01 | |m1|=0.990563 | m1²=0.981215 | ||w||²/d=1.307869 | eps_adapter=7.281843e-02 | residual_overlap=0.014776
[step    66550] t/d=665.500 | task1=2.437587e-01 | |m1|=0.990751 | m1²=0.981588 | ||w||²/d=1.308794 | eps_adapter=7.225745e-02 | residual_overlap=0.014434
[step    66600] t/d=666.000 | task1=2.437836e-01 | |m1|=0.990778 | m1²=0.981642 | ||w||²/d=1.309775 | eps_adapter=7.246502e-02 | residual_overlap=0.014377
[step    66650] t/d=666.500 | task1=2.437451e-01 | |m1|=0.990741 | m1²=0.981568 | ||w||²/d=1.311326 | eps_adapter=7.316603e-02 | residual_overlap=0.014401
[step    66700] t/d=667.000 | task1=2.437456e-01 | |m1|=0.990785 | m1²=0.981656 | ||w||²/d=1.309126 | eps_adapter=7.221262e-02 | residual_overlap=0.014383
[step    66750] t/d=667.500 | task1=2.438088e-01 | |m1|=0.990809 | m1²=0.981702 | ||w||²/d=1.310243 | eps_adapter=7.248372e-02 | residual_overlap=0.014323
[step    66800] t/d=668.000 | task1=2.438517e-01 | |m1|=0.990786 | m1²=0.981657 | ||w||²/d=1.314250 | eps_adapter=7.396556e-02 | residual_overlap=0.014353
[step    66850] t/d=668.500 | task1=2.438768e-01 | |m1|=0.990792 | m1²=0.981669 | ||w||²/d=1.315832 | eps_adapter=7.448913e-02 | residual_overlap=0.014369
[step    66900] t/d=669.000 | task1=2.438803e-01 | |m1|=0.990885 | m1²=0.981854 | ||w||²/d=1.315608 | eps_adapter=7.397575e-02 | residual_overlap=0.014303
[step    66950] t/d=669.500 | task1=2.438803e-01 | |m1|=0.990958 | m1²=0.981997 | ||w||²/d=1.314476 | eps_adapter=7.324433e-02 | residual_overlap=0.014195
[step    67000] t/d=670.000 | task1=2.438582e-01 | |m1|=0.990850 | m1²=0.981783 | ||w||²/d=1.312734 | eps_adapter=7.314662e-02 | residual_overlap=0.014384
[step    67050] t/d=670.500 | task1=2.437920e-01 | |m1|=0.990863 | m1²=0.981810 | ||w||²/d=1.313395 | eps_adapter=7.330977e-02 | residual_overlap=0.014403
[step    67100] t/d=671.000 | task1=2.437874e-01 | |m1|=0.990849 | m1²=0.981782 | ||w||²/d=1.315415 | eps_adapter=7.407666e-02 | residual_overlap=0.014452
[step    67150] t/d=671.500 | task1=2.437994e-01 | |m1|=0.990793 | m1²=0.981670 | ||w||²/d=1.314374 | eps_adapter=7.397804e-02 | residual_overlap=0.014535
[step    67200] t/d=672.000 | task1=2.437728e-01 | |m1|=0.990798 | m1²=0.981680 | ||w||²/d=1.313492 | eps_adapter=7.364971e-02 | residual_overlap=0.014483
[step    67250] t/d=672.500 | task1=2.438262e-01 | |m1|=0.990963 | m1²=0.982007 | ||w||²/d=1.312479 | eps_adapter=7.253305e-02 | residual_overlap=0.014230
[step    67300] t/d=673.000 | task1=2.438174e-01 | |m1|=0.990943 | m1²=0.981968 | ||w||²/d=1.309905 | eps_adapter=7.174386e-02 | residual_overlap=0.014305
[step    67350] t/d=673.500 | task1=2.437762e-01 | |m1|=0.991008 | m1²=0.982098 | ||w||²/d=1.311223 | eps_adapter=7.188953e-02 | residual_overlap=0.014244
[step    67400] t/d=674.000 | task1=2.437465e-01 | |m1|=0.991039 | m1²=0.982158 | ||w||²/d=1.310734 | eps_adapter=7.158236e-02 | residual_overlap=0.014157
[step    67450] t/d=674.500 | task1=2.437594e-01 | |m1|=0.990917 | m1²=0.981917 | ||w||²/d=1.309805 | eps_adapter=7.183137e-02 | residual_overlap=0.014372
[step    67500] t/d=675.000 | task1=2.436994e-01 | |m1|=0.990875 | m1²=0.981834 | ||w||²/d=1.310710 | eps_adapter=7.233349e-02 | residual_overlap=0.014409
[step    67550] t/d=675.500 | task1=2.437362e-01 | |m1|=0.990935 | m1²=0.981952 | ||w||²/d=1.310477 | eps_adapter=7.197796e-02 | residual_overlap=0.014316
[step    67600] t/d=676.000 | task1=2.437125e-01 | |m1|=0.990827 | m1²=0.981739 | ||w||²/d=1.308585 | eps_adapter=7.183389e-02 | residual_overlap=0.014392
[step    67650] t/d=676.500 | task1=2.437155e-01 | |m1|=0.990940 | m1²=0.981963 | ||w||²/d=1.307753 | eps_adapter=7.103030e-02 | residual_overlap=0.014198
[step    67700] t/d=677.000 | task1=2.436936e-01 | |m1|=0.990988 | m1²=0.982057 | ||w||²/d=1.304658 | eps_adapter=6.977670e-02 | residual_overlap=0.014141
[step    67750] t/d=677.500 | task1=2.437166e-01 | |m1|=0.990903 | m1²=0.981889 | ||w||²/d=1.306326 | eps_adapter=7.072582e-02 | residual_overlap=0.014323
[step    67800] t/d=678.000 | task1=2.437884e-01 | |m1|=0.990896 | m1²=0.981875 | ||w||²/d=1.307118 | eps_adapter=7.102152e-02 | residual_overlap=0.014267
[step    67850] t/d=678.500 | task1=2.437746e-01 | |m1|=0.990887 | m1²=0.981856 | ||w||²/d=1.305863 | eps_adapter=7.064697e-02 | residual_overlap=0.014287
[step    67900] t/d=679.000 | task1=2.437978e-01 | |m1|=0.990910 | m1²=0.981903 | ||w||²/d=1.306819 | eps_adapter=7.085720e-02 | residual_overlap=0.014268
[step    67950] t/d=679.500 | task1=2.438283e-01 | |m1|=0.990821 | m1²=0.981726 | ||w||²/d=1.306862 | eps_adapter=7.128613e-02 | residual_overlap=0.014365
[step    68000] t/d=680.000 | task1=2.437871e-01 | |m1|=0.990876 | m1²=0.981835 | ||w||²/d=1.308772 | eps_adapter=7.167344e-02 | residual_overlap=0.014240
[step    68050] t/d=680.500 | task1=2.437616e-01 | |m1|=0.990905 | m1²=0.981893 | ||w||²/d=1.307000 | eps_adapter=7.094061e-02 | residual_overlap=0.014277
[step    68100] t/d=681.000 | task1=2.437022e-01 | |m1|=0.990925 | m1²=0.981933 | ||w||²/d=1.308349 | eps_adapter=7.129984e-02 | residual_overlap=0.014320
[step    68150] t/d=681.500 | task1=2.437091e-01 | |m1|=0.991014 | m1²=0.982109 | ||w||²/d=1.306974 | eps_adapter=7.042695e-02 | residual_overlap=0.014231
[step    68200] t/d=682.000 | task1=2.436852e-01 | |m1|=0.990987 | m1²=0.982055 | ||w||²/d=1.306025 | eps_adapter=7.023625e-02 | residual_overlap=0.014328
[step    68250] t/d=682.500 | task1=2.437409e-01 | |m1|=0.990876 | m1²=0.981835 | ||w||²/d=1.305423 | eps_adapter=7.054996e-02 | residual_overlap=0.014457
[step    68300] t/d=683.000 | task1=2.437657e-01 | |m1|=0.990927 | m1²=0.981937 | ||w||²/d=1.304584 | eps_adapter=7.003323e-02 | residual_overlap=0.014383
[step    68350] t/d=683.500 | task1=2.437741e-01 | |m1|=0.990786 | m1²=0.981657 | ||w||²/d=1.305050 | eps_adapter=7.084186e-02 | residual_overlap=0.014603
[step    68400] t/d=684.000 | task1=2.437924e-01 | |m1|=0.990822 | m1²=0.981727 | ||w||²/d=1.306440 | eps_adapter=7.114027e-02 | residual_overlap=0.014591
[step    68450] t/d=684.500 | task1=2.437814e-01 | |m1|=0.990828 | m1²=0.981740 | ||w||²/d=1.305735 | eps_adapter=7.087554e-02 | residual_overlap=0.014648
[step    68500] t/d=685.000 | task1=2.438130e-01 | |m1|=0.990809 | m1²=0.981702 | ||w||²/d=1.305418 | eps_adapter=7.085900e-02 | residual_overlap=0.014705
[step    68550] t/d=685.500 | task1=2.438658e-01 | |m1|=0.990787 | m1²=0.981658 | ||w||²/d=1.304939 | eps_adapter=7.080272e-02 | residual_overlap=0.014698
[step    68600] t/d=686.000 | task1=2.438546e-01 | |m1|=0.990807 | m1²=0.981698 | ||w||²/d=1.307099 | eps_adapter=7.142900e-02 | residual_overlap=0.014646
[step    68650] t/d=686.500 | task1=2.438423e-01 | |m1|=0.990684 | m1²=0.981455 | ||w||²/d=1.307243 | eps_adapter=7.204660e-02 | residual_overlap=0.014879
[step    68700] t/d=687.000 | task1=2.438734e-01 | |m1|=0.990739 | m1²=0.981564 | ||w||²/d=1.308342 | eps_adapter=7.216255e-02 | residual_overlap=0.014787
[step    68750] t/d=687.500 | task1=2.439144e-01 | |m1|=0.990739 | m1²=0.981563 | ||w||²/d=1.304488 | eps_adapter=7.087470e-02 | residual_overlap=0.014774
[step    68800] t/d=688.000 | task1=2.439586e-01 | |m1|=0.990815 | m1²=0.981715 | ||w||²/d=1.303223 | eps_adapter=7.010179e-02 | residual_overlap=0.014710
[step    68850] t/d=688.500 | task1=2.439321e-01 | |m1|=0.990858 | m1²=0.981800 | ||w||²/d=1.303792 | eps_adapter=7.009127e-02 | residual_overlap=0.014636
[step    68900] t/d=689.000 | task1=2.439464e-01 | |m1|=0.990825 | m1²=0.981734 | ||w||²/d=1.300967 | eps_adapter=6.932023e-02 | residual_overlap=0.014697
[step    68950] t/d=689.500 | task1=2.439794e-01 | |m1|=0.990797 | m1²=0.981678 | ||w||²/d=1.299679 | eps_adapter=6.903075e-02 | residual_overlap=0.014723
[step    69000] t/d=690.000 | task1=2.440149e-01 | |m1|=0.990833 | m1²=0.981749 | ||w||²/d=1.298471 | eps_adapter=6.847596e-02 | residual_overlap=0.014707
[step    69050] t/d=690.500 | task1=2.440062e-01 | |m1|=0.990921 | m1²=0.981923 | ||w||²/d=1.297372 | eps_adapter=6.771921e-02 | residual_overlap=0.014604
[step    69100] t/d=691.000 | task1=2.439917e-01 | |m1|=0.990851 | m1²=0.981785 | ||w||²/d=1.296939 | eps_adapter=6.790161e-02 | residual_overlap=0.014754
[step    69150] t/d=691.500 | task1=2.440112e-01 | |m1|=0.990853 | m1²=0.981791 | ||w||²/d=1.295891 | eps_adapter=6.755602e-02 | residual_overlap=0.014737
[step    69200] t/d=692.000 | task1=2.439457e-01 | |m1|=0.990850 | m1²=0.981784 | ||w||²/d=1.296515 | eps_adapter=6.777011e-02 | residual_overlap=0.014760
[step    69250] t/d=692.500 | task1=2.439197e-01 | |m1|=0.990831 | m1²=0.981747 | ||w||²/d=1.294873 | eps_adapter=6.733555e-02 | residual_overlap=0.014791
[step    69300] t/d=693.000 | task1=2.439387e-01 | |m1|=0.990740 | m1²=0.981566 | ||w||²/d=1.294735 | eps_adapter=6.770949e-02 | residual_overlap=0.014874
[step    69350] t/d=693.500 | task1=2.439964e-01 | |m1|=0.990844 | m1²=0.981771 | ||w||²/d=1.294848 | eps_adapter=6.727066e-02 | residual_overlap=0.014688
[step    69400] t/d=694.000 | task1=2.439398e-01 | |m1|=0.990826 | m1²=0.981737 | ||w||²/d=1.293719 | eps_adapter=6.699423e-02 | residual_overlap=0.014730
[step    69450] t/d=694.500 | task1=2.439391e-01 | |m1|=0.990810 | m1²=0.981704 | ||w||²/d=1.295027 | eps_adapter=6.748388e-02 | residual_overlap=0.014785
[step    69500] t/d=695.000 | task1=2.439232e-01 | |m1|=0.990921 | m1²=0.981925 | ||w||²/d=1.295397 | eps_adapter=6.708731e-02 | residual_overlap=0.014581
[step    69550] t/d=695.500 | task1=2.439619e-01 | |m1|=0.990880 | m1²=0.981842 | ||w||²/d=1.296857 | eps_adapter=6.774355e-02 | residual_overlap=0.014564
[step    69600] t/d=696.000 | task1=2.439772e-01 | |m1|=0.990902 | m1²=0.981886 | ||w||²/d=1.293808 | eps_adapter=6.667651e-02 | residual_overlap=0.014545
[step    69650] t/d=696.500 | task1=2.439923e-01 | |m1|=0.990927 | m1²=0.981936 | ||w||²/d=1.293201 | eps_adapter=6.637248e-02 | residual_overlap=0.014493
[step    69700] t/d=697.000 | task1=2.440677e-01 | |m1|=0.990939 | m1²=0.981961 | ||w||²/d=1.295701 | eps_adapter=6.710134e-02 | residual_overlap=0.014438
[step    69750] t/d=697.500 | task1=2.440204e-01 | |m1|=0.990936 | m1²=0.981954 | ||w||²/d=1.295435 | eps_adapter=6.703191e-02 | residual_overlap=0.014523
[step    69800] t/d=698.000 | task1=2.439935e-01 | |m1|=0.990922 | m1²=0.981926 | ||w||²/d=1.296221 | eps_adapter=6.734619e-02 | residual_overlap=0.014538
[step    69850] t/d=698.500 | task1=2.439523e-01 | |m1|=0.991064 | m1²=0.982208 | ||w||²/d=1.296581 | eps_adapter=6.680795e-02 | residual_overlap=0.014320
[step    69900] t/d=699.000 | task1=2.439872e-01 | |m1|=0.991050 | m1²=0.982181 | ||w||²/d=1.295819 | eps_adapter=6.662832e-02 | residual_overlap=0.014349
[step    69950] t/d=699.500 | task1=2.439269e-01 | |m1|=0.991029 | m1²=0.982138 | ||w||²/d=1.294400 | eps_adapter=6.628097e-02 | residual_overlap=0.014420
[step    70000] t/d=700.000 | task1=2.439115e-01 | |m1|=0.990961 | m1²=0.982004 | ||w||²/d=1.294010 | eps_adapter=6.646879e-02 | residual_overlap=0.014536
[step    70050] t/d=700.500 | task1=2.439194e-01 | |m1|=0.990995 | m1²=0.982071 | ||w||²/d=1.296224 | eps_adapter=6.701063e-02 | residual_overlap=0.014485
[step    70100] t/d=701.000 | task1=2.439044e-01 | |m1|=0.991030 | m1²=0.982141 | ||w||²/d=1.296833 | eps_adapter=6.704351e-02 | residual_overlap=0.014445
[step    70150] t/d=701.500 | task1=2.439206e-01 | |m1|=0.991089 | m1²=0.982258 | ||w||²/d=1.297058 | eps_adapter=6.684344e-02 | residual_overlap=0.014363
[step    70200] t/d=702.000 | task1=2.439354e-01 | |m1|=0.991054 | m1²=0.982188 | ||w||²/d=1.298807 | eps_adapter=6.756571e-02 | residual_overlap=0.014377
[step    70250] t/d=702.500 | task1=2.439445e-01 | |m1|=0.991021 | m1²=0.982122 | ||w||²/d=1.300544 | eps_adapter=6.827800e-02 | residual_overlap=0.014467
[step    70300] t/d=703.000 | task1=2.439223e-01 | |m1|=0.990995 | m1²=0.982072 | ||w||²/d=1.303176 | eps_adapter=6.925469e-02 | residual_overlap=0.014467
[step    70350] t/d=703.500 | task1=2.439318e-01 | |m1|=0.990886 | m1²=0.981856 | ||w||²/d=1.303105 | eps_adapter=6.973464e-02 | residual_overlap=0.014622
[step    70400] t/d=704.000 | task1=2.439493e-01 | |m1|=0.990862 | m1²=0.981807 | ||w||²/d=1.304685 | eps_adapter=7.037096e-02 | residual_overlap=0.014621
[step    70450] t/d=704.500 | task1=2.440303e-01 | |m1|=0.990738 | m1²=0.981561 | ||w||²/d=1.305047 | eps_adapter=7.106417e-02 | residual_overlap=0.014799
[step    70500] t/d=705.000 | task1=2.440111e-01 | |m1|=0.990655 | m1²=0.981397 | ||w||²/d=1.304458 | eps_adapter=7.125227e-02 | residual_overlap=0.014904
[step    70550] t/d=705.500 | task1=2.439800e-01 | |m1|=0.990709 | m1²=0.981504 | ||w||²/d=1.302621 | eps_adapter=7.039482e-02 | residual_overlap=0.014817
[step    70600] t/d=706.000 | task1=2.439810e-01 | |m1|=0.990694 | m1²=0.981474 | ||w||²/d=1.304827 | eps_adapter=7.119565e-02 | residual_overlap=0.014863
[step    70650] t/d=706.500 | task1=2.439745e-01 | |m1|=0.990638 | m1²=0.981365 | ||w||²/d=1.304384 | eps_adapter=7.130310e-02 | residual_overlap=0.014959
[step    70700] t/d=707.000 | task1=2.439690e-01 | |m1|=0.990656 | m1²=0.981400 | ||w||²/d=1.305332 | eps_adapter=7.153548e-02 | residual_overlap=0.014917
[step    70750] t/d=707.500 | task1=2.439234e-01 | |m1|=0.990655 | m1²=0.981397 | ||w||²/d=1.305163 | eps_adapter=7.148713e-02 | residual_overlap=0.014938
[step    70800] t/d=708.000 | task1=2.439353e-01 | |m1|=0.990564 | m1²=0.981216 | ||w||²/d=1.304425 | eps_adapter=7.166294e-02 | residual_overlap=0.015074
[step    70850] t/d=708.500 | task1=2.439078e-01 | |m1|=0.990559 | m1²=0.981206 | ||w||²/d=1.304775 | eps_adapter=7.180206e-02 | residual_overlap=0.015013
[step    70900] t/d=709.000 | task1=2.438931e-01 | |m1|=0.990492 | m1²=0.981073 | ||w||²/d=1.303841 | eps_adapter=7.180228e-02 | residual_overlap=0.015101
[step    70950] t/d=709.500 | task1=2.438301e-01 | |m1|=0.990464 | m1²=0.981020 | ||w||²/d=1.303370 | eps_adapter=7.177189e-02 | residual_overlap=0.015169
[step    71000] t/d=710.000 | task1=2.438139e-01 | |m1|=0.990489 | m1²=0.981068 | ||w||²/d=1.303036 | eps_adapter=7.154935e-02 | residual_overlap=0.015116
[step    71050] t/d=710.500 | task1=2.438273e-01 | |m1|=0.990384 | m1²=0.980861 | ||w||²/d=1.304212 | eps_adapter=7.242080e-02 | residual_overlap=0.015288
[step    71100] t/d=711.000 | task1=2.438102e-01 | |m1|=0.990105 | m1²=0.980308 | ||w||²/d=1.305125 | eps_adapter=7.401590e-02 | residual_overlap=0.015759
[step    71150] t/d=711.500 | task1=2.438248e-01 | |m1|=0.990051 | m1²=0.980202 | ||w||²/d=1.304839 | eps_adapter=7.416885e-02 | residual_overlap=0.015812
[step    71200] t/d=712.000 | task1=2.438543e-01 | |m1|=0.990127 | m1²=0.980351 | ||w||²/d=1.301680 | eps_adapter=7.277273e-02 | residual_overlap=0.015699
[step    71250] t/d=712.500 | task1=2.438394e-01 | |m1|=0.990268 | m1²=0.980630 | ||w||²/d=1.300075 | eps_adapter=7.159777e-02 | residual_overlap=0.015492
[step    71300] t/d=713.000 | task1=2.438111e-01 | |m1|=0.990194 | m1²=0.980484 | ||w||²/d=1.301670 | eps_adapter=7.246009e-02 | residual_overlap=0.015598
[step    71350] t/d=713.500 | task1=2.438387e-01 | |m1|=0.990137 | m1²=0.980372 | ||w||²/d=1.300594 | eps_adapter=7.236686e-02 | residual_overlap=0.015694
[step    71400] t/d=714.000 | task1=2.438370e-01 | |m1|=0.990161 | m1²=0.980419 | ||w||²/d=1.297299 | eps_adapter=7.118730e-02 | residual_overlap=0.015633
[step    71450] t/d=714.500 | task1=2.438895e-01 | |m1|=0.990109 | m1²=0.980316 | ||w||²/d=1.298851 | eps_adapter=7.192769e-02 | residual_overlap=0.015753
[step    71500] t/d=715.000 | task1=2.438466e-01 | |m1|=0.990181 | m1²=0.980459 | ||w||²/d=1.300982 | eps_adapter=7.229082e-02 | residual_overlap=0.015699
[step    71550] t/d=715.500 | task1=2.438724e-01 | |m1|=0.990313 | m1²=0.980720 | ||w||²/d=1.299083 | eps_adapter=7.106556e-02 | residual_overlap=0.015500
[step    71600] t/d=716.000 | task1=2.438410e-01 | |m1|=0.990208 | m1²=0.980513 | ||w||²/d=1.300098 | eps_adapter=7.187772e-02 | residual_overlap=0.015659
[step    71650] t/d=716.500 | task1=2.438532e-01 | |m1|=0.990351 | m1²=0.980794 | ||w||²/d=1.298414 | eps_adapter=7.067599e-02 | residual_overlap=0.015436
[step    71700] t/d=717.000 | task1=2.439045e-01 | |m1|=0.990261 | m1²=0.980616 | ||w||²/d=1.298595 | eps_adapter=7.114774e-02 | residual_overlap=0.015572
[step    71750] t/d=717.500 | task1=2.439177e-01 | |m1|=0.990336 | m1²=0.980765 | ||w||²/d=1.298203 | eps_adapter=7.067587e-02 | residual_overlap=0.015461
[step    71800] t/d=718.000 | task1=2.439357e-01 | |m1|=0.990342 | m1²=0.980777 | ||w||²/d=1.302032 | eps_adapter=7.189573e-02 | residual_overlap=0.015392
[step    71850] t/d=718.500 | task1=2.439510e-01 | |m1|=0.990273 | m1²=0.980641 | ||w||²/d=1.298985 | eps_adapter=7.121734e-02 | residual_overlap=0.015480
[step    71900] t/d=719.000 | task1=2.439497e-01 | |m1|=0.990363 | m1²=0.980820 | ||w||²/d=1.299752 | eps_adapter=7.105094e-02 | residual_overlap=0.015325
[step    71950] t/d=719.500 | task1=2.439892e-01 | |m1|=0.990369 | m1²=0.980831 | ||w||²/d=1.300291 | eps_adapter=7.120025e-02 | residual_overlap=0.015310
[step    72000] t/d=720.000 | task1=2.439948e-01 | |m1|=0.990491 | m1²=0.981072 | ||w||²/d=1.299545 | eps_adapter=7.039670e-02 | residual_overlap=0.015146
[step    72050] t/d=720.500 | task1=2.440028e-01 | |m1|=0.990491 | m1²=0.981073 | ||w||²/d=1.298101 | eps_adapter=6.992740e-02 | residual_overlap=0.015117
[step    72100] t/d=721.000 | task1=2.439600e-01 | |m1|=0.990460 | m1²=0.981012 | ||w||²/d=1.298192 | eps_adapter=7.009926e-02 | residual_overlap=0.015179
[step    72150] t/d=721.500 | task1=2.439022e-01 | |m1|=0.990425 | m1²=0.980941 | ||w||²/d=1.297730 | eps_adapter=7.011396e-02 | residual_overlap=0.015250
[step    72200] t/d=722.000 | task1=2.439414e-01 | |m1|=0.990320 | m1²=0.980734 | ||w||²/d=1.298897 | eps_adapter=7.097245e-02 | residual_overlap=0.015424
[step    72250] t/d=722.500 | task1=2.439121e-01 | |m1|=0.990284 | m1²=0.980663 | ||w||²/d=1.298374 | eps_adapter=7.096718e-02 | residual_overlap=0.015465
[step    72300] t/d=723.000 | task1=2.439522e-01 | |m1|=0.990384 | m1²=0.980860 | ||w||²/d=1.299142 | eps_adapter=7.075957e-02 | residual_overlap=0.015350
[step    72350] t/d=723.500 | task1=2.439285e-01 | |m1|=0.990409 | m1²=0.980910 | ||w||²/d=1.299830 | eps_adapter=7.086562e-02 | residual_overlap=0.015295
[step    72400] t/d=724.000 | task1=2.439828e-01 | |m1|=0.990468 | m1²=0.981026 | ||w||²/d=1.301199 | eps_adapter=7.104245e-02 | residual_overlap=0.015215
[step    72450] t/d=724.500 | task1=2.439676e-01 | |m1|=0.990548 | m1²=0.981186 | ||w||²/d=1.303140 | eps_adapter=7.130793e-02 | residual_overlap=0.015088
[step    72500] t/d=725.000 | task1=2.439882e-01 | |m1|=0.990523 | m1²=0.981135 | ||w||²/d=1.301716 | eps_adapter=7.095837e-02 | residual_overlap=0.015100
[step    72550] t/d=725.500 | task1=2.439829e-01 | |m1|=0.990457 | m1²=0.981005 | ||w||²/d=1.301617 | eps_adapter=7.122808e-02 | residual_overlap=0.015175
[step    72600] t/d=726.000 | task1=2.440281e-01 | |m1|=0.990486 | m1²=0.981063 | ||w||²/d=1.299499 | eps_adapter=7.040370e-02 | residual_overlap=0.015096
[step    72650] t/d=726.500 | task1=2.440627e-01 | |m1|=0.990372 | m1²=0.980838 | ||w||²/d=1.297615 | eps_adapter=7.031779e-02 | residual_overlap=0.015245
[step    72700] t/d=727.000 | task1=2.440965e-01 | |m1|=0.990451 | m1²=0.980994 | ||w||²/d=1.300598 | eps_adapter=7.092137e-02 | residual_overlap=0.015160
[step    72750] t/d=727.500 | task1=2.440732e-01 | |m1|=0.990514 | m1²=0.981119 | ||w||²/d=1.299919 | eps_adapter=7.040951e-02 | residual_overlap=0.014990
[step    72800] t/d=728.000 | task1=2.441016e-01 | |m1|=0.990490 | m1²=0.981070 | ||w||²/d=1.302751 | eps_adapter=7.144992e-02 | residual_overlap=0.014988
[step    72850] t/d=728.500 | task1=2.440599e-01 | |m1|=0.990573 | m1²=0.981235 | ||w||²/d=1.303755 | eps_adapter=7.139664e-02 | residual_overlap=0.014848
[step    72900] t/d=729.000 | task1=2.440508e-01 | |m1|=0.990679 | m1²=0.981444 | ||w||²/d=1.305209 | eps_adapter=7.139178e-02 | residual_overlap=0.014736
[step    72950] t/d=729.500 | task1=2.439728e-01 | |m1|=0.990746 | m1²=0.981578 | ||w||²/d=1.304960 | eps_adapter=7.099539e-02 | residual_overlap=0.014654
[step    73000] t/d=730.000 | task1=2.438925e-01 | |m1|=0.990775 | m1²=0.981636 | ||w||²/d=1.306667 | eps_adapter=7.143029e-02 | residual_overlap=0.014551
[step    73050] t/d=730.500 | task1=2.438729e-01 | |m1|=0.990764 | m1²=0.981613 | ||w||²/d=1.308255 | eps_adapter=7.201749e-02 | residual_overlap=0.014545
[step    73100] t/d=731.000 | task1=2.438710e-01 | |m1|=0.990815 | m1²=0.981714 | ||w||²/d=1.307026 | eps_adapter=7.136723e-02 | residual_overlap=0.014513
[step    73150] t/d=731.500 | task1=2.438336e-01 | |m1|=0.990918 | m1²=0.981918 | ||w||²/d=1.306556 | eps_adapter=7.073402e-02 | residual_overlap=0.014369
[step    73200] t/d=732.000 | task1=2.438466e-01 | |m1|=0.991031 | m1²=0.982143 | ||w||²/d=1.305806 | eps_adapter=6.995861e-02 | residual_overlap=0.014195
[step    73250] t/d=732.500 | task1=2.438620e-01 | |m1|=0.990971 | m1²=0.982023 | ||w||²/d=1.305941 | eps_adapter=7.028223e-02 | residual_overlap=0.014250
[step    73300] t/d=733.000 | task1=2.438103e-01 | |m1|=0.990980 | m1²=0.982042 | ||w||²/d=1.305660 | eps_adapter=7.014627e-02 | residual_overlap=0.014324
[step    73350] t/d=733.500 | task1=2.438363e-01 | |m1|=0.991095 | m1²=0.982269 | ||w||²/d=1.305719 | eps_adapter=6.963472e-02 | residual_overlap=0.014122
[step    73400] t/d=734.000 | task1=2.438605e-01 | |m1|=0.991093 | m1²=0.982266 | ||w||²/d=1.307390 | eps_adapter=7.019954e-02 | residual_overlap=0.014086
[step    73450] t/d=734.500 | task1=2.438424e-01 | |m1|=0.990996 | m1²=0.982072 | ||w||²/d=1.306507 | eps_adapter=7.035711e-02 | residual_overlap=0.014163
[step    73500] t/d=735.000 | task1=2.438275e-01 | |m1|=0.991029 | m1²=0.982139 | ||w||²/d=1.305713 | eps_adapter=6.993621e-02 | residual_overlap=0.014157
[step    73550] t/d=735.500 | task1=2.437994e-01 | |m1|=0.991026 | m1²=0.982132 | ||w||²/d=1.306134 | eps_adapter=7.009392e-02 | residual_overlap=0.014146
[step    73600] t/d=736.000 | task1=2.437690e-01 | |m1|=0.990991 | m1²=0.982064 | ||w||²/d=1.305703 | eps_adapter=7.010911e-02 | residual_overlap=0.014160
[step    73650] t/d=736.500 | task1=2.437791e-01 | |m1|=0.990949 | m1²=0.981981 | ||w||²/d=1.304624 | eps_adapter=6.994461e-02 | residual_overlap=0.014196
[step    73700] t/d=737.000 | task1=2.437976e-01 | |m1|=0.991080 | m1²=0.982240 | ||w||²/d=1.305126 | eps_adapter=6.950653e-02 | residual_overlap=0.013986
[step    73750] t/d=737.500 | task1=2.437087e-01 | |m1|=0.991199 | m1²=0.982476 | ||w||²/d=1.307235 | eps_adapter=6.965574e-02 | residual_overlap=0.013853
[step    73800] t/d=738.000 | task1=2.436754e-01 | |m1|=0.991160 | m1²=0.982397 | ||w||²/d=1.308511 | eps_adapter=7.026842e-02 | residual_overlap=0.013910
[step    73850] t/d=738.500 | task1=2.436120e-01 | |m1|=0.991051 | m1²=0.982182 | ||w||²/d=1.308383 | eps_adapter=7.072944e-02 | residual_overlap=0.014110
[step    73900] t/d=739.000 | task1=2.436229e-01 | |m1|=0.991078 | m1²=0.982236 | ||w||²/d=1.307487 | eps_adapter=7.030158e-02 | residual_overlap=0.014077
[step    73950] t/d=739.500 | task1=2.436932e-01 | |m1|=0.991103 | m1²=0.982285 | ||w||²/d=1.307636 | eps_adapter=7.023694e-02 | residual_overlap=0.014118
[step    74000] t/d=740.000 | task1=2.436858e-01 | |m1|=0.991072 | m1²=0.982224 | ||w||²/d=1.308177 | eps_adapter=7.056198e-02 | residual_overlap=0.014159
[step    74050] t/d=740.500 | task1=2.436888e-01 | |m1|=0.991070 | m1²=0.982219 | ||w||²/d=1.307594 | eps_adapter=7.037791e-02 | residual_overlap=0.014160
[step    74100] t/d=741.000 | task1=2.436562e-01 | |m1|=0.991051 | m1²=0.982181 | ||w||²/d=1.307454 | eps_adapter=7.041864e-02 | residual_overlap=0.014263
[step    74150] t/d=741.500 | task1=2.437070e-01 | |m1|=0.991101 | m1²=0.982280 | ||w||²/d=1.304746 | eps_adapter=6.928575e-02 | residual_overlap=0.014197
[step    74200] t/d=742.000 | task1=2.437223e-01 | |m1|=0.991079 | m1²=0.982237 | ||w||²/d=1.303028 | eps_adapter=6.882153e-02 | residual_overlap=0.014239
[step    74250] t/d=742.500 | task1=2.436704e-01 | |m1|=0.991145 | m1²=0.982369 | ||w||²/d=1.303454 | eps_adapter=6.865263e-02 | residual_overlap=0.014145
[step    74300] t/d=743.000 | task1=2.436451e-01 | |m1|=0.991028 | m1²=0.982136 | ||w||²/d=1.306161 | eps_adapter=7.009151e-02 | residual_overlap=0.014352
[step    74350] t/d=743.500 | task1=2.436386e-01 | |m1|=0.990926 | m1²=0.981935 | ||w||²/d=1.307329 | eps_adapter=7.095246e-02 | residual_overlap=0.014499
[step    74400] t/d=744.000 | task1=2.436647e-01 | |m1|=0.990833 | m1²=0.981750 | ||w||²/d=1.307587 | eps_adapter=7.147121e-02 | residual_overlap=0.014608
[step    74450] t/d=744.500 | task1=2.436704e-01 | |m1|=0.990793 | m1²=0.981671 | ||w||²/d=1.310963 | eps_adapter=7.280154e-02 | residual_overlap=0.014703
[step    74500] t/d=745.000 | task1=2.436895e-01 | |m1|=0.990738 | m1²=0.981562 | ||w||²/d=1.313978 | eps_adapter=7.409601e-02 | residual_overlap=0.014767
[step    74550] t/d=745.500 | task1=2.436568e-01 | |m1|=0.990707 | m1²=0.981500 | ||w||²/d=1.312131 | eps_adapter=7.360269e-02 | residual_overlap=0.014803
[step    74600] t/d=746.000 | task1=2.437231e-01 | |m1|=0.990902 | m1²=0.981886 | ||w||²/d=1.310677 | eps_adapter=7.219899e-02 | residual_overlap=0.014492
[step    74650] t/d=746.500 | task1=2.437145e-01 | |m1|=0.990883 | m1²=0.981850 | ||w||²/d=1.309597 | eps_adapter=7.191736e-02 | residual_overlap=0.014503
[step    74700] t/d=747.000 | task1=2.436975e-01 | |m1|=0.990770 | m1²=0.981626 | ||w||²/d=1.310542 | eps_adapter=7.276424e-02 | residual_overlap=0.014618
[step    74750] t/d=747.500 | task1=2.437044e-01 | |m1|=0.990820 | m1²=0.981724 | ||w||²/d=1.311672 | eps_adapter=7.292023e-02 | residual_overlap=0.014533
[step    74800] t/d=748.000 | task1=2.437220e-01 | |m1|=0.990819 | m1²=0.981723 | ||w||²/d=1.310685 | eps_adapter=7.258561e-02 | residual_overlap=0.014552
[step    74850] t/d=748.500 | task1=2.437346e-01 | |m1|=0.990763 | m1²=0.981611 | ||w||²/d=1.309728 | eps_adapter=7.252052e-02 | residual_overlap=0.014674
[step    74900] t/d=749.000 | task1=2.436527e-01 | |m1|=0.990762 | m1²=0.981609 | ||w||²/d=1.307876 | eps_adapter=7.189989e-02 | residual_overlap=0.014658
[step    74950] t/d=749.500 | task1=2.436881e-01 | |m1|=0.990848 | m1²=0.981779 | ||w||²/d=1.308986 | eps_adapter=7.187542e-02 | residual_overlap=0.014506
[step    75000] t/d=750.000 | task1=2.436591e-01 | |m1|=0.990676 | m1²=0.981440 | ||w||²/d=1.307533 | eps_adapter=7.217945e-02 | residual_overlap=0.014712
[step    75050] t/d=750.500 | task1=2.436889e-01 | |m1|=0.990489 | m1²=0.981068 | ||w||²/d=1.306604 | eps_adapter=7.273704e-02 | residual_overlap=0.015023
[step    75100] t/d=751.000 | task1=2.436989e-01 | |m1|=0.990594 | m1²=0.981277 | ||w||²/d=1.306276 | eps_adapter=7.213856e-02 | residual_overlap=0.014853
[step    75150] t/d=751.500 | task1=2.436927e-01 | |m1|=0.990641 | m1²=0.981369 | ||w||²/d=1.309534 | eps_adapter=7.302178e-02 | residual_overlap=0.014756
[step    75200] t/d=752.000 | task1=2.436768e-01 | |m1|=0.990495 | m1²=0.981080 | ||w||²/d=1.309406 | eps_adapter=7.365578e-02 | residual_overlap=0.015004
[step    75250] t/d=752.500 | task1=2.437078e-01 | |m1|=0.990472 | m1²=0.981036 | ||w||²/d=1.310820 | eps_adapter=7.424276e-02 | residual_overlap=0.015039
[step    75300] t/d=753.000 | task1=2.436921e-01 | |m1|=0.990491 | m1²=0.981072 | ||w||²/d=1.310671 | eps_adapter=7.410737e-02 | residual_overlap=0.015052
[step    75350] t/d=753.500 | task1=2.436614e-01 | |m1|=0.990528 | m1²=0.981146 | ||w||²/d=1.310993 | eps_adapter=7.404309e-02 | residual_overlap=0.015041
[step    75400] t/d=754.000 | task1=2.436836e-01 | |m1|=0.990510 | m1²=0.981110 | ||w||²/d=1.310574 | eps_adapter=7.398459e-02 | residual_overlap=0.015070
[step    75450] t/d=754.500 | task1=2.436988e-01 | |m1|=0.990526 | m1²=0.981141 | ||w||²/d=1.312444 | eps_adapter=7.455319e-02 | residual_overlap=0.015113
[step    75500] t/d=755.000 | task1=2.437020e-01 | |m1|=0.990525 | m1²=0.981139 | ||w||²/d=1.314311 | eps_adapter=7.520447e-02 | residual_overlap=0.015156
[step    75550] t/d=755.500 | task1=2.437017e-01 | |m1|=0.990461 | m1²=0.981012 | ||w||²/d=1.315966 | eps_adapter=7.608173e-02 | residual_overlap=0.015211
[step    75600] t/d=756.000 | task1=2.437099e-01 | |m1|=0.990495 | m1²=0.981080 | ||w||²/d=1.315900 | eps_adapter=7.589913e-02 | residual_overlap=0.015132
[step    75650] t/d=756.500 | task1=2.437246e-01 | |m1|=0.990484 | m1²=0.981059 | ||w||²/d=1.317382 | eps_adapter=7.646982e-02 | residual_overlap=0.015116
[step    75700] t/d=757.000 | task1=2.437762e-01 | |m1|=0.990408 | m1²=0.980908 | ||w||²/d=1.317178 | eps_adapter=7.675337e-02 | residual_overlap=0.015202
[step    75750] t/d=757.500 | task1=2.437780e-01 | |m1|=0.990494 | m1²=0.981079 | ||w||²/d=1.316507 | eps_adapter=7.611505e-02 | residual_overlap=0.015050
[step    75800] t/d=758.000 | task1=2.437971e-01 | |m1|=0.990409 | m1²=0.980911 | ||w||²/d=1.313723 | eps_adapter=7.553750e-02 | residual_overlap=0.015156
[step    75850] t/d=758.500 | task1=2.437800e-01 | |m1|=0.990519 | m1²=0.981128 | ||w||²/d=1.313711 | eps_adapter=7.502165e-02 | residual_overlap=0.015056
[step    75900] t/d=759.000 | task1=2.436567e-01 | |m1|=0.990469 | m1²=0.981029 | ||w||²/d=1.313170 | eps_adapter=7.506745e-02 | residual_overlap=0.015232
[step    75950] t/d=759.500 | task1=2.436797e-01 | |m1|=0.990560 | m1²=0.981210 | ||w||²/d=1.311091 | eps_adapter=7.392723e-02 | residual_overlap=0.015120
[step    76000] t/d=760.000 | task1=2.436832e-01 | |m1|=0.990512 | m1²=0.981115 | ||w||²/d=1.311056 | eps_adapter=7.413815e-02 | residual_overlap=0.015158
[step    76050] t/d=760.500 | task1=2.436874e-01 | |m1|=0.990460 | m1²=0.981010 | ||w||²/d=1.310323 | eps_adapter=7.413239e-02 | residual_overlap=0.015231
[step    76100] t/d=761.000 | task1=2.436875e-01 | |m1|=0.990521 | m1²=0.981131 | ||w||²/d=1.312449 | eps_adapter=7.457872e-02 | residual_overlap=0.015121
[step    76150] t/d=761.500 | task1=2.437146e-01 | |m1|=0.990491 | m1²=0.981072 | ||w||²/d=1.309746 | eps_adapter=7.379046e-02 | residual_overlap=0.015153
[step    76200] t/d=762.000 | task1=2.437098e-01 | |m1|=0.990573 | m1²=0.981235 | ||w||²/d=1.309856 | eps_adapter=7.344610e-02 | residual_overlap=0.015064
[step    76250] t/d=762.500 | task1=2.437321e-01 | |m1|=0.990565 | m1²=0.981220 | ||w||²/d=1.309159 | eps_adapter=7.324407e-02 | residual_overlap=0.015106
[step    76300] t/d=763.000 | task1=2.437272e-01 | |m1|=0.990635 | m1²=0.981358 | ||w||²/d=1.309180 | eps_adapter=7.292847e-02 | residual_overlap=0.014961
[step    76350] t/d=763.500 | task1=2.437636e-01 | |m1|=0.990774 | m1²=0.981633 | ||w||²/d=1.308358 | eps_adapter=7.200541e-02 | residual_overlap=0.014718
[step    76400] t/d=764.000 | task1=2.437776e-01 | |m1|=0.990730 | m1²=0.981545 | ||w||²/d=1.307408 | eps_adapter=7.189061e-02 | residual_overlap=0.014765
[step    76450] t/d=764.500 | task1=2.438132e-01 | |m1|=0.990752 | m1²=0.981589 | ||w||²/d=1.308368 | eps_adapter=7.211225e-02 | residual_overlap=0.014689
[step    76500] t/d=765.000 | task1=2.438506e-01 | |m1|=0.990754 | m1²=0.981594 | ||w||²/d=1.307377 | eps_adapter=7.176736e-02 | residual_overlap=0.014657
[step    76550] t/d=765.500 | task1=2.438641e-01 | |m1|=0.990823 | m1²=0.981730 | ||w||²/d=1.309718 | eps_adapter=7.224003e-02 | residual_overlap=0.014532
[step    76600] t/d=766.000 | task1=2.438553e-01 | |m1|=0.990869 | m1²=0.981821 | ||w||²/d=1.309682 | eps_adapter=7.201446e-02 | residual_overlap=0.014441
[step    76650] t/d=766.500 | task1=2.438672e-01 | |m1|=0.990907 | m1²=0.981897 | ||w||²/d=1.311177 | eps_adapter=7.234456e-02 | residual_overlap=0.014372
[step    76700] t/d=767.000 | task1=2.438993e-01 | |m1|=0.991024 | m1²=0.982129 | ||w||²/d=1.309696 | eps_adapter=7.129711e-02 | residual_overlap=0.014136
[step    76750] t/d=767.500 | task1=2.439531e-01 | |m1|=0.990890 | m1²=0.981863 | ||w||²/d=1.312752 | eps_adapter=7.296414e-02 | residual_overlap=0.014342
[step    76800] t/d=768.000 | task1=2.439360e-01 | |m1|=0.990750 | m1²=0.981586 | ||w||²/d=1.311367 | eps_adapter=7.313898e-02 | residual_overlap=0.014477
[step    76850] t/d=768.500 | task1=2.439341e-01 | |m1|=0.990723 | m1²=0.981533 | ||w||²/d=1.311588 | eps_adapter=7.333966e-02 | residual_overlap=0.014459
[step    76900] t/d=769.000 | task1=2.440196e-01 | |m1|=0.990711 | m1²=0.981508 | ||w||²/d=1.309152 | eps_adapter=7.256708e-02 | residual_overlap=0.014450
[step    76950] t/d=769.500 | task1=2.440047e-01 | |m1|=0.990639 | m1²=0.981365 | ||w||²/d=1.309921 | eps_adapter=7.316373e-02 | residual_overlap=0.014519
[step    77000] t/d=770.000 | task1=2.439689e-01 | |m1|=0.990669 | m1²=0.981424 | ||w||²/d=1.310248 | eps_adapter=7.313613e-02 | residual_overlap=0.014461
[step    77050] t/d=770.500 | task1=2.439592e-01 | |m1|=0.990649 | m1²=0.981386 | ||w||²/d=1.310071 | eps_adapter=7.316434e-02 | residual_overlap=0.014465
[step    77100] t/d=771.000 | task1=2.439480e-01 | |m1|=0.990718 | m1²=0.981522 | ||w||²/d=1.311025 | eps_adapter=7.317215e-02 | residual_overlap=0.014390
[step    77150] t/d=771.500 | task1=2.439678e-01 | |m1|=0.990730 | m1²=0.981545 | ||w||²/d=1.310521 | eps_adapter=7.294559e-02 | residual_overlap=0.014370
[step    77200] t/d=772.000 | task1=2.439561e-01 | |m1|=0.990771 | m1²=0.981627 | ||w||²/d=1.309958 | eps_adapter=7.256302e-02 | residual_overlap=0.014289
[step    77250] t/d=772.500 | task1=2.439562e-01 | |m1|=0.990662 | m1²=0.981412 | ||w||²/d=1.309954 | eps_adapter=7.306542e-02 | residual_overlap=0.014484
[step    77300] t/d=773.000 | task1=2.439737e-01 | |m1|=0.990662 | m1²=0.981410 | ||w||²/d=1.307892 | eps_adapter=7.236965e-02 | residual_overlap=0.014499
[step    77350] t/d=773.500 | task1=2.439791e-01 | |m1|=0.990699 | m1²=0.981484 | ||w||²/d=1.308333 | eps_adapter=7.234689e-02 | residual_overlap=0.014451
[step    77400] t/d=774.000 | task1=2.440172e-01 | |m1|=0.990689 | m1²=0.981464 | ||w||²/d=1.306918 | eps_adapter=7.191680e-02 | residual_overlap=0.014477
[step    77450] t/d=774.500 | task1=2.440169e-01 | |m1|=0.990717 | m1²=0.981521 | ||w||²/d=1.306012 | eps_adapter=7.148046e-02 | residual_overlap=0.014393
[step    77500] t/d=775.000 | task1=2.440450e-01 | |m1|=0.990735 | m1²=0.981556 | ||w||²/d=1.307522 | eps_adapter=7.190396e-02 | residual_overlap=0.014377
[step    77550] t/d=775.500 | task1=2.440935e-01 | |m1|=0.990628 | m1²=0.981343 | ||w||²/d=1.309647 | eps_adapter=7.312129e-02 | residual_overlap=0.014500
[step    77600] t/d=776.000 | task1=2.440710e-01 | |m1|=0.990534 | m1²=0.981157 | ||w||²/d=1.312182 | eps_adapter=7.442639e-02 | residual_overlap=0.014721
[step    77650] t/d=776.500 | task1=2.440319e-01 | |m1|=0.990539 | m1²=0.981168 | ||w||²/d=1.311317 | eps_adapter=7.410171e-02 | residual_overlap=0.014727
[step    77700] t/d=777.000 | task1=2.440187e-01 | |m1|=0.990497 | m1²=0.981085 | ||w||²/d=1.309805 | eps_adapter=7.378120e-02 | residual_overlap=0.014831
[step    77750] t/d=777.500 | task1=2.440379e-01 | |m1|=0.990478 | m1²=0.981048 | ||w||²/d=1.308255 | eps_adapter=7.334102e-02 | residual_overlap=0.014814
[step    77800] t/d=778.000 | task1=2.440477e-01 | |m1|=0.990421 | m1²=0.980935 | ||w||²/d=1.306064 | eps_adapter=7.286753e-02 | residual_overlap=0.014902
[step    77850] t/d=778.500 | task1=2.440222e-01 | |m1|=0.990342 | m1²=0.980777 | ||w||²/d=1.307024 | eps_adapter=7.355926e-02 | residual_overlap=0.014996
[step    77900] t/d=779.000 | task1=2.439915e-01 | |m1|=0.990450 | m1²=0.980992 | ||w||²/d=1.305986 | eps_adapter=7.270690e-02 | residual_overlap=0.014795
[step    77950] t/d=779.500 | task1=2.439651e-01 | |m1|=0.990381 | m1²=0.980854 | ||w||²/d=1.304301 | eps_adapter=7.246759e-02 | residual_overlap=0.014902
[step    78000] t/d=780.000 | task1=2.439605e-01 | |m1|=0.990498 | m1²=0.981087 | ||w||²/d=1.304835 | eps_adapter=7.210093e-02 | residual_overlap=0.014768
[step    78050] t/d=780.500 | task1=2.439633e-01 | |m1|=0.990576 | m1²=0.981241 | ||w||²/d=1.305767 | eps_adapter=7.205110e-02 | residual_overlap=0.014662
[step    78100] t/d=781.000 | task1=2.439942e-01 | |m1|=0.990513 | m1²=0.981116 | ||w||²/d=1.306882 | eps_adapter=7.271678e-02 | residual_overlap=0.014757
[step    78150] t/d=781.500 | task1=2.439735e-01 | |m1|=0.990390 | m1²=0.980872 | ||w||²/d=1.307174 | eps_adapter=7.338644e-02 | residual_overlap=0.014977
[step    78200] t/d=782.000 | task1=2.439736e-01 | |m1|=0.990441 | m1²=0.980974 | ||w||²/d=1.308621 | eps_adapter=7.363671e-02 | residual_overlap=0.014948
[step    78250] t/d=782.500 | task1=2.439941e-01 | |m1|=0.990476 | m1²=0.981042 | ||w||²/d=1.306521 | eps_adapter=7.276973e-02 | residual_overlap=0.014886
[step    78300] t/d=783.000 | task1=2.440115e-01 | |m1|=0.990578 | m1²=0.981245 | ||w||²/d=1.306457 | eps_adapter=7.227424e-02 | residual_overlap=0.014684
[step    78350] t/d=783.500 | task1=2.439709e-01 | |m1|=0.990692 | m1²=0.981471 | ||w||²/d=1.306522 | eps_adapter=7.176683e-02 | residual_overlap=0.014478
[step    78400] t/d=784.000 | task1=2.439567e-01 | |m1|=0.990669 | m1²=0.981425 | ||w||²/d=1.304967 | eps_adapter=7.135683e-02 | residual_overlap=0.014546
[step    78450] t/d=784.500 | task1=2.439709e-01 | |m1|=0.990791 | m1²=0.981667 | ||w||²/d=1.306394 | eps_adapter=7.126670e-02 | residual_overlap=0.014350
[step    78500] t/d=785.000 | task1=2.439742e-01 | |m1|=0.990981 | m1²=0.982043 | ||w||²/d=1.305760 | eps_adapter=7.017723e-02 | residual_overlap=0.014045
[step    78550] t/d=785.500 | task1=2.439869e-01 | |m1|=0.990987 | m1²=0.982054 | ||w||²/d=1.304152 | eps_adapter=6.961669e-02 | residual_overlap=0.014037
[step    78600] t/d=786.000 | task1=2.439792e-01 | |m1|=0.990997 | m1²=0.982076 | ||w||²/d=1.306378 | eps_adapter=7.030524e-02 | residual_overlap=0.014011
[step    78650] t/d=786.500 | task1=2.440276e-01 | |m1|=0.990972 | m1²=0.982026 | ||w||²/d=1.305207 | eps_adapter=7.003108e-02 | residual_overlap=0.014003
[step    78700] t/d=787.000 | task1=2.440637e-01 | |m1|=0.990997 | m1²=0.982074 | ||w||²/d=1.304587 | eps_adapter=6.971384e-02 | residual_overlap=0.013907
[step    78750] t/d=787.500 | task1=2.440779e-01 | |m1|=0.991006 | m1²=0.982093 | ||w||²/d=1.304152 | eps_adapter=6.952638e-02 | residual_overlap=0.013923
[step    78800] t/d=788.000 | task1=2.440933e-01 | |m1|=0.991017 | m1²=0.982115 | ||w||²/d=1.303975 | eps_adapter=6.941762e-02 | residual_overlap=0.013878
[step    78850] t/d=788.500 | task1=2.440724e-01 | |m1|=0.990968 | m1²=0.982018 | ||w||²/d=1.305339 | eps_adapter=7.009539e-02 | residual_overlap=0.013947
[step    78900] t/d=789.000 | task1=2.440743e-01 | |m1|=0.990984 | m1²=0.982049 | ||w||²/d=1.305241 | eps_adapter=6.999023e-02 | residual_overlap=0.013932
[step    78950] t/d=789.500 | task1=2.440226e-01 | |m1|=0.991126 | m1²=0.982330 | ||w||²/d=1.306775 | eps_adapter=6.984317e-02 | residual_overlap=0.013724
[step    79000] t/d=790.000 | task1=2.440968e-01 | |m1|=0.991231 | m1²=0.982540 | ||w||²/d=1.306267 | eps_adapter=6.918428e-02 | residual_overlap=0.013551
[step    79050] t/d=790.500 | task1=2.441457e-01 | |m1|=0.991320 | m1²=0.982715 | ||w||²/d=1.307825 | eps_adapter=6.929542e-02 | residual_overlap=0.013392
[step    79100] t/d=791.000 | task1=2.442045e-01 | |m1|=0.991356 | m1²=0.982787 | ||w||²/d=1.306769 | eps_adapter=6.877394e-02 | residual_overlap=0.013299
[step    79150] t/d=791.500 | task1=2.441831e-01 | |m1|=0.991292 | m1²=0.982659 | ||w||²/d=1.307237 | eps_adapter=6.922847e-02 | residual_overlap=0.013454
[step    79200] t/d=792.000 | task1=2.442501e-01 | |m1|=0.991137 | m1²=0.982353 | ||w||²/d=1.305750 | eps_adapter=6.944814e-02 | residual_overlap=0.013593
[step    79250] t/d=792.500 | task1=2.442332e-01 | |m1|=0.991150 | m1²=0.982378 | ||w||²/d=1.303830 | eps_adapter=6.875489e-02 | residual_overlap=0.013562
[step    79300] t/d=793.000 | task1=2.442343e-01 | |m1|=0.991090 | m1²=0.982260 | ||w||²/d=1.304237 | eps_adapter=6.916438e-02 | residual_overlap=0.013607
[step    79350] t/d=793.500 | task1=2.442256e-01 | |m1|=0.991108 | m1²=0.982294 | ||w||²/d=1.304476 | eps_adapter=6.916417e-02 | residual_overlap=0.013569
[step    79400] t/d=794.000 | task1=2.442278e-01 | |m1|=0.991123 | m1²=0.982325 | ||w||²/d=1.304989 | eps_adapter=6.926160e-02 | residual_overlap=0.013567
[step    79450] t/d=794.500 | task1=2.442605e-01 | |m1|=0.991149 | m1²=0.982377 | ||w||²/d=1.306602 | eps_adapter=6.967615e-02 | residual_overlap=0.013501
[step    79500] t/d=795.000 | task1=2.442577e-01 | |m1|=0.991160 | m1²=0.982398 | ||w||²/d=1.306295 | eps_adapter=6.952487e-02 | residual_overlap=0.013504
[step    79550] t/d=795.500 | task1=2.441992e-01 | |m1|=0.991199 | m1²=0.982476 | ||w||²/d=1.306339 | eps_adapter=6.935668e-02 | residual_overlap=0.013451
[step    79600] t/d=796.000 | task1=2.442332e-01 | |m1|=0.991267 | m1²=0.982610 | ||w||²/d=1.308283 | eps_adapter=6.969351e-02 | residual_overlap=0.013256
[step    79650] t/d=796.500 | task1=2.441957e-01 | |m1|=0.991152 | m1²=0.982383 | ||w||²/d=1.309119 | eps_adapter=7.050638e-02 | residual_overlap=0.013458
[step    79700] t/d=797.000 | task1=2.442482e-01 | |m1|=0.991011 | m1²=0.982103 | ||w||²/d=1.308615 | eps_adapter=7.099210e-02 | residual_overlap=0.013679
[step    79750] t/d=797.500 | task1=2.442615e-01 | |m1|=0.990976 | m1²=0.982033 | ||w||²/d=1.306822 | eps_adapter=7.055462e-02 | residual_overlap=0.013663
[step    79800] t/d=798.000 | task1=2.443179e-01 | |m1|=0.991122 | m1²=0.982323 | ||w||²/d=1.304919 | eps_adapter=6.924282e-02 | residual_overlap=0.013389
[step    79850] t/d=798.500 | task1=2.443122e-01 | |m1|=0.991180 | m1²=0.982437 | ||w||²/d=1.305426 | eps_adapter=6.914409e-02 | residual_overlap=0.013260
[step    79900] t/d=799.000 | task1=2.443126e-01 | |m1|=0.991169 | m1²=0.982416 | ||w||²/d=1.305079 | eps_adapter=6.908019e-02 | residual_overlap=0.013266
[step    79950] t/d=799.500 | task1=2.442503e-01 | |m1|=0.991171 | m1²=0.982421 | ||w||²/d=1.304579 | eps_adapter=6.890268e-02 | residual_overlap=0.013310
[step    80000] t/d=800.000 | task1=2.442377e-01 | |m1|=0.991165 | m1²=0.982407 | ||w||²/d=1.305026 | eps_adapter=6.908205e-02 | residual_overlap=0.013317
[step    80050] t/d=800.500 | task1=2.442798e-01 | |m1|=0.991182 | m1²=0.982442 | ||w||²/d=1.308071 | eps_adapter=7.001576e-02 | residual_overlap=0.013244
[step    80100] t/d=801.000 | task1=2.442545e-01 | |m1|=0.991157 | m1²=0.982393 | ||w||²/d=1.309628 | eps_adapter=7.065579e-02 | residual_overlap=0.013297
[step    80150] t/d=801.500 | task1=2.442886e-01 | |m1|=0.991181 | m1²=0.982439 | ||w||²/d=1.310275 | eps_adapter=7.076589e-02 | residual_overlap=0.013297
[step    80200] t/d=802.000 | task1=2.443093e-01 | |m1|=0.991264 | m1²=0.982605 | ||w||²/d=1.310660 | eps_adapter=7.050781e-02 | residual_overlap=0.013187
[step    80250] t/d=802.500 | task1=2.443329e-01 | |m1|=0.991296 | m1²=0.982668 | ||w||²/d=1.311061 | eps_adapter=7.049557e-02 | residual_overlap=0.013074
[step    80300] t/d=803.000 | task1=2.443601e-01 | |m1|=0.991299 | m1²=0.982673 | ||w||²/d=1.312121 | eps_adapter=7.084674e-02 | residual_overlap=0.013074
[step    80350] t/d=803.500 | task1=2.444113e-01 | |m1|=0.991281 | m1²=0.982637 | ||w||²/d=1.313458 | eps_adapter=7.138896e-02 | residual_overlap=0.012968
[step    80400] t/d=804.000 | task1=2.443497e-01 | |m1|=0.991198 | m1²=0.982473 | ||w||²/d=1.311254 | eps_adapter=7.101873e-02 | residual_overlap=0.013105
[step    80450] t/d=804.500 | task1=2.442661e-01 | |m1|=0.991276 | m1²=0.982627 | ||w||²/d=1.310007 | eps_adapter=7.023406e-02 | residual_overlap=0.013117
[step    80500] t/d=805.000 | task1=2.442602e-01 | |m1|=0.991180 | m1²=0.982438 | ||w||²/d=1.310563 | eps_adapter=7.086770e-02 | residual_overlap=0.013321
[step    80550] t/d=805.500 | task1=2.442715e-01 | |m1|=0.991200 | m1²=0.982477 | ||w||²/d=1.308503 | eps_adapter=7.007776e-02 | residual_overlap=0.013281
[step    80600] t/d=806.000 | task1=2.442376e-01 | |m1|=0.991239 | m1²=0.982554 | ||w||²/d=1.307148 | eps_adapter=6.944400e-02 | residual_overlap=0.013280
[step    80650] t/d=806.500 | task1=2.442460e-01 | |m1|=0.991292 | m1²=0.982660 | ||w||²/d=1.307263 | eps_adapter=6.923417e-02 | residual_overlap=0.013226
[step    80700] t/d=807.000 | task1=2.442679e-01 | |m1|=0.991237 | m1²=0.982550 | ||w||²/d=1.308345 | eps_adapter=6.985395e-02 | residual_overlap=0.013301
[step    80750] t/d=807.500 | task1=2.442853e-01 | |m1|=0.991324 | m1²=0.982724 | ||w||²/d=1.307639 | eps_adapter=6.921146e-02 | residual_overlap=0.013225
[step    80800] t/d=808.000 | task1=2.443364e-01 | |m1|=0.991304 | m1²=0.982683 | ||w||²/d=1.308134 | eps_adapter=6.947273e-02 | residual_overlap=0.013319
[step    80850] t/d=808.500 | task1=2.443013e-01 | |m1|=0.991304 | m1²=0.982684 | ||w||²/d=1.309896 | eps_adapter=7.006483e-02 | residual_overlap=0.013372
[step    80900] t/d=809.000 | task1=2.442797e-01 | |m1|=0.991379 | m1²=0.982832 | ||w||²/d=1.309104 | eps_adapter=6.945016e-02 | residual_overlap=0.013268
[step    80950] t/d=809.500 | task1=2.442935e-01 | |m1|=0.991219 | m1²=0.982516 | ||w||²/d=1.309335 | eps_adapter=7.026825e-02 | residual_overlap=0.013468
[step    81000] t/d=810.000 | task1=2.442988e-01 | |m1|=0.991455 | m1²=0.982983 | ||w||²/d=1.310483 | eps_adapter=6.956142e-02 | residual_overlap=0.013080
[step    81050] t/d=810.500 | task1=2.442975e-01 | |m1|=0.991308 | m1²=0.982691 | ||w||²/d=1.309930 | eps_adapter=7.005932e-02 | residual_overlap=0.013267
[step    81100] t/d=811.000 | task1=2.443245e-01 | |m1|=0.991397 | m1²=0.982869 | ||w||²/d=1.310887 | eps_adapter=6.996700e-02 | residual_overlap=0.013119
[step    81150] t/d=811.500 | task1=2.443229e-01 | |m1|=0.991427 | m1²=0.982928 | ||w||²/d=1.310155 | eps_adapter=6.957975e-02 | residual_overlap=0.013088
[step    81200] t/d=812.000 | task1=2.443708e-01 | |m1|=0.991300 | m1²=0.982676 | ||w||²/d=1.310990 | eps_adapter=7.045252e-02 | residual_overlap=0.013273
[step    81250] t/d=812.500 | task1=2.443735e-01 | |m1|=0.991367 | m1²=0.982809 | ||w||²/d=1.310346 | eps_adapter=6.992220e-02 | residual_overlap=0.013140
[step    81300] t/d=813.000 | task1=2.443663e-01 | |m1|=0.991378 | m1²=0.982831 | ||w||²/d=1.308630 | eps_adapter=6.929411e-02 | residual_overlap=0.013103
[step    81350] t/d=813.500 | task1=2.443028e-01 | |m1|=0.991329 | m1²=0.982732 | ||w||²/d=1.307000 | eps_adapter=6.897778e-02 | residual_overlap=0.013274
[step    81400] t/d=814.000 | task1=2.443295e-01 | |m1|=0.991323 | m1²=0.982722 | ||w||²/d=1.307804 | eps_adapter=6.927110e-02 | residual_overlap=0.013220
[step    81450] t/d=814.500 | task1=2.443138e-01 | |m1|=0.991380 | m1²=0.982834 | ||w||²/d=1.309764 | eps_adapter=6.966802e-02 | residual_overlap=0.013145
[step    81500] t/d=815.000 | task1=2.443041e-01 | |m1|=0.991498 | m1²=0.983068 | ||w||²/d=1.309594 | eps_adapter=6.906125e-02 | residual_overlap=0.012991
[step    81550] t/d=815.500 | task1=2.443420e-01 | |m1|=0.991491 | m1²=0.983054 | ||w||²/d=1.310542 | eps_adapter=6.941559e-02 | residual_overlap=0.013003
[step    81600] t/d=816.000 | task1=2.443222e-01 | |m1|=0.991587 | m1²=0.983245 | ||w||²/d=1.311981 | eps_adapter=6.945494e-02 | residual_overlap=0.012905
[step    81650] t/d=816.500 | task1=2.443236e-01 | |m1|=0.991634 | m1²=0.983337 | ||w||²/d=1.313084 | eps_adapter=6.961611e-02 | residual_overlap=0.012857
[step    81700] t/d=817.000 | task1=2.442799e-01 | |m1|=0.991541 | m1²=0.983154 | ||w||²/d=1.311280 | eps_adapter=6.943164e-02 | residual_overlap=0.013087
[step    81750] t/d=817.500 | task1=2.443012e-01 | |m1|=0.991538 | m1²=0.983147 | ||w||²/d=1.313835 | eps_adapter=7.031922e-02 | residual_overlap=0.013063
[step    81800] t/d=818.000 | task1=2.443101e-01 | |m1|=0.991623 | m1²=0.983315 | ||w||²/d=1.313616 | eps_adapter=6.984948e-02 | residual_overlap=0.012888
[step    81850] t/d=818.500 | task1=2.443254e-01 | |m1|=0.991642 | m1²=0.983354 | ||w||²/d=1.313615 | eps_adapter=6.975863e-02 | residual_overlap=0.012868
[step    81900] t/d=819.000 | task1=2.443314e-01 | |m1|=0.991594 | m1²=0.983258 | ||w||²/d=1.315148 | eps_adapter=7.051199e-02 | residual_overlap=0.012934
[step    81950] t/d=819.500 | task1=2.442567e-01 | |m1|=0.991577 | m1²=0.983224 | ||w||²/d=1.314777 | eps_adapter=7.046242e-02 | residual_overlap=0.012989
[step    82000] t/d=820.000 | task1=2.442569e-01 | |m1|=0.991557 | m1²=0.983185 | ||w||²/d=1.315682 | eps_adapter=7.086728e-02 | residual_overlap=0.013012
[step    82050] t/d=820.500 | task1=2.442625e-01 | |m1|=0.991668 | m1²=0.983406 | ||w||²/d=1.316859 | eps_adapter=7.075601e-02 | residual_overlap=0.012786
[step    82100] t/d=821.000 | task1=2.442126e-01 | |m1|=0.991793 | m1²=0.983653 | ||w||²/d=1.314965 | eps_adapter=6.952000e-02 | residual_overlap=0.012630
[step    82150] t/d=821.500 | task1=2.441809e-01 | |m1|=0.991713 | m1²=0.983495 | ||w||²/d=1.318187 | eps_adapter=7.101113e-02 | residual_overlap=0.012795
[step    82200] t/d=822.000 | task1=2.441958e-01 | |m1|=0.991665 | m1²=0.983400 | ||w||²/d=1.318697 | eps_adapter=7.141279e-02 | residual_overlap=0.012875
[step    82250] t/d=822.500 | task1=2.441528e-01 | |m1|=0.991613 | m1²=0.983297 | ||w||²/d=1.318381 | eps_adapter=7.154509e-02 | residual_overlap=0.013012
[step    82300] t/d=823.000 | task1=2.440916e-01 | |m1|=0.991663 | m1²=0.983395 | ||w||²/d=1.317350 | eps_adapter=7.095359e-02 | residual_overlap=0.012920
[step    82350] t/d=823.500 | task1=2.440378e-01 | |m1|=0.991775 | m1²=0.983618 | ||w||²/d=1.318958 | eps_adapter=7.099023e-02 | residual_overlap=0.012741
[step    82400] t/d=824.000 | task1=2.440759e-01 | |m1|=0.991868 | m1²=0.983803 | ||w||²/d=1.318307 | eps_adapter=7.032632e-02 | residual_overlap=0.012598
[step    82450] t/d=824.500 | task1=2.440875e-01 | |m1|=0.991827 | m1²=0.983720 | ||w||²/d=1.320521 | eps_adapter=7.130026e-02 | residual_overlap=0.012675
[step    82500] t/d=825.000 | task1=2.441088e-01 | |m1|=0.991885 | m1²=0.983835 | ||w||²/d=1.320320 | eps_adapter=7.095746e-02 | residual_overlap=0.012565
[step    82550] t/d=825.500 | task1=2.440606e-01 | |m1|=0.991895 | m1²=0.983855 | ||w||²/d=1.318372 | eps_adapter=7.022561e-02 | residual_overlap=0.012587
[step    82600] t/d=826.000 | task1=2.440293e-01 | |m1|=0.991789 | m1²=0.983646 | ||w||²/d=1.319403 | eps_adapter=7.108147e-02 | residual_overlap=0.012719
[step    82650] t/d=826.500 | task1=2.440664e-01 | |m1|=0.991898 | m1²=0.983862 | ||w||²/d=1.319616 | eps_adapter=7.064650e-02 | residual_overlap=0.012588
[step    82700] t/d=827.000 | task1=2.441056e-01 | |m1|=0.991911 | m1²=0.983888 | ||w||²/d=1.319220 | eps_adapter=7.044542e-02 | residual_overlap=0.012591
[step    82750] t/d=827.500 | task1=2.441176e-01 | |m1|=0.992048 | m1²=0.984158 | ||w||²/d=1.318915 | eps_adapter=6.969990e-02 | residual_overlap=0.012387
[step    82800] t/d=828.000 | task1=2.440631e-01 | |m1|=0.991910 | m1²=0.983886 | ||w||²/d=1.319386 | eps_adapter=7.050745e-02 | residual_overlap=0.012600
[step    82850] t/d=828.500 | task1=2.439985e-01 | |m1|=0.991887 | m1²=0.983841 | ||w||²/d=1.317988 | eps_adapter=7.012553e-02 | residual_overlap=0.012679
[step    82900] t/d=829.000 | task1=2.439938e-01 | |m1|=0.991878 | m1²=0.983822 | ||w||²/d=1.317210 | eps_adapter=6.989748e-02 | residual_overlap=0.012705
[step    82950] t/d=829.500 | task1=2.440065e-01 | |m1|=0.991875 | m1²=0.983815 | ||w||²/d=1.316901 | eps_adapter=6.980647e-02 | residual_overlap=0.012692
[step    83000] t/d=830.000 | task1=2.440765e-01 | |m1|=0.991832 | m1²=0.983730 | ||w||²/d=1.316045 | eps_adapter=6.971150e-02 | residual_overlap=0.012727
[step    83050] t/d=830.500 | task1=2.440936e-01 | |m1|=0.991838 | m1²=0.983742 | ||w||²/d=1.313893 | eps_adapter=6.894031e-02 | residual_overlap=0.012722
[step    83100] t/d=831.000 | task1=2.440403e-01 | |m1|=0.991821 | m1²=0.983708 | ||w||²/d=1.313947 | eps_adapter=6.903906e-02 | residual_overlap=0.012800
[step    83150] t/d=831.500 | task1=2.440208e-01 | |m1|=0.991837 | m1²=0.983742 | ||w||²/d=1.312858 | eps_adapter=6.858871e-02 | residual_overlap=0.012786
[step    83200] t/d=832.000 | task1=2.439737e-01 | |m1|=0.991748 | m1²=0.983565 | ||w||²/d=1.315495 | eps_adapter=6.990940e-02 | residual_overlap=0.012931
[step    83250] t/d=832.500 | task1=2.439889e-01 | |m1|=0.991762 | m1²=0.983592 | ||w||²/d=1.316103 | eps_adapter=7.005588e-02 | residual_overlap=0.012878
[step    83300] t/d=833.000 | task1=2.440143e-01 | |m1|=0.991889 | m1²=0.983844 | ||w||²/d=1.316449 | eps_adapter=6.958263e-02 | residual_overlap=0.012687
[step    83350] t/d=833.500 | task1=2.439982e-01 | |m1|=0.991835 | m1²=0.983736 | ||w||²/d=1.319097 | eps_adapter=7.075928e-02 | residual_overlap=0.012814
[step    83400] t/d=834.000 | task1=2.440706e-01 | |m1|=0.991729 | m1²=0.983527 | ||w||²/d=1.315009 | eps_adapter=6.983068e-02 | residual_overlap=0.012964
[step    83450] t/d=834.500 | task1=2.440324e-01 | |m1|=0.991612 | m1²=0.983295 | ||w||²/d=1.313283 | eps_adapter=6.978250e-02 | residual_overlap=0.013145
[step    83500] t/d=835.000 | task1=2.441228e-01 | |m1|=0.991632 | m1²=0.983334 | ||w||²/d=1.314517 | eps_adapter=7.011528e-02 | residual_overlap=0.013075
[step    83550] t/d=835.500 | task1=2.441354e-01 | |m1|=0.991541 | m1²=0.983154 | ||w||²/d=1.315192 | eps_adapter=7.077100e-02 | residual_overlap=0.013249
[step    83600] t/d=836.000 | task1=2.441090e-01 | |m1|=0.991503 | m1²=0.983079 | ||w||²/d=1.314896 | eps_adapter=7.084630e-02 | residual_overlap=0.013332
[step    83650] t/d=836.500 | task1=2.441083e-01 | |m1|=0.991516 | m1²=0.983104 | ||w||²/d=1.313282 | eps_adapter=7.023160e-02 | residual_overlap=0.013270
[step    83700] t/d=837.000 | task1=2.440929e-01 | |m1|=0.991389 | m1²=0.982851 | ||w||²/d=1.310699 | eps_adapter=6.994347e-02 | residual_overlap=0.013455
[step    83750] t/d=837.500 | task1=2.440720e-01 | |m1|=0.991418 | m1²=0.982909 | ||w||²/d=1.312871 | eps_adapter=7.054860e-02 | residual_overlap=0.013406
[step    83800] t/d=838.000 | task1=2.441322e-01 | |m1|=0.991371 | m1²=0.982817 | ||w||²/d=1.312314 | eps_adapter=7.057374e-02 | residual_overlap=0.013435
[step    83850] t/d=838.500 | task1=2.442004e-01 | |m1|=0.991284 | m1²=0.982644 | ||w||²/d=1.315015 | eps_adapter=7.190953e-02 | residual_overlap=0.013535
[step    83900] t/d=839.000 | task1=2.441782e-01 | |m1|=0.991367 | m1²=0.982808 | ||w||²/d=1.314010 | eps_adapter=7.117725e-02 | residual_overlap=0.013441
[step    83950] t/d=839.500 | task1=2.442002e-01 | |m1|=0.991454 | m1²=0.982981 | ||w||²/d=1.314119 | eps_adapter=7.080824e-02 | residual_overlap=0.013251
[step    84000] t/d=840.000 | task1=2.441890e-01 | |m1|=0.991448 | m1²=0.982968 | ||w||²/d=1.311848 | eps_adapter=7.005959e-02 | residual_overlap=0.013255
[step    84050] t/d=840.500 | task1=2.441704e-01 | |m1|=0.991460 | m1²=0.982994 | ||w||²/d=1.312761 | eps_adapter=7.031156e-02 | residual_overlap=0.013243
[step    84100] t/d=841.000 | task1=2.441567e-01 | |m1|=0.991460 | m1²=0.982993 | ||w||²/d=1.311786 | eps_adapter=6.998145e-02 | residual_overlap=0.013224
[step    84150] t/d=841.500 | task1=2.442105e-01 | |m1|=0.991481 | m1²=0.983034 | ||w||²/d=1.312441 | eps_adapter=7.010865e-02 | residual_overlap=0.013185
[step    84200] t/d=842.000 | task1=2.442639e-01 | |m1|=0.991530 | m1²=0.983132 | ||w||²/d=1.310817 | eps_adapter=6.932518e-02 | residual_overlap=0.013044
[step    84250] t/d=842.500 | task1=2.442689e-01 | |m1|=0.991528 | m1²=0.983128 | ||w||²/d=1.311637 | eps_adapter=6.961347e-02 | residual_overlap=0.013048
[step    84300] t/d=843.000 | task1=2.443258e-01 | |m1|=0.991454 | m1²=0.982982 | ||w||²/d=1.308485 | eps_adapter=6.889079e-02 | residual_overlap=0.013116
[step    84350] t/d=843.500 | task1=2.443095e-01 | |m1|=0.991443 | m1²=0.982958 | ||w||²/d=1.311686 | eps_adapter=7.002770e-02 | residual_overlap=0.013151
[step    84400] t/d=844.000 | task1=2.442673e-01 | |m1|=0.991415 | m1²=0.982904 | ||w||²/d=1.313055 | eps_adapter=7.062373e-02 | residual_overlap=0.013211
[step    84450] t/d=844.500 | task1=2.442715e-01 | |m1|=0.991473 | m1²=0.983018 | ||w||²/d=1.312716 | eps_adapter=7.023966e-02 | residual_overlap=0.013151
[step    84500] t/d=845.000 | task1=2.442855e-01 | |m1|=0.991480 | m1²=0.983033 | ||w||²/d=1.310796 | eps_adapter=6.955154e-02 | residual_overlap=0.013119
[step    84550] t/d=845.500 | task1=2.443153e-01 | |m1|=0.991499 | m1²=0.983071 | ||w||²/d=1.310711 | eps_adapter=6.943354e-02 | residual_overlap=0.013096
[step    84600] t/d=846.000 | task1=2.443192e-01 | |m1|=0.991421 | m1²=0.982915 | ||w||²/d=1.309597 | eps_adapter=6.942206e-02 | residual_overlap=0.013214
[step    84650] t/d=846.500 | task1=2.442752e-01 | |m1|=0.991457 | m1²=0.982986 | ||w||²/d=1.309122 | eps_adapter=6.909457e-02 | residual_overlap=0.013178
[step    84700] t/d=847.000 | task1=2.442555e-01 | |m1|=0.991568 | m1²=0.983206 | ||w||²/d=1.308607 | eps_adapter=6.840628e-02 | residual_overlap=0.012940
[step    84750] t/d=847.500 | task1=2.442552e-01 | |m1|=0.991618 | m1²=0.983306 | ||w||²/d=1.307858 | eps_adapter=6.792320e-02 | residual_overlap=0.012849
[step    84800] t/d=848.000 | task1=2.442615e-01 | |m1|=0.991619 | m1²=0.983307 | ||w||²/d=1.306044 | eps_adapter=6.731682e-02 | residual_overlap=0.012886
[step    84850] t/d=848.500 | task1=2.442914e-01 | |m1|=0.991555 | m1²=0.983182 | ||w||²/d=1.304454 | eps_adapter=6.708493e-02 | residual_overlap=0.012943
[step    84900] t/d=849.000 | task1=2.442726e-01 | |m1|=0.991573 | m1²=0.983217 | ||w||²/d=1.301955 | eps_adapter=6.618673e-02 | residual_overlap=0.012945
[step    84950] t/d=849.500 | task1=2.443042e-01 | |m1|=0.991744 | m1²=0.983555 | ||w||²/d=1.301284 | eps_adapter=6.518202e-02 | residual_overlap=0.012675
[step    85000] t/d=850.000 | task1=2.443901e-01 | |m1|=0.991751 | m1²=0.983570 | ||w||²/d=1.300766 | eps_adapter=6.498135e-02 | residual_overlap=0.012682
[step    85050] t/d=850.500 | task1=2.444230e-01 | |m1|=0.991722 | m1²=0.983513 | ||w||²/d=1.300604 | eps_adapter=6.506233e-02 | residual_overlap=0.012668
[step    85100] t/d=851.000 | task1=2.444310e-01 | |m1|=0.991717 | m1²=0.983502 | ||w||²/d=1.300699 | eps_adapter=6.511683e-02 | residual_overlap=0.012666
[step    85150] t/d=851.500 | task1=2.444539e-01 | |m1|=0.991807 | m1²=0.983681 | ||w||²/d=1.297730 | eps_adapter=6.375446e-02 | residual_overlap=0.012529
[step    85200] t/d=852.000 | task1=2.445585e-01 | |m1|=0.991798 | m1²=0.983663 | ||w||²/d=1.297931 | eps_adapter=6.385996e-02 | residual_overlap=0.012457
[step    85250] t/d=852.500 | task1=2.445835e-01 | |m1|=0.991922 | m1²=0.983910 | ||w||²/d=1.297783 | eps_adapter=6.323912e-02 | residual_overlap=0.012284
[step    85300] t/d=853.000 | task1=2.445993e-01 | |m1|=0.991905 | m1²=0.983876 | ||w||²/d=1.297494 | eps_adapter=6.322620e-02 | residual_overlap=0.012321
[step    85350] t/d=853.500 | task1=2.446256e-01 | |m1|=0.991859 | m1²=0.983784 | ||w||²/d=1.296619 | eps_adapter=6.316403e-02 | residual_overlap=0.012364
[step    85400] t/d=854.000 | task1=2.446502e-01 | |m1|=0.991796 | m1²=0.983660 | ||w||²/d=1.295953 | eps_adapter=6.324165e-02 | residual_overlap=0.012516
[step    85450] t/d=854.500 | task1=2.446360e-01 | |m1|=0.991907 | m1²=0.983879 | ||w||²/d=1.294884 | eps_adapter=6.239936e-02 | residual_overlap=0.012357
[step    85500] t/d=855.000 | task1=2.446352e-01 | |m1|=0.991859 | m1²=0.983784 | ||w||²/d=1.295046 | eps_adapter=6.266971e-02 | residual_overlap=0.012456
[step    85550] t/d=855.500 | task1=2.446400e-01 | |m1|=0.991838 | m1²=0.983744 | ||w||²/d=1.295579 | eps_adapter=6.293020e-02 | residual_overlap=0.012467
[step    85600] t/d=856.000 | task1=2.446759e-01 | |m1|=0.991897 | m1²=0.983859 | ||w||²/d=1.296578 | eps_adapter=6.297577e-02 | residual_overlap=0.012320
[step    85650] t/d=856.500 | task1=2.447199e-01 | |m1|=0.991830 | m1²=0.983728 | ||w||²/d=1.295250 | eps_adapter=6.286397e-02 | residual_overlap=0.012331
[step    85700] t/d=857.000 | task1=2.447420e-01 | |m1|=0.991783 | m1²=0.983633 | ||w||²/d=1.295569 | eps_adapter=6.318463e-02 | residual_overlap=0.012420
[step    85750] t/d=857.500 | task1=2.447548e-01 | |m1|=0.991708 | m1²=0.983486 | ||w||²/d=1.295905 | eps_adapter=6.363035e-02 | residual_overlap=0.012529
[step    85800] t/d=858.000 | task1=2.446968e-01 | |m1|=0.991649 | m1²=0.983369 | ||w||²/d=1.295359 | eps_adapter=6.373012e-02 | residual_overlap=0.012681
[step    85850] t/d=858.500 | task1=2.446331e-01 | |m1|=0.991579 | m1²=0.983229 | ||w||²/d=1.294902 | eps_adapter=6.391122e-02 | residual_overlap=0.012821
[step    85900] t/d=859.000 | task1=2.445779e-01 | |m1|=0.991610 | m1²=0.983290 | ||w||²/d=1.292046 | eps_adapter=6.288241e-02 | residual_overlap=0.012781
[step    85950] t/d=859.500 | task1=2.445965e-01 | |m1|=0.991628 | m1²=0.983327 | ||w||²/d=1.291136 | eps_adapter=6.251605e-02 | residual_overlap=0.012707
[step    86000] t/d=860.000 | task1=2.446423e-01 | |m1|=0.991408 | m1²=0.982889 | ||w||²/d=1.292980 | eps_adapter=6.409790e-02 | residual_overlap=0.013079
[step    86050] t/d=860.500 | task1=2.446815e-01 | |m1|=0.991373 | m1²=0.982821 | ||w||²/d=1.293189 | eps_adapter=6.432137e-02 | residual_overlap=0.013082
[step    86100] t/d=861.000 | task1=2.445931e-01 | |m1|=0.991468 | m1²=0.983009 | ||w||²/d=1.295439 | eps_adapter=6.458823e-02 | residual_overlap=0.012957
[step    86150] t/d=861.500 | task1=2.446287e-01 | |m1|=0.991560 | m1²=0.983191 | ||w||²/d=1.295033 | eps_adapter=6.403955e-02 | residual_overlap=0.012765
[step    86200] t/d=862.000 | task1=2.445979e-01 | |m1|=0.991520 | m1²=0.983113 | ||w||²/d=1.296983 | eps_adapter=6.483540e-02 | residual_overlap=0.012791
[step    86250] t/d=862.500 | task1=2.446639e-01 | |m1|=0.991346 | m1²=0.982767 | ||w||²/d=1.299113 | eps_adapter=6.631648e-02 | residual_overlap=0.013005
[step    86300] t/d=863.000 | task1=2.447089e-01 | |m1|=0.991384 | m1²=0.982842 | ||w||²/d=1.299792 | eps_adapter=6.636099e-02 | residual_overlap=0.012960
[step    86350] t/d=863.500 | task1=2.446574e-01 | |m1|=0.991406 | m1²=0.982885 | ||w||²/d=1.299946 | eps_adapter=6.631072e-02 | residual_overlap=0.012990
[step    86400] t/d=864.000 | task1=2.446808e-01 | |m1|=0.991435 | m1²=0.982943 | ||w||²/d=1.297457 | eps_adapter=6.537898e-02 | residual_overlap=0.012966
[step    86450] t/d=864.500 | task1=2.447006e-01 | |m1|=0.991391 | m1²=0.982857 | ||w||²/d=1.294492 | eps_adapter=6.464499e-02 | residual_overlap=0.012991
[step    86500] t/d=865.000 | task1=2.446698e-01 | |m1|=0.991393 | m1²=0.982861 | ||w||²/d=1.294400 | eps_adapter=6.460641e-02 | residual_overlap=0.013042
[step    86550] t/d=865.500 | task1=2.446962e-01 | |m1|=0.991389 | m1²=0.982852 | ||w||²/d=1.293643 | eps_adapter=6.439042e-02 | residual_overlap=0.013021
[step    86600] t/d=866.000 | task1=2.446493e-01 | |m1|=0.991319 | m1²=0.982713 | ||w||²/d=1.294341 | eps_adapter=6.492989e-02 | residual_overlap=0.013173
[step    86650] t/d=866.500 | task1=2.446620e-01 | |m1|=0.991288 | m1²=0.982652 | ||w||²/d=1.294923 | eps_adapter=6.525293e-02 | residual_overlap=0.013192
[step    86700] t/d=867.000 | task1=2.446379e-01 | |m1|=0.991288 | m1²=0.982652 | ||w||²/d=1.294146 | eps_adapter=6.501061e-02 | residual_overlap=0.013212
[step    86750] t/d=867.500 | task1=2.447062e-01 | |m1|=0.991330 | m1²=0.982736 | ||w||²/d=1.292402 | eps_adapter=6.427285e-02 | residual_overlap=0.013109
[step    86800] t/d=868.000 | task1=2.447389e-01 | |m1|=0.991313 | m1²=0.982701 | ||w||²/d=1.293384 | eps_adapter=6.465998e-02 | residual_overlap=0.013098
[step    86850] t/d=868.500 | task1=2.447466e-01 | |m1|=0.991210 | m1²=0.982497 | ||w||²/d=1.292734 | eps_adapter=6.492948e-02 | residual_overlap=0.013314
[step    86900] t/d=869.000 | task1=2.447813e-01 | |m1|=0.991266 | m1²=0.982609 | ||w||²/d=1.294728 | eps_adapter=6.529246e-02 | residual_overlap=0.013202
[step    86950] t/d=869.500 | task1=2.448014e-01 | |m1|=0.991232 | m1²=0.982540 | ||w||²/d=1.293790 | eps_adapter=6.515707e-02 | residual_overlap=0.013238
[step    87000] t/d=870.000 | task1=2.448301e-01 | |m1|=0.991272 | m1²=0.982621 | ||w||²/d=1.293203 | eps_adapter=6.478761e-02 | residual_overlap=0.013157
[step    87050] t/d=870.500 | task1=2.448712e-01 | |m1|=0.991233 | m1²=0.982543 | ||w||²/d=1.293031 | eps_adapter=6.491454e-02 | residual_overlap=0.013147
[step    87100] t/d=871.000 | task1=2.448780e-01 | |m1|=0.991198 | m1²=0.982474 | ||w||²/d=1.293263 | eps_adapter=6.514579e-02 | residual_overlap=0.013197
[step    87150] t/d=871.500 | task1=2.448942e-01 | |m1|=0.991198 | m1²=0.982474 | ||w||²/d=1.295552 | eps_adapter=6.586420e-02 | residual_overlap=0.013239
[step    87200] t/d=872.000 | task1=2.449435e-01 | |m1|=0.991250 | m1²=0.982577 | ||w||²/d=1.294715 | eps_adapter=6.536205e-02 | residual_overlap=0.013098
[step    87250] t/d=872.500 | task1=2.449344e-01 | |m1|=0.991309 | m1²=0.982694 | ||w||²/d=1.294094 | eps_adapter=6.489663e-02 | residual_overlap=0.013004
[step    87300] t/d=873.000 | task1=2.449629e-01 | |m1|=0.991351 | m1²=0.982777 | ||w||²/d=1.291280 | eps_adapter=6.383021e-02 | residual_overlap=0.012904
[step    87350] t/d=873.500 | task1=2.449548e-01 | |m1|=0.991375 | m1²=0.982825 | ||w||²/d=1.291959 | eps_adapter=6.392982e-02 | residual_overlap=0.012882
[step    87400] t/d=874.000 | task1=2.449153e-01 | |m1|=0.991410 | m1²=0.982894 | ||w||²/d=1.292970 | eps_adapter=6.408346e-02 | residual_overlap=0.012886
[step    87450] t/d=874.500 | task1=2.449764e-01 | |m1|=0.991439 | m1²=0.982952 | ||w||²/d=1.295136 | eps_adapter=6.462580e-02 | residual_overlap=0.012789
[step    87500] t/d=875.000 | task1=2.449762e-01 | |m1|=0.991426 | m1²=0.982926 | ||w||²/d=1.293817 | eps_adapter=6.427247e-02 | residual_overlap=0.012760
[step    87550] t/d=875.500 | task1=2.449591e-01 | |m1|=0.991310 | m1²=0.982695 | ||w||²/d=1.292083 | eps_adapter=6.426823e-02 | residual_overlap=0.012931
[step    87600] t/d=876.000 | task1=2.450018e-01 | |m1|=0.991277 | m1²=0.982631 | ||w||²/d=1.291792 | eps_adapter=6.432664e-02 | residual_overlap=0.012998
[step    87650] t/d=876.500 | task1=2.450393e-01 | |m1|=0.991275 | m1²=0.982626 | ||w||²/d=1.290724 | eps_adapter=6.400879e-02 | residual_overlap=0.012983
[step    87700] t/d=877.000 | task1=2.450480e-01 | |m1|=0.991339 | m1²=0.982752 | ||w||²/d=1.291698 | eps_adapter=6.401712e-02 | residual_overlap=0.012890
[step    87750] t/d=877.500 | task1=2.450104e-01 | |m1|=0.991218 | m1²=0.982513 | ||w||²/d=1.291247 | eps_adapter=6.442988e-02 | residual_overlap=0.013096
[step    87800] t/d=878.000 | task1=2.449995e-01 | |m1|=0.991222 | m1²=0.982521 | ||w||²/d=1.293315 | eps_adapter=6.505422e-02 | residual_overlap=0.013051
[step    87850] t/d=878.500 | task1=2.449830e-01 | |m1|=0.991264 | m1²=0.982605 | ||w||²/d=1.293617 | eps_adapter=6.495355e-02 | residual_overlap=0.013004
[step    87900] t/d=879.000 | task1=2.449536e-01 | |m1|=0.991193 | m1²=0.982463 | ||w||²/d=1.295027 | eps_adapter=6.572437e-02 | residual_overlap=0.013141
[step    87950] t/d=879.500 | task1=2.450064e-01 | |m1|=0.991129 | m1²=0.982337 | ||w||²/d=1.297025 | eps_adapter=6.664872e-02 | residual_overlap=0.013246
[step    88000] t/d=880.000 | task1=2.449835e-01 | |m1|=0.991155 | m1²=0.982389 | ||w||²/d=1.297957 | eps_adapter=6.682513e-02 | residual_overlap=0.013243
[step    88050] t/d=880.500 | task1=2.449633e-01 | |m1|=0.991287 | m1²=0.982649 | ||w||²/d=1.296410 | eps_adapter=6.572896e-02 | residual_overlap=0.013041
[step    88100] t/d=881.000 | task1=2.448598e-01 | |m1|=0.991186 | m1²=0.982449 | ||w||²/d=1.297295 | eps_adapter=6.647484e-02 | residual_overlap=0.013249
[step    88150] t/d=881.500 | task1=2.448416e-01 | |m1|=0.991147 | m1²=0.982373 | ||w||²/d=1.297567 | eps_adapter=6.673784e-02 | residual_overlap=0.013320
[step    88200] t/d=882.000 | task1=2.448315e-01 | |m1|=0.991122 | m1²=0.982323 | ||w||²/d=1.297774 | eps_adapter=6.692038e-02 | residual_overlap=0.013321
[step    88250] t/d=882.500 | task1=2.448152e-01 | |m1|=0.991094 | m1²=0.982268 | ||w||²/d=1.298341 | eps_adapter=6.723040e-02 | residual_overlap=0.013392
[step    88300] t/d=883.000 | task1=2.447538e-01 | |m1|=0.991113 | m1²=0.982304 | ||w||²/d=1.296585 | eps_adapter=6.658550e-02 | residual_overlap=0.013451
[step    88350] t/d=883.500 | task1=2.446442e-01 | |m1|=0.991204 | m1²=0.982485 | ||w||²/d=1.297666 | eps_adapter=6.650957e-02 | residual_overlap=0.013340
[step    88400] t/d=884.000 | task1=2.445976e-01 | |m1|=0.991218 | m1²=0.982512 | ||w||²/d=1.296871 | eps_adapter=6.619289e-02 | residual_overlap=0.013351
[step    88450] t/d=884.500 | task1=2.446088e-01 | |m1|=0.991275 | m1²=0.982626 | ||w||²/d=1.297411 | eps_adapter=6.610117e-02 | residual_overlap=0.013242
[step    88500] t/d=885.000 | task1=2.446432e-01 | |m1|=0.991371 | m1²=0.982816 | ||w||²/d=1.297144 | eps_adapter=6.557579e-02 | residual_overlap=0.013075
[step    88550] t/d=885.500 | task1=2.446464e-01 | |m1|=0.991312 | m1²=0.982700 | ||w||²/d=1.296921 | eps_adapter=6.577328e-02 | residual_overlap=0.013170
[step    88600] t/d=886.000 | task1=2.446114e-01 | |m1|=0.991297 | m1²=0.982669 | ||w||²/d=1.297544 | eps_adapter=6.604302e-02 | residual_overlap=0.013229
[step    88650] t/d=886.500 | task1=2.445908e-01 | |m1|=0.991350 | m1²=0.982775 | ||w||²/d=1.297531 | eps_adapter=6.579434e-02 | residual_overlap=0.013210
[step    88700] t/d=887.000 | task1=2.446098e-01 | |m1|=0.991403 | m1²=0.982881 | ||w||²/d=1.295513 | eps_adapter=6.490898e-02 | residual_overlap=0.013029
[step    88750] t/d=887.500 | task1=2.445500e-01 | |m1|=0.991353 | m1²=0.982780 | ||w||²/d=1.295869 | eps_adapter=6.525558e-02 | residual_overlap=0.013186
[step    88800] t/d=888.000 | task1=2.445562e-01 | |m1|=0.991347 | m1²=0.982769 | ||w||²/d=1.294534 | eps_adapter=6.486093e-02 | residual_overlap=0.013184
[step    88850] t/d=888.500 | task1=2.445879e-01 | |m1|=0.991331 | m1²=0.982736 | ||w||²/d=1.294446 | eps_adapter=6.490918e-02 | residual_overlap=0.013127
[step    88900] t/d=889.000 | task1=2.446437e-01 | |m1|=0.991473 | m1²=0.983019 | ||w||²/d=1.294957 | eps_adapter=6.441545e-02 | residual_overlap=0.012910
[step    88950] t/d=889.500 | task1=2.446236e-01 | |m1|=0.991501 | m1²=0.983075 | ||w||²/d=1.295023 | eps_adapter=6.430611e-02 | residual_overlap=0.012913
[step    89000] t/d=890.000 | task1=2.446199e-01 | |m1|=0.991676 | m1²=0.983420 | ||w||²/d=1.296209 | eps_adapter=6.387756e-02 | residual_overlap=0.012668
[step    89050] t/d=890.500 | task1=2.445781e-01 | |m1|=0.991588 | m1²=0.983246 | ||w||²/d=1.294013 | eps_adapter=6.359301e-02 | residual_overlap=0.012910
[step    89100] t/d=891.000 | task1=2.445898e-01 | |m1|=0.991695 | m1²=0.983459 | ||w||²/d=1.297301 | eps_adapter=6.413366e-02 | residual_overlap=0.012725
[step    89150] t/d=891.500 | task1=2.445309e-01 | |m1|=0.991806 | m1²=0.983679 | ||w||²/d=1.295283 | eps_adapter=6.298621e-02 | residual_overlap=0.012573
[step    89200] t/d=892.000 | task1=2.445453e-01 | |m1|=0.991763 | m1²=0.983593 | ||w||²/d=1.294758 | eps_adapter=6.302280e-02 | residual_overlap=0.012585
[step    89250] t/d=892.500 | task1=2.445722e-01 | |m1|=0.991725 | m1²=0.983519 | ||w||²/d=1.295050 | eps_adapter=6.328599e-02 | residual_overlap=0.012661
[step    89300] t/d=893.000 | task1=2.445941e-01 | |m1|=0.991724 | m1²=0.983517 | ||w||²/d=1.295206 | eps_adapter=6.333940e-02 | residual_overlap=0.012626
[step    89350] t/d=893.500 | task1=2.445906e-01 | |m1|=0.991782 | m1²=0.983632 | ||w||²/d=1.298612 | eps_adapter=6.414718e-02 | residual_overlap=0.012510
[step    89400] t/d=894.000 | task1=2.445104e-01 | |m1|=0.991817 | m1²=0.983700 | ||w||²/d=1.297466 | eps_adapter=6.362557e-02 | residual_overlap=0.012465
[step    89450] t/d=894.500 | task1=2.444980e-01 | |m1|=0.991744 | m1²=0.983556 | ||w||²/d=1.298540 | eps_adapter=6.430135e-02 | residual_overlap=0.012538
[step    89500] t/d=895.000 | task1=2.444603e-01 | |m1|=0.991818 | m1²=0.983703 | ||w||²/d=1.296433 | eps_adapter=6.329288e-02 | residual_overlap=0.012384
[step    89550] t/d=895.500 | task1=2.444391e-01 | |m1|=0.991915 | m1²=0.983895 | ||w||²/d=1.296758 | eps_adapter=6.294964e-02 | residual_overlap=0.012275
[step    89600] t/d=896.000 | task1=2.444175e-01 | |m1|=0.991892 | m1²=0.983851 | ||w||²/d=1.296770 | eps_adapter=6.305651e-02 | residual_overlap=0.012384
[step    89650] t/d=896.500 | task1=2.444372e-01 | |m1|=0.991872 | m1²=0.983809 | ||w||²/d=1.293577 | eps_adapter=6.215467e-02 | residual_overlap=0.012392
[step    89700] t/d=897.000 | task1=2.443757e-01 | |m1|=0.991959 | m1²=0.983982 | ||w||²/d=1.292062 | eps_adapter=6.128758e-02 | residual_overlap=0.012290
[step    89750] t/d=897.500 | task1=2.443623e-01 | |m1|=0.991906 | m1²=0.983877 | ||w||²/d=1.292933 | eps_adapter=6.179818e-02 | residual_overlap=0.012381
[step    89800] t/d=898.000 | task1=2.443875e-01 | |m1|=0.991875 | m1²=0.983816 | ||w||²/d=1.292875 | eps_adapter=6.192234e-02 | residual_overlap=0.012427
[step    89850] t/d=898.500 | task1=2.443504e-01 | |m1|=0.991921 | m1²=0.983908 | ||w||²/d=1.293177 | eps_adapter=6.180147e-02 | residual_overlap=0.012360
[step    89900] t/d=899.000 | task1=2.443708e-01 | |m1|=0.991914 | m1²=0.983893 | ||w||²/d=1.291027 | eps_adapter=6.117630e-02 | residual_overlap=0.012381
[step    89950] t/d=899.500 | task1=2.443872e-01 | |m1|=0.991832 | m1²=0.983730 | ||w||²/d=1.290484 | eps_adapter=6.138554e-02 | residual_overlap=0.012469
[step    90000] t/d=900.000 | task1=2.443988e-01 | |m1|=0.991812 | m1²=0.983690 | ||w||²/d=1.289320 | eps_adapter=6.112297e-02 | residual_overlap=0.012506
[step    90050] t/d=900.500 | task1=2.443905e-01 | |m1|=0.991911 | m1²=0.983887 | ||w||²/d=1.291405 | eps_adapter=6.130491e-02 | residual_overlap=0.012342
[step    90100] t/d=901.000 | task1=2.443640e-01 | |m1|=0.991940 | m1²=0.983945 | ||w||²/d=1.291036 | eps_adapter=6.105763e-02 | residual_overlap=0.012263
[step    90150] t/d=901.500 | task1=2.443676e-01 | |m1|=0.991975 | m1²=0.984014 | ||w||²/d=1.292046 | eps_adapter=6.120796e-02 | residual_overlap=0.012231
[step    90200] t/d=902.000 | task1=2.443738e-01 | |m1|=0.991973 | m1²=0.984011 | ||w||²/d=1.294111 | eps_adapter=6.185215e-02 | residual_overlap=0.012239
[step    90250] t/d=902.500 | task1=2.443196e-01 | |m1|=0.991953 | m1²=0.983970 | ||w||²/d=1.295401 | eps_adapter=6.235030e-02 | residual_overlap=0.012347
[step    90300] t/d=903.000 | task1=2.443767e-01 | |m1|=0.991911 | m1²=0.983887 | ||w||²/d=1.296033 | eps_adapter=6.274038e-02 | residual_overlap=0.012349
[step    90350] t/d=903.500 | task1=2.443517e-01 | |m1|=0.992009 | m1²=0.984083 | ||w||²/d=1.294785 | eps_adapter=6.189695e-02 | residual_overlap=0.012220
[step    90400] t/d=904.000 | task1=2.443417e-01 | |m1|=0.992039 | m1²=0.984141 | ||w||²/d=1.295220 | eps_adapter=6.189624e-02 | residual_overlap=0.012181
[step    90450] t/d=904.500 | task1=2.443596e-01 | |m1|=0.991913 | m1²=0.983892 | ||w||²/d=1.293260 | eps_adapter=6.186517e-02 | residual_overlap=0.012431
[step    90500] t/d=905.000 | task1=2.443770e-01 | |m1|=0.991943 | m1²=0.983950 | ||w||²/d=1.293682 | eps_adapter=6.186112e-02 | residual_overlap=0.012345
[step    90550] t/d=905.500 | task1=2.443577e-01 | |m1|=0.992033 | m1²=0.984130 | ||w||²/d=1.292691 | eps_adapter=6.113893e-02 | residual_overlap=0.012180
[step    90600] t/d=906.000 | task1=2.443352e-01 | |m1|=0.991945 | m1²=0.983954 | ||w||²/d=1.292791 | eps_adapter=6.157540e-02 | residual_overlap=0.012313
[step    90650] t/d=906.500 | task1=2.443023e-01 | |m1|=0.992062 | m1²=0.984186 | ||w||²/d=1.292194 | eps_adapter=6.085521e-02 | residual_overlap=0.012130
[step    90700] t/d=907.000 | task1=2.442962e-01 | |m1|=0.992072 | m1²=0.984206 | ||w||²/d=1.293964 | eps_adapter=6.135510e-02 | residual_overlap=0.012061
[step    90750] t/d=907.500 | task1=2.442892e-01 | |m1|=0.992119 | m1²=0.984300 | ||w||²/d=1.292741 | eps_adapter=6.076076e-02 | residual_overlap=0.011984
[step    90800] t/d=908.000 | task1=2.442576e-01 | |m1|=0.992088 | m1²=0.984238 | ||w||²/d=1.292009 | eps_adapter=6.067913e-02 | residual_overlap=0.012018
[step    90850] t/d=908.500 | task1=2.442792e-01 | |m1|=0.992166 | m1²=0.984394 | ||w||²/d=1.292675 | eps_adapter=6.052281e-02 | residual_overlap=0.011918
[step    90900] t/d=909.000 | task1=2.442110e-01 | |m1|=0.992070 | m1²=0.984203 | ||w||²/d=1.293365 | eps_adapter=6.117688e-02 | residual_overlap=0.012101
[step    90950] t/d=909.500 | task1=2.441906e-01 | |m1|=0.992175 | m1²=0.984410 | ||w||²/d=1.295420 | eps_adapter=6.133559e-02 | residual_overlap=0.011993
[step    91000] t/d=910.000 | task1=2.442716e-01 | |m1|=0.992234 | m1²=0.984529 | ||w||²/d=1.293748 | eps_adapter=6.054159e-02 | residual_overlap=0.011885
[step    91050] t/d=910.500 | task1=2.442640e-01 | |m1|=0.992265 | m1²=0.984590 | ||w||²/d=1.291427 | eps_adapter=5.968809e-02 | residual_overlap=0.011768
[step    91100] t/d=911.000 | task1=2.442264e-01 | |m1|=0.992301 | m1²=0.984662 | ||w||²/d=1.292640 | eps_adapter=5.989330e-02 | residual_overlap=0.011771
[step    91150] t/d=911.500 | task1=2.442216e-01 | |m1|=0.992335 | m1²=0.984730 | ||w||²/d=1.292959 | eps_adapter=5.983411e-02 | residual_overlap=0.011794
[step    91200] t/d=912.000 | task1=2.441424e-01 | |m1|=0.992203 | m1²=0.984466 | ||w||²/d=1.293091 | eps_adapter=6.048410e-02 | residual_overlap=0.012023
[step    91250] t/d=912.500 | task1=2.441426e-01 | |m1|=0.992068 | m1²=0.984199 | ||w||²/d=1.295154 | eps_adapter=6.174265e-02 | residual_overlap=0.012371
[step    91300] t/d=913.000 | task1=2.441141e-01 | |m1|=0.991926 | m1²=0.983918 | ||w||²/d=1.294428 | eps_adapter=6.216778e-02 | residual_overlap=0.012547
[step    91350] t/d=913.500 | task1=2.441222e-01 | |m1|=0.991825 | m1²=0.983716 | ||w||²/d=1.292495 | eps_adapter=6.203481e-02 | residual_overlap=0.012714
[step    91400] t/d=914.000 | task1=2.441339e-01 | |m1|=0.991776 | m1²=0.983619 | ||w||²/d=1.292179 | eps_adapter=6.216295e-02 | residual_overlap=0.012816
[step    91450] t/d=914.500 | task1=2.441478e-01 | |m1|=0.991841 | m1²=0.983748 | ||w||²/d=1.291820 | eps_adapter=6.175405e-02 | residual_overlap=0.012642
[step    91500] t/d=915.000 | task1=2.440954e-01 | |m1|=0.991762 | m1²=0.983592 | ||w||²/d=1.290214 | eps_adapter=6.162225e-02 | residual_overlap=0.012805
[step    91550] t/d=915.500 | task1=2.440932e-01 | |m1|=0.991750 | m1²=0.983569 | ||w||²/d=1.289600 | eps_adapter=6.148827e-02 | residual_overlap=0.012868
[step    91600] t/d=916.000 | task1=2.441022e-01 | |m1|=0.991586 | m1²=0.983243 | ||w||²/d=1.289558 | eps_adapter=6.222813e-02 | residual_overlap=0.013102
[step    91650] t/d=916.500 | task1=2.441165e-01 | |m1|=0.991482 | m1²=0.983038 | ||w||²/d=1.289163 | eps_adapter=6.258112e-02 | residual_overlap=0.013270
[step    91700] t/d=917.000 | task1=2.440992e-01 | |m1|=0.991431 | m1²=0.982936 | ||w||²/d=1.288931 | eps_adapter=6.274396e-02 | residual_overlap=0.013327
[step    91750] t/d=917.500 | task1=2.441398e-01 | |m1|=0.991459 | m1²=0.982991 | ||w||²/d=1.288748 | eps_adapter=6.256127e-02 | residual_overlap=0.013289
[step    91800] t/d=918.000 | task1=2.441405e-01 | |m1|=0.991463 | m1²=0.982999 | ||w||²/d=1.286841 | eps_adapter=6.196719e-02 | residual_overlap=0.013354
[step    91850] t/d=918.500 | task1=2.440962e-01 | |m1|=0.991487 | m1²=0.983047 | ||w||²/d=1.289297 | eps_adapter=6.260016e-02 | residual_overlap=0.013404
[step    91900] t/d=919.000 | task1=2.440992e-01 | |m1|=0.991691 | m1²=0.983451 | ||w||²/d=1.289195 | eps_adapter=6.163788e-02 | residual_overlap=0.013092
[step    91950] t/d=919.500 | task1=2.440790e-01 | |m1|=0.991578 | m1²=0.983227 | ||w||²/d=1.288600 | eps_adapter=6.197281e-02 | residual_overlap=0.013255
[step    92000] t/d=920.000 | task1=2.441209e-01 | |m1|=0.991608 | m1²=0.983286 | ||w||²/d=1.288087 | eps_adapter=6.168314e-02 | residual_overlap=0.013120
[step    92050] t/d=920.500 | task1=2.441205e-01 | |m1|=0.991527 | m1²=0.983125 | ||w||²/d=1.287736 | eps_adapter=6.194680e-02 | residual_overlap=0.013281
[step    92100] t/d=921.000 | task1=2.440976e-01 | |m1|=0.991529 | m1²=0.983129 | ||w||²/d=1.286002 | eps_adapter=6.141613e-02 | residual_overlap=0.013262
[step    92150] t/d=921.500 | task1=2.441522e-01 | |m1|=0.991594 | m1²=0.983259 | ||w||²/d=1.286707 | eps_adapter=6.132861e-02 | residual_overlap=0.013141
[step    92200] t/d=922.000 | task1=2.441723e-01 | |m1|=0.991588 | m1²=0.983246 | ||w||²/d=1.286121 | eps_adapter=6.118247e-02 | residual_overlap=0.013187
[step    92250] t/d=922.500 | task1=2.441611e-01 | |m1|=0.991530 | m1²=0.983131 | ||w||²/d=1.287872 | eps_adapter=6.197419e-02 | residual_overlap=0.013253
[step    92300] t/d=923.000 | task1=2.441737e-01 | |m1|=0.991370 | m1²=0.982814 | ||w||²/d=1.286464 | eps_adapter=6.228098e-02 | residual_overlap=0.013522
[step    92350] t/d=923.500 | task1=2.442090e-01 | |m1|=0.991313 | m1²=0.982702 | ||w||²/d=1.285079 | eps_adapter=6.212268e-02 | residual_overlap=0.013628
[step    92400] t/d=924.000 | task1=2.442209e-01 | |m1|=0.991247 | m1²=0.982571 | ||w||²/d=1.286210 | eps_adapter=6.276264e-02 | residual_overlap=0.013756
[step    92450] t/d=924.500 | task1=2.441771e-01 | |m1|=0.991395 | m1²=0.982864 | ||w||²/d=1.284320 | eps_adapter=6.152413e-02 | residual_overlap=0.013457
[step    92500] t/d=925.000 | task1=2.441089e-01 | |m1|=0.991421 | m1²=0.982916 | ||w||²/d=1.286909 | eps_adapter=6.217913e-02 | residual_overlap=0.013388
[step    92550] t/d=925.500 | task1=2.440710e-01 | |m1|=0.991539 | m1²=0.983149 | ||w||²/d=1.286205 | eps_adapter=6.143119e-02 | residual_overlap=0.013213
[step    92600] t/d=926.000 | task1=2.440707e-01 | |m1|=0.991563 | m1²=0.983197 | ||w||²/d=1.285705 | eps_adapter=6.117048e-02 | residual_overlap=0.013171
[step    92650] t/d=926.500 | task1=2.440581e-01 | |m1|=0.991593 | m1²=0.983256 | ||w||²/d=1.283658 | eps_adapter=6.042809e-02 | residual_overlap=0.013121
[step    92700] t/d=927.000 | task1=2.440361e-01 | |m1|=0.991592 | m1²=0.983255 | ||w||²/d=1.284296 | eps_adapter=6.061942e-02 | residual_overlap=0.013191
[step    92750] t/d=927.500 | task1=2.440474e-01 | |m1|=0.991498 | m1²=0.983068 | ||w||²/d=1.284793 | eps_adapter=6.119568e-02 | residual_overlap=0.013344
[step    92800] t/d=928.000 | task1=2.440867e-01 | |m1|=0.991474 | m1²=0.983020 | ||w||²/d=1.283823 | eps_adapter=6.101910e-02 | residual_overlap=0.013357
[step    92850] t/d=928.500 | task1=2.440702e-01 | |m1|=0.991504 | m1²=0.983080 | ||w||²/d=1.286951 | eps_adapter=6.181504e-02 | residual_overlap=0.013326
[step    92900] t/d=929.000 | task1=2.441050e-01 | |m1|=0.991608 | m1²=0.983286 | ||w||²/d=1.287928 | eps_adapter=6.163512e-02 | residual_overlap=0.013155
[step    92950] t/d=929.500 | task1=2.440649e-01 | |m1|=0.991562 | m1²=0.983196 | ||w||²/d=1.289997 | eps_adapter=6.246942e-02 | residual_overlap=0.013221
[step    93000] t/d=930.000 | task1=2.440492e-01 | |m1|=0.991583 | m1²=0.983238 | ||w||²/d=1.290587 | eps_adapter=6.255377e-02 | residual_overlap=0.013146
[step    93050] t/d=930.500 | task1=2.441307e-01 | |m1|=0.991510 | m1²=0.983091 | ||w||²/d=1.290197 | eps_adapter=6.277301e-02 | residual_overlap=0.013183
[step    93100] t/d=931.000 | task1=2.441225e-01 | |m1|=0.991543 | m1²=0.983157 | ||w||²/d=1.288263 | eps_adapter=6.203314e-02 | residual_overlap=0.013117
[step    93150] t/d=931.500 | task1=2.440992e-01 | |m1|=0.991517 | m1²=0.983107 | ||w||²/d=1.290622 | eps_adapter=6.286698e-02 | residual_overlap=0.013181
[step    93200] t/d=932.000 | task1=2.441118e-01 | |m1|=0.991504 | m1²=0.983081 | ||w||²/d=1.292454 | eps_adapter=6.349133e-02 | residual_overlap=0.013254
[step    93250] t/d=932.500 | task1=2.441431e-01 | |m1|=0.991548 | m1²=0.983168 | ||w||²/d=1.295855 | eps_adapter=6.435220e-02 | residual_overlap=0.013162
[step    93300] t/d=933.000 | task1=2.441331e-01 | |m1|=0.991559 | m1²=0.983190 | ||w||²/d=1.297118 | eps_adapter=6.469991e-02 | residual_overlap=0.013129
[step    93350] t/d=933.500 | task1=2.441728e-01 | |m1|=0.991592 | m1²=0.983255 | ||w||²/d=1.296848 | eps_adapter=6.446292e-02 | residual_overlap=0.013019
[step    93400] t/d=934.000 | task1=2.441966e-01 | |m1|=0.991614 | m1²=0.983298 | ||w||²/d=1.295674 | eps_adapter=6.399207e-02 | residual_overlap=0.012927
[step    93450] t/d=934.500 | task1=2.442281e-01 | |m1|=0.991652 | m1²=0.983374 | ||w||²/d=1.294017 | eps_adapter=6.329908e-02 | residual_overlap=0.012864
[step    93500] t/d=935.000 | task1=2.442271e-01 | |m1|=0.991734 | m1²=0.983537 | ||w||²/d=1.294539 | eps_adapter=6.308411e-02 | residual_overlap=0.012713
[step    93550] t/d=935.500 | task1=2.442388e-01 | |m1|=0.991704 | m1²=0.983476 | ||w||²/d=1.297405 | eps_adapter=6.412642e-02 | residual_overlap=0.012783
[step    93600] t/d=936.000 | task1=2.442115e-01 | |m1|=0.991613 | m1²=0.983297 | ||w||²/d=1.297809 | eps_adapter=6.467056e-02 | residual_overlap=0.012925
[step    93650] t/d=936.500 | task1=2.443094e-01 | |m1|=0.991607 | m1²=0.983284 | ||w||²/d=1.296222 | eps_adapter=6.419793e-02 | residual_overlap=0.012936
[step    93700] t/d=937.000 | task1=2.443106e-01 | |m1|=0.991621 | m1²=0.983312 | ||w||²/d=1.296245 | eps_adapter=6.414011e-02 | residual_overlap=0.012887
[step    93750] t/d=937.500 | task1=2.442979e-01 | |m1|=0.991677 | m1²=0.983423 | ||w||²/d=1.296309 | eps_adapter=6.390358e-02 | residual_overlap=0.012854
[step    93800] t/d=938.000 | task1=2.443742e-01 | |m1|=0.991746 | m1²=0.983560 | ||w||²/d=1.298060 | eps_adapter=6.413850e-02 | residual_overlap=0.012677
[step    93850] t/d=938.500 | task1=2.443723e-01 | |m1|=0.991443 | m1²=0.982958 | ||w||²/d=1.298373 | eps_adapter=6.563588e-02 | residual_overlap=0.013219
[step    93900] t/d=939.000 | task1=2.444787e-01 | |m1|=0.991289 | m1²=0.982655 | ||w||²/d=1.299059 | eps_adapter=6.656096e-02 | residual_overlap=0.013409
[step    93950] t/d=939.500 | task1=2.444662e-01 | |m1|=0.991375 | m1²=0.982824 | ||w||²/d=1.299147 | eps_adapter=6.619560e-02 | residual_overlap=0.013270
[step    94000] t/d=940.000 | task1=2.444815e-01 | |m1|=0.991238 | m1²=0.982552 | ||w||²/d=1.298781 | eps_adapter=6.670968e-02 | residual_overlap=0.013432
[step    94050] t/d=940.500 | task1=2.445520e-01 | |m1|=0.991225 | m1²=0.982527 | ||w||²/d=1.298434 | eps_adapter=6.665651e-02 | residual_overlap=0.013387
[step    94100] t/d=941.000 | task1=2.445397e-01 | |m1|=0.991204 | m1²=0.982486 | ||w||²/d=1.296717 | eps_adapter=6.620539e-02 | residual_overlap=0.013422
[step    94150] t/d=941.500 | task1=2.445511e-01 | |m1|=0.991281 | m1²=0.982638 | ||w||²/d=1.297691 | eps_adapter=6.616188e-02 | residual_overlap=0.013295
[step    94200] t/d=942.000 | task1=2.445536e-01 | |m1|=0.991310 | m1²=0.982696 | ||w||²/d=1.298826 | eps_adapter=6.639147e-02 | residual_overlap=0.013241
[step    94250] t/d=942.500 | task1=2.446240e-01 | |m1|=0.991265 | m1²=0.982606 | ||w||²/d=1.299098 | eps_adapter=6.668629e-02 | residual_overlap=0.013256
[step    94300] t/d=943.000 | task1=2.445807e-01 | |m1|=0.991230 | m1²=0.982538 | ||w||²/d=1.302346 | eps_adapter=6.789747e-02 | residual_overlap=0.013344
[step    94350] t/d=943.500 | task1=2.445584e-01 | |m1|=0.991185 | m1²=0.982449 | ||w||²/d=1.303737 | eps_adapter=6.856047e-02 | residual_overlap=0.013434
[step    94400] t/d=944.000 | task1=2.445567e-01 | |m1|=0.991152 | m1²=0.982382 | ||w||²/d=1.304576 | eps_adapter=6.899278e-02 | residual_overlap=0.013549
[step    94450] t/d=944.500 | task1=2.445177e-01 | |m1|=0.991095 | m1²=0.982268 | ||w||²/d=1.308113 | eps_adapter=7.043633e-02 | residual_overlap=0.013636
[step    94500] t/d=945.000 | task1=2.444690e-01 | |m1|=0.991268 | m1²=0.982611 | ||w||²/d=1.306755 | eps_adapter=6.917918e-02 | residual_overlap=0.013444
[step    94550] t/d=945.500 | task1=2.444478e-01 | |m1|=0.991197 | m1²=0.982472 | ||w||²/d=1.304363 | eps_adapter=6.871273e-02 | residual_overlap=0.013636
[step    94600] t/d=946.000 | task1=2.444741e-01 | |m1|=0.991102 | m1²=0.982284 | ||w||²/d=1.303962 | eps_adapter=6.901953e-02 | residual_overlap=0.013750
[step    94650] t/d=946.500 | task1=2.445448e-01 | |m1|=0.990986 | m1²=0.982052 | ||w||²/d=1.303371 | eps_adapter=6.936396e-02 | residual_overlap=0.013902
[step    94700] t/d=947.000 | task1=2.445280e-01 | |m1|=0.991069 | m1²=0.982218 | ||w||²/d=1.301754 | eps_adapter=6.844786e-02 | residual_overlap=0.013772
[step    94750] t/d=947.500 | task1=2.445397e-01 | |m1|=0.990994 | m1²=0.982069 | ||w||²/d=1.304940 | eps_adapter=6.984258e-02 | residual_overlap=0.013886
[step    94800] t/d=948.000 | task1=2.445116e-01 | |m1|=0.991155 | m1²=0.982389 | ||w||²/d=1.306016 | eps_adapter=6.945345e-02 | residual_overlap=0.013613
[step    94850] t/d=948.500 | task1=2.445501e-01 | |m1|=0.991219 | m1²=0.982515 | ||w||²/d=1.306208 | eps_adapter=6.922297e-02 | residual_overlap=0.013520
[step    94900] t/d=949.000 | task1=2.445213e-01 | |m1|=0.991334 | m1²=0.982743 | ||w||²/d=1.306197 | eps_adapter=6.868621e-02 | residual_overlap=0.013345
[step    94950] t/d=949.500 | task1=2.445590e-01 | |m1|=0.991226 | m1²=0.982528 | ||w||²/d=1.305570 | eps_adapter=6.897962e-02 | residual_overlap=0.013488
[step    95000] t/d=950.000 | task1=2.445574e-01 | |m1|=0.991267 | m1²=0.982609 | ||w||²/d=1.306307 | eps_adapter=6.903498e-02 | residual_overlap=0.013452
[step    95050] t/d=950.500 | task1=2.445831e-01 | |m1|=0.991396 | m1²=0.982866 | ||w||²/d=1.305356 | eps_adapter=6.811934e-02 | residual_overlap=0.013214
[step    95100] t/d=951.000 | task1=2.445527e-01 | |m1|=0.991453 | m1²=0.982979 | ||w||²/d=1.302518 | eps_adapter=6.692530e-02 | residual_overlap=0.013164
[step    95150] t/d=951.500 | task1=2.445838e-01 | |m1|=0.991423 | m1²=0.982920 | ||w||²/d=1.303883 | eps_adapter=6.750906e-02 | residual_overlap=0.013203
[step    95200] t/d=952.000 | task1=2.445321e-01 | |m1|=0.991391 | m1²=0.982856 | ||w||²/d=1.300206 | eps_adapter=6.646193e-02 | residual_overlap=0.013278
[step    95250] t/d=952.500 | task1=2.445137e-01 | |m1|=0.991416 | m1²=0.982906 | ||w||²/d=1.301760 | eps_adapter=6.684736e-02 | residual_overlap=0.013260
[step    95300] t/d=953.000 | task1=2.445042e-01 | |m1|=0.991342 | m1²=0.982760 | ||w||²/d=1.302733 | eps_adapter=6.750626e-02 | residual_overlap=0.013391
[step    95350] t/d=953.500 | task1=2.445045e-01 | |m1|=0.991372 | m1²=0.982818 | ||w||²/d=1.303662 | eps_adapter=6.767312e-02 | residual_overlap=0.013373
[step    95400] t/d=954.000 | task1=2.445143e-01 | |m1|=0.991377 | m1²=0.982829 | ||w||²/d=1.302439 | eps_adapter=6.724901e-02 | residual_overlap=0.013358
[step    95450] t/d=954.500 | task1=2.444563e-01 | |m1|=0.991348 | m1²=0.982771 | ||w||²/d=1.303706 | eps_adapter=6.779879e-02 | residual_overlap=0.013389
[step    95500] t/d=955.000 | task1=2.444405e-01 | |m1|=0.991282 | m1²=0.982641 | ||w||²/d=1.304162 | eps_adapter=6.825224e-02 | residual_overlap=0.013503
[step    95550] t/d=955.500 | task1=2.444278e-01 | |m1|=0.991342 | m1²=0.982758 | ||w||²/d=1.305110 | eps_adapter=6.828988e-02 | residual_overlap=0.013441
[step    95600] t/d=956.000 | task1=2.444306e-01 | |m1|=0.991279 | m1²=0.982635 | ||w||²/d=1.305080 | eps_adapter=6.856841e-02 | residual_overlap=0.013549
[step    95650] t/d=956.500 | task1=2.444309e-01 | |m1|=0.991328 | m1²=0.982732 | ||w||²/d=1.306802 | eps_adapter=6.891344e-02 | residual_overlap=0.013451
[step    95700] t/d=957.000 | task1=2.443964e-01 | |m1|=0.991376 | m1²=0.982827 | ||w||²/d=1.307186 | eps_adapter=6.881938e-02 | residual_overlap=0.013446
[step    95750] t/d=957.500 | task1=2.443683e-01 | |m1|=0.991338 | m1²=0.982751 | ||w||²/d=1.307538 | eps_adapter=6.911478e-02 | residual_overlap=0.013581
[step    95800] t/d=958.000 | task1=2.443630e-01 | |m1|=0.991314 | m1²=0.982704 | ||w||²/d=1.307955 | eps_adapter=6.936474e-02 | residual_overlap=0.013665
[step    95850] t/d=958.500 | task1=2.443933e-01 | |m1|=0.991376 | m1²=0.982827 | ||w||²/d=1.307015 | eps_adapter=6.876198e-02 | residual_overlap=0.013564
[step    95900] t/d=959.000 | task1=2.444169e-01 | |m1|=0.991303 | m1²=0.982681 | ||w||²/d=1.307814 | eps_adapter=6.937094e-02 | residual_overlap=0.013686
[step    95950] t/d=959.500 | task1=2.444058e-01 | |m1|=0.991314 | m1²=0.982703 | ||w||²/d=1.306742 | eps_adapter=6.896013e-02 | residual_overlap=0.013662
[step    96000] t/d=960.000 | task1=2.443905e-01 | |m1|=0.991235 | m1²=0.982546 | ||w||²/d=1.307678 | eps_adapter=6.963966e-02 | residual_overlap=0.013754
[step    96050] t/d=960.500 | task1=2.444002e-01 | |m1|=0.991285 | m1²=0.982647 | ||w||²/d=1.309756 | eps_adapter=7.010418e-02 | residual_overlap=0.013662
[step    96100] t/d=961.000 | task1=2.444377e-01 | |m1|=0.991367 | m1²=0.982808 | ||w||²/d=1.308328 | eps_adapter=6.924581e-02 | residual_overlap=0.013488
[step    96150] t/d=961.500 | task1=2.443985e-01 | |m1|=0.991436 | m1²=0.982945 | ||w||²/d=1.308300 | eps_adapter=6.891408e-02 | residual_overlap=0.013369
[step    96200] t/d=962.000 | task1=2.443700e-01 | |m1|=0.991340 | m1²=0.982754 | ||w||²/d=1.307844 | eps_adapter=6.920935e-02 | residual_overlap=0.013616
[step    96250] t/d=962.500 | task1=2.443711e-01 | |m1|=0.991381 | m1²=0.982836 | ||w||²/d=1.306102 | eps_adapter=6.843778e-02 | residual_overlap=0.013511
[step    96300] t/d=963.000 | task1=2.443652e-01 | |m1|=0.991267 | m1²=0.982610 | ||w||²/d=1.307639 | eps_adapter=6.947711e-02 | residual_overlap=0.013816
[step    96350] t/d=963.500 | task1=2.443373e-01 | |m1|=0.991297 | m1²=0.982670 | ||w||²/d=1.306275 | eps_adapter=6.888273e-02 | residual_overlap=0.013801
[step    96400] t/d=964.000 | task1=2.443591e-01 | |m1|=0.991340 | m1²=0.982756 | ||w||²/d=1.305264 | eps_adapter=6.834666e-02 | residual_overlap=0.013811
[step    96450] t/d=964.500 | task1=2.443415e-01 | |m1|=0.991349 | m1²=0.982772 | ||w||²/d=1.303179 | eps_adapter=6.762369e-02 | residual_overlap=0.013840
[step    96500] t/d=965.000 | task1=2.444031e-01 | |m1|=0.991438 | m1²=0.982949 | ||w||²/d=1.301739 | eps_adapter=6.674223e-02 | residual_overlap=0.013651
[step    96550] t/d=965.500 | task1=2.444075e-01 | |m1|=0.991434 | m1²=0.982942 | ||w||²/d=1.303752 | eps_adapter=6.741391e-02 | residual_overlap=0.013670
[step    96600] t/d=966.000 | task1=2.443784e-01 | |m1|=0.991408 | m1²=0.982890 | ||w||²/d=1.303161 | eps_adapter=6.734141e-02 | residual_overlap=0.013760
[step    96650] t/d=966.500 | task1=2.443570e-01 | |m1|=0.991421 | m1²=0.982916 | ||w||²/d=1.303544 | eps_adapter=6.740794e-02 | residual_overlap=0.013742
[step    96700] t/d=967.000 | task1=2.443951e-01 | |m1|=0.991437 | m1²=0.982948 | ||w||²/d=1.304455 | eps_adapter=6.763205e-02 | residual_overlap=0.013704
[step    96750] t/d=967.500 | task1=2.443548e-01 | |m1|=0.991408 | m1²=0.982890 | ||w||²/d=1.305599 | eps_adapter=6.814470e-02 | residual_overlap=0.013752
[step    96800] t/d=968.000 | task1=2.443643e-01 | |m1|=0.991594 | m1²=0.983258 | ||w||²/d=1.305757 | eps_adapter=6.733717e-02 | residual_overlap=0.013436
[step    96850] t/d=968.500 | task1=2.443864e-01 | |m1|=0.991663 | m1²=0.983396 | ||w||²/d=1.304736 | eps_adapter=6.667757e-02 | residual_overlap=0.013316
[step    96900] t/d=969.000 | task1=2.444175e-01 | |m1|=0.991700 | m1²=0.983469 | ||w||²/d=1.304321 | eps_adapter=6.637042e-02 | residual_overlap=0.013211
[step    96950] t/d=969.500 | task1=2.444279e-01 | |m1|=0.991721 | m1²=0.983510 | ||w||²/d=1.303140 | eps_adapter=6.588991e-02 | residual_overlap=0.013215
[step    97000] t/d=970.000 | task1=2.444379e-01 | |m1|=0.991689 | m1²=0.983446 | ||w||²/d=1.303486 | eps_adapter=6.615128e-02 | residual_overlap=0.013273
[step    97050] t/d=970.500 | task1=2.443635e-01 | |m1|=0.991728 | m1²=0.983525 | ||w||²/d=1.302335 | eps_adapter=6.559402e-02 | residual_overlap=0.013218
[step    97100] t/d=971.000 | task1=2.443629e-01 | |m1|=0.991663 | m1²=0.983395 | ||w||²/d=1.300689 | eps_adapter=6.536293e-02 | residual_overlap=0.013300
[step    97150] t/d=971.500 | task1=2.443421e-01 | |m1|=0.991727 | m1²=0.983522 | ||w||²/d=1.301708 | eps_adapter=6.539714e-02 | residual_overlap=0.013211
[step    97200] t/d=972.000 | task1=2.443572e-01 | |m1|=0.991674 | m1²=0.983417 | ||w||²/d=1.301797 | eps_adapter=6.567041e-02 | residual_overlap=0.013266
[step    97250] t/d=972.500 | task1=2.443628e-01 | |m1|=0.991596 | m1²=0.983262 | ||w||²/d=1.300751 | eps_adapter=6.569210e-02 | residual_overlap=0.013385
[step    97300] t/d=973.000 | task1=2.443754e-01 | |m1|=0.991610 | m1²=0.983289 | ||w||²/d=1.300440 | eps_adapter=6.552900e-02 | residual_overlap=0.013386
[step    97350] t/d=973.500 | task1=2.444096e-01 | |m1|=0.991646 | m1²=0.983361 | ||w||²/d=1.298865 | eps_adapter=6.485738e-02 | residual_overlap=0.013260
[step    97400] t/d=974.000 | task1=2.443666e-01 | |m1|=0.991671 | m1²=0.983412 | ||w||²/d=1.301274 | eps_adapter=6.551285e-02 | residual_overlap=0.013218
[step    97450] t/d=974.500 | task1=2.444328e-01 | |m1|=0.991661 | m1²=0.983392 | ||w||²/d=1.301646 | eps_adapter=6.568008e-02 | residual_overlap=0.013188
[step    97500] t/d=975.000 | task1=2.444419e-01 | |m1|=0.991691 | m1²=0.983450 | ||w||²/d=1.300375 | eps_adapter=6.513378e-02 | residual_overlap=0.013136
[step    97550] t/d=975.500 | task1=2.444520e-01 | |m1|=0.991744 | m1²=0.983557 | ||w||²/d=1.300318 | eps_adapter=6.486724e-02 | residual_overlap=0.013074
[step    97600] t/d=976.000 | task1=2.443989e-01 | |m1|=0.991680 | m1²=0.983429 | ||w||²/d=1.300548 | eps_adapter=6.523855e-02 | residual_overlap=0.013218
[step    97650] t/d=976.500 | task1=2.443760e-01 | |m1|=0.991832 | m1²=0.983730 | ||w||²/d=1.300995 | eps_adapter=6.468296e-02 | residual_overlap=0.012978
[step    97700] t/d=977.000 | task1=2.443740e-01 | |m1|=0.991761 | m1²=0.983590 | ||w||²/d=1.301318 | eps_adapter=6.511334e-02 | residual_overlap=0.013103
[step    97750] t/d=977.500 | task1=2.443280e-01 | |m1|=0.991875 | m1²=0.983815 | ||w||²/d=1.300002 | eps_adapter=6.416543e-02 | residual_overlap=0.012885
[step    97800] t/d=978.000 | task1=2.442961e-01 | |m1|=0.991933 | m1²=0.983932 | ||w||²/d=1.300696 | eps_adapter=6.411648e-02 | residual_overlap=0.012854
[step    97850] t/d=978.500 | task1=2.442634e-01 | |m1|=0.991914 | m1²=0.983892 | ||w||²/d=1.300285 | eps_adapter=6.407643e-02 | residual_overlap=0.012919
[step    97900] t/d=979.000 | task1=2.442248e-01 | |m1|=0.991896 | m1²=0.983858 | ||w||²/d=1.300945 | eps_adapter=6.436966e-02 | residual_overlap=0.012984
[step    97950] t/d=979.500 | task1=2.442587e-01 | |m1|=0.991862 | m1²=0.983791 | ||w||²/d=1.298054 | eps_adapter=6.360117e-02 | residual_overlap=0.013006
[step    98000] t/d=980.000 | task1=2.443317e-01 | |m1|=0.991859 | m1²=0.983785 | ||w||²/d=1.297806 | eps_adapter=6.353634e-02 | residual_overlap=0.012962
[step    98050] t/d=980.500 | task1=2.443370e-01 | |m1|=0.991836 | m1²=0.983738 | ||w||²/d=1.297692 | eps_adapter=6.360905e-02 | residual_overlap=0.013008
[step    98100] t/d=981.000 | task1=2.443459e-01 | |m1|=0.991948 | m1²=0.983962 | ||w||²/d=1.294111 | eps_adapter=6.196745e-02 | residual_overlap=0.012803
[step    98150] t/d=981.500 | task1=2.442924e-01 | |m1|=0.992054 | m1²=0.984171 | ||w||²/d=1.293419 | eps_adapter=6.126859e-02 | residual_overlap=0.012651
[step    98200] t/d=982.000 | task1=2.443014e-01 | |m1|=0.992039 | m1²=0.984141 | ||w||²/d=1.294126 | eps_adapter=6.155775e-02 | residual_overlap=0.012654
[step    98250] t/d=982.500 | task1=2.442730e-01 | |m1|=0.992052 | m1²=0.984167 | ||w||²/d=1.293511 | eps_adapter=6.130562e-02 | residual_overlap=0.012668
[step    98300] t/d=983.000 | task1=2.442514e-01 | |m1|=0.992021 | m1²=0.984105 | ||w||²/d=1.294856 | eps_adapter=6.186713e-02 | residual_overlap=0.012756
[step    98350] t/d=983.500 | task1=2.442914e-01 | |m1|=0.991964 | m1²=0.983993 | ||w||²/d=1.296700 | eps_adapter=6.270471e-02 | residual_overlap=0.012845
[step    98400] t/d=984.000 | task1=2.443255e-01 | |m1|=0.991890 | m1²=0.983846 | ||w||²/d=1.298897 | eps_adapter=6.374145e-02 | residual_overlap=0.012955
[step    98450] t/d=984.500 | task1=2.443071e-01 | |m1|=0.991891 | m1²=0.983847 | ||w||²/d=1.300066 | eps_adapter=6.411159e-02 | residual_overlap=0.012904
[step    98500] t/d=985.000 | task1=2.443688e-01 | |m1|=0.991761 | m1²=0.983590 | ||w||²/d=1.302289 | eps_adapter=6.542686e-02 | residual_overlap=0.013155
[step    98550] t/d=985.500 | task1=2.443477e-01 | |m1|=0.991867 | m1²=0.983799 | ||w||²/d=1.301905 | eps_adapter=6.481506e-02 | residual_overlap=0.012928
[step    98600] t/d=986.000 | task1=2.443727e-01 | |m1|=0.991729 | m1²=0.983527 | ||w||²/d=1.303432 | eps_adapter=6.594652e-02 | residual_overlap=0.013202
[step    98650] t/d=986.500 | task1=2.444362e-01 | |m1|=0.991644 | m1²=0.983358 | ||w||²/d=1.303040 | eps_adapter=6.621265e-02 | residual_overlap=0.013320
[step    98700] t/d=987.000 | task1=2.443942e-01 | |m1|=0.991658 | m1²=0.983385 | ||w||²/d=1.302377 | eps_adapter=6.593406e-02 | residual_overlap=0.013262
[step    98750] t/d=987.500 | task1=2.444163e-01 | |m1|=0.991619 | m1²=0.983308 | ||w||²/d=1.303923 | eps_adapter=6.661609e-02 | residual_overlap=0.013388
[step    98800] t/d=988.000 | task1=2.443991e-01 | |m1|=0.991710 | m1²=0.983489 | ||w||²/d=1.303513 | eps_adapter=6.605964e-02 | residual_overlap=0.013281
[step    98850] t/d=988.500 | task1=2.444281e-01 | |m1|=0.991554 | m1²=0.983179 | ||w||²/d=1.304974 | eps_adapter=6.726425e-02 | residual_overlap=0.013485
[step    98900] t/d=989.000 | task1=2.444806e-01 | |m1|=0.991535 | m1²=0.983141 | ||w||²/d=1.302206 | eps_adapter=6.644522e-02 | residual_overlap=0.013447
[step    98950] t/d=989.500 | task1=2.444818e-01 | |m1|=0.991464 | m1²=0.983001 | ||w||²/d=1.302579 | eps_adapter=6.689358e-02 | residual_overlap=0.013520
[step    99000] t/d=990.000 | task1=2.444904e-01 | |m1|=0.991436 | m1²=0.982946 | ||w||²/d=1.301271 | eps_adapter=6.659687e-02 | residual_overlap=0.013530
[step    99050] t/d=990.500 | task1=2.444740e-01 | |m1|=0.991453 | m1²=0.982979 | ||w||²/d=1.301882 | eps_adapter=6.671831e-02 | residual_overlap=0.013554
[step    99100] t/d=991.000 | task1=2.445051e-01 | |m1|=0.991357 | m1²=0.982788 | ||w||²/d=1.304576 | eps_adapter=6.804476e-02 | residual_overlap=0.013708
[step    99150] t/d=991.500 | task1=2.446137e-01 | |m1|=0.991196 | m1²=0.982470 | ||w||²/d=1.304502 | eps_adapter=6.876349e-02 | residual_overlap=0.013869
[step    99200] t/d=992.000 | task1=2.446526e-01 | |m1|=0.991195 | m1²=0.982468 | ||w||²/d=1.305700 | eps_adapter=6.916272e-02 | residual_overlap=0.013914
[step    99250] t/d=992.500 | task1=2.446132e-01 | |m1|=0.991295 | m1²=0.982666 | ||w||²/d=1.306360 | eps_adapter=6.892024e-02 | residual_overlap=0.013777
[step    99300] t/d=993.000 | task1=2.446250e-01 | |m1|=0.991284 | m1²=0.982643 | ||w||²/d=1.305710 | eps_adapter=6.875703e-02 | residual_overlap=0.013763
[step    99350] t/d=993.500 | task1=2.446312e-01 | |m1|=0.991330 | m1²=0.982735 | ||w||²/d=1.303150 | eps_adapter=6.769984e-02 | residual_overlap=0.013689
[step    99400] t/d=994.000 | task1=2.447192e-01 | |m1|=0.991193 | m1²=0.982464 | ||w||²/d=1.305535 | eps_adapter=6.911890e-02 | residual_overlap=0.013909
[step    99450] t/d=994.500 | task1=2.446829e-01 | |m1|=0.991131 | m1²=0.982340 | ||w||²/d=1.304117 | eps_adapter=6.893786e-02 | residual_overlap=0.013976
[step    99500] t/d=995.000 | task1=2.446436e-01 | |m1|=0.991210 | m1²=0.982498 | ||w||²/d=1.305096 | eps_adapter=6.889434e-02 | residual_overlap=0.013882
[step    99550] t/d=995.500 | task1=2.446476e-01 | |m1|=0.991290 | m1²=0.982656 | ||w||²/d=1.305953 | eps_adapter=6.880853e-02 | residual_overlap=0.013733
[step    99600] t/d=996.000 | task1=2.445606e-01 | |m1|=0.991374 | m1²=0.982822 | ||w||²/d=1.304242 | eps_adapter=6.785444e-02 | residual_overlap=0.013637
[step    99650] t/d=996.500 | task1=2.445389e-01 | |m1|=0.991301 | m1²=0.982678 | ||w||²/d=1.303091 | eps_adapter=6.781406e-02 | residual_overlap=0.013774
[step    99700] t/d=997.000 | task1=2.445139e-01 | |m1|=0.991412 | m1²=0.982898 | ||w||²/d=1.302570 | eps_adapter=6.713067e-02 | residual_overlap=0.013585
[step    99750] t/d=997.500 | task1=2.445116e-01 | |m1|=0.991459 | m1²=0.982991 | ||w||²/d=1.299903 | eps_adapter=6.604948e-02 | residual_overlap=0.013487
[step    99800] t/d=998.000 | task1=2.445116e-01 | |m1|=0.991537 | m1²=0.983146 | ||w||²/d=1.299340 | eps_adapter=6.550921e-02 | residual_overlap=0.013354
[step    99850] t/d=998.500 | task1=2.445073e-01 | |m1|=0.991506 | m1²=0.983084 | ||w||²/d=1.296817 | eps_adapter=6.485081e-02 | residual_overlap=0.013404
[step    99900] t/d=999.000 | task1=2.444073e-01 | |m1|=0.991528 | m1²=0.983127 | ||w||²/d=1.297437 | eps_adapter=6.494628e-02 | residual_overlap=0.013420
[step    99950] t/d=999.500 | task1=2.444086e-01 | |m1|=0.991452 | m1²=0.982976 | ||w||²/d=1.298895 | eps_adapter=6.576164e-02 | residual_overlap=0.013568
[step   100000] t/d=1000.000 | task1=2.444361e-01 | |m1|=0.991505 | m1²=0.983081 | ||w||²/d=1.299126 | eps_adapter=6.559126e-02 | residual_overlap=0.013462
Saved checkpoint: results/quality_pretraining/finetunetask1_d100_T5/prestep_0_lr0p01_init1_wseed21_sgdseed22/checkpoints/step_000100000

Task-1 fine-tuning completed.
Metrics: results/quality_pretraining/finetunetask1_d100_T5/prestep_0_lr0p01_init1_wseed21_sgdseed22/metrics.csv

======================================================
Task-1 fine-tuning finished
======================================================
