
======================================================
Task-1 fine-tuning
======================================================
Pretraining run:   results/quality_pretraining/scaling_d500_T5
Pretraining step:  0
Target FT steps:   500000
Learning rate:     0.01
w init scale:      1.0
======================================================

Mon Oct  5 11:21:23 2026       
+---------------------------------------------------------------------------------------+
| NVIDIA-SMI 535.154.05             Driver Version: 535.154.05   CUDA Version: 12.2     |
|-----------------------------------------+----------------------+----------------------+
| GPU  Name                 Persistence-M | Bus-Id        Disp.A | Volatile Uncorr. ECC |
| Fan  Temp   Perf          Pwr:Usage/Cap |         Memory-Usage | GPU-Util  Compute M. |
|                                         |                      |               MIG M. |
|=========================================+======================+======================|
|   0  Tesla V100-PCIE-32GB           On  | 00000000:D8:00.0 Off |                  Off |
| N/A   40C    P0              24W / 250W |      0MiB / 32768MiB |      0%      Default |
|                                         |                      |                  N/A |
+-----------------------------------------+----------------------+----------------------+
                                                                                         
+---------------------------------------------------------------------------------------+
| Processes:                                                                            |
|  GPU   GI   CI        PID   Type   Process name                            GPU Memory |
|        ID   ID                                                             Usage      |
|=======================================================================================|
|  No running processes found                                                           |
+---------------------------------------------------------------------------------------+

==============================================
Task-1 fine-tuning
==============================================
source pretrain : /home/busato/catastrophic_forgetting/quality_pretraining/results/quality_pretraining/scaling_d500_T5
pretrain step   : 0
pretrain t/d²   : 0.000000
d               : 500
T               : 5
device          : cuda
lr              : 0.01
w init scale    : 1.0
target steps    : 500,000
target t/d      : 1000.000
eval every late : 250
checkpoints     : [250, 500, 1000, 2500, 5000, 10000, 25000, 500000]
run directory   : results/quality_pretraining/finetunetask1_d500_T5/prestep_0_lr0p01_init1_wseed21_sgdseed22

[step 0] task1=3.814503e-01 | |m1|=0.020270 | m1²=0.000411 | ||w||²/d=0.954499 | eps_adapter=2.062555e+00
[step       25] t/d=  0.050 | task1=3.814014e-01 | |m1|=0.020356 | m1²=0.000414 | ||w||²/d=0.954029 | eps_adapter=2.061500e+00 | residual_overlap=0.001610
[step       50] t/d=  0.100 | task1=3.813466e-01 | |m1|=0.020325 | m1²=0.000413 | ||w||²/d=0.953433 | eps_adapter=2.060176e+00 | residual_overlap=0.001623
[step       75] t/d=  0.150 | task1=3.812898e-01 | |m1|=0.020330 | m1²=0.000413 | ||w||²/d=0.952711 | eps_adapter=2.058571e+00 | residual_overlap=0.001636
[step      100] t/d=  0.200 | task1=3.812276e-01 | |m1|=0.020268 | m1²=0.000411 | ||w||²/d=0.951904 | eps_adapter=2.056782e+00 | residual_overlap=0.001632
[step      125] t/d=  0.250 | task1=3.811624e-01 | |m1|=0.020446 | m1²=0.000418 | ||w||²/d=0.950954 | eps_adapter=2.054658e+00 | residual_overlap=0.001629
[step      150] t/d=  0.300 | task1=3.811092e-01 | |m1|=0.020535 | m1²=0.000422 | ||w||²/d=0.950368 | eps_adapter=2.053350e+00 | residual_overlap=0.001631
[step      175] t/d=  0.350 | task1=3.810648e-01 | |m1|=0.020686 | m1²=0.000428 | ||w||²/d=0.949812 | eps_adapter=2.052105e+00 | residual_overlap=0.001639
[step      200] t/d=  0.400 | task1=3.809896e-01 | |m1|=0.020587 | m1²=0.000424 | ||w||²/d=0.948729 | eps_adapter=2.049715e+00 | residual_overlap=0.001635
[step      225] t/d=  0.450 | task1=3.808963e-01 | |m1|=0.020563 | m1²=0.000423 | ||w||²/d=0.947568 | eps_adapter=2.047148e+00 | residual_overlap=0.001645
[step      250] t/d=  0.500 | task1=3.808621e-01 | |m1|=0.020525 | m1²=0.000421 | ||w||²/d=0.946970 | eps_adapter=2.045830e+00 | residual_overlap=0.001644
Saved checkpoint: results/quality_pretraining/finetunetask1_d500_T5/prestep_0_lr0p01_init1_wseed21_sgdseed22/checkpoints/step_000000250
[step      275] t/d=  0.550 | task1=3.808150e-01 | |m1|=0.020418 | m1²=0.000417 | ||w||²/d=0.946351 | eps_adapter=2.044472e+00 | residual_overlap=0.001656
[step      300] t/d=  0.600 | task1=3.807840e-01 | |m1|=0.020394 | m1²=0.000416 | ||w||²/d=0.945989 | eps_adapter=2.043674e+00 | residual_overlap=0.001645
[step      325] t/d=  0.650 | task1=3.807145e-01 | |m1|=0.020471 | m1²=0.000419 | ||w||²/d=0.945259 | eps_adapter=2.042058e+00 | residual_overlap=0.001655
[step      350] t/d=  0.700 | task1=3.806415e-01 | |m1|=0.020491 | m1²=0.000420 | ||w||²/d=0.944485 | eps_adapter=2.040348e+00 | residual_overlap=0.001667
[step      375] t/d=  0.750 | task1=3.805847e-01 | |m1|=0.020353 | m1²=0.000414 | ||w||²/d=0.943984 | eps_adapter=2.039257e+00 | residual_overlap=0.001683
[step      400] t/d=  0.800 | task1=3.804988e-01 | |m1|=0.020239 | m1²=0.000410 | ||w||²/d=0.942802 | eps_adapter=2.036663e+00 | residual_overlap=0.001688
[step      425] t/d=  0.850 | task1=3.804212e-01 | |m1|=0.020278 | m1²=0.000411 | ||w||²/d=0.941930 | eps_adapter=2.034744e+00 | residual_overlap=0.001686
[step      450] t/d=  0.900 | task1=3.803508e-01 | |m1|=0.020345 | m1²=0.000414 | ||w||²/d=0.941293 | eps_adapter=2.033337e+00 | residual_overlap=0.001690
[step      475] t/d=  0.950 | task1=3.802888e-01 | |m1|=0.020412 | m1²=0.000417 | ||w||²/d=0.940385 | eps_adapter=2.031340e+00 | residual_overlap=0.001684
[step      500] t/d=  1.000 | task1=3.802314e-01 | |m1|=0.020589 | m1²=0.000424 | ||w||²/d=0.939723 | eps_adapter=2.029873e+00 | residual_overlap=0.001685
Saved checkpoint: results/quality_pretraining/finetunetask1_d500_T5/prestep_0_lr0p01_init1_wseed21_sgdseed22/checkpoints/step_000000500
[step      525] t/d=  1.050 | task1=3.802000e-01 | |m1|=0.020675 | m1²=0.000427 | ||w||²/d=0.939224 | eps_adapter=2.028772e+00 | residual_overlap=0.001699
[step      550] t/d=  1.100 | task1=3.801114e-01 | |m1|=0.020776 | m1²=0.000432 | ||w||²/d=0.938231 | eps_adapter=2.026589e+00 | residual_overlap=0.001700
[step      575] t/d=  1.150 | task1=3.800613e-01 | |m1|=0.020927 | m1²=0.000438 | ||w||²/d=0.937583 | eps_adapter=2.025158e+00 | residual_overlap=0.001709
[step      600] t/d=  1.200 | task1=3.800023e-01 | |m1|=0.021039 | m1²=0.000443 | ||w||²/d=0.937006 | eps_adapter=2.023884e+00 | residual_overlap=0.001717
[step      625] t/d=  1.250 | task1=3.799274e-01 | |m1|=0.021000 | m1²=0.000441 | ||w||²/d=0.936047 | eps_adapter=2.021792e+00 | residual_overlap=0.001716
[step      650] t/d=  1.300 | task1=3.798297e-01 | |m1|=0.021013 | m1²=0.000442 | ||w||²/d=0.935031 | eps_adapter=2.019574e+00 | residual_overlap=0.001721
[step      675] t/d=  1.350 | task1=3.797591e-01 | |m1|=0.021069 | m1²=0.000444 | ||w||²/d=0.934286 | eps_adapter=2.017944e+00 | residual_overlap=0.001737
[step      700] t/d=  1.400 | task1=3.797036e-01 | |m1|=0.021197 | m1²=0.000449 | ||w||²/d=0.933491 | eps_adapter=2.016201e+00 | residual_overlap=0.001741
[step      725] t/d=  1.450 | task1=3.796417e-01 | |m1|=0.021303 | m1²=0.000454 | ||w||²/d=0.932733 | eps_adapter=2.014542e+00 | residual_overlap=0.001735
[step      750] t/d=  1.500 | task1=3.795815e-01 | |m1|=0.021187 | m1²=0.000449 | ||w||²/d=0.931893 | eps_adapter=2.012724e+00 | residual_overlap=0.001732
[step      775] t/d=  1.550 | task1=3.795293e-01 | |m1|=0.021176 | m1²=0.000448 | ||w||²/d=0.931053 | eps_adapter=2.010899e+00 | residual_overlap=0.001723
[step      800] t/d=  1.600 | task1=3.794883e-01 | |m1|=0.021423 | m1²=0.000459 | ||w||²/d=0.930441 | eps_adapter=2.009549e+00 | residual_overlap=0.001707
[step      825] t/d=  1.650 | task1=3.794157e-01 | |m1|=0.021480 | m1²=0.000461 | ||w||²/d=0.929557 | eps_adapter=2.007625e+00 | residual_overlap=0.001702
[step      850] t/d=  1.700 | task1=3.793688e-01 | |m1|=0.021541 | m1²=0.000464 | ||w||²/d=0.928984 | eps_adapter=2.006379e+00 | residual_overlap=0.001713
[step      875] t/d=  1.750 | task1=3.793237e-01 | |m1|=0.021516 | m1²=0.000463 | ||w||²/d=0.928563 | eps_adapter=2.005469e+00 | residual_overlap=0.001733
[step      900] t/d=  1.800 | task1=3.792731e-01 | |m1|=0.021470 | m1²=0.000461 | ||w||²/d=0.927954 | eps_adapter=2.004152e+00 | residual_overlap=0.001734
[step      925] t/d=  1.850 | task1=3.792028e-01 | |m1|=0.021419 | m1²=0.000459 | ||w||²/d=0.927175 | eps_adapter=2.002472e+00 | residual_overlap=0.001717
[step      950] t/d=  1.900 | task1=3.791487e-01 | |m1|=0.021437 | m1²=0.000460 | ||w||²/d=0.926628 | eps_adapter=2.001286e+00 | residual_overlap=0.001716
[step      975] t/d=  1.950 | task1=3.791147e-01 | |m1|=0.021547 | m1²=0.000464 | ||w||²/d=0.926026 | eps_adapter=1.999977e+00 | residual_overlap=0.001723
[step     1000] t/d=  2.000 | task1=3.790704e-01 | |m1|=0.021616 | m1²=0.000467 | ||w||²/d=0.925359 | eps_adapter=1.998529e+00 | residual_overlap=0.001730
Saved checkpoint: results/quality_pretraining/finetunetask1_d500_T5/prestep_0_lr0p01_init1_wseed21_sgdseed22/checkpoints/step_000001000
[step     1025] t/d=  2.050 | task1=3.790255e-01 | |m1|=0.021687 | m1²=0.000470 | ||w||²/d=0.924671 | eps_adapter=1.997038e+00 | residual_overlap=0.001741
[step     1050] t/d=  2.100 | task1=3.789591e-01 | |m1|=0.021530 | m1²=0.000464 | ||w||²/d=0.923975 | eps_adapter=1.995550e+00 | residual_overlap=0.001750
[step     1075] t/d=  2.150 | task1=3.788797e-01 | |m1|=0.021545 | m1²=0.000464 | ||w||²/d=0.923023 | eps_adapter=1.993497e+00 | residual_overlap=0.001761
[step     1100] t/d=  2.200 | task1=3.787913e-01 | |m1|=0.021416 | m1²=0.000459 | ||w||²/d=0.921868 | eps_adapter=1.991023e+00 | residual_overlap=0.001759
[step     1125] t/d=  2.250 | task1=3.787655e-01 | |m1|=0.021453 | m1²=0.000460 | ||w||²/d=0.921359 | eps_adapter=1.989926e+00 | residual_overlap=0.001754
[step     1150] t/d=  2.300 | task1=3.787339e-01 | |m1|=0.021405 | m1²=0.000458 | ||w||²/d=0.920855 | eps_adapter=1.988845e+00 | residual_overlap=0.001761
[step     1175] t/d=  2.350 | task1=3.786777e-01 | |m1|=0.021363 | m1²=0.000456 | ||w||²/d=0.920246 | eps_adapter=1.987541e+00 | residual_overlap=0.001777
[step     1200] t/d=  2.400 | task1=3.786220e-01 | |m1|=0.021404 | m1²=0.000458 | ||w||²/d=0.919315 | eps_adapter=1.985539e+00 | residual_overlap=0.001771
[step     1225] t/d=  2.450 | task1=3.785300e-01 | |m1|=0.021400 | m1²=0.000458 | ||w||²/d=0.918146 | eps_adapter=1.983034e+00 | residual_overlap=0.001752
[step     1250] t/d=  2.500 | task1=3.784841e-01 | |m1|=0.021306 | m1²=0.000454 | ||w||²/d=0.917385 | eps_adapter=1.981412e+00 | residual_overlap=0.001757
[step     1275] t/d=  2.550 | task1=3.784384e-01 | |m1|=0.021401 | m1²=0.000458 | ||w||²/d=0.916644 | eps_adapter=1.979818e+00 | residual_overlap=0.001773
[step     1300] t/d=  2.600 | task1=3.783940e-01 | |m1|=0.021205 | m1²=0.000450 | ||w||²/d=0.916080 | eps_adapter=1.978629e+00 | residual_overlap=0.001791
[step     1325] t/d=  2.650 | task1=3.783212e-01 | |m1|=0.021339 | m1²=0.000455 | ||w||²/d=0.915210 | eps_adapter=1.976760e+00 | residual_overlap=0.001790
[step     1350] t/d=  2.700 | task1=3.782927e-01 | |m1|=0.021265 | m1²=0.000452 | ||w||²/d=0.914526 | eps_adapter=1.975305e+00 | residual_overlap=0.001801
[step     1375] t/d=  2.750 | task1=3.782320e-01 | |m1|=0.021343 | m1²=0.000456 | ||w||²/d=0.913542 | eps_adapter=1.973201e+00 | residual_overlap=0.001816
[step     1400] t/d=  2.800 | task1=3.781639e-01 | |m1|=0.021233 | m1²=0.000451 | ||w||²/d=0.912924 | eps_adapter=1.971894e+00 | residual_overlap=0.001826
[step     1425] t/d=  2.850 | task1=3.780927e-01 | |m1|=0.021386 | m1²=0.000457 | ||w||²/d=0.912228 | eps_adapter=1.970397e+00 | residual_overlap=0.001842
[step     1450] t/d=  2.900 | task1=3.779901e-01 | |m1|=0.021491 | m1²=0.000462 | ||w||²/d=0.911119 | eps_adapter=1.968031e+00 | residual_overlap=0.001853
[step     1475] t/d=  2.950 | task1=3.778990e-01 | |m1|=0.021413 | m1²=0.000459 | ||w||²/d=0.910183 | eps_adapter=1.966049e+00 | residual_overlap=0.001857
[step     1500] t/d=  3.000 | task1=3.778529e-01 | |m1|=0.021503 | m1²=0.000462 | ||w||²/d=0.909666 | eps_adapter=1.964942e+00 | residual_overlap=0.001860
[step     1525] t/d=  3.050 | task1=3.778201e-01 | |m1|=0.021439 | m1²=0.000460 | ||w||²/d=0.909105 | eps_adapter=1.963758e+00 | residual_overlap=0.001843
[step     1550] t/d=  3.100 | task1=3.777477e-01 | |m1|=0.021375 | m1²=0.000457 | ||w||²/d=0.908182 | eps_adapter=1.961806e+00 | residual_overlap=0.001840
[step     1575] t/d=  3.150 | task1=3.776651e-01 | |m1|=0.021319 | m1²=0.000454 | ||w||²/d=0.907328 | eps_adapter=1.960002e+00 | residual_overlap=0.001859
[step     1600] t/d=  3.200 | task1=3.775787e-01 | |m1|=0.021200 | m1²=0.000449 | ||w||²/d=0.906474 | eps_adapter=1.958205e+00 | residual_overlap=0.001839
[step     1625] t/d=  3.250 | task1=3.775323e-01 | |m1|=0.021356 | m1²=0.000456 | ||w||²/d=0.905869 | eps_adapter=1.956913e+00 | residual_overlap=0.001837
[step     1650] t/d=  3.300 | task1=3.774398e-01 | |m1|=0.021488 | m1²=0.000462 | ||w||²/d=0.904874 | eps_adapter=1.954799e+00 | residual_overlap=0.001839
[step     1675] t/d=  3.350 | task1=3.773881e-01 | |m1|=0.021660 | m1²=0.000469 | ||w||²/d=0.904247 | eps_adapter=1.953462e+00 | residual_overlap=0.001851
[step     1700] t/d=  3.400 | task1=3.773262e-01 | |m1|=0.021793 | m1²=0.000475 | ||w||²/d=0.903526 | eps_adapter=1.951929e+00 | residual_overlap=0.001842
[step     1725] t/d=  3.450 | task1=3.772508e-01 | |m1|=0.021743 | m1²=0.000473 | ||w||²/d=0.902795 | eps_adapter=1.950393e+00 | residual_overlap=0.001844
[step     1750] t/d=  3.500 | task1=3.771899e-01 | |m1|=0.021692 | m1²=0.000471 | ||w||²/d=0.901952 | eps_adapter=1.948624e+00 | residual_overlap=0.001849
[step     1775] t/d=  3.550 | task1=3.771046e-01 | |m1|=0.021734 | m1²=0.000472 | ||w||²/d=0.901100 | eps_adapter=1.946827e+00 | residual_overlap=0.001866
[step     1800] t/d=  3.600 | task1=3.770204e-01 | |m1|=0.021841 | m1²=0.000477 | ||w||²/d=0.900105 | eps_adapter=1.944727e+00 | residual_overlap=0.001884
[step     1825] t/d=  3.650 | task1=3.769695e-01 | |m1|=0.021955 | m1²=0.000482 | ||w||²/d=0.899274 | eps_adapter=1.942972e+00 | residual_overlap=0.001880
[step     1850] t/d=  3.700 | task1=3.769114e-01 | |m1|=0.021988 | m1²=0.000483 | ||w||²/d=0.898367 | eps_adapter=1.941069e+00 | residual_overlap=0.001887
[step     1875] t/d=  3.750 | task1=3.768626e-01 | |m1|=0.021929 | m1²=0.000481 | ||w||²/d=0.897675 | eps_adapter=1.939624e+00 | residual_overlap=0.001898
[step     1900] t/d=  3.800 | task1=3.768198e-01 | |m1|=0.022125 | m1²=0.000490 | ||w||²/d=0.897134 | eps_adapter=1.938475e+00 | residual_overlap=0.001905
[step     1925] t/d=  3.850 | task1=3.767764e-01 | |m1|=0.022137 | m1²=0.000490 | ||w||²/d=0.896510 | eps_adapter=1.937168e+00 | residual_overlap=0.001915
[step     1950] t/d=  3.900 | task1=3.766874e-01 | |m1|=0.022077 | m1²=0.000487 | ||w||²/d=0.895508 | eps_adapter=1.935078e+00 | residual_overlap=0.001919
[step     1975] t/d=  3.950 | task1=3.766505e-01 | |m1|=0.022159 | m1²=0.000491 | ||w||²/d=0.894984 | eps_adapter=1.933976e+00 | residual_overlap=0.001936
[step     2000] t/d=  4.000 | task1=3.766136e-01 | |m1|=0.022146 | m1²=0.000490 | ||w||²/d=0.894615 | eps_adapter=1.933206e+00 | residual_overlap=0.001944
[step     2025] t/d=  4.050 | task1=3.765735e-01 | |m1|=0.022231 | m1²=0.000494 | ||w||²/d=0.893921 | eps_adapter=1.931751e+00 | residual_overlap=0.001947
[step     2050] t/d=  4.100 | task1=3.765310e-01 | |m1|=0.022040 | m1²=0.000486 | ||w||²/d=0.893167 | eps_adapter=1.930195e+00 | residual_overlap=0.001954
[step     2075] t/d=  4.150 | task1=3.764951e-01 | |m1|=0.022117 | m1²=0.000489 | ||w||²/d=0.892560 | eps_adapter=1.928924e+00 | residual_overlap=0.001942
[step     2100] t/d=  4.200 | task1=3.764248e-01 | |m1|=0.022108 | m1²=0.000489 | ||w||²/d=0.891789 | eps_adapter=1.927320e+00 | residual_overlap=0.001946
[step     2125] t/d=  4.250 | task1=3.763948e-01 | |m1|=0.022120 | m1²=0.000489 | ||w||²/d=0.891232 | eps_adapter=1.926160e+00 | residual_overlap=0.001955
[step     2150] t/d=  4.300 | task1=3.763610e-01 | |m1|=0.022083 | m1²=0.000488 | ||w||²/d=0.890785 | eps_adapter=1.925234e+00 | residual_overlap=0.001951
[step     2175] t/d=  4.350 | task1=3.763165e-01 | |m1|=0.022003 | m1²=0.000484 | ||w||²/d=0.889895 | eps_adapter=1.923392e+00 | residual_overlap=0.001953
[step     2200] t/d=  4.400 | task1=3.762492e-01 | |m1|=0.021970 | m1²=0.000483 | ||w||²/d=0.889283 | eps_adapter=1.922125e+00 | residual_overlap=0.001958
[step     2225] t/d=  4.450 | task1=3.761689e-01 | |m1|=0.022067 | m1²=0.000487 | ||w||²/d=0.888328 | eps_adapter=1.920136e+00 | residual_overlap=0.001972
[step     2250] t/d=  4.500 | task1=3.761169e-01 | |m1|=0.022098 | m1²=0.000488 | ||w||²/d=0.887717 | eps_adapter=1.918867e+00 | residual_overlap=0.001964
[step     2275] t/d=  4.550 | task1=3.760409e-01 | |m1|=0.022108 | m1²=0.000489 | ||w||²/d=0.886884 | eps_adapter=1.917142e+00 | residual_overlap=0.001965
[step     2300] t/d=  4.600 | task1=3.759991e-01 | |m1|=0.022123 | m1²=0.000489 | ||w||²/d=0.886314 | eps_adapter=1.915962e+00 | residual_overlap=0.001966
[step     2325] t/d=  4.650 | task1=3.759144e-01 | |m1|=0.022025 | m1²=0.000485 | ||w||²/d=0.885316 | eps_adapter=1.913907e+00 | residual_overlap=0.001981
[step     2350] t/d=  4.700 | task1=3.758351e-01 | |m1|=0.021999 | m1²=0.000484 | ||w||²/d=0.884348 | eps_adapter=1.911912e+00 | residual_overlap=0.001982
[step     2375] t/d=  4.750 | task1=3.757622e-01 | |m1|=0.021872 | m1²=0.000478 | ||w||²/d=0.883605 | eps_adapter=1.910389e+00 | residual_overlap=0.001984
[step     2400] t/d=  4.800 | task1=3.757336e-01 | |m1|=0.021882 | m1²=0.000479 | ||w||²/d=0.882931 | eps_adapter=1.908999e+00 | residual_overlap=0.001991
[step     2425] t/d=  4.850 | task1=3.756719e-01 | |m1|=0.021770 | m1²=0.000474 | ||w||²/d=0.882118 | eps_adapter=1.907335e+00 | residual_overlap=0.002003
[step     2450] t/d=  4.900 | task1=3.756154e-01 | |m1|=0.021753 | m1²=0.000473 | ||w||²/d=0.881243 | eps_adapter=1.905536e+00 | residual_overlap=0.002009
[step     2475] t/d=  4.950 | task1=3.755535e-01 | |m1|=0.021880 | m1²=0.000479 | ||w||²/d=0.880319 | eps_adapter=1.903628e+00 | residual_overlap=0.002032
[step     2500] t/d=  5.000 | task1=3.754718e-01 | |m1|=0.021745 | m1²=0.000473 | ||w||²/d=0.879386 | eps_adapter=1.901723e+00 | residual_overlap=0.002037
Saved checkpoint: results/quality_pretraining/finetunetask1_d500_T5/prestep_0_lr0p01_init1_wseed21_sgdseed22/checkpoints/step_000002500
[step     2600] t/d=  5.200 | task1=3.753041e-01 | |m1|=0.022012 | m1²=0.000485 | ||w||²/d=0.877503 | eps_adapter=1.897840e+00 | residual_overlap=0.002037
[step     2700] t/d=  5.400 | task1=3.750718e-01 | |m1|=0.021971 | m1²=0.000483 | ||w||²/d=0.874303 | eps_adapter=1.891304e+00 | residual_overlap=0.002053
[step     2800] t/d=  5.600 | task1=3.748592e-01 | |m1|=0.021691 | m1²=0.000470 | ||w||²/d=0.871531 | eps_adapter=1.885683e+00 | residual_overlap=0.002063
[step     2900] t/d=  5.800 | task1=3.747121e-01 | |m1|=0.021639 | m1²=0.000468 | ||w||²/d=0.869224 | eps_adapter=1.881001e+00 | residual_overlap=0.002045
[step     3000] t/d=  6.000 | task1=3.745543e-01 | |m1|=0.021749 | m1²=0.000473 | ||w||²/d=0.866769 | eps_adapter=1.876020e+00 | residual_overlap=0.002040
[step     3100] t/d=  6.200 | task1=3.743613e-01 | |m1|=0.021913 | m1²=0.000480 | ||w||²/d=0.863631 | eps_adapter=1.869673e+00 | residual_overlap=0.002081
[step     3200] t/d=  6.400 | task1=3.741753e-01 | |m1|=0.022076 | m1²=0.000487 | ||w||²/d=0.860814 | eps_adapter=1.863992e+00 | residual_overlap=0.002111
[step     3300] t/d=  6.600 | task1=3.739722e-01 | |m1|=0.022164 | m1²=0.000491 | ||w||²/d=0.858359 | eps_adapter=1.859062e+00 | residual_overlap=0.002108
[step     3400] t/d=  6.800 | task1=3.737348e-01 | |m1|=0.022327 | m1²=0.000498 | ||w||²/d=0.854827 | eps_adapter=1.851990e+00 | residual_overlap=0.002133
[step     3500] t/d=  7.000 | task1=3.735996e-01 | |m1|=0.022527 | m1²=0.000507 | ||w||²/d=0.852402 | eps_adapter=1.847143e+00 | residual_overlap=0.002129
[step     3600] t/d=  7.200 | task1=3.733647e-01 | |m1|=0.022496 | m1²=0.000506 | ||w||²/d=0.849482 | eps_adapter=1.841348e+00 | residual_overlap=0.002129
[step     3700] t/d=  7.400 | task1=3.731160e-01 | |m1|=0.022578 | m1²=0.000510 | ||w||²/d=0.846545 | eps_adapter=1.835531e+00 | residual_overlap=0.002170
[step     3800] t/d=  7.600 | task1=3.728857e-01 | |m1|=0.022863 | m1²=0.000523 | ||w||²/d=0.843170 | eps_adapter=1.828854e+00 | residual_overlap=0.002198
[step     3900] t/d=  7.800 | task1=3.726613e-01 | |m1|=0.022751 | m1²=0.000518 | ||w||²/d=0.839880 | eps_adapter=1.822404e+00 | residual_overlap=0.002207
[step     4000] t/d=  8.000 | task1=3.723865e-01 | |m1|=0.022561 | m1²=0.000509 | ||w||²/d=0.836342 | eps_adapter=1.815502e+00 | residual_overlap=0.002246
[step     4100] t/d=  8.200 | task1=3.721453e-01 | |m1|=0.022737 | m1²=0.000517 | ||w||²/d=0.832757 | eps_adapter=1.808506e+00 | residual_overlap=0.002239
[step     4200] t/d=  8.400 | task1=3.718921e-01 | |m1|=0.022734 | m1²=0.000517 | ||w||²/d=0.829489 | eps_adapter=1.802170e+00 | residual_overlap=0.002252
[step     4300] t/d=  8.600 | task1=3.716886e-01 | |m1|=0.022905 | m1²=0.000525 | ||w||²/d=0.826292 | eps_adapter=1.795981e+00 | residual_overlap=0.002214
[step     4400] t/d=  8.800 | task1=3.714528e-01 | |m1|=0.023077 | m1²=0.000533 | ||w||²/d=0.823231 | eps_adapter=1.790078e+00 | residual_overlap=0.002220
[step     4500] t/d=  9.000 | task1=3.712960e-01 | |m1|=0.023358 | m1²=0.000546 | ||w||²/d=0.820570 | eps_adapter=1.784951e+00 | residual_overlap=0.002231
[step     4600] t/d=  9.200 | task1=3.710774e-01 | |m1|=0.023021 | m1²=0.000530 | ||w||²/d=0.817855 | eps_adapter=1.779791e+00 | residual_overlap=0.002250
[step     4700] t/d=  9.400 | task1=3.708844e-01 | |m1|=0.023626 | m1²=0.000558 | ||w||²/d=0.815140 | eps_adapter=1.774569e+00 | residual_overlap=0.002261
[step     4800] t/d=  9.600 | task1=3.706900e-01 | |m1|=0.023285 | m1²=0.000542 | ||w||²/d=0.812296 | eps_adapter=1.769198e+00 | residual_overlap=0.002288
[step     4900] t/d=  9.800 | task1=3.704588e-01 | |m1|=0.023458 | m1²=0.000550 | ||w||²/d=0.809659 | eps_adapter=1.764195e+00 | residual_overlap=0.002359
[step     5000] t/d= 10.000 | task1=3.702659e-01 | |m1|=0.023295 | m1²=0.000543 | ||w||²/d=0.807041 | eps_adapter=1.759270e+00 | residual_overlap=0.002384
Saved checkpoint: results/quality_pretraining/finetunetask1_d500_T5/prestep_0_lr0p01_init1_wseed21_sgdseed22/checkpoints/step_000005000
[step     5100] t/d= 10.200 | task1=3.701125e-01 | |m1|=0.023697 | m1²=0.000562 | ||w||²/d=0.804353 | eps_adapter=1.754186e+00 | residual_overlap=0.002415
[step     5200] t/d= 10.400 | task1=3.698722e-01 | |m1|=0.023809 | m1²=0.000567 | ||w||²/d=0.801003 | eps_adapter=1.747903e+00 | residual_overlap=0.002453
[step     5300] t/d= 10.600 | task1=3.696801e-01 | |m1|=0.023815 | m1²=0.000567 | ||w||²/d=0.798421 | eps_adapter=1.743085e+00 | residual_overlap=0.002466
[step     5400] t/d= 10.800 | task1=3.694877e-01 | |m1|=0.023722 | m1²=0.000563 | ||w||²/d=0.795554 | eps_adapter=1.737763e+00 | residual_overlap=0.002490
[step     5500] t/d= 11.000 | task1=3.693668e-01 | |m1|=0.023825 | m1²=0.000568 | ||w||²/d=0.793629 | eps_adapter=1.734185e+00 | residual_overlap=0.002502
[step     5600] t/d= 11.200 | task1=3.691901e-01 | |m1|=0.023482 | m1²=0.000551 | ||w||²/d=0.790997 | eps_adapter=1.729348e+00 | residual_overlap=0.002519
[step     5700] t/d= 11.400 | task1=3.690332e-01 | |m1|=0.023570 | m1²=0.000556 | ||w||²/d=0.788506 | eps_adapter=1.724752e+00 | residual_overlap=0.002521
[step     5800] t/d= 11.600 | task1=3.688110e-01 | |m1|=0.023747 | m1²=0.000564 | ||w||²/d=0.785860 | eps_adapter=1.719879e+00 | residual_overlap=0.002551
[step     5900] t/d= 11.800 | task1=3.686500e-01 | |m1|=0.023773 | m1²=0.000565 | ||w||²/d=0.783702 | eps_adapter=1.715926e+00 | residual_overlap=0.002587
[step     6000] t/d= 12.000 | task1=3.685079e-01 | |m1|=0.023647 | m1²=0.000559 | ||w||²/d=0.781413 | eps_adapter=1.711757e+00 | residual_overlap=0.002602
[step     6100] t/d= 12.200 | task1=3.683135e-01 | |m1|=0.023601 | m1²=0.000557 | ||w||²/d=0.778565 | eps_adapter=1.706580e+00 | residual_overlap=0.002591
[step     6200] t/d= 12.400 | task1=3.681502e-01 | |m1|=0.023780 | m1²=0.000566 | ||w||²/d=0.776369 | eps_adapter=1.702582e+00 | residual_overlap=0.002620
[step     6300] t/d= 12.600 | task1=3.679793e-01 | |m1|=0.023753 | m1²=0.000564 | ||w||²/d=0.774161 | eps_adapter=1.698590e+00 | residual_overlap=0.002636
[step     6400] t/d= 12.800 | task1=3.677894e-01 | |m1|=0.023923 | m1²=0.000572 | ||w||²/d=0.771787 | eps_adapter=1.694297e+00 | residual_overlap=0.002629
[step     6500] t/d= 13.000 | task1=3.676224e-01 | |m1|=0.023951 | m1²=0.000574 | ||w||²/d=0.769474 | eps_adapter=1.690135e+00 | residual_overlap=0.002640
[step     6600] t/d= 13.200 | task1=3.674709e-01 | |m1|=0.023836 | m1²=0.000568 | ||w||²/d=0.766700 | eps_adapter=1.685174e+00 | residual_overlap=0.002692
[step     6700] t/d= 13.400 | task1=3.672779e-01 | |m1|=0.023698 | m1²=0.000562 | ||w||²/d=0.764223 | eps_adapter=1.680763e+00 | residual_overlap=0.002738
[step     6800] t/d= 13.600 | task1=3.671130e-01 | |m1|=0.023572 | m1²=0.000556 | ||w||²/d=0.761807 | eps_adapter=1.676472e+00 | residual_overlap=0.002759
[step     6900] t/d= 13.800 | task1=3.669464e-01 | |m1|=0.023343 | m1²=0.000545 | ||w||²/d=0.759732 | eps_adapter=1.672806e+00 | residual_overlap=0.002758
[step     7000] t/d= 14.000 | task1=3.667822e-01 | |m1|=0.023481 | m1²=0.000551 | ||w||²/d=0.757214 | eps_adapter=1.668341e+00 | residual_overlap=0.002784
[step     7100] t/d= 14.200 | task1=3.666500e-01 | |m1|=0.023683 | m1²=0.000561 | ||w||²/d=0.755160 | eps_adapter=1.664701e+00 | residual_overlap=0.002812
[step     7200] t/d= 14.400 | task1=3.665071e-01 | |m1|=0.023822 | m1²=0.000567 | ||w||²/d=0.753178 | eps_adapter=1.661204e+00 | residual_overlap=0.002837
[step     7300] t/d= 14.600 | task1=3.663591e-01 | |m1|=0.023683 | m1²=0.000561 | ||w||²/d=0.751312 | eps_adapter=1.657940e+00 | residual_overlap=0.002834
[step     7400] t/d= 14.800 | task1=3.662089e-01 | |m1|=0.023860 | m1²=0.000569 | ||w||²/d=0.748966 | eps_adapter=1.653821e+00 | residual_overlap=0.002824
[step     7500] t/d= 15.000 | task1=3.660279e-01 | |m1|=0.023903 | m1²=0.000571 | ||w||²/d=0.746475 | eps_adapter=1.649473e+00 | residual_overlap=0.002869
[step     7600] t/d= 15.200 | task1=3.658603e-01 | |m1|=0.023959 | m1²=0.000574 | ||w||²/d=0.744364 | eps_adapter=1.645797e+00 | residual_overlap=0.002890
[step     7700] t/d= 15.400 | task1=3.658036e-01 | |m1|=0.024105 | m1²=0.000581 | ||w||²/d=0.742961 | eps_adapter=1.643353e+00 | residual_overlap=0.002918
[step     7800] t/d= 15.600 | task1=3.656827e-01 | |m1|=0.024205 | m1²=0.000586 | ||w||²/d=0.741124 | eps_adapter=1.640166e+00 | residual_overlap=0.002931
[step     7900] t/d= 15.800 | task1=3.655856e-01 | |m1|=0.024344 | m1²=0.000593 | ||w||²/d=0.739534 | eps_adapter=1.637409e+00 | residual_overlap=0.002934
[step     8000] t/d= 16.000 | task1=3.654464e-01 | |m1|=0.024937 | m1²=0.000622 | ||w||²/d=0.736932 | eps_adapter=1.632881e+00 | residual_overlap=0.002949
[step     8100] t/d= 16.200 | task1=3.652811e-01 | |m1|=0.025390 | m1²=0.000645 | ||w||²/d=0.734378 | eps_adapter=1.628463e+00 | residual_overlap=0.002930
[step     8200] t/d= 16.400 | task1=3.650892e-01 | |m1|=0.025592 | m1²=0.000655 | ||w||²/d=0.731525 | eps_adapter=1.623569e+00 | residual_overlap=0.002984
[step     8300] t/d= 16.600 | task1=3.649364e-01 | |m1|=0.025727 | m1²=0.000662 | ||w||²/d=0.728604 | eps_adapter=1.618583e+00 | residual_overlap=0.002963
[step     8400] t/d= 16.800 | task1=3.647896e-01 | |m1|=0.026216 | m1²=0.000687 | ||w||²/d=0.726352 | eps_adapter=1.614723e+00 | residual_overlap=0.002971
[step     8500] t/d= 17.000 | task1=3.646606e-01 | |m1|=0.026177 | m1²=0.000685 | ||w||²/d=0.724318 | eps_adapter=1.611284e+00 | residual_overlap=0.003022
[step     8600] t/d= 17.200 | task1=3.644672e-01 | |m1|=0.026098 | m1²=0.000681 | ||w||²/d=0.721603 | eps_adapter=1.606713e+00 | residual_overlap=0.003053
[step     8700] t/d= 17.400 | task1=3.643535e-01 | |m1|=0.026062 | m1²=0.000679 | ||w||²/d=0.719802 | eps_adapter=1.603689e+00 | residual_overlap=0.003040
[step     8800] t/d= 17.600 | task1=3.641698e-01 | |m1|=0.026220 | m1²=0.000687 | ||w||²/d=0.716968 | eps_adapter=1.598928e+00 | residual_overlap=0.003063
[step     8900] t/d= 17.800 | task1=3.640389e-01 | |m1|=0.026356 | m1²=0.000695 | ||w||²/d=0.714972 | eps_adapter=1.595584e+00 | residual_overlap=0.003077
[step     9000] t/d= 18.000 | task1=3.638700e-01 | |m1|=0.026616 | m1²=0.000708 | ||w||²/d=0.712584 | eps_adapter=1.591587e+00 | residual_overlap=0.003091
[step     9100] t/d= 18.200 | task1=3.637045e-01 | |m1|=0.026114 | m1²=0.000682 | ||w||²/d=0.710101 | eps_adapter=1.587509e+00 | residual_overlap=0.003115
[step     9200] t/d= 18.400 | task1=3.635214e-01 | |m1|=0.025913 | m1²=0.000671 | ||w||²/d=0.707635 | eps_adapter=1.583447e+00 | residual_overlap=0.003163
[step     9300] t/d= 18.600 | task1=3.633913e-01 | |m1|=0.026236 | m1²=0.000688 | ||w||²/d=0.705940 | eps_adapter=1.580627e+00 | residual_overlap=0.003175
[step     9400] t/d= 18.800 | task1=3.632308e-01 | |m1|=0.026398 | m1²=0.000697 | ||w||²/d=0.703685 | eps_adapter=1.576907e+00 | residual_overlap=0.003184
[step     9500] t/d= 19.000 | task1=3.630647e-01 | |m1|=0.026361 | m1²=0.000695 | ||w||²/d=0.701262 | eps_adapter=1.572940e+00 | residual_overlap=0.003203
[step     9600] t/d= 19.200 | task1=3.629143e-01 | |m1|=0.026246 | m1²=0.000689 | ||w||²/d=0.699267 | eps_adapter=1.569692e+00 | residual_overlap=0.003209
[step     9700] t/d= 19.400 | task1=3.627892e-01 | |m1|=0.026021 | m1²=0.000677 | ||w||²/d=0.697268 | eps_adapter=1.566453e+00 | residual_overlap=0.003201
[step     9800] t/d= 19.600 | task1=3.625679e-01 | |m1|=0.025957 | m1²=0.000674 | ||w||²/d=0.694394 | eps_adapter=1.561795e+00 | residual_overlap=0.003238
[step     9900] t/d= 19.800 | task1=3.623754e-01 | |m1|=0.025974 | m1²=0.000675 | ||w||²/d=0.691838 | eps_adapter=1.557662e+00 | residual_overlap=0.003263
[step    10000] t/d= 20.000 | task1=3.622607e-01 | |m1|=0.026087 | m1²=0.000681 | ||w||²/d=0.690327 | eps_adapter=1.555218e+00 | residual_overlap=0.003254
Saved checkpoint: results/quality_pretraining/finetunetask1_d500_T5/prestep_0_lr0p01_init1_wseed21_sgdseed22/checkpoints/step_000010000
[step    10250] t/d= 20.500 | task1=3.619410e-01 | |m1|=0.026142 | m1²=0.000683 | ||w||²/d=0.684997 | eps_adapter=1.546665e+00 | residual_overlap=0.003353
[step    10500] t/d= 21.000 | task1=3.615789e-01 | |m1|=0.027032 | m1²=0.000731 | ||w||²/d=0.679738 | eps_adapter=1.538226e+00 | residual_overlap=0.003320
[step    10750] t/d= 21.500 | task1=3.611440e-01 | |m1|=0.027011 | m1²=0.000730 | ||w||²/d=0.673912 | eps_adapter=1.529031e+00 | residual_overlap=0.003382
[step    11000] t/d= 22.000 | task1=3.607628e-01 | |m1|=0.027515 | m1²=0.000757 | ||w||²/d=0.668673 | eps_adapter=1.520790e+00 | residual_overlap=0.003416
[step    11250] t/d= 22.500 | task1=3.604023e-01 | |m1|=0.027754 | m1²=0.000770 | ||w||²/d=0.663536 | eps_adapter=1.512791e+00 | residual_overlap=0.003410
[step    11500] t/d= 23.000 | task1=3.601274e-01 | |m1|=0.028001 | m1²=0.000784 | ||w||²/d=0.658816 | eps_adapter=1.505494e+00 | residual_overlap=0.003446
[step    11750] t/d= 23.500 | task1=3.598273e-01 | |m1|=0.028470 | m1²=0.000811 | ||w||²/d=0.654290 | eps_adapter=1.498528e+00 | residual_overlap=0.003512
[step    12000] t/d= 24.000 | task1=3.595259e-01 | |m1|=0.028578 | m1²=0.000817 | ||w||²/d=0.649740 | eps_adapter=1.491602e+00 | residual_overlap=0.003522
[step    12250] t/d= 24.500 | task1=3.592983e-01 | |m1|=0.028983 | m1²=0.000840 | ||w||²/d=0.645612 | eps_adapter=1.485335e+00 | residual_overlap=0.003539
[step    12500] t/d= 25.000 | task1=3.589902e-01 | |m1|=0.028782 | m1²=0.000828 | ||w||²/d=0.641119 | eps_adapter=1.478612e+00 | residual_overlap=0.003627
[step    12750] t/d= 25.500 | task1=3.587178e-01 | |m1|=0.028996 | m1²=0.000841 | ||w||²/d=0.637544 | eps_adapter=1.473266e+00 | residual_overlap=0.003715
[step    13000] t/d= 26.000 | task1=3.584110e-01 | |m1|=0.029107 | m1²=0.000847 | ||w||²/d=0.632549 | eps_adapter=1.465861e+00 | residual_overlap=0.003802
[step    13250] t/d= 26.500 | task1=3.580968e-01 | |m1|=0.029561 | m1²=0.000874 | ||w||²/d=0.627396 | eps_adapter=1.458256e+00 | residual_overlap=0.003838
[step    13500] t/d= 27.000 | task1=3.578858e-01 | |m1|=0.029344 | m1²=0.000861 | ||w||²/d=0.623540 | eps_adapter=1.452651e+00 | residual_overlap=0.003878
[step    13750] t/d= 27.500 | task1=3.575797e-01 | |m1|=0.029614 | m1²=0.000877 | ||w||²/d=0.618985 | eps_adapter=1.446032e+00 | residual_overlap=0.003929
[step    14000] t/d= 28.000 | task1=3.573203e-01 | |m1|=0.029305 | m1²=0.000859 | ||w||²/d=0.614959 | eps_adapter=1.440265e+00 | residual_overlap=0.003947
[step    14250] t/d= 28.500 | task1=3.570481e-01 | |m1|=0.029320 | m1²=0.000860 | ||w||²/d=0.610851 | eps_adapter=1.434394e+00 | residual_overlap=0.003982
[step    14500] t/d= 29.000 | task1=3.567812e-01 | |m1|=0.029725 | m1²=0.000884 | ||w||²/d=0.606424 | eps_adapter=1.428081e+00 | residual_overlap=0.004058
[step    14750] t/d= 29.500 | task1=3.565292e-01 | |m1|=0.030114 | m1²=0.000907 | ||w||²/d=0.602252 | eps_adapter=1.422174e+00 | residual_overlap=0.004072
[step    15000] t/d= 30.000 | task1=3.562668e-01 | |m1|=0.030869 | m1²=0.000953 | ||w||²/d=0.598261 | eps_adapter=1.416529e+00 | residual_overlap=0.004088
[step    15250] t/d= 30.500 | task1=3.559543e-01 | |m1|=0.031489 | m1²=0.000992 | ||w||²/d=0.593880 | eps_adapter=1.410393e+00 | residual_overlap=0.004178
[step    15500] t/d= 31.000 | task1=3.555936e-01 | |m1|=0.031873 | m1²=0.001016 | ||w||²/d=0.589007 | eps_adapter=1.403644e+00 | residual_overlap=0.004184
[step    15750] t/d= 31.500 | task1=3.553484e-01 | |m1|=0.032088 | m1²=0.001030 | ||w||²/d=0.584848 | eps_adapter=1.397937e+00 | residual_overlap=0.004213
[step    16000] t/d= 32.000 | task1=3.551145e-01 | |m1|=0.032012 | m1²=0.001025 | ||w||²/d=0.580566 | eps_adapter=1.392128e+00 | residual_overlap=0.004181
[step    16250] t/d= 32.500 | task1=3.548660e-01 | |m1|=0.032141 | m1²=0.001033 | ||w||²/d=0.576486 | eps_adapter=1.386617e+00 | residual_overlap=0.004242
[step    16500] t/d= 33.000 | task1=3.545981e-01 | |m1|=0.032816 | m1²=0.001077 | ||w||²/d=0.571959 | eps_adapter=1.380505e+00 | residual_overlap=0.004297
[step    16750] t/d= 33.500 | task1=3.543694e-01 | |m1|=0.033345 | m1²=0.001112 | ||w||²/d=0.568247 | eps_adapter=1.375530e+00 | residual_overlap=0.004321
[step    17000] t/d= 34.000 | task1=3.540694e-01 | |m1|=0.033925 | m1²=0.001151 | ||w||²/d=0.563472 | eps_adapter=1.369187e+00 | residual_overlap=0.004330
[step    17250] t/d= 34.500 | task1=3.539014e-01 | |m1|=0.033690 | m1²=0.001135 | ||w||²/d=0.560344 | eps_adapter=1.365111e+00 | residual_overlap=0.004358
[step    17500] t/d= 35.000 | task1=3.536176e-01 | |m1|=0.033750 | m1²=0.001139 | ||w||²/d=0.555368 | eps_adapter=1.358638e+00 | residual_overlap=0.004408
[step    17750] t/d= 35.500 | task1=3.533855e-01 | |m1|=0.033902 | m1²=0.001149 | ||w||²/d=0.552003 | eps_adapter=1.354285e+00 | residual_overlap=0.004421
[step    18000] t/d= 36.000 | task1=3.531931e-01 | |m1|=0.034420 | m1²=0.001185 | ||w||²/d=0.548788 | eps_adapter=1.350119e+00 | residual_overlap=0.004435
[step    18250] t/d= 36.500 | task1=3.528958e-01 | |m1|=0.035163 | m1²=0.001236 | ||w||²/d=0.543730 | eps_adapter=1.343622e+00 | residual_overlap=0.004453
[step    18500] t/d= 37.000 | task1=3.526690e-01 | |m1|=0.035164 | m1²=0.001237 | ||w||²/d=0.539124 | eps_adapter=1.337813e+00 | residual_overlap=0.004499
[step    18750] t/d= 37.500 | task1=3.524613e-01 | |m1|=0.035742 | m1²=0.001277 | ||w||²/d=0.535673 | eps_adapter=1.333445e+00 | residual_overlap=0.004552
[step    19000] t/d= 38.000 | task1=3.522726e-01 | |m1|=0.036363 | m1²=0.001322 | ||w||²/d=0.532243 | eps_adapter=1.329128e+00 | residual_overlap=0.004604
[step    19250] t/d= 38.500 | task1=3.520635e-01 | |m1|=0.036292 | m1²=0.001317 | ||w||²/d=0.529302 | eps_adapter=1.325498e+00 | residual_overlap=0.004669
[step    19500] t/d= 39.000 | task1=3.517951e-01 | |m1|=0.036848 | m1²=0.001358 | ||w||²/d=0.525143 | eps_adapter=1.320344e+00 | residual_overlap=0.004753
[step    19750] t/d= 39.500 | task1=3.516171e-01 | |m1|=0.037373 | m1²=0.001397 | ||w||²/d=0.521878 | eps_adapter=1.316320e+00 | residual_overlap=0.004802
[step    20000] t/d= 40.000 | task1=3.513929e-01 | |m1|=0.037265 | m1²=0.001389 | ||w||²/d=0.518487 | eps_adapter=1.312222e+00 | residual_overlap=0.004834
[step    20250] t/d= 40.500 | task1=3.511753e-01 | |m1|=0.037172 | m1²=0.001382 | ||w||²/d=0.514863 | eps_adapter=1.307869e+00 | residual_overlap=0.004862
[step    20500] t/d= 41.000 | task1=3.509014e-01 | |m1|=0.037288 | m1²=0.001390 | ||w||²/d=0.510842 | eps_adapter=1.303058e+00 | residual_overlap=0.004941
[step    20750] t/d= 41.500 | task1=3.506180e-01 | |m1|=0.037862 | m1²=0.001434 | ||w||²/d=0.507094 | eps_adapter=1.298569e+00 | residual_overlap=0.005002
[step    21000] t/d= 42.000 | task1=3.503685e-01 | |m1|=0.037973 | m1²=0.001442 | ||w||²/d=0.503286 | eps_adapter=1.294081e+00 | residual_overlap=0.005012
[step    21250] t/d= 42.500 | task1=3.501538e-01 | |m1|=0.038404 | m1²=0.001475 | ||w||²/d=0.499199 | eps_adapter=1.289276e+00 | residual_overlap=0.005067
[step    21500] t/d= 43.000 | task1=3.499509e-01 | |m1|=0.038405 | m1²=0.001475 | ||w||²/d=0.495647 | eps_adapter=1.285162e+00 | residual_overlap=0.005129
[step    21750] t/d= 43.500 | task1=3.497836e-01 | |m1|=0.038395 | m1²=0.001474 | ||w||²/d=0.492366 | eps_adapter=1.281390e+00 | residual_overlap=0.005163
[step    22000] t/d= 44.000 | task1=3.495797e-01 | |m1|=0.038189 | m1²=0.001458 | ||w||²/d=0.488796 | eps_adapter=1.277330e+00 | residual_overlap=0.005214
[step    22250] t/d= 44.500 | task1=3.493654e-01 | |m1|=0.038270 | m1²=0.001465 | ||w||²/d=0.485072 | eps_adapter=1.273102e+00 | residual_overlap=0.005260
[step    22500] t/d= 45.000 | task1=3.491851e-01 | |m1|=0.038023 | m1²=0.001446 | ||w||²/d=0.481984 | eps_adapter=1.269646e+00 | residual_overlap=0.005261
[step    22750] t/d= 45.500 | task1=3.489960e-01 | |m1|=0.037679 | m1²=0.001420 | ||w||²/d=0.479264 | eps_adapter=1.266629e+00 | residual_overlap=0.005344
[step    23000] t/d= 46.000 | task1=3.488352e-01 | |m1|=0.037692 | m1²=0.001421 | ||w||²/d=0.476208 | eps_adapter=1.263229e+00 | residual_overlap=0.005394
[step    23250] t/d= 46.500 | task1=3.486176e-01 | |m1|=0.037237 | m1²=0.001387 | ||w||²/d=0.471757 | eps_adapter=1.258353e+00 | residual_overlap=0.005464
[step    23500] t/d= 47.000 | task1=3.484463e-01 | |m1|=0.037858 | m1²=0.001433 | ||w||²/d=0.468679 | eps_adapter=1.254937e+00 | residual_overlap=0.005469
[step    23750] t/d= 47.500 | task1=3.482896e-01 | |m1|=0.037829 | m1²=0.001431 | ||w||²/d=0.465439 | eps_adapter=1.251416e+00 | residual_overlap=0.005518
[step    24000] t/d= 48.000 | task1=3.481018e-01 | |m1|=0.038011 | m1²=0.001445 | ||w||²/d=0.461884 | eps_adapter=1.247566e+00 | residual_overlap=0.005622
[step    24250] t/d= 48.500 | task1=3.479252e-01 | |m1|=0.038233 | m1²=0.001462 | ||w||²/d=0.458285 | eps_adapter=1.243694e+00 | residual_overlap=0.005672
[step    24500] t/d= 49.000 | task1=3.477438e-01 | |m1|=0.039270 | m1²=0.001542 | ||w||²/d=0.454776 | eps_adapter=1.239887e+00 | residual_overlap=0.005684
[step    24750] t/d= 49.500 | task1=3.475949e-01 | |m1|=0.039817 | m1²=0.001585 | ||w||²/d=0.451396 | eps_adapter=1.236281e+00 | residual_overlap=0.005786
[step    25000] t/d= 50.000 | task1=3.474540e-01 | |m1|=0.040567 | m1²=0.001646 | ||w||²/d=0.448824 | eps_adapter=1.233529e+00 | residual_overlap=0.005821
Saved checkpoint: results/quality_pretraining/finetunetask1_d500_T5/prestep_0_lr0p01_init1_wseed21_sgdseed22/checkpoints/step_000025000
[step    25250] t/d= 50.500 | task1=3.472894e-01 | |m1|=0.040843 | m1²=0.001668 | ||w||²/d=0.446053 | eps_adapter=1.230623e+00 | residual_overlap=0.005813
[step    25500] t/d= 51.000 | task1=3.471450e-01 | |m1|=0.041103 | m1²=0.001689 | ||w||²/d=0.443174 | eps_adapter=1.227625e+00 | residual_overlap=0.005896
[step    25750] t/d= 51.500 | task1=3.469257e-01 | |m1|=0.041462 | m1²=0.001719 | ||w||²/d=0.439609 | eps_adapter=1.223937e+00 | residual_overlap=0.005894
[step    26000] t/d= 52.000 | task1=3.467891e-01 | |m1|=0.042020 | m1²=0.001766 | ||w||²/d=0.436549 | eps_adapter=1.220774e+00 | residual_overlap=0.005883
[step    26250] t/d= 52.500 | task1=3.466563e-01 | |m1|=0.042666 | m1²=0.001820 | ||w||²/d=0.433845 | eps_adapter=1.217986e+00 | residual_overlap=0.005946
[step    26500] t/d= 53.000 | task1=3.464809e-01 | |m1|=0.042646 | m1²=0.001819 | ||w||²/d=0.431111 | eps_adapter=1.215238e+00 | residual_overlap=0.006014
[step    26750] t/d= 53.500 | task1=3.463077e-01 | |m1|=0.043599 | m1²=0.001901 | ||w||²/d=0.428107 | eps_adapter=1.212162e+00 | residual_overlap=0.006041
[step    27000] t/d= 54.000 | task1=3.461899e-01 | |m1|=0.044016 | m1²=0.001937 | ||w||²/d=0.425598 | eps_adapter=1.209638e+00 | residual_overlap=0.006045
[step    27250] t/d= 54.500 | task1=3.460417e-01 | |m1|=0.044215 | m1²=0.001955 | ||w||²/d=0.422898 | eps_adapter=1.206959e+00 | residual_overlap=0.006028
[step    27500] t/d= 55.000 | task1=3.459264e-01 | |m1|=0.045130 | m1²=0.002037 | ||w||²/d=0.420400 | eps_adapter=1.204437e+00 | residual_overlap=0.006093
[step    27750] t/d= 55.500 | task1=3.457512e-01 | |m1|=0.045896 | m1²=0.002106 | ||w||²/d=0.417831 | eps_adapter=1.201872e+00 | residual_overlap=0.006190
[step    28000] t/d= 56.000 | task1=3.456385e-01 | |m1|=0.045887 | m1²=0.002106 | ||w||²/d=0.414986 | eps_adapter=1.199120e+00 | residual_overlap=0.006204
[step    28250] t/d= 56.500 | task1=3.454761e-01 | |m1|=0.046618 | m1²=0.002173 | ||w||²/d=0.411856 | eps_adapter=1.196053e+00 | residual_overlap=0.006247
[step    28500] t/d= 57.000 | task1=3.453330e-01 | |m1|=0.047001 | m1²=0.002209 | ||w||²/d=0.409155 | eps_adapter=1.193446e+00 | residual_overlap=0.006313
[step    28750] t/d= 57.500 | task1=3.451571e-01 | |m1|=0.047318 | m1²=0.002239 | ||w||²/d=0.406360 | eps_adapter=1.190773e+00 | residual_overlap=0.006380
[step    29000] t/d= 58.000 | task1=3.450525e-01 | |m1|=0.046790 | m1²=0.002189 | ||w||²/d=0.404305 | eps_adapter=1.188881e+00 | residual_overlap=0.006406
[step    29250] t/d= 58.500 | task1=3.449685e-01 | |m1|=0.047332 | m1²=0.002240 | ||w||²/d=0.402417 | eps_adapter=1.187069e+00 | residual_overlap=0.006487
[step    29500] t/d= 59.000 | task1=3.448491e-01 | |m1|=0.047545 | m1²=0.002261 | ||w||²/d=0.400250 | eps_adapter=1.185031e+00 | residual_overlap=0.006571
[step    29750] t/d= 59.500 | task1=3.447670e-01 | |m1|=0.048243 | m1²=0.002327 | ||w||²/d=0.398047 | eps_adapter=1.182932e+00 | residual_overlap=0.006603
[step    30000] t/d= 60.000 | task1=3.445952e-01 | |m1|=0.048472 | m1²=0.002350 | ||w||²/d=0.395292 | eps_adapter=1.180375e+00 | residual_overlap=0.006680
[step    30250] t/d= 60.500 | task1=3.444859e-01 | |m1|=0.049095 | m1²=0.002410 | ||w||²/d=0.393326 | eps_adapter=1.178524e+00 | residual_overlap=0.006735
[step    30500] t/d= 61.000 | task1=3.443343e-01 | |m1|=0.049038 | m1²=0.002405 | ||w||²/d=0.390778 | eps_adapter=1.176211e+00 | residual_overlap=0.006778
[step    30750] t/d= 61.500 | task1=3.442117e-01 | |m1|=0.049064 | m1²=0.002407 | ||w||²/d=0.388329 | eps_adapter=1.173993e+00 | residual_overlap=0.006814
[step    31000] t/d= 62.000 | task1=3.440900e-01 | |m1|=0.049654 | m1²=0.002466 | ||w||²/d=0.385802 | eps_adapter=1.171674e+00 | residual_overlap=0.006815
[step    31250] t/d= 62.500 | task1=3.439594e-01 | |m1|=0.050038 | m1²=0.002504 | ||w||²/d=0.383586 | eps_adapter=1.169665e+00 | residual_overlap=0.006862
[step    31500] t/d= 63.000 | task1=3.438266e-01 | |m1|=0.050011 | m1²=0.002501 | ||w||²/d=0.381388 | eps_adapter=1.167716e+00 | residual_overlap=0.006900
[step    31750] t/d= 63.500 | task1=3.436710e-01 | |m1|=0.050666 | m1²=0.002567 | ||w||²/d=0.378585 | eps_adapter=1.165192e+00 | residual_overlap=0.006971
[step    32000] t/d= 64.000 | task1=3.435649e-01 | |m1|=0.051400 | m1²=0.002642 | ||w||²/d=0.376593 | eps_adapter=1.163385e+00 | residual_overlap=0.007046
[step    32250] t/d= 64.500 | task1=3.434470e-01 | |m1|=0.051707 | m1²=0.002674 | ||w||²/d=0.374060 | eps_adapter=1.161155e+00 | residual_overlap=0.007119
[step    32500] t/d= 65.000 | task1=3.433284e-01 | |m1|=0.052199 | m1²=0.002725 | ||w||²/d=0.372294 | eps_adapter=1.159585e+00 | residual_overlap=0.007180
[step    32750] t/d= 65.500 | task1=3.432349e-01 | |m1|=0.052255 | m1²=0.002731 | ||w||²/d=0.370419 | eps_adapter=1.157967e+00 | residual_overlap=0.007216
[step    33000] t/d= 66.000 | task1=3.431274e-01 | |m1|=0.053145 | m1²=0.002824 | ||w||²/d=0.367872 | eps_adapter=1.155712e+00 | residual_overlap=0.007256
[step    33250] t/d= 66.500 | task1=3.430349e-01 | |m1|=0.053545 | m1²=0.002867 | ||w||²/d=0.365605 | eps_adapter=1.153752e+00 | residual_overlap=0.007303
[step    33500] t/d= 67.000 | task1=3.429320e-01 | |m1|=0.053589 | m1²=0.002872 | ||w||²/d=0.363256 | eps_adapter=1.151764e+00 | residual_overlap=0.007348
[step    33750] t/d= 67.500 | task1=3.428537e-01 | |m1|=0.053934 | m1²=0.002909 | ||w||²/d=0.361169 | eps_adapter=1.149984e+00 | residual_overlap=0.007439
[step    34000] t/d= 68.000 | task1=3.427403e-01 | |m1|=0.053806 | m1²=0.002895 | ||w||²/d=0.359167 | eps_adapter=1.148323e+00 | residual_overlap=0.007479
[step    34250] t/d= 68.500 | task1=3.426272e-01 | |m1|=0.054568 | m1²=0.002978 | ||w||²/d=0.357222 | eps_adapter=1.146645e+00 | residual_overlap=0.007519
[step    34500] t/d= 69.000 | task1=3.425071e-01 | |m1|=0.055045 | m1²=0.003030 | ||w||²/d=0.354981 | eps_adapter=1.144757e+00 | residual_overlap=0.007596
[step    34750] t/d= 69.500 | task1=3.424384e-01 | |m1|=0.055643 | m1²=0.003096 | ||w||²/d=0.353593 | eps_adapter=1.143567e+00 | residual_overlap=0.007655
[step    35000] t/d= 70.000 | task1=3.423270e-01 | |m1|=0.056347 | m1²=0.003175 | ||w||²/d=0.351347 | eps_adapter=1.141675e+00 | residual_overlap=0.007708
[step    35250] t/d= 70.500 | task1=3.421780e-01 | |m1|=0.056715 | m1²=0.003217 | ||w||²/d=0.348821 | eps_adapter=1.139597e+00 | residual_overlap=0.007759
[step    35500] t/d= 71.000 | task1=3.420852e-01 | |m1|=0.057191 | m1²=0.003271 | ||w||²/d=0.347520 | eps_adapter=1.138507e+00 | residual_overlap=0.007817
[step    35750] t/d= 71.500 | task1=3.419690e-01 | |m1|=0.057864 | m1²=0.003348 | ||w||²/d=0.345509 | eps_adapter=1.136837e+00 | residual_overlap=0.007878
[step    36000] t/d= 72.000 | task1=3.418881e-01 | |m1|=0.058791 | m1²=0.003456 | ||w||²/d=0.343710 | eps_adapter=1.135322e+00 | residual_overlap=0.007972
[step    36250] t/d= 72.500 | task1=3.417822e-01 | |m1|=0.058485 | m1²=0.003420 | ||w||²/d=0.341357 | eps_adapter=1.133485e+00 | residual_overlap=0.008047
[step    36500] t/d= 73.000 | task1=3.416810e-01 | |m1|=0.058431 | m1²=0.003414 | ||w||²/d=0.339318 | eps_adapter=1.131884e+00 | residual_overlap=0.008101
[step    36750] t/d= 73.500 | task1=3.416312e-01 | |m1|=0.059300 | m1²=0.003517 | ||w||²/d=0.338078 | eps_adapter=1.130839e+00 | residual_overlap=0.008162
[step    37000] t/d= 74.000 | task1=3.415564e-01 | |m1|=0.059520 | m1²=0.003543 | ||w||²/d=0.336349 | eps_adapter=1.129472e+00 | residual_overlap=0.008224
[step    37250] t/d= 74.500 | task1=3.414942e-01 | |m1|=0.060262 | m1²=0.003632 | ||w||²/d=0.334436 | eps_adapter=1.127925e+00 | residual_overlap=0.008317
[step    37500] t/d= 75.000 | task1=3.413920e-01 | |m1|=0.061016 | m1²=0.003723 | ||w||²/d=0.332750 | eps_adapter=1.126559e+00 | residual_overlap=0.008366
[step    37750] t/d= 75.500 | task1=3.412945e-01 | |m1|=0.061151 | m1²=0.003739 | ||w||²/d=0.330774 | eps_adapter=1.125033e+00 | residual_overlap=0.008395
[step    38000] t/d= 76.000 | task1=3.412190e-01 | |m1|=0.060984 | m1²=0.003719 | ||w||²/d=0.329676 | eps_adapter=1.124210e+00 | residual_overlap=0.008449
[step    38250] t/d= 76.500 | task1=3.411231e-01 | |m1|=0.060658 | m1²=0.003679 | ||w||²/d=0.327947 | eps_adapter=1.122925e+00 | residual_overlap=0.008502
[step    38500] t/d= 77.000 | task1=3.410280e-01 | |m1|=0.060253 | m1²=0.003630 | ||w||²/d=0.326262 | eps_adapter=1.121686e+00 | residual_overlap=0.008548
[step    38750] t/d= 77.500 | task1=3.409716e-01 | |m1|=0.061133 | m1²=0.003737 | ||w||²/d=0.325150 | eps_adapter=1.120774e+00 | residual_overlap=0.008585
[step    39000] t/d= 78.000 | task1=3.409118e-01 | |m1|=0.061142 | m1²=0.003738 | ||w||²/d=0.323880 | eps_adapter=1.119822e+00 | residual_overlap=0.008677
[step    39250] t/d= 78.500 | task1=3.408709e-01 | |m1|=0.061924 | m1²=0.003835 | ||w||²/d=0.322350 | eps_adapter=1.118613e+00 | residual_overlap=0.008736
[step    39500] t/d= 79.000 | task1=3.408293e-01 | |m1|=0.061908 | m1²=0.003833 | ||w||²/d=0.320723 | eps_adapter=1.117407e+00 | residual_overlap=0.008777
[step    39750] t/d= 79.500 | task1=3.407522e-01 | |m1|=0.061845 | m1²=0.003825 | ||w||²/d=0.318791 | eps_adapter=1.115985e+00 | residual_overlap=0.008829
[step    40000] t/d= 80.000 | task1=3.406545e-01 | |m1|=0.061649 | m1²=0.003801 | ||w||²/d=0.316997 | eps_adapter=1.114686e+00 | residual_overlap=0.008908
[step    40250] t/d= 80.500 | task1=3.406072e-01 | |m1|=0.062117 | m1²=0.003859 | ||w||²/d=0.315913 | eps_adapter=1.113854e+00 | residual_overlap=0.009007
[step    40500] t/d= 81.000 | task1=3.405027e-01 | |m1|=0.062222 | m1²=0.003872 | ||w||²/d=0.314243 | eps_adapter=1.112631e+00 | residual_overlap=0.009060
[step    40750] t/d= 81.500 | task1=3.404156e-01 | |m1|=0.062701 | m1²=0.003931 | ||w||²/d=0.312626 | eps_adapter=1.111421e+00 | residual_overlap=0.009067
[step    41000] t/d= 82.000 | task1=3.403660e-01 | |m1|=0.062664 | m1²=0.003927 | ||w||²/d=0.311591 | eps_adapter=1.110678e+00 | residual_overlap=0.009095
[step    41250] t/d= 82.500 | task1=3.402896e-01 | |m1|=0.062952 | m1²=0.003963 | ||w||²/d=0.310195 | eps_adapter=1.109653e+00 | residual_overlap=0.009141
[step    41500] t/d= 83.000 | task1=3.401964e-01 | |m1|=0.063409 | m1²=0.004021 | ||w||²/d=0.308687 | eps_adapter=1.108538e+00 | residual_overlap=0.009208
[step    41750] t/d= 83.500 | task1=3.401354e-01 | |m1|=0.063631 | m1²=0.004049 | ||w||²/d=0.307198 | eps_adapter=1.107462e+00 | residual_overlap=0.009266
[step    42000] t/d= 84.000 | task1=3.400574e-01 | |m1|=0.063668 | m1²=0.004054 | ||w||²/d=0.305460 | eps_adapter=1.106231e+00 | residual_overlap=0.009342
[step    42250] t/d= 84.500 | task1=3.399920e-01 | |m1|=0.063816 | m1²=0.004072 | ||w||²/d=0.303602 | eps_adapter=1.104914e+00 | residual_overlap=0.009399
[step    42500] t/d= 85.000 | task1=3.399260e-01 | |m1|=0.064185 | m1²=0.004120 | ||w||²/d=0.302646 | eps_adapter=1.104216e+00 | residual_overlap=0.009497
[step    42750] t/d= 85.500 | task1=3.398405e-01 | |m1|=0.065192 | m1²=0.004250 | ||w||²/d=0.301117 | eps_adapter=1.103067e+00 | residual_overlap=0.009546
[step    43000] t/d= 86.000 | task1=3.397578e-01 | |m1|=0.065099 | m1²=0.004238 | ||w||²/d=0.299417 | eps_adapter=1.101899e+00 | residual_overlap=0.009651
[step    43250] t/d= 86.500 | task1=3.397064e-01 | |m1|=0.065525 | m1²=0.004293 | ||w||²/d=0.298171 | eps_adapter=1.101005e+00 | residual_overlap=0.009695
[step    43500] t/d= 87.000 | task1=3.396497e-01 | |m1|=0.065802 | m1²=0.004330 | ||w||²/d=0.297037 | eps_adapter=1.100204e+00 | residual_overlap=0.009757
[step    43750] t/d= 87.500 | task1=3.396097e-01 | |m1|=0.066499 | m1²=0.004422 | ||w||²/d=0.296127 | eps_adapter=1.099524e+00 | residual_overlap=0.009827
[step    44000] t/d= 88.000 | task1=3.395525e-01 | |m1|=0.067061 | m1²=0.004497 | ||w||²/d=0.294573 | eps_adapter=1.098419e+00 | residual_overlap=0.009857
[step    44250] t/d= 88.500 | task1=3.394858e-01 | |m1|=0.067535 | m1²=0.004561 | ||w||²/d=0.293167 | eps_adapter=1.097428e+00 | residual_overlap=0.009874
[step    44500] t/d= 89.000 | task1=3.394114e-01 | |m1|=0.068223 | m1²=0.004654 | ||w||²/d=0.291460 | eps_adapter=1.096222e+00 | residual_overlap=0.009955
[step    44750] t/d= 89.500 | task1=3.393604e-01 | |m1|=0.068497 | m1²=0.004692 | ||w||²/d=0.290241 | eps_adapter=1.095383e+00 | residual_overlap=0.009999
[step    45000] t/d= 90.000 | task1=3.393051e-01 | |m1|=0.068766 | m1²=0.004729 | ||w||²/d=0.289400 | eps_adapter=1.094799e+00 | residual_overlap=0.010089
[step    45250] t/d= 90.500 | task1=3.392558e-01 | |m1|=0.069416 | m1²=0.004819 | ||w||²/d=0.288223 | eps_adapter=1.093962e+00 | residual_overlap=0.010140
[step    45500] t/d= 91.000 | task1=3.391868e-01 | |m1|=0.070472 | m1²=0.004966 | ||w||²/d=0.286648 | eps_adapter=1.092830e+00 | residual_overlap=0.010159
[step    45750] t/d= 91.500 | task1=3.391177e-01 | |m1|=0.071305 | m1²=0.005084 | ||w||²/d=0.285375 | eps_adapter=1.091920e+00 | residual_overlap=0.010240
[step    46000] t/d= 92.000 | task1=3.390820e-01 | |m1|=0.071661 | m1²=0.005135 | ||w||²/d=0.284231 | eps_adapter=1.091141e+00 | residual_overlap=0.010313
[step    46250] t/d= 92.500 | task1=3.390415e-01 | |m1|=0.072355 | m1²=0.005235 | ||w||²/d=0.283212 | eps_adapter=1.090417e+00 | residual_overlap=0.010328
[step    46500] t/d= 93.000 | task1=3.389690e-01 | |m1|=0.072842 | m1²=0.005306 | ||w||²/d=0.282067 | eps_adapter=1.089631e+00 | residual_overlap=0.010395
[step    46750] t/d= 93.500 | task1=3.389198e-01 | |m1|=0.073368 | m1²=0.005383 | ||w||²/d=0.281018 | eps_adapter=1.088907e+00 | residual_overlap=0.010417
[step    47000] t/d= 94.000 | task1=3.388662e-01 | |m1|=0.073943 | m1²=0.005468 | ||w||²/d=0.279967 | eps_adapter=1.088180e+00 | residual_overlap=0.010492
[step    47250] t/d= 94.500 | task1=3.388121e-01 | |m1|=0.074710 | m1²=0.005582 | ||w||²/d=0.278435 | eps_adapter=1.087131e+00 | residual_overlap=0.010570
[step    47500] t/d= 95.000 | task1=3.387733e-01 | |m1|=0.074997 | m1²=0.005625 | ||w||²/d=0.277878 | eps_adapter=1.086750e+00 | residual_overlap=0.010621
[step    47750] t/d= 95.500 | task1=3.387459e-01 | |m1|=0.075605 | m1²=0.005716 | ||w||²/d=0.276827 | eps_adapter=1.086027e+00 | residual_overlap=0.010664
[step    48000] t/d= 96.000 | task1=3.387005e-01 | |m1|=0.076097 | m1²=0.005791 | ||w||²/d=0.275668 | eps_adapter=1.085250e+00 | residual_overlap=0.010698
[step    48250] t/d= 96.500 | task1=3.386692e-01 | |m1|=0.076555 | m1²=0.005861 | ||w||²/d=0.274176 | eps_adapter=1.084270e+00 | residual_overlap=0.010730
[step    48500] t/d= 97.000 | task1=3.386218e-01 | |m1|=0.076887 | m1²=0.005912 | ||w||²/d=0.272972 | eps_adapter=1.083486e+00 | residual_overlap=0.010784
[step    48750] t/d= 97.500 | task1=3.385759e-01 | |m1|=0.077404 | m1²=0.005991 | ||w||²/d=0.271599 | eps_adapter=1.082584e+00 | residual_overlap=0.010837
[step    49000] t/d= 98.000 | task1=3.385066e-01 | |m1|=0.078341 | m1²=0.006137 | ||w||²/d=0.270315 | eps_adapter=1.081703e+00 | residual_overlap=0.010924
[step    49250] t/d= 98.500 | task1=3.384305e-01 | |m1|=0.078840 | m1²=0.006216 | ||w||²/d=0.268942 | eps_adapter=1.080811e+00 | residual_overlap=0.010984
[step    49500] t/d= 99.000 | task1=3.383580e-01 | |m1|=0.079156 | m1²=0.006266 | ||w||²/d=0.267397 | eps_adapter=1.079836e+00 | residual_overlap=0.011078
[step    49750] t/d= 99.500 | task1=3.383160e-01 | |m1|=0.079025 | m1²=0.006245 | ||w||²/d=0.265802 | eps_adapter=1.078877e+00 | residual_overlap=0.011127
[step    50000] t/d=100.000 | task1=3.382421e-01 | |m1|=0.079338 | m1²=0.006295 | ||w||²/d=0.264798 | eps_adapter=1.078240e+00 | residual_overlap=0.011174
[step    50250] t/d=100.500 | task1=3.381959e-01 | |m1|=0.080165 | m1²=0.006426 | ||w||²/d=0.263185 | eps_adapter=1.077194e+00 | residual_overlap=0.011176
[step    50500] t/d=101.000 | task1=3.381576e-01 | |m1|=0.081068 | m1²=0.006572 | ||w||²/d=0.262286 | eps_adapter=1.076572e+00 | residual_overlap=0.011266
[step    50750] t/d=101.500 | task1=3.380877e-01 | |m1|=0.081979 | m1²=0.006721 | ||w||²/d=0.261187 | eps_adapter=1.075832e+00 | residual_overlap=0.011259
[step    51000] t/d=102.000 | task1=3.380531e-01 | |m1|=0.083157 | m1²=0.006915 | ||w||²/d=0.260057 | eps_adapter=1.075052e+00 | residual_overlap=0.011302
[step    51250] t/d=102.500 | task1=3.380159e-01 | |m1|=0.083758 | m1²=0.007015 | ||w||²/d=0.258946 | eps_adapter=1.074339e+00 | residual_overlap=0.011354
[step    51500] t/d=103.000 | task1=3.379759e-01 | |m1|=0.084312 | m1²=0.007109 | ||w||²/d=0.257880 | eps_adapter=1.073661e+00 | residual_overlap=0.011377
[step    51750] t/d=103.500 | task1=3.379080e-01 | |m1|=0.085554 | m1²=0.007319 | ||w||²/d=0.256808 | eps_adapter=1.072916e+00 | residual_overlap=0.011423
[step    52000] t/d=104.000 | task1=3.378664e-01 | |m1|=0.086180 | m1²=0.007427 | ||w||²/d=0.255641 | eps_adapter=1.072177e+00 | residual_overlap=0.011495
[step    52250] t/d=104.500 | task1=3.378283e-01 | |m1|=0.086288 | m1²=0.007446 | ||w||²/d=0.254530 | eps_adapter=1.071523e+00 | residual_overlap=0.011541
[step    52500] t/d=105.000 | task1=3.378076e-01 | |m1|=0.087310 | m1²=0.007623 | ||w||²/d=0.253704 | eps_adapter=1.070949e+00 | residual_overlap=0.011540
[step    52750] t/d=105.500 | task1=3.377781e-01 | |m1|=0.087990 | m1²=0.007742 | ||w||²/d=0.252434 | eps_adapter=1.070154e+00 | residual_overlap=0.011534
[step    53000] t/d=106.000 | task1=3.377557e-01 | |m1|=0.088472 | m1²=0.007827 | ||w||²/d=0.251532 | eps_adapter=1.069593e+00 | residual_overlap=0.011552
[step    53250] t/d=106.500 | task1=3.377309e-01 | |m1|=0.088828 | m1²=0.007890 | ||w||²/d=0.250639 | eps_adapter=1.069051e+00 | residual_overlap=0.011643
[step    53500] t/d=107.000 | task1=3.377011e-01 | |m1|=0.089682 | m1²=0.008043 | ||w||²/d=0.249817 | eps_adapter=1.068502e+00 | residual_overlap=0.011718
[step    53750] t/d=107.500 | task1=3.376665e-01 | |m1|=0.090615 | m1²=0.008211 | ||w||²/d=0.248739 | eps_adapter=1.067803e+00 | residual_overlap=0.011742
[step    54000] t/d=108.000 | task1=3.376186e-01 | |m1|=0.091136 | m1²=0.008306 | ||w||²/d=0.247788 | eps_adapter=1.067218e+00 | residual_overlap=0.011756
[step    54250] t/d=108.500 | task1=3.375620e-01 | |m1|=0.091458 | m1²=0.008365 | ||w||²/d=0.246979 | eps_adapter=1.066734e+00 | residual_overlap=0.011863
[step    54500] t/d=109.000 | task1=3.375433e-01 | |m1|=0.091624 | m1²=0.008395 | ||w||²/d=0.246494 | eps_adapter=1.066447e+00 | residual_overlap=0.011928
[step    54750] t/d=109.500 | task1=3.374970e-01 | |m1|=0.092695 | m1²=0.008592 | ||w||²/d=0.245566 | eps_adapter=1.065826e+00 | residual_overlap=0.011969
[step    55000] t/d=110.000 | task1=3.374663e-01 | |m1|=0.092998 | m1²=0.008649 | ||w||²/d=0.244084 | eps_adapter=1.064977e+00 | residual_overlap=0.012030
[step    55250] t/d=110.500 | task1=3.374475e-01 | |m1|=0.093794 | m1²=0.008797 | ||w||²/d=0.242983 | eps_adapter=1.064294e+00 | residual_overlap=0.012030
[step    55500] t/d=111.000 | task1=3.374450e-01 | |m1|=0.094309 | m1²=0.008894 | ||w||²/d=0.242214 | eps_adapter=1.063822e+00 | residual_overlap=0.012053
[step    55750] t/d=111.500 | task1=3.374173e-01 | |m1|=0.094973 | m1²=0.009020 | ||w||²/d=0.241139 | eps_adapter=1.063171e+00 | residual_overlap=0.012045
[step    56000] t/d=112.000 | task1=3.373768e-01 | |m1|=0.095522 | m1²=0.009124 | ||w||²/d=0.240108 | eps_adapter=1.062558e+00 | residual_overlap=0.012030
[step    56250] t/d=112.500 | task1=3.373381e-01 | |m1|=0.095944 | m1²=0.009205 | ||w||²/d=0.239188 | eps_adapter=1.062019e+00 | residual_overlap=0.012072
[step    56500] t/d=113.000 | task1=3.372964e-01 | |m1|=0.096701 | m1²=0.009351 | ||w||²/d=0.238200 | eps_adapter=1.061413e+00 | residual_overlap=0.012140
[step    56750] t/d=113.500 | task1=3.372735e-01 | |m1|=0.097660 | m1²=0.009538 | ||w||²/d=0.237175 | eps_adapter=1.060770e+00 | residual_overlap=0.012163
[step    57000] t/d=114.000 | task1=3.372571e-01 | |m1|=0.098625 | m1²=0.009727 | ||w||²/d=0.236558 | eps_adapter=1.060345e+00 | residual_overlap=0.012218
[step    57250] t/d=114.500 | task1=3.372398e-01 | |m1|=0.099461 | m1²=0.009893 | ||w||²/d=0.235957 | eps_adapter=1.059941e+00 | residual_overlap=0.012276
[step    57500] t/d=115.000 | task1=3.372197e-01 | |m1|=0.100146 | m1²=0.010029 | ||w||²/d=0.235067 | eps_adapter=1.059401e+00 | residual_overlap=0.012278
[step    57750] t/d=115.500 | task1=3.371857e-01 | |m1|=0.101210 | m1²=0.010244 | ||w||²/d=0.234106 | eps_adapter=1.058788e+00 | residual_overlap=0.012266
[step    58000] t/d=116.000 | task1=3.371635e-01 | |m1|=0.101744 | m1²=0.010352 | ||w||²/d=0.233275 | eps_adapter=1.058298e+00 | residual_overlap=0.012324
[step    58250] t/d=116.500 | task1=3.371298e-01 | |m1|=0.102149 | m1²=0.010434 | ||w||²/d=0.232387 | eps_adapter=1.057794e+00 | residual_overlap=0.012392
[step    58500] t/d=117.000 | task1=3.370797e-01 | |m1|=0.103042 | m1²=0.010618 | ||w||²/d=0.231470 | eps_adapter=1.057227e+00 | residual_overlap=0.012430
[step    58750] t/d=117.500 | task1=3.370612e-01 | |m1|=0.103917 | m1²=0.010799 | ||w||²/d=0.230578 | eps_adapter=1.056676e+00 | residual_overlap=0.012497
[step    59000] t/d=118.000 | task1=3.370446e-01 | |m1|=0.103758 | m1²=0.010766 | ||w||²/d=0.229332 | eps_adapter=1.056052e+00 | residual_overlap=0.012573
[step    59250] t/d=118.500 | task1=3.370097e-01 | |m1|=0.104349 | m1²=0.010889 | ||w||²/d=0.228952 | eps_adapter=1.055797e+00 | residual_overlap=0.012628
[step    59500] t/d=119.000 | task1=3.369843e-01 | |m1|=0.105469 | m1²=0.011124 | ||w||²/d=0.228250 | eps_adapter=1.055323e+00 | residual_overlap=0.012602
[step    59750] t/d=119.500 | task1=3.369684e-01 | |m1|=0.105847 | m1²=0.011204 | ||w||²/d=0.227449 | eps_adapter=1.054877e+00 | residual_overlap=0.012665
[step    60000] t/d=120.000 | task1=3.369362e-01 | |m1|=0.106075 | m1²=0.011252 | ||w||²/d=0.225883 | eps_adapter=1.054063e+00 | residual_overlap=0.012758
[step    60250] t/d=120.500 | task1=3.368925e-01 | |m1|=0.106603 | m1²=0.011364 | ||w||²/d=0.225117 | eps_adapter=1.053624e+00 | residual_overlap=0.012835
[step    60500] t/d=121.000 | task1=3.368738e-01 | |m1|=0.107578 | m1²=0.011573 | ||w||²/d=0.224554 | eps_adapter=1.053240e+00 | residual_overlap=0.012850
[step    60750] t/d=121.500 | task1=3.368257e-01 | |m1|=0.108485 | m1²=0.011769 | ||w||²/d=0.223574 | eps_adapter=1.052658e+00 | residual_overlap=0.012907
[step    61000] t/d=122.000 | task1=3.368014e-01 | |m1|=0.109316 | m1²=0.011950 | ||w||²/d=0.222851 | eps_adapter=1.052212e+00 | residual_overlap=0.012903
[step    61250] t/d=122.500 | task1=3.367730e-01 | |m1|=0.110013 | m1²=0.012103 | ||w||²/d=0.222157 | eps_adapter=1.051796e+00 | residual_overlap=0.012977
[step    61500] t/d=123.000 | task1=3.367490e-01 | |m1|=0.111071 | m1²=0.012337 | ||w||²/d=0.221330 | eps_adapter=1.051278e+00 | residual_overlap=0.013050
[step    61750] t/d=123.500 | task1=3.367255e-01 | |m1|=0.111883 | m1²=0.012518 | ||w||²/d=0.220547 | eps_adapter=1.050809e+00 | residual_overlap=0.013142
[step    62000] t/d=124.000 | task1=3.366913e-01 | |m1|=0.112080 | m1²=0.012562 | ||w||²/d=0.219781 | eps_adapter=1.050414e+00 | residual_overlap=0.013151
[step    62250] t/d=124.500 | task1=3.366576e-01 | |m1|=0.112813 | m1²=0.012727 | ||w||²/d=0.218911 | eps_adapter=1.049915e+00 | residual_overlap=0.013172
[step    62500] t/d=125.000 | task1=3.366143e-01 | |m1|=0.113429 | m1²=0.012866 | ||w||²/d=0.218046 | eps_adapter=1.049432e+00 | residual_overlap=0.013214
[step    62750] t/d=125.500 | task1=3.365986e-01 | |m1|=0.114507 | m1²=0.013112 | ||w||²/d=0.217795 | eps_adapter=1.049196e+00 | residual_overlap=0.013303
[step    63000] t/d=126.000 | task1=3.365656e-01 | |m1|=0.115541 | m1²=0.013350 | ||w||²/d=0.217258 | eps_adapter=1.048826e+00 | residual_overlap=0.013321
[step    63250] t/d=126.500 | task1=3.365507e-01 | |m1|=0.116541 | m1²=0.013582 | ||w||²/d=0.216707 | eps_adapter=1.048455e+00 | residual_overlap=0.013399
[step    63500] t/d=127.000 | task1=3.365167e-01 | |m1|=0.116956 | m1²=0.013679 | ||w||²/d=0.216136 | eps_adapter=1.048137e+00 | residual_overlap=0.013474
[step    63750] t/d=127.500 | task1=3.364851e-01 | |m1|=0.117918 | m1²=0.013905 | ||w||²/d=0.215430 | eps_adapter=1.047698e+00 | residual_overlap=0.013528
[step    64000] t/d=128.000 | task1=3.364584e-01 | |m1|=0.118407 | m1²=0.014020 | ||w||²/d=0.214815 | eps_adapter=1.047353e+00 | residual_overlap=0.013593
[step    64250] t/d=128.500 | task1=3.364455e-01 | |m1|=0.118940 | m1²=0.014147 | ||w||²/d=0.214169 | eps_adapter=1.046991e+00 | residual_overlap=0.013660
[step    64500] t/d=129.000 | task1=3.363970e-01 | |m1|=0.120510 | m1²=0.014523 | ||w||²/d=0.213428 | eps_adapter=1.046471e+00 | residual_overlap=0.013712
[step    64750] t/d=129.500 | task1=3.363708e-01 | |m1|=0.121702 | m1²=0.014811 | ||w||²/d=0.212601 | eps_adapter=1.045953e+00 | residual_overlap=0.013773
[step    65000] t/d=130.000 | task1=3.363479e-01 | |m1|=0.122995 | m1²=0.015128 | ||w||²/d=0.211925 | eps_adapter=1.045494e+00 | residual_overlap=0.013841
[step    65250] t/d=130.500 | task1=3.363258e-01 | |m1|=0.123225 | m1²=0.015184 | ||w||²/d=0.211147 | eps_adapter=1.045110e+00 | residual_overlap=0.013871
[step    65500] t/d=131.000 | task1=3.363127e-01 | |m1|=0.123666 | m1²=0.015293 | ||w||²/d=0.210525 | eps_adapter=1.044775e+00 | residual_overlap=0.013945
[step    65750] t/d=131.500 | task1=3.363026e-01 | |m1|=0.124280 | m1²=0.015445 | ||w||²/d=0.210165 | eps_adapter=1.044541e+00 | residual_overlap=0.013992
[step    66000] t/d=132.000 | task1=3.362788e-01 | |m1|=0.125318 | m1²=0.015705 | ||w||²/d=0.209631 | eps_adapter=1.044179e+00 | residual_overlap=0.014091
[step    66250] t/d=132.500 | task1=3.362584e-01 | |m1|=0.126304 | m1²=0.015953 | ||w||²/d=0.209102 | eps_adapter=1.043827e+00 | residual_overlap=0.014133
[step    66500] t/d=133.000 | task1=3.362601e-01 | |m1|=0.127005 | m1²=0.016130 | ||w||²/d=0.208492 | eps_adapter=1.043470e+00 | residual_overlap=0.014186
[step    66750] t/d=133.500 | task1=3.362326e-01 | |m1|=0.128422 | m1²=0.016492 | ||w||²/d=0.207832 | eps_adapter=1.043010e+00 | residual_overlap=0.014266
[step    67000] t/d=134.000 | task1=3.362053e-01 | |m1|=0.129967 | m1²=0.016891 | ||w||²/d=0.207268 | eps_adapter=1.042578e+00 | residual_overlap=0.014281
[step    67250] t/d=134.500 | task1=3.361638e-01 | |m1|=0.130326 | m1²=0.016985 | ||w||²/d=0.206704 | eps_adapter=1.042284e+00 | residual_overlap=0.014327
[step    67500] t/d=135.000 | task1=3.361455e-01 | |m1|=0.130945 | m1²=0.017146 | ||w||²/d=0.206022 | eps_adapter=1.041909e+00 | residual_overlap=0.014394
[step    67750] t/d=135.500 | task1=3.361144e-01 | |m1|=0.131897 | m1²=0.017397 | ||w||²/d=0.205662 | eps_adapter=1.041638e+00 | residual_overlap=0.014477
[step    68000] t/d=136.000 | task1=3.360851e-01 | |m1|=0.133174 | m1²=0.017735 | ||w||²/d=0.204826 | eps_adapter=1.041119e+00 | residual_overlap=0.014501
[step    68250] t/d=136.500 | task1=3.360766e-01 | |m1|=0.133572 | m1²=0.017842 | ||w||²/d=0.204450 | eps_adapter=1.040907e+00 | residual_overlap=0.014564
[step    68500] t/d=137.000 | task1=3.360599e-01 | |m1|=0.134569 | m1²=0.018109 | ||w||²/d=0.203868 | eps_adapter=1.040535e+00 | residual_overlap=0.014603
[step    68750] t/d=137.500 | task1=3.360373e-01 | |m1|=0.135136 | m1²=0.018262 | ||w||²/d=0.203512 | eps_adapter=1.040312e+00 | residual_overlap=0.014675
[step    69000] t/d=138.000 | task1=3.360107e-01 | |m1|=0.136165 | m1²=0.018541 | ||w||²/d=0.203005 | eps_adapter=1.039969e+00 | residual_overlap=0.014709
[step    69250] t/d=138.500 | task1=3.359905e-01 | |m1|=0.137374 | m1²=0.018872 | ||w||²/d=0.202443 | eps_adapter=1.039581e+00 | residual_overlap=0.014710
[step    69500] t/d=139.000 | task1=3.359573e-01 | |m1|=0.138802 | m1²=0.019266 | ||w||²/d=0.201960 | eps_adapter=1.039200e+00 | residual_overlap=0.014683
[step    69750] t/d=139.500 | task1=3.359174e-01 | |m1|=0.139934 | m1²=0.019582 | ||w||²/d=0.201257 | eps_adapter=1.038762e+00 | residual_overlap=0.014739
[step    70000] t/d=140.000 | task1=3.358846e-01 | |m1|=0.140771 | m1²=0.019817 | ||w||²/d=0.200729 | eps_adapter=1.038434e+00 | residual_overlap=0.014781
[step    70250] t/d=140.500 | task1=3.358701e-01 | |m1|=0.142035 | m1²=0.020174 | ||w||²/d=0.199982 | eps_adapter=1.037962e+00 | residual_overlap=0.014776
[step    70500] t/d=141.000 | task1=3.358411e-01 | |m1|=0.143260 | m1²=0.020524 | ||w||²/d=0.199354 | eps_adapter=1.037546e+00 | residual_overlap=0.014832
[step    70750] t/d=141.500 | task1=3.358233e-01 | |m1|=0.144074 | m1²=0.020757 | ||w||²/d=0.198883 | eps_adapter=1.037248e+00 | residual_overlap=0.014886
[step    71000] t/d=142.000 | task1=3.358040e-01 | |m1|=0.145126 | m1²=0.021062 | ||w||²/d=0.198321 | eps_adapter=1.036882e+00 | residual_overlap=0.014908
[step    71250] t/d=142.500 | task1=3.357751e-01 | |m1|=0.146159 | m1²=0.021363 | ||w||²/d=0.197609 | eps_adapter=1.036457e+00 | residual_overlap=0.014946
[step    71500] t/d=143.000 | task1=3.357667e-01 | |m1|=0.147189 | m1²=0.021664 | ||w||²/d=0.197220 | eps_adapter=1.036167e+00 | residual_overlap=0.014969
[step    71750] t/d=143.500 | task1=3.357385e-01 | |m1|=0.148742 | m1²=0.022124 | ||w||²/d=0.196652 | eps_adapter=1.035737e+00 | residual_overlap=0.015019
[step    72000] t/d=144.000 | task1=3.357143e-01 | |m1|=0.149962 | m1²=0.022489 | ||w||²/d=0.196223 | eps_adapter=1.035406e+00 | residual_overlap=0.015051
[step    72250] t/d=144.500 | task1=3.357017e-01 | |m1|=0.151411 | m1²=0.022925 | ||w||²/d=0.195442 | eps_adapter=1.034903e+00 | residual_overlap=0.015088
[step    72500] t/d=145.000 | task1=3.356881e-01 | |m1|=0.152220 | m1²=0.023171 | ||w||²/d=0.195061 | eps_adapter=1.034645e+00 | residual_overlap=0.015168
[step    72750] t/d=145.500 | task1=3.356684e-01 | |m1|=0.153499 | m1²=0.023562 | ||w||²/d=0.194584 | eps_adapter=1.034287e+00 | residual_overlap=0.015257
[step    73000] t/d=146.000 | task1=3.356222e-01 | |m1|=0.154974 | m1²=0.024017 | ||w||²/d=0.194277 | eps_adapter=1.033973e+00 | residual_overlap=0.015317
[step    73250] t/d=146.500 | task1=3.355709e-01 | |m1|=0.155986 | m1²=0.024332 | ||w||²/d=0.193759 | eps_adapter=1.033633e+00 | residual_overlap=0.015396
[step    73500] t/d=147.000 | task1=3.355650e-01 | |m1|=0.156789 | m1²=0.024583 | ||w||²/d=0.193344 | eps_adapter=1.033362e+00 | residual_overlap=0.015457
[step    73750] t/d=147.500 | task1=3.355569e-01 | |m1|=0.158249 | m1²=0.025043 | ||w||²/d=0.192749 | eps_adapter=1.032934e+00 | residual_overlap=0.015491
[step    74000] t/d=148.000 | task1=3.355427e-01 | |m1|=0.159272 | m1²=0.025367 | ||w||²/d=0.191994 | eps_adapter=1.032501e+00 | residual_overlap=0.015496
[step    74250] t/d=148.500 | task1=3.355189e-01 | |m1|=0.160533 | m1²=0.025771 | ||w||²/d=0.191290 | eps_adapter=1.032058e+00 | residual_overlap=0.015546
[step    74500] t/d=149.000 | task1=3.355012e-01 | |m1|=0.161359 | m1²=0.026037 | ||w||²/d=0.190942 | eps_adapter=1.031813e+00 | residual_overlap=0.015600
[step    74750] t/d=149.500 | task1=3.354887e-01 | |m1|=0.161998 | m1²=0.026243 | ||w||²/d=0.190392 | eps_adapter=1.031514e+00 | residual_overlap=0.015667
[step    75000] t/d=150.000 | task1=3.354747e-01 | |m1|=0.162751 | m1²=0.026488 | ||w||²/d=0.190095 | eps_adapter=1.031299e+00 | residual_overlap=0.015767
[step    75250] t/d=150.500 | task1=3.354665e-01 | |m1|=0.163517 | m1²=0.026738 | ||w||²/d=0.189626 | eps_adapter=1.031015e+00 | residual_overlap=0.015822
[step    75500] t/d=151.000 | task1=3.354321e-01 | |m1|=0.164475 | m1²=0.027052 | ||w||²/d=0.188801 | eps_adapter=1.030570e+00 | residual_overlap=0.015901
[step    75750] t/d=151.500 | task1=3.354140e-01 | |m1|=0.165368 | m1²=0.027347 | ||w||²/d=0.188472 | eps_adapter=1.030325e+00 | residual_overlap=0.015924
[step    76000] t/d=152.000 | task1=3.353855e-01 | |m1|=0.166345 | m1²=0.027671 | ||w||²/d=0.187770 | eps_adapter=1.029926e+00 | residual_overlap=0.015965
[step    76250] t/d=152.500 | task1=3.353531e-01 | |m1|=0.167971 | m1²=0.028214 | ||w||²/d=0.187166 | eps_adapter=1.029478e+00 | residual_overlap=0.015994
[step    76500] t/d=153.000 | task1=3.353330e-01 | |m1|=0.168794 | m1²=0.028491 | ||w||²/d=0.186593 | eps_adapter=1.029152e+00 | residual_overlap=0.016038
[step    76750] t/d=153.500 | task1=3.353234e-01 | |m1|=0.169521 | m1²=0.028737 | ||w||²/d=0.186444 | eps_adapter=1.028997e+00 | residual_overlap=0.016038
[step    77000] t/d=154.000 | task1=3.353052e-01 | |m1|=0.170986 | m1²=0.029236 | ||w||²/d=0.185840 | eps_adapter=1.028571e+00 | residual_overlap=0.016062
[step    77250] t/d=154.500 | task1=3.352941e-01 | |m1|=0.172899 | m1²=0.029894 | ||w||²/d=0.185606 | eps_adapter=1.028221e+00 | residual_overlap=0.016130
[step    77500] t/d=155.000 | task1=3.352828e-01 | |m1|=0.173971 | m1²=0.030266 | ||w||²/d=0.185362 | eps_adapter=1.027982e+00 | residual_overlap=0.016155
[step    77750] t/d=155.500 | task1=3.352674e-01 | |m1|=0.174477 | m1²=0.030442 | ||w||²/d=0.185018 | eps_adapter=1.027785e+00 | residual_overlap=0.016213
[step    78000] t/d=156.000 | task1=3.352599e-01 | |m1|=0.175708 | m1²=0.030873 | ||w||²/d=0.184448 | eps_adapter=1.027405e+00 | residual_overlap=0.016238
[step    78250] t/d=156.500 | task1=3.352393e-01 | |m1|=0.177476 | m1²=0.031498 | ||w||²/d=0.184074 | eps_adapter=1.027021e+00 | residual_overlap=0.016283
[step    78500] t/d=157.000 | task1=3.352304e-01 | |m1|=0.178859 | m1²=0.031990 | ||w||²/d=0.183737 | eps_adapter=1.026703e+00 | residual_overlap=0.016344
[step    78750] t/d=157.500 | task1=3.352300e-01 | |m1|=0.179438 | m1²=0.032198 | ||w||²/d=0.183610 | eps_adapter=1.026575e+00 | residual_overlap=0.016405
[step    79000] t/d=158.000 | task1=3.352224e-01 | |m1|=0.180592 | m1²=0.032614 | ||w||²/d=0.183355 | eps_adapter=1.026319e+00 | residual_overlap=0.016436
[step    79250] t/d=158.500 | task1=3.352105e-01 | |m1|=0.181784 | m1²=0.033046 | ||w||²/d=0.182964 | eps_adapter=1.026009e+00 | residual_overlap=0.016507
[step    79500] t/d=159.000 | task1=3.351687e-01 | |m1|=0.182953 | m1²=0.033472 | ||w||²/d=0.182390 | eps_adapter=1.025637e+00 | residual_overlap=0.016573
[step    79750] t/d=159.500 | task1=3.351488e-01 | |m1|=0.183941 | m1²=0.033834 | ||w||²/d=0.181998 | eps_adapter=1.025356e+00 | residual_overlap=0.016570
[step    80000] t/d=160.000 | task1=3.351313e-01 | |m1|=0.185171 | m1²=0.034288 | ||w||²/d=0.181439 | eps_adapter=1.024982e+00 | residual_overlap=0.016601
[step    80250] t/d=160.500 | task1=3.351042e-01 | |m1|=0.186003 | m1²=0.034597 | ||w||²/d=0.181007 | eps_adapter=1.024710e+00 | residual_overlap=0.016653
[step    80500] t/d=161.000 | task1=3.350637e-01 | |m1|=0.187530 | m1²=0.035167 | ||w||²/d=0.180636 | eps_adapter=1.024359e+00 | residual_overlap=0.016700
[step    80750] t/d=161.500 | task1=3.350500e-01 | |m1|=0.188462 | m1²=0.035518 | ||w||²/d=0.180315 | eps_adapter=1.024111e+00 | residual_overlap=0.016720
[step    81000] t/d=162.000 | task1=3.350333e-01 | |m1|=0.188857 | m1²=0.035667 | ||w||²/d=0.179855 | eps_adapter=1.023895e+00 | residual_overlap=0.016797
[step    81250] t/d=162.500 | task1=3.350217e-01 | |m1|=0.189988 | m1²=0.036095 | ||w||²/d=0.179227 | eps_adapter=1.023515e+00 | residual_overlap=0.016812
[step    81500] t/d=163.000 | task1=3.350016e-01 | |m1|=0.191175 | m1²=0.036548 | ||w||²/d=0.178590 | eps_adapter=1.023124e+00 | residual_overlap=0.016853
[step    81750] t/d=163.500 | task1=3.349834e-01 | |m1|=0.192412 | m1²=0.037022 | ||w||²/d=0.178339 | eps_adapter=1.022856e+00 | residual_overlap=0.016935
[step    82000] t/d=164.000 | task1=3.349646e-01 | |m1|=0.193589 | m1²=0.037477 | ||w||²/d=0.177953 | eps_adapter=1.022552e+00 | residual_overlap=0.017016
[step    82250] t/d=164.500 | task1=3.349548e-01 | |m1|=0.194831 | m1²=0.037959 | ||w||²/d=0.177423 | eps_adapter=1.022190e+00 | residual_overlap=0.017051
[step    82500] t/d=165.000 | task1=3.349388e-01 | |m1|=0.196427 | m1²=0.038583 | ||w||²/d=0.177269 | eps_adapter=1.021900e+00 | residual_overlap=0.017067
[step    82750] t/d=165.500 | task1=3.349274e-01 | |m1|=0.197642 | m1²=0.039062 | ||w||²/d=0.176767 | eps_adapter=1.021551e+00 | residual_overlap=0.017121
[step    83000] t/d=166.000 | task1=3.349209e-01 | |m1|=0.198359 | m1²=0.039346 | ||w||²/d=0.176251 | eps_adapter=1.021274e+00 | residual_overlap=0.017245
[step    83250] t/d=166.500 | task1=3.349085e-01 | |m1|=0.199920 | m1²=0.039968 | ||w||²/d=0.176050 | eps_adapter=1.020972e+00 | residual_overlap=0.017306
[step    83500] t/d=167.000 | task1=3.348809e-01 | |m1|=0.201088 | m1²=0.040437 | ||w||²/d=0.175508 | eps_adapter=1.020619e+00 | residual_overlap=0.017344
[step    83750] t/d=167.500 | task1=3.348619e-01 | |m1|=0.202209 | m1²=0.040889 | ||w||²/d=0.175008 | eps_adapter=1.020287e+00 | residual_overlap=0.017406
[step    84000] t/d=168.000 | task1=3.348598e-01 | |m1|=0.203988 | m1²=0.041611 | ||w||²/d=0.174931 | eps_adapter=1.019989e+00 | residual_overlap=0.017469
[step    84250] t/d=168.500 | task1=3.348318e-01 | |m1|=0.205207 | m1²=0.042110 | ||w||²/d=0.174737 | eps_adapter=1.019739e+00 | residual_overlap=0.017535
[step    84500] t/d=169.000 | task1=3.347928e-01 | |m1|=0.207407 | m1²=0.043017 | ||w||²/d=0.174439 | eps_adapter=1.019303e+00 | residual_overlap=0.017592
[step    84750] t/d=169.500 | task1=3.347718e-01 | |m1|=0.208581 | m1²=0.043506 | ||w||²/d=0.174157 | eps_adapter=1.019030e+00 | residual_overlap=0.017579
[step    85000] t/d=170.000 | task1=3.347549e-01 | |m1|=0.209439 | m1²=0.043865 | ||w||²/d=0.173730 | eps_adapter=1.018762e+00 | residual_overlap=0.017617
[step    85250] t/d=170.500 | task1=3.347370e-01 | |m1|=0.211288 | m1²=0.044643 | ||w||²/d=0.173352 | eps_adapter=1.018354e+00 | residual_overlap=0.017643
[step    85500] t/d=171.000 | task1=3.347205e-01 | |m1|=0.212249 | m1²=0.045050 | ||w||²/d=0.172957 | eps_adapter=1.018080e+00 | residual_overlap=0.017697
[step    85750] t/d=171.500 | task1=3.346835e-01 | |m1|=0.214224 | m1²=0.045892 | ||w||²/d=0.172897 | eps_adapter=1.017747e+00 | residual_overlap=0.017714
[step    86000] t/d=172.000 | task1=3.346640e-01 | |m1|=0.215635 | m1²=0.046499 | ||w||²/d=0.172688 | eps_adapter=1.017457e+00 | residual_overlap=0.017815
[step    86250] t/d=172.500 | task1=3.346406e-01 | |m1|=0.216947 | m1²=0.047066 | ||w||²/d=0.172100 | eps_adapter=1.017069e+00 | residual_overlap=0.017865
[step    86500] t/d=173.000 | task1=3.346033e-01 | |m1|=0.218741 | m1²=0.047848 | ||w||²/d=0.171440 | eps_adapter=1.016581e+00 | residual_overlap=0.017948
[step    86750] t/d=173.500 | task1=3.345722e-01 | |m1|=0.220374 | m1²=0.048564 | ||w||²/d=0.171120 | eps_adapter=1.016222e+00 | residual_overlap=0.017987
[step    87000] t/d=174.000 | task1=3.345393e-01 | |m1|=0.222362 | m1²=0.049445 | ||w||²/d=0.170637 | eps_adapter=1.015755e+00 | residual_overlap=0.018005
[step    87250] t/d=174.500 | task1=3.345190e-01 | |m1|=0.223863 | m1²=0.050115 | ||w||²/d=0.170193 | eps_adapter=1.015380e+00 | residual_overlap=0.018056
[step    87500] t/d=175.000 | task1=3.345079e-01 | |m1|=0.224854 | m1²=0.050559 | ||w||²/d=0.169959 | eps_adapter=1.015149e+00 | residual_overlap=0.018084
[step    87750] t/d=175.500 | task1=3.344962e-01 | |m1|=0.226289 | m1²=0.051207 | ||w||²/d=0.169713 | eps_adapter=1.014841e+00 | residual_overlap=0.018162
[step    88000] t/d=176.000 | task1=3.344595e-01 | |m1|=0.228394 | m1²=0.052164 | ||w||²/d=0.169493 | eps_adapter=1.014427e+00 | residual_overlap=0.018169
[step    88250] t/d=176.500 | task1=3.344327e-01 | |m1|=0.230326 | m1²=0.053050 | ||w||²/d=0.169135 | eps_adapter=1.014002e+00 | residual_overlap=0.018232
[step    88500] t/d=177.000 | task1=3.344153e-01 | |m1|=0.231533 | m1²=0.053607 | ||w||²/d=0.168849 | eps_adapter=1.013719e+00 | residual_overlap=0.018264
[step    88750] t/d=177.500 | task1=3.344022e-01 | |m1|=0.233190 | m1²=0.054377 | ||w||²/d=0.168430 | eps_adapter=1.013322e+00 | residual_overlap=0.018300
[step    89000] t/d=178.000 | task1=3.343673e-01 | |m1|=0.235113 | m1²=0.055278 | ||w||²/d=0.168224 | eps_adapter=1.012938e+00 | residual_overlap=0.018322
[step    89250] t/d=178.500 | task1=3.343253e-01 | |m1|=0.237288 | m1²=0.056305 | ||w||²/d=0.167768 | eps_adapter=1.012441e+00 | residual_overlap=0.018369
[step    89500] t/d=179.000 | task1=3.342956e-01 | |m1|=0.239182 | m1²=0.057208 | ||w||²/d=0.167323 | eps_adapter=1.011995e+00 | residual_overlap=0.018389
[step    89750] t/d=179.500 | task1=3.342836e-01 | |m1|=0.240957 | m1²=0.058060 | ||w||²/d=0.167280 | eps_adapter=1.011676e+00 | residual_overlap=0.018426
[step    90000] t/d=180.000 | task1=3.342372e-01 | |m1|=0.242581 | m1²=0.058845 | ||w||²/d=0.166729 | eps_adapter=1.011247e+00 | residual_overlap=0.018478
[step    90250] t/d=180.500 | task1=3.342061e-01 | |m1|=0.244686 | m1²=0.059871 | ||w||²/d=0.166359 | eps_adapter=1.010782e+00 | residual_overlap=0.018536
[step    90500] t/d=181.000 | task1=3.341787e-01 | |m1|=0.245854 | m1²=0.060444 | ||w||²/d=0.165957 | eps_adapter=1.010472e+00 | residual_overlap=0.018561
[step    90750] t/d=181.500 | task1=3.341595e-01 | |m1|=0.247689 | m1²=0.061350 | ||w||²/d=0.165763 | eps_adapter=1.010098e+00 | residual_overlap=0.018570
[step    91000] t/d=182.000 | task1=3.341287e-01 | |m1|=0.249738 | m1²=0.062369 | ||w||²/d=0.165543 | eps_adapter=1.009677e+00 | residual_overlap=0.018652
[step    91250] t/d=182.500 | task1=3.341138e-01 | |m1|=0.251504 | m1²=0.063254 | ||w||²/d=0.165403 | eps_adapter=1.009326e+00 | residual_overlap=0.018666
[step    91500] t/d=183.000 | task1=3.340765e-01 | |m1|=0.253252 | m1²=0.064136 | ||w||²/d=0.164955 | eps_adapter=1.008900e+00 | residual_overlap=0.018709
[step    91750] t/d=183.500 | task1=3.340448e-01 | |m1|=0.255048 | m1²=0.065049 | ||w||²/d=0.164609 | eps_adapter=1.008490e+00 | residual_overlap=0.018751
[step    92000] t/d=184.000 | task1=3.340191e-01 | |m1|=0.257379 | m1²=0.066244 | ||w||²/d=0.164415 | eps_adapter=1.008018e+00 | residual_overlap=0.018800
[step    92250] t/d=184.500 | task1=3.339889e-01 | |m1|=0.259368 | m1²=0.067272 | ||w||²/d=0.164058 | eps_adapter=1.007568e+00 | residual_overlap=0.018831
[step    92500] t/d=185.000 | task1=3.339636e-01 | |m1|=0.261543 | m1²=0.068404 | ||w||²/d=0.163610 | eps_adapter=1.007062e+00 | residual_overlap=0.018842
[step    92750] t/d=185.500 | task1=3.339228e-01 | |m1|=0.263447 | m1²=0.069405 | ||w||²/d=0.163474 | eps_adapter=1.006677e+00 | residual_overlap=0.018884
[step    93000] t/d=186.000 | task1=3.339039e-01 | |m1|=0.264878 | m1²=0.070160 | ||w||²/d=0.163232 | eps_adapter=1.006354e+00 | residual_overlap=0.018905
[step    93250] t/d=186.500 | task1=3.338795e-01 | |m1|=0.266833 | m1²=0.071200 | ||w||²/d=0.162965 | eps_adapter=1.005927e+00 | residual_overlap=0.018991
[step    93500] t/d=187.000 | task1=3.338506e-01 | |m1|=0.268624 | m1²=0.072159 | ||w||²/d=0.162739 | eps_adapter=1.005538e+00 | residual_overlap=0.018977
[step    93750] t/d=187.500 | task1=3.338403e-01 | |m1|=0.270092 | m1²=0.072950 | ||w||²/d=0.162543 | eps_adapter=1.005217e+00 | residual_overlap=0.019009
[step    94000] t/d=188.000 | task1=3.338089e-01 | |m1|=0.272373 | m1²=0.074187 | ||w||²/d=0.162214 | eps_adapter=1.004710e+00 | residual_overlap=0.019039
[step    94250] t/d=188.500 | task1=3.337836e-01 | |m1|=0.273917 | m1²=0.075031 | ||w||²/d=0.161946 | eps_adapter=1.004357e+00 | residual_overlap=0.019075
[step    94500] t/d=189.000 | task1=3.337731e-01 | |m1|=0.275614 | m1²=0.075963 | ||w||²/d=0.161572 | eps_adapter=1.003951e+00 | residual_overlap=0.019062
[step    94750] t/d=189.500 | task1=3.337504e-01 | |m1|=0.276959 | m1²=0.076706 | ||w||²/d=0.161205 | eps_adapter=1.003614e+00 | residual_overlap=0.019084
[step    95000] t/d=190.000 | task1=3.337442e-01 | |m1|=0.277779 | m1²=0.077161 | ||w||²/d=0.160955 | eps_adapter=1.003403e+00 | residual_overlap=0.019166
[step    95250] t/d=190.500 | task1=3.337361e-01 | |m1|=0.278780 | m1²=0.077718 | ||w||²/d=0.160759 | eps_adapter=1.003168e+00 | residual_overlap=0.019197
[step    95500] t/d=191.000 | task1=3.337109e-01 | |m1|=0.280282 | m1²=0.078558 | ||w||²/d=0.160500 | eps_adapter=1.002824e+00 | residual_overlap=0.019222
[step    95750] t/d=191.500 | task1=3.336830e-01 | |m1|=0.282367 | m1²=0.079731 | ||w||²/d=0.160163 | eps_adapter=1.002349e+00 | residual_overlap=0.019237
[step    96000] t/d=192.000 | task1=3.336533e-01 | |m1|=0.284603 | m1²=0.080999 | ||w||²/d=0.159773 | eps_adapter=1.001832e+00 | residual_overlap=0.019284
[step    96250] t/d=192.500 | task1=3.336196e-01 | |m1|=0.286560 | m1²=0.082117 | ||w||²/d=0.159323 | eps_adapter=1.001359e+00 | residual_overlap=0.019284
[step    96500] t/d=193.000 | task1=3.335971e-01 | |m1|=0.288508 | m1²=0.083237 | ||w||²/d=0.158886 | eps_adapter=1.000890e+00 | residual_overlap=0.019301
[step    96750] t/d=193.500 | task1=3.335678e-01 | |m1|=0.290112 | m1²=0.084165 | ||w||²/d=0.158674 | eps_adapter=1.000531e+00 | residual_overlap=0.019346
[step    97000] t/d=194.000 | task1=3.335400e-01 | |m1|=0.292007 | m1²=0.085268 | ||w||²/d=0.158268 | eps_adapter=1.000077e+00 | residual_overlap=0.019368
[step    97250] t/d=194.500 | task1=3.335024e-01 | |m1|=0.293895 | m1²=0.086374 | ||w||²/d=0.158087 | eps_adapter=9.996661e-01 | residual_overlap=0.019469
[step    97500] t/d=195.000 | task1=3.334633e-01 | |m1|=0.296081 | m1²=0.087664 | ||w||²/d=0.157943 | eps_adapter=9.991997e-01 | residual_overlap=0.019517
[step    97750] t/d=195.500 | task1=3.334386e-01 | |m1|=0.297441 | m1²=0.088471 | ||w||²/d=0.157949 | eps_adapter=9.989252e-01 | residual_overlap=0.019563
[step    98000] t/d=196.000 | task1=3.334004e-01 | |m1|=0.299463 | m1²=0.089678 | ||w||²/d=0.157504 | eps_adapter=9.984356e-01 | residual_overlap=0.019589
[step    98250] t/d=196.500 | task1=3.333785e-01 | |m1|=0.301814 | m1²=0.091091 | ||w||²/d=0.157464 | eps_adapter=9.979478e-01 | residual_overlap=0.019615
[step    98500] t/d=197.000 | task1=3.333503e-01 | |m1|=0.304260 | m1²=0.092574 | ||w||²/d=0.157242 | eps_adapter=9.974063e-01 | residual_overlap=0.019615
[step    98750] t/d=197.500 | task1=3.333069e-01 | |m1|=0.306710 | m1²=0.094071 | ||w||²/d=0.156926 | eps_adapter=9.968459e-01 | residual_overlap=0.019654
[step    99000] t/d=198.000 | task1=3.332824e-01 | |m1|=0.308449 | m1²=0.095141 | ||w||²/d=0.156509 | eps_adapter=9.964163e-01 | residual_overlap=0.019684
[step    99250] t/d=198.500 | task1=3.332407e-01 | |m1|=0.310779 | m1²=0.096584 | ||w||²/d=0.156211 | eps_adapter=9.958818e-01 | residual_overlap=0.019740
[step    99500] t/d=199.000 | task1=3.332154e-01 | |m1|=0.312999 | m1²=0.097969 | ||w||²/d=0.156021 | eps_adapter=9.953853e-01 | residual_overlap=0.019708
[step    99750] t/d=199.500 | task1=3.331802e-01 | |m1|=0.315628 | m1²=0.099621 | ||w||²/d=0.155690 | eps_adapter=9.947793e-01 | residual_overlap=0.019678
[step   100000] t/d=200.000 | task1=3.331608e-01 | |m1|=0.317684 | m1²=0.100923 | ||w||²/d=0.155741 | eps_adapter=9.943486e-01 | residual_overlap=0.019665
[step   100250] t/d=200.500 | task1=3.331295e-01 | |m1|=0.320020 | m1²=0.102413 | ||w||²/d=0.155592 | eps_adapter=9.938260e-01 | residual_overlap=0.019668
[step   100500] t/d=201.000 | task1=3.330983e-01 | |m1|=0.322056 | m1²=0.103720 | ||w||²/d=0.155596 | eps_adapter=9.933871e-01 | residual_overlap=0.019723
[step   100750] t/d=201.500 | task1=3.330744e-01 | |m1|=0.323894 | m1²=0.104907 | ||w||²/d=0.155470 | eps_adapter=9.929707e-01 | residual_overlap=0.019762
[step   101000] t/d=202.000 | task1=3.330406e-01 | |m1|=0.325907 | m1²=0.106215 | ||w||²/d=0.155649 | eps_adapter=9.925554e-01 | residual_overlap=0.019818
[step   101250] t/d=202.500 | task1=3.330020e-01 | |m1|=0.328429 | m1²=0.107866 | ||w||²/d=0.155822 | eps_adapter=9.920228e-01 | residual_overlap=0.019835
[step   101500] t/d=203.000 | task1=3.329538e-01 | |m1|=0.330569 | m1²=0.109276 | ||w||²/d=0.155821 | eps_adapter=9.915478e-01 | residual_overlap=0.019858
[step   101750] t/d=203.500 | task1=3.329151e-01 | |m1|=0.332909 | m1²=0.110829 | ||w||²/d=0.155690 | eps_adapter=9.910089e-01 | residual_overlap=0.019843
[step   102000] t/d=204.000 | task1=3.328959e-01 | |m1|=0.334664 | m1²=0.112000 | ||w||²/d=0.155731 | eps_adapter=9.906197e-01 | residual_overlap=0.019861
[step   102250] t/d=204.500 | task1=3.328639e-01 | |m1|=0.336453 | m1²=0.113201 | ||w||²/d=0.155853 | eps_adapter=9.902303e-01 | residual_overlap=0.019895
[step   102500] t/d=205.000 | task1=3.328245e-01 | |m1|=0.338915 | m1²=0.114863 | ||w||²/d=0.155744 | eps_adapter=9.896578e-01 | residual_overlap=0.019921
[step   102750] t/d=205.500 | task1=3.327904e-01 | |m1|=0.341089 | m1²=0.116342 | ||w||²/d=0.155838 | eps_adapter=9.891709e-01 | residual_overlap=0.019959
[step   103000] t/d=206.000 | task1=3.327530e-01 | |m1|=0.343395 | m1²=0.117920 | ||w||²/d=0.155812 | eps_adapter=9.886365e-01 | residual_overlap=0.020030
[step   103250] t/d=206.500 | task1=3.327169e-01 | |m1|=0.345589 | m1²=0.119432 | ||w||²/d=0.155827 | eps_adapter=9.881291e-01 | residual_overlap=0.020061
[step   103500] t/d=207.000 | task1=3.326868e-01 | |m1|=0.347246 | m1²=0.120580 | ||w||²/d=0.155450 | eps_adapter=9.877038e-01 | residual_overlap=0.020080
[step   103750] t/d=207.500 | task1=3.326473e-01 | |m1|=0.349640 | m1²=0.122248 | ||w||²/d=0.155221 | eps_adapter=9.871210e-01 | residual_overlap=0.020092
[step   104000] t/d=208.000 | task1=3.326069e-01 | |m1|=0.352076 | m1²=0.123957 | ||w||²/d=0.155147 | eps_adapter=9.865408e-01 | residual_overlap=0.020113
[step   104250] t/d=208.500 | task1=3.325787e-01 | |m1|=0.353583 | m1²=0.125021 | ||w||²/d=0.155084 | eps_adapter=9.861783e-01 | residual_overlap=0.020165
[step   104500] t/d=209.000 | task1=3.325523e-01 | |m1|=0.355586 | m1²=0.126441 | ||w||²/d=0.154996 | eps_adapter=9.856946e-01 | residual_overlap=0.020180
[step   104750] t/d=209.500 | task1=3.325158e-01 | |m1|=0.357857 | m1²=0.128062 | ||w||²/d=0.154975 | eps_adapter=9.851502e-01 | residual_overlap=0.020222
[step   105000] t/d=210.000 | task1=3.324932e-01 | |m1|=0.359851 | m1²=0.129493 | ||w||²/d=0.154997 | eps_adapter=9.846726e-01 | residual_overlap=0.020228
[step   105250] t/d=210.500 | task1=3.324627e-01 | |m1|=0.362233 | m1²=0.131213 | ||w||²/d=0.154894 | eps_adapter=9.840885e-01 | residual_overlap=0.020226
[step   105500] t/d=211.000 | task1=3.324417e-01 | |m1|=0.363865 | m1²=0.132397 | ||w||²/d=0.154653 | eps_adapter=9.836740e-01 | residual_overlap=0.020222
[step   105750] t/d=211.500 | task1=3.323993e-01 | |m1|=0.366566 | m1²=0.134371 | ||w||²/d=0.154546 | eps_adapter=9.830070e-01 | residual_overlap=0.020237
[step   106000] t/d=212.000 | task1=3.323735e-01 | |m1|=0.368835 | m1²=0.136040 | ||w||²/d=0.154495 | eps_adapter=9.824463e-01 | residual_overlap=0.020243
[step   106250] t/d=212.500 | task1=3.323419e-01 | |m1|=0.370798 | m1²=0.137491 | ||w||²/d=0.154288 | eps_adapter=9.819486e-01 | residual_overlap=0.020229
[step   106500] t/d=213.000 | task1=3.323085e-01 | |m1|=0.373245 | m1²=0.139312 | ||w||²/d=0.154338 | eps_adapter=9.813446e-01 | residual_overlap=0.020285
[step   106750] t/d=213.500 | task1=3.322704e-01 | |m1|=0.375776 | m1²=0.141207 | ||w||²/d=0.154221 | eps_adapter=9.807061e-01 | residual_overlap=0.020264
[step   107000] t/d=214.000 | task1=3.322434e-01 | |m1|=0.377591 | m1²=0.142575 | ||w||²/d=0.154191 | eps_adapter=9.802488e-01 | residual_overlap=0.020228
[step   107250] t/d=214.500 | task1=3.322008e-01 | |m1|=0.379732 | m1²=0.144196 | ||w||²/d=0.154187 | eps_adapter=9.797084e-01 | residual_overlap=0.020244
[step   107500] t/d=215.000 | task1=3.321499e-01 | |m1|=0.382329 | m1²=0.146176 | ||w||²/d=0.154037 | eps_adapter=9.790424e-01 | residual_overlap=0.020199
[step   107750] t/d=215.500 | task1=3.321198e-01 | |m1|=0.384262 | m1²=0.147658 | ||w||²/d=0.153949 | eps_adapter=9.785456e-01 | residual_overlap=0.020207
[step   108000] t/d=216.000 | task1=3.320809e-01 | |m1|=0.386859 | m1²=0.149660 | ||w||²/d=0.153785 | eps_adapter=9.778737e-01 | residual_overlap=0.020187
[step   108250] t/d=216.500 | task1=3.320362e-01 | |m1|=0.388923 | m1²=0.151261 | ||w||²/d=0.153794 | eps_adapter=9.773420e-01 | residual_overlap=0.020274
[step   108500] t/d=217.000 | task1=3.319866e-01 | |m1|=0.392118 | m1²=0.153757 | ||w||²/d=0.153674 | eps_adapter=9.765094e-01 | residual_overlap=0.020237
[step   108750] t/d=217.500 | task1=3.319647e-01 | |m1|=0.394229 | m1²=0.155417 | ||w||²/d=0.153594 | eps_adapter=9.759564e-01 | residual_overlap=0.020237
[step   109000] t/d=218.000 | task1=3.319238e-01 | |m1|=0.396242 | m1²=0.157008 | ||w||²/d=0.153536 | eps_adapter=9.754272e-01 | residual_overlap=0.020251
[step   109250] t/d=218.500 | task1=3.318963e-01 | |m1|=0.398879 | m1²=0.159104 | ||w||²/d=0.153587 | eps_adapter=9.747324e-01 | residual_overlap=0.020276
[step   109500] t/d=219.000 | task1=3.318471e-01 | |m1|=0.401352 | m1²=0.161084 | ||w||²/d=0.153261 | eps_adapter=9.740722e-01 | residual_overlap=0.020312
[step   109750] t/d=219.500 | task1=3.317942e-01 | |m1|=0.403929 | m1²=0.163158 | ||w||²/d=0.153332 | eps_adapter=9.733856e-01 | residual_overlap=0.020333
[step   110000] t/d=220.000 | task1=3.317593e-01 | |m1|=0.406598 | m1²=0.165322 | ||w||²/d=0.153301 | eps_adapter=9.726687e-01 | residual_overlap=0.020317
[step   110250] t/d=220.500 | task1=3.317088e-01 | |m1|=0.408623 | m1²=0.166973 | ||w||²/d=0.153275 | eps_adapter=9.721219e-01 | residual_overlap=0.020330
[step   110500] t/d=221.000 | task1=3.316669e-01 | |m1|=0.410836 | m1²=0.168786 | ||w||²/d=0.153268 | eps_adapter=9.715216e-01 | residual_overlap=0.020318
[step   110750] t/d=221.500 | task1=3.316202e-01 | |m1|=0.413534 | m1²=0.171010 | ||w||²/d=0.153029 | eps_adapter=9.707878e-01 | residual_overlap=0.020283
[step   111000] t/d=222.000 | task1=3.315700e-01 | |m1|=0.416389 | m1²=0.173380 | ||w||²/d=0.153066 | eps_adapter=9.700035e-01 | residual_overlap=0.020257
[step   111250] t/d=222.500 | task1=3.315323e-01 | |m1|=0.418767 | m1²=0.175366 | ||w||²/d=0.153135 | eps_adapter=9.693452e-01 | residual_overlap=0.020225
[step   111500] t/d=223.000 | task1=3.314871e-01 | |m1|=0.421248 | m1²=0.177450 | ||w||²/d=0.153054 | eps_adapter=9.686579e-01 | residual_overlap=0.020246
[step   111750] t/d=223.500 | task1=3.314394e-01 | |m1|=0.423862 | m1²=0.179659 | ||w||²/d=0.153242 | eps_adapter=9.679216e-01 | residual_overlap=0.020229
[step   112000] t/d=224.000 | task1=3.313825e-01 | |m1|=0.426415 | m1²=0.181830 | ||w||²/d=0.153355 | eps_adapter=9.671988e-01 | residual_overlap=0.020243
[step   112250] t/d=224.500 | task1=3.313436e-01 | |m1|=0.428976 | m1²=0.184021 | ||w||²/d=0.153285 | eps_adapter=9.664755e-01 | residual_overlap=0.020274
[step   112500] t/d=225.000 | task1=3.312841e-01 | |m1|=0.432050 | m1²=0.186667 | ||w||²/d=0.153329 | eps_adapter=9.655970e-01 | residual_overlap=0.020216
[step   112750] t/d=225.500 | task1=3.312366e-01 | |m1|=0.434189 | m1²=0.188520 | ||w||²/d=0.153442 | eps_adapter=9.649776e-01 | residual_overlap=0.020227
[step   113000] t/d=226.000 | task1=3.311966e-01 | |m1|=0.436479 | m1²=0.190514 | ||w||²/d=0.153729 | eps_adapter=9.643012e-01 | residual_overlap=0.020270
[step   113250] t/d=226.500 | task1=3.311473e-01 | |m1|=0.439019 | m1²=0.192738 | ||w||²/d=0.153612 | eps_adapter=9.635693e-01 | residual_overlap=0.020280
[step   113500] t/d=227.000 | task1=3.310928e-01 | |m1|=0.441533 | m1²=0.194951 | ||w||²/d=0.153716 | eps_adapter=9.628281e-01 | residual_overlap=0.020302
[step   113750] t/d=227.500 | task1=3.310497e-01 | |m1|=0.443664 | m1²=0.196837 | ||w||²/d=0.153402 | eps_adapter=9.622226e-01 | residual_overlap=0.020265
[step   114000] t/d=228.000 | task1=3.310076e-01 | |m1|=0.445837 | m1²=0.198770 | ||w||²/d=0.153372 | eps_adapter=9.615840e-01 | residual_overlap=0.020247
[step   114250] t/d=228.500 | task1=3.309523e-01 | |m1|=0.449003 | m1²=0.201604 | ||w||²/d=0.153524 | eps_adapter=9.606334e-01 | residual_overlap=0.020285
[step   114500] t/d=229.000 | task1=3.309033e-01 | |m1|=0.451766 | m1²=0.204093 | ||w||²/d=0.153869 | eps_adapter=9.597792e-01 | residual_overlap=0.020260
[step   114750] t/d=229.500 | task1=3.308430e-01 | |m1|=0.454387 | m1²=0.206467 | ||w||²/d=0.153866 | eps_adapter=9.589901e-01 | residual_overlap=0.020205
[step   115000] t/d=230.000 | task1=3.308029e-01 | |m1|=0.456307 | m1²=0.208216 | ||w||²/d=0.154005 | eps_adapter=9.583961e-01 | residual_overlap=0.020187
[step   115250] t/d=230.500 | task1=3.307571e-01 | |m1|=0.458881 | m1²=0.210572 | ||w||²/d=0.153721 | eps_adapter=9.576393e-01 | residual_overlap=0.020249
[step   115500] t/d=231.000 | task1=3.306810e-01 | |m1|=0.462058 | m1²=0.213497 | ||w||²/d=0.153874 | eps_adapter=9.566520e-01 | residual_overlap=0.020278
[step   115750] t/d=231.500 | task1=3.306313e-01 | |m1|=0.464739 | m1²=0.215982 | ||w||²/d=0.154116 | eps_adapter=9.558000e-01 | residual_overlap=0.020288
[step   116000] t/d=232.000 | task1=3.305839e-01 | |m1|=0.467326 | m1²=0.218394 | ||w||²/d=0.154415 | eps_adapter=9.549634e-01 | residual_overlap=0.020294
[step   116250] t/d=232.500 | task1=3.305233e-01 | |m1|=0.469895 | m1²=0.220802 | ||w||²/d=0.154387 | eps_adapter=9.541633e-01 | residual_overlap=0.020301
[step   116500] t/d=233.000 | task1=3.304613e-01 | |m1|=0.473061 | m1²=0.223787 | ||w||²/d=0.154522 | eps_adapter=9.531510e-01 | residual_overlap=0.020269
[step   116750] t/d=233.500 | task1=3.304021e-01 | |m1|=0.475317 | m1²=0.225927 | ||w||²/d=0.154820 | eps_adapter=9.523985e-01 | residual_overlap=0.020240
[step   117000] t/d=234.000 | task1=3.303446e-01 | |m1|=0.477897 | m1²=0.228385 | ||w||²/d=0.154876 | eps_adapter=9.515688e-01 | residual_overlap=0.020244
[step   117250] t/d=234.500 | task1=3.302939e-01 | |m1|=0.480576 | m1²=0.230954 | ||w||²/d=0.154914 | eps_adapter=9.507040e-01 | residual_overlap=0.020241
[step   117500] t/d=235.000 | task1=3.302366e-01 | |m1|=0.483127 | m1²=0.233412 | ||w||²/d=0.155261 | eps_adapter=9.498318e-01 | residual_overlap=0.020243
[step   117750] t/d=235.500 | task1=3.301666e-01 | |m1|=0.486146 | m1²=0.236338 | ||w||²/d=0.155655 | eps_adapter=9.487917e-01 | residual_overlap=0.020232
[step   118000] t/d=236.000 | task1=3.301204e-01 | |m1|=0.488378 | m1²=0.238513 | ||w||²/d=0.155925 | eps_adapter=9.480194e-01 | residual_overlap=0.020257
[step   118250] t/d=236.500 | task1=3.300572e-01 | |m1|=0.491395 | m1²=0.241469 | ||w||²/d=0.156367 | eps_adapter=9.469540e-01 | residual_overlap=0.020247
[step   118500] t/d=237.000 | task1=3.299924e-01 | |m1|=0.494164 | m1²=0.244198 | ||w||²/d=0.156702 | eps_adapter=9.459777e-01 | residual_overlap=0.020228
[step   118750] t/d=237.500 | task1=3.299267e-01 | |m1|=0.496754 | m1²=0.246765 | ||w||²/d=0.157036 | eps_adapter=9.450526e-01 | residual_overlap=0.020218
[step   119000] t/d=238.000 | task1=3.298718e-01 | |m1|=0.498877 | m1²=0.248878 | ||w||²/d=0.157221 | eps_adapter=9.443039e-01 | residual_overlap=0.020211
[step   119250] t/d=238.500 | task1=3.297893e-01 | |m1|=0.501720 | m1²=0.251723 | ||w||²/d=0.157494 | eps_adapter=9.432892e-01 | residual_overlap=0.020189
[step   119500] t/d=239.000 | task1=3.297150e-01 | |m1|=0.504753 | m1²=0.254775 | ||w||²/d=0.157629 | eps_adapter=9.422259e-01 | residual_overlap=0.020124
[step   119750] t/d=239.500 | task1=3.296440e-01 | |m1|=0.507574 | m1²=0.257631 | ||w||²/d=0.157822 | eps_adapter=9.412168e-01 | residual_overlap=0.020105
[step   120000] t/d=240.000 | task1=3.295628e-01 | |m1|=0.510427 | m1²=0.260536 | ||w||²/d=0.157878 | eps_adapter=9.402155e-01 | residual_overlap=0.020148
[step   120250] t/d=240.500 | task1=3.295055e-01 | |m1|=0.513109 | m1²=0.263281 | ||w||²/d=0.158187 | eps_adapter=9.392173e-01 | residual_overlap=0.020153
[step   120500] t/d=241.000 | task1=3.294429e-01 | |m1|=0.516297 | m1²=0.266563 | ||w||²/d=0.158581 | eps_adapter=9.380143e-01 | residual_overlap=0.020155
[step   120750] t/d=241.500 | task1=3.293829e-01 | |m1|=0.518624 | m1²=0.268971 | ||w||²/d=0.158805 | eps_adapter=9.371418e-01 | residual_overlap=0.020116
[step   121000] t/d=242.000 | task1=3.292925e-01 | |m1|=0.521302 | m1²=0.271756 | ||w||²/d=0.159302 | eps_adapter=9.360789e-01 | residual_overlap=0.020135
[step   121250] t/d=242.500 | task1=3.292080e-01 | |m1|=0.524330 | m1²=0.274922 | ||w||²/d=0.159723 | eps_adapter=9.348957e-01 | residual_overlap=0.020179
[step   121500] t/d=243.000 | task1=3.291463e-01 | |m1|=0.527109 | m1²=0.277844 | ||w||²/d=0.160072 | eps_adapter=9.338082e-01 | residual_overlap=0.020115
[step   121750] t/d=243.500 | task1=3.290767e-01 | |m1|=0.530064 | m1²=0.280967 | ||w||²/d=0.160354 | eps_adapter=9.326620e-01 | residual_overlap=0.020081
[step   122000] t/d=244.000 | task1=3.290067e-01 | |m1|=0.533143 | m1²=0.284241 | ||w||²/d=0.160825 | eps_adapter=9.314153e-01 | residual_overlap=0.020082
[step   122250] t/d=244.500 | task1=3.289504e-01 | |m1|=0.535492 | m1²=0.286752 | ||w||²/d=0.161320 | eps_adapter=9.304221e-01 | residual_overlap=0.020061
[step   122500] t/d=245.000 | task1=3.288713e-01 | |m1|=0.538706 | m1²=0.290205 | ||w||²/d=0.161806 | eps_adapter=9.290971e-01 | residual_overlap=0.020003
[step   122750] t/d=245.500 | task1=3.288006e-01 | |m1|=0.541764 | m1²=0.293508 | ||w||²/d=0.161870 | eps_adapter=9.279257e-01 | residual_overlap=0.020028
[step   123000] t/d=246.000 | task1=3.287354e-01 | |m1|=0.544453 | m1²=0.296429 | ||w||²/d=0.162244 | eps_adapter=9.268060e-01 | residual_overlap=0.020010
[step   123250] t/d=246.500 | task1=3.286589e-01 | |m1|=0.547792 | m1²=0.300076 | ||w||²/d=0.162394 | eps_adapter=9.254871e-01 | residual_overlap=0.019983
[step   123500] t/d=247.000 | task1=3.285805e-01 | |m1|=0.550604 | m1²=0.303164 | ||w||²/d=0.162560 | eps_adapter=9.243577e-01 | residual_overlap=0.019957
[step   123750] t/d=247.500 | task1=3.285109e-01 | |m1|=0.553249 | m1²=0.306085 | ||w||²/d=0.163085 | eps_adapter=9.231842e-01 | residual_overlap=0.019957
[step   124000] t/d=248.000 | task1=3.284469e-01 | |m1|=0.555824 | m1²=0.308941 | ||w||²/d=0.163266 | eps_adapter=9.221258e-01 | residual_overlap=0.019952
[step   124250] t/d=248.500 | task1=3.283794e-01 | |m1|=0.558474 | m1²=0.311893 | ||w||²/d=0.163490 | eps_adapter=9.210188e-01 | residual_overlap=0.019931
[step   124500] t/d=249.000 | task1=3.282686e-01 | |m1|=0.561841 | m1²=0.315665 | ||w||²/d=0.164115 | eps_adapter=9.194989e-01 | residual_overlap=0.019886
[step   124750] t/d=249.500 | task1=3.281825e-01 | |m1|=0.564747 | m1²=0.318939 | ||w||²/d=0.164687 | eps_adapter=9.181635e-01 | residual_overlap=0.019932
[step   125000] t/d=250.000 | task1=3.281061e-01 | |m1|=0.567426 | m1²=0.321972 | ||w||²/d=0.164996 | eps_adapter=9.169879e-01 | residual_overlap=0.019903
[step   125250] t/d=250.500 | task1=3.280201e-01 | |m1|=0.570258 | m1²=0.325194 | ||w||²/d=0.165325 | eps_adapter=9.157348e-01 | residual_overlap=0.019815
[step   125500] t/d=251.000 | task1=3.279351e-01 | |m1|=0.573860 | m1²=0.329316 | ||w||²/d=0.165624 | eps_adapter=9.141653e-01 | residual_overlap=0.019786
[step   125750] t/d=251.500 | task1=3.278474e-01 | |m1|=0.576886 | m1²=0.332797 | ||w||²/d=0.166145 | eps_adapter=9.127466e-01 | residual_overlap=0.019775
[step   126000] t/d=252.000 | task1=3.277576e-01 | |m1|=0.580187 | m1²=0.336617 | ||w||²/d=0.166463 | eps_adapter=9.112676e-01 | residual_overlap=0.019729
[step   126250] t/d=252.500 | task1=3.276880e-01 | |m1|=0.582634 | m1²=0.339463 | ||w||²/d=0.166957 | eps_adapter=9.100739e-01 | residual_overlap=0.019719
[step   126500] t/d=253.000 | task1=3.276014e-01 | |m1|=0.585304 | m1²=0.342581 | ||w||²/d=0.167290 | eps_adapter=9.088321e-01 | residual_overlap=0.019692
[step   126750] t/d=253.500 | task1=3.274985e-01 | |m1|=0.588512 | m1²=0.346347 | ||w||²/d=0.167674 | eps_adapter=9.073339e-01 | residual_overlap=0.019643
[step   127000] t/d=254.000 | task1=3.274003e-01 | |m1|=0.591632 | m1²=0.350029 | ||w||²/d=0.168118 | eps_adapter=9.058379e-01 | residual_overlap=0.019610
[step   127250] t/d=254.500 | task1=3.273062e-01 | |m1|=0.594717 | m1²=0.353688 | ||w||²/d=0.168550 | eps_adapter=9.043484e-01 | residual_overlap=0.019520
[step   127500] t/d=255.000 | task1=3.272204e-01 | |m1|=0.597211 | m1²=0.356661 | ||w||²/d=0.168903 | eps_adapter=9.031325e-01 | residual_overlap=0.019547
[step   127750] t/d=255.500 | task1=3.271261e-01 | |m1|=0.600190 | m1²=0.360228 | ||w||²/d=0.169442 | eps_adapter=9.016240e-01 | residual_overlap=0.019541
[step   128000] t/d=256.000 | task1=3.270345e-01 | |m1|=0.602886 | m1²=0.363471 | ||w||²/d=0.169837 | eps_adapter=9.002832e-01 | residual_overlap=0.019493
[step   128250] t/d=256.500 | task1=3.269573e-01 | |m1|=0.605163 | m1²=0.366222 | ||w||²/d=0.170348 | eps_adapter=8.990719e-01 | residual_overlap=0.019478
[step   128500] t/d=257.000 | task1=3.268614e-01 | |m1|=0.608106 | m1²=0.369793 | ||w||²/d=0.170957 | eps_adapter=8.975134e-01 | residual_overlap=0.019475
[step   128750] t/d=257.500 | task1=3.267675e-01 | |m1|=0.610639 | m1²=0.372880 | ||w||²/d=0.171359 | eps_adapter=8.962099e-01 | residual_overlap=0.019463
[step   129000] t/d=258.000 | task1=3.266751e-01 | |m1|=0.613116 | m1²=0.375911 | ||w||²/d=0.171945 | eps_adapter=8.948467e-01 | residual_overlap=0.019452
[step   129250] t/d=258.500 | task1=3.265581e-01 | |m1|=0.616036 | m1²=0.379500 | ||w||²/d=0.172480 | eps_adapter=8.932894e-01 | residual_overlap=0.019446
[step   129500] t/d=259.000 | task1=3.264613e-01 | |m1|=0.618653 | m1²=0.382732 | ||w||²/d=0.173037 | eps_adapter=8.918492e-01 | residual_overlap=0.019478
[step   129750] t/d=259.500 | task1=3.263535e-01 | |m1|=0.621411 | m1²=0.386152 | ||w||²/d=0.173596 | eps_adapter=8.903300e-01 | residual_overlap=0.019473
[step   130000] t/d=260.000 | task1=3.262517e-01 | |m1|=0.624451 | m1²=0.389939 | ||w||²/d=0.173897 | eps_adapter=8.887781e-01 | residual_overlap=0.019406
[step   130250] t/d=260.500 | task1=3.261600e-01 | |m1|=0.626922 | m1²=0.393031 | ||w||²/d=0.174315 | eps_adapter=8.874315e-01 | residual_overlap=0.019425
[step   130500] t/d=261.000 | task1=3.260533e-01 | |m1|=0.629624 | m1²=0.396426 | ||w||²/d=0.175080 | eps_adapter=8.858092e-01 | residual_overlap=0.019362
[step   130750] t/d=261.500 | task1=3.259543e-01 | |m1|=0.632244 | m1²=0.399732 | ||w||²/d=0.175724 | eps_adapter=8.842659e-01 | residual_overlap=0.019334
[step   131000] t/d=262.000 | task1=3.258493e-01 | |m1|=0.634885 | m1²=0.403079 | ||w||²/d=0.176407 | eps_adapter=8.826807e-01 | residual_overlap=0.019276
[step   131250] t/d=262.500 | task1=3.257248e-01 | |m1|=0.637856 | m1²=0.406861 | ||w||²/d=0.177222 | eps_adapter=8.808596e-01 | residual_overlap=0.019205
[step   131500] t/d=263.000 | task1=3.255969e-01 | |m1|=0.640596 | m1²=0.410363 | ||w||²/d=0.178001 | eps_adapter=8.791505e-01 | residual_overlap=0.019173
[step   131750] t/d=263.500 | task1=3.254708e-01 | |m1|=0.643695 | m1²=0.414343 | ||w||²/d=0.178825 | eps_adapter=8.772254e-01 | residual_overlap=0.019149
[step   132000] t/d=264.000 | task1=3.253744e-01 | |m1|=0.646208 | m1²=0.417584 | ||w||²/d=0.179286 | eps_adapter=8.757497e-01 | residual_overlap=0.019108
[step   132250] t/d=264.500 | task1=3.252672e-01 | |m1|=0.649026 | m1²=0.421234 | ||w||²/d=0.180124 | eps_adapter=8.739245e-01 | residual_overlap=0.019083
[step   132500] t/d=265.000 | task1=3.251420e-01 | |m1|=0.651590 | m1²=0.424570 | ||w||²/d=0.181071 | eps_adapter=8.721567e-01 | residual_overlap=0.019029
[step   132750] t/d=265.500 | task1=3.250220e-01 | |m1|=0.653982 | m1²=0.427692 | ||w||²/d=0.181958 | eps_adapter=8.704910e-01 | residual_overlap=0.019023
[step   133000] t/d=266.000 | task1=3.249191e-01 | |m1|=0.656565 | m1²=0.431078 | ||w||²/d=0.182816 | eps_adapter=8.687263e-01 | residual_overlap=0.018975
[step   133250] t/d=266.500 | task1=3.248091e-01 | |m1|=0.659144 | m1²=0.434471 | ||w||²/d=0.183438 | eps_adapter=8.670681e-01 | residual_overlap=0.018962
[step   133500] t/d=267.000 | task1=3.247017e-01 | |m1|=0.661590 | m1²=0.437702 | ||w||²/d=0.183999 | eps_adapter=8.654975e-01 | residual_overlap=0.018910
[step   133750] t/d=267.500 | task1=3.245823e-01 | |m1|=0.664173 | m1²=0.441125 | ||w||²/d=0.184651 | eps_adapter=8.637954e-01 | residual_overlap=0.018838
[step   134000] t/d=268.000 | task1=3.244456e-01 | |m1|=0.667580 | m1²=0.445663 | ||w||²/d=0.185557 | eps_adapter=8.615038e-01 | residual_overlap=0.018775
[step   134250] t/d=268.500 | task1=3.243231e-01 | |m1|=0.670720 | m1²=0.449865 | ||w||²/d=0.186094 | eps_adapter=8.595300e-01 | residual_overlap=0.018696
[step   134500] t/d=269.000 | task1=3.241857e-01 | |m1|=0.673331 | m1²=0.453374 | ||w||²/d=0.186959 | eps_adapter=8.576483e-01 | residual_overlap=0.018707
[step   134750] t/d=269.500 | task1=3.240644e-01 | |m1|=0.676005 | m1²=0.456983 | ||w||²/d=0.187792 | eps_adapter=8.557321e-01 | residual_overlap=0.018717
[step   135000] t/d=270.000 | task1=3.239120e-01 | |m1|=0.678909 | m1²=0.460917 | ||w||²/d=0.188741 | eps_adapter=8.536076e-01 | residual_overlap=0.018585
[step   135250] t/d=270.500 | task1=3.237678e-01 | |m1|=0.681694 | m1²=0.464706 | ||w||²/d=0.189689 | eps_adapter=8.515294e-01 | residual_overlap=0.018523
[step   135500] t/d=271.000 | task1=3.236761e-01 | |m1|=0.683802 | m1²=0.467585 | ||w||²/d=0.190291 | eps_adapter=8.500082e-01 | residual_overlap=0.018529
[step   135750] t/d=271.500 | task1=3.235204e-01 | |m1|=0.686969 | m1²=0.471926 | ||w||²/d=0.191115 | eps_adapter=8.477498e-01 | residual_overlap=0.018454
[step   136000] t/d=272.000 | task1=3.234135e-01 | |m1|=0.689244 | m1²=0.475058 | ||w||²/d=0.191768 | eps_adapter=8.460782e-01 | residual_overlap=0.018414
[step   136250] t/d=272.500 | task1=3.233011e-01 | |m1|=0.691518 | m1²=0.478197 | ||w||²/d=0.192512 | eps_adapter=8.443421e-01 | residual_overlap=0.018344
[step   136500] t/d=273.000 | task1=3.231700e-01 | |m1|=0.693905 | m1²=0.481505 | ||w||²/d=0.193415 | eps_adapter=8.424341e-01 | residual_overlap=0.018268
[step   136750] t/d=273.500 | task1=3.230438e-01 | |m1|=0.696656 | m1²=0.485329 | ||w||²/d=0.194067 | eps_adapter=8.404467e-01 | residual_overlap=0.018203
[step   137000] t/d=274.000 | task1=3.228986e-01 | |m1|=0.699156 | m1²=0.488820 | ||w||²/d=0.195146 | eps_adapter=8.383333e-01 | residual_overlap=0.018157
[step   137250] t/d=274.500 | task1=3.227573e-01 | |m1|=0.701532 | m1²=0.492147 | ||w||²/d=0.196082 | eps_adapter=8.363627e-01 | residual_overlap=0.018087
[step   137500] t/d=275.000 | task1=3.225937e-01 | |m1|=0.704352 | m1²=0.496112 | ||w||²/d=0.197129 | eps_adapter=8.340409e-01 | residual_overlap=0.018014
[step   137750] t/d=275.500 | task1=3.224663e-01 | |m1|=0.706867 | m1²=0.499662 | ||w||²/d=0.197684 | eps_adapter=8.321852e-01 | residual_overlap=0.018005
[step   138000] t/d=276.000 | task1=3.223048e-01 | |m1|=0.709228 | m1²=0.503004 | ||w||²/d=0.198664 | eps_adapter=8.301456e-01 | residual_overlap=0.018033
[step   138250] t/d=276.500 | task1=3.221671e-01 | |m1|=0.711517 | m1²=0.506257 | ||w||²/d=0.199687 | eps_adapter=8.281063e-01 | residual_overlap=0.018009
[step   138500] t/d=277.000 | task1=3.219925e-01 | |m1|=0.714319 | m1²=0.510251 | ||w||²/d=0.200962 | eps_adapter=8.255730e-01 | residual_overlap=0.017956
[step   138750] t/d=277.500 | task1=3.218791e-01 | |m1|=0.716525 | m1²=0.513408 | ||w||²/d=0.201529 | eps_adapter=8.238398e-01 | residual_overlap=0.017928
[step   139000] t/d=278.000 | task1=3.217420e-01 | |m1|=0.719198 | m1²=0.517246 | ||w||²/d=0.202363 | eps_adapter=8.216298e-01 | residual_overlap=0.017923
[step   139250] t/d=278.500 | task1=3.215939e-01 | |m1|=0.721814 | m1²=0.521015 | ||w||²/d=0.203283 | eps_adapter=8.193816e-01 | residual_overlap=0.017912
[step   139500] t/d=279.000 | task1=3.214516e-01 | |m1|=0.724372 | m1²=0.524715 | ||w||²/d=0.203944 | eps_adapter=8.173210e-01 | residual_overlap=0.017847
[step   139750] t/d=279.500 | task1=3.212996e-01 | |m1|=0.726842 | m1²=0.528299 | ||w||²/d=0.204759 | eps_adapter=8.151998e-01 | residual_overlap=0.017808
[step   140000] t/d=280.000 | task1=3.211237e-01 | |m1|=0.729569 | m1²=0.532271 | ||w||²/d=0.205718 | eps_adapter=8.127993e-01 | residual_overlap=0.017767
[step   140250] t/d=280.500 | task1=3.209598e-01 | |m1|=0.732081 | m1²=0.535943 | ||w||²/d=0.206560 | eps_adapter=8.105976e-01 | residual_overlap=0.017728
[step   140500] t/d=281.000 | task1=3.207911e-01 | |m1|=0.734719 | m1²=0.539812 | ||w||²/d=0.207656 | eps_adapter=8.081221e-01 | residual_overlap=0.017722
[step   140750] t/d=281.500 | task1=3.206469e-01 | |m1|=0.737020 | m1²=0.543199 | ||w||²/d=0.208784 | eps_adapter=8.058265e-01 | residual_overlap=0.017697
[step   141000] t/d=282.000 | task1=3.205042e-01 | |m1|=0.739287 | m1²=0.546545 | ||w||²/d=0.209456 | eps_adapter=8.038518e-01 | residual_overlap=0.017658
[step   141250] t/d=282.500 | task1=3.203203e-01 | |m1|=0.742087 | m1²=0.550694 | ||w||²/d=0.210799 | eps_adapter=8.010344e-01 | residual_overlap=0.017612
[step   141500] t/d=283.000 | task1=3.201567e-01 | |m1|=0.744437 | m1²=0.554187 | ||w||²/d=0.211616 | eps_adapter=7.988682e-01 | residual_overlap=0.017536
[step   141750] t/d=283.500 | task1=3.200082e-01 | |m1|=0.746629 | m1²=0.557455 | ||w||²/d=0.212484 | eps_adapter=7.967578e-01 | residual_overlap=0.017518
[step   142000] t/d=284.000 | task1=3.198764e-01 | |m1|=0.748813 | m1²=0.560721 | ||w||²/d=0.213364 | eps_adapter=7.946296e-01 | residual_overlap=0.017474
[step   142250] t/d=284.500 | task1=3.197298e-01 | |m1|=0.750987 | m1²=0.563981 | ||w||²/d=0.214317 | eps_adapter=7.924410e-01 | residual_overlap=0.017431
[step   142500] t/d=285.000 | task1=3.195622e-01 | |m1|=0.753343 | m1²=0.567525 | ||w||²/d=0.215164 | eps_adapter=7.901855e-01 | residual_overlap=0.017348
[step   142750] t/d=285.500 | task1=3.193834e-01 | |m1|=0.755753 | m1²=0.571163 | ||w||²/d=0.216657 | eps_adapter=7.874042e-01 | residual_overlap=0.017296
[step   143000] t/d=286.000 | task1=3.192148e-01 | |m1|=0.757959 | m1²=0.574502 | ||w||²/d=0.217764 | eps_adapter=7.850288e-01 | residual_overlap=0.017249
[step   143250] t/d=286.500 | task1=3.190628e-01 | |m1|=0.759813 | m1²=0.577316 | ||w||²/d=0.218867 | eps_adapter=7.828903e-01 | residual_overlap=0.017205
[step   143500] t/d=287.000 | task1=3.188972e-01 | |m1|=0.762459 | m1²=0.581343 | ||w||²/d=0.219987 | eps_adapter=7.801527e-01 | residual_overlap=0.017131
[step   143750] t/d=287.500 | task1=3.187165e-01 | |m1|=0.764903 | m1²=0.585076 | ||w||²/d=0.221261 | eps_adapter=7.774244e-01 | residual_overlap=0.017131
[step   144000] t/d=288.000 | task1=3.184947e-01 | |m1|=0.767775 | m1²=0.589479 | ||w||²/d=0.222699 | eps_adapter=7.742329e-01 | residual_overlap=0.017097
[step   144250] t/d=288.500 | task1=3.182830e-01 | |m1|=0.770608 | m1²=0.593837 | ||w||²/d=0.224128 | eps_adapter=7.710472e-01 | residual_overlap=0.017020
[step   144500] t/d=289.000 | task1=3.181161e-01 | |m1|=0.772842 | m1²=0.597285 | ||w||²/d=0.225139 | eps_adapter=7.686026e-01 | residual_overlap=0.016991
[step   144750] t/d=289.500 | task1=3.179687e-01 | |m1|=0.774707 | m1²=0.600171 | ||w||²/d=0.226201 | eps_adapter=7.663815e-01 | residual_overlap=0.016956
[step   145000] t/d=290.000 | task1=3.178228e-01 | |m1|=0.776506 | m1²=0.602962 | ||w||²/d=0.227173 | eps_adapter=7.642652e-01 | residual_overlap=0.016945
[step   145250] t/d=290.500 | task1=3.176352e-01 | |m1|=0.778718 | m1²=0.606402 | ||w||²/d=0.228723 | eps_adapter=7.613704e-01 | residual_overlap=0.016938
[step   145500] t/d=291.000 | task1=3.174527e-01 | |m1|=0.780782 | m1²=0.609620 | ||w||²/d=0.230032 | eps_adapter=7.587568e-01 | residual_overlap=0.016863
[step   145750] t/d=291.500 | task1=3.172753e-01 | |m1|=0.783153 | m1²=0.613329 | ||w||²/d=0.231214 | eps_adapter=7.559833e-01 | residual_overlap=0.016801
[step   146000] t/d=292.000 | task1=3.171021e-01 | |m1|=0.785113 | m1²=0.616402 | ||w||²/d=0.232904 | eps_adapter=7.531126e-01 | residual_overlap=0.016710
[step   146250] t/d=292.500 | task1=3.169138e-01 | |m1|=0.787256 | m1²=0.619772 | ||w||²/d=0.234546 | eps_adapter=7.501135e-01 | residual_overlap=0.016687
[step   146500] t/d=293.000 | task1=3.166979e-01 | |m1|=0.789560 | m1²=0.623405 | ||w||²/d=0.236074 | eps_adapter=7.470536e-01 | residual_overlap=0.016708
[step   146750] t/d=293.500 | task1=3.165212e-01 | |m1|=0.791451 | m1²=0.626395 | ||w||²/d=0.237084 | eps_adapter=7.447190e-01 | residual_overlap=0.016642
[step   147000] t/d=294.000 | task1=3.163429e-01 | |m1|=0.793515 | m1²=0.629666 | ||w||²/d=0.238275 | eps_adapter=7.420836e-01 | residual_overlap=0.016603
[step   147250] t/d=294.500 | task1=3.161523e-01 | |m1|=0.795619 | m1²=0.633009 | ||w||²/d=0.239460 | eps_adapter=7.394025e-01 | residual_overlap=0.016560
[step   147500] t/d=295.000 | task1=3.159519e-01 | |m1|=0.797900 | m1²=0.636645 | ||w||²/d=0.240695 | eps_adapter=7.365144e-01 | residual_overlap=0.016441
[step   147750] t/d=295.500 | task1=3.157459e-01 | |m1|=0.799942 | m1²=0.639907 | ||w||²/d=0.242199 | eps_adapter=7.335863e-01 | residual_overlap=0.016415
[step   148000] t/d=296.000 | task1=3.155424e-01 | |m1|=0.802069 | m1²=0.643315 | ||w||²/d=0.243828 | eps_adapter=7.304623e-01 | residual_overlap=0.016412
[step   148250] t/d=296.500 | task1=3.153091e-01 | |m1|=0.804320 | m1²=0.646930 | ||w||²/d=0.245538 | eps_adapter=7.271439e-01 | residual_overlap=0.016422
[step   148500] t/d=297.000 | task1=3.151153e-01 | |m1|=0.806658 | m1²=0.650697 | ||w||²/d=0.246923 | eps_adapter=7.239946e-01 | residual_overlap=0.016305
[step   148750] t/d=297.500 | task1=3.149300e-01 | |m1|=0.808775 | m1²=0.654117 | ||w||²/d=0.248354 | eps_adapter=7.209746e-01 | residual_overlap=0.016295
[step   149000] t/d=298.000 | task1=3.147191e-01 | |m1|=0.810902 | m1²=0.657563 | ||w||²/d=0.249784 | eps_adapter=7.179246e-01 | residual_overlap=0.016234
[step   149250] t/d=298.500 | task1=3.144905e-01 | |m1|=0.813080 | m1²=0.661099 | ||w||²/d=0.251440 | eps_adapter=7.146192e-01 | residual_overlap=0.016170
[step   149500] t/d=299.000 | task1=3.142663e-01 | |m1|=0.814974 | m1²=0.664183 | ||w||²/d=0.253333 | eps_adapter=7.113424e-01 | residual_overlap=0.016085
[step   149750] t/d=299.500 | task1=3.140581e-01 | |m1|=0.816775 | m1²=0.667122 | ||w||²/d=0.254929 | eps_adapter=7.083805e-01 | residual_overlap=0.016070
[step   150000] t/d=300.000 | task1=3.138551e-01 | |m1|=0.818754 | m1²=0.670359 | ||w||²/d=0.256421 | eps_adapter=7.053269e-01 | residual_overlap=0.015991
[step   150250] t/d=300.500 | task1=3.136352e-01 | |m1|=0.820985 | m1²=0.674017 | ||w||²/d=0.257994 | eps_adapter=7.019535e-01 | residual_overlap=0.015949
[step   150500] t/d=301.000 | task1=3.134356e-01 | |m1|=0.822788 | m1²=0.676980 | ||w||²/d=0.259706 | eps_adapter=6.988317e-01 | residual_overlap=0.015938
[step   150750] t/d=301.500 | task1=3.132126e-01 | |m1|=0.824628 | m1²=0.680011 | ||w||²/d=0.261365 | eps_adapter=6.957025e-01 | residual_overlap=0.015862
[step   151000] t/d=302.000 | task1=3.129849e-01 | |m1|=0.826607 | m1²=0.683279 | ||w||²/d=0.263202 | eps_adapter=6.922692e-01 | residual_overlap=0.015809
[step   151250] t/d=302.500 | task1=3.127523e-01 | |m1|=0.828555 | m1²=0.686503 | ||w||²/d=0.265060 | eps_adapter=6.888254e-01 | residual_overlap=0.015785
[step   151500] t/d=303.000 | task1=3.125426e-01 | |m1|=0.830810 | m1²=0.690244 | ||w||²/d=0.266420 | eps_adapter=6.854976e-01 | residual_overlap=0.015745
[step   151750] t/d=303.500 | task1=3.123464e-01 | |m1|=0.832435 | m1²=0.692948 | ||w||²/d=0.268414 | eps_adapter=6.822010e-01 | residual_overlap=0.015684
[step   152000] t/d=304.000 | task1=3.121461e-01 | |m1|=0.834231 | m1²=0.695942 | ||w||²/d=0.270028 | eps_adapter=6.790519e-01 | residual_overlap=0.015642
[step   152250] t/d=304.500 | task1=3.119644e-01 | |m1|=0.835489 | m1²=0.698041 | ||w||²/d=0.271908 | eps_adapter=6.761804e-01 | residual_overlap=0.015593
[step   152500] t/d=305.000 | task1=3.117566e-01 | |m1|=0.837462 | m1²=0.701342 | ||w||²/d=0.273635 | eps_adapter=6.727233e-01 | residual_overlap=0.015551
[step   152750] t/d=305.500 | task1=3.115325e-01 | |m1|=0.839400 | m1²=0.704592 | ||w||²/d=0.275002 | eps_adapter=6.695963e-01 | residual_overlap=0.015483
[step   153000] t/d=306.000 | task1=3.112971e-01 | |m1|=0.841514 | m1²=0.708146 | ||w||²/d=0.276375 | eps_adapter=6.662669e-01 | residual_overlap=0.015408
[step   153250] t/d=306.500 | task1=3.110855e-01 | |m1|=0.843220 | m1²=0.711020 | ||w||²/d=0.278133 | eps_adapter=6.629881e-01 | residual_overlap=0.015306
[step   153500] t/d=307.000 | task1=3.108478e-01 | |m1|=0.845247 | m1²=0.714442 | ||w||²/d=0.279831 | eps_adapter=6.594161e-01 | residual_overlap=0.015237
[step   153750] t/d=307.500 | task1=3.105942e-01 | |m1|=0.847431 | m1²=0.718139 | ||w||²/d=0.281811 | eps_adapter=6.554066e-01 | residual_overlap=0.015104
[step   154000] t/d=308.000 | task1=3.103824e-01 | |m1|=0.849017 | m1²=0.720829 | ||w||²/d=0.283209 | eps_adapter=6.525122e-01 | residual_overlap=0.015056
[step   154250] t/d=308.500 | task1=3.101942e-01 | |m1|=0.850332 | m1²=0.723065 | ||w||²/d=0.285007 | eps_adapter=6.495279e-01 | residual_overlap=0.015093
[step   154500] t/d=309.000 | task1=3.099721e-01 | |m1|=0.852067 | m1²=0.726017 | ||w||²/d=0.286818 | eps_adapter=6.460769e-01 | residual_overlap=0.015031
[step   154750] t/d=309.500 | task1=3.097396e-01 | |m1|=0.853820 | m1²=0.729008 | ||w||²/d=0.288538 | eps_adapter=6.426697e-01 | residual_overlap=0.015005
[step   155000] t/d=310.000 | task1=3.094413e-01 | |m1|=0.855683 | m1²=0.732194 | ||w||²/d=0.291060 | eps_adapter=6.383999e-01 | residual_overlap=0.014961
[step   155250] t/d=310.500 | task1=3.091883e-01 | |m1|=0.857244 | m1²=0.734868 | ||w||²/d=0.293014 | eps_adapter=6.349471e-01 | residual_overlap=0.014936
[step   155500] t/d=311.000 | task1=3.089789e-01 | |m1|=0.858838 | m1²=0.737602 | ||w||²/d=0.294541 | eps_adapter=6.318298e-01 | residual_overlap=0.014885
[step   155750] t/d=311.500 | task1=3.086902e-01 | |m1|=0.860567 | m1²=0.740576 | ||w||²/d=0.296728 | eps_adapter=6.279464e-01 | residual_overlap=0.014878
[step   156000] t/d=312.000 | task1=3.084239e-01 | |m1|=0.862383 | m1²=0.743705 | ||w||²/d=0.298689 | eps_adapter=6.241524e-01 | residual_overlap=0.014822
[step   156250] t/d=312.500 | task1=3.081495e-01 | |m1|=0.863746 | m1²=0.746058 | ||w||²/d=0.301491 | eps_adapter=6.200798e-01 | residual_overlap=0.014775
[step   156500] t/d=313.000 | task1=3.079226e-01 | |m1|=0.865454 | m1²=0.749011 | ||w||²/d=0.303180 | eps_adapter=6.166141e-01 | residual_overlap=0.014718
[step   156750] t/d=313.500 | task1=3.076875e-01 | |m1|=0.867017 | m1²=0.751718 | ||w||²/d=0.305067 | eps_adapter=6.131152e-01 | residual_overlap=0.014659
[step   157000] t/d=314.000 | task1=3.074324e-01 | |m1|=0.868833 | m1²=0.754870 | ||w||²/d=0.307078 | eps_adapter=6.091948e-01 | residual_overlap=0.014573
[step   157250] t/d=314.500 | task1=3.072067e-01 | |m1|=0.870528 | m1²=0.757820 | ||w||²/d=0.308865 | eps_adapter=6.055961e-01 | residual_overlap=0.014539
[step   157500] t/d=315.000 | task1=3.069372e-01 | |m1|=0.872204 | m1²=0.760739 | ||w||²/d=0.311054 | eps_adapter=6.016336e-01 | residual_overlap=0.014457
[step   157750] t/d=315.500 | task1=3.066399e-01 | |m1|=0.873892 | m1²=0.763687 | ||w||²/d=0.313311 | eps_adapter=5.975728e-01 | residual_overlap=0.014453
[step   158000] t/d=316.000 | task1=3.063833e-01 | |m1|=0.875282 | m1²=0.766119 | ||w||²/d=0.316113 | eps_adapter=5.933466e-01 | residual_overlap=0.014379
[step   158250] t/d=316.500 | task1=3.060943e-01 | |m1|=0.876943 | m1²=0.769029 | ||w||²/d=0.318336 | eps_adapter=5.893114e-01 | residual_overlap=0.014299
[step   158500] t/d=317.000 | task1=3.058481e-01 | |m1|=0.878446 | m1²=0.771668 | ||w||²/d=0.320152 | eps_adapter=5.858216e-01 | residual_overlap=0.014262
[step   158750] t/d=317.500 | task1=3.055726e-01 | |m1|=0.879974 | m1²=0.774353 | ||w||²/d=0.322328 | eps_adapter=5.819543e-01 | residual_overlap=0.014141
[step   159000] t/d=318.000 | task1=3.053174e-01 | |m1|=0.881512 | m1²=0.777064 | ||w||²/d=0.324553 | eps_adapter=5.780104e-01 | residual_overlap=0.014089
[step   159250] t/d=318.500 | task1=3.050579e-01 | |m1|=0.883036 | m1²=0.779752 | ||w||²/d=0.326911 | eps_adapter=5.739456e-01 | residual_overlap=0.014028
[step   159500] t/d=319.000 | task1=3.047920e-01 | |m1|=0.884500 | m1²=0.782340 | ||w||²/d=0.329132 | eps_adapter=5.700632e-01 | residual_overlap=0.014023
[step   159750] t/d=319.500 | task1=3.045222e-01 | |m1|=0.886017 | m1²=0.785026 | ||w||²/d=0.331498 | eps_adapter=5.659649e-01 | residual_overlap=0.014007
[step   160000] t/d=320.000 | task1=3.043004e-01 | |m1|=0.887160 | m1²=0.787052 | ||w||²/d=0.333518 | eps_adapter=5.626464e-01 | residual_overlap=0.013993
[step   160250] t/d=320.500 | task1=3.040555e-01 | |m1|=0.888601 | m1²=0.789613 | ||w||²/d=0.335380 | eps_adapter=5.590782e-01 | residual_overlap=0.013939
[step   160500] t/d=321.000 | task1=3.037630e-01 | |m1|=0.890289 | m1²=0.792614 | ||w||²/d=0.337560 | eps_adapter=5.548816e-01 | residual_overlap=0.013911
[step   160750] t/d=321.500 | task1=3.035706e-01 | |m1|=0.891328 | m1²=0.794466 | ||w||²/d=0.339492 | eps_adapter=5.517412e-01 | residual_overlap=0.013906
[step   161000] t/d=322.000 | task1=3.033061e-01 | |m1|=0.892463 | m1²=0.796491 | ||w||²/d=0.341800 | eps_adapter=5.481189e-01 | residual_overlap=0.013901
[step   161250] t/d=322.500 | task1=3.030475e-01 | |m1|=0.893581 | m1²=0.798487 | ||w||²/d=0.344198 | eps_adapter=5.444274e-01 | residual_overlap=0.013847
[step   161500] t/d=323.000 | task1=3.028393e-01 | |m1|=0.894753 | m1²=0.800582 | ||w||²/d=0.346279 | eps_adapter=5.409461e-01 | residual_overlap=0.013814
[step   161750] t/d=323.500 | task1=3.025838e-01 | |m1|=0.896019 | m1²=0.802850 | ||w||²/d=0.348930 | eps_adapter=5.368022e-01 | residual_overlap=0.013803
[step   162000] t/d=324.000 | task1=3.023073e-01 | |m1|=0.897586 | m1²=0.805660 | ||w||²/d=0.351541 | eps_adapter=5.322725e-01 | residual_overlap=0.013801
[step   162250] t/d=324.500 | task1=3.020137e-01 | |m1|=0.898823 | m1²=0.807883 | ||w||²/d=0.353723 | eps_adapter=5.285719e-01 | residual_overlap=0.013791
[step   162500] t/d=325.000 | task1=3.017533e-01 | |m1|=0.900001 | m1²=0.810002 | ||w||²/d=0.356190 | eps_adapter=5.246782e-01 | residual_overlap=0.013746
[step   162750] t/d=325.500 | task1=3.015117e-01 | |m1|=0.901160 | m1²=0.812089 | ||w||²/d=0.358736 | eps_adapter=5.207297e-01 | residual_overlap=0.013732
[step   163000] t/d=326.000 | task1=3.012297e-01 | |m1|=0.902680 | m1²=0.814831 | ||w||²/d=0.361247 | eps_adapter=5.162934e-01 | residual_overlap=0.013688
[step   163250] t/d=326.500 | task1=3.009855e-01 | |m1|=0.903846 | m1²=0.816938 | ||w||²/d=0.363055 | eps_adapter=5.129857e-01 | residual_overlap=0.013652
[step   163500] t/d=327.000 | task1=3.006689e-01 | |m1|=0.905155 | m1²=0.819306 | ||w||²/d=0.365887 | eps_adapter=5.085239e-01 | residual_overlap=0.013631
[step   163750] t/d=327.500 | task1=3.004492e-01 | |m1|=0.906284 | m1²=0.821351 | ||w||²/d=0.367614 | eps_adapter=5.053213e-01 | residual_overlap=0.013564
[step   164000] t/d=328.000 | task1=3.002311e-01 | |m1|=0.907426 | m1²=0.823422 | ||w||²/d=0.369633 | eps_adapter=5.018211e-01 | residual_overlap=0.013535
[step   164250] t/d=328.500 | task1=2.999810e-01 | |m1|=0.908552 | m1²=0.825466 | ||w||²/d=0.371919 | eps_adapter=4.980894e-01 | residual_overlap=0.013513
[step   164500] t/d=329.000 | task1=2.997417e-01 | |m1|=0.909495 | m1²=0.827181 | ||w||²/d=0.374136 | eps_adapter=4.946796e-01 | residual_overlap=0.013489
[step   164750] t/d=329.500 | task1=2.994662e-01 | |m1|=0.910824 | m1²=0.829601 | ||w||²/d=0.376331 | eps_adapter=4.907113e-01 | residual_overlap=0.013522
[step   165000] t/d=330.000 | task1=2.992436e-01 | |m1|=0.911723 | m1²=0.831238 | ||w||²/d=0.378552 | eps_adapter=4.873479e-01 | residual_overlap=0.013520
[step   165250] t/d=330.500 | task1=2.989633e-01 | |m1|=0.912766 | m1²=0.833141 | ||w||²/d=0.381114 | eps_adapter=4.834505e-01 | residual_overlap=0.013497
[step   165500] t/d=331.000 | task1=2.987713e-01 | |m1|=0.913798 | m1²=0.835027 | ||w||²/d=0.382869 | eps_adapter=4.802957e-01 | residual_overlap=0.013461
[step   165750] t/d=331.500 | task1=2.984990e-01 | |m1|=0.914916 | m1²=0.837071 | ||w||²/d=0.385283 | eps_adapter=4.764034e-01 | residual_overlap=0.013393
[step   166000] t/d=332.000 | task1=2.982224e-01 | |m1|=0.916042 | m1²=0.839133 | ||w||²/d=0.387966 | eps_adapter=4.722439e-01 | residual_overlap=0.013394
[step   166250] t/d=332.500 | task1=2.979311e-01 | |m1|=0.917238 | m1²=0.841326 | ||w||²/d=0.390048 | eps_adapter=4.685119e-01 | residual_overlap=0.013354
[step   166500] t/d=333.000 | task1=2.976904e-01 | |m1|=0.918296 | m1²=0.843267 | ||w||²/d=0.392275 | eps_adapter=4.648514e-01 | residual_overlap=0.013359
[step   166750] t/d=333.500 | task1=2.974192e-01 | |m1|=0.919281 | m1²=0.845078 | ||w||²/d=0.394522 | eps_adapter=4.612768e-01 | residual_overlap=0.013380
[step   167000] t/d=334.000 | task1=2.971849e-01 | |m1|=0.920178 | m1²=0.846728 | ||w||²/d=0.396991 | eps_adapter=4.576338e-01 | residual_overlap=0.013350
[step   167250] t/d=334.500 | task1=2.969646e-01 | |m1|=0.920989 | m1²=0.848221 | ||w||²/d=0.399190 | eps_adapter=4.543668e-01 | residual_overlap=0.013348
[step   167500] t/d=335.000 | task1=2.967695e-01 | |m1|=0.921776 | m1²=0.849670 | ||w||²/d=0.401665 | eps_adapter=4.508854e-01 | residual_overlap=0.013319
[step   167750] t/d=335.500 | task1=2.965171e-01 | |m1|=0.922860 | m1²=0.851670 | ||w||²/d=0.404058 | eps_adapter=4.469973e-01 | residual_overlap=0.013318
[step   168000] t/d=336.000 | task1=2.962245e-01 | |m1|=0.923934 | m1²=0.853654 | ||w||²/d=0.406634 | eps_adapter=4.429510e-01 | residual_overlap=0.013293
[step   168250] t/d=336.500 | task1=2.959392e-01 | |m1|=0.924772 | m1²=0.855203 | ||w||²/d=0.409358 | eps_adapter=4.391509e-01 | residual_overlap=0.013265
[step   168500] t/d=337.000 | task1=2.956558e-01 | |m1|=0.925693 | m1²=0.856907 | ||w||²/d=0.412107 | eps_adapter=4.351896e-01 | residual_overlap=0.013228
[step   168750] t/d=337.500 | task1=2.954348e-01 | |m1|=0.926561 | m1²=0.858516 | ||w||²/d=0.414690 | eps_adapter=4.314577e-01 | residual_overlap=0.013205
[step   169000] t/d=338.000 | task1=2.951404e-01 | |m1|=0.927448 | m1²=0.860160 | ||w||²/d=0.417695 | eps_adapter=4.273189e-01 | residual_overlap=0.013188
[step   169250] t/d=338.500 | task1=2.948239e-01 | |m1|=0.928459 | m1²=0.862036 | ||w||²/d=0.420568 | eps_adapter=4.230861e-01 | residual_overlap=0.013119
[step   169500] t/d=339.000 | task1=2.945476e-01 | |m1|=0.929460 | m1²=0.863895 | ||w||²/d=0.423348 | eps_adapter=4.189458e-01 | residual_overlap=0.013098
[step   169750] t/d=339.500 | task1=2.943286e-01 | |m1|=0.930296 | m1²=0.865451 | ||w||²/d=0.425755 | eps_adapter=4.154069e-01 | residual_overlap=0.013124
[step   170000] t/d=340.000 | task1=2.940752e-01 | |m1|=0.931259 | m1²=0.867244 | ||w||²/d=0.428826 | eps_adapter=4.110658e-01 | residual_overlap=0.013072
[step   170250] t/d=340.500 | task1=2.938079e-01 | |m1|=0.932184 | m1²=0.868967 | ||w||²/d=0.431425 | eps_adapter=4.071987e-01 | residual_overlap=0.013063
[step   170500] t/d=341.000 | task1=2.935124e-01 | |m1|=0.933204 | m1²=0.870869 | ||w||²/d=0.433966 | eps_adapter=4.032100e-01 | residual_overlap=0.013076
[step   170750] t/d=341.500 | task1=2.932606e-01 | |m1|=0.933989 | m1²=0.872336 | ||w||²/d=0.436396 | eps_adapter=3.997235e-01 | residual_overlap=0.013054
[step   171000] t/d=342.000 | task1=2.930129e-01 | |m1|=0.934962 | m1²=0.874155 | ||w||²/d=0.438614 | eps_adapter=3.960845e-01 | residual_overlap=0.012987
[step   171250] t/d=342.500 | task1=2.927940e-01 | |m1|=0.935920 | m1²=0.875945 | ||w||²/d=0.440745 | eps_adapter=3.925414e-01 | residual_overlap=0.012951
[step   171500] t/d=343.000 | task1=2.925911e-01 | |m1|=0.936657 | m1²=0.877326 | ||w||²/d=0.442923 | eps_adapter=3.893441e-01 | residual_overlap=0.012931
[step   171750] t/d=343.500 | task1=2.923403e-01 | |m1|=0.937377 | m1²=0.878676 | ||w||²/d=0.445753 | eps_adapter=3.856150e-01 | residual_overlap=0.012879
[step   172000] t/d=344.000 | task1=2.920727e-01 | |m1|=0.938246 | m1²=0.880305 | ||w||²/d=0.448095 | eps_adapter=3.820338e-01 | residual_overlap=0.012837
[step   172250] t/d=344.500 | task1=2.918115e-01 | |m1|=0.939103 | m1²=0.881914 | ||w||²/d=0.450740 | eps_adapter=3.782105e-01 | residual_overlap=0.012802
[step   172500] t/d=345.000 | task1=2.915026e-01 | |m1|=0.940126 | m1²=0.883836 | ||w||²/d=0.453882 | eps_adapter=3.736562e-01 | residual_overlap=0.012779
[step   172750] t/d=345.500 | task1=2.912848e-01 | |m1|=0.940952 | m1²=0.885390 | ||w||²/d=0.456127 | eps_adapter=3.702216e-01 | residual_overlap=0.012752
[step   173000] t/d=346.000 | task1=2.910083e-01 | |m1|=0.941838 | m1²=0.887059 | ||w||²/d=0.458924 | eps_adapter=3.662033e-01 | residual_overlap=0.012768
[step   173250] t/d=346.500 | task1=2.907799e-01 | |m1|=0.942496 | m1²=0.888299 | ||w||²/d=0.461703 | eps_adapter=3.626264e-01 | residual_overlap=0.012742
[step   173500] t/d=347.000 | task1=2.905170e-01 | |m1|=0.943220 | m1²=0.889664 | ||w||²/d=0.464992 | eps_adapter=3.584993e-01 | residual_overlap=0.012713
[step   173750] t/d=347.500 | task1=2.902315e-01 | |m1|=0.943762 | m1²=0.890687 | ||w||²/d=0.468338 | eps_adapter=3.546766e-01 | residual_overlap=0.012721
[step   174000] t/d=348.000 | task1=2.900607e-01 | |m1|=0.944311 | m1²=0.891723 | ||w||²/d=0.470807 | eps_adapter=3.515777e-01 | residual_overlap=0.012691
[step   174250] t/d=348.500 | task1=2.898105e-01 | |m1|=0.944999 | m1²=0.893023 | ||w||²/d=0.474181 | eps_adapter=3.474664e-01 | residual_overlap=0.012698
[step   174500] t/d=349.000 | task1=2.895422e-01 | |m1|=0.945793 | m1²=0.894524 | ||w||²/d=0.476891 | eps_adapter=3.436985e-01 | residual_overlap=0.012646
[step   174750] t/d=349.500 | task1=2.892661e-01 | |m1|=0.946671 | m1²=0.896186 | ||w||²/d=0.480118 | eps_adapter=3.393412e-01 | residual_overlap=0.012601
[step   175000] t/d=350.000 | task1=2.890518e-01 | |m1|=0.947276 | m1²=0.897332 | ||w||²/d=0.482616 | eps_adapter=3.361168e-01 | residual_overlap=0.012607
[step   175250] t/d=350.500 | task1=2.888398e-01 | |m1|=0.947874 | m1²=0.898465 | ||w||²/d=0.485222 | eps_adapter=3.328205e-01 | residual_overlap=0.012575
[step   175500] t/d=351.000 | task1=2.885640e-01 | |m1|=0.948676 | m1²=0.899986 | ||w||²/d=0.487837 | eps_adapter=3.291103e-01 | residual_overlap=0.012531
[step   175750] t/d=351.500 | task1=2.883511e-01 | |m1|=0.949271 | m1²=0.901116 | ||w||²/d=0.490263 | eps_adapter=3.259647e-01 | residual_overlap=0.012518
[step   176000] t/d=352.000 | task1=2.880975e-01 | |m1|=0.949875 | m1²=0.902262 | ||w||²/d=0.492959 | eps_adapter=3.225890e-01 | residual_overlap=0.012507
[step   176250] t/d=352.500 | task1=2.879010e-01 | |m1|=0.950649 | m1²=0.903734 | ||w||²/d=0.495226 | eps_adapter=3.192085e-01 | residual_overlap=0.012439
[step   176500] t/d=353.000 | task1=2.877374e-01 | |m1|=0.951441 | m1²=0.905240 | ||w||²/d=0.497223 | eps_adapter=3.160042e-01 | residual_overlap=0.012428
[step   176750] t/d=353.500 | task1=2.874940e-01 | |m1|=0.952008 | m1²=0.906320 | ||w||²/d=0.500395 | eps_adapter=3.123266e-01 | residual_overlap=0.012396
[step   177000] t/d=354.000 | task1=2.873122e-01 | |m1|=0.952473 | m1²=0.907204 | ||w||²/d=0.502912 | eps_adapter=3.093834e-01 | residual_overlap=0.012390
[step   177250] t/d=354.500 | task1=2.870788e-01 | |m1|=0.953061 | m1²=0.908325 | ||w||²/d=0.505781 | eps_adapter=3.059120e-01 | residual_overlap=0.012381
[step   177500] t/d=355.000 | task1=2.868624e-01 | |m1|=0.953637 | m1²=0.909424 | ||w||²/d=0.508674 | eps_adapter=3.024525e-01 | residual_overlap=0.012381
[step   177750] t/d=355.500 | task1=2.866243e-01 | |m1|=0.954224 | m1²=0.910544 | ||w||²/d=0.511839 | eps_adapter=2.987644e-01 | residual_overlap=0.012375
[step   178000] t/d=356.000 | task1=2.864140e-01 | |m1|=0.954782 | m1²=0.911608 | ||w||²/d=0.514392 | eps_adapter=2.956167e-01 | residual_overlap=0.012370
[step   178250] t/d=356.500 | task1=2.862217e-01 | |m1|=0.955437 | m1²=0.912860 | ||w||²/d=0.517272 | eps_adapter=2.920120e-01 | residual_overlap=0.012345
[step   178500] t/d=357.000 | task1=2.860003e-01 | |m1|=0.956080 | m1²=0.914089 | ||w||²/d=0.519863 | eps_adapter=2.886580e-01 | residual_overlap=0.012313
[step   178750] t/d=357.500 | task1=2.858453e-01 | |m1|=0.956714 | m1²=0.915302 | ||w||²/d=0.522058 | eps_adapter=2.856236e-01 | residual_overlap=0.012241
[step   179000] t/d=358.000 | task1=2.855900e-01 | |m1|=0.957272 | m1²=0.916369 | ||w||²/d=0.524916 | eps_adapter=2.822530e-01 | residual_overlap=0.012191
[step   179250] t/d=358.500 | task1=2.853827e-01 | |m1|=0.957799 | m1²=0.917380 | ||w||²/d=0.528091 | eps_adapter=2.787160e-01 | residual_overlap=0.012161
[step   179500] t/d=359.000 | task1=2.851616e-01 | |m1|=0.958472 | m1²=0.918668 | ||w||²/d=0.530424 | eps_adapter=2.754974e-01 | residual_overlap=0.012114
[step   179750] t/d=359.500 | task1=2.849545e-01 | |m1|=0.958987 | m1²=0.919657 | ||w||²/d=0.533350 | eps_adapter=2.721826e-01 | residual_overlap=0.012073
[step   180000] t/d=360.000 | task1=2.847296e-01 | |m1|=0.959642 | m1²=0.920913 | ||w||²/d=0.535922 | eps_adapter=2.688273e-01 | residual_overlap=0.012030
[step   180250] t/d=360.500 | task1=2.845543e-01 | |m1|=0.959987 | m1²=0.921576 | ||w||²/d=0.538780 | eps_adapter=2.659537e-01 | residual_overlap=0.012045
[step   180500] t/d=361.000 | task1=2.843617e-01 | |m1|=0.960411 | m1²=0.922389 | ||w||²/d=0.541283 | eps_adapter=2.631739e-01 | residual_overlap=0.012000
[step   180750] t/d=361.500 | task1=2.841395e-01 | |m1|=0.961038 | m1²=0.923595 | ||w||²/d=0.544039 | eps_adapter=2.597544e-01 | residual_overlap=0.011996
[step   181000] t/d=362.000 | task1=2.839149e-01 | |m1|=0.961606 | m1²=0.924687 | ||w||²/d=0.547036 | eps_adapter=2.562993e-01 | residual_overlap=0.011976
[step   181250] t/d=362.500 | task1=2.837266e-01 | |m1|=0.962010 | m1²=0.925464 | ||w||²/d=0.550190 | eps_adapter=2.531132e-01 | residual_overlap=0.011999
[step   181500] t/d=363.000 | task1=2.835000e-01 | |m1|=0.962407 | m1²=0.926228 | ||w||²/d=0.553330 | eps_adapter=2.499657e-01 | residual_overlap=0.012016
[step   181750] t/d=363.500 | task1=2.833083e-01 | |m1|=0.963017 | m1²=0.927402 | ||w||²/d=0.556373 | eps_adapter=2.464051e-01 | residual_overlap=0.011998
[step   182000] t/d=364.000 | task1=2.831208e-01 | |m1|=0.963507 | m1²=0.928345 | ||w||²/d=0.558837 | eps_adapter=2.435366e-01 | residual_overlap=0.011962
[step   182250] t/d=364.500 | task1=2.829398e-01 | |m1|=0.963866 | m1²=0.929037 | ||w||²/d=0.561679 | eps_adapter=2.407119e-01 | residual_overlap=0.011964
[step   182500] t/d=365.000 | task1=2.827193e-01 | |m1|=0.964330 | m1²=0.929932 | ||w||²/d=0.564573 | eps_adapter=2.376164e-01 | residual_overlap=0.011955
[step   182750] t/d=365.500 | task1=2.825150e-01 | |m1|=0.964808 | m1²=0.930855 | ||w||²/d=0.567380 | eps_adapter=2.345522e-01 | residual_overlap=0.011908
[step   183000] t/d=366.000 | task1=2.823330e-01 | |m1|=0.965288 | m1²=0.931781 | ||w||²/d=0.569918 | eps_adapter=2.316770e-01 | residual_overlap=0.011887
[step   183250] t/d=366.500 | task1=2.821678e-01 | |m1|=0.965638 | m1²=0.932456 | ||w||²/d=0.572370 | eps_adapter=2.291738e-01 | residual_overlap=0.011833
[step   183500] t/d=367.000 | task1=2.819837e-01 | |m1|=0.966115 | m1²=0.933379 | ||w||²/d=0.575329 | eps_adapter=2.260288e-01 | residual_overlap=0.011810
[step   183750] t/d=367.500 | task1=2.817980e-01 | |m1|=0.966566 | m1²=0.934250 | ||w||²/d=0.577711 | eps_adapter=2.233438e-01 | residual_overlap=0.011800
[step   184000] t/d=368.000 | task1=2.815850e-01 | |m1|=0.967118 | m1²=0.935318 | ||w||²/d=0.580768 | eps_adapter=2.199663e-01 | residual_overlap=0.011733
[step   184250] t/d=368.500 | task1=2.814320e-01 | |m1|=0.967554 | m1²=0.936160 | ||w||²/d=0.582826 | eps_adapter=2.175412e-01 | residual_overlap=0.011722
[step   184500] t/d=369.000 | task1=2.811964e-01 | |m1|=0.968095 | m1²=0.937208 | ||w||²/d=0.585620 | eps_adapter=2.143737e-01 | residual_overlap=0.011734
[step   184750] t/d=369.500 | task1=2.810018e-01 | |m1|=0.968503 | m1²=0.937997 | ||w||²/d=0.588291 | eps_adapter=2.116214e-01 | residual_overlap=0.011734
[step   185000] t/d=370.000 | task1=2.808005e-01 | |m1|=0.968820 | m1²=0.938613 | ||w||²/d=0.591258 | eps_adapter=2.089069e-01 | residual_overlap=0.011765
[step   185250] t/d=370.500 | task1=2.806893e-01 | |m1|=0.969151 | m1²=0.939253 | ||w||²/d=0.593548 | eps_adapter=2.066084e-01 | residual_overlap=0.011751
[step   185500] t/d=371.000 | task1=2.804949e-01 | |m1|=0.969466 | m1²=0.939864 | ||w||²/d=0.597078 | eps_adapter=2.035607e-01 | residual_overlap=0.011728
[step   185750] t/d=371.500 | task1=2.802920e-01 | |m1|=0.969998 | m1²=0.940896 | ||w||²/d=0.600450 | eps_adapter=2.000870e-01 | residual_overlap=0.011695
[step   186000] t/d=372.000 | task1=2.800597e-01 | |m1|=0.970348 | m1²=0.941575 | ||w||²/d=0.603939 | eps_adapter=1.970138e-01 | residual_overlap=0.011675
[step   186250] t/d=372.500 | task1=2.798706e-01 | |m1|=0.970750 | m1²=0.942356 | ||w||²/d=0.607223 | eps_adapter=1.939489e-01 | residual_overlap=0.011652
[step   186500] t/d=373.000 | task1=2.796388e-01 | |m1|=0.971234 | m1²=0.943295 | ||w||²/d=0.610164 | eps_adapter=1.909020e-01 | residual_overlap=0.011595
[step   186750] t/d=373.500 | task1=2.794305e-01 | |m1|=0.971630 | m1²=0.944065 | ||w||²/d=0.612920 | eps_adapter=1.881998e-01 | residual_overlap=0.011577
[step   187000] t/d=374.000 | task1=2.793040e-01 | |m1|=0.971968 | m1²=0.944722 | ||w||²/d=0.614744 | eps_adapter=1.862201e-01 | residual_overlap=0.011582
[step   187250] t/d=374.500 | task1=2.791840e-01 | |m1|=0.972226 | m1²=0.945224 | ||w||²/d=0.616837 | eps_adapter=1.842877e-01 | residual_overlap=0.011628
[step   187500] t/d=375.000 | task1=2.790461e-01 | |m1|=0.972604 | m1²=0.945958 | ||w||²/d=0.619139 | eps_adapter=1.819246e-01 | residual_overlap=0.011607
[step   187750] t/d=375.500 | task1=2.789196e-01 | |m1|=0.972926 | m1²=0.946585 | ||w||²/d=0.621702 | eps_adapter=1.795557e-01 | residual_overlap=0.011582
[step   188000] t/d=376.000 | task1=2.787804e-01 | |m1|=0.973281 | m1²=0.947277 | ||w||²/d=0.624481 | eps_adapter=1.769805e-01 | residual_overlap=0.011561
[step   188250] t/d=376.500 | task1=2.786258e-01 | |m1|=0.973757 | m1²=0.948203 | ||w||²/d=0.626677 | eps_adapter=1.744381e-01 | residual_overlap=0.011548
[step   188500] t/d=377.000 | task1=2.784336e-01 | |m1|=0.974089 | m1²=0.948850 | ||w||²/d=0.629891 | eps_adapter=1.716866e-01 | residual_overlap=0.011543
[step   188750] t/d=377.500 | task1=2.782860e-01 | |m1|=0.974496 | m1²=0.949643 | ||w||²/d=0.632207 | eps_adapter=1.692663e-01 | residual_overlap=0.011527
[step   189000] t/d=378.000 | task1=2.780856e-01 | |m1|=0.974811 | m1²=0.950257 | ||w||²/d=0.634889 | eps_adapter=1.668879e-01 | residual_overlap=0.011575
[step   189250] t/d=378.500 | task1=2.778777e-01 | |m1|=0.975136 | m1²=0.950891 | ||w||²/d=0.637948 | eps_adapter=1.642777e-01 | residual_overlap=0.011580
[step   189500] t/d=379.000 | task1=2.777325e-01 | |m1|=0.975408 | m1²=0.951420 | ||w||²/d=0.640128 | eps_adapter=1.623181e-01 | residual_overlap=0.011630
[step   189750] t/d=379.500 | task1=2.775807e-01 | |m1|=0.975722 | m1²=0.952034 | ||w||²/d=0.642414 | eps_adapter=1.601887e-01 | residual_overlap=0.011650
[step   190000] t/d=380.000 | task1=2.773999e-01 | |m1|=0.976021 | m1²=0.952618 | ||w||²/d=0.645187 | eps_adapter=1.578384e-01 | residual_overlap=0.011618
[step   190250] t/d=380.500 | task1=2.772344e-01 | |m1|=0.976273 | m1²=0.953108 | ||w||²/d=0.648132 | eps_adapter=1.555354e-01 | residual_overlap=0.011588
[step   190500] t/d=381.000 | task1=2.770789e-01 | |m1|=0.976623 | m1²=0.953792 | ||w||²/d=0.649880 | eps_adapter=1.536243e-01 | residual_overlap=0.011603
[step   190750] t/d=381.500 | task1=2.769296e-01 | |m1|=0.976978 | m1²=0.954486 | ||w||²/d=0.652072 | eps_adapter=1.514594e-01 | residual_overlap=0.011585
[step   191000] t/d=382.000 | task1=2.767821e-01 | |m1|=0.977263 | m1²=0.955043 | ||w||²/d=0.654460 | eps_adapter=1.493889e-01 | residual_overlap=0.011568
[step   191250] t/d=382.500 | task1=2.766187e-01 | |m1|=0.977495 | m1²=0.955496 | ||w||²/d=0.656999 | eps_adapter=1.473930e-01 | residual_overlap=0.011538
[step   191500] t/d=383.000 | task1=2.764755e-01 | |m1|=0.977813 | m1²=0.956119 | ||w||²/d=0.659257 | eps_adapter=1.453124e-01 | residual_overlap=0.011498
[step   191750] t/d=383.500 | task1=2.762939e-01 | |m1|=0.978058 | m1²=0.956598 | ||w||²/d=0.662591 | eps_adapter=1.428824e-01 | residual_overlap=0.011467
[step   192000] t/d=384.000 | task1=2.761685e-01 | |m1|=0.978188 | m1²=0.956852 | ||w||²/d=0.665081 | eps_adapter=1.412294e-01 | residual_overlap=0.011543
[step   192250] t/d=384.500 | task1=2.760351e-01 | |m1|=0.978503 | m1²=0.957469 | ||w||²/d=0.667290 | eps_adapter=1.392081e-01 | residual_overlap=0.011520
[step   192500] t/d=385.000 | task1=2.758785e-01 | |m1|=0.978766 | m1²=0.957982 | ||w||²/d=0.669914 | eps_adapter=1.371325e-01 | residual_overlap=0.011556
[step   192750] t/d=385.500 | task1=2.757650e-01 | |m1|=0.978961 | m1²=0.958364 | ||w||²/d=0.671836 | eps_adapter=1.356085e-01 | residual_overlap=0.011561
[step   193000] t/d=386.000 | task1=2.756092e-01 | |m1|=0.979233 | m1²=0.958898 | ||w||²/d=0.674674 | eps_adapter=1.334151e-01 | residual_overlap=0.011482
[step   193250] t/d=386.500 | task1=2.755430e-01 | |m1|=0.979438 | m1²=0.959298 | ||w||²/d=0.676878 | eps_adapter=1.317395e-01 | residual_overlap=0.011433
[step   193500] t/d=387.000 | task1=2.754233e-01 | |m1|=0.979729 | m1²=0.959870 | ||w||²/d=0.680025 | eps_adapter=1.293608e-01 | residual_overlap=0.011409
[step   193750] t/d=387.500 | task1=2.752828e-01 | |m1|=0.980011 | m1²=0.960422 | ||w||²/d=0.683047 | eps_adapter=1.270852e-01 | residual_overlap=0.011388
[step   194000] t/d=388.000 | task1=2.751763e-01 | |m1|=0.980255 | m1²=0.960899 | ||w||²/d=0.685834 | eps_adapter=1.250476e-01 | residual_overlap=0.011352
[step   194250] t/d=388.500 | task1=2.750034e-01 | |m1|=0.980622 | m1²=0.961619 | ||w||²/d=0.689443 | eps_adapter=1.222752e-01 | residual_overlap=0.011330
[step   194500] t/d=389.000 | task1=2.748499e-01 | |m1|=0.980814 | m1²=0.961997 | ||w||²/d=0.692435 | eps_adapter=1.203194e-01 | residual_overlap=0.011335
[step   194750] t/d=389.500 | task1=2.747153e-01 | |m1|=0.981064 | m1²=0.962487 | ||w||²/d=0.694533 | eps_adapter=1.186187e-01 | residual_overlap=0.011321
[step   195000] t/d=390.000 | task1=2.745550e-01 | |m1|=0.981363 | m1²=0.963074 | ||w||²/d=0.696332 | eps_adapter=1.169157e-01 | residual_overlap=0.011332
[step   195250] t/d=390.500 | task1=2.744152e-01 | |m1|=0.981578 | m1²=0.963495 | ||w||²/d=0.699067 | eps_adapter=1.150423e-01 | residual_overlap=0.011321
[step   195500] t/d=391.000 | task1=2.742756e-01 | |m1|=0.981818 | m1²=0.963966 | ||w||²/d=0.701689 | eps_adapter=1.131571e-01 | residual_overlap=0.011291
[step   195750] t/d=391.500 | task1=2.741428e-01 | |m1|=0.982007 | m1²=0.964338 | ||w||²/d=0.703960 | eps_adapter=1.115865e-01 | residual_overlap=0.011314
[step   196000] t/d=392.000 | task1=2.739833e-01 | |m1|=0.982311 | m1²=0.964935 | ||w||²/d=0.706686 | eps_adapter=1.094830e-01 | residual_overlap=0.011299
[step   196250] t/d=392.500 | task1=2.738927e-01 | |m1|=0.982425 | m1²=0.965158 | ||w||²/d=0.709127 | eps_adapter=1.080861e-01 | residual_overlap=0.011321
[step   196500] t/d=393.000 | task1=2.737968e-01 | |m1|=0.982699 | m1²=0.965697 | ||w||²/d=0.711268 | eps_adapter=1.063427e-01 | residual_overlap=0.011251
[step   196750] t/d=393.500 | task1=2.736328e-01 | |m1|=0.982898 | m1²=0.966088 | ||w||²/d=0.714386 | eps_adapter=1.044208e-01 | residual_overlap=0.011261
[step   197000] t/d=394.000 | task1=2.735081e-01 | |m1|=0.983118 | m1²=0.966520 | ||w||²/d=0.717640 | eps_adapter=1.023968e-01 | residual_overlap=0.011207
[step   197250] t/d=394.500 | task1=2.733356e-01 | |m1|=0.983298 | m1²=0.966876 | ||w||²/d=0.720903 | eps_adapter=1.005079e-01 | residual_overlap=0.011215
[step   197500] t/d=395.000 | task1=2.732669e-01 | |m1|=0.983540 | m1²=0.967350 | ||w||²/d=0.722942 | eps_adapter=9.894257e-02 | residual_overlap=0.011198
[step   197750] t/d=395.500 | task1=2.731834e-01 | |m1|=0.983786 | m1²=0.967835 | ||w||²/d=0.725349 | eps_adapter=9.722053e-02 | residual_overlap=0.011169
[step   198000] t/d=396.000 | task1=2.731172e-01 | |m1|=0.984042 | m1²=0.968338 | ||w||²/d=0.727338 | eps_adapter=9.564279e-02 | residual_overlap=0.011174
[step   198250] t/d=396.500 | task1=2.730075e-01 | |m1|=0.984155 | m1²=0.968560 | ||w||²/d=0.729955 | eps_adapter=9.426809e-02 | residual_overlap=0.011186
[step   198500] t/d=397.000 | task1=2.729616e-01 | |m1|=0.984288 | m1²=0.968824 | ||w||²/d=0.731285 | eps_adapter=9.333723e-02 | residual_overlap=0.011172
[step   198750] t/d=397.500 | task1=2.728876e-01 | |m1|=0.984440 | m1²=0.969122 | ||w||²/d=0.733593 | eps_adapter=9.197892e-02 | residual_overlap=0.011173
[step   199000] t/d=398.000 | task1=2.727490e-01 | |m1|=0.984688 | m1²=0.969611 | ||w||²/d=0.736846 | eps_adapter=8.997163e-02 | residual_overlap=0.011146
[step   199250] t/d=398.500 | task1=2.726200e-01 | |m1|=0.984830 | m1²=0.969891 | ||w||²/d=0.738688 | eps_adapter=8.883850e-02 | residual_overlap=0.011119
[step   199500] t/d=399.000 | task1=2.725374e-01 | |m1|=0.985031 | m1²=0.970286 | ||w||²/d=0.740971 | eps_adapter=8.736459e-02 | residual_overlap=0.011188
[step   199750] t/d=399.500 | task1=2.724492e-01 | |m1|=0.985162 | m1²=0.970544 | ||w||²/d=0.743130 | eps_adapter=8.616307e-02 | residual_overlap=0.011161
[step   200000] t/d=400.000 | task1=2.723517e-01 | |m1|=0.985422 | m1²=0.971056 | ||w||²/d=0.745081 | eps_adapter=8.463733e-02 | residual_overlap=0.011101
[step   200250] t/d=400.500 | task1=2.721878e-01 | |m1|=0.985550 | m1²=0.971308 | ||w||²/d=0.748136 | eps_adapter=8.314323e-02 | residual_overlap=0.011114
[step   200500] t/d=401.000 | task1=2.720920e-01 | |m1|=0.985665 | m1²=0.971535 | ||w||²/d=0.750857 | eps_adapter=8.182646e-02 | residual_overlap=0.011148
[step   200750] t/d=401.500 | task1=2.719567e-01 | |m1|=0.985876 | m1²=0.971952 | ||w||²/d=0.752926 | eps_adapter=8.043546e-02 | residual_overlap=0.011124
[step   201000] t/d=402.000 | task1=2.718517e-01 | |m1|=0.986035 | m1²=0.972264 | ||w||²/d=0.754595 | eps_adapter=7.935771e-02 | residual_overlap=0.011108
[step   201250] t/d=402.500 | task1=2.717132e-01 | |m1|=0.986186 | m1²=0.972563 | ||w||²/d=0.757256 | eps_adapter=7.797513e-02 | residual_overlap=0.011068
[step   201500] t/d=403.000 | task1=2.716233e-01 | |m1|=0.986305 | m1²=0.972797 | ||w||²/d=0.759552 | eps_adapter=7.683052e-02 | residual_overlap=0.011115
[step   201750] t/d=403.500 | task1=2.715539e-01 | |m1|=0.986460 | m1²=0.973104 | ||w||²/d=0.760984 | eps_adapter=7.585716e-02 | residual_overlap=0.011119
[step   202000] t/d=404.000 | task1=2.714669e-01 | |m1|=0.986718 | m1²=0.973612 | ||w||²/d=0.762095 | eps_adapter=7.466033e-02 | residual_overlap=0.011109
[step   202250] t/d=404.500 | task1=2.713996e-01 | |m1|=0.986815 | m1²=0.973803 | ||w||²/d=0.764068 | eps_adapter=7.370814e-02 | residual_overlap=0.011110
[step   202500] t/d=405.000 | task1=2.713691e-01 | |m1|=0.986925 | m1²=0.974020 | ||w||²/d=0.765666 | eps_adapter=7.283949e-02 | residual_overlap=0.011104
[step   202750] t/d=405.500 | task1=2.713264e-01 | |m1|=0.987015 | m1²=0.974198 | ||w||²/d=0.767878 | eps_adapter=7.184858e-02 | residual_overlap=0.011117
[step   203000] t/d=406.000 | task1=2.712574e-01 | |m1|=0.987170 | m1²=0.974505 | ||w||²/d=0.769237 | eps_adapter=7.091587e-02 | residual_overlap=0.011110
[step   203250] t/d=406.500 | task1=2.711640e-01 | |m1|=0.987273 | m1²=0.974708 | ||w||²/d=0.771206 | eps_adapter=6.997242e-02 | residual_overlap=0.011080
[step   203500] t/d=407.000 | task1=2.710540e-01 | |m1|=0.987353 | m1²=0.974866 | ||w||²/d=0.773846 | eps_adapter=6.890791e-02 | residual_overlap=0.011087
[step   203750] t/d=407.500 | task1=2.709459e-01 | |m1|=0.987503 | m1²=0.975162 | ||w||²/d=0.776741 | eps_adapter=6.755307e-02 | residual_overlap=0.011133
[step   204000] t/d=408.000 | task1=2.708794e-01 | |m1|=0.987627 | m1²=0.975406 | ||w||²/d=0.778305 | eps_adapter=6.668585e-02 | residual_overlap=0.011097
[step   204250] t/d=408.500 | task1=2.708212e-01 | |m1|=0.987770 | m1²=0.975689 | ||w||²/d=0.780014 | eps_adapter=6.571529e-02 | residual_overlap=0.011082
[step   204500] t/d=409.000 | task1=2.707665e-01 | |m1|=0.987892 | m1²=0.975930 | ||w||²/d=0.782004 | eps_adapter=6.474167e-02 | residual_overlap=0.011071
[step   204750] t/d=409.500 | task1=2.706740e-01 | |m1|=0.988069 | m1²=0.976280 | ||w||²/d=0.784298 | eps_adapter=6.350432e-02 | residual_overlap=0.011043
[step   205000] t/d=410.000 | task1=2.706473e-01 | |m1|=0.988106 | m1²=0.976354 | ||w||²/d=0.786658 | eps_adapter=6.272716e-02 | residual_overlap=0.011026
[step   205250] t/d=410.500 | task1=2.705958e-01 | |m1|=0.988195 | m1²=0.976529 | ||w||²/d=0.788216 | eps_adapter=6.200655e-02 | residual_overlap=0.010989
[step   205500] t/d=411.000 | task1=2.704947e-01 | |m1|=0.988318 | m1²=0.976772 | ||w||²/d=0.790791 | eps_adapter=6.090349e-02 | residual_overlap=0.010993
[step   205750] t/d=411.500 | task1=2.704699e-01 | |m1|=0.988413 | m1²=0.976960 | ||w||²/d=0.793591 | eps_adapter=5.985004e-02 | residual_overlap=0.010951
[step   206000] t/d=412.000 | task1=2.703923e-01 | |m1|=0.988597 | m1²=0.977324 | ||w||²/d=0.794855 | eps_adapter=5.890047e-02 | residual_overlap=0.010947
[step   206250] t/d=412.500 | task1=2.702855e-01 | |m1|=0.988684 | m1²=0.977497 | ||w||²/d=0.796500 | eps_adapter=5.818493e-02 | residual_overlap=0.010954
[step   206500] t/d=413.000 | task1=2.702128e-01 | |m1|=0.988766 | m1²=0.977657 | ||w||²/d=0.798980 | eps_adapter=5.728777e-02 | residual_overlap=0.010934
[step   206750] t/d=413.500 | task1=2.701064e-01 | |m1|=0.988953 | m1²=0.978028 | ||w||²/d=0.800504 | eps_adapter=5.627258e-02 | residual_overlap=0.010892
[step   207000] t/d=414.000 | task1=2.700086e-01 | |m1|=0.989118 | m1²=0.978354 | ||w||²/d=0.802532 | eps_adapter=5.521614e-02 | residual_overlap=0.010872
[step   207250] t/d=414.500 | task1=2.699322e-01 | |m1|=0.989224 | m1²=0.978563 | ||w||²/d=0.804917 | eps_adapter=5.428469e-02 | residual_overlap=0.010887
[step   207500] t/d=415.000 | task1=2.698162e-01 | |m1|=0.989330 | m1²=0.978774 | ||w||²/d=0.806866 | eps_adapter=5.346318e-02 | residual_overlap=0.010874
[step   207750] t/d=415.500 | task1=2.696843e-01 | |m1|=0.989435 | m1²=0.978982 | ||w||²/d=0.809735 | eps_adapter=5.244596e-02 | residual_overlap=0.010879
[step   208000] t/d=416.000 | task1=2.696186e-01 | |m1|=0.989553 | m1²=0.979214 | ||w||²/d=0.811320 | eps_adapter=5.168390e-02 | residual_overlap=0.010906
[step   208250] t/d=416.500 | task1=2.695502e-01 | |m1|=0.989724 | m1²=0.979554 | ||w||²/d=0.813174 | eps_adapter=5.068009e-02 | residual_overlap=0.010870
[step   208500] t/d=417.000 | task1=2.694445e-01 | |m1|=0.989848 | m1²=0.979798 | ||w||²/d=0.815563 | eps_adapter=4.973404e-02 | residual_overlap=0.010898
[step   208750] t/d=417.500 | task1=2.694315e-01 | |m1|=0.989908 | m1²=0.979917 | ||w||²/d=0.816931 | eps_adapter=4.923478e-02 | residual_overlap=0.010922
[step   209000] t/d=418.000 | task1=2.693763e-01 | |m1|=0.990023 | m1²=0.980145 | ||w||²/d=0.818638 | eps_adapter=4.847617e-02 | residual_overlap=0.010891
[step   209250] t/d=418.500 | task1=2.693275e-01 | |m1|=0.990099 | m1²=0.980297 | ||w||²/d=0.821168 | eps_adapter=4.769164e-02 | residual_overlap=0.010886
[step   209500] t/d=419.000 | task1=2.692924e-01 | |m1|=0.990274 | m1²=0.980643 | ||w||²/d=0.823237 | eps_adapter=4.666438e-02 | residual_overlap=0.010848
[step   209750] t/d=419.500 | task1=2.692558e-01 | |m1|=0.990326 | m1²=0.980746 | ||w||²/d=0.824432 | eps_adapter=4.624604e-02 | residual_overlap=0.010847
[step   210000] t/d=420.000 | task1=2.691830e-01 | |m1|=0.990399 | m1²=0.980890 | ||w||²/d=0.826104 | eps_adapter=4.566721e-02 | residual_overlap=0.010838
[step   210250] t/d=420.500 | task1=2.691354e-01 | |m1|=0.990476 | m1²=0.981042 | ||w||²/d=0.828663 | eps_adapter=4.491456e-02 | residual_overlap=0.010832
[step   210500] t/d=421.000 | task1=2.690747e-01 | |m1|=0.990535 | m1²=0.981160 | ||w||²/d=0.830096 | eps_adapter=4.443995e-02 | residual_overlap=0.010852
[step   210750] t/d=421.500 | task1=2.690664e-01 | |m1|=0.990656 | m1²=0.981400 | ||w||²/d=0.831768 | eps_adapter=4.370760e-02 | residual_overlap=0.010849
[step   211000] t/d=422.000 | task1=2.690626e-01 | |m1|=0.990748 | m1²=0.981582 | ||w||²/d=0.833586 | eps_adapter=4.305706e-02 | residual_overlap=0.010825
[step   211250] t/d=422.500 | task1=2.690356e-01 | |m1|=0.990800 | m1²=0.981685 | ||w||²/d=0.835601 | eps_adapter=4.252354e-02 | residual_overlap=0.010839
[step   211500] t/d=423.000 | task1=2.689570e-01 | |m1|=0.990912 | m1²=0.981907 | ||w||²/d=0.837318 | eps_adapter=4.183283e-02 | residual_overlap=0.010820
[step   211750] t/d=423.500 | task1=2.689180e-01 | |m1|=0.990976 | m1²=0.982034 | ||w||²/d=0.839252 | eps_adapter=4.128361e-02 | residual_overlap=0.010797
[step   212000] t/d=424.000 | task1=2.688927e-01 | |m1|=0.991087 | m1²=0.982254 | ||w||²/d=0.841038 | eps_adapter=4.059778e-02 | residual_overlap=0.010753
[step   212250] t/d=424.500 | task1=2.688098e-01 | |m1|=0.991211 | m1²=0.982500 | ||w||²/d=0.842586 | eps_adapter=3.990553e-02 | residual_overlap=0.010740
[step   212500] t/d=425.000 | task1=2.687483e-01 | |m1|=0.991219 | m1²=0.982516 | ||w||²/d=0.844449 | eps_adapter=3.958987e-02 | residual_overlap=0.010779
[step   212750] t/d=425.500 | task1=2.686566e-01 | |m1|=0.991275 | m1²=0.982627 | ||w||²/d=0.846559 | eps_adapter=3.907191e-02 | residual_overlap=0.010813
[step   213000] t/d=426.000 | task1=2.686339e-01 | |m1|=0.991375 | m1²=0.982824 | ||w||²/d=0.848109 | eps_adapter=3.848521e-02 | residual_overlap=0.010824
[step   213250] t/d=426.500 | task1=2.685454e-01 | |m1|=0.991430 | m1²=0.982933 | ||w||²/d=0.849773 | eps_adapter=3.805019e-02 | residual_overlap=0.010833
[step   213500] t/d=427.000 | task1=2.685254e-01 | |m1|=0.991514 | m1²=0.983100 | ||w||²/d=0.850927 | eps_adapter=3.758225e-02 | residual_overlap=0.010852
[step   213750] t/d=427.500 | task1=2.684377e-01 | |m1|=0.991599 | m1²=0.983268 | ||w||²/d=0.853623 | eps_adapter=3.690978e-02 | residual_overlap=0.010874
[step   214000] t/d=428.000 | task1=2.684121e-01 | |m1|=0.991683 | m1²=0.983436 | ||w||²/d=0.855354 | eps_adapter=3.637430e-02 | residual_overlap=0.010877
[step   214250] t/d=428.500 | task1=2.683757e-01 | |m1|=0.991804 | m1²=0.983675 | ||w||²/d=0.856742 | eps_adapter=3.575688e-02 | residual_overlap=0.010894
[step   214500] t/d=429.000 | task1=2.682993e-01 | |m1|=0.991922 | m1²=0.983910 | ||w||²/d=0.858696 | eps_adapter=3.507998e-02 | residual_overlap=0.010825
[step   214750] t/d=429.500 | task1=2.682226e-01 | |m1|=0.991936 | m1²=0.983936 | ||w||²/d=0.860662 | eps_adapter=3.479622e-02 | residual_overlap=0.010853
[step   215000] t/d=430.000 | task1=2.681904e-01 | |m1|=0.992021 | m1²=0.984105 | ||w||²/d=0.861632 | eps_adapter=3.437025e-02 | residual_overlap=0.010887
[step   215250] t/d=430.500 | task1=2.681292e-01 | |m1|=0.992143 | m1²=0.984348 | ||w||²/d=0.863018 | eps_adapter=3.375900e-02 | residual_overlap=0.010860
[step   215500] t/d=431.000 | task1=2.681098e-01 | |m1|=0.992179 | m1²=0.984420 | ||w||²/d=0.864676 | eps_adapter=3.344192e-02 | residual_overlap=0.010850
[step   215750] t/d=431.500 | task1=2.681061e-01 | |m1|=0.992219 | m1²=0.984499 | ||w||²/d=0.865712 | eps_adapter=3.318392e-02 | residual_overlap=0.010855
[step   216000] t/d=432.000 | task1=2.680458e-01 | |m1|=0.992301 | m1²=0.984660 | ||w||²/d=0.867399 | eps_adapter=3.270460e-02 | residual_overlap=0.010846
[step   216250] t/d=432.500 | task1=2.679679e-01 | |m1|=0.992366 | m1²=0.984789 | ||w||²/d=0.868606 | eps_adapter=3.234027e-02 | residual_overlap=0.010844
[step   216500] t/d=433.000 | task1=2.679231e-01 | |m1|=0.992438 | m1²=0.984933 | ||w||²/d=0.870109 | eps_adapter=3.192188e-02 | residual_overlap=0.010859
[step   216750] t/d=433.500 | task1=2.679092e-01 | |m1|=0.992490 | m1²=0.985037 | ||w||²/d=0.871134 | eps_adapter=3.162866e-02 | residual_overlap=0.010877
[step   217000] t/d=434.000 | task1=2.678750e-01 | |m1|=0.992535 | m1²=0.985127 | ||w||²/d=0.872288 | eps_adapter=3.135151e-02 | residual_overlap=0.010863
[step   217250] t/d=434.500 | task1=2.678914e-01 | |m1|=0.992592 | m1²=0.985239 | ||w||²/d=0.873720 | eps_adapter=3.100935e-02 | residual_overlap=0.010809
[step   217500] t/d=435.000 | task1=2.678060e-01 | |m1|=0.992599 | m1²=0.985254 | ||w||²/d=0.875166 | eps_adapter=3.085538e-02 | residual_overlap=0.010819
[step   217750] t/d=435.500 | task1=2.677784e-01 | |m1|=0.992684 | m1²=0.985421 | ||w||²/d=0.875518 | eps_adapter=3.050803e-02 | residual_overlap=0.010790
[step   218000] t/d=436.000 | task1=2.677299e-01 | |m1|=0.992755 | m1²=0.985563 | ||w||²/d=0.877250 | eps_adapter=3.009535e-02 | residual_overlap=0.010788
[step   218250] t/d=436.500 | task1=2.677306e-01 | |m1|=0.992802 | m1²=0.985655 | ||w||²/d=0.878629 | eps_adapter=2.980935e-02 | residual_overlap=0.010769
[step   218500] t/d=437.000 | task1=2.676874e-01 | |m1|=0.992858 | m1²=0.985767 | ||w||²/d=0.880067 | eps_adapter=2.948667e-02 | residual_overlap=0.010764
[step   218750] t/d=437.500 | task1=2.676558e-01 | |m1|=0.992961 | m1²=0.985971 | ||w||²/d=0.881678 | eps_adapter=2.897921e-02 | residual_overlap=0.010714
[step   219000] t/d=438.000 | task1=2.675889e-01 | |m1|=0.993043 | m1²=0.986135 | ||w||²/d=0.883454 | eps_adapter=2.854119e-02 | residual_overlap=0.010668
[step   219250] t/d=438.500 | task1=2.675309e-01 | |m1|=0.993057 | m1²=0.986163 | ||w||²/d=0.884439 | eps_adapter=2.842197e-02 | residual_overlap=0.010684
[step   219500] t/d=439.000 | task1=2.674361e-01 | |m1|=0.993054 | m1²=0.986156 | ||w||²/d=0.886366 | eps_adapter=2.831142e-02 | residual_overlap=0.010705
[step   219750] t/d=439.500 | task1=2.673841e-01 | |m1|=0.993072 | m1²=0.986191 | ||w||²/d=0.887993 | eps_adapter=2.814665e-02 | residual_overlap=0.010704
[step   220000] t/d=440.000 | task1=2.672985e-01 | |m1|=0.993137 | m1²=0.986321 | ||w||²/d=0.888837 | eps_adapter=2.784972e-02 | residual_overlap=0.010669
[step   220250] t/d=440.500 | task1=2.672048e-01 | |m1|=0.993193 | m1²=0.986433 | ||w||²/d=0.890302 | eps_adapter=2.755478e-02 | residual_overlap=0.010691
[step   220500] t/d=441.000 | task1=2.671572e-01 | |m1|=0.993256 | m1²=0.986558 | ||w||²/d=0.892303 | eps_adapter=2.721209e-02 | residual_overlap=0.010693
[step   220750] t/d=441.500 | task1=2.671332e-01 | |m1|=0.993333 | m1²=0.986710 | ||w||²/d=0.894167 | eps_adapter=2.683023e-02 | residual_overlap=0.010656
[step   221000] t/d=442.000 | task1=2.671531e-01 | |m1|=0.993389 | m1²=0.986821 | ||w||²/d=0.896092 | eps_adapter=2.653409e-02 | residual_overlap=0.010645
[step   221250] t/d=442.500 | task1=2.671509e-01 | |m1|=0.993429 | m1²=0.986902 | ||w||²/d=0.897511 | eps_adapter=2.632277e-02 | residual_overlap=0.010688
[step   221500] t/d=443.000 | task1=2.671367e-01 | |m1|=0.993451 | m1²=0.986945 | ||w||²/d=0.898397 | eps_adapter=2.620666e-02 | residual_overlap=0.010728
[step   221750] t/d=443.500 | task1=2.670866e-01 | |m1|=0.993484 | m1²=0.987010 | ||w||²/d=0.900207 | eps_adapter=2.601976e-02 | residual_overlap=0.010742
[step   222000] t/d=444.000 | task1=2.670692e-01 | |m1|=0.993508 | m1²=0.987057 | ||w||²/d=0.901181 | eps_adapter=2.589889e-02 | residual_overlap=0.010750
[step   222250] t/d=444.500 | task1=2.670531e-01 | |m1|=0.993584 | m1²=0.987209 | ||w||²/d=0.902830 | eps_adapter=2.555805e-02 | residual_overlap=0.010749
[step   222500] t/d=445.000 | task1=2.669901e-01 | |m1|=0.993621 | m1²=0.987283 | ||w||²/d=0.903929 | eps_adapter=2.538723e-02 | residual_overlap=0.010748
[step   222750] t/d=445.500 | task1=2.669562e-01 | |m1|=0.993639 | m1²=0.987317 | ||w||²/d=0.905599 | eps_adapter=2.528402e-02 | residual_overlap=0.010754
[step   223000] t/d=446.000 | task1=2.668464e-01 | |m1|=0.993761 | m1²=0.987562 | ||w||²/d=0.906248 | eps_adapter=2.479345e-02 | residual_overlap=0.010726
[step   223250] t/d=446.500 | task1=2.668157e-01 | |m1|=0.993810 | m1²=0.987658 | ||w||²/d=0.907394 | eps_adapter=2.458636e-02 | residual_overlap=0.010747
[step   223500] t/d=447.000 | task1=2.668343e-01 | |m1|=0.993810 | m1²=0.987658 | ||w||²/d=0.908077 | eps_adapter=2.457551e-02 | residual_overlap=0.010793
[step   223750] t/d=447.500 | task1=2.667909e-01 | |m1|=0.993879 | m1²=0.987796 | ||w||²/d=0.908741 | eps_adapter=2.429610e-02 | residual_overlap=0.010786
[step   224000] t/d=448.000 | task1=2.667449e-01 | |m1|=0.993922 | m1²=0.987881 | ||w||²/d=0.910564 | eps_adapter=2.410838e-02 | residual_overlap=0.010773
[step   224250] t/d=448.500 | task1=2.667327e-01 | |m1|=0.993920 | m1²=0.987876 | ||w||²/d=0.912103 | eps_adapter=2.410682e-02 | residual_overlap=0.010808
[step   224500] t/d=449.000 | task1=2.667123e-01 | |m1|=0.993928 | m1²=0.987894 | ||w||²/d=0.913059 | eps_adapter=2.406785e-02 | residual_overlap=0.010812
[step   224750] t/d=449.500 | task1=2.667395e-01 | |m1|=0.993942 | m1²=0.987921 | ||w||²/d=0.913655 | eps_adapter=2.401244e-02 | residual_overlap=0.010808
[step   225000] t/d=450.000 | task1=2.667334e-01 | |m1|=0.993970 | m1²=0.987977 | ||w||²/d=0.914132 | eps_adapter=2.390148e-02 | residual_overlap=0.010840
[step   225250] t/d=450.500 | task1=2.667470e-01 | |m1|=0.993967 | m1²=0.987969 | ||w||²/d=0.914645 | eps_adapter=2.391635e-02 | residual_overlap=0.010860
[step   225500] t/d=451.000 | task1=2.666992e-01 | |m1|=0.994006 | m1²=0.988048 | ||w||²/d=0.916319 | eps_adapter=2.376465e-02 | residual_overlap=0.010858
[step   225750] t/d=451.500 | task1=2.666631e-01 | |m1|=0.994049 | m1²=0.988134 | ||w||²/d=0.917141 | eps_adapter=2.359801e-02 | residual_overlap=0.010899
[step   226000] t/d=452.000 | task1=2.665958e-01 | |m1|=0.994092 | m1²=0.988219 | ||w||²/d=0.918321 | eps_adapter=2.343780e-02 | residual_overlap=0.010882
[step   226250] t/d=452.500 | task1=2.665929e-01 | |m1|=0.994146 | m1²=0.988327 | ||w||²/d=0.919112 | eps_adapter=2.323215e-02 | residual_overlap=0.010863
[step   226500] t/d=453.000 | task1=2.665492e-01 | |m1|=0.994195 | m1²=0.988424 | ||w||²/d=0.921431 | eps_adapter=2.306842e-02 | residual_overlap=0.010843
[step   226750] t/d=453.500 | task1=2.665397e-01 | |m1|=0.994204 | m1²=0.988442 | ||w||²/d=0.922606 | eps_adapter=2.305112e-02 | residual_overlap=0.010878
[step   227000] t/d=454.000 | task1=2.665286e-01 | |m1|=0.994212 | m1²=0.988457 | ||w||²/d=0.923859 | eps_adapter=2.304633e-02 | residual_overlap=0.010867
[step   227250] t/d=454.500 | task1=2.664771e-01 | |m1|=0.994265 | m1²=0.988563 | ||w||²/d=0.924867 | eps_adapter=2.285567e-02 | residual_overlap=0.010868
[step   227500] t/d=455.000 | task1=2.664169e-01 | |m1|=0.994297 | m1²=0.988627 | ||w||²/d=0.926121 | eps_adapter=2.275872e-02 | residual_overlap=0.010892
[step   227750] t/d=455.500 | task1=2.664145e-01 | |m1|=0.994347 | m1²=0.988726 | ||w||²/d=0.926644 | eps_adapter=2.257368e-02 | residual_overlap=0.010881
[step   228000] t/d=456.000 | task1=2.663223e-01 | |m1|=0.994414 | m1²=0.988859 | ||w||²/d=0.928200 | eps_adapter=2.235180e-02 | residual_overlap=0.010838
[step   228250] t/d=456.500 | task1=2.662598e-01 | |m1|=0.994440 | m1²=0.988911 | ||w||²/d=0.929625 | eps_adapter=2.229383e-02 | residual_overlap=0.010821
[step   228500] t/d=457.000 | task1=2.662737e-01 | |m1|=0.994457 | m1²=0.988944 | ||w||²/d=0.929656 | eps_adapter=2.222828e-02 | residual_overlap=0.010794
[step   228750] t/d=457.500 | task1=2.662856e-01 | |m1|=0.994461 | m1²=0.988953 | ||w||²/d=0.930591 | eps_adapter=2.224178e-02 | residual_overlap=0.010810
[step   229000] t/d=458.000 | task1=2.663459e-01 | |m1|=0.994483 | m1²=0.988996 | ||w||²/d=0.931573 | eps_adapter=2.219204e-02 | residual_overlap=0.010801
[step   229250] t/d=458.500 | task1=2.663410e-01 | |m1|=0.994471 | m1²=0.988973 | ||w||²/d=0.933145 | eps_adapter=2.229918e-02 | residual_overlap=0.010842
[step   229500] t/d=459.000 | task1=2.663183e-01 | |m1|=0.994505 | m1²=0.989039 | ||w||²/d=0.934164 | eps_adapter=2.220917e-02 | residual_overlap=0.010830
[step   229750] t/d=459.500 | task1=2.662699e-01 | |m1|=0.994509 | m1²=0.989047 | ||w||²/d=0.935587 | eps_adapter=2.225798e-02 | residual_overlap=0.010877
[step   230000] t/d=460.000 | task1=2.662838e-01 | |m1|=0.994523 | m1²=0.989075 | ||w||²/d=0.936341 | eps_adapter=2.223694e-02 | residual_overlap=0.010865
[step   230250] t/d=460.500 | task1=2.662330e-01 | |m1|=0.994566 | m1²=0.989162 | ||w||²/d=0.937781 | eps_adapter=2.213488e-02 | residual_overlap=0.010882
[step   230500] t/d=461.000 | task1=2.662010e-01 | |m1|=0.994588 | m1²=0.989205 | ||w||²/d=0.939098 | eps_adapter=2.211662e-02 | residual_overlap=0.010888
[step   230750] t/d=461.500 | task1=2.662253e-01 | |m1|=0.994604 | m1²=0.989238 | ||w||²/d=0.940548 | eps_adapter=2.213247e-02 | residual_overlap=0.010870
[step   231000] t/d=462.000 | task1=2.661567e-01 | |m1|=0.994691 | m1²=0.989410 | ||w||²/d=0.941813 | eps_adapter=2.185757e-02 | residual_overlap=0.010866
[step   231250] t/d=462.500 | task1=2.661329e-01 | |m1|=0.994731 | m1²=0.989490 | ||w||²/d=0.942663 | eps_adapter=2.174768e-02 | residual_overlap=0.010863
[step   231500] t/d=463.000 | task1=2.661589e-01 | |m1|=0.994746 | m1²=0.989519 | ||w||²/d=0.943417 | eps_adapter=2.173476e-02 | residual_overlap=0.010879
[step   231750] t/d=463.500 | task1=2.661532e-01 | |m1|=0.994777 | m1²=0.989581 | ||w||²/d=0.944632 | eps_adapter=2.168898e-02 | residual_overlap=0.010874
[step   232000] t/d=464.000 | task1=2.661810e-01 | |m1|=0.994825 | m1²=0.989676 | ||w||²/d=0.945343 | eps_adapter=2.154223e-02 | residual_overlap=0.010811
[step   232250] t/d=464.500 | task1=2.661362e-01 | |m1|=0.994815 | m1²=0.989657 | ||w||²/d=0.947035 | eps_adapter=2.170048e-02 | residual_overlap=0.010836
[step   232500] t/d=465.000 | task1=2.660804e-01 | |m1|=0.994846 | m1²=0.989718 | ||w||²/d=0.948887 | eps_adapter=2.171345e-02 | residual_overlap=0.010823
[step   232750] t/d=465.500 | task1=2.660484e-01 | |m1|=0.994834 | m1²=0.989695 | ||w||²/d=0.949693 | eps_adapter=2.182275e-02 | residual_overlap=0.010830
[step   233000] t/d=466.000 | task1=2.660226e-01 | |m1|=0.994846 | m1²=0.989719 | ||w||²/d=0.951063 | eps_adapter=2.188351e-02 | residual_overlap=0.010806
[step   233250] t/d=466.500 | task1=2.659867e-01 | |m1|=0.994888 | m1²=0.989801 | ||w||²/d=0.951372 | eps_adapter=2.173969e-02 | residual_overlap=0.010794
[step   233500] t/d=467.000 | task1=2.659535e-01 | |m1|=0.994936 | m1²=0.989898 | ||w||²/d=0.952685 | eps_adapter=2.165169e-02 | residual_overlap=0.010782
[step   233750] t/d=467.500 | task1=2.659728e-01 | |m1|=0.994959 | m1²=0.989943 | ||w||²/d=0.953901 | eps_adapter=2.166231e-02 | residual_overlap=0.010817
[step   234000] t/d=468.000 | task1=2.659652e-01 | |m1|=0.994973 | m1²=0.989971 | ||w||²/d=0.954727 | eps_adapter=2.167847e-02 | residual_overlap=0.010821
[step   234250] t/d=468.500 | task1=2.659561e-01 | |m1|=0.995027 | m1²=0.990080 | ||w||²/d=0.956230 | eps_adapter=2.159171e-02 | residual_overlap=0.010789
[step   234500] t/d=469.000 | task1=2.659438e-01 | |m1|=0.995032 | m1²=0.990088 | ||w||²/d=0.956534 | eps_adapter=2.160304e-02 | residual_overlap=0.010793
[step   234750] t/d=469.500 | task1=2.659685e-01 | |m1|=0.995035 | m1²=0.990094 | ||w||²/d=0.956997 | eps_adapter=2.163336e-02 | residual_overlap=0.010793
[step   235000] t/d=470.000 | task1=2.659587e-01 | |m1|=0.995042 | m1²=0.990110 | ||w||²/d=0.957684 | eps_adapter=2.166748e-02 | residual_overlap=0.010805
[step   235250] t/d=470.500 | task1=2.659797e-01 | |m1|=0.995064 | m1²=0.990152 | ||w||²/d=0.957736 | eps_adapter=2.158418e-02 | residual_overlap=0.010788
[step   235500] t/d=471.000 | task1=2.659635e-01 | |m1|=0.995088 | m1²=0.990200 | ||w||²/d=0.958811 | eps_adapter=2.158900e-02 | residual_overlap=0.010777
[step   235750] t/d=471.500 | task1=2.659181e-01 | |m1|=0.995086 | m1²=0.990196 | ||w||²/d=0.959674 | eps_adapter=2.168530e-02 | residual_overlap=0.010818
[step   236000] t/d=472.000 | task1=2.659008e-01 | |m1|=0.995102 | m1²=0.990229 | ||w||²/d=0.961097 | eps_adapter=2.176211e-02 | residual_overlap=0.010856
[step   236250] t/d=472.500 | task1=2.658945e-01 | |m1|=0.995138 | m1²=0.990299 | ||w||²/d=0.961744 | eps_adapter=2.168405e-02 | residual_overlap=0.010820
[step   236500] t/d=473.000 | task1=2.659074e-01 | |m1|=0.995146 | m1²=0.990316 | ||w||²/d=0.962560 | eps_adapter=2.173450e-02 | residual_overlap=0.010817
[step   236750] t/d=473.500 | task1=2.658340e-01 | |m1|=0.995211 | m1²=0.990445 | ||w||²/d=0.964999 | eps_adapter=2.173366e-02 | residual_overlap=0.010785
[step   237000] t/d=474.000 | task1=2.657840e-01 | |m1|=0.995230 | m1²=0.990482 | ||w||²/d=0.965972 | eps_adapter=2.176750e-02 | residual_overlap=0.010792
[step   237250] t/d=474.500 | task1=2.657665e-01 | |m1|=0.995232 | m1²=0.990486 | ||w||²/d=0.966686 | eps_adapter=2.184214e-02 | residual_overlap=0.010810
[step   237500] t/d=475.000 | task1=2.657293e-01 | |m1|=0.995275 | m1²=0.990573 | ||w||²/d=0.967022 | eps_adapter=2.169896e-02 | residual_overlap=0.010784
[step   237750] t/d=475.500 | task1=2.657526e-01 | |m1|=0.995266 | m1²=0.990554 | ||w||²/d=0.968814 | eps_adapter=2.195252e-02 | residual_overlap=0.010777
[step   238000] t/d=476.000 | task1=2.657087e-01 | |m1|=0.995293 | m1²=0.990608 | ||w||²/d=0.969387 | eps_adapter=2.190880e-02 | residual_overlap=0.010778
[step   238250] t/d=476.500 | task1=2.657066e-01 | |m1|=0.995315 | m1²=0.990653 | ||w||²/d=0.970796 | eps_adapter=2.199078e-02 | residual_overlap=0.010778
[step   238500] t/d=477.000 | task1=2.657058e-01 | |m1|=0.995291 | m1²=0.990604 | ||w||²/d=0.971938 | eps_adapter=2.223723e-02 | residual_overlap=0.010801
[step   238750] t/d=477.500 | task1=2.657452e-01 | |m1|=0.995308 | m1²=0.990638 | ||w||²/d=0.972964 | eps_adapter=2.229931e-02 | residual_overlap=0.010785
[step   239000] t/d=478.000 | task1=2.657697e-01 | |m1|=0.995283 | m1²=0.990588 | ||w||²/d=0.973876 | eps_adapter=2.252426e-02 | residual_overlap=0.010844
[step   239250] t/d=478.500 | task1=2.657730e-01 | |m1|=0.995318 | m1²=0.990658 | ||w||²/d=0.974944 | eps_adapter=2.252002e-02 | residual_overlap=0.010800
[step   239500] t/d=479.000 | task1=2.657344e-01 | |m1|=0.995322 | m1²=0.990666 | ||w||²/d=0.976272 | eps_adapter=2.268671e-02 | residual_overlap=0.010828
[step   239750] t/d=479.500 | task1=2.657996e-01 | |m1|=0.995299 | m1²=0.990621 | ||w||²/d=0.977234 | eps_adapter=2.291594e-02 | residual_overlap=0.010866
[step   240000] t/d=480.000 | task1=2.657779e-01 | |m1|=0.995301 | m1²=0.990625 | ||w||²/d=0.978107 | eps_adapter=2.303118e-02 | residual_overlap=0.010874
[step   240250] t/d=480.500 | task1=2.657492e-01 | |m1|=0.995290 | m1²=0.990602 | ||w||²/d=0.977946 | eps_adapter=2.305721e-02 | residual_overlap=0.010886
[step   240500] t/d=481.000 | task1=2.657670e-01 | |m1|=0.995270 | m1²=0.990563 | ||w||²/d=0.978442 | eps_adapter=2.320912e-02 | residual_overlap=0.010907
[step   240750] t/d=481.500 | task1=2.657308e-01 | |m1|=0.995261 | m1²=0.990545 | ||w||²/d=0.979061 | eps_adapter=2.333775e-02 | residual_overlap=0.010900
[step   241000] t/d=482.000 | task1=2.656633e-01 | |m1|=0.995250 | m1²=0.990523 | ||w||²/d=0.979469 | eps_adapter=2.344248e-02 | residual_overlap=0.010922
[step   241250] t/d=482.500 | task1=2.656635e-01 | |m1|=0.995283 | m1²=0.990589 | ||w||²/d=0.980711 | eps_adapter=2.348721e-02 | residual_overlap=0.010870
[step   241500] t/d=483.000 | task1=2.656438e-01 | |m1|=0.995324 | m1²=0.990670 | ||w||²/d=0.981356 | eps_adapter=2.341079e-02 | residual_overlap=0.010881
[step   241750] t/d=483.500 | task1=2.656601e-01 | |m1|=0.995376 | m1²=0.990774 | ||w||²/d=0.981931 | eps_adapter=2.327757e-02 | residual_overlap=0.010862
[step   242000] t/d=484.000 | task1=2.657022e-01 | |m1|=0.995372 | m1²=0.990766 | ||w||²/d=0.982217 | eps_adapter=2.333885e-02 | residual_overlap=0.010854
[step   242250] t/d=484.500 | task1=2.656555e-01 | |m1|=0.995358 | m1²=0.990737 | ||w||²/d=0.982735 | eps_adapter=2.347819e-02 | residual_overlap=0.010894
[step   242500] t/d=485.000 | task1=2.656540e-01 | |m1|=0.995373 | m1²=0.990767 | ||w||²/d=0.983816 | eps_adapter=2.358116e-02 | residual_overlap=0.010879
[step   242750] t/d=485.500 | task1=2.655980e-01 | |m1|=0.995424 | m1²=0.990869 | ||w||²/d=0.983769 | eps_adapter=2.335818e-02 | residual_overlap=0.010873
[step   243000] t/d=486.000 | task1=2.656232e-01 | |m1|=0.995429 | m1²=0.990880 | ||w||²/d=0.984455 | eps_adapter=2.344261e-02 | residual_overlap=0.010883
[step   243250] t/d=486.500 | task1=2.655529e-01 | |m1|=0.995433 | m1²=0.990887 | ||w||²/d=0.985114 | eps_adapter=2.352975e-02 | residual_overlap=0.010900
[step   243500] t/d=487.000 | task1=2.655545e-01 | |m1|=0.995468 | m1²=0.990957 | ||w||²/d=0.985938 | eps_adapter=2.351377e-02 | residual_overlap=0.010851
[step   243750] t/d=487.500 | task1=2.654990e-01 | |m1|=0.995497 | m1²=0.991014 | ||w||²/d=0.986722 | eps_adapter=2.351887e-02 | residual_overlap=0.010864
[step   244000] t/d=488.000 | task1=2.654430e-01 | |m1|=0.995524 | m1²=0.991069 | ||w||²/d=0.986936 | eps_adapter=2.343579e-02 | residual_overlap=0.010888
[step   244250] t/d=488.500 | task1=2.654524e-01 | |m1|=0.995533 | m1²=0.991087 | ||w||²/d=0.987339 | eps_adapter=2.346390e-02 | residual_overlap=0.010892
[step   244500] t/d=489.000 | task1=2.654326e-01 | |m1|=0.995576 | m1²=0.991171 | ||w||²/d=0.987538 | eps_adapter=2.331651e-02 | residual_overlap=0.010854
[step   244750] t/d=489.500 | task1=2.653996e-01 | |m1|=0.995609 | m1²=0.991237 | ||w||²/d=0.988057 | eps_adapter=2.326077e-02 | residual_overlap=0.010821
[step   245000] t/d=490.000 | task1=2.653741e-01 | |m1|=0.995617 | m1²=0.991254 | ||w||²/d=0.988163 | eps_adapter=2.324274e-02 | residual_overlap=0.010796
[step   245250] t/d=490.500 | task1=2.653524e-01 | |m1|=0.995607 | m1²=0.991233 | ||w||²/d=0.989387 | eps_adapter=2.348958e-02 | residual_overlap=0.010796
[step   245500] t/d=491.000 | task1=2.653257e-01 | |m1|=0.995589 | m1²=0.991198 | ||w||²/d=0.990389 | eps_adapter=2.373492e-02 | residual_overlap=0.010797
[step   245750] t/d=491.500 | task1=2.652892e-01 | |m1|=0.995640 | m1²=0.991298 | ||w||²/d=0.990343 | eps_adapter=2.351260e-02 | residual_overlap=0.010797
[step   246000] t/d=492.000 | task1=2.652607e-01 | |m1|=0.995627 | m1²=0.991273 | ||w||²/d=0.990910 | eps_adapter=2.366227e-02 | residual_overlap=0.010804
[step   246250] t/d=492.500 | task1=2.652625e-01 | |m1|=0.995637 | m1²=0.991293 | ||w||²/d=0.991799 | eps_adapter=2.377219e-02 | residual_overlap=0.010813
[step   246500] t/d=493.000 | task1=2.652241e-01 | |m1|=0.995646 | m1²=0.991311 | ||w||²/d=0.991932 | eps_adapter=2.375807e-02 | residual_overlap=0.010807
[step   246750] t/d=493.500 | task1=2.652418e-01 | |m1|=0.995631 | m1²=0.991282 | ||w||²/d=0.992002 | eps_adapter=2.383258e-02 | residual_overlap=0.010833
[step   247000] t/d=494.000 | task1=2.652052e-01 | |m1|=0.995680 | m1²=0.991378 | ||w||²/d=0.993444 | eps_adapter=2.387907e-02 | residual_overlap=0.010796
[step   247250] t/d=494.500 | task1=2.651911e-01 | |m1|=0.995675 | m1²=0.991369 | ||w||²/d=0.993795 | eps_adapter=2.396082e-02 | residual_overlap=0.010794
[step   247500] t/d=495.000 | task1=2.651964e-01 | |m1|=0.995724 | m1²=0.991465 | ||w||²/d=0.995137 | eps_adapter=2.399408e-02 | residual_overlap=0.010761
[step   247750] t/d=495.500 | task1=2.651743e-01 | |m1|=0.995742 | m1²=0.991501 | ||w||²/d=0.995709 | eps_adapter=2.402064e-02 | residual_overlap=0.010743
[step   248000] t/d=496.000 | task1=2.651687e-01 | |m1|=0.995737 | m1²=0.991492 | ||w||²/d=0.996042 | eps_adapter=2.410218e-02 | residual_overlap=0.010750
[step   248250] t/d=496.500 | task1=2.651704e-01 | |m1|=0.995726 | m1²=0.991469 | ||w||²/d=0.997241 | eps_adapter=2.437092e-02 | residual_overlap=0.010764
[step   248500] t/d=497.000 | task1=2.651773e-01 | |m1|=0.995779 | m1²=0.991576 | ||w||²/d=0.997559 | eps_adapter=2.419973e-02 | residual_overlap=0.010723
[step   248750] t/d=497.500 | task1=2.651842e-01 | |m1|=0.995726 | m1²=0.991469 | ||w||²/d=0.998292 | eps_adapter=2.456725e-02 | residual_overlap=0.010763
[step   249000] t/d=498.000 | task1=2.652093e-01 | |m1|=0.995741 | m1²=0.991499 | ||w||²/d=0.998831 | eps_adapter=2.460409e-02 | residual_overlap=0.010761
[step   249250] t/d=498.500 | task1=2.651899e-01 | |m1|=0.995758 | m1²=0.991535 | ||w||²/d=1.000620 | eps_adapter=2.487007e-02 | residual_overlap=0.010797
[step   249500] t/d=499.000 | task1=2.651709e-01 | |m1|=0.995752 | m1²=0.991521 | ||w||²/d=1.001056 | eps_adapter=2.498418e-02 | residual_overlap=0.010828
[step   249750] t/d=499.500 | task1=2.651093e-01 | |m1|=0.995753 | m1²=0.991523 | ||w||²/d=1.002146 | eps_adapter=2.519266e-02 | residual_overlap=0.010851
[step   250000] t/d=500.000 | task1=2.650916e-01 | |m1|=0.995792 | m1²=0.991601 | ||w||²/d=1.002928 | eps_adapter=2.517877e-02 | residual_overlap=0.010827
[step   250250] t/d=500.500 | task1=2.650953e-01 | |m1|=0.995781 | m1²=0.991579 | ||w||²/d=1.003018 | eps_adapter=2.524439e-02 | residual_overlap=0.010841
[step   250500] t/d=501.000 | task1=2.650670e-01 | |m1|=0.995797 | m1²=0.991613 | ||w||²/d=1.003759 | eps_adapter=2.532019e-02 | residual_overlap=0.010874
[step   250750] t/d=501.500 | task1=2.650767e-01 | |m1|=0.995806 | m1²=0.991630 | ||w||²/d=1.003898 | eps_adapter=2.530960e-02 | residual_overlap=0.010857
[step   251000] t/d=502.000 | task1=2.650675e-01 | |m1|=0.995818 | m1²=0.991654 | ||w||²/d=1.004150 | eps_adapter=2.530864e-02 | residual_overlap=0.010880
[step   251250] t/d=502.500 | task1=2.650224e-01 | |m1|=0.995796 | m1²=0.991610 | ||w||²/d=1.005345 | eps_adapter=2.564710e-02 | residual_overlap=0.010892
[step   251500] t/d=503.000 | task1=2.650008e-01 | |m1|=0.995819 | m1²=0.991656 | ||w||²/d=1.005730 | eps_adapter=2.562656e-02 | residual_overlap=0.010889
[step   251750] t/d=503.500 | task1=2.649481e-01 | |m1|=0.995805 | m1²=0.991627 | ||w||²/d=1.005598 | eps_adapter=2.566052e-02 | residual_overlap=0.010927
[step   252000] t/d=504.000 | task1=2.649390e-01 | |m1|=0.995807 | m1²=0.991632 | ||w||²/d=1.006278 | eps_adapter=2.579138e-02 | residual_overlap=0.010952
[step   252250] t/d=504.500 | task1=2.649787e-01 | |m1|=0.995804 | m1²=0.991626 | ||w||²/d=1.007229 | eps_adapter=2.600006e-02 | residual_overlap=0.010933
[step   252500] t/d=505.000 | task1=2.649660e-01 | |m1|=0.995795 | m1²=0.991608 | ||w||²/d=1.007945 | eps_adapter=2.618944e-02 | residual_overlap=0.010929
[step   252750] t/d=505.500 | task1=2.649474e-01 | |m1|=0.995785 | m1²=0.991587 | ||w||²/d=1.007919 | eps_adapter=2.622995e-02 | residual_overlap=0.010933
[step   253000] t/d=506.000 | task1=2.649329e-01 | |m1|=0.995806 | m1²=0.991629 | ||w||²/d=1.008667 | eps_adapter=2.629639e-02 | residual_overlap=0.010898
[step   253250] t/d=506.500 | task1=2.648911e-01 | |m1|=0.995837 | m1²=0.991692 | ||w||²/d=1.009712 | eps_adapter=2.638236e-02 | residual_overlap=0.010899
[step   253500] t/d=507.000 | task1=2.649427e-01 | |m1|=0.995871 | m1²=0.991759 | ||w||²/d=1.009238 | eps_adapter=2.613414e-02 | residual_overlap=0.010891
[step   253750] t/d=507.500 | task1=2.649250e-01 | |m1|=0.995853 | m1²=0.991724 | ||w||²/d=1.010318 | eps_adapter=2.644258e-02 | residual_overlap=0.010918
[step   254000] t/d=508.000 | task1=2.649438e-01 | |m1|=0.995863 | m1²=0.991744 | ||w||²/d=1.009906 | eps_adapter=2.631051e-02 | residual_overlap=0.010898
[step   254250] t/d=508.500 | task1=2.649543e-01 | |m1|=0.995873 | m1²=0.991763 | ||w||²/d=1.010154 | eps_adapter=2.632216e-02 | residual_overlap=0.010898
[step   254500] t/d=509.000 | task1=2.649694e-01 | |m1|=0.995890 | m1²=0.991796 | ||w||²/d=1.011157 | eps_adapter=2.646617e-02 | residual_overlap=0.010889
[step   254750] t/d=509.500 | task1=2.649434e-01 | |m1|=0.995922 | m1²=0.991860 | ||w||²/d=1.013151 | eps_adapter=2.676455e-02 | residual_overlap=0.010874
[step   255000] t/d=510.000 | task1=2.649468e-01 | |m1|=0.995917 | m1²=0.991850 | ||w||²/d=1.014238 | eps_adapter=2.702992e-02 | residual_overlap=0.010880
[step   255250] t/d=510.500 | task1=2.649160e-01 | |m1|=0.995948 | m1²=0.991913 | ||w||²/d=1.014193 | eps_adapter=2.688073e-02 | residual_overlap=0.010870
[step   255500] t/d=511.000 | task1=2.649004e-01 | |m1|=0.995977 | m1²=0.991971 | ||w||²/d=1.013743 | eps_adapter=2.665400e-02 | residual_overlap=0.010861
[step   255750] t/d=511.500 | task1=2.648633e-01 | |m1|=0.995984 | m1²=0.991984 | ||w||²/d=1.015056 | eps_adapter=2.692052e-02 | residual_overlap=0.010871
[step   256000] t/d=512.000 | task1=2.648241e-01 | |m1|=0.995974 | m1²=0.991964 | ||w||²/d=1.016329 | eps_adapter=2.725308e-02 | residual_overlap=0.010879
[step   256250] t/d=512.500 | task1=2.648453e-01 | |m1|=0.995973 | m1²=0.991962 | ||w||²/d=1.016078 | eps_adapter=2.720134e-02 | residual_overlap=0.010868
[step   256500] t/d=513.000 | task1=2.648529e-01 | |m1|=0.995984 | m1²=0.991984 | ||w||²/d=1.015855 | eps_adapter=2.710073e-02 | residual_overlap=0.010863
[step   256750] t/d=513.500 | task1=2.648606e-01 | |m1|=0.995996 | m1²=0.992009 | ||w||²/d=1.016722 | eps_adapter=2.724618e-02 | residual_overlap=0.010851
[step   257000] t/d=514.000 | task1=2.648180e-01 | |m1|=0.995998 | m1²=0.992012 | ||w||²/d=1.017914 | eps_adapter=2.751429e-02 | residual_overlap=0.010849
[step   257250] t/d=514.500 | task1=2.648260e-01 | |m1|=0.996037 | m1²=0.992089 | ||w||²/d=1.018469 | eps_adapter=2.747487e-02 | residual_overlap=0.010853
[step   257500] t/d=515.000 | task1=2.648684e-01 | |m1|=0.996019 | m1²=0.992053 | ||w||²/d=1.017823 | eps_adapter=2.740248e-02 | residual_overlap=0.010887
[step   257750] t/d=515.500 | task1=2.648772e-01 | |m1|=0.995994 | m1²=0.992005 | ||w||²/d=1.018758 | eps_adapter=2.772744e-02 | residual_overlap=0.010896
[step   258000] t/d=516.000 | task1=2.648352e-01 | |m1|=0.995999 | m1²=0.992014 | ||w||²/d=1.018016 | eps_adapter=2.753435e-02 | residual_overlap=0.010916
[step   258250] t/d=516.500 | task1=2.648209e-01 | |m1|=0.995995 | m1²=0.992006 | ||w||²/d=1.018227 | eps_adapter=2.759972e-02 | residual_overlap=0.010939
[step   258500] t/d=517.000 | task1=2.647538e-01 | |m1|=0.996010 | m1²=0.992037 | ||w||²/d=1.019535 | eps_adapter=2.784031e-02 | residual_overlap=0.010970
[step   258750] t/d=517.500 | task1=2.648022e-01 | |m1|=0.996018 | m1²=0.992052 | ||w||²/d=1.020284 | eps_adapter=2.798532e-02 | residual_overlap=0.010952
[step   259000] t/d=518.000 | task1=2.647528e-01 | |m1|=0.996029 | m1²=0.992073 | ||w||²/d=1.020360 | eps_adapter=2.795650e-02 | residual_overlap=0.010944
[step   259250] t/d=518.500 | task1=2.647543e-01 | |m1|=0.996043 | m1²=0.992102 | ||w||²/d=1.020985 | eps_adapter=2.804260e-02 | residual_overlap=0.010944
[step   259500] t/d=519.000 | task1=2.647408e-01 | |m1|=0.996007 | m1²=0.992031 | ||w||²/d=1.021677 | eps_adapter=2.836554e-02 | residual_overlap=0.010966
[step   259750] t/d=519.500 | task1=2.647303e-01 | |m1|=0.996026 | m1²=0.992067 | ||w||²/d=1.022150 | eps_adapter=2.839962e-02 | residual_overlap=0.010940
[step   260000] t/d=520.000 | task1=2.647272e-01 | |m1|=0.996054 | m1²=0.992124 | ||w||²/d=1.022191 | eps_adapter=2.828438e-02 | residual_overlap=0.010886
[step   260250] t/d=520.500 | task1=2.647064e-01 | |m1|=0.996063 | m1²=0.992141 | ||w||²/d=1.023361 | eps_adapter=2.853113e-02 | residual_overlap=0.010882
[step   260500] t/d=521.000 | task1=2.646971e-01 | |m1|=0.996063 | m1²=0.992141 | ||w||²/d=1.023742 | eps_adapter=2.862552e-02 | residual_overlap=0.010867
[step   260750] t/d=521.500 | task1=2.646776e-01 | |m1|=0.996068 | m1²=0.992152 | ||w||²/d=1.024351 | eps_adapter=2.875167e-02 | residual_overlap=0.010853
[step   261000] t/d=522.000 | task1=2.647020e-01 | |m1|=0.996076 | m1²=0.992167 | ||w||²/d=1.024666 | eps_adapter=2.879484e-02 | residual_overlap=0.010838
[step   261250] t/d=522.500 | task1=2.646913e-01 | |m1|=0.996074 | m1²=0.992163 | ||w||²/d=1.025278 | eps_adapter=2.895694e-02 | residual_overlap=0.010850
[step   261500] t/d=523.000 | task1=2.647014e-01 | |m1|=0.996121 | m1²=0.992257 | ||w||²/d=1.025897 | eps_adapter=2.890351e-02 | residual_overlap=0.010825
[step   261750] t/d=523.500 | task1=2.646644e-01 | |m1|=0.996173 | m1²=0.992360 | ||w||²/d=1.027242 | eps_adapter=2.901421e-02 | residual_overlap=0.010815
[step   262000] t/d=524.000 | task1=2.646794e-01 | |m1|=0.996163 | m1²=0.992341 | ||w||²/d=1.026155 | eps_adapter=2.878194e-02 | residual_overlap=0.010840
[step   262250] t/d=524.500 | task1=2.647087e-01 | |m1|=0.996189 | m1²=0.992393 | ||w||²/d=1.027053 | eps_adapter=2.889341e-02 | residual_overlap=0.010812
[step   262500] t/d=525.000 | task1=2.646723e-01 | |m1|=0.996182 | m1²=0.992379 | ||w||²/d=1.026745 | eps_adapter=2.884740e-02 | residual_overlap=0.010831
[step   262750] t/d=525.500 | task1=2.647002e-01 | |m1|=0.996172 | m1²=0.992359 | ||w||²/d=1.027231 | eps_adapter=2.901424e-02 | residual_overlap=0.010836
[step   263000] t/d=526.000 | task1=2.646818e-01 | |m1|=0.996161 | m1²=0.992338 | ||w||²/d=1.027872 | eps_adapter=2.922488e-02 | residual_overlap=0.010867
[step   263250] t/d=526.500 | task1=2.646775e-01 | |m1|=0.996121 | m1²=0.992256 | ||w||²/d=1.029095 | eps_adapter=2.971953e-02 | residual_overlap=0.010916
[step   263500] t/d=527.000 | task1=2.646787e-01 | |m1|=0.996173 | m1²=0.992360 | ||w||²/d=1.029638 | eps_adapter=2.962911e-02 | residual_overlap=0.010909
[step   263750] t/d=527.500 | task1=2.646858e-01 | |m1|=0.996160 | m1²=0.992334 | ||w||²/d=1.029751 | eps_adapter=2.971542e-02 | residual_overlap=0.010911
[step   264000] t/d=528.000 | task1=2.646552e-01 | |m1|=0.996142 | m1²=0.992299 | ||w||²/d=1.029848 | eps_adapter=2.981965e-02 | residual_overlap=0.010952
[step   264250] t/d=528.500 | task1=2.646435e-01 | |m1|=0.996121 | m1²=0.992258 | ||w||²/d=1.030885 | eps_adapter=3.018273e-02 | residual_overlap=0.010976
[step   264500] t/d=529.000 | task1=2.646668e-01 | |m1|=0.996106 | m1²=0.992227 | ||w||²/d=1.032089 | eps_adapter=3.056816e-02 | residual_overlap=0.010968
[step   264750] t/d=529.500 | task1=2.646854e-01 | |m1|=0.996090 | m1²=0.992195 | ||w||²/d=1.032482 | eps_adapter=3.074394e-02 | residual_overlap=0.010979
[step   265000] t/d=530.000 | task1=2.646438e-01 | |m1|=0.996118 | m1²=0.992251 | ||w||²/d=1.032376 | eps_adapter=3.059145e-02 | residual_overlap=0.010956
[step   265250] t/d=530.500 | task1=2.646299e-01 | |m1|=0.996165 | m1²=0.992345 | ||w||²/d=1.032849 | eps_adapter=3.050790e-02 | residual_overlap=0.010933
[step   265500] t/d=531.000 | task1=2.646285e-01 | |m1|=0.996158 | m1²=0.992330 | ||w||²/d=1.033542 | eps_adapter=3.072576e-02 | residual_overlap=0.010939
[step   265750] t/d=531.500 | task1=2.646759e-01 | |m1|=0.996154 | m1²=0.992323 | ||w||²/d=1.034095 | eps_adapter=3.089092e-02 | residual_overlap=0.010923
[step   266000] t/d=532.000 | task1=2.646961e-01 | |m1|=0.996128 | m1²=0.992271 | ||w||²/d=1.035536 | eps_adapter=3.139954e-02 | residual_overlap=0.010977
[step   266250] t/d=532.500 | task1=2.646931e-01 | |m1|=0.996143 | m1²=0.992300 | ||w||²/d=1.036109 | eps_adapter=3.148987e-02 | residual_overlap=0.010948
[step   266500] t/d=533.000 | task1=2.647565e-01 | |m1|=0.996103 | m1²=0.992221 | ||w||²/d=1.036109 | eps_adapter=3.166825e-02 | residual_overlap=0.010970
[step   266750] t/d=533.500 | task1=2.647111e-01 | |m1|=0.996114 | m1²=0.992244 | ||w||²/d=1.036834 | eps_adapter=3.181580e-02 | residual_overlap=0.010963
[step   267000] t/d=534.000 | task1=2.647323e-01 | |m1|=0.996101 | m1²=0.992217 | ||w||²/d=1.037186 | eps_adapter=3.197453e-02 | residual_overlap=0.010991
[step   267250] t/d=534.500 | task1=2.647680e-01 | |m1|=0.996117 | m1²=0.992249 | ||w||²/d=1.037331 | eps_adapter=3.194182e-02 | residual_overlap=0.010942
[step   267500] t/d=535.000 | task1=2.647944e-01 | |m1|=0.996162 | m1²=0.992338 | ||w||²/d=1.036898 | eps_adapter=3.162251e-02 | residual_overlap=0.010893
[step   267750] t/d=535.500 | task1=2.648240e-01 | |m1|=0.996134 | m1²=0.992282 | ||w||²/d=1.036414 | eps_adapter=3.161481e-02 | residual_overlap=0.010941
[step   268000] t/d=536.000 | task1=2.648414e-01 | |m1|=0.996094 | m1²=0.992204 | ||w||²/d=1.037042 | eps_adapter=3.196351e-02 | residual_overlap=0.010946
[step   268250] t/d=536.500 | task1=2.648238e-01 | |m1|=0.996107 | m1²=0.992230 | ||w||²/d=1.037533 | eps_adapter=3.204147e-02 | residual_overlap=0.010945
[step   268500] t/d=537.000 | task1=2.648374e-01 | |m1|=0.996083 | m1²=0.992181 | ||w||²/d=1.038346 | eps_adapter=3.237866e-02 | residual_overlap=0.010951
[step   268750] t/d=537.500 | task1=2.649075e-01 | |m1|=0.996095 | m1²=0.992206 | ||w||²/d=1.038553 | eps_adapter=3.238027e-02 | residual_overlap=0.010946
[step   269000] t/d=538.000 | task1=2.648910e-01 | |m1|=0.996088 | m1²=0.992191 | ||w||²/d=1.039744 | eps_adapter=3.274858e-02 | residual_overlap=0.010985
[step   269250] t/d=538.500 | task1=2.649173e-01 | |m1|=0.996116 | m1²=0.992246 | ||w||²/d=1.040400 | eps_adapter=3.281114e-02 | residual_overlap=0.010983
[step   269500] t/d=539.000 | task1=2.648906e-01 | |m1|=0.996163 | m1²=0.992341 | ||w||²/d=1.040087 | eps_adapter=3.251038e-02 | residual_overlap=0.010976
[step   269750] t/d=539.500 | task1=2.648531e-01 | |m1|=0.996168 | m1²=0.992351 | ||w||²/d=1.040766 | eps_adapter=3.267969e-02 | residual_overlap=0.010987
[step   270000] t/d=540.000 | task1=2.648328e-01 | |m1|=0.996153 | m1²=0.992321 | ||w||²/d=1.040315 | eps_adapter=3.261902e-02 | residual_overlap=0.011021
[step   270250] t/d=540.500 | task1=2.647834e-01 | |m1|=0.996180 | m1²=0.992374 | ||w||²/d=1.040621 | eps_adapter=3.258749e-02 | residual_overlap=0.011012
[step   270500] t/d=541.000 | task1=2.648153e-01 | |m1|=0.996150 | m1²=0.992314 | ||w||²/d=1.041267 | eps_adapter=3.290665e-02 | residual_overlap=0.011030
[step   270750] t/d=541.500 | task1=2.648174e-01 | |m1|=0.996152 | m1²=0.992319 | ||w||²/d=1.040643 | eps_adapter=3.271711e-02 | residual_overlap=0.011045
[step   271000] t/d=542.000 | task1=2.648272e-01 | |m1|=0.996143 | m1²=0.992301 | ||w||²/d=1.041687 | eps_adapter=3.305738e-02 | residual_overlap=0.011068
[step   271250] t/d=542.500 | task1=2.648298e-01 | |m1|=0.996163 | m1²=0.992341 | ||w||²/d=1.042178 | eps_adapter=3.310730e-02 | residual_overlap=0.011046
[step   271500] t/d=543.000 | task1=2.648995e-01 | |m1|=0.996136 | m1²=0.992288 | ||w||²/d=1.042271 | eps_adapter=3.325503e-02 | residual_overlap=0.011094
[step   271750] t/d=543.500 | task1=2.648509e-01 | |m1|=0.996136 | m1²=0.992287 | ||w||²/d=1.042899 | eps_adapter=3.343803e-02 | residual_overlap=0.011107
[step   272000] t/d=544.000 | task1=2.648763e-01 | |m1|=0.996114 | m1²=0.992244 | ||w||²/d=1.043386 | eps_adapter=3.367760e-02 | residual_overlap=0.011123
[step   272250] t/d=544.500 | task1=2.648831e-01 | |m1|=0.996102 | m1²=0.992220 | ||w||²/d=1.043415 | eps_adapter=3.374003e-02 | residual_overlap=0.011117
[step   272500] t/d=545.000 | task1=2.648968e-01 | |m1|=0.996079 | m1²=0.992174 | ||w||²/d=1.044070 | eps_adapter=3.403491e-02 | residual_overlap=0.011127
[step   272750] t/d=545.500 | task1=2.648486e-01 | |m1|=0.996071 | m1²=0.992158 | ||w||²/d=1.044634 | eps_adapter=3.423665e-02 | residual_overlap=0.011169
[step   273000] t/d=546.000 | task1=2.648092e-01 | |m1|=0.996048 | m1²=0.992111 | ||w||²/d=1.044840 | eps_adapter=3.440469e-02 | residual_overlap=0.011217
[step   273250] t/d=546.500 | task1=2.648636e-01 | |m1|=0.996040 | m1²=0.992096 | ||w||²/d=1.044805 | eps_adapter=3.442789e-02 | residual_overlap=0.011232
[step   273500] t/d=547.000 | task1=2.649099e-01 | |m1|=0.996068 | m1²=0.992152 | ||w||²/d=1.044978 | eps_adapter=3.435105e-02 | residual_overlap=0.011194
[step   273750] t/d=547.500 | task1=2.648738e-01 | |m1|=0.996096 | m1²=0.992207 | ||w||²/d=1.045475 | eps_adapter=3.437476e-02 | residual_overlap=0.011170
[step   274000] t/d=548.000 | task1=2.648193e-01 | |m1|=0.996106 | m1²=0.992227 | ||w||²/d=1.045609 | eps_adapter=3.436977e-02 | residual_overlap=0.011140
[step   274250] t/d=548.500 | task1=2.648425e-01 | |m1|=0.996085 | m1²=0.992185 | ||w||²/d=1.044457 | eps_adapter=3.412290e-02 | residual_overlap=0.011140
[step   274500] t/d=549.000 | task1=2.649083e-01 | |m1|=0.996046 | m1²=0.992107 | ||w||²/d=1.044370 | eps_adapter=3.427332e-02 | residual_overlap=0.011170
[step   274750] t/d=549.500 | task1=2.649325e-01 | |m1|=0.996021 | m1²=0.992057 | ||w||²/d=1.045384 | eps_adapter=3.468623e-02 | residual_overlap=0.011219
[step   275000] t/d=550.000 | task1=2.649477e-01 | |m1|=0.996030 | m1²=0.992076 | ||w||²/d=1.045358 | eps_adapter=3.463596e-02 | residual_overlap=0.011199
[step   275250] t/d=550.500 | task1=2.649372e-01 | |m1|=0.996059 | m1²=0.992133 | ||w||²/d=1.046629 | eps_adapter=3.488656e-02 | residual_overlap=0.011166
[step   275500] t/d=551.000 | task1=2.649509e-01 | |m1|=0.996094 | m1²=0.992203 | ||w||²/d=1.047070 | eps_adapter=3.485981e-02 | residual_overlap=0.011151
[step   275750] t/d=551.500 | task1=2.649388e-01 | |m1|=0.996122 | m1²=0.992260 | ||w||²/d=1.046788 | eps_adapter=3.464745e-02 | residual_overlap=0.011130
[step   276000] t/d=552.000 | task1=2.649742e-01 | |m1|=0.996115 | m1²=0.992244 | ||w||²/d=1.046723 | eps_adapter=3.466275e-02 | residual_overlap=0.011128
[step   276250] t/d=552.500 | task1=2.649324e-01 | |m1|=0.996110 | m1²=0.992236 | ||w||²/d=1.047665 | eps_adapter=3.496588e-02 | residual_overlap=0.011135
[step   276500] t/d=553.000 | task1=2.650217e-01 | |m1|=0.996110 | m1²=0.992235 | ||w||²/d=1.047809 | eps_adapter=3.501157e-02 | residual_overlap=0.011116
[step   276750] t/d=553.500 | task1=2.649884e-01 | |m1|=0.996115 | m1²=0.992245 | ||w||²/d=1.047424 | eps_adapter=3.487258e-02 | residual_overlap=0.011102
[step   277000] t/d=554.000 | task1=2.650031e-01 | |m1|=0.996121 | m1²=0.992257 | ||w||²/d=1.048055 | eps_adapter=3.503446e-02 | residual_overlap=0.011108
[step   277250] t/d=554.500 | task1=2.649784e-01 | |m1|=0.996146 | m1²=0.992307 | ||w||²/d=1.048698 | eps_adapter=3.511662e-02 | residual_overlap=0.011106
[step   277500] t/d=555.000 | task1=2.649680e-01 | |m1|=0.996143 | m1²=0.992300 | ||w||²/d=1.049241 | eps_adapter=3.529717e-02 | residual_overlap=0.011129
[step   277750] t/d=555.500 | task1=2.648895e-01 | |m1|=0.996156 | m1²=0.992327 | ||w||²/d=1.049274 | eps_adapter=3.524716e-02 | residual_overlap=0.011126
[step   278000] t/d=556.000 | task1=2.649019e-01 | |m1|=0.996158 | m1²=0.992331 | ||w||²/d=1.050473 | eps_adapter=3.560650e-02 | residual_overlap=0.011088
[step   278250] t/d=556.500 | task1=2.648611e-01 | |m1|=0.996160 | m1²=0.992335 | ||w||²/d=1.050285 | eps_adapter=3.553802e-02 | residual_overlap=0.011075
[step   278500] t/d=557.000 | task1=2.648294e-01 | |m1|=0.996147 | m1²=0.992308 | ||w||²/d=1.050523 | eps_adapter=3.567279e-02 | residual_overlap=0.011095
[step   278750] t/d=557.500 | task1=2.647896e-01 | |m1|=0.996161 | m1²=0.992336 | ||w||²/d=1.050413 | eps_adapter=3.557466e-02 | residual_overlap=0.011092
[step   279000] t/d=558.000 | task1=2.648168e-01 | |m1|=0.996167 | m1²=0.992348 | ||w||²/d=1.050214 | eps_adapter=3.548767e-02 | residual_overlap=0.011109
[step   279250] t/d=558.500 | task1=2.648556e-01 | |m1|=0.996153 | m1²=0.992320 | ||w||²/d=1.050262 | eps_adapter=3.556521e-02 | residual_overlap=0.011103
[step   279500] t/d=559.000 | task1=2.648289e-01 | |m1|=0.996151 | m1²=0.992318 | ||w||²/d=1.050627 | eps_adapter=3.568302e-02 | residual_overlap=0.011091
[step   279750] t/d=559.500 | task1=2.647935e-01 | |m1|=0.996137 | m1²=0.992289 | ||w||²/d=1.050864 | eps_adapter=3.582179e-02 | residual_overlap=0.011110
[step   280000] t/d=560.000 | task1=2.648634e-01 | |m1|=0.996155 | m1²=0.992326 | ||w||²/d=1.050650 | eps_adapter=3.567210e-02 | residual_overlap=0.011088
[step   280250] t/d=560.500 | task1=2.648612e-01 | |m1|=0.996218 | m1²=0.992450 | ||w||²/d=1.050926 | eps_adapter=3.547521e-02 | residual_overlap=0.011026
[step   280500] t/d=561.000 | task1=2.648540e-01 | |m1|=0.996220 | m1²=0.992454 | ||w||²/d=1.051929 | eps_adapter=3.577645e-02 | residual_overlap=0.011042
[step   280750] t/d=561.500 | task1=2.648527e-01 | |m1|=0.996235 | m1²=0.992485 | ||w||²/d=1.052816 | eps_adapter=3.598310e-02 | residual_overlap=0.011054
[step   281000] t/d=562.000 | task1=2.648568e-01 | |m1|=0.996208 | m1²=0.992430 | ||w||²/d=1.053074 | eps_adapter=3.618830e-02 | residual_overlap=0.011077
[step   281250] t/d=562.500 | task1=2.648684e-01 | |m1|=0.996244 | m1²=0.992502 | ||w||²/d=1.054523 | eps_adapter=3.648207e-02 | residual_overlap=0.011041
[step   281500] t/d=563.000 | task1=2.648234e-01 | |m1|=0.996249 | m1²=0.992513 | ||w||²/d=1.055437 | eps_adapter=3.674953e-02 | residual_overlap=0.011034
[step   281750] t/d=563.500 | task1=2.648189e-01 | |m1|=0.996257 | m1²=0.992529 | ||w||²/d=1.055664 | eps_adapter=3.678542e-02 | residual_overlap=0.011018
[step   282000] t/d=564.000 | task1=2.647969e-01 | |m1|=0.996248 | m1²=0.992511 | ||w||²/d=1.056722 | eps_adapter=3.716594e-02 | residual_overlap=0.011030
[step   282250] t/d=564.500 | task1=2.647582e-01 | |m1|=0.996264 | m1²=0.992542 | ||w||²/d=1.057465 | eps_adapter=3.733322e-02 | residual_overlap=0.011006
[step   282500] t/d=565.000 | task1=2.646934e-01 | |m1|=0.996264 | m1²=0.992542 | ||w||²/d=1.057243 | eps_adapter=3.726309e-02 | residual_overlap=0.011050
[step   282750] t/d=565.500 | task1=2.646960e-01 | |m1|=0.996297 | m1²=0.992607 | ||w||²/d=1.057570 | eps_adapter=3.721979e-02 | residual_overlap=0.011024
[step   283000] t/d=566.000 | task1=2.647089e-01 | |m1|=0.996304 | m1²=0.992621 | ||w||²/d=1.058033 | eps_adapter=3.733793e-02 | residual_overlap=0.011019
[step   283250] t/d=566.500 | task1=2.647591e-01 | |m1|=0.996290 | m1²=0.992593 | ||w||²/d=1.058397 | eps_adapter=3.752038e-02 | residual_overlap=0.011025
[step   283500] t/d=567.000 | task1=2.646918e-01 | |m1|=0.996301 | m1²=0.992616 | ||w||²/d=1.057749 | eps_adapter=3.725725e-02 | residual_overlap=0.011024
[step   283750] t/d=567.500 | task1=2.647150e-01 | |m1|=0.996292 | m1²=0.992598 | ||w||²/d=1.058600 | eps_adapter=3.757430e-02 | residual_overlap=0.011024
[step   284000] t/d=568.000 | task1=2.647294e-01 | |m1|=0.996267 | m1²=0.992548 | ||w||²/d=1.059170 | eps_adapter=3.787585e-02 | residual_overlap=0.011060
[step   284250] t/d=568.500 | task1=2.647192e-01 | |m1|=0.996271 | m1²=0.992557 | ||w||²/d=1.060438 | eps_adapter=3.827391e-02 | residual_overlap=0.011056
[step   284500] t/d=569.000 | task1=2.646759e-01 | |m1|=0.996307 | m1²=0.992627 | ||w||²/d=1.060356 | eps_adapter=3.808593e-02 | residual_overlap=0.011036
[step   284750] t/d=569.500 | task1=2.646888e-01 | |m1|=0.996296 | m1²=0.992607 | ||w||²/d=1.060261 | eps_adapter=3.810127e-02 | residual_overlap=0.011018
[step   285000] t/d=570.000 | task1=2.646507e-01 | |m1|=0.996300 | m1²=0.992613 | ||w||²/d=1.059836 | eps_adapter=3.794546e-02 | residual_overlap=0.010996
[step   285250] t/d=570.500 | task1=2.646658e-01 | |m1|=0.996297 | m1²=0.992608 | ||w||²/d=1.060406 | eps_adapter=3.814605e-02 | residual_overlap=0.011000
[step   285500] t/d=571.000 | task1=2.646419e-01 | |m1|=0.996284 | m1²=0.992583 | ||w||²/d=1.060634 | eps_adapter=3.827906e-02 | residual_overlap=0.011007
[step   285750] t/d=571.500 | task1=2.647175e-01 | |m1|=0.996285 | m1²=0.992583 | ||w||²/d=1.060985 | eps_adapter=3.839517e-02 | residual_overlap=0.011001
[step   286000] t/d=572.000 | task1=2.647822e-01 | |m1|=0.996294 | m1²=0.992602 | ||w||²/d=1.061494 | eps_adapter=3.852075e-02 | residual_overlap=0.011012
[step   286250] t/d=572.500 | task1=2.647996e-01 | |m1|=0.996268 | m1²=0.992551 | ||w||²/d=1.061107 | eps_adapter=3.850944e-02 | residual_overlap=0.011042
[step   286500] t/d=573.000 | task1=2.647758e-01 | |m1|=0.996294 | m1²=0.992602 | ||w||²/d=1.061233 | eps_adapter=3.843346e-02 | residual_overlap=0.011031
[step   286750] t/d=573.500 | task1=2.647706e-01 | |m1|=0.996316 | m1²=0.992645 | ||w||²/d=1.061503 | eps_adapter=3.842413e-02 | residual_overlap=0.010995
[step   287000] t/d=574.000 | task1=2.647714e-01 | |m1|=0.996346 | m1²=0.992706 | ||w||²/d=1.061640 | eps_adapter=3.833059e-02 | residual_overlap=0.010965
[step   287250] t/d=574.500 | task1=2.647435e-01 | |m1|=0.996371 | m1²=0.992756 | ||w||²/d=1.061933 | eps_adapter=3.831440e-02 | residual_overlap=0.010967
[step   287500] t/d=575.000 | task1=2.647644e-01 | |m1|=0.996368 | m1²=0.992750 | ||w||²/d=1.062280 | eps_adapter=3.844430e-02 | residual_overlap=0.010956
[step   287750] t/d=575.500 | task1=2.647825e-01 | |m1|=0.996371 | m1²=0.992755 | ||w||²/d=1.062631 | eps_adapter=3.855086e-02 | residual_overlap=0.010950
[step   288000] t/d=576.000 | task1=2.647432e-01 | |m1|=0.996366 | m1²=0.992745 | ||w||²/d=1.063659 | eps_adapter=3.891817e-02 | residual_overlap=0.010957
[step   288250] t/d=576.500 | task1=2.647049e-01 | |m1|=0.996408 | m1²=0.992829 | ||w||²/d=1.064105 | eps_adapter=3.887640e-02 | residual_overlap=0.010917
[step   288500] t/d=577.000 | task1=2.646743e-01 | |m1|=0.996411 | m1²=0.992834 | ||w||²/d=1.065136 | eps_adapter=3.921578e-02 | residual_overlap=0.010930
[step   288750] t/d=577.500 | task1=2.646166e-01 | |m1|=0.996387 | m1²=0.992788 | ||w||²/d=1.065284 | eps_adapter=3.937266e-02 | residual_overlap=0.010933
[step   289000] t/d=578.000 | task1=2.646674e-01 | |m1|=0.996402 | m1²=0.992816 | ||w||²/d=1.065803 | eps_adapter=3.948424e-02 | residual_overlap=0.010925
[step   289250] t/d=578.500 | task1=2.646680e-01 | |m1|=0.996402 | m1²=0.992816 | ||w||²/d=1.065785 | eps_adapter=3.947898e-02 | residual_overlap=0.010913
[step   289500] t/d=579.000 | task1=2.646552e-01 | |m1|=0.996405 | m1²=0.992823 | ||w||²/d=1.066237 | eps_adapter=3.961717e-02 | residual_overlap=0.010919
[step   289750] t/d=579.500 | task1=2.646987e-01 | |m1|=0.996380 | m1²=0.992773 | ||w||²/d=1.066005 | eps_adapter=3.965301e-02 | residual_overlap=0.010947
[step   290000] t/d=580.000 | task1=2.647522e-01 | |m1|=0.996393 | m1²=0.992798 | ||w||²/d=1.066263 | eps_adapter=3.968406e-02 | residual_overlap=0.010944
[step   290250] t/d=580.500 | task1=2.647434e-01 | |m1|=0.996391 | m1²=0.992795 | ||w||²/d=1.065864 | eps_adapter=3.955460e-02 | residual_overlap=0.010943
[step   290500] t/d=581.000 | task1=2.647254e-01 | |m1|=0.996400 | m1²=0.992812 | ||w||²/d=1.065928 | eps_adapter=3.953698e-02 | residual_overlap=0.010945
[step   290750] t/d=581.500 | task1=2.646807e-01 | |m1|=0.996406 | m1²=0.992826 | ||w||²/d=1.065706 | eps_adapter=3.942977e-02 | residual_overlap=0.010920
[step   291000] t/d=582.000 | task1=2.646561e-01 | |m1|=0.996405 | m1²=0.992822 | ||w||²/d=1.066745 | eps_adapter=3.979474e-02 | residual_overlap=0.010910
[step   291250] t/d=582.500 | task1=2.646323e-01 | |m1|=0.996418 | m1²=0.992848 | ||w||²/d=1.066348 | eps_adapter=3.959776e-02 | residual_overlap=0.010906
[step   291500] t/d=583.000 | task1=2.646038e-01 | |m1|=0.996440 | m1²=0.992894 | ||w||²/d=1.066737 | eps_adapter=3.962773e-02 | residual_overlap=0.010863
[step   291750] t/d=583.500 | task1=2.646404e-01 | |m1|=0.996455 | m1²=0.992922 | ||w||²/d=1.066837 | eps_adapter=3.959648e-02 | residual_overlap=0.010852
[step   292000] t/d=584.000 | task1=2.646133e-01 | |m1|=0.996450 | m1²=0.992913 | ||w||²/d=1.067818 | eps_adapter=3.995673e-02 | residual_overlap=0.010871
[step   292250] t/d=584.500 | task1=2.646206e-01 | |m1|=0.996490 | m1²=0.992993 | ||w||²/d=1.068097 | eps_adapter=3.986886e-02 | residual_overlap=0.010837
[step   292500] t/d=585.000 | task1=2.646318e-01 | |m1|=0.996494 | m1²=0.993001 | ||w||²/d=1.068755 | eps_adapter=4.008146e-02 | residual_overlap=0.010821
[step   292750] t/d=585.500 | task1=2.646369e-01 | |m1|=0.996468 | m1²=0.992949 | ||w||²/d=1.069229 | eps_adapter=4.036578e-02 | residual_overlap=0.010861
[step   293000] t/d=586.000 | task1=2.646042e-01 | |m1|=0.996473 | m1²=0.992958 | ||w||²/d=1.069372 | eps_adapter=4.039465e-02 | residual_overlap=0.010847
[step   293250] t/d=586.500 | task1=2.645961e-01 | |m1|=0.996450 | m1²=0.992912 | ||w||²/d=1.069656 | eps_adapter=4.060160e-02 | residual_overlap=0.010877
[step   293500] t/d=587.000 | task1=2.645916e-01 | |m1|=0.996449 | m1²=0.992912 | ||w||²/d=1.070359 | eps_adapter=4.085025e-02 | residual_overlap=0.010893
[step   293750] t/d=587.500 | task1=2.645917e-01 | |m1|=0.996422 | m1²=0.992857 | ||w||²/d=1.070097 | eps_adapter=4.088530e-02 | residual_overlap=0.010937
[step   294000] t/d=588.000 | task1=2.646334e-01 | |m1|=0.996456 | m1²=0.992925 | ||w||²/d=1.070646 | eps_adapter=4.092012e-02 | residual_overlap=0.010880
[step   294250] t/d=588.500 | task1=2.646327e-01 | |m1|=0.996513 | m1²=0.993038 | ||w||²/d=1.070633 | eps_adapter=4.065470e-02 | residual_overlap=0.010806
[step   294500] t/d=589.000 | task1=2.645998e-01 | |m1|=0.996516 | m1²=0.993045 | ||w||²/d=1.071322 | eps_adapter=4.088335e-02 | residual_overlap=0.010812
[step   294750] t/d=589.500 | task1=2.645831e-01 | |m1|=0.996556 | m1²=0.993124 | ||w||²/d=1.071654 | eps_adapter=4.081707e-02 | residual_overlap=0.010775
[step   295000] t/d=590.000 | task1=2.645916e-01 | |m1|=0.996557 | m1²=0.993126 | ||w||²/d=1.071659 | eps_adapter=4.081564e-02 | residual_overlap=0.010771
[step   295250] t/d=590.500 | task1=2.646306e-01 | |m1|=0.996561 | m1²=0.993134 | ||w||²/d=1.071974 | eps_adapter=4.090792e-02 | residual_overlap=0.010745
[step   295500] t/d=591.000 | task1=2.645974e-01 | |m1|=0.996563 | m1²=0.993139 | ||w||²/d=1.073061 | eps_adapter=4.128671e-02 | residual_overlap=0.010753
[step   295750] t/d=591.500 | task1=2.645342e-01 | |m1|=0.996569 | m1²=0.993150 | ||w||²/d=1.072928 | eps_adapter=4.121381e-02 | residual_overlap=0.010758
[step   296000] t/d=592.000 | task1=2.645185e-01 | |m1|=0.996618 | m1²=0.993248 | ||w||²/d=1.073110 | eps_adapter=4.105147e-02 | residual_overlap=0.010726
[step   296250] t/d=592.500 | task1=2.645628e-01 | |m1|=0.996613 | m1²=0.993238 | ||w||²/d=1.073238 | eps_adapter=4.111912e-02 | residual_overlap=0.010732
[step   296500] t/d=593.000 | task1=2.645813e-01 | |m1|=0.996578 | m1²=0.993169 | ||w||²/d=1.072994 | eps_adapter=4.119334e-02 | residual_overlap=0.010744
[step   296750] t/d=593.500 | task1=2.645468e-01 | |m1|=0.996563 | m1²=0.993138 | ||w||²/d=1.072981 | eps_adapter=4.125994e-02 | residual_overlap=0.010774
[step   297000] t/d=594.000 | task1=2.645384e-01 | |m1|=0.996557 | m1²=0.993126 | ||w||²/d=1.073510 | eps_adapter=4.147862e-02 | residual_overlap=0.010787
[step   297250] t/d=594.500 | task1=2.645703e-01 | |m1|=0.996566 | m1²=0.993143 | ||w||²/d=1.073278 | eps_adapter=4.135426e-02 | residual_overlap=0.010765
[step   297500] t/d=595.000 | task1=2.646104e-01 | |m1|=0.996585 | m1²=0.993181 | ||w||²/d=1.073054 | eps_adapter=4.118546e-02 | residual_overlap=0.010727
[step   297750] t/d=595.500 | task1=2.646713e-01 | |m1|=0.996541 | m1²=0.993095 | ||w||²/d=1.073732 | eps_adapter=4.163012e-02 | residual_overlap=0.010771
[step   298000] t/d=596.000 | task1=2.647233e-01 | |m1|=0.996518 | m1²=0.993048 | ||w||²/d=1.074077 | eps_adapter=4.186318e-02 | residual_overlap=0.010801
[step   298250] t/d=596.500 | task1=2.647435e-01 | |m1|=0.996516 | m1²=0.993043 | ||w||²/d=1.074987 | eps_adapter=4.220422e-02 | residual_overlap=0.010830
[step   298500] t/d=597.000 | task1=2.647348e-01 | |m1|=0.996522 | m1²=0.993056 | ||w||²/d=1.075056 | eps_adapter=4.219986e-02 | residual_overlap=0.010838
[step   298750] t/d=597.500 | task1=2.647827e-01 | |m1|=0.996507 | m1²=0.993025 | ||w||²/d=1.075060 | eps_adapter=4.227255e-02 | residual_overlap=0.010859
[step   299000] t/d=598.000 | task1=2.647997e-01 | |m1|=0.996457 | m1²=0.992927 | ||w||²/d=1.075017 | eps_adapter=4.248537e-02 | residual_overlap=0.010889
[step   299250] t/d=598.500 | task1=2.647880e-01 | |m1|=0.996483 | m1²=0.992978 | ||w||²/d=1.074949 | eps_adapter=4.234172e-02 | residual_overlap=0.010859
[step   299500] t/d=599.000 | task1=2.648027e-01 | |m1|=0.996460 | m1²=0.992932 | ||w||²/d=1.075471 | eps_adapter=4.264001e-02 | residual_overlap=0.010881
[step   299750] t/d=599.500 | task1=2.648153e-01 | |m1|=0.996456 | m1²=0.992925 | ||w||²/d=1.075626 | eps_adapter=4.271252e-02 | residual_overlap=0.010875
[step   300000] t/d=600.000 | task1=2.648200e-01 | |m1|=0.996465 | m1²=0.992942 | ||w||²/d=1.075081 | eps_adapter=4.247310e-02 | residual_overlap=0.010858
[step   300250] t/d=600.500 | task1=2.647956e-01 | |m1|=0.996503 | m1²=0.993018 | ||w||²/d=1.076015 | eps_adapter=4.263859e-02 | residual_overlap=0.010832
[step   300500] t/d=601.000 | task1=2.647940e-01 | |m1|=0.996496 | m1²=0.993004 | ||w||²/d=1.076654 | eps_adapter=4.290483e-02 | residual_overlap=0.010832
[step   300750] t/d=601.500 | task1=2.647917e-01 | |m1|=0.996499 | m1²=0.993010 | ||w||²/d=1.076938 | eps_adapter=4.299497e-02 | residual_overlap=0.010834
[step   301000] t/d=602.000 | task1=2.647862e-01 | |m1|=0.996516 | m1²=0.993044 | ||w||²/d=1.076839 | eps_adapter=4.287962e-02 | residual_overlap=0.010813
[step   301250] t/d=602.500 | task1=2.647367e-01 | |m1|=0.996485 | m1²=0.992983 | ||w||²/d=1.076903 | eps_adapter=4.304548e-02 | residual_overlap=0.010848
[step   301500] t/d=603.000 | task1=2.647809e-01 | |m1|=0.996451 | m1²=0.992915 | ||w||²/d=1.077508 | eps_adapter=4.342692e-02 | residual_overlap=0.010873
[step   301750] t/d=603.500 | task1=2.647895e-01 | |m1|=0.996465 | m1²=0.992943 | ||w||²/d=1.078734 | eps_adapter=4.381697e-02 | residual_overlap=0.010849
[step   302000] t/d=604.000 | task1=2.647711e-01 | |m1|=0.996438 | m1²=0.992888 | ||w||²/d=1.079715 | eps_adapter=4.431293e-02 | residual_overlap=0.010874
[step   302250] t/d=604.500 | task1=2.648007e-01 | |m1|=0.996410 | m1²=0.992832 | ||w||²/d=1.080537 | eps_adapter=4.475120e-02 | residual_overlap=0.010896
[step   302500] t/d=605.000 | task1=2.647738e-01 | |m1|=0.996417 | m1²=0.992847 | ||w||²/d=1.081200 | eps_adapter=4.496793e-02 | residual_overlap=0.010888
[step   302750] t/d=605.500 | task1=2.648104e-01 | |m1|=0.996410 | m1²=0.992834 | ||w||²/d=1.080124 | eps_adapter=4.459290e-02 | residual_overlap=0.010875
[step   303000] t/d=606.000 | task1=2.648482e-01 | |m1|=0.996383 | m1²=0.992779 | ||w||²/d=1.080558 | eps_adapter=4.488350e-02 | residual_overlap=0.010880
[step   303250] t/d=606.500 | task1=2.648388e-01 | |m1|=0.996379 | m1²=0.992771 | ||w||²/d=1.079699 | eps_adapter=4.457915e-02 | residual_overlap=0.010875
[step   303500] t/d=607.000 | task1=2.648533e-01 | |m1|=0.996399 | m1²=0.992810 | ||w||²/d=1.079008 | eps_adapter=4.422857e-02 | residual_overlap=0.010881
[step   303750] t/d=607.500 | task1=2.648393e-01 | |m1|=0.996376 | m1²=0.992766 | ||w||²/d=1.080172 | eps_adapter=4.476879e-02 | residual_overlap=0.010885
[step   304000] t/d=608.000 | task1=2.648714e-01 | |m1|=0.996385 | m1²=0.992784 | ||w||²/d=1.080117 | eps_adapter=4.470717e-02 | residual_overlap=0.010865
[step   304250] t/d=608.500 | task1=2.647970e-01 | |m1|=0.996382 | m1²=0.992777 | ||w||²/d=1.079682 | eps_adapter=4.455903e-02 | residual_overlap=0.010880
[step   304500] t/d=609.000 | task1=2.647407e-01 | |m1|=0.996378 | m1²=0.992769 | ||w||²/d=1.079942 | eps_adapter=4.467431e-02 | residual_overlap=0.010902
[step   304750] t/d=609.500 | task1=2.646696e-01 | |m1|=0.996397 | m1²=0.992807 | ||w||²/d=1.079681 | eps_adapter=4.448819e-02 | residual_overlap=0.010894
[step   305000] t/d=610.000 | task1=2.646405e-01 | |m1|=0.996422 | m1²=0.992857 | ||w||²/d=1.079552 | eps_adapter=4.432358e-02 | residual_overlap=0.010890
[step   305250] t/d=610.500 | task1=2.646629e-01 | |m1|=0.996418 | m1²=0.992850 | ||w||²/d=1.079637 | eps_adapter=4.437259e-02 | residual_overlap=0.010889
[step   305500] t/d=611.000 | task1=2.646768e-01 | |m1|=0.996458 | m1²=0.992928 | ||w||²/d=1.079271 | eps_adapter=4.405243e-02 | residual_overlap=0.010858
[step   305750] t/d=611.500 | task1=2.646631e-01 | |m1|=0.996445 | m1²=0.992903 | ||w||²/d=1.077989 | eps_adapter=4.363397e-02 | residual_overlap=0.010861
[step   306000] t/d=612.000 | task1=2.646759e-01 | |m1|=0.996440 | m1²=0.992893 | ||w||²/d=1.077918 | eps_adapter=4.362945e-02 | residual_overlap=0.010853
[step   306250] t/d=612.500 | task1=2.646659e-01 | |m1|=0.996436 | m1²=0.992885 | ||w||²/d=1.077802 | eps_adapter=4.360542e-02 | residual_overlap=0.010880
[step   306500] t/d=613.000 | task1=2.646201e-01 | |m1|=0.996475 | m1²=0.992963 | ||w||²/d=1.077768 | eps_adapter=4.341209e-02 | residual_overlap=0.010838
[step   306750] t/d=613.500 | task1=2.645921e-01 | |m1|=0.996439 | m1²=0.992890 | ||w||²/d=1.078065 | eps_adapter=4.369122e-02 | residual_overlap=0.010878
[step   307000] t/d=614.000 | task1=2.645922e-01 | |m1|=0.996431 | m1²=0.992876 | ||w||²/d=1.077835 | eps_adapter=4.364000e-02 | residual_overlap=0.010898
[step   307250] t/d=614.500 | task1=2.645837e-01 | |m1|=0.996376 | m1²=0.992764 | ||w||²/d=1.078238 | eps_adapter=4.404920e-02 | residual_overlap=0.010960
[step   307500] t/d=615.000 | task1=2.645519e-01 | |m1|=0.996341 | m1²=0.992695 | ||w||²/d=1.077863 | eps_adapter=4.407169e-02 | residual_overlap=0.010991
[step   307750] t/d=615.500 | task1=2.645328e-01 | |m1|=0.996364 | m1²=0.992742 | ||w||²/d=1.077271 | eps_adapter=4.374205e-02 | residual_overlap=0.010964
[step   308000] t/d=616.000 | task1=2.645423e-01 | |m1|=0.996380 | m1²=0.992773 | ||w||²/d=1.077484 | eps_adapter=4.375000e-02 | residual_overlap=0.010972
[step   308250] t/d=616.500 | task1=2.645204e-01 | |m1|=0.996368 | m1²=0.992749 | ||w||²/d=1.077419 | eps_adapter=4.378022e-02 | residual_overlap=0.010998
[step   308500] t/d=617.000 | task1=2.645559e-01 | |m1|=0.996391 | m1²=0.992794 | ||w||²/d=1.076671 | eps_adapter=4.339941e-02 | residual_overlap=0.010942
[step   308750] t/d=617.500 | task1=2.645605e-01 | |m1|=0.996382 | m1²=0.992778 | ||w||²/d=1.076989 | eps_adapter=4.355548e-02 | residual_overlap=0.010972
[step   309000] t/d=618.000 | task1=2.645281e-01 | |m1|=0.996386 | m1²=0.992784 | ||w||²/d=1.076724 | eps_adapter=4.344199e-02 | residual_overlap=0.010975
[step   309250] t/d=618.500 | task1=2.645124e-01 | |m1|=0.996348 | m1²=0.992709 | ||w||²/d=1.076837 | eps_adapter=4.365855e-02 | residual_overlap=0.010988
[step   309500] t/d=619.000 | task1=2.645408e-01 | |m1|=0.996363 | m1²=0.992740 | ||w||²/d=1.077822 | eps_adapter=4.395142e-02 | residual_overlap=0.010977
[step   309750] t/d=619.500 | task1=2.645754e-01 | |m1|=0.996359 | m1²=0.992731 | ||w||²/d=1.076958 | eps_adapter=4.365212e-02 | residual_overlap=0.010986
[step   310000] t/d=620.000 | task1=2.646242e-01 | |m1|=0.996326 | m1²=0.992665 | ||w||²/d=1.077557 | eps_adapter=4.402679e-02 | residual_overlap=0.011004
[step   310250] t/d=620.500 | task1=2.646215e-01 | |m1|=0.996305 | m1²=0.992625 | ||w||²/d=1.077160 | eps_adapter=4.397471e-02 | residual_overlap=0.011027
[step   310500] t/d=621.000 | task1=2.646564e-01 | |m1|=0.996287 | m1²=0.992587 | ||w||²/d=1.077651 | eps_adapter=4.424262e-02 | residual_overlap=0.011029
[step   310750] t/d=621.500 | task1=2.646253e-01 | |m1|=0.996297 | m1²=0.992608 | ||w||²/d=1.077639 | eps_adapter=4.419177e-02 | residual_overlap=0.011024
[step   311000] t/d=622.000 | task1=2.645472e-01 | |m1|=0.996306 | m1²=0.992626 | ||w||²/d=1.078424 | eps_adapter=4.444120e-02 | residual_overlap=0.011033
[step   311250] t/d=622.500 | task1=2.645211e-01 | |m1|=0.996298 | m1²=0.992610 | ||w||²/d=1.078638 | eps_adapter=4.455694e-02 | residual_overlap=0.011043
[step   311500] t/d=623.000 | task1=2.645219e-01 | |m1|=0.996280 | m1²=0.992573 | ||w||²/d=1.079025 | eps_adapter=4.478869e-02 | residual_overlap=0.011053
[step   311750] t/d=623.500 | task1=2.644887e-01 | |m1|=0.996248 | m1²=0.992510 | ||w||²/d=1.079444 | eps_adapter=4.509307e-02 | residual_overlap=0.011096
[step   312000] t/d=624.000 | task1=2.645115e-01 | |m1|=0.996246 | m1²=0.992506 | ||w||²/d=1.079813 | eps_adapter=4.524132e-02 | residual_overlap=0.011100
[step   312250] t/d=624.500 | task1=2.644920e-01 | |m1|=0.996246 | m1²=0.992506 | ||w||²/d=1.079933 | eps_adapter=4.528448e-02 | residual_overlap=0.011099
[step   312500] t/d=625.000 | task1=2.645288e-01 | |m1|=0.996235 | m1²=0.992483 | ||w||²/d=1.079434 | eps_adapter=4.515131e-02 | residual_overlap=0.011131
[step   312750] t/d=625.500 | task1=2.645339e-01 | |m1|=0.996237 | m1²=0.992489 | ||w||²/d=1.078747 | eps_adapter=4.488077e-02 | residual_overlap=0.011120
[step   313000] t/d=626.000 | task1=2.645330e-01 | |m1|=0.996248 | m1²=0.992510 | ||w||²/d=1.078556 | eps_adapter=4.476053e-02 | residual_overlap=0.011109
[step   313250] t/d=626.500 | task1=2.645122e-01 | |m1|=0.996240 | m1²=0.992494 | ||w||²/d=1.078745 | eps_adapter=4.486753e-02 | residual_overlap=0.011126
[step   313500] t/d=627.000 | task1=2.644613e-01 | |m1|=0.996256 | m1²=0.992526 | ||w||²/d=1.079288 | eps_adapter=4.499616e-02 | residual_overlap=0.011099
[step   313750] t/d=627.500 | task1=2.644891e-01 | |m1|=0.996237 | m1²=0.992488 | ||w||²/d=1.077881 | eps_adapter=4.456060e-02 | residual_overlap=0.011130
[step   314000] t/d=628.000 | task1=2.645674e-01 | |m1|=0.996210 | m1²=0.992434 | ||w||²/d=1.078555 | eps_adapter=4.493651e-02 | residual_overlap=0.011120
[step   314250] t/d=628.500 | task1=2.646079e-01 | |m1|=0.996263 | m1²=0.992540 | ||w||²/d=1.078327 | eps_adapter=4.460434e-02 | residual_overlap=0.011064
[step   314500] t/d=629.000 | task1=2.645600e-01 | |m1|=0.996267 | m1²=0.992548 | ||w||²/d=1.078663 | eps_adapter=4.471081e-02 | residual_overlap=0.011068
[step   314750] t/d=629.500 | task1=2.645428e-01 | |m1|=0.996270 | m1²=0.992554 | ||w||²/d=1.078269 | eps_adapter=4.454953e-02 | residual_overlap=0.011080
[step   315000] t/d=630.000 | task1=2.645844e-01 | |m1|=0.996287 | m1²=0.992589 | ||w||²/d=1.079486 | eps_adapter=4.492442e-02 | residual_overlap=0.011071
[step   315250] t/d=630.500 | task1=2.645905e-01 | |m1|=0.996291 | m1²=0.992595 | ||w||²/d=1.079567 | eps_adapter=4.493984e-02 | residual_overlap=0.011057
[step   315500] t/d=631.000 | task1=2.645226e-01 | |m1|=0.996330 | m1²=0.992673 | ||w||²/d=1.078744 | eps_adapter=4.445025e-02 | residual_overlap=0.011034
[step   315750] t/d=631.500 | task1=2.644742e-01 | |m1|=0.996363 | m1²=0.992740 | ||w||²/d=1.079726 | eps_adapter=4.466158e-02 | residual_overlap=0.011029
[step   316000] t/d=632.000 | task1=2.644685e-01 | |m1|=0.996383 | m1²=0.992779 | ||w||²/d=1.080296 | eps_adapter=4.478434e-02 | residual_overlap=0.011006
[step   316250] t/d=632.500 | task1=2.644492e-01 | |m1|=0.996390 | m1²=0.992793 | ||w||²/d=1.080383 | eps_adapter=4.478502e-02 | residual_overlap=0.010999
[step   316500] t/d=633.000 | task1=2.644640e-01 | |m1|=0.996363 | m1²=0.992739 | ||w||²/d=1.080296 | eps_adapter=4.487921e-02 | residual_overlap=0.011058
[step   316750] t/d=633.500 | task1=2.644792e-01 | |m1|=0.996381 | m1²=0.992774 | ||w||²/d=1.081485 | eps_adapter=4.524567e-02 | residual_overlap=0.011055
[step   317000] t/d=634.000 | task1=2.644784e-01 | |m1|=0.996386 | m1²=0.992785 | ||w||²/d=1.081352 | eps_adapter=4.517084e-02 | residual_overlap=0.011066
[step   317250] t/d=634.500 | task1=2.644906e-01 | |m1|=0.996401 | m1²=0.992815 | ||w||²/d=1.082012 | eps_adapter=4.535030e-02 | residual_overlap=0.011068
[step   317500] t/d=635.000 | task1=2.644602e-01 | |m1|=0.996403 | m1²=0.992818 | ||w||²/d=1.081894 | eps_adapter=4.529797e-02 | residual_overlap=0.011059
[step   317750] t/d=635.500 | task1=2.644449e-01 | |m1|=0.996414 | m1²=0.992841 | ||w||²/d=1.082140 | eps_adapter=4.533789e-02 | residual_overlap=0.011051
[step   318000] t/d=636.000 | task1=2.644116e-01 | |m1|=0.996399 | m1²=0.992810 | ||w||²/d=1.082908 | eps_adapter=4.570390e-02 | residual_overlap=0.011052
[step   318250] t/d=636.500 | task1=2.643567e-01 | |m1|=0.996397 | m1²=0.992807 | ||w||²/d=1.082641 | eps_adapter=4.560924e-02 | residual_overlap=0.011056
[step   318500] t/d=637.000 | task1=2.644217e-01 | |m1|=0.996359 | m1²=0.992731 | ||w||²/d=1.082377 | eps_adapter=4.568702e-02 | residual_overlap=0.011112
[step   318750] t/d=637.500 | task1=2.644828e-01 | |m1|=0.996375 | m1²=0.992762 | ||w||²/d=1.083067 | eps_adapter=4.587694e-02 | residual_overlap=0.011104
[step   319000] t/d=638.000 | task1=2.644973e-01 | |m1|=0.996363 | m1²=0.992739 | ||w||²/d=1.082844 | eps_adapter=4.584568e-02 | residual_overlap=0.011138
[step   319250] t/d=638.500 | task1=2.644545e-01 | |m1|=0.996339 | m1²=0.992692 | ||w||²/d=1.083125 | eps_adapter=4.606396e-02 | residual_overlap=0.011157
[step   319500] t/d=639.000 | task1=2.644617e-01 | |m1|=0.996314 | m1²=0.992641 | ||w||²/d=1.083289 | eps_adapter=4.624618e-02 | residual_overlap=0.011170
[step   319750] t/d=639.500 | task1=2.644328e-01 | |m1|=0.996292 | m1²=0.992597 | ||w||²/d=1.084495 | eps_adapter=4.681335e-02 | residual_overlap=0.011187
[step   320000] t/d=640.000 | task1=2.644638e-01 | |m1|=0.996301 | m1²=0.992616 | ||w||²/d=1.084954 | eps_adapter=4.694646e-02 | residual_overlap=0.011196
[step   320250] t/d=640.500 | task1=2.644575e-01 | |m1|=0.996304 | m1²=0.992621 | ||w||²/d=1.086011 | eps_adapter=4.734731e-02 | residual_overlap=0.011185
[step   320500] t/d=641.000 | task1=2.644355e-01 | |m1|=0.996299 | m1²=0.992612 | ||w||²/d=1.086043 | eps_adapter=4.738135e-02 | residual_overlap=0.011207
[step   320750] t/d=641.500 | task1=2.644836e-01 | |m1|=0.996275 | m1²=0.992565 | ||w||²/d=1.086433 | eps_adapter=4.764432e-02 | residual_overlap=0.011211
[step   321000] t/d=642.000 | task1=2.644228e-01 | |m1|=0.996266 | m1²=0.992546 | ||w||²/d=1.086161 | eps_adapter=4.758235e-02 | residual_overlap=0.011215
[step   321250] t/d=642.500 | task1=2.644103e-01 | |m1|=0.996287 | m1²=0.992587 | ||w||²/d=1.086492 | eps_adapter=4.761499e-02 | residual_overlap=0.011194
[step   321500] t/d=643.000 | task1=2.644041e-01 | |m1|=0.996324 | m1²=0.992662 | ||w||²/d=1.086285 | eps_adapter=4.735784e-02 | residual_overlap=0.011152
[step   321750] t/d=643.500 | task1=2.643999e-01 | |m1|=0.996310 | m1²=0.992634 | ||w||²/d=1.086549 | eps_adapter=4.752787e-02 | residual_overlap=0.011155
[step   322000] t/d=644.000 | task1=2.643525e-01 | |m1|=0.996330 | m1²=0.992674 | ||w||²/d=1.086506 | eps_adapter=4.741566e-02 | residual_overlap=0.011156
[step   322250] t/d=644.500 | task1=2.643305e-01 | |m1|=0.996367 | m1²=0.992748 | ||w||²/d=1.086187 | eps_adapter=4.711808e-02 | residual_overlap=0.011115
[step   322500] t/d=645.000 | task1=2.643635e-01 | |m1|=0.996380 | m1²=0.992772 | ||w||²/d=1.085465 | eps_adapter=4.677911e-02 | residual_overlap=0.011093
[step   322750] t/d=645.500 | task1=2.643341e-01 | |m1|=0.996404 | m1²=0.992821 | ||w||²/d=1.085782 | eps_adapter=4.678826e-02 | residual_overlap=0.011060
[step   323000] t/d=646.000 | task1=2.643226e-01 | |m1|=0.996372 | m1²=0.992758 | ||w||²/d=1.085757 | eps_adapter=4.692711e-02 | residual_overlap=0.011095
[step   323250] t/d=646.500 | task1=2.643090e-01 | |m1|=0.996387 | m1²=0.992786 | ||w||²/d=1.084397 | eps_adapter=4.633220e-02 | residual_overlap=0.011076
[step   323500] t/d=647.000 | task1=2.643212e-01 | |m1|=0.996410 | m1²=0.992833 | ||w||²/d=1.083415 | eps_adapter=4.584418e-02 | residual_overlap=0.011041
[step   323750] t/d=647.500 | task1=2.643178e-01 | |m1|=0.996408 | m1²=0.992828 | ||w||²/d=1.083761 | eps_adapter=4.598839e-02 | residual_overlap=0.011040
[step   324000] t/d=648.000 | task1=2.643659e-01 | |m1|=0.996346 | m1²=0.992705 | ||w||²/d=1.083817 | eps_adapter=4.629852e-02 | residual_overlap=0.011102
[step   324250] t/d=648.500 | task1=2.643607e-01 | |m1|=0.996366 | m1²=0.992745 | ||w||²/d=1.084311 | eps_adapter=4.639675e-02 | residual_overlap=0.011084
[step   324500] t/d=649.000 | task1=2.643132e-01 | |m1|=0.996396 | m1²=0.992805 | ||w||²/d=1.084806 | eps_adapter=4.644717e-02 | residual_overlap=0.011076
[step   324750] t/d=649.500 | task1=2.642346e-01 | |m1|=0.996399 | m1²=0.992810 | ||w||²/d=1.085052 | eps_adapter=4.653018e-02 | residual_overlap=0.011090
[step   325000] t/d=650.000 | task1=2.642580e-01 | |m1|=0.996410 | m1²=0.992832 | ||w||²/d=1.085158 | eps_adapter=4.651996e-02 | residual_overlap=0.011074
[step   325250] t/d=650.500 | task1=2.642555e-01 | |m1|=0.996419 | m1²=0.992851 | ||w||²/d=1.084933 | eps_adapter=4.638746e-02 | residual_overlap=0.011058
[step   325500] t/d=651.000 | task1=2.642868e-01 | |m1|=0.996445 | m1²=0.992902 | ||w||²/d=1.084928 | eps_adapter=4.626682e-02 | residual_overlap=0.011018
[step   325750] t/d=651.500 | task1=2.642893e-01 | |m1|=0.996432 | m1²=0.992877 | ||w||²/d=1.086097 | eps_adapter=4.678014e-02 | residual_overlap=0.011031
[step   326000] t/d=652.000 | task1=2.642936e-01 | |m1|=0.996408 | m1²=0.992828 | ||w||²/d=1.087231 | eps_adapter=4.733836e-02 | residual_overlap=0.011042
[step   326250] t/d=652.500 | task1=2.643496e-01 | |m1|=0.996397 | m1²=0.992806 | ||w||²/d=1.087585 | eps_adapter=4.752920e-02 | residual_overlap=0.011057
[step   326500] t/d=653.000 | task1=2.643322e-01 | |m1|=0.996407 | m1²=0.992826 | ||w||²/d=1.088115 | eps_adapter=4.769095e-02 | residual_overlap=0.011058
[step   326750] t/d=653.500 | task1=2.642818e-01 | |m1|=0.996429 | m1²=0.992871 | ||w||²/d=1.087825 | eps_adapter=4.747027e-02 | residual_overlap=0.011061
[step   327000] t/d=654.000 | task1=2.642811e-01 | |m1|=0.996452 | m1²=0.992916 | ||w||²/d=1.087976 | eps_adapter=4.742482e-02 | residual_overlap=0.011017
[step   327250] t/d=654.500 | task1=2.642214e-01 | |m1|=0.996452 | m1²=0.992917 | ||w||²/d=1.087465 | eps_adapter=4.722089e-02 | residual_overlap=0.011016
[step   327500] t/d=655.000 | task1=2.642033e-01 | |m1|=0.996478 | m1²=0.992968 | ||w||²/d=1.087307 | eps_adapter=4.704010e-02 | residual_overlap=0.011002
[step   327750] t/d=655.500 | task1=2.642134e-01 | |m1|=0.996473 | m1²=0.992958 | ||w||²/d=1.087711 | eps_adapter=4.722297e-02 | residual_overlap=0.010998
[step   328000] t/d=656.000 | task1=2.641836e-01 | |m1|=0.996487 | m1²=0.992986 | ||w||²/d=1.088129 | eps_adapter=4.732189e-02 | residual_overlap=0.010989
[step   328250] t/d=656.500 | task1=2.641221e-01 | |m1|=0.996503 | m1²=0.993018 | ||w||²/d=1.088063 | eps_adapter=4.721865e-02 | residual_overlap=0.010995
[step   328500] t/d=657.000 | task1=2.641417e-01 | |m1|=0.996517 | m1²=0.993047 | ||w||²/d=1.088136 | eps_adapter=4.718009e-02 | residual_overlap=0.010971
[step   328750] t/d=657.500 | task1=2.642039e-01 | |m1|=0.996498 | m1²=0.993009 | ||w||²/d=1.088924 | eps_adapter=4.758096e-02 | residual_overlap=0.010979
[step   329000] t/d=658.000 | task1=2.641716e-01 | |m1|=0.996488 | m1²=0.992987 | ||w||²/d=1.089968 | eps_adapter=4.804724e-02 | residual_overlap=0.010978
[step   329250] t/d=658.500 | task1=2.641879e-01 | |m1|=0.996510 | m1²=0.993032 | ||w||²/d=1.091212 | eps_adapter=4.843964e-02 | residual_overlap=0.010979
[step   329500] t/d=659.000 | task1=2.641966e-01 | |m1|=0.996501 | m1²=0.993015 | ||w||²/d=1.090951 | eps_adapter=4.837555e-02 | residual_overlap=0.011008
[step   329750] t/d=659.500 | task1=2.641974e-01 | |m1|=0.996457 | m1²=0.992927 | ||w||²/d=1.090750 | eps_adapter=4.850276e-02 | residual_overlap=0.011033
[step   330000] t/d=660.000 | task1=2.642103e-01 | |m1|=0.996453 | m1²=0.992918 | ||w||²/d=1.090675 | eps_adapter=4.849318e-02 | residual_overlap=0.011028
[step   330250] t/d=660.500 | task1=2.642337e-01 | |m1|=0.996442 | m1²=0.992896 | ||w||²/d=1.090330 | eps_adapter=4.840772e-02 | residual_overlap=0.011025
[step   330500] t/d=661.000 | task1=2.642098e-01 | |m1|=0.996463 | m1²=0.992939 | ||w||²/d=1.090617 | eps_adapter=4.842099e-02 | residual_overlap=0.011017
[step   330750] t/d=661.500 | task1=2.642344e-01 | |m1|=0.996491 | m1²=0.992994 | ||w||²/d=1.090828 | eps_adapter=4.837468e-02 | residual_overlap=0.010976
[step   331000] t/d=662.000 | task1=2.642578e-01 | |m1|=0.996530 | m1²=0.993072 | ||w||²/d=1.090234 | eps_adapter=4.795261e-02 | residual_overlap=0.010945
[step   331250] t/d=662.500 | task1=2.642568e-01 | |m1|=0.996528 | m1²=0.993069 | ||w||²/d=1.090011 | eps_adapter=4.787290e-02 | residual_overlap=0.010940
[step   331500] t/d=663.000 | task1=2.642361e-01 | |m1|=0.996524 | m1²=0.993061 | ||w||²/d=1.089493 | eps_adapter=4.768513e-02 | residual_overlap=0.010958
[step   331750] t/d=663.500 | task1=2.642670e-01 | |m1|=0.996507 | m1²=0.993027 | ||w||²/d=1.089552 | eps_adapter=4.778866e-02 | residual_overlap=0.010964
[step   332000] t/d=664.000 | task1=2.642459e-01 | |m1|=0.996530 | m1²=0.993072 | ||w||²/d=1.089518 | eps_adapter=4.766828e-02 | residual_overlap=0.010955
[step   332250] t/d=664.500 | task1=2.642532e-01 | |m1|=0.996523 | m1²=0.993059 | ||w||²/d=1.088793 | eps_adapter=4.741230e-02 | residual_overlap=0.010949
[step   332500] t/d=665.000 | task1=2.643095e-01 | |m1|=0.996538 | m1²=0.993089 | ||w||²/d=1.089195 | eps_adapter=4.750089e-02 | residual_overlap=0.010956
[step   332750] t/d=665.500 | task1=2.642742e-01 | |m1|=0.996564 | m1²=0.993140 | ||w||²/d=1.089813 | eps_adapter=4.762709e-02 | residual_overlap=0.010936
[step   333000] t/d=666.000 | task1=2.642496e-01 | |m1|=0.996584 | m1²=0.993179 | ||w||²/d=1.090110 | eps_adapter=4.765288e-02 | residual_overlap=0.010911
[step   333250] t/d=666.500 | task1=2.642298e-01 | |m1|=0.996557 | m1²=0.993127 | ||w||²/d=1.089296 | eps_adapter=4.745191e-02 | residual_overlap=0.010934
[step   333500] t/d=667.000 | task1=2.642496e-01 | |m1|=0.996542 | m1²=0.993096 | ||w||²/d=1.089802 | eps_adapter=4.772413e-02 | residual_overlap=0.010950
[step   333750] t/d=667.500 | task1=2.642392e-01 | |m1|=0.996555 | m1²=0.993121 | ||w||²/d=1.088812 | eps_adapter=4.727290e-02 | residual_overlap=0.010921
[step   334000] t/d=668.000 | task1=2.642412e-01 | |m1|=0.996596 | m1²=0.993205 | ||w||²/d=1.088906 | eps_adapter=4.711371e-02 | residual_overlap=0.010890
[step   334250] t/d=668.500 | task1=2.642199e-01 | |m1|=0.996605 | m1²=0.993221 | ||w||²/d=1.089220 | eps_adapter=4.719851e-02 | residual_overlap=0.010888
[step   334500] t/d=669.000 | task1=2.642683e-01 | |m1|=0.996591 | m1²=0.993193 | ||w||²/d=1.089434 | eps_adapter=4.735053e-02 | residual_overlap=0.010900
[step   334750] t/d=669.500 | task1=2.642829e-01 | |m1|=0.996583 | m1²=0.993178 | ||w||²/d=1.088990 | eps_adapter=4.720943e-02 | residual_overlap=0.010927
[step   335000] t/d=670.000 | task1=2.643356e-01 | |m1|=0.996538 | m1²=0.993087 | ||w||²/d=1.089359 | eps_adapter=4.756927e-02 | residual_overlap=0.010998
[step   335250] t/d=670.500 | task1=2.643160e-01 | |m1|=0.996545 | m1²=0.993101 | ||w||²/d=1.090180 | eps_adapter=4.786409e-02 | residual_overlap=0.010981
[step   335500] t/d=671.000 | task1=2.642454e-01 | |m1|=0.996535 | m1²=0.993083 | ||w||²/d=1.089627 | eps_adapter=4.768636e-02 | residual_overlap=0.010967
[step   335750] t/d=671.500 | task1=2.641921e-01 | |m1|=0.996518 | m1²=0.993047 | ||w||²/d=1.089343 | eps_adapter=4.765755e-02 | residual_overlap=0.010995
[step   336000] t/d=672.000 | task1=2.641889e-01 | |m1|=0.996486 | m1²=0.992985 | ||w||²/d=1.088376 | eps_adapter=4.742044e-02 | residual_overlap=0.011023
[step   336250] t/d=672.500 | task1=2.642245e-01 | |m1|=0.996494 | m1²=0.993000 | ||w||²/d=1.088241 | eps_adapter=4.733113e-02 | residual_overlap=0.011033
[step   336500] t/d=673.000 | task1=2.642812e-01 | |m1|=0.996487 | m1²=0.992987 | ||w||²/d=1.089184 | eps_adapter=4.773605e-02 | residual_overlap=0.011057
[step   336750] t/d=673.500 | task1=2.642899e-01 | |m1|=0.996463 | m1²=0.992938 | ||w||²/d=1.089614 | eps_adapter=4.802145e-02 | residual_overlap=0.011100
[step   337000] t/d=674.000 | task1=2.642878e-01 | |m1|=0.996445 | m1²=0.992903 | ||w||²/d=1.089697 | eps_adapter=4.813782e-02 | residual_overlap=0.011120
[step   337250] t/d=674.500 | task1=2.642665e-01 | |m1|=0.996425 | m1²=0.992863 | ||w||²/d=1.090764 | eps_adapter=4.865923e-02 | residual_overlap=0.011137
[step   337500] t/d=675.000 | task1=2.642281e-01 | |m1|=0.996416 | m1²=0.992845 | ||w||²/d=1.091039 | eps_adapter=4.881169e-02 | residual_overlap=0.011129
[step   337750] t/d=675.500 | task1=2.641966e-01 | |m1|=0.996413 | m1²=0.992839 | ||w||²/d=1.091220 | eps_adapter=4.889725e-02 | residual_overlap=0.011139
[step   338000] t/d=676.000 | task1=2.641975e-01 | |m1|=0.996416 | m1²=0.992845 | ||w||²/d=1.091741 | eps_adapter=4.909442e-02 | residual_overlap=0.011123
[step   338250] t/d=676.500 | task1=2.642056e-01 | |m1|=0.996414 | m1²=0.992842 | ||w||²/d=1.090479 | eps_adapter=4.859438e-02 | residual_overlap=0.011119
[step   338500] t/d=677.000 | task1=2.642381e-01 | |m1|=0.996416 | m1²=0.992846 | ||w||²/d=1.090067 | eps_adapter=4.842024e-02 | residual_overlap=0.011109
[step   338750] t/d=677.500 | task1=2.643021e-01 | |m1|=0.996441 | m1²=0.992894 | ||w||²/d=1.090920 | eps_adapter=4.864860e-02 | residual_overlap=0.011068
[step   339000] t/d=678.000 | task1=2.642889e-01 | |m1|=0.996430 | m1²=0.992872 | ||w||²/d=1.090224 | eps_adapter=4.842072e-02 | residual_overlap=0.011078
[step   339250] t/d=678.500 | task1=2.642791e-01 | |m1|=0.996454 | m1²=0.992920 | ||w||²/d=1.090133 | eps_adapter=4.827201e-02 | residual_overlap=0.011061
[step   339500] t/d=679.000 | task1=2.642714e-01 | |m1|=0.996428 | m1²=0.992868 | ||w||²/d=1.089535 | eps_adapter=4.815516e-02 | residual_overlap=0.011075
[step   339750] t/d=679.500 | task1=2.643462e-01 | |m1|=0.996419 | m1²=0.992851 | ||w||²/d=1.088814 | eps_adapter=4.790929e-02 | residual_overlap=0.011095
[step   340000] t/d=680.000 | task1=2.643234e-01 | |m1|=0.996393 | m1²=0.992798 | ||w||²/d=1.089067 | eps_adapter=4.813327e-02 | residual_overlap=0.011117
[step   340250] t/d=680.500 | task1=2.643036e-01 | |m1|=0.996383 | m1²=0.992780 | ||w||²/d=1.089577 | eps_adapter=4.837953e-02 | residual_overlap=0.011138
[step   340500] t/d=681.000 | task1=2.643019e-01 | |m1|=0.996392 | m1²=0.992797 | ||w||²/d=1.089120 | eps_adapter=4.815812e-02 | residual_overlap=0.011124
[step   340750] t/d=681.500 | task1=2.642737e-01 | |m1|=0.996394 | m1²=0.992801 | ||w||²/d=1.089085 | eps_adapter=4.813471e-02 | residual_overlap=0.011127
[step   341000] t/d=682.000 | task1=2.642779e-01 | |m1|=0.996384 | m1²=0.992780 | ||w||²/d=1.088570 | eps_adapter=4.797892e-02 | residual_overlap=0.011142
[step   341250] t/d=682.500 | task1=2.642855e-01 | |m1|=0.996366 | m1²=0.992745 | ||w||²/d=1.087974 | eps_adapter=4.782611e-02 | residual_overlap=0.011172
[step   341500] t/d=683.000 | task1=2.642716e-01 | |m1|=0.996336 | m1²=0.992686 | ||w||²/d=1.087130 | eps_adapter=4.763194e-02 | residual_overlap=0.011210
[step   341750] t/d=683.500 | task1=2.642968e-01 | |m1|=0.996363 | m1²=0.992739 | ||w||²/d=1.086996 | eps_adapter=4.745551e-02 | residual_overlap=0.011181
[step   342000] t/d=684.000 | task1=2.642737e-01 | |m1|=0.996332 | m1²=0.992677 | ||w||²/d=1.086225 | eps_adapter=4.729962e-02 | residual_overlap=0.011206
[step   342250] t/d=684.500 | task1=2.642629e-01 | |m1|=0.996336 | m1²=0.992685 | ||w||²/d=1.085947 | eps_adapter=4.717138e-02 | residual_overlap=0.011208
[step   342500] t/d=685.000 | task1=2.642401e-01 | |m1|=0.996363 | m1²=0.992738 | ||w||²/d=1.085281 | eps_adapter=4.678713e-02 | residual_overlap=0.011184
[step   342750] t/d=685.500 | task1=2.642277e-01 | |m1|=0.996382 | m1²=0.992776 | ||w||²/d=1.084832 | eps_adapter=4.652450e-02 | residual_overlap=0.011150
[step   343000] t/d=686.000 | task1=2.642273e-01 | |m1|=0.996384 | m1²=0.992780 | ||w||²/d=1.084894 | eps_adapter=4.653927e-02 | residual_overlap=0.011163
[step   343250] t/d=686.500 | task1=2.641799e-01 | |m1|=0.996390 | m1²=0.992793 | ||w||²/d=1.084710 | eps_adapter=4.643738e-02 | residual_overlap=0.011149
[step   343500] t/d=687.000 | task1=2.642307e-01 | |m1|=0.996392 | m1²=0.992796 | ||w||²/d=1.084078 | eps_adapter=4.618651e-02 | residual_overlap=0.011105
[step   343750] t/d=687.500 | task1=2.642803e-01 | |m1|=0.996395 | m1²=0.992804 | ||w||²/d=1.084354 | eps_adapter=4.627449e-02 | residual_overlap=0.011115
[step   344000] t/d=688.000 | task1=2.643483e-01 | |m1|=0.996431 | m1²=0.992875 | ||w||²/d=1.083967 | eps_adapter=4.595800e-02 | residual_overlap=0.011092
[step   344250] t/d=688.500 | task1=2.643489e-01 | |m1|=0.996452 | m1²=0.992916 | ||w||²/d=1.083386 | eps_adapter=4.564036e-02 | residual_overlap=0.011077
[step   344500] t/d=689.000 | task1=2.643227e-01 | |m1|=0.996464 | m1²=0.992941 | ||w||²/d=1.084179 | eps_adapter=4.588667e-02 | residual_overlap=0.011073
[step   344750] t/d=689.500 | task1=2.643339e-01 | |m1|=0.996456 | m1²=0.992925 | ||w||²/d=1.084184 | eps_adapter=4.592566e-02 | residual_overlap=0.011086
[step   345000] t/d=690.000 | task1=2.642660e-01 | |m1|=0.996438 | m1²=0.992889 | ||w||²/d=1.083650 | eps_adapter=4.580454e-02 | residual_overlap=0.011097
[step   345250] t/d=690.500 | task1=2.642637e-01 | |m1|=0.996438 | m1²=0.992888 | ||w||²/d=1.083232 | eps_adapter=4.564619e-02 | residual_overlap=0.011107
[step   345500] t/d=691.000 | task1=2.642131e-01 | |m1|=0.996431 | m1²=0.992874 | ||w||²/d=1.082862 | eps_adapter=4.553667e-02 | residual_overlap=0.011128
[step   345750] t/d=691.500 | task1=2.641870e-01 | |m1|=0.996483 | m1²=0.992978 | ||w||²/d=1.084272 | eps_adapter=4.583559e-02 | residual_overlap=0.011074
[step   346000] t/d=692.000 | task1=2.641629e-01 | |m1|=0.996509 | m1²=0.993030 | ||w||²/d=1.084653 | eps_adapter=4.585929e-02 | residual_overlap=0.011055
[step   346250] t/d=692.500 | task1=2.641667e-01 | |m1|=0.996507 | m1²=0.993026 | ||w||²/d=1.084961 | eps_adapter=4.598790e-02 | residual_overlap=0.011044
[step   346500] t/d=693.000 | task1=2.641523e-01 | |m1|=0.996517 | m1²=0.993047 | ||w||²/d=1.084728 | eps_adapter=4.585002e-02 | residual_overlap=0.011005
[step   346750] t/d=693.500 | task1=2.641017e-01 | |m1|=0.996492 | m1²=0.992997 | ||w||²/d=1.083850 | eps_adapter=4.562914e-02 | residual_overlap=0.011016
[step   347000] t/d=694.000 | task1=2.640937e-01 | |m1|=0.996502 | m1²=0.993017 | ||w||²/d=1.084732 | eps_adapter=4.592144e-02 | residual_overlap=0.011039
[step   347250] t/d=694.500 | task1=2.640902e-01 | |m1|=0.996516 | m1²=0.993043 | ||w||²/d=1.085138 | eps_adapter=4.601654e-02 | residual_overlap=0.011035
[step   347500] t/d=695.000 | task1=2.640825e-01 | |m1|=0.996493 | m1²=0.992998 | ||w||²/d=1.084665 | eps_adapter=4.593965e-02 | residual_overlap=0.011067
[step   347750] t/d=695.500 | task1=2.640573e-01 | |m1|=0.996531 | m1²=0.993075 | ||w||²/d=1.084762 | eps_adapter=4.579739e-02 | residual_overlap=0.011022
[step   348000] t/d=696.000 | task1=2.640762e-01 | |m1|=0.996517 | m1²=0.993046 | ||w||²/d=1.084276 | eps_adapter=4.567629e-02 | residual_overlap=0.011041
[step   348250] t/d=696.500 | task1=2.641113e-01 | |m1|=0.996509 | m1²=0.993031 | ||w||²/d=1.083935 | eps_adapter=4.558168e-02 | residual_overlap=0.011040
[step   348500] t/d=697.000 | task1=2.641498e-01 | |m1|=0.996541 | m1²=0.993094 | ||w||²/d=1.083874 | eps_adapter=4.540955e-02 | residual_overlap=0.011006
[step   348750] t/d=697.500 | task1=2.641761e-01 | |m1|=0.996559 | m1²=0.993131 | ||w||²/d=1.083082 | eps_adapter=4.502115e-02 | residual_overlap=0.011020
[step   349000] t/d=698.000 | task1=2.642530e-01 | |m1|=0.996531 | m1²=0.993074 | ||w||²/d=1.082998 | eps_adapter=4.512133e-02 | residual_overlap=0.011041
[step   349250] t/d=698.500 | task1=2.642582e-01 | |m1|=0.996518 | m1²=0.993048 | ||w||²/d=1.082300 | eps_adapter=4.491688e-02 | residual_overlap=0.011047
[step   349500] t/d=699.000 | task1=2.642355e-01 | |m1|=0.996505 | m1²=0.993022 | ||w||²/d=1.082392 | eps_adapter=4.501212e-02 | residual_overlap=0.011063
[step   349750] t/d=699.500 | task1=2.642351e-01 | |m1|=0.996515 | m1²=0.993042 | ||w||²/d=1.082147 | eps_adapter=4.487099e-02 | residual_overlap=0.011051
[step   350000] t/d=700.000 | task1=2.642249e-01 | |m1|=0.996520 | m1²=0.993052 | ||w||²/d=1.081398 | eps_adapter=4.456471e-02 | residual_overlap=0.011037
[step   350250] t/d=700.500 | task1=2.642191e-01 | |m1|=0.996509 | m1²=0.993031 | ||w||²/d=1.081503 | eps_adapter=4.465283e-02 | residual_overlap=0.011053
[step   350500] t/d=701.000 | task1=2.641709e-01 | |m1|=0.996477 | m1²=0.992966 | ||w||²/d=1.081993 | eps_adapter=4.499082e-02 | residual_overlap=0.011076
[step   350750] t/d=701.500 | task1=2.641520e-01 | |m1|=0.996502 | m1²=0.993016 | ||w||²/d=1.081534 | eps_adapter=4.469990e-02 | residual_overlap=0.011046
[step   351000] t/d=702.000 | task1=2.641657e-01 | |m1|=0.996492 | m1²=0.992996 | ||w||²/d=1.082294 | eps_adapter=4.503389e-02 | residual_overlap=0.011052
[step   351250] t/d=702.500 | task1=2.641684e-01 | |m1|=0.996470 | m1²=0.992952 | ||w||²/d=1.082058 | eps_adapter=4.504776e-02 | residual_overlap=0.011065
[step   351500] t/d=703.000 | task1=2.642096e-01 | |m1|=0.996448 | m1²=0.992909 | ||w||²/d=1.081907 | eps_adapter=4.509221e-02 | residual_overlap=0.011082
[step   351750] t/d=703.500 | task1=2.642727e-01 | |m1|=0.996465 | m1²=0.992942 | ||w||²/d=1.081768 | eps_adapter=4.496146e-02 | residual_overlap=0.011052
[step   352000] t/d=704.000 | task1=2.642334e-01 | |m1|=0.996421 | m1²=0.992855 | ||w||²/d=1.081751 | eps_adapter=4.515827e-02 | residual_overlap=0.011094
[step   352250] t/d=704.500 | task1=2.642697e-01 | |m1|=0.996412 | m1²=0.992836 | ||w||²/d=1.081693 | eps_adapter=4.518029e-02 | residual_overlap=0.011101
[step   352500] t/d=705.000 | task1=2.642586e-01 | |m1|=0.996404 | m1²=0.992822 | ||w||²/d=1.081297 | eps_adapter=4.506328e-02 | residual_overlap=0.011125
[step   352750] t/d=705.500 | task1=2.642672e-01 | |m1|=0.996373 | m1²=0.992760 | ||w||²/d=1.081061 | eps_adapter=4.511873e-02 | residual_overlap=0.011174
[step   353000] t/d=706.000 | task1=2.641965e-01 | |m1|=0.996368 | m1²=0.992749 | ||w||²/d=1.080460 | eps_adapter=4.491688e-02 | residual_overlap=0.011188
[step   353250] t/d=706.500 | task1=2.642518e-01 | |m1|=0.996365 | m1²=0.992744 | ||w||²/d=1.080233 | eps_adapter=4.484344e-02 | residual_overlap=0.011212
[step   353500] t/d=707.000 | task1=2.642455e-01 | |m1|=0.996388 | m1²=0.992790 | ||w||²/d=1.080240 | eps_adapter=4.473822e-02 | residual_overlap=0.011183
[step   353750] t/d=707.500 | task1=2.642069e-01 | |m1|=0.996415 | m1²=0.992842 | ||w||²/d=1.079342 | eps_adapter=4.427922e-02 | residual_overlap=0.011164
[step   354000] t/d=708.000 | task1=2.642323e-01 | |m1|=0.996411 | m1²=0.992835 | ||w||²/d=1.079097 | eps_adapter=4.420334e-02 | residual_overlap=0.011162
[step   354250] t/d=708.500 | task1=2.642372e-01 | |m1|=0.996422 | m1²=0.992857 | ||w||²/d=1.079144 | eps_adapter=4.417030e-02 | residual_overlap=0.011128
[step   354500] t/d=709.000 | task1=2.641455e-01 | |m1|=0.996405 | m1²=0.992823 | ||w||²/d=1.078635 | eps_adapter=4.406000e-02 | residual_overlap=0.011150
[step   354750] t/d=709.500 | task1=2.641352e-01 | |m1|=0.996415 | m1²=0.992844 | ||w||²/d=1.078869 | eps_adapter=4.409863e-02 | residual_overlap=0.011138
[step   355000] t/d=710.000 | task1=2.641411e-01 | |m1|=0.996429 | m1²=0.992871 | ||w||²/d=1.079069 | eps_adapter=4.410899e-02 | residual_overlap=0.011088
[step   355250] t/d=710.500 | task1=2.641626e-01 | |m1|=0.996418 | m1²=0.992848 | ||w||²/d=1.079274 | eps_adapter=4.424068e-02 | residual_overlap=0.011085
[step   355500] t/d=711.000 | task1=2.641378e-01 | |m1|=0.996389 | m1²=0.992790 | ||w||²/d=1.080123 | eps_adapter=4.469419e-02 | residual_overlap=0.011114
[step   355750] t/d=711.500 | task1=2.641111e-01 | |m1|=0.996381 | m1²=0.992775 | ||w||²/d=1.079506 | eps_adapter=4.449711e-02 | residual_overlap=0.011138
[step   356000] t/d=712.000 | task1=2.641047e-01 | |m1|=0.996412 | m1²=0.992836 | ||w||²/d=1.078929 | eps_adapter=4.413826e-02 | residual_overlap=0.011087
[step   356250] t/d=712.500 | task1=2.641379e-01 | |m1|=0.996382 | m1²=0.992778 | ||w||²/d=1.079394 | eps_adapter=4.444849e-02 | residual_overlap=0.011131
[step   356500] t/d=713.000 | task1=2.641902e-01 | |m1|=0.996418 | m1²=0.992849 | ||w||²/d=1.079603 | eps_adapter=4.436213e-02 | residual_overlap=0.011101
[step   356750] t/d=713.500 | task1=2.641333e-01 | |m1|=0.996373 | m1²=0.992758 | ||w||²/d=1.080163 | eps_adapter=4.478314e-02 | residual_overlap=0.011149
[step   357000] t/d=714.000 | task1=2.641044e-01 | |m1|=0.996379 | m1²=0.992771 | ||w||²/d=1.080178 | eps_adapter=4.476014e-02 | residual_overlap=0.011143
[step   357250] t/d=714.500 | task1=2.641187e-01 | |m1|=0.996412 | m1²=0.992836 | ||w||²/d=1.080715 | eps_adapter=4.480920e-02 | residual_overlap=0.011096
[step   357500] t/d=715.000 | task1=2.640890e-01 | |m1|=0.996410 | m1²=0.992834 | ||w||²/d=1.080933 | eps_adapter=4.489766e-02 | residual_overlap=0.011091
[step   357750] t/d=715.500 | task1=2.640996e-01 | |m1|=0.996411 | m1²=0.992836 | ||w||²/d=1.080594 | eps_adapter=4.476523e-02 | residual_overlap=0.011101
[step   358000] t/d=716.000 | task1=2.640896e-01 | |m1|=0.996413 | m1²=0.992840 | ||w||²/d=1.080285 | eps_adapter=4.463938e-02 | residual_overlap=0.011088
[step   358250] t/d=716.500 | task1=2.640842e-01 | |m1|=0.996407 | m1²=0.992828 | ||w||²/d=1.080829 | eps_adapter=4.487225e-02 | residual_overlap=0.011074
[step   358500] t/d=717.000 | task1=2.640601e-01 | |m1|=0.996406 | m1²=0.992825 | ||w||²/d=1.081260 | eps_adapter=4.504234e-02 | residual_overlap=0.011091
[step   358750] t/d=717.500 | task1=2.640376e-01 | |m1|=0.996414 | m1²=0.992841 | ||w||²/d=1.081419 | eps_adapter=4.506370e-02 | residual_overlap=0.011083
[step   359000] t/d=718.000 | task1=2.640347e-01 | |m1|=0.996441 | m1²=0.992894 | ||w||²/d=1.080704 | eps_adapter=4.466954e-02 | residual_overlap=0.011060
[step   359250] t/d=718.500 | task1=2.640194e-01 | |m1|=0.996448 | m1²=0.992909 | ||w||²/d=1.080454 | eps_adapter=4.454050e-02 | residual_overlap=0.011070
[step   359500] t/d=719.000 | task1=2.640493e-01 | |m1|=0.996441 | m1²=0.992895 | ||w||²/d=1.080639 | eps_adapter=4.464332e-02 | residual_overlap=0.011039
[step   359750] t/d=719.500 | task1=2.640766e-01 | |m1|=0.996440 | m1²=0.992893 | ||w||²/d=1.080630 | eps_adapter=4.464417e-02 | residual_overlap=0.011032
[step   360000] t/d=720.000 | task1=2.640777e-01 | |m1|=0.996453 | m1²=0.992919 | ||w||²/d=1.081579 | eps_adapter=4.494339e-02 | residual_overlap=0.011020
[step   360250] t/d=720.500 | task1=2.640948e-01 | |m1|=0.996455 | m1²=0.992923 | ||w||²/d=1.082155 | eps_adapter=4.515319e-02 | residual_overlap=0.011017
[step   360500] t/d=721.000 | task1=2.640623e-01 | |m1|=0.996434 | m1²=0.992880 | ||w||²/d=1.081341 | eps_adapter=4.494369e-02 | residual_overlap=0.011022
[step   360750] t/d=721.500 | task1=2.640618e-01 | |m1|=0.996427 | m1²=0.992867 | ||w||²/d=1.080884 | eps_adapter=4.480121e-02 | residual_overlap=0.011030
[step   361000] t/d=722.000 | task1=2.641018e-01 | |m1|=0.996399 | m1²=0.992811 | ||w||²/d=1.081639 | eps_adapter=4.521824e-02 | residual_overlap=0.011053
[step   361250] t/d=722.500 | task1=2.640730e-01 | |m1|=0.996398 | m1²=0.992808 | ||w||²/d=1.081403 | eps_adapter=4.513482e-02 | residual_overlap=0.011065
[step   361500] t/d=723.000 | task1=2.640506e-01 | |m1|=0.996395 | m1²=0.992803 | ||w||²/d=1.081084 | eps_adapter=4.502750e-02 | residual_overlap=0.011071
[step   361750] t/d=723.500 | task1=2.640099e-01 | |m1|=0.996401 | m1²=0.992816 | ||w||²/d=1.081206 | eps_adapter=4.504310e-02 | residual_overlap=0.011069
[step   362000] t/d=724.000 | task1=2.640168e-01 | |m1|=0.996417 | m1²=0.992847 | ||w||²/d=1.081206 | eps_adapter=4.496974e-02 | residual_overlap=0.011045
[step   362250] t/d=724.500 | task1=2.640773e-01 | |m1|=0.996430 | m1²=0.992873 | ||w||²/d=1.081772 | eps_adapter=4.512473e-02 | residual_overlap=0.011022
[step   362500] t/d=725.000 | task1=2.640626e-01 | |m1|=0.996423 | m1²=0.992858 | ||w||²/d=1.081891 | eps_adapter=4.520382e-02 | residual_overlap=0.011028
[step   362750] t/d=725.500 | task1=2.640090e-01 | |m1|=0.996381 | m1²=0.992775 | ||w||²/d=1.082547 | eps_adapter=4.564778e-02 | residual_overlap=0.011070
[step   363000] t/d=726.000 | task1=2.640299e-01 | |m1|=0.996368 | m1²=0.992749 | ||w||²/d=1.082244 | eps_adapter=4.559271e-02 | residual_overlap=0.011057
[step   363250] t/d=726.500 | task1=2.640527e-01 | |m1|=0.996362 | m1²=0.992736 | ||w||²/d=1.082960 | eps_adapter=4.589658e-02 | residual_overlap=0.011097
[step   363500] t/d=727.000 | task1=2.640411e-01 | |m1|=0.996348 | m1²=0.992710 | ||w||²/d=1.083645 | eps_adapter=4.622100e-02 | residual_overlap=0.011102
[step   363750] t/d=727.500 | task1=2.640358e-01 | |m1|=0.996330 | m1²=0.992673 | ||w||²/d=1.083117 | eps_adapter=4.610421e-02 | residual_overlap=0.011137
[step   364000] t/d=728.000 | task1=2.639986e-01 | |m1|=0.996323 | m1²=0.992660 | ||w||²/d=1.082452 | eps_adapter=4.588007e-02 | residual_overlap=0.011151
[step   364250] t/d=728.500 | task1=2.639921e-01 | |m1|=0.996316 | m1²=0.992646 | ||w||²/d=1.082782 | eps_adapter=4.603971e-02 | residual_overlap=0.011192
[step   364500] t/d=729.000 | task1=2.639897e-01 | |m1|=0.996313 | m1²=0.992639 | ||w||²/d=1.083567 | eps_adapter=4.635747e-02 | residual_overlap=0.011174
[step   364750] t/d=729.500 | task1=2.639499e-01 | |m1|=0.996271 | m1²=0.992557 | ||w||²/d=1.083594 | eps_adapter=4.656123e-02 | residual_overlap=0.011178
[step   365000] t/d=730.000 | task1=2.639320e-01 | |m1|=0.996271 | m1²=0.992556 | ||w||²/d=1.083278 | eps_adapter=4.644147e-02 | residual_overlap=0.011160
[step   365250] t/d=730.500 | task1=2.639470e-01 | |m1|=0.996303 | m1²=0.992620 | ||w||²/d=1.083331 | eps_adapter=4.631166e-02 | residual_overlap=0.011115
[step   365500] t/d=731.000 | task1=2.639532e-01 | |m1|=0.996305 | m1²=0.992624 | ||w||²/d=1.083615 | eps_adapter=4.641082e-02 | residual_overlap=0.011102
[step   365750] t/d=731.500 | task1=2.640262e-01 | |m1|=0.996309 | m1²=0.992631 | ||w||²/d=1.083041 | eps_adapter=4.617431e-02 | residual_overlap=0.011085
[step   366000] t/d=732.000 | task1=2.639960e-01 | |m1|=0.996274 | m1²=0.992562 | ||w||²/d=1.082843 | eps_adapter=4.625930e-02 | residual_overlap=0.011128
[step   366250] t/d=732.500 | task1=2.640082e-01 | |m1|=0.996293 | m1²=0.992599 | ||w||²/d=1.083137 | eps_adapter=4.628533e-02 | residual_overlap=0.011108
[step   366500] t/d=733.000 | task1=2.640486e-01 | |m1|=0.996275 | m1²=0.992564 | ||w||²/d=1.083883 | eps_adapter=4.665536e-02 | residual_overlap=0.011119
[step   366750] t/d=733.500 | task1=2.640567e-01 | |m1|=0.996268 | m1²=0.992549 | ||w||²/d=1.084042 | eps_adapter=4.675123e-02 | residual_overlap=0.011118
[step   367000] t/d=734.000 | task1=2.640507e-01 | |m1|=0.996272 | m1²=0.992559 | ||w||²/d=1.084234 | eps_adapter=4.680328e-02 | residual_overlap=0.011126
[step   367250] t/d=734.500 | task1=2.640773e-01 | |m1|=0.996262 | m1²=0.992539 | ||w||²/d=1.084428 | eps_adapter=4.692504e-02 | residual_overlap=0.011113
[step   367500] t/d=735.000 | task1=2.640676e-01 | |m1|=0.996267 | m1²=0.992548 | ||w||²/d=1.085087 | eps_adapter=4.715721e-02 | residual_overlap=0.011092
[step   367750] t/d=735.500 | task1=2.640870e-01 | |m1|=0.996299 | m1²=0.992612 | ||w||²/d=1.085421 | eps_adapter=4.713894e-02 | residual_overlap=0.011073
[step   368000] t/d=736.000 | task1=2.641181e-01 | |m1|=0.996338 | m1²=0.992689 | ||w||²/d=1.084899 | eps_adapter=4.675481e-02 | residual_overlap=0.011045
[step   368250] t/d=736.500 | task1=2.641054e-01 | |m1|=0.996350 | m1²=0.992714 | ||w||²/d=1.084687 | eps_adapter=4.661334e-02 | residual_overlap=0.011022
[step   368500] t/d=737.000 | task1=2.640856e-01 | |m1|=0.996300 | m1²=0.992613 | ||w||²/d=1.084361 | eps_adapter=4.672373e-02 | residual_overlap=0.011082
[step   368750] t/d=737.500 | task1=2.640784e-01 | |m1|=0.996288 | m1²=0.992590 | ||w||²/d=1.083736 | eps_adapter=4.653829e-02 | residual_overlap=0.011089
[step   369000] t/d=738.000 | task1=2.641039e-01 | |m1|=0.996286 | m1²=0.992586 | ||w||²/d=1.083379 | eps_adapter=4.640874e-02 | residual_overlap=0.011085
[step   369250] t/d=738.500 | task1=2.641198e-01 | |m1|=0.996301 | m1²=0.992616 | ||w||²/d=1.084080 | eps_adapter=4.660880e-02 | residual_overlap=0.011066
[step   369500] t/d=739.000 | task1=2.640881e-01 | |m1|=0.996334 | m1²=0.992681 | ||w||²/d=1.084376 | eps_adapter=4.657123e-02 | residual_overlap=0.011038
[step   369750] t/d=739.500 | task1=2.641192e-01 | |m1|=0.996360 | m1²=0.992732 | ||w||²/d=1.084709 | eps_adapter=4.657950e-02 | residual_overlap=0.011030
[step   370000] t/d=740.000 | task1=2.641465e-01 | |m1|=0.996311 | m1²=0.992635 | ||w||²/d=1.083476 | eps_adapter=4.633225e-02 | residual_overlap=0.011089
[step   370250] t/d=740.500 | task1=2.641735e-01 | |m1|=0.996289 | m1²=0.992591 | ||w||²/d=1.084315 | eps_adapter=4.675854e-02 | residual_overlap=0.011113
[step   370500] t/d=741.000 | task1=2.641439e-01 | |m1|=0.996283 | m1²=0.992580 | ||w||²/d=1.084132 | eps_adapter=4.671408e-02 | residual_overlap=0.011103
[step   370750] t/d=741.500 | task1=2.641243e-01 | |m1|=0.996291 | m1²=0.992596 | ||w||²/d=1.084808 | eps_adapter=4.693814e-02 | residual_overlap=0.011098
[step   371000] t/d=742.000 | task1=2.640974e-01 | |m1|=0.996308 | m1²=0.992630 | ||w||²/d=1.084778 | eps_adapter=4.684713e-02 | residual_overlap=0.011100
[step   371250] t/d=742.500 | task1=2.641025e-01 | |m1|=0.996306 | m1²=0.992626 | ||w||²/d=1.084797 | eps_adapter=4.686373e-02 | residual_overlap=0.011111
[step   371500] t/d=743.000 | task1=2.640992e-01 | |m1|=0.996315 | m1²=0.992644 | ||w||²/d=1.084264 | eps_adapter=4.661493e-02 | residual_overlap=0.011108
[step   371750] t/d=743.500 | task1=2.640819e-01 | |m1|=0.996314 | m1²=0.992642 | ||w||²/d=1.083954 | eps_adapter=4.649887e-02 | residual_overlap=0.011112
[step   372000] t/d=744.000 | task1=2.641034e-01 | |m1|=0.996361 | m1²=0.992735 | ||w||²/d=1.084324 | eps_adapter=4.642490e-02 | residual_overlap=0.011052
[step   372250] t/d=744.500 | task1=2.641307e-01 | |m1|=0.996378 | m1²=0.992770 | ||w||²/d=1.084245 | eps_adapter=4.631217e-02 | residual_overlap=0.011066
[step   372500] t/d=745.000 | task1=2.641402e-01 | |m1|=0.996365 | m1²=0.992743 | ||w||²/d=1.083807 | eps_adapter=4.620705e-02 | residual_overlap=0.011087
[step   372750] t/d=745.500 | task1=2.641164e-01 | |m1|=0.996354 | m1²=0.992722 | ||w||²/d=1.082700 | eps_adapter=4.583059e-02 | residual_overlap=0.011091
[step   373000] t/d=746.000 | task1=2.640551e-01 | |m1|=0.996354 | m1²=0.992721 | ||w||²/d=1.083249 | eps_adapter=4.604368e-02 | residual_overlap=0.011072
[step   373250] t/d=746.500 | task1=2.640686e-01 | |m1|=0.996347 | m1²=0.992707 | ||w||²/d=1.082543 | eps_adapter=4.580662e-02 | residual_overlap=0.011095
[step   373500] t/d=747.000 | task1=2.640561e-01 | |m1|=0.996314 | m1²=0.992642 | ||w||²/d=1.081359 | eps_adapter=4.550617e-02 | residual_overlap=0.011137
[step   373750] t/d=747.500 | task1=2.640167e-01 | |m1|=0.996318 | m1²=0.992650 | ||w||²/d=1.081837 | eps_adapter=4.566978e-02 | residual_overlap=0.011128
[step   374000] t/d=748.000 | task1=2.640138e-01 | |m1|=0.996300 | m1²=0.992614 | ||w||²/d=1.081248 | eps_adapter=4.553081e-02 | residual_overlap=0.011129
[step   374250] t/d=748.500 | task1=2.640141e-01 | |m1|=0.996274 | m1²=0.992562 | ||w||²/d=1.080689 | eps_adapter=4.544015e-02 | residual_overlap=0.011153
[step   374500] t/d=749.000 | task1=2.640402e-01 | |m1|=0.996272 | m1²=0.992557 | ||w||²/d=1.081466 | eps_adapter=4.574593e-02 | residual_overlap=0.011161
[step   374750] t/d=749.500 | task1=2.640375e-01 | |m1|=0.996297 | m1²=0.992608 | ||w||²/d=1.082384 | eps_adapter=4.597618e-02 | residual_overlap=0.011144
[step   375000] t/d=750.000 | task1=2.639986e-01 | |m1|=0.996270 | m1²=0.992555 | ||w||²/d=1.082050 | eps_adapter=4.597392e-02 | residual_overlap=0.011141
[step   375250] t/d=750.500 | task1=2.639341e-01 | |m1|=0.996264 | m1²=0.992542 | ||w||²/d=1.082386 | eps_adapter=4.613262e-02 | residual_overlap=0.011148
[step   375500] t/d=751.000 | task1=2.639357e-01 | |m1|=0.996241 | m1²=0.992495 | ||w||²/d=1.082371 | eps_adapter=4.623555e-02 | residual_overlap=0.011157
[step   375750] t/d=751.500 | task1=2.638772e-01 | |m1|=0.996245 | m1²=0.992504 | ||w||²/d=1.082257 | eps_adapter=4.617124e-02 | residual_overlap=0.011155
[step   376000] t/d=752.000 | task1=2.638511e-01 | |m1|=0.996252 | m1²=0.992519 | ||w||²/d=1.082037 | eps_adapter=4.605295e-02 | residual_overlap=0.011147
[step   376250] t/d=752.500 | task1=2.638247e-01 | |m1|=0.996275 | m1²=0.992563 | ||w||²/d=1.081127 | eps_adapter=4.560282e-02 | residual_overlap=0.011115
[step   376500] t/d=753.000 | task1=2.638647e-01 | |m1|=0.996245 | m1²=0.992503 | ||w||²/d=1.080377 | eps_adapter=4.545871e-02 | residual_overlap=0.011132
[step   376750] t/d=753.500 | task1=2.638369e-01 | |m1|=0.996238 | m1²=0.992490 | ||w||²/d=1.080625 | eps_adapter=4.558396e-02 | residual_overlap=0.011100
[step   377000] t/d=754.000 | task1=2.638208e-01 | |m1|=0.996208 | m1²=0.992430 | ||w||²/d=1.081612 | eps_adapter=4.609854e-02 | residual_overlap=0.011128
[step   377250] t/d=754.500 | task1=2.637566e-01 | |m1|=0.996174 | m1²=0.992362 | ||w||²/d=1.082283 | eps_adapter=4.651215e-02 | residual_overlap=0.011155
[step   377500] t/d=755.000 | task1=2.637521e-01 | |m1|=0.996192 | m1²=0.992399 | ||w||²/d=1.082673 | eps_adapter=4.657513e-02 | residual_overlap=0.011123
[step   377750] t/d=755.500 | task1=2.637691e-01 | |m1|=0.996202 | m1²=0.992419 | ||w||²/d=1.082900 | eps_adapter=4.661702e-02 | residual_overlap=0.011103
[step   378000] t/d=756.000 | task1=2.637942e-01 | |m1|=0.996188 | m1²=0.992391 | ||w||²/d=1.083797 | eps_adapter=4.702754e-02 | residual_overlap=0.011126
[step   378250] t/d=756.500 | task1=2.638145e-01 | |m1|=0.996215 | m1²=0.992445 | ||w||²/d=1.083904 | eps_adapter=4.694190e-02 | residual_overlap=0.011083
[step   378500] t/d=757.000 | task1=2.638628e-01 | |m1|=0.996229 | m1²=0.992472 | ||w||²/d=1.082905 | eps_adapter=4.649351e-02 | residual_overlap=0.011069
[step   378750] t/d=757.500 | task1=2.638636e-01 | |m1|=0.996217 | m1²=0.992448 | ||w||²/d=1.083217 | eps_adapter=4.667105e-02 | residual_overlap=0.011052
[step   379000] t/d=758.000 | task1=2.639334e-01 | |m1|=0.996188 | m1²=0.992391 | ||w||²/d=1.084035 | eps_adapter=4.711951e-02 | residual_overlap=0.011108
[step   379250] t/d=758.500 | task1=2.639334e-01 | |m1|=0.996168 | m1²=0.992351 | ||w||²/d=1.084424 | eps_adapter=4.736343e-02 | residual_overlap=0.011127
[step   379500] t/d=759.000 | task1=2.639266e-01 | |m1|=0.996189 | m1²=0.992392 | ||w||²/d=1.084894 | eps_adapter=4.744981e-02 | residual_overlap=0.011098
[step   379750] t/d=759.500 | task1=2.639947e-01 | |m1|=0.996161 | m1²=0.992337 | ||w||²/d=1.084115 | eps_adapter=4.727655e-02 | residual_overlap=0.011125
[step   380000] t/d=760.000 | task1=2.639949e-01 | |m1|=0.996158 | m1²=0.992331 | ||w||²/d=1.084624 | eps_adapter=4.748803e-02 | residual_overlap=0.011135
[step   380250] t/d=760.500 | task1=2.639740e-01 | |m1|=0.996183 | m1²=0.992381 | ||w||²/d=1.084981 | eps_adapter=4.750950e-02 | residual_overlap=0.011120
[step   380500] t/d=761.000 | task1=2.639509e-01 | |m1|=0.996195 | m1²=0.992405 | ||w||²/d=1.084614 | eps_adapter=4.730981e-02 | residual_overlap=0.011120
[step   380750] t/d=761.500 | task1=2.639519e-01 | |m1|=0.996187 | m1²=0.992388 | ||w||²/d=1.083269 | eps_adapter=4.682995e-02 | residual_overlap=0.011117
[step   381000] t/d=762.000 | task1=2.639142e-01 | |m1|=0.996195 | m1²=0.992404 | ||w||²/d=1.083312 | eps_adapter=4.680969e-02 | residual_overlap=0.011117
[step   381250] t/d=762.500 | task1=2.639148e-01 | |m1|=0.996203 | m1²=0.992420 | ||w||²/d=1.083777 | eps_adapter=4.695162e-02 | residual_overlap=0.011117
[step   381500] t/d=763.000 | task1=2.639228e-01 | |m1|=0.996234 | m1²=0.992483 | ||w||²/d=1.084771 | eps_adapter=4.718912e-02 | residual_overlap=0.011055
[step   381750] t/d=763.500 | task1=2.639173e-01 | |m1|=0.996240 | m1²=0.992494 | ||w||²/d=1.083911 | eps_adapter=4.683064e-02 | residual_overlap=0.011045
[step   382000] t/d=764.000 | task1=2.639007e-01 | |m1|=0.996215 | m1²=0.992445 | ||w||²/d=1.084481 | eps_adapter=4.716529e-02 | residual_overlap=0.011079
[step   382250] t/d=764.500 | task1=2.638968e-01 | |m1|=0.996208 | m1²=0.992431 | ||w||²/d=1.084502 | eps_adapter=4.720611e-02 | residual_overlap=0.011081
[step   382500] t/d=765.000 | task1=2.639006e-01 | |m1|=0.996213 | m1²=0.992441 | ||w||²/d=1.084625 | eps_adapter=4.722959e-02 | residual_overlap=0.011089
[step   382750] t/d=765.500 | task1=2.638949e-01 | |m1|=0.996256 | m1²=0.992526 | ||w||²/d=1.086192 | eps_adapter=4.764027e-02 | residual_overlap=0.011063
[step   383000] t/d=766.000 | task1=2.639135e-01 | |m1|=0.996295 | m1²=0.992603 | ||w||²/d=1.086243 | eps_adapter=4.747887e-02 | residual_overlap=0.011031
[step   383250] t/d=766.500 | task1=2.639546e-01 | |m1|=0.996297 | m1²=0.992607 | ||w||²/d=1.087242 | eps_adapter=4.786227e-02 | residual_overlap=0.011051
[step   383500] t/d=767.000 | task1=2.639296e-01 | |m1|=0.996329 | m1²=0.992671 | ||w||²/d=1.087834 | eps_adapter=4.794579e-02 | residual_overlap=0.011024
[step   383750] t/d=767.500 | task1=2.639613e-01 | |m1|=0.996330 | m1²=0.992674 | ||w||²/d=1.087525 | eps_adapter=4.781500e-02 | residual_overlap=0.011028
[step   384000] t/d=768.000 | task1=2.640059e-01 | |m1|=0.996292 | m1²=0.992598 | ||w||²/d=1.087575 | eps_adapter=4.801478e-02 | residual_overlap=0.011070
[step   384250] t/d=768.500 | task1=2.639810e-01 | |m1|=0.996313 | m1²=0.992640 | ||w||²/d=1.085690 | eps_adapter=4.717686e-02 | residual_overlap=0.011033
[step   384500] t/d=769.000 | task1=2.639821e-01 | |m1|=0.996306 | m1²=0.992625 | ||w||²/d=1.085571 | eps_adapter=4.716561e-02 | residual_overlap=0.011072
[step   384750] t/d=769.500 | task1=2.639670e-01 | |m1|=0.996327 | m1²=0.992667 | ||w||²/d=1.085204 | eps_adapter=4.692415e-02 | residual_overlap=0.011052
[step   385000] t/d=770.000 | task1=2.640517e-01 | |m1|=0.996321 | m1²=0.992655 | ||w||²/d=1.084317 | eps_adapter=4.660854e-02 | residual_overlap=0.011043
[step   385250] t/d=770.500 | task1=2.640517e-01 | |m1|=0.996344 | m1²=0.992702 | ||w||²/d=1.082997 | eps_adapter=4.599221e-02 | residual_overlap=0.011010
[step   385500] t/d=771.000 | task1=2.640596e-01 | |m1|=0.996318 | m1²=0.992650 | ||w||²/d=1.082736 | eps_adapter=4.601369e-02 | residual_overlap=0.011047
[step   385750] t/d=771.500 | task1=2.640566e-01 | |m1|=0.996323 | m1²=0.992660 | ||w||²/d=1.082970 | eps_adapter=4.607915e-02 | residual_overlap=0.011043
[step   386000] t/d=772.000 | task1=2.640158e-01 | |m1|=0.996322 | m1²=0.992658 | ||w||²/d=1.083057 | eps_adapter=4.611828e-02 | residual_overlap=0.011071
[step   386250] t/d=772.500 | task1=2.640393e-01 | |m1|=0.996305 | m1²=0.992624 | ||w||²/d=1.081964 | eps_adapter=4.577960e-02 | residual_overlap=0.011089
[step   386500] t/d=773.000 | task1=2.640759e-01 | |m1|=0.996274 | m1²=0.992562 | ||w||²/d=1.081889 | eps_adapter=4.589627e-02 | residual_overlap=0.011114
[step   386750] t/d=773.500 | task1=2.640487e-01 | |m1|=0.996240 | m1²=0.992494 | ||w||²/d=1.082133 | eps_adapter=4.614738e-02 | residual_overlap=0.011137
[step   387000] t/d=774.000 | task1=2.640738e-01 | |m1|=0.996210 | m1²=0.992435 | ||w||²/d=1.081227 | eps_adapter=4.594134e-02 | residual_overlap=0.011145
[step   387250] t/d=774.500 | task1=2.640979e-01 | |m1|=0.996243 | m1²=0.992501 | ||w||²/d=1.080867 | eps_adapter=4.564995e-02 | residual_overlap=0.011121
[step   387500] t/d=775.000 | task1=2.641445e-01 | |m1|=0.996243 | m1²=0.992501 | ||w||²/d=1.080710 | eps_adapter=4.559118e-02 | residual_overlap=0.011118
[step   387750] t/d=775.500 | task1=2.641535e-01 | |m1|=0.996239 | m1²=0.992491 | ||w||²/d=1.079933 | eps_adapter=4.532007e-02 | residual_overlap=0.011134
[step   388000] t/d=776.000 | task1=2.642019e-01 | |m1|=0.996261 | m1²=0.992537 | ||w||²/d=1.079332 | eps_adapter=4.498840e-02 | residual_overlap=0.011105
[step   388250] t/d=776.500 | task1=2.641731e-01 | |m1|=0.996282 | m1²=0.992578 | ||w||²/d=1.079938 | eps_adapter=4.511923e-02 | residual_overlap=0.011095
[step   388500] t/d=777.000 | task1=2.642255e-01 | |m1|=0.996279 | m1²=0.992571 | ||w||²/d=1.079724 | eps_adapter=4.505482e-02 | residual_overlap=0.011077
[step   388750] t/d=777.500 | task1=2.641901e-01 | |m1|=0.996288 | m1²=0.992591 | ||w||²/d=1.078602 | eps_adapter=4.458973e-02 | residual_overlap=0.011079
[step   389000] t/d=778.000 | task1=2.642197e-01 | |m1|=0.996302 | m1²=0.992618 | ||w||²/d=1.078011 | eps_adapter=4.430670e-02 | residual_overlap=0.011072
[step   389250] t/d=778.500 | task1=2.642321e-01 | |m1|=0.996282 | m1²=0.992578 | ||w||²/d=1.077955 | eps_adapter=4.437717e-02 | residual_overlap=0.011073
[step   389500] t/d=779.000 | task1=2.642221e-01 | |m1|=0.996285 | m1²=0.992584 | ||w||²/d=1.078562 | eps_adapter=4.458933e-02 | residual_overlap=0.011032
[step   389750] t/d=779.500 | task1=2.642849e-01 | |m1|=0.996265 | m1²=0.992544 | ||w||²/d=1.078188 | eps_adapter=4.454377e-02 | residual_overlap=0.011044
[step   390000] t/d=780.000 | task1=2.642798e-01 | |m1|=0.996246 | m1²=0.992505 | ||w||²/d=1.077959 | eps_adapter=4.454858e-02 | residual_overlap=0.011069
[step   390250] t/d=780.500 | task1=2.643079e-01 | |m1|=0.996231 | m1²=0.992477 | ||w||²/d=1.078435 | eps_adapter=4.479242e-02 | residual_overlap=0.011063
[step   390500] t/d=781.000 | task1=2.642748e-01 | |m1|=0.996261 | m1²=0.992536 | ||w||²/d=1.079142 | eps_adapter=4.491875e-02 | residual_overlap=0.011033
[step   390750] t/d=781.500 | task1=2.643272e-01 | |m1|=0.996271 | m1²=0.992555 | ||w||²/d=1.079447 | eps_adapter=4.498810e-02 | residual_overlap=0.011024
[step   391000] t/d=782.000 | task1=2.643274e-01 | |m1|=0.996288 | m1²=0.992590 | ||w||²/d=1.079442 | eps_adapter=4.490595e-02 | residual_overlap=0.011043
[step   391250] t/d=782.500 | task1=2.642895e-01 | |m1|=0.996309 | m1²=0.992631 | ||w||²/d=1.079191 | eps_adapter=4.471438e-02 | residual_overlap=0.011026
[step   391500] t/d=783.000 | task1=2.642785e-01 | |m1|=0.996320 | m1²=0.992654 | ||w||²/d=1.079512 | eps_adapter=4.478224e-02 | residual_overlap=0.011023
[step   391750] t/d=783.500 | task1=2.642892e-01 | |m1|=0.996333 | m1²=0.992680 | ||w||²/d=1.079957 | eps_adapter=4.488953e-02 | residual_overlap=0.011007
[step   392000] t/d=784.000 | task1=2.642751e-01 | |m1|=0.996323 | m1²=0.992659 | ||w||²/d=1.079410 | eps_adapter=4.473300e-02 | residual_overlap=0.011004
[step   392250] t/d=784.500 | task1=2.643044e-01 | |m1|=0.996318 | m1²=0.992649 | ||w||²/d=1.079588 | eps_adapter=4.482209e-02 | residual_overlap=0.011013
[step   392500] t/d=785.000 | task1=2.643214e-01 | |m1|=0.996359 | m1²=0.992731 | ||w||²/d=1.080075 | eps_adapter=4.481425e-02 | residual_overlap=0.010997
[step   392750] t/d=785.500 | task1=2.642800e-01 | |m1|=0.996379 | m1²=0.992770 | ||w||²/d=1.080411 | eps_adapter=4.484824e-02 | residual_overlap=0.010983
[step   393000] t/d=786.000 | task1=2.642657e-01 | |m1|=0.996378 | m1²=0.992770 | ||w||²/d=1.080448 | eps_adapter=4.486419e-02 | residual_overlap=0.010992
[step   393250] t/d=786.500 | task1=2.643000e-01 | |m1|=0.996375 | m1²=0.992764 | ||w||²/d=1.080647 | eps_adapter=4.495227e-02 | residual_overlap=0.010984
[step   393500] t/d=787.000 | task1=2.642699e-01 | |m1|=0.996397 | m1²=0.992808 | ||w||²/d=1.081264 | eps_adapter=4.508362e-02 | residual_overlap=0.010966
[step   393750] t/d=787.500 | task1=2.642527e-01 | |m1|=0.996413 | m1²=0.992840 | ||w||²/d=1.081238 | eps_adapter=4.499902e-02 | residual_overlap=0.010956
[step   394000] t/d=788.000 | task1=2.641680e-01 | |m1|=0.996398 | m1²=0.992809 | ||w||²/d=1.081239 | eps_adapter=4.507166e-02 | residual_overlap=0.010956
[step   394250] t/d=788.500 | task1=2.641662e-01 | |m1|=0.996420 | m1²=0.992854 | ||w||²/d=1.081131 | eps_adapter=4.492620e-02 | residual_overlap=0.010949
[step   394500] t/d=789.000 | task1=2.641341e-01 | |m1|=0.996431 | m1²=0.992874 | ||w||²/d=1.080358 | eps_adapter=4.458611e-02 | residual_overlap=0.010977
[step   394750] t/d=789.500 | task1=2.641485e-01 | |m1|=0.996444 | m1²=0.992900 | ||w||²/d=1.079726 | eps_adapter=4.428897e-02 | residual_overlap=0.010973
[step   395000] t/d=790.000 | task1=2.641542e-01 | |m1|=0.996431 | m1²=0.992875 | ||w||²/d=1.079604 | eps_adapter=4.430139e-02 | residual_overlap=0.010968
[step   395250] t/d=790.500 | task1=2.641453e-01 | |m1|=0.996429 | m1²=0.992871 | ||w||²/d=1.079389 | eps_adapter=4.423048e-02 | residual_overlap=0.010982
[step   395500] t/d=791.000 | task1=2.641851e-01 | |m1|=0.996436 | m1²=0.992886 | ||w||²/d=1.079626 | eps_adapter=4.428452e-02 | residual_overlap=0.010952
[step   395750] t/d=791.500 | task1=2.641162e-01 | |m1|=0.996462 | m1²=0.992937 | ||w||²/d=1.079824 | eps_adapter=4.423794e-02 | residual_overlap=0.010931
[step   396000] t/d=792.000 | task1=2.641676e-01 | |m1|=0.996518 | m1²=0.993047 | ||w||²/d=1.080752 | eps_adapter=4.433060e-02 | residual_overlap=0.010873
[step   396250] t/d=792.500 | task1=2.641567e-01 | |m1|=0.996550 | m1²=0.993112 | ||w||²/d=1.082052 | eps_adapter=4.467123e-02 | residual_overlap=0.010820
[step   396500] t/d=793.000 | task1=2.641556e-01 | |m1|=0.996526 | m1²=0.993064 | ||w||²/d=1.081397 | eps_adapter=4.453555e-02 | residual_overlap=0.010834
[step   396750] t/d=793.500 | task1=2.641077e-01 | |m1|=0.996530 | m1²=0.993072 | ||w||²/d=1.082305 | eps_adapter=4.486235e-02 | residual_overlap=0.010825
[step   397000] t/d=794.000 | task1=2.640837e-01 | |m1|=0.996548 | m1²=0.993108 | ||w||²/d=1.081981 | eps_adapter=4.465320e-02 | residual_overlap=0.010803
[step   397250] t/d=794.500 | task1=2.640988e-01 | |m1|=0.996580 | m1²=0.993172 | ||w||²/d=1.082469 | eps_adapter=4.469108e-02 | residual_overlap=0.010784
[step   397500] t/d=795.000 | task1=2.640755e-01 | |m1|=0.996588 | m1²=0.993187 | ||w||²/d=1.082308 | eps_adapter=4.459328e-02 | residual_overlap=0.010780
[step   397750] t/d=795.500 | task1=2.640858e-01 | |m1|=0.996612 | m1²=0.993235 | ||w||²/d=1.083290 | eps_adapter=4.485562e-02 | residual_overlap=0.010764
[step   398000] t/d=796.000 | task1=2.640243e-01 | |m1|=0.996591 | m1²=0.993193 | ||w||²/d=1.082795 | eps_adapter=4.476419e-02 | residual_overlap=0.010767
[step   398250] t/d=796.500 | task1=2.640373e-01 | |m1|=0.996581 | m1²=0.993173 | ||w||²/d=1.083564 | eps_adapter=4.510564e-02 | residual_overlap=0.010761
[step   398500] t/d=797.000 | task1=2.640237e-01 | |m1|=0.996584 | m1²=0.993179 | ||w||²/d=1.082798 | eps_adapter=4.479949e-02 | residual_overlap=0.010777
[step   398750] t/d=797.500 | task1=2.639835e-01 | |m1|=0.996573 | m1²=0.993158 | ||w||²/d=1.082957 | eps_adapter=4.490987e-02 | residual_overlap=0.010804
[step   399000] t/d=798.000 | task1=2.639602e-01 | |m1|=0.996581 | m1²=0.993174 | ||w||²/d=1.082954 | eps_adapter=4.487082e-02 | residual_overlap=0.010769
[step   399250] t/d=798.500 | task1=2.639296e-01 | |m1|=0.996549 | m1²=0.993110 | ||w||²/d=1.082567 | eps_adapter=4.487285e-02 | residual_overlap=0.010807
[step   399500] t/d=799.000 | task1=2.639312e-01 | |m1|=0.996564 | m1²=0.993140 | ||w||²/d=1.083344 | eps_adapter=4.509831e-02 | residual_overlap=0.010779
[step   399750] t/d=799.500 | task1=2.639318e-01 | |m1|=0.996536 | m1²=0.993084 | ||w||²/d=1.083425 | eps_adapter=4.526227e-02 | residual_overlap=0.010795
[step   400000] t/d=800.000 | task1=2.639755e-01 | |m1|=0.996532 | m1²=0.993077 | ||w||²/d=1.083844 | eps_adapter=4.543920e-02 | residual_overlap=0.010787
[step   400250] t/d=800.500 | task1=2.639462e-01 | |m1|=0.996546 | m1²=0.993105 | ||w||²/d=1.083381 | eps_adapter=4.519605e-02 | residual_overlap=0.010787
[step   400500] t/d=801.000 | task1=2.639502e-01 | |m1|=0.996526 | m1²=0.993063 | ||w||²/d=1.084143 | eps_adapter=4.558604e-02 | residual_overlap=0.010821
[step   400750] t/d=801.500 | task1=2.639325e-01 | |m1|=0.996498 | m1²=0.993007 | ||w||²/d=1.084496 | eps_adapter=4.585301e-02 | residual_overlap=0.010868
[step   401000] t/d=802.000 | task1=2.638922e-01 | |m1|=0.996505 | m1²=0.993022 | ||w||²/d=1.084886 | eps_adapter=4.596891e-02 | residual_overlap=0.010882
[step   401250] t/d=802.500 | task1=2.639306e-01 | |m1|=0.996470 | m1²=0.992952 | ||w||²/d=1.085013 | eps_adapter=4.618184e-02 | residual_overlap=0.010905
[step   401500] t/d=803.000 | task1=2.639610e-01 | |m1|=0.996476 | m1²=0.992964 | ||w||²/d=1.084559 | eps_adapter=4.597819e-02 | residual_overlap=0.010899
[step   401750] t/d=803.500 | task1=2.639636e-01 | |m1|=0.996492 | m1²=0.992995 | ||w||²/d=1.084057 | eps_adapter=4.571155e-02 | residual_overlap=0.010891
[step   402000] t/d=804.000 | task1=2.639441e-01 | |m1|=0.996498 | m1²=0.993009 | ||w||²/d=1.083775 | eps_adapter=4.557110e-02 | residual_overlap=0.010901
[step   402250] t/d=804.500 | task1=2.640004e-01 | |m1|=0.996485 | m1²=0.992982 | ||w||²/d=1.084965 | eps_adapter=4.609278e-02 | residual_overlap=0.010913
[step   402500] t/d=805.000 | task1=2.639555e-01 | |m1|=0.996519 | m1²=0.993050 | ||w||²/d=1.085213 | eps_adapter=4.603042e-02 | residual_overlap=0.010893
[step   402750] t/d=805.500 | task1=2.640261e-01 | |m1|=0.996496 | m1²=0.993003 | ||w||²/d=1.085337 | eps_adapter=4.618722e-02 | residual_overlap=0.010931
[step   403000] t/d=806.000 | task1=2.640588e-01 | |m1|=0.996510 | m1²=0.993032 | ||w||²/d=1.084365 | eps_adapter=4.574426e-02 | residual_overlap=0.010895
[step   403250] t/d=806.500 | task1=2.640617e-01 | |m1|=0.996538 | m1²=0.993088 | ||w||²/d=1.084717 | eps_adapter=4.574981e-02 | residual_overlap=0.010880
[step   403500] t/d=807.000 | task1=2.640370e-01 | |m1|=0.996527 | m1²=0.993066 | ||w||²/d=1.084417 | eps_adapter=4.568577e-02 | residual_overlap=0.010900
[step   403750] t/d=807.500 | task1=2.640401e-01 | |m1|=0.996504 | m1²=0.993020 | ||w||²/d=1.084947 | eps_adapter=4.599788e-02 | residual_overlap=0.010901
[step   404000] t/d=808.000 | task1=2.640322e-01 | |m1|=0.996499 | m1²=0.993011 | ||w||²/d=1.084409 | eps_adapter=4.581099e-02 | residual_overlap=0.010921
[step   404250] t/d=808.500 | task1=2.639955e-01 | |m1|=0.996510 | m1²=0.993032 | ||w||²/d=1.083987 | eps_adapter=4.559821e-02 | residual_overlap=0.010928
[step   404500] t/d=809.000 | task1=2.639916e-01 | |m1|=0.996507 | m1²=0.993027 | ||w||²/d=1.083828 | eps_adapter=4.555038e-02 | residual_overlap=0.010905
[step   404750] t/d=809.500 | task1=2.639528e-01 | |m1|=0.996508 | m1²=0.993028 | ||w||²/d=1.084196 | eps_adapter=4.568798e-02 | residual_overlap=0.010923
[step   405000] t/d=810.000 | task1=2.639641e-01 | |m1|=0.996462 | m1²=0.992936 | ||w||²/d=1.083054 | eps_adapter=4.546507e-02 | residual_overlap=0.010979
[step   405250] t/d=810.500 | task1=2.640046e-01 | |m1|=0.996447 | m1²=0.992906 | ||w||²/d=1.083196 | eps_adapter=4.558958e-02 | residual_overlap=0.010977
[step   405500] t/d=811.000 | task1=2.640482e-01 | |m1|=0.996421 | m1²=0.992854 | ||w||²/d=1.083075 | eps_adapter=4.566469e-02 | residual_overlap=0.011009
[step   405750] t/d=811.500 | task1=2.640625e-01 | |m1|=0.996409 | m1²=0.992831 | ||w||²/d=1.084127 | eps_adapter=4.612399e-02 | residual_overlap=0.011021
[step   406000] t/d=812.000 | task1=2.640692e-01 | |m1|=0.996383 | m1²=0.992779 | ||w||²/d=1.084620 | eps_adapter=4.643532e-02 | residual_overlap=0.011065
[step   406250] t/d=812.500 | task1=2.640441e-01 | |m1|=0.996377 | m1²=0.992767 | ||w||²/d=1.084173 | eps_adapter=4.629140e-02 | residual_overlap=0.011080
[step   406500] t/d=813.000 | task1=2.640309e-01 | |m1|=0.996382 | m1²=0.992778 | ||w||²/d=1.083474 | eps_adapter=4.599721e-02 | residual_overlap=0.011068
[step   406750] t/d=813.500 | task1=2.640507e-01 | |m1|=0.996415 | m1²=0.992843 | ||w||²/d=1.084153 | eps_adapter=4.610547e-02 | residual_overlap=0.011029
[step   407000] t/d=814.000 | task1=2.640366e-01 | |m1|=0.996400 | m1²=0.992814 | ||w||²/d=1.084467 | eps_adapter=4.629495e-02 | residual_overlap=0.011048
[step   407250] t/d=814.500 | task1=2.639979e-01 | |m1|=0.996412 | m1²=0.992837 | ||w||²/d=1.084070 | eps_adapter=4.608700e-02 | residual_overlap=0.011033
[step   407500] t/d=815.000 | task1=2.639931e-01 | |m1|=0.996428 | m1²=0.992869 | ||w||²/d=1.083774 | eps_adapter=4.589770e-02 | residual_overlap=0.011023
[step   407750] t/d=815.500 | task1=2.639785e-01 | |m1|=0.996425 | m1²=0.992862 | ||w||²/d=1.084309 | eps_adapter=4.612086e-02 | residual_overlap=0.011023
[step   408000] t/d=816.000 | task1=2.639836e-01 | |m1|=0.996440 | m1²=0.992892 | ||w||²/d=1.085700 | eps_adapter=4.659052e-02 | residual_overlap=0.011008
[step   408250] t/d=816.500 | task1=2.639386e-01 | |m1|=0.996441 | m1²=0.992895 | ||w||²/d=1.085699 | eps_adapter=4.658145e-02 | residual_overlap=0.011011
[step   408500] t/d=817.000 | task1=2.639769e-01 | |m1|=0.996416 | m1²=0.992845 | ||w||²/d=1.086351 | eps_adapter=4.695424e-02 | residual_overlap=0.011044
[step   408750] t/d=817.500 | task1=2.639992e-01 | |m1|=0.996461 | m1²=0.992935 | ||w||²/d=1.086643 | eps_adapter=4.685765e-02 | residual_overlap=0.010988
[step   409000] t/d=818.000 | task1=2.639816e-01 | |m1|=0.996490 | m1²=0.992991 | ||w||²/d=1.086901 | eps_adapter=4.682519e-02 | residual_overlap=0.010943
[step   409250] t/d=818.500 | task1=2.640064e-01 | |m1|=0.996469 | m1²=0.992950 | ||w||²/d=1.085589 | eps_adapter=4.641142e-02 | residual_overlap=0.010953
[step   409500] t/d=819.000 | task1=2.640667e-01 | |m1|=0.996478 | m1²=0.992968 | ||w||²/d=1.084954 | eps_adapter=4.612226e-02 | residual_overlap=0.010946
[step   409750] t/d=819.500 | task1=2.640814e-01 | |m1|=0.996488 | m1²=0.992989 | ||w||²/d=1.085507 | eps_adapter=4.628796e-02 | residual_overlap=0.010929
[step   410000] t/d=820.000 | task1=2.640521e-01 | |m1|=0.996513 | m1²=0.993038 | ||w||²/d=1.086088 | eps_adapter=4.639915e-02 | residual_overlap=0.010925
[step   410250] t/d=820.500 | task1=2.640188e-01 | |m1|=0.996528 | m1²=0.993068 | ||w||²/d=1.086089 | eps_adapter=4.632856e-02 | residual_overlap=0.010918
[step   410500] t/d=821.000 | task1=2.640263e-01 | |m1|=0.996533 | m1²=0.993078 | ||w||²/d=1.086367 | eps_adapter=4.641266e-02 | residual_overlap=0.010898
[step   410750] t/d=821.500 | task1=2.640427e-01 | |m1|=0.996526 | m1²=0.993064 | ||w||²/d=1.086765 | eps_adapter=4.660232e-02 | residual_overlap=0.010884
[step   411000] t/d=822.000 | task1=2.640387e-01 | |m1|=0.996540 | m1²=0.993091 | ||w||²/d=1.086931 | eps_adapter=4.660241e-02 | residual_overlap=0.010875
[step   411250] t/d=822.500 | task1=2.640361e-01 | |m1|=0.996527 | m1²=0.993066 | ||w||²/d=1.086922 | eps_adapter=4.665868e-02 | residual_overlap=0.010886
[step   411500] t/d=823.000 | task1=2.640173e-01 | |m1|=0.996533 | m1²=0.993077 | ||w||²/d=1.087493 | eps_adapter=4.685569e-02 | residual_overlap=0.010898
[step   411750] t/d=823.500 | task1=2.640331e-01 | |m1|=0.996542 | m1²=0.993097 | ||w||²/d=1.086732 | eps_adapter=4.651251e-02 | residual_overlap=0.010882
[step   412000] t/d=824.000 | task1=2.640416e-01 | |m1|=0.996537 | m1²=0.993085 | ||w||²/d=1.085811 | eps_adapter=4.617990e-02 | residual_overlap=0.010894
[step   412250] t/d=824.500 | task1=2.640025e-01 | |m1|=0.996537 | m1²=0.993086 | ||w||²/d=1.084568 | eps_adapter=4.569659e-02 | residual_overlap=0.010894
[step   412500] t/d=825.000 | task1=2.640253e-01 | |m1|=0.996600 | m1²=0.993211 | ||w||²/d=1.085230 | eps_adapter=4.566007e-02 | residual_overlap=0.010803
[step   412750] t/d=825.500 | task1=2.640052e-01 | |m1|=0.996617 | m1²=0.993245 | ||w||²/d=1.084619 | eps_adapter=4.534265e-02 | residual_overlap=0.010780
[step   413000] t/d=826.000 | task1=2.640469e-01 | |m1|=0.996602 | m1²=0.993215 | ||w||²/d=1.084502 | eps_adapter=4.536912e-02 | residual_overlap=0.010773
[step   413250] t/d=826.500 | task1=2.640345e-01 | |m1|=0.996615 | m1²=0.993242 | ||w||²/d=1.083678 | eps_adapter=4.498860e-02 | residual_overlap=0.010771
[step   413500] t/d=827.000 | task1=2.640081e-01 | |m1|=0.996608 | m1²=0.993227 | ||w||²/d=1.083029 | eps_adapter=4.477546e-02 | residual_overlap=0.010808
[step   413750] t/d=827.500 | task1=2.640848e-01 | |m1|=0.996592 | m1²=0.993196 | ||w||²/d=1.084183 | eps_adapter=4.529054e-02 | residual_overlap=0.010825
[step   414000] t/d=828.000 | task1=2.640956e-01 | |m1|=0.996647 | m1²=0.993305 | ||w||²/d=1.084506 | eps_adapter=4.515994e-02 | residual_overlap=0.010773
[step   414250] t/d=828.500 | task1=2.641083e-01 | |m1|=0.996627 | m1²=0.993265 | ||w||²/d=1.085188 | eps_adapter=4.551686e-02 | residual_overlap=0.010779
[step   414500] t/d=829.000 | task1=2.641277e-01 | |m1|=0.996612 | m1²=0.993235 | ||w||²/d=1.085363 | eps_adapter=4.565523e-02 | residual_overlap=0.010798
[step   414750] t/d=829.500 | task1=2.641327e-01 | |m1|=0.996612 | m1²=0.993236 | ||w||²/d=1.084632 | eps_adapter=4.536867e-02 | residual_overlap=0.010784
[step   415000] t/d=830.000 | task1=2.641078e-01 | |m1|=0.996623 | m1²=0.993258 | ||w||²/d=1.084438 | eps_adapter=4.524371e-02 | residual_overlap=0.010778
[step   415250] t/d=830.500 | task1=2.640676e-01 | |m1|=0.996594 | m1²=0.993200 | ||w||²/d=1.084957 | eps_adapter=4.557829e-02 | residual_overlap=0.010823
[step   415500] t/d=831.000 | task1=2.640724e-01 | |m1|=0.996601 | m1²=0.993213 | ||w||²/d=1.085825 | eps_adapter=4.588468e-02 | residual_overlap=0.010824
[step   415750] t/d=831.500 | task1=2.640334e-01 | |m1|=0.996633 | m1²=0.993278 | ||w||²/d=1.086311 | eps_adapter=4.592235e-02 | residual_overlap=0.010765
[step   416000] t/d=832.000 | task1=2.640117e-01 | |m1|=0.996641 | m1²=0.993293 | ||w||²/d=1.086733 | eps_adapter=4.605130e-02 | residual_overlap=0.010760
[step   416250] t/d=832.500 | task1=2.640211e-01 | |m1|=0.996628 | m1²=0.993267 | ||w||²/d=1.087104 | eps_adapter=4.625704e-02 | residual_overlap=0.010796
[step   416500] t/d=833.000 | task1=2.639935e-01 | |m1|=0.996666 | m1²=0.993344 | ||w||²/d=1.087588 | eps_adapter=4.626717e-02 | residual_overlap=0.010760
[step   416750] t/d=833.500 | task1=2.640607e-01 | |m1|=0.996666 | m1²=0.993343 | ||w||²/d=1.088669 | eps_adapter=4.669436e-02 | residual_overlap=0.010777
[step   417000] t/d=834.000 | task1=2.640926e-01 | |m1|=0.996647 | m1²=0.993305 | ||w||²/d=1.088648 | eps_adapter=4.677558e-02 | residual_overlap=0.010794
[step   417250] t/d=834.500 | task1=2.640389e-01 | |m1|=0.996666 | m1²=0.993343 | ||w||²/d=1.088443 | eps_adapter=4.660560e-02 | residual_overlap=0.010765
[step   417500] t/d=835.000 | task1=2.640404e-01 | |m1|=0.996657 | m1²=0.993325 | ||w||²/d=1.088416 | eps_adapter=4.663759e-02 | residual_overlap=0.010781
[step   417750] t/d=835.500 | task1=2.640730e-01 | |m1|=0.996648 | m1²=0.993307 | ||w||²/d=1.088434 | eps_adapter=4.668583e-02 | residual_overlap=0.010797
[step   418000] t/d=836.000 | task1=2.640677e-01 | |m1|=0.996662 | m1²=0.993335 | ||w||²/d=1.087848 | eps_adapter=4.639079e-02 | residual_overlap=0.010784
[step   418250] t/d=836.500 | task1=2.640426e-01 | |m1|=0.996655 | m1²=0.993322 | ||w||²/d=1.087741 | eps_adapter=4.637832e-02 | residual_overlap=0.010822
[step   418500] t/d=837.000 | task1=2.640096e-01 | |m1|=0.996637 | m1²=0.993285 | ||w||²/d=1.087305 | eps_adapter=4.629329e-02 | residual_overlap=0.010851
[step   418750] t/d=837.500 | task1=2.639856e-01 | |m1|=0.996638 | m1²=0.993287 | ||w||²/d=1.087143 | eps_adapter=4.622522e-02 | residual_overlap=0.010855
[step   419000] t/d=838.000 | task1=2.639850e-01 | |m1|=0.996653 | m1²=0.993317 | ||w||²/d=1.086224 | eps_adapter=4.579654e-02 | residual_overlap=0.010818
[step   419250] t/d=838.500 | task1=2.639766e-01 | |m1|=0.996653 | m1²=0.993317 | ||w||²/d=1.086602 | eps_adapter=4.594303e-02 | residual_overlap=0.010799
[step   419500] t/d=839.000 | task1=2.639463e-01 | |m1|=0.996659 | m1²=0.993329 | ||w||²/d=1.087349 | eps_adapter=4.620741e-02 | residual_overlap=0.010814
[step   419750] t/d=839.500 | task1=2.639609e-01 | |m1|=0.996625 | m1²=0.993261 | ||w||²/d=1.086310 | eps_adapter=4.596249e-02 | residual_overlap=0.010840
[step   420000] t/d=840.000 | task1=2.639827e-01 | |m1|=0.996610 | m1²=0.993231 | ||w||²/d=1.085416 | eps_adapter=4.568477e-02 | residual_overlap=0.010850
[step   420250] t/d=840.500 | task1=2.640412e-01 | |m1|=0.996592 | m1²=0.993195 | ||w||²/d=1.084957 | eps_adapter=4.559122e-02 | residual_overlap=0.010868
[step   420500] t/d=841.000 | task1=2.640324e-01 | |m1|=0.996555 | m1²=0.993122 | ||w||²/d=1.084833 | eps_adapter=4.571476e-02 | residual_overlap=0.010912
[step   420750] t/d=841.500 | task1=2.640627e-01 | |m1|=0.996521 | m1²=0.993055 | ||w||²/d=1.085775 | eps_adapter=4.623753e-02 | residual_overlap=0.010914
[step   421000] t/d=842.000 | task1=2.640678e-01 | |m1|=0.996490 | m1²=0.992993 | ||w||²/d=1.085168 | eps_adapter=4.614732e-02 | residual_overlap=0.010946
[step   421250] t/d=842.500 | task1=2.639728e-01 | |m1|=0.996500 | m1²=0.993013 | ||w||²/d=1.085198 | eps_adapter=4.611079e-02 | residual_overlap=0.010933
[step   421500] t/d=843.000 | task1=2.639756e-01 | |m1|=0.996514 | m1²=0.993040 | ||w||²/d=1.085168 | eps_adapter=4.603661e-02 | residual_overlap=0.010936
[step   421750] t/d=843.500 | task1=2.639533e-01 | |m1|=0.996486 | m1²=0.992984 | ||w||²/d=1.085733 | eps_adapter=4.638673e-02 | residual_overlap=0.010963
[step   422000] t/d=844.000 | task1=2.639417e-01 | |m1|=0.996480 | m1²=0.992972 | ||w||²/d=1.085723 | eps_adapter=4.641063e-02 | residual_overlap=0.010980
[step   422250] t/d=844.500 | task1=2.639083e-01 | |m1|=0.996514 | m1²=0.993040 | ||w||²/d=1.085351 | eps_adapter=4.610619e-02 | residual_overlap=0.010950
[step   422500] t/d=845.000 | task1=2.639407e-01 | |m1|=0.996521 | m1²=0.993053 | ||w||²/d=1.085821 | eps_adapter=4.625788e-02 | residual_overlap=0.010951
[step   422750] t/d=845.500 | task1=2.639218e-01 | |m1|=0.996535 | m1²=0.993082 | ||w||²/d=1.085305 | eps_adapter=4.599010e-02 | residual_overlap=0.010933
[step   423000] t/d=846.000 | task1=2.639334e-01 | |m1|=0.996573 | m1²=0.993157 | ||w||²/d=1.085756 | eps_adapter=4.599028e-02 | residual_overlap=0.010897
[step   423250] t/d=846.500 | task1=2.639257e-01 | |m1|=0.996599 | m1²=0.993210 | ||w||²/d=1.084710 | eps_adapter=4.545998e-02 | residual_overlap=0.010870
[step   423500] t/d=847.000 | task1=2.639201e-01 | |m1|=0.996611 | m1²=0.993233 | ||w||²/d=1.084788 | eps_adapter=4.543710e-02 | residual_overlap=0.010854
[step   423750] t/d=847.500 | task1=2.638670e-01 | |m1|=0.996634 | m1²=0.993280 | ||w||²/d=1.085477 | eps_adapter=4.559412e-02 | residual_overlap=0.010854
[step   424000] t/d=848.000 | task1=2.638174e-01 | |m1|=0.996626 | m1²=0.993263 | ||w||²/d=1.086192 | eps_adapter=4.590964e-02 | residual_overlap=0.010877
[step   424250] t/d=848.500 | task1=2.638547e-01 | |m1|=0.996640 | m1²=0.993291 | ||w||²/d=1.086012 | eps_adapter=4.577516e-02 | residual_overlap=0.010862
[step   424500] t/d=849.000 | task1=2.638983e-01 | |m1|=0.996634 | m1²=0.993280 | ||w||²/d=1.085843 | eps_adapter=4.573605e-02 | residual_overlap=0.010881
[step   424750] t/d=849.500 | task1=2.639413e-01 | |m1|=0.996667 | m1²=0.993345 | ||w||²/d=1.085980 | eps_adapter=4.563582e-02 | residual_overlap=0.010874
[step   425000] t/d=850.000 | task1=2.639371e-01 | |m1|=0.996666 | m1²=0.993344 | ||w||²/d=1.086630 | eps_adapter=4.589227e-02 | residual_overlap=0.010885
[step   425250] t/d=850.500 | task1=2.639703e-01 | |m1|=0.996710 | m1²=0.993431 | ||w||²/d=1.086807 | eps_adapter=4.575514e-02 | residual_overlap=0.010836
[step   425500] t/d=851.000 | task1=2.639697e-01 | |m1|=0.996715 | m1²=0.993440 | ||w||²/d=1.086196 | eps_adapter=4.549743e-02 | residual_overlap=0.010827
[step   425750] t/d=851.500 | task1=2.639201e-01 | |m1|=0.996675 | m1²=0.993362 | ||w||²/d=1.086011 | eps_adapter=4.560878e-02 | residual_overlap=0.010866
[step   426000] t/d=852.000 | task1=2.638808e-01 | |m1|=0.996657 | m1²=0.993325 | ||w||²/d=1.085969 | eps_adapter=4.567904e-02 | residual_overlap=0.010878
[step   426250] t/d=852.500 | task1=2.639572e-01 | |m1|=0.996679 | m1²=0.993370 | ||w||²/d=1.086133 | eps_adapter=4.563722e-02 | residual_overlap=0.010859
[step   426500] t/d=853.000 | task1=2.640213e-01 | |m1|=0.996691 | m1²=0.993392 | ||w||²/d=1.085872 | eps_adapter=4.548314e-02 | residual_overlap=0.010847
[step   426750] t/d=853.500 | task1=2.640226e-01 | |m1|=0.996723 | m1²=0.993457 | ||w||²/d=1.085499 | eps_adapter=4.518722e-02 | residual_overlap=0.010797
[step   427000] t/d=854.000 | task1=2.639811e-01 | |m1|=0.996739 | m1²=0.993488 | ||w||²/d=1.085206 | eps_adapter=4.499965e-02 | residual_overlap=0.010771
[step   427250] t/d=854.500 | task1=2.639886e-01 | |m1|=0.996727 | m1²=0.993466 | ||w||²/d=1.084631 | eps_adapter=4.483113e-02 | residual_overlap=0.010805
[step   427500] t/d=855.000 | task1=2.639229e-01 | |m1|=0.996744 | m1²=0.993498 | ||w||²/d=1.085041 | eps_adapter=4.491279e-02 | residual_overlap=0.010802
[step   427750] t/d=855.500 | task1=2.639800e-01 | |m1|=0.996766 | m1²=0.993542 | ||w||²/d=1.084572 | eps_adapter=4.462989e-02 | residual_overlap=0.010776
[step   428000] t/d=856.000 | task1=2.639190e-01 | |m1|=0.996804 | m1²=0.993618 | ||w||²/d=1.085523 | eps_adapter=4.481735e-02 | residual_overlap=0.010736
[step   428250] t/d=856.500 | task1=2.639325e-01 | |m1|=0.996791 | m1²=0.993593 | ||w||²/d=1.086066 | eps_adapter=4.508714e-02 | residual_overlap=0.010775
[step   428500] t/d=857.000 | task1=2.639620e-01 | |m1|=0.996800 | m1²=0.993610 | ||w||²/d=1.086721 | eps_adapter=4.530286e-02 | residual_overlap=0.010765
[step   428750] t/d=857.500 | task1=2.639550e-01 | |m1|=0.996811 | m1²=0.993633 | ||w||²/d=1.086468 | eps_adapter=4.515037e-02 | residual_overlap=0.010755
[step   429000] t/d=858.000 | task1=2.639806e-01 | |m1|=0.996792 | m1²=0.993595 | ||w||²/d=1.086377 | eps_adapter=4.520409e-02 | residual_overlap=0.010779
[step   429250] t/d=858.500 | task1=2.640102e-01 | |m1|=0.996775 | m1²=0.993560 | ||w||²/d=1.086764 | eps_adapter=4.543550e-02 | residual_overlap=0.010815
[step   429500] t/d=859.000 | task1=2.639887e-01 | |m1|=0.996815 | m1²=0.993640 | ||w||²/d=1.086760 | eps_adapter=4.524796e-02 | residual_overlap=0.010770
[step   429750] t/d=859.500 | task1=2.640033e-01 | |m1|=0.996801 | m1²=0.993612 | ||w||²/d=1.086225 | eps_adapter=4.510481e-02 | residual_overlap=0.010769
[step   430000] t/d=860.000 | task1=2.640608e-01 | |m1|=0.996795 | m1²=0.993600 | ||w||²/d=1.086496 | eps_adapter=4.523772e-02 | residual_overlap=0.010786
[step   430250] t/d=860.500 | task1=2.640987e-01 | |m1|=0.996803 | m1²=0.993617 | ||w||²/d=1.086664 | eps_adapter=4.526346e-02 | residual_overlap=0.010771
[step   430500] t/d=861.000 | task1=2.641005e-01 | |m1|=0.996816 | m1²=0.993642 | ||w||²/d=1.086867 | eps_adapter=4.528364e-02 | residual_overlap=0.010758
[step   430750] t/d=861.500 | task1=2.641310e-01 | |m1|=0.996788 | m1²=0.993585 | ||w||²/d=1.087708 | eps_adapter=4.574607e-02 | residual_overlap=0.010762
[step   431000] t/d=862.000 | task1=2.641456e-01 | |m1|=0.996766 | m1²=0.993543 | ||w||²/d=1.087340 | eps_adapter=4.570139e-02 | residual_overlap=0.010781
[step   431250] t/d=862.500 | task1=2.641733e-01 | |m1|=0.996724 | m1²=0.993460 | ||w||²/d=1.088537 | eps_adapter=4.636777e-02 | residual_overlap=0.010816
[step   431500] t/d=863.000 | task1=2.641374e-01 | |m1|=0.996742 | m1²=0.993495 | ||w||²/d=1.087955 | eps_adapter=4.605576e-02 | residual_overlap=0.010790
[step   431750] t/d=863.500 | task1=2.641333e-01 | |m1|=0.996773 | m1²=0.993556 | ||w||²/d=1.087484 | eps_adapter=4.572707e-02 | residual_overlap=0.010776
[step   432000] t/d=864.000 | task1=2.641537e-01 | |m1|=0.996790 | m1²=0.993591 | ||w||²/d=1.086908 | eps_adapter=4.542000e-02 | residual_overlap=0.010746
[step   432250] t/d=864.500 | task1=2.641132e-01 | |m1|=0.996834 | m1²=0.993678 | ||w||²/d=1.087810 | eps_adapter=4.556888e-02 | residual_overlap=0.010691
[step   432500] t/d=865.000 | task1=2.641244e-01 | |m1|=0.996792 | m1²=0.993594 | ||w||²/d=1.086501 | eps_adapter=4.525490e-02 | residual_overlap=0.010702
[step   432750] t/d=865.500 | task1=2.641080e-01 | |m1|=0.996807 | m1²=0.993624 | ||w||²/d=1.086444 | eps_adapter=4.516124e-02 | residual_overlap=0.010689
[step   433000] t/d=866.000 | task1=2.641778e-01 | |m1|=0.996793 | m1²=0.993596 | ||w||²/d=1.086148 | eps_adapter=4.511143e-02 | residual_overlap=0.010698
[step   433250] t/d=866.500 | task1=2.642262e-01 | |m1|=0.996765 | m1²=0.993541 | ||w||²/d=1.086484 | eps_adapter=4.537230e-02 | residual_overlap=0.010738
[step   433500] t/d=867.000 | task1=2.642230e-01 | |m1|=0.996786 | m1²=0.993582 | ||w||²/d=1.086080 | eps_adapter=4.511907e-02 | residual_overlap=0.010706
[step   433750] t/d=867.500 | task1=2.641681e-01 | |m1|=0.996780 | m1²=0.993570 | ||w||²/d=1.085147 | eps_adapter=4.478509e-02 | residual_overlap=0.010718
[step   434000] t/d=868.000 | task1=2.642434e-01 | |m1|=0.996795 | m1²=0.993599 | ||w||²/d=1.085299 | eps_adapter=4.477525e-02 | residual_overlap=0.010712
[step   434250] t/d=868.500 | task1=2.643117e-01 | |m1|=0.996797 | m1²=0.993604 | ||w||²/d=1.085847 | eps_adapter=4.497735e-02 | residual_overlap=0.010717
[step   434500] t/d=869.000 | task1=2.642962e-01 | |m1|=0.996786 | m1²=0.993582 | ||w||²/d=1.085798 | eps_adapter=4.500905e-02 | residual_overlap=0.010735
[step   434750] t/d=869.500 | task1=2.642950e-01 | |m1|=0.996730 | m1²=0.993470 | ||w||²/d=1.085728 | eps_adapter=4.524389e-02 | residual_overlap=0.010782
[step   435000] t/d=870.000 | task1=2.642764e-01 | |m1|=0.996720 | m1²=0.993450 | ||w||²/d=1.084751 | eps_adapter=4.491405e-02 | residual_overlap=0.010777
[step   435250] t/d=870.500 | task1=2.642855e-01 | |m1|=0.996731 | m1²=0.993473 | ||w||²/d=1.084693 | eps_adapter=4.483742e-02 | residual_overlap=0.010755
[step   435500] t/d=871.000 | task1=2.642658e-01 | |m1|=0.996709 | m1²=0.993429 | ||w||²/d=1.085400 | eps_adapter=4.521493e-02 | residual_overlap=0.010785
[step   435750] t/d=871.500 | task1=2.642727e-01 | |m1|=0.996708 | m1²=0.993426 | ||w||²/d=1.086006 | eps_adapter=4.545587e-02 | residual_overlap=0.010800
[step   436000] t/d=872.000 | task1=2.642165e-01 | |m1|=0.996690 | m1²=0.993391 | ||w||²/d=1.084915 | eps_adapter=4.511576e-02 | residual_overlap=0.010819
[step   436250] t/d=872.500 | task1=2.642511e-01 | |m1|=0.996657 | m1²=0.993325 | ||w||²/d=1.084364 | eps_adapter=4.505817e-02 | residual_overlap=0.010856
[step   436500] t/d=873.000 | task1=2.642814e-01 | |m1|=0.996665 | m1²=0.993340 | ||w||²/d=1.083768 | eps_adapter=4.479240e-02 | residual_overlap=0.010852
[step   436750] t/d=873.500 | task1=2.643011e-01 | |m1|=0.996653 | m1²=0.993317 | ||w||²/d=1.083911 | eps_adapter=4.490203e-02 | residual_overlap=0.010869
[step   437000] t/d=874.000 | task1=2.642792e-01 | |m1|=0.996661 | m1²=0.993333 | ||w||²/d=1.083737 | eps_adapter=4.479765e-02 | residual_overlap=0.010858
[step   437250] t/d=874.500 | task1=2.642638e-01 | |m1|=0.996689 | m1²=0.993389 | ||w||²/d=1.084769 | eps_adapter=4.506469e-02 | residual_overlap=0.010818
[step   437500] t/d=875.000 | task1=2.643147e-01 | |m1|=0.996664 | m1²=0.993338 | ||w||²/d=1.083821 | eps_adapter=4.481814e-02 | residual_overlap=0.010866
[step   437750] t/d=875.500 | task1=2.643488e-01 | |m1|=0.996643 | m1²=0.993296 | ||w||²/d=1.084050 | eps_adapter=4.500373e-02 | residual_overlap=0.010903
[step   438000] t/d=876.000 | task1=2.643488e-01 | |m1|=0.996647 | m1²=0.993304 | ||w||²/d=1.083079 | eps_adapter=4.461325e-02 | residual_overlap=0.010905
[step   438250] t/d=876.500 | task1=2.643611e-01 | |m1|=0.996613 | m1²=0.993238 | ||w||²/d=1.084049 | eps_adapter=4.514102e-02 | residual_overlap=0.010944
[step   438500] t/d=877.000 | task1=2.643960e-01 | |m1|=0.996616 | m1²=0.993244 | ||w||²/d=1.083195 | eps_adapter=4.479863e-02 | residual_overlap=0.010945
[step   438750] t/d=877.500 | task1=2.643776e-01 | |m1|=0.996626 | m1²=0.993263 | ||w||²/d=1.082437 | eps_adapter=4.446445e-02 | residual_overlap=0.010947
[step   439000] t/d=878.000 | task1=2.644058e-01 | |m1|=0.996621 | m1²=0.993253 | ||w||²/d=1.083242 | eps_adapter=4.479613e-02 | residual_overlap=0.010956
[step   439250] t/d=878.500 | task1=2.644617e-01 | |m1|=0.996595 | m1²=0.993201 | ||w||²/d=1.083882 | eps_adapter=4.516197e-02 | residual_overlap=0.010976
[step   439500] t/d=879.000 | task1=2.644754e-01 | |m1|=0.996611 | m1²=0.993233 | ||w||²/d=1.084647 | eps_adapter=4.538280e-02 | residual_overlap=0.010958
[step   439750] t/d=879.500 | task1=2.644370e-01 | |m1|=0.996578 | m1²=0.993167 | ||w||²/d=1.083698 | eps_adapter=4.517196e-02 | residual_overlap=0.011016
[step   440000] t/d=880.000 | task1=2.644123e-01 | |m1|=0.996570 | m1²=0.993152 | ||w||²/d=1.083454 | eps_adapter=4.511364e-02 | residual_overlap=0.011020
[step   440250] t/d=880.500 | task1=2.643885e-01 | |m1|=0.996558 | m1²=0.993128 | ||w||²/d=1.082735 | eps_adapter=4.489461e-02 | residual_overlap=0.011056
[step   440500] t/d=881.000 | task1=2.644107e-01 | |m1|=0.996534 | m1²=0.993081 | ||w||²/d=1.082260 | eps_adapter=4.482352e-02 | residual_overlap=0.011092
[step   440750] t/d=881.500 | task1=2.644583e-01 | |m1|=0.996511 | m1²=0.993035 | ||w||²/d=1.082898 | eps_adapter=4.517493e-02 | residual_overlap=0.011088
[step   441000] t/d=882.000 | task1=2.644692e-01 | |m1|=0.996489 | m1²=0.992990 | ||w||²/d=1.083009 | eps_adapter=4.532166e-02 | residual_overlap=0.011121
[step   441250] t/d=882.500 | task1=2.645151e-01 | |m1|=0.996499 | m1²=0.993010 | ||w||²/d=1.082680 | eps_adapter=4.514999e-02 | residual_overlap=0.011095
[step   441500] t/d=883.000 | task1=2.644630e-01 | |m1|=0.996513 | m1²=0.993038 | ||w||²/d=1.082638 | eps_adapter=4.506715e-02 | residual_overlap=0.011090
[step   441750] t/d=883.500 | task1=2.644844e-01 | |m1|=0.996511 | m1²=0.993035 | ||w||²/d=1.082344 | eps_adapter=4.496256e-02 | residual_overlap=0.011089
[step   442000] t/d=884.000 | task1=2.645438e-01 | |m1|=0.996528 | m1²=0.993068 | ||w||²/d=1.082594 | eps_adapter=4.498108e-02 | residual_overlap=0.011068
[step   442250] t/d=884.500 | task1=2.645211e-01 | |m1|=0.996507 | m1²=0.993026 | ||w||²/d=1.082859 | eps_adapter=4.517996e-02 | residual_overlap=0.011076
[step   442500] t/d=885.000 | task1=2.644940e-01 | |m1|=0.996456 | m1²=0.992925 | ||w||²/d=1.082977 | eps_adapter=4.546130e-02 | residual_overlap=0.011150
[step   442750] t/d=885.500 | task1=2.644964e-01 | |m1|=0.996448 | m1²=0.992909 | ||w||²/d=1.083434 | eps_adapter=4.567430e-02 | residual_overlap=0.011149
[step   443000] t/d=886.000 | task1=2.644935e-01 | |m1|=0.996482 | m1²=0.992977 | ||w||²/d=1.083873 | eps_adapter=4.568449e-02 | residual_overlap=0.011116
[step   443250] t/d=886.500 | task1=2.645049e-01 | |m1|=0.996489 | m1²=0.992991 | ||w||²/d=1.084472 | eps_adapter=4.588259e-02 | residual_overlap=0.011107
[step   443500] t/d=887.000 | task1=2.644871e-01 | |m1|=0.996463 | m1²=0.992938 | ||w||²/d=1.084086 | eps_adapter=4.585717e-02 | residual_overlap=0.011126
[step   443750] t/d=887.500 | task1=2.644408e-01 | |m1|=0.996472 | m1²=0.992957 | ||w||²/d=1.084537 | eps_adapter=4.598586e-02 | residual_overlap=0.011104
[step   444000] t/d=888.000 | task1=2.643771e-01 | |m1|=0.996477 | m1²=0.992966 | ||w||²/d=1.085119 | eps_adapter=4.619176e-02 | residual_overlap=0.011110
[step   444250] t/d=888.500 | task1=2.644255e-01 | |m1|=0.996481 | m1²=0.992975 | ||w||²/d=1.085073 | eps_adapter=4.615294e-02 | residual_overlap=0.011107
[step   444500] t/d=889.000 | task1=2.644178e-01 | |m1|=0.996502 | m1²=0.993016 | ||w||²/d=1.085948 | eps_adapter=4.639428e-02 | residual_overlap=0.011087
[step   444750] t/d=889.500 | task1=2.644088e-01 | |m1|=0.996530 | m1²=0.993071 | ||w||²/d=1.085550 | eps_adapter=4.611061e-02 | residual_overlap=0.011063
[step   445000] t/d=890.000 | task1=2.643741e-01 | |m1|=0.996569 | m1²=0.993149 | ||w||²/d=1.085295 | eps_adapter=4.582924e-02 | residual_overlap=0.011030
[step   445250] t/d=890.500 | task1=2.643756e-01 | |m1|=0.996556 | m1²=0.993125 | ||w||²/d=1.085237 | eps_adapter=4.586392e-02 | residual_overlap=0.011034
[step   445500] t/d=891.000 | task1=2.643675e-01 | |m1|=0.996547 | m1²=0.993105 | ||w||²/d=1.085334 | eps_adapter=4.594815e-02 | residual_overlap=0.011041
[step   445750] t/d=891.500 | task1=2.643642e-01 | |m1|=0.996528 | m1²=0.993069 | ||w||²/d=1.084111 | eps_adapter=4.556075e-02 | residual_overlap=0.011056
[step   446000] t/d=892.000 | task1=2.643990e-01 | |m1|=0.996517 | m1²=0.993045 | ||w||²/d=1.084320 | eps_adapter=4.569584e-02 | residual_overlap=0.011048
[step   446250] t/d=892.500 | task1=2.643467e-01 | |m1|=0.996538 | m1²=0.993088 | ||w||²/d=1.083881 | eps_adapter=4.542755e-02 | residual_overlap=0.011017
[step   446500] t/d=893.000 | task1=2.642925e-01 | |m1|=0.996549 | m1²=0.993110 | ||w||²/d=1.085402 | eps_adapter=4.596385e-02 | residual_overlap=0.011007
[step   446750] t/d=893.500 | task1=2.642906e-01 | |m1|=0.996554 | m1²=0.993120 | ||w||²/d=1.085038 | eps_adapter=4.579947e-02 | residual_overlap=0.011004
[step   447000] t/d=894.000 | task1=2.642736e-01 | |m1|=0.996551 | m1²=0.993114 | ||w||²/d=1.085204 | eps_adapter=4.587713e-02 | residual_overlap=0.011007
[step   447250] t/d=894.500 | task1=2.642509e-01 | |m1|=0.996549 | m1²=0.993110 | ||w||²/d=1.084752 | eps_adapter=4.571046e-02 | residual_overlap=0.011002
[step   447500] t/d=895.000 | task1=2.642622e-01 | |m1|=0.996524 | m1²=0.993060 | ||w||²/d=1.084999 | eps_adapter=4.592310e-02 | residual_overlap=0.011041
[step   447750] t/d=895.500 | task1=2.642176e-01 | |m1|=0.996550 | m1²=0.993112 | ||w||²/d=1.085224 | eps_adapter=4.588965e-02 | residual_overlap=0.011016
[step   448000] t/d=896.000 | task1=2.642360e-01 | |m1|=0.996589 | m1²=0.993189 | ||w||²/d=1.083763 | eps_adapter=4.514416e-02 | residual_overlap=0.010992
[step   448250] t/d=896.500 | task1=2.642240e-01 | |m1|=0.996575 | m1²=0.993163 | ||w||²/d=1.084329 | eps_adapter=4.542430e-02 | residual_overlap=0.011002
[step   448500] t/d=897.000 | task1=2.642202e-01 | |m1|=0.996579 | m1²=0.993170 | ||w||²/d=1.085045 | eps_adapter=4.568280e-02 | residual_overlap=0.010997
[step   448750] t/d=897.500 | task1=2.642400e-01 | |m1|=0.996572 | m1²=0.993156 | ||w||²/d=1.085358 | eps_adapter=4.583815e-02 | residual_overlap=0.011020
[step   449000] t/d=898.000 | task1=2.642264e-01 | |m1|=0.996595 | m1²=0.993202 | ||w||²/d=1.085203 | eps_adapter=4.566908e-02 | residual_overlap=0.011021
[step   449250] t/d=898.500 | task1=2.642437e-01 | |m1|=0.996603 | m1²=0.993217 | ||w||²/d=1.084765 | eps_adapter=4.546471e-02 | residual_overlap=0.011020
[step   449500] t/d=899.000 | task1=2.642312e-01 | |m1|=0.996635 | m1²=0.993281 | ||w||²/d=1.085443 | eps_adapter=4.557823e-02 | residual_overlap=0.010967
[step   449750] t/d=899.500 | task1=2.641965e-01 | |m1|=0.996644 | m1²=0.993299 | ||w||²/d=1.085339 | eps_adapter=4.549563e-02 | residual_overlap=0.010957
[step   450000] t/d=900.000 | task1=2.642590e-01 | |m1|=0.996632 | m1²=0.993275 | ||w||²/d=1.085473 | eps_adapter=4.560236e-02 | residual_overlap=0.010940
[step   450250] t/d=900.500 | task1=2.642477e-01 | |m1|=0.996644 | m1²=0.993300 | ||w||²/d=1.084940 | eps_adapter=4.533795e-02 | residual_overlap=0.010934
[step   450500] t/d=901.000 | task1=2.642751e-01 | |m1|=0.996628 | m1²=0.993268 | ||w||²/d=1.083623 | eps_adapter=4.490650e-02 | residual_overlap=0.010946
[step   450750] t/d=901.500 | task1=2.643164e-01 | |m1|=0.996651 | m1²=0.993314 | ||w||²/d=1.083571 | eps_adapter=4.477881e-02 | residual_overlap=0.010906
[step   451000] t/d=902.000 | task1=2.643335e-01 | |m1|=0.996680 | m1²=0.993371 | ||w||²/d=1.083857 | eps_adapter=4.475602e-02 | residual_overlap=0.010898
[step   451250] t/d=902.500 | task1=2.643056e-01 | |m1|=0.996689 | m1²=0.993389 | ||w||²/d=1.083928 | eps_adapter=4.473972e-02 | residual_overlap=0.010884
[step   451500] t/d=903.000 | task1=2.643563e-01 | |m1|=0.996670 | m1²=0.993350 | ||w||²/d=1.083791 | eps_adapter=4.477823e-02 | residual_overlap=0.010887
[step   451750] t/d=903.500 | task1=2.643745e-01 | |m1|=0.996676 | m1²=0.993364 | ||w||²/d=1.083977 | eps_adapter=4.481819e-02 | residual_overlap=0.010862
[step   452000] t/d=904.000 | task1=2.642817e-01 | |m1|=0.996680 | m1²=0.993372 | ||w||²/d=1.083964 | eps_adapter=4.479461e-02 | residual_overlap=0.010881
[step   452250] t/d=904.500 | task1=2.642424e-01 | |m1|=0.996638 | m1²=0.993286 | ||w||²/d=1.084879 | eps_adapter=4.534681e-02 | residual_overlap=0.010927
[step   452500] t/d=905.000 | task1=2.642426e-01 | |m1|=0.996649 | m1²=0.993308 | ||w||²/d=1.084499 | eps_adapter=4.514861e-02 | residual_overlap=0.010933
[step   452750] t/d=905.500 | task1=2.642348e-01 | |m1|=0.996654 | m1²=0.993320 | ||w||²/d=1.084891 | eps_adapter=4.527232e-02 | residual_overlap=0.010900
[step   453000] t/d=906.000 | task1=2.642478e-01 | |m1|=0.996649 | m1²=0.993309 | ||w||²/d=1.085127 | eps_adapter=4.539053e-02 | residual_overlap=0.010900
[step   453250] t/d=906.500 | task1=2.642393e-01 | |m1|=0.996647 | m1²=0.993305 | ||w||²/d=1.084866 | eps_adapter=4.529733e-02 | residual_overlap=0.010901
[step   453500] t/d=907.000 | task1=2.642363e-01 | |m1|=0.996633 | m1²=0.993277 | ||w||²/d=1.083577 | eps_adapter=4.486847e-02 | residual_overlap=0.010924
[step   453750] t/d=907.500 | task1=2.641799e-01 | |m1|=0.996639 | m1²=0.993289 | ||w||²/d=1.084492 | eps_adapter=4.518992e-02 | residual_overlap=0.010927
[step   454000] t/d=908.000 | task1=2.641304e-01 | |m1|=0.996606 | m1²=0.993224 | ||w||²/d=1.084766 | eps_adapter=4.544915e-02 | residual_overlap=0.010956
[step   454250] t/d=908.500 | task1=2.641408e-01 | |m1|=0.996595 | m1²=0.993201 | ||w||²/d=1.084726 | eps_adapter=4.548761e-02 | residual_overlap=0.010976
[step   454500] t/d=909.000 | task1=2.641757e-01 | |m1|=0.996567 | m1²=0.993145 | ||w||²/d=1.084862 | eps_adapter=4.567189e-02 | residual_overlap=0.011009
[step   454750] t/d=909.500 | task1=2.641976e-01 | |m1|=0.996536 | m1²=0.993084 | ||w||²/d=1.084315 | eps_adapter=4.560398e-02 | residual_overlap=0.011051
[step   455000] t/d=910.000 | task1=2.641790e-01 | |m1|=0.996536 | m1²=0.993083 | ||w||²/d=1.084241 | eps_adapter=4.557718e-02 | residual_overlap=0.011060
[step   455250] t/d=910.500 | task1=2.641940e-01 | |m1|=0.996541 | m1²=0.993094 | ||w||²/d=1.084656 | eps_adapter=4.571025e-02 | residual_overlap=0.011086
[step   455500] t/d=911.000 | task1=2.641146e-01 | |m1|=0.996559 | m1²=0.993130 | ||w||²/d=1.085243 | eps_adapter=4.585349e-02 | residual_overlap=0.011090
[step   455750] t/d=911.500 | task1=2.641254e-01 | |m1|=0.996560 | m1²=0.993132 | ||w||²/d=1.085895 | eps_adapter=4.610270e-02 | residual_overlap=0.011085
[step   456000] t/d=912.000 | task1=2.640831e-01 | |m1|=0.996610 | m1²=0.993231 | ||w||²/d=1.085998 | eps_adapter=4.591002e-02 | residual_overlap=0.011039
[step   456250] t/d=912.500 | task1=2.641194e-01 | |m1|=0.996601 | m1²=0.993213 | ||w||²/d=1.085628 | eps_adapter=4.580790e-02 | residual_overlap=0.011053
[step   456500] t/d=913.000 | task1=2.640882e-01 | |m1|=0.996568 | m1²=0.993147 | ||w||²/d=1.086142 | eps_adapter=4.616419e-02 | residual_overlap=0.011080
[step   456750] t/d=913.500 | task1=2.640407e-01 | |m1|=0.996568 | m1²=0.993147 | ||w||²/d=1.087271 | eps_adapter=4.660427e-02 | residual_overlap=0.011096
[step   457000] t/d=914.000 | task1=2.640097e-01 | |m1|=0.996572 | m1²=0.993157 | ||w||²/d=1.086567 | eps_adapter=4.630688e-02 | residual_overlap=0.011082
[step   457250] t/d=914.500 | task1=2.640161e-01 | |m1|=0.996568 | m1²=0.993147 | ||w||²/d=1.085734 | eps_adapter=4.600507e-02 | residual_overlap=0.011089
[step   457500] t/d=915.000 | task1=2.640327e-01 | |m1|=0.996541 | m1²=0.993093 | ||w||²/d=1.084960 | eps_adapter=4.583040e-02 | residual_overlap=0.011113
[step   457750] t/d=915.500 | task1=2.639831e-01 | |m1|=0.996548 | m1²=0.993108 | ||w||²/d=1.085066 | eps_adapter=4.583780e-02 | residual_overlap=0.011109
[step   458000] t/d=916.000 | task1=2.640305e-01 | |m1|=0.996561 | m1²=0.993135 | ||w||²/d=1.085387 | eps_adapter=4.589926e-02 | residual_overlap=0.011111
[step   458250] t/d=916.500 | task1=2.640148e-01 | |m1|=0.996526 | m1²=0.993065 | ||w||²/d=1.085336 | eps_adapter=4.604257e-02 | residual_overlap=0.011133
[step   458500] t/d=917.000 | task1=2.640402e-01 | |m1|=0.996514 | m1²=0.993041 | ||w||²/d=1.084438 | eps_adapter=4.575126e-02 | residual_overlap=0.011144
[step   458750] t/d=917.500 | task1=2.640921e-01 | |m1|=0.996495 | m1²=0.993003 | ||w||²/d=1.085270 | eps_adapter=4.616212e-02 | residual_overlap=0.011160
[step   459000] t/d=918.000 | task1=2.641053e-01 | |m1|=0.996487 | m1²=0.992986 | ||w||²/d=1.084964 | eps_adapter=4.608436e-02 | residual_overlap=0.011165
[step   459250] t/d=918.500 | task1=2.641348e-01 | |m1|=0.996519 | m1²=0.993049 | ||w||²/d=1.084528 | eps_adapter=4.576634e-02 | residual_overlap=0.011136
[step   459500] t/d=919.000 | task1=2.642087e-01 | |m1|=0.996487 | m1²=0.992987 | ||w||²/d=1.085245 | eps_adapter=4.619153e-02 | residual_overlap=0.011156
[step   459750] t/d=919.500 | task1=2.641821e-01 | |m1|=0.996496 | m1²=0.993004 | ||w||²/d=1.084034 | eps_adapter=4.568198e-02 | residual_overlap=0.011135
[step   460000] t/d=920.000 | task1=2.641896e-01 | |m1|=0.996468 | m1²=0.992948 | ||w||²/d=1.084089 | eps_adapter=4.583589e-02 | residual_overlap=0.011172
[step   460250] t/d=920.500 | task1=2.641656e-01 | |m1|=0.996489 | m1²=0.992989 | ||w||²/d=1.084098 | eps_adapter=4.574107e-02 | residual_overlap=0.011157
[step   460500] t/d=921.000 | task1=2.641813e-01 | |m1|=0.996469 | m1²=0.992951 | ||w||²/d=1.083384 | eps_adapter=4.555807e-02 | residual_overlap=0.011177
[step   460750] t/d=921.500 | task1=2.642499e-01 | |m1|=0.996450 | m1²=0.992914 | ||w||²/d=1.082891 | eps_adapter=4.545579e-02 | residual_overlap=0.011191
[step   461000] t/d=922.000 | task1=2.642416e-01 | |m1|=0.996475 | m1²=0.992962 | ||w||²/d=1.083949 | eps_adapter=4.574875e-02 | residual_overlap=0.011149
[step   461250] t/d=922.500 | task1=2.642423e-01 | |m1|=0.996459 | m1²=0.992930 | ||w||²/d=1.084511 | eps_adapter=4.604005e-02 | residual_overlap=0.011140
[step   461500] t/d=923.000 | task1=2.641882e-01 | |m1|=0.996446 | m1²=0.992904 | ||w||²/d=1.084981 | eps_adapter=4.628309e-02 | residual_overlap=0.011162
[step   461750] t/d=923.500 | task1=2.641863e-01 | |m1|=0.996465 | m1²=0.992943 | ||w||²/d=1.085357 | eps_adapter=4.633776e-02 | residual_overlap=0.011135
[step   462000] t/d=924.000 | task1=2.641785e-01 | |m1|=0.996473 | m1²=0.992958 | ||w||²/d=1.085490 | eps_adapter=4.635323e-02 | residual_overlap=0.011125
[step   462250] t/d=924.500 | task1=2.641952e-01 | |m1|=0.996477 | m1²=0.992966 | ||w||²/d=1.085753 | eps_adapter=4.643735e-02 | residual_overlap=0.011114
[step   462500] t/d=925.000 | task1=2.641812e-01 | |m1|=0.996459 | m1²=0.992931 | ||w||²/d=1.086179 | eps_adapter=4.668513e-02 | residual_overlap=0.011131
[step   462750] t/d=925.500 | task1=2.641417e-01 | |m1|=0.996458 | m1²=0.992928 | ||w||²/d=1.086410 | eps_adapter=4.678215e-02 | residual_overlap=0.011132
[step   463000] t/d=926.000 | task1=2.641604e-01 | |m1|=0.996437 | m1²=0.992887 | ||w||²/d=1.087033 | eps_adapter=4.712153e-02 | residual_overlap=0.011153
[step   463250] t/d=926.500 | task1=2.642227e-01 | |m1|=0.996428 | m1²=0.992869 | ||w||²/d=1.087597 | eps_adapter=4.738692e-02 | residual_overlap=0.011165
[step   463500] t/d=927.000 | task1=2.642011e-01 | |m1|=0.996440 | m1²=0.992892 | ||w||²/d=1.087227 | eps_adapter=4.718711e-02 | residual_overlap=0.011147
[step   463750] t/d=927.500 | task1=2.641871e-01 | |m1|=0.996455 | m1²=0.992923 | ||w||²/d=1.086709 | eps_adapter=4.691011e-02 | residual_overlap=0.011125
[step   464000] t/d=928.000 | task1=2.641806e-01 | |m1|=0.996476 | m1²=0.992965 | ||w||²/d=1.086570 | eps_adapter=4.675901e-02 | residual_overlap=0.011088
[step   464250] t/d=928.500 | task1=2.641651e-01 | |m1|=0.996461 | m1²=0.992934 | ||w||²/d=1.087180 | eps_adapter=4.706977e-02 | residual_overlap=0.011079
[step   464500] t/d=929.000 | task1=2.641705e-01 | |m1|=0.996445 | m1²=0.992903 | ||w||²/d=1.087417 | eps_adapter=4.723449e-02 | residual_overlap=0.011080
[step   464750] t/d=929.500 | task1=2.641826e-01 | |m1|=0.996457 | m1²=0.992926 | ||w||²/d=1.086736 | eps_adapter=4.691458e-02 | residual_overlap=0.011059
[step   465000] t/d=930.000 | task1=2.641782e-01 | |m1|=0.996464 | m1²=0.992940 | ||w||²/d=1.086239 | eps_adapter=4.668706e-02 | residual_overlap=0.011038
[step   465250] t/d=930.500 | task1=2.641343e-01 | |m1|=0.996476 | m1²=0.992965 | ||w||²/d=1.086111 | eps_adapter=4.657848e-02 | residual_overlap=0.011056
[step   465500] t/d=931.000 | task1=2.640981e-01 | |m1|=0.996481 | m1²=0.992974 | ||w||²/d=1.086366 | eps_adapter=4.665656e-02 | residual_overlap=0.011040
[step   465750] t/d=931.500 | task1=2.641154e-01 | |m1|=0.996498 | m1²=0.993008 | ||w||²/d=1.086353 | eps_adapter=4.657309e-02 | residual_overlap=0.011002
[step   466000] t/d=932.000 | task1=2.640896e-01 | |m1|=0.996493 | m1²=0.992999 | ||w||²/d=1.085929 | eps_adapter=4.642742e-02 | residual_overlap=0.011011
[step   466250] t/d=932.500 | task1=2.641217e-01 | |m1|=0.996486 | m1²=0.992985 | ||w||²/d=1.086542 | eps_adapter=4.670025e-02 | residual_overlap=0.011018
[step   466500] t/d=933.000 | task1=2.641125e-01 | |m1|=0.996487 | m1²=0.992985 | ||w||²/d=1.086019 | eps_adapter=4.649473e-02 | residual_overlap=0.011026
[step   466750] t/d=933.500 | task1=2.641688e-01 | |m1|=0.996472 | m1²=0.992957 | ||w||²/d=1.085702 | eps_adapter=4.643845e-02 | residual_overlap=0.011037
[step   467000] t/d=934.000 | task1=2.641456e-01 | |m1|=0.996475 | m1²=0.992962 | ||w||²/d=1.086293 | eps_adapter=4.665614e-02 | residual_overlap=0.011028
[step   467250] t/d=934.500 | task1=2.641961e-01 | |m1|=0.996469 | m1²=0.992951 | ||w||²/d=1.086344 | eps_adapter=4.670249e-02 | residual_overlap=0.011017
[step   467500] t/d=935.000 | task1=2.642218e-01 | |m1|=0.996440 | m1²=0.992893 | ||w||²/d=1.085837 | eps_adapter=4.664114e-02 | residual_overlap=0.011037
[step   467750] t/d=935.500 | task1=2.642057e-01 | |m1|=0.996416 | m1²=0.992845 | ||w||²/d=1.085363 | eps_adapter=4.656965e-02 | residual_overlap=0.011047
[step   468000] t/d=936.000 | task1=2.642474e-01 | |m1|=0.996442 | m1²=0.992897 | ||w||²/d=1.084784 | eps_adapter=4.622383e-02 | residual_overlap=0.011047
[step   468250] t/d=936.500 | task1=2.642659e-01 | |m1|=0.996482 | m1²=0.992976 | ||w||²/d=1.084589 | eps_adapter=4.596222e-02 | residual_overlap=0.011005
[step   468500] t/d=937.000 | task1=2.642109e-01 | |m1|=0.996450 | m1²=0.992913 | ||w||²/d=1.083989 | eps_adapter=4.587764e-02 | residual_overlap=0.011029
[step   468750] t/d=937.500 | task1=2.642635e-01 | |m1|=0.996456 | m1²=0.992925 | ||w||²/d=1.083767 | eps_adapter=4.576538e-02 | residual_overlap=0.011030
[step   469000] t/d=938.000 | task1=2.642801e-01 | |m1|=0.996462 | m1²=0.992936 | ||w||²/d=1.083522 | eps_adapter=4.564453e-02 | residual_overlap=0.011007
[step   469250] t/d=938.500 | task1=2.642971e-01 | |m1|=0.996461 | m1²=0.992934 | ||w||²/d=1.083485 | eps_adapter=4.563651e-02 | residual_overlap=0.011009
[step   469500] t/d=939.000 | task1=2.643123e-01 | |m1|=0.996487 | m1²=0.992987 | ||w||²/d=1.084369 | eps_adapter=4.585218e-02 | residual_overlap=0.010979
[step   469750] t/d=939.500 | task1=2.643565e-01 | |m1|=0.996465 | m1²=0.992943 | ||w||²/d=1.083652 | eps_adapter=4.567925e-02 | residual_overlap=0.011008
[step   470000] t/d=940.000 | task1=2.643017e-01 | |m1|=0.996476 | m1²=0.992965 | ||w||²/d=1.083585 | eps_adapter=4.560180e-02 | residual_overlap=0.011030
[step   470250] t/d=940.500 | task1=2.642988e-01 | |m1|=0.996462 | m1²=0.992936 | ||w||²/d=1.083541 | eps_adapter=4.565161e-02 | residual_overlap=0.011025
[step   470500] t/d=941.000 | task1=2.643107e-01 | |m1|=0.996472 | m1²=0.992957 | ||w||²/d=1.083127 | eps_adapter=4.544364e-02 | residual_overlap=0.011032
[step   470750] t/d=941.500 | task1=2.642968e-01 | |m1|=0.996486 | m1²=0.992985 | ||w||²/d=1.083290 | eps_adapter=4.544107e-02 | residual_overlap=0.011026
[step   471000] t/d=942.000 | task1=2.642943e-01 | |m1|=0.996490 | m1²=0.992993 | ||w||²/d=1.084199 | eps_adapter=4.577264e-02 | residual_overlap=0.010987
[step   471250] t/d=942.500 | task1=2.643023e-01 | |m1|=0.996482 | m1²=0.992976 | ||w||²/d=1.085267 | eps_adapter=4.622513e-02 | residual_overlap=0.011011
[step   471500] t/d=943.000 | task1=2.643187e-01 | |m1|=0.996480 | m1²=0.992972 | ||w||²/d=1.084812 | eps_adapter=4.605864e-02 | residual_overlap=0.011018
[step   471750] t/d=943.500 | task1=2.643705e-01 | |m1|=0.996470 | m1²=0.992952 | ||w||²/d=1.084830 | eps_adapter=4.611143e-02 | residual_overlap=0.011014
[step   472000] t/d=944.000 | task1=2.643743e-01 | |m1|=0.996497 | m1²=0.993006 | ||w||²/d=1.084575 | eps_adapter=4.588526e-02 | residual_overlap=0.010992
[step   472250] t/d=944.500 | task1=2.643591e-01 | |m1|=0.996473 | m1²=0.992958 | ||w||²/d=1.084814 | eps_adapter=4.609095e-02 | residual_overlap=0.010989
[step   472500] t/d=945.000 | task1=2.643265e-01 | |m1|=0.996481 | m1²=0.992974 | ||w||²/d=1.084656 | eps_adapter=4.599143e-02 | residual_overlap=0.010971
[step   472750] t/d=945.500 | task1=2.642593e-01 | |m1|=0.996497 | m1²=0.993006 | ||w||²/d=1.083718 | eps_adapter=4.555707e-02 | residual_overlap=0.010937
[step   473000] t/d=946.000 | task1=2.643279e-01 | |m1|=0.996540 | m1²=0.993092 | ||w||²/d=1.083669 | eps_adapter=4.533690e-02 | residual_overlap=0.010879
[step   473250] t/d=946.500 | task1=2.643500e-01 | |m1|=0.996494 | m1²=0.993001 | ||w||²/d=1.083725 | eps_adapter=4.557047e-02 | residual_overlap=0.010940
[step   473500] t/d=947.000 | task1=2.643407e-01 | |m1|=0.996490 | m1²=0.992992 | ||w||²/d=1.083777 | eps_adapter=4.561067e-02 | residual_overlap=0.010945
[step   473750] t/d=947.500 | task1=2.643568e-01 | |m1|=0.996515 | m1²=0.993041 | ||w||²/d=1.083201 | eps_adapter=4.527500e-02 | residual_overlap=0.010951
[step   474000] t/d=948.000 | task1=2.643190e-01 | |m1|=0.996517 | m1²=0.993047 | ||w||²/d=1.083542 | eps_adapter=4.539323e-02 | residual_overlap=0.010940
[step   474250] t/d=948.500 | task1=2.642753e-01 | |m1|=0.996524 | m1²=0.993060 | ||w||²/d=1.084368 | eps_adapter=4.568096e-02 | residual_overlap=0.010941
[step   474500] t/d=949.000 | task1=2.642818e-01 | |m1|=0.996500 | m1²=0.993011 | ||w||²/d=1.084606 | eps_adapter=4.588573e-02 | residual_overlap=0.010969
[step   474750] t/d=949.500 | task1=2.643379e-01 | |m1|=0.996499 | m1²=0.993011 | ||w||²/d=1.084066 | eps_adapter=4.567942e-02 | residual_overlap=0.010965
[step   475000] t/d=950.000 | task1=2.643219e-01 | |m1|=0.996472 | m1²=0.992956 | ||w||²/d=1.084017 | eps_adapter=4.578866e-02 | residual_overlap=0.010990
[step   475250] t/d=950.500 | task1=2.642997e-01 | |m1|=0.996471 | m1²=0.992955 | ||w||²/d=1.083537 | eps_adapter=4.560621e-02 | residual_overlap=0.010999
[step   475500] t/d=951.000 | task1=2.642997e-01 | |m1|=0.996437 | m1²=0.992887 | ||w||²/d=1.083446 | eps_adapter=4.573041e-02 | residual_overlap=0.011034
[step   475750] t/d=951.500 | task1=2.643335e-01 | |m1|=0.996454 | m1²=0.992921 | ||w||²/d=1.083656 | eps_adapter=4.573113e-02 | residual_overlap=0.011027
[step   476000] t/d=952.000 | task1=2.643210e-01 | |m1|=0.996491 | m1²=0.992993 | ||w||²/d=1.084416 | eps_adapter=4.585476e-02 | residual_overlap=0.010991
[step   476250] t/d=952.500 | task1=2.642868e-01 | |m1|=0.996450 | m1²=0.992913 | ||w||²/d=1.083948 | eps_adapter=4.586288e-02 | residual_overlap=0.011045
[step   476500] t/d=953.000 | task1=2.643124e-01 | |m1|=0.996458 | m1²=0.992928 | ||w||²/d=1.083882 | eps_adapter=4.580120e-02 | residual_overlap=0.011050
[step   476750] t/d=953.500 | task1=2.643301e-01 | |m1|=0.996433 | m1²=0.992878 | ||w||²/d=1.084990 | eps_adapter=4.634652e-02 | residual_overlap=0.011075
[step   477000] t/d=954.000 | task1=2.643481e-01 | |m1|=0.996423 | m1²=0.992858 | ||w||²/d=1.085413 | eps_adapter=4.655721e-02 | residual_overlap=0.011121
[step   477250] t/d=954.500 | task1=2.642872e-01 | |m1|=0.996441 | m1²=0.992894 | ||w||²/d=1.085240 | eps_adapter=4.640625e-02 | residual_overlap=0.011100
[step   477500] t/d=955.000 | task1=2.643167e-01 | |m1|=0.996452 | m1²=0.992918 | ||w||²/d=1.084782 | eps_adapter=4.617380e-02 | residual_overlap=0.011080
[step   477750] t/d=955.500 | task1=2.643191e-01 | |m1|=0.996433 | m1²=0.992878 | ||w||²/d=1.084486 | eps_adapter=4.615176e-02 | residual_overlap=0.011096
[step   478000] t/d=956.000 | task1=2.642839e-01 | |m1|=0.996393 | m1²=0.992800 | ||w||²/d=1.084801 | eps_adapter=4.645727e-02 | residual_overlap=0.011136
[step   478250] t/d=956.500 | task1=2.643027e-01 | |m1|=0.996398 | m1²=0.992810 | ||w||²/d=1.084567 | eps_adapter=4.634367e-02 | residual_overlap=0.011123
[step   478500] t/d=957.000 | task1=2.642862e-01 | |m1|=0.996371 | m1²=0.992755 | ||w||²/d=1.084771 | eps_adapter=4.655010e-02 | residual_overlap=0.011144
[step   478750] t/d=957.500 | task1=2.643023e-01 | |m1|=0.996378 | m1²=0.992770 | ||w||²/d=1.083765 | eps_adapter=4.612786e-02 | residual_overlap=0.011125
[step   479000] t/d=958.000 | task1=2.642417e-01 | |m1|=0.996350 | m1²=0.992714 | ||w||²/d=1.084541 | eps_adapter=4.655839e-02 | residual_overlap=0.011156
[step   479250] t/d=958.500 | task1=2.642259e-01 | |m1|=0.996358 | m1²=0.992730 | ||w||²/d=1.083375 | eps_adapter=4.607041e-02 | residual_overlap=0.011142
[step   479500] t/d=959.000 | task1=2.642474e-01 | |m1|=0.996368 | m1²=0.992750 | ||w||²/d=1.083004 | eps_adapter=4.588210e-02 | residual_overlap=0.011143
[step   479750] t/d=959.500 | task1=2.642178e-01 | |m1|=0.996354 | m1²=0.992721 | ||w||²/d=1.082962 | eps_adapter=4.593424e-02 | residual_overlap=0.011171
[step   480000] t/d=960.000 | task1=2.642375e-01 | |m1|=0.996345 | m1²=0.992703 | ||w||²/d=1.082138 | eps_adapter=4.566112e-02 | residual_overlap=0.011188
[step   480250] t/d=960.500 | task1=2.642284e-01 | |m1|=0.996281 | m1²=0.992576 | ||w||²/d=1.082300 | eps_adapter=4.601937e-02 | residual_overlap=0.011248
[step   480500] t/d=961.000 | task1=2.642044e-01 | |m1|=0.996287 | m1²=0.992588 | ||w||²/d=1.082300 | eps_adapter=4.599208e-02 | residual_overlap=0.011277
[step   480750] t/d=961.500 | task1=2.641706e-01 | |m1|=0.996274 | m1²=0.992563 | ||w||²/d=1.081658 | eps_adapter=4.580581e-02 | residual_overlap=0.011297
[step   481000] t/d=962.000 | task1=2.641350e-01 | |m1|=0.996269 | m1²=0.992552 | ||w||²/d=1.082149 | eps_adapter=4.601720e-02 | residual_overlap=0.011320
[step   481250] t/d=962.500 | task1=2.641084e-01 | |m1|=0.996281 | m1²=0.992576 | ||w||²/d=1.081075 | eps_adapter=4.555403e-02 | residual_overlap=0.011315
[step   481500] t/d=963.000 | task1=2.641149e-01 | |m1|=0.996274 | m1²=0.992563 | ||w||²/d=1.082087 | eps_adapter=4.596936e-02 | residual_overlap=0.011316
[step   481750] t/d=963.500 | task1=2.640655e-01 | |m1|=0.996287 | m1²=0.992588 | ||w||²/d=1.081998 | eps_adapter=4.587638e-02 | residual_overlap=0.011300
[step   482000] t/d=964.000 | task1=2.640965e-01 | |m1|=0.996290 | m1²=0.992593 | ||w||²/d=1.081974 | eps_adapter=4.585533e-02 | residual_overlap=0.011295
[step   482250] t/d=964.500 | task1=2.640600e-01 | |m1|=0.996298 | m1²=0.992609 | ||w||²/d=1.081057 | eps_adapter=4.546890e-02 | residual_overlap=0.011298
[step   482500] t/d=965.000 | task1=2.640125e-01 | |m1|=0.996301 | m1²=0.992617 | ||w||²/d=1.081334 | eps_adapter=4.555720e-02 | residual_overlap=0.011296
[step   482750] t/d=965.500 | task1=2.639823e-01 | |m1|=0.996332 | m1²=0.992678 | ||w||²/d=1.081335 | eps_adapter=4.541283e-02 | residual_overlap=0.011259
[step   483000] t/d=966.000 | task1=2.640647e-01 | |m1|=0.996308 | m1²=0.992630 | ||w||²/d=1.081361 | eps_adapter=4.553562e-02 | residual_overlap=0.011259
[step   483250] t/d=966.500 | task1=2.640317e-01 | |m1|=0.996297 | m1²=0.992607 | ||w||²/d=1.080954 | eps_adapter=4.543454e-02 | residual_overlap=0.011286
[step   483500] t/d=967.000 | task1=2.640544e-01 | |m1|=0.996313 | m1²=0.992640 | ||w||²/d=1.080083 | eps_adapter=4.502864e-02 | residual_overlap=0.011263
[step   483750] t/d=967.500 | task1=2.640568e-01 | |m1|=0.996293 | m1²=0.992599 | ||w||²/d=1.079683 | eps_adapter=4.497450e-02 | residual_overlap=0.011294
[step   484000] t/d=968.000 | task1=2.640553e-01 | |m1|=0.996258 | m1²=0.992530 | ||w||²/d=1.079818 | eps_adapter=4.518742e-02 | residual_overlap=0.011337
[step   484250] t/d=968.500 | task1=2.640270e-01 | |m1|=0.996285 | m1²=0.992583 | ||w||²/d=1.079732 | eps_adapter=4.503018e-02 | residual_overlap=0.011295
[step   484500] t/d=969.000 | task1=2.640732e-01 | |m1|=0.996266 | m1²=0.992545 | ||w||²/d=1.080455 | eps_adapter=4.539093e-02 | residual_overlap=0.011311
[step   484750] t/d=969.500 | task1=2.640876e-01 | |m1|=0.996240 | m1²=0.992495 | ||w||²/d=1.081345 | eps_adapter=4.584572e-02 | residual_overlap=0.011346
[step   485000] t/d=970.000 | task1=2.641275e-01 | |m1|=0.996250 | m1²=0.992515 | ||w||²/d=1.081802 | eps_adapter=4.597237e-02 | residual_overlap=0.011336
[step   485250] t/d=970.500 | task1=2.641093e-01 | |m1|=0.996273 | m1²=0.992560 | ||w||²/d=1.080941 | eps_adapter=4.554041e-02 | residual_overlap=0.011318
[step   485500] t/d=971.000 | task1=2.641212e-01 | |m1|=0.996277 | m1²=0.992568 | ||w||²/d=1.080891 | eps_adapter=4.550153e-02 | residual_overlap=0.011333
[step   485750] t/d=971.500 | task1=2.641706e-01 | |m1|=0.996232 | m1²=0.992478 | ||w||²/d=1.080213 | eps_adapter=4.545541e-02 | residual_overlap=0.011368
[step   486000] t/d=972.000 | task1=2.641248e-01 | |m1|=0.996260 | m1²=0.992535 | ||w||²/d=1.081333 | eps_adapter=4.574715e-02 | residual_overlap=0.011350
[step   486250] t/d=972.500 | task1=2.641116e-01 | |m1|=0.996278 | m1²=0.992570 | ||w||²/d=1.080953 | eps_adapter=4.552213e-02 | residual_overlap=0.011325
[step   486500] t/d=973.000 | task1=2.641162e-01 | |m1|=0.996276 | m1²=0.992566 | ||w||²/d=1.081391 | eps_adapter=4.569581e-02 | residual_overlap=0.011311
[step   486750] t/d=973.500 | task1=2.641147e-01 | |m1|=0.996250 | m1²=0.992515 | ||w||²/d=1.081820 | eps_adapter=4.597885e-02 | residual_overlap=0.011343
[step   487000] t/d=974.000 | task1=2.641221e-01 | |m1|=0.996295 | m1²=0.992603 | ||w||²/d=1.081960 | eps_adapter=4.582584e-02 | residual_overlap=0.011309
[step   487250] t/d=974.500 | task1=2.641126e-01 | |m1|=0.996303 | m1²=0.992621 | ||w||²/d=1.081767 | eps_adapter=4.571209e-02 | residual_overlap=0.011285
[step   487500] t/d=975.000 | task1=2.640908e-01 | |m1|=0.996271 | m1²=0.992555 | ||w||²/d=1.081511 | eps_adapter=4.576813e-02 | residual_overlap=0.011306
[step   487750] t/d=975.500 | task1=2.639896e-01 | |m1|=0.996302 | m1²=0.992618 | ||w||²/d=1.081696 | eps_adapter=4.569068e-02 | residual_overlap=0.011275
[step   488000] t/d=976.000 | task1=2.639560e-01 | |m1|=0.996249 | m1²=0.992512 | ||w||²/d=1.081989 | eps_adapter=4.605101e-02 | residual_overlap=0.011336
[step   488250] t/d=976.500 | task1=2.639545e-01 | |m1|=0.996278 | m1²=0.992570 | ||w||²/d=1.081825 | eps_adapter=4.585166e-02 | residual_overlap=0.011304
[step   488500] t/d=977.000 | task1=2.639567e-01 | |m1|=0.996267 | m1²=0.992549 | ||w||²/d=1.082408 | eps_adapter=4.612463e-02 | residual_overlap=0.011306
[step   488750] t/d=977.500 | task1=2.639360e-01 | |m1|=0.996275 | m1²=0.992563 | ||w||²/d=1.082804 | eps_adapter=4.624274e-02 | residual_overlap=0.011308
[step   489000] t/d=978.000 | task1=2.639178e-01 | |m1|=0.996308 | m1²=0.992629 | ||w||²/d=1.082380 | eps_adapter=4.592676e-02 | residual_overlap=0.011262
[step   489250] t/d=978.500 | task1=2.638769e-01 | |m1|=0.996318 | m1²=0.992649 | ||w||²/d=1.082845 | eps_adapter=4.605727e-02 | residual_overlap=0.011258
[step   489500] t/d=979.000 | task1=2.638413e-01 | |m1|=0.996279 | m1²=0.992572 | ||w||²/d=1.081530 | eps_adapter=4.573584e-02 | residual_overlap=0.011293
[step   489750] t/d=979.500 | task1=2.638149e-01 | |m1|=0.996296 | m1²=0.992605 | ||w||²/d=1.082242 | eps_adapter=4.593003e-02 | residual_overlap=0.011270
[step   490000] t/d=980.000 | task1=2.637810e-01 | |m1|=0.996321 | m1²=0.992655 | ||w||²/d=1.082543 | eps_adapter=4.592701e-02 | residual_overlap=0.011232
[step   490250] t/d=980.500 | task1=2.637388e-01 | |m1|=0.996336 | m1²=0.992686 | ||w||²/d=1.082224 | eps_adapter=4.573372e-02 | residual_overlap=0.011238
[step   490500] t/d=981.000 | task1=2.637616e-01 | |m1|=0.996322 | m1²=0.992658 | ||w||²/d=1.082310 | eps_adapter=4.583208e-02 | residual_overlap=0.011249
[step   490750] t/d=981.500 | task1=2.637641e-01 | |m1|=0.996312 | m1²=0.992638 | ||w||²/d=1.083101 | eps_adapter=4.618042e-02 | residual_overlap=0.011251
[step   491000] t/d=982.000 | task1=2.637661e-01 | |m1|=0.996293 | m1²=0.992601 | ||w||²/d=1.082336 | eps_adapter=4.597553e-02 | residual_overlap=0.011276
[step   491250] t/d=982.500 | task1=2.637746e-01 | |m1|=0.996331 | m1²=0.992675 | ||w||²/d=1.082945 | eps_adapter=4.603334e-02 | residual_overlap=0.011259
[step   491500] t/d=983.000 | task1=2.637409e-01 | |m1|=0.996351 | m1²=0.992716 | ||w||²/d=1.083469 | eps_adapter=4.614010e-02 | residual_overlap=0.011218
[step   491750] t/d=983.500 | task1=2.637281e-01 | |m1|=0.996345 | m1²=0.992704 | ||w||²/d=1.083823 | eps_adapter=4.630335e-02 | residual_overlap=0.011233
[step   492000] t/d=984.000 | task1=2.637266e-01 | |m1|=0.996307 | m1²=0.992627 | ||w||²/d=1.084837 | eps_adapter=4.687564e-02 | residual_overlap=0.011286
[step   492250] t/d=984.500 | task1=2.637760e-01 | |m1|=0.996320 | m1²=0.992654 | ||w||²/d=1.084589 | eps_adapter=4.671774e-02 | residual_overlap=0.011265
[step   492500] t/d=985.000 | task1=2.638002e-01 | |m1|=0.996311 | m1²=0.992635 | ||w||²/d=1.084647 | eps_adapter=4.678390e-02 | residual_overlap=0.011260
[step   492750] t/d=985.500 | task1=2.638208e-01 | |m1|=0.996304 | m1²=0.992621 | ||w||²/d=1.084226 | eps_adapter=4.665373e-02 | residual_overlap=0.011276
[step   493000] t/d=986.000 | task1=2.638385e-01 | |m1|=0.996265 | m1²=0.992543 | ||w||²/d=1.083819 | eps_adapter=4.667903e-02 | residual_overlap=0.011329
[step   493250] t/d=986.500 | task1=2.637973e-01 | |m1|=0.996267 | m1²=0.992548 | ||w||²/d=1.083743 | eps_adapter=4.663818e-02 | residual_overlap=0.011329
[step   493500] t/d=987.000 | task1=2.637888e-01 | |m1|=0.996280 | m1²=0.992573 | ||w||²/d=1.084761 | eps_adapter=4.697268e-02 | residual_overlap=0.011325
[step   493750] t/d=987.500 | task1=2.637636e-01 | |m1|=0.996288 | m1²=0.992590 | ||w||²/d=1.083963 | eps_adapter=4.662598e-02 | residual_overlap=0.011293
[step   494000] t/d=988.000 | task1=2.636944e-01 | |m1|=0.996298 | m1²=0.992609 | ||w||²/d=1.083690 | eps_adapter=4.647533e-02 | residual_overlap=0.011274
[step   494250] t/d=988.500 | task1=2.636942e-01 | |m1|=0.996313 | m1²=0.992641 | ||w||²/d=1.084448 | eps_adapter=4.669389e-02 | residual_overlap=0.011257
[step   494500] t/d=989.000 | task1=2.637245e-01 | |m1|=0.996298 | m1²=0.992610 | ||w||²/d=1.084555 | eps_adapter=4.680637e-02 | residual_overlap=0.011275
[step   494750] t/d=989.500 | task1=2.636922e-01 | |m1|=0.996314 | m1²=0.992643 | ||w||²/d=1.084517 | eps_adapter=4.671571e-02 | residual_overlap=0.011260
[step   495000] t/d=990.000 | task1=2.636440e-01 | |m1|=0.996293 | m1²=0.992600 | ||w||²/d=1.085428 | eps_adapter=4.716856e-02 | residual_overlap=0.011288
[step   495250] t/d=990.500 | task1=2.636870e-01 | |m1|=0.996293 | m1²=0.992599 | ||w||²/d=1.086208 | eps_adapter=4.747540e-02 | residual_overlap=0.011291
[step   495500] t/d=991.000 | task1=2.637181e-01 | |m1|=0.996277 | m1²=0.992567 | ||w||²/d=1.086672 | eps_adapter=4.773166e-02 | residual_overlap=0.011314
[step   495750] t/d=991.500 | task1=2.637087e-01 | |m1|=0.996278 | m1²=0.992570 | ||w||²/d=1.086756 | eps_adapter=4.775733e-02 | residual_overlap=0.011279
[step   496000] t/d=992.000 | task1=2.637347e-01 | |m1|=0.996261 | m1²=0.992537 | ||w||²/d=1.086672 | eps_adapter=4.780301e-02 | residual_overlap=0.011295
[step   496250] t/d=992.500 | task1=2.637634e-01 | |m1|=0.996249 | m1²=0.992511 | ||w||²/d=1.085922 | eps_adapter=4.756974e-02 | residual_overlap=0.011319
[step   496500] t/d=993.000 | task1=2.637824e-01 | |m1|=0.996237 | m1²=0.992488 | ||w||²/d=1.085538 | eps_adapter=4.747435e-02 | residual_overlap=0.011333
[step   496750] t/d=993.500 | task1=2.637462e-01 | |m1|=0.996250 | m1²=0.992514 | ||w||²/d=1.085868 | eps_adapter=4.754100e-02 | residual_overlap=0.011303
[step   497000] t/d=994.000 | task1=2.637236e-01 | |m1|=0.996269 | m1²=0.992551 | ||w||²/d=1.086010 | eps_adapter=4.750994e-02 | residual_overlap=0.011278
[step   497250] t/d=994.500 | task1=2.637054e-01 | |m1|=0.996284 | m1²=0.992582 | ||w||²/d=1.086657 | eps_adapter=4.769154e-02 | residual_overlap=0.011272
[step   497500] t/d=995.000 | task1=2.636990e-01 | |m1|=0.996299 | m1²=0.992612 | ||w||²/d=1.086435 | eps_adapter=4.753375e-02 | residual_overlap=0.011271
[step   497750] t/d=995.500 | task1=2.636900e-01 | |m1|=0.996290 | m1²=0.992593 | ||w||²/d=1.086900 | eps_adapter=4.776110e-02 | residual_overlap=0.011275
[step   498000] t/d=996.000 | task1=2.637066e-01 | |m1|=0.996276 | m1²=0.992567 | ||w||²/d=1.087468 | eps_adapter=4.804537e-02 | residual_overlap=0.011300
[step   498250] t/d=996.500 | task1=2.637291e-01 | |m1|=0.996285 | m1²=0.992584 | ||w||²/d=1.086554 | eps_adapter=4.764705e-02 | residual_overlap=0.011290
[step   498500] t/d=997.000 | task1=2.637084e-01 | |m1|=0.996280 | m1²=0.992573 | ||w||²/d=1.086360 | eps_adapter=4.759619e-02 | residual_overlap=0.011282
[step   498750] t/d=997.500 | task1=2.637154e-01 | |m1|=0.996296 | m1²=0.992605 | ||w||²/d=1.086108 | eps_adapter=4.742213e-02 | residual_overlap=0.011267
[step   499000] t/d=998.000 | task1=2.637471e-01 | |m1|=0.996288 | m1²=0.992590 | ||w||²/d=1.086485 | eps_adapter=4.760604e-02 | residual_overlap=0.011257
[step   499250] t/d=998.500 | task1=2.638163e-01 | |m1|=0.996302 | m1²=0.992617 | ||w||²/d=1.086175 | eps_adapter=4.741928e-02 | residual_overlap=0.011264
[step   499500] t/d=999.000 | task1=2.638076e-01 | |m1|=0.996306 | m1²=0.992625 | ||w||²/d=1.085993 | eps_adapter=4.732954e-02 | residual_overlap=0.011250
[step   499750] t/d=999.500 | task1=2.638566e-01 | |m1|=0.996317 | m1²=0.992648 | ||w||²/d=1.086233 | eps_adapter=4.736928e-02 | residual_overlap=0.011238
[step   500000] t/d=1000.000 | task1=2.638362e-01 | |m1|=0.996340 | m1²=0.992694 | ||w||²/d=1.087570 | eps_adapter=4.778786e-02 | residual_overlap=0.011199
Saved checkpoint: results/quality_pretraining/finetunetask1_d500_T5/prestep_0_lr0p01_init1_wseed21_sgdseed22/checkpoints/step_000500000

Task-1 fine-tuning completed.
Metrics: results/quality_pretraining/finetunetask1_d500_T5/prestep_0_lr0p01_init1_wseed21_sgdseed22/metrics.csv

======================================================
Task-1 fine-tuning finished
======================================================
