
======================================================
Task-1 fine-tuning
======================================================
Pretraining run:   results/quality_pretraining/scaling_d500_T5
Pretraining step:  10000000
Target FT steps:   500000
Learning rate:     0.01
w init scale:      1.0
======================================================

Mon Oct  5 11:22:22 2026       
+---------------------------------------------------------------------------------------+
| NVIDIA-SMI 535.154.05             Driver Version: 535.154.05   CUDA Version: 12.2     |
|-----------------------------------------+----------------------+----------------------+
| GPU  Name                 Persistence-M | Bus-Id        Disp.A | Volatile Uncorr. ECC |
| Fan  Temp   Perf          Pwr:Usage/Cap |         Memory-Usage | GPU-Util  Compute M. |
|                                         |                      |               MIG M. |
|=========================================+======================+======================|
|   0  Tesla V100-PCIE-32GB           On  | 00000000:86:00.0 Off |                  Off |
| N/A   30C    P0              24W / 250W |      0MiB / 32768MiB |      0%      Default |
|                                         |                      |                  N/A |
+-----------------------------------------+----------------------+----------------------+
                                                                                         
+---------------------------------------------------------------------------------------+
| Processes:                                                                            |
|  GPU   GI   CI        PID   Type   Process name                            GPU Memory |
|        ID   ID                                                             Usage      |
|=======================================================================================|
|  No running processes found                                                           |
+---------------------------------------------------------------------------------------+

==============================================
Task-1 fine-tuning
==============================================
source pretrain : /home/busato/catastrophic_forgetting/quality_pretraining/results/quality_pretraining/scaling_d500_T5
pretrain step   : 10,000,000
pretrain t/d²   : 40.000000
d               : 500
T               : 5
device          : cuda
lr              : 0.01
w init scale    : 1.0
target steps    : 500,000
target t/d      : 1000.000
eval every late : 250
checkpoints     : [250, 500, 1000, 2500, 5000, 10000, 25000, 500000]
run directory   : results/quality_pretraining/finetunetask1_d500_T5/prestep_10000000_lr0p01_init1_wseed21_sgdseed22

[step 0] task1=1.657832e-01 | |m1|=0.020270 | m1²=0.000411 | ||w||²/d=0.954499 | eps_adapter=2.062555e+00
[step       25] t/d=  0.050 | task1=1.655756e-01 | |m1|=0.020264 | m1²=0.000411 | ||w||²/d=0.953038 | eps_adapter=2.059303e+00 | residual_overlap=0.015023
[step       50] t/d=  0.100 | task1=1.654113e-01 | |m1|=0.020268 | m1²=0.000411 | ||w||²/d=0.951710 | eps_adapter=2.056352e+00 | residual_overlap=0.015042
[step       75] t/d=  0.150 | task1=1.652833e-01 | |m1|=0.020305 | m1²=0.000412 | ||w||²/d=0.950737 | eps_adapter=2.054189e+00 | residual_overlap=0.015045
[step      100] t/d=  0.200 | task1=1.651871e-01 | |m1|=0.020171 | m1²=0.000407 | ||w||²/d=0.949886 | eps_adapter=2.052312e+00 | residual_overlap=0.015039
[step      125] t/d=  0.250 | task1=1.650131e-01 | |m1|=0.020231 | m1²=0.000409 | ||w||²/d=0.948526 | eps_adapter=2.049296e+00 | residual_overlap=0.015034
[step      150] t/d=  0.300 | task1=1.648764e-01 | |m1|=0.020330 | m1²=0.000413 | ||w||²/d=0.947387 | eps_adapter=2.046768e+00 | residual_overlap=0.015025
[step      175] t/d=  0.350 | task1=1.647897e-01 | |m1|=0.020493 | m1²=0.000420 | ||w||²/d=0.946655 | eps_adapter=2.045137e+00 | residual_overlap=0.015029
[step      200] t/d=  0.400 | task1=1.646318e-01 | |m1|=0.020361 | m1²=0.000415 | ||w||²/d=0.945416 | eps_adapter=2.042413e+00 | residual_overlap=0.015018
[step      225] t/d=  0.450 | task1=1.644558e-01 | |m1|=0.020336 | m1²=0.000414 | ||w||²/d=0.944076 | eps_adapter=2.039461e+00 | residual_overlap=0.015016
[step      250] t/d=  0.500 | task1=1.643355e-01 | |m1|=0.020317 | m1²=0.000413 | ||w||²/d=0.943112 | eps_adapter=2.037340e+00 | residual_overlap=0.015019
Saved checkpoint: results/quality_pretraining/finetunetask1_d500_T5/prestep_10000000_lr0p01_init1_wseed21_sgdseed22/checkpoints/step_000000250
[step      275] t/d=  0.550 | task1=1.642150e-01 | |m1|=0.020277 | m1²=0.000411 | ||w||²/d=0.942212 | eps_adapter=2.035364e+00 | residual_overlap=0.015015
[step      300] t/d=  0.600 | task1=1.640778e-01 | |m1|=0.020339 | m1²=0.000414 | ||w||²/d=0.941282 | eps_adapter=2.033314e+00 | residual_overlap=0.015006
[step      325] t/d=  0.650 | task1=1.639322e-01 | |m1|=0.020490 | m1²=0.000420 | ||w||²/d=0.940067 | eps_adapter=2.030635e+00 | residual_overlap=0.015003
[step      350] t/d=  0.700 | task1=1.637850e-01 | |m1|=0.020543 | m1²=0.000422 | ||w||²/d=0.938961 | eps_adapter=2.028205e+00 | residual_overlap=0.015009
[step      375] t/d=  0.750 | task1=1.636719e-01 | |m1|=0.020558 | m1²=0.000423 | ||w||²/d=0.938015 | eps_adapter=2.026133e+00 | residual_overlap=0.015011
[step      400] t/d=  0.800 | task1=1.635084e-01 | |m1|=0.020495 | m1²=0.000420 | ||w||²/d=0.936697 | eps_adapter=2.023255e+00 | residual_overlap=0.015005
[step      425] t/d=  0.850 | task1=1.633166e-01 | |m1|=0.020499 | m1²=0.000420 | ||w||²/d=0.935279 | eps_adapter=2.020158e+00 | residual_overlap=0.014998
[step      450] t/d=  0.900 | task1=1.631561e-01 | |m1|=0.020561 | m1²=0.000423 | ||w||²/d=0.934090 | eps_adapter=2.017559e+00 | residual_overlap=0.015006
[step      475] t/d=  0.950 | task1=1.630084e-01 | |m1|=0.020586 | m1²=0.000424 | ||w||²/d=0.932716 | eps_adapter=2.014565e+00 | residual_overlap=0.015011
[step      500] t/d=  1.000 | task1=1.628757e-01 | |m1|=0.020507 | m1²=0.000421 | ||w||²/d=0.931585 | eps_adapter=2.012112e+00 | residual_overlap=0.015015
Saved checkpoint: results/quality_pretraining/finetunetask1_d500_T5/prestep_10000000_lr0p01_init1_wseed21_sgdseed22/checkpoints/step_000000500
[step      525] t/d=  1.050 | task1=1.627411e-01 | |m1|=0.020561 | m1²=0.000423 | ||w||²/d=0.930414 | eps_adapter=2.009563e+00 | residual_overlap=0.015016
[step      550] t/d=  1.100 | task1=1.625778e-01 | |m1|=0.020570 | m1²=0.000423 | ||w||²/d=0.929174 | eps_adapter=2.006873e+00 | residual_overlap=0.015019
[step      575] t/d=  1.150 | task1=1.624763e-01 | |m1|=0.020683 | m1²=0.000428 | ||w||²/d=0.928475 | eps_adapter=2.005347e+00 | residual_overlap=0.015019
[step      600] t/d=  1.200 | task1=1.623384e-01 | |m1|=0.020688 | m1²=0.000428 | ||w||²/d=0.927469 | eps_adapter=2.003168e+00 | residual_overlap=0.015013
[step      625] t/d=  1.250 | task1=1.621901e-01 | |m1|=0.020664 | m1²=0.000427 | ||w||²/d=0.926376 | eps_adapter=2.000806e+00 | residual_overlap=0.015018
[step      650] t/d=  1.300 | task1=1.620214e-01 | |m1|=0.020718 | m1²=0.000429 | ||w||²/d=0.925019 | eps_adapter=1.997872e+00 | residual_overlap=0.015013
[step      675] t/d=  1.350 | task1=1.618676e-01 | |m1|=0.020761 | m1²=0.000431 | ||w||²/d=0.923709 | eps_adapter=1.995042e+00 | residual_overlap=0.015024
[step      700] t/d=  1.400 | task1=1.616993e-01 | |m1|=0.020829 | m1²=0.000434 | ||w||²/d=0.922273 | eps_adapter=1.991945e+00 | residual_overlap=0.015024
[step      725] t/d=  1.450 | task1=1.615386e-01 | |m1|=0.020835 | m1²=0.000434 | ||w||²/d=0.921045 | eps_adapter=1.989303e+00 | residual_overlap=0.015007
[step      750] t/d=  1.500 | task1=1.614054e-01 | |m1|=0.020848 | m1²=0.000435 | ||w||²/d=0.919888 | eps_adapter=1.986817e+00 | residual_overlap=0.014998
[step      775] t/d=  1.550 | task1=1.613028e-01 | |m1|=0.020726 | m1²=0.000430 | ||w||²/d=0.919004 | eps_adapter=1.984930e+00 | residual_overlap=0.014996
[step      800] t/d=  1.600 | task1=1.611670e-01 | |m1|=0.020862 | m1²=0.000435 | ||w||²/d=0.917938 | eps_adapter=1.982635e+00 | residual_overlap=0.014987
[step      825] t/d=  1.650 | task1=1.609997e-01 | |m1|=0.020928 | m1²=0.000438 | ||w||²/d=0.916539 | eps_adapter=1.979633e+00 | residual_overlap=0.014993
[step      850] t/d=  1.700 | task1=1.608753e-01 | |m1|=0.021068 | m1²=0.000444 | ||w||²/d=0.915620 | eps_adapter=1.977659e+00 | residual_overlap=0.014985
[step      875] t/d=  1.750 | task1=1.607250e-01 | |m1|=0.021013 | m1²=0.000442 | ||w||²/d=0.914582 | eps_adapter=1.975446e+00 | residual_overlap=0.014994
[step      900] t/d=  1.800 | task1=1.605808e-01 | |m1|=0.021041 | m1²=0.000443 | ||w||²/d=0.913366 | eps_adapter=1.972851e+00 | residual_overlap=0.015000
[step      925] t/d=  1.850 | task1=1.604220e-01 | |m1|=0.021011 | m1²=0.000441 | ||w||²/d=0.912106 | eps_adapter=1.970171e+00 | residual_overlap=0.014992
[step      950] t/d=  1.900 | task1=1.603320e-01 | |m1|=0.020953 | m1²=0.000439 | ||w||²/d=0.911370 | eps_adapter=1.968608e+00 | residual_overlap=0.014996
[step      975] t/d=  1.950 | task1=1.602207e-01 | |m1|=0.020986 | m1²=0.000440 | ||w||²/d=0.910429 | eps_adapter=1.966607e+00 | residual_overlap=0.015001
[step     1000] t/d=  2.000 | task1=1.600773e-01 | |m1|=0.021020 | m1²=0.000442 | ||w||²/d=0.909276 | eps_adapter=1.964156e+00 | residual_overlap=0.014998
Saved checkpoint: results/quality_pretraining/finetunetask1_d500_T5/prestep_10000000_lr0p01_init1_wseed21_sgdseed22/checkpoints/step_000001000
[step     1025] t/d=  2.050 | task1=1.599639e-01 | |m1|=0.021075 | m1²=0.000444 | ||w||²/d=0.908306 | eps_adapter=1.962094e+00 | residual_overlap=0.014998
[step     1050] t/d=  2.100 | task1=1.598498e-01 | |m1|=0.021061 | m1²=0.000444 | ||w||²/d=0.907376 | eps_adapter=1.960126e+00 | residual_overlap=0.014996
[step     1075] t/d=  2.150 | task1=1.596913e-01 | |m1|=0.021029 | m1²=0.000442 | ||w||²/d=0.906147 | eps_adapter=1.957527e+00 | residual_overlap=0.015008
[step     1100] t/d=  2.200 | task1=1.595238e-01 | |m1|=0.021001 | m1²=0.000441 | ||w||²/d=0.904731 | eps_adapter=1.954539e+00 | residual_overlap=0.015009
[step     1125] t/d=  2.250 | task1=1.593805e-01 | |m1|=0.021034 | m1²=0.000442 | ||w||²/d=0.903572 | eps_adapter=1.952090e+00 | residual_overlap=0.015002
[step     1150] t/d=  2.300 | task1=1.592883e-01 | |m1|=0.021060 | m1²=0.000444 | ||w||²/d=0.902718 | eps_adapter=1.950288e+00 | residual_overlap=0.015003
[step     1175] t/d=  2.350 | task1=1.591659e-01 | |m1|=0.020996 | m1²=0.000441 | ||w||²/d=0.901762 | eps_adapter=1.948281e+00 | residual_overlap=0.015013
[step     1200] t/d=  2.400 | task1=1.590221e-01 | |m1|=0.021104 | m1²=0.000445 | ||w||²/d=0.900586 | eps_adapter=1.945800e+00 | residual_overlap=0.015011
[step     1225] t/d=  2.450 | task1=1.588618e-01 | |m1|=0.021162 | m1²=0.000448 | ||w||²/d=0.899174 | eps_adapter=1.942830e+00 | residual_overlap=0.015010
[step     1250] t/d=  2.500 | task1=1.586986e-01 | |m1|=0.021121 | m1²=0.000446 | ||w||²/d=0.897875 | eps_adapter=1.940110e+00 | residual_overlap=0.015003
[step     1275] t/d=  2.550 | task1=1.585951e-01 | |m1|=0.021215 | m1²=0.000450 | ||w||²/d=0.896938 | eps_adapter=1.938141e+00 | residual_overlap=0.015007
[step     1300] t/d=  2.600 | task1=1.584718e-01 | |m1|=0.021077 | m1²=0.000444 | ||w||²/d=0.895926 | eps_adapter=1.936034e+00 | residual_overlap=0.015014
[step     1325] t/d=  2.650 | task1=1.583135e-01 | |m1|=0.021085 | m1²=0.000445 | ||w||²/d=0.894634 | eps_adapter=1.933336e+00 | residual_overlap=0.015012
[step     1350] t/d=  2.700 | task1=1.581987e-01 | |m1|=0.021107 | m1²=0.000446 | ||w||²/d=0.893697 | eps_adapter=1.931378e+00 | residual_overlap=0.015024
[step     1375] t/d=  2.750 | task1=1.580489e-01 | |m1|=0.021181 | m1²=0.000449 | ||w||²/d=0.892286 | eps_adapter=1.928432e+00 | residual_overlap=0.015036
[step     1400] t/d=  2.800 | task1=1.579226e-01 | |m1|=0.021121 | m1²=0.000446 | ||w||²/d=0.891232 | eps_adapter=1.926245e+00 | residual_overlap=0.015042
[step     1425] t/d=  2.850 | task1=1.577942e-01 | |m1|=0.021139 | m1²=0.000447 | ||w||²/d=0.890178 | eps_adapter=1.924052e+00 | residual_overlap=0.015047
[step     1450] t/d=  2.900 | task1=1.576592e-01 | |m1|=0.021120 | m1²=0.000446 | ||w||²/d=0.889069 | eps_adapter=1.921752e+00 | residual_overlap=0.015048
[step     1475] t/d=  2.950 | task1=1.575313e-01 | |m1|=0.021163 | m1²=0.000448 | ||w||²/d=0.888011 | eps_adapter=1.919555e+00 | residual_overlap=0.015049
[step     1500] t/d=  3.000 | task1=1.574215e-01 | |m1|=0.021269 | m1²=0.000452 | ||w||²/d=0.887122 | eps_adapter=1.917706e+00 | residual_overlap=0.015047
[step     1525] t/d=  3.050 | task1=1.573240e-01 | |m1|=0.021244 | m1²=0.000451 | ||w||²/d=0.886303 | eps_adapter=1.916012e+00 | residual_overlap=0.015044
[step     1550] t/d=  3.100 | task1=1.571746e-01 | |m1|=0.021251 | m1²=0.000452 | ||w||²/d=0.885008 | eps_adapter=1.913337e+00 | residual_overlap=0.015048
[step     1575] t/d=  3.150 | task1=1.569909e-01 | |m1|=0.021411 | m1²=0.000458 | ||w||²/d=0.883644 | eps_adapter=1.910508e+00 | residual_overlap=0.015052
[step     1600] t/d=  3.200 | task1=1.568384e-01 | |m1|=0.021458 | m1²=0.000460 | ||w||²/d=0.882390 | eps_adapter=1.907921e+00 | residual_overlap=0.015039
[step     1625] t/d=  3.250 | task1=1.567291e-01 | |m1|=0.021591 | m1²=0.000466 | ||w||²/d=0.881320 | eps_adapter=1.905709e+00 | residual_overlap=0.015045
[step     1650] t/d=  3.300 | task1=1.566146e-01 | |m1|=0.021712 | m1²=0.000471 | ||w||²/d=0.880302 | eps_adapter=1.903606e+00 | residual_overlap=0.015047
[step     1675] t/d=  3.350 | task1=1.564813e-01 | |m1|=0.021865 | m1²=0.000478 | ||w||²/d=0.879011 | eps_adapter=1.900943e+00 | residual_overlap=0.015049
[step     1700] t/d=  3.400 | task1=1.563563e-01 | |m1|=0.021845 | m1²=0.000477 | ||w||²/d=0.877902 | eps_adapter=1.898672e+00 | residual_overlap=0.015042
[step     1725] t/d=  3.450 | task1=1.561999e-01 | |m1|=0.021757 | m1²=0.000473 | ||w||²/d=0.876707 | eps_adapter=1.896234e+00 | residual_overlap=0.015040
[step     1750] t/d=  3.500 | task1=1.561001e-01 | |m1|=0.021570 | m1²=0.000465 | ||w||²/d=0.875878 | eps_adapter=1.894554e+00 | residual_overlap=0.015036
[step     1775] t/d=  3.550 | task1=1.559674e-01 | |m1|=0.021508 | m1²=0.000463 | ||w||²/d=0.874806 | eps_adapter=1.892370e+00 | residual_overlap=0.015047
[step     1800] t/d=  3.600 | task1=1.558238e-01 | |m1|=0.021633 | m1²=0.000468 | ||w||²/d=0.873604 | eps_adapter=1.889906e+00 | residual_overlap=0.015048
[step     1825] t/d=  3.650 | task1=1.556718e-01 | |m1|=0.021751 | m1²=0.000473 | ||w||²/d=0.872189 | eps_adapter=1.887017e+00 | residual_overlap=0.015056
[step     1850] t/d=  3.700 | task1=1.555474e-01 | |m1|=0.021934 | m1²=0.000481 | ||w||²/d=0.870957 | eps_adapter=1.884495e+00 | residual_overlap=0.015056
[step     1875] t/d=  3.750 | task1=1.554257e-01 | |m1|=0.021863 | m1²=0.000478 | ||w||²/d=0.869939 | eps_adapter=1.882433e+00 | residual_overlap=0.015065
[step     1900] t/d=  3.800 | task1=1.553136e-01 | |m1|=0.022005 | m1²=0.000484 | ||w||²/d=0.869055 | eps_adapter=1.880629e+00 | residual_overlap=0.015069
[step     1925] t/d=  3.850 | task1=1.551812e-01 | |m1|=0.022062 | m1²=0.000487 | ||w||²/d=0.867968 | eps_adapter=1.878421e+00 | residual_overlap=0.015072
[step     1950] t/d=  3.900 | task1=1.550262e-01 | |m1|=0.021999 | m1²=0.000484 | ||w||²/d=0.866721 | eps_adapter=1.875903e+00 | residual_overlap=0.015082
[step     1975] t/d=  3.950 | task1=1.549237e-01 | |m1|=0.021918 | m1²=0.000480 | ||w||²/d=0.865865 | eps_adapter=1.874180e+00 | residual_overlap=0.015076
[step     2000] t/d=  4.000 | task1=1.548277e-01 | |m1|=0.021971 | m1²=0.000483 | ||w||²/d=0.865024 | eps_adapter=1.872476e+00 | residual_overlap=0.015075
[step     2025] t/d=  4.050 | task1=1.546973e-01 | |m1|=0.021904 | m1²=0.000480 | ||w||²/d=0.864022 | eps_adapter=1.870462e+00 | residual_overlap=0.015082
[step     2050] t/d=  4.100 | task1=1.545441e-01 | |m1|=0.021886 | m1²=0.000479 | ||w||²/d=0.862742 | eps_adapter=1.867885e+00 | residual_overlap=0.015089
[step     2075] t/d=  4.150 | task1=1.543937e-01 | |m1|=0.021924 | m1²=0.000481 | ||w||²/d=0.861511 | eps_adapter=1.865404e+00 | residual_overlap=0.015078
[step     2100] t/d=  4.200 | task1=1.542362e-01 | |m1|=0.021909 | m1²=0.000480 | ||w||²/d=0.860366 | eps_adapter=1.863106e+00 | residual_overlap=0.015093
[step     2125] t/d=  4.250 | task1=1.541602e-01 | |m1|=0.022018 | m1²=0.000485 | ||w||²/d=0.859753 | eps_adapter=1.861868e+00 | residual_overlap=0.015093
[step     2150] t/d=  4.300 | task1=1.539875e-01 | |m1|=0.021959 | m1²=0.000482 | ||w||²/d=0.858437 | eps_adapter=1.859233e+00 | residual_overlap=0.015095
[step     2175] t/d=  4.350 | task1=1.538475e-01 | |m1|=0.021869 | m1²=0.000478 | ||w||²/d=0.857139 | eps_adapter=1.856644e+00 | residual_overlap=0.015107
[step     2200] t/d=  4.400 | task1=1.537375e-01 | |m1|=0.021818 | m1²=0.000476 | ||w||²/d=0.856322 | eps_adapter=1.855015e+00 | residual_overlap=0.015109
[step     2225] t/d=  4.450 | task1=1.535905e-01 | |m1|=0.021771 | m1²=0.000474 | ||w||²/d=0.855169 | eps_adapter=1.852716e+00 | residual_overlap=0.015115
[step     2250] t/d=  4.500 | task1=1.534600e-01 | |m1|=0.021871 | m1²=0.000478 | ||w||²/d=0.854201 | eps_adapter=1.850777e+00 | residual_overlap=0.015108
[step     2275] t/d=  4.550 | task1=1.533358e-01 | |m1|=0.021920 | m1²=0.000480 | ||w||²/d=0.853184 | eps_adapter=1.848748e+00 | residual_overlap=0.015118
[step     2300] t/d=  4.600 | task1=1.532230e-01 | |m1|=0.021927 | m1²=0.000481 | ||w||²/d=0.852164 | eps_adapter=1.846718e+00 | residual_overlap=0.015123
[step     2325] t/d=  4.650 | task1=1.530848e-01 | |m1|=0.021960 | m1²=0.000482 | ||w||²/d=0.851089 | eps_adapter=1.844579e+00 | residual_overlap=0.015127
[step     2350] t/d=  4.700 | task1=1.529405e-01 | |m1|=0.021984 | m1²=0.000483 | ||w||²/d=0.849808 | eps_adapter=1.842037e+00 | residual_overlap=0.015122
[step     2375] t/d=  4.750 | task1=1.528306e-01 | |m1|=0.022078 | m1²=0.000487 | ||w||²/d=0.848817 | eps_adapter=1.840064e+00 | residual_overlap=0.015120
[step     2400] t/d=  4.800 | task1=1.527170e-01 | |m1|=0.022195 | m1²=0.000493 | ||w||²/d=0.847841 | eps_adapter=1.838124e+00 | residual_overlap=0.015123
[step     2425] t/d=  4.850 | task1=1.525358e-01 | |m1|=0.022153 | m1²=0.000491 | ||w||²/d=0.846393 | eps_adapter=1.835265e+00 | residual_overlap=0.015130
[step     2450] t/d=  4.900 | task1=1.524097e-01 | |m1|=0.022218 | m1²=0.000494 | ||w||²/d=0.845330 | eps_adapter=1.833161e+00 | residual_overlap=0.015134
[step     2475] t/d=  4.950 | task1=1.522559e-01 | |m1|=0.022247 | m1²=0.000495 | ||w||²/d=0.844070 | eps_adapter=1.830676e+00 | residual_overlap=0.015134
[step     2500] t/d=  5.000 | task1=1.521025e-01 | |m1|=0.022181 | m1²=0.000492 | ||w||²/d=0.842702 | eps_adapter=1.827989e+00 | residual_overlap=0.015123
Saved checkpoint: results/quality_pretraining/finetunetask1_d500_T5/prestep_10000000_lr0p01_init1_wseed21_sgdseed22/checkpoints/step_000002500
[step     2600] t/d=  5.200 | task1=1.516804e-01 | |m1|=0.022305 | m1²=0.000498 | ||w||²/d=0.839398 | eps_adapter=1.821496e+00 | residual_overlap=0.015122
[step     2700] t/d=  5.400 | task1=1.511884e-01 | |m1|=0.022548 | m1²=0.000508 | ||w||²/d=0.835261 | eps_adapter=1.813395e+00 | residual_overlap=0.015099
[step     2800] t/d=  5.600 | task1=1.506481e-01 | |m1|=0.022466 | m1²=0.000505 | ||w||²/d=0.830937 | eps_adapter=1.804996e+00 | residual_overlap=0.015095
[step     2900] t/d=  5.800 | task1=1.502598e-01 | |m1|=0.022084 | m1²=0.000488 | ||w||²/d=0.827444 | eps_adapter=1.798270e+00 | residual_overlap=0.015095
[step     3000] t/d=  6.000 | task1=1.497620e-01 | |m1|=0.022167 | m1²=0.000491 | ||w||²/d=0.823278 | eps_adapter=1.790240e+00 | residual_overlap=0.015077
[step     3100] t/d=  6.200 | task1=1.492886e-01 | |m1|=0.022256 | m1²=0.000495 | ||w||²/d=0.818965 | eps_adapter=1.781971e+00 | residual_overlap=0.015094
[step     3200] t/d=  6.400 | task1=1.487987e-01 | |m1|=0.022401 | m1²=0.000502 | ||w||²/d=0.814997 | eps_adapter=1.774397e+00 | residual_overlap=0.015105
[step     3300] t/d=  6.600 | task1=1.483660e-01 | |m1|=0.022498 | m1²=0.000506 | ||w||²/d=0.811479 | eps_adapter=1.767713e+00 | residual_overlap=0.015118
[step     3400] t/d=  6.800 | task1=1.477994e-01 | |m1|=0.022572 | m1²=0.000509 | ||w||²/d=0.806581 | eps_adapter=1.758463e+00 | residual_overlap=0.015139
[step     3500] t/d=  7.000 | task1=1.473560e-01 | |m1|=0.022571 | m1²=0.000509 | ||w||²/d=0.802835 | eps_adapter=1.751430e+00 | residual_overlap=0.015140
[step     3600] t/d=  7.200 | task1=1.468871e-01 | |m1|=0.022505 | m1²=0.000506 | ||w||²/d=0.798805 | eps_adapter=1.743906e+00 | residual_overlap=0.015127
[step     3700] t/d=  7.400 | task1=1.463834e-01 | |m1|=0.022511 | m1²=0.000507 | ||w||²/d=0.794664 | eps_adapter=1.736208e+00 | residual_overlap=0.015132
[step     3800] t/d=  7.600 | task1=1.459346e-01 | |m1|=0.022423 | m1²=0.000503 | ||w||²/d=0.790806 | eps_adapter=1.729080e+00 | residual_overlap=0.015155
[step     3900] t/d=  7.800 | task1=1.454102e-01 | |m1|=0.022579 | m1²=0.000510 | ||w||²/d=0.786499 | eps_adapter=1.721143e+00 | residual_overlap=0.015139
[step     4000] t/d=  8.000 | task1=1.448840e-01 | |m1|=0.022526 | m1²=0.000507 | ||w||²/d=0.782053 | eps_adapter=1.713011e+00 | residual_overlap=0.015137
[step     4100] t/d=  8.200 | task1=1.443434e-01 | |m1|=0.022885 | m1²=0.000524 | ||w||²/d=0.777572 | eps_adapter=1.704833e+00 | residual_overlap=0.015148
[step     4200] t/d=  8.400 | task1=1.439062e-01 | |m1|=0.023095 | m1²=0.000533 | ||w||²/d=0.773657 | eps_adapter=1.697733e+00 | residual_overlap=0.015122
[step     4300] t/d=  8.600 | task1=1.434452e-01 | |m1|=0.023270 | m1²=0.000541 | ||w||²/d=0.769754 | eps_adapter=1.690693e+00 | residual_overlap=0.015110
[step     4400] t/d=  8.800 | task1=1.429691e-01 | |m1|=0.023433 | m1²=0.000549 | ||w||²/d=0.765512 | eps_adapter=1.683083e+00 | residual_overlap=0.015102
[step     4500] t/d=  9.000 | task1=1.425597e-01 | |m1|=0.023675 | m1²=0.000560 | ||w||²/d=0.762045 | eps_adapter=1.676886e+00 | residual_overlap=0.015113
[step     4600] t/d=  9.200 | task1=1.421053e-01 | |m1|=0.023473 | m1²=0.000551 | ||w||²/d=0.758133 | eps_adapter=1.669965e+00 | residual_overlap=0.015103
[step     4700] t/d=  9.400 | task1=1.416795e-01 | |m1|=0.023765 | m1²=0.000565 | ||w||²/d=0.754625 | eps_adapter=1.663754e+00 | residual_overlap=0.015096
[step     4800] t/d=  9.600 | task1=1.412769e-01 | |m1|=0.023669 | m1²=0.000560 | ||w||²/d=0.750954 | eps_adapter=1.657315e+00 | residual_overlap=0.015102
[step     4900] t/d=  9.800 | task1=1.407989e-01 | |m1|=0.024166 | m1²=0.000584 | ||w||²/d=0.747032 | eps_adapter=1.650422e+00 | residual_overlap=0.015128
[step     5000] t/d= 10.000 | task1=1.403199e-01 | |m1|=0.024009 | m1²=0.000576 | ||w||²/d=0.742997 | eps_adapter=1.643423e+00 | residual_overlap=0.015117
Saved checkpoint: results/quality_pretraining/finetunetask1_d500_T5/prestep_10000000_lr0p01_init1_wseed21_sgdseed22/checkpoints/step_000005000
[step     5100] t/d= 10.200 | task1=1.398572e-01 | |m1|=0.024165 | m1²=0.000584 | ||w||²/d=0.738845 | eps_adapter=1.636234e+00 | residual_overlap=0.015125
[step     5200] t/d= 10.400 | task1=1.393354e-01 | |m1|=0.024322 | m1²=0.000592 | ||w||²/d=0.734593 | eps_adapter=1.628915e+00 | residual_overlap=0.015143
[step     5300] t/d= 10.600 | task1=1.388683e-01 | |m1|=0.024335 | m1²=0.000592 | ||w||²/d=0.730727 | eps_adapter=1.622307e+00 | residual_overlap=0.015153
[step     5400] t/d= 10.800 | task1=1.384543e-01 | |m1|=0.024220 | m1²=0.000587 | ||w||²/d=0.727000 | eps_adapter=1.615979e+00 | residual_overlap=0.015141
[step     5500] t/d= 11.000 | task1=1.380815e-01 | |m1|=0.024460 | m1²=0.000598 | ||w||²/d=0.723751 | eps_adapter=1.610463e+00 | residual_overlap=0.015134
[step     5600] t/d= 11.200 | task1=1.377371e-01 | |m1|=0.024547 | m1²=0.000603 | ||w||²/d=0.720556 | eps_adapter=1.605075e+00 | residual_overlap=0.015166
[step     5700] t/d= 11.400 | task1=1.373490e-01 | |m1|=0.024751 | m1²=0.000613 | ||w||²/d=0.717039 | eps_adapter=1.599163e+00 | residual_overlap=0.015147
[step     5800] t/d= 11.600 | task1=1.368789e-01 | |m1|=0.025071 | m1²=0.000629 | ||w||²/d=0.712942 | eps_adapter=1.592305e+00 | residual_overlap=0.015154
[step     5900] t/d= 11.800 | task1=1.365236e-01 | |m1|=0.025160 | m1²=0.000633 | ||w||²/d=0.709759 | eps_adapter=1.587017e+00 | residual_overlap=0.015153
[step     6000] t/d= 12.000 | task1=1.360777e-01 | |m1|=0.025140 | m1²=0.000632 | ||w||²/d=0.706037 | eps_adapter=1.580873e+00 | residual_overlap=0.015140
[step     6100] t/d= 12.200 | task1=1.356590e-01 | |m1|=0.025047 | m1²=0.000627 | ||w||²/d=0.702336 | eps_adapter=1.574802e+00 | residual_overlap=0.015126
[step     6200] t/d= 12.400 | task1=1.353153e-01 | |m1|=0.025124 | m1²=0.000631 | ||w||²/d=0.699410 | eps_adapter=1.570012e+00 | residual_overlap=0.015115
[step     6300] t/d= 12.600 | task1=1.349274e-01 | |m1|=0.025195 | m1²=0.000635 | ||w||²/d=0.696084 | eps_adapter=1.564593e+00 | residual_overlap=0.015124
[step     6400] t/d= 12.800 | task1=1.344844e-01 | |m1|=0.025131 | m1²=0.000632 | ||w||²/d=0.692228 | eps_adapter=1.558355e+00 | residual_overlap=0.015134
[step     6500] t/d= 13.000 | task1=1.341020e-01 | |m1|=0.025073 | m1²=0.000629 | ||w||²/d=0.689035 | eps_adapter=1.553216e+00 | residual_overlap=0.015126
[step     6600] t/d= 13.200 | task1=1.337439e-01 | |m1|=0.025209 | m1²=0.000636 | ||w||²/d=0.685689 | eps_adapter=1.547841e+00 | residual_overlap=0.015143
[step     6700] t/d= 13.400 | task1=1.334310e-01 | |m1|=0.025512 | m1²=0.000651 | ||w||²/d=0.682798 | eps_adapter=1.543205e+00 | residual_overlap=0.015129
[step     6800] t/d= 13.600 | task1=1.330707e-01 | |m1|=0.025502 | m1²=0.000650 | ||w||²/d=0.679605 | eps_adapter=1.538132e+00 | residual_overlap=0.015120
[step     6900] t/d= 13.800 | task1=1.327355e-01 | |m1|=0.025308 | m1²=0.000641 | ||w||²/d=0.676708 | eps_adapter=1.533566e+00 | residual_overlap=0.015104
[step     7000] t/d= 14.000 | task1=1.323624e-01 | |m1|=0.025342 | m1²=0.000642 | ||w||²/d=0.673475 | eps_adapter=1.528471e+00 | residual_overlap=0.015083
[step     7100] t/d= 14.200 | task1=1.320947e-01 | |m1|=0.025412 | m1²=0.000646 | ||w||²/d=0.670893 | eps_adapter=1.524420e+00 | residual_overlap=0.015097
[step     7200] t/d= 14.400 | task1=1.317638e-01 | |m1|=0.025627 | m1²=0.000657 | ||w||²/d=0.667937 | eps_adapter=1.519788e+00 | residual_overlap=0.015112
[step     7300] t/d= 14.600 | task1=1.314683e-01 | |m1|=0.025613 | m1²=0.000656 | ||w||²/d=0.665159 | eps_adapter=1.515470e+00 | residual_overlap=0.015119
[step     7400] t/d= 14.800 | task1=1.311087e-01 | |m1|=0.025814 | m1²=0.000666 | ||w||²/d=0.661845 | eps_adapter=1.510327e+00 | residual_overlap=0.015123
[step     7500] t/d= 15.000 | task1=1.307249e-01 | |m1|=0.025835 | m1²=0.000667 | ||w||²/d=0.658246 | eps_adapter=1.504785e+00 | residual_overlap=0.015128
[step     7600] t/d= 15.200 | task1=1.303280e-01 | |m1|=0.025800 | m1²=0.000666 | ||w||²/d=0.654849 | eps_adapter=1.499587e+00 | residual_overlap=0.015121
[step     7700] t/d= 15.400 | task1=1.300435e-01 | |m1|=0.025949 | m1²=0.000673 | ||w||²/d=0.652217 | eps_adapter=1.495564e+00 | residual_overlap=0.015132
[step     7800] t/d= 15.600 | task1=1.297864e-01 | |m1|=0.026202 | m1²=0.000687 | ||w||²/d=0.649854 | eps_adapter=1.491957e+00 | residual_overlap=0.015121
[step     7900] t/d= 15.800 | task1=1.294732e-01 | |m1|=0.026370 | m1²=0.000695 | ||w||²/d=0.647049 | eps_adapter=1.487703e+00 | residual_overlap=0.015135
[step     8000] t/d= 16.000 | task1=1.291422e-01 | |m1|=0.026643 | m1²=0.000710 | ||w||²/d=0.644095 | eps_adapter=1.483236e+00 | residual_overlap=0.015157
[step     8100] t/d= 16.200 | task1=1.287807e-01 | |m1|=0.026807 | m1²=0.000719 | ||w||²/d=0.640988 | eps_adapter=1.478568e+00 | residual_overlap=0.015132
[step     8200] t/d= 16.400 | task1=1.283814e-01 | |m1|=0.026929 | m1²=0.000725 | ||w||²/d=0.637322 | eps_adapter=1.473095e+00 | residual_overlap=0.015148
[step     8300] t/d= 16.600 | task1=1.280445e-01 | |m1|=0.027215 | m1²=0.000741 | ||w||²/d=0.634257 | eps_adapter=1.468530e+00 | residual_overlap=0.015139
[step     8400] t/d= 16.800 | task1=1.277139e-01 | |m1|=0.027750 | m1²=0.000770 | ||w||²/d=0.631249 | eps_adapter=1.464052e+00 | residual_overlap=0.015142
[step     8500] t/d= 17.000 | task1=1.274118e-01 | |m1|=0.027774 | m1²=0.000771 | ||w||²/d=0.628506 | eps_adapter=1.460021e+00 | residual_overlap=0.015144
[step     8600] t/d= 17.200 | task1=1.271524e-01 | |m1|=0.027956 | m1²=0.000782 | ||w||²/d=0.625962 | eps_adapter=1.456286e+00 | residual_overlap=0.015156
[step     8700] t/d= 17.400 | task1=1.268560e-01 | |m1|=0.028094 | m1²=0.000789 | ||w||²/d=0.623431 | eps_adapter=1.452589e+00 | residual_overlap=0.015134
[step     8800] t/d= 17.600 | task1=1.264901e-01 | |m1|=0.028093 | m1²=0.000789 | ||w||²/d=0.620140 | eps_adapter=1.447818e+00 | residual_overlap=0.015142
[step     8900] t/d= 17.800 | task1=1.262439e-01 | |m1|=0.027797 | m1²=0.000773 | ||w||²/d=0.617715 | eps_adapter=1.444341e+00 | residual_overlap=0.015149
[step     9000] t/d= 18.000 | task1=1.259140e-01 | |m1|=0.028080 | m1²=0.000789 | ||w||²/d=0.614681 | eps_adapter=1.439961e+00 | residual_overlap=0.015142
[step     9100] t/d= 18.200 | task1=1.255837e-01 | |m1|=0.027975 | m1²=0.000783 | ||w||²/d=0.611795 | eps_adapter=1.435841e+00 | residual_overlap=0.015139
[step     9200] t/d= 18.400 | task1=1.252711e-01 | |m1|=0.027940 | m1²=0.000781 | ||w||²/d=0.608912 | eps_adapter=1.431741e+00 | residual_overlap=0.015127
[step     9300] t/d= 18.600 | task1=1.250598e-01 | |m1|=0.028139 | m1²=0.000792 | ||w||²/d=0.606797 | eps_adapter=1.428730e+00 | residual_overlap=0.015128
[step     9400] t/d= 18.800 | task1=1.247592e-01 | |m1|=0.028238 | m1²=0.000797 | ||w||²/d=0.604050 | eps_adapter=1.424845e+00 | residual_overlap=0.015137
[step     9500] t/d= 19.000 | task1=1.244653e-01 | |m1|=0.028298 | m1²=0.000801 | ||w||²/d=0.601225 | eps_adapter=1.420870e+00 | residual_overlap=0.015143
[step     9600] t/d= 19.200 | task1=1.242092e-01 | |m1|=0.028482 | m1²=0.000811 | ||w||²/d=0.598749 | eps_adapter=1.417393e+00 | residual_overlap=0.015147
[step     9700] t/d= 19.400 | task1=1.239373e-01 | |m1|=0.028323 | m1²=0.000802 | ||w||²/d=0.596049 | eps_adapter=1.413644e+00 | residual_overlap=0.015164
[step     9800] t/d= 19.600 | task1=1.235827e-01 | |m1|=0.028446 | m1²=0.000809 | ||w||²/d=0.592958 | eps_adapter=1.409350e+00 | residual_overlap=0.015166
[step     9900] t/d= 19.800 | task1=1.232346e-01 | |m1|=0.028527 | m1²=0.000814 | ||w||²/d=0.589936 | eps_adapter=1.405179e+00 | residual_overlap=0.015162
[step    10000] t/d= 20.000 | task1=1.229969e-01 | |m1|=0.028642 | m1²=0.000820 | ||w||²/d=0.587628 | eps_adapter=1.402002e+00 | residual_overlap=0.015151
Saved checkpoint: results/quality_pretraining/finetunetask1_d500_T5/prestep_10000000_lr0p01_init1_wseed21_sgdseed22/checkpoints/step_000010000
[step    10250] t/d= 20.500 | task1=1.223356e-01 | |m1|=0.028711 | m1²=0.000824 | ||w||²/d=0.580953 | eps_adapter=1.392904e+00 | residual_overlap=0.015169
[step    10500] t/d= 21.000 | task1=1.216190e-01 | |m1|=0.029365 | m1²=0.000862 | ||w||²/d=0.574172 | eps_adapter=1.383726e+00 | residual_overlap=0.015163
[step    10750] t/d= 21.500 | task1=1.208859e-01 | |m1|=0.029511 | m1²=0.000871 | ||w||²/d=0.567284 | eps_adapter=1.374552e+00 | residual_overlap=0.015184
[step    11000] t/d= 22.000 | task1=1.201682e-01 | |m1|=0.030303 | m1²=0.000918 | ||w||²/d=0.560634 | eps_adapter=1.365752e+00 | residual_overlap=0.015209
[step    11250] t/d= 22.500 | task1=1.195709e-01 | |m1|=0.030294 | m1²=0.000918 | ||w||²/d=0.554639 | eps_adapter=1.357961e+00 | residual_overlap=0.015203
[step    11500] t/d= 23.000 | task1=1.189622e-01 | |m1|=0.031014 | m1²=0.000962 | ||w||²/d=0.548911 | eps_adapter=1.350542e+00 | residual_overlap=0.015223
[step    11750] t/d= 23.500 | task1=1.184042e-01 | |m1|=0.031320 | m1²=0.000981 | ||w||²/d=0.543237 | eps_adapter=1.343298e+00 | residual_overlap=0.015222
[step    12000] t/d= 24.000 | task1=1.178713e-01 | |m1|=0.031484 | m1²=0.000991 | ||w||²/d=0.537870 | eps_adapter=1.336525e+00 | residual_overlap=0.015239
[step    12250] t/d= 24.500 | task1=1.173414e-01 | |m1|=0.031649 | m1²=0.001002 | ||w||²/d=0.532654 | eps_adapter=1.330006e+00 | residual_overlap=0.015242
[step    12500] t/d= 25.000 | task1=1.167872e-01 | |m1|=0.031646 | m1²=0.001001 | ||w||²/d=0.527386 | eps_adapter=1.323500e+00 | residual_overlap=0.015290
[step    12750] t/d= 25.500 | task1=1.162412e-01 | |m1|=0.032111 | m1²=0.001031 | ||w||²/d=0.522154 | eps_adapter=1.317069e+00 | residual_overlap=0.015316
[step    13000] t/d= 26.000 | task1=1.156090e-01 | |m1|=0.032324 | m1²=0.001045 | ||w||²/d=0.515696 | eps_adapter=1.309244e+00 | residual_overlap=0.015337
[step    13250] t/d= 26.500 | task1=1.150820e-01 | |m1|=0.032752 | m1²=0.001073 | ||w||²/d=0.510176 | eps_adapter=1.302617e+00 | residual_overlap=0.015333
[step    13500] t/d= 27.000 | task1=1.146007e-01 | |m1|=0.032690 | m1²=0.001069 | ||w||²/d=0.505079 | eps_adapter=1.296593e+00 | residual_overlap=0.015322
[step    13750] t/d= 27.500 | task1=1.141141e-01 | |m1|=0.032647 | m1²=0.001066 | ||w||²/d=0.500096 | eps_adapter=1.290761e+00 | residual_overlap=0.015350
[step    14000] t/d= 28.000 | task1=1.136417e-01 | |m1|=0.032635 | m1²=0.001065 | ||w||²/d=0.495450 | eps_adapter=1.285374e+00 | residual_overlap=0.015333
[step    14250] t/d= 28.500 | task1=1.131446e-01 | |m1|=0.032587 | m1²=0.001062 | ||w||²/d=0.490129 | eps_adapter=1.279268e+00 | residual_overlap=0.015347
[step    14500] t/d= 29.000 | task1=1.126371e-01 | |m1|=0.033220 | m1²=0.001104 | ||w||²/d=0.484888 | eps_adapter=1.273272e+00 | residual_overlap=0.015356
[step    14750] t/d= 29.500 | task1=1.121658e-01 | |m1|=0.033468 | m1²=0.001120 | ||w||²/d=0.480107 | eps_adapter=1.267881e+00 | residual_overlap=0.015390
[step    15000] t/d= 30.000 | task1=1.117108e-01 | |m1|=0.034425 | m1²=0.001185 | ||w||²/d=0.475367 | eps_adapter=1.262540e+00 | residual_overlap=0.015356
[step    15250] t/d= 30.500 | task1=1.112467e-01 | |m1|=0.034817 | m1²=0.001212 | ||w||²/d=0.470853 | eps_adapter=1.257539e+00 | residual_overlap=0.015376
[step    15500] t/d= 31.000 | task1=1.106705e-01 | |m1|=0.035406 | m1²=0.001254 | ||w||²/d=0.464938 | eps_adapter=1.251052e+00 | residual_overlap=0.015357
[step    15750] t/d= 31.500 | task1=1.102867e-01 | |m1|=0.035886 | m1²=0.001288 | ||w||²/d=0.460633 | eps_adapter=1.246379e+00 | residual_overlap=0.015377
[step    16000] t/d= 32.000 | task1=1.099210e-01 | |m1|=0.036219 | m1²=0.001312 | ||w||²/d=0.456499 | eps_adapter=1.241942e+00 | residual_overlap=0.015342
[step    16250] t/d= 32.500 | task1=1.095240e-01 | |m1|=0.036408 | m1²=0.001326 | ||w||²/d=0.452384 | eps_adapter=1.237574e+00 | residual_overlap=0.015339
[step    16500] t/d= 33.000 | task1=1.091274e-01 | |m1|=0.036908 | m1²=0.001362 | ||w||²/d=0.448079 | eps_adapter=1.233026e+00 | residual_overlap=0.015353
[step    16750] t/d= 33.500 | task1=1.086896e-01 | |m1|=0.037084 | m1²=0.001375 | ||w||²/d=0.443420 | eps_adapter=1.228180e+00 | residual_overlap=0.015337
[step    17000] t/d= 34.000 | task1=1.082974e-01 | |m1|=0.037316 | m1²=0.001392 | ||w||²/d=0.438980 | eps_adapter=1.223604e+00 | residual_overlap=0.015321
[step    17250] t/d= 34.500 | task1=1.079346e-01 | |m1|=0.037590 | m1²=0.001413 | ||w||²/d=0.435082 | eps_adapter=1.219619e+00 | residual_overlap=0.015320
[step    17500] t/d= 35.000 | task1=1.075477e-01 | |m1|=0.037939 | m1²=0.001439 | ||w||²/d=0.430585 | eps_adapter=1.215064e+00 | residual_overlap=0.015315
[step    17750] t/d= 35.500 | task1=1.071462e-01 | |m1|=0.038569 | m1²=0.001488 | ||w||²/d=0.426121 | eps_adapter=1.210570e+00 | residual_overlap=0.015302
[step    18000] t/d= 36.000 | task1=1.068204e-01 | |m1|=0.038815 | m1²=0.001507 | ||w||²/d=0.422362 | eps_adapter=1.206842e+00 | residual_overlap=0.015282
[step    18250] t/d= 36.500 | task1=1.064030e-01 | |m1|=0.039614 | m1²=0.001569 | ||w||²/d=0.417781 | eps_adapter=1.202308e+00 | residual_overlap=0.015290
[step    18500] t/d= 37.000 | task1=1.060138e-01 | |m1|=0.039550 | m1²=0.001564 | ||w||²/d=0.413041 | eps_adapter=1.197733e+00 | residual_overlap=0.015268
[step    18750] t/d= 37.500 | task1=1.057115e-01 | |m1|=0.040282 | m1²=0.001623 | ||w||²/d=0.409451 | eps_adapter=1.194246e+00 | residual_overlap=0.015268
[step    19000] t/d= 38.000 | task1=1.054167e-01 | |m1|=0.040618 | m1²=0.001650 | ||w||²/d=0.406081 | eps_adapter=1.191026e+00 | residual_overlap=0.015263
[step    19250] t/d= 38.500 | task1=1.051014e-01 | |m1|=0.040710 | m1²=0.001657 | ||w||²/d=0.402373 | eps_adapter=1.187534e+00 | residual_overlap=0.015267
[step    19500] t/d= 39.000 | task1=1.047247e-01 | |m1|=0.041272 | m1²=0.001703 | ||w||²/d=0.398085 | eps_adapter=1.183503e+00 | residual_overlap=0.015313
[step    19750] t/d= 39.500 | task1=1.044404e-01 | |m1|=0.041780 | m1²=0.001746 | ||w||²/d=0.394693 | eps_adapter=1.180341e+00 | residual_overlap=0.015311
[step    20000] t/d= 40.000 | task1=1.041020e-01 | |m1|=0.042037 | m1²=0.001767 | ||w||²/d=0.390620 | eps_adapter=1.176605e+00 | residual_overlap=0.015289
[step    20250] t/d= 40.500 | task1=1.038158e-01 | |m1|=0.042353 | m1²=0.001794 | ||w||²/d=0.387214 | eps_adapter=1.173504e+00 | residual_overlap=0.015277
[step    20500] t/d= 41.000 | task1=1.034958e-01 | |m1|=0.042847 | m1²=0.001836 | ||w||²/d=0.383305 | eps_adapter=1.169968e+00 | residual_overlap=0.015322
[step    20750] t/d= 41.500 | task1=1.031392e-01 | |m1|=0.043399 | m1²=0.001883 | ||w||²/d=0.379191 | eps_adapter=1.166284e+00 | residual_overlap=0.015327
[step    21000] t/d= 42.000 | task1=1.028420e-01 | |m1|=0.044285 | m1²=0.001961 | ||w||²/d=0.375579 | eps_adapter=1.163053e+00 | residual_overlap=0.015319
[step    21250] t/d= 42.500 | task1=1.025570e-01 | |m1|=0.044855 | m1²=0.002012 | ||w||²/d=0.372104 | eps_adapter=1.159995e+00 | residual_overlap=0.015311
[step    21500] t/d= 43.000 | task1=1.022517e-01 | |m1|=0.045402 | m1²=0.002061 | ||w||²/d=0.368606 | eps_adapter=1.156947e+00 | residual_overlap=0.015327
[step    21750] t/d= 43.500 | task1=1.019753e-01 | |m1|=0.045238 | m1²=0.002046 | ||w||²/d=0.365025 | eps_adapter=1.153908e+00 | residual_overlap=0.015333
[step    22000] t/d= 44.000 | task1=1.016789e-01 | |m1|=0.045333 | m1²=0.002055 | ||w||²/d=0.361746 | eps_adapter=1.151134e+00 | residual_overlap=0.015342
[step    22250] t/d= 44.500 | task1=1.014089e-01 | |m1|=0.045865 | m1²=0.002104 | ||w||²/d=0.358393 | eps_adapter=1.148293e+00 | residual_overlap=0.015327
[step    22500] t/d= 45.000 | task1=1.011757e-01 | |m1|=0.046371 | m1²=0.002150 | ||w||²/d=0.355555 | eps_adapter=1.145905e+00 | residual_overlap=0.015318
[step    22750] t/d= 45.500 | task1=1.009529e-01 | |m1|=0.046730 | m1²=0.002184 | ||w||²/d=0.352774 | eps_adapter=1.143594e+00 | residual_overlap=0.015311
[step    23000] t/d= 46.000 | task1=1.006994e-01 | |m1|=0.047192 | m1²=0.002227 | ||w||²/d=0.349481 | eps_adapter=1.140877e+00 | residual_overlap=0.015291
[step    23250] t/d= 46.500 | task1=1.004442e-01 | |m1|=0.046932 | m1²=0.002203 | ||w||²/d=0.346059 | eps_adapter=1.138133e+00 | residual_overlap=0.015276
[step    23500] t/d= 47.000 | task1=1.001929e-01 | |m1|=0.047849 | m1²=0.002290 | ||w||²/d=0.342801 | eps_adapter=1.135465e+00 | residual_overlap=0.015260
[step    23750] t/d= 47.500 | task1=9.993991e-02 | |m1|=0.048147 | m1²=0.002318 | ||w||²/d=0.339459 | eps_adapter=1.132799e+00 | residual_overlap=0.015267
[step    24000] t/d= 48.000 | task1=9.968738e-02 | |m1|=0.048874 | m1²=0.002389 | ||w||²/d=0.336267 | eps_adapter=1.130247e+00 | residual_overlap=0.015306
[step    24250] t/d= 48.500 | task1=9.947362e-02 | |m1|=0.048898 | m1²=0.002391 | ||w||²/d=0.333174 | eps_adapter=1.127844e+00 | residual_overlap=0.015297
[step    24500] t/d= 49.000 | task1=9.926842e-02 | |m1|=0.049572 | m1²=0.002457 | ||w||²/d=0.330326 | eps_adapter=1.125605e+00 | residual_overlap=0.015282
[step    24750] t/d= 49.500 | task1=9.903049e-02 | |m1|=0.049974 | m1²=0.002497 | ||w||²/d=0.327366 | eps_adapter=1.123321e+00 | residual_overlap=0.015308
[step    25000] t/d= 50.000 | task1=9.882726e-02 | |m1|=0.050759 | m1²=0.002576 | ||w||²/d=0.324806 | eps_adapter=1.121330e+00 | residual_overlap=0.015336
Saved checkpoint: results/quality_pretraining/finetunetask1_d500_T5/prestep_10000000_lr0p01_init1_wseed21_sgdseed22/checkpoints/step_000025000
[step    25250] t/d= 50.500 | task1=9.862737e-02 | |m1|=0.051499 | m1²=0.002652 | ||w||²/d=0.322021 | eps_adapter=1.119191e+00 | residual_overlap=0.015357
[step    25500] t/d= 51.000 | task1=9.846836e-02 | |m1|=0.051249 | m1²=0.002626 | ||w||²/d=0.319531 | eps_adapter=1.117358e+00 | residual_overlap=0.015385
[step    25750] t/d= 51.500 | task1=9.825935e-02 | |m1|=0.051908 | m1²=0.002694 | ||w||²/d=0.316633 | eps_adapter=1.115177e+00 | residual_overlap=0.015375
[step    26000] t/d= 52.000 | task1=9.804432e-02 | |m1|=0.052545 | m1²=0.002761 | ||w||²/d=0.313734 | eps_adapter=1.113015e+00 | residual_overlap=0.015381
[step    26250] t/d= 52.500 | task1=9.786037e-02 | |m1|=0.053179 | m1²=0.002828 | ||w||²/d=0.311190 | eps_adapter=1.111129e+00 | residual_overlap=0.015406
[step    26500] t/d= 53.000 | task1=9.765660e-02 | |m1|=0.053442 | m1²=0.002856 | ||w||²/d=0.308568 | eps_adapter=1.109230e+00 | residual_overlap=0.015380
[step    26750] t/d= 53.500 | task1=9.746597e-02 | |m1|=0.054257 | m1²=0.002944 | ||w||²/d=0.306090 | eps_adapter=1.107410e+00 | residual_overlap=0.015401
[step    27000] t/d= 54.000 | task1=9.731822e-02 | |m1|=0.054691 | m1²=0.002991 | ||w||²/d=0.303749 | eps_adapter=1.105727e+00 | residual_overlap=0.015398
[step    27250] t/d= 54.500 | task1=9.713525e-02 | |m1|=0.055435 | m1²=0.003073 | ||w||²/d=0.301087 | eps_adapter=1.103812e+00 | residual_overlap=0.015401
[step    27500] t/d= 55.000 | task1=9.698667e-02 | |m1|=0.056587 | m1²=0.003202 | ||w||²/d=0.298907 | eps_adapter=1.102216e+00 | residual_overlap=0.015423
[step    27750] t/d= 55.500 | task1=9.680198e-02 | |m1|=0.057658 | m1²=0.003324 | ||w||²/d=0.296477 | eps_adapter=1.100466e+00 | residual_overlap=0.015439
[step    28000] t/d= 56.000 | task1=9.663437e-02 | |m1|=0.058081 | m1²=0.003373 | ||w||²/d=0.293991 | eps_adapter=1.098739e+00 | residual_overlap=0.015420
[step    28250] t/d= 56.500 | task1=9.645956e-02 | |m1|=0.059137 | m1²=0.003497 | ||w||²/d=0.291208 | eps_adapter=1.096781e+00 | residual_overlap=0.015464
[step    28500] t/d= 57.000 | task1=9.625939e-02 | |m1|=0.059649 | m1²=0.003558 | ||w||²/d=0.288547 | eps_adapter=1.094962e+00 | residual_overlap=0.015469
[step    28750] t/d= 57.500 | task1=9.609859e-02 | |m1|=0.060160 | m1²=0.003619 | ||w||²/d=0.286156 | eps_adapter=1.093339e+00 | residual_overlap=0.015487
[step    29000] t/d= 58.000 | task1=9.595066e-02 | |m1|=0.060141 | m1²=0.003617 | ||w||²/d=0.284069 | eps_adapter=1.091967e+00 | residual_overlap=0.015491
[step    29250] t/d= 58.500 | task1=9.584086e-02 | |m1|=0.060464 | m1²=0.003656 | ||w||²/d=0.282306 | eps_adapter=1.090792e+00 | residual_overlap=0.015497
[step    29500] t/d= 59.000 | task1=9.571715e-02 | |m1|=0.060911 | m1²=0.003710 | ||w||²/d=0.280442 | eps_adapter=1.089550e+00 | residual_overlap=0.015528
[step    29750] t/d= 59.500 | task1=9.558783e-02 | |m1|=0.061365 | m1²=0.003766 | ||w||²/d=0.278464 | eps_adapter=1.088242e+00 | residual_overlap=0.015500
[step    30000] t/d= 60.000 | task1=9.544085e-02 | |m1|=0.062100 | m1²=0.003856 | ||w||²/d=0.276437 | eps_adapter=1.086891e+00 | residual_overlap=0.015515
[step    30250] t/d= 60.500 | task1=9.530389e-02 | |m1|=0.062411 | m1²=0.003895 | ||w||²/d=0.274454 | eps_adapter=1.085610e+00 | residual_overlap=0.015520
[step    30500] t/d= 61.000 | task1=9.518970e-02 | |m1|=0.062710 | m1²=0.003933 | ||w||²/d=0.272763 | eps_adapter=1.084522e+00 | residual_overlap=0.015530
[step    30750] t/d= 61.500 | task1=9.504237e-02 | |m1|=0.063824 | m1²=0.004074 | ||w||²/d=0.270392 | eps_adapter=1.082956e+00 | residual_overlap=0.015524
[step    31000] t/d= 62.000 | task1=9.490447e-02 | |m1|=0.064070 | m1²=0.004105 | ||w||²/d=0.268340 | eps_adapter=1.081666e+00 | residual_overlap=0.015518
[step    31250] t/d= 62.500 | task1=9.475890e-02 | |m1|=0.064749 | m1²=0.004192 | ||w||²/d=0.266141 | eps_adapter=1.080263e+00 | residual_overlap=0.015571
[step    31500] t/d= 63.000 | task1=9.463895e-02 | |m1|=0.065254 | m1²=0.004258 | ||w||²/d=0.264251 | eps_adapter=1.079073e+00 | residual_overlap=0.015591
[step    31750] t/d= 63.500 | task1=9.448910e-02 | |m1|=0.065674 | m1²=0.004313 | ||w||²/d=0.261936 | eps_adapter=1.077641e+00 | residual_overlap=0.015630
[step    32000] t/d= 64.000 | task1=9.437765e-02 | |m1|=0.067249 | m1²=0.004522 | ||w||²/d=0.260098 | eps_adapter=1.076421e+00 | residual_overlap=0.015634
[step    32250] t/d= 64.500 | task1=9.423373e-02 | |m1|=0.068128 | m1²=0.004641 | ||w||²/d=0.257881 | eps_adapter=1.075036e+00 | residual_overlap=0.015665
[step    32500] t/d= 65.000 | task1=9.411082e-02 | |m1|=0.069043 | m1²=0.004767 | ||w||²/d=0.256216 | eps_adapter=1.073984e+00 | residual_overlap=0.015669
[step    32750] t/d= 65.500 | task1=9.400688e-02 | |m1|=0.069808 | m1²=0.004873 | ||w||²/d=0.254627 | eps_adapter=1.072995e+00 | residual_overlap=0.015689
[step    33000] t/d= 66.000 | task1=9.387159e-02 | |m1|=0.070777 | m1²=0.005009 | ||w||²/d=0.252217 | eps_adapter=1.071520e+00 | residual_overlap=0.015716
[step    33250] t/d= 66.500 | task1=9.375555e-02 | |m1|=0.072127 | m1²=0.005202 | ||w||²/d=0.250349 | eps_adapter=1.070340e+00 | residual_overlap=0.015705
[step    33500] t/d= 67.000 | task1=9.363894e-02 | |m1|=0.072545 | m1²=0.005263 | ||w||²/d=0.248452 | eps_adapter=1.069224e+00 | residual_overlap=0.015687
[step    33750] t/d= 67.500 | task1=9.352760e-02 | |m1|=0.073154 | m1²=0.005351 | ||w||²/d=0.246556 | eps_adapter=1.068103e+00 | residual_overlap=0.015679
[step    34000] t/d= 68.000 | task1=9.342015e-02 | |m1|=0.074054 | m1²=0.005484 | ||w||²/d=0.244971 | eps_adapter=1.067142e+00 | residual_overlap=0.015665
[step    34250] t/d= 68.500 | task1=9.332653e-02 | |m1|=0.075119 | m1²=0.005643 | ||w||²/d=0.243375 | eps_adapter=1.066168e+00 | residual_overlap=0.015659
[step    34500] t/d= 69.000 | task1=9.318661e-02 | |m1|=0.075731 | m1²=0.005735 | ||w||²/d=0.241339 | eps_adapter=1.064993e+00 | residual_overlap=0.015655
[step    34750] t/d= 69.500 | task1=9.310721e-02 | |m1|=0.076844 | m1²=0.005905 | ||w||²/d=0.239954 | eps_adapter=1.064143e+00 | residual_overlap=0.015639
[step    35000] t/d= 70.000 | task1=9.299386e-02 | |m1|=0.078380 | m1²=0.006143 | ||w||²/d=0.238193 | eps_adapter=1.063060e+00 | residual_overlap=0.015638
[step    35250] t/d= 70.500 | task1=9.289276e-02 | |m1|=0.079401 | m1²=0.006304 | ||w||²/d=0.236391 | eps_adapter=1.062004e+00 | residual_overlap=0.015634
[step    35500] t/d= 71.000 | task1=9.279433e-02 | |m1|=0.080287 | m1²=0.006446 | ||w||²/d=0.234979 | eps_adapter=1.061175e+00 | residual_overlap=0.015658
[step    35750] t/d= 71.500 | task1=9.270264e-02 | |m1|=0.081328 | m1²=0.006614 | ||w||²/d=0.233471 | eps_adapter=1.060286e+00 | residual_overlap=0.015671
[step    36000] t/d= 72.000 | task1=9.261849e-02 | |m1|=0.082499 | m1²=0.006806 | ||w||²/d=0.232019 | eps_adapter=1.059421e+00 | residual_overlap=0.015673
[step    36250] t/d= 72.500 | task1=9.253008e-02 | |m1|=0.083202 | m1²=0.006923 | ||w||²/d=0.230432 | eps_adapter=1.058530e+00 | residual_overlap=0.015704
[step    36500] t/d= 73.000 | task1=9.242581e-02 | |m1|=0.083805 | m1²=0.007023 | ||w||²/d=0.228667 | eps_adapter=1.057561e+00 | residual_overlap=0.015683
[step    36750] t/d= 73.500 | task1=9.234775e-02 | |m1|=0.084621 | m1²=0.007161 | ||w||²/d=0.227372 | eps_adapter=1.056824e+00 | residual_overlap=0.015680
[step    37000] t/d= 74.000 | task1=9.228414e-02 | |m1|=0.085513 | m1²=0.007312 | ||w||²/d=0.226136 | eps_adapter=1.056115e+00 | residual_overlap=0.015697
[step    37250] t/d= 74.500 | task1=9.220626e-02 | |m1|=0.086681 | m1²=0.007514 | ||w||²/d=0.224806 | eps_adapter=1.055338e+00 | residual_overlap=0.015688
[step    37500] t/d= 75.000 | task1=9.214881e-02 | |m1|=0.087408 | m1²=0.007640 | ||w||²/d=0.223580 | eps_adapter=1.054655e+00 | residual_overlap=0.015654
[step    37750] t/d= 75.500 | task1=9.205792e-02 | |m1|=0.088173 | m1²=0.007775 | ||w||²/d=0.221903 | eps_adapter=1.053746e+00 | residual_overlap=0.015649
[step    38000] t/d= 76.000 | task1=9.198593e-02 | |m1|=0.088597 | m1²=0.007849 | ||w||²/d=0.220580 | eps_adapter=1.053050e+00 | residual_overlap=0.015658
[step    38250] t/d= 76.500 | task1=9.191813e-02 | |m1|=0.088787 | m1²=0.007883 | ||w||²/d=0.219367 | eps_adapter=1.052432e+00 | residual_overlap=0.015682
[step    38500] t/d= 77.000 | task1=9.184644e-02 | |m1|=0.089211 | m1²=0.007959 | ||w||²/d=0.217942 | eps_adapter=1.051693e+00 | residual_overlap=0.015710
[step    38750] t/d= 77.500 | task1=9.177262e-02 | |m1|=0.090040 | m1²=0.008107 | ||w||²/d=0.216712 | eps_adapter=1.051020e+00 | residual_overlap=0.015710
[step    39000] t/d= 78.000 | task1=9.171329e-02 | |m1|=0.090639 | m1²=0.008215 | ||w||²/d=0.215658 | eps_adapter=1.050456e+00 | residual_overlap=0.015715
[step    39250] t/d= 78.500 | task1=9.164982e-02 | |m1|=0.092520 | m1²=0.008560 | ||w||²/d=0.214474 | eps_adapter=1.049723e+00 | residual_overlap=0.015706
[step    39500] t/d= 79.000 | task1=9.157679e-02 | |m1|=0.093529 | m1²=0.008748 | ||w||²/d=0.212968 | eps_adapter=1.048914e+00 | residual_overlap=0.015733
[step    39750] t/d= 79.500 | task1=9.150541e-02 | |m1|=0.093985 | m1²=0.008833 | ||w||²/d=0.211648 | eps_adapter=1.048245e+00 | residual_overlap=0.015768
[step    40000] t/d= 80.000 | task1=9.141981e-02 | |m1|=0.094660 | m1²=0.008960 | ||w||²/d=0.210265 | eps_adapter=1.047533e+00 | residual_overlap=0.015777
[step    40250] t/d= 80.500 | task1=9.134818e-02 | |m1|=0.095785 | m1²=0.009175 | ||w||²/d=0.208964 | eps_adapter=1.046825e+00 | residual_overlap=0.015801
[step    40500] t/d= 81.000 | task1=9.126747e-02 | |m1|=0.096833 | m1²=0.009377 | ||w||²/d=0.207578 | eps_adapter=1.046088e+00 | residual_overlap=0.015777
[step    40750] t/d= 81.500 | task1=9.120182e-02 | |m1|=0.098451 | m1²=0.009693 | ||w||²/d=0.206565 | eps_adapter=1.045477e+00 | residual_overlap=0.015781
[step    41000] t/d= 82.000 | task1=9.113477e-02 | |m1|=0.099520 | m1²=0.009904 | ||w||²/d=0.205402 | eps_adapter=1.044849e+00 | residual_overlap=0.015751
[step    41250] t/d= 82.500 | task1=9.107670e-02 | |m1|=0.100272 | m1²=0.010055 | ||w||²/d=0.204281 | eps_adapter=1.044270e+00 | residual_overlap=0.015779
[step    41500] t/d= 83.000 | task1=9.101662e-02 | |m1|=0.101583 | m1²=0.010319 | ||w||²/d=0.203132 | eps_adapter=1.043633e+00 | residual_overlap=0.015808
[step    41750] t/d= 83.500 | task1=9.095486e-02 | |m1|=0.102347 | m1²=0.010475 | ||w||²/d=0.201950 | eps_adapter=1.043032e+00 | residual_overlap=0.015841
[step    42000] t/d= 84.000 | task1=9.089650e-02 | |m1|=0.102981 | m1²=0.010605 | ||w||²/d=0.200782 | eps_adapter=1.042453e+00 | residual_overlap=0.015900
[step    42250] t/d= 84.500 | task1=9.083684e-02 | |m1|=0.104025 | m1²=0.010821 | ||w||²/d=0.199494 | eps_adapter=1.041788e+00 | residual_overlap=0.015944
[step    42500] t/d= 85.000 | task1=9.078633e-02 | |m1|=0.105092 | m1²=0.011044 | ||w||²/d=0.198420 | eps_adapter=1.041218e+00 | residual_overlap=0.015966
[step    42750] t/d= 85.500 | task1=9.071481e-02 | |m1|=0.106111 | m1²=0.011260 | ||w||²/d=0.197168 | eps_adapter=1.040578e+00 | residual_overlap=0.015953
[step    43000] t/d= 86.000 | task1=9.066580e-02 | |m1|=0.106787 | m1²=0.011403 | ||w||²/d=0.195991 | eps_adapter=1.040006e+00 | residual_overlap=0.015940
[step    43250] t/d= 86.500 | task1=9.061253e-02 | |m1|=0.107524 | m1²=0.011562 | ||w||²/d=0.194902 | eps_adapter=1.039469e+00 | residual_overlap=0.015963
[step    43500] t/d= 87.000 | task1=9.057099e-02 | |m1|=0.108377 | m1²=0.011746 | ||w||²/d=0.194085 | eps_adapter=1.039041e+00 | residual_overlap=0.016003
[step    43750] t/d= 87.500 | task1=9.052454e-02 | |m1|=0.109903 | m1²=0.012079 | ||w||²/d=0.193187 | eps_adapter=1.038520e+00 | residual_overlap=0.016015
[step    44000] t/d= 88.000 | task1=9.046894e-02 | |m1|=0.110850 | m1²=0.012288 | ||w||²/d=0.192176 | eps_adapter=1.038004e+00 | residual_overlap=0.016023
[step    44250] t/d= 88.500 | task1=9.040496e-02 | |m1|=0.112186 | m1²=0.012586 | ||w||²/d=0.191182 | eps_adapter=1.037463e+00 | residual_overlap=0.016015
[step    44500] t/d= 89.000 | task1=9.034640e-02 | |m1|=0.113550 | m1²=0.012894 | ||w||²/d=0.190149 | eps_adapter=1.036905e+00 | residual_overlap=0.016065
[step    44750] t/d= 89.500 | task1=9.030353e-02 | |m1|=0.114832 | m1²=0.013186 | ||w||²/d=0.189264 | eps_adapter=1.036418e+00 | residual_overlap=0.016094
[step    45000] t/d= 90.000 | task1=9.026016e-02 | |m1|=0.115850 | m1²=0.013421 | ||w||²/d=0.188354 | eps_adapter=1.035947e+00 | residual_overlap=0.016124
[step    45250] t/d= 90.500 | task1=9.020310e-02 | |m1|=0.117243 | m1²=0.013746 | ||w||²/d=0.187312 | eps_adapter=1.035389e+00 | residual_overlap=0.016159
[step    45500] t/d= 91.000 | task1=9.014616e-02 | |m1|=0.118563 | m1²=0.014057 | ||w||²/d=0.186186 | eps_adapter=1.034806e+00 | residual_overlap=0.016149
[step    45750] t/d= 91.500 | task1=9.010092e-02 | |m1|=0.119621 | m1²=0.014309 | ||w||²/d=0.185203 | eps_adapter=1.034309e+00 | residual_overlap=0.016176
[step    46000] t/d= 92.000 | task1=9.004199e-02 | |m1|=0.120954 | m1²=0.014630 | ||w||²/d=0.184163 | eps_adapter=1.033765e+00 | residual_overlap=0.016176
[step    46250] t/d= 92.500 | task1=9.000167e-02 | |m1|=0.122215 | m1²=0.014937 | ||w||²/d=0.183355 | eps_adapter=1.033323e+00 | residual_overlap=0.016165
[step    46500] t/d= 93.000 | task1=8.995315e-02 | |m1|=0.123282 | m1²=0.015198 | ||w||²/d=0.182459 | eps_adapter=1.032866e+00 | residual_overlap=0.016156
[step    46750] t/d= 93.500 | task1=8.990885e-02 | |m1|=0.124598 | m1²=0.015525 | ||w||²/d=0.181805 | eps_adapter=1.032481e+00 | residual_overlap=0.016177
[step    47000] t/d= 94.000 | task1=8.985354e-02 | |m1|=0.126061 | m1²=0.015891 | ||w||²/d=0.180819 | eps_adapter=1.031954e+00 | residual_overlap=0.016186
[step    47250] t/d= 94.500 | task1=8.979912e-02 | |m1|=0.127543 | m1²=0.016267 | ||w||²/d=0.179768 | eps_adapter=1.031401e+00 | residual_overlap=0.016169
[step    47500] t/d= 95.000 | task1=8.975748e-02 | |m1|=0.128513 | m1²=0.016516 | ||w||²/d=0.178973 | eps_adapter=1.031000e+00 | residual_overlap=0.016173
[step    47750] t/d= 95.500 | task1=8.970037e-02 | |m1|=0.130171 | m1²=0.016944 | ||w||²/d=0.178201 | eps_adapter=1.030541e+00 | residual_overlap=0.016169
[step    48000] t/d= 96.000 | task1=8.964267e-02 | |m1|=0.131745 | m1²=0.017357 | ||w||²/d=0.177174 | eps_adapter=1.029995e+00 | residual_overlap=0.016153
[step    48250] t/d= 96.500 | task1=8.960354e-02 | |m1|=0.132776 | m1²=0.017629 | ||w||²/d=0.176437 | eps_adapter=1.029614e+00 | residual_overlap=0.016152
[step    48500] t/d= 97.000 | task1=8.955684e-02 | |m1|=0.134338 | m1²=0.018047 | ||w||²/d=0.175514 | eps_adapter=1.029112e+00 | residual_overlap=0.016157
[step    48750] t/d= 97.500 | task1=8.949813e-02 | |m1|=0.135882 | m1²=0.018464 | ||w||²/d=0.174397 | eps_adapter=1.028542e+00 | residual_overlap=0.016157
[step    49000] t/d= 98.000 | task1=8.945064e-02 | |m1|=0.137350 | m1²=0.018865 | ||w||²/d=0.173579 | eps_adapter=1.028092e+00 | residual_overlap=0.016162
[step    49250] t/d= 98.500 | task1=8.940781e-02 | |m1|=0.139100 | m1²=0.019349 | ||w||²/d=0.172746 | eps_adapter=1.027609e+00 | residual_overlap=0.016207
[step    49500] t/d= 99.000 | task1=8.936200e-02 | |m1|=0.140526 | m1²=0.019748 | ||w||²/d=0.171718 | eps_adapter=1.027090e+00 | residual_overlap=0.016184
[step    49750] t/d= 99.500 | task1=8.930755e-02 | |m1|=0.141897 | m1²=0.020135 | ||w||²/d=0.170576 | eps_adapter=1.026540e+00 | residual_overlap=0.016174
[step    50000] t/d=100.000 | task1=8.926617e-02 | |m1|=0.143291 | m1²=0.020532 | ||w||²/d=0.169847 | eps_adapter=1.026136e+00 | residual_overlap=0.016194
[step    50250] t/d=100.500 | task1=8.923041e-02 | |m1|=0.145130 | m1²=0.021063 | ||w||²/d=0.169027 | eps_adapter=1.025655e+00 | residual_overlap=0.016181
[step    50500] t/d=101.000 | task1=8.919449e-02 | |m1|=0.147025 | m1²=0.021616 | ||w||²/d=0.168510 | eps_adapter=1.025273e+00 | residual_overlap=0.016189
[step    50750] t/d=101.500 | task1=8.915341e-02 | |m1|=0.148261 | m1²=0.021981 | ||w||²/d=0.167824 | eps_adapter=1.024903e+00 | residual_overlap=0.016185
[step    51000] t/d=102.000 | task1=8.911036e-02 | |m1|=0.150194 | m1²=0.022558 | ||w||²/d=0.167079 | eps_adapter=1.024439e+00 | residual_overlap=0.016204
[step    51250] t/d=102.500 | task1=8.907419e-02 | |m1|=0.151675 | m1²=0.023005 | ||w||²/d=0.166328 | eps_adapter=1.024023e+00 | residual_overlap=0.016215
[step    51500] t/d=103.000 | task1=8.902178e-02 | |m1|=0.153128 | m1²=0.023448 | ||w||²/d=0.165445 | eps_adapter=1.023566e+00 | residual_overlap=0.016249
[step    51750] t/d=103.500 | task1=8.897760e-02 | |m1|=0.154935 | m1²=0.024005 | ||w||²/d=0.164740 | eps_adapter=1.023132e+00 | residual_overlap=0.016228
[step    52000] t/d=104.000 | task1=8.894269e-02 | |m1|=0.156094 | m1²=0.024365 | ||w||²/d=0.164032 | eps_adapter=1.022769e+00 | residual_overlap=0.016204
[step    52250] t/d=104.500 | task1=8.890426e-02 | |m1|=0.157416 | m1²=0.024780 | ||w||²/d=0.163249 | eps_adapter=1.022365e+00 | residual_overlap=0.016231
[step    52500] t/d=105.000 | task1=8.886414e-02 | |m1|=0.159394 | m1²=0.025406 | ||w||²/d=0.162559 | eps_adapter=1.021920e+00 | residual_overlap=0.016227
[step    52750] t/d=105.500 | task1=8.880981e-02 | |m1|=0.161134 | m1²=0.025964 | ||w||²/d=0.161728 | eps_adapter=1.021456e+00 | residual_overlap=0.016235
[step    53000] t/d=106.000 | task1=8.877758e-02 | |m1|=0.162641 | m1²=0.026452 | ||w||²/d=0.161019 | eps_adapter=1.021059e+00 | residual_overlap=0.016207
[step    53250] t/d=106.500 | task1=8.873296e-02 | |m1|=0.164220 | m1²=0.026968 | ||w||²/d=0.160208 | eps_adapter=1.020623e+00 | residual_overlap=0.016188
[step    53500] t/d=107.000 | task1=8.869248e-02 | |m1|=0.165846 | m1²=0.027505 | ||w||²/d=0.159553 | eps_adapter=1.020231e+00 | residual_overlap=0.016187
[step    53750] t/d=107.500 | task1=8.865925e-02 | |m1|=0.167689 | m1²=0.028120 | ||w||²/d=0.159002 | eps_adapter=1.019848e+00 | residual_overlap=0.016211
[step    54000] t/d=108.000 | task1=8.862694e-02 | |m1|=0.168747 | m1²=0.028475 | ||w||²/d=0.158346 | eps_adapter=1.019523e+00 | residual_overlap=0.016188
[step    54250] t/d=108.500 | task1=8.858621e-02 | |m1|=0.170034 | m1²=0.028911 | ||w||²/d=0.157598 | eps_adapter=1.019145e+00 | residual_overlap=0.016199
[step    54500] t/d=109.000 | task1=8.855930e-02 | |m1|=0.171645 | m1²=0.029462 | ||w||²/d=0.157108 | eps_adapter=1.018809e+00 | residual_overlap=0.016192
[step    54750] t/d=109.500 | task1=8.851353e-02 | |m1|=0.173915 | m1²=0.030246 | ||w||²/d=0.156458 | eps_adapter=1.018347e+00 | residual_overlap=0.016173
[step    55000] t/d=110.000 | task1=8.847311e-02 | |m1|=0.175591 | m1²=0.030832 | ||w||²/d=0.155665 | eps_adapter=1.017913e+00 | residual_overlap=0.016159
[step    55250] t/d=110.500 | task1=8.843047e-02 | |m1|=0.177248 | m1²=0.031417 | ||w||²/d=0.154924 | eps_adapter=1.017498e+00 | residual_overlap=0.016152
[step    55500] t/d=111.000 | task1=8.839386e-02 | |m1|=0.178658 | m1²=0.031919 | ||w||²/d=0.154202 | eps_adapter=1.017119e+00 | residual_overlap=0.016143
[step    55750] t/d=111.500 | task1=8.834868e-02 | |m1|=0.180989 | m1²=0.032757 | ||w||²/d=0.153528 | eps_adapter=1.016645e+00 | residual_overlap=0.016152
[step    56000] t/d=112.000 | task1=8.830639e-02 | |m1|=0.183038 | m1²=0.033503 | ||w||²/d=0.152926 | eps_adapter=1.016226e+00 | residual_overlap=0.016141
[step    56250] t/d=112.500 | task1=8.827426e-02 | |m1|=0.184952 | m1²=0.034207 | ||w||²/d=0.152525 | eps_adapter=1.015880e+00 | residual_overlap=0.016164
[step    56500] t/d=113.000 | task1=8.822900e-02 | |m1|=0.186946 | m1²=0.034949 | ||w||²/d=0.151801 | eps_adapter=1.015433e+00 | residual_overlap=0.016176
[step    56750] t/d=113.500 | task1=8.819912e-02 | |m1|=0.188538 | m1²=0.035546 | ||w||²/d=0.151202 | eps_adapter=1.015071e+00 | residual_overlap=0.016162
[step    57000] t/d=114.000 | task1=8.816040e-02 | |m1|=0.190610 | m1²=0.036332 | ||w||²/d=0.150648 | eps_adapter=1.014663e+00 | residual_overlap=0.016167
[step    57250] t/d=114.500 | task1=8.812576e-02 | |m1|=0.192367 | m1²=0.037005 | ||w||²/d=0.150054 | eps_adapter=1.014283e+00 | residual_overlap=0.016174
[step    57500] t/d=115.000 | task1=8.809196e-02 | |m1|=0.194754 | m1²=0.037929 | ||w||²/d=0.149580 | eps_adapter=1.013856e+00 | residual_overlap=0.016175
[step    57750] t/d=115.500 | task1=8.804242e-02 | |m1|=0.196780 | m1²=0.038722 | ||w||²/d=0.148879 | eps_adapter=1.013414e+00 | residual_overlap=0.016165
[step    58000] t/d=116.000 | task1=8.800459e-02 | |m1|=0.198671 | m1²=0.039470 | ||w||²/d=0.148314 | eps_adapter=1.013026e+00 | residual_overlap=0.016192
[step    58250] t/d=116.500 | task1=8.796842e-02 | |m1|=0.200330 | m1²=0.040132 | ||w||²/d=0.147778 | eps_adapter=1.012675e+00 | residual_overlap=0.016177
[step    58500] t/d=117.000 | task1=8.792732e-02 | |m1|=0.202479 | m1²=0.040998 | ||w||²/d=0.147209 | eps_adapter=1.012253e+00 | residual_overlap=0.016201
[step    58750] t/d=117.500 | task1=8.788694e-02 | |m1|=0.204826 | m1²=0.041954 | ||w||²/d=0.146631 | eps_adapter=1.011803e+00 | residual_overlap=0.016200
[step    59000] t/d=118.000 | task1=8.785072e-02 | |m1|=0.206251 | m1²=0.042540 | ||w||²/d=0.145747 | eps_adapter=1.011397e+00 | residual_overlap=0.016201
[step    59250] t/d=118.500 | task1=8.781856e-02 | |m1|=0.208086 | m1²=0.043300 | ||w||²/d=0.145286 | eps_adapter=1.011044e+00 | residual_overlap=0.016196
[step    59500] t/d=119.000 | task1=8.778983e-02 | |m1|=0.209858 | m1²=0.044040 | ||w||²/d=0.144790 | eps_adapter=1.010691e+00 | residual_overlap=0.016178
[step    59750] t/d=119.500 | task1=8.775771e-02 | |m1|=0.211641 | m1²=0.044792 | ||w||²/d=0.144297 | eps_adapter=1.010337e+00 | residual_overlap=0.016190
[step    60000] t/d=120.000 | task1=8.771782e-02 | |m1|=0.213601 | m1²=0.045625 | ||w||²/d=0.143563 | eps_adapter=1.009903e+00 | residual_overlap=0.016199
[step    60250] t/d=120.500 | task1=8.768918e-02 | |m1|=0.215524 | m1²=0.046451 | ||w||²/d=0.143085 | eps_adapter=1.009535e+00 | residual_overlap=0.016212
[step    60500] t/d=121.000 | task1=8.765607e-02 | |m1|=0.217916 | m1²=0.047487 | ||w||²/d=0.142731 | eps_adapter=1.009133e+00 | residual_overlap=0.016201
[step    60750] t/d=121.500 | task1=8.762440e-02 | |m1|=0.219739 | m1²=0.048285 | ||w||²/d=0.142292 | eps_adapter=1.008787e+00 | residual_overlap=0.016204
[step    61000] t/d=122.000 | task1=8.758799e-02 | |m1|=0.221722 | m1²=0.049160 | ||w||²/d=0.141787 | eps_adapter=1.008404e+00 | residual_overlap=0.016186
[step    61250] t/d=122.500 | task1=8.755615e-02 | |m1|=0.223577 | m1²=0.049987 | ||w||²/d=0.141283 | eps_adapter=1.008039e+00 | residual_overlap=0.016199
[step    61500] t/d=123.000 | task1=8.751540e-02 | |m1|=0.225655 | m1²=0.050920 | ||w||²/d=0.140638 | eps_adapter=1.007612e+00 | residual_overlap=0.016211
[step    61750] t/d=123.500 | task1=8.748176e-02 | |m1|=0.227814 | m1²=0.051899 | ||w||²/d=0.140165 | eps_adapter=1.007213e+00 | residual_overlap=0.016219
[step    62000] t/d=124.000 | task1=8.745012e-02 | |m1|=0.230027 | m1²=0.052912 | ||w||²/d=0.139812 | eps_adapter=1.006831e+00 | residual_overlap=0.016209
[step    62250] t/d=124.500 | task1=8.741263e-02 | |m1|=0.232128 | m1²=0.053883 | ||w||²/d=0.139232 | eps_adapter=1.006416e+00 | residual_overlap=0.016213
[step    62500] t/d=125.000 | task1=8.736470e-02 | |m1|=0.234691 | m1²=0.055080 | ||w||²/d=0.138725 | eps_adapter=1.005952e+00 | residual_overlap=0.016190
[step    62750] t/d=125.500 | task1=8.732555e-02 | |m1|=0.237071 | m1²=0.056203 | ||w||²/d=0.138360 | eps_adapter=1.005542e+00 | residual_overlap=0.016210
[step    63000] t/d=126.000 | task1=8.728792e-02 | |m1|=0.239391 | m1²=0.057308 | ||w||²/d=0.137959 | eps_adapter=1.005132e+00 | residual_overlap=0.016216
[step    63250] t/d=126.500 | task1=8.725188e-02 | |m1|=0.241715 | m1²=0.058426 | ||w||²/d=0.137462 | eps_adapter=1.004702e+00 | residual_overlap=0.016240
[step    63500] t/d=127.000 | task1=8.721455e-02 | |m1|=0.243877 | m1²=0.059476 | ||w||²/d=0.136952 | eps_adapter=1.004292e+00 | residual_overlap=0.016252
[step    63750] t/d=127.500 | task1=8.717514e-02 | |m1|=0.246735 | m1²=0.060878 | ||w||²/d=0.136581 | eps_adapter=1.003807e+00 | residual_overlap=0.016249
[step    64000] t/d=128.000 | task1=8.713521e-02 | |m1|=0.248841 | m1²=0.061922 | ||w||²/d=0.136023 | eps_adapter=1.003396e+00 | residual_overlap=0.016241
[step    64250] t/d=128.500 | task1=8.708906e-02 | |m1|=0.251515 | m1²=0.063260 | ||w||²/d=0.135601 | eps_adapter=1.002927e+00 | residual_overlap=0.016259
[step    64500] t/d=129.000 | task1=8.704801e-02 | |m1|=0.254440 | m1²=0.064740 | ||w||²/d=0.135266 | eps_adapter=1.002434e+00 | residual_overlap=0.016217
[step    64750] t/d=129.500 | task1=8.701296e-02 | |m1|=0.256671 | m1²=0.065880 | ||w||²/d=0.134791 | eps_adapter=1.002019e+00 | residual_overlap=0.016216
[step    65000] t/d=130.000 | task1=8.697431e-02 | |m1|=0.259848 | m1²=0.067521 | ||w||²/d=0.134533 | eps_adapter=1.001498e+00 | residual_overlap=0.016236
[step    65250] t/d=130.500 | task1=8.693228e-02 | |m1|=0.262453 | m1²=0.068881 | ||w||²/d=0.134104 | eps_adapter=1.001031e+00 | residual_overlap=0.016225
[step    65500] t/d=131.000 | task1=8.690133e-02 | |m1|=0.264202 | m1²=0.069803 | ||w||²/d=0.133652 | eps_adapter=1.000691e+00 | residual_overlap=0.016220
[step    65750] t/d=131.500 | task1=8.687264e-02 | |m1|=0.266030 | m1²=0.070772 | ||w||²/d=0.133296 | eps_adapter=1.000355e+00 | residual_overlap=0.016273
[step    66000] t/d=132.000 | task1=8.683621e-02 | |m1|=0.268389 | m1²=0.072033 | ||w||²/d=0.133051 | eps_adapter=9.999540e-01 | residual_overlap=0.016286
[step    66250] t/d=132.500 | task1=8.679842e-02 | |m1|=0.271257 | m1²=0.073580 | ||w||²/d=0.132814 | eps_adapter=9.994731e-01 | residual_overlap=0.016275
[step    66500] t/d=133.000 | task1=8.676106e-02 | |m1|=0.273550 | m1²=0.074829 | ||w||²/d=0.132435 | eps_adapter=9.990586e-01 | residual_overlap=0.016307
[step    66750] t/d=133.500 | task1=8.671637e-02 | |m1|=0.276492 | m1²=0.076448 | ||w||²/d=0.132069 | eps_adapter=9.985428e-01 | residual_overlap=0.016311
[step    67000] t/d=134.000 | task1=8.667234e-02 | |m1|=0.279430 | m1²=0.078081 | ||w||²/d=0.131780 | eps_adapter=9.980365e-01 | residual_overlap=0.016284
[step    67250] t/d=134.500 | task1=8.663080e-02 | |m1|=0.282031 | m1²=0.079542 | ||w||²/d=0.131506 | eps_adapter=9.975836e-01 | residual_overlap=0.016285
[step    67500] t/d=135.000 | task1=8.658248e-02 | |m1|=0.284982 | m1²=0.081215 | ||w||²/d=0.131118 | eps_adapter=9.970572e-01 | residual_overlap=0.016256
[step    67750] t/d=135.500 | task1=8.654388e-02 | |m1|=0.287356 | m1²=0.082573 | ||w||²/d=0.130923 | eps_adapter=9.966476e-01 | residual_overlap=0.016282
[step    68000] t/d=136.000 | task1=8.650412e-02 | |m1|=0.289797 | m1²=0.083982 | ||w||²/d=0.130565 | eps_adapter=9.962047e-01 | residual_overlap=0.016269
[step    68250] t/d=136.500 | task1=8.646522e-02 | |m1|=0.292211 | m1²=0.085387 | ||w||²/d=0.130322 | eps_adapter=9.957792e-01 | residual_overlap=0.016255
[step    68500] t/d=137.000 | task1=8.642781e-02 | |m1|=0.295116 | m1²=0.087093 | ||w||²/d=0.130079 | eps_adapter=9.952706e-01 | residual_overlap=0.016257
[step    68750] t/d=137.500 | task1=8.638945e-02 | |m1|=0.297646 | m1²=0.088593 | ||w||²/d=0.129833 | eps_adapter=9.948215e-01 | residual_overlap=0.016295
[step    69000] t/d=138.000 | task1=8.634722e-02 | |m1|=0.300240 | m1²=0.090144 | ||w||²/d=0.129652 | eps_adapter=9.943668e-01 | residual_overlap=0.016285
[step    69250] t/d=138.500 | task1=8.630216e-02 | |m1|=0.303257 | m1²=0.091965 | ||w||²/d=0.129324 | eps_adapter=9.938229e-01 | residual_overlap=0.016297
[step    69500] t/d=139.000 | task1=8.625646e-02 | |m1|=0.306373 | m1²=0.093864 | ||w||²/d=0.129175 | eps_adapter=9.932773e-01 | residual_overlap=0.016257
[step    69750] t/d=139.500 | task1=8.620527e-02 | |m1|=0.309504 | m1²=0.095793 | ||w||²/d=0.128994 | eps_adapter=9.927219e-01 | residual_overlap=0.016226
[step    70000] t/d=140.000 | task1=8.615547e-02 | |m1|=0.312633 | m1²=0.097739 | ||w||²/d=0.128810 | eps_adapter=9.921629e-01 | residual_overlap=0.016250
[step    70250] t/d=140.500 | task1=8.611014e-02 | |m1|=0.315842 | m1²=0.099756 | ||w||²/d=0.128604 | eps_adapter=9.915841e-01 | residual_overlap=0.016213
[step    70500] t/d=141.000 | task1=8.606019e-02 | |m1|=0.318667 | m1²=0.101549 | ||w||²/d=0.128244 | eps_adapter=9.910571e-01 | residual_overlap=0.016218
[step    70750] t/d=141.500 | task1=8.601461e-02 | |m1|=0.321177 | m1²=0.103155 | ||w||²/d=0.127936 | eps_adapter=9.905885e-01 | residual_overlap=0.016220
[step    71000] t/d=142.000 | task1=8.597073e-02 | |m1|=0.324009 | m1²=0.104982 | ||w||²/d=0.127705 | eps_adapter=9.900669e-01 | residual_overlap=0.016202
[step    71250] t/d=142.500 | task1=8.591463e-02 | |m1|=0.327122 | m1²=0.107009 | ||w||²/d=0.127381 | eps_adapter=9.894862e-01 | residual_overlap=0.016171
[step    71500] t/d=143.000 | task1=8.587472e-02 | |m1|=0.329820 | m1²=0.108781 | ||w||²/d=0.127180 | eps_adapter=9.889859e-01 | residual_overlap=0.016167
[step    71750] t/d=143.500 | task1=8.582104e-02 | |m1|=0.333350 | m1²=0.111122 | ||w||²/d=0.127121 | eps_adapter=9.883391e-01 | residual_overlap=0.016175
[step    72000] t/d=144.000 | task1=8.576861e-02 | |m1|=0.336551 | m1²=0.113267 | ||w||²/d=0.126855 | eps_adapter=9.877363e-01 | residual_overlap=0.016181
[step    72250] t/d=144.500 | task1=8.570800e-02 | |m1|=0.340019 | m1²=0.115613 | ||w||²/d=0.126656 | eps_adapter=9.870840e-01 | residual_overlap=0.016168
[step    72500] t/d=145.000 | task1=8.566454e-02 | |m1|=0.342916 | m1²=0.117592 | ||w||²/d=0.126473 | eps_adapter=9.865350e-01 | residual_overlap=0.016181
[step    72750] t/d=145.500 | task1=8.561120e-02 | |m1|=0.346250 | m1²=0.119889 | ||w||²/d=0.126350 | eps_adapter=9.859026e-01 | residual_overlap=0.016172
[step    73000] t/d=146.000 | task1=8.556147e-02 | |m1|=0.349353 | m1²=0.122047 | ||w||²/d=0.126159 | eps_adapter=9.853075e-01 | residual_overlap=0.016173
[step    73250] t/d=146.500 | task1=8.551100e-02 | |m1|=0.352067 | m1²=0.123951 | ||w||²/d=0.125930 | eps_adapter=9.847824e-01 | residual_overlap=0.016142
[step    73500] t/d=147.000 | task1=8.546167e-02 | |m1|=0.355165 | m1²=0.126142 | ||w||²/d=0.125768 | eps_adapter=9.841830e-01 | residual_overlap=0.016105
[step    73750] t/d=147.500 | task1=8.540872e-02 | |m1|=0.358253 | m1²=0.128345 | ||w||²/d=0.125498 | eps_adapter=9.835800e-01 | residual_overlap=0.016123
[step    74000] t/d=148.000 | task1=8.535044e-02 | |m1|=0.361656 | m1²=0.130795 | ||w||²/d=0.125312 | eps_adapter=9.829136e-01 | residual_overlap=0.016113
[step    74250] t/d=148.500 | task1=8.529337e-02 | |m1|=0.364560 | m1²=0.132904 | ||w||²/d=0.125113 | eps_adapter=9.823417e-01 | residual_overlap=0.016077
[step    74500] t/d=149.000 | task1=8.523893e-02 | |m1|=0.367753 | m1²=0.135242 | ||w||²/d=0.124974 | eps_adapter=9.817096e-01 | residual_overlap=0.016076
[step    74750] t/d=149.500 | task1=8.519139e-02 | |m1|=0.370565 | m1²=0.137319 | ||w||²/d=0.124673 | eps_adapter=9.811505e-01 | residual_overlap=0.016113
[step    75000] t/d=150.000 | task1=8.514831e-02 | |m1|=0.373217 | m1²=0.139291 | ||w||²/d=0.124630 | eps_adapter=9.806196e-01 | residual_overlap=0.016126
[step    75250] t/d=150.500 | task1=8.509892e-02 | |m1|=0.376244 | m1²=0.141560 | ||w||²/d=0.124386 | eps_adapter=9.800124e-01 | residual_overlap=0.016137
[step    75500] t/d=151.000 | task1=8.504347e-02 | |m1|=0.379637 | m1²=0.144124 | ||w||²/d=0.124040 | eps_adapter=9.793306e-01 | residual_overlap=0.016134
[step    75750] t/d=151.500 | task1=8.499638e-02 | |m1|=0.382428 | m1²=0.146251 | ||w||²/d=0.123874 | eps_adapter=9.787650e-01 | residual_overlap=0.016131
[step    76000] t/d=152.000 | task1=8.494427e-02 | |m1|=0.385288 | m1²=0.148447 | ||w||²/d=0.123691 | eps_adapter=9.781830e-01 | residual_overlap=0.016160
[step    76250] t/d=152.500 | task1=8.488599e-02 | |m1|=0.388577 | m1²=0.150992 | ||w||²/d=0.123614 | eps_adapter=9.775057e-01 | residual_overlap=0.016182
[step    76500] t/d=153.000 | task1=8.481580e-02 | |m1|=0.392403 | m1²=0.153980 | ||w||²/d=0.123377 | eps_adapter=9.767180e-01 | residual_overlap=0.016195
[step    76750] t/d=153.500 | task1=8.475729e-02 | |m1|=0.395598 | m1²=0.156498 | ||w||²/d=0.123322 | eps_adapter=9.760496e-01 | residual_overlap=0.016211
[step    77000] t/d=154.000 | task1=8.469954e-02 | |m1|=0.398855 | m1²=0.159085 | ||w||²/d=0.123202 | eps_adapter=9.753669e-01 | residual_overlap=0.016209
[step    77250] t/d=154.500 | task1=8.462671e-02 | |m1|=0.402697 | m1²=0.162165 | ||w||²/d=0.123205 | eps_adapter=9.745468e-01 | residual_overlap=0.016183
[step    77500] t/d=155.000 | task1=8.457021e-02 | |m1|=0.405567 | m1²=0.164485 | ||w||²/d=0.123233 | eps_adapter=9.739274e-01 | residual_overlap=0.016152
[step    77750] t/d=155.500 | task1=8.451164e-02 | |m1|=0.408760 | m1²=0.167085 | ||w||²/d=0.123277 | eps_adapter=9.732318e-01 | residual_overlap=0.016145
[step    78000] t/d=156.000 | task1=8.445086e-02 | |m1|=0.412006 | m1²=0.169749 | ||w||²/d=0.123344 | eps_adapter=9.725170e-01 | residual_overlap=0.016143
[step    78250] t/d=156.500 | task1=8.438718e-02 | |m1|=0.415486 | m1²=0.172629 | ||w||²/d=0.123461 | eps_adapter=9.717395e-01 | residual_overlap=0.016147
[step    78500] t/d=157.000 | task1=8.432812e-02 | |m1|=0.418785 | m1²=0.175381 | ||w||²/d=0.123399 | eps_adapter=9.710108e-01 | residual_overlap=0.016164
[step    78750] t/d=157.500 | task1=8.426857e-02 | |m1|=0.421998 | m1²=0.178083 | ||w||²/d=0.123136 | eps_adapter=9.703161e-01 | residual_overlap=0.016142
[step    79000] t/d=158.000 | task1=8.420443e-02 | |m1|=0.425494 | m1²=0.181045 | ||w||²/d=0.123147 | eps_adapter=9.695268e-01 | residual_overlap=0.016110
[step    79250] t/d=158.500 | task1=8.414047e-02 | |m1|=0.428632 | m1²=0.183725 | ||w||²/d=0.123039 | eps_adapter=9.688254e-01 | residual_overlap=0.016128
[step    79500] t/d=159.000 | task1=8.406563e-02 | |m1|=0.432510 | m1²=0.187065 | ||w||²/d=0.123042 | eps_adapter=9.679372e-01 | residual_overlap=0.016138
[step    79750] t/d=159.500 | task1=8.400915e-02 | |m1|=0.435794 | m1²=0.189916 | ||w||²/d=0.123037 | eps_adapter=9.671798e-01 | residual_overlap=0.016148
[step    80000] t/d=160.000 | task1=8.393162e-02 | |m1|=0.439448 | m1²=0.193114 | ||w||²/d=0.122981 | eps_adapter=9.663369e-01 | residual_overlap=0.016135
[step    80250] t/d=160.500 | task1=8.386579e-02 | |m1|=0.442622 | m1²=0.195914 | ||w||²/d=0.122874 | eps_adapter=9.656074e-01 | residual_overlap=0.016116
[step    80500] t/d=161.000 | task1=8.380249e-02 | |m1|=0.445760 | m1²=0.198702 | ||w||²/d=0.122793 | eps_adapter=9.648789e-01 | residual_overlap=0.016130
[step    80750] t/d=161.500 | task1=8.372908e-02 | |m1|=0.449629 | m1²=0.202167 | ||w||²/d=0.122905 | eps_adapter=9.639428e-01 | residual_overlap=0.016128
[step    81000] t/d=162.000 | task1=8.366261e-02 | |m1|=0.452714 | m1²=0.204950 | ||w||²/d=0.122792 | eps_adapter=9.632213e-01 | residual_overlap=0.016141
[step    81250] t/d=162.500 | task1=8.358724e-02 | |m1|=0.456547 | m1²=0.208436 | ||w||²/d=0.122815 | eps_adapter=9.622927e-01 | residual_overlap=0.016145
[step    81500] t/d=163.000 | task1=8.351306e-02 | |m1|=0.460260 | m1²=0.211839 | ||w||²/d=0.122781 | eps_adapter=9.613952e-01 | residual_overlap=0.016145
[step    81750] t/d=163.500 | task1=8.342320e-02 | |m1|=0.464574 | m1²=0.215829 | ||w||²/d=0.122828 | eps_adapter=9.603282e-01 | residual_overlap=0.016139
[step    82000] t/d=164.000 | task1=8.334183e-02 | |m1|=0.468432 | m1²=0.219429 | ||w||²/d=0.122946 | eps_adapter=9.593508e-01 | residual_overlap=0.016160
[step    82250] t/d=164.500 | task1=8.326998e-02 | |m1|=0.472107 | m1²=0.222885 | ||w||²/d=0.122853 | eps_adapter=9.584509e-01 | residual_overlap=0.016161
[step    82500] t/d=165.000 | task1=8.318450e-02 | |m1|=0.475867 | m1²=0.226450 | ||w||²/d=0.122967 | eps_adapter=9.574815e-01 | residual_overlap=0.016171
[step    82750] t/d=165.500 | task1=8.312091e-02 | |m1|=0.479158 | m1²=0.229592 | ||w||²/d=0.122950 | eps_adapter=9.566499e-01 | residual_overlap=0.016160
[step    83000] t/d=166.000 | task1=8.304711e-02 | |m1|=0.482737 | m1²=0.233035 | ||w||²/d=0.122854 | eps_adapter=9.557560e-01 | residual_overlap=0.016194
[step    83250] t/d=166.500 | task1=8.296341e-02 | |m1|=0.486592 | m1²=0.236771 | ||w||²/d=0.122965 | eps_adapter=9.547393e-01 | residual_overlap=0.016192
[step    83500] t/d=167.000 | task1=8.286838e-02 | |m1|=0.490348 | m1²=0.240441 | ||w||²/d=0.123183 | eps_adapter=9.537138e-01 | residual_overlap=0.016196
[step    83750] t/d=167.500 | task1=8.278190e-02 | |m1|=0.494414 | m1²=0.244445 | ||w||²/d=0.123221 | eps_adapter=9.526389e-01 | residual_overlap=0.016189
[step    84000] t/d=168.000 | task1=8.269974e-02 | |m1|=0.497765 | m1²=0.247770 | ||w||²/d=0.123444 | eps_adapter=9.516985e-01 | residual_overlap=0.016187
[step    84250] t/d=168.500 | task1=8.261479e-02 | |m1|=0.501427 | m1²=0.251429 | ||w||²/d=0.123611 | eps_adapter=9.506797e-01 | residual_overlap=0.016169
[step    84500] t/d=169.000 | task1=8.253068e-02 | |m1|=0.505088 | m1²=0.255114 | ||w||²/d=0.123664 | eps_adapter=9.496820e-01 | residual_overlap=0.016186
[step    84750] t/d=169.500 | task1=8.242948e-02 | |m1|=0.509161 | m1²=0.259245 | ||w||²/d=0.123987 | eps_adapter=9.484904e-01 | residual_overlap=0.016191
[step    85000] t/d=170.000 | task1=8.233575e-02 | |m1|=0.512977 | m1²=0.263145 | ||w||²/d=0.124192 | eps_adapter=9.473883e-01 | residual_overlap=0.016174
[step    85250] t/d=170.500 | task1=8.224090e-02 | |m1|=0.516840 | m1²=0.267123 | ||w||²/d=0.124397 | eps_adapter=9.462620e-01 | residual_overlap=0.016162
[step    85500] t/d=171.000 | task1=8.214707e-02 | |m1|=0.520714 | m1²=0.271143 | ||w||²/d=0.124607 | eps_adapter=9.451196e-01 | residual_overlap=0.016148
[step    85750] t/d=171.500 | task1=8.204815e-02 | |m1|=0.524513 | m1²=0.275114 | ||w||²/d=0.124887 | eps_adapter=9.439654e-01 | residual_overlap=0.016143
[step    86000] t/d=172.000 | task1=8.194941e-02 | |m1|=0.528439 | m1²=0.279248 | ||w||²/d=0.124901 | eps_adapter=9.428454e-01 | residual_overlap=0.016165
[step    86250] t/d=172.500 | task1=8.185625e-02 | |m1|=0.532387 | m1²=0.283436 | ||w||²/d=0.124993 | eps_adapter=9.416858e-01 | residual_overlap=0.016149
[step    86500] t/d=173.000 | task1=8.174097e-02 | |m1|=0.536779 | m1²=0.288132 | ||w||²/d=0.125290 | eps_adapter=9.403194e-01 | residual_overlap=0.016147
[step    86750] t/d=173.500 | task1=8.164387e-02 | |m1|=0.540513 | m1²=0.292154 | ||w||²/d=0.125478 | eps_adapter=9.391667e-01 | residual_overlap=0.016118
[step    87000] t/d=174.000 | task1=8.154299e-02 | |m1|=0.544368 | m1²=0.296336 | ||w||²/d=0.125636 | eps_adapter=9.379781e-01 | residual_overlap=0.016094
[step    87250] t/d=174.500 | task1=8.143454e-02 | |m1|=0.548567 | m1²=0.300926 | ||w||²/d=0.125813 | eps_adapter=9.366688e-01 | residual_overlap=0.016081
[step    87500] t/d=175.000 | task1=8.133267e-02 | |m1|=0.552241 | m1²=0.304970 | ||w||²/d=0.126067 | eps_adapter=9.354768e-01 | residual_overlap=0.016086
[step    87750] t/d=175.500 | task1=8.123693e-02 | |m1|=0.555860 | m1²=0.308980 | ||w||²/d=0.126320 | eps_adapter=9.342901e-01 | residual_overlap=0.016123
[step    88000] t/d=176.000 | task1=8.112055e-02 | |m1|=0.559843 | m1²=0.313424 | ||w||²/d=0.126819 | eps_adapter=9.328869e-01 | residual_overlap=0.016141
[step    88250] t/d=176.500 | task1=8.100917e-02 | |m1|=0.563789 | m1²=0.317858 | ||w||²/d=0.127102 | eps_adapter=9.315611e-01 | residual_overlap=0.016116
[step    88500] t/d=177.000 | task1=8.088469e-02 | |m1|=0.567992 | m1²=0.322615 | ||w||²/d=0.127548 | eps_adapter=9.300764e-01 | residual_overlap=0.016132
[step    88750] t/d=177.500 | task1=8.077844e-02 | |m1|=0.571765 | m1²=0.326916 | ||w||²/d=0.127648 | eps_adapter=9.288502e-01 | residual_overlap=0.016126
[step    89000] t/d=178.000 | task1=8.065221e-02 | |m1|=0.575874 | m1²=0.331631 | ||w||²/d=0.128100 | eps_adapter=9.273608e-01 | residual_overlap=0.016087
[step    89250] t/d=178.500 | task1=8.052301e-02 | |m1|=0.579975 | m1²=0.336372 | ||w||²/d=0.128504 | eps_adapter=9.258760e-01 | residual_overlap=0.016100
[step    89500] t/d=179.000 | task1=8.040920e-02 | |m1|=0.583825 | m1²=0.340851 | ||w||²/d=0.128949 | eps_adapter=9.244381e-01 | residual_overlap=0.016068
[step    89750] t/d=179.500 | task1=8.027283e-02 | |m1|=0.588022 | m1²=0.345770 | ||w||²/d=0.129512 | eps_adapter=9.228170e-01 | residual_overlap=0.016087
[step    90000] t/d=180.000 | task1=8.015531e-02 | |m1|=0.591854 | m1²=0.350291 | ||w||²/d=0.129638 | eps_adapter=9.214944e-01 | residual_overlap=0.016069
[step    90250] t/d=180.500 | task1=8.002756e-02 | |m1|=0.595919 | m1²=0.355119 | ||w||²/d=0.130062 | eps_adapter=9.199453e-01 | residual_overlap=0.016058
[step    90500] t/d=181.000 | task1=7.990498e-02 | |m1|=0.599811 | m1²=0.359773 | ||w||²/d=0.130448 | eps_adapter=9.184547e-01 | residual_overlap=0.016045
[step    90750] t/d=181.500 | task1=7.977511e-02 | |m1|=0.603590 | m1²=0.364321 | ||w||²/d=0.130895 | eps_adapter=9.169572e-01 | residual_overlap=0.016027
[step    91000] t/d=182.000 | task1=7.961673e-02 | |m1|=0.608270 | m1²=0.369992 | ||w||²/d=0.131520 | eps_adapter=9.150448e-01 | residual_overlap=0.016029
[step    91250] t/d=182.500 | task1=7.949488e-02 | |m1|=0.611948 | m1²=0.374481 | ||w||²/d=0.131931 | eps_adapter=9.135634e-01 | residual_overlap=0.016034
[step    91500] t/d=183.000 | task1=7.935349e-02 | |m1|=0.616216 | m1²=0.379722 | ||w||²/d=0.132210 | eps_adapter=9.119264e-01 | residual_overlap=0.016030
[step    91750] t/d=183.500 | task1=7.923241e-02 | |m1|=0.619654 | m1²=0.383971 | ||w||²/d=0.132557 | eps_adapter=9.105316e-01 | residual_overlap=0.016060
[step    92000] t/d=184.000 | task1=7.908776e-02 | |m1|=0.623768 | m1²=0.389086 | ||w||²/d=0.133024 | eps_adapter=9.088190e-01 | residual_overlap=0.016075
[step    92250] t/d=184.500 | task1=7.895693e-02 | |m1|=0.627530 | m1²=0.393794 | ||w||²/d=0.133493 | eps_adapter=9.072124e-01 | residual_overlap=0.016104
[step    92500] t/d=185.000 | task1=7.881159e-02 | |m1|=0.631461 | m1²=0.398743 | ||w||²/d=0.134017 | eps_adapter=9.054972e-01 | residual_overlap=0.016121
[step    92750] t/d=185.500 | task1=7.866554e-02 | |m1|=0.635260 | m1²=0.403555 | ||w||²/d=0.134624 | eps_adapter=9.037647e-01 | residual_overlap=0.016109
[step    93000] t/d=186.000 | task1=7.849801e-02 | |m1|=0.639476 | m1²=0.408930 | ||w||²/d=0.135292 | eps_adapter=9.018214e-01 | residual_overlap=0.016097
[step    93250] t/d=186.500 | task1=7.836545e-02 | |m1|=0.643048 | m1²=0.413510 | ||w||²/d=0.135747 | eps_adapter=9.002200e-01 | residual_overlap=0.016111
[step    93500] t/d=187.000 | task1=7.821891e-02 | |m1|=0.646737 | m1²=0.418269 | ||w||²/d=0.136219 | eps_adapter=8.985474e-01 | residual_overlap=0.016126
[step    93750] t/d=187.500 | task1=7.806765e-02 | |m1|=0.650485 | m1²=0.423131 | ||w||²/d=0.136844 | eps_adapter=8.967439e-01 | residual_overlap=0.016125
[step    94000] t/d=188.000 | task1=7.789640e-02 | |m1|=0.654550 | m1²=0.428435 | ||w||²/d=0.137651 | eps_adapter=8.946871e-01 | residual_overlap=0.016112
[step    94250] t/d=188.500 | task1=7.774722e-02 | |m1|=0.658075 | m1²=0.433063 | ||w||²/d=0.138132 | eps_adapter=8.930155e-01 | residual_overlap=0.016133
[step    94500] t/d=189.000 | task1=7.760081e-02 | |m1|=0.661619 | m1²=0.437740 | ||w||²/d=0.138661 | eps_adapter=8.912900e-01 | residual_overlap=0.016114
[step    94750] t/d=189.500 | task1=7.745509e-02 | |m1|=0.665082 | m1²=0.442334 | ||w||²/d=0.139328 | eps_adapter=8.894924e-01 | residual_overlap=0.016134
[step    95000] t/d=190.000 | task1=7.730619e-02 | |m1|=0.668720 | m1²=0.447187 | ||w||²/d=0.139845 | eps_adapter=8.877005e-01 | residual_overlap=0.016170
[step    95250] t/d=190.500 | task1=7.714540e-02 | |m1|=0.672462 | m1²=0.452205 | ||w||²/d=0.140411 | eps_adapter=8.858161e-01 | residual_overlap=0.016143
[step    95500] t/d=191.000 | task1=7.699332e-02 | |m1|=0.675974 | m1²=0.456940 | ||w||²/d=0.141040 | eps_adapter=8.839651e-01 | residual_overlap=0.016145
[step    95750] t/d=191.500 | task1=7.681807e-02 | |m1|=0.679778 | m1²=0.462098 | ||w||²/d=0.141799 | eps_adapter=8.818860e-01 | residual_overlap=0.016140
[step    96000] t/d=192.000 | task1=7.665213e-02 | |m1|=0.683518 | m1²=0.467197 | ||w||²/d=0.142308 | eps_adapter=8.799784e-01 | residual_overlap=0.016134
[step    96250] t/d=192.500 | task1=7.647592e-02 | |m1|=0.687250 | m1²=0.472313 | ||w||²/d=0.142994 | eps_adapter=8.779338e-01 | residual_overlap=0.016098
[step    96500] t/d=193.000 | task1=7.631311e-02 | |m1|=0.690631 | m1²=0.476971 | ||w||²/d=0.143661 | eps_adapter=8.760310e-01 | residual_overlap=0.016100
[step    96750] t/d=193.500 | task1=7.614548e-02 | |m1|=0.694225 | m1²=0.481949 | ||w||²/d=0.144308 | eps_adapter=8.740288e-01 | residual_overlap=0.016099
[step    97000] t/d=194.000 | task1=7.595013e-02 | |m1|=0.698201 | m1²=0.487485 | ||w||²/d=0.145137 | eps_adapter=8.717097e-01 | residual_overlap=0.016120
[step    97250] t/d=194.500 | task1=7.576017e-02 | |m1|=0.701916 | m1²=0.492686 | ||w||²/d=0.146005 | eps_adapter=8.694498e-01 | residual_overlap=0.016104
[step    97500] t/d=195.000 | task1=7.556324e-02 | |m1|=0.705363 | m1²=0.497537 | ||w||²/d=0.146931 | eps_adapter=8.672404e-01 | residual_overlap=0.016123
[step    97750] t/d=195.500 | task1=7.538669e-02 | |m1|=0.708759 | m1²=0.502340 | ||w||²/d=0.147635 | eps_adapter=8.651938e-01 | residual_overlap=0.016116
[step    98000] t/d=196.000 | task1=7.521535e-02 | |m1|=0.712077 | m1²=0.507054 | ||w||²/d=0.148315 | eps_adapter=8.631794e-01 | residual_overlap=0.016130
[step    98250] t/d=196.500 | task1=7.501671e-02 | |m1|=0.715689 | m1²=0.512211 | ||w||²/d=0.149317 | eps_adapter=8.607659e-01 | residual_overlap=0.016122
[step    98500] t/d=197.000 | task1=7.481523e-02 | |m1|=0.719268 | m1²=0.517346 | ||w||²/d=0.150227 | eps_adapter=8.584104e-01 | residual_overlap=0.016135
[step    98750] t/d=197.500 | task1=7.460463e-02 | |m1|=0.722996 | m1²=0.522723 | ||w||²/d=0.151142 | eps_adapter=8.559532e-01 | residual_overlap=0.016176
[step    99000] t/d=198.000 | task1=7.440946e-02 | |m1|=0.726648 | m1²=0.528018 | ||w||²/d=0.151945 | eps_adapter=8.535915e-01 | residual_overlap=0.016159
[step    99250] t/d=198.500 | task1=7.420631e-02 | |m1|=0.730202 | m1²=0.533194 | ||w||²/d=0.152765 | eps_adapter=8.512392e-01 | residual_overlap=0.016171
[step    99500] t/d=199.000 | task1=7.397461e-02 | |m1|=0.734140 | m1²=0.538961 | ||w||²/d=0.153744 | eps_adapter=8.485455e-01 | residual_overlap=0.016173
[step    99750] t/d=199.500 | task1=7.374808e-02 | |m1|=0.738030 | m1²=0.544689 | ||w||²/d=0.154792 | eps_adapter=8.457869e-01 | residual_overlap=0.016122
[step   100000] t/d=200.000 | task1=7.351996e-02 | |m1|=0.741568 | m1²=0.549924 | ||w||²/d=0.156002 | eps_adapter=8.430371e-01 | residual_overlap=0.016137
[step   100250] t/d=200.500 | task1=7.331527e-02 | |m1|=0.744814 | m1²=0.554748 | ||w||²/d=0.156940 | eps_adapter=8.406291e-01 | residual_overlap=0.016122
[step   100500] t/d=201.000 | task1=7.310899e-02 | |m1|=0.748044 | m1²=0.559569 | ||w||²/d=0.157901 | eps_adapter=8.381860e-01 | residual_overlap=0.016129
[step   100750] t/d=201.500 | task1=7.285659e-02 | |m1|=0.751788 | m1²=0.565185 | ||w||²/d=0.159141 | eps_adapter=8.352147e-01 | residual_overlap=0.016161
[step   101000] t/d=202.000 | task1=7.263199e-02 | |m1|=0.755079 | m1²=0.570144 | ||w||²/d=0.160310 | eps_adapter=8.325047e-01 | residual_overlap=0.016190
[step   101250] t/d=202.500 | task1=7.240428e-02 | |m1|=0.758266 | m1²=0.574967 | ||w||²/d=0.161636 | eps_adapter=8.296849e-01 | residual_overlap=0.016180
[step   101500] t/d=203.000 | task1=7.214180e-02 | |m1|=0.761847 | m1²=0.580411 | ||w||²/d=0.162958 | eps_adapter=8.266267e-01 | residual_overlap=0.016188
[step   101750] t/d=203.500 | task1=7.190768e-02 | |m1|=0.765064 | m1²=0.585323 | ||w||²/d=0.164148 | eps_adapter=8.238462e-01 | residual_overlap=0.016202
[step   102000] t/d=204.000 | task1=7.168824e-02 | |m1|=0.768361 | m1²=0.590378 | ||w||²/d=0.165017 | eps_adapter=8.212792e-01 | residual_overlap=0.016199
[step   102250] t/d=204.500 | task1=7.143947e-02 | |m1|=0.771662 | m1²=0.595462 | ||w||²/d=0.166303 | eps_adapter=8.183086e-01 | residual_overlap=0.016242
[step   102500] t/d=205.000 | task1=7.119452e-02 | |m1|=0.774919 | m1²=0.600499 | ||w||²/d=0.167681 | eps_adapter=8.152482e-01 | residual_overlap=0.016222
[step   102750] t/d=205.500 | task1=7.097286e-02 | |m1|=0.777993 | m1²=0.605273 | ||w||²/d=0.168655 | eps_adapter=8.126270e-01 | residual_overlap=0.016244
[step   103000] t/d=206.000 | task1=7.072919e-02 | |m1|=0.781248 | m1²=0.610348 | ||w||²/d=0.169828 | eps_adapter=8.096935e-01 | residual_overlap=0.016233
[step   103250] t/d=206.500 | task1=7.047626e-02 | |m1|=0.784384 | m1²=0.615258 | ||w||²/d=0.171076 | eps_adapter=8.067291e-01 | residual_overlap=0.016237
[step   103500] t/d=207.000 | task1=7.022914e-02 | |m1|=0.787581 | m1²=0.620284 | ||w||²/d=0.172237 | eps_adapter=8.037813e-01 | residual_overlap=0.016249
[step   103750] t/d=207.500 | task1=6.998431e-02 | |m1|=0.790654 | m1²=0.625134 | ||w||²/d=0.173340 | eps_adapter=8.009310e-01 | residual_overlap=0.016250
[step   104000] t/d=208.000 | task1=6.971432e-02 | |m1|=0.793980 | m1²=0.630404 | ||w||²/d=0.174572 | eps_adapter=7.977788e-01 | residual_overlap=0.016271
[step   104250] t/d=208.500 | task1=6.947726e-02 | |m1|=0.796700 | m1²=0.634730 | ||w||²/d=0.175743 | eps_adapter=7.950204e-01 | residual_overlap=0.016267
[step   104500] t/d=209.000 | task1=6.922171e-02 | |m1|=0.799543 | m1²=0.639269 | ||w||²/d=0.177098 | eps_adapter=7.919827e-01 | residual_overlap=0.016253
[step   104750] t/d=209.500 | task1=6.893456e-02 | |m1|=0.802660 | m1²=0.644263 | ||w||²/d=0.178611 | eps_adapter=7.885937e-01 | residual_overlap=0.016245
[step   105000] t/d=210.000 | task1=6.866177e-02 | |m1|=0.805602 | m1²=0.648994 | ||w||²/d=0.180009 | eps_adapter=7.853933e-01 | residual_overlap=0.016246
[step   105250] t/d=210.500 | task1=6.842113e-02 | |m1|=0.808189 | m1²=0.653169 | ||w||²/d=0.181330 | eps_adapter=7.824620e-01 | residual_overlap=0.016290
[step   105500] t/d=211.000 | task1=6.813862e-02 | |m1|=0.811237 | m1²=0.658105 | ||w||²/d=0.182660 | eps_adapter=7.792019e-01 | residual_overlap=0.016301
[step   105750] t/d=211.500 | task1=6.785052e-02 | |m1|=0.814153 | m1²=0.662845 | ||w||²/d=0.184230 | eps_adapter=7.757540e-01 | residual_overlap=0.016289
[step   106000] t/d=212.000 | task1=6.755595e-02 | |m1|=0.817147 | m1²=0.667729 | ||w||²/d=0.185732 | eps_adapter=7.722919e-01 | residual_overlap=0.016282
[step   106250] t/d=212.500 | task1=6.725360e-02 | |m1|=0.820019 | m1²=0.672430 | ||w||²/d=0.187280 | eps_adapter=7.688299e-01 | residual_overlap=0.016312
[step   106500] t/d=213.000 | task1=6.693134e-02 | |m1|=0.823249 | m1²=0.677739 | ||w||²/d=0.188770 | eps_adapter=7.651533e-01 | residual_overlap=0.016323
[step   106750] t/d=213.500 | task1=6.665218e-02 | |m1|=0.825727 | m1²=0.681826 | ||w||²/d=0.190302 | eps_adapter=7.619075e-01 | residual_overlap=0.016347
[step   107000] t/d=214.000 | task1=6.637183e-02 | |m1|=0.828374 | m1²=0.686203 | ||w||²/d=0.191720 | eps_adapter=7.586373e-01 | residual_overlap=0.016370
[step   107250] t/d=214.500 | task1=6.608617e-02 | |m1|=0.830807 | m1²=0.690240 | ||w||²/d=0.193343 | eps_adapter=7.552734e-01 | residual_overlap=0.016404
[step   107500] t/d=215.000 | task1=6.577598e-02 | |m1|=0.833521 | m1²=0.694757 | ||w||²/d=0.195168 | eps_adapter=7.514752e-01 | residual_overlap=0.016413
[step   107750] t/d=215.500 | task1=6.547569e-02 | |m1|=0.836329 | m1²=0.699446 | ||w||²/d=0.196785 | eps_adapter=7.477939e-01 | residual_overlap=0.016454
[step   108000] t/d=216.000 | task1=6.514180e-02 | |m1|=0.839145 | m1²=0.704164 | ||w||²/d=0.198590 | eps_adapter=7.438738e-01 | residual_overlap=0.016448
[step   108250] t/d=216.500 | task1=6.484521e-02 | |m1|=0.841734 | m1²=0.708516 | ||w||²/d=0.200274 | eps_adapter=7.402124e-01 | residual_overlap=0.016420
[step   108500] t/d=217.000 | task1=6.450720e-02 | |m1|=0.844356 | m1²=0.712938 | ||w||²/d=0.202246 | eps_adapter=7.361877e-01 | residual_overlap=0.016397
[step   108750] t/d=217.500 | task1=6.420012e-02 | |m1|=0.846784 | m1²=0.717044 | ||w||²/d=0.203893 | eps_adapter=7.326225e-01 | residual_overlap=0.016399
[step   109000] t/d=218.000 | task1=6.388736e-02 | |m1|=0.849391 | m1²=0.721465 | ||w||²/d=0.205489 | eps_adapter=7.289491e-01 | residual_overlap=0.016438
[step   109250] t/d=218.500 | task1=6.356856e-02 | |m1|=0.851668 | m1²=0.725338 | ||w||²/d=0.207449 | eps_adapter=7.251027e-01 | residual_overlap=0.016451
[step   109500] t/d=219.000 | task1=6.323869e-02 | |m1|=0.854122 | m1²=0.729525 | ||w||²/d=0.209193 | eps_adapter=7.213243e-01 | residual_overlap=0.016450
[step   109750] t/d=219.500 | task1=6.289346e-02 | |m1|=0.856684 | m1²=0.733908 | ||w||²/d=0.211055 | eps_adapter=7.173034e-01 | residual_overlap=0.016442
[step   110000] t/d=220.000 | task1=6.258815e-02 | |m1|=0.858768 | m1²=0.737483 | ||w||²/d=0.212838 | eps_adapter=7.137150e-01 | residual_overlap=0.016451
[step   110250] t/d=220.500 | task1=6.221424e-02 | |m1|=0.861205 | m1²=0.741674 | ||w||²/d=0.215006 | eps_adapter=7.093955e-01 | residual_overlap=0.016471
[step   110500] t/d=221.000 | task1=6.187305e-02 | |m1|=0.863529 | m1²=0.745683 | ||w||²/d=0.216871 | eps_adapter=7.054686e-01 | residual_overlap=0.016488
[step   110750] t/d=221.500 | task1=6.150925e-02 | |m1|=0.866017 | m1²=0.749985 | ||w||²/d=0.218784 | eps_adapter=7.013249e-01 | residual_overlap=0.016479
[step   111000] t/d=222.000 | task1=6.118088e-02 | |m1|=0.868156 | m1²=0.753695 | ||w||²/d=0.220812 | eps_adapter=6.973095e-01 | residual_overlap=0.016459
[step   111250] t/d=222.500 | task1=6.083293e-02 | |m1|=0.870539 | m1²=0.757838 | ||w||²/d=0.222731 | eps_adapter=6.931828e-01 | residual_overlap=0.016465
[step   111500] t/d=223.000 | task1=6.050225e-02 | |m1|=0.872809 | m1²=0.761796 | ||w||²/d=0.224486 | eps_adapter=6.893057e-01 | residual_overlap=0.016507
[step   111750] t/d=223.500 | task1=6.013701e-02 | |m1|=0.874943 | m1²=0.765526 | ||w||²/d=0.226693 | eps_adapter=6.850086e-01 | residual_overlap=0.016519
[step   112000] t/d=224.000 | task1=5.977179e-02 | |m1|=0.877090 | m1²=0.769287 | ||w||²/d=0.228932 | eps_adapter=6.806349e-01 | residual_overlap=0.016492
[step   112250] t/d=224.500 | task1=5.943417e-02 | |m1|=0.879435 | m1²=0.773405 | ||w||²/d=0.230582 | eps_adapter=6.767259e-01 | residual_overlap=0.016475
[step   112500] t/d=225.000 | task1=5.907194e-02 | |m1|=0.881645 | m1²=0.777297 | ||w||²/d=0.232585 | eps_adapter=6.725048e-01 | residual_overlap=0.016479
[step   112750] t/d=225.500 | task1=5.869012e-02 | |m1|=0.884052 | m1²=0.781548 | ||w||²/d=0.234642 | eps_adapter=6.680170e-01 | residual_overlap=0.016511
[step   113000] t/d=226.000 | task1=5.835303e-02 | |m1|=0.885812 | m1²=0.784662 | ||w||²/d=0.236710 | eps_adapter=6.640690e-01 | residual_overlap=0.016538
[step   113250] t/d=226.500 | task1=5.794555e-02 | |m1|=0.887805 | m1²=0.788197 | ||w||²/d=0.239198 | eps_adapter=6.594064e-01 | residual_overlap=0.016551
[step   113500] t/d=227.000 | task1=5.756615e-02 | |m1|=0.889945 | m1²=0.792003 | ||w||²/d=0.241364 | eps_adapter=6.549470e-01 | residual_overlap=0.016575
[step   113750] t/d=227.500 | task1=5.721962e-02 | |m1|=0.891890 | m1²=0.795468 | ||w||²/d=0.243299 | eps_adapter=6.509096e-01 | residual_overlap=0.016580
[step   114000] t/d=228.000 | task1=5.685149e-02 | |m1|=0.893796 | m1²=0.798871 | ||w||²/d=0.245498 | eps_adapter=6.465793e-01 | residual_overlap=0.016610
[step   114250] t/d=228.500 | task1=5.647966e-02 | |m1|=0.895573 | m1²=0.802050 | ||w||²/d=0.247826 | eps_adapter=6.421979e-01 | residual_overlap=0.016586
[step   114500] t/d=229.000 | task1=5.611946e-02 | |m1|=0.897301 | m1²=0.805149 | ||w||²/d=0.250023 | eps_adapter=6.379935e-01 | residual_overlap=0.016546
[step   114750] t/d=229.500 | task1=5.576202e-02 | |m1|=0.899154 | m1²=0.808477 | ||w||²/d=0.252062 | eps_adapter=6.338289e-01 | residual_overlap=0.016561
[step   115000] t/d=230.000 | task1=5.542049e-02 | |m1|=0.900766 | m1²=0.811379 | ||w||²/d=0.254114 | eps_adapter=6.298624e-01 | residual_overlap=0.016563
[step   115250] t/d=230.500 | task1=5.502213e-02 | |m1|=0.902737 | m1²=0.814934 | ||w||²/d=0.256409 | eps_adapter=6.252376e-01 | residual_overlap=0.016576
[step   115500] t/d=231.000 | task1=5.465601e-02 | |m1|=0.904311 | m1²=0.817778 | ||w||²/d=0.258711 | eps_adapter=6.209783e-01 | residual_overlap=0.016606
[step   115750] t/d=231.500 | task1=5.424578e-02 | |m1|=0.906133 | m1²=0.821077 | ||w||²/d=0.261382 | eps_adapter=6.160172e-01 | residual_overlap=0.016607
[step   116000] t/d=232.000 | task1=5.385139e-02 | |m1|=0.907815 | m1²=0.824128 | ||w||²/d=0.263754 | eps_adapter=6.115237e-01 | residual_overlap=0.016579
[step   116250] t/d=232.500 | task1=5.347569e-02 | |m1|=0.909332 | m1²=0.826884 | ||w||²/d=0.266276 | eps_adapter=6.070067e-01 | residual_overlap=0.016576
[step   116500] t/d=233.000 | task1=5.305316e-02 | |m1|=0.911008 | m1²=0.829936 | ||w||²/d=0.268937 | eps_adapter=6.021419e-01 | residual_overlap=0.016592
[step   116750] t/d=233.500 | task1=5.268315e-02 | |m1|=0.912539 | m1²=0.832728 | ||w||²/d=0.271304 | eps_adapter=5.977528e-01 | residual_overlap=0.016643
[step   117000] t/d=234.000 | task1=5.219846e-02 | |m1|=0.914460 | m1²=0.836238 | ||w||²/d=0.274380 | eps_adapter=5.920961e-01 | residual_overlap=0.016634
[step   117250] t/d=234.500 | task1=5.179293e-02 | |m1|=0.916075 | m1²=0.839193 | ||w||²/d=0.276939 | eps_adapter=5.873507e-01 | residual_overlap=0.016617
[step   117500] t/d=235.000 | task1=5.137868e-02 | |m1|=0.917667 | m1²=0.842113 | ||w||²/d=0.279620 | eps_adapter=5.824671e-01 | residual_overlap=0.016567
[step   117750] t/d=235.500 | task1=5.095919e-02 | |m1|=0.919182 | m1²=0.844896 | ||w||²/d=0.282325 | eps_adapter=5.776214e-01 | residual_overlap=0.016557
[step   118000] t/d=236.000 | task1=5.057237e-02 | |m1|=0.920562 | m1²=0.847434 | ||w||²/d=0.285027 | eps_adapter=5.729138e-01 | residual_overlap=0.016562
[step   118250] t/d=236.500 | task1=5.011749e-02 | |m1|=0.922139 | m1²=0.850340 | ||w||²/d=0.288020 | eps_adapter=5.676275e-01 | residual_overlap=0.016559
[step   118500] t/d=237.000 | task1=4.962923e-02 | |m1|=0.923892 | m1²=0.853576 | ||w||²/d=0.291187 | eps_adapter=5.619133e-01 | residual_overlap=0.016572
[step   118750] t/d=237.500 | task1=4.920261e-02 | |m1|=0.925349 | m1²=0.856270 | ||w||²/d=0.293983 | eps_adapter=5.569555e-01 | residual_overlap=0.016557
[step   119000] t/d=238.000 | task1=4.882394e-02 | |m1|=0.926633 | m1²=0.858650 | ||w||²/d=0.296513 | eps_adapter=5.524932e-01 | residual_overlap=0.016548
[step   119250] t/d=238.500 | task1=4.842143e-02 | |m1|=0.927995 | m1²=0.861175 | ||w||²/d=0.299181 | eps_adapter=5.477665e-01 | residual_overlap=0.016547
[step   119500] t/d=239.000 | task1=4.799100e-02 | |m1|=0.929394 | m1²=0.863773 | ||w||²/d=0.302175 | eps_adapter=5.425997e-01 | residual_overlap=0.016561
[step   119750] t/d=239.500 | task1=4.753449e-02 | |m1|=0.930833 | m1²=0.866449 | ||w||²/d=0.305311 | eps_adapter=5.372056e-01 | residual_overlap=0.016607
[step   120000] t/d=240.000 | task1=4.708077e-02 | |m1|=0.932246 | m1²=0.869083 | ||w||²/d=0.308503 | eps_adapter=5.317603e-01 | residual_overlap=0.016587
[step   120250] t/d=240.500 | task1=4.664411e-02 | |m1|=0.933517 | m1²=0.871455 | ||w||²/d=0.311570 | eps_adapter=5.266237e-01 | residual_overlap=0.016606
[step   120500] t/d=241.000 | task1=4.617625e-02 | |m1|=0.934950 | m1²=0.874132 | ||w||²/d=0.314838 | eps_adapter=5.210383e-01 | residual_overlap=0.016661
[step   120750] t/d=241.500 | task1=4.580556e-02 | |m1|=0.936058 | m1²=0.876205 | ||w||²/d=0.317359 | eps_adapter=5.167155e-01 | residual_overlap=0.016685
[step   121000] t/d=242.000 | task1=4.535975e-02 | |m1|=0.937305 | m1²=0.878541 | ||w||²/d=0.320588 | eps_adapter=5.113886e-01 | residual_overlap=0.016704
[step   121250] t/d=242.500 | task1=4.491831e-02 | |m1|=0.938594 | m1²=0.880958 | ||w||²/d=0.323665 | eps_adapter=5.061708e-01 | residual_overlap=0.016718
[step   121500] t/d=243.000 | task1=4.449442e-02 | |m1|=0.939818 | m1²=0.883257 | ||w||²/d=0.326700 | eps_adapter=5.010748e-01 | residual_overlap=0.016710
[step   121750] t/d=243.500 | task1=4.408706e-02 | |m1|=0.941035 | m1²=0.885547 | ||w||²/d=0.329310 | eps_adapter=4.964624e-01 | residual_overlap=0.016720
[step   122000] t/d=244.000 | task1=4.363026e-02 | |m1|=0.942139 | m1²=0.887626 | ||w||²/d=0.332656 | eps_adapter=4.911505e-01 | residual_overlap=0.016707
[step   122250] t/d=244.500 | task1=4.318622e-02 | |m1|=0.943409 | m1²=0.890020 | ||w||²/d=0.335722 | eps_adapter=4.859260e-01 | residual_overlap=0.016692
[step   122500] t/d=245.000 | task1=4.278109e-02 | |m1|=0.944461 | m1²=0.892006 | ||w||²/d=0.338753 | eps_adapter=4.810299e-01 | residual_overlap=0.016720
[step   122750] t/d=245.500 | task1=4.241979e-02 | |m1|=0.945465 | m1²=0.893904 | ||w||²/d=0.341383 | eps_adapter=4.766477e-01 | residual_overlap=0.016695
[step   123000] t/d=246.000 | task1=4.202002e-02 | |m1|=0.946494 | m1²=0.895851 | ||w||²/d=0.344352 | eps_adapter=4.718410e-01 | residual_overlap=0.016705
[step   123250] t/d=246.500 | task1=4.158156e-02 | |m1|=0.947617 | m1²=0.897978 | ||w||²/d=0.347502 | eps_adapter=4.666905e-01 | residual_overlap=0.016723
[step   123500] t/d=247.000 | task1=4.114270e-02 | |m1|=0.948845 | m1²=0.900306 | ||w||²/d=0.350586 | eps_adapter=4.614558e-01 | residual_overlap=0.016744
[step   123750] t/d=247.500 | task1=4.069340e-02 | |m1|=0.949948 | m1²=0.902400 | ||w||²/d=0.353878 | eps_adapter=4.561571e-01 | residual_overlap=0.016759
[step   124000] t/d=248.000 | task1=4.028956e-02 | |m1|=0.950886 | m1²=0.904185 | ||w||²/d=0.356904 | eps_adapter=4.513913e-01 | residual_overlap=0.016769
[step   124250] t/d=248.500 | task1=3.986643e-02 | |m1|=0.951895 | m1²=0.906105 | ||w||²/d=0.360038 | eps_adapter=4.463973e-01 | residual_overlap=0.016782
[step   124500] t/d=249.000 | task1=3.938683e-02 | |m1|=0.952970 | m1²=0.908151 | ||w||²/d=0.363753 | eps_adapter=4.406543e-01 | residual_overlap=0.016769
[step   124750] t/d=249.500 | task1=3.899464e-02 | |m1|=0.953880 | m1²=0.909887 | ||w||²/d=0.366648 | eps_adapter=4.360664e-01 | residual_overlap=0.016786
[step   125000] t/d=250.000 | task1=3.863221e-02 | |m1|=0.954700 | m1²=0.911453 | ||w||²/d=0.369462 | eps_adapter=4.317020e-01 | residual_overlap=0.016788
[step   125250] t/d=250.500 | task1=3.823827e-02 | |m1|=0.955604 | m1²=0.913178 | ||w||²/d=0.372432 | eps_adapter=4.270354e-01 | residual_overlap=0.016763
[step   125500] t/d=251.000 | task1=3.780291e-02 | |m1|=0.956543 | m1²=0.914974 | ||w||²/d=0.375903 | eps_adapter=4.217604e-01 | residual_overlap=0.016785
[step   125750] t/d=251.500 | task1=3.741066e-02 | |m1|=0.957392 | m1²=0.916599 | ||w||²/d=0.379093 | eps_adapter=4.169333e-01 | residual_overlap=0.016831
[step   126000] t/d=252.000 | task1=3.699919e-02 | |m1|=0.958293 | m1²=0.918326 | ||w||²/d=0.382316 | eps_adapter=4.119886e-01 | residual_overlap=0.016817
[step   126250] t/d=252.500 | task1=3.662604e-02 | |m1|=0.959030 | m1²=0.919739 | ||w||²/d=0.385292 | eps_adapter=4.075726e-01 | residual_overlap=0.016805
[step   126500] t/d=253.000 | task1=3.622026e-02 | |m1|=0.959857 | m1²=0.921325 | ||w||²/d=0.388761 | eps_adapter=4.024801e-01 | residual_overlap=0.016855
[step   126750] t/d=253.500 | task1=3.581993e-02 | |m1|=0.960697 | m1²=0.922939 | ||w||²/d=0.392001 | eps_adapter=3.976162e-01 | residual_overlap=0.016885
[step   127000] t/d=254.000 | task1=3.537665e-02 | |m1|=0.961527 | m1²=0.924534 | ||w||²/d=0.395604 | eps_adapter=3.923798e-01 | residual_overlap=0.016915
[step   127250] t/d=254.500 | task1=3.500360e-02 | |m1|=0.962278 | m1²=0.925979 | ||w||²/d=0.398752 | eps_adapter=3.877651e-01 | residual_overlap=0.016935
[step   127500] t/d=255.000 | task1=3.457321e-02 | |m1|=0.963197 | m1²=0.927749 | ||w||²/d=0.402131 | eps_adapter=3.826256e-01 | residual_overlap=0.016948
[step   127750] t/d=255.500 | task1=3.415927e-02 | |m1|=0.963903 | m1²=0.929110 | ||w||²/d=0.405665 | eps_adapter=3.776798e-01 | residual_overlap=0.016940
[step   128000] t/d=256.000 | task1=3.380019e-02 | |m1|=0.964577 | m1²=0.930409 | ||w||²/d=0.408684 | eps_adapter=3.733409e-01 | residual_overlap=0.016948
[step   128250] t/d=256.500 | task1=3.346079e-02 | |m1|=0.965242 | m1²=0.931692 | ||w||²/d=0.411391 | eps_adapter=3.693494e-01 | residual_overlap=0.016978
[step   128500] t/d=257.000 | task1=3.307435e-02 | |m1|=0.965951 | m1²=0.933061 | ||w||²/d=0.414750 | eps_adapter=3.645997e-01 | residual_overlap=0.017009
[step   128750] t/d=257.500 | task1=3.269966e-02 | |m1|=0.966564 | m1²=0.934247 | ||w||²/d=0.418027 | eps_adapter=3.601071e-01 | residual_overlap=0.017010
[step   129000] t/d=258.000 | task1=3.227531e-02 | |m1|=0.967291 | m1²=0.935653 | ||w||²/d=0.421631 | eps_adapter=3.550829e-01 | residual_overlap=0.017026
[step   129250] t/d=258.500 | task1=3.191357e-02 | |m1|=0.967925 | m1²=0.936879 | ||w||²/d=0.424851 | eps_adapter=3.506288e-01 | residual_overlap=0.017046
[step   129500] t/d=259.000 | task1=3.155947e-02 | |m1|=0.968616 | m1²=0.938217 | ||w||²/d=0.427934 | eps_adapter=3.462185e-01 | residual_overlap=0.017050
[step   129750] t/d=259.500 | task1=3.115407e-02 | |m1|=0.969368 | m1²=0.939674 | ||w||²/d=0.431551 | eps_adapter=3.411568e-01 | residual_overlap=0.017036
[step   130000] t/d=260.000 | task1=3.078024e-02 | |m1|=0.970052 | m1²=0.941001 | ||w||²/d=0.434784 | eps_adapter=3.366158e-01 | residual_overlap=0.017055
[step   130250] t/d=260.500 | task1=3.038137e-02 | |m1|=0.970788 | m1²=0.942429 | ||w||²/d=0.438003 | eps_adapter=3.319983e-01 | residual_overlap=0.017056
[step   130500] t/d=261.000 | task1=3.004903e-02 | |m1|=0.971292 | m1²=0.943409 | ||w||²/d=0.441064 | eps_adapter=3.279717e-01 | residual_overlap=0.017075
[step   130750] t/d=261.500 | task1=2.965886e-02 | |m1|=0.971898 | m1²=0.944585 | ||w||²/d=0.444776 | eps_adapter=3.231122e-01 | residual_overlap=0.017081
[step   131000] t/d=262.000 | task1=2.924576e-02 | |m1|=0.972533 | m1²=0.945821 | ||w||²/d=0.448570 | eps_adapter=3.181264e-01 | residual_overlap=0.017100
[step   131250] t/d=262.500 | task1=2.888942e-02 | |m1|=0.973097 | m1²=0.946917 | ||w||²/d=0.451907 | eps_adapter=3.137437e-01 | residual_overlap=0.017121
[step   131500] t/d=263.000 | task1=2.850587e-02 | |m1|=0.973688 | m1²=0.948069 | ||w||²/d=0.455447 | eps_adapter=3.091171e-01 | residual_overlap=0.017111
[step   131750] t/d=263.500 | task1=2.814541e-02 | |m1|=0.974286 | m1²=0.949233 | ||w||²/d=0.458686 | eps_adapter=3.047834e-01 | residual_overlap=0.017105
[step   132000] t/d=264.000 | task1=2.779430e-02 | |m1|=0.974813 | m1²=0.950261 | ||w||²/d=0.462099 | eps_adapter=3.004251e-01 | residual_overlap=0.017120
[step   132250] t/d=264.500 | task1=2.744978e-02 | |m1|=0.975347 | m1²=0.951302 | ||w||²/d=0.465469 | eps_adapter=2.961073e-01 | residual_overlap=0.017134
[step   132500] t/d=265.000 | task1=2.714004e-02 | |m1|=0.975812 | m1²=0.952209 | ||w||²/d=0.468531 | eps_adapter=2.922333e-01 | residual_overlap=0.017122
[step   132750] t/d=265.500 | task1=2.676637e-02 | |m1|=0.976329 | m1²=0.953219 | ||w||²/d=0.472181 | eps_adapter=2.877010e-01 | residual_overlap=0.017151
[step   133000] t/d=266.000 | task1=2.645575e-02 | |m1|=0.976774 | m1²=0.954088 | ||w||²/d=0.475429 | eps_adapter=2.837101e-01 | residual_overlap=0.017141
[step   133250] t/d=266.500 | task1=2.609863e-02 | |m1|=0.977330 | m1²=0.955173 | ||w||²/d=0.479003 | eps_adapter=2.792011e-01 | residual_overlap=0.017164
[step   133500] t/d=267.000 | task1=2.575486e-02 | |m1|=0.977895 | m1²=0.956278 | ||w||²/d=0.482315 | eps_adapter=2.749301e-01 | residual_overlap=0.017129
[step   133750] t/d=267.500 | task1=2.541347e-02 | |m1|=0.978382 | m1²=0.957232 | ||w||²/d=0.485739 | eps_adapter=2.707230e-01 | residual_overlap=0.017143
[step   134000] t/d=268.000 | task1=2.507667e-02 | |m1|=0.978871 | m1²=0.958188 | ||w||²/d=0.489218 | eps_adapter=2.664747e-01 | residual_overlap=0.017161
[step   134250] t/d=268.500 | task1=2.476668e-02 | |m1|=0.979310 | m1²=0.959049 | ||w||²/d=0.492345 | eps_adapter=2.626684e-01 | residual_overlap=0.017163
[step   134500] t/d=269.000 | task1=2.450462e-02 | |m1|=0.979647 | m1²=0.959708 | ||w||²/d=0.495188 | eps_adapter=2.593481e-01 | residual_overlap=0.017161
[step   134750] t/d=269.500 | task1=2.420439e-02 | |m1|=0.980100 | m1²=0.960597 | ||w||²/d=0.498339 | eps_adapter=2.555115e-01 | residual_overlap=0.017163
[step   135000] t/d=270.000 | task1=2.394385e-02 | |m1|=0.980458 | m1²=0.961299 | ||w||²/d=0.501184 | eps_adapter=2.521652e-01 | residual_overlap=0.017176
[step   135250] t/d=270.500 | task1=2.363360e-02 | |m1|=0.980874 | m1²=0.962114 | ||w||²/d=0.504502 | eps_adapter=2.482798e-01 | residual_overlap=0.017181
[step   135500] t/d=271.000 | task1=2.336714e-02 | |m1|=0.981246 | m1²=0.962844 | ||w||²/d=0.507466 | eps_adapter=2.448179e-01 | residual_overlap=0.017196
[step   135750] t/d=271.500 | task1=2.304556e-02 | |m1|=0.981657 | m1²=0.963650 | ||w||²/d=0.511015 | eps_adapter=2.407635e-01 | residual_overlap=0.017174
[step   136000] t/d=272.000 | task1=2.274300e-02 | |m1|=0.982092 | m1²=0.964504 | ||w||²/d=0.514335 | eps_adapter=2.368750e-01 | residual_overlap=0.017162
[step   136250] t/d=272.500 | task1=2.245274e-02 | |m1|=0.982447 | m1²=0.965201 | ||w||²/d=0.517594 | eps_adapter=2.332281e-01 | residual_overlap=0.017150
[step   136500] t/d=273.000 | task1=2.217657e-02 | |m1|=0.982836 | m1²=0.965968 | ||w||²/d=0.520644 | eps_adapter=2.297019e-01 | residual_overlap=0.017150
[step   136750] t/d=273.500 | task1=2.188824e-02 | |m1|=0.983222 | m1²=0.966726 | ||w||²/d=0.523983 | eps_adapter=2.259452e-01 | residual_overlap=0.017133
[step   137000] t/d=274.000 | task1=2.163363e-02 | |m1|=0.983507 | m1²=0.967287 | ||w||²/d=0.527161 | eps_adapter=2.225669e-01 | residual_overlap=0.017140
[step   137250] t/d=274.500 | task1=2.134636e-02 | |m1|=0.983912 | m1²=0.968083 | ||w||²/d=0.530359 | eps_adapter=2.189175e-01 | residual_overlap=0.017143
[step   137500] t/d=275.000 | task1=2.108275e-02 | |m1|=0.984260 | m1²=0.968768 | ||w||²/d=0.533297 | eps_adapter=2.156296e-01 | residual_overlap=0.017155
[step   137750] t/d=275.500 | task1=2.084233e-02 | |m1|=0.984603 | m1²=0.969444 | ||w||²/d=0.536092 | eps_adapter=2.124853e-01 | residual_overlap=0.017182
[step   138000] t/d=276.000 | task1=2.059186e-02 | |m1|=0.984959 | m1²=0.970144 | ||w||²/d=0.538852 | eps_adapter=2.093511e-01 | residual_overlap=0.017206
[step   138250] t/d=276.500 | task1=2.035921e-02 | |m1|=0.985212 | m1²=0.970643 | ||w||²/d=0.541718 | eps_adapter=2.063750e-01 | residual_overlap=0.017205
[step   138500] t/d=277.000 | task1=2.010939e-02 | |m1|=0.985515 | m1²=0.971239 | ||w||²/d=0.544724 | eps_adapter=2.031802e-01 | residual_overlap=0.017217
[step   138750] t/d=277.500 | task1=1.987831e-02 | |m1|=0.985817 | m1²=0.971835 | ||w||²/d=0.547591 | eps_adapter=2.001138e-01 | residual_overlap=0.017224
[step   139000] t/d=278.000 | task1=1.961030e-02 | |m1|=0.986159 | m1²=0.972510 | ||w||²/d=0.551084 | eps_adapter=1.964553e-01 | residual_overlap=0.017226
[step   139250] t/d=278.500 | task1=1.936348e-02 | |m1|=0.986477 | m1²=0.973137 | ||w||²/d=0.554055 | eps_adapter=1.932933e-01 | residual_overlap=0.017243
[step   139500] t/d=279.000 | task1=1.912233e-02 | |m1|=0.986766 | m1²=0.973708 | ||w||²/d=0.557286 | eps_adapter=1.900031e-01 | residual_overlap=0.017238
[step   139750] t/d=279.500 | task1=1.888967e-02 | |m1|=0.987074 | m1²=0.974314 | ||w||²/d=0.560103 | eps_adapter=1.870162e-01 | residual_overlap=0.017224
[step   140000] t/d=280.000 | task1=1.866234e-02 | |m1|=0.987364 | m1²=0.974887 | ||w||²/d=0.563158 | eps_adapter=1.838937e-01 | residual_overlap=0.017226
[step   140250] t/d=280.500 | task1=1.842077e-02 | |m1|=0.987664 | m1²=0.975481 | ||w||²/d=0.566147 | eps_adapter=1.808104e-01 | residual_overlap=0.017221
[step   140500] t/d=281.000 | task1=1.817374e-02 | |m1|=0.987949 | m1²=0.976043 | ||w||²/d=0.569616 | eps_adapter=1.774055e-01 | residual_overlap=0.017234
[step   140750] t/d=281.500 | task1=1.795404e-02 | |m1|=0.988200 | m1²=0.976539 | ||w||²/d=0.572592 | eps_adapter=1.744830e-01 | residual_overlap=0.017244
[step   141000] t/d=282.000 | task1=1.774060e-02 | |m1|=0.988468 | m1²=0.977068 | ||w||²/d=0.575332 | eps_adapter=1.717147e-01 | residual_overlap=0.017259
[step   141250] t/d=282.500 | task1=1.751693e-02 | |m1|=0.988719 | m1²=0.977566 | ||w||²/d=0.578330 | eps_adapter=1.688011e-01 | residual_overlap=0.017232
[step   141500] t/d=283.000 | task1=1.731799e-02 | |m1|=0.988927 | m1²=0.977977 | ||w||²/d=0.581068 | eps_adapter=1.662068e-01 | residual_overlap=0.017238
[step   141750] t/d=283.500 | task1=1.710570e-02 | |m1|=0.989186 | m1²=0.978488 | ||w||²/d=0.583989 | eps_adapter=1.633610e-01 | residual_overlap=0.017240
[step   142000] t/d=284.000 | task1=1.689770e-02 | |m1|=0.989434 | m1²=0.978979 | ||w||²/d=0.586758 | eps_adapter=1.606678e-01 | residual_overlap=0.017232
[step   142250] t/d=284.500 | task1=1.669861e-02 | |m1|=0.989636 | m1²=0.979379 | ||w||²/d=0.589700 | eps_adapter=1.579745e-01 | residual_overlap=0.017256
[step   142500] t/d=285.000 | task1=1.650594e-02 | |m1|=0.989871 | m1²=0.979845 | ||w||²/d=0.592380 | eps_adapter=1.554047e-01 | residual_overlap=0.017250
[step   142750] t/d=285.500 | task1=1.630214e-02 | |m1|=0.990111 | m1²=0.980319 | ||w||²/d=0.595393 | eps_adapter=1.525929e-01 | residual_overlap=0.017260
[step   143000] t/d=286.000 | task1=1.610469e-02 | |m1|=0.990357 | m1²=0.980806 | ||w||²/d=0.598208 | eps_adapter=1.499224e-01 | residual_overlap=0.017265
[step   143250] t/d=286.500 | task1=1.590764e-02 | |m1|=0.990555 | m1²=0.981199 | ||w||²/d=0.601200 | eps_adapter=1.472595e-01 | residual_overlap=0.017267
[step   143500] t/d=287.000 | task1=1.570629e-02 | |m1|=0.990796 | m1²=0.981678 | ||w||²/d=0.604167 | eps_adapter=1.445191e-01 | residual_overlap=0.017272
[step   143750] t/d=287.500 | task1=1.553483e-02 | |m1|=0.990989 | m1²=0.982058 | ||w||²/d=0.606726 | eps_adapter=1.422085e-01 | residual_overlap=0.017273
[step   144000] t/d=288.000 | task1=1.535820e-02 | |m1|=0.991192 | m1²=0.982461 | ||w||²/d=0.609400 | eps_adapter=1.397992e-01 | residual_overlap=0.017278
[step   144250] t/d=288.500 | task1=1.514734e-02 | |m1|=0.991414 | m1²=0.982903 | ||w||²/d=0.612704 | eps_adapter=1.369139e-01 | residual_overlap=0.017291
[step   144500] t/d=289.000 | task1=1.497127e-02 | |m1|=0.991597 | m1²=0.983264 | ||w||²/d=0.615554 | eps_adapter=1.344664e-01 | residual_overlap=0.017325
[step   144750] t/d=289.500 | task1=1.480931e-02 | |m1|=0.991775 | m1²=0.983618 | ||w||²/d=0.617952 | eps_adapter=1.323508e-01 | residual_overlap=0.017324
[step   145000] t/d=290.000 | task1=1.465181e-02 | |m1|=0.991948 | m1²=0.983961 | ||w||²/d=0.620504 | eps_adapter=1.301564e-01 | residual_overlap=0.017334
[step   145250] t/d=290.500 | task1=1.450347e-02 | |m1|=0.992118 | m1²=0.984299 | ||w||²/d=0.622874 | eps_adapter=1.281030e-01 | residual_overlap=0.017353
[step   145500] t/d=291.000 | task1=1.432982e-02 | |m1|=0.992312 | m1²=0.984683 | ||w||²/d=0.625685 | eps_adapter=1.257012e-01 | residual_overlap=0.017366
[step   145750] t/d=291.500 | task1=1.418313e-02 | |m1|=0.992486 | m1²=0.985028 | ||w||²/d=0.628074 | eps_adapter=1.236459e-01 | residual_overlap=0.017370
[step   146000] t/d=292.000 | task1=1.401367e-02 | |m1|=0.992649 | m1²=0.985353 | ||w||²/d=0.630962 | eps_adapter=1.213010e-01 | residual_overlap=0.017376
[step   146250] t/d=292.500 | task1=1.387088e-02 | |m1|=0.992805 | m1²=0.985662 | ||w||²/d=0.633482 | eps_adapter=1.192310e-01 | residual_overlap=0.017382
[step   146500] t/d=293.000 | task1=1.370224e-02 | |m1|=0.992962 | m1²=0.985973 | ||w||²/d=0.636498 | eps_adapter=1.168512e-01 | residual_overlap=0.017399
[step   146750] t/d=293.500 | task1=1.356812e-02 | |m1|=0.993109 | m1²=0.986265 | ||w||²/d=0.638878 | eps_adapter=1.149214e-01 | residual_overlap=0.017402
[step   147000] t/d=294.000 | task1=1.340436e-02 | |m1|=0.993272 | m1²=0.986590 | ||w||²/d=0.641724 | eps_adapter=1.126591e-01 | residual_overlap=0.017422
[step   147250] t/d=294.500 | task1=1.325971e-02 | |m1|=0.993418 | m1²=0.986879 | ||w||²/d=0.644347 | eps_adapter=1.106019e-01 | residual_overlap=0.017417
[step   147500] t/d=295.000 | task1=1.312212e-02 | |m1|=0.993552 | m1²=0.987146 | ||w||²/d=0.646811 | eps_adapter=1.086876e-01 | residual_overlap=0.017424
[step   147750] t/d=295.500 | task1=1.297927e-02 | |m1|=0.993682 | m1²=0.987403 | ||w||²/d=0.649337 | eps_adapter=1.067613e-01 | residual_overlap=0.017433
[step   148000] t/d=296.000 | task1=1.283720e-02 | |m1|=0.993823 | m1²=0.987684 | ||w||²/d=0.652029 | eps_adapter=1.047113e-01 | residual_overlap=0.017432
[step   148250] t/d=296.500 | task1=1.268971e-02 | |m1|=0.993954 | m1²=0.987945 | ||w||²/d=0.655018 | eps_adapter=1.025220e-01 | residual_overlap=0.017457
[step   148500] t/d=297.000 | task1=1.255835e-02 | |m1|=0.994115 | m1²=0.988264 | ||w||²/d=0.657494 | eps_adapter=1.005773e-01 | residual_overlap=0.017452
[step   148750] t/d=297.500 | task1=1.243028e-02 | |m1|=0.994263 | m1²=0.988560 | ||w||²/d=0.659873 | eps_adapter=9.873333e-02 | residual_overlap=0.017473
[step   149000] t/d=298.000 | task1=1.230317e-02 | |m1|=0.994390 | m1²=0.988811 | ||w||²/d=0.662311 | eps_adapter=9.692855e-02 | residual_overlap=0.017485
[step   149250] t/d=298.500 | task1=1.217571e-02 | |m1|=0.994511 | m1²=0.989053 | ||w||²/d=0.664868 | eps_adapter=9.507899e-02 | residual_overlap=0.017502
[step   149500] t/d=299.000 | task1=1.204990e-02 | |m1|=0.994628 | m1²=0.989284 | ||w||²/d=0.667380 | eps_adapter=9.328357e-02 | residual_overlap=0.017494
[step   149750] t/d=299.500 | task1=1.193665e-02 | |m1|=0.994747 | m1²=0.989521 | ||w||²/d=0.669622 | eps_adapter=9.164691e-02 | residual_overlap=0.017503
[step   150000] t/d=300.000 | task1=1.182595e-02 | |m1|=0.994865 | m1²=0.989757 | ||w||²/d=0.671924 | eps_adapter=8.998633e-02 | residual_overlap=0.017492
[step   150250] t/d=300.500 | task1=1.170956e-02 | |m1|=0.994992 | m1²=0.990010 | ||w||²/d=0.674350 | eps_adapter=8.824250e-02 | residual_overlap=0.017489
[step   150500] t/d=301.000 | task1=1.159532e-02 | |m1|=0.995103 | m1²=0.990230 | ||w||²/d=0.676726 | eps_adapter=8.658529e-02 | residual_overlap=0.017492
[step   150750] t/d=301.500 | task1=1.148883e-02 | |m1|=0.995214 | m1²=0.990451 | ||w||²/d=0.678908 | eps_adapter=8.504414e-02 | residual_overlap=0.017505
[step   151000] t/d=302.000 | task1=1.138547e-02 | |m1|=0.995324 | m1²=0.990669 | ||w||²/d=0.681311 | eps_adapter=8.339526e-02 | residual_overlap=0.017529
[step   151250] t/d=302.500 | task1=1.129126e-02 | |m1|=0.995411 | m1²=0.990843 | ||w||²/d=0.683501 | eps_adapter=8.193982e-02 | residual_overlap=0.017530
[step   151500] t/d=303.000 | task1=1.117817e-02 | |m1|=0.995520 | m1²=0.991060 | ||w||²/d=0.685879 | eps_adapter=8.032848e-02 | residual_overlap=0.017535
[step   151750] t/d=303.500 | task1=1.107884e-02 | |m1|=0.995612 | m1²=0.991244 | ||w||²/d=0.688210 | eps_adapter=7.880203e-02 | residual_overlap=0.017538
[step   152000] t/d=304.000 | task1=1.098386e-02 | |m1|=0.995700 | m1²=0.991418 | ||w||²/d=0.690338 | eps_adapter=7.740776e-02 | residual_overlap=0.017546
[step   152250] t/d=304.500 | task1=1.089816e-02 | |m1|=0.995786 | m1²=0.991589 | ||w||²/d=0.692419 | eps_adapter=7.605251e-02 | residual_overlap=0.017546
[step   152500] t/d=305.000 | task1=1.081209e-02 | |m1|=0.995880 | m1²=0.991777 | ||w||²/d=0.694348 | eps_adapter=7.476081e-02 | residual_overlap=0.017553
[step   152750] t/d=305.500 | task1=1.072953e-02 | |m1|=0.995976 | m1²=0.991968 | ||w||²/d=0.696121 | eps_adapter=7.355025e-02 | residual_overlap=0.017550
[step   153000] t/d=306.000 | task1=1.063103e-02 | |m1|=0.996074 | m1²=0.992164 | ||w||²/d=0.698359 | eps_adapter=7.210090e-02 | residual_overlap=0.017570
[step   153250] t/d=306.500 | task1=1.053630e-02 | |m1|=0.996160 | m1²=0.992335 | ||w||²/d=0.700571 | eps_adapter=7.071228e-02 | residual_overlap=0.017560
[step   153500] t/d=307.000 | task1=1.044407e-02 | |m1|=0.996245 | m1²=0.992503 | ||w||²/d=0.702755 | eps_adapter=6.935100e-02 | residual_overlap=0.017562
[step   153750] t/d=307.500 | task1=1.035765e-02 | |m1|=0.996330 | m1²=0.992673 | ||w||²/d=0.704829 | eps_adapter=6.805187e-02 | residual_overlap=0.017558
[step   154000] t/d=308.000 | task1=1.027994e-02 | |m1|=0.996407 | m1²=0.992826 | ||w||²/d=0.706586 | eps_adapter=6.694401e-02 | residual_overlap=0.017575
[step   154250] t/d=308.500 | task1=1.020863e-02 | |m1|=0.996483 | m1²=0.992979 | ||w||²/d=0.708302 | eps_adapter=6.586209e-02 | residual_overlap=0.017585
[step   154500] t/d=309.000 | task1=1.013236e-02 | |m1|=0.996548 | m1²=0.993109 | ||w||²/d=0.710270 | eps_adapter=6.469952e-02 | residual_overlap=0.017579
[step   154750] t/d=309.500 | task1=1.005974e-02 | |m1|=0.996619 | m1²=0.993250 | ||w||²/d=0.712259 | eps_adapter=6.351630e-02 | residual_overlap=0.017579
[step   155000] t/d=310.000 | task1=9.975531e-03 | |m1|=0.996698 | m1²=0.993408 | ||w||²/d=0.714323 | eps_adapter=6.228004e-02 | residual_overlap=0.017582
[step   155250] t/d=310.500 | task1=9.903735e-03 | |m1|=0.996768 | m1²=0.993547 | ||w||²/d=0.716174 | eps_adapter=6.118169e-02 | residual_overlap=0.017595
[step   155500] t/d=311.000 | task1=9.844616e-03 | |m1|=0.996832 | m1²=0.993674 | ||w||²/d=0.717748 | eps_adapter=6.024091e-02 | residual_overlap=0.017595
[step   155750] t/d=311.500 | task1=9.775088e-03 | |m1|=0.996904 | m1²=0.993818 | ||w||²/d=0.719477 | eps_adapter=5.920548e-02 | residual_overlap=0.017593
[step   156000] t/d=312.000 | task1=9.701616e-03 | |m1|=0.996982 | m1²=0.993973 | ||w||²/d=0.721393 | eps_adapter=5.807012e-02 | residual_overlap=0.017601
[step   156250] t/d=312.500 | task1=9.643829e-03 | |m1|=0.997034 | m1²=0.994078 | ||w||²/d=0.723130 | eps_adapter=5.710586e-02 | residual_overlap=0.017600
[step   156500] t/d=313.000 | task1=9.590682e-03 | |m1|=0.997087 | m1²=0.994183 | ||w||²/d=0.724645 | eps_adapter=5.624595e-02 | residual_overlap=0.017612
[step   156750] t/d=313.500 | task1=9.532259e-03 | |m1|=0.997147 | m1²=0.994301 | ||w||²/d=0.726335 | eps_adapter=5.529265e-02 | residual_overlap=0.017618
[step   157000] t/d=314.000 | task1=9.462823e-03 | |m1|=0.997220 | m1²=0.994448 | ||w||²/d=0.728071 | eps_adapter=5.427849e-02 | residual_overlap=0.017614
[step   157250] t/d=314.500 | task1=9.396448e-03 | |m1|=0.997293 | m1²=0.994594 | ||w||²/d=0.729863 | eps_adapter=5.324814e-02 | residual_overlap=0.017608
[step   157500] t/d=315.000 | task1=9.329045e-03 | |m1|=0.997352 | m1²=0.994711 | ||w||²/d=0.731806 | eps_adapter=5.220241e-02 | residual_overlap=0.017622
[step   157750] t/d=315.500 | task1=9.263237e-03 | |m1|=0.997414 | m1²=0.994835 | ||w||²/d=0.733601 | eps_adapter=5.121811e-02 | residual_overlap=0.017623
[step   158000] t/d=316.000 | task1=9.209648e-03 | |m1|=0.997466 | m1²=0.994939 | ||w||²/d=0.735348 | eps_adapter=5.029280e-02 | residual_overlap=0.017626
[step   158250] t/d=316.500 | task1=9.150139e-03 | |m1|=0.997527 | m1²=0.995061 | ||w||²/d=0.737112 | eps_adapter=4.933793e-02 | residual_overlap=0.017638
[step   158500] t/d=317.000 | task1=9.093963e-03 | |m1|=0.997586 | m1²=0.995178 | ||w||²/d=0.738610 | eps_adapter=4.851140e-02 | residual_overlap=0.017644
[step   158750] t/d=317.500 | task1=9.033096e-03 | |m1|=0.997645 | m1²=0.995296 | ||w||²/d=0.740444 | eps_adapter=4.754412e-02 | residual_overlap=0.017633
[step   159000] t/d=318.000 | task1=8.988897e-03 | |m1|=0.997698 | m1²=0.995401 | ||w||²/d=0.741786 | eps_adapter=4.681090e-02 | residual_overlap=0.017640
[step   159250] t/d=318.500 | task1=8.940487e-03 | |m1|=0.997750 | m1²=0.995504 | ||w||²/d=0.743274 | eps_adapter=4.602453e-02 | residual_overlap=0.017637
[step   159500] t/d=319.000 | task1=8.896649e-03 | |m1|=0.997802 | m1²=0.995608 | ||w||²/d=0.744622 | eps_adapter=4.529849e-02 | residual_overlap=0.017651
[step   159750] t/d=319.500 | task1=8.851452e-03 | |m1|=0.997848 | m1²=0.995701 | ||w||²/d=0.746058 | eps_adapter=4.455817e-02 | residual_overlap=0.017651
[step   160000] t/d=320.000 | task1=8.804827e-03 | |m1|=0.997899 | m1²=0.995802 | ||w||²/d=0.747457 | eps_adapter=4.382450e-02 | residual_overlap=0.017652
[step   160250] t/d=320.500 | task1=8.760003e-03 | |m1|=0.997942 | m1²=0.995889 | ||w||²/d=0.748894 | eps_adapter=4.310120e-02 | residual_overlap=0.017668
[step   160500] t/d=321.000 | task1=8.711738e-03 | |m1|=0.997989 | m1²=0.995982 | ||w||²/d=0.750448 | eps_adapter=4.232602e-02 | residual_overlap=0.017680
[step   160750] t/d=321.500 | task1=8.667481e-03 | |m1|=0.998028 | m1²=0.996060 | ||w||²/d=0.752015 | eps_adapter=4.157532e-02 | residual_overlap=0.017693
[step   161000] t/d=322.000 | task1=8.626665e-03 | |m1|=0.998065 | m1²=0.996134 | ||w||²/d=0.753443 | eps_adapter=4.088975e-02 | residual_overlap=0.017706
[step   161250] t/d=322.500 | task1=8.588025e-03 | |m1|=0.998103 | m1²=0.996209 | ||w||²/d=0.754788 | eps_adapter=4.024087e-02 | residual_overlap=0.017694
[step   161500] t/d=323.000 | task1=8.546010e-03 | |m1|=0.998143 | m1²=0.996289 | ||w||²/d=0.756141 | eps_adapter=3.958430e-02 | residual_overlap=0.017704
[step   161750] t/d=323.500 | task1=8.502316e-03 | |m1|=0.998184 | m1²=0.996371 | ||w||²/d=0.757613 | eps_adapter=3.888218e-02 | residual_overlap=0.017709
[step   162000] t/d=324.000 | task1=8.460557e-03 | |m1|=0.998224 | m1²=0.996450 | ||w||²/d=0.759000 | eps_adapter=3.822110e-02 | residual_overlap=0.017706
[step   162250] t/d=324.500 | task1=8.423897e-03 | |m1|=0.998254 | m1²=0.996511 | ||w||²/d=0.760357 | eps_adapter=3.760663e-02 | residual_overlap=0.017714
[step   162500] t/d=325.000 | task1=8.387254e-03 | |m1|=0.998291 | m1²=0.996584 | ||w||²/d=0.761585 | eps_adapter=3.702263e-02 | residual_overlap=0.017715
[step   162750] t/d=325.500 | task1=8.346715e-03 | |m1|=0.998333 | m1²=0.996668 | ||w||²/d=0.762935 | eps_adapter=3.637904e-02 | residual_overlap=0.017728
[step   163000] t/d=326.000 | task1=8.295528e-03 | |m1|=0.998380 | m1²=0.996762 | ||w||²/d=0.764777 | eps_adapter=3.554280e-02 | residual_overlap=0.017732
[step   163250] t/d=326.500 | task1=8.267385e-03 | |m1|=0.998413 | m1²=0.996829 | ||w||²/d=0.765809 | eps_adapter=3.505223e-02 | residual_overlap=0.017734
[step   163500] t/d=327.000 | task1=8.224811e-03 | |m1|=0.998453 | m1²=0.996908 | ||w||²/d=0.767353 | eps_adapter=3.435885e-02 | residual_overlap=0.017733
[step   163750] t/d=327.500 | task1=8.188374e-03 | |m1|=0.998486 | m1²=0.996974 | ||w||²/d=0.768728 | eps_adapter=3.375283e-02 | residual_overlap=0.017735
[step   164000] t/d=328.000 | task1=8.153245e-03 | |m1|=0.998517 | m1²=0.997036 | ||w||²/d=0.770021 | eps_adapter=3.318635e-02 | residual_overlap=0.017745
[step   164250] t/d=328.500 | task1=8.121990e-03 | |m1|=0.998551 | m1²=0.997105 | ||w||²/d=0.771154 | eps_adapter=3.266825e-02 | residual_overlap=0.017740
[step   164500] t/d=329.000 | task1=8.092071e-03 | |m1|=0.998584 | m1²=0.997170 | ||w||²/d=0.772373 | eps_adapter=3.213048e-02 | residual_overlap=0.017732
[step   164750] t/d=329.500 | task1=8.059601e-03 | |m1|=0.998611 | m1²=0.997224 | ||w||²/d=0.773545 | eps_adapter=3.162830e-02 | residual_overlap=0.017745
[step   165000] t/d=330.000 | task1=8.030125e-03 | |m1|=0.998640 | m1²=0.997283 | ||w||²/d=0.774724 | eps_adapter=3.112110e-02 | residual_overlap=0.017751
[step   165250] t/d=330.500 | task1=8.002654e-03 | |m1|=0.998671 | m1²=0.997344 | ||w||²/d=0.775885 | eps_adapter=3.061803e-02 | residual_overlap=0.017746
[step   165500] t/d=331.000 | task1=7.973314e-03 | |m1|=0.998708 | m1²=0.997418 | ||w||²/d=0.776855 | eps_adapter=3.016129e-02 | residual_overlap=0.017757
[step   165750] t/d=331.500 | task1=7.942737e-03 | |m1|=0.998742 | m1²=0.997485 | ||w||²/d=0.778094 | eps_adapter=2.962634e-02 | residual_overlap=0.017762
[step   166000] t/d=332.000 | task1=7.911624e-03 | |m1|=0.998768 | m1²=0.997537 | ||w||²/d=0.779385 | eps_adapter=2.910434e-02 | residual_overlap=0.017782
[step   166250] t/d=332.500 | task1=7.884047e-03 | |m1|=0.998792 | m1²=0.997586 | ||w||²/d=0.780604 | eps_adapter=2.861316e-02 | residual_overlap=0.017789
[step   166500] t/d=333.000 | task1=7.856966e-03 | |m1|=0.998822 | m1²=0.997645 | ||w||²/d=0.781806 | eps_adapter=2.811389e-02 | residual_overlap=0.017781
[step   166750] t/d=333.500 | task1=7.835331e-03 | |m1|=0.998844 | m1²=0.997689 | ||w||²/d=0.782928 | eps_adapter=2.767059e-02 | residual_overlap=0.017779
[step   167000] t/d=334.000 | task1=7.813825e-03 | |m1|=0.998864 | m1²=0.997729 | ||w||²/d=0.783996 | eps_adapter=2.725389e-02 | residual_overlap=0.017783
[step   167250] t/d=334.500 | task1=7.787970e-03 | |m1|=0.998887 | m1²=0.997775 | ||w||²/d=0.785227 | eps_adapter=2.677745e-02 | residual_overlap=0.017784
[step   167500] t/d=335.000 | task1=7.766777e-03 | |m1|=0.998903 | m1²=0.997808 | ||w||²/d=0.786258 | eps_adapter=2.638954e-02 | residual_overlap=0.017783
[step   167750] t/d=335.500 | task1=7.738864e-03 | |m1|=0.998929 | m1²=0.997859 | ||w||²/d=0.787488 | eps_adapter=2.591027e-02 | residual_overlap=0.017789
[step   168000] t/d=336.000 | task1=7.718189e-03 | |m1|=0.998949 | m1²=0.997898 | ||w||²/d=0.788505 | eps_adapter=2.552095e-02 | residual_overlap=0.017795
[step   168250] t/d=336.500 | task1=7.691527e-03 | |m1|=0.998971 | m1²=0.997943 | ||w||²/d=0.789779 | eps_adapter=2.504514e-02 | residual_overlap=0.017805
[step   168500] t/d=337.000 | task1=7.670841e-03 | |m1|=0.998993 | m1²=0.997986 | ||w||²/d=0.790728 | eps_adapter=2.467483e-02 | residual_overlap=0.017808
[step   168750] t/d=337.500 | task1=7.652687e-03 | |m1|=0.999011 | m1²=0.998023 | ||w||²/d=0.791681 | eps_adapter=2.431707e-02 | residual_overlap=0.017814
[step   169000] t/d=338.000 | task1=7.634721e-03 | |m1|=0.999024 | m1²=0.998050 | ||w||²/d=0.792554 | eps_adapter=2.400268e-02 | residual_overlap=0.017817
[step   169250] t/d=338.500 | task1=7.615450e-03 | |m1|=0.999042 | m1²=0.998085 | ||w||²/d=0.793583 | eps_adapter=2.362812e-02 | residual_overlap=0.017820
[step   169500] t/d=339.000 | task1=7.592258e-03 | |m1|=0.999065 | m1²=0.998131 | ||w||²/d=0.794661 | eps_adapter=2.322253e-02 | residual_overlap=0.017811
[step   169750] t/d=339.500 | task1=7.575979e-03 | |m1|=0.999085 | m1²=0.998171 | ||w||²/d=0.795519 | eps_adapter=2.289663e-02 | residual_overlap=0.017826
[step   170000] t/d=340.000 | task1=7.556657e-03 | |m1|=0.999102 | m1²=0.998205 | ||w||²/d=0.796454 | eps_adapter=2.255870e-02 | residual_overlap=0.017825
[step   170250] t/d=340.500 | task1=7.535976e-03 | |m1|=0.999121 | m1²=0.998243 | ||w||²/d=0.797452 | eps_adapter=2.219697e-02 | residual_overlap=0.017829
[step   170500] t/d=341.000 | task1=7.518790e-03 | |m1|=0.999140 | m1²=0.998281 | ||w||²/d=0.798454 | eps_adapter=2.183667e-02 | residual_overlap=0.017836
[step   170750] t/d=341.500 | task1=7.497661e-03 | |m1|=0.999159 | m1²=0.998319 | ||w||²/d=0.799493 | eps_adapter=2.146793e-02 | residual_overlap=0.017835
[step   171000] t/d=342.000 | task1=7.479419e-03 | |m1|=0.999180 | m1²=0.998360 | ||w||²/d=0.800354 | eps_adapter=2.114832e-02 | residual_overlap=0.017835
[step   171250] t/d=342.500 | task1=7.462559e-03 | |m1|=0.999192 | m1²=0.998386 | ||w||²/d=0.801290 | eps_adapter=2.083413e-02 | residual_overlap=0.017841
[step   171500] t/d=343.000 | task1=7.448375e-03 | |m1|=0.999209 | m1²=0.998419 | ||w||²/d=0.802025 | eps_adapter=2.056659e-02 | residual_overlap=0.017854
[step   171750] t/d=343.500 | task1=7.431627e-03 | |m1|=0.999225 | m1²=0.998451 | ||w||²/d=0.802782 | eps_adapter=2.029536e-02 | residual_overlap=0.017850
[step   172000] t/d=344.000 | task1=7.416321e-03 | |m1|=0.999242 | m1²=0.998484 | ||w||²/d=0.803472 | eps_adapter=2.004287e-02 | residual_overlap=0.017837
[step   172250] t/d=344.500 | task1=7.399929e-03 | |m1|=0.999257 | m1²=0.998515 | ||w||²/d=0.804201 | eps_adapter=1.978509e-02 | residual_overlap=0.017842
[step   172500] t/d=345.000 | task1=7.384552e-03 | |m1|=0.999269 | m1²=0.998538 | ||w||²/d=0.805018 | eps_adapter=1.951678e-02 | residual_overlap=0.017842
[step   172750] t/d=345.500 | task1=7.368406e-03 | |m1|=0.999287 | m1²=0.998575 | ||w||²/d=0.805836 | eps_adapter=1.922494e-02 | residual_overlap=0.017843
[step   173000] t/d=346.000 | task1=7.357024e-03 | |m1|=0.999297 | m1²=0.998595 | ||w||²/d=0.806685 | eps_adapter=1.895631e-02 | residual_overlap=0.017857
[step   173250] t/d=346.500 | task1=7.344553e-03 | |m1|=0.999307 | m1²=0.998614 | ||w||²/d=0.807459 | eps_adapter=1.871126e-02 | residual_overlap=0.017858
[step   173500] t/d=347.000 | task1=7.328597e-03 | |m1|=0.999321 | m1²=0.998643 | ||w||²/d=0.808235 | eps_adapter=1.844940e-02 | residual_overlap=0.017858
[step   173750] t/d=347.500 | task1=7.316232e-03 | |m1|=0.999333 | m1²=0.998667 | ||w||²/d=0.809071 | eps_adapter=1.818113e-02 | residual_overlap=0.017861
[step   174000] t/d=348.000 | task1=7.303664e-03 | |m1|=0.999346 | m1²=0.998693 | ||w||²/d=0.809915 | eps_adapter=1.791066e-02 | residual_overlap=0.017864
[step   174250] t/d=348.500 | task1=7.288293e-03 | |m1|=0.999363 | m1²=0.998727 | ||w||²/d=0.810661 | eps_adapter=1.765218e-02 | residual_overlap=0.017864
[step   174500] t/d=349.000 | task1=7.276535e-03 | |m1|=0.999378 | m1²=0.998757 | ||w||²/d=0.811300 | eps_adapter=1.743030e-02 | residual_overlap=0.017866
[step   174750] t/d=349.500 | task1=7.263761e-03 | |m1|=0.999393 | m1²=0.998786 | ||w||²/d=0.812167 | eps_adapter=1.715019e-02 | residual_overlap=0.017860
[step   175000] t/d=350.000 | task1=7.251149e-03 | |m1|=0.999405 | m1²=0.998809 | ||w||²/d=0.813037 | eps_adapter=1.688238e-02 | residual_overlap=0.017856
[step   175250] t/d=350.500 | task1=7.241952e-03 | |m1|=0.999415 | m1²=0.998831 | ||w||²/d=0.813653 | eps_adapter=1.668518e-02 | residual_overlap=0.017840
[step   175500] t/d=351.000 | task1=7.228249e-03 | |m1|=0.999428 | m1²=0.998855 | ||w||²/d=0.814440 | eps_adapter=1.643884e-02 | residual_overlap=0.017844
[step   175750] t/d=351.500 | task1=7.216726e-03 | |m1|=0.999438 | m1²=0.998876 | ||w||²/d=0.815053 | eps_adapter=1.624537e-02 | residual_overlap=0.017853
[step   176000] t/d=352.000 | task1=7.202946e-03 | |m1|=0.999448 | m1²=0.998897 | ||w||²/d=0.815936 | eps_adapter=1.598360e-02 | residual_overlap=0.017857
[step   176250] t/d=352.500 | task1=7.194158e-03 | |m1|=0.999458 | m1²=0.998917 | ||w||²/d=0.816559 | eps_adapter=1.579110e-02 | residual_overlap=0.017855
[step   176500] t/d=353.000 | task1=7.182151e-03 | |m1|=0.999469 | m1²=0.998938 | ||w||²/d=0.817288 | eps_adapter=1.557065e-02 | residual_overlap=0.017862
[step   176750] t/d=353.500 | task1=7.171609e-03 | |m1|=0.999478 | m1²=0.998957 | ||w||²/d=0.818087 | eps_adapter=1.533718e-02 | residual_overlap=0.017862
[step   177000] t/d=354.000 | task1=7.163365e-03 | |m1|=0.999487 | m1²=0.998973 | ||w||²/d=0.818900 | eps_adapter=1.510674e-02 | residual_overlap=0.017862
[step   177250] t/d=354.500 | task1=7.149893e-03 | |m1|=0.999497 | m1²=0.998995 | ||w||²/d=0.819633 | eps_adapter=1.488793e-02 | residual_overlap=0.017878
[step   177500] t/d=355.000 | task1=7.141229e-03 | |m1|=0.999505 | m1²=0.999011 | ||w||²/d=0.820297 | eps_adapter=1.469824e-02 | residual_overlap=0.017885
[step   177750] t/d=355.500 | task1=7.131209e-03 | |m1|=0.999514 | m1²=0.999027 | ||w||²/d=0.821087 | eps_adapter=1.447657e-02 | residual_overlap=0.017886
[step   178000] t/d=356.000 | task1=7.121714e-03 | |m1|=0.999522 | m1²=0.999045 | ||w||²/d=0.821687 | eps_adapter=1.430093e-02 | residual_overlap=0.017892
[step   178250] t/d=356.500 | task1=7.113859e-03 | |m1|=0.999532 | m1²=0.999065 | ||w||²/d=0.822201 | eps_adapter=1.414195e-02 | residual_overlap=0.017892
[step   178500] t/d=357.000 | task1=7.103586e-03 | |m1|=0.999542 | m1²=0.999084 | ||w||²/d=0.822851 | eps_adapter=1.395259e-02 | residual_overlap=0.017887
[step   178750] t/d=357.500 | task1=7.094898e-03 | |m1|=0.999549 | m1²=0.999099 | ||w||²/d=0.823525 | eps_adapter=1.376667e-02 | residual_overlap=0.017884
[step   179000] t/d=358.000 | task1=7.085678e-03 | |m1|=0.999559 | m1²=0.999119 | ||w||²/d=0.824134 | eps_adapter=1.358783e-02 | residual_overlap=0.017890
[step   179250] t/d=358.500 | task1=7.077062e-03 | |m1|=0.999568 | m1²=0.999137 | ||w||²/d=0.824832 | eps_adapter=1.339232e-02 | residual_overlap=0.017891
[step   179500] t/d=359.000 | task1=7.065523e-03 | |m1|=0.999577 | m1²=0.999154 | ||w||²/d=0.825449 | eps_adapter=1.321843e-02 | residual_overlap=0.017895
[step   179750] t/d=359.500 | task1=7.057129e-03 | |m1|=0.999585 | m1²=0.999169 | ||w||²/d=0.826007 | eps_adapter=1.306175e-02 | residual_overlap=0.017892
[step   180000] t/d=360.000 | task1=7.050259e-03 | |m1|=0.999592 | m1²=0.999184 | ||w||²/d=0.826538 | eps_adapter=1.291273e-02 | residual_overlap=0.017888
[step   180250] t/d=360.500 | task1=7.043847e-03 | |m1|=0.999597 | m1²=0.999195 | ||w||²/d=0.827160 | eps_adapter=1.275119e-02 | residual_overlap=0.017888
[step   180500] t/d=361.000 | task1=7.036548e-03 | |m1|=0.999605 | m1²=0.999210 | ||w||²/d=0.827693 | eps_adapter=1.260278e-02 | residual_overlap=0.017887
[step   180750] t/d=361.500 | task1=7.027500e-03 | |m1|=0.999613 | m1²=0.999226 | ||w||²/d=0.828297 | eps_adapter=1.243839e-02 | residual_overlap=0.017892
[step   181000] t/d=362.000 | task1=7.018617e-03 | |m1|=0.999621 | m1²=0.999243 | ||w||²/d=0.828747 | eps_adapter=1.230665e-02 | residual_overlap=0.017894
[step   181250] t/d=362.500 | task1=7.011342e-03 | |m1|=0.999628 | m1²=0.999256 | ||w||²/d=0.829250 | eps_adapter=1.216971e-02 | residual_overlap=0.017894
[step   181500] t/d=363.000 | task1=7.003278e-03 | |m1|=0.999632 | m1²=0.999264 | ||w||²/d=0.829857 | eps_adapter=1.202152e-02 | residual_overlap=0.017900
[step   181750] t/d=363.500 | task1=6.997820e-03 | |m1|=0.999638 | m1²=0.999277 | ||w||²/d=0.830424 | eps_adapter=1.187250e-02 | residual_overlap=0.017903
[step   182000] t/d=364.000 | task1=6.991190e-03 | |m1|=0.999644 | m1²=0.999288 | ||w||²/d=0.831012 | eps_adapter=1.172232e-02 | residual_overlap=0.017903
[step   182250] t/d=364.500 | task1=6.986379e-03 | |m1|=0.999649 | m1²=0.999299 | ||w||²/d=0.831464 | eps_adapter=1.160410e-02 | residual_overlap=0.017894
[step   182500] t/d=365.000 | task1=6.983746e-03 | |m1|=0.999654 | m1²=0.999307 | ||w||²/d=0.831825 | eps_adapter=1.151039e-02 | residual_overlap=0.017900
[step   182750] t/d=365.500 | task1=6.976597e-03 | |m1|=0.999661 | m1²=0.999322 | ||w||²/d=0.832362 | eps_adapter=1.136847e-02 | residual_overlap=0.017902
[step   183000] t/d=366.000 | task1=6.970803e-03 | |m1|=0.999665 | m1²=0.999330 | ||w||²/d=0.832925 | eps_adapter=1.123196e-02 | residual_overlap=0.017902
[step   183250] t/d=366.500 | task1=6.966970e-03 | |m1|=0.999671 | m1²=0.999342 | ||w||²/d=0.833304 | eps_adapter=1.112975e-02 | residual_overlap=0.017899
[step   183500] t/d=367.000 | task1=6.962644e-03 | |m1|=0.999677 | m1²=0.999353 | ||w||²/d=0.833924 | eps_adapter=1.097621e-02 | residual_overlap=0.017901
[step   183750] t/d=367.500 | task1=6.957457e-03 | |m1|=0.999682 | m1²=0.999365 | ||w||²/d=0.834297 | eps_adapter=1.087678e-02 | residual_overlap=0.017903
[step   184000] t/d=368.000 | task1=6.948915e-03 | |m1|=0.999688 | m1²=0.999377 | ||w||²/d=0.835032 | eps_adapter=1.069994e-02 | residual_overlap=0.017898
[step   184250] t/d=368.500 | task1=6.942656e-03 | |m1|=0.999694 | m1²=0.999388 | ||w||²/d=0.835607 | eps_adapter=1.055862e-02 | residual_overlap=0.017896
[step   184500] t/d=369.000 | task1=6.934491e-03 | |m1|=0.999698 | m1²=0.999397 | ||w||²/d=0.836297 | eps_adapter=1.039988e-02 | residual_overlap=0.017904
[step   184750] t/d=369.500 | task1=6.928828e-03 | |m1|=0.999705 | m1²=0.999411 | ||w||²/d=0.836688 | eps_adapter=1.029362e-02 | residual_overlap=0.017898
[step   185000] t/d=370.000 | task1=6.923239e-03 | |m1|=0.999710 | m1²=0.999420 | ||w||²/d=0.837173 | eps_adapter=1.017714e-02 | residual_overlap=0.017900
[step   185250] t/d=370.500 | task1=6.917404e-03 | |m1|=0.999716 | m1²=0.999432 | ||w||²/d=0.837611 | eps_adapter=1.006673e-02 | residual_overlap=0.017896
[step   185500] t/d=371.000 | task1=6.912533e-03 | |m1|=0.999720 | m1²=0.999441 | ||w||²/d=0.838060 | eps_adapter=9.958545e-03 | residual_overlap=0.017902
[step   185750] t/d=371.500 | task1=6.907745e-03 | |m1|=0.999724 | m1²=0.999448 | ||w||²/d=0.838505 | eps_adapter=9.854933e-03 | residual_overlap=0.017904
[step   186000] t/d=372.000 | task1=6.903690e-03 | |m1|=0.999727 | m1²=0.999454 | ||w||²/d=0.839002 | eps_adapter=9.743584e-03 | residual_overlap=0.017904
[step   186250] t/d=372.500 | task1=6.898676e-03 | |m1|=0.999732 | m1²=0.999464 | ||w||²/d=0.839515 | eps_adapter=9.623691e-03 | residual_overlap=0.017912
[step   186500] t/d=373.000 | task1=6.894238e-03 | |m1|=0.999739 | m1²=0.999478 | ||w||²/d=0.839882 | eps_adapter=9.525463e-03 | residual_overlap=0.017916
[step   186750] t/d=373.500 | task1=6.889272e-03 | |m1|=0.999744 | m1²=0.999487 | ||w||²/d=0.840185 | eps_adapter=9.447861e-03 | residual_overlap=0.017920
[step   187000] t/d=374.000 | task1=6.885227e-03 | |m1|=0.999748 | m1²=0.999497 | ||w||²/d=0.840531 | eps_adapter=9.362015e-03 | residual_overlap=0.017916
[step   187250] t/d=374.500 | task1=6.878333e-03 | |m1|=0.999752 | m1²=0.999504 | ||w||²/d=0.841048 | eps_adapter=9.247728e-03 | residual_overlap=0.017928
[step   187500] t/d=375.000 | task1=6.875301e-03 | |m1|=0.999757 | m1²=0.999513 | ||w||²/d=0.841453 | eps_adapter=9.150846e-03 | residual_overlap=0.017923
[step   187750] t/d=375.500 | task1=6.871103e-03 | |m1|=0.999760 | m1²=0.999520 | ||w||²/d=0.841973 | eps_adapter=9.036963e-03 | residual_overlap=0.017924
[step   188000] t/d=376.000 | task1=6.865873e-03 | |m1|=0.999764 | m1²=0.999529 | ||w||²/d=0.842468 | eps_adapter=8.925329e-03 | residual_overlap=0.017924
[step   188250] t/d=376.500 | task1=6.863005e-03 | |m1|=0.999769 | m1²=0.999537 | ||w||²/d=0.842757 | eps_adapter=8.854138e-03 | residual_overlap=0.017915
[step   188500] t/d=377.000 | task1=6.857843e-03 | |m1|=0.999773 | m1²=0.999547 | ||w||²/d=0.843309 | eps_adapter=8.731022e-03 | residual_overlap=0.017914
[step   188750] t/d=377.500 | task1=6.854423e-03 | |m1|=0.999778 | m1²=0.999557 | ||w||²/d=0.843731 | eps_adapter=8.632353e-03 | residual_overlap=0.017911
[step   189000] t/d=378.000 | task1=6.850902e-03 | |m1|=0.999782 | m1²=0.999564 | ||w||²/d=0.844090 | eps_adapter=8.551786e-03 | residual_overlap=0.017921
[step   189250] t/d=378.500 | task1=6.846138e-03 | |m1|=0.999783 | m1²=0.999565 | ||w||²/d=0.844577 | eps_adapter=8.457118e-03 | residual_overlap=0.017921
[step   189500] t/d=379.000 | task1=6.842394e-03 | |m1|=0.999787 | m1²=0.999575 | ||w||²/d=0.845047 | eps_adapter=8.351524e-03 | residual_overlap=0.017929
[step   189750] t/d=379.500 | task1=6.838977e-03 | |m1|=0.999790 | m1²=0.999579 | ||w||²/d=0.845476 | eps_adapter=8.263064e-03 | residual_overlap=0.017927
[step   190000] t/d=380.000 | task1=6.833448e-03 | |m1|=0.999792 | m1²=0.999585 | ||w||²/d=0.846020 | eps_adapter=8.152368e-03 | residual_overlap=0.017933
[step   190250] t/d=380.500 | task1=6.830070e-03 | |m1|=0.999792 | m1²=0.999585 | ||w||²/d=0.846359 | eps_adapter=8.089347e-03 | residual_overlap=0.017929
[step   190500] t/d=381.000 | task1=6.827794e-03 | |m1|=0.999797 | m1²=0.999595 | ||w||²/d=0.846554 | eps_adapter=8.035933e-03 | residual_overlap=0.017939
[step   190750] t/d=381.500 | task1=6.826426e-03 | |m1|=0.999799 | m1²=0.999599 | ||w||²/d=0.846795 | eps_adapter=7.984245e-03 | residual_overlap=0.017940
[step   191000] t/d=382.000 | task1=6.822318e-03 | |m1|=0.999803 | m1²=0.999605 | ||w||²/d=0.847146 | eps_adapter=7.908446e-03 | residual_overlap=0.017945
[step   191250] t/d=382.500 | task1=6.819094e-03 | |m1|=0.999805 | m1²=0.999609 | ||w||²/d=0.847511 | eps_adapter=7.834748e-03 | residual_overlap=0.017949
[step   191500] t/d=383.000 | task1=6.817536e-03 | |m1|=0.999807 | m1²=0.999614 | ||w||²/d=0.847823 | eps_adapter=7.768373e-03 | residual_overlap=0.017945
[step   191750] t/d=383.500 | task1=6.815943e-03 | |m1|=0.999810 | m1²=0.999619 | ||w||²/d=0.848230 | eps_adapter=7.685849e-03 | residual_overlap=0.017950
[step   192000] t/d=384.000 | task1=6.812403e-03 | |m1|=0.999812 | m1²=0.999624 | ||w||²/d=0.848502 | eps_adapter=7.628080e-03 | residual_overlap=0.017956
[step   192250] t/d=384.500 | task1=6.807934e-03 | |m1|=0.999816 | m1²=0.999633 | ||w||²/d=0.848760 | eps_adapter=7.566658e-03 | residual_overlap=0.017951
[step   192500] t/d=385.000 | task1=6.804299e-03 | |m1|=0.999819 | m1²=0.999638 | ||w||²/d=0.849218 | eps_adapter=7.474784e-03 | residual_overlap=0.017951
[step   192750] t/d=385.500 | task1=6.803565e-03 | |m1|=0.999823 | m1²=0.999645 | ||w||²/d=0.849423 | eps_adapter=7.425254e-03 | residual_overlap=0.017946
[step   193000] t/d=386.000 | task1=6.801808e-03 | |m1|=0.999825 | m1²=0.999650 | ||w||²/d=0.849772 | eps_adapter=7.355002e-03 | residual_overlap=0.017937
[step   193250] t/d=386.500 | task1=6.799980e-03 | |m1|=0.999826 | m1²=0.999653 | ||w||²/d=0.850067 | eps_adapter=7.298558e-03 | residual_overlap=0.017939
[step   193500] t/d=387.000 | task1=6.796877e-03 | |m1|=0.999828 | m1²=0.999655 | ||w||²/d=0.850309 | eps_adapter=7.251283e-03 | residual_overlap=0.017941
[step   193750] t/d=387.500 | task1=6.796538e-03 | |m1|=0.999829 | m1²=0.999658 | ||w||²/d=0.850544 | eps_adapter=7.205848e-03 | residual_overlap=0.017945
[step   194000] t/d=388.000 | task1=6.794071e-03 | |m1|=0.999832 | m1²=0.999664 | ||w||²/d=0.850936 | eps_adapter=7.126631e-03 | residual_overlap=0.017942
[step   194250] t/d=388.500 | task1=6.788999e-03 | |m1|=0.999836 | m1²=0.999672 | ||w||²/d=0.851347 | eps_adapter=7.040886e-03 | residual_overlap=0.017941
[step   194500] t/d=389.000 | task1=6.788038e-03 | |m1|=0.999838 | m1²=0.999676 | ||w||²/d=0.851663 | eps_adapter=6.977333e-03 | residual_overlap=0.017946
[step   194750] t/d=389.500 | task1=6.785990e-03 | |m1|=0.999839 | m1²=0.999678 | ||w||²/d=0.851795 | eps_adapter=6.952289e-03 | residual_overlap=0.017949
[step   195000] t/d=390.000 | task1=6.782386e-03 | |m1|=0.999842 | m1²=0.999683 | ||w||²/d=0.852025 | eps_adapter=6.903037e-03 | residual_overlap=0.017956
[step   195250] t/d=390.500 | task1=6.780441e-03 | |m1|=0.999843 | m1²=0.999686 | ||w||²/d=0.852357 | eps_adapter=6.840386e-03 | residual_overlap=0.017955
[step   195500] t/d=391.000 | task1=6.779015e-03 | |m1|=0.999844 | m1²=0.999688 | ||w||²/d=0.852448 | eps_adapter=6.821329e-03 | residual_overlap=0.017955
[step   195750] t/d=391.500 | task1=6.777365e-03 | |m1|=0.999846 | m1²=0.999691 | ||w||²/d=0.852635 | eps_adapter=6.783944e-03 | residual_overlap=0.017952
[step   196000] t/d=392.000 | task1=6.774559e-03 | |m1|=0.999847 | m1²=0.999694 | ||w||²/d=0.852929 | eps_adapter=6.728594e-03 | residual_overlap=0.017961
[step   196250] t/d=392.500 | task1=6.773579e-03 | |m1|=0.999849 | m1²=0.999697 | ||w||²/d=0.853073 | eps_adapter=6.698824e-03 | residual_overlap=0.017965
[step   196500] t/d=393.000 | task1=6.773506e-03 | |m1|=0.999850 | m1²=0.999701 | ||w||²/d=0.853319 | eps_adapter=6.651555e-03 | residual_overlap=0.017964
[step   196750] t/d=393.500 | task1=6.773285e-03 | |m1|=0.999852 | m1²=0.999703 | ||w||²/d=0.853502 | eps_adapter=6.615751e-03 | residual_overlap=0.017972
[step   197000] t/d=394.000 | task1=6.770488e-03 | |m1|=0.999853 | m1²=0.999707 | ||w||²/d=0.853816 | eps_adapter=6.556322e-03 | residual_overlap=0.017971
[step   197250] t/d=394.500 | task1=6.768312e-03 | |m1|=0.999854 | m1²=0.999709 | ||w||²/d=0.854376 | eps_adapter=6.460160e-03 | residual_overlap=0.017977
[step   197500] t/d=395.000 | task1=6.766401e-03 | |m1|=0.999856 | m1²=0.999712 | ||w||²/d=0.854676 | eps_adapter=6.403370e-03 | residual_overlap=0.017972
[step   197750] t/d=395.500 | task1=6.764324e-03 | |m1|=0.999859 | m1²=0.999718 | ||w||²/d=0.854917 | eps_adapter=6.354217e-03 | residual_overlap=0.017975
[step   198000] t/d=396.000 | task1=6.762946e-03 | |m1|=0.999860 | m1²=0.999721 | ||w||²/d=0.855178 | eps_adapter=6.305419e-03 | residual_overlap=0.017972
[step   198250] t/d=396.500 | task1=6.761638e-03 | |m1|=0.999863 | m1²=0.999725 | ||w||²/d=0.855605 | eps_adapter=6.227273e-03 | residual_overlap=0.017970
[step   198500] t/d=397.000 | task1=6.760834e-03 | |m1|=0.999864 | m1²=0.999728 | ||w||²/d=0.855841 | eps_adapter=6.183908e-03 | residual_overlap=0.017973
[step   198750] t/d=397.500 | task1=6.758649e-03 | |m1|=0.999864 | m1²=0.999727 | ||w||²/d=0.856036 | eps_adapter=6.154310e-03 | residual_overlap=0.017976
[step   199000] t/d=398.000 | task1=6.758628e-03 | |m1|=0.999865 | m1²=0.999730 | ||w||²/d=0.856299 | eps_adapter=6.106280e-03 | residual_overlap=0.017976
[step   199250] t/d=398.500 | task1=6.759457e-03 | |m1|=0.999864 | m1²=0.999728 | ||w||²/d=0.856422 | eps_adapter=6.089613e-03 | residual_overlap=0.017975
[step   199500] t/d=399.000 | task1=6.759856e-03 | |m1|=0.999865 | m1²=0.999730 | ||w||²/d=0.856698 | eps_adapter=6.042177e-03 | residual_overlap=0.017986
[step   199750] t/d=399.500 | task1=6.757292e-03 | |m1|=0.999867 | m1²=0.999734 | ||w||²/d=0.856979 | eps_adapter=5.989674e-03 | residual_overlap=0.017980
[step   200000] t/d=400.000 | task1=6.756175e-03 | |m1|=0.999870 | m1²=0.999739 | ||w||²/d=0.857146 | eps_adapter=5.953729e-03 | residual_overlap=0.017983
[step   200250] t/d=400.500 | task1=6.753848e-03 | |m1|=0.999870 | m1²=0.999741 | ||w||²/d=0.857554 | eps_adapter=5.886445e-03 | residual_overlap=0.017974
[step   200500] t/d=401.000 | task1=6.754348e-03 | |m1|=0.999870 | m1²=0.999740 | ||w||²/d=0.857733 | eps_adapter=5.859019e-03 | residual_overlap=0.017979
[step   200750] t/d=401.500 | task1=6.753116e-03 | |m1|=0.999872 | m1²=0.999744 | ||w||²/d=0.857892 | eps_adapter=5.825977e-03 | residual_overlap=0.017976
[step   201000] t/d=402.000 | task1=6.752258e-03 | |m1|=0.999873 | m1²=0.999746 | ||w||²/d=0.858193 | eps_adapter=5.775718e-03 | residual_overlap=0.017983
[step   201250] t/d=402.500 | task1=6.752964e-03 | |m1|=0.999873 | m1²=0.999746 | ||w||²/d=0.858280 | eps_adapter=5.761739e-03 | residual_overlap=0.017986
[step   201500] t/d=403.000 | task1=6.753829e-03 | |m1|=0.999874 | m1²=0.999748 | ||w||²/d=0.858306 | eps_adapter=5.754712e-03 | residual_overlap=0.017991
[step   201750] t/d=403.500 | task1=6.748646e-03 | |m1|=0.999875 | m1²=0.999751 | ||w||²/d=0.858328 | eps_adapter=5.745711e-03 | residual_overlap=0.017992
[step   202000] t/d=404.000 | task1=6.749073e-03 | |m1|=0.999877 | m1²=0.999753 | ||w||²/d=0.858312 | eps_adapter=5.743301e-03 | residual_overlap=0.017988
[step   202250] t/d=404.500 | task1=6.747365e-03 | |m1|=0.999879 | m1²=0.999758 | ||w||²/d=0.858485 | eps_adapter=5.707213e-03 | residual_overlap=0.017984
[step   202500] t/d=405.000 | task1=6.746465e-03 | |m1|=0.999879 | m1²=0.999758 | ||w||²/d=0.858670 | eps_adapter=5.678795e-03 | residual_overlap=0.017990
[step   202750] t/d=405.500 | task1=6.745539e-03 | |m1|=0.999880 | m1²=0.999761 | ||w||²/d=0.858770 | eps_adapter=5.657708e-03 | residual_overlap=0.017989
[step   203000] t/d=406.000 | task1=6.745511e-03 | |m1|=0.999881 | m1²=0.999761 | ||w||²/d=0.858965 | eps_adapter=5.626497e-03 | residual_overlap=0.017997
[step   203250] t/d=406.500 | task1=6.742726e-03 | |m1|=0.999881 | m1²=0.999763 | ||w||²/d=0.859275 | eps_adapter=5.576501e-03 | residual_overlap=0.017997
[step   203500] t/d=407.000 | task1=6.743339e-03 | |m1|=0.999881 | m1²=0.999761 | ||w||²/d=0.859525 | eps_adapter=5.540810e-03 | residual_overlap=0.017998
[step   203750] t/d=407.500 | task1=6.742566e-03 | |m1|=0.999882 | m1²=0.999765 | ||w||²/d=0.859828 | eps_adapter=5.487220e-03 | residual_overlap=0.017990
[step   204000] t/d=408.000 | task1=6.742895e-03 | |m1|=0.999883 | m1²=0.999765 | ||w||²/d=0.860038 | eps_adapter=5.454002e-03 | residual_overlap=0.017992
[step   204250] t/d=408.500 | task1=6.739473e-03 | |m1|=0.999884 | m1²=0.999767 | ||w||²/d=0.860196 | eps_adapter=5.426523e-03 | residual_overlap=0.017996
[step   204500] t/d=409.000 | task1=6.740151e-03 | |m1|=0.999883 | m1²=0.999766 | ||w||²/d=0.860442 | eps_adapter=5.391252e-03 | residual_overlap=0.018000
[step   204750] t/d=409.500 | task1=6.739635e-03 | |m1|=0.999885 | m1²=0.999770 | ||w||²/d=0.860508 | eps_adapter=5.374690e-03 | residual_overlap=0.017995
[step   205000] t/d=410.000 | task1=6.739789e-03 | |m1|=0.999885 | m1²=0.999770 | ||w||²/d=0.860479 | eps_adapter=5.379320e-03 | residual_overlap=0.017996
[step   205250] t/d=410.500 | task1=6.739681e-03 | |m1|=0.999886 | m1²=0.999772 | ||w||²/d=0.860459 | eps_adapter=5.378331e-03 | residual_overlap=0.017995
[step   205500] t/d=411.000 | task1=6.740667e-03 | |m1|=0.999887 | m1²=0.999774 | ||w||²/d=0.860559 | eps_adapter=5.358863e-03 | residual_overlap=0.017998
[step   205750] t/d=411.500 | task1=6.739461e-03 | |m1|=0.999889 | m1²=0.999777 | ||w||²/d=0.860672 | eps_adapter=5.335973e-03 | residual_overlap=0.017998
[step   206000] t/d=412.000 | task1=6.737513e-03 | |m1|=0.999890 | m1²=0.999779 | ||w||²/d=0.860716 | eps_adapter=5.325864e-03 | residual_overlap=0.017997
[step   206250] t/d=412.500 | task1=6.735291e-03 | |m1|=0.999890 | m1²=0.999781 | ||w||²/d=0.860958 | eps_adapter=5.286275e-03 | residual_overlap=0.017999
[step   206500] t/d=413.000 | task1=6.733408e-03 | |m1|=0.999890 | m1²=0.999781 | ||w||²/d=0.861120 | eps_adapter=5.262162e-03 | residual_overlap=0.018004
[step   206750] t/d=413.500 | task1=6.731861e-03 | |m1|=0.999891 | m1²=0.999782 | ||w||²/d=0.861322 | eps_adapter=5.229409e-03 | residual_overlap=0.018006
[step   207000] t/d=414.000 | task1=6.728692e-03 | |m1|=0.999891 | m1²=0.999781 | ||w||²/d=0.861548 | eps_adapter=5.197296e-03 | residual_overlap=0.018019
[step   207250] t/d=414.500 | task1=6.730555e-03 | |m1|=0.999891 | m1²=0.999783 | ||w||²/d=0.861711 | eps_adapter=5.169792e-03 | residual_overlap=0.018018
[step   207500] t/d=415.000 | task1=6.729041e-03 | |m1|=0.999892 | m1²=0.999784 | ||w||²/d=0.861809 | eps_adapter=5.153808e-03 | residual_overlap=0.018019
[step   207750] t/d=415.500 | task1=6.729562e-03 | |m1|=0.999893 | m1²=0.999785 | ||w||²/d=0.861973 | eps_adapter=5.126174e-03 | residual_overlap=0.018021
[step   208000] t/d=416.000 | task1=6.730498e-03 | |m1|=0.999894 | m1²=0.999788 | ||w||²/d=0.862047 | eps_adapter=5.110651e-03 | residual_overlap=0.018020
[step   208250] t/d=416.500 | task1=6.731547e-03 | |m1|=0.999895 | m1²=0.999790 | ||w||²/d=0.862255 | eps_adapter=5.076127e-03 | residual_overlap=0.018021
[step   208500] t/d=417.000 | task1=6.730644e-03 | |m1|=0.999897 | m1²=0.999793 | ||w||²/d=0.862473 | eps_adapter=5.037927e-03 | residual_overlap=0.018020
[step   208750] t/d=417.500 | task1=6.729545e-03 | |m1|=0.999898 | m1²=0.999795 | ||w||²/d=0.862493 | eps_adapter=5.030745e-03 | residual_overlap=0.018020
[step   209000] t/d=418.000 | task1=6.729263e-03 | |m1|=0.999897 | m1²=0.999795 | ||w||²/d=0.862497 | eps_adapter=5.031233e-03 | residual_overlap=0.018021
[step   209250] t/d=418.500 | task1=6.727319e-03 | |m1|=0.999898 | m1²=0.999795 | ||w||²/d=0.862774 | eps_adapter=4.989717e-03 | residual_overlap=0.018021
[step   209500] t/d=419.000 | task1=6.723257e-03 | |m1|=0.999897 | m1²=0.999795 | ||w||²/d=0.862845 | eps_adapter=4.979946e-03 | residual_overlap=0.018023
[step   209750] t/d=419.500 | task1=6.726345e-03 | |m1|=0.999899 | m1²=0.999798 | ||w||²/d=0.862895 | eps_adapter=4.967179e-03 | residual_overlap=0.018011
[step   210000] t/d=420.000 | task1=6.725738e-03 | |m1|=0.999899 | m1²=0.999798 | ||w||²/d=0.862964 | eps_adapter=4.956541e-03 | residual_overlap=0.018010
[step   210250] t/d=420.500 | task1=6.724756e-03 | |m1|=0.999900 | m1²=0.999800 | ||w||²/d=0.863237 | eps_adapter=4.913510e-03 | residual_overlap=0.018017
[step   210500] t/d=421.000 | task1=6.724438e-03 | |m1|=0.999899 | m1²=0.999799 | ||w||²/d=0.863179 | eps_adapter=4.924257e-03 | residual_overlap=0.018019
[step   210750] t/d=421.500 | task1=6.722983e-03 | |m1|=0.999900 | m1²=0.999801 | ||w||²/d=0.863232 | eps_adapter=4.912829e-03 | residual_overlap=0.018018
[step   211000] t/d=422.000 | task1=6.723652e-03 | |m1|=0.999899 | m1²=0.999799 | ||w||²/d=0.863349 | eps_adapter=4.899766e-03 | residual_overlap=0.018021
[step   211250] t/d=422.500 | task1=6.722279e-03 | |m1|=0.999899 | m1²=0.999798 | ||w||²/d=0.863394 | eps_adapter=4.894540e-03 | residual_overlap=0.018027
[step   211500] t/d=423.000 | task1=6.723178e-03 | |m1|=0.999898 | m1²=0.999796 | ||w||²/d=0.863414 | eps_adapter=4.896067e-03 | residual_overlap=0.018036
[step   211750] t/d=423.500 | task1=6.722570e-03 | |m1|=0.999897 | m1²=0.999795 | ||w||²/d=0.863425 | eps_adapter=4.895829e-03 | residual_overlap=0.018038
[step   212000] t/d=424.000 | task1=6.723504e-03 | |m1|=0.999898 | m1²=0.999795 | ||w||²/d=0.863550 | eps_adapter=4.876642e-03 | residual_overlap=0.018039
[step   212250] t/d=424.500 | task1=6.722403e-03 | |m1|=0.999897 | m1²=0.999795 | ||w||²/d=0.863572 | eps_adapter=4.874787e-03 | residual_overlap=0.018041
[step   212500] t/d=425.000 | task1=6.720717e-03 | |m1|=0.999898 | m1²=0.999796 | ||w||²/d=0.863740 | eps_adapter=4.847557e-03 | residual_overlap=0.018048
[step   212750] t/d=425.500 | task1=6.720638e-03 | |m1|=0.999899 | m1²=0.999799 | ||w||²/d=0.863849 | eps_adapter=4.827630e-03 | residual_overlap=0.018042
[step   213000] t/d=426.000 | task1=6.720288e-03 | |m1|=0.999899 | m1²=0.999799 | ||w||²/d=0.864042 | eps_adapter=4.800088e-03 | residual_overlap=0.018044
[step   213250] t/d=426.500 | task1=6.719688e-03 | |m1|=0.999898 | m1²=0.999797 | ||w||²/d=0.864208 | eps_adapter=4.779469e-03 | residual_overlap=0.018048
[step   213500] t/d=427.000 | task1=6.719211e-03 | |m1|=0.999899 | m1²=0.999797 | ||w||²/d=0.864225 | eps_adapter=4.776079e-03 | residual_overlap=0.018044
[step   213750] t/d=427.500 | task1=6.717796e-03 | |m1|=0.999899 | m1²=0.999798 | ||w||²/d=0.864521 | eps_adapter=4.732409e-03 | residual_overlap=0.018047
[step   214000] t/d=428.000 | task1=6.716669e-03 | |m1|=0.999898 | m1²=0.999797 | ||w||²/d=0.864676 | eps_adapter=4.713151e-03 | residual_overlap=0.018052
[step   214250] t/d=428.500 | task1=6.714839e-03 | |m1|=0.999899 | m1²=0.999799 | ||w||²/d=0.864900 | eps_adapter=4.678076e-03 | residual_overlap=0.018054
[step   214500] t/d=429.000 | task1=6.714200e-03 | |m1|=0.999899 | m1²=0.999799 | ||w||²/d=0.864919 | eps_adapter=4.674546e-03 | residual_overlap=0.018059
[step   214750] t/d=429.500 | task1=6.714787e-03 | |m1|=0.999900 | m1²=0.999799 | ||w||²/d=0.864944 | eps_adapter=4.670126e-03 | residual_overlap=0.018063
[step   215000] t/d=430.000 | task1=6.714341e-03 | |m1|=0.999900 | m1²=0.999799 | ||w||²/d=0.865036 | eps_adapter=4.657743e-03 | residual_overlap=0.018066
[step   215250] t/d=430.500 | task1=6.713334e-03 | |m1|=0.999901 | m1²=0.999801 | ||w||²/d=0.865303 | eps_adapter=4.616671e-03 | residual_overlap=0.018061
[step   215500] t/d=431.000 | task1=6.712747e-03 | |m1|=0.999900 | m1²=0.999800 | ||w||²/d=0.865443 | eps_adapter=4.598123e-03 | residual_overlap=0.018061
[step   215750] t/d=431.500 | task1=6.713589e-03 | |m1|=0.999901 | m1²=0.999801 | ||w||²/d=0.865498 | eps_adapter=4.588799e-03 | residual_overlap=0.018063
[step   216000] t/d=432.000 | task1=6.714998e-03 | |m1|=0.999901 | m1²=0.999802 | ||w||²/d=0.865648 | eps_adapter=4.566278e-03 | residual_overlap=0.018060
[step   216250] t/d=432.500 | task1=6.715949e-03 | |m1|=0.999901 | m1²=0.999803 | ||w||²/d=0.865571 | eps_adapter=4.575401e-03 | residual_overlap=0.018060
[step   216500] t/d=433.000 | task1=6.718028e-03 | |m1|=0.999900 | m1²=0.999801 | ||w||²/d=0.865677 | eps_adapter=4.564401e-03 | residual_overlap=0.018065
[step   216750] t/d=433.500 | task1=6.717949e-03 | |m1|=0.999902 | m1²=0.999803 | ||w||²/d=0.865682 | eps_adapter=4.559381e-03 | residual_overlap=0.018065
[step   217000] t/d=434.000 | task1=6.717213e-03 | |m1|=0.999902 | m1²=0.999803 | ||w||²/d=0.865900 | eps_adapter=4.529028e-03 | residual_overlap=0.018065
[step   217250] t/d=434.500 | task1=6.716189e-03 | |m1|=0.999903 | m1²=0.999805 | ||w||²/d=0.865962 | eps_adapter=4.516763e-03 | residual_overlap=0.018052
[step   217500] t/d=435.000 | task1=6.717262e-03 | |m1|=0.999903 | m1²=0.999805 | ||w||²/d=0.865998 | eps_adapter=4.511779e-03 | residual_overlap=0.018046
[step   217750] t/d=435.500 | task1=6.718067e-03 | |m1|=0.999903 | m1²=0.999806 | ||w||²/d=0.865994 | eps_adapter=4.511236e-03 | residual_overlap=0.018041
[step   218000] t/d=436.000 | task1=6.719455e-03 | |m1|=0.999903 | m1²=0.999807 | ||w||²/d=0.865996 | eps_adapter=4.509142e-03 | residual_overlap=0.018043
[step   218250] t/d=436.500 | task1=6.718723e-03 | |m1|=0.999905 | m1²=0.999809 | ||w||²/d=0.865988 | eps_adapter=4.505795e-03 | residual_overlap=0.018037
[step   218500] t/d=437.000 | task1=6.718223e-03 | |m1|=0.999904 | m1²=0.999808 | ||w||²/d=0.865876 | eps_adapter=4.524367e-03 | residual_overlap=0.018040
[step   218750] t/d=437.500 | task1=6.719664e-03 | |m1|=0.999903 | m1²=0.999807 | ||w||²/d=0.865957 | eps_adapter=4.514463e-03 | residual_overlap=0.018041
[step   219000] t/d=438.000 | task1=6.719967e-03 | |m1|=0.999905 | m1²=0.999809 | ||w||²/d=0.865913 | eps_adapter=4.515873e-03 | residual_overlap=0.018039
[step   219250] t/d=438.500 | task1=6.720478e-03 | |m1|=0.999905 | m1²=0.999810 | ||w||²/d=0.865956 | eps_adapter=4.508174e-03 | residual_overlap=0.018034
[step   219500] t/d=439.000 | task1=6.721169e-03 | |m1|=0.999905 | m1²=0.999811 | ||w||²/d=0.866018 | eps_adapter=4.498259e-03 | residual_overlap=0.018032
[step   219750] t/d=439.500 | task1=6.721504e-03 | |m1|=0.999905 | m1²=0.999811 | ||w||²/d=0.866240 | eps_adapter=4.467717e-03 | residual_overlap=0.018034
[step   220000] t/d=440.000 | task1=6.720949e-03 | |m1|=0.999906 | m1²=0.999813 | ||w||²/d=0.866157 | eps_adapter=4.475979e-03 | residual_overlap=0.018031
[step   220250] t/d=440.500 | task1=6.719527e-03 | |m1|=0.999907 | m1²=0.999813 | ||w||²/d=0.866135 | eps_adapter=4.478060e-03 | residual_overlap=0.018031
[step   220500] t/d=441.000 | task1=6.718600e-03 | |m1|=0.999906 | m1²=0.999813 | ||w||²/d=0.866283 | eps_adapter=4.458409e-03 | residual_overlap=0.018034
[step   220750] t/d=441.500 | task1=6.717907e-03 | |m1|=0.999907 | m1²=0.999813 | ||w||²/d=0.866563 | eps_adapter=4.418445e-03 | residual_overlap=0.018033
[step   221000] t/d=442.000 | task1=6.719735e-03 | |m1|=0.999907 | m1²=0.999814 | ||w||²/d=0.866807 | eps_adapter=4.383057e-03 | residual_overlap=0.018037
[step   221250] t/d=442.500 | task1=6.717416e-03 | |m1|=0.999908 | m1²=0.999815 | ||w||²/d=0.866890 | eps_adapter=4.369985e-03 | residual_overlap=0.018045
[step   221500] t/d=443.000 | task1=6.716292e-03 | |m1|=0.999907 | m1²=0.999814 | ||w||²/d=0.866756 | eps_adapter=4.390496e-03 | residual_overlap=0.018051
[step   221750] t/d=443.500 | task1=6.716447e-03 | |m1|=0.999908 | m1²=0.999816 | ||w||²/d=0.866995 | eps_adapter=4.354469e-03 | residual_overlap=0.018050
[step   222000] t/d=444.000 | task1=6.716839e-03 | |m1|=0.999909 | m1²=0.999818 | ||w||²/d=0.866998 | eps_adapter=4.351243e-03 | residual_overlap=0.018045
[step   222250] t/d=444.500 | task1=6.715874e-03 | |m1|=0.999908 | m1²=0.999817 | ||w||²/d=0.867118 | eps_adapter=4.336496e-03 | residual_overlap=0.018048
[step   222500] t/d=445.000 | task1=6.717887e-03 | |m1|=0.999908 | m1²=0.999816 | ||w||²/d=0.867007 | eps_adapter=4.352175e-03 | residual_overlap=0.018053
[step   222750] t/d=445.500 | task1=6.716263e-03 | |m1|=0.999908 | m1²=0.999816 | ||w||²/d=0.866933 | eps_adapter=4.362989e-03 | residual_overlap=0.018054
[step   223000] t/d=446.000 | task1=6.715755e-03 | |m1|=0.999908 | m1²=0.999817 | ||w||²/d=0.867031 | eps_adapter=4.348183e-03 | residual_overlap=0.018058
[step   223250] t/d=446.500 | task1=6.717119e-03 | |m1|=0.999908 | m1²=0.999817 | ||w||²/d=0.866962 | eps_adapter=4.357898e-03 | residual_overlap=0.018059
[step   223500] t/d=447.000 | task1=6.718952e-03 | |m1|=0.999908 | m1²=0.999817 | ||w||²/d=0.866862 | eps_adapter=4.371705e-03 | residual_overlap=0.018063
[step   223750] t/d=447.500 | task1=6.718620e-03 | |m1|=0.999908 | m1²=0.999816 | ||w||²/d=0.866888 | eps_adapter=4.368471e-03 | residual_overlap=0.018071
[step   224000] t/d=448.000 | task1=6.717069e-03 | |m1|=0.999907 | m1²=0.999815 | ||w||²/d=0.867095 | eps_adapter=4.343134e-03 | residual_overlap=0.018077
[step   224250] t/d=448.500 | task1=6.714444e-03 | |m1|=0.999908 | m1²=0.999816 | ||w||²/d=0.867247 | eps_adapter=4.319314e-03 | residual_overlap=0.018081
[step   224500] t/d=449.000 | task1=6.716756e-03 | |m1|=0.999908 | m1²=0.999816 | ||w||²/d=0.867239 | eps_adapter=4.321827e-03 | residual_overlap=0.018079
[step   224750] t/d=449.500 | task1=6.715879e-03 | |m1|=0.999908 | m1²=0.999816 | ||w||²/d=0.867308 | eps_adapter=4.312873e-03 | residual_overlap=0.018076
[step   225000] t/d=450.000 | task1=6.714977e-03 | |m1|=0.999907 | m1²=0.999815 | ||w||²/d=0.867374 | eps_adapter=4.305074e-03 | residual_overlap=0.018081
[step   225250] t/d=450.500 | task1=6.714904e-03 | |m1|=0.999907 | m1²=0.999815 | ||w||²/d=0.867410 | eps_adapter=4.300126e-03 | residual_overlap=0.018084
[step   225500] t/d=451.000 | task1=6.712578e-03 | |m1|=0.999909 | m1²=0.999818 | ||w||²/d=0.867494 | eps_adapter=4.283177e-03 | residual_overlap=0.018085
[step   225750] t/d=451.500 | task1=6.712264e-03 | |m1|=0.999908 | m1²=0.999815 | ||w||²/d=0.867466 | eps_adapter=4.291573e-03 | residual_overlap=0.018095
[step   226000] t/d=452.000 | task1=6.712689e-03 | |m1|=0.999908 | m1²=0.999817 | ||w||²/d=0.867602 | eps_adapter=4.270516e-03 | residual_overlap=0.018097
[step   226250] t/d=452.500 | task1=6.712272e-03 | |m1|=0.999908 | m1²=0.999816 | ||w||²/d=0.867531 | eps_adapter=4.282552e-03 | residual_overlap=0.018103
[step   226500] t/d=453.000 | task1=6.712402e-03 | |m1|=0.999908 | m1²=0.999816 | ||w||²/d=0.867661 | eps_adapter=4.264364e-03 | residual_overlap=0.018112
[step   226750] t/d=453.500 | task1=6.712150e-03 | |m1|=0.999907 | m1²=0.999814 | ||w||²/d=0.867683 | eps_adapter=4.264209e-03 | residual_overlap=0.018112
[step   227000] t/d=454.000 | task1=6.713147e-03 | |m1|=0.999907 | m1²=0.999814 | ||w||²/d=0.867667 | eps_adapter=4.267059e-03 | residual_overlap=0.018114
[step   227250] t/d=454.500 | task1=6.712836e-03 | |m1|=0.999908 | m1²=0.999817 | ||w||²/d=0.867788 | eps_adapter=4.245468e-03 | residual_overlap=0.018109
[step   227500] t/d=455.000 | task1=6.714827e-03 | |m1|=0.999908 | m1²=0.999816 | ||w||²/d=0.867877 | eps_adapter=4.234952e-03 | residual_overlap=0.018113
[step   227750] t/d=455.500 | task1=6.713498e-03 | |m1|=0.999909 | m1²=0.999819 | ||w||²/d=0.867991 | eps_adapter=4.214926e-03 | residual_overlap=0.018110
[step   228000] t/d=456.000 | task1=6.712439e-03 | |m1|=0.999911 | m1²=0.999822 | ||w||²/d=0.868040 | eps_adapter=4.201558e-03 | residual_overlap=0.018102
[step   228250] t/d=456.500 | task1=6.712875e-03 | |m1|=0.999910 | m1²=0.999820 | ||w||²/d=0.868064 | eps_adapter=4.201593e-03 | residual_overlap=0.018102
[step   228500] t/d=457.000 | task1=6.714093e-03 | |m1|=0.999911 | m1²=0.999821 | ||w||²/d=0.868000 | eps_adapter=4.209080e-03 | residual_overlap=0.018098
[step   228750] t/d=457.500 | task1=6.714556e-03 | |m1|=0.999911 | m1²=0.999822 | ||w||²/d=0.868142 | eps_adapter=4.188694e-03 | residual_overlap=0.018100
[step   229000] t/d=458.000 | task1=6.716371e-03 | |m1|=0.999910 | m1²=0.999821 | ||w||²/d=0.868007 | eps_adapter=4.209110e-03 | residual_overlap=0.018101
[step   229250] t/d=458.500 | task1=6.717996e-03 | |m1|=0.999910 | m1²=0.999820 | ||w||²/d=0.868127 | eps_adapter=4.194683e-03 | residual_overlap=0.018098
[step   229500] t/d=459.000 | task1=6.718789e-03 | |m1|=0.999911 | m1²=0.999822 | ||w||²/d=0.868029 | eps_adapter=4.203938e-03 | residual_overlap=0.018094
[step   229750] t/d=459.500 | task1=6.717973e-03 | |m1|=0.999911 | m1²=0.999821 | ||w||²/d=0.868002 | eps_adapter=4.207979e-03 | residual_overlap=0.018100
[step   230000] t/d=460.000 | task1=6.717933e-03 | |m1|=0.999910 | m1²=0.999821 | ||w||²/d=0.867970 | eps_adapter=4.213873e-03 | residual_overlap=0.018103
[step   230250] t/d=460.500 | task1=6.718751e-03 | |m1|=0.999910 | m1²=0.999821 | ||w||²/d=0.868273 | eps_adapter=4.173079e-03 | residual_overlap=0.018106
[step   230500] t/d=461.000 | task1=6.719812e-03 | |m1|=0.999910 | m1²=0.999821 | ||w||²/d=0.868293 | eps_adapter=4.170123e-03 | residual_overlap=0.018110
[step   230750] t/d=461.500 | task1=6.721323e-03 | |m1|=0.999910 | m1²=0.999820 | ||w||²/d=0.868479 | eps_adapter=4.147660e-03 | residual_overlap=0.018111
[step   231000] t/d=462.000 | task1=6.723169e-03 | |m1|=0.999910 | m1²=0.999819 | ||w||²/d=0.868382 | eps_adapter=4.160971e-03 | residual_overlap=0.018114
[step   231250] t/d=462.500 | task1=6.721971e-03 | |m1|=0.999911 | m1²=0.999821 | ||w||²/d=0.868439 | eps_adapter=4.150109e-03 | residual_overlap=0.018113
[step   231500] t/d=463.000 | task1=6.721499e-03 | |m1|=0.999911 | m1²=0.999821 | ||w||²/d=0.868456 | eps_adapter=4.147522e-03 | residual_overlap=0.018114
[step   231750] t/d=463.500 | task1=6.722108e-03 | |m1|=0.999910 | m1²=0.999819 | ||w||²/d=0.868318 | eps_adapter=4.169756e-03 | residual_overlap=0.018110
[step   232000] t/d=464.000 | task1=6.721604e-03 | |m1|=0.999909 | m1²=0.999819 | ||w||²/d=0.868329 | eps_adapter=4.169057e-03 | residual_overlap=0.018109
[step   232250] t/d=464.500 | task1=6.718554e-03 | |m1|=0.999908 | m1²=0.999816 | ||w||²/d=0.868484 | eps_adapter=4.154497e-03 | residual_overlap=0.018119
[step   232500] t/d=465.000 | task1=6.718886e-03 | |m1|=0.999907 | m1²=0.999813 | ||w||²/d=0.868566 | eps_adapter=4.148383e-03 | residual_overlap=0.018126
[step   232750] t/d=465.500 | task1=6.719313e-03 | |m1|=0.999905 | m1²=0.999810 | ||w||²/d=0.868703 | eps_adapter=4.136110e-03 | residual_overlap=0.018134
[step   233000] t/d=466.000 | task1=6.719782e-03 | |m1|=0.999904 | m1²=0.999809 | ||w||²/d=0.868887 | eps_adapter=4.113716e-03 | residual_overlap=0.018132
[step   233250] t/d=466.500 | task1=6.720219e-03 | |m1|=0.999904 | m1²=0.999808 | ||w||²/d=0.868791 | eps_adapter=4.127846e-03 | residual_overlap=0.018133
[step   233500] t/d=467.000 | task1=6.717950e-03 | |m1|=0.999905 | m1²=0.999810 | ||w||²/d=0.869035 | eps_adapter=4.093155e-03 | residual_overlap=0.018132
[step   233750] t/d=467.500 | task1=6.719607e-03 | |m1|=0.999905 | m1²=0.999811 | ||w||²/d=0.868968 | eps_adapter=4.099308e-03 | residual_overlap=0.018121
[step   234000] t/d=468.000 | task1=6.718605e-03 | |m1|=0.999906 | m1²=0.999812 | ||w||²/d=0.869071 | eps_adapter=4.083103e-03 | residual_overlap=0.018119
[step   234250] t/d=468.500 | task1=6.718002e-03 | |m1|=0.999907 | m1²=0.999814 | ||w||²/d=0.869243 | eps_adapter=4.056969e-03 | residual_overlap=0.018116
[step   234500] t/d=469.000 | task1=6.719939e-03 | |m1|=0.999905 | m1²=0.999810 | ||w||²/d=0.869080 | eps_adapter=4.085666e-03 | residual_overlap=0.018127
[step   234750] t/d=469.500 | task1=6.718867e-03 | |m1|=0.999906 | m1²=0.999812 | ||w||²/d=0.869210 | eps_adapter=4.065089e-03 | residual_overlap=0.018127
[step   235000] t/d=470.000 | task1=6.717812e-03 | |m1|=0.999906 | m1²=0.999813 | ||w||²/d=0.869191 | eps_adapter=4.066956e-03 | residual_overlap=0.018130
[step   235250] t/d=470.500 | task1=6.718401e-03 | |m1|=0.999907 | m1²=0.999815 | ||w||²/d=0.869097 | eps_adapter=4.075196e-03 | residual_overlap=0.018126
[step   235500] t/d=471.000 | task1=6.715993e-03 | |m1|=0.999908 | m1²=0.999815 | ||w||²/d=0.869219 | eps_adapter=4.058561e-03 | residual_overlap=0.018127
[step   235750] t/d=471.500 | task1=6.715361e-03 | |m1|=0.999907 | m1²=0.999813 | ||w||²/d=0.869154 | eps_adapter=4.070333e-03 | residual_overlap=0.018127
[step   236000] t/d=472.000 | task1=6.714024e-03 | |m1|=0.999906 | m1²=0.999812 | ||w||²/d=0.869339 | eps_adapter=4.047669e-03 | residual_overlap=0.018130
[step   236250] t/d=472.500 | task1=6.714058e-03 | |m1|=0.999907 | m1²=0.999814 | ||w||²/d=0.869597 | eps_adapter=4.010788e-03 | residual_overlap=0.018122
[step   236500] t/d=473.000 | task1=6.712934e-03 | |m1|=0.999907 | m1²=0.999815 | ||w||²/d=0.869667 | eps_adapter=4.000989e-03 | residual_overlap=0.018115
[step   236750] t/d=473.500 | task1=6.712004e-03 | |m1|=0.999907 | m1²=0.999814 | ||w||²/d=0.869755 | eps_adapter=3.990836e-03 | residual_overlap=0.018112
[step   237000] t/d=474.000 | task1=6.712092e-03 | |m1|=0.999907 | m1²=0.999813 | ||w||²/d=0.869740 | eps_adapter=3.993547e-03 | residual_overlap=0.018111
[step   237250] t/d=474.500 | task1=6.711499e-03 | |m1|=0.999908 | m1²=0.999815 | ||w||²/d=0.869978 | eps_adapter=3.959096e-03 | residual_overlap=0.018104
[step   237500] t/d=475.000 | task1=6.711111e-03 | |m1|=0.999908 | m1²=0.999817 | ||w||²/d=0.869971 | eps_adapter=3.957769e-03 | residual_overlap=0.018104
[step   237750] t/d=475.500 | task1=6.714172e-03 | |m1|=0.999908 | m1²=0.999817 | ||w||²/d=0.870097 | eps_adapter=3.941255e-03 | residual_overlap=0.018099
[step   238000] t/d=476.000 | task1=6.715033e-03 | |m1|=0.999909 | m1²=0.999819 | ||w||²/d=0.870106 | eps_adapter=3.935740e-03 | residual_overlap=0.018093
[step   238250] t/d=476.500 | task1=6.714328e-03 | |m1|=0.999910 | m1²=0.999820 | ||w||²/d=0.870155 | eps_adapter=3.928035e-03 | residual_overlap=0.018087
[step   238500] t/d=477.000 | task1=6.715171e-03 | |m1|=0.999910 | m1²=0.999821 | ||w||²/d=0.870068 | eps_adapter=3.937274e-03 | residual_overlap=0.018088
[step   238750] t/d=477.500 | task1=6.714633e-03 | |m1|=0.999909 | m1²=0.999819 | ||w||²/d=0.870247 | eps_adapter=3.918278e-03 | residual_overlap=0.018091
[step   239000] t/d=478.000 | task1=6.717326e-03 | |m1|=0.999909 | m1²=0.999817 | ||w||²/d=0.870358 | eps_adapter=3.906615e-03 | residual_overlap=0.018096
[step   239250] t/d=478.500 | task1=6.718664e-03 | |m1|=0.999910 | m1²=0.999820 | ||w||²/d=0.870435 | eps_adapter=3.891819e-03 | residual_overlap=0.018093
[step   239500] t/d=479.000 | task1=6.718255e-03 | |m1|=0.999910 | m1²=0.999820 | ||w||²/d=0.870462 | eps_adapter=3.887837e-03 | residual_overlap=0.018091
[step   239750] t/d=479.500 | task1=6.718766e-03 | |m1|=0.999909 | m1²=0.999819 | ||w||²/d=0.870460 | eps_adapter=3.890262e-03 | residual_overlap=0.018099
[step   240000] t/d=480.000 | task1=6.717685e-03 | |m1|=0.999909 | m1²=0.999818 | ||w||²/d=0.870527 | eps_adapter=3.883939e-03 | residual_overlap=0.018102
[step   240250] t/d=480.500 | task1=6.717161e-03 | |m1|=0.999908 | m1²=0.999816 | ||w||²/d=0.870460 | eps_adapter=3.896272e-03 | residual_overlap=0.018108
[step   240500] t/d=481.000 | task1=6.715739e-03 | |m1|=0.999907 | m1²=0.999815 | ||w||²/d=0.870701 | eps_adapter=3.867549e-03 | residual_overlap=0.018110
[step   240750] t/d=481.500 | task1=6.714509e-03 | |m1|=0.999908 | m1²=0.999817 | ||w||²/d=0.870741 | eps_adapter=3.858688e-03 | residual_overlap=0.018107
[step   241000] t/d=482.000 | task1=6.713828e-03 | |m1|=0.999909 | m1²=0.999818 | ||w||²/d=0.870717 | eps_adapter=3.858688e-03 | residual_overlap=0.018100
[step   241250] t/d=482.500 | task1=6.713476e-03 | |m1|=0.999908 | m1²=0.999816 | ||w||²/d=0.870751 | eps_adapter=3.857928e-03 | residual_overlap=0.018101
[step   241500] t/d=483.000 | task1=6.713291e-03 | |m1|=0.999909 | m1²=0.999818 | ||w||²/d=0.870879 | eps_adapter=3.838398e-03 | residual_overlap=0.018101
[step   241750] t/d=483.500 | task1=6.712690e-03 | |m1|=0.999911 | m1²=0.999822 | ||w||²/d=0.870928 | eps_adapter=3.825029e-03 | residual_overlap=0.018092
[step   242000] t/d=484.000 | task1=6.712833e-03 | |m1|=0.999910 | m1²=0.999820 | ||w||²/d=0.870923 | eps_adapter=3.829257e-03 | residual_overlap=0.018099
[step   242250] t/d=484.500 | task1=6.712935e-03 | |m1|=0.999909 | m1²=0.999818 | ||w||²/d=0.870830 | eps_adapter=3.844974e-03 | residual_overlap=0.018110
[step   242500] t/d=485.000 | task1=6.711763e-03 | |m1|=0.999909 | m1²=0.999817 | ||w||²/d=0.870858 | eps_adapter=3.842588e-03 | residual_overlap=0.018112
[step   242750] t/d=485.500 | task1=6.712440e-03 | |m1|=0.999910 | m1²=0.999819 | ||w||²/d=0.870795 | eps_adapter=3.846725e-03 | residual_overlap=0.018111
[step   243000] t/d=486.000 | task1=6.710559e-03 | |m1|=0.999910 | m1²=0.999820 | ||w||²/d=0.870819 | eps_adapter=3.842079e-03 | residual_overlap=0.018111
[step   243250] t/d=486.500 | task1=6.710548e-03 | |m1|=0.999910 | m1²=0.999819 | ||w||²/d=0.870940 | eps_adapter=3.828263e-03 | residual_overlap=0.018116
[step   243500] t/d=487.000 | task1=6.710008e-03 | |m1|=0.999911 | m1²=0.999822 | ||w||²/d=0.870942 | eps_adapter=3.823392e-03 | residual_overlap=0.018116
[step   243750] t/d=487.500 | task1=6.710035e-03 | |m1|=0.999911 | m1²=0.999822 | ||w||²/d=0.870927 | eps_adapter=3.824314e-03 | residual_overlap=0.018119
[step   244000] t/d=488.000 | task1=6.710613e-03 | |m1|=0.999912 | m1²=0.999823 | ||w||²/d=0.870818 | eps_adapter=3.836215e-03 | residual_overlap=0.018114
[step   244250] t/d=488.500 | task1=6.711627e-03 | |m1|=0.999912 | m1²=0.999825 | ||w||²/d=0.870807 | eps_adapter=3.834797e-03 | residual_overlap=0.018109
[step   244500] t/d=489.000 | task1=6.713528e-03 | |m1|=0.999911 | m1²=0.999821 | ||w||²/d=0.870765 | eps_adapter=3.847090e-03 | residual_overlap=0.018127
[step   244750] t/d=489.500 | task1=6.713961e-03 | |m1|=0.999911 | m1²=0.999822 | ||w||²/d=0.870465 | eps_adapter=3.883652e-03 | residual_overlap=0.018125
[step   245000] t/d=490.000 | task1=6.713868e-03 | |m1|=0.999911 | m1²=0.999822 | ||w||²/d=0.870324 | eps_adapter=3.901465e-03 | residual_overlap=0.018127
[step   245250] t/d=490.500 | task1=6.714515e-03 | |m1|=0.999910 | m1²=0.999820 | ||w||²/d=0.870447 | eps_adapter=3.890077e-03 | residual_overlap=0.018131
[step   245500] t/d=491.000 | task1=6.717143e-03 | |m1|=0.999908 | m1²=0.999817 | ||w||²/d=0.870379 | eps_adapter=3.904950e-03 | residual_overlap=0.018136
[step   245750] t/d=491.500 | task1=6.717912e-03 | |m1|=0.999909 | m1²=0.999818 | ||w||²/d=0.870341 | eps_adapter=3.907483e-03 | residual_overlap=0.018130
[step   246000] t/d=492.000 | task1=6.717358e-03 | |m1|=0.999908 | m1²=0.999816 | ||w||²/d=0.870280 | eps_adapter=3.918129e-03 | residual_overlap=0.018138
[step   246250] t/d=492.500 | task1=6.716161e-03 | |m1|=0.999908 | m1²=0.999816 | ||w||²/d=0.870239 | eps_adapter=3.924050e-03 | residual_overlap=0.018138
[step   246500] t/d=493.000 | task1=6.716581e-03 | |m1|=0.999908 | m1²=0.999817 | ||w||²/d=0.870160 | eps_adapter=3.933064e-03 | residual_overlap=0.018142
[step   246750] t/d=493.500 | task1=6.721202e-03 | |m1|=0.999907 | m1²=0.999815 | ||w||²/d=0.870112 | eps_adapter=3.942497e-03 | residual_overlap=0.018145
[step   247000] t/d=494.000 | task1=6.722183e-03 | |m1|=0.999908 | m1²=0.999817 | ||w||²/d=0.870383 | eps_adapter=3.904652e-03 | residual_overlap=0.018135
[step   247250] t/d=494.500 | task1=6.723336e-03 | |m1|=0.999908 | m1²=0.999817 | ||w||²/d=0.870397 | eps_adapter=3.902791e-03 | residual_overlap=0.018136
[step   247500] t/d=495.000 | task1=6.721300e-03 | |m1|=0.999908 | m1²=0.999817 | ||w||²/d=0.870463 | eps_adapter=3.893913e-03 | residual_overlap=0.018135
[step   247750] t/d=495.500 | task1=6.721786e-03 | |m1|=0.999909 | m1²=0.999818 | ||w||²/d=0.870548 | eps_adapter=3.880144e-03 | residual_overlap=0.018134
[step   248000] t/d=496.000 | task1=6.721030e-03 | |m1|=0.999910 | m1²=0.999819 | ||w||²/d=0.870582 | eps_adapter=3.873853e-03 | residual_overlap=0.018133
[step   248250] t/d=496.500 | task1=6.720354e-03 | |m1|=0.999910 | m1²=0.999820 | ||w||²/d=0.870505 | eps_adapter=3.883033e-03 | residual_overlap=0.018130
[step   248500] t/d=497.000 | task1=6.721421e-03 | |m1|=0.999910 | m1²=0.999819 | ||w||²/d=0.870511 | eps_adapter=3.883101e-03 | residual_overlap=0.018124
[step   248750] t/d=497.500 | task1=6.720129e-03 | |m1|=0.999911 | m1²=0.999821 | ||w||²/d=0.870597 | eps_adapter=3.867999e-03 | residual_overlap=0.018115
[step   249000] t/d=498.000 | task1=6.718881e-03 | |m1|=0.999911 | m1²=0.999821 | ||w||²/d=0.870947 | eps_adapter=3.823811e-03 | residual_overlap=0.018110
[step   249250] t/d=498.500 | task1=6.717969e-03 | |m1|=0.999911 | m1²=0.999821 | ||w||²/d=0.871087 | eps_adapter=3.805854e-03 | residual_overlap=0.018113
[step   249500] t/d=499.000 | task1=6.717160e-03 | |m1|=0.999912 | m1²=0.999824 | ||w||²/d=0.871056 | eps_adapter=3.805008e-03 | residual_overlap=0.018108
[step   249750] t/d=499.500 | task1=6.716250e-03 | |m1|=0.999911 | m1²=0.999823 | ||w||²/d=0.871139 | eps_adapter=3.796833e-03 | residual_overlap=0.018111
[step   250000] t/d=500.000 | task1=6.716232e-03 | |m1|=0.999911 | m1²=0.999821 | ||w||²/d=0.871204 | eps_adapter=3.791435e-03 | residual_overlap=0.018108
[step   250250] t/d=500.500 | task1=6.715392e-03 | |m1|=0.999910 | m1²=0.999820 | ||w||²/d=0.871144 | eps_adapter=3.801323e-03 | residual_overlap=0.018111
[step   250500] t/d=501.000 | task1=6.712644e-03 | |m1|=0.999910 | m1²=0.999819 | ||w||²/d=0.871212 | eps_adapter=3.793648e-03 | residual_overlap=0.018113
[step   250750] t/d=501.500 | task1=6.711059e-03 | |m1|=0.999911 | m1²=0.999821 | ||w||²/d=0.871132 | eps_adapter=3.800620e-03 | residual_overlap=0.018111
[step   251000] t/d=502.000 | task1=6.710462e-03 | |m1|=0.999910 | m1²=0.999820 | ||w||²/d=0.871131 | eps_adapter=3.802636e-03 | residual_overlap=0.018117
[step   251250] t/d=502.500 | task1=6.710581e-03 | |m1|=0.999911 | m1²=0.999821 | ||w||²/d=0.871236 | eps_adapter=3.786579e-03 | residual_overlap=0.018118
[step   251500] t/d=503.000 | task1=6.710311e-03 | |m1|=0.999909 | m1²=0.999818 | ||w||²/d=0.871181 | eps_adapter=3.799507e-03 | residual_overlap=0.018127
[step   251750] t/d=503.500 | task1=6.710109e-03 | |m1|=0.999909 | m1²=0.999819 | ||w||²/d=0.871100 | eps_adapter=3.809166e-03 | residual_overlap=0.018126
[step   252000] t/d=504.000 | task1=6.710054e-03 | |m1|=0.999909 | m1²=0.999819 | ||w||²/d=0.871192 | eps_adapter=3.797067e-03 | residual_overlap=0.018122
[step   252250] t/d=504.500 | task1=6.708228e-03 | |m1|=0.999910 | m1²=0.999820 | ||w||²/d=0.871128 | eps_adapter=3.803340e-03 | residual_overlap=0.018114
[step   252500] t/d=505.000 | task1=6.709118e-03 | |m1|=0.999910 | m1²=0.999819 | ||w||²/d=0.870849 | eps_adapter=3.840262e-03 | residual_overlap=0.018118
[step   252750] t/d=505.500 | task1=6.711521e-03 | |m1|=0.999909 | m1²=0.999819 | ||w||²/d=0.870995 | eps_adapter=3.822607e-03 | residual_overlap=0.018116
[step   253000] t/d=506.000 | task1=6.711989e-03 | |m1|=0.999909 | m1²=0.999817 | ||w||²/d=0.871147 | eps_adapter=3.805552e-03 | residual_overlap=0.018115
[step   253250] t/d=506.500 | task1=6.709420e-03 | |m1|=0.999909 | m1²=0.999818 | ||w||²/d=0.871229 | eps_adapter=3.793397e-03 | residual_overlap=0.018114
[step   253500] t/d=507.000 | task1=6.710772e-03 | |m1|=0.999908 | m1²=0.999816 | ||w||²/d=0.871231 | eps_adapter=3.796714e-03 | residual_overlap=0.018114
[step   253750] t/d=507.500 | task1=6.710770e-03 | |m1|=0.999907 | m1²=0.999815 | ||w||²/d=0.871295 | eps_adapter=3.791304e-03 | residual_overlap=0.018113
[step   254000] t/d=508.000 | task1=6.712898e-03 | |m1|=0.999907 | m1²=0.999815 | ||w||²/d=0.871325 | eps_adapter=3.787572e-03 | residual_overlap=0.018106
[step   254250] t/d=508.500 | task1=6.712647e-03 | |m1|=0.999909 | m1²=0.999817 | ||w||²/d=0.871223 | eps_adapter=3.796480e-03 | residual_overlap=0.018112
[step   254500] t/d=509.000 | task1=6.713943e-03 | |m1|=0.999908 | m1²=0.999817 | ||w||²/d=0.871107 | eps_adapter=3.811595e-03 | residual_overlap=0.018112
[step   254750] t/d=509.500 | task1=6.712171e-03 | |m1|=0.999909 | m1²=0.999819 | ||w||²/d=0.871204 | eps_adapter=3.795564e-03 | residual_overlap=0.018104
[step   255000] t/d=510.000 | task1=6.713927e-03 | |m1|=0.999910 | m1²=0.999819 | ||w||²/d=0.871267 | eps_adapter=3.786913e-03 | residual_overlap=0.018114
[step   255250] t/d=510.500 | task1=6.713349e-03 | |m1|=0.999909 | m1²=0.999819 | ||w||²/d=0.871252 | eps_adapter=3.789356e-03 | residual_overlap=0.018113
[step   255500] t/d=511.000 | task1=6.712976e-03 | |m1|=0.999909 | m1²=0.999819 | ||w||²/d=0.871181 | eps_adapter=3.798501e-03 | residual_overlap=0.018116
[step   255750] t/d=511.500 | task1=6.713264e-03 | |m1|=0.999909 | m1²=0.999818 | ||w||²/d=0.871241 | eps_adapter=3.792678e-03 | residual_overlap=0.018118
[step   256000] t/d=512.000 | task1=6.713284e-03 | |m1|=0.999910 | m1²=0.999820 | ||w||²/d=0.871193 | eps_adapter=3.795682e-03 | residual_overlap=0.018112
[step   256250] t/d=512.500 | task1=6.714258e-03 | |m1|=0.999909 | m1²=0.999819 | ||w||²/d=0.871260 | eps_adapter=3.789038e-03 | residual_overlap=0.018117
[step   256500] t/d=513.000 | task1=6.712737e-03 | |m1|=0.999911 | m1²=0.999821 | ||w||²/d=0.871238 | eps_adapter=3.787159e-03 | residual_overlap=0.018115
[step   256750] t/d=513.500 | task1=6.712699e-03 | |m1|=0.999912 | m1²=0.999824 | ||w||²/d=0.871319 | eps_adapter=3.770539e-03 | residual_overlap=0.018109
[step   257000] t/d=514.000 | task1=6.710380e-03 | |m1|=0.999912 | m1²=0.999824 | ||w||²/d=0.871511 | eps_adapter=3.746561e-03 | residual_overlap=0.018105
[step   257250] t/d=514.500 | task1=6.708115e-03 | |m1|=0.999911 | m1²=0.999822 | ||w||²/d=0.871577 | eps_adapter=3.742827e-03 | residual_overlap=0.018114
[step   257500] t/d=515.000 | task1=6.708047e-03 | |m1|=0.999911 | m1²=0.999821 | ||w||²/d=0.871493 | eps_adapter=3.754587e-03 | residual_overlap=0.018119
[step   257750] t/d=515.500 | task1=6.710152e-03 | |m1|=0.999909 | m1²=0.999818 | ||w||²/d=0.871509 | eps_adapter=3.759170e-03 | residual_overlap=0.018127
[step   258000] t/d=516.000 | task1=6.709492e-03 | |m1|=0.999910 | m1²=0.999819 | ||w||²/d=0.871396 | eps_adapter=3.770505e-03 | residual_overlap=0.018126
[step   258250] t/d=516.500 | task1=6.709332e-03 | |m1|=0.999910 | m1²=0.999820 | ||w||²/d=0.871468 | eps_adapter=3.759389e-03 | residual_overlap=0.018130
[step   258500] t/d=517.000 | task1=6.710514e-03 | |m1|=0.999910 | m1²=0.999820 | ||w||²/d=0.871461 | eps_adapter=3.760726e-03 | residual_overlap=0.018131
[step   258750] t/d=517.500 | task1=6.710441e-03 | |m1|=0.999910 | m1²=0.999819 | ||w||²/d=0.871410 | eps_adapter=3.768455e-03 | residual_overlap=0.018140
[step   259000] t/d=518.000 | task1=6.706793e-03 | |m1|=0.999911 | m1²=0.999822 | ||w||²/d=0.871434 | eps_adapter=3.760763e-03 | residual_overlap=0.018137
[step   259250] t/d=518.500 | task1=6.704363e-03 | |m1|=0.999912 | m1²=0.999824 | ||w||²/d=0.871591 | eps_adapter=3.737276e-03 | residual_overlap=0.018130
[step   259500] t/d=519.000 | task1=6.706408e-03 | |m1|=0.999912 | m1²=0.999825 | ||w||²/d=0.871703 | eps_adapter=3.721126e-03 | residual_overlap=0.018123
[step   259750] t/d=519.500 | task1=6.704085e-03 | |m1|=0.999913 | m1²=0.999825 | ||w||²/d=0.871745 | eps_adapter=3.715194e-03 | residual_overlap=0.018123
[step   260000] t/d=520.000 | task1=6.701911e-03 | |m1|=0.999914 | m1²=0.999828 | ||w||²/d=0.871755 | eps_adapter=3.708505e-03 | residual_overlap=0.018114
[step   260250] t/d=520.500 | task1=6.700958e-03 | |m1|=0.999914 | m1²=0.999829 | ||w||²/d=0.871913 | eps_adapter=3.687838e-03 | residual_overlap=0.018119
[step   260500] t/d=521.000 | task1=6.700964e-03 | |m1|=0.999914 | m1²=0.999828 | ||w||²/d=0.871846 | eps_adapter=3.698026e-03 | residual_overlap=0.018119
[step   260750] t/d=521.500 | task1=6.702472e-03 | |m1|=0.999914 | m1²=0.999828 | ||w||²/d=0.871651 | eps_adapter=3.721284e-03 | residual_overlap=0.018116
[step   261000] t/d=522.000 | task1=6.701383e-03 | |m1|=0.999913 | m1²=0.999826 | ||w||²/d=0.871663 | eps_adapter=3.724143e-03 | residual_overlap=0.018120
[step   261250] t/d=522.500 | task1=6.700832e-03 | |m1|=0.999913 | m1²=0.999826 | ||w||²/d=0.871773 | eps_adapter=3.709935e-03 | residual_overlap=0.018121
[step   261500] t/d=523.000 | task1=6.701346e-03 | |m1|=0.999913 | m1²=0.999826 | ||w||²/d=0.871733 | eps_adapter=3.715559e-03 | residual_overlap=0.018125
[step   261750] t/d=523.500 | task1=6.698296e-03 | |m1|=0.999914 | m1²=0.999828 | ||w||²/d=0.871800 | eps_adapter=3.703798e-03 | residual_overlap=0.018123
[step   262000] t/d=524.000 | task1=6.697931e-03 | |m1|=0.999913 | m1²=0.999826 | ||w||²/d=0.871742 | eps_adapter=3.714426e-03 | residual_overlap=0.018126
[step   262250] t/d=524.500 | task1=6.698317e-03 | |m1|=0.999913 | m1²=0.999826 | ||w||²/d=0.871863 | eps_adapter=3.698344e-03 | residual_overlap=0.018122
[step   262500] t/d=525.000 | task1=6.697556e-03 | |m1|=0.999914 | m1²=0.999828 | ||w||²/d=0.872052 | eps_adapter=3.671857e-03 | residual_overlap=0.018117
[step   262750] t/d=525.500 | task1=6.699002e-03 | |m1|=0.999914 | m1²=0.999829 | ||w||²/d=0.872069 | eps_adapter=3.667879e-03 | residual_overlap=0.018114
[step   263000] t/d=526.000 | task1=6.697866e-03 | |m1|=0.999914 | m1²=0.999829 | ||w||²/d=0.872074 | eps_adapter=3.667452e-03 | residual_overlap=0.018120
[step   263250] t/d=526.500 | task1=6.696330e-03 | |m1|=0.999914 | m1²=0.999827 | ||w||²/d=0.872155 | eps_adapter=3.660150e-03 | residual_overlap=0.018127
[step   263500] t/d=527.000 | task1=6.696947e-03 | |m1|=0.999914 | m1²=0.999828 | ||w||²/d=0.872333 | eps_adapter=3.636228e-03 | residual_overlap=0.018123
[step   263750] t/d=527.500 | task1=6.694535e-03 | |m1|=0.999913 | m1²=0.999827 | ||w||²/d=0.872450 | eps_adapter=3.625254e-03 | residual_overlap=0.018128
[step   264000] t/d=528.000 | task1=6.695694e-03 | |m1|=0.999912 | m1²=0.999824 | ||w||²/d=0.872436 | eps_adapter=3.631491e-03 | residual_overlap=0.018131
[step   264250] t/d=528.500 | task1=6.697075e-03 | |m1|=0.999912 | m1²=0.999824 | ||w||²/d=0.872351 | eps_adapter=3.642335e-03 | residual_overlap=0.018131
[step   264500] t/d=529.000 | task1=6.699659e-03 | |m1|=0.999911 | m1²=0.999822 | ||w||²/d=0.872314 | eps_adapter=3.651286e-03 | residual_overlap=0.018134
[step   264750] t/d=529.500 | task1=6.702848e-03 | |m1|=0.999910 | m1²=0.999821 | ||w||²/d=0.872303 | eps_adapter=3.654699e-03 | residual_overlap=0.018147
[step   265000] t/d=530.000 | task1=6.700629e-03 | |m1|=0.999910 | m1²=0.999821 | ||w||²/d=0.872309 | eps_adapter=3.653365e-03 | residual_overlap=0.018143
[step   265250] t/d=530.500 | task1=6.701362e-03 | |m1|=0.999912 | m1²=0.999823 | ||w||²/d=0.872304 | eps_adapter=3.649816e-03 | residual_overlap=0.018137
[step   265500] t/d=531.000 | task1=6.700687e-03 | |m1|=0.999912 | m1²=0.999823 | ||w||²/d=0.872427 | eps_adapter=3.633790e-03 | residual_overlap=0.018131
[step   265750] t/d=531.500 | task1=6.701043e-03 | |m1|=0.999911 | m1²=0.999822 | ||w||²/d=0.872472 | eps_adapter=3.631212e-03 | residual_overlap=0.018135
[step   266000] t/d=532.000 | task1=6.701901e-03 | |m1|=0.999911 | m1²=0.999822 | ||w||²/d=0.872424 | eps_adapter=3.637297e-03 | residual_overlap=0.018144
[step   266250] t/d=532.500 | task1=6.701388e-03 | |m1|=0.999911 | m1²=0.999821 | ||w||²/d=0.872388 | eps_adapter=3.642852e-03 | residual_overlap=0.018142
[step   266500] t/d=533.000 | task1=6.702931e-03 | |m1|=0.999911 | m1²=0.999823 | ||w||²/d=0.872173 | eps_adapter=3.666465e-03 | residual_overlap=0.018138
[step   266750] t/d=533.500 | task1=6.701258e-03 | |m1|=0.999911 | m1²=0.999822 | ||w||²/d=0.872187 | eps_adapter=3.665963e-03 | residual_overlap=0.018139
[step   267000] t/d=534.000 | task1=6.703239e-03 | |m1|=0.999910 | m1²=0.999820 | ||w||²/d=0.872155 | eps_adapter=3.673520e-03 | residual_overlap=0.018143
[step   267250] t/d=534.500 | task1=6.702513e-03 | |m1|=0.999911 | m1²=0.999821 | ||w||²/d=0.872054 | eps_adapter=3.684187e-03 | residual_overlap=0.018137
[step   267500] t/d=535.000 | task1=6.702200e-03 | |m1|=0.999912 | m1²=0.999825 | ||w||²/d=0.872268 | eps_adapter=3.651407e-03 | residual_overlap=0.018131
[step   267750] t/d=535.500 | task1=6.701907e-03 | |m1|=0.999912 | m1²=0.999825 | ||w||²/d=0.872043 | eps_adapter=3.679431e-03 | residual_overlap=0.018129
[step   268000] t/d=536.000 | task1=6.703757e-03 | |m1|=0.999912 | m1²=0.999824 | ||w||²/d=0.872177 | eps_adapter=3.663870e-03 | residual_overlap=0.018128
[step   268250] t/d=536.500 | task1=6.702527e-03 | |m1|=0.999913 | m1²=0.999826 | ||w||²/d=0.872250 | eps_adapter=3.650258e-03 | residual_overlap=0.018119
[step   268500] t/d=537.000 | task1=6.702001e-03 | |m1|=0.999913 | m1²=0.999826 | ||w||²/d=0.872460 | eps_adapter=3.624368e-03 | residual_overlap=0.018116
[step   268750] t/d=537.500 | task1=6.704199e-03 | |m1|=0.999913 | m1²=0.999827 | ||w||²/d=0.872422 | eps_adapter=3.628167e-03 | residual_overlap=0.018109
[step   269000] t/d=538.000 | task1=6.702084e-03 | |m1|=0.999914 | m1²=0.999828 | ||w||²/d=0.872573 | eps_adapter=3.607721e-03 | residual_overlap=0.018104
[step   269250] t/d=538.500 | task1=6.701233e-03 | |m1|=0.999915 | m1²=0.999830 | ||w||²/d=0.872710 | eps_adapter=3.586663e-03 | residual_overlap=0.018094
[step   269500] t/d=539.000 | task1=6.699330e-03 | |m1|=0.999914 | m1²=0.999829 | ||w||²/d=0.872825 | eps_adapter=3.574919e-03 | residual_overlap=0.018095
[step   269750] t/d=539.500 | task1=6.699202e-03 | |m1|=0.999914 | m1²=0.999828 | ||w||²/d=0.872880 | eps_adapter=3.569852e-03 | residual_overlap=0.018100
[step   270000] t/d=540.000 | task1=6.701126e-03 | |m1|=0.999914 | m1²=0.999828 | ||w||²/d=0.872941 | eps_adapter=3.561987e-03 | residual_overlap=0.018096
[step   270250] t/d=540.500 | task1=6.700924e-03 | |m1|=0.999914 | m1²=0.999828 | ||w||²/d=0.873109 | eps_adapter=3.542157e-03 | residual_overlap=0.018101
[step   270500] t/d=541.000 | task1=6.701823e-03 | |m1|=0.999913 | m1²=0.999826 | ||w||²/d=0.872977 | eps_adapter=3.562206e-03 | residual_overlap=0.018103
[step   270750] t/d=541.500 | task1=6.703539e-03 | |m1|=0.999911 | m1²=0.999823 | ||w||²/d=0.872986 | eps_adapter=3.566605e-03 | residual_overlap=0.018112
[step   271000] t/d=542.000 | task1=6.703735e-03 | |m1|=0.999911 | m1²=0.999821 | ||w||²/d=0.873023 | eps_adapter=3.564653e-03 | residual_overlap=0.018119
[step   271250] t/d=542.500 | task1=6.707532e-03 | |m1|=0.999912 | m1²=0.999823 | ||w||²/d=0.872836 | eps_adapter=3.583519e-03 | residual_overlap=0.018112
[step   271500] t/d=543.000 | task1=6.709247e-03 | |m1|=0.999912 | m1²=0.999823 | ||w||²/d=0.872706 | eps_adapter=3.599997e-03 | residual_overlap=0.018122
[step   271750] t/d=543.500 | task1=6.707661e-03 | |m1|=0.999912 | m1²=0.999824 | ||w||²/d=0.872837 | eps_adapter=3.582102e-03 | residual_overlap=0.018122
[step   272000] t/d=544.000 | task1=6.705742e-03 | |m1|=0.999912 | m1²=0.999825 | ||w||²/d=0.872906 | eps_adapter=3.572754e-03 | residual_overlap=0.018118
[step   272250] t/d=544.500 | task1=6.706898e-03 | |m1|=0.999912 | m1²=0.999824 | ||w||²/d=0.872836 | eps_adapter=3.583279e-03 | residual_overlap=0.018120
[step   272500] t/d=545.000 | task1=6.708685e-03 | |m1|=0.999912 | m1²=0.999825 | ||w||²/d=0.872724 | eps_adapter=3.594818e-03 | residual_overlap=0.018124
[step   272750] t/d=545.500 | task1=6.708851e-03 | |m1|=0.999914 | m1²=0.999828 | ||w||²/d=0.872715 | eps_adapter=3.590084e-03 | residual_overlap=0.018116
[step   273000] t/d=546.000 | task1=6.706542e-03 | |m1|=0.999915 | m1²=0.999829 | ||w||²/d=0.872777 | eps_adapter=3.579893e-03 | residual_overlap=0.018114
[step   273250] t/d=546.500 | task1=6.706376e-03 | |m1|=0.999914 | m1²=0.999827 | ||w||²/d=0.872680 | eps_adapter=3.594941e-03 | residual_overlap=0.018115
[step   273500] t/d=547.000 | task1=6.708496e-03 | |m1|=0.999913 | m1²=0.999826 | ||w||²/d=0.872828 | eps_adapter=3.579577e-03 | residual_overlap=0.018117
[step   273750] t/d=547.500 | task1=6.709447e-03 | |m1|=0.999911 | m1²=0.999823 | ||w||²/d=0.872792 | eps_adapter=3.590260e-03 | residual_overlap=0.018121
[step   274000] t/d=548.000 | task1=6.708761e-03 | |m1|=0.999911 | m1²=0.999821 | ||w||²/d=0.872808 | eps_adapter=3.591129e-03 | residual_overlap=0.018123
[step   274250] t/d=548.500 | task1=6.707171e-03 | |m1|=0.999911 | m1²=0.999822 | ||w||²/d=0.872714 | eps_adapter=3.600953e-03 | residual_overlap=0.018120
[step   274500] t/d=549.000 | task1=6.707433e-03 | |m1|=0.999913 | m1²=0.999826 | ||w||²/d=0.872603 | eps_adapter=3.607195e-03 | residual_overlap=0.018117
[step   274750] t/d=549.500 | task1=6.707421e-03 | |m1|=0.999913 | m1²=0.999827 | ||w||²/d=0.872644 | eps_adapter=3.600890e-03 | residual_overlap=0.018117
[step   275000] t/d=550.000 | task1=6.708775e-03 | |m1|=0.999914 | m1²=0.999827 | ||w||²/d=0.872760 | eps_adapter=3.585757e-03 | residual_overlap=0.018116
[step   275250] t/d=550.500 | task1=6.712078e-03 | |m1|=0.999914 | m1²=0.999827 | ||w||²/d=0.872807 | eps_adapter=3.580248e-03 | residual_overlap=0.018114
[step   275500] t/d=551.000 | task1=6.711612e-03 | |m1|=0.999914 | m1²=0.999829 | ||w||²/d=0.872947 | eps_adapter=3.559470e-03 | residual_overlap=0.018111
[step   275750] t/d=551.500 | task1=6.709905e-03 | |m1|=0.999914 | m1²=0.999829 | ||w||²/d=0.872887 | eps_adapter=3.567007e-03 | residual_overlap=0.018109
[step   276000] t/d=552.000 | task1=6.710734e-03 | |m1|=0.999914 | m1²=0.999828 | ||w||²/d=0.872734 | eps_adapter=3.587918e-03 | residual_overlap=0.018107
[step   276250] t/d=552.500 | task1=6.713542e-03 | |m1|=0.999914 | m1²=0.999828 | ||w||²/d=0.872809 | eps_adapter=3.578621e-03 | residual_overlap=0.018105
[step   276500] t/d=553.000 | task1=6.713921e-03 | |m1|=0.999914 | m1²=0.999829 | ||w||²/d=0.872707 | eps_adapter=3.588959e-03 | residual_overlap=0.018109
[step   276750] t/d=553.500 | task1=6.714974e-03 | |m1|=0.999916 | m1²=0.999832 | ||w||²/d=0.872660 | eps_adapter=3.589223e-03 | residual_overlap=0.018099
[step   277000] t/d=554.000 | task1=6.715143e-03 | |m1|=0.999916 | m1²=0.999832 | ||w||²/d=0.872713 | eps_adapter=3.581889e-03 | residual_overlap=0.018095
[step   277250] t/d=554.500 | task1=6.715422e-03 | |m1|=0.999916 | m1²=0.999832 | ||w||²/d=0.872755 | eps_adapter=3.576857e-03 | residual_overlap=0.018098
[step   277500] t/d=555.000 | task1=6.715557e-03 | |m1|=0.999917 | m1²=0.999835 | ||w||²/d=0.872793 | eps_adapter=3.567365e-03 | residual_overlap=0.018095
[step   277750] t/d=555.500 | task1=6.713255e-03 | |m1|=0.999918 | m1²=0.999836 | ||w||²/d=0.872756 | eps_adapter=3.570244e-03 | residual_overlap=0.018092
[step   278000] t/d=556.000 | task1=6.711785e-03 | |m1|=0.999917 | m1²=0.999835 | ||w||²/d=0.872852 | eps_adapter=3.560299e-03 | residual_overlap=0.018090
[step   278250] t/d=556.500 | task1=6.711369e-03 | |m1|=0.999919 | m1²=0.999838 | ||w||²/d=0.872828 | eps_adapter=3.557194e-03 | residual_overlap=0.018079
[step   278500] t/d=557.000 | task1=6.709434e-03 | |m1|=0.999920 | m1²=0.999840 | ||w||²/d=0.872750 | eps_adapter=3.562965e-03 | residual_overlap=0.018072
[step   278750] t/d=557.500 | task1=6.710601e-03 | |m1|=0.999921 | m1²=0.999841 | ||w||²/d=0.872562 | eps_adapter=3.583307e-03 | residual_overlap=0.018067
[step   279000] t/d=558.000 | task1=6.709312e-03 | |m1|=0.999920 | m1²=0.999841 | ||w||²/d=0.872675 | eps_adapter=3.570121e-03 | residual_overlap=0.018072
[step   279250] t/d=558.500 | task1=6.707201e-03 | |m1|=0.999921 | m1²=0.999842 | ||w||²/d=0.872670 | eps_adapter=3.569811e-03 | residual_overlap=0.018070
[step   279500] t/d=559.000 | task1=6.707878e-03 | |m1|=0.999920 | m1²=0.999841 | ||w||²/d=0.872560 | eps_adapter=3.584361e-03 | residual_overlap=0.018071
[step   279750] t/d=559.500 | task1=6.709469e-03 | |m1|=0.999921 | m1²=0.999843 | ||w||²/d=0.872613 | eps_adapter=3.574615e-03 | residual_overlap=0.018070
[step   280000] t/d=560.000 | task1=6.708886e-03 | |m1|=0.999922 | m1²=0.999844 | ||w||²/d=0.872552 | eps_adapter=3.580580e-03 | residual_overlap=0.018063
[step   280250] t/d=560.500 | task1=6.706368e-03 | |m1|=0.999922 | m1²=0.999844 | ||w||²/d=0.872524 | eps_adapter=3.583224e-03 | residual_overlap=0.018066
[step   280500] t/d=561.000 | task1=6.706997e-03 | |m1|=0.999922 | m1²=0.999845 | ||w||²/d=0.872414 | eps_adapter=3.594903e-03 | residual_overlap=0.018066
[step   280750] t/d=561.500 | task1=6.705562e-03 | |m1|=0.999924 | m1²=0.999848 | ||w||²/d=0.872482 | eps_adapter=3.581608e-03 | residual_overlap=0.018066
[step   281000] t/d=562.000 | task1=6.704237e-03 | |m1|=0.999924 | m1²=0.999848 | ||w||²/d=0.872564 | eps_adapter=3.570571e-03 | residual_overlap=0.018062
[step   281250] t/d=562.500 | task1=6.703668e-03 | |m1|=0.999924 | m1²=0.999847 | ||w||²/d=0.872788 | eps_adapter=3.544278e-03 | residual_overlap=0.018060
[step   281500] t/d=563.000 | task1=6.700184e-03 | |m1|=0.999925 | m1²=0.999849 | ||w||²/d=0.872816 | eps_adapter=3.537513e-03 | residual_overlap=0.018057
[step   281750] t/d=563.500 | task1=6.698757e-03 | |m1|=0.999923 | m1²=0.999847 | ||w||²/d=0.872833 | eps_adapter=3.539971e-03 | residual_overlap=0.018059
[step   282000] t/d=564.000 | task1=6.696492e-03 | |m1|=0.999923 | m1²=0.999847 | ||w||²/d=0.872743 | eps_adapter=3.551192e-03 | residual_overlap=0.018060
[step   282250] t/d=564.500 | task1=6.695605e-03 | |m1|=0.999925 | m1²=0.999849 | ||w||²/d=0.872632 | eps_adapter=3.559915e-03 | residual_overlap=0.018056
[step   282500] t/d=565.000 | task1=6.695963e-03 | |m1|=0.999924 | m1²=0.999848 | ||w||²/d=0.872565 | eps_adapter=3.569987e-03 | residual_overlap=0.018060
[step   282750] t/d=565.500 | task1=6.693771e-03 | |m1|=0.999924 | m1²=0.999849 | ||w||²/d=0.872648 | eps_adapter=3.558947e-03 | residual_overlap=0.018061
[step   283000] t/d=566.000 | task1=6.694352e-03 | |m1|=0.999924 | m1²=0.999849 | ||w||²/d=0.872771 | eps_adapter=3.543973e-03 | residual_overlap=0.018061
[step   283250] t/d=566.500 | task1=6.694006e-03 | |m1|=0.999924 | m1²=0.999849 | ||w||²/d=0.872584 | eps_adapter=3.566499e-03 | residual_overlap=0.018058
[step   283500] t/d=567.000 | task1=6.693035e-03 | |m1|=0.999925 | m1²=0.999850 | ||w||²/d=0.872522 | eps_adapter=3.572469e-03 | residual_overlap=0.018056
[step   283750] t/d=567.500 | task1=6.694762e-03 | |m1|=0.999925 | m1²=0.999850 | ||w||²/d=0.872603 | eps_adapter=3.562226e-03 | residual_overlap=0.018062
[step   284000] t/d=568.000 | task1=6.693973e-03 | |m1|=0.999924 | m1²=0.999848 | ||w||²/d=0.872675 | eps_adapter=3.557605e-03 | residual_overlap=0.018067
[step   284250] t/d=568.500 | task1=6.694831e-03 | |m1|=0.999924 | m1²=0.999848 | ||w||²/d=0.872720 | eps_adapter=3.550989e-03 | residual_overlap=0.018066
[step   284500] t/d=569.000 | task1=6.695921e-03 | |m1|=0.999925 | m1²=0.999851 | ||w||²/d=0.872491 | eps_adapter=3.574410e-03 | residual_overlap=0.018064
[step   284750] t/d=569.500 | task1=6.697159e-03 | |m1|=0.999926 | m1²=0.999852 | ||w||²/d=0.872376 | eps_adapter=3.585508e-03 | residual_overlap=0.018064
[step   285000] t/d=570.000 | task1=6.696807e-03 | |m1|=0.999925 | m1²=0.999850 | ||w||²/d=0.872227 | eps_adapter=3.608341e-03 | residual_overlap=0.018068
[step   285250] t/d=570.500 | task1=6.695888e-03 | |m1|=0.999923 | m1²=0.999847 | ||w||²/d=0.872280 | eps_adapter=3.608220e-03 | residual_overlap=0.018078
[step   285500] t/d=571.000 | task1=6.697128e-03 | |m1|=0.999924 | m1²=0.999848 | ||w||²/d=0.872331 | eps_adapter=3.600244e-03 | residual_overlap=0.018075
[step   285750] t/d=571.500 | task1=6.696889e-03 | |m1|=0.999922 | m1²=0.999845 | ||w||²/d=0.872337 | eps_adapter=3.605117e-03 | residual_overlap=0.018075
[step   286000] t/d=572.000 | task1=6.697778e-03 | |m1|=0.999921 | m1²=0.999842 | ||w||²/d=0.872330 | eps_adapter=3.611440e-03 | residual_overlap=0.018084
[step   286250] t/d=572.500 | task1=6.696857e-03 | |m1|=0.999922 | m1²=0.999843 | ||w||²/d=0.872241 | eps_adapter=3.619246e-03 | residual_overlap=0.018086
[step   286500] t/d=573.000 | task1=6.695556e-03 | |m1|=0.999922 | m1²=0.999844 | ||w||²/d=0.872299 | eps_adapter=3.610134e-03 | residual_overlap=0.018082
[step   286750] t/d=573.500 | task1=6.695652e-03 | |m1|=0.999923 | m1²=0.999846 | ||w||²/d=0.872238 | eps_adapter=3.615603e-03 | residual_overlap=0.018080
[step   287000] t/d=574.000 | task1=6.695972e-03 | |m1|=0.999923 | m1²=0.999846 | ||w||²/d=0.872228 | eps_adapter=3.615601e-03 | residual_overlap=0.018079
[step   287250] t/d=574.500 | task1=6.694477e-03 | |m1|=0.999924 | m1²=0.999847 | ||w||²/d=0.872340 | eps_adapter=3.599309e-03 | residual_overlap=0.018076
[step   287500] t/d=575.000 | task1=6.694191e-03 | |m1|=0.999924 | m1²=0.999848 | ||w||²/d=0.872325 | eps_adapter=3.599259e-03 | residual_overlap=0.018068
[step   287750] t/d=575.500 | task1=6.692400e-03 | |m1|=0.999925 | m1²=0.999849 | ||w||²/d=0.872268 | eps_adapter=3.605038e-03 | residual_overlap=0.018065
[step   288000] t/d=576.000 | task1=6.695010e-03 | |m1|=0.999924 | m1²=0.999847 | ||w||²/d=0.872222 | eps_adapter=3.614478e-03 | residual_overlap=0.018070
[step   288250] t/d=576.500 | task1=6.694096e-03 | |m1|=0.999924 | m1²=0.999848 | ||w||²/d=0.872070 | eps_adapter=3.632721e-03 | residual_overlap=0.018068
[step   288500] t/d=577.000 | task1=6.693504e-03 | |m1|=0.999924 | m1²=0.999849 | ||w||²/d=0.872166 | eps_adapter=3.618100e-03 | residual_overlap=0.018069
[step   288750] t/d=577.500 | task1=6.694568e-03 | |m1|=0.999924 | m1²=0.999849 | ||w||²/d=0.872198 | eps_adapter=3.614324e-03 | residual_overlap=0.018070
[step   289000] t/d=578.000 | task1=6.695564e-03 | |m1|=0.999925 | m1²=0.999849 | ||w||²/d=0.872120 | eps_adapter=3.623405e-03 | residual_overlap=0.018070
[step   289250] t/d=578.500 | task1=6.697235e-03 | |m1|=0.999924 | m1²=0.999849 | ||w||²/d=0.871910 | eps_adapter=3.650387e-03 | residual_overlap=0.018070
[step   289500] t/d=579.000 | task1=6.698865e-03 | |m1|=0.999925 | m1²=0.999849 | ||w||²/d=0.871920 | eps_adapter=3.647970e-03 | residual_overlap=0.018067
[step   289750] t/d=579.500 | task1=6.698541e-03 | |m1|=0.999925 | m1²=0.999850 | ||w||²/d=0.871809 | eps_adapter=3.659965e-03 | residual_overlap=0.018066
[step   290000] t/d=580.000 | task1=6.698497e-03 | |m1|=0.999925 | m1²=0.999850 | ||w||²/d=0.871922 | eps_adapter=3.646447e-03 | residual_overlap=0.018070
[step   290250] t/d=580.500 | task1=6.698275e-03 | |m1|=0.999925 | m1²=0.999850 | ||w||²/d=0.872040 | eps_adapter=3.632046e-03 | residual_overlap=0.018066
[step   290500] t/d=581.000 | task1=6.696403e-03 | |m1|=0.999925 | m1²=0.999849 | ||w||²/d=0.872095 | eps_adapter=3.626501e-03 | residual_overlap=0.018065
[step   290750] t/d=581.500 | task1=6.696709e-03 | |m1|=0.999925 | m1²=0.999850 | ||w||²/d=0.871971 | eps_adapter=3.640815e-03 | residual_overlap=0.018064
[step   291000] t/d=582.000 | task1=6.697155e-03 | |m1|=0.999926 | m1²=0.999852 | ||w||²/d=0.872105 | eps_adapter=3.620697e-03 | residual_overlap=0.018058
[step   291250] t/d=582.500 | task1=6.697844e-03 | |m1|=0.999925 | m1²=0.999849 | ||w||²/d=0.872011 | eps_adapter=3.637118e-03 | residual_overlap=0.018059
[step   291500] t/d=583.000 | task1=6.697166e-03 | |m1|=0.999923 | m1²=0.999847 | ||w||²/d=0.871907 | eps_adapter=3.654834e-03 | residual_overlap=0.018066
[step   291750] t/d=583.500 | task1=6.697553e-03 | |m1|=0.999923 | m1²=0.999847 | ||w||²/d=0.871873 | eps_adapter=3.658807e-03 | residual_overlap=0.018067
[step   292000] t/d=584.000 | task1=6.697793e-03 | |m1|=0.999923 | m1²=0.999847 | ||w||²/d=0.871931 | eps_adapter=3.651767e-03 | residual_overlap=0.018063
[step   292250] t/d=584.500 | task1=6.697180e-03 | |m1|=0.999923 | m1²=0.999846 | ||w||²/d=0.872094 | eps_adapter=3.633309e-03 | residual_overlap=0.018066
[step   292500] t/d=585.000 | task1=6.698092e-03 | |m1|=0.999923 | m1²=0.999846 | ||w||²/d=0.872049 | eps_adapter=3.637544e-03 | residual_overlap=0.018065
[step   292750] t/d=585.500 | task1=6.700084e-03 | |m1|=0.999923 | m1²=0.999846 | ||w||²/d=0.872005 | eps_adapter=3.644359e-03 | residual_overlap=0.018063
[step   293000] t/d=586.000 | task1=6.699984e-03 | |m1|=0.999922 | m1²=0.999845 | ||w||²/d=0.871986 | eps_adapter=3.648637e-03 | residual_overlap=0.018064
[step   293250] t/d=586.500 | task1=6.698308e-03 | |m1|=0.999922 | m1²=0.999844 | ||w||²/d=0.872054 | eps_adapter=3.641010e-03 | residual_overlap=0.018064
[step   293500] t/d=587.000 | task1=6.697575e-03 | |m1|=0.999922 | m1²=0.999845 | ||w||²/d=0.872276 | eps_adapter=3.611947e-03 | residual_overlap=0.018061
[step   293750] t/d=587.500 | task1=6.700260e-03 | |m1|=0.999922 | m1²=0.999843 | ||w||²/d=0.872454 | eps_adapter=3.592781e-03 | residual_overlap=0.018062
[step   294000] t/d=588.000 | task1=6.702080e-03 | |m1|=0.999921 | m1²=0.999842 | ||w||²/d=0.872421 | eps_adapter=3.598871e-03 | residual_overlap=0.018065
[step   294250] t/d=588.500 | task1=6.701751e-03 | |m1|=0.999922 | m1²=0.999843 | ||w||²/d=0.872236 | eps_adapter=3.620247e-03 | residual_overlap=0.018062
[step   294500] t/d=589.000 | task1=6.702573e-03 | |m1|=0.999922 | m1²=0.999843 | ||w||²/d=0.872280 | eps_adapter=3.614420e-03 | residual_overlap=0.018062
[step   294750] t/d=589.500 | task1=6.702284e-03 | |m1|=0.999923 | m1²=0.999845 | ||w||²/d=0.872426 | eps_adapter=3.592850e-03 | residual_overlap=0.018053
[step   295000] t/d=590.000 | task1=6.702374e-03 | |m1|=0.999924 | m1²=0.999848 | ||w||²/d=0.872576 | eps_adapter=3.569017e-03 | residual_overlap=0.018045
[step   295250] t/d=590.500 | task1=6.702143e-03 | |m1|=0.999925 | m1²=0.999849 | ||w||²/d=0.872534 | eps_adapter=3.572252e-03 | residual_overlap=0.018038
[step   295500] t/d=591.000 | task1=6.699573e-03 | |m1|=0.999925 | m1²=0.999850 | ||w||²/d=0.872544 | eps_adapter=3.568547e-03 | residual_overlap=0.018036
[step   295750] t/d=591.500 | task1=6.700929e-03 | |m1|=0.999925 | m1²=0.999850 | ||w||²/d=0.872490 | eps_adapter=3.575988e-03 | residual_overlap=0.018036
[step   296000] t/d=592.000 | task1=6.700843e-03 | |m1|=0.999925 | m1²=0.999850 | ||w||²/d=0.872324 | eps_adapter=3.596904e-03 | residual_overlap=0.018031
[step   296250] t/d=592.500 | task1=6.701440e-03 | |m1|=0.999924 | m1²=0.999849 | ||w||²/d=0.872317 | eps_adapter=3.599345e-03 | residual_overlap=0.018038
[step   296500] t/d=593.000 | task1=6.702179e-03 | |m1|=0.999924 | m1²=0.999849 | ||w||²/d=0.872312 | eps_adapter=3.600531e-03 | residual_overlap=0.018036
[step   296750] t/d=593.500 | task1=6.701872e-03 | |m1|=0.999923 | m1²=0.999847 | ||w||²/d=0.872260 | eps_adapter=3.610309e-03 | residual_overlap=0.018039
[step   297000] t/d=594.000 | task1=6.702253e-03 | |m1|=0.999924 | m1²=0.999848 | ||w||²/d=0.872459 | eps_adapter=3.583929e-03 | residual_overlap=0.018035
[step   297250] t/d=594.500 | task1=6.703563e-03 | |m1|=0.999925 | m1²=0.999851 | ||w||²/d=0.872391 | eps_adapter=3.587017e-03 | residual_overlap=0.018028
[step   297500] t/d=595.000 | task1=6.702961e-03 | |m1|=0.999925 | m1²=0.999850 | ||w||²/d=0.872160 | eps_adapter=3.617089e-03 | residual_overlap=0.018028
[step   297750] t/d=595.500 | task1=6.703708e-03 | |m1|=0.999923 | m1²=0.999847 | ||w||²/d=0.872142 | eps_adapter=3.624925e-03 | residual_overlap=0.018041
[step   298000] t/d=596.000 | task1=6.705193e-03 | |m1|=0.999924 | m1²=0.999847 | ||w||²/d=0.872215 | eps_adapter=3.615661e-03 | residual_overlap=0.018042
[step   298250] t/d=596.500 | task1=6.707438e-03 | |m1|=0.999923 | m1²=0.999847 | ||w||²/d=0.872293 | eps_adapter=3.606847e-03 | residual_overlap=0.018045
[step   298500] t/d=597.000 | task1=6.706528e-03 | |m1|=0.999923 | m1²=0.999846 | ||w||²/d=0.872303 | eps_adapter=3.607253e-03 | residual_overlap=0.018054
[step   298750] t/d=597.500 | task1=6.707528e-03 | |m1|=0.999923 | m1²=0.999846 | ||w||²/d=0.872298 | eps_adapter=3.607311e-03 | residual_overlap=0.018053
[step   299000] t/d=598.000 | task1=6.708492e-03 | |m1|=0.999923 | m1²=0.999846 | ||w||²/d=0.872123 | eps_adapter=3.629409e-03 | residual_overlap=0.018054
[step   299250] t/d=598.500 | task1=6.706860e-03 | |m1|=0.999924 | m1²=0.999848 | ||w||²/d=0.872055 | eps_adapter=3.634286e-03 | residual_overlap=0.018049
[step   299500] t/d=599.000 | task1=6.706007e-03 | |m1|=0.999925 | m1²=0.999850 | ||w||²/d=0.872141 | eps_adapter=3.620012e-03 | residual_overlap=0.018041
[step   299750] t/d=599.500 | task1=6.704886e-03 | |m1|=0.999926 | m1²=0.999852 | ||w||²/d=0.872250 | eps_adapter=3.601956e-03 | residual_overlap=0.018030
[step   300000] t/d=600.000 | task1=6.705964e-03 | |m1|=0.999925 | m1²=0.999850 | ||w||²/d=0.872334 | eps_adapter=3.594650e-03 | residual_overlap=0.018034
[step   300250] t/d=600.500 | task1=6.705198e-03 | |m1|=0.999925 | m1²=0.999850 | ||w||²/d=0.872457 | eps_adapter=3.579913e-03 | residual_overlap=0.018037
[step   300500] t/d=601.000 | task1=6.705591e-03 | |m1|=0.999925 | m1²=0.999850 | ||w||²/d=0.872336 | eps_adapter=3.594916e-03 | residual_overlap=0.018038
[step   300750] t/d=601.500 | task1=6.704991e-03 | |m1|=0.999925 | m1²=0.999850 | ||w||²/d=0.872476 | eps_adapter=3.578191e-03 | residual_overlap=0.018041
[step   301000] t/d=602.000 | task1=6.704492e-03 | |m1|=0.999925 | m1²=0.999850 | ||w||²/d=0.872523 | eps_adapter=3.571467e-03 | residual_overlap=0.018038
[step   301250] t/d=602.500 | task1=6.706546e-03 | |m1|=0.999924 | m1²=0.999848 | ||w||²/d=0.872567 | eps_adapter=3.569992e-03 | residual_overlap=0.018042
[step   301500] t/d=603.000 | task1=6.709291e-03 | |m1|=0.999923 | m1²=0.999845 | ||w||²/d=0.872511 | eps_adapter=3.581934e-03 | residual_overlap=0.018048
[step   301750] t/d=603.500 | task1=6.707879e-03 | |m1|=0.999923 | m1²=0.999845 | ||w||²/d=0.872553 | eps_adapter=3.577081e-03 | residual_overlap=0.018048
[step   302000] t/d=604.000 | task1=6.708571e-03 | |m1|=0.999922 | m1²=0.999844 | ||w||²/d=0.872665 | eps_adapter=3.566095e-03 | residual_overlap=0.018047
[step   302250] t/d=604.500 | task1=6.708682e-03 | |m1|=0.999921 | m1²=0.999843 | ||w||²/d=0.872718 | eps_adapter=3.561723e-03 | residual_overlap=0.018047
[step   302500] t/d=605.000 | task1=6.705988e-03 | |m1|=0.999920 | m1²=0.999841 | ||w||²/d=0.872726 | eps_adapter=3.563810e-03 | residual_overlap=0.018054
[step   302750] t/d=605.500 | task1=6.708162e-03 | |m1|=0.999920 | m1²=0.999840 | ||w||²/d=0.872676 | eps_adapter=3.571136e-03 | residual_overlap=0.018047
[step   303000] t/d=606.000 | task1=6.708469e-03 | |m1|=0.999920 | m1²=0.999841 | ||w||²/d=0.872623 | eps_adapter=3.576910e-03 | residual_overlap=0.018050
[step   303250] t/d=606.500 | task1=6.710837e-03 | |m1|=0.999920 | m1²=0.999840 | ||w||²/d=0.872457 | eps_adapter=3.599550e-03 | residual_overlap=0.018053
[step   303500] t/d=607.000 | task1=6.710296e-03 | |m1|=0.999920 | m1²=0.999839 | ||w||²/d=0.872243 | eps_adapter=3.627148e-03 | residual_overlap=0.018053
[step   303750] t/d=607.500 | task1=6.707265e-03 | |m1|=0.999920 | m1²=0.999840 | ||w||²/d=0.872252 | eps_adapter=3.624964e-03 | residual_overlap=0.018052
[step   304000] t/d=608.000 | task1=6.708990e-03 | |m1|=0.999919 | m1²=0.999839 | ||w||²/d=0.872166 | eps_adapter=3.636920e-03 | residual_overlap=0.018055
[step   304250] t/d=608.500 | task1=6.710050e-03 | |m1|=0.999919 | m1²=0.999838 | ||w||²/d=0.872197 | eps_adapter=3.634998e-03 | residual_overlap=0.018056
[step   304500] t/d=609.000 | task1=6.709384e-03 | |m1|=0.999919 | m1²=0.999838 | ||w||²/d=0.872399 | eps_adapter=3.609036e-03 | residual_overlap=0.018057
[step   304750] t/d=609.500 | task1=6.708751e-03 | |m1|=0.999919 | m1²=0.999838 | ||w||²/d=0.872428 | eps_adapter=3.605304e-03 | residual_overlap=0.018051
[step   305000] t/d=610.000 | task1=6.706964e-03 | |m1|=0.999921 | m1²=0.999842 | ||w||²/d=0.872267 | eps_adapter=3.619412e-03 | residual_overlap=0.018045
[step   305250] t/d=610.500 | task1=6.706643e-03 | |m1|=0.999921 | m1²=0.999842 | ||w||²/d=0.872332 | eps_adapter=3.611468e-03 | residual_overlap=0.018041
[step   305500] t/d=611.000 | task1=6.707328e-03 | |m1|=0.999920 | m1²=0.999841 | ||w||²/d=0.872392 | eps_adapter=3.605492e-03 | residual_overlap=0.018043
[step   305750] t/d=611.500 | task1=6.708204e-03 | |m1|=0.999920 | m1²=0.999841 | ||w||²/d=0.872218 | eps_adapter=3.627460e-03 | residual_overlap=0.018043
[step   306000] t/d=612.000 | task1=6.709790e-03 | |m1|=0.999920 | m1²=0.999839 | ||w||²/d=0.872241 | eps_adapter=3.626958e-03 | residual_overlap=0.018046
[step   306250] t/d=612.500 | task1=6.708732e-03 | |m1|=0.999918 | m1²=0.999836 | ||w||²/d=0.872210 | eps_adapter=3.637403e-03 | residual_overlap=0.018057
[step   306500] t/d=613.000 | task1=6.710729e-03 | |m1|=0.999919 | m1²=0.999839 | ||w||²/d=0.872213 | eps_adapter=3.631530e-03 | residual_overlap=0.018049
[step   306750] t/d=613.500 | task1=6.710021e-03 | |m1|=0.999920 | m1²=0.999839 | ||w||²/d=0.872286 | eps_adapter=3.621713e-03 | residual_overlap=0.018049
[step   307000] t/d=614.000 | task1=6.708900e-03 | |m1|=0.999920 | m1²=0.999840 | ||w||²/d=0.872264 | eps_adapter=3.622367e-03 | residual_overlap=0.018051
[step   307250] t/d=614.500 | task1=6.707242e-03 | |m1|=0.999919 | m1²=0.999839 | ||w||²/d=0.872228 | eps_adapter=3.629629e-03 | residual_overlap=0.018058
[step   307500] t/d=615.000 | task1=6.705144e-03 | |m1|=0.999919 | m1²=0.999837 | ||w||²/d=0.872072 | eps_adapter=3.652080e-03 | residual_overlap=0.018063
[step   307750] t/d=615.500 | task1=6.705400e-03 | |m1|=0.999919 | m1²=0.999837 | ||w||²/d=0.871996 | eps_adapter=3.660979e-03 | residual_overlap=0.018060
[step   308000] t/d=616.000 | task1=6.704257e-03 | |m1|=0.999918 | m1²=0.999835 | ||w||²/d=0.872176 | eps_adapter=3.642400e-03 | residual_overlap=0.018063
[step   308250] t/d=616.500 | task1=6.707052e-03 | |m1|=0.999918 | m1²=0.999835 | ||w||²/d=0.872336 | eps_adapter=3.623256e-03 | residual_overlap=0.018063
[step   308500] t/d=617.000 | task1=6.705868e-03 | |m1|=0.999918 | m1²=0.999836 | ||w||²/d=0.872408 | eps_adapter=3.612994e-03 | residual_overlap=0.018065
[step   308750] t/d=617.500 | task1=6.706174e-03 | |m1|=0.999918 | m1²=0.999835 | ||w||²/d=0.872405 | eps_adapter=3.614398e-03 | residual_overlap=0.018065
[step   309000] t/d=618.000 | task1=6.705672e-03 | |m1|=0.999918 | m1²=0.999835 | ||w||²/d=0.872363 | eps_adapter=3.619662e-03 | residual_overlap=0.018063
[step   309250] t/d=618.500 | task1=6.704099e-03 | |m1|=0.999918 | m1²=0.999836 | ||w||²/d=0.872377 | eps_adapter=3.615455e-03 | residual_overlap=0.018060
[step   309500] t/d=619.000 | task1=6.703666e-03 | |m1|=0.999919 | m1²=0.999838 | ||w||²/d=0.872395 | eps_adapter=3.610527e-03 | residual_overlap=0.018062
[step   309750] t/d=619.500 | task1=6.704264e-03 | |m1|=0.999919 | m1²=0.999837 | ||w||²/d=0.872404 | eps_adapter=3.610996e-03 | residual_overlap=0.018066
[step   310000] t/d=620.000 | task1=6.705314e-03 | |m1|=0.999917 | m1²=0.999835 | ||w||²/d=0.872317 | eps_adapter=3.626290e-03 | residual_overlap=0.018076
[step   310250] t/d=620.500 | task1=6.705403e-03 | |m1|=0.999915 | m1²=0.999830 | ||w||²/d=0.872322 | eps_adapter=3.634637e-03 | residual_overlap=0.018093
[step   310500] t/d=621.000 | task1=6.707002e-03 | |m1|=0.999914 | m1²=0.999829 | ||w||²/d=0.872269 | eps_adapter=3.643071e-03 | residual_overlap=0.018096
[step   310750] t/d=621.500 | task1=6.706414e-03 | |m1|=0.999915 | m1²=0.999830 | ||w||²/d=0.872190 | eps_adapter=3.650260e-03 | residual_overlap=0.018091
[step   311000] t/d=622.000 | task1=6.705136e-03 | |m1|=0.999916 | m1²=0.999832 | ||w||²/d=0.872346 | eps_adapter=3.626857e-03 | residual_overlap=0.018084
[step   311250] t/d=622.500 | task1=6.707895e-03 | |m1|=0.999916 | m1²=0.999831 | ||w||²/d=0.872419 | eps_adapter=3.619913e-03 | residual_overlap=0.018084
[step   311500] t/d=623.000 | task1=6.705837e-03 | |m1|=0.999916 | m1²=0.999831 | ||w||²/d=0.872534 | eps_adapter=3.606038e-03 | residual_overlap=0.018083
[step   311750] t/d=623.500 | task1=6.705919e-03 | |m1|=0.999915 | m1²=0.999830 | ||w||²/d=0.872577 | eps_adapter=3.603451e-03 | residual_overlap=0.018088
[step   312000] t/d=624.000 | task1=6.705460e-03 | |m1|=0.999914 | m1²=0.999828 | ||w||²/d=0.872610 | eps_adapter=3.602228e-03 | residual_overlap=0.018091
[step   312250] t/d=624.500 | task1=6.705569e-03 | |m1|=0.999915 | m1²=0.999829 | ||w||²/d=0.872626 | eps_adapter=3.598487e-03 | residual_overlap=0.018088
[step   312500] t/d=625.000 | task1=6.706526e-03 | |m1|=0.999914 | m1²=0.999828 | ||w||²/d=0.872646 | eps_adapter=3.597903e-03 | residual_overlap=0.018092
[step   312750] t/d=625.500 | task1=6.708098e-03 | |m1|=0.999914 | m1²=0.999827 | ||w||²/d=0.872705 | eps_adapter=3.592607e-03 | residual_overlap=0.018094
[step   313000] t/d=626.000 | task1=6.707293e-03 | |m1|=0.999914 | m1²=0.999829 | ||w||²/d=0.872561 | eps_adapter=3.607133e-03 | residual_overlap=0.018093
[step   313250] t/d=626.500 | task1=6.705642e-03 | |m1|=0.999915 | m1²=0.999829 | ||w||²/d=0.872561 | eps_adapter=3.606339e-03 | residual_overlap=0.018094
[step   313500] t/d=627.000 | task1=6.702988e-03 | |m1|=0.999914 | m1²=0.999829 | ||w||²/d=0.872509 | eps_adapter=3.613976e-03 | residual_overlap=0.018097
[step   313750] t/d=627.500 | task1=6.702528e-03 | |m1|=0.999915 | m1²=0.999829 | ||w||²/d=0.872391 | eps_adapter=3.627295e-03 | residual_overlap=0.018097
[step   314000] t/d=628.000 | task1=6.701796e-03 | |m1|=0.999915 | m1²=0.999829 | ||w||²/d=0.872415 | eps_adapter=3.624264e-03 | residual_overlap=0.018098
[step   314250] t/d=628.500 | task1=6.700301e-03 | |m1|=0.999916 | m1²=0.999833 | ||w||²/d=0.872398 | eps_adapter=3.620178e-03 | residual_overlap=0.018090
[step   314500] t/d=629.000 | task1=6.697825e-03 | |m1|=0.999917 | m1²=0.999833 | ||w||²/d=0.872455 | eps_adapter=3.612209e-03 | residual_overlap=0.018093
[step   314750] t/d=629.500 | task1=6.696324e-03 | |m1|=0.999917 | m1²=0.999834 | ||w||²/d=0.872454 | eps_adapter=3.610484e-03 | residual_overlap=0.018089
[step   315000] t/d=630.000 | task1=6.696104e-03 | |m1|=0.999916 | m1²=0.999832 | ||w||²/d=0.872466 | eps_adapter=3.612201e-03 | residual_overlap=0.018095
[step   315250] t/d=630.500 | task1=6.694973e-03 | |m1|=0.999918 | m1²=0.999836 | ||w||²/d=0.872480 | eps_adapter=3.603723e-03 | residual_overlap=0.018085
[step   315500] t/d=631.000 | task1=6.695839e-03 | |m1|=0.999918 | m1²=0.999837 | ||w||²/d=0.872420 | eps_adapter=3.609654e-03 | residual_overlap=0.018082
[step   315750] t/d=631.500 | task1=6.694347e-03 | |m1|=0.999918 | m1²=0.999837 | ||w||²/d=0.872333 | eps_adapter=3.620323e-03 | residual_overlap=0.018087
[step   316000] t/d=632.000 | task1=6.694556e-03 | |m1|=0.999918 | m1²=0.999837 | ||w||²/d=0.872393 | eps_adapter=3.612594e-03 | residual_overlap=0.018084
[step   316250] t/d=632.500 | task1=6.694929e-03 | |m1|=0.999918 | m1²=0.999836 | ||w||²/d=0.872534 | eps_adapter=3.596036e-03 | residual_overlap=0.018088
[step   316500] t/d=633.000 | task1=6.695678e-03 | |m1|=0.999918 | m1²=0.999837 | ||w||²/d=0.872710 | eps_adapter=3.573776e-03 | residual_overlap=0.018092
[step   316750] t/d=633.500 | task1=6.695033e-03 | |m1|=0.999919 | m1²=0.999837 | ||w||²/d=0.872901 | eps_adapter=3.549026e-03 | residual_overlap=0.018086
[step   317000] t/d=634.000 | task1=6.695985e-03 | |m1|=0.999919 | m1²=0.999837 | ||w||²/d=0.872753 | eps_adapter=3.567647e-03 | residual_overlap=0.018085
[step   317250] t/d=634.500 | task1=6.695583e-03 | |m1|=0.999917 | m1²=0.999835 | ||w||²/d=0.872792 | eps_adapter=3.567266e-03 | residual_overlap=0.018096
[step   317500] t/d=635.000 | task1=6.695791e-03 | |m1|=0.999917 | m1²=0.999835 | ||w||²/d=0.872982 | eps_adapter=3.543812e-03 | residual_overlap=0.018093
[step   317750] t/d=635.500 | task1=6.694541e-03 | |m1|=0.999919 | m1²=0.999839 | ||w||²/d=0.872971 | eps_adapter=3.538210e-03 | residual_overlap=0.018080
[step   318000] t/d=636.000 | task1=6.695584e-03 | |m1|=0.999920 | m1²=0.999839 | ||w||²/d=0.873029 | eps_adapter=3.530102e-03 | residual_overlap=0.018079
[step   318250] t/d=636.500 | task1=6.694200e-03 | |m1|=0.999920 | m1²=0.999840 | ||w||²/d=0.872779 | eps_adapter=3.559328e-03 | residual_overlap=0.018080
[step   318500] t/d=637.000 | task1=6.692854e-03 | |m1|=0.999920 | m1²=0.999839 | ||w||²/d=0.872678 | eps_adapter=3.573242e-03 | residual_overlap=0.018087
[step   318750] t/d=637.500 | task1=6.692366e-03 | |m1|=0.999920 | m1²=0.999841 | ||w||²/d=0.872588 | eps_adapter=3.581532e-03 | residual_overlap=0.018084
[step   319000] t/d=638.000 | task1=6.695226e-03 | |m1|=0.999921 | m1²=0.999842 | ||w||²/d=0.872550 | eps_adapter=3.582762e-03 | residual_overlap=0.018081
[step   319250] t/d=638.500 | task1=6.694532e-03 | |m1|=0.999922 | m1²=0.999843 | ||w||²/d=0.872488 | eps_adapter=3.589247e-03 | residual_overlap=0.018085
[step   319500] t/d=639.000 | task1=6.694387e-03 | |m1|=0.999923 | m1²=0.999845 | ||w||²/d=0.872282 | eps_adapter=3.610862e-03 | residual_overlap=0.018077
[step   319750] t/d=639.500 | task1=6.693159e-03 | |m1|=0.999922 | m1²=0.999844 | ||w||²/d=0.872315 | eps_adapter=3.609356e-03 | residual_overlap=0.018085
[step   320000] t/d=640.000 | task1=6.696182e-03 | |m1|=0.999920 | m1²=0.999841 | ||w||²/d=0.872286 | eps_adapter=3.618335e-03 | residual_overlap=0.018091
[step   320250] t/d=640.500 | task1=6.696532e-03 | |m1|=0.999920 | m1²=0.999841 | ||w||²/d=0.872400 | eps_adapter=3.604529e-03 | residual_overlap=0.018091
[step   320500] t/d=641.000 | task1=6.694523e-03 | |m1|=0.999919 | m1²=0.999838 | ||w||²/d=0.872408 | eps_adapter=3.608476e-03 | residual_overlap=0.018095
[step   320750] t/d=641.500 | task1=6.696393e-03 | |m1|=0.999920 | m1²=0.999840 | ||w||²/d=0.872411 | eps_adapter=3.604702e-03 | residual_overlap=0.018086
[step   321000] t/d=642.000 | task1=6.695719e-03 | |m1|=0.999920 | m1²=0.999841 | ||w||²/d=0.872291 | eps_adapter=3.618157e-03 | residual_overlap=0.018083
[step   321250] t/d=642.500 | task1=6.695686e-03 | |m1|=0.999920 | m1²=0.999840 | ||w||²/d=0.872257 | eps_adapter=3.623470e-03 | residual_overlap=0.018088
[step   321500] t/d=643.000 | task1=6.694895e-03 | |m1|=0.999920 | m1²=0.999840 | ||w||²/d=0.872314 | eps_adapter=3.616764e-03 | residual_overlap=0.018088
[step   321750] t/d=643.500 | task1=6.694190e-03 | |m1|=0.999919 | m1²=0.999837 | ||w||²/d=0.872484 | eps_adapter=3.600475e-03 | residual_overlap=0.018093
[step   322000] t/d=644.000 | task1=6.694206e-03 | |m1|=0.999919 | m1²=0.999837 | ||w||²/d=0.872581 | eps_adapter=3.588501e-03 | residual_overlap=0.018098
[step   322250] t/d=644.500 | task1=6.693902e-03 | |m1|=0.999918 | m1²=0.999837 | ||w||²/d=0.872657 | eps_adapter=3.580606e-03 | residual_overlap=0.018096
[step   322500] t/d=645.000 | task1=6.691123e-03 | |m1|=0.999919 | m1²=0.999838 | ||w||²/d=0.872718 | eps_adapter=3.570792e-03 | residual_overlap=0.018098
[step   322750] t/d=645.500 | task1=6.691485e-03 | |m1|=0.999919 | m1²=0.999837 | ||w||²/d=0.872676 | eps_adapter=3.576764e-03 | residual_overlap=0.018096
[step   323000] t/d=646.000 | task1=6.690582e-03 | |m1|=0.999919 | m1²=0.999837 | ||w||²/d=0.872706 | eps_adapter=3.573049e-03 | residual_overlap=0.018094
[step   323250] t/d=646.500 | task1=6.691122e-03 | |m1|=0.999919 | m1²=0.999837 | ||w||²/d=0.872593 | eps_adapter=3.587605e-03 | residual_overlap=0.018090
[step   323500] t/d=647.000 | task1=6.693306e-03 | |m1|=0.999919 | m1²=0.999839 | ||w||²/d=0.872537 | eps_adapter=3.591784e-03 | residual_overlap=0.018087
[step   323750] t/d=647.500 | task1=6.693938e-03 | |m1|=0.999919 | m1²=0.999837 | ||w||²/d=0.872680 | eps_adapter=3.576828e-03 | residual_overlap=0.018095
[step   324000] t/d=648.000 | task1=6.693351e-03 | |m1|=0.999918 | m1²=0.999835 | ||w||²/d=0.872599 | eps_adapter=3.589988e-03 | residual_overlap=0.018100
[step   324250] t/d=648.500 | task1=6.692020e-03 | |m1|=0.999918 | m1²=0.999837 | ||w||²/d=0.872518 | eps_adapter=3.597540e-03 | residual_overlap=0.018099
[step   324500] t/d=649.000 | task1=6.690377e-03 | |m1|=0.999919 | m1²=0.999838 | ||w||²/d=0.872485 | eps_adapter=3.599877e-03 | residual_overlap=0.018096
[step   324750] t/d=649.500 | task1=6.691175e-03 | |m1|=0.999919 | m1²=0.999838 | ||w||²/d=0.872456 | eps_adapter=3.601869e-03 | residual_overlap=0.018093
[step   325000] t/d=650.000 | task1=6.693837e-03 | |m1|=0.999918 | m1²=0.999836 | ||w||²/d=0.872440 | eps_adapter=3.608194e-03 | residual_overlap=0.018091
[step   325250] t/d=650.500 | task1=6.693404e-03 | |m1|=0.999918 | m1²=0.999836 | ||w||²/d=0.872526 | eps_adapter=3.598173e-03 | residual_overlap=0.018088
[step   325500] t/d=651.000 | task1=6.694290e-03 | |m1|=0.999917 | m1²=0.999835 | ||w||²/d=0.872770 | eps_adapter=3.570423e-03 | residual_overlap=0.018087
[step   325750] t/d=651.500 | task1=6.692357e-03 | |m1|=0.999918 | m1²=0.999835 | ||w||²/d=0.872812 | eps_adapter=3.563617e-03 | residual_overlap=0.018082
[step   326000] t/d=652.000 | task1=6.693835e-03 | |m1|=0.999919 | m1²=0.999838 | ||w||²/d=0.872808 | eps_adapter=3.559577e-03 | residual_overlap=0.018083
[step   326250] t/d=652.500 | task1=6.695291e-03 | |m1|=0.999919 | m1²=0.999838 | ||w||²/d=0.872716 | eps_adapter=3.570321e-03 | residual_overlap=0.018078
[step   326500] t/d=653.000 | task1=6.694348e-03 | |m1|=0.999920 | m1²=0.999841 | ||w||²/d=0.872673 | eps_adapter=3.571234e-03 | residual_overlap=0.018071
[step   326750] t/d=653.500 | task1=6.694791e-03 | |m1|=0.999920 | m1²=0.999841 | ||w||²/d=0.872715 | eps_adapter=3.565437e-03 | residual_overlap=0.018072
[step   327000] t/d=654.000 | task1=6.694950e-03 | |m1|=0.999921 | m1²=0.999842 | ||w||²/d=0.872703 | eps_adapter=3.564468e-03 | residual_overlap=0.018068
[step   327250] t/d=654.500 | task1=6.695374e-03 | |m1|=0.999921 | m1²=0.999842 | ||w||²/d=0.872704 | eps_adapter=3.565441e-03 | residual_overlap=0.018072
[step   327500] t/d=655.000 | task1=6.698126e-03 | |m1|=0.999920 | m1²=0.999841 | ||w||²/d=0.872663 | eps_adapter=3.572491e-03 | residual_overlap=0.018073
[step   327750] t/d=655.500 | task1=6.698357e-03 | |m1|=0.999919 | m1²=0.999838 | ||w||²/d=0.872657 | eps_adapter=3.578061e-03 | residual_overlap=0.018078
[step   328000] t/d=656.000 | task1=6.698521e-03 | |m1|=0.999918 | m1²=0.999836 | ||w||²/d=0.872670 | eps_adapter=3.580677e-03 | residual_overlap=0.018078
[step   328250] t/d=656.500 | task1=6.699315e-03 | |m1|=0.999916 | m1²=0.999833 | ||w||²/d=0.872763 | eps_adapter=3.574736e-03 | residual_overlap=0.018083
[step   328500] t/d=657.000 | task1=6.697508e-03 | |m1|=0.999917 | m1²=0.999834 | ||w||²/d=0.872625 | eps_adapter=3.589326e-03 | residual_overlap=0.018076
[step   328750] t/d=657.500 | task1=6.697168e-03 | |m1|=0.999917 | m1²=0.999834 | ||w||²/d=0.872637 | eps_adapter=3.587798e-03 | residual_overlap=0.018081
[step   329000] t/d=658.000 | task1=6.696869e-03 | |m1|=0.999917 | m1²=0.999834 | ||w||²/d=0.872573 | eps_adapter=3.596194e-03 | residual_overlap=0.018080
[step   329250] t/d=658.500 | task1=6.696717e-03 | |m1|=0.999916 | m1²=0.999831 | ||w||²/d=0.872557 | eps_adapter=3.602604e-03 | residual_overlap=0.018092
[step   329500] t/d=659.000 | task1=6.694847e-03 | |m1|=0.999917 | m1²=0.999834 | ||w||²/d=0.872540 | eps_adapter=3.600104e-03 | residual_overlap=0.018093
[step   329750] t/d=659.500 | task1=6.697164e-03 | |m1|=0.999916 | m1²=0.999831 | ||w||²/d=0.872560 | eps_adapter=3.602215e-03 | residual_overlap=0.018096
[step   330000] t/d=660.000 | task1=6.696727e-03 | |m1|=0.999915 | m1²=0.999830 | ||w||²/d=0.872651 | eps_adapter=3.594105e-03 | residual_overlap=0.018099
[step   330250] t/d=660.500 | task1=6.696281e-03 | |m1|=0.999916 | m1²=0.999831 | ||w||²/d=0.872675 | eps_adapter=3.588440e-03 | residual_overlap=0.018096
[step   330500] t/d=661.000 | task1=6.695711e-03 | |m1|=0.999915 | m1²=0.999831 | ||w||²/d=0.872607 | eps_adapter=3.598006e-03 | residual_overlap=0.018098
[step   330750] t/d=661.500 | task1=6.695203e-03 | |m1|=0.999916 | m1²=0.999831 | ||w||²/d=0.872685 | eps_adapter=3.587474e-03 | residual_overlap=0.018095
[step   331000] t/d=662.000 | task1=6.692327e-03 | |m1|=0.999916 | m1²=0.999831 | ||w||²/d=0.872652 | eps_adapter=3.591543e-03 | residual_overlap=0.018096
[step   331250] t/d=662.500 | task1=6.692623e-03 | |m1|=0.999916 | m1²=0.999832 | ||w||²/d=0.872542 | eps_adapter=3.602587e-03 | residual_overlap=0.018095
[step   331500] t/d=663.000 | task1=6.691094e-03 | |m1|=0.999916 | m1²=0.999831 | ||w||²/d=0.872490 | eps_adapter=3.610890e-03 | residual_overlap=0.018105
[step   331750] t/d=663.500 | task1=6.691749e-03 | |m1|=0.999915 | m1²=0.999830 | ||w||²/d=0.872538 | eps_adapter=3.606908e-03 | residual_overlap=0.018109
[step   332000] t/d=664.000 | task1=6.690493e-03 | |m1|=0.999915 | m1²=0.999830 | ||w||²/d=0.872680 | eps_adapter=3.590144e-03 | residual_overlap=0.018111
[step   332250] t/d=664.500 | task1=6.692520e-03 | |m1|=0.999915 | m1²=0.999831 | ||w||²/d=0.872594 | eps_adapter=3.599750e-03 | residual_overlap=0.018116
[step   332500] t/d=665.000 | task1=6.691713e-03 | |m1|=0.999914 | m1²=0.999828 | ||w||²/d=0.872744 | eps_adapter=3.585721e-03 | residual_overlap=0.018125
[step   332750] t/d=665.500 | task1=6.690567e-03 | |m1|=0.999915 | m1²=0.999830 | ||w||²/d=0.872770 | eps_adapter=3.579452e-03 | residual_overlap=0.018117
[step   333000] t/d=666.000 | task1=6.689260e-03 | |m1|=0.999915 | m1²=0.999829 | ||w||²/d=0.872943 | eps_adapter=3.559431e-03 | residual_overlap=0.018115
[step   333250] t/d=666.500 | task1=6.689806e-03 | |m1|=0.999914 | m1²=0.999829 | ||w||²/d=0.872796 | eps_adapter=3.578272e-03 | residual_overlap=0.018110
[step   333500] t/d=667.000 | task1=6.689910e-03 | |m1|=0.999913 | m1²=0.999826 | ||w||²/d=0.873025 | eps_adapter=3.555350e-03 | residual_overlap=0.018119
[step   333750] t/d=667.500 | task1=6.692402e-03 | |m1|=0.999912 | m1²=0.999825 | ||w||²/d=0.873008 | eps_adapter=3.560236e-03 | residual_overlap=0.018119
[step   334000] t/d=668.000 | task1=6.691162e-03 | |m1|=0.999913 | m1²=0.999827 | ||w||²/d=0.873263 | eps_adapter=3.524527e-03 | residual_overlap=0.018111
[step   334250] t/d=668.500 | task1=6.692167e-03 | |m1|=0.999912 | m1²=0.999825 | ||w||²/d=0.873202 | eps_adapter=3.536153e-03 | residual_overlap=0.018113
[step   334500] t/d=669.000 | task1=6.691205e-03 | |m1|=0.999912 | m1²=0.999825 | ||w||²/d=0.873300 | eps_adapter=3.524582e-03 | residual_overlap=0.018108
[step   334750] t/d=669.500 | task1=6.691403e-03 | |m1|=0.999912 | m1²=0.999824 | ||w||²/d=0.873360 | eps_adapter=3.517574e-03 | residual_overlap=0.018111
[step   335000] t/d=670.000 | task1=6.691946e-03 | |m1|=0.999912 | m1²=0.999824 | ||w||²/d=0.873335 | eps_adapter=3.521821e-03 | residual_overlap=0.018115
[step   335250] t/d=670.500 | task1=6.692378e-03 | |m1|=0.999912 | m1²=0.999824 | ||w||²/d=0.873523 | eps_adapter=3.499366e-03 | residual_overlap=0.018115
[step   335500] t/d=671.000 | task1=6.692660e-03 | |m1|=0.999911 | m1²=0.999822 | ||w||²/d=0.873480 | eps_adapter=3.507729e-03 | residual_overlap=0.018126
[step   335750] t/d=671.500 | task1=6.692492e-03 | |m1|=0.999910 | m1²=0.999821 | ||w||²/d=0.873409 | eps_adapter=3.518744e-03 | residual_overlap=0.018133
[step   336000] t/d=672.000 | task1=6.694510e-03 | |m1|=0.999910 | m1²=0.999819 | ||w||²/d=0.873359 | eps_adapter=3.527338e-03 | residual_overlap=0.018140
[step   336250] t/d=672.500 | task1=6.695259e-03 | |m1|=0.999909 | m1²=0.999818 | ||w||²/d=0.873364 | eps_adapter=3.528990e-03 | residual_overlap=0.018149
[step   336500] t/d=673.000 | task1=6.695829e-03 | |m1|=0.999909 | m1²=0.999819 | ||w||²/d=0.873553 | eps_adapter=3.504652e-03 | residual_overlap=0.018149
[step   336750] t/d=673.500 | task1=6.693216e-03 | |m1|=0.999908 | m1²=0.999817 | ||w||²/d=0.873558 | eps_adapter=3.508464e-03 | residual_overlap=0.018151
[step   337000] t/d=674.000 | task1=6.694738e-03 | |m1|=0.999908 | m1²=0.999816 | ||w||²/d=0.873513 | eps_adapter=3.514005e-03 | residual_overlap=0.018157
[step   337250] t/d=674.500 | task1=6.695288e-03 | |m1|=0.999909 | m1²=0.999818 | ||w||²/d=0.873561 | eps_adapter=3.505662e-03 | residual_overlap=0.018154
[step   337500] t/d=675.000 | task1=6.692853e-03 | |m1|=0.999910 | m1²=0.999821 | ||w||²/d=0.873553 | eps_adapter=3.501222e-03 | residual_overlap=0.018147
[step   337750] t/d=675.500 | task1=6.692572e-03 | |m1|=0.999911 | m1²=0.999822 | ||w||²/d=0.873644 | eps_adapter=3.487038e-03 | residual_overlap=0.018141
[step   338000] t/d=676.000 | task1=6.693144e-03 | |m1|=0.999913 | m1²=0.999825 | ||w||²/d=0.873642 | eps_adapter=3.482058e-03 | residual_overlap=0.018140
[step   338250] t/d=676.500 | task1=6.690735e-03 | |m1|=0.999914 | m1²=0.999829 | ||w||²/d=0.873627 | eps_adapter=3.476780e-03 | residual_overlap=0.018132
[step   338500] t/d=677.000 | task1=6.688304e-03 | |m1|=0.999915 | m1²=0.999829 | ||w||²/d=0.873629 | eps_adapter=3.475629e-03 | residual_overlap=0.018133
[step   338750] t/d=677.500 | task1=6.690850e-03 | |m1|=0.999915 | m1²=0.999831 | ||w||²/d=0.873517 | eps_adapter=3.486633e-03 | residual_overlap=0.018126
[step   339000] t/d=678.000 | task1=6.692661e-03 | |m1|=0.999916 | m1²=0.999833 | ||w||²/d=0.873519 | eps_adapter=3.482417e-03 | residual_overlap=0.018122
[step   339250] t/d=678.500 | task1=6.692590e-03 | |m1|=0.999917 | m1²=0.999834 | ||w||²/d=0.873514 | eps_adapter=3.480756e-03 | residual_overlap=0.018118
[step   339500] t/d=679.000 | task1=6.692379e-03 | |m1|=0.999917 | m1²=0.999834 | ||w||²/d=0.873615 | eps_adapter=3.468380e-03 | residual_overlap=0.018119
[step   339750] t/d=679.500 | task1=6.691991e-03 | |m1|=0.999918 | m1²=0.999836 | ||w||²/d=0.873324 | eps_adapter=3.499957e-03 | residual_overlap=0.018116
[step   340000] t/d=680.000 | task1=6.692357e-03 | |m1|=0.999917 | m1²=0.999835 | ||w||²/d=0.873277 | eps_adapter=3.508569e-03 | residual_overlap=0.018119
[step   340250] t/d=680.500 | task1=6.693660e-03 | |m1|=0.999917 | m1²=0.999835 | ||w||²/d=0.873323 | eps_adapter=3.502407e-03 | residual_overlap=0.018122
[step   340500] t/d=681.000 | task1=6.693538e-03 | |m1|=0.999917 | m1²=0.999835 | ||w||²/d=0.873476 | eps_adapter=3.484351e-03 | residual_overlap=0.018119
[step   340750] t/d=681.500 | task1=6.693529e-03 | |m1|=0.999916 | m1²=0.999832 | ||w||²/d=0.873396 | eps_adapter=3.498468e-03 | residual_overlap=0.018125
[step   341000] t/d=682.000 | task1=6.693716e-03 | |m1|=0.999915 | m1²=0.999830 | ||w||²/d=0.873262 | eps_adapter=3.519045e-03 | residual_overlap=0.018129
[step   341250] t/d=682.500 | task1=6.693073e-03 | |m1|=0.999915 | m1²=0.999830 | ||w||²/d=0.873151 | eps_adapter=3.532234e-03 | residual_overlap=0.018123
[step   341500] t/d=683.000 | task1=6.692787e-03 | |m1|=0.999916 | m1²=0.999832 | ||w||²/d=0.872845 | eps_adapter=3.565583e-03 | residual_overlap=0.018117
[step   341750] t/d=683.500 | task1=6.692457e-03 | |m1|=0.999915 | m1²=0.999830 | ||w||²/d=0.872774 | eps_adapter=3.578280e-03 | residual_overlap=0.018121
[step   342000] t/d=684.000 | task1=6.692519e-03 | |m1|=0.999915 | m1²=0.999830 | ||w||²/d=0.872672 | eps_adapter=3.591855e-03 | residual_overlap=0.018122
[step   342250] t/d=684.500 | task1=6.693196e-03 | |m1|=0.999915 | m1²=0.999830 | ||w||²/d=0.872558 | eps_adapter=3.604449e-03 | residual_overlap=0.018118
[step   342500] t/d=685.000 | task1=6.694081e-03 | |m1|=0.999915 | m1²=0.999829 | ||w||²/d=0.872595 | eps_adapter=3.601781e-03 | residual_overlap=0.018116
[step   342750] t/d=685.500 | task1=6.695312e-03 | |m1|=0.999914 | m1²=0.999828 | ||w||²/d=0.872563 | eps_adapter=3.608537e-03 | residual_overlap=0.018120
[step   343000] t/d=686.000 | task1=6.694255e-03 | |m1|=0.999913 | m1²=0.999826 | ||w||²/d=0.872577 | eps_adapter=3.610041e-03 | residual_overlap=0.018132
[step   343250] t/d=686.500 | task1=6.693670e-03 | |m1|=0.999913 | m1²=0.999826 | ||w||²/d=0.872603 | eps_adapter=3.606982e-03 | residual_overlap=0.018130
[step   343500] t/d=687.000 | task1=6.694880e-03 | |m1|=0.999913 | m1²=0.999826 | ||w||²/d=0.872595 | eps_adapter=3.609129e-03 | residual_overlap=0.018129
[step   343750] t/d=687.500 | task1=6.693690e-03 | |m1|=0.999914 | m1²=0.999827 | ||w||²/d=0.872614 | eps_adapter=3.603371e-03 | residual_overlap=0.018124
[step   344000] t/d=688.000 | task1=6.694194e-03 | |m1|=0.999913 | m1²=0.999827 | ||w||²/d=0.872650 | eps_adapter=3.600504e-03 | residual_overlap=0.018129
[step   344250] t/d=688.500 | task1=6.695976e-03 | |m1|=0.999913 | m1²=0.999826 | ||w||²/d=0.872513 | eps_adapter=3.617519e-03 | residual_overlap=0.018123
[step   344500] t/d=689.000 | task1=6.694256e-03 | |m1|=0.999913 | m1²=0.999826 | ||w||²/d=0.872499 | eps_adapter=3.620967e-03 | residual_overlap=0.018121
[step   344750] t/d=689.500 | task1=6.694324e-03 | |m1|=0.999912 | m1²=0.999824 | ||w||²/d=0.872464 | eps_adapter=3.628231e-03 | residual_overlap=0.018127
[step   345000] t/d=690.000 | task1=6.695463e-03 | |m1|=0.999912 | m1²=0.999824 | ||w||²/d=0.872509 | eps_adapter=3.622836e-03 | residual_overlap=0.018121
[step   345250] t/d=690.500 | task1=6.696815e-03 | |m1|=0.999911 | m1²=0.999823 | ||w||²/d=0.872656 | eps_adapter=3.606626e-03 | residual_overlap=0.018131
[step   345500] t/d=691.000 | task1=6.696479e-03 | |m1|=0.999913 | m1²=0.999825 | ||w||²/d=0.872670 | eps_adapter=3.600707e-03 | residual_overlap=0.018127
[step   345750] t/d=691.500 | task1=6.693888e-03 | |m1|=0.999912 | m1²=0.999823 | ||w||²/d=0.872750 | eps_adapter=3.594563e-03 | residual_overlap=0.018135
[step   346000] t/d=692.000 | task1=6.693016e-03 | |m1|=0.999911 | m1²=0.999822 | ||w||²/d=0.872815 | eps_adapter=3.589271e-03 | residual_overlap=0.018141
[step   346250] t/d=692.500 | task1=6.692585e-03 | |m1|=0.999911 | m1²=0.999821 | ||w||²/d=0.872984 | eps_adapter=3.569485e-03 | residual_overlap=0.018139
[step   346500] t/d=693.000 | task1=6.691470e-03 | |m1|=0.999911 | m1²=0.999822 | ||w||²/d=0.873008 | eps_adapter=3.565903e-03 | residual_overlap=0.018140
[step   346750] t/d=693.500 | task1=6.691301e-03 | |m1|=0.999910 | m1²=0.999820 | ||w||²/d=0.872653 | eps_adapter=3.612575e-03 | residual_overlap=0.018145
[step   347000] t/d=694.000 | task1=6.690365e-03 | |m1|=0.999911 | m1²=0.999822 | ||w||²/d=0.872738 | eps_adapter=3.598432e-03 | residual_overlap=0.018147
[step   347250] t/d=694.500 | task1=6.691716e-03 | |m1|=0.999910 | m1²=0.999821 | ||w||²/d=0.872732 | eps_adapter=3.601400e-03 | residual_overlap=0.018145
[step   347500] t/d=695.000 | task1=6.690518e-03 | |m1|=0.999910 | m1²=0.999820 | ||w||²/d=0.872825 | eps_adapter=3.590569e-03 | residual_overlap=0.018149
[step   347750] t/d=695.500 | task1=6.689539e-03 | |m1|=0.999911 | m1²=0.999821 | ||w||²/d=0.872943 | eps_adapter=3.574465e-03 | residual_overlap=0.018145
[step   348000] t/d=696.000 | task1=6.690673e-03 | |m1|=0.999910 | m1²=0.999820 | ||w||²/d=0.872887 | eps_adapter=3.584199e-03 | residual_overlap=0.018141
[step   348250] t/d=696.500 | task1=6.687423e-03 | |m1|=0.999910 | m1²=0.999819 | ||w||²/d=0.872866 | eps_adapter=3.587891e-03 | residual_overlap=0.018139
[step   348500] t/d=697.000 | task1=6.687522e-03 | |m1|=0.999911 | m1²=0.999821 | ||w||²/d=0.872840 | eps_adapter=3.587013e-03 | residual_overlap=0.018134
[step   348750] t/d=697.500 | task1=6.686761e-03 | |m1|=0.999911 | m1²=0.999821 | ||w||²/d=0.872790 | eps_adapter=3.592906e-03 | residual_overlap=0.018128
[step   349000] t/d=698.000 | task1=6.687931e-03 | |m1|=0.999910 | m1²=0.999820 | ||w||²/d=0.872718 | eps_adapter=3.605179e-03 | residual_overlap=0.018130
[step   349250] t/d=698.500 | task1=6.687824e-03 | |m1|=0.999910 | m1²=0.999820 | ||w||²/d=0.872742 | eps_adapter=3.601788e-03 | residual_overlap=0.018132
[step   349500] t/d=699.000 | task1=6.687330e-03 | |m1|=0.999910 | m1²=0.999820 | ||w||²/d=0.872856 | eps_adapter=3.588323e-03 | residual_overlap=0.018136
[step   349750] t/d=699.500 | task1=6.686858e-03 | |m1|=0.999911 | m1²=0.999821 | ||w||²/d=0.872850 | eps_adapter=3.586244e-03 | residual_overlap=0.018129
[step   350000] t/d=700.000 | task1=6.685877e-03 | |m1|=0.999911 | m1²=0.999821 | ||w||²/d=0.872731 | eps_adapter=3.600230e-03 | residual_overlap=0.018127
[step   350250] t/d=700.500 | task1=6.688019e-03 | |m1|=0.999910 | m1²=0.999820 | ||w||²/d=0.872710 | eps_adapter=3.605968e-03 | residual_overlap=0.018134
[step   350500] t/d=701.000 | task1=6.690039e-03 | |m1|=0.999908 | m1²=0.999816 | ||w||²/d=0.872733 | eps_adapter=3.609498e-03 | residual_overlap=0.018143
[step   350750] t/d=701.500 | task1=6.691624e-03 | |m1|=0.999910 | m1²=0.999820 | ||w||²/d=0.872699 | eps_adapter=3.606745e-03 | residual_overlap=0.018140
[step   351000] t/d=702.000 | task1=6.693212e-03 | |m1|=0.999910 | m1²=0.999820 | ||w||²/d=0.872611 | eps_adapter=3.617945e-03 | residual_overlap=0.018140
[step   351250] t/d=702.500 | task1=6.693795e-03 | |m1|=0.999909 | m1²=0.999819 | ||w||²/d=0.872614 | eps_adapter=3.619945e-03 | residual_overlap=0.018140
[step   351500] t/d=703.000 | task1=6.696475e-03 | |m1|=0.999910 | m1²=0.999820 | ||w||²/d=0.872527 | eps_adapter=3.628456e-03 | residual_overlap=0.018135
[step   351750] t/d=703.500 | task1=6.697975e-03 | |m1|=0.999910 | m1²=0.999820 | ||w||²/d=0.872524 | eps_adapter=3.627719e-03 | residual_overlap=0.018134
[step   352000] t/d=704.000 | task1=6.698210e-03 | |m1|=0.999910 | m1²=0.999819 | ||w||²/d=0.872521 | eps_adapter=3.630508e-03 | residual_overlap=0.018142
[step   352250] t/d=704.500 | task1=6.696270e-03 | |m1|=0.999910 | m1²=0.999819 | ||w||²/d=0.872517 | eps_adapter=3.630524e-03 | residual_overlap=0.018142
[step   352500] t/d=705.000 | task1=6.696086e-03 | |m1|=0.999911 | m1²=0.999822 | ||w||²/d=0.872519 | eps_adapter=3.625689e-03 | residual_overlap=0.018135
[step   352750] t/d=705.500 | task1=6.695794e-03 | |m1|=0.999911 | m1²=0.999821 | ||w||²/d=0.872387 | eps_adapter=3.642798e-03 | residual_overlap=0.018138
[step   353000] t/d=706.000 | task1=6.694437e-03 | |m1|=0.999910 | m1²=0.999819 | ||w||²/d=0.872424 | eps_adapter=3.642321e-03 | residual_overlap=0.018141
[step   353250] t/d=706.500 | task1=6.696470e-03 | |m1|=0.999910 | m1²=0.999821 | ||w||²/d=0.872496 | eps_adapter=3.630427e-03 | residual_overlap=0.018139
[step   353500] t/d=707.000 | task1=6.696062e-03 | |m1|=0.999911 | m1²=0.999822 | ||w||²/d=0.872637 | eps_adapter=3.611338e-03 | residual_overlap=0.018138
[step   353750] t/d=707.500 | task1=6.693317e-03 | |m1|=0.999911 | m1²=0.999821 | ||w||²/d=0.872454 | eps_adapter=3.634304e-03 | residual_overlap=0.018141
[step   354000] t/d=708.000 | task1=6.693931e-03 | |m1|=0.999911 | m1²=0.999823 | ||w||²/d=0.872319 | eps_adapter=3.648918e-03 | residual_overlap=0.018140
[step   354250] t/d=708.500 | task1=6.694114e-03 | |m1|=0.999912 | m1²=0.999823 | ||w||²/d=0.872408 | eps_adapter=3.636980e-03 | residual_overlap=0.018134
[step   354500] t/d=709.000 | task1=6.693296e-03 | |m1|=0.999910 | m1²=0.999821 | ||w||²/d=0.872326 | eps_adapter=3.651426e-03 | residual_overlap=0.018136
[step   354750] t/d=709.500 | task1=6.691609e-03 | |m1|=0.999911 | m1²=0.999821 | ||w||²/d=0.872465 | eps_adapter=3.633106e-03 | residual_overlap=0.018135
[step   355000] t/d=710.000 | task1=6.689673e-03 | |m1|=0.999910 | m1²=0.999820 | ||w||²/d=0.872408 | eps_adapter=3.642418e-03 | residual_overlap=0.018132
[step   355250] t/d=710.500 | task1=6.689252e-03 | |m1|=0.999911 | m1²=0.999821 | ||w||²/d=0.872636 | eps_adapter=3.611829e-03 | residual_overlap=0.018129
[step   355500] t/d=711.000 | task1=6.690246e-03 | |m1|=0.999911 | m1²=0.999821 | ||w||²/d=0.872593 | eps_adapter=3.617562e-03 | residual_overlap=0.018127
[step   355750] t/d=711.500 | task1=6.689285e-03 | |m1|=0.999910 | m1²=0.999820 | ||w||²/d=0.872613 | eps_adapter=3.618255e-03 | residual_overlap=0.018135
[step   356000] t/d=712.000 | task1=6.691257e-03 | |m1|=0.999910 | m1²=0.999819 | ||w||²/d=0.872566 | eps_adapter=3.624894e-03 | residual_overlap=0.018133
[step   356250] t/d=712.500 | task1=6.692147e-03 | |m1|=0.999909 | m1²=0.999819 | ||w||²/d=0.872680 | eps_adapter=3.611806e-03 | residual_overlap=0.018136
[step   356500] t/d=713.000 | task1=6.691349e-03 | |m1|=0.999907 | m1²=0.999815 | ||w||²/d=0.872696 | eps_adapter=3.617442e-03 | residual_overlap=0.018143
[step   356750] t/d=713.500 | task1=6.691077e-03 | |m1|=0.999907 | m1²=0.999814 | ||w||²/d=0.872918 | eps_adapter=3.590699e-03 | residual_overlap=0.018139
[step   357000] t/d=714.000 | task1=6.691225e-03 | |m1|=0.999907 | m1²=0.999813 | ||w||²/d=0.872949 | eps_adapter=3.588758e-03 | residual_overlap=0.018132
[step   357250] t/d=714.500 | task1=6.689216e-03 | |m1|=0.999907 | m1²=0.999815 | ||w||²/d=0.872866 | eps_adapter=3.595794e-03 | residual_overlap=0.018124
[step   357500] t/d=715.000 | task1=6.689828e-03 | |m1|=0.999906 | m1²=0.999813 | ||w||²/d=0.872961 | eps_adapter=3.588123e-03 | residual_overlap=0.018126
[step   357750] t/d=715.500 | task1=6.689724e-03 | |m1|=0.999907 | m1²=0.999813 | ||w||²/d=0.872893 | eps_adapter=3.595881e-03 | residual_overlap=0.018125
[step   358000] t/d=716.000 | task1=6.689127e-03 | |m1|=0.999907 | m1²=0.999815 | ||w||²/d=0.872809 | eps_adapter=3.602735e-03 | residual_overlap=0.018119
[step   358250] t/d=716.500 | task1=6.690215e-03 | |m1|=0.999908 | m1²=0.999816 | ||w||²/d=0.872765 | eps_adapter=3.605809e-03 | residual_overlap=0.018122
[step   358500] t/d=717.000 | task1=6.689288e-03 | |m1|=0.999908 | m1²=0.999815 | ||w||²/d=0.872821 | eps_adapter=3.600644e-03 | residual_overlap=0.018126
[step   358750] t/d=717.500 | task1=6.691750e-03 | |m1|=0.999907 | m1²=0.999813 | ||w||²/d=0.872870 | eps_adapter=3.598763e-03 | residual_overlap=0.018133
[step   359000] t/d=718.000 | task1=6.691399e-03 | |m1|=0.999907 | m1²=0.999814 | ||w||²/d=0.872797 | eps_adapter=3.606023e-03 | residual_overlap=0.018133
[step   359250] t/d=718.500 | task1=6.693490e-03 | |m1|=0.999906 | m1²=0.999812 | ||w||²/d=0.872709 | eps_adapter=3.620153e-03 | residual_overlap=0.018139
[step   359500] t/d=719.000 | task1=6.694300e-03 | |m1|=0.999907 | m1²=0.999814 | ||w||²/d=0.872585 | eps_adapter=3.631497e-03 | residual_overlap=0.018134
[step   359750] t/d=719.500 | task1=6.694410e-03 | |m1|=0.999907 | m1²=0.999813 | ||w||²/d=0.872481 | eps_adapter=3.646832e-03 | residual_overlap=0.018138
[step   360000] t/d=720.000 | task1=6.696056e-03 | |m1|=0.999906 | m1²=0.999812 | ||w||²/d=0.872554 | eps_adapter=3.639622e-03 | residual_overlap=0.018139
[step   360250] t/d=720.500 | task1=6.696730e-03 | |m1|=0.999907 | m1²=0.999814 | ||w||²/d=0.872672 | eps_adapter=3.621270e-03 | residual_overlap=0.018136
[step   360500] t/d=721.000 | task1=6.696688e-03 | |m1|=0.999906 | m1²=0.999812 | ||w||²/d=0.872458 | eps_adapter=3.650987e-03 | residual_overlap=0.018143
[step   360750] t/d=721.500 | task1=6.697088e-03 | |m1|=0.999906 | m1²=0.999812 | ||w||²/d=0.872395 | eps_adapter=3.658867e-03 | residual_overlap=0.018142
[step   361000] t/d=722.000 | task1=6.697196e-03 | |m1|=0.999907 | m1²=0.999813 | ||w||²/d=0.872391 | eps_adapter=3.657071e-03 | residual_overlap=0.018145
[step   361250] t/d=722.500 | task1=6.698282e-03 | |m1|=0.999908 | m1²=0.999815 | ||w||²/d=0.872490 | eps_adapter=3.641794e-03 | residual_overlap=0.018134
[step   361500] t/d=723.000 | task1=6.698669e-03 | |m1|=0.999907 | m1²=0.999815 | ||w||²/d=0.872546 | eps_adapter=3.635757e-03 | residual_overlap=0.018137
[step   361750] t/d=723.500 | task1=6.697886e-03 | |m1|=0.999907 | m1²=0.999814 | ||w||²/d=0.872422 | eps_adapter=3.651759e-03 | residual_overlap=0.018137
[step   362000] t/d=724.000 | task1=6.698461e-03 | |m1|=0.999907 | m1²=0.999814 | ||w||²/d=0.872506 | eps_adapter=3.641187e-03 | residual_overlap=0.018132
[step   362250] t/d=724.500 | task1=6.700213e-03 | |m1|=0.999906 | m1²=0.999813 | ||w||²/d=0.872513 | eps_adapter=3.643263e-03 | residual_overlap=0.018136
[step   362500] t/d=725.000 | task1=6.701476e-03 | |m1|=0.999904 | m1²=0.999809 | ||w||²/d=0.872456 | eps_adapter=3.657554e-03 | residual_overlap=0.018145
[step   362750] t/d=725.500 | task1=6.701184e-03 | |m1|=0.999904 | m1²=0.999809 | ||w||²/d=0.872202 | eps_adapter=3.689533e-03 | residual_overlap=0.018149
[step   363000] t/d=726.000 | task1=6.702399e-03 | |m1|=0.999905 | m1²=0.999810 | ||w||²/d=0.872244 | eps_adapter=3.682067e-03 | residual_overlap=0.018147
[step   363250] t/d=726.500 | task1=6.702719e-03 | |m1|=0.999905 | m1²=0.999811 | ||w||²/d=0.872453 | eps_adapter=3.654257e-03 | residual_overlap=0.018151
[step   363500] t/d=727.000 | task1=6.703158e-03 | |m1|=0.999907 | m1²=0.999813 | ||w||²/d=0.872533 | eps_adapter=3.639906e-03 | residual_overlap=0.018150
[step   363750] t/d=727.500 | task1=6.703144e-03 | |m1|=0.999905 | m1²=0.999810 | ||w||²/d=0.872491 | eps_adapter=3.650358e-03 | residual_overlap=0.018153
[step   364000] t/d=728.000 | task1=6.702199e-03 | |m1|=0.999906 | m1²=0.999811 | ||w||²/d=0.872438 | eps_adapter=3.655294e-03 | residual_overlap=0.018154
[step   364250] t/d=728.500 | task1=6.702607e-03 | |m1|=0.999906 | m1²=0.999812 | ||w||²/d=0.872349 | eps_adapter=3.665954e-03 | residual_overlap=0.018153
[step   364500] t/d=729.000 | task1=6.702701e-03 | |m1|=0.999908 | m1²=0.999815 | ||w||²/d=0.872354 | eps_adapter=3.658352e-03 | residual_overlap=0.018143
[step   364750] t/d=729.500 | task1=6.701637e-03 | |m1|=0.999908 | m1²=0.999817 | ||w||²/d=0.872224 | eps_adapter=3.671462e-03 | residual_overlap=0.018142
[step   365000] t/d=730.000 | task1=6.702495e-03 | |m1|=0.999907 | m1²=0.999815 | ||w||²/d=0.872226 | eps_adapter=3.674777e-03 | residual_overlap=0.018140
[step   365250] t/d=730.500 | task1=6.703426e-03 | |m1|=0.999907 | m1²=0.999815 | ||w||²/d=0.872069 | eps_adapter=3.694913e-03 | residual_overlap=0.018138
[step   365500] t/d=731.000 | task1=6.704233e-03 | |m1|=0.999908 | m1²=0.999815 | ||w||²/d=0.871994 | eps_adapter=3.702769e-03 | residual_overlap=0.018135
[step   365750] t/d=731.500 | task1=6.705090e-03 | |m1|=0.999907 | m1²=0.999814 | ||w||²/d=0.872059 | eps_adapter=3.696865e-03 | residual_overlap=0.018134
[step   366000] t/d=732.000 | task1=6.706009e-03 | |m1|=0.999908 | m1²=0.999816 | ||w||²/d=0.872003 | eps_adapter=3.700233e-03 | residual_overlap=0.018126
[step   366250] t/d=732.500 | task1=6.705222e-03 | |m1|=0.999908 | m1²=0.999816 | ||w||²/d=0.872046 | eps_adapter=3.694631e-03 | residual_overlap=0.018125
[step   366500] t/d=733.000 | task1=6.705270e-03 | |m1|=0.999908 | m1²=0.999816 | ||w||²/d=0.872154 | eps_adapter=3.680907e-03 | residual_overlap=0.018121
[step   366750] t/d=733.500 | task1=6.704607e-03 | |m1|=0.999909 | m1²=0.999818 | ||w||²/d=0.872119 | eps_adapter=3.683120e-03 | residual_overlap=0.018118
[step   367000] t/d=734.000 | task1=6.701653e-03 | |m1|=0.999909 | m1²=0.999818 | ||w||²/d=0.872171 | eps_adapter=3.676093e-03 | residual_overlap=0.018121
[step   367250] t/d=734.500 | task1=6.700465e-03 | |m1|=0.999910 | m1²=0.999819 | ||w||²/d=0.872098 | eps_adapter=3.682427e-03 | residual_overlap=0.018122
[step   367500] t/d=735.000 | task1=6.699684e-03 | |m1|=0.999910 | m1²=0.999819 | ||w||²/d=0.872107 | eps_adapter=3.681185e-03 | residual_overlap=0.018124
[step   367750] t/d=735.500 | task1=6.697042e-03 | |m1|=0.999912 | m1²=0.999823 | ||w||²/d=0.872151 | eps_adapter=3.668734e-03 | residual_overlap=0.018115
[step   368000] t/d=736.000 | task1=6.696913e-03 | |m1|=0.999912 | m1²=0.999824 | ||w||²/d=0.872202 | eps_adapter=3.660177e-03 | residual_overlap=0.018112
[step   368250] t/d=736.500 | task1=6.693880e-03 | |m1|=0.999913 | m1²=0.999826 | ||w||²/d=0.872199 | eps_adapter=3.657296e-03 | residual_overlap=0.018108
[step   368500] t/d=737.000 | task1=6.693293e-03 | |m1|=0.999911 | m1²=0.999822 | ||w||²/d=0.872169 | eps_adapter=3.668365e-03 | residual_overlap=0.018118
[step   368750] t/d=737.500 | task1=6.692884e-03 | |m1|=0.999911 | m1²=0.999822 | ||w||²/d=0.872254 | eps_adapter=3.658689e-03 | residual_overlap=0.018118
[step   369000] t/d=738.000 | task1=6.691868e-03 | |m1|=0.999912 | m1²=0.999824 | ||w||²/d=0.872271 | eps_adapter=3.653091e-03 | residual_overlap=0.018109
[step   369250] t/d=738.500 | task1=6.693467e-03 | |m1|=0.999912 | m1²=0.999824 | ||w||²/d=0.872477 | eps_adapter=3.625871e-03 | residual_overlap=0.018100
[step   369500] t/d=739.000 | task1=6.693129e-03 | |m1|=0.999913 | m1²=0.999827 | ||w||²/d=0.872521 | eps_adapter=3.616187e-03 | residual_overlap=0.018097
[step   369750] t/d=739.500 | task1=6.692829e-03 | |m1|=0.999912 | m1²=0.999825 | ||w||²/d=0.872474 | eps_adapter=3.625217e-03 | residual_overlap=0.018097
[step   370000] t/d=740.000 | task1=6.694072e-03 | |m1|=0.999912 | m1²=0.999824 | ||w||²/d=0.872356 | eps_adapter=3.642207e-03 | residual_overlap=0.018097
[step   370250] t/d=740.500 | task1=6.694941e-03 | |m1|=0.999911 | m1²=0.999822 | ||w||²/d=0.872493 | eps_adapter=3.627920e-03 | residual_overlap=0.018106
[step   370500] t/d=741.000 | task1=6.694079e-03 | |m1|=0.999912 | m1²=0.999824 | ||w||²/d=0.872372 | eps_adapter=3.639239e-03 | residual_overlap=0.018103
[step   370750] t/d=741.500 | task1=6.693580e-03 | |m1|=0.999912 | m1²=0.999825 | ||w||²/d=0.872444 | eps_adapter=3.629316e-03 | residual_overlap=0.018102
[step   371000] t/d=742.000 | task1=6.696234e-03 | |m1|=0.999912 | m1²=0.999824 | ||w||²/d=0.872452 | eps_adapter=3.628768e-03 | residual_overlap=0.018101
[step   371250] t/d=742.500 | task1=6.696036e-03 | |m1|=0.999912 | m1²=0.999823 | ||w||²/d=0.872515 | eps_adapter=3.623183e-03 | residual_overlap=0.018104
[step   371500] t/d=743.000 | task1=6.695628e-03 | |m1|=0.999912 | m1²=0.999824 | ||w||²/d=0.872433 | eps_adapter=3.631349e-03 | residual_overlap=0.018105
[step   371750] t/d=743.500 | task1=6.695857e-03 | |m1|=0.999911 | m1²=0.999822 | ||w||²/d=0.872463 | eps_adapter=3.631232e-03 | residual_overlap=0.018113
[step   372000] t/d=744.000 | task1=6.696512e-03 | |m1|=0.999912 | m1²=0.999823 | ||w||²/d=0.872353 | eps_adapter=3.643037e-03 | residual_overlap=0.018107
[step   372250] t/d=744.500 | task1=6.697126e-03 | |m1|=0.999912 | m1²=0.999824 | ||w||²/d=0.872361 | eps_adapter=3.641180e-03 | residual_overlap=0.018114
[step   372500] t/d=745.000 | task1=6.696605e-03 | |m1|=0.999911 | m1²=0.999823 | ||w||²/d=0.872446 | eps_adapter=3.632592e-03 | residual_overlap=0.018117
[step   372750] t/d=745.500 | task1=6.696280e-03 | |m1|=0.999912 | m1²=0.999824 | ||w||²/d=0.872255 | eps_adapter=3.653983e-03 | residual_overlap=0.018113
[step   373000] t/d=746.000 | task1=6.694742e-03 | |m1|=0.999913 | m1²=0.999826 | ||w||²/d=0.872254 | eps_adapter=3.649564e-03 | residual_overlap=0.018114
[step   373250] t/d=746.500 | task1=6.694854e-03 | |m1|=0.999913 | m1²=0.999826 | ||w||²/d=0.872067 | eps_adapter=3.674032e-03 | residual_overlap=0.018118
[step   373500] t/d=747.000 | task1=6.695754e-03 | |m1|=0.999913 | m1²=0.999826 | ||w||²/d=0.871997 | eps_adapter=3.682370e-03 | residual_overlap=0.018119
[step   373750] t/d=747.500 | task1=6.697596e-03 | |m1|=0.999912 | m1²=0.999824 | ||w||²/d=0.872025 | eps_adapter=3.682390e-03 | residual_overlap=0.018120
[step   374000] t/d=748.000 | task1=6.697536e-03 | |m1|=0.999911 | m1²=0.999821 | ||w||²/d=0.871924 | eps_adapter=3.700079e-03 | residual_overlap=0.018123
[step   374250] t/d=748.500 | task1=6.697251e-03 | |m1|=0.999911 | m1²=0.999823 | ||w||²/d=0.872086 | eps_adapter=3.677621e-03 | residual_overlap=0.018121
[step   374500] t/d=749.000 | task1=6.697742e-03 | |m1|=0.999912 | m1²=0.999823 | ||w||²/d=0.872122 | eps_adapter=3.672450e-03 | residual_overlap=0.018120
[step   374750] t/d=749.500 | task1=6.693839e-03 | |m1|=0.999912 | m1²=0.999824 | ||w||²/d=0.872181 | eps_adapter=3.664071e-03 | residual_overlap=0.018118
[step   375000] t/d=750.000 | task1=6.692128e-03 | |m1|=0.999912 | m1²=0.999824 | ||w||²/d=0.871958 | eps_adapter=3.691616e-03 | residual_overlap=0.018116
[step   375250] t/d=750.500 | task1=6.691582e-03 | |m1|=0.999912 | m1²=0.999824 | ||w||²/d=0.871970 | eps_adapter=3.690065e-03 | residual_overlap=0.018124
[step   375500] t/d=751.000 | task1=6.694613e-03 | |m1|=0.999911 | m1²=0.999822 | ||w||²/d=0.872090 | eps_adapter=3.678214e-03 | residual_overlap=0.018131
[step   375750] t/d=751.500 | task1=6.694204e-03 | |m1|=0.999911 | m1²=0.999822 | ||w||²/d=0.872067 | eps_adapter=3.682128e-03 | residual_overlap=0.018135
[step   376000] t/d=752.000 | task1=6.693120e-03 | |m1|=0.999912 | m1²=0.999824 | ||w||²/d=0.872129 | eps_adapter=3.669071e-03 | residual_overlap=0.018124
[step   376250] t/d=752.500 | task1=6.691107e-03 | |m1|=0.999914 | m1²=0.999827 | ||w||²/d=0.872222 | eps_adapter=3.652011e-03 | residual_overlap=0.018118
[step   376500] t/d=753.000 | task1=6.691527e-03 | |m1|=0.999912 | m1²=0.999824 | ||w||²/d=0.872245 | eps_adapter=3.655670e-03 | residual_overlap=0.018123
[step   376750] t/d=753.500 | task1=6.689318e-03 | |m1|=0.999912 | m1²=0.999824 | ||w||²/d=0.872399 | eps_adapter=3.636344e-03 | residual_overlap=0.018121
[step   377000] t/d=754.000 | task1=6.690597e-03 | |m1|=0.999912 | m1²=0.999824 | ||w||²/d=0.872468 | eps_adapter=3.627179e-03 | residual_overlap=0.018123
[step   377250] t/d=754.500 | task1=6.692929e-03 | |m1|=0.999912 | m1²=0.999824 | ||w||²/d=0.872607 | eps_adapter=3.610426e-03 | residual_overlap=0.018129
[step   377500] t/d=755.000 | task1=6.691215e-03 | |m1|=0.999912 | m1²=0.999824 | ||w||²/d=0.872662 | eps_adapter=3.604683e-03 | residual_overlap=0.018123
[step   377750] t/d=755.500 | task1=6.693613e-03 | |m1|=0.999910 | m1²=0.999821 | ||w||²/d=0.872634 | eps_adapter=3.613448e-03 | residual_overlap=0.018131
[step   378000] t/d=756.000 | task1=6.694030e-03 | |m1|=0.999911 | m1²=0.999822 | ||w||²/d=0.872649 | eps_adapter=3.609144e-03 | residual_overlap=0.018127
[step   378250] t/d=756.500 | task1=6.692325e-03 | |m1|=0.999910 | m1²=0.999821 | ||w||²/d=0.872594 | eps_adapter=3.618087e-03 | residual_overlap=0.018126
[step   378500] t/d=757.000 | task1=6.692118e-03 | |m1|=0.999910 | m1²=0.999821 | ||w||²/d=0.872615 | eps_adapter=3.615863e-03 | residual_overlap=0.018118
[step   378750] t/d=757.500 | task1=6.693658e-03 | |m1|=0.999910 | m1²=0.999819 | ||w||²/d=0.872645 | eps_adapter=3.614990e-03 | residual_overlap=0.018120
[step   379000] t/d=758.000 | task1=6.693168e-03 | |m1|=0.999910 | m1²=0.999820 | ||w||²/d=0.872568 | eps_adapter=3.622743e-03 | residual_overlap=0.018123
[step   379250] t/d=758.500 | task1=6.691647e-03 | |m1|=0.999910 | m1²=0.999820 | ||w||²/d=0.872525 | eps_adapter=3.627488e-03 | residual_overlap=0.018123
[step   379500] t/d=759.000 | task1=6.691682e-03 | |m1|=0.999911 | m1²=0.999822 | ||w||²/d=0.872575 | eps_adapter=3.619175e-03 | residual_overlap=0.018113
[step   379750] t/d=759.500 | task1=6.691571e-03 | |m1|=0.999910 | m1²=0.999820 | ||w||²/d=0.872280 | eps_adapter=3.658008e-03 | residual_overlap=0.018120
[step   380000] t/d=760.000 | task1=6.692607e-03 | |m1|=0.999910 | m1²=0.999820 | ||w||²/d=0.872413 | eps_adapter=3.642609e-03 | residual_overlap=0.018121
[step   380250] t/d=760.500 | task1=6.692112e-03 | |m1|=0.999911 | m1²=0.999822 | ||w||²/d=0.872541 | eps_adapter=3.621526e-03 | residual_overlap=0.018118
[step   380500] t/d=761.000 | task1=6.691691e-03 | |m1|=0.999911 | m1²=0.999823 | ||w||²/d=0.872596 | eps_adapter=3.614633e-03 | residual_overlap=0.018118
[step   380750] t/d=761.500 | task1=6.690170e-03 | |m1|=0.999911 | m1²=0.999823 | ||w||²/d=0.872718 | eps_adapter=3.599136e-03 | residual_overlap=0.018116
[step   381000] t/d=762.000 | task1=6.689036e-03 | |m1|=0.999910 | m1²=0.999820 | ||w||²/d=0.872839 | eps_adapter=3.589066e-03 | residual_overlap=0.018121
[step   381250] t/d=762.500 | task1=6.688843e-03 | |m1|=0.999910 | m1²=0.999820 | ||w||²/d=0.872704 | eps_adapter=3.605797e-03 | residual_overlap=0.018116
[step   381500] t/d=763.000 | task1=6.688066e-03 | |m1|=0.999911 | m1²=0.999822 | ||w||²/d=0.872855 | eps_adapter=3.584055e-03 | residual_overlap=0.018109
[step   381750] t/d=763.500 | task1=6.689913e-03 | |m1|=0.999910 | m1²=0.999820 | ||w||²/d=0.872666 | eps_adapter=3.610256e-03 | residual_overlap=0.018112
[step   382000] t/d=764.000 | task1=6.690550e-03 | |m1|=0.999911 | m1²=0.999821 | ||w||²/d=0.872651 | eps_adapter=3.610747e-03 | residual_overlap=0.018107
[step   382250] t/d=764.500 | task1=6.691223e-03 | |m1|=0.999910 | m1²=0.999820 | ||w||²/d=0.872558 | eps_adapter=3.623276e-03 | residual_overlap=0.018110
[step   382500] t/d=765.000 | task1=6.694461e-03 | |m1|=0.999910 | m1²=0.999820 | ||w||²/d=0.872577 | eps_adapter=3.622434e-03 | residual_overlap=0.018109
[step   382750] t/d=765.500 | task1=6.691458e-03 | |m1|=0.999911 | m1²=0.999821 | ||w||²/d=0.872572 | eps_adapter=3.620511e-03 | residual_overlap=0.018104
[step   383000] t/d=766.000 | task1=6.690786e-03 | |m1|=0.999911 | m1²=0.999822 | ||w||²/d=0.872634 | eps_adapter=3.610880e-03 | residual_overlap=0.018099
[step   383250] t/d=766.500 | task1=6.692314e-03 | |m1|=0.999911 | m1²=0.999822 | ||w||²/d=0.872655 | eps_adapter=3.607691e-03 | residual_overlap=0.018094
[step   383500] t/d=767.000 | task1=6.692427e-03 | |m1|=0.999913 | m1²=0.999827 | ||w||²/d=0.872762 | eps_adapter=3.585993e-03 | residual_overlap=0.018080
[step   383750] t/d=767.500 | task1=6.691520e-03 | |m1|=0.999914 | m1²=0.999829 | ||w||²/d=0.872824 | eps_adapter=3.575123e-03 | residual_overlap=0.018079
[step   384000] t/d=768.000 | task1=6.692121e-03 | |m1|=0.999915 | m1²=0.999830 | ||w||²/d=0.872821 | eps_adapter=3.572721e-03 | residual_overlap=0.018076
[step   384250] t/d=768.500 | task1=6.692420e-03 | |m1|=0.999914 | m1²=0.999829 | ||w||²/d=0.872734 | eps_adapter=3.585727e-03 | residual_overlap=0.018075
[step   384500] t/d=769.000 | task1=6.691292e-03 | |m1|=0.999914 | m1²=0.999828 | ||w||²/d=0.872784 | eps_adapter=3.581164e-03 | residual_overlap=0.018074
[step   384750] t/d=769.500 | task1=6.692684e-03 | |m1|=0.999914 | m1²=0.999829 | ||w||²/d=0.872846 | eps_adapter=3.572157e-03 | residual_overlap=0.018070
[step   385000] t/d=770.000 | task1=6.690735e-03 | |m1|=0.999915 | m1²=0.999829 | ||w||²/d=0.872771 | eps_adapter=3.580558e-03 | residual_overlap=0.018074
[step   385250] t/d=770.500 | task1=6.689506e-03 | |m1|=0.999914 | m1²=0.999828 | ||w||²/d=0.872563 | eps_adapter=3.607856e-03 | residual_overlap=0.018076
[step   385500] t/d=771.000 | task1=6.689299e-03 | |m1|=0.999915 | m1²=0.999830 | ||w||²/d=0.872654 | eps_adapter=3.593056e-03 | residual_overlap=0.018080
[step   385750] t/d=771.500 | task1=6.688865e-03 | |m1|=0.999915 | m1²=0.999830 | ||w||²/d=0.872623 | eps_adapter=3.598217e-03 | residual_overlap=0.018086
[step   386000] t/d=772.000 | task1=6.688792e-03 | |m1|=0.999914 | m1²=0.999828 | ||w||²/d=0.872704 | eps_adapter=3.590385e-03 | residual_overlap=0.018088
[step   386250] t/d=772.500 | task1=6.690046e-03 | |m1|=0.999914 | m1²=0.999829 | ||w||²/d=0.872770 | eps_adapter=3.581232e-03 | residual_overlap=0.018093
[step   386500] t/d=773.000 | task1=6.690796e-03 | |m1|=0.999912 | m1²=0.999825 | ||w||²/d=0.872689 | eps_adapter=3.598747e-03 | residual_overlap=0.018097
[step   386750] t/d=773.500 | task1=6.691405e-03 | |m1|=0.999912 | m1²=0.999825 | ||w||²/d=0.872696 | eps_adapter=3.598174e-03 | residual_overlap=0.018104
[step   387000] t/d=774.000 | task1=6.691757e-03 | |m1|=0.999911 | m1²=0.999823 | ||w||²/d=0.872610 | eps_adapter=3.612342e-03 | residual_overlap=0.018113
[step   387250] t/d=774.500 | task1=6.691149e-03 | |m1|=0.999913 | m1²=0.999826 | ||w||²/d=0.872650 | eps_adapter=3.601352e-03 | residual_overlap=0.018109
[step   387500] t/d=775.000 | task1=6.690252e-03 | |m1|=0.999912 | m1²=0.999824 | ||w||²/d=0.872641 | eps_adapter=3.607159e-03 | residual_overlap=0.018119
[step   387750] t/d=775.500 | task1=6.691363e-03 | |m1|=0.999912 | m1²=0.999824 | ||w||²/d=0.872420 | eps_adapter=3.633572e-03 | residual_overlap=0.018115
[step   388000] t/d=776.000 | task1=6.693251e-03 | |m1|=0.999912 | m1²=0.999823 | ||w||²/d=0.872454 | eps_adapter=3.631055e-03 | residual_overlap=0.018112
[step   388250] t/d=776.500 | task1=6.692133e-03 | |m1|=0.999912 | m1²=0.999824 | ||w||²/d=0.872387 | eps_adapter=3.637205e-03 | residual_overlap=0.018112
[step   388500] t/d=777.000 | task1=6.690238e-03 | |m1|=0.999912 | m1²=0.999824 | ||w||²/d=0.872332 | eps_adapter=3.645221e-03 | residual_overlap=0.018111
[step   388750] t/d=777.500 | task1=6.691527e-03 | |m1|=0.999911 | m1²=0.999823 | ||w||²/d=0.872222 | eps_adapter=3.660425e-03 | residual_overlap=0.018111
[step   389000] t/d=778.000 | task1=6.691698e-03 | |m1|=0.999911 | m1²=0.999823 | ||w||²/d=0.872201 | eps_adapter=3.662803e-03 | residual_overlap=0.018111
[step   389250] t/d=778.500 | task1=6.693010e-03 | |m1|=0.999911 | m1²=0.999822 | ||w||²/d=0.872246 | eps_adapter=3.658173e-03 | residual_overlap=0.018107
[step   389500] t/d=779.000 | task1=6.692310e-03 | |m1|=0.999911 | m1²=0.999822 | ||w||²/d=0.872241 | eps_adapter=3.659083e-03 | residual_overlap=0.018105
[step   389750] t/d=779.500 | task1=6.693630e-03 | |m1|=0.999912 | m1²=0.999825 | ||w||²/d=0.872289 | eps_adapter=3.648101e-03 | residual_overlap=0.018100
[step   390000] t/d=780.000 | task1=6.693255e-03 | |m1|=0.999913 | m1²=0.999827 | ||w||²/d=0.872377 | eps_adapter=3.633460e-03 | residual_overlap=0.018093
[step   390250] t/d=780.500 | task1=6.693307e-03 | |m1|=0.999914 | m1²=0.999827 | ||w||²/d=0.872354 | eps_adapter=3.635918e-03 | residual_overlap=0.018088
[step   390500] t/d=781.000 | task1=6.694221e-03 | |m1|=0.999915 | m1²=0.999829 | ||w||²/d=0.872378 | eps_adapter=3.629223e-03 | residual_overlap=0.018077
[step   390750] t/d=781.500 | task1=6.692943e-03 | |m1|=0.999915 | m1²=0.999830 | ||w||²/d=0.872434 | eps_adapter=3.621013e-03 | residual_overlap=0.018078
[step   391000] t/d=782.000 | task1=6.693590e-03 | |m1|=0.999916 | m1²=0.999831 | ||w||²/d=0.872485 | eps_adapter=3.612225e-03 | residual_overlap=0.018078
[step   391250] t/d=782.500 | task1=6.695383e-03 | |m1|=0.999916 | m1²=0.999832 | ||w||²/d=0.872536 | eps_adapter=3.604986e-03 | residual_overlap=0.018075
[step   391500] t/d=783.000 | task1=6.694273e-03 | |m1|=0.999916 | m1²=0.999831 | ||w||²/d=0.872582 | eps_adapter=3.600114e-03 | residual_overlap=0.018077
[step   391750] t/d=783.500 | task1=6.691920e-03 | |m1|=0.999916 | m1²=0.999832 | ||w||²/d=0.872699 | eps_adapter=3.584158e-03 | residual_overlap=0.018077
[step   392000] t/d=784.000 | task1=6.694470e-03 | |m1|=0.999917 | m1²=0.999833 | ||w||²/d=0.872740 | eps_adapter=3.577027e-03 | residual_overlap=0.018077
[step   392250] t/d=784.500 | task1=6.695833e-03 | |m1|=0.999917 | m1²=0.999834 | ||w||²/d=0.872632 | eps_adapter=3.588141e-03 | residual_overlap=0.018067
[step   392500] t/d=785.000 | task1=6.694725e-03 | |m1|=0.999919 | m1²=0.999837 | ||w||²/d=0.872545 | eps_adapter=3.592728e-03 | residual_overlap=0.018062
[step   392750] t/d=785.500 | task1=6.694743e-03 | |m1|=0.999918 | m1²=0.999835 | ||w||²/d=0.872592 | eps_adapter=3.591285e-03 | residual_overlap=0.018067
[step   393000] t/d=786.000 | task1=6.694143e-03 | |m1|=0.999917 | m1²=0.999834 | ||w||²/d=0.872633 | eps_adapter=3.587587e-03 | residual_overlap=0.018068
[step   393250] t/d=786.500 | task1=6.690815e-03 | |m1|=0.999918 | m1²=0.999835 | ||w||²/d=0.872716 | eps_adapter=3.575891e-03 | residual_overlap=0.018057
[step   393500] t/d=787.000 | task1=6.692390e-03 | |m1|=0.999919 | m1²=0.999838 | ||w||²/d=0.872730 | eps_adapter=3.569567e-03 | residual_overlap=0.018046
[step   393750] t/d=787.500 | task1=6.693368e-03 | |m1|=0.999920 | m1²=0.999841 | ||w||²/d=0.872797 | eps_adapter=3.555223e-03 | residual_overlap=0.018039
[step   394000] t/d=788.000 | task1=6.691795e-03 | |m1|=0.999921 | m1²=0.999842 | ||w||²/d=0.872957 | eps_adapter=3.534104e-03 | residual_overlap=0.018031
[step   394250] t/d=788.500 | task1=6.690375e-03 | |m1|=0.999921 | m1²=0.999841 | ||w||²/d=0.873124 | eps_adapter=3.514926e-03 | residual_overlap=0.018032
[step   394500] t/d=789.000 | task1=6.690183e-03 | |m1|=0.999921 | m1²=0.999842 | ||w||²/d=0.873212 | eps_adapter=3.503210e-03 | residual_overlap=0.018035
[step   394750] t/d=789.500 | task1=6.691555e-03 | |m1|=0.999921 | m1²=0.999842 | ||w||²/d=0.873131 | eps_adapter=3.512224e-03 | residual_overlap=0.018034
[step   395000] t/d=790.000 | task1=6.690419e-03 | |m1|=0.999922 | m1²=0.999844 | ||w||²/d=0.873203 | eps_adapter=3.500100e-03 | residual_overlap=0.018029
[step   395250] t/d=790.500 | task1=6.692777e-03 | |m1|=0.999920 | m1²=0.999840 | ||w||²/d=0.873116 | eps_adapter=3.518190e-03 | residual_overlap=0.018039
[step   395500] t/d=791.000 | task1=6.691975e-03 | |m1|=0.999921 | m1²=0.999843 | ||w||²/d=0.873257 | eps_adapter=3.495525e-03 | residual_overlap=0.018033
[step   395750] t/d=791.500 | task1=6.691371e-03 | |m1|=0.999922 | m1²=0.999844 | ||w||²/d=0.873244 | eps_adapter=3.495381e-03 | residual_overlap=0.018034
[step   396000] t/d=792.000 | task1=6.690987e-03 | |m1|=0.999923 | m1²=0.999847 | ||w||²/d=0.873370 | eps_adapter=3.474621e-03 | residual_overlap=0.018024
[step   396250] t/d=792.500 | task1=6.690584e-03 | |m1|=0.999924 | m1²=0.999849 | ||w||²/d=0.873471 | eps_adapter=3.458616e-03 | residual_overlap=0.018015
[step   396500] t/d=793.000 | task1=6.687340e-03 | |m1|=0.999925 | m1²=0.999851 | ||w||²/d=0.873488 | eps_adapter=3.452149e-03 | residual_overlap=0.018011
[step   396750] t/d=793.500 | task1=6.687207e-03 | |m1|=0.999925 | m1²=0.999851 | ||w||²/d=0.873471 | eps_adapter=3.454136e-03 | residual_overlap=0.018015
[step   397000] t/d=794.000 | task1=6.688283e-03 | |m1|=0.999925 | m1²=0.999850 | ||w||²/d=0.873404 | eps_adapter=3.464659e-03 | residual_overlap=0.018023
[step   397250] t/d=794.500 | task1=6.687224e-03 | |m1|=0.999925 | m1²=0.999850 | ||w||²/d=0.873432 | eps_adapter=3.460123e-03 | residual_overlap=0.018022
[step   397500] t/d=795.000 | task1=6.687667e-03 | |m1|=0.999925 | m1²=0.999849 | ||w||²/d=0.873206 | eps_adapter=3.489496e-03 | residual_overlap=0.018020
[step   397750] t/d=795.500 | task1=6.687809e-03 | |m1|=0.999924 | m1²=0.999849 | ||w||²/d=0.873275 | eps_adapter=3.482314e-03 | residual_overlap=0.018013
[step   398000] t/d=796.000 | task1=6.685773e-03 | |m1|=0.999924 | m1²=0.999849 | ||w||²/d=0.873243 | eps_adapter=3.485704e-03 | residual_overlap=0.018011
[step   398250] t/d=796.500 | task1=6.686637e-03 | |m1|=0.999924 | m1²=0.999847 | ||w||²/d=0.873395 | eps_adapter=3.469815e-03 | residual_overlap=0.018017
[step   398500] t/d=797.000 | task1=6.686391e-03 | |m1|=0.999924 | m1²=0.999848 | ||w||²/d=0.873313 | eps_adapter=3.478551e-03 | residual_overlap=0.018014
[step   398750] t/d=797.500 | task1=6.684767e-03 | |m1|=0.999923 | m1²=0.999847 | ||w||²/d=0.873250 | eps_adapter=3.488498e-03 | residual_overlap=0.018012
[step   399000] t/d=798.000 | task1=6.683822e-03 | |m1|=0.999924 | m1²=0.999849 | ||w||²/d=0.873146 | eps_adapter=3.497516e-03 | residual_overlap=0.018009
[step   399250] t/d=798.500 | task1=6.685167e-03 | |m1|=0.999923 | m1²=0.999847 | ||w||²/d=0.873246 | eps_adapter=3.489791e-03 | residual_overlap=0.018017
[step   399500] t/d=799.000 | task1=6.684558e-03 | |m1|=0.999924 | m1²=0.999848 | ||w||²/d=0.873242 | eps_adapter=3.487334e-03 | residual_overlap=0.018018
[step   399750] t/d=799.500 | task1=6.682043e-03 | |m1|=0.999927 | m1²=0.999854 | ||w||²/d=0.873251 | eps_adapter=3.475400e-03 | residual_overlap=0.017998
[step   400000] t/d=800.000 | task1=6.682189e-03 | |m1|=0.999927 | m1²=0.999854 | ||w||²/d=0.873066 | eps_adapter=3.496858e-03 | residual_overlap=0.017999
[step   400250] t/d=800.500 | task1=6.682200e-03 | |m1|=0.999927 | m1²=0.999853 | ||w||²/d=0.872988 | eps_adapter=3.508268e-03 | residual_overlap=0.018000
[step   400500] t/d=801.000 | task1=6.680383e-03 | |m1|=0.999928 | m1²=0.999855 | ||w||²/d=0.873109 | eps_adapter=3.490398e-03 | residual_overlap=0.018001
[step   400750] t/d=801.500 | task1=6.681161e-03 | |m1|=0.999927 | m1²=0.999853 | ||w||²/d=0.872861 | eps_adapter=3.524400e-03 | residual_overlap=0.018006
[step   401000] t/d=802.000 | task1=6.680531e-03 | |m1|=0.999926 | m1²=0.999852 | ||w||²/d=0.872727 | eps_adapter=3.543329e-03 | residual_overlap=0.018014
[step   401250] t/d=802.500 | task1=6.681070e-03 | |m1|=0.999926 | m1²=0.999852 | ||w||²/d=0.872700 | eps_adapter=3.546499e-03 | residual_overlap=0.018014
[step   401500] t/d=803.000 | task1=6.682901e-03 | |m1|=0.999926 | m1²=0.999851 | ||w||²/d=0.872609 | eps_adapter=3.558803e-03 | residual_overlap=0.018017
[step   401750] t/d=803.500 | task1=6.682278e-03 | |m1|=0.999926 | m1²=0.999852 | ||w||²/d=0.872550 | eps_adapter=3.564433e-03 | residual_overlap=0.018010
[step   402000] t/d=804.000 | task1=6.684128e-03 | |m1|=0.999925 | m1²=0.999850 | ||w||²/d=0.872502 | eps_adapter=3.574163e-03 | residual_overlap=0.018016
[step   402250] t/d=804.500 | task1=6.682470e-03 | |m1|=0.999924 | m1²=0.999848 | ||w||²/d=0.872609 | eps_adapter=3.564847e-03 | residual_overlap=0.018021
[step   402500] t/d=805.000 | task1=6.684764e-03 | |m1|=0.999924 | m1²=0.999848 | ||w||²/d=0.872624 | eps_adapter=3.563994e-03 | residual_overlap=0.018022
[step   402750] t/d=805.500 | task1=6.684319e-03 | |m1|=0.999924 | m1²=0.999849 | ||w||²/d=0.872513 | eps_adapter=3.575783e-03 | residual_overlap=0.018021
[step   403000] t/d=806.000 | task1=6.684332e-03 | |m1|=0.999925 | m1²=0.999849 | ||w||²/d=0.872590 | eps_adapter=3.564746e-03 | residual_overlap=0.018017
[step   403250] t/d=806.500 | task1=6.682705e-03 | |m1|=0.999925 | m1²=0.999851 | ||w||²/d=0.872526 | eps_adapter=3.570223e-03 | residual_overlap=0.018012
[step   403500] t/d=807.000 | task1=6.683497e-03 | |m1|=0.999926 | m1²=0.999851 | ||w||²/d=0.872542 | eps_adapter=3.567364e-03 | residual_overlap=0.018011
[step   403750] t/d=807.500 | task1=6.684653e-03 | |m1|=0.999925 | m1²=0.999850 | ||w||²/d=0.872571 | eps_adapter=3.565890e-03 | residual_overlap=0.018013
[step   404000] t/d=808.000 | task1=6.686071e-03 | |m1|=0.999924 | m1²=0.999847 | ||w||²/d=0.872694 | eps_adapter=3.556052e-03 | residual_overlap=0.018017
[step   404250] t/d=808.500 | task1=6.683347e-03 | |m1|=0.999924 | m1²=0.999847 | ||w||²/d=0.872653 | eps_adapter=3.561296e-03 | residual_overlap=0.018015
[step   404500] t/d=809.000 | task1=6.683930e-03 | |m1|=0.999924 | m1²=0.999847 | ||w||²/d=0.872548 | eps_adapter=3.573902e-03 | residual_overlap=0.018011
[step   404750] t/d=809.500 | task1=6.685058e-03 | |m1|=0.999924 | m1²=0.999848 | ||w||²/d=0.872392 | eps_adapter=3.592653e-03 | residual_overlap=0.018009
[step   405000] t/d=810.000 | task1=6.686584e-03 | |m1|=0.999924 | m1²=0.999848 | ||w||²/d=0.872175 | eps_adapter=3.619007e-03 | residual_overlap=0.018015
[step   405250] t/d=810.500 | task1=6.689758e-03 | |m1|=0.999923 | m1²=0.999847 | ||w||²/d=0.872144 | eps_adapter=3.624568e-03 | residual_overlap=0.018020
[step   405500] t/d=811.000 | task1=6.689660e-03 | |m1|=0.999923 | m1²=0.999847 | ||w||²/d=0.872075 | eps_adapter=3.633190e-03 | residual_overlap=0.018020
[step   405750] t/d=811.500 | task1=6.689901e-03 | |m1|=0.999924 | m1²=0.999848 | ||w||²/d=0.872194 | eps_adapter=3.615838e-03 | residual_overlap=0.018019
[step   406000] t/d=812.000 | task1=6.690511e-03 | |m1|=0.999924 | m1²=0.999847 | ||w||²/d=0.872321 | eps_adapter=3.602133e-03 | residual_overlap=0.018021
[step   406250] t/d=812.500 | task1=6.690441e-03 | |m1|=0.999923 | m1²=0.999847 | ||w||²/d=0.872422 | eps_adapter=3.590543e-03 | residual_overlap=0.018023
[step   406500] t/d=813.000 | task1=6.691281e-03 | |m1|=0.999923 | m1²=0.999847 | ||w||²/d=0.872485 | eps_adapter=3.582935e-03 | residual_overlap=0.018023
[step   406750] t/d=813.500 | task1=6.690557e-03 | |m1|=0.999924 | m1²=0.999848 | ||w||²/d=0.872400 | eps_adapter=3.591350e-03 | residual_overlap=0.018020
[step   407000] t/d=814.000 | task1=6.688517e-03 | |m1|=0.999925 | m1²=0.999849 | ||w||²/d=0.872371 | eps_adapter=3.592202e-03 | residual_overlap=0.018019
[step   407250] t/d=814.500 | task1=6.688751e-03 | |m1|=0.999925 | m1²=0.999851 | ||w||²/d=0.872345 | eps_adapter=3.592462e-03 | residual_overlap=0.018021
[step   407500] t/d=815.000 | task1=6.687967e-03 | |m1|=0.999924 | m1²=0.999849 | ||w||²/d=0.872200 | eps_adapter=3.614508e-03 | residual_overlap=0.018030
[step   407750] t/d=815.500 | task1=6.688301e-03 | |m1|=0.999926 | m1²=0.999851 | ||w||²/d=0.872287 | eps_adapter=3.598664e-03 | residual_overlap=0.018028
[step   408000] t/d=816.000 | task1=6.687963e-03 | |m1|=0.999925 | m1²=0.999850 | ||w||²/d=0.872305 | eps_adapter=3.598071e-03 | residual_overlap=0.018029
[step   408250] t/d=816.500 | task1=6.689209e-03 | |m1|=0.999926 | m1²=0.999852 | ||w||²/d=0.872274 | eps_adapter=3.599135e-03 | residual_overlap=0.018024
[step   408500] t/d=817.000 | task1=6.691976e-03 | |m1|=0.999924 | m1²=0.999848 | ||w||²/d=0.872157 | eps_adapter=3.620148e-03 | residual_overlap=0.018030
[step   408750] t/d=817.500 | task1=6.692152e-03 | |m1|=0.999923 | m1²=0.999845 | ||w||²/d=0.872169 | eps_adapter=3.625084e-03 | residual_overlap=0.018031
[step   409000] t/d=818.000 | task1=6.691851e-03 | |m1|=0.999924 | m1²=0.999847 | ||w||²/d=0.872066 | eps_adapter=3.633778e-03 | residual_overlap=0.018027
[step   409250] t/d=818.500 | task1=6.691975e-03 | |m1|=0.999925 | m1²=0.999850 | ||w||²/d=0.872045 | eps_adapter=3.631741e-03 | residual_overlap=0.018020
[step   409500] t/d=819.000 | task1=6.692537e-03 | |m1|=0.999925 | m1²=0.999849 | ||w||²/d=0.871910 | eps_adapter=3.649640e-03 | residual_overlap=0.018021
[step   409750] t/d=819.500 | task1=6.692856e-03 | |m1|=0.999925 | m1²=0.999850 | ||w||²/d=0.872001 | eps_adapter=3.636958e-03 | residual_overlap=0.018016
[step   410000] t/d=820.000 | task1=6.691187e-03 | |m1|=0.999924 | m1²=0.999849 | ||w||²/d=0.872164 | eps_adapter=3.618562e-03 | residual_overlap=0.018020
[step   410250] t/d=820.500 | task1=6.691801e-03 | |m1|=0.999925 | m1²=0.999850 | ||w||²/d=0.872005 | eps_adapter=3.636514e-03 | residual_overlap=0.018021
[step   410500] t/d=821.000 | task1=6.689533e-03 | |m1|=0.999925 | m1²=0.999850 | ||w||²/d=0.872082 | eps_adapter=3.627022e-03 | residual_overlap=0.018020
[step   410750] t/d=821.500 | task1=6.689469e-03 | |m1|=0.999926 | m1²=0.999851 | ||w||²/d=0.872093 | eps_adapter=3.622859e-03 | residual_overlap=0.018017
[step   411000] t/d=822.000 | task1=6.689536e-03 | |m1|=0.999924 | m1²=0.999848 | ||w||²/d=0.872136 | eps_adapter=3.623064e-03 | residual_overlap=0.018019
[step   411250] t/d=822.500 | task1=6.689679e-03 | |m1|=0.999924 | m1²=0.999848 | ||w||²/d=0.872226 | eps_adapter=3.612338e-03 | residual_overlap=0.018023
[step   411500] t/d=823.000 | task1=6.691483e-03 | |m1|=0.999923 | m1²=0.999847 | ||w||²/d=0.872187 | eps_adapter=3.619856e-03 | residual_overlap=0.018024
[step   411750] t/d=823.500 | task1=6.688233e-03 | |m1|=0.999924 | m1²=0.999847 | ||w||²/d=0.872223 | eps_adapter=3.614641e-03 | residual_overlap=0.018032
[step   412000] t/d=824.000 | task1=6.688165e-03 | |m1|=0.999925 | m1²=0.999849 | ||w||²/d=0.872149 | eps_adapter=3.620160e-03 | residual_overlap=0.018029
[step   412250] t/d=824.500 | task1=6.689345e-03 | |m1|=0.999925 | m1²=0.999850 | ||w||²/d=0.872229 | eps_adapter=3.609046e-03 | residual_overlap=0.018026
[step   412500] t/d=825.000 | task1=6.690255e-03 | |m1|=0.999925 | m1²=0.999850 | ||w||²/d=0.872304 | eps_adapter=3.598743e-03 | residual_overlap=0.018025
[step   412750] t/d=825.500 | task1=6.690512e-03 | |m1|=0.999925 | m1²=0.999849 | ||w||²/d=0.872440 | eps_adapter=3.583274e-03 | residual_overlap=0.018023
[step   413000] t/d=826.000 | task1=6.688156e-03 | |m1|=0.999925 | m1²=0.999849 | ||w||²/d=0.872530 | eps_adapter=3.572359e-03 | residual_overlap=0.018026
[step   413250] t/d=826.500 | task1=6.688188e-03 | |m1|=0.999925 | m1²=0.999849 | ||w||²/d=0.872332 | eps_adapter=3.596824e-03 | residual_overlap=0.018031
[step   413500] t/d=827.000 | task1=6.688779e-03 | |m1|=0.999925 | m1²=0.999850 | ||w||²/d=0.872323 | eps_adapter=3.596996e-03 | residual_overlap=0.018032
[step   413750] t/d=827.500 | task1=6.687974e-03 | |m1|=0.999926 | m1²=0.999851 | ||w||²/d=0.872389 | eps_adapter=3.586250e-03 | residual_overlap=0.018025
[step   414000] t/d=828.000 | task1=6.687593e-03 | |m1|=0.999925 | m1²=0.999850 | ||w||²/d=0.872514 | eps_adapter=3.572617e-03 | residual_overlap=0.018028
[step   414250] t/d=828.500 | task1=6.686574e-03 | |m1|=0.999924 | m1²=0.999848 | ||w||²/d=0.872405 | eps_adapter=3.589576e-03 | residual_overlap=0.018035
[step   414500] t/d=829.000 | task1=6.685672e-03 | |m1|=0.999925 | m1²=0.999849 | ||w||²/d=0.872403 | eps_adapter=3.588531e-03 | residual_overlap=0.018032
[step   414750] t/d=829.500 | task1=6.687182e-03 | |m1|=0.999924 | m1²=0.999847 | ||w||²/d=0.872320 | eps_adapter=3.601844e-03 | residual_overlap=0.018037
[step   415000] t/d=830.000 | task1=6.688060e-03 | |m1|=0.999924 | m1²=0.999848 | ||w||²/d=0.872388 | eps_adapter=3.592184e-03 | residual_overlap=0.018033
[step   415250] t/d=830.500 | task1=6.687547e-03 | |m1|=0.999924 | m1²=0.999848 | ||w||²/d=0.872345 | eps_adapter=3.597042e-03 | residual_overlap=0.018038
[step   415500] t/d=831.000 | task1=6.688574e-03 | |m1|=0.999924 | m1²=0.999848 | ||w||²/d=0.872463 | eps_adapter=3.583632e-03 | residual_overlap=0.018044
[step   415750] t/d=831.500 | task1=6.690977e-03 | |m1|=0.999923 | m1²=0.999846 | ||w||²/d=0.872384 | eps_adapter=3.596084e-03 | residual_overlap=0.018042
[step   416000] t/d=832.000 | task1=6.691411e-03 | |m1|=0.999923 | m1²=0.999846 | ||w||²/d=0.872469 | eps_adapter=3.585925e-03 | residual_overlap=0.018043
[step   416250] t/d=832.500 | task1=6.691925e-03 | |m1|=0.999924 | m1²=0.999849 | ||w||²/d=0.872501 | eps_adapter=3.577031e-03 | residual_overlap=0.018041
[step   416500] t/d=833.000 | task1=6.691979e-03 | |m1|=0.999925 | m1²=0.999849 | ||w||²/d=0.872567 | eps_adapter=3.567744e-03 | residual_overlap=0.018042
[step   416750] t/d=833.500 | task1=6.692562e-03 | |m1|=0.999924 | m1²=0.999849 | ||w||²/d=0.872605 | eps_adapter=3.563936e-03 | residual_overlap=0.018049
[step   417000] t/d=834.000 | task1=6.694411e-03 | |m1|=0.999925 | m1²=0.999849 | ||w||²/d=0.872551 | eps_adapter=3.570347e-03 | residual_overlap=0.018050
[step   417250] t/d=834.500 | task1=6.695352e-03 | |m1|=0.999924 | m1²=0.999848 | ||w||²/d=0.872599 | eps_adapter=3.567004e-03 | residual_overlap=0.018048
[step   417500] t/d=835.000 | task1=6.696710e-03 | |m1|=0.999924 | m1²=0.999849 | ||w||²/d=0.872325 | eps_adapter=3.598875e-03 | residual_overlap=0.018047
[step   417750] t/d=835.500 | task1=6.697484e-03 | |m1|=0.999924 | m1²=0.999848 | ||w||²/d=0.872333 | eps_adapter=3.598738e-03 | residual_overlap=0.018050
[step   418000] t/d=836.000 | task1=6.695880e-03 | |m1|=0.999924 | m1²=0.999849 | ||w||²/d=0.872374 | eps_adapter=3.592724e-03 | residual_overlap=0.018052
[step   418250] t/d=836.500 | task1=6.693643e-03 | |m1|=0.999924 | m1²=0.999849 | ||w||²/d=0.872236 | eps_adapter=3.610009e-03 | residual_overlap=0.018052
[step   418500] t/d=837.000 | task1=6.692630e-03 | |m1|=0.999925 | m1²=0.999850 | ||w||²/d=0.872104 | eps_adapter=3.624551e-03 | residual_overlap=0.018051
[step   418750] t/d=837.500 | task1=6.693982e-03 | |m1|=0.999924 | m1²=0.999849 | ||w||²/d=0.872065 | eps_adapter=3.630997e-03 | residual_overlap=0.018055
[step   419000] t/d=838.000 | task1=6.693640e-03 | |m1|=0.999925 | m1²=0.999850 | ||w||²/d=0.872102 | eps_adapter=3.624061e-03 | residual_overlap=0.018050
[step   419250] t/d=838.500 | task1=6.692031e-03 | |m1|=0.999925 | m1²=0.999851 | ||w||²/d=0.872066 | eps_adapter=3.627249e-03 | residual_overlap=0.018045
[step   419500] t/d=839.000 | task1=6.691150e-03 | |m1|=0.999925 | m1²=0.999850 | ||w||²/d=0.872112 | eps_adapter=3.622306e-03 | residual_overlap=0.018047
[step   419750] t/d=839.500 | task1=6.693364e-03 | |m1|=0.999925 | m1²=0.999850 | ||w||²/d=0.872122 | eps_adapter=3.622331e-03 | residual_overlap=0.018054
[step   420000] t/d=840.000 | task1=6.693856e-03 | |m1|=0.999924 | m1²=0.999848 | ||w||²/d=0.871994 | eps_adapter=3.640492e-03 | residual_overlap=0.018062
[step   420250] t/d=840.500 | task1=6.693171e-03 | |m1|=0.999924 | m1²=0.999848 | ||w||²/d=0.872076 | eps_adapter=3.630910e-03 | residual_overlap=0.018058
[step   420500] t/d=841.000 | task1=6.694361e-03 | |m1|=0.999924 | m1²=0.999848 | ||w||²/d=0.872101 | eps_adapter=3.627763e-03 | residual_overlap=0.018063
[step   420750] t/d=841.500 | task1=6.695261e-03 | |m1|=0.999924 | m1²=0.999848 | ||w||²/d=0.872221 | eps_adapter=3.613027e-03 | residual_overlap=0.018068
[step   421000] t/d=842.000 | task1=6.695318e-03 | |m1|=0.999924 | m1²=0.999848 | ||w||²/d=0.872121 | eps_adapter=3.624646e-03 | residual_overlap=0.018069
[step   421250] t/d=842.500 | task1=6.695324e-03 | |m1|=0.999924 | m1²=0.999849 | ||w||²/d=0.872172 | eps_adapter=3.618205e-03 | residual_overlap=0.018071
[step   421500] t/d=843.000 | task1=6.694518e-03 | |m1|=0.999925 | m1²=0.999850 | ||w||²/d=0.872171 | eps_adapter=3.616032e-03 | residual_overlap=0.018071
[step   421750] t/d=843.500 | task1=6.693261e-03 | |m1|=0.999925 | m1²=0.999850 | ||w||²/d=0.872134 | eps_adapter=3.619621e-03 | residual_overlap=0.018073
[step   422000] t/d=844.000 | task1=6.693096e-03 | |m1|=0.999924 | m1²=0.999849 | ||w||²/d=0.872191 | eps_adapter=3.615042e-03 | residual_overlap=0.018080
[step   422250] t/d=844.500 | task1=6.691660e-03 | |m1|=0.999925 | m1²=0.999850 | ||w||²/d=0.872203 | eps_adapter=3.611639e-03 | residual_overlap=0.018072
[step   422500] t/d=845.000 | task1=6.693082e-03 | |m1|=0.999925 | m1²=0.999851 | ||w||²/d=0.872143 | eps_adapter=3.617891e-03 | residual_overlap=0.018069
[step   422750] t/d=845.500 | task1=6.691249e-03 | |m1|=0.999926 | m1²=0.999852 | ||w||²/d=0.872010 | eps_adapter=3.632212e-03 | residual_overlap=0.018063
[step   423000] t/d=846.000 | task1=6.692915e-03 | |m1|=0.999926 | m1²=0.999852 | ||w||²/d=0.872209 | eps_adapter=3.607375e-03 | residual_overlap=0.018063
[step   423250] t/d=846.500 | task1=6.693898e-03 | |m1|=0.999925 | m1²=0.999851 | ||w||²/d=0.872075 | eps_adapter=3.626233e-03 | residual_overlap=0.018063
[step   423500] t/d=847.000 | task1=6.693294e-03 | |m1|=0.999926 | m1²=0.999851 | ||w||²/d=0.872218 | eps_adapter=3.607787e-03 | residual_overlap=0.018062
[step   423750] t/d=847.500 | task1=6.695304e-03 | |m1|=0.999924 | m1²=0.999848 | ||w||²/d=0.872376 | eps_adapter=3.593763e-03 | residual_overlap=0.018070
[step   424000] t/d=848.000 | task1=6.695021e-03 | |m1|=0.999924 | m1²=0.999847 | ||w||²/d=0.872482 | eps_adapter=3.582472e-03 | residual_overlap=0.018074
[step   424250] t/d=848.500 | task1=6.693130e-03 | |m1|=0.999924 | m1²=0.999847 | ||w||²/d=0.872585 | eps_adapter=3.569373e-03 | residual_overlap=0.018072
[step   424500] t/d=849.000 | task1=6.689979e-03 | |m1|=0.999924 | m1²=0.999848 | ||w||²/d=0.872617 | eps_adapter=3.564594e-03 | residual_overlap=0.018078
[step   424750] t/d=849.500 | task1=6.691732e-03 | |m1|=0.999922 | m1²=0.999844 | ||w||²/d=0.872669 | eps_adapter=3.566049e-03 | residual_overlap=0.018090
[step   425000] t/d=850.000 | task1=6.689298e-03 | |m1|=0.999922 | m1²=0.999845 | ||w||²/d=0.872785 | eps_adapter=3.549195e-03 | residual_overlap=0.018085
[step   425250] t/d=850.500 | task1=6.690837e-03 | |m1|=0.999922 | m1²=0.999843 | ||w||²/d=0.872856 | eps_adapter=3.543433e-03 | residual_overlap=0.018082
[step   425500] t/d=851.000 | task1=6.692595e-03 | |m1|=0.999922 | m1²=0.999844 | ||w||²/d=0.872778 | eps_adapter=3.552144e-03 | residual_overlap=0.018076
[step   425750] t/d=851.500 | task1=6.690648e-03 | |m1|=0.999921 | m1²=0.999842 | ||w||²/d=0.872759 | eps_adapter=3.558324e-03 | residual_overlap=0.018076
[step   426000] t/d=852.000 | task1=6.689590e-03 | |m1|=0.999920 | m1²=0.999839 | ||w||²/d=0.872787 | eps_adapter=3.559358e-03 | residual_overlap=0.018084
[step   426250] t/d=852.500 | task1=6.689364e-03 | |m1|=0.999920 | m1²=0.999840 | ||w||²/d=0.872821 | eps_adapter=3.554056e-03 | residual_overlap=0.018085
[step   426500] t/d=853.000 | task1=6.688896e-03 | |m1|=0.999920 | m1²=0.999840 | ||w||²/d=0.872666 | eps_adapter=3.572393e-03 | residual_overlap=0.018083
[step   426750] t/d=853.500 | task1=6.689838e-03 | |m1|=0.999920 | m1²=0.999841 | ||w||²/d=0.872735 | eps_adapter=3.562982e-03 | residual_overlap=0.018085
[step   427000] t/d=854.000 | task1=6.689238e-03 | |m1|=0.999921 | m1²=0.999843 | ||w||²/d=0.872744 | eps_adapter=3.558129e-03 | residual_overlap=0.018080
[step   427250] t/d=854.500 | task1=6.689789e-03 | |m1|=0.999921 | m1²=0.999842 | ||w||²/d=0.872663 | eps_adapter=3.569178e-03 | residual_overlap=0.018087
[step   427500] t/d=855.000 | task1=6.689893e-03 | |m1|=0.999919 | m1²=0.999838 | ||w||²/d=0.872784 | eps_adapter=3.562372e-03 | residual_overlap=0.018092
[step   427750] t/d=855.500 | task1=6.688814e-03 | |m1|=0.999920 | m1²=0.999839 | ||w||²/d=0.872767 | eps_adapter=3.561959e-03 | residual_overlap=0.018092
[step   428000] t/d=856.000 | task1=6.688085e-03 | |m1|=0.999919 | m1²=0.999839 | ||w||²/d=0.872854 | eps_adapter=3.552623e-03 | residual_overlap=0.018092
[step   428250] t/d=856.500 | task1=6.686052e-03 | |m1|=0.999919 | m1²=0.999837 | ||w||²/d=0.872841 | eps_adapter=3.556520e-03 | residual_overlap=0.018095
[step   428500] t/d=857.000 | task1=6.683459e-03 | |m1|=0.999919 | m1²=0.999838 | ||w||²/d=0.872984 | eps_adapter=3.537751e-03 | residual_overlap=0.018084
[step   428750] t/d=857.500 | task1=6.682655e-03 | |m1|=0.999920 | m1²=0.999841 | ||w||²/d=0.872809 | eps_adapter=3.553995e-03 | residual_overlap=0.018075
[step   429000] t/d=858.000 | task1=6.684100e-03 | |m1|=0.999921 | m1²=0.999841 | ||w||²/d=0.872711 | eps_adapter=3.565002e-03 | residual_overlap=0.018073
[step   429250] t/d=858.500 | task1=6.683677e-03 | |m1|=0.999920 | m1²=0.999841 | ||w||²/d=0.872729 | eps_adapter=3.563975e-03 | residual_overlap=0.018075
[step   429500] t/d=859.000 | task1=6.684413e-03 | |m1|=0.999921 | m1²=0.999842 | ||w||²/d=0.872626 | eps_adapter=3.574939e-03 | residual_overlap=0.018071
[step   429750] t/d=859.500 | task1=6.682558e-03 | |m1|=0.999921 | m1²=0.999841 | ||w||²/d=0.872603 | eps_adapter=3.578284e-03 | residual_overlap=0.018072
[step   430000] t/d=860.000 | task1=6.680712e-03 | |m1|=0.999920 | m1²=0.999840 | ||w||²/d=0.872721 | eps_adapter=3.565845e-03 | residual_overlap=0.018080
[step   430250] t/d=860.500 | task1=6.683397e-03 | |m1|=0.999921 | m1²=0.999841 | ||w||²/d=0.872583 | eps_adapter=3.581411e-03 | residual_overlap=0.018083
[step   430500] t/d=861.000 | task1=6.683353e-03 | |m1|=0.999920 | m1²=0.999840 | ||w||²/d=0.872588 | eps_adapter=3.582024e-03 | residual_overlap=0.018081
[step   430750] t/d=861.500 | task1=6.680541e-03 | |m1|=0.999921 | m1²=0.999843 | ||w||²/d=0.872606 | eps_adapter=3.575732e-03 | residual_overlap=0.018074
[step   431000] t/d=862.000 | task1=6.680294e-03 | |m1|=0.999920 | m1²=0.999840 | ||w||²/d=0.872574 | eps_adapter=3.583928e-03 | residual_overlap=0.018082
[step   431250] t/d=862.500 | task1=6.679791e-03 | |m1|=0.999919 | m1²=0.999839 | ||w||²/d=0.872662 | eps_adapter=3.576161e-03 | residual_overlap=0.018087
[step   431500] t/d=863.000 | task1=6.678938e-03 | |m1|=0.999919 | m1²=0.999838 | ||w||²/d=0.872636 | eps_adapter=3.580923e-03 | residual_overlap=0.018087
[step   431750] t/d=863.500 | task1=6.679572e-03 | |m1|=0.999918 | m1²=0.999835 | ||w||²/d=0.872627 | eps_adapter=3.586502e-03 | residual_overlap=0.018095
[step   432000] t/d=864.000 | task1=6.679811e-03 | |m1|=0.999917 | m1²=0.999835 | ||w||²/d=0.872662 | eps_adapter=3.583706e-03 | residual_overlap=0.018099
[step   432250] t/d=864.500 | task1=6.680564e-03 | |m1|=0.999918 | m1²=0.999835 | ||w||²/d=0.872729 | eps_adapter=3.574759e-03 | residual_overlap=0.018102
[step   432500] t/d=865.000 | task1=6.682509e-03 | |m1|=0.999916 | m1²=0.999831 | ||w||²/d=0.872596 | eps_adapter=3.598320e-03 | residual_overlap=0.018112
[step   432750] t/d=865.500 | task1=6.682095e-03 | |m1|=0.999916 | m1²=0.999832 | ||w||²/d=0.872479 | eps_adapter=3.611893e-03 | residual_overlap=0.018117
[step   433000] t/d=866.000 | task1=6.681305e-03 | |m1|=0.999916 | m1²=0.999832 | ||w||²/d=0.872402 | eps_adapter=3.621466e-03 | residual_overlap=0.018114
[step   433250] t/d=866.500 | task1=6.682479e-03 | |m1|=0.999916 | m1²=0.999832 | ||w||²/d=0.872241 | eps_adapter=3.641677e-03 | residual_overlap=0.018120
[step   433500] t/d=867.000 | task1=6.684100e-03 | |m1|=0.999916 | m1²=0.999832 | ||w||²/d=0.872074 | eps_adapter=3.662321e-03 | residual_overlap=0.018114
[step   433750] t/d=867.500 | task1=6.682756e-03 | |m1|=0.999916 | m1²=0.999832 | ||w||²/d=0.871898 | eps_adapter=3.683163e-03 | residual_overlap=0.018110
[step   434000] t/d=868.000 | task1=6.682308e-03 | |m1|=0.999917 | m1²=0.999833 | ||w||²/d=0.872013 | eps_adapter=3.667095e-03 | residual_overlap=0.018105
[step   434250] t/d=868.500 | task1=6.683704e-03 | |m1|=0.999915 | m1²=0.999831 | ||w||²/d=0.871971 | eps_adapter=3.676481e-03 | residual_overlap=0.018110
[step   434500] t/d=869.000 | task1=6.684143e-03 | |m1|=0.999915 | m1²=0.999831 | ||w||²/d=0.871916 | eps_adapter=3.683491e-03 | residual_overlap=0.018108
[step   434750] t/d=869.500 | task1=6.684428e-03 | |m1|=0.999914 | m1²=0.999829 | ||w||²/d=0.871781 | eps_adapter=3.703816e-03 | residual_overlap=0.018114
[step   435000] t/d=870.000 | task1=6.683324e-03 | |m1|=0.999915 | m1²=0.999831 | ||w||²/d=0.871646 | eps_adapter=3.717272e-03 | residual_overlap=0.018112
[step   435250] t/d=870.500 | task1=6.683058e-03 | |m1|=0.999915 | m1²=0.999830 | ||w||²/d=0.871556 | eps_adapter=3.729305e-03 | residual_overlap=0.018112
[step   435500] t/d=871.000 | task1=6.683548e-03 | |m1|=0.999914 | m1²=0.999829 | ||w||²/d=0.871755 | eps_adapter=3.707632e-03 | residual_overlap=0.018118
[step   435750] t/d=871.500 | task1=6.684647e-03 | |m1|=0.999914 | m1²=0.999828 | ||w||²/d=0.871823 | eps_adapter=3.700999e-03 | residual_overlap=0.018120
[step   436000] t/d=872.000 | task1=6.686138e-03 | |m1|=0.999914 | m1²=0.999827 | ||w||²/d=0.871872 | eps_adapter=3.696087e-03 | residual_overlap=0.018127
[step   436250] t/d=872.500 | task1=6.685113e-03 | |m1|=0.999913 | m1²=0.999825 | ||w||²/d=0.871935 | eps_adapter=3.692019e-03 | residual_overlap=0.018128
[step   436500] t/d=873.000 | task1=6.686487e-03 | |m1|=0.999912 | m1²=0.999824 | ||w||²/d=0.871937 | eps_adapter=3.693075e-03 | residual_overlap=0.018128
[step   436750] t/d=873.500 | task1=6.687863e-03 | |m1|=0.999912 | m1²=0.999823 | ||w||²/d=0.872067 | eps_adapter=3.678925e-03 | residual_overlap=0.018130
[step   437000] t/d=874.000 | task1=6.687019e-03 | |m1|=0.999910 | m1²=0.999820 | ||w||²/d=0.872226 | eps_adapter=3.664417e-03 | residual_overlap=0.018131
[step   437250] t/d=874.500 | task1=6.685144e-03 | |m1|=0.999912 | m1²=0.999823 | ||w||²/d=0.872430 | eps_adapter=3.633496e-03 | residual_overlap=0.018125
[step   437500] t/d=875.000 | task1=6.688274e-03 | |m1|=0.999912 | m1²=0.999823 | ||w||²/d=0.872360 | eps_adapter=3.642097e-03 | residual_overlap=0.018124
[step   437750] t/d=875.500 | task1=6.687390e-03 | |m1|=0.999912 | m1²=0.999825 | ||w||²/d=0.872211 | eps_adapter=3.657826e-03 | residual_overlap=0.018124
[step   438000] t/d=876.000 | task1=6.691047e-03 | |m1|=0.999912 | m1²=0.999823 | ||w||²/d=0.871945 | eps_adapter=3.694465e-03 | residual_overlap=0.018124
[step   438250] t/d=876.500 | task1=6.689740e-03 | |m1|=0.999912 | m1²=0.999824 | ||w||²/d=0.872001 | eps_adapter=3.685736e-03 | residual_overlap=0.018122
[step   438500] t/d=877.000 | task1=6.689238e-03 | |m1|=0.999913 | m1²=0.999826 | ||w||²/d=0.872018 | eps_adapter=3.680746e-03 | residual_overlap=0.018121
[step   438750] t/d=877.500 | task1=6.689840e-03 | |m1|=0.999913 | m1²=0.999825 | ||w||²/d=0.871995 | eps_adapter=3.683910e-03 | residual_overlap=0.018115
[step   439000] t/d=878.000 | task1=6.692840e-03 | |m1|=0.999914 | m1²=0.999827 | ||w||²/d=0.871886 | eps_adapter=3.694173e-03 | residual_overlap=0.018112
[step   439250] t/d=878.500 | task1=6.695386e-03 | |m1|=0.999914 | m1²=0.999828 | ||w||²/d=0.871808 | eps_adapter=3.702790e-03 | residual_overlap=0.018101
[step   439500] t/d=879.000 | task1=6.696148e-03 | |m1|=0.999914 | m1²=0.999828 | ||w||²/d=0.871853 | eps_adapter=3.697572e-03 | residual_overlap=0.018102
[step   439750] t/d=879.500 | task1=6.695036e-03 | |m1|=0.999914 | m1²=0.999827 | ||w||²/d=0.871741 | eps_adapter=3.711904e-03 | residual_overlap=0.018103
[step   440000] t/d=880.000 | task1=6.694719e-03 | |m1|=0.999914 | m1²=0.999829 | ||w||²/d=0.871722 | eps_adapter=3.711919e-03 | residual_overlap=0.018097
[step   440250] t/d=880.500 | task1=6.694194e-03 | |m1|=0.999914 | m1²=0.999827 | ||w||²/d=0.871721 | eps_adapter=3.715035e-03 | residual_overlap=0.018105
[step   440500] t/d=881.000 | task1=6.695031e-03 | |m1|=0.999912 | m1²=0.999825 | ||w||²/d=0.871574 | eps_adapter=3.738121e-03 | residual_overlap=0.018109
[step   440750] t/d=881.500 | task1=6.693602e-03 | |m1|=0.999911 | m1²=0.999823 | ||w||²/d=0.871637 | eps_adapter=3.733220e-03 | residual_overlap=0.018118
[step   441000] t/d=882.000 | task1=6.693265e-03 | |m1|=0.999910 | m1²=0.999819 | ||w||²/d=0.871525 | eps_adapter=3.754127e-03 | residual_overlap=0.018124
[step   441250] t/d=882.500 | task1=6.694425e-03 | |m1|=0.999909 | m1²=0.999819 | ||w||²/d=0.871470 | eps_adapter=3.762158e-03 | residual_overlap=0.018122
[step   441500] t/d=883.000 | task1=6.695053e-03 | |m1|=0.999911 | m1²=0.999822 | ||w||²/d=0.871446 | eps_adapter=3.759045e-03 | residual_overlap=0.018113
[step   441750] t/d=883.500 | task1=6.696797e-03 | |m1|=0.999911 | m1²=0.999822 | ||w||²/d=0.871388 | eps_adapter=3.766331e-03 | residual_overlap=0.018111
[step   442000] t/d=884.000 | task1=6.695654e-03 | |m1|=0.999911 | m1²=0.999822 | ||w||²/d=0.871243 | eps_adapter=3.783838e-03 | residual_overlap=0.018104
[step   442250] t/d=884.500 | task1=6.696850e-03 | |m1|=0.999911 | m1²=0.999822 | ||w||²/d=0.871324 | eps_adapter=3.774675e-03 | residual_overlap=0.018110
[step   442500] t/d=885.000 | task1=6.697178e-03 | |m1|=0.999910 | m1²=0.999820 | ||w||²/d=0.871180 | eps_adapter=3.796291e-03 | residual_overlap=0.018115
[step   442750] t/d=885.500 | task1=6.698184e-03 | |m1|=0.999909 | m1²=0.999818 | ||w||²/d=0.871304 | eps_adapter=3.784140e-03 | residual_overlap=0.018118
[step   443000] t/d=886.000 | task1=6.698043e-03 | |m1|=0.999910 | m1²=0.999820 | ||w||²/d=0.871329 | eps_adapter=3.777928e-03 | residual_overlap=0.018117
[step   443250] t/d=886.500 | task1=6.696917e-03 | |m1|=0.999910 | m1²=0.999819 | ||w||²/d=0.871365 | eps_adapter=3.774676e-03 | residual_overlap=0.018121
[step   443500] t/d=887.000 | task1=6.697586e-03 | |m1|=0.999911 | m1²=0.999822 | ||w||²/d=0.871416 | eps_adapter=3.763661e-03 | residual_overlap=0.018119
[step   443750] t/d=887.500 | task1=6.698883e-03 | |m1|=0.999912 | m1²=0.999823 | ||w||²/d=0.871374 | eps_adapter=3.766146e-03 | residual_overlap=0.018111
[step   444000] t/d=888.000 | task1=6.698685e-03 | |m1|=0.999912 | m1²=0.999824 | ||w||²/d=0.871225 | eps_adapter=3.783822e-03 | residual_overlap=0.018114
[step   444250] t/d=888.500 | task1=6.699415e-03 | |m1|=0.999912 | m1²=0.999824 | ||w||²/d=0.871184 | eps_adapter=3.787988e-03 | residual_overlap=0.018110
[step   444500] t/d=889.000 | task1=6.701360e-03 | |m1|=0.999912 | m1²=0.999823 | ||w||²/d=0.871177 | eps_adapter=3.790571e-03 | residual_overlap=0.018113
[step   444750] t/d=889.500 | task1=6.701346e-03 | |m1|=0.999912 | m1²=0.999825 | ||w||²/d=0.871174 | eps_adapter=3.788716e-03 | residual_overlap=0.018113
[step   445000] t/d=890.000 | task1=6.700751e-03 | |m1|=0.999913 | m1²=0.999827 | ||w||²/d=0.871145 | eps_adapter=3.787952e-03 | residual_overlap=0.018110
[step   445250] t/d=890.500 | task1=6.699313e-03 | |m1|=0.999913 | m1²=0.999826 | ||w||²/d=0.871186 | eps_adapter=3.784050e-03 | residual_overlap=0.018108
[step   445500] t/d=891.000 | task1=6.696037e-03 | |m1|=0.999914 | m1²=0.999828 | ||w||²/d=0.871231 | eps_adapter=3.774818e-03 | residual_overlap=0.018104
[step   445750] t/d=891.500 | task1=6.694653e-03 | |m1|=0.999914 | m1²=0.999828 | ||w||²/d=0.871173 | eps_adapter=3.781350e-03 | residual_overlap=0.018103
[step   446000] t/d=892.000 | task1=6.694457e-03 | |m1|=0.999914 | m1²=0.999828 | ||w||²/d=0.871169 | eps_adapter=3.782902e-03 | residual_overlap=0.018099
[step   446250] t/d=892.500 | task1=6.694044e-03 | |m1|=0.999914 | m1²=0.999828 | ||w||²/d=0.870976 | eps_adapter=3.807450e-03 | residual_overlap=0.018096
[step   446500] t/d=893.000 | task1=6.695345e-03 | |m1|=0.999914 | m1²=0.999828 | ||w||²/d=0.871179 | eps_adapter=3.781542e-03 | residual_overlap=0.018095
[step   446750] t/d=893.500 | task1=6.695029e-03 | |m1|=0.999914 | m1²=0.999829 | ||w||²/d=0.871187 | eps_adapter=3.779075e-03 | residual_overlap=0.018092
[step   447000] t/d=894.000 | task1=6.693927e-03 | |m1|=0.999914 | m1²=0.999828 | ||w||²/d=0.871058 | eps_adapter=3.796978e-03 | residual_overlap=0.018095
[step   447250] t/d=894.500 | task1=6.694661e-03 | |m1|=0.999914 | m1²=0.999829 | ||w||²/d=0.871095 | eps_adapter=3.791039e-03 | residual_overlap=0.018093
[step   447500] t/d=895.000 | task1=6.694163e-03 | |m1|=0.999914 | m1²=0.999829 | ||w||²/d=0.871088 | eps_adapter=3.792067e-03 | residual_overlap=0.018096
[step   447750] t/d=895.500 | task1=6.692153e-03 | |m1|=0.999914 | m1²=0.999828 | ||w||²/d=0.871090 | eps_adapter=3.791883e-03 | residual_overlap=0.018100
[step   448000] t/d=896.000 | task1=6.691341e-03 | |m1|=0.999914 | m1²=0.999828 | ||w||²/d=0.871113 | eps_adapter=3.789913e-03 | residual_overlap=0.018106
[step   448250] t/d=896.500 | task1=6.693825e-03 | |m1|=0.999914 | m1²=0.999827 | ||w||²/d=0.870972 | eps_adapter=3.809354e-03 | residual_overlap=0.018113
[step   448500] t/d=897.000 | task1=6.694513e-03 | |m1|=0.999914 | m1²=0.999828 | ||w||²/d=0.870991 | eps_adapter=3.805357e-03 | residual_overlap=0.018107
[step   448750] t/d=897.500 | task1=6.695028e-03 | |m1|=0.999913 | m1²=0.999827 | ||w||²/d=0.870961 | eps_adapter=3.811246e-03 | residual_overlap=0.018110
[step   449000] t/d=898.000 | task1=6.694988e-03 | |m1|=0.999915 | m1²=0.999829 | ||w||²/d=0.870818 | eps_adapter=3.825587e-03 | residual_overlap=0.018104
[step   449250] t/d=898.500 | task1=6.696853e-03 | |m1|=0.999915 | m1²=0.999831 | ||w||²/d=0.870849 | eps_adapter=3.818502e-03 | residual_overlap=0.018101
[step   449500] t/d=899.000 | task1=6.697944e-03 | |m1|=0.999914 | m1²=0.999829 | ||w||²/d=0.870915 | eps_adapter=3.813597e-03 | residual_overlap=0.018101
[step   449750] t/d=899.500 | task1=6.697942e-03 | |m1|=0.999915 | m1²=0.999829 | ||w||²/d=0.871075 | eps_adapter=3.792186e-03 | residual_overlap=0.018104
[step   450000] t/d=900.000 | task1=6.698385e-03 | |m1|=0.999914 | m1²=0.999828 | ||w||²/d=0.870876 | eps_adapter=3.819117e-03 | residual_overlap=0.018107
[step   450250] t/d=900.500 | task1=6.695534e-03 | |m1|=0.999914 | m1²=0.999829 | ||w||²/d=0.871006 | eps_adapter=3.801889e-03 | residual_overlap=0.018109
[step   450500] t/d=901.000 | task1=6.696782e-03 | |m1|=0.999915 | m1²=0.999830 | ||w||²/d=0.871039 | eps_adapter=3.794651e-03 | residual_overlap=0.018107
[step   450750] t/d=901.500 | task1=6.696848e-03 | |m1|=0.999915 | m1²=0.999830 | ||w||²/d=0.870969 | eps_adapter=3.803540e-03 | residual_overlap=0.018099
[step   451000] t/d=902.000 | task1=6.695733e-03 | |m1|=0.999914 | m1²=0.999828 | ||w||²/d=0.871040 | eps_adapter=3.798381e-03 | residual_overlap=0.018104
[step   451250] t/d=902.500 | task1=6.695810e-03 | |m1|=0.999914 | m1²=0.999829 | ||w||²/d=0.871095 | eps_adapter=3.790387e-03 | residual_overlap=0.018103
[step   451500] t/d=903.000 | task1=6.696643e-03 | |m1|=0.999914 | m1²=0.999828 | ||w||²/d=0.871160 | eps_adapter=3.783670e-03 | residual_overlap=0.018109
[step   451750] t/d=903.500 | task1=6.696007e-03 | |m1|=0.999914 | m1²=0.999828 | ||w||²/d=0.871183 | eps_adapter=3.781684e-03 | residual_overlap=0.018104
[step   452000] t/d=904.000 | task1=6.695684e-03 | |m1|=0.999915 | m1²=0.999829 | ||w||²/d=0.871254 | eps_adapter=3.769535e-03 | residual_overlap=0.018105
[step   452250] t/d=904.500 | task1=6.693702e-03 | |m1|=0.999915 | m1²=0.999831 | ||w||²/d=0.871468 | eps_adapter=3.739716e-03 | residual_overlap=0.018105
[step   452500] t/d=905.000 | task1=6.693911e-03 | |m1|=0.999915 | m1²=0.999830 | ||w||²/d=0.871432 | eps_adapter=3.746371e-03 | residual_overlap=0.018112
[step   452750] t/d=905.500 | task1=6.691691e-03 | |m1|=0.999915 | m1²=0.999830 | ||w||²/d=0.871513 | eps_adapter=3.734692e-03 | residual_overlap=0.018113
[step   453000] t/d=906.000 | task1=6.691926e-03 | |m1|=0.999916 | m1²=0.999831 | ||w||²/d=0.871470 | eps_adapter=3.738282e-03 | residual_overlap=0.018110
[step   453250] t/d=906.500 | task1=6.691837e-03 | |m1|=0.999915 | m1²=0.999831 | ||w||²/d=0.871509 | eps_adapter=3.734623e-03 | residual_overlap=0.018112
[step   453500] t/d=907.000 | task1=6.692041e-03 | |m1|=0.999915 | m1²=0.999830 | ||w||²/d=0.871435 | eps_adapter=3.746299e-03 | residual_overlap=0.018117
[step   453750] t/d=907.500 | task1=6.690621e-03 | |m1|=0.999914 | m1²=0.999829 | ||w||²/d=0.871683 | eps_adapter=3.716666e-03 | residual_overlap=0.018116
[step   454000] t/d=908.000 | task1=6.688883e-03 | |m1|=0.999914 | m1²=0.999828 | ||w||²/d=0.871694 | eps_adapter=3.717279e-03 | residual_overlap=0.018113
[step   454250] t/d=908.500 | task1=6.689049e-03 | |m1|=0.999913 | m1²=0.999827 | ||w||²/d=0.871778 | eps_adapter=3.708911e-03 | residual_overlap=0.018121
[step   454500] t/d=909.000 | task1=6.688933e-03 | |m1|=0.999914 | m1²=0.999827 | ||w||²/d=0.871731 | eps_adapter=3.713271e-03 | residual_overlap=0.018116
[step   454750] t/d=909.500 | task1=6.687563e-03 | |m1|=0.999915 | m1²=0.999830 | ||w||²/d=0.871828 | eps_adapter=3.696789e-03 | residual_overlap=0.018111
[step   455000] t/d=910.000 | task1=6.688005e-03 | |m1|=0.999915 | m1²=0.999830 | ||w||²/d=0.871884 | eps_adapter=3.689421e-03 | residual_overlap=0.018111
[step   455250] t/d=910.500 | task1=6.686956e-03 | |m1|=0.999914 | m1²=0.999829 | ||w||²/d=0.872035 | eps_adapter=3.672579e-03 | residual_overlap=0.018111
[step   455500] t/d=911.000 | task1=6.685944e-03 | |m1|=0.999915 | m1²=0.999830 | ||w||²/d=0.871892 | eps_adapter=3.688373e-03 | residual_overlap=0.018114
[step   455750] t/d=911.500 | task1=6.684937e-03 | |m1|=0.999916 | m1²=0.999831 | ||w||²/d=0.871944 | eps_adapter=3.679111e-03 | residual_overlap=0.018108
[step   456000] t/d=912.000 | task1=6.682113e-03 | |m1|=0.999914 | m1²=0.999829 | ||w||²/d=0.872173 | eps_adapter=3.655267e-03 | residual_overlap=0.018117
[step   456250] t/d=912.500 | task1=6.681182e-03 | |m1|=0.999913 | m1²=0.999826 | ||w||²/d=0.872267 | eps_adapter=3.647925e-03 | residual_overlap=0.018124
[step   456500] t/d=913.000 | task1=6.680343e-03 | |m1|=0.999915 | m1²=0.999829 | ||w||²/d=0.872310 | eps_adapter=3.637252e-03 | residual_overlap=0.018119
[step   456750] t/d=913.500 | task1=6.681024e-03 | |m1|=0.999914 | m1²=0.999828 | ||w||²/d=0.872263 | eps_adapter=3.645586e-03 | residual_overlap=0.018129
[step   457000] t/d=914.000 | task1=6.680404e-03 | |m1|=0.999913 | m1²=0.999827 | ||w||²/d=0.872187 | eps_adapter=3.656917e-03 | residual_overlap=0.018130
[step   457250] t/d=914.500 | task1=6.681272e-03 | |m1|=0.999913 | m1²=0.999827 | ||w||²/d=0.872219 | eps_adapter=3.653311e-03 | residual_overlap=0.018133
[step   457500] t/d=915.000 | task1=6.682287e-03 | |m1|=0.999913 | m1²=0.999827 | ||w||²/d=0.872142 | eps_adapter=3.663018e-03 | residual_overlap=0.018127
[step   457750] t/d=915.500 | task1=6.681985e-03 | |m1|=0.999914 | m1²=0.999828 | ||w||²/d=0.872176 | eps_adapter=3.657090e-03 | residual_overlap=0.018123
[step   458000] t/d=916.000 | task1=6.682678e-03 | |m1|=0.999915 | m1²=0.999829 | ||w||²/d=0.872265 | eps_adapter=3.643199e-03 | residual_overlap=0.018117
[step   458250] t/d=916.500 | task1=6.683001e-03 | |m1|=0.999914 | m1²=0.999828 | ||w||²/d=0.872104 | eps_adapter=3.666039e-03 | residual_overlap=0.018123
[step   458500] t/d=917.000 | task1=6.683689e-03 | |m1|=0.999914 | m1²=0.999828 | ||w||²/d=0.872214 | eps_adapter=3.651013e-03 | residual_overlap=0.018119
[step   458750] t/d=917.500 | task1=6.685112e-03 | |m1|=0.999913 | m1²=0.999827 | ||w||²/d=0.872236 | eps_adapter=3.651527e-03 | residual_overlap=0.018126
[step   459000] t/d=918.000 | task1=6.684742e-03 | |m1|=0.999913 | m1²=0.999827 | ||w||²/d=0.872132 | eps_adapter=3.664568e-03 | residual_overlap=0.018129
[step   459250] t/d=918.500 | task1=6.683032e-03 | |m1|=0.999914 | m1²=0.999827 | ||w||²/d=0.872065 | eps_adapter=3.671246e-03 | residual_overlap=0.018129
[step   459500] t/d=919.000 | task1=6.683128e-03 | |m1|=0.999913 | m1²=0.999825 | ||w||²/d=0.872002 | eps_adapter=3.682913e-03 | residual_overlap=0.018131
[step   459750] t/d=919.500 | task1=6.685084e-03 | |m1|=0.999914 | m1²=0.999828 | ||w||²/d=0.871668 | eps_adapter=3.719722e-03 | residual_overlap=0.018122
[step   460000] t/d=920.000 | task1=6.685045e-03 | |m1|=0.999914 | m1²=0.999828 | ||w||²/d=0.871715 | eps_adapter=3.714597e-03 | residual_overlap=0.018124
[step   460250] t/d=920.500 | task1=6.684065e-03 | |m1|=0.999914 | m1²=0.999828 | ||w||²/d=0.871565 | eps_adapter=3.732190e-03 | residual_overlap=0.018122
[step   460500] t/d=921.000 | task1=6.684225e-03 | |m1|=0.999914 | m1²=0.999829 | ||w||²/d=0.871482 | eps_adapter=3.742043e-03 | residual_overlap=0.018122
[step   460750] t/d=921.500 | task1=6.682728e-03 | |m1|=0.999913 | m1²=0.999827 | ||w||²/d=0.871285 | eps_adapter=3.770247e-03 | residual_overlap=0.018121
[step   461000] t/d=922.000 | task1=6.682558e-03 | |m1|=0.999912 | m1²=0.999825 | ||w||²/d=0.871543 | eps_adapter=3.741920e-03 | residual_overlap=0.018127
[step   461250] t/d=922.500 | task1=6.683066e-03 | |m1|=0.999913 | m1²=0.999825 | ||w||²/d=0.871525 | eps_adapter=3.743022e-03 | residual_overlap=0.018124
[step   461500] t/d=923.000 | task1=6.683318e-03 | |m1|=0.999913 | m1²=0.999825 | ||w||²/d=0.871768 | eps_adapter=3.712610e-03 | residual_overlap=0.018123
[step   461750] t/d=923.500 | task1=6.681451e-03 | |m1|=0.999912 | m1²=0.999823 | ||w||²/d=0.871986 | eps_adapter=3.689257e-03 | residual_overlap=0.018128
[step   462000] t/d=924.000 | task1=6.681877e-03 | |m1|=0.999912 | m1²=0.999824 | ||w||²/d=0.871984 | eps_adapter=3.687458e-03 | residual_overlap=0.018125
[step   462250] t/d=924.500 | task1=6.681272e-03 | |m1|=0.999913 | m1²=0.999825 | ||w||²/d=0.872079 | eps_adapter=3.673428e-03 | residual_overlap=0.018122
[step   462500] t/d=925.000 | task1=6.681225e-03 | |m1|=0.999914 | m1²=0.999827 | ||w||²/d=0.872037 | eps_adapter=3.675267e-03 | residual_overlap=0.018118
[step   462750] t/d=925.500 | task1=6.680874e-03 | |m1|=0.999913 | m1²=0.999827 | ||w||²/d=0.871980 | eps_adapter=3.682851e-03 | residual_overlap=0.018125
[step   463000] t/d=926.000 | task1=6.681261e-03 | |m1|=0.999914 | m1²=0.999829 | ||w||²/d=0.871847 | eps_adapter=3.695503e-03 | residual_overlap=0.018120
[step   463250] t/d=926.500 | task1=6.681956e-03 | |m1|=0.999915 | m1²=0.999830 | ||w||²/d=0.871777 | eps_adapter=3.701734e-03 | residual_overlap=0.018110
[step   463500] t/d=927.000 | task1=6.681855e-03 | |m1|=0.999915 | m1²=0.999830 | ||w||²/d=0.871719 | eps_adapter=3.709996e-03 | residual_overlap=0.018107
[step   463750] t/d=927.500 | task1=6.678505e-03 | |m1|=0.999915 | m1²=0.999831 | ||w||²/d=0.871688 | eps_adapter=3.712566e-03 | residual_overlap=0.018102
[step   464000] t/d=928.000 | task1=6.680123e-03 | |m1|=0.999914 | m1²=0.999829 | ||w||²/d=0.871568 | eps_adapter=3.730772e-03 | residual_overlap=0.018107
[step   464250] t/d=928.500 | task1=6.680886e-03 | |m1|=0.999915 | m1²=0.999830 | ||w||²/d=0.871798 | eps_adapter=3.699755e-03 | residual_overlap=0.018098
[step   464500] t/d=929.000 | task1=6.681108e-03 | |m1|=0.999914 | m1²=0.999828 | ||w||²/d=0.871830 | eps_adapter=3.699866e-03 | residual_overlap=0.018101
[step   464750] t/d=929.500 | task1=6.683507e-03 | |m1|=0.999914 | m1²=0.999829 | ||w||²/d=0.871820 | eps_adapter=3.699726e-03 | residual_overlap=0.018107
[step   465000] t/d=930.000 | task1=6.685251e-03 | |m1|=0.999914 | m1²=0.999829 | ||w||²/d=0.871772 | eps_adapter=3.705593e-03 | residual_overlap=0.018106
[step   465250] t/d=930.500 | task1=6.683445e-03 | |m1|=0.999913 | m1²=0.999826 | ||w||²/d=0.871744 | eps_adapter=3.713481e-03 | residual_overlap=0.018113
[step   465500] t/d=931.000 | task1=6.681842e-03 | |m1|=0.999914 | m1²=0.999829 | ||w||²/d=0.871694 | eps_adapter=3.715606e-03 | residual_overlap=0.018104
[step   465750] t/d=931.500 | task1=6.681725e-03 | |m1|=0.999914 | m1²=0.999828 | ||w||²/d=0.871711 | eps_adapter=3.713968e-03 | residual_overlap=0.018106
[step   466000] t/d=932.000 | task1=6.681147e-03 | |m1|=0.999915 | m1²=0.999831 | ||w||²/d=0.871664 | eps_adapter=3.715084e-03 | residual_overlap=0.018097
[step   466250] t/d=932.500 | task1=6.683272e-03 | |m1|=0.999917 | m1²=0.999834 | ||w||²/d=0.871735 | eps_adapter=3.700819e-03 | residual_overlap=0.018093
[step   466500] t/d=933.000 | task1=6.685192e-03 | |m1|=0.999918 | m1²=0.999835 | ||w||²/d=0.871660 | eps_adapter=3.707704e-03 | residual_overlap=0.018085
[step   466750] t/d=933.500 | task1=6.685050e-03 | |m1|=0.999918 | m1²=0.999836 | ||w||²/d=0.871544 | eps_adapter=3.719584e-03 | residual_overlap=0.018078
[step   467000] t/d=934.000 | task1=6.683951e-03 | |m1|=0.999918 | m1²=0.999836 | ||w||²/d=0.871701 | eps_adapter=3.700967e-03 | residual_overlap=0.018078
[step   467250] t/d=934.500 | task1=6.682271e-03 | |m1|=0.999919 | m1²=0.999838 | ||w||²/d=0.871759 | eps_adapter=3.689928e-03 | residual_overlap=0.018076
[step   467500] t/d=935.000 | task1=6.683804e-03 | |m1|=0.999919 | m1²=0.999838 | ||w||²/d=0.871760 | eps_adapter=3.690472e-03 | residual_overlap=0.018074
[step   467750] t/d=935.500 | task1=6.682346e-03 | |m1|=0.999918 | m1²=0.999835 | ||w||²/d=0.872011 | eps_adapter=3.663391e-03 | residual_overlap=0.018078
[step   468000] t/d=936.000 | task1=6.684451e-03 | |m1|=0.999918 | m1²=0.999837 | ||w||²/d=0.871905 | eps_adapter=3.673981e-03 | residual_overlap=0.018076
[step   468250] t/d=936.500 | task1=6.684988e-03 | |m1|=0.999919 | m1²=0.999838 | ||w||²/d=0.871858 | eps_adapter=3.677481e-03 | residual_overlap=0.018072
[step   468500] t/d=937.000 | task1=6.683433e-03 | |m1|=0.999919 | m1²=0.999838 | ||w||²/d=0.871785 | eps_adapter=3.685824e-03 | residual_overlap=0.018070
[step   468750] t/d=937.500 | task1=6.681381e-03 | |m1|=0.999919 | m1²=0.999837 | ||w||²/d=0.871677 | eps_adapter=3.701328e-03 | residual_overlap=0.018071
[step   469000] t/d=938.000 | task1=6.680827e-03 | |m1|=0.999918 | m1²=0.999836 | ||w||²/d=0.871709 | eps_adapter=3.699145e-03 | residual_overlap=0.018077
[step   469250] t/d=938.500 | task1=6.680749e-03 | |m1|=0.999917 | m1²=0.999834 | ||w||²/d=0.871811 | eps_adapter=3.690370e-03 | residual_overlap=0.018087
[step   469500] t/d=939.000 | task1=6.680907e-03 | |m1|=0.999917 | m1²=0.999834 | ||w||²/d=0.871990 | eps_adapter=3.667507e-03 | residual_overlap=0.018088
[step   469750] t/d=939.500 | task1=6.682184e-03 | |m1|=0.999916 | m1²=0.999832 | ||w||²/d=0.871838 | eps_adapter=3.691262e-03 | residual_overlap=0.018096
[step   470000] t/d=940.000 | task1=6.679473e-03 | |m1|=0.999917 | m1²=0.999833 | ||w||²/d=0.871785 | eps_adapter=3.695355e-03 | residual_overlap=0.018091
[step   470250] t/d=940.500 | task1=6.681732e-03 | |m1|=0.999916 | m1²=0.999832 | ||w||²/d=0.871845 | eps_adapter=3.691092e-03 | residual_overlap=0.018095
[step   470500] t/d=941.000 | task1=6.681482e-03 | |m1|=0.999916 | m1²=0.999833 | ||w||²/d=0.871865 | eps_adapter=3.685871e-03 | residual_overlap=0.018092
[step   470750] t/d=941.500 | task1=6.682205e-03 | |m1|=0.999916 | m1²=0.999831 | ||w||²/d=0.872056 | eps_adapter=3.664873e-03 | residual_overlap=0.018098
[step   471000] t/d=942.000 | task1=6.682947e-03 | |m1|=0.999917 | m1²=0.999835 | ||w||²/d=0.872194 | eps_adapter=3.641296e-03 | residual_overlap=0.018090
[step   471250] t/d=942.500 | task1=6.681379e-03 | |m1|=0.999917 | m1²=0.999835 | ||w||²/d=0.872279 | eps_adapter=3.631300e-03 | residual_overlap=0.018091
[step   471500] t/d=943.000 | task1=6.681637e-03 | |m1|=0.999919 | m1²=0.999838 | ||w||²/d=0.872294 | eps_adapter=3.623320e-03 | residual_overlap=0.018082
[step   471750] t/d=943.500 | task1=6.681962e-03 | |m1|=0.999918 | m1²=0.999836 | ||w||²/d=0.872209 | eps_adapter=3.636640e-03 | residual_overlap=0.018087
[step   472000] t/d=944.000 | task1=6.680734e-03 | |m1|=0.999919 | m1²=0.999838 | ||w||²/d=0.872262 | eps_adapter=3.626391e-03 | residual_overlap=0.018082
[step   472250] t/d=944.500 | task1=6.681494e-03 | |m1|=0.999919 | m1²=0.999838 | ||w||²/d=0.872418 | eps_adapter=3.606876e-03 | residual_overlap=0.018079
[step   472500] t/d=945.000 | task1=6.681776e-03 | |m1|=0.999919 | m1²=0.999838 | ||w||²/d=0.872253 | eps_adapter=3.627124e-03 | residual_overlap=0.018081
[step   472750] t/d=945.500 | task1=6.681830e-03 | |m1|=0.999919 | m1²=0.999839 | ||w||²/d=0.872292 | eps_adapter=3.621786e-03 | residual_overlap=0.018077
[step   473000] t/d=946.000 | task1=6.683060e-03 | |m1|=0.999920 | m1²=0.999840 | ||w||²/d=0.872118 | eps_adapter=3.640243e-03 | residual_overlap=0.018071
[step   473250] t/d=946.500 | task1=6.681478e-03 | |m1|=0.999920 | m1²=0.999840 | ||w||²/d=0.872145 | eps_adapter=3.638288e-03 | residual_overlap=0.018076
[step   473500] t/d=947.000 | task1=6.678132e-03 | |m1|=0.999920 | m1²=0.999841 | ||w||²/d=0.872243 | eps_adapter=3.623711e-03 | residual_overlap=0.018073
[step   473750] t/d=947.500 | task1=6.678385e-03 | |m1|=0.999921 | m1²=0.999841 | ||w||²/d=0.871998 | eps_adapter=3.653349e-03 | residual_overlap=0.018065
[step   474000] t/d=948.000 | task1=6.676864e-03 | |m1|=0.999920 | m1²=0.999841 | ||w||²/d=0.871978 | eps_adapter=3.657228e-03 | residual_overlap=0.018064
[step   474250] t/d=948.500 | task1=6.677137e-03 | |m1|=0.999921 | m1²=0.999841 | ||w||²/d=0.871967 | eps_adapter=3.657783e-03 | residual_overlap=0.018062
[step   474500] t/d=949.000 | task1=6.677549e-03 | |m1|=0.999920 | m1²=0.999839 | ||w||²/d=0.871957 | eps_adapter=3.662393e-03 | residual_overlap=0.018069
[step   474750] t/d=949.500 | task1=6.678010e-03 | |m1|=0.999919 | m1²=0.999838 | ||w||²/d=0.871818 | eps_adapter=3.682364e-03 | residual_overlap=0.018074
[step   475000] t/d=950.000 | task1=6.679481e-03 | |m1|=0.999918 | m1²=0.999835 | ||w||²/d=0.871802 | eps_adapter=3.689313e-03 | residual_overlap=0.018081
[step   475250] t/d=950.500 | task1=6.679191e-03 | |m1|=0.999918 | m1²=0.999836 | ||w||²/d=0.871767 | eps_adapter=3.693279e-03 | residual_overlap=0.018078
[step   475500] t/d=951.000 | task1=6.680734e-03 | |m1|=0.999917 | m1²=0.999834 | ||w||²/d=0.871925 | eps_adapter=3.676445e-03 | residual_overlap=0.018083
[step   475750] t/d=951.500 | task1=6.681413e-03 | |m1|=0.999917 | m1²=0.999834 | ||w||²/d=0.871894 | eps_adapter=3.679757e-03 | residual_overlap=0.018082
[step   476000] t/d=952.000 | task1=6.681747e-03 | |m1|=0.999917 | m1²=0.999835 | ||w||²/d=0.872088 | eps_adapter=3.654850e-03 | residual_overlap=0.018085
[step   476250] t/d=952.500 | task1=6.681163e-03 | |m1|=0.999918 | m1²=0.999836 | ||w||²/d=0.872013 | eps_adapter=3.662174e-03 | residual_overlap=0.018082
[step   476500] t/d=953.000 | task1=6.681640e-03 | |m1|=0.999918 | m1²=0.999836 | ||w||²/d=0.871885 | eps_adapter=3.677443e-03 | residual_overlap=0.018083
[step   476750] t/d=953.500 | task1=6.682292e-03 | |m1|=0.999917 | m1²=0.999835 | ||w||²/d=0.871896 | eps_adapter=3.678928e-03 | residual_overlap=0.018088
[step   477000] t/d=954.000 | task1=6.682360e-03 | |m1|=0.999916 | m1²=0.999833 | ||w||²/d=0.872091 | eps_adapter=3.658276e-03 | residual_overlap=0.018095
[step   477250] t/d=954.500 | task1=6.682671e-03 | |m1|=0.999916 | m1²=0.999831 | ||w||²/d=0.872074 | eps_adapter=3.662602e-03 | residual_overlap=0.018097
[step   477500] t/d=955.000 | task1=6.683536e-03 | |m1|=0.999918 | m1²=0.999835 | ||w||²/d=0.872006 | eps_adapter=3.664147e-03 | residual_overlap=0.018091
[step   477750] t/d=955.500 | task1=6.684410e-03 | |m1|=0.999918 | m1²=0.999836 | ||w||²/d=0.872081 | eps_adapter=3.653919e-03 | residual_overlap=0.018086
[step   478000] t/d=956.000 | task1=6.684416e-03 | |m1|=0.999917 | m1²=0.999834 | ||w||²/d=0.872158 | eps_adapter=3.647067e-03 | residual_overlap=0.018084
[step   478250] t/d=956.500 | task1=6.684142e-03 | |m1|=0.999917 | m1²=0.999835 | ||w||²/d=0.872205 | eps_adapter=3.639825e-03 | residual_overlap=0.018087
[step   478500] t/d=957.000 | task1=6.683368e-03 | |m1|=0.999918 | m1²=0.999836 | ||w||²/d=0.872254 | eps_adapter=3.631654e-03 | residual_overlap=0.018078
[step   478750] t/d=957.500 | task1=6.682535e-03 | |m1|=0.999920 | m1²=0.999839 | ||w||²/d=0.872302 | eps_adapter=3.619928e-03 | residual_overlap=0.018069
[step   479000] t/d=958.000 | task1=6.680918e-03 | |m1|=0.999919 | m1²=0.999839 | ||w||²/d=0.872353 | eps_adapter=3.614462e-03 | residual_overlap=0.018066
[step   479250] t/d=958.500 | task1=6.681943e-03 | |m1|=0.999919 | m1²=0.999838 | ||w||²/d=0.872331 | eps_adapter=3.618142e-03 | residual_overlap=0.018070
[step   479500] t/d=959.000 | task1=6.683109e-03 | |m1|=0.999920 | m1²=0.999839 | ||w||²/d=0.872275 | eps_adapter=3.623267e-03 | residual_overlap=0.018071
[step   479750] t/d=959.500 | task1=6.683490e-03 | |m1|=0.999919 | m1²=0.999838 | ||w||²/d=0.872149 | eps_adapter=3.641342e-03 | residual_overlap=0.018076
[step   480000] t/d=960.000 | task1=6.684311e-03 | |m1|=0.999919 | m1²=0.999838 | ||w||²/d=0.872074 | eps_adapter=3.650434e-03 | residual_overlap=0.018079
[step   480250] t/d=960.500 | task1=6.686349e-03 | |m1|=0.999919 | m1²=0.999837 | ||w||²/d=0.872129 | eps_adapter=3.645139e-03 | residual_overlap=0.018085
[step   480500] t/d=961.000 | task1=6.688187e-03 | |m1|=0.999918 | m1²=0.999836 | ||w||²/d=0.872148 | eps_adapter=3.644640e-03 | residual_overlap=0.018097
[step   480750] t/d=961.500 | task1=6.691681e-03 | |m1|=0.999918 | m1²=0.999835 | ||w||²/d=0.872049 | eps_adapter=3.658299e-03 | residual_overlap=0.018101
[step   481000] t/d=962.000 | task1=6.692866e-03 | |m1|=0.999917 | m1²=0.999834 | ||w||²/d=0.872090 | eps_adapter=3.655005e-03 | residual_overlap=0.018099
[step   481250] t/d=962.500 | task1=6.690955e-03 | |m1|=0.999918 | m1²=0.999836 | ||w||²/d=0.872136 | eps_adapter=3.646798e-03 | residual_overlap=0.018096
[step   481500] t/d=963.000 | task1=6.691276e-03 | |m1|=0.999918 | m1²=0.999837 | ||w||²/d=0.872259 | eps_adapter=3.629702e-03 | residual_overlap=0.018095
[step   481750] t/d=963.500 | task1=6.691112e-03 | |m1|=0.999919 | m1²=0.999839 | ||w||²/d=0.872362 | eps_adapter=3.613320e-03 | residual_overlap=0.018087
[step   482000] t/d=964.000 | task1=6.692511e-03 | |m1|=0.999920 | m1²=0.999841 | ||w||²/d=0.872271 | eps_adapter=3.620764e-03 | residual_overlap=0.018084
[step   482250] t/d=964.500 | task1=6.692372e-03 | |m1|=0.999922 | m1²=0.999843 | ||w||²/d=0.872200 | eps_adapter=3.624856e-03 | residual_overlap=0.018074
[step   482500] t/d=965.000 | task1=6.692177e-03 | |m1|=0.999922 | m1²=0.999844 | ||w||²/d=0.872346 | eps_adapter=3.605970e-03 | residual_overlap=0.018075
[step   482750] t/d=965.500 | task1=6.690880e-03 | |m1|=0.999923 | m1²=0.999845 | ||w||²/d=0.872413 | eps_adapter=3.594897e-03 | residual_overlap=0.018065
[step   483000] t/d=966.000 | task1=6.690259e-03 | |m1|=0.999923 | m1²=0.999846 | ||w||²/d=0.872492 | eps_adapter=3.583068e-03 | residual_overlap=0.018063
[step   483250] t/d=966.500 | task1=6.690989e-03 | |m1|=0.999921 | m1²=0.999842 | ||w||²/d=0.872412 | eps_adapter=3.600882e-03 | residual_overlap=0.018078
[step   483500] t/d=967.000 | task1=6.691553e-03 | |m1|=0.999921 | m1²=0.999841 | ||w||²/d=0.872367 | eps_adapter=3.607321e-03 | residual_overlap=0.018078
[step   483750] t/d=967.500 | task1=6.689254e-03 | |m1|=0.999921 | m1²=0.999842 | ||w||²/d=0.872328 | eps_adapter=3.610416e-03 | residual_overlap=0.018077
[step   484000] t/d=968.000 | task1=6.689951e-03 | |m1|=0.999921 | m1²=0.999842 | ||w||²/d=0.872269 | eps_adapter=3.619226e-03 | residual_overlap=0.018079
[step   484250] t/d=968.500 | task1=6.689461e-03 | |m1|=0.999921 | m1²=0.999841 | ||w||²/d=0.872313 | eps_adapter=3.614640e-03 | residual_overlap=0.018075
[step   484500] t/d=969.000 | task1=6.691312e-03 | |m1|=0.999921 | m1²=0.999842 | ||w||²/d=0.872294 | eps_adapter=3.615165e-03 | residual_overlap=0.018076
[step   484750] t/d=969.500 | task1=6.691597e-03 | |m1|=0.999920 | m1²=0.999840 | ||w||²/d=0.872498 | eps_adapter=3.593408e-03 | residual_overlap=0.018084
[step   485000] t/d=970.000 | task1=6.692234e-03 | |m1|=0.999919 | m1²=0.999839 | ||w||²/d=0.872452 | eps_adapter=3.601967e-03 | residual_overlap=0.018088
[step   485250] t/d=970.500 | task1=6.693416e-03 | |m1|=0.999921 | m1²=0.999841 | ||w||²/d=0.872437 | eps_adapter=3.599165e-03 | residual_overlap=0.018075
[step   485500] t/d=971.000 | task1=6.694525e-03 | |m1|=0.999920 | m1²=0.999839 | ||w||²/d=0.872412 | eps_adapter=3.606176e-03 | residual_overlap=0.018087
[step   485750] t/d=971.500 | task1=6.695375e-03 | |m1|=0.999920 | m1²=0.999839 | ||w||²/d=0.872407 | eps_adapter=3.606304e-03 | residual_overlap=0.018091
[step   486000] t/d=972.000 | task1=6.694029e-03 | |m1|=0.999919 | m1²=0.999839 | ||w||²/d=0.872361 | eps_adapter=3.612891e-03 | residual_overlap=0.018086
[step   486250] t/d=972.500 | task1=6.692879e-03 | |m1|=0.999919 | m1²=0.999837 | ||w||²/d=0.872199 | eps_adapter=3.636339e-03 | residual_overlap=0.018089
[step   486500] t/d=973.000 | task1=6.691488e-03 | |m1|=0.999917 | m1²=0.999835 | ||w||²/d=0.872181 | eps_adapter=3.642774e-03 | residual_overlap=0.018095
[step   486750] t/d=973.500 | task1=6.687491e-03 | |m1|=0.999918 | m1²=0.999836 | ||w||²/d=0.872147 | eps_adapter=3.644868e-03 | residual_overlap=0.018092
[step   487000] t/d=974.000 | task1=6.686524e-03 | |m1|=0.999918 | m1²=0.999836 | ||w||²/d=0.872196 | eps_adapter=3.638032e-03 | residual_overlap=0.018089
[step   487250] t/d=974.500 | task1=6.686590e-03 | |m1|=0.999918 | m1²=0.999837 | ||w||²/d=0.872032 | eps_adapter=3.658003e-03 | residual_overlap=0.018084
[step   487500] t/d=975.000 | task1=6.686225e-03 | |m1|=0.999918 | m1²=0.999835 | ||w||²/d=0.872122 | eps_adapter=3.649272e-03 | residual_overlap=0.018087
[step   487750] t/d=975.500 | task1=6.688791e-03 | |m1|=0.999916 | m1²=0.999833 | ||w||²/d=0.872075 | eps_adapter=3.660055e-03 | residual_overlap=0.018092
[step   488000] t/d=976.000 | task1=6.689871e-03 | |m1|=0.999917 | m1²=0.999834 | ||w||²/d=0.872050 | eps_adapter=3.659986e-03 | residual_overlap=0.018090
[step   488250] t/d=976.500 | task1=6.689496e-03 | |m1|=0.999918 | m1²=0.999835 | ||w||²/d=0.872247 | eps_adapter=3.633954e-03 | residual_overlap=0.018087
[step   488500] t/d=977.000 | task1=6.690365e-03 | |m1|=0.999918 | m1²=0.999836 | ||w||²/d=0.872209 | eps_adapter=3.637859e-03 | residual_overlap=0.018086
[step   488750] t/d=977.500 | task1=6.688539e-03 | |m1|=0.999917 | m1²=0.999835 | ||w||²/d=0.872473 | eps_adapter=3.606455e-03 | residual_overlap=0.018091
[step   489000] t/d=978.000 | task1=6.687658e-03 | |m1|=0.999919 | m1²=0.999838 | ||w||²/d=0.872361 | eps_adapter=3.615509e-03 | residual_overlap=0.018090
[step   489250] t/d=978.500 | task1=6.687436e-03 | |m1|=0.999918 | m1²=0.999837 | ||w||²/d=0.872491 | eps_adapter=3.601097e-03 | residual_overlap=0.018097
[step   489500] t/d=979.000 | task1=6.688336e-03 | |m1|=0.999918 | m1²=0.999836 | ||w||²/d=0.872448 | eps_adapter=3.607619e-03 | residual_overlap=0.018102
[step   489750] t/d=979.500 | task1=6.686740e-03 | |m1|=0.999918 | m1²=0.999836 | ||w||²/d=0.872504 | eps_adapter=3.599755e-03 | residual_overlap=0.018100
[step   490000] t/d=980.000 | task1=6.686520e-03 | |m1|=0.999919 | m1²=0.999837 | ||w||²/d=0.872573 | eps_adapter=3.589759e-03 | residual_overlap=0.018105
[step   490250] t/d=980.500 | task1=6.686214e-03 | |m1|=0.999918 | m1²=0.999836 | ||w||²/d=0.872540 | eps_adapter=3.595334e-03 | residual_overlap=0.018104
[step   490500] t/d=981.000 | task1=6.686173e-03 | |m1|=0.999919 | m1²=0.999838 | ||w||²/d=0.872777 | eps_adapter=3.562444e-03 | residual_overlap=0.018096
[step   490750] t/d=981.500 | task1=6.686958e-03 | |m1|=0.999920 | m1²=0.999839 | ||w||²/d=0.872865 | eps_adapter=3.550297e-03 | residual_overlap=0.018096
[step   491000] t/d=982.000 | task1=6.689341e-03 | |m1|=0.999921 | m1²=0.999842 | ||w||²/d=0.872970 | eps_adapter=3.532833e-03 | residual_overlap=0.018089
[step   491250] t/d=982.500 | task1=6.687980e-03 | |m1|=0.999920 | m1²=0.999839 | ||w||²/d=0.872970 | eps_adapter=3.536710e-03 | residual_overlap=0.018092
[step   491500] t/d=983.000 | task1=6.688798e-03 | |m1|=0.999920 | m1²=0.999841 | ||w||²/d=0.872768 | eps_adapter=3.559193e-03 | residual_overlap=0.018085
[step   491750] t/d=983.500 | task1=6.688334e-03 | |m1|=0.999919 | m1²=0.999839 | ||w||²/d=0.872797 | eps_adapter=3.559147e-03 | residual_overlap=0.018085
[step   492000] t/d=984.000 | task1=6.687461e-03 | |m1|=0.999919 | m1²=0.999838 | ||w||²/d=0.872866 | eps_adapter=3.551925e-03 | residual_overlap=0.018090
[step   492250] t/d=984.500 | task1=6.687923e-03 | |m1|=0.999919 | m1²=0.999838 | ||w||²/d=0.872753 | eps_adapter=3.565419e-03 | residual_overlap=0.018085
[step   492500] t/d=985.000 | task1=6.689499e-03 | |m1|=0.999919 | m1²=0.999838 | ||w||²/d=0.872653 | eps_adapter=3.578326e-03 | residual_overlap=0.018084
[step   492750] t/d=985.500 | task1=6.690205e-03 | |m1|=0.999919 | m1²=0.999839 | ||w||²/d=0.872404 | eps_adapter=3.607533e-03 | residual_overlap=0.018090
[step   493000] t/d=986.000 | task1=6.689646e-03 | |m1|=0.999919 | m1²=0.999839 | ||w||²/d=0.872432 | eps_adapter=3.604601e-03 | residual_overlap=0.018098
[step   493250] t/d=986.500 | task1=6.689636e-03 | |m1|=0.999919 | m1²=0.999837 | ||w||²/d=0.872481 | eps_adapter=3.600929e-03 | residual_overlap=0.018100
[step   493500] t/d=987.000 | task1=6.690102e-03 | |m1|=0.999919 | m1²=0.999837 | ||w||²/d=0.872424 | eps_adapter=3.607709e-03 | residual_overlap=0.018098
[step   493750] t/d=987.500 | task1=6.688644e-03 | |m1|=0.999918 | m1²=0.999836 | ||w||²/d=0.872375 | eps_adapter=3.616740e-03 | residual_overlap=0.018104
[step   494000] t/d=988.000 | task1=6.686772e-03 | |m1|=0.999918 | m1²=0.999836 | ||w||²/d=0.872292 | eps_adapter=3.627229e-03 | residual_overlap=0.018106
[step   494250] t/d=988.500 | task1=6.687970e-03 | |m1|=0.999919 | m1²=0.999837 | ||w||²/d=0.872360 | eps_adapter=3.616190e-03 | residual_overlap=0.018098
[step   494500] t/d=989.000 | task1=6.688710e-03 | |m1|=0.999918 | m1²=0.999836 | ||w||²/d=0.872328 | eps_adapter=3.623350e-03 | residual_overlap=0.018104
[step   494750] t/d=989.500 | task1=6.687754e-03 | |m1|=0.999917 | m1²=0.999835 | ||w||²/d=0.872470 | eps_adapter=3.606848e-03 | residual_overlap=0.018102
[step   495000] t/d=990.000 | task1=6.687266e-03 | |m1|=0.999919 | m1²=0.999837 | ||w||²/d=0.872449 | eps_adapter=3.605357e-03 | residual_overlap=0.018102
[step   495250] t/d=990.500 | task1=6.689941e-03 | |m1|=0.999919 | m1²=0.999838 | ||w||²/d=0.872446 | eps_adapter=3.604226e-03 | residual_overlap=0.018104
[step   495500] t/d=991.000 | task1=6.689797e-03 | |m1|=0.999919 | m1²=0.999838 | ||w||²/d=0.872512 | eps_adapter=3.596193e-03 | residual_overlap=0.018110
[step   495750] t/d=991.500 | task1=6.690796e-03 | |m1|=0.999917 | m1²=0.999833 | ||w||²/d=0.872566 | eps_adapter=3.597973e-03 | residual_overlap=0.018123
[step   496000] t/d=992.000 | task1=6.692147e-03 | |m1|=0.999915 | m1²=0.999831 | ||w||²/d=0.872719 | eps_adapter=3.583804e-03 | residual_overlap=0.018127
[step   496250] t/d=992.500 | task1=6.694656e-03 | |m1|=0.999914 | m1²=0.999829 | ||w||²/d=0.872577 | eps_adapter=3.605598e-03 | residual_overlap=0.018130
[step   496500] t/d=993.000 | task1=6.694205e-03 | |m1|=0.999914 | m1²=0.999828 | ||w||²/d=0.872591 | eps_adapter=3.605101e-03 | residual_overlap=0.018128
[step   496750] t/d=993.500 | task1=6.695638e-03 | |m1|=0.999916 | m1²=0.999832 | ||w||²/d=0.872459 | eps_adapter=3.614692e-03 | residual_overlap=0.018120
[step   497000] t/d=994.000 | task1=6.694791e-03 | |m1|=0.999916 | m1²=0.999832 | ||w||²/d=0.872504 | eps_adapter=3.608372e-03 | residual_overlap=0.018119
[step   497250] t/d=994.500 | task1=6.693981e-03 | |m1|=0.999915 | m1²=0.999830 | ||w||²/d=0.872450 | eps_adapter=3.618110e-03 | residual_overlap=0.018122
[step   497500] t/d=995.000 | task1=6.694315e-03 | |m1|=0.999915 | m1²=0.999830 | ||w||²/d=0.872377 | eps_adapter=3.627066e-03 | residual_overlap=0.018120
[step   497750] t/d=995.500 | task1=6.694138e-03 | |m1|=0.999914 | m1²=0.999829 | ||w||²/d=0.872660 | eps_adapter=3.594597e-03 | residual_overlap=0.018119
[step   498000] t/d=996.000 | task1=6.694200e-03 | |m1|=0.999914 | m1²=0.999829 | ||w||²/d=0.872668 | eps_adapter=3.594050e-03 | residual_overlap=0.018119
[step   498250] t/d=996.500 | task1=6.693424e-03 | |m1|=0.999914 | m1²=0.999828 | ||w||²/d=0.872448 | eps_adapter=3.621796e-03 | residual_overlap=0.018118
[step   498500] t/d=997.000 | task1=6.693270e-03 | |m1|=0.999914 | m1²=0.999828 | ||w||²/d=0.872329 | eps_adapter=3.638092e-03 | residual_overlap=0.018116
[step   498750] t/d=997.500 | task1=6.692733e-03 | |m1|=0.999913 | m1²=0.999826 | ||w||²/d=0.872213 | eps_adapter=3.655248e-03 | residual_overlap=0.018120
[step   499000] t/d=998.000 | task1=6.691523e-03 | |m1|=0.999912 | m1²=0.999824 | ||w||²/d=0.872247 | eps_adapter=3.654915e-03 | residual_overlap=0.018121
[step   499250] t/d=998.500 | task1=6.692987e-03 | |m1|=0.999911 | m1²=0.999823 | ||w||²/d=0.872351 | eps_adapter=3.644944e-03 | residual_overlap=0.018128
[step   499500] t/d=999.000 | task1=6.691713e-03 | |m1|=0.999909 | m1²=0.999819 | ||w||²/d=0.872431 | eps_adapter=3.642179e-03 | residual_overlap=0.018134
[step   499750] t/d=999.500 | task1=6.692343e-03 | |m1|=0.999909 | m1²=0.999818 | ||w||²/d=0.872554 | eps_adapter=3.627610e-03 | residual_overlap=0.018132
[step   500000] t/d=1000.000 | task1=6.690791e-03 | |m1|=0.999911 | m1²=0.999821 | ||w||²/d=0.872563 | eps_adapter=3.621627e-03 | residual_overlap=0.018123
Saved checkpoint: results/quality_pretraining/finetunetask1_d500_T5/prestep_10000000_lr0p01_init1_wseed21_sgdseed22/checkpoints/step_000500000

Task-1 fine-tuning completed.
Metrics: results/quality_pretraining/finetunetask1_d500_T5/prestep_10000000_lr0p01_init1_wseed21_sgdseed22/metrics.csv

======================================================
Task-1 fine-tuning finished
======================================================
