
======================================================
Task-2 fine-tuning
======================================================
Pretraining run:       results/quality_pretraining/scaling_d500_T5
Pretraining step:      0
Task-1 run:            results/quality_pretraining/finetunetask1_d500_T5/prestep_0_lr0p01_init1_wseed21_sgdseed22
Task-1 checkpoint:     250000
Target Task-2 steps:   500000
Task-2 learning rate:  0.01
======================================================

Mon Oct  5 15:15:56 2026       
+---------------------------------------------------------------------------------------+
| NVIDIA-SMI 535.154.05             Driver Version: 535.154.05   CUDA Version: 12.2     |
|-----------------------------------------+----------------------+----------------------+
| GPU  Name                 Persistence-M | Bus-Id        Disp.A | Volatile Uncorr. ECC |
| Fan  Temp   Perf          Pwr:Usage/Cap |         Memory-Usage | GPU-Util  Compute M. |
|                                         |                      |               MIG M. |
|=========================================+======================+======================|
|   0  Tesla V100-PCIE-32GB           On  | 00000000:D8:00.0 Off |                  Off |
| N/A   31C    P0              23W / 250W |      0MiB / 32768MiB |      0%      Default |
|                                         |                      |                  N/A |
+-----------------------------------------+----------------------+----------------------+
                                                                                         
+---------------------------------------------------------------------------------------+
| Processes:                                                                            |
|  GPU   GI   CI        PID   Type   Process name                            GPU Memory |
|        ID   ID                                                             Usage      |
|=======================================================================================|
|  No running processes found                                                           |
+---------------------------------------------------------------------------------------+

==============================================
Task-2 fine-tuning
==============================================
source pretrain : /home/busato/catastrophic_forgetting/quality_pretraining/results/quality_pretraining/scaling_d500_T5
pretrain step   : 0
pretrain t/d²   : 0.000000
source Task 1   : /home/busato/catastrophic_forgetting/quality_pretraining/results/quality_pretraining/finetunetask1_d500_T5/prestep_0_lr0p01_init1_wseed21_sgdseed22
Task-1 step     : 250,000
Task-1 t/d      : 500.000
d               : 500
T               : 5
device          : cuda
Task-2 lr       : 0.01
Task-2 SGD seed : 42
target steps    : 500,000
target t/d      : 1000.000
eval every late : 250
checkpoints     : [250, 500, 1000, 2500, 5000, 10000, 25000, 50000, 100000, 250000, 500000]
run directory   : results/quality_pretraining/finetunetask2_d500_T5/prestep_0_task1step_250000_lr0p01_task1wseed21_task1sgdseed22_task2sgdseed42

[step 0] task1=2.650916e-01 | task2=3.930831e-01 | F1=0.000000e+00 | m1²=0.991601 | m2²=0.002264 | ||w||²/d=1.002928
[step       25] t/d=   0.050 | task1=2.650881e-01 | task2=3.929851e-01 | F1=-3.497286e-06 | m1²=0.991592 | m2²=0.002270 | eps_w1=2.498999e-02 | eps_w2=1.947635e+00
[step       50] t/d=   0.100 | task1=2.651192e-01 | task2=3.929049e-01 | F1=2.759474e-05 | m1²=0.991566 | m2²=0.002266 | eps_w1=2.486200e-02 | eps_w2=1.945844e+00
[step       75] t/d=   0.150 | task1=2.651227e-01 | task2=3.928203e-01 | F1=3.108737e-05 | m1²=0.991572 | m2²=0.002262 | eps_w1=2.462304e-02 | eps_w2=1.943646e+00
[step      100] t/d=   0.200 | task1=2.651330e-01 | task2=3.927751e-01 | F1=4.134077e-05 | m1²=0.991549 | m2²=0.002274 | eps_w1=2.453024e-02 | eps_w2=1.942209e+00
[step      125] t/d=   0.250 | task1=2.651509e-01 | task2=3.927234e-01 | F1=5.929052e-05 | m1²=0.991504 | m2²=0.002284 | eps_w1=2.446862e-02 | eps_w2=1.940598e+00
[step      150] t/d=   0.300 | task1=2.651504e-01 | task2=3.926871e-01 | F1=5.877516e-05 | m1²=0.991491 | m2²=0.002289 | eps_w1=2.435245e-02 | eps_w2=1.939119e+00
[step      175] t/d=   0.350 | task1=2.651486e-01 | task2=3.926302e-01 | F1=5.696352e-05 | m1²=0.991494 | m2²=0.002283 | eps_w1=2.422471e-02 | eps_w2=1.937893e+00
[step      200] t/d=   0.400 | task1=2.651200e-01 | task2=3.925361e-01 | F1=2.840358e-05 | m1²=0.991496 | m2²=0.002307 | eps_w1=2.402599e-02 | eps_w2=1.935841e+00
[step      225] t/d=   0.450 | task1=2.651175e-01 | task2=3.924629e-01 | F1=2.587594e-05 | m1²=0.991494 | m2²=0.002318 | eps_w1=2.392035e-02 | eps_w2=1.934683e+00
[step      250] t/d=   0.500 | task1=2.651193e-01 | task2=3.923898e-01 | F1=2.766428e-05 | m1²=0.991476 | m2²=0.002340 | eps_w1=2.378428e-02 | eps_w2=1.932809e+00
Saved checkpoint: results/quality_pretraining/finetunetask2_d500_T5/prestep_0_task1step_250000_lr0p01_task1wseed21_task1sgdseed22_task2sgdseed42/checkpoints/step_000000250
[step      275] t/d=   0.550 | task1=2.651388e-01 | task2=3.923143e-01 | F1=4.721823e-05 | m1²=0.991497 | m2²=0.002333 | eps_w1=2.357309e-02 | eps_w2=1.931062e+00
[step      300] t/d=   0.600 | task1=2.651568e-01 | task2=3.922155e-01 | F1=6.516150e-05 | m1²=0.991499 | m2²=0.002318 | eps_w1=2.340624e-02 | eps_w2=1.929335e+00
[step      325] t/d=   0.650 | task1=2.651514e-01 | task2=3.921817e-01 | F1=5.972733e-05 | m1²=0.991506 | m2²=0.002325 | eps_w1=2.332091e-02 | eps_w2=1.928570e+00
[step      350] t/d=   0.700 | task1=2.651824e-01 | task2=3.920999e-01 | F1=9.080934e-05 | m1²=0.991482 | m2²=0.002326 | eps_w1=2.316017e-02 | eps_w2=1.926251e+00
[step      375] t/d=   0.750 | task1=2.651892e-01 | task2=3.920262e-01 | F1=9.760087e-05 | m1²=0.991481 | m2²=0.002331 | eps_w1=2.303483e-02 | eps_w2=1.924837e+00
[step      400] t/d=   0.800 | task1=2.651842e-01 | task2=3.919603e-01 | F1=9.252057e-05 | m1²=0.991454 | m2²=0.002330 | eps_w1=2.293507e-02 | eps_w2=1.923070e+00
[step      425] t/d=   0.850 | task1=2.651938e-01 | task2=3.918673e-01 | F1=1.021644e-04 | m1²=0.991434 | m2²=0.002334 | eps_w1=2.284529e-02 | eps_w2=1.921547e+00
[step      450] t/d=   0.900 | task1=2.652003e-01 | task2=3.917680e-01 | F1=1.086494e-04 | m1²=0.991399 | m2²=0.002331 | eps_w1=2.274767e-02 | eps_w2=1.919588e+00
[step      475] t/d=   0.950 | task1=2.652004e-01 | task2=3.916741e-01 | F1=1.087776e-04 | m1²=0.991382 | m2²=0.002350 | eps_w1=2.265125e-02 | eps_w2=1.918018e+00
[step      500] t/d=   1.000 | task1=2.652184e-01 | task2=3.916166e-01 | F1=1.267450e-04 | m1²=0.991372 | m2²=0.002355 | eps_w1=2.254475e-02 | eps_w2=1.916504e+00
Saved checkpoint: results/quality_pretraining/finetunetask2_d500_T5/prestep_0_task1step_250000_lr0p01_task1wseed21_task1sgdseed22_task2sgdseed42/checkpoints/step_000000500
[step      525] t/d=   1.050 | task1=2.652349e-01 | task2=3.915590e-01 | F1=1.432354e-04 | m1²=0.991362 | m2²=0.002360 | eps_w1=2.247040e-02 | eps_w2=1.915379e+00
[step      550] t/d=   1.100 | task1=2.652477e-01 | task2=3.914561e-01 | F1=1.560778e-04 | m1²=0.991353 | m2²=0.002365 | eps_w1=2.232270e-02 | eps_w2=1.913352e+00
[step      575] t/d=   1.150 | task1=2.652450e-01 | task2=3.913666e-01 | F1=1.533515e-04 | m1²=0.991358 | m2²=0.002367 | eps_w1=2.213256e-02 | eps_w2=1.911167e+00
[step      600] t/d=   1.200 | task1=2.652694e-01 | task2=3.912550e-01 | F1=1.777388e-04 | m1²=0.991399 | m2²=0.002380 | eps_w1=2.191004e-02 | eps_w2=1.909485e+00
[step      625] t/d=   1.250 | task1=2.652681e-01 | task2=3.911467e-01 | F1=1.764467e-04 | m1²=0.991357 | m2²=0.002391 | eps_w1=2.185715e-02 | eps_w2=1.907673e+00
[step      650] t/d=   1.300 | task1=2.653046e-01 | task2=3.910851e-01 | F1=2.130183e-04 | m1²=0.991352 | m2²=0.002398 | eps_w1=2.176260e-02 | eps_w2=1.906339e+00
[step      675] t/d=   1.350 | task1=2.653032e-01 | task2=3.910032e-01 | F1=2.115371e-04 | m1²=0.991338 | m2²=0.002416 | eps_w1=2.165023e-02 | eps_w2=1.904466e+00
[step      700] t/d=   1.400 | task1=2.653030e-01 | task2=3.909283e-01 | F1=2.113951e-04 | m1²=0.991324 | m2²=0.002423 | eps_w1=2.153633e-02 | eps_w2=1.902584e+00
[step      725] t/d=   1.450 | task1=2.653022e-01 | task2=3.908517e-01 | F1=2.105224e-04 | m1²=0.991279 | m2²=0.002418 | eps_w1=2.150048e-02 | eps_w2=1.900874e+00
[step      750] t/d=   1.500 | task1=2.653249e-01 | task2=3.907738e-01 | F1=2.332776e-04 | m1²=0.991284 | m2²=0.002432 | eps_w1=2.133915e-02 | eps_w2=1.898829e+00
[step      775] t/d=   1.550 | task1=2.653365e-01 | task2=3.907209e-01 | F1=2.448632e-04 | m1²=0.991298 | m2²=0.002441 | eps_w1=2.122243e-02 | eps_w2=1.897610e+00
[step      800] t/d=   1.600 | task1=2.653494e-01 | task2=3.906435e-01 | F1=2.577629e-04 | m1²=0.991294 | m2²=0.002438 | eps_w1=2.110346e-02 | eps_w2=1.895858e+00
[step      825] t/d=   1.650 | task1=2.653647e-01 | task2=3.906077e-01 | F1=2.731116e-04 | m1²=0.991277 | m2²=0.002469 | eps_w1=2.109113e-02 | eps_w2=1.895149e+00
[step      850] t/d=   1.700 | task1=2.653860e-01 | task2=3.905456e-01 | F1=2.944000e-04 | m1²=0.991221 | m2²=0.002470 | eps_w1=2.108143e-02 | eps_w2=1.893340e+00
[step      875] t/d=   1.750 | task1=2.653952e-01 | task2=3.904575e-01 | F1=3.036010e-04 | m1²=0.991214 | m2²=0.002470 | eps_w1=2.094603e-02 | eps_w2=1.891182e+00
[step      900] t/d=   1.800 | task1=2.653863e-01 | task2=3.903714e-01 | F1=2.947153e-04 | m1²=0.991195 | m2²=0.002483 | eps_w1=2.088928e-02 | eps_w2=1.889746e+00
[step      925] t/d=   1.850 | task1=2.653829e-01 | task2=3.902893e-01 | F1=2.912446e-04 | m1²=0.991213 | m2²=0.002484 | eps_w1=2.074408e-02 | eps_w2=1.888164e+00
[step      950] t/d=   1.900 | task1=2.653778e-01 | task2=3.902175e-01 | F1=2.861334e-04 | m1²=0.991189 | m2²=0.002483 | eps_w1=2.069971e-02 | eps_w2=1.886741e+00
[step      975] t/d=   1.950 | task1=2.653737e-01 | task2=3.901122e-01 | F1=2.820383e-04 | m1²=0.991180 | m2²=0.002477 | eps_w1=2.058945e-02 | eps_w2=1.884789e+00
[step     1000] t/d=   2.000 | task1=2.653800e-01 | task2=3.899769e-01 | F1=2.883771e-04 | m1²=0.991178 | m2²=0.002478 | eps_w1=2.043516e-02 | eps_w2=1.882322e+00
Saved checkpoint: results/quality_pretraining/finetunetask2_d500_T5/prestep_0_task1step_250000_lr0p01_task1wseed21_task1sgdseed22_task2sgdseed42/checkpoints/step_000001000
[step     1025] t/d=   2.050 | task1=2.654035e-01 | task2=3.899175e-01 | F1=3.119102e-04 | m1²=0.991176 | m2²=0.002489 | eps_w1=2.034615e-02 | eps_w2=1.880821e+00
[step     1050] t/d=   2.100 | task1=2.654111e-01 | task2=3.898652e-01 | F1=3.195002e-04 | m1²=0.991141 | m2²=0.002493 | eps_w1=2.035573e-02 | eps_w2=1.879757e+00
[step     1075] t/d=   2.150 | task1=2.654222e-01 | task2=3.898078e-01 | F1=3.305385e-04 | m1²=0.991146 | m2²=0.002493 | eps_w1=2.026673e-02 | eps_w2=1.878488e+00
[step     1100] t/d=   2.200 | task1=2.654268e-01 | task2=3.896858e-01 | F1=3.351805e-04 | m1²=0.991133 | m2²=0.002487 | eps_w1=2.015139e-02 | eps_w2=1.876113e+00
[step     1125] t/d=   2.250 | task1=2.654342e-01 | task2=3.895997e-01 | F1=3.425927e-04 | m1²=0.991138 | m2²=0.002484 | eps_w1=2.002767e-02 | eps_w2=1.874209e+00
[step     1150] t/d=   2.300 | task1=2.654525e-01 | task2=3.895126e-01 | F1=3.608870e-04 | m1²=0.991110 | m2²=0.002492 | eps_w1=1.996701e-02 | eps_w2=1.872104e+00
[step     1175] t/d=   2.350 | task1=2.654624e-01 | task2=3.894751e-01 | F1=3.708086e-04 | m1²=0.991098 | m2²=0.002483 | eps_w1=1.994489e-02 | eps_w2=1.871276e+00
[step     1200] t/d=   2.400 | task1=2.654555e-01 | task2=3.893681e-01 | F1=3.638388e-04 | m1²=0.991110 | m2²=0.002484 | eps_w1=1.980595e-02 | eps_w2=1.869234e+00
[step     1225] t/d=   2.450 | task1=2.654667e-01 | task2=3.893015e-01 | F1=3.750413e-04 | m1²=0.991093 | m2²=0.002481 | eps_w1=1.976728e-02 | eps_w2=1.867863e+00
[step     1250] t/d=   2.500 | task1=2.654701e-01 | task2=3.892240e-01 | F1=3.784954e-04 | m1²=0.991084 | m2²=0.002485 | eps_w1=1.971180e-02 | eps_w2=1.866452e+00
[step     1275] t/d=   2.550 | task1=2.654773e-01 | task2=3.891343e-01 | F1=3.856637e-04 | m1²=0.991074 | m2²=0.002478 | eps_w1=1.963992e-02 | eps_w2=1.864716e+00
[step     1300] t/d=   2.600 | task1=2.654834e-01 | task2=3.890485e-01 | F1=3.918137e-04 | m1²=0.991087 | m2²=0.002486 | eps_w1=1.951857e-02 | eps_w2=1.862818e+00
[step     1325] t/d=   2.650 | task1=2.654935e-01 | task2=3.889522e-01 | F1=4.018309e-04 | m1²=0.991062 | m2²=0.002481 | eps_w1=1.947474e-02 | eps_w2=1.860913e+00
[step     1350] t/d=   2.700 | task1=2.655119e-01 | task2=3.889034e-01 | F1=4.203100e-04 | m1²=0.991051 | m2²=0.002497 | eps_w1=1.944308e-02 | eps_w2=1.859769e+00
[step     1375] t/d=   2.750 | task1=2.655345e-01 | task2=3.888084e-01 | F1=4.428578e-04 | m1²=0.991033 | m2²=0.002509 | eps_w1=1.938886e-02 | eps_w2=1.857807e+00
[step     1400] t/d=   2.800 | task1=2.655254e-01 | task2=3.887629e-01 | F1=4.338203e-04 | m1²=0.991009 | m2²=0.002512 | eps_w1=1.940222e-02 | eps_w2=1.857037e+00
[step     1425] t/d=   2.850 | task1=2.655284e-01 | task2=3.886650e-01 | F1=4.367717e-04 | m1²=0.990979 | m2²=0.002515 | eps_w1=1.938468e-02 | eps_w2=1.855307e+00
[step     1450] t/d=   2.900 | task1=2.655325e-01 | task2=3.885729e-01 | F1=4.408452e-04 | m1²=0.990972 | m2²=0.002513 | eps_w1=1.932097e-02 | eps_w2=1.853583e+00
[step     1475] t/d=   2.950 | task1=2.655504e-01 | task2=3.885165e-01 | F1=4.587337e-04 | m1²=0.990958 | m2²=0.002515 | eps_w1=1.928727e-02 | eps_w2=1.852145e+00
[step     1500] t/d=   3.000 | task1=2.655595e-01 | task2=3.884935e-01 | F1=4.679197e-04 | m1²=0.990949 | m2²=0.002507 | eps_w1=1.926559e-02 | eps_w2=1.851220e+00
[step     1525] t/d=   3.050 | task1=2.655680e-01 | task2=3.884003e-01 | F1=4.764117e-04 | m1²=0.990944 | m2²=0.002524 | eps_w1=1.919351e-02 | eps_w2=1.849191e+00
[step     1550] t/d=   3.100 | task1=2.655796e-01 | task2=3.883336e-01 | F1=4.880113e-04 | m1²=0.990936 | m2²=0.002541 | eps_w1=1.915670e-02 | eps_w2=1.847881e+00
[step     1575] t/d=   3.150 | task1=2.655826e-01 | task2=3.882878e-01 | F1=4.909941e-04 | m1²=0.990946 | m2²=0.002528 | eps_w1=1.909251e-02 | eps_w2=1.846778e+00
[step     1600] t/d=   3.200 | task1=2.655798e-01 | task2=3.882549e-01 | F1=4.881512e-04 | m1²=0.990914 | m2²=0.002530 | eps_w1=1.912551e-02 | eps_w2=1.845925e+00
[step     1625] t/d=   3.250 | task1=2.656169e-01 | task2=3.882087e-01 | F1=5.253119e-04 | m1²=0.990926 | m2²=0.002513 | eps_w1=1.905366e-02 | eps_w2=1.844750e+00
[step     1650] t/d=   3.300 | task1=2.656375e-01 | task2=3.881558e-01 | F1=5.458387e-04 | m1²=0.990937 | m2²=0.002523 | eps_w1=1.896362e-02 | eps_w2=1.842937e+00
[step     1675] t/d=   3.350 | task1=2.656649e-01 | task2=3.880990e-01 | F1=5.732738e-04 | m1²=0.990896 | m2²=0.002522 | eps_w1=1.900925e-02 | eps_w2=1.841842e+00
[step     1700] t/d=   3.400 | task1=2.656907e-01 | task2=3.880155e-01 | F1=5.990713e-04 | m1²=0.990912 | m2²=0.002527 | eps_w1=1.891499e-02 | eps_w2=1.840116e+00
[step     1725] t/d=   3.450 | task1=2.656850e-01 | task2=3.879494e-01 | F1=5.933920e-04 | m1²=0.990904 | m2²=0.002533 | eps_w1=1.889231e-02 | eps_w2=1.838965e+00
[step     1750] t/d=   3.500 | task1=2.657115e-01 | task2=3.878728e-01 | F1=6.199066e-04 | m1²=0.990893 | m2²=0.002526 | eps_w1=1.886241e-02 | eps_w2=1.837387e+00
[step     1775] t/d=   3.550 | task1=2.657108e-01 | task2=3.878040e-01 | F1=6.192021e-04 | m1²=0.990878 | m2²=0.002536 | eps_w1=1.884749e-02 | eps_w2=1.836011e+00
[step     1800] t/d=   3.600 | task1=2.657218e-01 | task2=3.877671e-01 | F1=6.302165e-04 | m1²=0.990857 | m2²=0.002544 | eps_w1=1.886503e-02 | eps_w2=1.835183e+00
[step     1825] t/d=   3.650 | task1=2.657289e-01 | task2=3.877158e-01 | F1=6.373139e-04 | m1²=0.990859 | m2²=0.002553 | eps_w1=1.882657e-02 | eps_w2=1.834052e+00
[step     1850] t/d=   3.700 | task1=2.657518e-01 | task2=3.876636e-01 | F1=6.601750e-04 | m1²=0.990846 | m2²=0.002557 | eps_w1=1.882172e-02 | eps_w2=1.833011e+00
[step     1875] t/d=   3.750 | task1=2.657550e-01 | task2=3.876286e-01 | F1=6.634178e-04 | m1²=0.990819 | m2²=0.002553 | eps_w1=1.884617e-02 | eps_w2=1.831998e+00
[step     1900] t/d=   3.800 | task1=2.657573e-01 | task2=3.875826e-01 | F1=6.657093e-04 | m1²=0.990830 | m2²=0.002569 | eps_w1=1.879961e-02 | eps_w2=1.831110e+00
[step     1925] t/d=   3.850 | task1=2.657732e-01 | task2=3.875042e-01 | F1=6.815344e-04 | m1²=0.990819 | m2²=0.002577 | eps_w1=1.878479e-02 | eps_w2=1.829750e+00
[step     1950] t/d=   3.900 | task1=2.657653e-01 | task2=3.874243e-01 | F1=6.737008e-04 | m1²=0.990806 | m2²=0.002572 | eps_w1=1.877054e-02 | eps_w2=1.828277e+00
[step     1975] t/d=   3.950 | task1=2.657852e-01 | task2=3.873466e-01 | F1=6.936198e-04 | m1²=0.990774 | m2²=0.002583 | eps_w1=1.879943e-02 | eps_w2=1.826803e+00
[step     2000] t/d=   4.000 | task1=2.657938e-01 | task2=3.872802e-01 | F1=7.021398e-04 | m1²=0.990782 | m2²=0.002572 | eps_w1=1.874497e-02 | eps_w2=1.825346e+00
[step     2025] t/d=   4.050 | task1=2.657970e-01 | task2=3.872468e-01 | F1=7.053920e-04 | m1²=0.990776 | m2²=0.002577 | eps_w1=1.873701e-02 | eps_w2=1.824495e+00
[step     2050] t/d=   4.100 | task1=2.658222e-01 | task2=3.871743e-01 | F1=7.305986e-04 | m1²=0.990756 | m2²=0.002575 | eps_w1=1.874763e-02 | eps_w2=1.823209e+00
[step     2075] t/d=   4.150 | task1=2.658300e-01 | task2=3.871025e-01 | F1=7.383991e-04 | m1²=0.990713 | m2²=0.002592 | eps_w1=1.880332e-02 | eps_w2=1.821723e+00
[step     2100] t/d=   4.200 | task1=2.658382e-01 | task2=3.870292e-01 | F1=7.465869e-04 | m1²=0.990713 | m2²=0.002621 | eps_w1=1.877134e-02 | eps_w2=1.820217e+00
[step     2125] t/d=   4.250 | task1=2.658408e-01 | task2=3.869782e-01 | F1=7.491530e-04 | m1²=0.990688 | m2²=0.002631 | eps_w1=1.880484e-02 | eps_w2=1.819310e+00
[step     2150] t/d=   4.300 | task1=2.658686e-01 | task2=3.869153e-01 | F1=7.769485e-04 | m1²=0.990669 | m2²=0.002634 | eps_w1=1.881443e-02 | eps_w2=1.817913e+00
[step     2175] t/d=   4.350 | task1=2.658740e-01 | task2=3.868548e-01 | F1=7.823913e-04 | m1²=0.990635 | m2²=0.002640 | eps_w1=1.885853e-02 | eps_w2=1.816590e+00
[step     2200] t/d=   4.400 | task1=2.658718e-01 | task2=3.868157e-01 | F1=7.801552e-04 | m1²=0.990622 | m2²=0.002640 | eps_w1=1.886959e-02 | eps_w2=1.815753e+00
[step     2225] t/d=   4.450 | task1=2.658972e-01 | task2=3.867193e-01 | F1=8.055491e-04 | m1²=0.990567 | m2²=0.002645 | eps_w1=1.894122e-02 | eps_w2=1.813404e+00
[step     2250] t/d=   4.500 | task1=2.659209e-01 | task2=3.866654e-01 | F1=8.292320e-04 | m1²=0.990569 | m2²=0.002638 | eps_w1=1.891844e-02 | eps_w2=1.812157e+00
[step     2275] t/d=   4.550 | task1=2.659645e-01 | task2=3.865595e-01 | F1=8.728597e-04 | m1²=0.990538 | m2²=0.002637 | eps_w1=1.895625e-02 | eps_w2=1.810375e+00
[step     2300] t/d=   4.600 | task1=2.659803e-01 | task2=3.864784e-01 | F1=8.886785e-04 | m1²=0.990540 | m2²=0.002651 | eps_w1=1.892814e-02 | eps_w2=1.808568e+00
[step     2325] t/d=   4.650 | task1=2.659878e-01 | task2=3.864606e-01 | F1=8.961702e-04 | m1²=0.990523 | m2²=0.002653 | eps_w1=1.895714e-02 | eps_w2=1.808061e+00
[step     2350] t/d=   4.700 | task1=2.659816e-01 | task2=3.864291e-01 | F1=8.899638e-04 | m1²=0.990516 | m2²=0.002666 | eps_w1=1.896334e-02 | eps_w2=1.807485e+00
[step     2375] t/d=   4.750 | task1=2.659839e-01 | task2=3.863693e-01 | F1=8.923185e-04 | m1²=0.990516 | m2²=0.002665 | eps_w1=1.895223e-02 | eps_w2=1.806467e+00
[step     2400] t/d=   4.800 | task1=2.659840e-01 | task2=3.863266e-01 | F1=8.923312e-04 | m1²=0.990530 | m2²=0.002669 | eps_w1=1.891500e-02 | eps_w2=1.805555e+00
[step     2425] t/d=   4.850 | task1=2.659935e-01 | task2=3.862454e-01 | F1=9.018851e-04 | m1²=0.990528 | m2²=0.002664 | eps_w1=1.890632e-02 | eps_w2=1.804149e+00
[step     2450] t/d=   4.900 | task1=2.659867e-01 | task2=3.861670e-01 | F1=8.950957e-04 | m1²=0.990484 | m2²=0.002668 | eps_w1=1.898034e-02 | eps_w2=1.802555e+00
[step     2475] t/d=   4.950 | task1=2.659933e-01 | task2=3.861325e-01 | F1=9.016858e-04 | m1²=0.990443 | m2²=0.002669 | eps_w1=1.905640e-02 | eps_w2=1.801798e+00
[step     2500] t/d=   5.000 | task1=2.660261e-01 | task2=3.860501e-01 | F1=9.344688e-04 | m1²=0.990413 | m2²=0.002679 | eps_w1=1.910689e-02 | eps_w2=1.800402e+00
Saved checkpoint: results/quality_pretraining/finetunetask2_d500_T5/prestep_0_task1step_250000_lr0p01_task1wseed21_task1sgdseed22_task2sgdseed42/checkpoints/step_000002500
[step     2600] t/d=   5.200 | task1=2.660343e-01 | task2=3.858281e-01 | F1=9.426301e-04 | m1²=0.990370 | m2²=0.002711 | eps_w1=1.917290e-02 | eps_w2=1.795855e+00
[step     2700] t/d=   5.400 | task1=2.660910e-01 | task2=3.855310e-01 | F1=9.993416e-04 | m1²=0.990303 | m2²=0.002729 | eps_w1=1.930240e-02 | eps_w2=1.790116e+00
[step     2800] t/d=   5.600 | task1=2.661615e-01 | task2=3.852402e-01 | F1=1.069846e-03 | m1²=0.990215 | m2²=0.002765 | eps_w1=1.949562e-02 | eps_w2=1.784533e+00
[step     2900] t/d=   5.800 | task1=2.661663e-01 | task2=3.850647e-01 | F1=1.074710e-03 | m1²=0.990164 | m2²=0.002792 | eps_w1=1.962240e-02 | eps_w2=1.780868e+00
[step     3000] t/d=   6.000 | task1=2.662254e-01 | task2=3.848576e-01 | F1=1.133734e-03 | m1²=0.990108 | m2²=0.002745 | eps_w1=1.978033e-02 | eps_w2=1.776202e+00
[step     3100] t/d=   6.200 | task1=2.662851e-01 | task2=3.845317e-01 | F1=1.193519e-03 | m1²=0.990000 | m2²=0.002712 | eps_w1=2.009047e-02 | eps_w2=1.769695e+00
[step     3200] t/d=   6.400 | task1=2.663357e-01 | task2=3.843032e-01 | F1=1.244078e-03 | m1²=0.989909 | m2²=0.002738 | eps_w1=2.037194e-02 | eps_w2=1.764250e+00
[step     3300] t/d=   6.600 | task1=2.663364e-01 | task2=3.840856e-01 | F1=1.244814e-03 | m1²=0.989831 | m2²=0.002764 | eps_w1=2.061655e-02 | eps_w2=1.760202e+00
[step     3400] t/d=   6.800 | task1=2.663644e-01 | task2=3.837793e-01 | F1=1.272775e-03 | m1²=0.989725 | m2²=0.002791 | eps_w1=2.095871e-02 | eps_w2=1.755125e+00
[step     3500] t/d=   7.000 | task1=2.664163e-01 | task2=3.835279e-01 | F1=1.324663e-03 | m1²=0.989680 | m2²=0.002787 | eps_w1=2.118132e-02 | eps_w2=1.750694e+00
[step     3600] t/d=   7.200 | task1=2.664472e-01 | task2=3.832743e-01 | F1=1.355549e-03 | m1²=0.989665 | m2²=0.002827 | eps_w1=2.137140e-02 | eps_w2=1.745952e+00
[step     3700] t/d=   7.400 | task1=2.665075e-01 | task2=3.830191e-01 | F1=1.415856e-03 | m1²=0.989663 | m2²=0.002837 | eps_w1=2.157623e-02 | eps_w2=1.740728e+00
[step     3800] t/d=   7.600 | task1=2.665641e-01 | task2=3.827333e-01 | F1=1.472491e-03 | m1²=0.989625 | m2²=0.002866 | eps_w1=2.185418e-02 | eps_w2=1.735905e+00
[step     3900] t/d=   7.800 | task1=2.666471e-01 | task2=3.824628e-01 | F1=1.555439e-03 | m1²=0.989595 | m2²=0.002911 | eps_w1=2.216285e-02 | eps_w2=1.730523e+00
[step     4000] t/d=   8.000 | task1=2.667250e-01 | task2=3.822343e-01 | F1=1.633333e-03 | m1²=0.989477 | m2²=0.002959 | eps_w1=2.263851e-02 | eps_w2=1.725571e+00
[step     4100] t/d=   8.200 | task1=2.667677e-01 | task2=3.819992e-01 | F1=1.676054e-03 | m1²=0.989510 | m2²=0.002967 | eps_w1=2.284390e-02 | eps_w2=1.720785e+00
[step     4200] t/d=   8.400 | task1=2.668183e-01 | task2=3.817104e-01 | F1=1.726626e-03 | m1²=0.989430 | m2²=0.002990 | eps_w1=2.332795e-02 | eps_w2=1.715230e+00
[step     4300] t/d=   8.600 | task1=2.668640e-01 | task2=3.813907e-01 | F1=1.772420e-03 | m1²=0.989398 | m2²=0.002987 | eps_w1=2.371783e-02 | eps_w2=1.710177e+00
[step     4400] t/d=   8.800 | task1=2.669511e-01 | task2=3.811410e-01 | F1=1.859471e-03 | m1²=0.989299 | m2²=0.003036 | eps_w1=2.428117e-02 | eps_w2=1.704672e+00
[step     4500] t/d=   9.000 | task1=2.670170e-01 | task2=3.809578e-01 | F1=1.925395e-03 | m1²=0.989252 | m2²=0.003100 | eps_w1=2.467281e-02 | eps_w2=1.700480e+00
[step     4600] t/d=   9.200 | task1=2.670731e-01 | task2=3.807348e-01 | F1=1.981442e-03 | m1²=0.989124 | m2²=0.003121 | eps_w1=2.518402e-02 | eps_w2=1.696924e+00
[step     4700] t/d=   9.400 | task1=2.671470e-01 | task2=3.804242e-01 | F1=2.055335e-03 | m1²=0.989102 | m2²=0.003149 | eps_w1=2.568342e-02 | eps_w2=1.691261e+00
[step     4800] t/d=   9.600 | task1=2.671974e-01 | task2=3.802226e-01 | F1=2.105809e-03 | m1²=0.989033 | m2²=0.003177 | eps_w1=2.615859e-02 | eps_w2=1.687198e+00
[step     4900] t/d=   9.800 | task1=2.672657e-01 | task2=3.799742e-01 | F1=2.174111e-03 | m1²=0.988922 | m2²=0.003218 | eps_w1=2.675994e-02 | eps_w2=1.682723e+00
[step     5000] t/d=  10.000 | task1=2.673450e-01 | task2=3.797496e-01 | F1=2.253333e-03 | m1²=0.988945 | m2²=0.003262 | eps_w1=2.717972e-02 | eps_w2=1.677773e+00
Saved checkpoint: results/quality_pretraining/finetunetask2_d500_T5/prestep_0_task1step_250000_lr0p01_task1wseed21_task1sgdseed22_task2sgdseed42/checkpoints/step_000005000
[step     5100] t/d=  10.200 | task1=2.674000e-01 | task2=3.794323e-01 | F1=2.308384e-03 | m1²=0.988804 | m2²=0.003229 | eps_w1=2.800092e-02 | eps_w2=1.672197e+00
[step     5200] t/d=  10.400 | task1=2.674602e-01 | task2=3.792218e-01 | F1=2.368575e-03 | m1²=0.988705 | m2²=0.003233 | eps_w1=2.859321e-02 | eps_w2=1.668240e+00
[step     5300] t/d=  10.600 | task1=2.675229e-01 | task2=3.789996e-01 | F1=2.431316e-03 | m1²=0.988617 | m2²=0.003243 | eps_w1=2.931812e-02 | eps_w2=1.663027e+00
[step     5400] t/d=  10.800 | task1=2.676036e-01 | task2=3.787778e-01 | F1=2.511986e-03 | m1²=0.988603 | m2²=0.003240 | eps_w1=2.984756e-02 | eps_w2=1.658594e+00
[step     5500] t/d=  11.000 | task1=2.676740e-01 | task2=3.785626e-01 | F1=2.582376e-03 | m1²=0.988493 | m2²=0.003240 | eps_w1=3.055650e-02 | eps_w2=1.654271e+00
[step     5600] t/d=  11.200 | task1=2.677445e-01 | task2=3.783062e-01 | F1=2.652884e-03 | m1²=0.988402 | m2²=0.003290 | eps_w1=3.124772e-02 | eps_w2=1.649874e+00
[step     5700] t/d=  11.400 | task1=2.678384e-01 | task2=3.780438e-01 | F1=2.746793e-03 | m1²=0.988320 | m2²=0.003284 | eps_w1=3.193450e-02 | eps_w2=1.645627e+00
[step     5800] t/d=  11.600 | task1=2.678718e-01 | task2=3.778257e-01 | F1=2.780133e-03 | m1²=0.988288 | m2²=0.003358 | eps_w1=3.241195e-02 | eps_w2=1.642289e+00
[step     5900] t/d=  11.800 | task1=2.679235e-01 | task2=3.776381e-01 | F1=2.831855e-03 | m1²=0.988299 | m2²=0.003380 | eps_w1=3.287727e-02 | eps_w2=1.638629e+00
[step     6000] t/d=  12.000 | task1=2.679888e-01 | task2=3.774185e-01 | F1=2.897190e-03 | m1²=0.988297 | m2²=0.003364 | eps_w1=3.356549e-02 | eps_w2=1.633733e+00
[step     6100] t/d=  12.200 | task1=2.680490e-01 | task2=3.772155e-01 | F1=2.957377e-03 | m1²=0.988290 | m2²=0.003344 | eps_w1=3.418285e-02 | eps_w2=1.629546e+00
[step     6200] t/d=  12.400 | task1=2.681261e-01 | task2=3.769827e-01 | F1=3.034451e-03 | m1²=0.988229 | m2²=0.003336 | eps_w1=3.486171e-02 | eps_w2=1.625700e+00
[step     6300] t/d=  12.600 | task1=2.681623e-01 | task2=3.767568e-01 | F1=3.070623e-03 | m1²=0.988228 | m2²=0.003325 | eps_w1=3.545795e-02 | eps_w2=1.621819e+00
[step     6400] t/d=  12.800 | task1=2.682206e-01 | task2=3.765344e-01 | F1=3.129019e-03 | m1²=0.988147 | m2²=0.003333 | eps_w1=3.628558e-02 | eps_w2=1.617434e+00
[step     6500] t/d=  13.000 | task1=2.682853e-01 | task2=3.763828e-01 | F1=3.193637e-03 | m1²=0.988123 | m2²=0.003329 | eps_w1=3.686585e-02 | eps_w2=1.614096e+00
[step     6600] t/d=  13.200 | task1=2.683560e-01 | task2=3.761618e-01 | F1=3.264354e-03 | m1²=0.988068 | m2²=0.003368 | eps_w1=3.765800e-02 | eps_w2=1.609819e+00
[step     6700] t/d=  13.400 | task1=2.684066e-01 | task2=3.759740e-01 | F1=3.314972e-03 | m1²=0.988028 | m2²=0.003362 | eps_w1=3.826635e-02 | eps_w2=1.606655e+00
[step     6800] t/d=  13.600 | task1=2.684871e-01 | task2=3.757553e-01 | F1=3.395442e-03 | m1²=0.988054 | m2²=0.003354 | eps_w1=3.896482e-02 | eps_w2=1.602390e+00
[step     6900] t/d=  13.800 | task1=2.685647e-01 | task2=3.755488e-01 | F1=3.473104e-03 | m1²=0.987970 | m2²=0.003366 | eps_w1=3.977623e-02 | eps_w2=1.598634e+00
[step     7000] t/d=  14.000 | task1=2.686386e-01 | task2=3.753177e-01 | F1=3.547007e-03 | m1²=0.987832 | m2²=0.003389 | eps_w1=4.070464e-02 | eps_w2=1.594818e+00
[step     7100] t/d=  14.200 | task1=2.686840e-01 | task2=3.751460e-01 | F1=3.592329e-03 | m1²=0.987793 | m2²=0.003397 | eps_w1=4.141929e-02 | eps_w2=1.591340e+00
[step     7200] t/d=  14.400 | task1=2.687261e-01 | task2=3.749478e-01 | F1=3.634487e-03 | m1²=0.987767 | m2²=0.003426 | eps_w1=4.212635e-02 | eps_w2=1.587821e+00
[step     7300] t/d=  14.600 | task1=2.687894e-01 | task2=3.747443e-01 | F1=3.697772e-03 | m1²=0.987692 | m2²=0.003415 | eps_w1=4.289262e-02 | eps_w2=1.584572e+00
[step     7400] t/d=  14.800 | task1=2.688884e-01 | task2=3.745342e-01 | F1=3.796764e-03 | m1²=0.987642 | m2²=0.003417 | eps_w1=4.378169e-02 | eps_w2=1.580534e+00
[step     7500] t/d=  15.000 | task1=2.689839e-01 | task2=3.743357e-01 | F1=3.892285e-03 | m1²=0.987613 | m2²=0.003452 | eps_w1=4.462478e-02 | eps_w2=1.576589e+00
[step     7600] t/d=  15.200 | task1=2.690614e-01 | task2=3.741234e-01 | F1=3.969780e-03 | m1²=0.987536 | m2²=0.003465 | eps_w1=4.548047e-02 | eps_w2=1.573099e+00
[step     7700] t/d=  15.400 | task1=2.691510e-01 | task2=3.739656e-01 | F1=4.059381e-03 | m1²=0.987484 | m2²=0.003465 | eps_w1=4.635148e-02 | eps_w2=1.569421e+00
[step     7800] t/d=  15.600 | task1=2.692033e-01 | task2=3.737547e-01 | F1=4.111621e-03 | m1²=0.987509 | m2²=0.003478 | eps_w1=4.710426e-02 | eps_w2=1.565752e+00
[step     7900] t/d=  15.800 | task1=2.692726e-01 | task2=3.734947e-01 | F1=4.181017e-03 | m1²=0.987500 | m2²=0.003496 | eps_w1=4.811062e-02 | eps_w2=1.561277e+00
[step     8000] t/d=  16.000 | task1=2.693507e-01 | task2=3.732586e-01 | F1=4.259039e-03 | m1²=0.987379 | m2²=0.003542 | eps_w1=4.920120e-02 | eps_w2=1.557317e+00
[step     8100] t/d=  16.200 | task1=2.694282e-01 | task2=3.730016e-01 | F1=4.336536e-03 | m1²=0.987367 | m2²=0.003569 | eps_w1=5.009559e-02 | eps_w2=1.553528e+00
[step     8200] t/d=  16.400 | task1=2.695290e-01 | task2=3.728235e-01 | F1=4.437409e-03 | m1²=0.987340 | m2²=0.003599 | eps_w1=5.100865e-02 | eps_w2=1.549833e+00
[step     8300] t/d=  16.600 | task1=2.695820e-01 | task2=3.726197e-01 | F1=4.490397e-03 | m1²=0.987299 | m2²=0.003650 | eps_w1=5.199450e-02 | eps_w2=1.545983e+00
[step     8400] t/d=  16.800 | task1=2.696425e-01 | task2=3.724926e-01 | F1=4.550831e-03 | m1²=0.987207 | m2²=0.003631 | eps_w1=5.285454e-02 | eps_w2=1.543143e+00
[step     8500] t/d=  17.000 | task1=2.697061e-01 | task2=3.723132e-01 | F1=4.614430e-03 | m1²=0.987194 | m2²=0.003640 | eps_w1=5.373870e-02 | eps_w2=1.539706e+00
[step     8600] t/d=  17.200 | task1=2.697894e-01 | task2=3.720819e-01 | F1=4.697778e-03 | m1²=0.987046 | m2²=0.003692 | eps_w1=5.491900e-02 | eps_w2=1.535968e+00
[step     8700] t/d=  17.400 | task1=2.698417e-01 | task2=3.718254e-01 | F1=4.750108e-03 | m1²=0.987018 | m2²=0.003737 | eps_w1=5.598274e-02 | eps_w2=1.532005e+00
[step     8800] t/d=  17.600 | task1=2.698996e-01 | task2=3.716134e-01 | F1=4.807981e-03 | m1²=0.986906 | m2²=0.003818 | eps_w1=5.708094e-02 | eps_w2=1.528450e+00
[step     8900] t/d=  17.800 | task1=2.699632e-01 | task2=3.714384e-01 | F1=4.871610e-03 | m1²=0.986794 | m2²=0.003790 | eps_w1=5.821734e-02 | eps_w2=1.524971e+00
[step     9000] t/d=  18.000 | task1=2.700307e-01 | task2=3.712223e-01 | F1=4.939087e-03 | m1²=0.986767 | m2²=0.003765 | eps_w1=5.932364e-02 | eps_w2=1.521166e+00
[step     9100] t/d=  18.200 | task1=2.701034e-01 | task2=3.710107e-01 | F1=5.011798e-03 | m1²=0.986694 | m2²=0.003809 | eps_w1=6.043079e-02 | eps_w2=1.517589e+00
[step     9200] t/d=  18.400 | task1=2.701801e-01 | task2=3.708251e-01 | F1=5.088441e-03 | m1²=0.986655 | m2²=0.003848 | eps_w1=6.139612e-02 | eps_w2=1.514384e+00
[step     9300] t/d=  18.600 | task1=2.702409e-01 | task2=3.706845e-01 | F1=5.149223e-03 | m1²=0.986636 | m2²=0.003844 | eps_w1=6.219512e-02 | eps_w2=1.511744e+00
[step     9400] t/d=  18.800 | task1=2.703019e-01 | task2=3.705157e-01 | F1=5.210288e-03 | m1²=0.986577 | m2²=0.003868 | eps_w1=6.315701e-02 | eps_w2=1.508771e+00
[step     9500] t/d=  19.000 | task1=2.703788e-01 | task2=3.703322e-01 | F1=5.287154e-03 | m1²=0.986470 | m2²=0.003916 | eps_w1=6.417946e-02 | eps_w2=1.505852e+00
[step     9600] t/d=  19.200 | task1=2.704563e-01 | task2=3.701445e-01 | F1=5.364632e-03 | m1²=0.986480 | m2²=0.003914 | eps_w1=6.515122e-02 | eps_w2=1.502604e+00
[step     9700] t/d=  19.400 | task1=2.705309e-01 | task2=3.699818e-01 | F1=5.439306e-03 | m1²=0.986386 | m2²=0.003913 | eps_w1=6.616342e-02 | eps_w2=1.499802e+00
[step     9800] t/d=  19.600 | task1=2.706236e-01 | task2=3.697364e-01 | F1=5.532019e-03 | m1²=0.986326 | m2²=0.003921 | eps_w1=6.752245e-02 | eps_w2=1.495755e+00
[step     9900] t/d=  19.800 | task1=2.707032e-01 | task2=3.695605e-01 | F1=5.611548e-03 | m1²=0.986242 | m2²=0.003968 | eps_w1=6.872884e-02 | eps_w2=1.492320e+00
[step    10000] t/d=  20.000 | task1=2.708198e-01 | task2=3.693466e-01 | F1=5.728145e-03 | m1²=0.986192 | m2²=0.003970 | eps_w1=6.996529e-02 | eps_w2=1.488750e+00
Saved checkpoint: results/quality_pretraining/finetunetask2_d500_T5/prestep_0_task1step_250000_lr0p01_task1wseed21_task1sgdseed22_task2sgdseed42/checkpoints/step_000010000
[step    10250] t/d=  20.500 | task1=2.709664e-01 | task2=3.689247e-01 | F1=5.874746e-03 | m1²=0.985899 | m2²=0.004067 | eps_w1=7.278781e-02 | eps_w2=1.481501e+00
[step    10500] t/d=  21.000 | task1=2.711336e-01 | task2=3.684887e-01 | F1=6.041988e-03 | m1²=0.985772 | m2²=0.004119 | eps_w1=7.562053e-02 | eps_w2=1.473772e+00
[step    10750] t/d=  21.500 | task1=2.713685e-01 | task2=3.679695e-01 | F1=6.276868e-03 | m1²=0.985647 | m2²=0.004242 | eps_w1=7.880647e-02 | eps_w2=1.465231e+00
[step    11000] t/d=  22.000 | task1=2.716205e-01 | task2=3.675240e-01 | F1=6.528886e-03 | m1²=0.985453 | m2²=0.004294 | eps_w1=8.189540e-02 | eps_w2=1.457630e+00
[step    11250] t/d=  22.500 | task1=2.718398e-01 | task2=3.670712e-01 | F1=6.748177e-03 | m1²=0.985281 | m2²=0.004367 | eps_w1=8.480136e-02 | eps_w2=1.450628e+00
[step    11500] t/d=  23.000 | task1=2.720907e-01 | task2=3.666511e-01 | F1=6.999033e-03 | m1²=0.985112 | m2²=0.004403 | eps_w1=8.789572e-02 | eps_w2=1.443404e+00
[step    11750] t/d=  23.500 | task1=2.723279e-01 | task2=3.662038e-01 | F1=7.236242e-03 | m1²=0.985008 | m2²=0.004542 | eps_w1=9.101688e-02 | eps_w2=1.435965e+00
[step    12000] t/d=  24.000 | task1=2.725492e-01 | task2=3.657143e-01 | F1=7.457596e-03 | m1²=0.984922 | m2²=0.004624 | eps_w1=9.422001e-02 | eps_w2=1.428575e+00
[step    12250] t/d=  24.500 | task1=2.727852e-01 | task2=3.652634e-01 | F1=7.693523e-03 | m1²=0.984545 | m2²=0.004721 | eps_w1=9.783917e-02 | eps_w2=1.421411e+00
[step    12500] t/d=  25.000 | task1=2.729991e-01 | task2=3.648703e-01 | F1=7.907454e-03 | m1²=0.984415 | m2²=0.004832 | eps_w1=1.007202e-01 | eps_w2=1.415265e+00
[step    12750] t/d=  25.500 | task1=2.731722e-01 | task2=3.644544e-01 | F1=8.080595e-03 | m1²=0.984263 | m2²=0.004923 | eps_w1=1.037711e-01 | eps_w2=1.409001e+00
[step    13000] t/d=  26.000 | task1=2.733576e-01 | task2=3.640673e-01 | F1=8.265934e-03 | m1²=0.984167 | m2²=0.004966 | eps_w1=1.068932e-01 | eps_w2=1.402644e+00
[step    13250] t/d=  26.500 | task1=2.735686e-01 | task2=3.637314e-01 | F1=8.476996e-03 | m1²=0.983940 | m2²=0.005037 | eps_w1=1.098924e-01 | eps_w2=1.397043e+00
[step    13500] t/d=  27.000 | task1=2.737867e-01 | task2=3.634072e-01 | F1=8.695021e-03 | m1²=0.983977 | m2²=0.005094 | eps_w1=1.126692e-01 | eps_w2=1.391290e+00
[step    13750] t/d=  27.500 | task1=2.739417e-01 | task2=3.630724e-01 | F1=8.850082e-03 | m1²=0.983707 | m2²=0.005115 | eps_w1=1.158168e-01 | eps_w2=1.385834e+00
[step    14000] t/d=  28.000 | task1=2.741433e-01 | task2=3.626764e-01 | F1=9.051681e-03 | m1²=0.983730 | m2²=0.005110 | eps_w1=1.188637e-01 | eps_w2=1.379951e+00
[step    14250] t/d=  28.500 | task1=2.743583e-01 | task2=3.623071e-01 | F1=9.266670e-03 | m1²=0.983388 | m2²=0.005223 | eps_w1=1.225073e-01 | eps_w2=1.373891e+00
[step    14500] t/d=  29.000 | task1=2.745733e-01 | task2=3.619342e-01 | F1=9.481627e-03 | m1²=0.983254 | m2²=0.005271 | eps_w1=1.260597e-01 | eps_w2=1.367707e+00
[step    14750] t/d=  29.500 | task1=2.747995e-01 | task2=3.615299e-01 | F1=9.707916e-03 | m1²=0.983036 | m2²=0.005330 | eps_w1=1.297318e-01 | eps_w2=1.361651e+00
[step    15000] t/d=  30.000 | task1=2.750190e-01 | task2=3.611989e-01 | F1=9.927377e-03 | m1²=0.982881 | m2²=0.005315 | eps_w1=1.327332e-01 | eps_w2=1.356835e+00
[step    15250] t/d=  30.500 | task1=2.752560e-01 | task2=3.608154e-01 | F1=1.016442e-02 | m1²=0.982712 | m2²=0.005485 | eps_w1=1.360563e-01 | eps_w2=1.351383e+00
[step    15500] t/d=  31.000 | task1=2.754767e-01 | task2=3.604560e-01 | F1=1.038511e-02 | m1²=0.982506 | m2²=0.005532 | eps_w1=1.396722e-01 | eps_w2=1.345793e+00
[step    15750] t/d=  31.500 | task1=2.757306e-01 | task2=3.601253e-01 | F1=1.063897e-02 | m1²=0.982246 | m2²=0.005649 | eps_w1=1.432129e-01 | eps_w2=1.340476e+00
[step    16000] t/d=  32.000 | task1=2.759395e-01 | task2=3.597932e-01 | F1=1.084785e-02 | m1²=0.982103 | m2²=0.005734 | eps_w1=1.462227e-01 | eps_w2=1.335900e+00
[step    16250] t/d=  32.500 | task1=2.761777e-01 | task2=3.594904e-01 | F1=1.108609e-02 | m1²=0.981896 | m2²=0.005801 | eps_w1=1.494007e-01 | eps_w2=1.331297e+00
[step    16500] t/d=  33.000 | task1=2.763891e-01 | task2=3.591829e-01 | F1=1.129743e-02 | m1²=0.981660 | m2²=0.005872 | eps_w1=1.531130e-01 | eps_w2=1.326023e+00
[step    16750] t/d=  33.500 | task1=2.765839e-01 | task2=3.589039e-01 | F1=1.149226e-02 | m1²=0.981487 | m2²=0.005962 | eps_w1=1.564040e-01 | eps_w2=1.321338e+00
[step    17000] t/d=  34.000 | task1=2.767562e-01 | task2=3.586191e-01 | F1=1.166453e-02 | m1²=0.981414 | m2²=0.006003 | eps_w1=1.594880e-01 | eps_w2=1.316916e+00
[step    17250] t/d=  34.500 | task1=2.770251e-01 | task2=3.581780e-01 | F1=1.193348e-02 | m1²=0.981084 | m2²=0.006055 | eps_w1=1.636318e-01 | eps_w2=1.311515e+00
[step    17500] t/d=  35.000 | task1=2.772751e-01 | task2=3.578096e-01 | F1=1.218351e-02 | m1²=0.980882 | m2²=0.006148 | eps_w1=1.675177e-01 | eps_w2=1.306318e+00
[step    17750] t/d=  35.500 | task1=2.774588e-01 | task2=3.575774e-01 | F1=1.236715e-02 | m1²=0.980627 | m2²=0.006241 | eps_w1=1.705958e-01 | eps_w2=1.302418e+00
[step    18000] t/d=  36.000 | task1=2.776988e-01 | task2=3.572736e-01 | F1=1.260716e-02 | m1²=0.980405 | m2²=0.006373 | eps_w1=1.739322e-01 | eps_w2=1.298133e+00
[step    18250] t/d=  36.500 | task1=2.778847e-01 | task2=3.569951e-01 | F1=1.279309e-02 | m1²=0.980159 | m2²=0.006493 | eps_w1=1.770262e-01 | eps_w2=1.294289e+00
[step    18500] t/d=  37.000 | task1=2.781257e-01 | task2=3.567634e-01 | F1=1.303405e-02 | m1²=0.979981 | m2²=0.006552 | eps_w1=1.802552e-01 | eps_w2=1.290289e+00
[step    18750] t/d=  37.500 | task1=2.783187e-01 | task2=3.564726e-01 | F1=1.322708e-02 | m1²=0.979740 | m2²=0.006537 | eps_w1=1.839257e-01 | eps_w2=1.285968e+00
[step    19000] t/d=  38.000 | task1=2.785647e-01 | task2=3.562252e-01 | F1=1.347309e-02 | m1²=0.979790 | m2²=0.006620 | eps_w1=1.871824e-01 | eps_w2=1.281702e+00
[step    19250] t/d=  38.500 | task1=2.787749e-01 | task2=3.559530e-01 | F1=1.368327e-02 | m1²=0.979561 | m2²=0.006774 | eps_w1=1.902832e-01 | eps_w2=1.278037e+00
[step    19500] t/d=  39.000 | task1=2.789734e-01 | task2=3.557268e-01 | F1=1.388179e-02 | m1²=0.979565 | m2²=0.006871 | eps_w1=1.933166e-01 | eps_w2=1.274233e+00
[step    19750] t/d=  39.500 | task1=2.792746e-01 | task2=3.554000e-01 | F1=1.418294e-02 | m1²=0.979355 | m2²=0.007010 | eps_w1=1.976617e-01 | eps_w2=1.269191e+00
[step    20000] t/d=  40.000 | task1=2.795520e-01 | task2=3.550720e-01 | F1=1.446033e-02 | m1²=0.979164 | m2²=0.007046 | eps_w1=2.018803e-01 | eps_w2=1.264481e+00
[step    20250] t/d=  40.500 | task1=2.798197e-01 | task2=3.548009e-01 | F1=1.472804e-02 | m1²=0.978930 | m2²=0.007055 | eps_w1=2.055704e-01 | eps_w2=1.260549e+00
[step    20500] t/d=  41.000 | task1=2.800115e-01 | task2=3.545450e-01 | F1=1.491982e-02 | m1²=0.978930 | m2²=0.007098 | eps_w1=2.086785e-01 | eps_w2=1.257000e+00
[step    20750] t/d=  41.500 | task1=2.802968e-01 | task2=3.542487e-01 | F1=1.520522e-02 | m1²=0.978784 | m2²=0.007164 | eps_w1=2.125608e-01 | eps_w2=1.252815e+00
[step    21000] t/d=  42.000 | task1=2.804798e-01 | task2=3.539586e-01 | F1=1.538815e-02 | m1²=0.978593 | m2²=0.007173 | eps_w1=2.156406e-01 | eps_w2=1.249684e+00
[step    21250] t/d=  42.500 | task1=2.807013e-01 | task2=3.536857e-01 | F1=1.560972e-02 | m1²=0.978571 | m2²=0.007256 | eps_w1=2.189439e-01 | eps_w2=1.246081e+00
[step    21500] t/d=  43.000 | task1=2.808868e-01 | task2=3.534556e-01 | F1=1.579515e-02 | m1²=0.978324 | m2²=0.007374 | eps_w1=2.222958e-01 | eps_w2=1.242713e+00
[step    21750] t/d=  43.500 | task1=2.810807e-01 | task2=3.532618e-01 | F1=1.598903e-02 | m1²=0.978228 | m2²=0.007367 | eps_w1=2.252832e-01 | eps_w2=1.239719e+00
[step    22000] t/d=  44.000 | task1=2.813662e-01 | task2=3.529917e-01 | F1=1.627460e-02 | m1²=0.977901 | m2²=0.007420 | eps_w1=2.287772e-01 | eps_w2=1.236448e+00
[step    22250] t/d=  44.500 | task1=2.815775e-01 | task2=3.527793e-01 | F1=1.648585e-02 | m1²=0.977571 | m2²=0.007584 | eps_w1=2.320291e-01 | eps_w2=1.233361e+00
[step    22500] t/d=  45.000 | task1=2.818351e-01 | task2=3.525307e-01 | F1=1.674344e-02 | m1²=0.977293 | m2²=0.007629 | eps_w1=2.361246e-01 | eps_w2=1.229535e+00
[step    22750] t/d=  45.500 | task1=2.820925e-01 | task2=3.523036e-01 | F1=1.700082e-02 | m1²=0.976958 | m2²=0.007757 | eps_w1=2.395532e-01 | eps_w2=1.226403e+00
[step    23000] t/d=  46.000 | task1=2.822588e-01 | task2=3.521041e-01 | F1=1.716713e-02 | m1²=0.976754 | m2²=0.007947 | eps_w1=2.419480e-01 | eps_w2=1.224110e+00
[step    23250] t/d=  46.500 | task1=2.824757e-01 | task2=3.519356e-01 | F1=1.738406e-02 | m1²=0.976609 | m2²=0.008088 | eps_w1=2.449958e-01 | eps_w2=1.221204e+00
[step    23500] t/d=  47.000 | task1=2.826909e-01 | task2=3.517254e-01 | F1=1.759930e-02 | m1²=0.976356 | m2²=0.008151 | eps_w1=2.483265e-01 | eps_w2=1.218251e+00
[step    23750] t/d=  47.500 | task1=2.829054e-01 | task2=3.515146e-01 | F1=1.781381e-02 | m1²=0.976049 | m2²=0.008356 | eps_w1=2.516355e-01 | eps_w2=1.215274e+00
[step    24000] t/d=  48.000 | task1=2.831256e-01 | task2=3.513468e-01 | F1=1.803399e-02 | m1²=0.975706 | m2²=0.008443 | eps_w1=2.550285e-01 | eps_w2=1.212402e+00
[step    24250] t/d=  48.500 | task1=2.834240e-01 | task2=3.511100e-01 | F1=1.833233e-02 | m1²=0.975432 | m2²=0.008478 | eps_w1=2.587546e-01 | eps_w2=1.209249e+00
[step    24500] t/d=  49.000 | task1=2.836136e-01 | task2=3.509120e-01 | F1=1.852199e-02 | m1²=0.975070 | m2²=0.008695 | eps_w1=2.618418e-01 | eps_w2=1.206622e+00
[step    24750] t/d=  49.500 | task1=2.838153e-01 | task2=3.507216e-01 | F1=1.872365e-02 | m1²=0.974685 | m2²=0.008936 | eps_w1=2.647972e-01 | eps_w2=1.204135e+00
[step    25000] t/d=  50.000 | task1=2.840783e-01 | task2=3.505138e-01 | F1=1.898667e-02 | m1²=0.974258 | m2²=0.009061 | eps_w1=2.687430e-01 | eps_w2=1.200957e+00
Saved checkpoint: results/quality_pretraining/finetunetask2_d500_T5/prestep_0_task1step_250000_lr0p01_task1wseed21_task1sgdseed22_task2sgdseed42/checkpoints/step_000025000
[step    25250] t/d=  50.500 | task1=2.842226e-01 | task2=3.503455e-01 | F1=1.913093e-02 | m1²=0.973945 | m2²=0.009285 | eps_w1=2.716427e-01 | eps_w2=1.198529e+00
[step    25500] t/d=  51.000 | task1=2.844318e-01 | task2=3.501977e-01 | F1=1.934018e-02 | m1²=0.973516 | m2²=0.009432 | eps_w1=2.747244e-01 | eps_w2=1.196140e+00
[step    25750] t/d=  51.500 | task1=2.847052e-01 | task2=3.499263e-01 | F1=1.961357e-02 | m1²=0.973148 | m2²=0.009527 | eps_w1=2.786980e-01 | eps_w2=1.193025e+00
[step    26000] t/d=  52.000 | task1=2.849231e-01 | task2=3.497458e-01 | F1=1.983152e-02 | m1²=0.973130 | m2²=0.009518 | eps_w1=2.818874e-01 | eps_w2=1.190407e+00
[step    26250] t/d=  52.500 | task1=2.851275e-01 | task2=3.495918e-01 | F1=2.003588e-02 | m1²=0.972703 | m2²=0.009680 | eps_w1=2.850535e-01 | eps_w2=1.188018e+00
[step    26500] t/d=  53.000 | task1=2.853338e-01 | task2=3.494071e-01 | F1=2.024215e-02 | m1²=0.972398 | m2²=0.009858 | eps_w1=2.880742e-01 | eps_w2=1.185660e+00
[step    26750] t/d=  53.500 | task1=2.855101e-01 | task2=3.492689e-01 | F1=2.041849e-02 | m1²=0.972131 | m2²=0.009877 | eps_w1=2.906534e-01 | eps_w2=1.183789e+00
[step    27000] t/d=  54.000 | task1=2.857757e-01 | task2=3.490794e-01 | F1=2.068410e-02 | m1²=0.971901 | m2²=0.009981 | eps_w1=2.944927e-01 | eps_w2=1.180840e+00
[step    27250] t/d=  54.500 | task1=2.859881e-01 | task2=3.489124e-01 | F1=2.089645e-02 | m1²=0.971581 | m2²=0.010166 | eps_w1=2.974420e-01 | eps_w2=1.178620e+00
[step    27500] t/d=  55.000 | task1=2.861900e-01 | task2=3.487225e-01 | F1=2.109833e-02 | m1²=0.971457 | m2²=0.010244 | eps_w1=3.004901e-01 | eps_w2=1.176294e+00
[step    27750] t/d=  55.500 | task1=2.863921e-01 | task2=3.485751e-01 | F1=2.130052e-02 | m1²=0.971129 | m2²=0.010287 | eps_w1=3.037076e-01 | eps_w2=1.174044e+00
[step    28000] t/d=  56.000 | task1=2.865573e-01 | task2=3.484096e-01 | F1=2.146565e-02 | m1²=0.970922 | m2²=0.010424 | eps_w1=3.064315e-01 | eps_w2=1.172023e+00
[step    28250] t/d=  56.500 | task1=2.868256e-01 | task2=3.482161e-01 | F1=2.173394e-02 | m1²=0.970901 | m2²=0.010561 | eps_w1=3.100392e-01 | eps_w2=1.169239e+00
[step    28500] t/d=  57.000 | task1=2.870483e-01 | task2=3.480470e-01 | F1=2.195670e-02 | m1²=0.970755 | m2²=0.010667 | eps_w1=3.130424e-01 | eps_w2=1.167047e+00
[step    28750] t/d=  57.500 | task1=2.872514e-01 | task2=3.478331e-01 | F1=2.215978e-02 | m1²=0.970532 | m2²=0.010868 | eps_w1=3.162259e-01 | eps_w2=1.164720e+00
[step    29000] t/d=  58.000 | task1=2.874535e-01 | task2=3.476372e-01 | F1=2.236186e-02 | m1²=0.970323 | m2²=0.010970 | eps_w1=3.192130e-01 | eps_w2=1.162634e+00
[step    29250] t/d=  58.500 | task1=2.877132e-01 | task2=3.474866e-01 | F1=2.262159e-02 | m1²=0.969974 | m2²=0.011200 | eps_w1=3.225902e-01 | eps_w2=1.160281e+00
[step    29500] t/d=  59.000 | task1=2.879207e-01 | task2=3.473084e-01 | F1=2.282909e-02 | m1²=0.969543 | m2²=0.011384 | eps_w1=3.257786e-01 | eps_w2=1.158174e+00
[step    29750] t/d=  59.500 | task1=2.881261e-01 | task2=3.471602e-01 | F1=2.303446e-02 | m1²=0.969303 | m2²=0.011579 | eps_w1=3.287208e-01 | eps_w2=1.156129e+00
[step    30000] t/d=  60.000 | task1=2.882725e-01 | task2=3.470307e-01 | F1=2.318092e-02 | m1²=0.969043 | m2²=0.011752 | eps_w1=3.313165e-01 | eps_w2=1.154372e+00
[step    30250] t/d=  60.500 | task1=2.884831e-01 | task2=3.468234e-01 | F1=2.339152e-02 | m1²=0.968758 | m2²=0.011883 | eps_w1=3.346872e-01 | eps_w2=1.152156e+00
[step    30500] t/d=  61.000 | task1=2.886174e-01 | task2=3.467382e-01 | F1=2.352579e-02 | m1²=0.968637 | m2²=0.012078 | eps_w1=3.365022e-01 | eps_w2=1.150855e+00
[step    30750] t/d=  61.500 | task1=2.888133e-01 | task2=3.465975e-01 | F1=2.372167e-02 | m1²=0.968255 | m2²=0.012289 | eps_w1=3.394559e-01 | eps_w2=1.148947e+00
[step    31000] t/d=  62.000 | task1=2.889643e-01 | task2=3.464601e-01 | F1=2.387272e-02 | m1²=0.968196 | m2²=0.012271 | eps_w1=3.421300e-01 | eps_w2=1.147236e+00
[step    31250] t/d=  62.500 | task1=2.891357e-01 | task2=3.463339e-01 | F1=2.404406e-02 | m1²=0.967980 | m2²=0.012494 | eps_w1=3.448490e-01 | eps_w2=1.145413e+00
[step    31500] t/d=  63.000 | task1=2.892889e-01 | task2=3.461958e-01 | F1=2.419726e-02 | m1²=0.967812 | m2²=0.012678 | eps_w1=3.470473e-01 | eps_w2=1.143944e+00
[step    31750] t/d=  63.500 | task1=2.894853e-01 | task2=3.460647e-01 | F1=2.439371e-02 | m1²=0.967368 | m2²=0.012778 | eps_w1=3.500659e-01 | eps_w2=1.142183e+00
[step    32000] t/d=  64.000 | task1=2.897137e-01 | task2=3.458943e-01 | F1=2.462209e-02 | m1²=0.967038 | m2²=0.013073 | eps_w1=3.532806e-01 | eps_w2=1.140101e+00
[step    32250] t/d=  64.500 | task1=2.899110e-01 | task2=3.457414e-01 | F1=2.481941e-02 | m1²=0.966760 | m2²=0.013122 | eps_w1=3.560764e-01 | eps_w2=1.138463e+00
[step    32500] t/d=  65.000 | task1=2.900741e-01 | task2=3.456281e-01 | F1=2.498252e-02 | m1²=0.966280 | m2²=0.013322 | eps_w1=3.586399e-01 | eps_w2=1.136974e+00
[step    32750] t/d=  65.500 | task1=2.902617e-01 | task2=3.454786e-01 | F1=2.517012e-02 | m1²=0.966118 | m2²=0.013438 | eps_w1=3.614310e-01 | eps_w2=1.135255e+00
[step    33000] t/d=  66.000 | task1=2.903958e-01 | task2=3.453778e-01 | F1=2.530419e-02 | m1²=0.965789 | m2²=0.013834 | eps_w1=3.635977e-01 | eps_w2=1.133803e+00
[step    33250] t/d=  66.500 | task1=2.905801e-01 | task2=3.452035e-01 | F1=2.548843e-02 | m1²=0.965345 | m2²=0.014095 | eps_w1=3.666399e-01 | eps_w2=1.131996e+00
[step    33500] t/d=  67.000 | task1=2.907344e-01 | task2=3.451102e-01 | F1=2.564275e-02 | m1²=0.965094 | m2²=0.014246 | eps_w1=3.688139e-01 | eps_w2=1.130709e+00
[step    33750] t/d=  67.500 | task1=2.909662e-01 | task2=3.449404e-01 | F1=2.587461e-02 | m1²=0.964659 | m2²=0.014403 | eps_w1=3.720930e-01 | eps_w2=1.128864e+00
[step    34000] t/d=  68.000 | task1=2.911081e-01 | task2=3.448417e-01 | F1=2.601652e-02 | m1²=0.964343 | m2²=0.014475 | eps_w1=3.746202e-01 | eps_w2=1.127483e+00
[step    34250] t/d=  68.500 | task1=2.913010e-01 | task2=3.447203e-01 | F1=2.620941e-02 | m1²=0.963849 | m2²=0.014738 | eps_w1=3.772653e-01 | eps_w2=1.125986e+00
[step    34500] t/d=  69.000 | task1=2.915049e-01 | task2=3.445857e-01 | F1=2.641330e-02 | m1²=0.963524 | m2²=0.014943 | eps_w1=3.798622e-01 | eps_w2=1.124493e+00
[step    34750] t/d=  69.500 | task1=2.917157e-01 | task2=3.444291e-01 | F1=2.662409e-02 | m1²=0.963093 | m2²=0.015308 | eps_w1=3.831085e-01 | eps_w2=1.122574e+00
[step    35000] t/d=  70.000 | task1=2.918903e-01 | task2=3.443191e-01 | F1=2.679868e-02 | m1²=0.962728 | m2²=0.015560 | eps_w1=3.856865e-01 | eps_w2=1.121102e+00
[step    35250] t/d=  70.500 | task1=2.920714e-01 | task2=3.442261e-01 | F1=2.697972e-02 | m1²=0.962652 | m2²=0.015623 | eps_w1=3.881956e-01 | eps_w2=1.119688e+00
[step    35500] t/d=  71.000 | task1=2.922493e-01 | task2=3.441298e-01 | F1=2.715768e-02 | m1²=0.962399 | m2²=0.015774 | eps_w1=3.906247e-01 | eps_w2=1.118346e+00
[step    35750] t/d=  71.500 | task1=2.924513e-01 | task2=3.440165e-01 | F1=2.735968e-02 | m1²=0.962058 | m2²=0.016075 | eps_w1=3.931240e-01 | eps_w2=1.116907e+00
[step    36000] t/d=  72.000 | task1=2.926034e-01 | task2=3.439226e-01 | F1=2.751179e-02 | m1²=0.961719 | m2²=0.016371 | eps_w1=3.953715e-01 | eps_w2=1.115617e+00
[step    36250] t/d=  72.500 | task1=2.928090e-01 | task2=3.438109e-01 | F1=2.771740e-02 | m1²=0.961451 | m2²=0.016470 | eps_w1=3.984503e-01 | eps_w2=1.114001e+00
[step    36500] t/d=  73.000 | task1=2.930070e-01 | task2=3.437424e-01 | F1=2.791534e-02 | m1²=0.961236 | m2²=0.016659 | eps_w1=4.012404e-01 | eps_w2=1.112468e+00
[step    36750] t/d=  73.500 | task1=2.931620e-01 | task2=3.436327e-01 | F1=2.807037e-02 | m1²=0.960983 | m2²=0.016796 | eps_w1=4.034685e-01 | eps_w2=1.111298e+00
[step    37000] t/d=  74.000 | task1=2.933303e-01 | task2=3.435382e-01 | F1=2.823868e-02 | m1²=0.960620 | m2²=0.017255 | eps_w1=4.054607e-01 | eps_w2=1.110080e+00
[step    37250] t/d=  74.500 | task1=2.934841e-01 | task2=3.434475e-01 | F1=2.839247e-02 | m1²=0.960228 | m2²=0.017374 | eps_w1=4.077447e-01 | eps_w2=1.108965e+00
[step    37500] t/d=  75.000 | task1=2.936451e-01 | task2=3.433577e-01 | F1=2.855350e-02 | m1²=0.959878 | m2²=0.017723 | eps_w1=4.100912e-01 | eps_w2=1.107650e+00
[step    37750] t/d=  75.500 | task1=2.938122e-01 | task2=3.432831e-01 | F1=2.872053e-02 | m1²=0.959281 | m2²=0.018095 | eps_w1=4.125970e-01 | eps_w2=1.106343e+00
[step    38000] t/d=  76.000 | task1=2.939374e-01 | task2=3.432016e-01 | F1=2.884574e-02 | m1²=0.958988 | m2²=0.018257 | eps_w1=4.144151e-01 | eps_w2=1.105421e+00
[step    38250] t/d=  76.500 | task1=2.940676e-01 | task2=3.430723e-01 | F1=2.897600e-02 | m1²=0.958581 | m2²=0.018523 | eps_w1=4.166631e-01 | eps_w2=1.104259e+00
[step    38500] t/d=  77.000 | task1=2.942403e-01 | task2=3.429876e-01 | F1=2.914871e-02 | m1²=0.958315 | m2²=0.018656 | eps_w1=4.189749e-01 | eps_w2=1.103110e+00
[step    38750] t/d=  77.500 | task1=2.943814e-01 | task2=3.428610e-01 | F1=2.928976e-02 | m1²=0.957924 | m2²=0.018938 | eps_w1=4.215863e-01 | eps_w2=1.101767e+00
[step    39000] t/d=  78.000 | task1=2.945660e-01 | task2=3.427307e-01 | F1=2.947441e-02 | m1²=0.957475 | m2²=0.019319 | eps_w1=4.241160e-01 | eps_w2=1.100430e+00
[step    39250] t/d=  78.500 | task1=2.946694e-01 | task2=3.426597e-01 | F1=2.957776e-02 | m1²=0.957163 | m2²=0.019697 | eps_w1=4.258899e-01 | eps_w2=1.099423e+00
[step    39500] t/d=  79.000 | task1=2.947897e-01 | task2=3.425738e-01 | F1=2.969811e-02 | m1²=0.956889 | m2²=0.019892 | eps_w1=4.278586e-01 | eps_w2=1.098436e+00
[step    39750] t/d=  79.500 | task1=2.949055e-01 | task2=3.424839e-01 | F1=2.981386e-02 | m1²=0.956597 | m2²=0.020149 | eps_w1=4.297926e-01 | eps_w2=1.097436e+00
[step    40000] t/d=  80.000 | task1=2.950110e-01 | task2=3.424018e-01 | F1=2.991937e-02 | m1²=0.956402 | m2²=0.020430 | eps_w1=4.319042e-01 | eps_w2=1.096308e+00
[step    40250] t/d=  80.500 | task1=2.952065e-01 | task2=3.422805e-01 | F1=3.011483e-02 | m1²=0.955555 | m2²=0.020805 | eps_w1=4.347610e-01 | eps_w2=1.095001e+00
[step    40500] t/d=  81.000 | task1=2.954105e-01 | task2=3.421328e-01 | F1=3.031891e-02 | m1²=0.955073 | m2²=0.021000 | eps_w1=4.380628e-01 | eps_w2=1.093487e+00
[step    40750] t/d=  81.500 | task1=2.955479e-01 | task2=3.420836e-01 | F1=3.045627e-02 | m1²=0.954899 | m2²=0.021187 | eps_w1=4.400142e-01 | eps_w2=1.092516e+00
[step    41000] t/d=  82.000 | task1=2.957401e-01 | task2=3.419453e-01 | F1=3.064850e-02 | m1²=0.954445 | m2²=0.021492 | eps_w1=4.431996e-01 | eps_w2=1.091001e+00
[step    41250] t/d=  82.500 | task1=2.958458e-01 | task2=3.418718e-01 | F1=3.075414e-02 | m1²=0.953990 | m2²=0.021731 | eps_w1=4.450484e-01 | eps_w2=1.090151e+00
[step    41500] t/d=  83.000 | task1=2.960658e-01 | task2=3.417633e-01 | F1=3.097418e-02 | m1²=0.953598 | m2²=0.021979 | eps_w1=4.479803e-01 | eps_w2=1.088790e+00
[step    41750] t/d=  83.500 | task1=2.962222e-01 | task2=3.416725e-01 | F1=3.113056e-02 | m1²=0.953160 | m2²=0.022347 | eps_w1=4.504228e-01 | eps_w2=1.087598e+00
[step    42000] t/d=  84.000 | task1=2.963299e-01 | task2=3.415984e-01 | F1=3.123826e-02 | m1²=0.952702 | m2²=0.022913 | eps_w1=4.523459e-01 | eps_w2=1.086526e+00
[step    42250] t/d=  84.500 | task1=2.964306e-01 | task2=3.415188e-01 | F1=3.133893e-02 | m1²=0.952381 | m2²=0.023159 | eps_w1=4.543042e-01 | eps_w2=1.085605e+00
[step    42500] t/d=  85.000 | task1=2.965710e-01 | task2=3.414406e-01 | F1=3.147934e-02 | m1²=0.951738 | m2²=0.023507 | eps_w1=4.563986e-01 | eps_w2=1.084664e+00
[step    42750] t/d=  85.500 | task1=2.967263e-01 | task2=3.413436e-01 | F1=3.163469e-02 | m1²=0.951103 | m2²=0.023977 | eps_w1=4.587923e-01 | eps_w2=1.083519e+00
[step    43000] t/d=  86.000 | task1=2.969165e-01 | task2=3.412522e-01 | F1=3.182484e-02 | m1²=0.950652 | m2²=0.024267 | eps_w1=4.613767e-01 | eps_w2=1.082357e+00
[step    43250] t/d=  86.500 | task1=2.970686e-01 | task2=3.411748e-01 | F1=3.197698e-02 | m1²=0.950216 | m2²=0.024685 | eps_w1=4.630846e-01 | eps_w2=1.081494e+00
[step    43500] t/d=  87.000 | task1=2.972210e-01 | task2=3.410928e-01 | F1=3.212940e-02 | m1²=0.949720 | m2²=0.024982 | eps_w1=4.652852e-01 | eps_w2=1.080519e+00
[step    43750] t/d=  87.500 | task1=2.973195e-01 | task2=3.410273e-01 | F1=3.222784e-02 | m1²=0.949014 | m2²=0.025446 | eps_w1=4.671356e-01 | eps_w2=1.079655e+00
[step    44000] t/d=  88.000 | task1=2.974925e-01 | task2=3.409317e-01 | F1=3.240082e-02 | m1²=0.948666 | m2²=0.025655 | eps_w1=4.697447e-01 | eps_w2=1.078532e+00
[step    44250] t/d=  88.500 | task1=2.976469e-01 | task2=3.408362e-01 | F1=3.255532e-02 | m1²=0.948073 | m2²=0.026001 | eps_w1=4.720568e-01 | eps_w2=1.077526e+00
[step    44500] t/d=  89.000 | task1=2.978072e-01 | task2=3.407386e-01 | F1=3.271558e-02 | m1²=0.947727 | m2²=0.026389 | eps_w1=4.742965e-01 | eps_w2=1.076464e+00
[step    44750] t/d=  89.500 | task1=2.979613e-01 | task2=3.406538e-01 | F1=3.286968e-02 | m1²=0.947575 | m2²=0.026633 | eps_w1=4.760357e-01 | eps_w2=1.075646e+00
[step    45000] t/d=  90.000 | task1=2.980752e-01 | task2=3.405595e-01 | F1=3.298357e-02 | m1²=0.946989 | m2²=0.026905 | eps_w1=4.783701e-01 | eps_w2=1.074694e+00
[step    45250] t/d=  90.500 | task1=2.981637e-01 | task2=3.404971e-01 | F1=3.307206e-02 | m1²=0.946736 | m2²=0.027248 | eps_w1=4.798733e-01 | eps_w2=1.073950e+00
[step    45500] t/d=  91.000 | task1=2.982817e-01 | task2=3.404233e-01 | F1=3.319002e-02 | m1²=0.945905 | m2²=0.027721 | eps_w1=4.814780e-01 | eps_w2=1.073244e+00
[step    45750] t/d=  91.500 | task1=2.984374e-01 | task2=3.403568e-01 | F1=3.334579e-02 | m1²=0.945519 | m2²=0.027923 | eps_w1=4.838513e-01 | eps_w2=1.072281e+00
[step    46000] t/d=  92.000 | task1=2.985813e-01 | task2=3.402504e-01 | F1=3.348970e-02 | m1²=0.944866 | m2²=0.028380 | eps_w1=4.863030e-01 | eps_w2=1.071211e+00
[step    46250] t/d=  92.500 | task1=2.986775e-01 | task2=3.401828e-01 | F1=3.358592e-02 | m1²=0.944321 | m2²=0.029025 | eps_w1=4.876971e-01 | eps_w2=1.070423e+00
[step    46500] t/d=  93.000 | task1=2.988305e-01 | task2=3.400974e-01 | F1=3.373883e-02 | m1²=0.943711 | m2²=0.029580 | eps_w1=4.898726e-01 | eps_w2=1.069405e+00
[step    46750] t/d=  93.500 | task1=2.989673e-01 | task2=3.400240e-01 | F1=3.387568e-02 | m1²=0.943184 | m2²=0.029979 | eps_w1=4.918108e-01 | eps_w2=1.068554e+00
[step    47000] t/d=  94.000 | task1=2.991419e-01 | task2=3.399297e-01 | F1=3.405030e-02 | m1²=0.942357 | m2²=0.030600 | eps_w1=4.945205e-01 | eps_w2=1.067359e+00
[step    47250] t/d=  94.500 | task1=2.992748e-01 | task2=3.398590e-01 | F1=3.418313e-02 | m1²=0.941875 | m2²=0.030978 | eps_w1=4.963743e-01 | eps_w2=1.066554e+00
[step    47500] t/d=  95.000 | task1=2.993994e-01 | task2=3.398072e-01 | F1=3.430777e-02 | m1²=0.941369 | m2²=0.031313 | eps_w1=4.982476e-01 | eps_w2=1.065776e+00
[step    47750] t/d=  95.500 | task1=2.995366e-01 | task2=3.397464e-01 | F1=3.444493e-02 | m1²=0.940880 | m2²=0.031709 | eps_w1=5.001022e-01 | eps_w2=1.064970e+00
[step    48000] t/d=  96.000 | task1=2.996081e-01 | task2=3.396911e-01 | F1=3.451650e-02 | m1²=0.940342 | m2²=0.032238 | eps_w1=5.014740e-01 | eps_w2=1.064282e+00
[step    48250] t/d=  96.500 | task1=2.997148e-01 | task2=3.396110e-01 | F1=3.462316e-02 | m1²=0.939690 | m2²=0.032664 | eps_w1=5.033393e-01 | eps_w2=1.063502e+00
[step    48500] t/d=  97.000 | task1=2.998753e-01 | task2=3.395399e-01 | F1=3.478363e-02 | m1²=0.939041 | m2²=0.033298 | eps_w1=5.052900e-01 | eps_w2=1.062574e+00
[step    48750] t/d=  97.500 | task1=2.999911e-01 | task2=3.394937e-01 | F1=3.489951e-02 | m1²=0.938668 | m2²=0.033473 | eps_w1=5.067071e-01 | eps_w2=1.062044e+00
[step    49000] t/d=  98.000 | task1=3.001571e-01 | task2=3.394069e-01 | F1=3.506551e-02 | m1²=0.937970 | m2²=0.034050 | eps_w1=5.093817e-01 | eps_w2=1.060907e+00
[step    49250] t/d=  98.500 | task1=3.003042e-01 | task2=3.393385e-01 | F1=3.521259e-02 | m1²=0.937623 | m2²=0.034396 | eps_w1=5.112363e-01 | eps_w2=1.060125e+00
[step    49500] t/d=  99.000 | task1=3.004353e-01 | task2=3.392506e-01 | F1=3.534369e-02 | m1²=0.936935 | m2²=0.034996 | eps_w1=5.133440e-01 | eps_w2=1.059190e+00
[step    49750] t/d=  99.500 | task1=3.005500e-01 | task2=3.391851e-01 | F1=3.545837e-02 | m1²=0.936091 | m2²=0.035771 | eps_w1=5.147522e-01 | eps_w2=1.058443e+00
[step    50000] t/d= 100.000 | task1=3.006418e-01 | task2=3.391232e-01 | F1=3.555020e-02 | m1²=0.935550 | m2²=0.036398 | eps_w1=5.160861e-01 | eps_w2=1.057742e+00
Saved checkpoint: results/quality_pretraining/finetunetask2_d500_T5/prestep_0_task1step_250000_lr0p01_task1wseed21_task1sgdseed22_task2sgdseed42/checkpoints/step_000050000
[step    50250] t/d= 100.500 | task1=3.007668e-01 | task2=3.390519e-01 | F1=3.567514e-02 | m1²=0.934684 | m2²=0.037085 | eps_w1=5.178969e-01 | eps_w2=1.056913e+00
[step    50500] t/d= 101.000 | task1=3.009160e-01 | task2=3.389635e-01 | F1=3.582433e-02 | m1²=0.933745 | m2²=0.037840 | eps_w1=5.202092e-01 | eps_w2=1.055894e+00
[step    50750] t/d= 101.500 | task1=3.010350e-01 | task2=3.388991e-01 | F1=3.594340e-02 | m1²=0.933201 | m2²=0.038358 | eps_w1=5.218980e-01 | eps_w2=1.055142e+00
[step    51000] t/d= 102.000 | task1=3.011873e-01 | task2=3.387950e-01 | F1=3.609570e-02 | m1²=0.932081 | m2²=0.039196 | eps_w1=5.244488e-01 | eps_w2=1.054044e+00
[step    51250] t/d= 102.500 | task1=3.013129e-01 | task2=3.387535e-01 | F1=3.622131e-02 | m1²=0.931592 | m2²=0.039676 | eps_w1=5.261412e-01 | eps_w2=1.053310e+00
[step    51500] t/d= 103.000 | task1=3.014135e-01 | task2=3.386955e-01 | F1=3.632187e-02 | m1²=0.931061 | m2²=0.040214 | eps_w1=5.278317e-01 | eps_w2=1.052557e+00
[step    51750] t/d= 103.500 | task1=3.015646e-01 | task2=3.386153e-01 | F1=3.647297e-02 | m1²=0.930229 | m2²=0.040853 | eps_w1=5.300436e-01 | eps_w2=1.051640e+00
[step    52000] t/d= 104.000 | task1=3.016911e-01 | task2=3.385562e-01 | F1=3.659944e-02 | m1²=0.929304 | m2²=0.041482 | eps_w1=5.317646e-01 | eps_w2=1.050915e+00
[step    52250] t/d= 104.500 | task1=3.018461e-01 | task2=3.385048e-01 | F1=3.675452e-02 | m1²=0.928653 | m2²=0.042232 | eps_w1=5.338747e-01 | eps_w2=1.049946e+00
[step    52500] t/d= 105.000 | task1=3.019416e-01 | task2=3.384411e-01 | F1=3.684994e-02 | m1²=0.928093 | m2²=0.042784 | eps_w1=5.354319e-01 | eps_w2=1.049253e+00
[step    52750] t/d= 105.500 | task1=3.020458e-01 | task2=3.383617e-01 | F1=3.695415e-02 | m1²=0.927496 | m2²=0.043380 | eps_w1=5.370418e-01 | eps_w2=1.048528e+00
[step    53000] t/d= 106.000 | task1=3.021809e-01 | task2=3.383027e-01 | F1=3.708931e-02 | m1²=0.926633 | m2²=0.044065 | eps_w1=5.388968e-01 | eps_w2=1.047733e+00
[step    53250] t/d= 106.500 | task1=3.022781e-01 | task2=3.382344e-01 | F1=3.718643e-02 | m1²=0.925876 | m2²=0.044875 | eps_w1=5.404849e-01 | eps_w2=1.046939e+00
[step    53500] t/d= 107.000 | task1=3.024310e-01 | task2=3.381459e-01 | F1=3.733940e-02 | m1²=0.925143 | m2²=0.045620 | eps_w1=5.424544e-01 | eps_w2=1.046059e+00
[step    53750] t/d= 107.500 | task1=3.025900e-01 | task2=3.380503e-01 | F1=3.749834e-02 | m1²=0.924303 | m2²=0.046236 | eps_w1=5.447147e-01 | eps_w2=1.045182e+00
[step    54000] t/d= 108.000 | task1=3.027260e-01 | task2=3.379742e-01 | F1=3.763438e-02 | m1²=0.923176 | m2²=0.047072 | eps_w1=5.468328e-01 | eps_w2=1.044290e+00
[step    54250] t/d= 108.500 | task1=3.028753e-01 | task2=3.379046e-01 | F1=3.778371e-02 | m1²=0.922527 | m2²=0.047910 | eps_w1=5.489851e-01 | eps_w2=1.043308e+00
[step    54500] t/d= 109.000 | task1=3.029361e-01 | task2=3.378563e-01 | F1=3.784450e-02 | m1²=0.921718 | m2²=0.048709 | eps_w1=5.501705e-01 | eps_w2=1.042673e+00
[step    54750] t/d= 109.500 | task1=3.030722e-01 | task2=3.378027e-01 | F1=3.798058e-02 | m1²=0.920624 | m2²=0.049671 | eps_w1=5.521867e-01 | eps_w2=1.041755e+00
[step    55000] t/d= 110.000 | task1=3.031636e-01 | task2=3.377355e-01 | F1=3.807193e-02 | m1²=0.920069 | m2²=0.050262 | eps_w1=5.535331e-01 | eps_w2=1.041141e+00
[step    55250] t/d= 110.500 | task1=3.032848e-01 | task2=3.376757e-01 | F1=3.819314e-02 | m1²=0.919463 | m2²=0.050850 | eps_w1=5.552373e-01 | eps_w2=1.040435e+00
[step    55500] t/d= 111.000 | task1=3.034104e-01 | task2=3.376283e-01 | F1=3.831872e-02 | m1²=0.918827 | m2²=0.051535 | eps_w1=5.570170e-01 | eps_w2=1.039666e+00
[step    55750] t/d= 111.500 | task1=3.035230e-01 | task2=3.375727e-01 | F1=3.843133e-02 | m1²=0.917952 | m2²=0.052290 | eps_w1=5.584555e-01 | eps_w2=1.039003e+00
[step    56000] t/d= 112.000 | task1=3.035978e-01 | task2=3.375135e-01 | F1=3.850621e-02 | m1²=0.916732 | m2²=0.053389 | eps_w1=5.597715e-01 | eps_w2=1.038259e+00
[step    56250] t/d= 112.500 | task1=3.036743e-01 | task2=3.374756e-01 | F1=3.858271e-02 | m1²=0.916193 | m2²=0.053810 | eps_w1=5.607027e-01 | eps_w2=1.037864e+00
[step    56500] t/d= 113.000 | task1=3.037526e-01 | task2=3.374372e-01 | F1=3.866095e-02 | m1²=0.915313 | m2²=0.054574 | eps_w1=5.621816e-01 | eps_w2=1.037192e+00
[step    56750] t/d= 113.500 | task1=3.038620e-01 | task2=3.373967e-01 | F1=3.877040e-02 | m1²=0.914772 | m2²=0.055281 | eps_w1=5.638798e-01 | eps_w2=1.036436e+00
[step    57000] t/d= 114.000 | task1=3.039719e-01 | task2=3.373608e-01 | F1=3.888027e-02 | m1²=0.914109 | m2²=0.055983 | eps_w1=5.654895e-01 | eps_w2=1.035732e+00
[step    57250] t/d= 114.500 | task1=3.040710e-01 | task2=3.373298e-01 | F1=3.897937e-02 | m1²=0.912972 | m2²=0.056933 | eps_w1=5.669200e-01 | eps_w2=1.035030e+00
[step    57500] t/d= 115.000 | task1=3.041695e-01 | task2=3.372842e-01 | F1=3.907787e-02 | m1²=0.912034 | m2²=0.057927 | eps_w1=5.683126e-01 | eps_w2=1.034287e+00
[step    57750] t/d= 115.500 | task1=3.042887e-01 | task2=3.371946e-01 | F1=3.919704e-02 | m1²=0.910780 | m2²=0.058930 | eps_w1=5.700635e-01 | eps_w2=1.033493e+00
[step    58000] t/d= 116.000 | task1=3.043828e-01 | task2=3.371630e-01 | F1=3.929114e-02 | m1²=0.909861 | m2²=0.059644 | eps_w1=5.713767e-01 | eps_w2=1.032916e+00
[step    58250] t/d= 116.500 | task1=3.045164e-01 | task2=3.371090e-01 | F1=3.942477e-02 | m1²=0.908816 | m2²=0.060621 | eps_w1=5.733674e-01 | eps_w2=1.032045e+00
[step    58500] t/d= 117.000 | task1=3.046228e-01 | task2=3.370682e-01 | F1=3.953114e-02 | m1²=0.907880 | m2²=0.061340 | eps_w1=5.745401e-01 | eps_w2=1.031510e+00
[step    58750] t/d= 117.500 | task1=3.047632e-01 | task2=3.369996e-01 | F1=3.967153e-02 | m1²=0.907097 | m2²=0.061949 | eps_w1=5.763634e-01 | eps_w2=1.030836e+00
[step    59000] t/d= 118.000 | task1=3.048773e-01 | task2=3.369386e-01 | F1=3.978562e-02 | m1²=0.906100 | m2²=0.062899 | eps_w1=5.779460e-01 | eps_w2=1.030092e+00
[step    59250] t/d= 118.500 | task1=3.050719e-01 | task2=3.368446e-01 | F1=3.998031e-02 | m1²=0.904932 | m2²=0.064084 | eps_w1=5.804611e-01 | eps_w2=1.029016e+00
[step    59500] t/d= 119.000 | task1=3.051693e-01 | task2=3.368111e-01 | F1=4.007766e-02 | m1²=0.904011 | m2²=0.064887 | eps_w1=5.818991e-01 | eps_w2=1.028380e+00
[step    59750] t/d= 119.500 | task1=3.052684e-01 | task2=3.367664e-01 | F1=4.017676e-02 | m1²=0.903167 | m2²=0.065830 | eps_w1=5.833431e-01 | eps_w2=1.027665e+00
[step    60000] t/d= 120.000 | task1=3.054027e-01 | task2=3.366793e-01 | F1=4.031105e-02 | m1²=0.901955 | m2²=0.066749 | eps_w1=5.855223e-01 | eps_w2=1.026829e+00
[step    60250] t/d= 120.500 | task1=3.055110e-01 | task2=3.365946e-01 | F1=4.041933e-02 | m1²=0.900771 | m2²=0.067689 | eps_w1=5.870735e-01 | eps_w2=1.026143e+00
[step    60500] t/d= 121.000 | task1=3.055731e-01 | task2=3.365427e-01 | F1=4.048147e-02 | m1²=0.899839 | m2²=0.068613 | eps_w1=5.880909e-01 | eps_w2=1.025565e+00
[step    60750] t/d= 121.500 | task1=3.056850e-01 | task2=3.364829e-01 | F1=4.059338e-02 | m1²=0.898753 | m2²=0.069418 | eps_w1=5.896606e-01 | eps_w2=1.024931e+00
[step    61000] t/d= 122.000 | task1=3.057767e-01 | task2=3.364168e-01 | F1=4.068512e-02 | m1²=0.897618 | m2²=0.070441 | eps_w1=5.913000e-01 | eps_w2=1.024184e+00
[step    61250] t/d= 122.500 | task1=3.059507e-01 | task2=3.363376e-01 | F1=4.085902e-02 | m1²=0.896032 | m2²=0.071999 | eps_w1=5.936273e-01 | eps_w2=1.023075e+00
[step    61500] t/d= 123.000 | task1=3.060402e-01 | task2=3.363034e-01 | F1=4.094861e-02 | m1²=0.894774 | m2²=0.073204 | eps_w1=5.949212e-01 | eps_w2=1.022347e+00
[step    61750] t/d= 123.500 | task1=3.061149e-01 | task2=3.362545e-01 | F1=4.102330e-02 | m1²=0.893847 | m2²=0.074549 | eps_w1=5.956797e-01 | eps_w2=1.021640e+00
[step    62000] t/d= 124.000 | task1=3.062077e-01 | task2=3.362233e-01 | F1=4.111608e-02 | m1²=0.892944 | m2²=0.075511 | eps_w1=5.971180e-01 | eps_w2=1.020954e+00
[step    62250] t/d= 124.500 | task1=3.063076e-01 | task2=3.361628e-01 | F1=4.121601e-02 | m1²=0.891751 | m2²=0.076579 | eps_w1=5.986471e-01 | eps_w2=1.020235e+00
[step    62500] t/d= 125.000 | task1=3.064567e-01 | task2=3.360898e-01 | F1=4.136506e-02 | m1²=0.890491 | m2²=0.077648 | eps_w1=6.007990e-01 | eps_w2=1.019384e+00
[step    62750] t/d= 125.500 | task1=3.065728e-01 | task2=3.360387e-01 | F1=4.148119e-02 | m1²=0.889330 | m2²=0.078667 | eps_w1=6.023485e-01 | eps_w2=1.018688e+00
[step    63000] t/d= 126.000 | task1=3.066852e-01 | task2=3.359686e-01 | F1=4.159355e-02 | m1²=0.888155 | m2²=0.079684 | eps_w1=6.041623e-01 | eps_w2=1.017938e+00
[step    63250] t/d= 126.500 | task1=3.068110e-01 | task2=3.359165e-01 | F1=4.171942e-02 | m1²=0.887157 | m2²=0.080529 | eps_w1=6.058533e-01 | eps_w2=1.017279e+00
[step    63500] t/d= 127.000 | task1=3.068705e-01 | task2=3.358781e-01 | F1=4.177889e-02 | m1²=0.886224 | m2²=0.081439 | eps_w1=6.070515e-01 | eps_w2=1.016695e+00
[step    63750] t/d= 127.500 | task1=3.069902e-01 | task2=3.358082e-01 | F1=4.189852e-02 | m1²=0.885275 | m2²=0.082439 | eps_w1=6.085974e-01 | eps_w2=1.015998e+00
[step    64000] t/d= 128.000 | task1=3.070999e-01 | task2=3.357699e-01 | F1=4.200823e-02 | m1²=0.883918 | m2²=0.083625 | eps_w1=6.100202e-01 | eps_w2=1.015289e+00
[step    64250] t/d= 128.500 | task1=3.071914e-01 | task2=3.356774e-01 | F1=4.209974e-02 | m1²=0.882438 | m2²=0.085078 | eps_w1=6.112467e-01 | eps_w2=1.014513e+00
[step    64500] t/d= 129.000 | task1=3.072777e-01 | task2=3.356163e-01 | F1=4.218603e-02 | m1²=0.881052 | m2²=0.086230 | eps_w1=6.125454e-01 | eps_w2=1.013854e+00
[step    64750] t/d= 129.500 | task1=3.073682e-01 | task2=3.355501e-01 | F1=4.227659e-02 | m1²=0.879778 | m2²=0.087497 | eps_w1=6.140496e-01 | eps_w2=1.013089e+00
[step    65000] t/d= 130.000 | task1=3.074518e-01 | task2=3.354925e-01 | F1=4.236022e-02 | m1²=0.878653 | m2²=0.088427 | eps_w1=6.154577e-01 | eps_w2=1.012487e+00
[step    65250] t/d= 130.500 | task1=3.075585e-01 | task2=3.354469e-01 | F1=4.246688e-02 | m1²=0.877400 | m2²=0.089685 | eps_w1=6.166891e-01 | eps_w2=1.011785e+00
[step    65500] t/d= 131.000 | task1=3.076338e-01 | task2=3.353862e-01 | F1=4.254221e-02 | m1²=0.876178 | m2²=0.091175 | eps_w1=6.179032e-01 | eps_w2=1.010979e+00
[step    65750] t/d= 131.500 | task1=3.077582e-01 | task2=3.353153e-01 | F1=4.266661e-02 | m1²=0.874607 | m2²=0.092369 | eps_w1=6.197497e-01 | eps_w2=1.010221e+00
[step    66000] t/d= 132.000 | task1=3.078579e-01 | task2=3.352459e-01 | F1=4.276629e-02 | m1²=0.873126 | m2²=0.093660 | eps_w1=6.212102e-01 | eps_w2=1.009489e+00
[step    66250] t/d= 132.500 | task1=3.079743e-01 | task2=3.351774e-01 | F1=4.288266e-02 | m1²=0.872033 | m2²=0.094823 | eps_w1=6.227425e-01 | eps_w2=1.008767e+00
[step    66500] t/d= 133.000 | task1=3.080528e-01 | task2=3.351471e-01 | F1=4.296113e-02 | m1²=0.871212 | m2²=0.095679 | eps_w1=6.238505e-01 | eps_w2=1.008243e+00
[step    66750] t/d= 133.500 | task1=3.081564e-01 | task2=3.350775e-01 | F1=4.306479e-02 | m1²=0.869285 | m2²=0.097370 | eps_w1=6.250209e-01 | eps_w2=1.007436e+00
[step    67000] t/d= 134.000 | task1=3.082554e-01 | task2=3.350082e-01 | F1=4.316378e-02 | m1²=0.868097 | m2²=0.098783 | eps_w1=6.263382e-01 | eps_w2=1.006658e+00
[step    67250] t/d= 134.500 | task1=3.083619e-01 | task2=3.349202e-01 | F1=4.327031e-02 | m1²=0.866091 | m2²=0.100628 | eps_w1=6.277928e-01 | eps_w2=1.005738e+00
[step    67500] t/d= 135.000 | task1=3.084379e-01 | task2=3.348626e-01 | F1=4.334632e-02 | m1²=0.864936 | m2²=0.101850 | eps_w1=6.288197e-01 | eps_w2=1.005103e+00
[step    67750] t/d= 135.500 | task1=3.085454e-01 | task2=3.348003e-01 | F1=4.345376e-02 | m1²=0.863832 | m2²=0.102981 | eps_w1=6.303551e-01 | eps_w2=1.004414e+00
[step    68000] t/d= 136.000 | task1=3.086711e-01 | task2=3.347269e-01 | F1=4.357945e-02 | m1²=0.861977 | m2²=0.104614 | eps_w1=6.321569e-01 | eps_w2=1.003522e+00
[step    68250] t/d= 136.500 | task1=3.087472e-01 | task2=3.346958e-01 | F1=4.365556e-02 | m1²=0.860774 | m2²=0.105886 | eps_w1=6.331439e-01 | eps_w2=1.002883e+00
[step    68500] t/d= 137.000 | task1=3.088552e-01 | task2=3.346251e-01 | F1=4.376359e-02 | m1²=0.859139 | m2²=0.107408 | eps_w1=6.347167e-01 | eps_w2=1.002068e+00
[step    68750] t/d= 137.500 | task1=3.089428e-01 | task2=3.345311e-01 | F1=4.385122e-02 | m1²=0.857204 | m2²=0.109232 | eps_w1=6.361622e-01 | eps_w2=1.001169e+00
[step    69000] t/d= 138.000 | task1=3.090323e-01 | task2=3.344738e-01 | F1=4.394068e-02 | m1²=0.855790 | m2²=0.110550 | eps_w1=6.374585e-01 | eps_w2=1.000479e+00
[step    69250] t/d= 138.500 | task1=3.091171e-01 | task2=3.344026e-01 | F1=4.402551e-02 | m1²=0.854197 | m2²=0.112257 | eps_w1=6.388614e-01 | eps_w2=9.996162e-01
[step    69500] t/d= 139.000 | task1=3.092051e-01 | task2=3.343375e-01 | F1=4.411351e-02 | m1²=0.852335 | m2²=0.114029 | eps_w1=6.400884e-01 | eps_w2=9.987770e-01
[step    69750] t/d= 139.500 | task1=3.093282e-01 | task2=3.342671e-01 | F1=4.423659e-02 | m1²=0.850769 | m2²=0.115463 | eps_w1=6.417707e-01 | eps_w2=9.979937e-01
[step    70000] t/d= 140.000 | task1=3.094090e-01 | task2=3.341969e-01 | F1=4.431740e-02 | m1²=0.849450 | m2²=0.117028 | eps_w1=6.427927e-01 | eps_w2=9.972411e-01
[step    70250] t/d= 140.500 | task1=3.095029e-01 | task2=3.341184e-01 | F1=4.441127e-02 | m1²=0.848131 | m2²=0.118717 | eps_w1=6.440646e-01 | eps_w2=9.963967e-01
[step    70500] t/d= 141.000 | task1=3.096052e-01 | task2=3.340409e-01 | F1=4.451361e-02 | m1²=0.846290 | m2²=0.120688 | eps_w1=6.455039e-01 | eps_w2=9.954442e-01
[step    70750] t/d= 141.500 | task1=3.096610e-01 | task2=3.339895e-01 | F1=4.456933e-02 | m1²=0.844609 | m2²=0.122372 | eps_w1=6.463867e-01 | eps_w2=9.946920e-01
[step    71000] t/d= 142.000 | task1=3.097438e-01 | task2=3.339242e-01 | F1=4.465214e-02 | m1²=0.843172 | m2²=0.123664 | eps_w1=6.474559e-01 | eps_w2=9.940683e-01
[step    71250] t/d= 142.500 | task1=3.098372e-01 | task2=3.338736e-01 | F1=4.474561e-02 | m1²=0.841589 | m2²=0.125182 | eps_w1=6.484268e-01 | eps_w2=9.933710e-01
[step    71500] t/d= 143.000 | task1=3.099584e-01 | task2=3.337957e-01 | F1=4.486680e-02 | m1²=0.839728 | m2²=0.127261 | eps_w1=6.498908e-01 | eps_w2=9.923774e-01
[step    71750] t/d= 143.500 | task1=3.100285e-01 | task2=3.337215e-01 | F1=4.493688e-02 | m1²=0.837981 | m2²=0.129216 | eps_w1=6.509840e-01 | eps_w2=9.914844e-01
[step    72000] t/d= 144.000 | task1=3.101404e-01 | task2=3.336276e-01 | F1=4.504877e-02 | m1²=0.835837 | m2²=0.131318 | eps_w1=6.523220e-01 | eps_w2=9.905219e-01
[step    72250] t/d= 144.500 | task1=3.102267e-01 | task2=3.335512e-01 | F1=4.513503e-02 | m1²=0.834213 | m2²=0.132953 | eps_w1=6.537457e-01 | eps_w2=9.897208e-01
[step    72500] t/d= 145.000 | task1=3.103230e-01 | task2=3.334758e-01 | F1=4.523138e-02 | m1²=0.832631 | m2²=0.134683 | eps_w1=6.550199e-01 | eps_w2=9.888982e-01
[step    72750] t/d= 145.500 | task1=3.103999e-01 | task2=3.334231e-01 | F1=4.530822e-02 | m1²=0.831018 | m2²=0.136355 | eps_w1=6.558663e-01 | eps_w2=9.881592e-01
[step    73000] t/d= 146.000 | task1=3.104747e-01 | task2=3.333669e-01 | F1=4.538304e-02 | m1²=0.829431 | m2²=0.137958 | eps_w1=6.568601e-01 | eps_w2=9.874311e-01
[step    73250] t/d= 146.500 | task1=3.105642e-01 | task2=3.332977e-01 | F1=4.547261e-02 | m1²=0.827456 | m2²=0.139954 | eps_w1=6.580117e-01 | eps_w2=9.865359e-01
[step    73500] t/d= 147.000 | task1=3.106472e-01 | task2=3.332259e-01 | F1=4.555560e-02 | m1²=0.825552 | m2²=0.141877 | eps_w1=6.591698e-01 | eps_w2=9.856687e-01
[step    73750] t/d= 147.500 | task1=3.107127e-01 | task2=3.331466e-01 | F1=4.562109e-02 | m1²=0.823676 | m2²=0.143645 | eps_w1=6.603237e-01 | eps_w2=9.848693e-01
[step    74000] t/d= 148.000 | task1=3.107617e-01 | task2=3.330906e-01 | F1=4.567008e-02 | m1²=0.821949 | m2²=0.145114 | eps_w1=6.611355e-01 | eps_w2=9.842323e-01
[step    74250] t/d= 148.500 | task1=3.108500e-01 | task2=3.330406e-01 | F1=4.575837e-02 | m1²=0.820340 | m2²=0.146824 | eps_w1=6.623481e-01 | eps_w2=9.834389e-01
[step    74500] t/d= 149.000 | task1=3.109505e-01 | task2=3.329748e-01 | F1=4.585888e-02 | m1²=0.818466 | m2²=0.148626 | eps_w1=6.638921e-01 | eps_w2=9.825866e-01
[step    74750] t/d= 149.500 | task1=3.110546e-01 | task2=3.328820e-01 | F1=4.596293e-02 | m1²=0.816046 | m2²=0.151096 | eps_w1=6.653712e-01 | eps_w2=9.814824e-01
[step    75000] t/d= 150.000 | task1=3.111903e-01 | task2=3.328061e-01 | F1=4.609866e-02 | m1²=0.813427 | m2²=0.153550 | eps_w1=6.673736e-01 | eps_w2=9.803448e-01
[step    75250] t/d= 150.500 | task1=3.112683e-01 | task2=3.327482e-01 | F1=4.617663e-02 | m1²=0.811825 | m2²=0.155675 | eps_w1=6.682761e-01 | eps_w2=9.794132e-01
[step    75500] t/d= 151.000 | task1=3.113798e-01 | task2=3.326282e-01 | F1=4.628814e-02 | m1²=0.809775 | m2²=0.157955 | eps_w1=6.695579e-01 | eps_w2=9.784004e-01
[step    75750] t/d= 151.500 | task1=3.114486e-01 | task2=3.325477e-01 | F1=4.635694e-02 | m1²=0.807872 | m2²=0.160120 | eps_w1=6.702689e-01 | eps_w2=9.774838e-01
[step    76000] t/d= 152.000 | task1=3.115200e-01 | task2=3.324923e-01 | F1=4.642841e-02 | m1²=0.805974 | m2²=0.162089 | eps_w1=6.712796e-01 | eps_w2=9.766245e-01
[step    76250] t/d= 152.500 | task1=3.116070e-01 | task2=3.324365e-01 | F1=4.651536e-02 | m1²=0.803736 | m2²=0.164156 | eps_w1=6.724083e-01 | eps_w2=9.757273e-01
[step    76500] t/d= 153.000 | task1=3.117275e-01 | task2=3.323537e-01 | F1=4.663583e-02 | m1²=0.801212 | m2²=0.166434 | eps_w1=6.742683e-01 | eps_w2=9.746921e-01
[step    76750] t/d= 153.500 | task1=3.117845e-01 | task2=3.323051e-01 | F1=4.669288e-02 | m1²=0.799622 | m2²=0.168079 | eps_w1=6.750525e-01 | eps_w2=9.739817e-01
[step    77000] t/d= 154.000 | task1=3.118373e-01 | task2=3.322436e-01 | F1=4.674567e-02 | m1²=0.797800 | m2²=0.169957 | eps_w1=6.758748e-01 | eps_w2=9.731765e-01
[step    77250] t/d= 154.500 | task1=3.119560e-01 | task2=3.321717e-01 | F1=4.686435e-02 | m1²=0.795568 | m2²=0.172231 | eps_w1=6.776854e-01 | eps_w2=9.721457e-01
[step    77500] t/d= 155.000 | task1=3.120492e-01 | task2=3.321099e-01 | F1=4.695756e-02 | m1²=0.793932 | m2²=0.174096 | eps_w1=6.790131e-01 | eps_w2=9.713085e-01
[step    77750] t/d= 155.500 | task1=3.121298e-01 | task2=3.320289e-01 | F1=4.703820e-02 | m1²=0.791793 | m2²=0.176120 | eps_w1=6.801988e-01 | eps_w2=9.704307e-01
[step    78000] t/d= 156.000 | task1=3.122389e-01 | task2=3.319599e-01 | F1=4.714728e-02 | m1²=0.789698 | m2²=0.178385 | eps_w1=6.816494e-01 | eps_w2=9.694340e-01
[step    78250] t/d= 156.500 | task1=3.123430e-01 | task2=3.318503e-01 | F1=4.725137e-02 | m1²=0.787084 | m2²=0.181136 | eps_w1=6.831183e-01 | eps_w2=9.682451e-01
[step    78500] t/d= 157.000 | task1=3.124379e-01 | task2=3.317698e-01 | F1=4.734623e-02 | m1²=0.785080 | m2²=0.183293 | eps_w1=6.845401e-01 | eps_w2=9.673002e-01
[step    78750] t/d= 157.500 | task1=3.125325e-01 | task2=3.317018e-01 | F1=4.744083e-02 | m1²=0.783252 | m2²=0.185200 | eps_w1=6.856816e-01 | eps_w2=9.664741e-01
[step    79000] t/d= 158.000 | task1=3.126085e-01 | task2=3.316252e-01 | F1=4.751688e-02 | m1²=0.781186 | m2²=0.187052 | eps_w1=6.866886e-01 | eps_w2=9.656838e-01
[step    79250] t/d= 158.500 | task1=3.126779e-01 | task2=3.315461e-01 | F1=4.758623e-02 | m1²=0.778912 | m2²=0.189272 | eps_w1=6.877105e-01 | eps_w2=9.647406e-01
[step    79500] t/d= 159.000 | task1=3.127408e-01 | task2=3.314773e-01 | F1=4.764917e-02 | m1²=0.777048 | m2²=0.191279 | eps_w1=6.887133e-01 | eps_w2=9.638810e-01
[step    79750] t/d= 159.500 | task1=3.128178e-01 | task2=3.313952e-01 | F1=4.772616e-02 | m1²=0.774619 | m2²=0.193662 | eps_w1=6.898196e-01 | eps_w2=9.628672e-01
[step    80000] t/d= 160.000 | task1=3.129193e-01 | task2=3.312886e-01 | F1=4.782763e-02 | m1²=0.771912 | m2²=0.196438 | eps_w1=6.910582e-01 | eps_w2=9.616860e-01
[step    80250] t/d= 160.500 | task1=3.129968e-01 | task2=3.312057e-01 | F1=4.790516e-02 | m1²=0.769706 | m2²=0.198883 | eps_w1=6.918221e-01 | eps_w2=9.606515e-01
[step    80500] t/d= 161.000 | task1=3.130861e-01 | task2=3.310997e-01 | F1=4.799444e-02 | m1²=0.766972 | m2²=0.201567 | eps_w1=6.929765e-01 | eps_w2=9.595094e-01
[step    80750] t/d= 161.500 | task1=3.131969e-01 | task2=3.310203e-01 | F1=4.810523e-02 | m1²=0.764636 | m2²=0.204034 | eps_w1=6.941723e-01 | eps_w2=9.584555e-01
[step    81000] t/d= 162.000 | task1=3.133091e-01 | task2=3.309546e-01 | F1=4.821749e-02 | m1²=0.762323 | m2²=0.206694 | eps_w1=6.954355e-01 | eps_w2=9.573190e-01
[step    81250] t/d= 162.500 | task1=3.134102e-01 | task2=3.308588e-01 | F1=4.831861e-02 | m1²=0.759926 | m2²=0.209077 | eps_w1=6.967286e-01 | eps_w2=9.563021e-01
[step    81500] t/d= 163.000 | task1=3.134896e-01 | task2=3.307756e-01 | F1=4.839798e-02 | m1²=0.757145 | m2²=0.211589 | eps_w1=6.976386e-01 | eps_w2=9.552330e-01
[step    81750] t/d= 163.500 | task1=3.135746e-01 | task2=3.306777e-01 | F1=4.848293e-02 | m1²=0.754589 | m2²=0.214584 | eps_w1=6.987482e-01 | eps_w2=9.539551e-01
[step    82000] t/d= 164.000 | task1=3.136578e-01 | task2=3.305818e-01 | F1=4.856622e-02 | m1²=0.751934 | m2²=0.217449 | eps_w1=6.998861e-01 | eps_w2=9.527311e-01
[step    82250] t/d= 164.500 | task1=3.137408e-01 | task2=3.304964e-01 | F1=4.864912e-02 | m1²=0.749123 | m2²=0.220273 | eps_w1=7.009392e-01 | eps_w2=9.515220e-01
[step    82500] t/d= 165.000 | task1=3.138111e-01 | task2=3.304008e-01 | F1=4.871942e-02 | m1²=0.746529 | m2²=0.223236 | eps_w1=7.019414e-01 | eps_w2=9.502513e-01
[step    82750] t/d= 165.500 | task1=3.138944e-01 | task2=3.303179e-01 | F1=4.880279e-02 | m1²=0.744475 | m2²=0.225579 | eps_w1=7.029721e-01 | eps_w2=9.492499e-01
[step    83000] t/d= 166.000 | task1=3.139816e-01 | task2=3.302362e-01 | F1=4.889000e-02 | m1²=0.742298 | m2²=0.227793 | eps_w1=7.042655e-01 | eps_w2=9.483092e-01
[step    83250] t/d= 166.500 | task1=3.141033e-01 | task2=3.301204e-01 | F1=4.901163e-02 | m1²=0.739078 | m2²=0.231257 | eps_w1=7.058799e-01 | eps_w2=9.468313e-01
[step    83500] t/d= 167.000 | task1=3.141872e-01 | task2=3.300178e-01 | F1=4.909557e-02 | m1²=0.736032 | m2²=0.234424 | eps_w1=7.071125e-01 | eps_w2=9.454705e-01
[step    83750] t/d= 167.500 | task1=3.142957e-01 | task2=3.299172e-01 | F1=4.920411e-02 | m1²=0.732807 | m2²=0.237742 | eps_w1=7.084210e-01 | eps_w2=9.440422e-01
[step    84000] t/d= 168.000 | task1=3.143872e-01 | task2=3.298240e-01 | F1=4.929557e-02 | m1²=0.730017 | m2²=0.240792 | eps_w1=7.097012e-01 | eps_w2=9.427342e-01
[step    84250] t/d= 168.500 | task1=3.144502e-01 | task2=3.297442e-01 | F1=4.935860e-02 | m1²=0.727930 | m2²=0.243081 | eps_w1=7.103772e-01 | eps_w2=9.417376e-01
[step    84500] t/d= 169.000 | task1=3.145706e-01 | task2=3.296499e-01 | F1=4.947900e-02 | m1²=0.724993 | m2²=0.246002 | eps_w1=7.117915e-01 | eps_w2=9.404867e-01
[step    84750] t/d= 169.500 | task1=3.146349e-01 | task2=3.295571e-01 | F1=4.954329e-02 | m1²=0.722448 | m2²=0.248626 | eps_w1=7.129480e-01 | eps_w2=9.393584e-01
[step    85000] t/d= 170.000 | task1=3.147271e-01 | task2=3.294525e-01 | F1=4.963548e-02 | m1²=0.719461 | m2²=0.251429 | eps_w1=7.140850e-01 | eps_w2=9.381371e-01
[step    85250] t/d= 170.500 | task1=3.148338e-01 | task2=3.293482e-01 | F1=4.974217e-02 | m1²=0.716579 | m2²=0.254350 | eps_w1=7.152267e-01 | eps_w2=9.368658e-01
[step    85500] t/d= 171.000 | task1=3.149280e-01 | task2=3.292538e-01 | F1=4.983637e-02 | m1²=0.713622 | m2²=0.257238 | eps_w1=7.166260e-01 | eps_w2=9.356239e-01
[step    85750] t/d= 171.500 | task1=3.149988e-01 | task2=3.291644e-01 | F1=4.990713e-02 | m1²=0.710934 | m2²=0.259981 | eps_w1=7.177546e-01 | eps_w2=9.344323e-01
[step    86000] t/d= 172.000 | task1=3.151066e-01 | task2=3.290602e-01 | F1=5.001495e-02 | m1²=0.708010 | m2²=0.263123 | eps_w1=7.190668e-01 | eps_w2=9.330736e-01
[step    86250] t/d= 172.500 | task1=3.152119e-01 | task2=3.289609e-01 | F1=5.012025e-02 | m1²=0.705186 | m2²=0.266093 | eps_w1=7.204372e-01 | eps_w2=9.317979e-01
[step    86500] t/d= 173.000 | task1=3.153033e-01 | task2=3.288746e-01 | F1=5.021164e-02 | m1²=0.702920 | m2²=0.268710 | eps_w1=7.216494e-01 | eps_w2=9.306861e-01
[step    86750] t/d= 173.500 | task1=3.153685e-01 | task2=3.287692e-01 | F1=5.027683e-02 | m1²=0.700229 | m2²=0.271624 | eps_w1=7.224679e-01 | eps_w2=9.293823e-01
[step    87000] t/d= 174.000 | task1=3.154816e-01 | task2=3.286750e-01 | F1=5.038993e-02 | m1²=0.697578 | m2²=0.274652 | eps_w1=7.236220e-01 | eps_w2=9.280645e-01
[step    87250] t/d= 174.500 | task1=3.155451e-01 | task2=3.285579e-01 | F1=5.045343e-02 | m1²=0.694889 | m2²=0.277733 | eps_w1=7.244785e-01 | eps_w2=9.266839e-01
[step    87500] t/d= 175.000 | task1=3.156155e-01 | task2=3.284546e-01 | F1=5.052388e-02 | m1²=0.692019 | m2²=0.280862 | eps_w1=7.253882e-01 | eps_w2=9.252727e-01
[step    87750] t/d= 175.500 | task1=3.157400e-01 | task2=3.283385e-01 | F1=5.064840e-02 | m1²=0.688875 | m2²=0.284257 | eps_w1=7.268011e-01 | eps_w2=9.237902e-01
[step    88000] t/d= 176.000 | task1=3.158265e-01 | task2=3.282153e-01 | F1=5.073485e-02 | m1²=0.685734 | m2²=0.287457 | eps_w1=7.279088e-01 | eps_w2=9.223473e-01
[step    88250] t/d= 176.500 | task1=3.159118e-01 | task2=3.281125e-01 | F1=5.082021e-02 | m1²=0.682633 | m2²=0.290565 | eps_w1=7.291940e-01 | eps_w2=9.209679e-01
[step    88500] t/d= 177.000 | task1=3.160258e-01 | task2=3.280240e-01 | F1=5.093415e-02 | m1²=0.679389 | m2²=0.293511 | eps_w1=7.307719e-01 | eps_w2=9.196914e-01
[step    88750] t/d= 177.500 | task1=3.160971e-01 | task2=3.279169e-01 | F1=5.100543e-02 | m1²=0.676557 | m2²=0.296532 | eps_w1=7.317220e-01 | eps_w2=9.183118e-01
[step    89000] t/d= 178.000 | task1=3.161698e-01 | task2=3.278016e-01 | F1=5.107820e-02 | m1²=0.673274 | m2²=0.299881 | eps_w1=7.329671e-01 | eps_w2=9.167965e-01
[step    89250] t/d= 178.500 | task1=3.162436e-01 | task2=3.277019e-01 | F1=5.115198e-02 | m1²=0.670391 | m2²=0.302945 | eps_w1=7.340610e-01 | eps_w2=9.154078e-01
[step    89500] t/d= 179.000 | task1=3.163332e-01 | task2=3.275718e-01 | F1=5.124162e-02 | m1²=0.666902 | m2²=0.306522 | eps_w1=7.354747e-01 | eps_w2=9.137956e-01
[step    89750] t/d= 179.500 | task1=3.163897e-01 | task2=3.274695e-01 | F1=5.129803e-02 | m1²=0.664512 | m2²=0.309171 | eps_w1=7.360212e-01 | eps_w2=9.125197e-01
[step    90000] t/d= 180.000 | task1=3.164768e-01 | task2=3.273165e-01 | F1=5.138517e-02 | m1²=0.660990 | m2²=0.313046 | eps_w1=7.374604e-01 | eps_w2=9.107662e-01
[step    90250] t/d= 180.500 | task1=3.165764e-01 | task2=3.272023e-01 | F1=5.148481e-02 | m1²=0.657869 | m2²=0.316264 | eps_w1=7.388132e-01 | eps_w2=9.093190e-01
[step    90500] t/d= 181.000 | task1=3.166785e-01 | task2=3.270538e-01 | F1=5.158682e-02 | m1²=0.654349 | m2²=0.320027 | eps_w1=7.403120e-01 | eps_w2=9.076182e-01
[step    90750] t/d= 181.500 | task1=3.167525e-01 | task2=3.269254e-01 | F1=5.166088e-02 | m1²=0.651198 | m2²=0.323420 | eps_w1=7.414106e-01 | eps_w2=9.060262e-01
[step    91000] t/d= 182.000 | task1=3.168291e-01 | task2=3.268282e-01 | F1=5.173743e-02 | m1²=0.648645 | m2²=0.325991 | eps_w1=7.422077e-01 | eps_w2=9.047872e-01
[step    91250] t/d= 182.500 | task1=3.168941e-01 | task2=3.267328e-01 | F1=5.180244e-02 | m1²=0.645883 | m2²=0.329300 | eps_w1=7.430132e-01 | eps_w2=9.031925e-01
[step    91500] t/d= 183.000 | task1=3.169941e-01 | task2=3.265856e-01 | F1=5.190249e-02 | m1²=0.642184 | m2²=0.333419 | eps_w1=7.443708e-01 | eps_w2=9.012513e-01
[step    91750] t/d= 183.500 | task1=3.170785e-01 | task2=3.264668e-01 | F1=5.198685e-02 | m1²=0.638862 | m2²=0.336760 | eps_w1=7.454860e-01 | eps_w2=8.996309e-01
[step    92000] t/d= 184.000 | task1=3.171752e-01 | task2=3.263368e-01 | F1=5.208352e-02 | m1²=0.635654 | m2²=0.340054 | eps_w1=7.464057e-01 | eps_w2=8.979840e-01
[step    92250] t/d= 184.500 | task1=3.172656e-01 | task2=3.261920e-01 | F1=5.217399e-02 | m1²=0.632357 | m2²=0.343925 | eps_w1=7.477091e-01 | eps_w2=8.961615e-01
[step    92500] t/d= 185.000 | task1=3.173486e-01 | task2=3.260241e-01 | F1=5.225693e-02 | m1²=0.628777 | m2²=0.347658 | eps_w1=7.490348e-01 | eps_w2=8.943587e-01
[step    92750] t/d= 185.500 | task1=3.174403e-01 | task2=3.258998e-01 | F1=5.234863e-02 | m1²=0.625706 | m2²=0.350831 | eps_w1=7.501948e-01 | eps_w2=8.928242e-01
[step    93000] t/d= 186.000 | task1=3.175336e-01 | task2=3.257624e-01 | F1=5.244201e-02 | m1²=0.622199 | m2²=0.354567 | eps_w1=7.514424e-01 | eps_w2=8.909882e-01
[step    93250] t/d= 186.500 | task1=3.176022e-01 | task2=3.256468e-01 | F1=5.251054e-02 | m1²=0.619583 | m2²=0.357566 | eps_w1=7.523610e-01 | eps_w2=8.895117e-01
[step    93500] t/d= 187.000 | task1=3.176989e-01 | task2=3.255004e-01 | F1=5.260731e-02 | m1²=0.615827 | m2²=0.361706 | eps_w1=7.535550e-01 | eps_w2=8.874118e-01
[step    93750] t/d= 187.500 | task1=3.177960e-01 | task2=3.253433e-01 | F1=5.270433e-02 | m1²=0.612185 | m2²=0.365394 | eps_w1=7.549904e-01 | eps_w2=8.856030e-01
[step    94000] t/d= 188.000 | task1=3.179160e-01 | task2=3.252005e-01 | F1=5.282437e-02 | m1²=0.608625 | m2²=0.369091 | eps_w1=7.565098e-01 | eps_w2=8.838251e-01
[step    94250] t/d= 188.500 | task1=3.180118e-01 | task2=3.250793e-01 | F1=5.292014e-02 | m1²=0.605185 | m2²=0.372851 | eps_w1=7.576290e-01 | eps_w2=8.818858e-01
[step    94500] t/d= 189.000 | task1=3.181500e-01 | task2=3.249563e-01 | F1=5.305835e-02 | m1²=0.601645 | m2²=0.376212 | eps_w1=7.594168e-01 | eps_w2=8.803492e-01
[step    94750] t/d= 189.500 | task1=3.182167e-01 | task2=3.248217e-01 | F1=5.312510e-02 | m1²=0.598548 | m2²=0.379507 | eps_w1=7.604258e-01 | eps_w2=8.786245e-01
[step    95000] t/d= 190.000 | task1=3.183220e-01 | task2=3.246745e-01 | F1=5.323034e-02 | m1²=0.595157 | m2²=0.383434 | eps_w1=7.617772e-01 | eps_w2=8.766745e-01
[step    95250] t/d= 190.500 | task1=3.184004e-01 | task2=3.245312e-01 | F1=5.330880e-02 | m1²=0.591933 | m2²=0.387053 | eps_w1=7.630740e-01 | eps_w2=8.748681e-01
[step    95500] t/d= 191.000 | task1=3.185149e-01 | task2=3.243922e-01 | F1=5.342332e-02 | m1²=0.588322 | m2²=0.390797 | eps_w1=7.643009e-01 | eps_w2=8.728789e-01
[step    95750] t/d= 191.500 | task1=3.186193e-01 | task2=3.242134e-01 | F1=5.352770e-02 | m1²=0.584550 | m2²=0.394715 | eps_w1=7.657929e-01 | eps_w2=8.708727e-01
[step    96000] t/d= 192.000 | task1=3.186997e-01 | task2=3.240609e-01 | F1=5.360802e-02 | m1²=0.581246 | m2²=0.398134 | eps_w1=7.670863e-01 | eps_w2=8.691040e-01
[step    96250] t/d= 192.500 | task1=3.187941e-01 | task2=3.239217e-01 | F1=5.370244e-02 | m1²=0.577905 | m2²=0.401501 | eps_w1=7.685021e-01 | eps_w2=8.673973e-01
[step    96500] t/d= 193.000 | task1=3.188722e-01 | task2=3.237442e-01 | F1=5.378060e-02 | m1²=0.574222 | m2²=0.405159 | eps_w1=7.696863e-01 | eps_w2=8.653456e-01
[step    96750] t/d= 193.500 | task1=3.190035e-01 | task2=3.235451e-01 | F1=5.391185e-02 | m1²=0.569953 | m2²=0.409569 | eps_w1=7.713709e-01 | eps_w2=8.630190e-01
[step    97000] t/d= 194.000 | task1=3.191421e-01 | task2=3.233302e-01 | F1=5.405049e-02 | m1²=0.565605 | m2²=0.414177 | eps_w1=7.731444e-01 | eps_w2=8.606035e-01
[step    97250] t/d= 194.500 | task1=3.192512e-01 | task2=3.231538e-01 | F1=5.415961e-02 | m1²=0.561860 | m2²=0.418007 | eps_w1=7.746235e-01 | eps_w2=8.585457e-01
[step    97500] t/d= 195.000 | task1=3.193726e-01 | task2=3.229749e-01 | F1=5.428094e-02 | m1²=0.558165 | m2²=0.421937 | eps_w1=7.762044e-01 | eps_w2=8.564958e-01
[step    97750] t/d= 195.500 | task1=3.194940e-01 | task2=3.227965e-01 | F1=5.440241e-02 | m1²=0.554304 | m2²=0.426045 | eps_w1=7.776870e-01 | eps_w2=8.542394e-01
[step    98000] t/d= 196.000 | task1=3.195982e-01 | task2=3.226597e-01 | F1=5.450655e-02 | m1²=0.551159 | m2²=0.429522 | eps_w1=7.790779e-01 | eps_w2=8.524339e-01
[step    98250] t/d= 196.500 | task1=3.196975e-01 | task2=3.224842e-01 | F1=5.460591e-02 | m1²=0.547414 | m2²=0.433451 | eps_w1=7.805475e-01 | eps_w2=8.502559e-01
[step    98500] t/d= 197.000 | task1=3.197973e-01 | task2=3.223068e-01 | F1=5.470571e-02 | m1²=0.543746 | m2²=0.437205 | eps_w1=7.818209e-01 | eps_w2=8.480413e-01
[step    98750] t/d= 197.500 | task1=3.198854e-01 | task2=3.221756e-01 | F1=5.479381e-02 | m1²=0.540610 | m2²=0.440716 | eps_w1=7.830966e-01 | eps_w2=8.461051e-01
[step    99000] t/d= 198.000 | task1=3.199858e-01 | task2=3.220518e-01 | F1=5.489417e-02 | m1²=0.537244 | m2²=0.444164 | eps_w1=7.845737e-01 | eps_w2=8.442372e-01
[step    99250] t/d= 198.500 | task1=3.201042e-01 | task2=3.218617e-01 | F1=5.501253e-02 | m1²=0.533565 | m2²=0.448184 | eps_w1=7.859441e-01 | eps_w2=8.418892e-01
[step    99500] t/d= 199.000 | task1=3.202098e-01 | task2=3.216707e-01 | F1=5.511819e-02 | m1²=0.529388 | m2²=0.452663 | eps_w1=7.877374e-01 | eps_w2=8.394038e-01
[step    99750] t/d= 199.500 | task1=3.202985e-01 | task2=3.215090e-01 | F1=5.520690e-02 | m1²=0.526563 | m2²=0.455813 | eps_w1=7.889013e-01 | eps_w2=8.376139e-01
[step   100000] t/d= 200.000 | task1=3.204293e-01 | task2=3.213355e-01 | F1=5.533764e-02 | m1²=0.522601 | m2²=0.459847 | eps_w1=7.905186e-01 | eps_w2=8.352557e-01
Saved checkpoint: results/quality_pretraining/finetunetask2_d500_T5/prestep_0_task1step_250000_lr0p01_task1wseed21_task1sgdseed22_task2sgdseed42/checkpoints/step_000100000
[step   100250] t/d= 200.500 | task1=3.205578e-01 | task2=3.211693e-01 | F1=5.546613e-02 | m1²=0.519247 | m2²=0.463686 | eps_w1=7.919197e-01 | eps_w2=8.330559e-01
[step   100500] t/d= 201.000 | task1=3.206879e-01 | task2=3.209849e-01 | F1=5.559630e-02 | m1²=0.515041 | m2²=0.467934 | eps_w1=7.939204e-01 | eps_w2=8.307472e-01
[step   100750] t/d= 201.500 | task1=3.208234e-01 | task2=3.208138e-01 | F1=5.573173e-02 | m1²=0.511123 | m2²=0.472079 | eps_w1=7.957370e-01 | eps_w2=8.284484e-01
[step   101000] t/d= 202.000 | task1=3.209573e-01 | task2=3.206377e-01 | F1=5.586567e-02 | m1²=0.506878 | m2²=0.476478 | eps_w1=7.976316e-01 | eps_w2=8.259172e-01
[step   101250] t/d= 202.500 | task1=3.210968e-01 | task2=3.204607e-01 | F1=5.600514e-02 | m1²=0.503075 | m2²=0.480466 | eps_w1=7.991776e-01 | eps_w2=8.234622e-01
[step   101500] t/d= 203.000 | task1=3.212226e-01 | task2=3.203047e-01 | F1=5.613101e-02 | m1²=0.499591 | m2²=0.484119 | eps_w1=8.008037e-01 | eps_w2=8.213835e-01
[step   101750] t/d= 203.500 | task1=3.213493e-01 | task2=3.201301e-01 | F1=5.625765e-02 | m1²=0.495818 | m2²=0.488013 | eps_w1=8.025700e-01 | eps_w2=8.191484e-01
[step   102000] t/d= 204.000 | task1=3.214553e-01 | task2=3.199749e-01 | F1=5.636366e-02 | m1²=0.492735 | m2²=0.491051 | eps_w1=8.038217e-01 | eps_w2=8.171852e-01
[step   102250] t/d= 204.500 | task1=3.215785e-01 | task2=3.198273e-01 | F1=5.648683e-02 | m1²=0.489482 | m2²=0.494433 | eps_w1=8.052185e-01 | eps_w2=8.150770e-01
[step   102500] t/d= 205.000 | task1=3.216848e-01 | task2=3.196634e-01 | F1=5.659312e-02 | m1²=0.486140 | m2²=0.498026 | eps_w1=8.065972e-01 | eps_w2=8.127646e-01
[step   102750] t/d= 205.500 | task1=3.218201e-01 | task2=3.194767e-01 | F1=5.672842e-02 | m1²=0.482606 | m2²=0.501927 | eps_w1=8.080833e-01 | eps_w2=8.102648e-01
[step   103000] t/d= 206.000 | task1=3.219427e-01 | task2=3.192836e-01 | F1=5.685109e-02 | m1²=0.479169 | m2²=0.505921 | eps_w1=8.095778e-01 | eps_w2=8.077516e-01
[step   103250] t/d= 206.500 | task1=3.220753e-01 | task2=3.190607e-01 | F1=5.698364e-02 | m1²=0.475574 | m2²=0.509767 | eps_w1=8.110725e-01 | eps_w2=8.051747e-01
[step   103500] t/d= 207.000 | task1=3.221795e-01 | task2=3.188578e-01 | F1=5.708785e-02 | m1²=0.472190 | m2²=0.513484 | eps_w1=8.123987e-01 | eps_w2=8.025584e-01
[step   103750] t/d= 207.500 | task1=3.223030e-01 | task2=3.186416e-01 | F1=5.721138e-02 | m1²=0.468260 | m2²=0.517643 | eps_w1=8.141653e-01 | eps_w2=7.998295e-01
[step   104000] t/d= 208.000 | task1=3.224347e-01 | task2=3.184439e-01 | F1=5.734308e-02 | m1²=0.464796 | m2²=0.521581 | eps_w1=8.158342e-01 | eps_w2=7.973930e-01
[step   104250] t/d= 208.500 | task1=3.225455e-01 | task2=3.182824e-01 | F1=5.745391e-02 | m1²=0.461530 | m2²=0.525185 | eps_w1=8.174152e-01 | eps_w2=7.951353e-01
[step   104500] t/d= 209.000 | task1=3.226958e-01 | task2=3.180892e-01 | F1=5.760414e-02 | m1²=0.457838 | m2²=0.529140 | eps_w1=8.191639e-01 | eps_w2=7.925575e-01
[step   104750] t/d= 209.500 | task1=3.228556e-01 | task2=3.178803e-01 | F1=5.776401e-02 | m1²=0.453684 | m2²=0.533457 | eps_w1=8.211939e-01 | eps_w2=7.897709e-01
[step   105000] t/d= 210.000 | task1=3.229699e-01 | task2=3.177086e-01 | F1=5.787826e-02 | m1²=0.450663 | m2²=0.536826 | eps_w1=8.225504e-01 | eps_w2=7.874087e-01
[step   105250] t/d= 210.500 | task1=3.231192e-01 | task2=3.175004e-01 | F1=5.802756e-02 | m1²=0.446464 | m2²=0.540954 | eps_w1=8.245633e-01 | eps_w2=7.845568e-01
[step   105500] t/d= 211.000 | task1=3.232587e-01 | task2=3.172807e-01 | F1=5.816704e-02 | m1²=0.442320 | m2²=0.545199 | eps_w1=8.266219e-01 | eps_w2=7.817122e-01
[step   105750] t/d= 211.500 | task1=3.233874e-01 | task2=3.170718e-01 | F1=5.829572e-02 | m1²=0.438557 | m2²=0.549213 | eps_w1=8.284648e-01 | eps_w2=7.789488e-01
[step   106000] t/d= 212.000 | task1=3.234976e-01 | task2=3.168928e-01 | F1=5.840596e-02 | m1²=0.435183 | m2²=0.552558 | eps_w1=8.301841e-01 | eps_w2=7.766817e-01
[step   106250] t/d= 212.500 | task1=3.236754e-01 | task2=3.166182e-01 | F1=5.858380e-02 | m1²=0.430518 | m2²=0.557264 | eps_w1=8.325826e-01 | eps_w2=7.734822e-01
[step   106500] t/d= 213.000 | task1=3.237915e-01 | task2=3.163997e-01 | F1=5.869986e-02 | m1²=0.427202 | m2²=0.560903 | eps_w1=8.341914e-01 | eps_w2=7.708072e-01
[step   106750] t/d= 213.500 | task1=3.239265e-01 | task2=3.161633e-01 | F1=5.883484e-02 | m1²=0.423528 | m2²=0.564712 | eps_w1=8.360248e-01 | eps_w2=7.680003e-01
[step   107000] t/d= 214.000 | task1=3.240661e-01 | task2=3.159851e-01 | F1=5.897446e-02 | m1²=0.420181 | m2²=0.568227 | eps_w1=8.378519e-01 | eps_w2=7.657077e-01
[step   107250] t/d= 214.500 | task1=3.242006e-01 | task2=3.157250e-01 | F1=5.910898e-02 | m1²=0.416487 | m2²=0.572035 | eps_w1=8.397087e-01 | eps_w2=7.628005e-01
[step   107500] t/d= 215.000 | task1=3.243735e-01 | task2=3.155110e-01 | F1=5.928184e-02 | m1²=0.412951 | m2²=0.576132 | eps_w1=8.416071e-01 | eps_w2=7.599891e-01
[step   107750] t/d= 215.500 | task1=3.244972e-01 | task2=3.152680e-01 | F1=5.940562e-02 | m1²=0.409125 | m2²=0.580200 | eps_w1=8.435372e-01 | eps_w2=7.567542e-01
[step   108000] t/d= 216.000 | task1=3.246718e-01 | task2=3.150486e-01 | F1=5.958022e-02 | m1²=0.405341 | m2²=0.584168 | eps_w1=8.455274e-01 | eps_w2=7.536979e-01
[step   108250] t/d= 216.500 | task1=3.248128e-01 | task2=3.148080e-01 | F1=5.972120e-02 | m1²=0.401786 | m2²=0.587911 | eps_w1=8.473546e-01 | eps_w2=7.505945e-01
[step   108500] t/d= 217.000 | task1=3.249750e-01 | task2=3.145943e-01 | F1=5.988336e-02 | m1²=0.398446 | m2²=0.591570 | eps_w1=8.491448e-01 | eps_w2=7.477207e-01
[step   108750] t/d= 217.500 | task1=3.251495e-01 | task2=3.142816e-01 | F1=6.005783e-02 | m1²=0.394295 | m2²=0.596226 | eps_w1=8.513771e-01 | eps_w2=7.439724e-01
[step   109000] t/d= 218.000 | task1=3.252432e-01 | task2=3.140758e-01 | F1=6.015162e-02 | m1²=0.391425 | m2²=0.599236 | eps_w1=8.529127e-01 | eps_w2=7.413662e-01
[step   109250] t/d= 218.500 | task1=3.253845e-01 | task2=3.138465e-01 | F1=6.029291e-02 | m1²=0.387906 | m2²=0.603048 | eps_w1=8.548947e-01 | eps_w2=7.383493e-01
[step   109500] t/d= 219.000 | task1=3.255038e-01 | task2=3.136325e-01 | F1=6.041212e-02 | m1²=0.384742 | m2²=0.606290 | eps_w1=8.566700e-01 | eps_w2=7.356051e-01
[step   109750] t/d= 219.500 | task1=3.256751e-01 | task2=3.133865e-01 | F1=6.058348e-02 | m1²=0.380957 | m2²=0.610396 | eps_w1=8.589196e-01 | eps_w2=7.326074e-01
[step   110000] t/d= 220.000 | task1=3.258071e-01 | task2=3.131377e-01 | F1=6.071545e-02 | m1²=0.377379 | m2²=0.614221 | eps_w1=8.609696e-01 | eps_w2=7.293153e-01
[step   110250] t/d= 220.500 | task1=3.259590e-01 | task2=3.128980e-01 | F1=6.086741e-02 | m1²=0.373620 | m2²=0.617887 | eps_w1=8.632033e-01 | eps_w2=7.262860e-01
[step   110500] t/d= 221.000 | task1=3.261555e-01 | task2=3.126391e-01 | F1=6.106384e-02 | m1²=0.369869 | m2²=0.621848 | eps_w1=8.654323e-01 | eps_w2=7.228946e-01
[step   110750] t/d= 221.500 | task1=3.263011e-01 | task2=3.124220e-01 | F1=6.120946e-02 | m1²=0.366753 | m2²=0.625313 | eps_w1=8.673384e-01 | eps_w2=7.201608e-01
[step   111000] t/d= 222.000 | task1=3.264606e-01 | task2=3.121579e-01 | F1=6.136901e-02 | m1²=0.363543 | m2²=0.628972 | eps_w1=8.692736e-01 | eps_w2=7.169030e-01
[step   111250] t/d= 222.500 | task1=3.266321e-01 | task2=3.118730e-01 | F1=6.154049e-02 | m1²=0.359914 | m2²=0.633120 | eps_w1=8.714956e-01 | eps_w2=7.131717e-01
[step   111500] t/d= 223.000 | task1=3.268032e-01 | task2=3.116018e-01 | F1=6.171159e-02 | m1²=0.356284 | m2²=0.636964 | eps_w1=8.737824e-01 | eps_w2=7.098650e-01
[step   111750] t/d= 223.500 | task1=3.269844e-01 | task2=3.113542e-01 | F1=6.189275e-02 | m1²=0.352910 | m2²=0.640169 | eps_w1=8.759079e-01 | eps_w2=7.066158e-01
[step   112000] t/d= 224.000 | task1=3.271517e-01 | task2=3.111319e-01 | F1=6.206005e-02 | m1²=0.349625 | m2²=0.643393 | eps_w1=8.780392e-01 | eps_w2=7.038467e-01
[step   112250] t/d= 224.500 | task1=3.273151e-01 | task2=3.108662e-01 | F1=6.222351e-02 | m1²=0.346185 | m2²=0.646982 | eps_w1=8.802813e-01 | eps_w2=7.004357e-01
[step   112500] t/d= 225.000 | task1=3.274874e-01 | task2=3.106237e-01 | F1=6.239582e-02 | m1²=0.342677 | m2²=0.650722 | eps_w1=8.826094e-01 | eps_w2=6.971539e-01
[step   112750] t/d= 225.500 | task1=3.276353e-01 | task2=3.103893e-01 | F1=6.254368e-02 | m1²=0.339703 | m2²=0.654108 | eps_w1=8.846032e-01 | eps_w2=6.939482e-01
[step   113000] t/d= 226.000 | task1=3.278000e-01 | task2=3.101514e-01 | F1=6.270834e-02 | m1²=0.336415 | m2²=0.657740 | eps_w1=8.868363e-01 | eps_w2=6.908811e-01
[step   113250] t/d= 226.500 | task1=3.279774e-01 | task2=3.098713e-01 | F1=6.288581e-02 | m1²=0.333009 | m2²=0.661281 | eps_w1=8.891805e-01 | eps_w2=6.874848e-01
[step   113500] t/d= 227.000 | task1=3.281785e-01 | task2=3.095705e-01 | F1=6.308686e-02 | m1²=0.329359 | m2²=0.665190 | eps_w1=8.917269e-01 | eps_w2=6.838378e-01
[step   113750] t/d= 227.500 | task1=3.283483e-01 | task2=3.092943e-01 | F1=6.325663e-02 | m1²=0.326346 | m2²=0.668710 | eps_w1=8.938840e-01 | eps_w2=6.801402e-01
[step   114000] t/d= 228.000 | task1=3.285040e-01 | task2=3.090624e-01 | F1=6.341238e-02 | m1²=0.323257 | m2²=0.671849 | eps_w1=8.960964e-01 | eps_w2=6.771512e-01
[step   114250] t/d= 228.500 | task1=3.286808e-01 | task2=3.088429e-01 | F1=6.358919e-02 | m1²=0.320087 | m2²=0.675291 | eps_w1=8.983896e-01 | eps_w2=6.739644e-01
[step   114500] t/d= 229.000 | task1=3.288625e-01 | task2=3.085529e-01 | F1=6.377087e-02 | m1²=0.316743 | m2²=0.678620 | eps_w1=9.008613e-01 | eps_w2=6.705357e-01
[step   114750] t/d= 229.500 | task1=3.290569e-01 | task2=3.082821e-01 | F1=6.396532e-02 | m1²=0.313464 | m2²=0.682276 | eps_w1=9.033099e-01 | eps_w2=6.669838e-01
[step   115000] t/d= 230.000 | task1=3.292312e-01 | task2=3.080003e-01 | F1=6.413956e-02 | m1²=0.310346 | m2²=0.685638 | eps_w1=9.057114e-01 | eps_w2=6.633415e-01
[step   115250] t/d= 230.500 | task1=3.294342e-01 | task2=3.077300e-01 | F1=6.434262e-02 | m1²=0.307240 | m2²=0.688795 | eps_w1=9.081727e-01 | eps_w2=6.596176e-01
[step   115500] t/d= 231.000 | task1=3.295993e-01 | task2=3.074885e-01 | F1=6.450770e-02 | m1²=0.304282 | m2²=0.691737 | eps_w1=9.104984e-01 | eps_w2=6.564540e-01
[step   115750] t/d= 231.500 | task1=3.298066e-01 | task2=3.071899e-01 | F1=6.471500e-02 | m1²=0.300838 | m2²=0.695186 | eps_w1=9.132583e-01 | eps_w2=6.526567e-01
[step   116000] t/d= 232.000 | task1=3.299841e-01 | task2=3.069521e-01 | F1=6.489246e-02 | m1²=0.298130 | m2²=0.698241 | eps_w1=9.154807e-01 | eps_w2=6.493216e-01
[step   116250] t/d= 232.500 | task1=3.301515e-01 | task2=3.066646e-01 | F1=6.505986e-02 | m1²=0.295100 | m2²=0.701368 | eps_w1=9.179830e-01 | eps_w2=6.458547e-01
[step   116500] t/d= 233.000 | task1=3.303295e-01 | task2=3.063463e-01 | F1=6.523783e-02 | m1²=0.292105 | m2²=0.704659 | eps_w1=9.205665e-01 | eps_w2=6.419457e-01
[step   116750] t/d= 233.500 | task1=3.305365e-01 | task2=3.060839e-01 | F1=6.544482e-02 | m1²=0.288682 | m2²=0.707943 | eps_w1=9.233997e-01 | eps_w2=6.384789e-01
[step   117000] t/d= 234.000 | task1=3.307352e-01 | task2=3.058261e-01 | F1=6.564354e-02 | m1²=0.285663 | m2²=0.711085 | eps_w1=9.259765e-01 | eps_w2=6.350470e-01
[step   117250] t/d= 234.500 | task1=3.309278e-01 | task2=3.055089e-01 | F1=6.583615e-02 | m1²=0.282479 | m2²=0.714497 | eps_w1=9.287909e-01 | eps_w2=6.311170e-01
[step   117500] t/d= 235.000 | task1=3.311118e-01 | task2=3.052338e-01 | F1=6.602015e-02 | m1²=0.279697 | m2²=0.717228 | eps_w1=9.313712e-01 | eps_w2=6.275313e-01
[step   117750] t/d= 235.500 | task1=3.312890e-01 | task2=3.049539e-01 | F1=6.619738e-02 | m1²=0.276726 | m2²=0.720415 | eps_w1=9.340202e-01 | eps_w2=6.240037e-01
[step   118000] t/d= 236.000 | task1=3.314305e-01 | task2=3.047274e-01 | F1=6.633892e-02 | m1²=0.274283 | m2²=0.722940 | eps_w1=9.362273e-01 | eps_w2=6.211424e-01
[step   118250] t/d= 236.500 | task1=3.316470e-01 | task2=3.044310e-01 | F1=6.655536e-02 | m1²=0.271119 | m2²=0.726290 | eps_w1=9.391097e-01 | eps_w2=6.173879e-01
[step   118500] t/d= 237.000 | task1=3.318499e-01 | task2=3.041320e-01 | F1=6.675825e-02 | m1²=0.268784 | m2²=0.729132 | eps_w1=9.415088e-01 | eps_w2=6.136133e-01
[step   118750] t/d= 237.500 | task1=3.320553e-01 | task2=3.038286e-01 | F1=6.696372e-02 | m1²=0.265683 | m2²=0.732013 | eps_w1=9.445398e-01 | eps_w2=6.098036e-01
[step   119000] t/d= 238.000 | task1=3.322749e-01 | task2=3.035231e-01 | F1=6.718324e-02 | m1²=0.262354 | m2²=0.735484 | eps_w1=9.476595e-01 | eps_w2=6.059237e-01
[step   119250] t/d= 238.500 | task1=3.324890e-01 | task2=3.032097e-01 | F1=6.739741e-02 | m1²=0.259405 | m2²=0.738458 | eps_w1=9.505876e-01 | eps_w2=6.021971e-01
[step   119500] t/d= 239.000 | task1=3.327074e-01 | task2=3.029259e-01 | F1=6.761573e-02 | m1²=0.256560 | m2²=0.741645 | eps_w1=9.535439e-01 | eps_w2=5.981207e-01
[step   119750] t/d= 239.500 | task1=3.328993e-01 | task2=3.026201e-01 | F1=6.780769e-02 | m1²=0.254096 | m2²=0.744278 | eps_w1=9.563198e-01 | eps_w2=5.942336e-01
[step   120000] t/d= 240.000 | task1=3.331024e-01 | task2=3.024090e-01 | F1=6.801079e-02 | m1²=0.251126 | m2²=0.747156 | eps_w1=9.592180e-01 | eps_w2=5.909183e-01
[step   120250] t/d= 240.500 | task1=3.333251e-01 | task2=3.021169e-01 | F1=6.823347e-02 | m1²=0.248478 | m2²=0.749771 | eps_w1=9.621154e-01 | eps_w2=5.872565e-01
[step   120500] t/d= 241.000 | task1=3.335232e-01 | task2=3.018159e-01 | F1=6.843155e-02 | m1²=0.245959 | m2²=0.752403 | eps_w1=9.649648e-01 | eps_w2=5.835336e-01
[step   120750] t/d= 241.500 | task1=3.336959e-01 | task2=3.015282e-01 | F1=6.860427e-02 | m1²=0.243416 | m2²=0.754820 | eps_w1=9.678199e-01 | eps_w2=5.800686e-01
[step   121000] t/d= 242.000 | task1=3.339074e-01 | task2=3.011940e-01 | F1=6.881576e-02 | m1²=0.240155 | m2²=0.758283 | eps_w1=9.711497e-01 | eps_w2=5.761302e-01
[step   121250] t/d= 242.500 | task1=3.341192e-01 | task2=3.009014e-01 | F1=6.902754e-02 | m1²=0.237644 | m2²=0.761104 | eps_w1=9.740913e-01 | eps_w2=5.722536e-01
[step   121500] t/d= 243.000 | task1=3.343426e-01 | task2=3.005982e-01 | F1=6.925092e-02 | m1²=0.234712 | m2²=0.763942 | eps_w1=9.772883e-01 | eps_w2=5.686096e-01
[step   121750] t/d= 243.500 | task1=3.345312e-01 | task2=3.003129e-01 | F1=6.943961e-02 | m1²=0.232440 | m2²=0.766461 | eps_w1=9.800108e-01 | eps_w2=5.651114e-01
[step   122000] t/d= 244.000 | task1=3.347214e-01 | task2=3.000089e-01 | F1=6.962979e-02 | m1²=0.229881 | m2²=0.769028 | eps_w1=9.830624e-01 | eps_w2=5.614592e-01
[step   122250] t/d= 244.500 | task1=3.349195e-01 | task2=2.997192e-01 | F1=6.982785e-02 | m1²=0.227487 | m2²=0.771807 | eps_w1=9.858499e-01 | eps_w2=5.579278e-01
[step   122500] t/d= 245.000 | task1=3.351098e-01 | task2=2.994895e-01 | F1=7.001818e-02 | m1²=0.225195 | m2²=0.774142 | eps_w1=9.885814e-01 | eps_w2=5.547156e-01
[step   122750] t/d= 245.500 | task1=3.353546e-01 | task2=2.991520e-01 | F1=7.026294e-02 | m1²=0.222422 | m2²=0.777063 | eps_w1=9.918442e-01 | eps_w2=5.508764e-01
[step   123000] t/d= 246.000 | task1=3.355561e-01 | task2=2.988572e-01 | F1=7.046450e-02 | m1²=0.219857 | m2²=0.779736 | eps_w1=9.950488e-01 | eps_w2=5.470708e-01
[step   123250] t/d= 246.500 | task1=3.357679e-01 | task2=2.985461e-01 | F1=7.067628e-02 | m1²=0.216654 | m2²=0.782930 | eps_w1=9.988249e-01 | eps_w2=5.428708e-01
[step   123500] t/d= 247.000 | task1=3.359874e-01 | task2=2.982361e-01 | F1=7.089575e-02 | m1²=0.214284 | m2²=0.785358 | eps_w1=1.002077e+00 | eps_w2=5.390004e-01
[step   123750] t/d= 247.500 | task1=3.362255e-01 | task2=2.979478e-01 | F1=7.113385e-02 | m1²=0.211487 | m2²=0.788254 | eps_w1=1.005498e+00 | eps_w2=5.351402e-01
[step   124000] t/d= 248.000 | task1=3.364658e-01 | task2=2.976528e-01 | F1=7.137418e-02 | m1²=0.208960 | m2²=0.790707 | eps_w1=1.008882e+00 | eps_w2=5.313576e-01
[step   124250] t/d= 248.500 | task1=3.367022e-01 | task2=2.973676e-01 | F1=7.161059e-02 | m1²=0.206569 | m2²=0.793233 | eps_w1=1.012096e+00 | eps_w2=5.276418e-01
[step   124500] t/d= 249.000 | task1=3.369383e-01 | task2=2.970841e-01 | F1=7.184667e-02 | m1²=0.204261 | m2²=0.795596 | eps_w1=1.015307e+00 | eps_w2=5.239909e-01
[step   124750] t/d= 249.500 | task1=3.371400e-01 | task2=2.968077e-01 | F1=7.204840e-02 | m1²=0.202022 | m2²=0.797996 | eps_w1=1.018563e+00 | eps_w2=5.201922e-01
[step   125000] t/d= 250.000 | task1=3.374038e-01 | task2=2.964699e-01 | F1=7.231215e-02 | m1²=0.199124 | m2²=0.800935 | eps_w1=1.022345e+00 | eps_w2=5.160954e-01
[step   125250] t/d= 250.500 | task1=3.376498e-01 | task2=2.961278e-01 | F1=7.255817e-02 | m1²=0.196876 | m2²=0.803244 | eps_w1=1.026008e+00 | eps_w2=5.118909e-01
[step   125500] t/d= 251.000 | task1=3.378827e-01 | task2=2.958222e-01 | F1=7.279103e-02 | m1²=0.194103 | m2²=0.806093 | eps_w1=1.029648e+00 | eps_w2=5.079933e-01
[step   125750] t/d= 251.500 | task1=3.381235e-01 | task2=2.955596e-01 | F1=7.303188e-02 | m1²=0.191691 | m2²=0.808716 | eps_w1=1.032852e+00 | eps_w2=5.044593e-01
[step   126000] t/d= 252.000 | task1=3.383561e-01 | task2=2.952400e-01 | F1=7.326450e-02 | m1²=0.189183 | m2²=0.811484 | eps_w1=1.036518e+00 | eps_w2=5.003263e-01
[step   126250] t/d= 252.500 | task1=3.385929e-01 | task2=2.949066e-01 | F1=7.350126e-02 | m1²=0.186586 | m2²=0.814053 | eps_w1=1.040331e+00 | eps_w2=4.963090e-01
[step   126500] t/d= 253.000 | task1=3.388472e-01 | task2=2.945998e-01 | F1=7.375553e-02 | m1²=0.184457 | m2²=0.816338 | eps_w1=1.043949e+00 | eps_w2=4.922639e-01
[step   126750] t/d= 253.500 | task1=3.391135e-01 | task2=2.942800e-01 | F1=7.402187e-02 | m1²=0.182137 | m2²=0.818616 | eps_w1=1.047960e+00 | eps_w2=4.879970e-01
[step   127000] t/d= 254.000 | task1=3.393396e-01 | task2=2.939442e-01 | F1=7.424800e-02 | m1²=0.179963 | m2²=0.820880 | eps_w1=1.051829e+00 | eps_w2=4.838013e-01
[step   127250] t/d= 254.500 | task1=3.396589e-01 | task2=2.935965e-01 | F1=7.456730e-02 | m1²=0.177392 | m2²=0.823428 | eps_w1=1.056183e+00 | eps_w2=4.792815e-01
[step   127500] t/d= 255.000 | task1=3.399288e-01 | task2=2.932573e-01 | F1=7.483713e-02 | m1²=0.175064 | m2²=0.825931 | eps_w1=1.060047e+00 | eps_w2=4.751604e-01
[step   127750] t/d= 255.500 | task1=3.402140e-01 | task2=2.929310e-01 | F1=7.512234e-02 | m1²=0.172446 | m2²=0.828714 | eps_w1=1.064310e+00 | eps_w2=4.706891e-01
[step   128000] t/d= 256.000 | task1=3.404705e-01 | task2=2.926213e-01 | F1=7.537884e-02 | m1²=0.170587 | m2²=0.830603 | eps_w1=1.068026e+00 | eps_w2=4.668236e-01
[step   128250] t/d= 256.500 | task1=3.407533e-01 | task2=2.922810e-01 | F1=7.566163e-02 | m1²=0.168453 | m2²=0.832731 | eps_w1=1.072124e+00 | eps_w2=4.626610e-01
[step   128500] t/d= 257.000 | task1=3.409850e-01 | task2=2.919787e-01 | F1=7.589338e-02 | m1²=0.166039 | m2²=0.835333 | eps_w1=1.076066e+00 | eps_w2=4.586023e-01
[step   128750] t/d= 257.500 | task1=3.412185e-01 | task2=2.916575e-01 | F1=7.612686e-02 | m1²=0.164251 | m2²=0.837204 | eps_w1=1.079648e+00 | eps_w2=4.549378e-01
[step   129000] t/d= 258.000 | task1=3.414230e-01 | task2=2.914102e-01 | F1=7.633139e-02 | m1²=0.162306 | m2²=0.839087 | eps_w1=1.083266e+00 | eps_w2=4.514250e-01
[step   129250] t/d= 258.500 | task1=3.417015e-01 | task2=2.910740e-01 | F1=7.660984e-02 | m1²=0.160462 | m2²=0.841007 | eps_w1=1.087175e+00 | eps_w2=4.474930e-01
[step   129500] t/d= 259.000 | task1=3.420109e-01 | task2=2.907237e-01 | F1=7.691931e-02 | m1²=0.158062 | m2²=0.843304 | eps_w1=1.091912e+00 | eps_w2=4.429781e-01
[step   129750] t/d= 259.500 | task1=3.422773e-01 | task2=2.904338e-01 | F1=7.718564e-02 | m1²=0.155853 | m2²=0.845531 | eps_w1=1.095596e+00 | eps_w2=4.394544e-01
[step   130000] t/d= 260.000 | task1=3.425934e-01 | task2=2.900933e-01 | F1=7.750180e-02 | m1²=0.153783 | m2²=0.847696 | eps_w1=1.099970e+00 | eps_w2=4.351663e-01
[step   130250] t/d= 260.500 | task1=3.428193e-01 | task2=2.898254e-01 | F1=7.772770e-02 | m1²=0.152308 | m2²=0.849442 | eps_w1=1.103436e+00 | eps_w2=4.316043e-01
[step   130500] t/d= 261.000 | task1=3.430734e-01 | task2=2.895184e-01 | F1=7.798182e-02 | m1²=0.150531 | m2²=0.851417 | eps_w1=1.107507e+00 | eps_w2=4.275663e-01
[step   130750] t/d= 261.500 | task1=3.433269e-01 | task2=2.892326e-01 | F1=7.823529e-02 | m1²=0.148880 | m2²=0.853233 | eps_w1=1.111330e+00 | eps_w2=4.238262e-01
[step   131000] t/d= 262.000 | task1=3.436185e-01 | task2=2.888769e-01 | F1=7.852688e-02 | m1²=0.147003 | m2²=0.855327 | eps_w1=1.116007e+00 | eps_w2=4.192670e-01
[step   131250] t/d= 262.500 | task1=3.438737e-01 | task2=2.885592e-01 | F1=7.878208e-02 | m1²=0.145085 | m2²=0.857324 | eps_w1=1.120468e+00 | eps_w2=4.150859e-01
[step   131500] t/d= 263.000 | task1=3.441016e-01 | task2=2.883151e-01 | F1=7.900997e-02 | m1²=0.143422 | m2²=0.858993 | eps_w1=1.124048e+00 | eps_w2=4.118141e-01
[step   131750] t/d= 263.500 | task1=3.443974e-01 | task2=2.880198e-01 | F1=7.930581e-02 | m1²=0.141649 | m2²=0.860686 | eps_w1=1.128410e+00 | eps_w2=4.079370e-01
[step   132000] t/d= 264.000 | task1=3.447050e-01 | task2=2.876776e-01 | F1=7.961338e-02 | m1²=0.139545 | m2²=0.862865 | eps_w1=1.132820e+00 | eps_w2=4.039032e-01
[step   132250] t/d= 264.500 | task1=3.449649e-01 | task2=2.873800e-01 | F1=7.987331e-02 | m1²=0.137615 | m2²=0.864851 | eps_w1=1.137053e+00 | eps_w2=4.000709e-01
[step   132500] t/d= 265.000 | task1=3.453436e-01 | task2=2.870268e-01 | F1=8.025197e-02 | m1²=0.135478 | m2²=0.866919 | eps_w1=1.142251e+00 | eps_w2=3.955422e-01
[step   132750] t/d= 265.500 | task1=3.456562e-01 | task2=2.866439e-01 | F1=8.056455e-02 | m1²=0.133172 | m2²=0.869253 | eps_w1=1.147497e+00 | eps_w2=3.909124e-01
[step   133000] t/d= 266.000 | task1=3.459231e-01 | task2=2.863627e-01 | F1=8.083143e-02 | m1²=0.131829 | m2²=0.870880 | eps_w1=1.151581e+00 | eps_w2=3.871083e-01
[step   133250] t/d= 266.500 | task1=3.462222e-01 | task2=2.860219e-01 | F1=8.113061e-02 | m1²=0.129825 | m2²=0.872885 | eps_w1=1.156600e+00 | eps_w2=3.827860e-01
[step   133500] t/d= 267.000 | task1=3.464830e-01 | task2=2.857493e-01 | F1=8.139142e-02 | m1²=0.128378 | m2²=0.874396 | eps_w1=1.160740e+00 | eps_w2=3.792038e-01
[step   133750] t/d= 267.500 | task1=3.468254e-01 | task2=2.854196e-01 | F1=8.173382e-02 | m1²=0.126476 | m2²=0.876515 | eps_w1=1.165651e+00 | eps_w2=3.748302e-01
[step   134000] t/d= 268.000 | task1=3.470708e-01 | task2=2.851433e-01 | F1=8.197919e-02 | m1²=0.125415 | m2²=0.877859 | eps_w1=1.169429e+00 | eps_w2=3.714188e-01
[step   134250] t/d= 268.500 | task1=3.473706e-01 | task2=2.848208e-01 | F1=8.227897e-02 | m1²=0.123672 | m2²=0.879613 | eps_w1=1.174091e+00 | eps_w2=3.675251e-01
[step   134500] t/d= 269.000 | task1=3.476288e-01 | task2=2.845135e-01 | F1=8.253714e-02 | m1²=0.121866 | m2²=0.881394 | eps_w1=1.178638e+00 | eps_w2=3.637741e-01
[step   134750] t/d= 269.500 | task1=3.478833e-01 | task2=2.842132e-01 | F1=8.279166e-02 | m1²=0.120386 | m2²=0.882938 | eps_w1=1.183199e+00 | eps_w2=3.599980e-01
[step   135000] t/d= 270.000 | task1=3.482367e-01 | task2=2.839084e-01 | F1=8.314507e-02 | m1²=0.118832 | m2²=0.884564 | eps_w1=1.187944e+00 | eps_w2=3.560938e-01
[step   135250] t/d= 270.500 | task1=3.485551e-01 | task2=2.835705e-01 | F1=8.346351e-02 | m1²=0.117108 | m2²=0.886295 | eps_w1=1.193440e+00 | eps_w2=3.517009e-01
[step   135500] t/d= 271.000 | task1=3.488379e-01 | task2=2.832717e-01 | F1=8.374624e-02 | m1²=0.115291 | m2²=0.888253 | eps_w1=1.198020e+00 | eps_w2=3.478558e-01
[step   135750] t/d= 271.500 | task1=3.490842e-01 | task2=2.830648e-01 | F1=8.399255e-02 | m1²=0.113942 | m2²=0.889684 | eps_w1=1.201853e+00 | eps_w2=3.447252e-01
[step   136000] t/d= 272.000 | task1=3.494817e-01 | task2=2.827333e-01 | F1=8.439002e-02 | m1²=0.112209 | m2²=0.891321 | eps_w1=1.207595e+00 | eps_w2=3.403578e-01
[step   136250] t/d= 272.500 | task1=3.497760e-01 | task2=2.824002e-01 | F1=8.468437e-02 | m1²=0.111034 | m2²=0.892700 | eps_w1=1.212231e+00 | eps_w2=3.366217e-01
[step   136500] t/d= 273.000 | task1=3.500258e-01 | task2=2.820895e-01 | F1=8.493421e-02 | m1²=0.109872 | m2²=0.893963 | eps_w1=1.216937e+00 | eps_w2=3.329791e-01
[step   136750] t/d= 273.500 | task1=3.503380e-01 | task2=2.816775e-01 | F1=8.524635e-02 | m1²=0.108017 | m2²=0.895863 | eps_w1=1.222990e+00 | eps_w2=3.283347e-01
[step   137000] t/d= 274.000 | task1=3.506365e-01 | task2=2.813526e-01 | F1=8.554486e-02 | m1²=0.106649 | m2²=0.897184 | eps_w1=1.228048e+00 | eps_w2=3.246255e-01
[step   137250] t/d= 274.500 | task1=3.509769e-01 | task2=2.811293e-01 | F1=8.588526e-02 | m1²=0.105385 | m2²=0.898240 | eps_w1=1.232935e+00 | eps_w2=3.212652e-01
[step   137500] t/d= 275.000 | task1=3.512836e-01 | task2=2.808088e-01 | F1=8.619201e-02 | m1²=0.103922 | m2²=0.899765 | eps_w1=1.238163e+00 | eps_w2=3.173644e-01
[step   137750] t/d= 275.500 | task1=3.516165e-01 | task2=2.804831e-01 | F1=8.652487e-02 | m1²=0.102430 | m2²=0.901287 | eps_w1=1.243827e+00 | eps_w2=3.132393e-01
[step   138000] t/d= 276.000 | task1=3.519118e-01 | task2=2.802340e-01 | F1=8.682017e-02 | m1²=0.101275 | m2²=0.902481 | eps_w1=1.248572e+00 | eps_w2=3.098298e-01
[step   138250] t/d= 276.500 | task1=3.521807e-01 | task2=2.799250e-01 | F1=8.708909e-02 | m1²=0.099700 | m2²=0.904166 | eps_w1=1.253513e+00 | eps_w2=3.060991e-01
[step   138500] t/d= 277.000 | task1=3.524330e-01 | task2=2.796867e-01 | F1=8.734134e-02 | m1²=0.098520 | m2²=0.905393 | eps_w1=1.257880e+00 | eps_w2=3.029503e-01
[step   138750] t/d= 277.500 | task1=3.527470e-01 | task2=2.794258e-01 | F1=8.765539e-02 | m1²=0.097366 | m2²=0.906580 | eps_w1=1.262886e+00 | eps_w2=2.994572e-01
[step   139000] t/d= 278.000 | task1=3.530082e-01 | task2=2.791082e-01 | F1=8.791658e-02 | m1²=0.096126 | m2²=0.907971 | eps_w1=1.267962e+00 | eps_w2=2.957872e-01
[step   139250] t/d= 278.500 | task1=3.533238e-01 | task2=2.788353e-01 | F1=8.823214e-02 | m1²=0.094942 | m2²=0.909172 | eps_w1=1.273276e+00 | eps_w2=2.921755e-01
[step   139500] t/d= 279.000 | task1=3.535653e-01 | task2=2.785585e-01 | F1=8.847370e-02 | m1²=0.093737 | m2²=0.910499 | eps_w1=1.277693e+00 | eps_w2=2.889843e-01
[step   139750] t/d= 279.500 | task1=3.537764e-01 | task2=2.782952e-01 | F1=8.868478e-02 | m1²=0.092600 | m2²=0.911728 | eps_w1=1.281922e+00 | eps_w2=2.859793e-01
[step   140000] t/d= 280.000 | task1=3.541107e-01 | task2=2.780067e-01 | F1=8.901910e-02 | m1²=0.091398 | m2²=0.913038 | eps_w1=1.287213e+00 | eps_w2=2.823401e-01
[step   140250] t/d= 280.500 | task1=3.544641e-01 | task2=2.776786e-01 | F1=8.937251e-02 | m1²=0.089959 | m2²=0.914350 | eps_w1=1.293079e+00 | eps_w2=2.785742e-01
[step   140500] t/d= 281.000 | task1=3.547217e-01 | task2=2.774309e-01 | F1=8.963004e-02 | m1²=0.088885 | m2²=0.915264 | eps_w1=1.297947e+00 | eps_w2=2.755891e-01
[step   140750] t/d= 281.500 | task1=3.549699e-01 | task2=2.771957e-01 | F1=8.987829e-02 | m1²=0.087934 | m2²=0.916193 | eps_w1=1.302817e+00 | eps_w2=2.725252e-01
[step   141000] t/d= 282.000 | task1=3.552631e-01 | task2=2.769554e-01 | F1=9.017148e-02 | m1²=0.086836 | m2²=0.917188 | eps_w1=1.307865e+00 | eps_w2=2.694142e-01
[step   141250] t/d= 282.500 | task1=3.555325e-01 | task2=2.766937e-01 | F1=9.044082e-02 | m1²=0.085618 | m2²=0.918499 | eps_w1=1.312754e+00 | eps_w2=2.661239e-01
[step   141500] t/d= 283.000 | task1=3.558079e-01 | task2=2.764658e-01 | F1=9.071624e-02 | m1²=0.084440 | m2²=0.919607 | eps_w1=1.317971e+00 | eps_w2=2.628894e-01
[step   141750] t/d= 283.500 | task1=3.560827e-01 | task2=2.762046e-01 | F1=9.099107e-02 | m1²=0.083326 | m2²=0.920723 | eps_w1=1.322781e+00 | eps_w2=2.598361e-01
[step   142000] t/d= 284.000 | task1=3.564489e-01 | task2=2.758852e-01 | F1=9.135722e-02 | m1²=0.082454 | m2²=0.921759 | eps_w1=1.329302e+00 | eps_w2=2.558647e-01
[step   142250] t/d= 284.500 | task1=3.567088e-01 | task2=2.756890e-01 | F1=9.161722e-02 | m1²=0.081678 | m2²=0.922638 | eps_w1=1.333671e+00 | eps_w2=2.531368e-01
[step   142500] t/d= 285.000 | task1=3.569184e-01 | task2=2.754688e-01 | F1=9.182678e-02 | m1²=0.080716 | m2²=0.923666 | eps_w1=1.337445e+00 | eps_w2=2.506621e-01
[step   142750] t/d= 285.500 | task1=3.572364e-01 | task2=2.752346e-01 | F1=9.214473e-02 | m1²=0.079616 | m2²=0.924731 | eps_w1=1.342634e+00 | eps_w2=2.475488e-01
[step   143000] t/d= 286.000 | task1=3.575394e-01 | task2=2.750023e-01 | F1=9.244781e-02 | m1²=0.078584 | m2²=0.925742 | eps_w1=1.347903e+00 | eps_w2=2.444385e-01
[step   143250] t/d= 286.500 | task1=3.579065e-01 | task2=2.747837e-01 | F1=9.281487e-02 | m1²=0.077457 | m2²=0.926693 | eps_w1=1.353205e+00 | eps_w2=2.414685e-01
[step   143500] t/d= 287.000 | task1=3.582242e-01 | task2=2.745293e-01 | F1=9.313253e-02 | m1²=0.076647 | m2²=0.927638 | eps_w1=1.358809e+00 | eps_w2=2.381838e-01
[step   143750] t/d= 287.500 | task1=3.585537e-01 | task2=2.742216e-01 | F1=9.346209e-02 | m1²=0.075632 | m2²=0.928819 | eps_w1=1.364676e+00 | eps_w2=2.346441e-01
[step   144000] t/d= 288.000 | task1=3.588330e-01 | task2=2.739137e-01 | F1=9.374139e-02 | m1²=0.074835 | m2²=0.929757 | eps_w1=1.370151e+00 | eps_w2=2.314730e-01
[step   144250] t/d= 288.500 | task1=3.591530e-01 | task2=2.736630e-01 | F1=9.406137e-02 | m1²=0.073772 | m2²=0.930791 | eps_w1=1.375599e+00 | eps_w2=2.283872e-01
[step   144500] t/d= 289.000 | task1=3.594139e-01 | task2=2.735077e-01 | F1=9.432227e-02 | m1²=0.072862 | m2²=0.931601 | eps_w1=1.380327e+00 | eps_w2=2.258256e-01
[step   144750] t/d= 289.500 | task1=3.597634e-01 | task2=2.732383e-01 | F1=9.467178e-02 | m1²=0.071650 | m2²=0.932757 | eps_w1=1.386712e+00 | eps_w2=2.223031e-01
[step   145000] t/d= 290.000 | task1=3.600282e-01 | task2=2.729557e-01 | F1=9.493661e-02 | m1²=0.070775 | m2²=0.933670 | eps_w1=1.391772e+00 | eps_w2=2.194843e-01
[step   145250] t/d= 290.500 | task1=3.603302e-01 | task2=2.727384e-01 | F1=9.523861e-02 | m1²=0.069921 | m2²=0.934539 | eps_w1=1.397332e+00 | eps_w2=2.165125e-01
[step   145500] t/d= 291.000 | task1=3.606848e-01 | task2=2.724444e-01 | F1=9.559319e-02 | m1²=0.069053 | m2²=0.935463 | eps_w1=1.403428e+00 | eps_w2=2.132775e-01
[step   145750] t/d= 291.500 | task1=3.610472e-01 | task2=2.722090e-01 | F1=9.595562e-02 | m1²=0.067982 | m2²=0.936581 | eps_w1=1.409210e+00 | eps_w2=2.100711e-01
[step   146000] t/d= 292.000 | task1=3.613898e-01 | task2=2.719801e-01 | F1=9.629815e-02 | m1²=0.066982 | m2²=0.937493 | eps_w1=1.415132e+00 | eps_w2=2.070510e-01
[step   146250] t/d= 292.500 | task1=3.617646e-01 | task2=2.717387e-01 | F1=9.667293e-02 | m1²=0.066279 | m2²=0.938258 | eps_w1=1.420554e+00 | eps_w2=2.042736e-01
[step   146500] t/d= 293.000 | task1=3.619967e-01 | task2=2.715585e-01 | F1=9.690506e-02 | m1²=0.065347 | m2²=0.939099 | eps_w1=1.425500e+00 | eps_w2=2.017412e-01
[step   146750] t/d= 293.500 | task1=3.623478e-01 | task2=2.713393e-01 | F1=9.725613e-02 | m1²=0.064552 | m2²=0.939907 | eps_w1=1.431557e+00 | eps_w2=1.987528e-01
[step   147000] t/d= 294.000 | task1=3.626822e-01 | task2=2.710732e-01 | F1=9.759060e-02 | m1²=0.063864 | m2²=0.940648 | eps_w1=1.437704e+00 | eps_w2=1.957828e-01
[step   147250] t/d= 294.500 | task1=3.629276e-01 | task2=2.708040e-01 | F1=9.783595e-02 | m1²=0.063020 | m2²=0.941538 | eps_w1=1.443303e+00 | eps_w2=1.929413e-01
[step   147500] t/d= 295.000 | task1=3.631768e-01 | task2=2.705965e-01 | F1=9.808519e-02 | m1²=0.062313 | m2²=0.942249 | eps_w1=1.448595e+00 | eps_w2=1.903950e-01
[step   147750] t/d= 295.500 | task1=3.634272e-01 | task2=2.703707e-01 | F1=9.833554e-02 | m1²=0.061499 | m2²=0.943051 | eps_w1=1.453795e+00 | eps_w2=1.878401e-01
[step   148000] t/d= 296.000 | task1=3.637405e-01 | task2=2.701942e-01 | F1=9.864884e-02 | m1²=0.060803 | m2²=0.943622 | eps_w1=1.458873e+00 | eps_w2=1.855893e-01
[step   148250] t/d= 296.500 | task1=3.640700e-01 | task2=2.700296e-01 | F1=9.897834e-02 | m1²=0.059956 | m2²=0.944408 | eps_w1=1.464254e+00 | eps_w2=1.830403e-01
[step   148500] t/d= 297.000 | task1=3.643165e-01 | task2=2.698221e-01 | F1=9.922484e-02 | m1²=0.059289 | m2²=0.945156 | eps_w1=1.469322e+00 | eps_w2=1.805737e-01
[step   148750] t/d= 297.500 | task1=3.646771e-01 | task2=2.695293e-01 | F1=9.958545e-02 | m1²=0.058610 | m2²=0.945732 | eps_w1=1.476418e+00 | eps_w2=1.776512e-01
[step   149000] t/d= 298.000 | task1=3.648971e-01 | task2=2.692812e-01 | F1=9.980545e-02 | m1²=0.057926 | m2²=0.946501 | eps_w1=1.481870e+00 | eps_w2=1.750735e-01
[step   149250] t/d= 298.500 | task1=3.652247e-01 | task2=2.690431e-01 | F1=1.001331e-01 | m1²=0.057176 | m2²=0.947268 | eps_w1=1.487916e+00 | eps_w2=1.723474e-01
[step   149500] t/d= 299.000 | task1=3.655198e-01 | task2=2.688168e-01 | F1=1.004282e-01 | m1²=0.056236 | m2²=0.948154 | eps_w1=1.493405e+00 | eps_w2=1.697632e-01
[step   149750] t/d= 299.500 | task1=3.658713e-01 | task2=2.686007e-01 | F1=1.007797e-01 | m1²=0.055472 | m2²=0.948909 | eps_w1=1.499364e+00 | eps_w2=1.671295e-01
[step   150000] t/d= 300.000 | task1=3.661578e-01 | task2=2.684150e-01 | F1=1.010662e-01 | m1²=0.054816 | m2²=0.949618 | eps_w1=1.504378e+00 | eps_w2=1.648326e-01
[step   150250] t/d= 300.500 | task1=3.664355e-01 | task2=2.682034e-01 | F1=1.013439e-01 | m1²=0.054102 | m2²=0.950331 | eps_w1=1.510033e+00 | eps_w2=1.623669e-01
[step   150500] t/d= 301.000 | task1=3.666619e-01 | task2=2.680135e-01 | F1=1.015702e-01 | m1²=0.053488 | m2²=0.950929 | eps_w1=1.515053e+00 | eps_w2=1.602320e-01
[step   150750] t/d= 301.500 | task1=3.669938e-01 | task2=2.678024e-01 | F1=1.019022e-01 | m1²=0.052945 | m2²=0.951481 | eps_w1=1.521469e+00 | eps_w2=1.577025e-01
[step   151000] t/d= 302.000 | task1=3.672424e-01 | task2=2.676281e-01 | F1=1.021508e-01 | m1²=0.052344 | m2²=0.952168 | eps_w1=1.526719e+00 | eps_w2=1.553990e-01
[step   151250] t/d= 302.500 | task1=3.675178e-01 | task2=2.674479e-01 | F1=1.024261e-01 | m1²=0.051785 | m2²=0.952615 | eps_w1=1.531831e+00 | eps_w2=1.534697e-01
[step   151500] t/d= 303.000 | task1=3.678320e-01 | task2=2.672607e-01 | F1=1.027403e-01 | m1²=0.051078 | m2²=0.953233 | eps_w1=1.537140e+00 | eps_w2=1.513248e-01
[step   151750] t/d= 303.500 | task1=3.680351e-01 | task2=2.670665e-01 | F1=1.029434e-01 | m1²=0.050195 | m2²=0.953996 | eps_w1=1.541587e+00 | eps_w2=1.493276e-01
[step   152000] t/d= 304.000 | task1=3.683263e-01 | task2=2.669108e-01 | F1=1.032346e-01 | m1²=0.049585 | m2²=0.954521 | eps_w1=1.548131e+00 | eps_w2=1.469320e-01
[step   152250] t/d= 304.500 | task1=3.685706e-01 | task2=2.667281e-01 | F1=1.034789e-01 | m1²=0.048960 | m2²=0.955320 | eps_w1=1.552946e+00 | eps_w2=1.446771e-01
[step   152500] t/d= 305.000 | task1=3.687759e-01 | task2=2.665828e-01 | F1=1.036843e-01 | m1²=0.048216 | m2²=0.955994 | eps_w1=1.557717e+00 | eps_w2=1.426770e-01
[step   152750] t/d= 305.500 | task1=3.690865e-01 | task2=2.663712e-01 | F1=1.039949e-01 | m1²=0.047560 | m2²=0.956693 | eps_w1=1.563973e+00 | eps_w2=1.401901e-01
[step   153000] t/d= 306.000 | task1=3.694069e-01 | task2=2.662002e-01 | F1=1.043153e-01 | m1²=0.046613 | m2²=0.957503 | eps_w1=1.570440e+00 | eps_w2=1.376331e-01
[step   153250] t/d= 306.500 | task1=3.697002e-01 | task2=2.660411e-01 | F1=1.046086e-01 | m1²=0.045977 | m2²=0.957980 | eps_w1=1.575809e+00 | eps_w2=1.357415e-01
[step   153500] t/d= 307.000 | task1=3.700237e-01 | task2=2.658700e-01 | F1=1.049321e-01 | m1²=0.045437 | m2²=0.958619 | eps_w1=1.582010e+00 | eps_w2=1.333616e-01
[step   153750] t/d= 307.500 | task1=3.702919e-01 | task2=2.657165e-01 | F1=1.052003e-01 | m1²=0.044803 | m2²=0.959150 | eps_w1=1.587482e+00 | eps_w2=1.313943e-01
[step   154000] t/d= 308.000 | task1=3.706255e-01 | task2=2.655101e-01 | F1=1.055339e-01 | m1²=0.044232 | m2²=0.959611 | eps_w1=1.593687e+00 | eps_w2=1.293256e-01
[step   154250] t/d= 308.500 | task1=3.708827e-01 | task2=2.653707e-01 | F1=1.057911e-01 | m1²=0.043642 | m2²=0.960168 | eps_w1=1.598618e+00 | eps_w2=1.274738e-01
[step   154500] t/d= 309.000 | task1=3.712363e-01 | task2=2.651863e-01 | F1=1.061447e-01 | m1²=0.043161 | m2²=0.960655 | eps_w1=1.604921e+00 | eps_w2=1.253394e-01
[step   154750] t/d= 309.500 | task1=3.714543e-01 | task2=2.650336e-01 | F1=1.063627e-01 | m1²=0.042471 | m2²=0.961209 | eps_w1=1.609567e+00 | eps_w2=1.236301e-01
[step   155000] t/d= 310.000 | task1=3.716753e-01 | task2=2.648637e-01 | F1=1.065837e-01 | m1²=0.041951 | m2²=0.961753 | eps_w1=1.614324e+00 | eps_w2=1.218459e-01
[step   155250] t/d= 310.500 | task1=3.719924e-01 | task2=2.646505e-01 | F1=1.069007e-01 | m1²=0.041343 | m2²=0.962308 | eps_w1=1.621085e+00 | eps_w2=1.196001e-01
[step   155500] t/d= 311.000 | task1=3.723157e-01 | task2=2.644628e-01 | F1=1.072240e-01 | m1²=0.040681 | m2²=0.962834 | eps_w1=1.628963e+00 | eps_w2=1.171756e-01
[step   155750] t/d= 311.500 | task1=3.726332e-01 | task2=2.642828e-01 | F1=1.075416e-01 | m1²=0.040182 | m2²=0.963301 | eps_w1=1.634745e+00 | eps_w2=1.152998e-01
[step   156000] t/d= 312.000 | task1=3.729309e-01 | task2=2.641107e-01 | F1=1.078392e-01 | m1²=0.039629 | m2²=0.963855 | eps_w1=1.640821e+00 | eps_w2=1.132610e-01
[step   156250] t/d= 312.500 | task1=3.731927e-01 | task2=2.639718e-01 | F1=1.081011e-01 | m1²=0.039160 | m2²=0.964276 | eps_w1=1.645810e+00 | eps_w2=1.116565e-01
[step   156500] t/d= 313.000 | task1=3.735453e-01 | task2=2.637734e-01 | F1=1.084536e-01 | m1²=0.038587 | m2²=0.964703 | eps_w1=1.652438e+00 | eps_w2=1.097262e-01
[step   156750] t/d= 313.500 | task1=3.737798e-01 | task2=2.636665e-01 | F1=1.086881e-01 | m1²=0.038129 | m2²=0.965134 | eps_w1=1.657561e+00 | eps_w2=1.081003e-01
[step   157000] t/d= 314.000 | task1=3.739848e-01 | task2=2.635469e-01 | F1=1.088932e-01 | m1²=0.037862 | m2²=0.965393 | eps_w1=1.662252e+00 | eps_w2=1.067727e-01
[step   157250] t/d= 314.500 | task1=3.743456e-01 | task2=2.634039e-01 | F1=1.092540e-01 | m1²=0.037388 | m2²=0.965781 | eps_w1=1.669625e+00 | eps_w2=1.047615e-01
[step   157500] t/d= 315.000 | task1=3.747102e-01 | task2=2.632110e-01 | F1=1.096186e-01 | m1²=0.036922 | m2²=0.966245 | eps_w1=1.676630e+00 | eps_w2=1.027352e-01
[step   157750] t/d= 315.500 | task1=3.749262e-01 | task2=2.630596e-01 | F1=1.098346e-01 | m1²=0.036466 | m2²=0.966778 | eps_w1=1.681846e+00 | eps_w2=1.009887e-01
[step   158000] t/d= 316.000 | task1=3.751937e-01 | task2=2.629622e-01 | F1=1.101021e-01 | m1²=0.036150 | m2²=0.967030 | eps_w1=1.687822e+00 | eps_w2=9.948838e-02
[step   158250] t/d= 316.500 | task1=3.754012e-01 | task2=2.628116e-01 | F1=1.103096e-01 | m1²=0.035681 | m2²=0.967535 | eps_w1=1.693643e+00 | eps_w2=9.769439e-02
[step   158500] t/d= 317.000 | task1=3.756549e-01 | task2=2.626436e-01 | F1=1.105633e-01 | m1²=0.035302 | m2²=0.968033 | eps_w1=1.698469e+00 | eps_w2=9.608882e-02
[step   158750] t/d= 317.500 | task1=3.759147e-01 | task2=2.625537e-01 | F1=1.108231e-01 | m1²=0.034994 | m2²=0.968285 | eps_w1=1.704120e+00 | eps_w2=9.469736e-02
[step   159000] t/d= 318.000 | task1=3.762633e-01 | task2=2.624252e-01 | F1=1.111716e-01 | m1²=0.034607 | m2²=0.968573 | eps_w1=1.711226e+00 | eps_w2=9.301712e-02
[step   159250] t/d= 318.500 | task1=3.764766e-01 | task2=2.623109e-01 | F1=1.113850e-01 | m1²=0.034146 | m2²=0.969041 | eps_w1=1.715951e+00 | eps_w2=9.154196e-02
[step   159500] t/d= 319.000 | task1=3.766991e-01 | task2=2.621481e-01 | F1=1.116075e-01 | m1²=0.033546 | m2²=0.969502 | eps_w1=1.721904e+00 | eps_w2=8.990409e-02
[step   159750] t/d= 319.500 | task1=3.768735e-01 | task2=2.620740e-01 | F1=1.117819e-01 | m1²=0.033448 | m2²=0.969699 | eps_w1=1.726794e+00 | eps_w2=8.873330e-02
[step   160000] t/d= 320.000 | task1=3.771401e-01 | task2=2.619195e-01 | F1=1.120484e-01 | m1²=0.033013 | m2²=0.970090 | eps_w1=1.731990e+00 | eps_w2=8.731658e-02
[step   160250] t/d= 320.500 | task1=3.773629e-01 | task2=2.618034e-01 | F1=1.122713e-01 | m1²=0.032604 | m2²=0.970410 | eps_w1=1.736695e+00 | eps_w2=8.610290e-02
[step   160500] t/d= 321.000 | task1=3.775989e-01 | task2=2.616661e-01 | F1=1.125073e-01 | m1²=0.032150 | m2²=0.970802 | eps_w1=1.742417e+00 | eps_w2=8.461938e-02
[step   160750] t/d= 321.500 | task1=3.777714e-01 | task2=2.616005e-01 | F1=1.126798e-01 | m1²=0.031681 | m2²=0.971071 | eps_w1=1.746782e+00 | eps_w2=8.358155e-02
[step   161000] t/d= 322.000 | task1=3.779773e-01 | task2=2.614847e-01 | F1=1.128857e-01 | m1²=0.031321 | m2²=0.971482 | eps_w1=1.751715e+00 | eps_w2=8.219433e-02
[step   161250] t/d= 322.500 | task1=3.781038e-01 | task2=2.613384e-01 | F1=1.130122e-01 | m1²=0.031001 | m2²=0.971887 | eps_w1=1.754436e+00 | eps_w2=8.117924e-02
[step   161500] t/d= 323.000 | task1=3.783172e-01 | task2=2.612202e-01 | F1=1.132256e-01 | m1²=0.030562 | m2²=0.972349 | eps_w1=1.759126e+00 | eps_w2=7.978305e-02
[step   161750] t/d= 323.500 | task1=3.786061e-01 | task2=2.610105e-01 | F1=1.135144e-01 | m1²=0.030059 | m2²=0.972813 | eps_w1=1.765882e+00 | eps_w2=7.807667e-02
[step   162000] t/d= 324.000 | task1=3.788795e-01 | task2=2.609053e-01 | F1=1.137879e-01 | m1²=0.029751 | m2²=0.973101 | eps_w1=1.771510e+00 | eps_w2=7.679712e-02
[step   162250] t/d= 324.500 | task1=3.791139e-01 | task2=2.608017e-01 | F1=1.140223e-01 | m1²=0.029356 | m2²=0.973459 | eps_w1=1.776697e+00 | eps_w2=7.551008e-02
[step   162500] t/d= 325.000 | task1=3.794474e-01 | task2=2.607034e-01 | F1=1.143558e-01 | m1²=0.028868 | m2²=0.973916 | eps_w1=1.782888e+00 | eps_w2=7.394057e-02
[step   162750] t/d= 325.500 | task1=3.797761e-01 | task2=2.606151e-01 | F1=1.146845e-01 | m1²=0.028600 | m2²=0.974160 | eps_w1=1.788759e+00 | eps_w2=7.272663e-02
[step   163000] t/d= 326.000 | task1=3.799801e-01 | task2=2.605155e-01 | F1=1.148885e-01 | m1²=0.028301 | m2²=0.974443 | eps_w1=1.792500e+00 | eps_w2=7.178332e-02
[step   163250] t/d= 326.500 | task1=3.802601e-01 | task2=2.603969e-01 | F1=1.151684e-01 | m1²=0.027903 | m2²=0.974699 | eps_w1=1.798240e+00 | eps_w2=7.062539e-02
[step   163500] t/d= 327.000 | task1=3.805351e-01 | task2=2.603176e-01 | F1=1.154434e-01 | m1²=0.027563 | m2²=0.974990 | eps_w1=1.802991e+00 | eps_w2=6.954774e-02
[step   163750] t/d= 327.500 | task1=3.808180e-01 | task2=2.602441e-01 | F1=1.157264e-01 | m1²=0.027347 | m2²=0.975171 | eps_w1=1.807528e+00 | eps_w2=6.865977e-02
[step   164000] t/d= 328.000 | task1=3.809843e-01 | task2=2.601810e-01 | F1=1.158926e-01 | m1²=0.027107 | m2²=0.975349 | eps_w1=1.811079e+00 | eps_w2=6.792840e-02
[step   164250] t/d= 328.500 | task1=3.812391e-01 | task2=2.601257e-01 | F1=1.161475e-01 | m1²=0.026932 | m2²=0.975664 | eps_w1=1.816366e+00 | eps_w2=6.671892e-02
[step   164500] t/d= 329.000 | task1=3.814760e-01 | task2=2.600395e-01 | F1=1.163844e-01 | m1²=0.026621 | m2²=0.975950 | eps_w1=1.821073e+00 | eps_w2=6.568163e-02
[step   164750] t/d= 329.500 | task1=3.817158e-01 | task2=2.599481e-01 | F1=1.166242e-01 | m1²=0.026345 | m2²=0.976237 | eps_w1=1.826670e+00 | eps_w2=6.452327e-02
[step   165000] t/d= 330.000 | task1=3.819160e-01 | task2=2.598228e-01 | F1=1.168243e-01 | m1²=0.026142 | m2²=0.976536 | eps_w1=1.830541e+00 | eps_w2=6.356261e-02
[step   165250] t/d= 330.500 | task1=3.821383e-01 | task2=2.597226e-01 | F1=1.170466e-01 | m1²=0.025898 | m2²=0.976748 | eps_w1=1.835202e+00 | eps_w2=6.266345e-02
[step   165500] t/d= 331.000 | task1=3.822923e-01 | task2=2.596795e-01 | F1=1.172007e-01 | m1²=0.025621 | m2²=0.976936 | eps_w1=1.839512e+00 | eps_w2=6.186509e-02
[step   165750] t/d= 331.500 | task1=3.825496e-01 | task2=2.595748e-01 | F1=1.174580e-01 | m1²=0.025334 | m2²=0.977163 | eps_w1=1.845475e+00 | eps_w2=6.080775e-02
[step   166000] t/d= 332.000 | task1=3.827680e-01 | task2=2.595103e-01 | F1=1.176764e-01 | m1²=0.025078 | m2²=0.977319 | eps_w1=1.850013e+00 | eps_w2=6.004911e-02
[step   166250] t/d= 332.500 | task1=3.828442e-01 | task2=2.594539e-01 | F1=1.177525e-01 | m1²=0.024938 | m2²=0.977357 | eps_w1=1.852789e+00 | eps_w2=5.968169e-02
[step   166500] t/d= 333.000 | task1=3.830649e-01 | task2=2.593737e-01 | F1=1.179733e-01 | m1²=0.024532 | m2²=0.977703 | eps_w1=1.858277e+00 | eps_w2=5.853252e-02
[step   166750] t/d= 333.500 | task1=3.833020e-01 | task2=2.592700e-01 | F1=1.182104e-01 | m1²=0.024253 | m2²=0.977860 | eps_w1=1.863078e+00 | eps_w2=5.776874e-02
[step   167000] t/d= 334.000 | task1=3.835345e-01 | task2=2.592033e-01 | F1=1.184429e-01 | m1²=0.024128 | m2²=0.978065 | eps_w1=1.868170e+00 | eps_w2=5.686544e-02
[step   167250] t/d= 334.500 | task1=3.837036e-01 | task2=2.590836e-01 | F1=1.186120e-01 | m1²=0.023815 | m2²=0.978342 | eps_w1=1.872333e+00 | eps_w2=5.599006e-02
[step   167500] t/d= 335.000 | task1=3.839005e-01 | task2=2.589915e-01 | F1=1.188089e-01 | m1²=0.023493 | m2²=0.978584 | eps_w1=1.876543e+00 | eps_w2=5.517805e-02
[step   167750] t/d= 335.500 | task1=3.840501e-01 | task2=2.588936e-01 | F1=1.189584e-01 | m1²=0.023232 | m2²=0.978783 | eps_w1=1.880553e+00 | eps_w2=5.445408e-02
[step   168000] t/d= 336.000 | task1=3.842784e-01 | task2=2.587766e-01 | F1=1.191868e-01 | m1²=0.022880 | m2²=0.978932 | eps_w1=1.885949e+00 | eps_w2=5.369440e-02
[step   168250] t/d= 336.500 | task1=3.845600e-01 | task2=2.586586e-01 | F1=1.194683e-01 | m1²=0.022642 | m2²=0.979174 | eps_w1=1.891973e+00 | eps_w2=5.269693e-02
[step   168500] t/d= 337.000 | task1=3.847084e-01 | task2=2.586354e-01 | F1=1.196168e-01 | m1²=0.022544 | m2²=0.979322 | eps_w1=1.895549e+00 | eps_w2=5.209576e-02
[step   168750] t/d= 337.500 | task1=3.849495e-01 | task2=2.585353e-01 | F1=1.198578e-01 | m1²=0.022408 | m2²=0.979470 | eps_w1=1.900517e+00 | eps_w2=5.136843e-02
[step   169000] t/d= 338.000 | task1=3.851614e-01 | task2=2.584073e-01 | F1=1.200698e-01 | m1²=0.022105 | m2²=0.979713 | eps_w1=1.905046e+00 | eps_w2=5.055749e-02
[step   169250] t/d= 338.500 | task1=3.853675e-01 | task2=2.582720e-01 | F1=1.202758e-01 | m1²=0.021756 | m2²=0.980018 | eps_w1=1.912525e+00 | eps_w2=4.937617e-02
[step   169500] t/d= 339.000 | task1=3.857201e-01 | task2=2.580930e-01 | F1=1.206284e-01 | m1²=0.021335 | m2²=0.980442 | eps_w1=1.918171e+00 | eps_w2=4.818242e-02
[step   169750] t/d= 339.500 | task1=3.858421e-01 | task2=2.580389e-01 | F1=1.207504e-01 | m1²=0.021038 | m2²=0.980655 | eps_w1=1.921014e+00 | eps_w2=4.760023e-02
[step   170000] t/d= 340.000 | task1=3.859819e-01 | task2=2.579942e-01 | F1=1.208903e-01 | m1²=0.020774 | m2²=0.980811 | eps_w1=1.924375e+00 | eps_w2=4.706784e-02
[step   170250] t/d= 340.500 | task1=3.861342e-01 | task2=2.579238e-01 | F1=1.210425e-01 | m1²=0.020568 | m2²=0.981020 | eps_w1=1.929586e+00 | eps_w2=4.627483e-02
[step   170500] t/d= 341.000 | task1=3.864120e-01 | task2=2.577927e-01 | F1=1.213204e-01 | m1²=0.020260 | m2²=0.981232 | eps_w1=1.935800e+00 | eps_w2=4.541622e-02
[step   170750] t/d= 341.500 | task1=3.866216e-01 | task2=2.577496e-01 | F1=1.215300e-01 | m1²=0.019907 | m2²=0.981446 | eps_w1=1.939978e+00 | eps_w2=4.474262e-02
[step   171000] t/d= 342.000 | task1=3.868789e-01 | task2=2.576848e-01 | F1=1.217873e-01 | m1²=0.019617 | m2²=0.981616 | eps_w1=1.945000e+00 | eps_w2=4.407399e-02
[step   171250] t/d= 342.500 | task1=3.871499e-01 | task2=2.576410e-01 | F1=1.220583e-01 | m1²=0.019456 | m2²=0.981810 | eps_w1=1.949011e+00 | eps_w2=4.343060e-02
[step   171500] t/d= 343.000 | task1=3.873977e-01 | task2=2.575286e-01 | F1=1.223061e-01 | m1²=0.019314 | m2²=0.981886 | eps_w1=1.953594e+00 | eps_w2=4.295677e-02
[step   171750] t/d= 343.500 | task1=3.875893e-01 | task2=2.574714e-01 | F1=1.224977e-01 | m1²=0.018951 | m2²=0.982192 | eps_w1=1.956983e+00 | eps_w2=4.220123e-02
[step   172000] t/d= 344.000 | task1=3.878290e-01 | task2=2.573798e-01 | F1=1.227374e-01 | m1²=0.018786 | m2²=0.982369 | eps_w1=1.962347e+00 | eps_w2=4.150286e-02
[step   172250] t/d= 344.500 | task1=3.879537e-01 | task2=2.574029e-01 | F1=1.228621e-01 | m1²=0.018567 | m2²=0.982537 | eps_w1=1.965547e+00 | eps_w2=4.099607e-02
[step   172500] t/d= 345.000 | task1=3.881632e-01 | task2=2.573473e-01 | F1=1.230715e-01 | m1²=0.018326 | m2²=0.982752 | eps_w1=1.970920e+00 | eps_w2=4.025380e-02
[step   172750] t/d= 345.500 | task1=3.884087e-01 | task2=2.572408e-01 | F1=1.233171e-01 | m1²=0.018109 | m2²=0.982985 | eps_w1=1.976968e+00 | eps_w2=3.943831e-02
[step   173000] t/d= 346.000 | task1=3.885601e-01 | task2=2.571551e-01 | F1=1.234685e-01 | m1²=0.018017 | m2²=0.983061 | eps_w1=1.981375e+00 | eps_w2=3.901420e-02
[step   173250] t/d= 346.500 | task1=3.887411e-01 | task2=2.570945e-01 | F1=1.236494e-01 | m1²=0.017897 | m2²=0.983181 | eps_w1=1.985707e+00 | eps_w2=3.852460e-02
[step   173500] t/d= 347.000 | task1=3.888464e-01 | task2=2.570341e-01 | F1=1.237548e-01 | m1²=0.017766 | m2²=0.983333 | eps_w1=1.990201e+00 | eps_w2=3.797531e-02
[step   173750] t/d= 347.500 | task1=3.890179e-01 | task2=2.570249e-01 | F1=1.239263e-01 | m1²=0.017513 | m2²=0.983506 | eps_w1=1.995012e+00 | eps_w2=3.739102e-02
[step   174000] t/d= 348.000 | task1=3.892375e-01 | task2=2.569353e-01 | F1=1.241459e-01 | m1²=0.017418 | m2²=0.983651 | eps_w1=2.000882e+00 | eps_w2=3.678120e-02
[step   174250] t/d= 348.500 | task1=3.894846e-01 | task2=2.568822e-01 | F1=1.243930e-01 | m1²=0.017173 | m2²=0.983896 | eps_w1=2.006170e+00 | eps_w2=3.605098e-02
[step   174500] t/d= 349.000 | task1=3.896698e-01 | task2=2.568322e-01 | F1=1.245782e-01 | m1²=0.016945 | m2²=0.984114 | eps_w1=2.010526e+00 | eps_w2=3.542867e-02
[step   174750] t/d= 349.500 | task1=3.898223e-01 | task2=2.567942e-01 | F1=1.247306e-01 | m1²=0.016804 | m2²=0.984223 | eps_w1=2.013070e+00 | eps_w2=3.510197e-02
[step   175000] t/d= 350.000 | task1=3.900446e-01 | task2=2.567136e-01 | F1=1.249530e-01 | m1²=0.016540 | m2²=0.984454 | eps_w1=2.017959e+00 | eps_w2=3.443785e-02
[step   175250] t/d= 350.500 | task1=3.901336e-01 | task2=2.566294e-01 | F1=1.250420e-01 | m1²=0.016242 | m2²=0.984722 | eps_w1=2.019749e+00 | eps_w2=3.388016e-02
[step   175500] t/d= 351.000 | task1=3.903690e-01 | task2=2.565578e-01 | F1=1.252774e-01 | m1²=0.016010 | m2²=0.984974 | eps_w1=2.023462e+00 | eps_w2=3.324331e-02
[step   175750] t/d= 351.500 | task1=3.905381e-01 | task2=2.564753e-01 | F1=1.254465e-01 | m1²=0.015808 | m2²=0.985118 | eps_w1=2.028412e+00 | eps_w2=3.274327e-02
[step   176000] t/d= 352.000 | task1=3.906390e-01 | task2=2.563859e-01 | F1=1.255473e-01 | m1²=0.015703 | m2²=0.985283 | eps_w1=2.031648e+00 | eps_w2=3.228759e-02
[step   176250] t/d= 352.500 | task1=3.909365e-01 | task2=2.563213e-01 | F1=1.258449e-01 | m1²=0.015483 | m2²=0.985476 | eps_w1=2.035826e+00 | eps_w2=3.174701e-02
[step   176500] t/d= 353.000 | task1=3.911862e-01 | task2=2.562015e-01 | F1=1.260946e-01 | m1²=0.015346 | m2²=0.985546 | eps_w1=2.040427e+00 | eps_w2=3.141379e-02
[step   176750] t/d= 353.500 | task1=3.913610e-01 | task2=2.561256e-01 | F1=1.262694e-01 | m1²=0.015154 | m2²=0.985710 | eps_w1=2.044438e+00 | eps_w2=3.094299e-02
[step   177000] t/d= 354.000 | task1=3.915960e-01 | task2=2.560265e-01 | F1=1.265044e-01 | m1²=0.015046 | m2²=0.985795 | eps_w1=2.050669e+00 | eps_w2=3.052295e-02
[step   177250] t/d= 354.500 | task1=3.917536e-01 | task2=2.559672e-01 | F1=1.266620e-01 | m1²=0.014926 | m2²=0.985935 | eps_w1=2.053170e+00 | eps_w2=3.016669e-02
[step   177500] t/d= 355.000 | task1=3.919428e-01 | task2=2.558846e-01 | F1=1.268511e-01 | m1²=0.014709 | m2²=0.986079 | eps_w1=2.057732e+00 | eps_w2=2.972739e-02
[step   177750] t/d= 355.500 | task1=3.922381e-01 | task2=2.558131e-01 | F1=1.271464e-01 | m1²=0.014520 | m2²=0.986260 | eps_w1=2.063351e+00 | eps_w2=2.918324e-02
[step   178000] t/d= 356.000 | task1=3.924462e-01 | task2=2.557628e-01 | F1=1.273545e-01 | m1²=0.014294 | m2²=0.986395 | eps_w1=2.067597e+00 | eps_w2=2.878865e-02
[step   178250] t/d= 356.500 | task1=3.926029e-01 | task2=2.557427e-01 | F1=1.275112e-01 | m1²=0.014226 | m2²=0.986473 | eps_w1=2.071373e+00 | eps_w2=2.851011e-02
[step   178500] t/d= 357.000 | task1=3.926771e-01 | task2=2.557087e-01 | F1=1.275854e-01 | m1²=0.014058 | m2²=0.986596 | eps_w1=2.073137e+00 | eps_w2=2.822696e-02
[step   178750] t/d= 357.500 | task1=3.928920e-01 | task2=2.556560e-01 | F1=1.278004e-01 | m1²=0.013799 | m2²=0.986759 | eps_w1=2.078444e+00 | eps_w2=2.775680e-02
[step   179000] t/d= 358.000 | task1=3.930802e-01 | task2=2.556116e-01 | F1=1.279886e-01 | m1²=0.013668 | m2²=0.986964 | eps_w1=2.083160e+00 | eps_w2=2.722366e-02
[step   179250] t/d= 358.500 | task1=3.931880e-01 | task2=2.555558e-01 | F1=1.280964e-01 | m1²=0.013552 | m2²=0.987038 | eps_w1=2.087314e+00 | eps_w2=2.696414e-02
[step   179500] t/d= 359.000 | task1=3.933664e-01 | task2=2.554791e-01 | F1=1.282748e-01 | m1²=0.013368 | m2²=0.987201 | eps_w1=2.092649e+00 | eps_w2=2.650810e-02
[step   179750] t/d= 359.500 | task1=3.934808e-01 | task2=2.553749e-01 | F1=1.283892e-01 | m1²=0.013262 | m2²=0.987355 | eps_w1=2.095884e+00 | eps_w2=2.613083e-02
[step   180000] t/d= 360.000 | task1=3.936823e-01 | task2=2.553323e-01 | F1=1.285906e-01 | m1²=0.013160 | m2²=0.987434 | eps_w1=2.099974e+00 | eps_w2=2.587770e-02
[step   180250] t/d= 360.500 | task1=3.938200e-01 | task2=2.552780e-01 | F1=1.287284e-01 | m1²=0.012999 | m2²=0.987514 | eps_w1=2.101439e+00 | eps_w2=2.569542e-02
[step   180500] t/d= 361.000 | task1=3.939316e-01 | task2=2.552585e-01 | F1=1.288399e-01 | m1²=0.012873 | m2²=0.987635 | eps_w1=2.103426e+00 | eps_w2=2.541931e-02
[step   180750] t/d= 361.500 | task1=3.940762e-01 | task2=2.552159e-01 | F1=1.289846e-01 | m1²=0.012777 | m2²=0.987673 | eps_w1=2.106729e+00 | eps_w2=2.527109e-02
[step   181000] t/d= 362.000 | task1=3.943347e-01 | task2=2.552132e-01 | F1=1.292431e-01 | m1²=0.012666 | m2²=0.987767 | eps_w1=2.111524e+00 | eps_w2=2.498657e-02
[step   181250] t/d= 362.500 | task1=3.945629e-01 | task2=2.551171e-01 | F1=1.294713e-01 | m1²=0.012574 | m2²=0.987852 | eps_w1=2.118324e+00 | eps_w2=2.468345e-02
[step   181500] t/d= 363.000 | task1=3.946696e-01 | task2=2.550136e-01 | F1=1.295780e-01 | m1²=0.012483 | m2²=0.987977 | eps_w1=2.120520e+00 | eps_w2=2.440356e-02
[step   181750] t/d= 363.500 | task1=3.948998e-01 | task2=2.549465e-01 | F1=1.298081e-01 | m1²=0.012340 | m2²=0.988090 | eps_w1=2.125539e+00 | eps_w2=2.409854e-02
[step   182000] t/d= 364.000 | task1=3.949740e-01 | task2=2.549128e-01 | F1=1.298824e-01 | m1²=0.012233 | m2²=0.988215 | eps_w1=2.127907e+00 | eps_w2=2.382102e-02
[step   182250] t/d= 364.500 | task1=3.952179e-01 | task2=2.548728e-01 | F1=1.301263e-01 | m1²=0.012060 | m2²=0.988351 | eps_w1=2.133292e+00 | eps_w2=2.347711e-02
[step   182500] t/d= 365.000 | task1=3.953636e-01 | task2=2.548352e-01 | F1=1.302720e-01 | m1²=0.012041 | m2²=0.988417 | eps_w1=2.136724e+00 | eps_w2=2.330040e-02
[step   182750] t/d= 365.500 | task1=3.954285e-01 | task2=2.547978e-01 | F1=1.303368e-01 | m1²=0.011883 | m2²=0.988592 | eps_w1=2.140042e+00 | eps_w2=2.291943e-02
[step   183000] t/d= 366.000 | task1=3.956037e-01 | task2=2.547948e-01 | F1=1.305121e-01 | m1²=0.011795 | m2²=0.988740 | eps_w1=2.143811e+00 | eps_w2=2.258684e-02
[step   183250] t/d= 366.500 | task1=3.957500e-01 | task2=2.546872e-01 | F1=1.306584e-01 | m1²=0.011655 | m2²=0.988814 | eps_w1=2.147583e+00 | eps_w2=2.240462e-02
[step   183500] t/d= 367.000 | task1=3.958631e-01 | task2=2.546653e-01 | F1=1.307715e-01 | m1²=0.011472 | m2²=0.988909 | eps_w1=2.150735e+00 | eps_w2=2.219199e-02
[step   183750] t/d= 367.500 | task1=3.960470e-01 | task2=2.546286e-01 | F1=1.309553e-01 | m1²=0.011299 | m2²=0.989086 | eps_w1=2.154772e+00 | eps_w2=2.181240e-02
[step   184000] t/d= 368.000 | task1=3.962653e-01 | task2=2.545276e-01 | F1=1.311736e-01 | m1²=0.011198 | m2²=0.989204 | eps_w1=2.160372e+00 | eps_w2=2.153923e-02
[step   184250] t/d= 368.500 | task1=3.963881e-01 | task2=2.545315e-01 | F1=1.312965e-01 | m1²=0.011015 | m2²=0.989345 | eps_w1=2.164476e+00 | eps_w2=2.123988e-02
[step   184500] t/d= 369.000 | task1=3.964605e-01 | task2=2.544422e-01 | F1=1.313688e-01 | m1²=0.010948 | m2²=0.989429 | eps_w1=2.166873e+00 | eps_w2=2.106310e-02
[step   184750] t/d= 369.500 | task1=3.965221e-01 | task2=2.544052e-01 | F1=1.314305e-01 | m1²=0.010858 | m2²=0.989413 | eps_w1=2.170232e+00 | eps_w2=2.108195e-02
[step   185000] t/d= 370.000 | task1=3.965557e-01 | task2=2.543820e-01 | F1=1.314641e-01 | m1²=0.010820 | m2²=0.989405 | eps_w1=2.173417e+00 | eps_w2=2.108760e-02
[step   185250] t/d= 370.500 | task1=3.966765e-01 | task2=2.544006e-01 | F1=1.315848e-01 | m1²=0.010825 | m2²=0.989464 | eps_w1=2.177815e+00 | eps_w2=2.096248e-02
[step   185500] t/d= 371.000 | task1=3.967302e-01 | task2=2.543936e-01 | F1=1.316386e-01 | m1²=0.010727 | m2²=0.989558 | eps_w1=2.180654e+00 | eps_w2=2.077585e-02
[step   185750] t/d= 371.500 | task1=3.968630e-01 | task2=2.543697e-01 | F1=1.317713e-01 | m1²=0.010514 | m2²=0.989640 | eps_w1=2.184600e+00 | eps_w2=2.061361e-02
[step   186000] t/d= 372.000 | task1=3.970130e-01 | task2=2.543625e-01 | F1=1.319214e-01 | m1²=0.010455 | m2²=0.989624 | eps_w1=2.187513e+00 | eps_w2=2.064984e-02
[step   186250] t/d= 372.500 | task1=3.971651e-01 | task2=2.543214e-01 | F1=1.320735e-01 | m1²=0.010370 | m2²=0.989693 | eps_w1=2.190275e+00 | eps_w2=2.051699e-02
[step   186500] t/d= 373.000 | task1=3.972135e-01 | task2=2.543549e-01 | F1=1.321219e-01 | m1²=0.010294 | m2²=0.989826 | eps_w1=2.191513e+00 | eps_w2=2.025623e-02
[step   186750] t/d= 373.500 | task1=3.973973e-01 | task2=2.543393e-01 | F1=1.323057e-01 | m1²=0.010265 | m2²=0.989871 | eps_w1=2.195960e+00 | eps_w2=2.018366e-02
[step   187000] t/d= 374.000 | task1=3.975617e-01 | task2=2.543242e-01 | F1=1.324700e-01 | m1²=0.010234 | m2²=0.989933 | eps_w1=2.199628e+00 | eps_w2=2.007789e-02
[step   187250] t/d= 374.500 | task1=3.977776e-01 | task2=2.543147e-01 | F1=1.326860e-01 | m1²=0.010229 | m2²=0.989968 | eps_w1=2.204377e+00 | eps_w2=2.003677e-02
[step   187500] t/d= 375.000 | task1=3.978592e-01 | task2=2.543095e-01 | F1=1.327676e-01 | m1²=0.010144 | m2²=0.990104 | eps_w1=2.206918e+00 | eps_w2=1.978322e-02
[step   187750] t/d= 375.500 | task1=3.980551e-01 | task2=2.542904e-01 | F1=1.329634e-01 | m1²=0.009941 | m2²=0.990149 | eps_w1=2.211476e+00 | eps_w2=1.972687e-02
[step   188000] t/d= 376.000 | task1=3.980576e-01 | task2=2.542723e-01 | F1=1.329660e-01 | m1²=0.009837 | m2²=0.990255 | eps_w1=2.211563e+00 | eps_w2=1.951323e-02
[step   188250] t/d= 376.500 | task1=3.980796e-01 | task2=2.542461e-01 | F1=1.329880e-01 | m1²=0.009763 | m2²=0.990298 | eps_w1=2.214253e+00 | eps_w2=1.945032e-02
[step   188500] t/d= 377.000 | task1=3.982257e-01 | task2=2.542512e-01 | F1=1.331341e-01 | m1²=0.009665 | m2²=0.990369 | eps_w1=2.217432e+00 | eps_w2=1.933819e-02
[step   188750] t/d= 377.500 | task1=3.983470e-01 | task2=2.542027e-01 | F1=1.332553e-01 | m1²=0.009588 | m2²=0.990408 | eps_w1=2.220514e+00 | eps_w2=1.929395e-02
[step   189000] t/d= 378.000 | task1=3.984706e-01 | task2=2.541364e-01 | F1=1.333790e-01 | m1²=0.009499 | m2²=0.990422 | eps_w1=2.223286e+00 | eps_w2=1.929575e-02
[step   189250] t/d= 378.500 | task1=3.986927e-01 | task2=2.541159e-01 | F1=1.336011e-01 | m1²=0.009444 | m2²=0.990572 | eps_w1=2.227123e+00 | eps_w2=1.904191e-02
[step   189500] t/d= 379.000 | task1=3.986917e-01 | task2=2.540267e-01 | F1=1.336001e-01 | m1²=0.009352 | m2²=0.990694 | eps_w1=2.228186e+00 | eps_w2=1.880689e-02
[step   189750] t/d= 379.500 | task1=3.988341e-01 | task2=2.540087e-01 | F1=1.337424e-01 | m1²=0.009306 | m2²=0.990756 | eps_w1=2.232742e+00 | eps_w2=1.874588e-02
[step   190000] t/d= 380.000 | task1=3.989384e-01 | task2=2.539756e-01 | F1=1.338468e-01 | m1²=0.009281 | m2²=0.990811 | eps_w1=2.234175e+00 | eps_w2=1.865578e-02
[step   190250] t/d= 380.500 | task1=3.989404e-01 | task2=2.539519e-01 | F1=1.338488e-01 | m1²=0.009173 | m2²=0.990914 | eps_w1=2.234638e+00 | eps_w2=1.845283e-02
[step   190500] t/d= 381.000 | task1=3.989982e-01 | task2=2.539503e-01 | F1=1.339066e-01 | m1²=0.009118 | m2²=0.990975 | eps_w1=2.236375e+00 | eps_w2=1.835511e-02
[step   190750] t/d= 381.500 | task1=3.991748e-01 | task2=2.539155e-01 | F1=1.340832e-01 | m1²=0.009044 | m2²=0.991011 | eps_w1=2.239968e+00 | eps_w2=1.833693e-02
[step   191000] t/d= 382.000 | task1=3.992789e-01 | task2=2.539553e-01 | F1=1.341873e-01 | m1²=0.009005 | m2²=0.991058 | eps_w1=2.242689e+00 | eps_w2=1.828809e-02
[step   191250] t/d= 382.500 | task1=3.994673e-01 | task2=2.539100e-01 | F1=1.343757e-01 | m1²=0.008855 | m2²=0.991214 | eps_w1=2.247390e+00 | eps_w2=1.805198e-02
[step   191500] t/d= 383.000 | task1=3.995263e-01 | task2=2.538113e-01 | F1=1.344346e-01 | m1²=0.008814 | m2²=0.991227 | eps_w1=2.250576e+00 | eps_w2=1.808598e-02
[step   191750] t/d= 383.500 | task1=3.996077e-01 | task2=2.537852e-01 | F1=1.345161e-01 | m1²=0.008704 | m2²=0.991306 | eps_w1=2.253300e+00 | eps_w2=1.797729e-02
[step   192000] t/d= 384.000 | task1=3.998099e-01 | task2=2.537539e-01 | F1=1.347183e-01 | m1²=0.008623 | m2²=0.991331 | eps_w1=2.258063e+00 | eps_w2=1.802354e-02
[step   192250] t/d= 384.500 | task1=3.999020e-01 | task2=2.537433e-01 | F1=1.348104e-01 | m1²=0.008482 | m2²=0.991394 | eps_w1=2.262051e+00 | eps_w2=1.797808e-02
[step   192500] t/d= 385.000 | task1=4.000229e-01 | task2=2.537606e-01 | F1=1.349313e-01 | m1²=0.008509 | m2²=0.991439 | eps_w1=2.265380e+00 | eps_w2=1.796677e-02
[step   192750] t/d= 385.500 | task1=4.001186e-01 | task2=2.537336e-01 | F1=1.350270e-01 | m1²=0.008418 | m2²=0.991557 | eps_w1=2.267789e+00 | eps_w2=1.778018e-02
[step   193000] t/d= 386.000 | task1=4.001810e-01 | task2=2.537153e-01 | F1=1.350893e-01 | m1²=0.008362 | m2²=0.991640 | eps_w1=2.270570e+00 | eps_w2=1.767707e-02
[step   193250] t/d= 386.500 | task1=4.003602e-01 | task2=2.537424e-01 | F1=1.352686e-01 | m1²=0.008348 | m2²=0.991605 | eps_w1=2.275662e+00 | eps_w2=1.788206e-02
[step   193500] t/d= 387.000 | task1=4.005694e-01 | task2=2.536814e-01 | F1=1.354777e-01 | m1²=0.008269 | m2²=0.991678 | eps_w1=2.281231e+00 | eps_w2=1.788365e-02
[step   193750] t/d= 387.500 | task1=4.007210e-01 | task2=2.536377e-01 | F1=1.356294e-01 | m1²=0.008227 | m2²=0.991706 | eps_w1=2.285994e+00 | eps_w2=1.796341e-02
[step   194000] t/d= 388.000 | task1=4.008667e-01 | task2=2.536067e-01 | F1=1.357751e-01 | m1²=0.008135 | m2²=0.991763 | eps_w1=2.288797e+00 | eps_w2=1.792588e-02
[step   194250] t/d= 388.500 | task1=4.010188e-01 | task2=2.536045e-01 | F1=1.359272e-01 | m1²=0.008072 | m2²=0.991781 | eps_w1=2.293399e+00 | eps_w2=1.802980e-02
[step   194500] t/d= 389.000 | task1=4.010813e-01 | task2=2.535922e-01 | F1=1.359896e-01 | m1²=0.008011 | m2²=0.991751 | eps_w1=2.296196e+00 | eps_w2=1.817958e-02
[step   194750] t/d= 389.500 | task1=4.012379e-01 | task2=2.535667e-01 | F1=1.361463e-01 | m1²=0.007888 | m2²=0.991835 | eps_w1=2.298938e+00 | eps_w2=1.808652e-02
[step   195000] t/d= 390.000 | task1=4.012673e-01 | task2=2.535401e-01 | F1=1.361757e-01 | m1²=0.007810 | m2²=0.991838 | eps_w1=2.300566e+00 | eps_w2=1.813063e-02
[step   195250] t/d= 390.500 | task1=4.012891e-01 | task2=2.535054e-01 | F1=1.361974e-01 | m1²=0.007743 | m2²=0.991956 | eps_w1=2.302173e+00 | eps_w2=1.793565e-02
[step   195500] t/d= 391.000 | task1=4.015160e-01 | task2=2.534822e-01 | F1=1.364244e-01 | m1²=0.007703 | m2²=0.991992 | eps_w1=2.306627e+00 | eps_w2=1.801515e-02
[step   195750] t/d= 391.500 | task1=4.015885e-01 | task2=2.534990e-01 | F1=1.364969e-01 | m1²=0.007632 | m2²=0.992087 | eps_w1=2.309146e+00 | eps_w2=1.790325e-02
[step   196000] t/d= 392.000 | task1=4.017293e-01 | task2=2.535137e-01 | F1=1.366376e-01 | m1²=0.007628 | m2²=0.992085 | eps_w1=2.312249e+00 | eps_w2=1.801983e-02
[step   196250] t/d= 392.500 | task1=4.018409e-01 | task2=2.535258e-01 | F1=1.367493e-01 | m1²=0.007663 | m2²=0.992063 | eps_w1=2.313982e+00 | eps_w2=1.813487e-02
[step   196500] t/d= 393.000 | task1=4.019880e-01 | task2=2.535475e-01 | F1=1.368963e-01 | m1²=0.007591 | m2²=0.992060 | eps_w1=2.316628e+00 | eps_w2=1.823645e-02
[step   196750] t/d= 393.500 | task1=4.019429e-01 | task2=2.535413e-01 | F1=1.368513e-01 | m1²=0.007535 | m2²=0.992056 | eps_w1=2.316785e+00 | eps_w2=1.824546e-02
[step   197000] t/d= 394.000 | task1=4.020327e-01 | task2=2.535171e-01 | F1=1.369411e-01 | m1²=0.007461 | m2²=0.992133 | eps_w1=2.318894e+00 | eps_w2=1.816127e-02
[step   197250] t/d= 394.500 | task1=4.020762e-01 | task2=2.534965e-01 | F1=1.369846e-01 | m1²=0.007419 | m2²=0.992108 | eps_w1=2.322447e+00 | eps_w2=1.834979e-02
[step   197500] t/d= 395.000 | task1=4.022340e-01 | task2=2.535111e-01 | F1=1.371424e-01 | m1²=0.007309 | m2²=0.992171 | eps_w1=2.327443e+00 | eps_w2=1.841137e-02
[step   197750] t/d= 395.500 | task1=4.023398e-01 | task2=2.535110e-01 | F1=1.372481e-01 | m1²=0.007271 | m2²=0.992208 | eps_w1=2.329823e+00 | eps_w2=1.843052e-02
[step   198000] t/d= 396.000 | task1=4.024561e-01 | task2=2.534609e-01 | F1=1.373645e-01 | m1²=0.007159 | m2²=0.992263 | eps_w1=2.334778e+00 | eps_w2=1.851662e-02
[step   198250] t/d= 396.500 | task1=4.024982e-01 | task2=2.534513e-01 | F1=1.374066e-01 | m1²=0.007077 | m2²=0.992380 | eps_w1=2.336778e+00 | eps_w2=1.834901e-02
[step   198500] t/d= 397.000 | task1=4.025940e-01 | task2=2.534607e-01 | F1=1.375024e-01 | m1²=0.007010 | m2²=0.992434 | eps_w1=2.339519e+00 | eps_w2=1.835036e-02
[step   198750] t/d= 397.500 | task1=4.026746e-01 | task2=2.534837e-01 | F1=1.375830e-01 | m1²=0.007010 | m2²=0.992432 | eps_w1=2.342012e+00 | eps_w2=1.846685e-02
[step   199000] t/d= 398.000 | task1=4.027991e-01 | task2=2.534616e-01 | F1=1.377075e-01 | m1²=0.006925 | m2²=0.992430 | eps_w1=2.343727e+00 | eps_w2=1.854091e-02
[step   199250] t/d= 398.500 | task1=4.029219e-01 | task2=2.534314e-01 | F1=1.378303e-01 | m1²=0.006908 | m2²=0.992501 | eps_w1=2.346725e+00 | eps_w2=1.852736e-02
[step   199500] t/d= 399.000 | task1=4.030905e-01 | task2=2.533899e-01 | F1=1.379988e-01 | m1²=0.006788 | m2²=0.992608 | eps_w1=2.351560e+00 | eps_w2=1.851716e-02
[step   199750] t/d= 399.500 | task1=4.031126e-01 | task2=2.534062e-01 | F1=1.380210e-01 | m1²=0.006768 | m2²=0.992635 | eps_w1=2.351803e+00 | eps_w2=1.846778e-02
[step   200000] t/d= 400.000 | task1=4.032214e-01 | task2=2.533842e-01 | F1=1.381298e-01 | m1²=0.006698 | m2²=0.992657 | eps_w1=2.353305e+00 | eps_w2=1.848652e-02
[step   200250] t/d= 400.500 | task1=4.032517e-01 | task2=2.533612e-01 | F1=1.381601e-01 | m1²=0.006654 | m2²=0.992666 | eps_w1=2.354398e+00 | eps_w2=1.851482e-02
[step   200500] t/d= 401.000 | task1=4.033107e-01 | task2=2.533200e-01 | F1=1.382191e-01 | m1²=0.006565 | m2²=0.992651 | eps_w1=2.356734e+00 | eps_w2=1.865149e-02
[step   200750] t/d= 401.500 | task1=4.032571e-01 | task2=2.533199e-01 | F1=1.381655e-01 | m1²=0.006536 | m2²=0.992622 | eps_w1=2.356837e+00 | eps_w2=1.871382e-02
[step   201000] t/d= 402.000 | task1=4.032970e-01 | task2=2.532836e-01 | F1=1.382054e-01 | m1²=0.006501 | m2²=0.992694 | eps_w1=2.358165e+00 | eps_w2=1.862243e-02
[step   201250] t/d= 402.500 | task1=4.032481e-01 | task2=2.532703e-01 | F1=1.381565e-01 | m1²=0.006441 | m2²=0.992720 | eps_w1=2.357381e+00 | eps_w2=1.852250e-02
[step   201500] t/d= 403.000 | task1=4.033923e-01 | task2=2.532806e-01 | F1=1.383007e-01 | m1²=0.006388 | m2²=0.992749 | eps_w1=2.360912e+00 | eps_w2=1.863046e-02
[step   201750] t/d= 403.500 | task1=4.035177e-01 | task2=2.533188e-01 | F1=1.384260e-01 | m1²=0.006300 | m2²=0.992807 | eps_w1=2.364075e+00 | eps_w2=1.865519e-02
[step   202000] t/d= 404.000 | task1=4.035778e-01 | task2=2.532645e-01 | F1=1.384861e-01 | m1²=0.006221 | m2²=0.992846 | eps_w1=2.366355e+00 | eps_w2=1.868107e-02
[step   202250] t/d= 404.500 | task1=4.036642e-01 | task2=2.532184e-01 | F1=1.385726e-01 | m1²=0.006166 | m2²=0.992858 | eps_w1=2.369733e+00 | eps_w2=1.882357e-02
[step   202500] t/d= 405.000 | task1=4.039359e-01 | task2=2.532191e-01 | F1=1.388443e-01 | m1²=0.006119 | m2²=0.992866 | eps_w1=2.373746e+00 | eps_w2=1.901164e-02
[step   202750] t/d= 405.500 | task1=4.040220e-01 | task2=2.532383e-01 | F1=1.389304e-01 | m1²=0.006046 | m2²=0.992912 | eps_w1=2.376100e+00 | eps_w2=1.903029e-02
[step   203000] t/d= 406.000 | task1=4.041619e-01 | task2=2.532425e-01 | F1=1.390703e-01 | m1²=0.005971 | m2²=0.992886 | eps_w1=2.380677e+00 | eps_w2=1.932578e-02
[step   203250] t/d= 406.500 | task1=4.042798e-01 | task2=2.532340e-01 | F1=1.391882e-01 | m1²=0.005929 | m2²=0.992935 | eps_w1=2.382229e+00 | eps_w2=1.930023e-02
[step   203500] t/d= 407.000 | task1=4.042760e-01 | task2=2.532080e-01 | F1=1.391844e-01 | m1²=0.005885 | m2²=0.993062 | eps_w1=2.383617e+00 | eps_w2=1.910244e-02
[step   203750] t/d= 407.500 | task1=4.043309e-01 | task2=2.531724e-01 | F1=1.392393e-01 | m1²=0.005856 | m2²=0.993050 | eps_w1=2.385961e+00 | eps_w2=1.925375e-02
[step   204000] t/d= 408.000 | task1=4.043932e-01 | task2=2.531548e-01 | F1=1.393015e-01 | m1²=0.005810 | m2²=0.993057 | eps_w1=2.389100e+00 | eps_w2=1.941156e-02
[step   204250] t/d= 408.500 | task1=4.043599e-01 | task2=2.531498e-01 | F1=1.392683e-01 | m1²=0.005726 | m2²=0.993087 | eps_w1=2.388853e+00 | eps_w2=1.932310e-02
[step   204500] t/d= 409.000 | task1=4.044344e-01 | task2=2.531499e-01 | F1=1.393428e-01 | m1²=0.005690 | m2²=0.993207 | eps_w1=2.391010e+00 | eps_w2=1.918332e-02
[step   204750] t/d= 409.500 | task1=4.044917e-01 | task2=2.531546e-01 | F1=1.394001e-01 | m1²=0.005628 | m2²=0.993252 | eps_w1=2.392925e+00 | eps_w2=1.919047e-02
[step   205000] t/d= 410.000 | task1=4.045711e-01 | task2=2.531415e-01 | F1=1.394795e-01 | m1²=0.005602 | m2²=0.993340 | eps_w1=2.396058e+00 | eps_w2=1.918121e-02
[step   205250] t/d= 410.500 | task1=4.046996e-01 | task2=2.531837e-01 | F1=1.396079e-01 | m1²=0.005566 | m2²=0.993288 | eps_w1=2.398485e+00 | eps_w2=1.942956e-02
[step   205500] t/d= 411.000 | task1=4.047503e-01 | task2=2.531477e-01 | F1=1.396586e-01 | m1²=0.005500 | m2²=0.993292 | eps_w1=2.400817e+00 | eps_w2=1.955191e-02
[step   205750] t/d= 411.500 | task1=4.048555e-01 | task2=2.531607e-01 | F1=1.397639e-01 | m1²=0.005506 | m2²=0.993290 | eps_w1=2.403154e+00 | eps_w2=1.969790e-02
[step   206000] t/d= 412.000 | task1=4.049775e-01 | task2=2.531182e-01 | F1=1.398859e-01 | m1²=0.005553 | m2²=0.993234 | eps_w1=2.406656e+00 | eps_w2=2.003701e-02
[step   206250] t/d= 412.500 | task1=4.049741e-01 | task2=2.531139e-01 | F1=1.398825e-01 | m1²=0.005533 | m2²=0.993202 | eps_w1=2.407866e+00 | eps_w2=2.017898e-02
[step   206500] t/d= 413.000 | task1=4.050696e-01 | task2=2.529939e-01 | F1=1.399780e-01 | m1²=0.005473 | m2²=0.993291 | eps_w1=2.409498e+00 | eps_w2=2.007838e-02
[step   206750] t/d= 413.500 | task1=4.051551e-01 | task2=2.529892e-01 | F1=1.400634e-01 | m1²=0.005449 | m2²=0.993314 | eps_w1=2.412089e+00 | eps_w2=2.018713e-02
[step   207000] t/d= 414.000 | task1=4.052828e-01 | task2=2.530531e-01 | F1=1.401912e-01 | m1²=0.005471 | m2²=0.993270 | eps_w1=2.414863e+00 | eps_w2=2.046041e-02
[step   207250] t/d= 414.500 | task1=4.054252e-01 | task2=2.530205e-01 | F1=1.403335e-01 | m1²=0.005472 | m2²=0.993292 | eps_w1=2.418287e+00 | eps_w2=2.063313e-02
[step   207500] t/d= 415.000 | task1=4.053760e-01 | task2=2.530582e-01 | F1=1.402844e-01 | m1²=0.005454 | m2²=0.993369 | eps_w1=2.417551e+00 | eps_w2=2.041736e-02
[step   207750] t/d= 415.500 | task1=4.053674e-01 | task2=2.530166e-01 | F1=1.402758e-01 | m1²=0.005418 | m2²=0.993334 | eps_w1=2.418372e+00 | eps_w2=2.054084e-02
[step   208000] t/d= 416.000 | task1=4.053798e-01 | task2=2.530155e-01 | F1=1.402881e-01 | m1²=0.005349 | m2²=0.993429 | eps_w1=2.420129e+00 | eps_w2=2.043788e-02
[step   208250] t/d= 416.500 | task1=4.055173e-01 | task2=2.530001e-01 | F1=1.404257e-01 | m1²=0.005291 | m2²=0.993473 | eps_w1=2.424734e+00 | eps_w2=2.063423e-02
[step   208500] t/d= 417.000 | task1=4.055645e-01 | task2=2.529843e-01 | F1=1.404729e-01 | m1²=0.005245 | m2²=0.993447 | eps_w1=2.426356e+00 | eps_w2=2.079225e-02
[step   208750] t/d= 417.500 | task1=4.055954e-01 | task2=2.529988e-01 | F1=1.405038e-01 | m1²=0.005257 | m2²=0.993375 | eps_w1=2.428135e+00 | eps_w2=2.106772e-02
[step   209000] t/d= 418.000 | task1=4.055846e-01 | task2=2.529187e-01 | F1=1.404929e-01 | m1²=0.005217 | m2²=0.993420 | eps_w1=2.427548e+00 | eps_w2=2.092511e-02
[step   209250] t/d= 418.500 | task1=4.056180e-01 | task2=2.529032e-01 | F1=1.405264e-01 | m1²=0.005130 | m2²=0.993540 | eps_w1=2.428776e+00 | eps_w2=2.073297e-02
[step   209500] t/d= 419.000 | task1=4.056325e-01 | task2=2.529090e-01 | F1=1.405408e-01 | m1²=0.005131 | m2²=0.993568 | eps_w1=2.429138e+00 | eps_w2=2.069731e-02
[step   209750] t/d= 419.500 | task1=4.057117e-01 | task2=2.529007e-01 | F1=1.406201e-01 | m1²=0.005147 | m2²=0.993574 | eps_w1=2.430470e+00 | eps_w2=2.077476e-02
[step   210000] t/d= 420.000 | task1=4.056853e-01 | task2=2.528854e-01 | F1=1.405936e-01 | m1²=0.005106 | m2²=0.993574 | eps_w1=2.430349e+00 | eps_w2=2.075987e-02
[step   210250] t/d= 420.500 | task1=4.055896e-01 | task2=2.528126e-01 | F1=1.404980e-01 | m1²=0.005071 | m2²=0.993630 | eps_w1=2.429628e+00 | eps_w2=2.058592e-02
[step   210500] t/d= 421.000 | task1=4.056469e-01 | task2=2.528144e-01 | F1=1.405553e-01 | m1²=0.005035 | m2²=0.993633 | eps_w1=2.429694e+00 | eps_w2=2.057758e-02
[step   210750] t/d= 421.500 | task1=4.057317e-01 | task2=2.527991e-01 | F1=1.406401e-01 | m1²=0.005032 | m2²=0.993689 | eps_w1=2.430758e+00 | eps_w2=2.052697e-02
[step   211000] t/d= 422.000 | task1=4.057801e-01 | task2=2.528040e-01 | F1=1.406885e-01 | m1²=0.005010 | m2²=0.993704 | eps_w1=2.431397e+00 | eps_w2=2.053462e-02
[step   211250] t/d= 422.500 | task1=4.057883e-01 | task2=2.527846e-01 | F1=1.406967e-01 | m1²=0.005039 | m2²=0.993721 | eps_w1=2.432144e+00 | eps_w2=2.055235e-02
[step   211500] t/d= 423.000 | task1=4.057874e-01 | task2=2.527990e-01 | F1=1.406958e-01 | m1²=0.004948 | m2²=0.993733 | eps_w1=2.432477e+00 | eps_w2=2.053343e-02
[step   211750] t/d= 423.500 | task1=4.057708e-01 | task2=2.527910e-01 | F1=1.406791e-01 | m1²=0.004940 | m2²=0.993754 | eps_w1=2.431674e+00 | eps_w2=2.043332e-02
[step   212000] t/d= 424.000 | task1=4.058563e-01 | task2=2.527830e-01 | F1=1.407647e-01 | m1²=0.004893 | m2²=0.993802 | eps_w1=2.433287e+00 | eps_w2=2.043015e-02
[step   212250] t/d= 424.500 | task1=4.060242e-01 | task2=2.527780e-01 | F1=1.409326e-01 | m1²=0.004811 | m2²=0.993827 | eps_w1=2.436419e+00 | eps_w2=2.057498e-02
[step   212500] t/d= 425.000 | task1=4.061102e-01 | task2=2.527848e-01 | F1=1.410185e-01 | m1²=0.004796 | m2²=0.993805 | eps_w1=2.437550e+00 | eps_w2=2.069879e-02
[step   212750] t/d= 425.500 | task1=4.062633e-01 | task2=2.527636e-01 | F1=1.411717e-01 | m1²=0.004780 | m2²=0.993827 | eps_w1=2.440237e+00 | eps_w2=2.083435e-02
[step   213000] t/d= 426.000 | task1=4.062855e-01 | task2=2.527255e-01 | F1=1.411939e-01 | m1²=0.004792 | m2²=0.993826 | eps_w1=2.439591e+00 | eps_w2=2.079241e-02
[step   213250] t/d= 426.500 | task1=4.063146e-01 | task2=2.527207e-01 | F1=1.412230e-01 | m1²=0.004775 | m2²=0.993885 | eps_w1=2.439988e+00 | eps_w2=2.069021e-02
[step   213500] t/d= 427.000 | task1=4.065470e-01 | task2=2.526900e-01 | F1=1.414553e-01 | m1²=0.004759 | m2²=0.993870 | eps_w1=2.446398e+00 | eps_w2=2.116828e-02
[step   213750] t/d= 427.500 | task1=4.065733e-01 | task2=2.527109e-01 | F1=1.414817e-01 | m1²=0.004795 | m2²=0.993923 | eps_w1=2.447903e+00 | eps_w2=2.116602e-02
[step   214000] t/d= 428.000 | task1=4.066572e-01 | task2=2.527003e-01 | F1=1.415655e-01 | m1²=0.004759 | m2²=0.993952 | eps_w1=2.450338e+00 | eps_w2=2.127214e-02
[step   214250] t/d= 428.500 | task1=4.067345e-01 | task2=2.527443e-01 | F1=1.416428e-01 | m1²=0.004721 | m2²=0.993937 | eps_w1=2.453147e+00 | eps_w2=2.150039e-02
[step   214500] t/d= 429.000 | task1=4.067659e-01 | task2=2.527485e-01 | F1=1.416743e-01 | m1²=0.004689 | m2²=0.993938 | eps_w1=2.453957e+00 | eps_w2=2.155183e-02
[step   214750] t/d= 429.500 | task1=4.068530e-01 | task2=2.527525e-01 | F1=1.417614e-01 | m1²=0.004667 | m2²=0.993921 | eps_w1=2.457123e+00 | eps_w2=2.181510e-02
[step   215000] t/d= 430.000 | task1=4.068836e-01 | task2=2.527559e-01 | F1=1.417920e-01 | m1²=0.004619 | m2²=0.993991 | eps_w1=2.459009e+00 | eps_w2=2.179275e-02
[step   215250] t/d= 430.500 | task1=4.070294e-01 | task2=2.527350e-01 | F1=1.419378e-01 | m1²=0.004574 | m2²=0.994022 | eps_w1=2.462600e+00 | eps_w2=2.198410e-02
[step   215500] t/d= 431.000 | task1=4.071714e-01 | task2=2.527289e-01 | F1=1.420798e-01 | m1²=0.004619 | m2²=0.994011 | eps_w1=2.466680e+00 | eps_w2=2.232314e-02
[step   215750] t/d= 431.500 | task1=4.071333e-01 | task2=2.527397e-01 | F1=1.420417e-01 | m1²=0.004609 | m2²=0.993983 | eps_w1=2.465919e+00 | eps_w2=2.232483e-02
[step   216000] t/d= 432.000 | task1=4.072664e-01 | task2=2.528296e-01 | F1=1.421747e-01 | m1²=0.004599 | m2²=0.993902 | eps_w1=2.467734e+00 | eps_w2=2.263894e-02
[step   216250] t/d= 432.500 | task1=4.073077e-01 | task2=2.527921e-01 | F1=1.422161e-01 | m1²=0.004559 | m2²=0.993920 | eps_w1=2.467857e+00 | eps_w2=2.260226e-02
[step   216500] t/d= 433.000 | task1=4.074101e-01 | task2=2.527911e-01 | F1=1.423185e-01 | m1²=0.004551 | m2²=0.993884 | eps_w1=2.471076e+00 | eps_w2=2.292687e-02
[step   216750] t/d= 433.500 | task1=4.074019e-01 | task2=2.528239e-01 | F1=1.423103e-01 | m1²=0.004558 | m2²=0.993881 | eps_w1=2.471131e+00 | eps_w2=2.293745e-02
[step   217000] t/d= 434.000 | task1=4.074974e-01 | task2=2.527966e-01 | F1=1.424058e-01 | m1²=0.004557 | m2²=0.993881 | eps_w1=2.473785e+00 | eps_w2=2.314214e-02
[step   217250] t/d= 434.500 | task1=4.076507e-01 | task2=2.527715e-01 | F1=1.425591e-01 | m1²=0.004549 | m2²=0.993913 | eps_w1=2.476909e+00 | eps_w2=2.331479e-02
[step   217500] t/d= 435.000 | task1=4.076677e-01 | task2=2.527586e-01 | F1=1.425761e-01 | m1²=0.004483 | m2²=0.993870 | eps_w1=2.478209e+00 | eps_w2=2.349866e-02
[step   217750] t/d= 435.500 | task1=4.076413e-01 | task2=2.527611e-01 | F1=1.425497e-01 | m1²=0.004430 | m2²=0.993852 | eps_w1=2.478756e+00 | eps_w2=2.357073e-02
[step   218000] t/d= 436.000 | task1=4.076387e-01 | task2=2.527973e-01 | F1=1.425471e-01 | m1²=0.004402 | m2²=0.993866 | eps_w1=2.479002e+00 | eps_w2=2.355501e-02
[step   218250] t/d= 436.500 | task1=4.076960e-01 | task2=2.527936e-01 | F1=1.426044e-01 | m1²=0.004387 | m2²=0.993936 | eps_w1=2.480808e+00 | eps_w2=2.354019e-02
[step   218500] t/d= 437.000 | task1=4.077284e-01 | task2=2.527731e-01 | F1=1.426368e-01 | m1²=0.004316 | m2²=0.993916 | eps_w1=2.482795e+00 | eps_w2=2.372936e-02
[step   218750] t/d= 437.500 | task1=4.076813e-01 | task2=2.527446e-01 | F1=1.425897e-01 | m1²=0.004278 | m2²=0.993921 | eps_w1=2.482859e+00 | eps_w2=2.371541e-02
[step   219000] t/d= 438.000 | task1=4.077512e-01 | task2=2.527565e-01 | F1=1.426595e-01 | m1²=0.004267 | m2²=0.993935 | eps_w1=2.484064e+00 | eps_w2=2.377871e-02
[step   219250] t/d= 438.500 | task1=4.078083e-01 | task2=2.526678e-01 | F1=1.427167e-01 | m1²=0.004199 | m2²=0.994013 | eps_w1=2.484488e+00 | eps_w2=2.362767e-02
[step   219500] t/d= 439.000 | task1=4.078759e-01 | task2=2.526714e-01 | F1=1.427842e-01 | m1²=0.004204 | m2²=0.994070 | eps_w1=2.487701e+00 | eps_w2=2.376162e-02
[step   219750] t/d= 439.500 | task1=4.079329e-01 | task2=2.526343e-01 | F1=1.428413e-01 | m1²=0.004164 | m2²=0.994083 | eps_w1=2.489064e+00 | eps_w2=2.383536e-02
[step   220000] t/d= 440.000 | task1=4.078348e-01 | task2=2.526524e-01 | F1=1.427431e-01 | m1²=0.004171 | m2²=0.994083 | eps_w1=2.486372e+00 | eps_w2=2.361900e-02
[step   220250] t/d= 440.500 | task1=4.078702e-01 | task2=2.527079e-01 | F1=1.427786e-01 | m1²=0.004193 | m2²=0.994117 | eps_w1=2.486704e+00 | eps_w2=2.357475e-02
[step   220500] t/d= 441.000 | task1=4.079534e-01 | task2=2.527381e-01 | F1=1.428618e-01 | m1²=0.004150 | m2²=0.994145 | eps_w1=2.489044e+00 | eps_w2=2.369346e-02
[step   220750] t/d= 441.500 | task1=4.079845e-01 | task2=2.527581e-01 | F1=1.428928e-01 | m1²=0.004084 | m2²=0.994156 | eps_w1=2.491930e+00 | eps_w2=2.388965e-02
[step   221000] t/d= 442.000 | task1=4.079819e-01 | task2=2.528122e-01 | F1=1.428903e-01 | m1²=0.004037 | m2²=0.994128 | eps_w1=2.493004e+00 | eps_w2=2.403110e-02
[step   221250] t/d= 442.500 | task1=4.080128e-01 | task2=2.527860e-01 | F1=1.429211e-01 | m1²=0.004029 | m2²=0.994210 | eps_w1=2.492618e+00 | eps_w2=2.381536e-02
[step   221500] t/d= 443.000 | task1=4.079495e-01 | task2=2.528092e-01 | F1=1.428578e-01 | m1²=0.003967 | m2²=0.994205 | eps_w1=2.491091e+00 | eps_w2=2.368965e-02
[step   221750] t/d= 443.500 | task1=4.080380e-01 | task2=2.527705e-01 | F1=1.429463e-01 | m1²=0.003955 | m2²=0.994157 | eps_w1=2.492887e+00 | eps_w2=2.394173e-02
[step   222000] t/d= 444.000 | task1=4.080204e-01 | task2=2.527894e-01 | F1=1.429288e-01 | m1²=0.003984 | m2²=0.994203 | eps_w1=2.492806e+00 | eps_w2=2.383743e-02
[step   222250] t/d= 444.500 | task1=4.080180e-01 | task2=2.527479e-01 | F1=1.429263e-01 | m1²=0.003997 | m2²=0.994227 | eps_w1=2.493543e+00 | eps_w2=2.384847e-02
[step   222500] t/d= 445.000 | task1=4.079411e-01 | task2=2.528009e-01 | F1=1.428494e-01 | m1²=0.003973 | m2²=0.994204 | eps_w1=2.491645e+00 | eps_w2=2.373948e-02
[step   222750] t/d= 445.500 | task1=4.080080e-01 | task2=2.527874e-01 | F1=1.429164e-01 | m1²=0.003997 | m2²=0.994202 | eps_w1=2.493718e+00 | eps_w2=2.391703e-02
[step   223000] t/d= 446.000 | task1=4.079956e-01 | task2=2.527814e-01 | F1=1.429040e-01 | m1²=0.003955 | m2²=0.994224 | eps_w1=2.493865e+00 | eps_w2=2.387167e-02
[step   223250] t/d= 446.500 | task1=4.079663e-01 | task2=2.527354e-01 | F1=1.428747e-01 | m1²=0.003939 | m2²=0.994237 | eps_w1=2.490246e+00 | eps_w2=2.354496e-02
[step   223500] t/d= 447.000 | task1=4.079439e-01 | task2=2.527178e-01 | F1=1.428522e-01 | m1²=0.003892 | m2²=0.994272 | eps_w1=2.490428e+00 | eps_w2=2.347288e-02
[step   223750] t/d= 447.500 | task1=4.079738e-01 | task2=2.527560e-01 | F1=1.428822e-01 | m1²=0.003860 | m2²=0.994291 | eps_w1=2.492719e+00 | eps_w2=2.361257e-02
[step   224000] t/d= 448.000 | task1=4.080905e-01 | task2=2.527822e-01 | F1=1.429988e-01 | m1²=0.003785 | m2²=0.994219 | eps_w1=2.494428e+00 | eps_w2=2.389479e-02
[step   224250] t/d= 448.500 | task1=4.082059e-01 | task2=2.528102e-01 | F1=1.431143e-01 | m1²=0.003736 | m2²=0.994222 | eps_w1=2.497080e+00 | eps_w2=2.409735e-02
[step   224500] t/d= 449.000 | task1=4.081533e-01 | task2=2.528010e-01 | F1=1.430616e-01 | m1²=0.003758 | m2²=0.994173 | eps_w1=2.495683e+00 | eps_w2=2.409401e-02
[step   224750] t/d= 449.500 | task1=4.082374e-01 | task2=2.528021e-01 | F1=1.431458e-01 | m1²=0.003726 | m2²=0.994255 | eps_w1=2.496555e+00 | eps_w2=2.397824e-02
[step   225000] t/d= 450.000 | task1=4.083357e-01 | task2=2.527818e-01 | F1=1.432441e-01 | m1²=0.003678 | m2²=0.994263 | eps_w1=2.499758e+00 | eps_w2=2.421624e-02
[step   225250] t/d= 450.500 | task1=4.083126e-01 | task2=2.527536e-01 | F1=1.432210e-01 | m1²=0.003642 | m2²=0.994294 | eps_w1=2.498624e+00 | eps_w2=2.404693e-02
[step   225500] t/d= 451.000 | task1=4.082768e-01 | task2=2.527604e-01 | F1=1.431852e-01 | m1²=0.003564 | m2²=0.994438 | eps_w1=2.497965e+00 | eps_w2=2.365694e-02
[step   225750] t/d= 451.500 | task1=4.083667e-01 | task2=2.527335e-01 | F1=1.432751e-01 | m1²=0.003552 | m2²=0.994468 | eps_w1=2.500118e+00 | eps_w2=2.376697e-02
[step   226000] t/d= 452.000 | task1=4.084723e-01 | task2=2.527619e-01 | F1=1.433807e-01 | m1²=0.003535 | m2²=0.994436 | eps_w1=2.503425e+00 | eps_w2=2.410979e-02
[step   226250] t/d= 452.500 | task1=4.084336e-01 | task2=2.527470e-01 | F1=1.433419e-01 | m1²=0.003507 | m2²=0.994434 | eps_w1=2.503011e+00 | eps_w2=2.407401e-02
[step   226500] t/d= 453.000 | task1=4.085009e-01 | task2=2.527381e-01 | F1=1.434093e-01 | m1²=0.003478 | m2²=0.994431 | eps_w1=2.505166e+00 | eps_w2=2.425618e-02
[step   226750] t/d= 453.500 | task1=4.084777e-01 | task2=2.527197e-01 | F1=1.433861e-01 | m1²=0.003454 | m2²=0.994472 | eps_w1=2.503769e+00 | eps_w2=2.404219e-02
[step   227000] t/d= 454.000 | task1=4.084561e-01 | task2=2.527601e-01 | F1=1.433644e-01 | m1²=0.003413 | m2²=0.994429 | eps_w1=2.504643e+00 | eps_w2=2.420323e-02
[step   227250] t/d= 454.500 | task1=4.085717e-01 | task2=2.527235e-01 | F1=1.434801e-01 | m1²=0.003296 | m2²=0.994473 | eps_w1=2.507403e+00 | eps_w2=2.431378e-02
[step   227500] t/d= 455.000 | task1=4.086575e-01 | task2=2.527584e-01 | F1=1.435659e-01 | m1²=0.003327 | m2²=0.994480 | eps_w1=2.508312e+00 | eps_w2=2.438238e-02
[step   227750] t/d= 455.500 | task1=4.088477e-01 | task2=2.527362e-01 | F1=1.437561e-01 | m1²=0.003295 | m2²=0.994542 | eps_w1=2.509915e+00 | eps_w2=2.437367e-02
[step   228000] t/d= 456.000 | task1=4.089895e-01 | task2=2.527421e-01 | F1=1.438979e-01 | m1²=0.003278 | m2²=0.994540 | eps_w1=2.513288e+00 | eps_w2=2.466256e-02
[step   228250] t/d= 456.500 | task1=4.090778e-01 | task2=2.526630e-01 | F1=1.439862e-01 | m1²=0.003300 | m2²=0.994525 | eps_w1=2.515394e+00 | eps_w2=2.488308e-02
[step   228500] t/d= 457.000 | task1=4.090990e-01 | task2=2.526533e-01 | F1=1.440073e-01 | m1²=0.003298 | m2²=0.994560 | eps_w1=2.517762e+00 | eps_w2=2.500979e-02
[step   228750] t/d= 457.500 | task1=4.092480e-01 | task2=2.526199e-01 | F1=1.441563e-01 | m1²=0.003335 | m2²=0.994515 | eps_w1=2.521894e+00 | eps_w2=2.548015e-02
[step   229000] t/d= 458.000 | task1=4.093216e-01 | task2=2.525882e-01 | F1=1.442300e-01 | m1²=0.003314 | m2²=0.994537 | eps_w1=2.524107e+00 | eps_w2=2.562235e-02
[step   229250] t/d= 458.500 | task1=4.094015e-01 | task2=2.525054e-01 | F1=1.443099e-01 | m1²=0.003394 | m2²=0.994601 | eps_w1=2.526926e+00 | eps_w2=2.574901e-02
[step   229500] t/d= 459.000 | task1=4.095179e-01 | task2=2.525099e-01 | F1=1.444262e-01 | m1²=0.003398 | m2²=0.994611 | eps_w1=2.528545e+00 | eps_w2=2.587197e-02
[step   229750] t/d= 459.500 | task1=4.095499e-01 | task2=2.525157e-01 | F1=1.444583e-01 | m1²=0.003391 | m2²=0.994610 | eps_w1=2.529550e+00 | eps_w2=2.596235e-02
[step   230000] t/d= 460.000 | task1=4.095721e-01 | task2=2.523897e-01 | F1=1.444805e-01 | m1²=0.003370 | m2²=0.994629 | eps_w1=2.529705e+00 | eps_w2=2.592932e-02
[step   230250] t/d= 460.500 | task1=4.096101e-01 | task2=2.524111e-01 | F1=1.445184e-01 | m1²=0.003389 | m2²=0.994670 | eps_w1=2.530087e+00 | eps_w2=2.587603e-02
[step   230500] t/d= 461.000 | task1=4.096942e-01 | task2=2.523981e-01 | F1=1.446026e-01 | m1²=0.003436 | m2²=0.994663 | eps_w1=2.532282e+00 | eps_w2=2.610029e-02
[step   230750] t/d= 461.500 | task1=4.096916e-01 | task2=2.523708e-01 | F1=1.445999e-01 | m1²=0.003428 | m2²=0.994620 | eps_w1=2.534120e+00 | eps_w2=2.636219e-02
[step   231000] t/d= 462.000 | task1=4.097081e-01 | task2=2.523229e-01 | F1=1.446165e-01 | m1²=0.003403 | m2²=0.994684 | eps_w1=2.534427e+00 | eps_w2=2.624097e-02
[step   231250] t/d= 462.500 | task1=4.097110e-01 | task2=2.523266e-01 | F1=1.446194e-01 | m1²=0.003391 | m2²=0.994580 | eps_w1=2.536970e+00 | eps_w2=2.670329e-02
[step   231500] t/d= 463.000 | task1=4.097100e-01 | task2=2.523737e-01 | F1=1.446183e-01 | m1²=0.003394 | m2²=0.994550 | eps_w1=2.535800e+00 | eps_w2=2.666388e-02
[step   231750] t/d= 463.500 | task1=4.097023e-01 | task2=2.523480e-01 | F1=1.446107e-01 | m1²=0.003383 | m2²=0.994565 | eps_w1=2.534667e+00 | eps_w2=2.652502e-02
[step   232000] t/d= 464.000 | task1=4.097675e-01 | task2=2.523682e-01 | F1=1.446759e-01 | m1²=0.003298 | m2²=0.994573 | eps_w1=2.534746e+00 | eps_w2=2.649446e-02
[step   232250] t/d= 464.500 | task1=4.098514e-01 | task2=2.523897e-01 | F1=1.447598e-01 | m1²=0.003248 | m2²=0.994597 | eps_w1=2.536938e+00 | eps_w2=2.662997e-02
[step   232500] t/d= 465.000 | task1=4.098335e-01 | task2=2.523639e-01 | F1=1.447419e-01 | m1²=0.003224 | m2²=0.994689 | eps_w1=2.536655e+00 | eps_w2=2.639228e-02
[step   232750] t/d= 465.500 | task1=4.098771e-01 | task2=2.523583e-01 | F1=1.447855e-01 | m1²=0.003208 | m2²=0.994696 | eps_w1=2.539787e+00 | eps_w2=2.666009e-02
[step   233000] t/d= 466.000 | task1=4.098958e-01 | task2=2.523925e-01 | F1=1.448041e-01 | m1²=0.003098 | m2²=0.994666 | eps_w1=2.539787e+00 | eps_w2=2.670169e-02
[step   233250] t/d= 466.500 | task1=4.099765e-01 | task2=2.523767e-01 | F1=1.448849e-01 | m1²=0.003086 | m2²=0.994660 | eps_w1=2.541706e+00 | eps_w2=2.688975e-02
[step   233500] t/d= 467.000 | task1=4.099470e-01 | task2=2.523881e-01 | F1=1.448554e-01 | m1²=0.003133 | m2²=0.994676 | eps_w1=2.540559e+00 | eps_w2=2.675971e-02
[step   233750] t/d= 467.500 | task1=4.099938e-01 | task2=2.523474e-01 | F1=1.449022e-01 | m1²=0.003114 | m2²=0.994659 | eps_w1=2.541954e+00 | eps_w2=2.692222e-02
[step   234000] t/d= 468.000 | task1=4.100907e-01 | task2=2.523129e-01 | F1=1.449991e-01 | m1²=0.003164 | m2²=0.994626 | eps_w1=2.542637e+00 | eps_w2=2.707076e-02
[step   234250] t/d= 468.500 | task1=4.100090e-01 | task2=2.523080e-01 | F1=1.449174e-01 | m1²=0.003103 | m2²=0.994614 | eps_w1=2.541439e+00 | eps_w2=2.697182e-02
[step   234500] t/d= 469.000 | task1=4.100080e-01 | task2=2.522750e-01 | F1=1.449164e-01 | m1²=0.003073 | m2²=0.994647 | eps_w1=2.543029e+00 | eps_w2=2.703887e-02
[step   234750] t/d= 469.500 | task1=4.101615e-01 | task2=2.523297e-01 | F1=1.450699e-01 | m1²=0.003070 | m2²=0.994626 | eps_w1=2.545397e+00 | eps_w2=2.730558e-02
[step   235000] t/d= 470.000 | task1=4.102846e-01 | task2=2.523266e-01 | F1=1.451929e-01 | m1²=0.003061 | m2²=0.994596 | eps_w1=2.550255e+00 | eps_w2=2.782794e-02
[step   235250] t/d= 470.500 | task1=4.102957e-01 | task2=2.522586e-01 | F1=1.452040e-01 | m1²=0.003103 | m2²=0.994582 | eps_w1=2.550782e+00 | eps_w2=2.791897e-02
[step   235500] t/d= 471.000 | task1=4.103148e-01 | task2=2.522946e-01 | F1=1.452232e-01 | m1²=0.003102 | m2²=0.994639 | eps_w1=2.552228e+00 | eps_w2=2.792704e-02
[step   235750] t/d= 471.500 | task1=4.104882e-01 | task2=2.522394e-01 | F1=1.453966e-01 | m1²=0.003097 | m2²=0.994627 | eps_w1=2.555024e+00 | eps_w2=2.822024e-02
[step   236000] t/d= 472.000 | task1=4.104465e-01 | task2=2.522766e-01 | F1=1.453548e-01 | m1²=0.003091 | m2²=0.994692 | eps_w1=2.552850e+00 | eps_w2=2.786514e-02
[step   236250] t/d= 472.500 | task1=4.104440e-01 | task2=2.522547e-01 | F1=1.453523e-01 | m1²=0.003082 | m2²=0.994644 | eps_w1=2.553845e+00 | eps_w2=2.806644e-02
[step   236500] t/d= 473.000 | task1=4.105472e-01 | task2=2.522420e-01 | F1=1.454556e-01 | m1²=0.003049 | m2²=0.994647 | eps_w1=2.556412e+00 | eps_w2=2.829679e-02
[step   236750] t/d= 473.500 | task1=4.105057e-01 | task2=2.522957e-01 | F1=1.454140e-01 | m1²=0.003075 | m2²=0.994606 | eps_w1=2.554478e+00 | eps_w2=2.821033e-02
[step   237000] t/d= 474.000 | task1=4.106247e-01 | task2=2.523606e-01 | F1=1.455330e-01 | m1²=0.003005 | m2²=0.994577 | eps_w1=2.557321e+00 | eps_w2=2.853061e-02
[step   237250] t/d= 474.500 | task1=4.106601e-01 | task2=2.523675e-01 | F1=1.455685e-01 | m1²=0.002991 | m2²=0.994562 | eps_w1=2.558149e+00 | eps_w2=2.864022e-02
[step   237500] t/d= 475.000 | task1=4.107261e-01 | task2=2.523714e-01 | F1=1.456344e-01 | m1²=0.003034 | m2²=0.994513 | eps_w1=2.561067e+00 | eps_w2=2.904404e-02
[step   237750] t/d= 475.500 | task1=4.108899e-01 | task2=2.523977e-01 | F1=1.457982e-01 | m1²=0.003001 | m2²=0.994569 | eps_w1=2.563239e+00 | eps_w2=2.912143e-02
[step   238000] t/d= 476.000 | task1=4.109265e-01 | task2=2.524291e-01 | F1=1.458348e-01 | m1²=0.002962 | m2²=0.994582 | eps_w1=2.562562e+00 | eps_w2=2.901615e-02
[step   238250] t/d= 476.500 | task1=4.109474e-01 | task2=2.524798e-01 | F1=1.458558e-01 | m1²=0.002946 | m2²=0.994525 | eps_w1=2.563416e+00 | eps_w2=2.922340e-02
[step   238500] t/d= 477.000 | task1=4.108714e-01 | task2=2.524558e-01 | F1=1.457798e-01 | m1²=0.002962 | m2²=0.994577 | eps_w1=2.561772e+00 | eps_w2=2.895043e-02
[step   238750] t/d= 477.500 | task1=4.109760e-01 | task2=2.524265e-01 | F1=1.458843e-01 | m1²=0.003003 | m2²=0.994584 | eps_w1=2.564363e+00 | eps_w2=2.919793e-02
[step   239000] t/d= 478.000 | task1=4.108843e-01 | task2=2.524552e-01 | F1=1.457927e-01 | m1²=0.002977 | m2²=0.994601 | eps_w1=2.562221e+00 | eps_w2=2.894310e-02
[step   239250] t/d= 478.500 | task1=4.110384e-01 | task2=2.524765e-01 | F1=1.459468e-01 | m1²=0.002929 | m2²=0.994607 | eps_w1=2.565356e+00 | eps_w2=2.922455e-02
[step   239500] t/d= 479.000 | task1=4.110799e-01 | task2=2.524981e-01 | F1=1.459882e-01 | m1²=0.002910 | m2²=0.994657 | eps_w1=2.564095e+00 | eps_w2=2.898343e-02
[step   239750] t/d= 479.500 | task1=4.111369e-01 | task2=2.525036e-01 | F1=1.460453e-01 | m1²=0.002895 | m2²=0.994654 | eps_w1=2.566547e+00 | eps_w2=2.922628e-02
[step   240000] t/d= 480.000 | task1=4.111761e-01 | task2=2.525622e-01 | F1=1.460845e-01 | m1²=0.002861 | m2²=0.994636 | eps_w1=2.566136e+00 | eps_w2=2.921879e-02
[step   240250] t/d= 480.500 | task1=4.112117e-01 | task2=2.525639e-01 | F1=1.461200e-01 | m1²=0.002862 | m2²=0.994617 | eps_w1=2.567251e+00 | eps_w2=2.937174e-02
[step   240500] t/d= 481.000 | task1=4.112226e-01 | task2=2.525658e-01 | F1=1.461310e-01 | m1²=0.002837 | m2²=0.994585 | eps_w1=2.566376e+00 | eps_w2=2.935214e-02
[step   240750] t/d= 481.500 | task1=4.111886e-01 | task2=2.525873e-01 | F1=1.460970e-01 | m1²=0.002831 | m2²=0.994611 | eps_w1=2.564528e+00 | eps_w2=2.911115e-02
[step   241000] t/d= 482.000 | task1=4.112707e-01 | task2=2.525151e-01 | F1=1.461791e-01 | m1²=0.002811 | m2²=0.994673 | eps_w1=2.565345e+00 | eps_w2=2.904465e-02
[step   241250] t/d= 482.500 | task1=4.113106e-01 | task2=2.525016e-01 | F1=1.462190e-01 | m1²=0.002806 | m2²=0.994682 | eps_w1=2.566398e+00 | eps_w2=2.912612e-02
[step   241500] t/d= 483.000 | task1=4.113043e-01 | task2=2.525589e-01 | F1=1.462127e-01 | m1²=0.002824 | m2²=0.994681 | eps_w1=2.566537e+00 | eps_w2=2.914641e-02
[step   241750] t/d= 483.500 | task1=4.113839e-01 | task2=2.525533e-01 | F1=1.462923e-01 | m1²=0.002818 | m2²=0.994737 | eps_w1=2.568005e+00 | eps_w2=2.916194e-02
[step   242000] t/d= 484.000 | task1=4.114425e-01 | task2=2.525474e-01 | F1=1.463509e-01 | m1²=0.002819 | m2²=0.994754 | eps_w1=2.567954e+00 | eps_w2=2.912054e-02
[step   242250] t/d= 484.500 | task1=4.115692e-01 | task2=2.525551e-01 | F1=1.464776e-01 | m1²=0.002813 | m2²=0.994736 | eps_w1=2.569355e+00 | eps_w2=2.929778e-02
[step   242500] t/d= 485.000 | task1=4.114810e-01 | task2=2.526128e-01 | F1=1.463893e-01 | m1²=0.002721 | m2²=0.994757 | eps_w1=2.565812e+00 | eps_w2=2.887767e-02
[step   242750] t/d= 485.500 | task1=4.114588e-01 | task2=2.526134e-01 | F1=1.463672e-01 | m1²=0.002712 | m2²=0.994760 | eps_w1=2.564462e+00 | eps_w2=2.873785e-02
[step   243000] t/d= 486.000 | task1=4.114311e-01 | task2=2.526220e-01 | F1=1.463395e-01 | m1²=0.002729 | m2²=0.994740 | eps_w1=2.564535e+00 | eps_w2=2.879368e-02
[step   243250] t/d= 486.500 | task1=4.114817e-01 | task2=2.526429e-01 | F1=1.463901e-01 | m1²=0.002753 | m2²=0.994784 | eps_w1=2.565613e+00 | eps_w2=2.880708e-02
[step   243500] t/d= 487.000 | task1=4.115055e-01 | task2=2.526287e-01 | F1=1.464139e-01 | m1²=0.002706 | m2²=0.994767 | eps_w1=2.566816e+00 | eps_w2=2.894991e-02
[step   243750] t/d= 487.500 | task1=4.115293e-01 | task2=2.526186e-01 | F1=1.464376e-01 | m1²=0.002749 | m2²=0.994774 | eps_w1=2.567744e+00 | eps_w2=2.903635e-02
[step   244000] t/d= 488.000 | task1=4.116005e-01 | task2=2.526457e-01 | F1=1.465089e-01 | m1²=0.002756 | m2²=0.994787 | eps_w1=2.568754e+00 | eps_w2=2.910720e-02
[step   244250] t/d= 488.500 | task1=4.116003e-01 | task2=2.525900e-01 | F1=1.465086e-01 | m1²=0.002748 | m2²=0.994784 | eps_w1=2.570174e+00 | eps_w2=2.925221e-02
[step   244500] t/d= 489.000 | task1=4.116618e-01 | task2=2.525871e-01 | F1=1.465702e-01 | m1²=0.002741 | m2²=0.994808 | eps_w1=2.570340e+00 | eps_w2=2.921356e-02
[step   244750] t/d= 489.500 | task1=4.118267e-01 | task2=2.526144e-01 | F1=1.467350e-01 | m1²=0.002746 | m2²=0.994765 | eps_w1=2.575844e+00 | eps_w2=2.985835e-02
[step   245000] t/d= 490.000 | task1=4.119005e-01 | task2=2.526192e-01 | F1=1.468089e-01 | m1²=0.002752 | m2²=0.994811 | eps_w1=2.577615e+00 | eps_w2=2.993422e-02
[step   245250] t/d= 490.500 | task1=4.119636e-01 | task2=2.526172e-01 | F1=1.468720e-01 | m1²=0.002743 | m2²=0.994796 | eps_w1=2.576539e+00 | eps_w2=2.985686e-02
[step   245500] t/d= 491.000 | task1=4.118967e-01 | task2=2.526541e-01 | F1=1.468051e-01 | m1²=0.002748 | m2²=0.994764 | eps_w1=2.576585e+00 | eps_w2=2.993683e-02
[step   245750] t/d= 491.500 | task1=4.118416e-01 | task2=2.526278e-01 | F1=1.467500e-01 | m1²=0.002734 | m2²=0.994748 | eps_w1=2.574778e+00 | eps_w2=2.978794e-02
[step   246000] t/d= 492.000 | task1=4.118134e-01 | task2=2.526965e-01 | F1=1.467217e-01 | m1²=0.002720 | m2²=0.994708 | eps_w1=2.574185e+00 | eps_w2=2.981659e-02
[step   246250] t/d= 492.500 | task1=4.116559e-01 | task2=2.527404e-01 | F1=1.465643e-01 | m1²=0.002735 | m2²=0.994764 | eps_w1=2.570355e+00 | eps_w2=2.931288e-02
[step   246500] t/d= 493.000 | task1=4.116466e-01 | task2=2.527294e-01 | F1=1.465549e-01 | m1²=0.002718 | m2²=0.994740 | eps_w1=2.572071e+00 | eps_w2=2.953350e-02
[step   246750] t/d= 493.500 | task1=4.116561e-01 | task2=2.527958e-01 | F1=1.465644e-01 | m1²=0.002687 | m2²=0.994764 | eps_w1=2.572428e+00 | eps_w2=2.950699e-02
[step   247000] t/d= 494.000 | task1=4.118134e-01 | task2=2.528162e-01 | F1=1.467218e-01 | m1²=0.002623 | m2²=0.994801 | eps_w1=2.575934e+00 | eps_w2=2.975646e-02
[step   247250] t/d= 494.500 | task1=4.119626e-01 | task2=2.527461e-01 | F1=1.468710e-01 | m1²=0.002646 | m2²=0.994858 | eps_w1=2.578783e+00 | eps_w2=2.991749e-02
[step   247500] t/d= 495.000 | task1=4.119367e-01 | task2=2.526904e-01 | F1=1.468451e-01 | m1²=0.002627 | m2²=0.994848 | eps_w1=2.577921e+00 | eps_w2=2.984900e-02
[step   247750] t/d= 495.500 | task1=4.119767e-01 | task2=2.527031e-01 | F1=1.468850e-01 | m1²=0.002606 | m2²=0.994837 | eps_w1=2.578205e+00 | eps_w2=2.989683e-02
[step   248000] t/d= 496.000 | task1=4.120032e-01 | task2=2.527374e-01 | F1=1.469115e-01 | m1²=0.002629 | m2²=0.994808 | eps_w1=2.578381e+00 | eps_w2=2.998735e-02
[step   248250] t/d= 496.500 | task1=4.119667e-01 | task2=2.527447e-01 | F1=1.468750e-01 | m1²=0.002603 | m2²=0.994817 | eps_w1=2.576226e+00 | eps_w2=2.974346e-02
[step   248500] t/d= 497.000 | task1=4.121074e-01 | task2=2.527483e-01 | F1=1.470157e-01 | m1²=0.002602 | m2²=0.994834 | eps_w1=2.579284e+00 | eps_w2=3.001227e-02
[step   248750] t/d= 497.500 | task1=4.122188e-01 | task2=2.526961e-01 | F1=1.471272e-01 | m1²=0.002584 | m2²=0.994868 | eps_w1=2.581755e+00 | eps_w2=3.017901e-02
[step   249000] t/d= 498.000 | task1=4.122259e-01 | task2=2.527264e-01 | F1=1.471343e-01 | m1²=0.002571 | m2²=0.994889 | eps_w1=2.582345e+00 | eps_w2=3.018791e-02
[step   249250] t/d= 498.500 | task1=4.121870e-01 | task2=2.527086e-01 | F1=1.470954e-01 | m1²=0.002574 | m2²=0.994977 | eps_w1=2.579499e+00 | eps_w2=2.970073e-02
[step   249500] t/d= 499.000 | task1=4.120994e-01 | task2=2.526949e-01 | F1=1.470077e-01 | m1²=0.002547 | m2²=0.994930 | eps_w1=2.577098e+00 | eps_w2=2.956010e-02
[step   249750] t/d= 499.500 | task1=4.121620e-01 | task2=2.526941e-01 | F1=1.470703e-01 | m1²=0.002574 | m2²=0.994929 | eps_w1=2.578035e+00 | eps_w2=2.966212e-02
[step   250000] t/d= 500.000 | task1=4.121642e-01 | task2=2.527163e-01 | F1=1.470726e-01 | m1²=0.002583 | m2²=0.994909 | eps_w1=2.578920e+00 | eps_w2=2.980073e-02
Saved checkpoint: results/quality_pretraining/finetunetask2_d500_T5/prestep_0_task1step_250000_lr0p01_task1wseed21_task1sgdseed22_task2sgdseed42/checkpoints/step_000250000
[step   250250] t/d= 500.500 | task1=4.122920e-01 | task2=2.526769e-01 | F1=1.472003e-01 | m1²=0.002588 | m2²=0.994934 | eps_w1=2.579456e+00 | eps_w2=2.979814e-02
[step   250500] t/d= 501.000 | task1=4.123177e-01 | task2=2.527494e-01 | F1=1.472261e-01 | m1²=0.002596 | m2²=0.994951 | eps_w1=2.579691e+00 | eps_w2=2.978513e-02
[step   250750] t/d= 501.500 | task1=4.123998e-01 | task2=2.527093e-01 | F1=1.473081e-01 | m1²=0.002602 | m2²=0.994956 | eps_w1=2.582643e+00 | eps_w2=3.007410e-02
[step   251000] t/d= 502.000 | task1=4.123789e-01 | task2=2.527368e-01 | F1=1.472873e-01 | m1²=0.002593 | m2²=0.994933 | eps_w1=2.583488e+00 | eps_w2=3.020963e-02
[step   251250] t/d= 502.500 | task1=4.123302e-01 | task2=2.527413e-01 | F1=1.472386e-01 | m1²=0.002578 | m2²=0.994957 | eps_w1=2.582761e+00 | eps_w2=3.007652e-02
[step   251500] t/d= 503.000 | task1=4.123642e-01 | task2=2.526493e-01 | F1=1.472726e-01 | m1²=0.002584 | m2²=0.995024 | eps_w1=2.583798e+00 | eps_w2=3.003121e-02
[step   251750] t/d= 503.500 | task1=4.123143e-01 | task2=2.526605e-01 | F1=1.472227e-01 | m1²=0.002538 | m2²=0.994952 | eps_w1=2.583472e+00 | eps_w2=3.015121e-02
[step   252000] t/d= 504.000 | task1=4.123011e-01 | task2=2.526384e-01 | F1=1.472095e-01 | m1²=0.002523 | m2²=0.994982 | eps_w1=2.581683e+00 | eps_w2=2.989681e-02
[step   252250] t/d= 504.500 | task1=4.122295e-01 | task2=2.526432e-01 | F1=1.471378e-01 | m1²=0.002538 | m2²=0.995054 | eps_w1=2.580443e+00 | eps_w2=2.961339e-02
[step   252500] t/d= 505.000 | task1=4.121713e-01 | task2=2.526737e-01 | F1=1.470797e-01 | m1²=0.002543 | m2²=0.995022 | eps_w1=2.580612e+00 | eps_w2=2.970223e-02
[step   252750] t/d= 505.500 | task1=4.121820e-01 | task2=2.527296e-01 | F1=1.470904e-01 | m1²=0.002547 | m2²=0.995005 | eps_w1=2.580841e+00 | eps_w2=2.976551e-02
[step   253000] t/d= 506.000 | task1=4.122143e-01 | task2=2.527886e-01 | F1=1.471227e-01 | m1²=0.002533 | m2²=0.995007 | eps_w1=2.581130e+00 | eps_w2=2.978633e-02
[step   253250] t/d= 506.500 | task1=4.122964e-01 | task2=2.527727e-01 | F1=1.472048e-01 | m1²=0.002474 | m2²=0.995009 | eps_w1=2.582436e+00 | eps_w2=2.990031e-02
[step   253500] t/d= 507.000 | task1=4.122705e-01 | task2=2.527721e-01 | F1=1.471789e-01 | m1²=0.002457 | m2²=0.995043 | eps_w1=2.581542e+00 | eps_w2=2.972800e-02
[step   253750] t/d= 507.500 | task1=4.122460e-01 | task2=2.527654e-01 | F1=1.471544e-01 | m1²=0.002437 | m2²=0.994942 | eps_w1=2.580266e+00 | eps_w2=2.982408e-02
[step   254000] t/d= 508.000 | task1=4.122670e-01 | task2=2.527250e-01 | F1=1.471754e-01 | m1²=0.002451 | m2²=0.994932 | eps_w1=2.580414e+00 | eps_w2=2.986535e-02
[step   254250] t/d= 508.500 | task1=4.122989e-01 | task2=2.527618e-01 | F1=1.472073e-01 | m1²=0.002450 | m2²=0.994874 | eps_w1=2.579106e+00 | eps_w2=2.986469e-02
[step   254500] t/d= 509.000 | task1=4.123711e-01 | task2=2.527458e-01 | F1=1.472795e-01 | m1²=0.002416 | m2²=0.994862 | eps_w1=2.579889e+00 | eps_w2=2.996041e-02
[step   254750] t/d= 509.500 | task1=4.122703e-01 | task2=2.527954e-01 | F1=1.471787e-01 | m1²=0.002430 | m2²=0.994903 | eps_w1=2.576854e+00 | eps_w2=2.956807e-02
[step   255000] t/d= 510.000 | task1=4.121372e-01 | task2=2.528096e-01 | F1=1.470456e-01 | m1²=0.002396 | m2²=0.994863 | eps_w1=2.574988e+00 | eps_w2=2.946418e-02
[step   255250] t/d= 510.500 | task1=4.121971e-01 | task2=2.527820e-01 | F1=1.471054e-01 | m1²=0.002367 | m2²=0.994932 | eps_w1=2.575885e+00 | eps_w2=2.938936e-02
[step   255500] t/d= 511.000 | task1=4.122566e-01 | task2=2.527216e-01 | F1=1.471650e-01 | m1²=0.002376 | m2²=0.994904 | eps_w1=2.575451e+00 | eps_w2=2.941154e-02
[step   255750] t/d= 511.500 | task1=4.124151e-01 | task2=2.527305e-01 | F1=1.473235e-01 | m1²=0.002369 | m2²=0.994875 | eps_w1=2.578418e+00 | eps_w2=2.977187e-02
[step   256000] t/d= 512.000 | task1=4.124204e-01 | task2=2.527568e-01 | F1=1.473288e-01 | m1²=0.002329 | m2²=0.994870 | eps_w1=2.578949e+00 | eps_w2=2.982659e-02
[step   256250] t/d= 512.500 | task1=4.125701e-01 | task2=2.528051e-01 | F1=1.474785e-01 | m1²=0.002330 | m2²=0.994889 | eps_w1=2.581933e+00 | eps_w2=3.008488e-02
[step   256500] t/d= 513.000 | task1=4.125309e-01 | task2=2.527624e-01 | F1=1.474393e-01 | m1²=0.002342 | m2²=0.994943 | eps_w1=2.580303e+00 | eps_w2=2.980066e-02
[step   256750] t/d= 513.500 | task1=4.124943e-01 | task2=2.527445e-01 | F1=1.474027e-01 | m1²=0.002340 | m2²=0.994986 | eps_w1=2.579475e+00 | eps_w2=2.961925e-02
[step   257000] t/d= 514.000 | task1=4.124923e-01 | task2=2.527710e-01 | F1=1.474007e-01 | m1²=0.002357 | m2²=0.994948 | eps_w1=2.579756e+00 | eps_w2=2.973869e-02
[step   257250] t/d= 514.500 | task1=4.125721e-01 | task2=2.527599e-01 | F1=1.474805e-01 | m1²=0.002382 | m2²=0.994938 | eps_w1=2.581964e+00 | eps_w2=2.999000e-02
[step   257500] t/d= 515.000 | task1=4.126724e-01 | task2=2.527001e-01 | F1=1.475808e-01 | m1²=0.002348 | m2²=0.994937 | eps_w1=2.583983e+00 | eps_w2=3.018840e-02
[step   257750] t/d= 515.500 | task1=4.127664e-01 | task2=2.526777e-01 | F1=1.476747e-01 | m1²=0.002332 | m2²=0.994950 | eps_w1=2.585492e+00 | eps_w2=3.030718e-02
[step   258000] t/d= 516.000 | task1=4.128341e-01 | task2=2.526815e-01 | F1=1.477425e-01 | m1²=0.002342 | m2²=0.994928 | eps_w1=2.588669e+00 | eps_w2=3.068489e-02
[step   258250] t/d= 516.500 | task1=4.127786e-01 | task2=2.526914e-01 | F1=1.476870e-01 | m1²=0.002328 | m2²=0.994928 | eps_w1=2.586585e+00 | eps_w2=3.046781e-02
[step   258500] t/d= 517.000 | task1=4.129037e-01 | task2=2.527023e-01 | F1=1.478121e-01 | m1²=0.002320 | m2²=0.994869 | eps_w1=2.588816e+00 | eps_w2=3.082934e-02
[step   258750] t/d= 517.500 | task1=4.129025e-01 | task2=2.527273e-01 | F1=1.478108e-01 | m1²=0.002294 | m2²=0.994871 | eps_w1=2.589898e+00 | eps_w2=3.092846e-02
[step   259000] t/d= 518.000 | task1=4.129162e-01 | task2=2.527443e-01 | F1=1.478246e-01 | m1²=0.002287 | m2²=0.994871 | eps_w1=2.591621e+00 | eps_w2=3.110426e-02
[step   259250] t/d= 518.500 | task1=4.130393e-01 | task2=2.527468e-01 | F1=1.479477e-01 | m1²=0.002310 | m2²=0.994918 | eps_w1=2.595308e+00 | eps_w2=3.138547e-02
[step   259500] t/d= 519.000 | task1=4.131149e-01 | task2=2.527104e-01 | F1=1.480233e-01 | m1²=0.002300 | m2²=0.994989 | eps_w1=2.597939e+00 | eps_w2=3.149470e-02
[step   259750] t/d= 519.500 | task1=4.130875e-01 | task2=2.527470e-01 | F1=1.479959e-01 | m1²=0.002358 | m2²=0.994957 | eps_w1=2.598380e+00 | eps_w2=3.162931e-02
[step   260000] t/d= 520.000 | task1=4.131216e-01 | task2=2.527538e-01 | F1=1.480300e-01 | m1²=0.002383 | m2²=0.994940 | eps_w1=2.598696e+00 | eps_w2=3.170783e-02
[step   260250] t/d= 520.500 | task1=4.131143e-01 | task2=2.527464e-01 | F1=1.480227e-01 | m1²=0.002360 | m2²=0.995014 | eps_w1=2.598358e+00 | eps_w2=3.149805e-02
[step   260500] t/d= 521.000 | task1=4.131435e-01 | task2=2.527214e-01 | F1=1.480519e-01 | m1²=0.002384 | m2²=0.995015 | eps_w1=2.598488e+00 | eps_w2=3.151541e-02
[step   260750] t/d= 521.500 | task1=4.130890e-01 | task2=2.526626e-01 | F1=1.479974e-01 | m1²=0.002398 | m2²=0.994991 | eps_w1=2.597910e+00 | eps_w2=3.151414e-02
[step   261000] t/d= 522.000 | task1=4.132194e-01 | task2=2.526911e-01 | F1=1.481277e-01 | m1²=0.002399 | m2²=0.994998 | eps_w1=2.600585e+00 | eps_w2=3.177682e-02
[step   261250] t/d= 522.500 | task1=4.131496e-01 | task2=2.526677e-01 | F1=1.480579e-01 | m1²=0.002390 | m2²=0.995010 | eps_w1=2.600362e+00 | eps_w2=3.172477e-02
[step   261500] t/d= 523.000 | task1=4.131121e-01 | task2=2.526291e-01 | F1=1.480204e-01 | m1²=0.002389 | m2²=0.995055 | eps_w1=2.599170e+00 | eps_w2=3.149626e-02
[step   261750] t/d= 523.500 | task1=4.131537e-01 | task2=2.526378e-01 | F1=1.480621e-01 | m1²=0.002392 | m2²=0.995019 | eps_w1=2.599843e+00 | eps_w2=3.164919e-02
[step   262000] t/d= 524.000 | task1=4.131517e-01 | task2=2.526236e-01 | F1=1.480601e-01 | m1²=0.002343 | m2²=0.995005 | eps_w1=2.599267e+00 | eps_w2=3.160947e-02
[step   262250] t/d= 524.500 | task1=4.131936e-01 | task2=2.525901e-01 | F1=1.481020e-01 | m1²=0.002327 | m2²=0.994988 | eps_w1=2.600219e+00 | eps_w2=3.174341e-02
[step   262500] t/d= 525.000 | task1=4.132211e-01 | task2=2.525473e-01 | F1=1.481295e-01 | m1²=0.002298 | m2²=0.995055 | eps_w1=2.600320e+00 | eps_w2=3.159207e-02
[step   262750] t/d= 525.500 | task1=4.131602e-01 | task2=2.525673e-01 | F1=1.480686e-01 | m1²=0.002294 | m2²=0.995036 | eps_w1=2.598815e+00 | eps_w2=3.147833e-02
[step   263000] t/d= 526.000 | task1=4.132640e-01 | task2=2.525436e-01 | F1=1.481724e-01 | m1²=0.002261 | m2²=0.995055 | eps_w1=2.601109e+00 | eps_w2=3.166659e-02
[step   263250] t/d= 526.500 | task1=4.133030e-01 | task2=2.525519e-01 | F1=1.482114e-01 | m1²=0.002277 | m2²=0.995110 | eps_w1=2.601343e+00 | eps_w2=3.156893e-02
[step   263500] t/d= 527.000 | task1=4.133319e-01 | task2=2.525652e-01 | F1=1.482402e-01 | m1²=0.002344 | m2²=0.995099 | eps_w1=2.601711e+00 | eps_w2=3.165022e-02
[step   263750] t/d= 527.500 | task1=4.134998e-01 | task2=2.525577e-01 | F1=1.484082e-01 | m1²=0.002335 | m2²=0.995091 | eps_w1=2.605377e+00 | eps_w2=3.205366e-02
[step   264000] t/d= 528.000 | task1=4.135938e-01 | task2=2.525882e-01 | F1=1.485022e-01 | m1²=0.002333 | m2²=0.995148 | eps_w1=2.605966e+00 | eps_w2=3.198650e-02
[step   264250] t/d= 528.500 | task1=4.134011e-01 | task2=2.525710e-01 | F1=1.483095e-01 | m1²=0.002332 | m2²=0.995134 | eps_w1=2.603030e+00 | eps_w2=3.170607e-02
[step   264500] t/d= 529.000 | task1=4.135402e-01 | task2=2.525733e-01 | F1=1.484486e-01 | m1²=0.002359 | m2²=0.995052 | eps_w1=2.605704e+00 | eps_w2=3.218608e-02
[step   264750] t/d= 529.500 | task1=4.134864e-01 | task2=2.525218e-01 | F1=1.483948e-01 | m1²=0.002407 | m2²=0.995032 | eps_w1=2.605848e+00 | eps_w2=3.225845e-02
[step   265000] t/d= 530.000 | task1=4.134948e-01 | task2=2.525394e-01 | F1=1.484031e-01 | m1²=0.002450 | m2²=0.995057 | eps_w1=2.603307e+00 | eps_w2=3.194508e-02
[step   265250] t/d= 530.500 | task1=4.134317e-01 | task2=2.525403e-01 | F1=1.483401e-01 | m1²=0.002415 | m2²=0.995052 | eps_w1=2.603363e+00 | eps_w2=3.195296e-02
[step   265500] t/d= 531.000 | task1=4.136033e-01 | task2=2.525759e-01 | F1=1.485116e-01 | m1²=0.002428 | m2²=0.995089 | eps_w1=2.606875e+00 | eps_w2=3.224345e-02
[step   265750] t/d= 531.500 | task1=4.135943e-01 | task2=2.524905e-01 | F1=1.485027e-01 | m1²=0.002430 | m2²=0.995118 | eps_w1=2.606229e+00 | eps_w2=3.210807e-02
[step   266000] t/d= 532.000 | task1=4.135448e-01 | task2=2.524708e-01 | F1=1.484532e-01 | m1²=0.002444 | m2²=0.995118 | eps_w1=2.606166e+00 | eps_w2=3.210691e-02
[step   266250] t/d= 532.500 | task1=4.135887e-01 | task2=2.525168e-01 | F1=1.484971e-01 | m1²=0.002404 | m2²=0.995070 | eps_w1=2.606495e+00 | eps_w2=3.223999e-02
[step   266500] t/d= 533.000 | task1=4.136406e-01 | task2=2.525330e-01 | F1=1.485490e-01 | m1²=0.002412 | m2²=0.995081 | eps_w1=2.609238e+00 | eps_w2=3.250944e-02
[step   266750] t/d= 533.500 | task1=4.137236e-01 | task2=2.525658e-01 | F1=1.486320e-01 | m1²=0.002421 | m2²=0.995097 | eps_w1=2.611713e+00 | eps_w2=3.274112e-02
[step   267000] t/d= 534.000 | task1=4.136380e-01 | task2=2.526090e-01 | F1=1.485464e-01 | m1²=0.002474 | m2²=0.995080 | eps_w1=2.609708e+00 | eps_w2=3.257995e-02
[step   267250] t/d= 534.500 | task1=4.136310e-01 | task2=2.526050e-01 | F1=1.485393e-01 | m1²=0.002501 | m2²=0.995075 | eps_w1=2.610485e+00 | eps_w2=3.268222e-02
[step   267500] t/d= 535.000 | task1=4.135259e-01 | task2=2.525633e-01 | F1=1.484343e-01 | m1²=0.002469 | m2²=0.995075 | eps_w1=2.607913e+00 | eps_w2=3.239707e-02
[step   267750] t/d= 535.500 | task1=4.135952e-01 | task2=2.526605e-01 | F1=1.485036e-01 | m1²=0.002434 | m2²=0.995070 | eps_w1=2.608867e+00 | eps_w2=3.250176e-02
[step   268000] t/d= 536.000 | task1=4.135205e-01 | task2=2.526430e-01 | F1=1.484288e-01 | m1²=0.002500 | m2²=0.995045 | eps_w1=2.608756e+00 | eps_w2=3.256551e-02
[step   268250] t/d= 536.500 | task1=4.136175e-01 | task2=2.526404e-01 | F1=1.485259e-01 | m1²=0.002479 | m2²=0.995092 | eps_w1=2.613424e+00 | eps_w2=3.295317e-02
[step   268500] t/d= 537.000 | task1=4.135754e-01 | task2=2.527049e-01 | F1=1.484837e-01 | m1²=0.002496 | m2²=0.995126 | eps_w1=2.612931e+00 | eps_w2=3.282699e-02
[step   268750] t/d= 537.500 | task1=4.135695e-01 | task2=2.526774e-01 | F1=1.484779e-01 | m1²=0.002537 | m2²=0.995127 | eps_w1=2.614856e+00 | eps_w2=3.304389e-02
[step   269000] t/d= 538.000 | task1=4.135856e-01 | task2=2.527035e-01 | F1=1.484940e-01 | m1²=0.002539 | m2²=0.995084 | eps_w1=2.617273e+00 | eps_w2=3.340661e-02
[step   269250] t/d= 538.500 | task1=4.136056e-01 | task2=2.527093e-01 | F1=1.485140e-01 | m1²=0.002508 | m2²=0.995026 | eps_w1=2.618924e+00 | eps_w2=3.371096e-02
[step   269500] t/d= 539.000 | task1=4.136612e-01 | task2=2.527467e-01 | F1=1.485696e-01 | m1²=0.002449 | m2²=0.995045 | eps_w1=2.620143e+00 | eps_w2=3.378275e-02
[step   269750] t/d= 539.500 | task1=4.137353e-01 | task2=2.527589e-01 | F1=1.486437e-01 | m1²=0.002439 | m2²=0.995086 | eps_w1=2.622309e+00 | eps_w2=3.392316e-02
[step   270000] t/d= 540.000 | task1=4.137599e-01 | task2=2.527447e-01 | F1=1.486683e-01 | m1²=0.002432 | m2²=0.995103 | eps_w1=2.624793e+00 | eps_w2=3.415617e-02
[step   270250] t/d= 540.500 | task1=4.136773e-01 | task2=2.527336e-01 | F1=1.485856e-01 | m1²=0.002469 | m2²=0.995086 | eps_w1=2.623539e+00 | eps_w2=3.406706e-02
[step   270500] t/d= 541.000 | task1=4.136307e-01 | task2=2.527232e-01 | F1=1.485391e-01 | m1²=0.002495 | m2²=0.995052 | eps_w1=2.624467e+00 | eps_w2=3.425495e-02
[step   270750] t/d= 541.500 | task1=4.136814e-01 | task2=2.527380e-01 | F1=1.485898e-01 | m1²=0.002470 | m2²=0.994973 | eps_w1=2.624628e+00 | eps_w2=3.444764e-02
[step   271000] t/d= 542.000 | task1=4.136911e-01 | task2=2.527009e-01 | F1=1.485995e-01 | m1²=0.002484 | m2²=0.994969 | eps_w1=2.624369e+00 | eps_w2=3.443245e-02
[step   271250] t/d= 542.500 | task1=4.135574e-01 | task2=2.526457e-01 | F1=1.484658e-01 | m1²=0.002463 | m2²=0.994997 | eps_w1=2.622456e+00 | eps_w2=3.415079e-02
[step   271500] t/d= 543.000 | task1=4.136289e-01 | task2=2.526198e-01 | F1=1.485373e-01 | m1²=0.002455 | m2²=0.995000 | eps_w1=2.623636e+00 | eps_w2=3.427330e-02
[step   271750] t/d= 543.500 | task1=4.136036e-01 | task2=2.526356e-01 | F1=1.485119e-01 | m1²=0.002458 | m2²=0.995000 | eps_w1=2.623896e+00 | eps_w2=3.430240e-02
[step   272000] t/d= 544.000 | task1=4.136900e-01 | task2=2.526453e-01 | F1=1.485984e-01 | m1²=0.002461 | m2²=0.995045 | eps_w1=2.626855e+00 | eps_w2=3.452581e-02
[step   272250] t/d= 544.500 | task1=4.135865e-01 | task2=2.527306e-01 | F1=1.484949e-01 | m1²=0.002500 | m2²=0.995011 | eps_w1=2.623652e+00 | eps_w2=3.426104e-02
[step   272500] t/d= 545.000 | task1=4.135481e-01 | task2=2.527164e-01 | F1=1.484565e-01 | m1²=0.002469 | m2²=0.995012 | eps_w1=2.621810e+00 | eps_w2=3.404745e-02
[step   272750] t/d= 545.500 | task1=4.134694e-01 | task2=2.526829e-01 | F1=1.483778e-01 | m1²=0.002507 | m2²=0.995000 | eps_w1=2.621742e+00 | eps_w2=3.407789e-02
[step   273000] t/d= 546.000 | task1=4.134558e-01 | task2=2.526648e-01 | F1=1.483642e-01 | m1²=0.002490 | m2²=0.995009 | eps_w1=2.623419e+00 | eps_w2=3.423891e-02
[step   273250] t/d= 546.500 | task1=4.134938e-01 | task2=2.526755e-01 | F1=1.484022e-01 | m1²=0.002474 | m2²=0.995010 | eps_w1=2.622186e+00 | eps_w2=3.409513e-02
[step   273500] t/d= 547.000 | task1=4.135622e-01 | task2=2.527099e-01 | F1=1.484705e-01 | m1²=0.002448 | m2²=0.995016 | eps_w1=2.624717e+00 | eps_w2=3.435280e-02
[step   273750] t/d= 547.500 | task1=4.135701e-01 | task2=2.527431e-01 | F1=1.484785e-01 | m1²=0.002446 | m2²=0.994994 | eps_w1=2.625076e+00 | eps_w2=3.444284e-02
[step   274000] t/d= 548.000 | task1=4.135264e-01 | task2=2.526867e-01 | F1=1.484348e-01 | m1²=0.002435 | m2²=0.994995 | eps_w1=2.622720e+00 | eps_w2=3.417660e-02
[step   274250] t/d= 548.500 | task1=4.134798e-01 | task2=2.526491e-01 | F1=1.483882e-01 | m1²=0.002434 | m2²=0.994974 | eps_w1=2.622585e+00 | eps_w2=3.421009e-02
[step   274500] t/d= 549.000 | task1=4.135231e-01 | task2=2.525742e-01 | F1=1.484314e-01 | m1²=0.002426 | m2²=0.994972 | eps_w1=2.621405e+00 | eps_w2=3.408340e-02
[step   274750] t/d= 549.500 | task1=4.135730e-01 | task2=2.524967e-01 | F1=1.484813e-01 | m1²=0.002405 | m2²=0.994949 | eps_w1=2.622543e+00 | eps_w2=3.425443e-02
[step   275000] t/d= 550.000 | task1=4.135244e-01 | task2=2.524839e-01 | F1=1.484328e-01 | m1²=0.002414 | m2²=0.994936 | eps_w1=2.620675e+00 | eps_w2=3.408240e-02
[step   275250] t/d= 550.500 | task1=4.134635e-01 | task2=2.525039e-01 | F1=1.483719e-01 | m1²=0.002450 | m2²=0.994953 | eps_w1=2.619570e+00 | eps_w2=3.393310e-02
[step   275500] t/d= 551.000 | task1=4.134656e-01 | task2=2.524849e-01 | F1=1.483740e-01 | m1²=0.002414 | m2²=0.994992 | eps_w1=2.620515e+00 | eps_w2=3.393728e-02
[step   275750] t/d= 551.500 | task1=4.134918e-01 | task2=2.524759e-01 | F1=1.484002e-01 | m1²=0.002421 | m2²=0.995035 | eps_w1=2.621604e+00 | eps_w2=3.395889e-02
[step   276000] t/d= 552.000 | task1=4.136062e-01 | task2=2.525008e-01 | F1=1.485146e-01 | m1²=0.002433 | m2²=0.995057 | eps_w1=2.624142e+00 | eps_w2=3.418999e-02
[step   276250] t/d= 552.500 | task1=4.135642e-01 | task2=2.525116e-01 | F1=1.484726e-01 | m1²=0.002487 | m2²=0.995052 | eps_w1=2.622925e+00 | eps_w2=3.408402e-02
[step   276500] t/d= 553.000 | task1=4.135405e-01 | task2=2.525505e-01 | F1=1.484488e-01 | m1²=0.002499 | m2²=0.995038 | eps_w1=2.624073e+00 | eps_w2=3.424601e-02
[step   276750] t/d= 553.500 | task1=4.134616e-01 | task2=2.525483e-01 | F1=1.483699e-01 | m1²=0.002480 | m2²=0.995085 | eps_w1=2.622193e+00 | eps_w2=3.392423e-02
[step   277000] t/d= 554.000 | task1=4.133626e-01 | task2=2.525520e-01 | F1=1.482710e-01 | m1²=0.002458 | m2²=0.995048 | eps_w1=2.619939e+00 | eps_w2=3.375671e-02
[step   277250] t/d= 554.500 | task1=4.133734e-01 | task2=2.525624e-01 | F1=1.482818e-01 | m1²=0.002424 | m2²=0.995070 | eps_w1=2.621206e+00 | eps_w2=3.383580e-02
[step   277500] t/d= 555.000 | task1=4.133084e-01 | task2=2.525640e-01 | F1=1.482167e-01 | m1²=0.002461 | m2²=0.995002 | eps_w1=2.618687e+00 | eps_w2=3.372654e-02
[step   277750] t/d= 555.500 | task1=4.132754e-01 | task2=2.525364e-01 | F1=1.481838e-01 | m1²=0.002476 | m2²=0.995045 | eps_w1=2.619178e+00 | eps_w2=3.368482e-02
[step   278000] t/d= 556.000 | task1=4.131653e-01 | task2=2.525130e-01 | F1=1.480737e-01 | m1²=0.002511 | m2²=0.995060 | eps_w1=2.616144e+00 | eps_w2=3.332915e-02
[step   278250] t/d= 556.500 | task1=4.130887e-01 | task2=2.524979e-01 | F1=1.479971e-01 | m1²=0.002490 | m2²=0.995113 | eps_w1=2.614531e+00 | eps_w2=3.302715e-02
[step   278500] t/d= 557.000 | task1=4.130774e-01 | task2=2.524580e-01 | F1=1.479857e-01 | m1²=0.002466 | m2²=0.995087 | eps_w1=2.612932e+00 | eps_w2=3.290848e-02
[step   278750] t/d= 557.500 | task1=4.130978e-01 | task2=2.524494e-01 | F1=1.480062e-01 | m1²=0.002465 | m2²=0.995079 | eps_w1=2.612192e+00 | eps_w2=3.284524e-02
[step   279000] t/d= 558.000 | task1=4.131675e-01 | task2=2.524603e-01 | F1=1.480759e-01 | m1²=0.002446 | m2²=0.995077 | eps_w1=2.615772e+00 | eps_w2=3.323310e-02
[step   279250] t/d= 558.500 | task1=4.131612e-01 | task2=2.524132e-01 | F1=1.480696e-01 | m1²=0.002491 | m2²=0.995095 | eps_w1=2.616312e+00 | eps_w2=3.326325e-02
[step   279500] t/d= 559.000 | task1=4.131529e-01 | task2=2.523723e-01 | F1=1.480613e-01 | m1²=0.002507 | m2²=0.995127 | eps_w1=2.615647e+00 | eps_w2=3.312109e-02
[step   279750] t/d= 559.500 | task1=4.132672e-01 | task2=2.523791e-01 | F1=1.481756e-01 | m1²=0.002467 | m2²=0.995150 | eps_w1=2.618436e+00 | eps_w2=3.335966e-02
[step   280000] t/d= 560.000 | task1=4.132092e-01 | task2=2.523739e-01 | F1=1.481176e-01 | m1²=0.002475 | m2²=0.995146 | eps_w1=2.616245e+00 | eps_w2=3.313358e-02
[step   280250] t/d= 560.500 | task1=4.131266e-01 | task2=2.524108e-01 | F1=1.480350e-01 | m1²=0.002488 | m2²=0.995165 | eps_w1=2.613992e+00 | eps_w2=3.284938e-02
[step   280500] t/d= 561.000 | task1=4.131680e-01 | task2=2.523594e-01 | F1=1.480764e-01 | m1²=0.002507 | m2²=0.995217 | eps_w1=2.615736e+00 | eps_w2=3.292484e-02
[step   280750] t/d= 561.500 | task1=4.131936e-01 | task2=2.524286e-01 | F1=1.481020e-01 | m1²=0.002500 | m2²=0.995223 | eps_w1=2.616801e+00 | eps_w2=3.302394e-02
[step   281000] t/d= 562.000 | task1=4.132628e-01 | task2=2.524279e-01 | F1=1.481712e-01 | m1²=0.002507 | m2²=0.995212 | eps_w1=2.619035e+00 | eps_w2=3.329513e-02
[step   281250] t/d= 562.500 | task1=4.133156e-01 | task2=2.524717e-01 | F1=1.482240e-01 | m1²=0.002521 | m2²=0.995242 | eps_w1=2.619890e+00 | eps_w2=3.332187e-02
[step   281500] t/d= 563.000 | task1=4.132082e-01 | task2=2.524887e-01 | F1=1.481165e-01 | m1²=0.002507 | m2²=0.995269 | eps_w1=2.617103e+00 | eps_w2=3.295336e-02
[step   281750] t/d= 563.500 | task1=4.132443e-01 | task2=2.524734e-01 | F1=1.481527e-01 | m1²=0.002536 | m2²=0.995307 | eps_w1=2.616145e+00 | eps_w2=3.277092e-02
[step   282000] t/d= 564.000 | task1=4.134010e-01 | task2=2.524268e-01 | F1=1.483093e-01 | m1²=0.002527 | m2²=0.995330 | eps_w1=2.622080e+00 | eps_w2=3.336248e-02
[step   282250] t/d= 564.500 | task1=4.134518e-01 | task2=2.524132e-01 | F1=1.483601e-01 | m1²=0.002518 | m2²=0.995344 | eps_w1=2.623851e+00 | eps_w2=3.352284e-02
[step   282500] t/d= 565.000 | task1=4.134146e-01 | task2=2.523204e-01 | F1=1.483230e-01 | m1²=0.002510 | m2²=0.995310 | eps_w1=2.623984e+00 | eps_w2=3.361326e-02
[step   282750] t/d= 565.500 | task1=4.134963e-01 | task2=2.523665e-01 | F1=1.484047e-01 | m1²=0.002475 | m2²=0.995317 | eps_w1=2.625998e+00 | eps_w2=3.381011e-02
[step   283000] t/d= 566.000 | task1=4.134995e-01 | task2=2.523640e-01 | F1=1.484078e-01 | m1²=0.002498 | m2²=0.995340 | eps_w1=2.627160e+00 | eps_w2=3.389209e-02
[step   283250] t/d= 566.500 | task1=4.136029e-01 | task2=2.523646e-01 | F1=1.485113e-01 | m1²=0.002442 | m2²=0.995346 | eps_w1=2.629615e+00 | eps_w2=3.413306e-02
[step   283500] t/d= 567.000 | task1=4.137179e-01 | task2=2.523539e-01 | F1=1.486262e-01 | m1²=0.002424 | m2²=0.995361 | eps_w1=2.631216e+00 | eps_w2=3.427292e-02
[step   283750] t/d= 567.500 | task1=4.137081e-01 | task2=2.523419e-01 | F1=1.486164e-01 | m1²=0.002461 | m2²=0.995405 | eps_w1=2.631171e+00 | eps_w2=3.417630e-02
[step   284000] t/d= 568.000 | task1=4.136679e-01 | task2=2.523419e-01 | F1=1.485763e-01 | m1²=0.002467 | m2²=0.995393 | eps_w1=2.630800e+00 | eps_w2=3.416617e-02
[step   284250] t/d= 568.500 | task1=4.137013e-01 | task2=2.523138e-01 | F1=1.486096e-01 | m1²=0.002427 | m2²=0.995452 | eps_w1=2.630988e+00 | eps_w2=3.403769e-02
[step   284500] t/d= 569.000 | task1=4.137010e-01 | task2=2.522952e-01 | F1=1.486094e-01 | m1²=0.002423 | m2²=0.995408 | eps_w1=2.631214e+00 | eps_w2=3.416320e-02
[step   284750] t/d= 569.500 | task1=4.136354e-01 | task2=2.522654e-01 | F1=1.485438e-01 | m1²=0.002457 | m2²=0.995484 | eps_w1=2.629708e+00 | eps_w2=3.383074e-02
[step   285000] t/d= 570.000 | task1=4.136011e-01 | task2=2.522319e-01 | F1=1.485095e-01 | m1²=0.002420 | m2²=0.995539 | eps_w1=2.629073e+00 | eps_w2=3.362146e-02
[step   285250] t/d= 570.500 | task1=4.136069e-01 | task2=2.522324e-01 | F1=1.485153e-01 | m1²=0.002424 | m2²=0.995505 | eps_w1=2.627820e+00 | eps_w2=3.356345e-02
[step   285500] t/d= 571.000 | task1=4.136198e-01 | task2=2.522701e-01 | F1=1.485282e-01 | m1²=0.002426 | m2²=0.995476 | eps_w1=2.628357e+00 | eps_w2=3.368903e-02
[step   285750] t/d= 571.500 | task1=4.135702e-01 | task2=2.523022e-01 | F1=1.484786e-01 | m1²=0.002445 | m2²=0.995432 | eps_w1=2.626565e+00 | eps_w2=3.359900e-02
[step   286000] t/d= 572.000 | task1=4.135417e-01 | task2=2.523284e-01 | F1=1.484500e-01 | m1²=0.002441 | m2²=0.995469 | eps_w1=2.625413e+00 | eps_w2=3.338416e-02
[step   286250] t/d= 572.500 | task1=4.134485e-01 | task2=2.523098e-01 | F1=1.483569e-01 | m1²=0.002420 | m2²=0.995434 | eps_w1=2.623468e+00 | eps_w2=3.324612e-02
[step   286500] t/d= 573.000 | task1=4.134840e-01 | task2=2.523008e-01 | F1=1.483923e-01 | m1²=0.002419 | m2²=0.995406 | eps_w1=2.624277e+00 | eps_w2=3.339902e-02
[step   286750] t/d= 573.500 | task1=4.135365e-01 | task2=2.523147e-01 | F1=1.484449e-01 | m1²=0.002444 | m2²=0.995450 | eps_w1=2.624154e+00 | eps_w2=3.329171e-02
[step   287000] t/d= 574.000 | task1=4.134883e-01 | task2=2.523549e-01 | F1=1.483967e-01 | m1²=0.002427 | m2²=0.995537 | eps_w1=2.622877e+00 | eps_w2=3.294597e-02
[step   287250] t/d= 574.500 | task1=4.135296e-01 | task2=2.523826e-01 | F1=1.484380e-01 | m1²=0.002465 | m2²=0.995576 | eps_w1=2.624111e+00 | eps_w2=3.300242e-02
[step   287500] t/d= 575.000 | task1=4.135502e-01 | task2=2.524002e-01 | F1=1.484586e-01 | m1²=0.002468 | m2²=0.995638 | eps_w1=2.623087e+00 | eps_w2=3.274723e-02
[step   287750] t/d= 575.500 | task1=4.134468e-01 | task2=2.524361e-01 | F1=1.483552e-01 | m1²=0.002505 | m2²=0.995637 | eps_w1=2.622161e+00 | eps_w2=3.265799e-02
[step   288000] t/d= 576.000 | task1=4.134837e-01 | task2=2.524810e-01 | F1=1.483920e-01 | m1²=0.002534 | m2²=0.995574 | eps_w1=2.622627e+00 | eps_w2=3.286299e-02
[step   288250] t/d= 576.500 | task1=4.133537e-01 | task2=2.525124e-01 | F1=1.482621e-01 | m1²=0.002520 | m2²=0.995530 | eps_w1=2.621564e+00 | eps_w2=3.284252e-02
[step   288500] t/d= 577.000 | task1=4.134014e-01 | task2=2.525311e-01 | F1=1.483098e-01 | m1²=0.002563 | m2²=0.995538 | eps_w1=2.622193e+00 | eps_w2=3.290704e-02
[step   288750] t/d= 577.500 | task1=4.133507e-01 | task2=2.525460e-01 | F1=1.482591e-01 | m1²=0.002567 | m2²=0.995542 | eps_w1=2.621670e+00 | eps_w2=3.284136e-02
[step   289000] t/d= 578.000 | task1=4.133928e-01 | task2=2.525706e-01 | F1=1.483012e-01 | m1²=0.002557 | m2²=0.995518 | eps_w1=2.621720e+00 | eps_w2=3.289865e-02
[step   289250] t/d= 578.500 | task1=4.133407e-01 | task2=2.525309e-01 | F1=1.482490e-01 | m1²=0.002589 | m2²=0.995529 | eps_w1=2.620847e+00 | eps_w2=3.278721e-02
[step   289500] t/d= 579.000 | task1=4.134092e-01 | task2=2.524909e-01 | F1=1.483176e-01 | m1²=0.002595 | m2²=0.995556 | eps_w1=2.621551e+00 | eps_w2=3.280277e-02
[step   289750] t/d= 579.500 | task1=4.133505e-01 | task2=2.524751e-01 | F1=1.482589e-01 | m1²=0.002577 | m2²=0.995555 | eps_w1=2.620116e+00 | eps_w2=3.264432e-02
[step   290000] t/d= 580.000 | task1=4.135241e-01 | task2=2.524613e-01 | F1=1.484325e-01 | m1²=0.002574 | m2²=0.995599 | eps_w1=2.622726e+00 | eps_w2=3.282622e-02
[step   290250] t/d= 580.500 | task1=4.134221e-01 | task2=2.524995e-01 | F1=1.483305e-01 | m1²=0.002509 | m2²=0.995540 | eps_w1=2.620849e+00 | eps_w2=3.273833e-02
[step   290500] t/d= 581.000 | task1=4.135568e-01 | task2=2.524690e-01 | F1=1.484652e-01 | m1²=0.002494 | m2²=0.995553 | eps_w1=2.623667e+00 | eps_w2=3.301492e-02
[step   290750] t/d= 581.500 | task1=4.136106e-01 | task2=2.524961e-01 | F1=1.485190e-01 | m1²=0.002490 | m2²=0.995504 | eps_w1=2.623699e+00 | eps_w2=3.312913e-02
[step   291000] t/d= 582.000 | task1=4.138082e-01 | task2=2.524880e-01 | F1=1.487166e-01 | m1²=0.002447 | m2²=0.995469 | eps_w1=2.627828e+00 | eps_w2=3.365292e-02
[step   291250] t/d= 582.500 | task1=4.137907e-01 | task2=2.524631e-01 | F1=1.486991e-01 | m1²=0.002432 | m2²=0.995529 | eps_w1=2.627388e+00 | eps_w2=3.346223e-02
[step   291500] t/d= 583.000 | task1=4.137789e-01 | task2=2.525193e-01 | F1=1.486873e-01 | m1²=0.002425 | m2²=0.995511 | eps_w1=2.627418e+00 | eps_w2=3.350596e-02
[step   291750] t/d= 583.500 | task1=4.138760e-01 | task2=2.524890e-01 | F1=1.487843e-01 | m1²=0.002404 | m2²=0.995517 | eps_w1=2.628938e+00 | eps_w2=3.365412e-02
[step   292000] t/d= 584.000 | task1=4.139664e-01 | task2=2.524755e-01 | F1=1.488748e-01 | m1²=0.002378 | m2²=0.995551 | eps_w1=2.631171e+00 | eps_w2=3.381570e-02
[step   292250] t/d= 584.500 | task1=4.140850e-01 | task2=2.524231e-01 | F1=1.489934e-01 | m1²=0.002353 | m2²=0.995583 | eps_w1=2.633077e+00 | eps_w2=3.394946e-02
[step   292500] t/d= 585.000 | task1=4.140849e-01 | task2=2.524064e-01 | F1=1.489932e-01 | m1²=0.002368 | m2²=0.995566 | eps_w1=2.632219e+00 | eps_w2=3.389497e-02
[step   292750] t/d= 585.500 | task1=4.140288e-01 | task2=2.524000e-01 | F1=1.489372e-01 | m1²=0.002360 | m2²=0.995535 | eps_w1=2.630109e+00 | eps_w2=3.372914e-02
[step   293000] t/d= 586.000 | task1=4.139880e-01 | task2=2.524279e-01 | F1=1.488964e-01 | m1²=0.002377 | m2²=0.995505 | eps_w1=2.629913e+00 | eps_w2=3.378184e-02
[step   293250] t/d= 586.500 | task1=4.140756e-01 | task2=2.524821e-01 | F1=1.489839e-01 | m1²=0.002391 | m2²=0.995486 | eps_w1=2.632580e+00 | eps_w2=3.412630e-02
[step   293500] t/d= 587.000 | task1=4.140482e-01 | task2=2.525216e-01 | F1=1.489565e-01 | m1²=0.002353 | m2²=0.995517 | eps_w1=2.632623e+00 | eps_w2=3.404908e-02
[step   293750] t/d= 587.500 | task1=4.139588e-01 | task2=2.525080e-01 | F1=1.488672e-01 | m1²=0.002352 | m2²=0.995507 | eps_w1=2.632245e+00 | eps_w2=3.403039e-02
[step   294000] t/d= 588.000 | task1=4.138366e-01 | task2=2.524951e-01 | F1=1.487450e-01 | m1²=0.002339 | m2²=0.995493 | eps_w1=2.628930e+00 | eps_w2=3.369091e-02
[step   294250] t/d= 588.500 | task1=4.138195e-01 | task2=2.524845e-01 | F1=1.487279e-01 | m1²=0.002371 | m2²=0.995512 | eps_w1=2.628200e+00 | eps_w2=3.357512e-02
[step   294500] t/d= 589.000 | task1=4.138803e-01 | task2=2.524582e-01 | F1=1.487886e-01 | m1²=0.002339 | m2²=0.995478 | eps_w1=2.631081e+00 | eps_w2=3.396389e-02
[step   294750] t/d= 589.500 | task1=4.138449e-01 | task2=2.524790e-01 | F1=1.487533e-01 | m1²=0.002322 | m2²=0.995460 | eps_w1=2.631493e+00 | eps_w2=3.404675e-02
[step   295000] t/d= 590.000 | task1=4.137969e-01 | task2=2.525013e-01 | F1=1.487052e-01 | m1²=0.002328 | m2²=0.995468 | eps_w1=2.631341e+00 | eps_w2=3.401361e-02
[step   295250] t/d= 590.500 | task1=4.138510e-01 | task2=2.524604e-01 | F1=1.487593e-01 | m1²=0.002317 | m2²=0.995428 | eps_w1=2.632863e+00 | eps_w2=3.427204e-02
[step   295500] t/d= 591.000 | task1=4.137587e-01 | task2=2.524325e-01 | F1=1.486671e-01 | m1²=0.002309 | m2²=0.995433 | eps_w1=2.628786e+00 | eps_w2=3.380371e-02
[step   295750] t/d= 591.500 | task1=4.137943e-01 | task2=2.524055e-01 | F1=1.487027e-01 | m1²=0.002288 | m2²=0.995401 | eps_w1=2.629493e+00 | eps_w2=3.395079e-02
[step   296000] t/d= 592.000 | task1=4.137738e-01 | task2=2.523471e-01 | F1=1.486822e-01 | m1²=0.002300 | m2²=0.995387 | eps_w1=2.628772e+00 | eps_w2=3.390549e-02
[step   296250] t/d= 592.500 | task1=4.138463e-01 | task2=2.523652e-01 | F1=1.487547e-01 | m1²=0.002326 | m2²=0.995380 | eps_w1=2.629334e+00 | eps_w2=3.399112e-02
[step   296500] t/d= 593.000 | task1=4.139284e-01 | task2=2.523165e-01 | F1=1.488367e-01 | m1²=0.002351 | m2²=0.995378 | eps_w1=2.631522e+00 | eps_w2=3.424630e-02
[step   296750] t/d= 593.500 | task1=4.138524e-01 | task2=2.522688e-01 | F1=1.487608e-01 | m1²=0.002365 | m2²=0.995371 | eps_w1=2.630416e+00 | eps_w2=3.414374e-02
[step   297000] t/d= 594.000 | task1=4.137605e-01 | task2=2.522999e-01 | F1=1.486689e-01 | m1²=0.002349 | m2²=0.995388 | eps_w1=2.628506e+00 | eps_w2=3.388665e-02
[step   297250] t/d= 594.500 | task1=4.137551e-01 | task2=2.523470e-01 | F1=1.486635e-01 | m1²=0.002353 | m2²=0.995356 | eps_w1=2.628319e+00 | eps_w2=3.394222e-02
[step   297500] t/d= 595.000 | task1=4.136714e-01 | task2=2.523492e-01 | F1=1.485797e-01 | m1²=0.002349 | m2²=0.995351 | eps_w1=2.626163e+00 | eps_w2=3.371379e-02
[step   297750] t/d= 595.500 | task1=4.135980e-01 | task2=2.523576e-01 | F1=1.485064e-01 | m1²=0.002370 | m2²=0.995306 | eps_w1=2.624104e+00 | eps_w2=3.359565e-02
[step   298000] t/d= 596.000 | task1=4.136264e-01 | task2=2.524291e-01 | F1=1.485347e-01 | m1²=0.002388 | m2²=0.995368 | eps_w1=2.624726e+00 | eps_w2=3.352595e-02
[step   298250] t/d= 596.500 | task1=4.135423e-01 | task2=2.523753e-01 | F1=1.484506e-01 | m1²=0.002406 | m2²=0.995397 | eps_w1=2.622337e+00 | eps_w2=3.320241e-02
[step   298500] t/d= 597.000 | task1=4.134706e-01 | task2=2.523715e-01 | F1=1.483789e-01 | m1²=0.002399 | m2²=0.995330 | eps_w1=2.621606e+00 | eps_w2=3.327319e-02
[step   298750] t/d= 597.500 | task1=4.133686e-01 | task2=2.523843e-01 | F1=1.482770e-01 | m1²=0.002409 | m2²=0.995359 | eps_w1=2.619374e+00 | eps_w2=3.296661e-02
[step   299000] t/d= 598.000 | task1=4.133177e-01 | task2=2.524032e-01 | F1=1.482260e-01 | m1²=0.002440 | m2²=0.995349 | eps_w1=2.618795e+00 | eps_w2=3.293535e-02
[step   299250] t/d= 598.500 | task1=4.132862e-01 | task2=2.524019e-01 | F1=1.481946e-01 | m1²=0.002435 | m2²=0.995380 | eps_w1=2.618408e+00 | eps_w2=3.282116e-02
[step   299500] t/d= 599.000 | task1=4.132924e-01 | task2=2.524249e-01 | F1=1.482007e-01 | m1²=0.002456 | m2²=0.995348 | eps_w1=2.618714e+00 | eps_w2=3.293379e-02
[step   299750] t/d= 599.500 | task1=4.134064e-01 | task2=2.524593e-01 | F1=1.483147e-01 | m1²=0.002453 | m2²=0.995351 | eps_w1=2.622727e+00 | eps_w2=3.336321e-02
[step   300000] t/d= 600.000 | task1=4.133939e-01 | task2=2.523940e-01 | F1=1.483022e-01 | m1²=0.002437 | m2²=0.995343 | eps_w1=2.621986e+00 | eps_w2=3.329678e-02
[step   300250] t/d= 600.500 | task1=4.133179e-01 | task2=2.523719e-01 | F1=1.482263e-01 | m1²=0.002455 | m2²=0.995349 | eps_w1=2.622116e+00 | eps_w2=3.330299e-02
[step   300500] t/d= 601.000 | task1=4.133920e-01 | task2=2.523881e-01 | F1=1.483003e-01 | m1²=0.002426 | m2²=0.995327 | eps_w1=2.622915e+00 | eps_w2=3.343186e-02
[step   300750] t/d= 601.500 | task1=4.133901e-01 | task2=2.524356e-01 | F1=1.482985e-01 | m1²=0.002460 | m2²=0.995295 | eps_w1=2.623139e+00 | eps_w2=3.353991e-02
[step   301000] t/d= 602.000 | task1=4.135273e-01 | task2=2.524101e-01 | F1=1.484356e-01 | m1²=0.002461 | m2²=0.995265 | eps_w1=2.623371e+00 | eps_w2=3.363511e-02
[step   301250] t/d= 602.500 | task1=4.136281e-01 | task2=2.523644e-01 | F1=1.485365e-01 | m1²=0.002475 | m2²=0.995219 | eps_w1=2.625350e+00 | eps_w2=3.396290e-02
[step   301500] t/d= 603.000 | task1=4.137218e-01 | task2=2.523396e-01 | F1=1.486302e-01 | m1²=0.002468 | m2²=0.995232 | eps_w1=2.627261e+00 | eps_w2=3.414182e-02
[step   301750] t/d= 603.500 | task1=4.137682e-01 | task2=2.523363e-01 | F1=1.486765e-01 | m1²=0.002454 | m2²=0.995256 | eps_w1=2.627079e+00 | eps_w2=3.406432e-02
[step   302000] t/d= 604.000 | task1=4.137087e-01 | task2=2.523098e-01 | F1=1.486171e-01 | m1²=0.002470 | m2²=0.995232 | eps_w1=2.625527e+00 | eps_w2=3.395198e-02
[step   302250] t/d= 604.500 | task1=4.137265e-01 | task2=2.523591e-01 | F1=1.486349e-01 | m1²=0.002432 | m2²=0.995229 | eps_w1=2.624089e+00 | eps_w2=3.378986e-02
[step   302500] t/d= 605.000 | task1=4.137187e-01 | task2=2.523656e-01 | F1=1.486271e-01 | m1²=0.002390 | m2²=0.995178 | eps_w1=2.623141e+00 | eps_w2=3.378974e-02
[step   302750] t/d= 605.500 | task1=4.137282e-01 | task2=2.523618e-01 | F1=1.486366e-01 | m1²=0.002413 | m2²=0.995160 | eps_w1=2.624233e+00 | eps_w2=3.395887e-02
[step   303000] t/d= 606.000 | task1=4.137698e-01 | task2=2.523945e-01 | F1=1.486782e-01 | m1²=0.002394 | m2²=0.995126 | eps_w1=2.625128e+00 | eps_w2=3.413057e-02
[step   303250] t/d= 606.500 | task1=4.138510e-01 | task2=2.524427e-01 | F1=1.487594e-01 | m1²=0.002360 | m2²=0.995167 | eps_w1=2.627028e+00 | eps_w2=3.423582e-02
[step   303500] t/d= 607.000 | task1=4.139239e-01 | task2=2.524767e-01 | F1=1.488322e-01 | m1²=0.002373 | m2²=0.995204 | eps_w1=2.627195e+00 | eps_w2=3.417253e-02
[step   303750] t/d= 607.500 | task1=4.138576e-01 | task2=2.524958e-01 | F1=1.487660e-01 | m1²=0.002361 | m2²=0.995156 | eps_w1=2.626922e+00 | eps_w2=3.425058e-02
[step   304000] t/d= 608.000 | task1=4.139751e-01 | task2=2.524902e-01 | F1=1.488835e-01 | m1²=0.002377 | m2²=0.995130 | eps_w1=2.628428e+00 | eps_w2=3.448225e-02
[step   304250] t/d= 608.500 | task1=4.140554e-01 | task2=2.524946e-01 | F1=1.489638e-01 | m1²=0.002359 | m2²=0.995113 | eps_w1=2.629307e+00 | eps_w2=3.461464e-02
[step   304500] t/d= 609.000 | task1=4.140578e-01 | task2=2.525026e-01 | F1=1.489661e-01 | m1²=0.002357 | m2²=0.995090 | eps_w1=2.629359e+00 | eps_w2=3.467167e-02
[step   304750] t/d= 609.500 | task1=4.140767e-01 | task2=2.524860e-01 | F1=1.489851e-01 | m1²=0.002350 | m2²=0.995135 | eps_w1=2.627921e+00 | eps_w2=3.440655e-02
[step   305000] t/d= 610.000 | task1=4.141417e-01 | task2=2.523904e-01 | F1=1.490501e-01 | m1²=0.002350 | m2²=0.995151 | eps_w1=2.627914e+00 | eps_w2=3.436785e-02
[step   305250] t/d= 610.500 | task1=4.140997e-01 | task2=2.524054e-01 | F1=1.490080e-01 | m1²=0.002373 | m2²=0.995194 | eps_w1=2.626526e+00 | eps_w2=3.412258e-02
[step   305500] t/d= 611.000 | task1=4.141460e-01 | task2=2.523863e-01 | F1=1.490544e-01 | m1²=0.002359 | m2²=0.995179 | eps_w1=2.627067e+00 | eps_w2=3.421299e-02
[step   305750] t/d= 611.500 | task1=4.141137e-01 | task2=2.524392e-01 | F1=1.490220e-01 | m1²=0.002398 | m2²=0.995143 | eps_w1=2.627731e+00 | eps_w2=3.437908e-02
[step   306000] t/d= 612.000 | task1=4.141578e-01 | task2=2.524324e-01 | F1=1.490661e-01 | m1²=0.002379 | m2²=0.995160 | eps_w1=2.627881e+00 | eps_w2=3.435131e-02
[step   306250] t/d= 612.500 | task1=4.140945e-01 | task2=2.524630e-01 | F1=1.490029e-01 | m1²=0.002339 | m2²=0.995059 | eps_w1=2.626739e+00 | eps_w2=3.444657e-02
[step   306500] t/d= 613.000 | task1=4.141508e-01 | task2=2.524834e-01 | F1=1.490592e-01 | m1²=0.002348 | m2²=0.995043 | eps_w1=2.628664e+00 | eps_w2=3.470060e-02
[step   306750] t/d= 613.500 | task1=4.142021e-01 | task2=2.524693e-01 | F1=1.491105e-01 | m1²=0.002316 | m2²=0.995179 | eps_w1=2.629014e+00 | eps_w2=3.441625e-02
[step   307000] t/d= 614.000 | task1=4.141758e-01 | task2=2.524708e-01 | F1=1.490842e-01 | m1²=0.002252 | m2²=0.995168 | eps_w1=2.628065e+00 | eps_w2=3.431810e-02
[step   307250] t/d= 614.500 | task1=4.142514e-01 | task2=2.524444e-01 | F1=1.491597e-01 | m1²=0.002253 | m2²=0.995125 | eps_w1=2.630005e+00 | eps_w2=3.463350e-02
[step   307500] t/d= 615.000 | task1=4.143947e-01 | task2=2.524582e-01 | F1=1.493031e-01 | m1²=0.002276 | m2²=0.995164 | eps_w1=2.632750e+00 | eps_w2=3.485675e-02
[step   307750] t/d= 615.500 | task1=4.145239e-01 | task2=2.524904e-01 | F1=1.494323e-01 | m1²=0.002247 | m2²=0.995177 | eps_w1=2.635478e+00 | eps_w2=3.512332e-02
[step   308000] t/d= 616.000 | task1=4.144362e-01 | task2=2.524234e-01 | F1=1.493446e-01 | m1²=0.002230 | m2²=0.995202 | eps_w1=2.634974e+00 | eps_w2=3.500469e-02
[step   308250] t/d= 616.500 | task1=4.143320e-01 | task2=2.523692e-01 | F1=1.492404e-01 | m1²=0.002250 | m2²=0.995207 | eps_w1=2.633415e+00 | eps_w2=3.482409e-02
[step   308500] t/d= 617.000 | task1=4.142707e-01 | task2=2.523789e-01 | F1=1.491791e-01 | m1²=0.002239 | m2²=0.995134 | eps_w1=2.632606e+00 | eps_w2=3.489992e-02
[step   308750] t/d= 617.500 | task1=4.143912e-01 | task2=2.524157e-01 | F1=1.492996e-01 | m1²=0.002262 | m2²=0.995133 | eps_w1=2.636031e+00 | eps_w2=3.529374e-02
[step   309000] t/d= 618.000 | task1=4.143614e-01 | task2=2.524031e-01 | F1=1.492697e-01 | m1²=0.002273 | m2²=0.995155 | eps_w1=2.636284e+00 | eps_w2=3.527412e-02
[step   309250] t/d= 618.500 | task1=4.142735e-01 | task2=2.524713e-01 | F1=1.491819e-01 | m1²=0.002304 | m2²=0.995116 | eps_w1=2.633049e+00 | eps_w2=3.500905e-02
[step   309500] t/d= 619.000 | task1=4.141869e-01 | task2=2.524548e-01 | F1=1.490953e-01 | m1²=0.002335 | m2²=0.995092 | eps_w1=2.632180e+00 | eps_w2=3.497674e-02
[step   309750] t/d= 619.500 | task1=4.141378e-01 | task2=2.524792e-01 | F1=1.490462e-01 | m1²=0.002340 | m2²=0.995096 | eps_w1=2.630046e+00 | eps_w2=3.472993e-02
[step   310000] t/d= 620.000 | task1=4.141215e-01 | task2=2.524608e-01 | F1=1.490299e-01 | m1²=0.002342 | m2²=0.995138 | eps_w1=2.629184e+00 | eps_w2=3.453823e-02
[step   310250] t/d= 620.500 | task1=4.141419e-01 | task2=2.524638e-01 | F1=1.490503e-01 | m1²=0.002378 | m2²=0.995132 | eps_w1=2.630992e+00 | eps_w2=3.476213e-02
[step   310500] t/d= 621.000 | task1=4.141474e-01 | task2=2.524040e-01 | F1=1.490558e-01 | m1²=0.002381 | m2²=0.995146 | eps_w1=2.631539e+00 | eps_w2=3.479282e-02
[step   310750] t/d= 621.500 | task1=4.141578e-01 | task2=2.523531e-01 | F1=1.490661e-01 | m1²=0.002389 | m2²=0.995130 | eps_w1=2.631211e+00 | eps_w2=3.479423e-02
[step   311000] t/d= 622.000 | task1=4.142073e-01 | task2=2.524253e-01 | F1=1.491156e-01 | m1²=0.002428 | m2²=0.995138 | eps_w1=2.631219e+00 | eps_w2=3.478827e-02
[step   311250] t/d= 622.500 | task1=4.142195e-01 | task2=2.524017e-01 | F1=1.491278e-01 | m1²=0.002426 | m2²=0.995107 | eps_w1=2.633996e+00 | eps_w2=3.517118e-02
[step   311500] t/d= 623.000 | task1=4.142448e-01 | task2=2.523975e-01 | F1=1.491532e-01 | m1²=0.002422 | m2²=0.995080 | eps_w1=2.635612e+00 | eps_w2=3.541329e-02
[step   311750] t/d= 623.500 | task1=4.142324e-01 | task2=2.523676e-01 | F1=1.491408e-01 | m1²=0.002370 | m2²=0.995117 | eps_w1=2.636054e+00 | eps_w2=3.536316e-02
[step   312000] t/d= 624.000 | task1=4.143068e-01 | task2=2.523461e-01 | F1=1.492152e-01 | m1²=0.002366 | m2²=0.995097 | eps_w1=2.637749e+00 | eps_w2=3.560030e-02
[step   312250] t/d= 624.500 | task1=4.143086e-01 | task2=2.523392e-01 | F1=1.492170e-01 | m1²=0.002388 | m2²=0.995048 | eps_w1=2.637086e+00 | eps_w2=3.564506e-02
[step   312500] t/d= 625.000 | task1=4.143092e-01 | task2=2.522451e-01 | F1=1.492175e-01 | m1²=0.002399 | m2²=0.995058 | eps_w1=2.638379e+00 | eps_w2=3.577172e-02
[step   312750] t/d= 625.500 | task1=4.143871e-01 | task2=2.522368e-01 | F1=1.492955e-01 | m1²=0.002417 | m2²=0.995114 | eps_w1=2.641634e+00 | eps_w2=3.601660e-02
[step   313000] t/d= 626.000 | task1=4.145240e-01 | task2=2.522359e-01 | F1=1.494324e-01 | m1²=0.002392 | m2²=0.995138 | eps_w1=2.644407e+00 | eps_w2=3.627049e-02
[step   313250] t/d= 626.500 | task1=4.144181e-01 | task2=2.521952e-01 | F1=1.493265e-01 | m1²=0.002428 | m2²=0.995185 | eps_w1=2.641679e+00 | eps_w2=3.586188e-02
[step   313500] t/d= 627.000 | task1=4.144076e-01 | task2=2.522673e-01 | F1=1.493159e-01 | m1²=0.002432 | m2²=0.995174 | eps_w1=2.640485e+00 | eps_w2=3.575267e-02
[step   313750] t/d= 627.500 | task1=4.143534e-01 | task2=2.522696e-01 | F1=1.492618e-01 | m1²=0.002474 | m2²=0.995158 | eps_w1=2.638667e+00 | eps_w2=3.559358e-02
[step   314000] t/d= 628.000 | task1=4.142648e-01 | task2=2.522767e-01 | F1=1.491731e-01 | m1²=0.002476 | m2²=0.995118 | eps_w1=2.638170e+00 | eps_w2=3.563224e-02
[step   314250] t/d= 628.500 | task1=4.142934e-01 | task2=2.522067e-01 | F1=1.492017e-01 | m1²=0.002454 | m2²=0.995085 | eps_w1=2.638599e+00 | eps_w2=3.575009e-02
[step   314500] t/d= 629.000 | task1=4.142710e-01 | task2=2.522013e-01 | F1=1.491794e-01 | m1²=0.002465 | m2²=0.995049 | eps_w1=2.639872e+00 | eps_w2=3.598130e-02
[step   314750] t/d= 629.500 | task1=4.142787e-01 | task2=2.522203e-01 | F1=1.491871e-01 | m1²=0.002474 | m2²=0.995021 | eps_w1=2.639831e+00 | eps_w2=3.604445e-02
[step   315000] t/d= 630.000 | task1=4.142777e-01 | task2=2.521924e-01 | F1=1.491861e-01 | m1²=0.002466 | m2²=0.995004 | eps_w1=2.640204e+00 | eps_w2=3.612314e-02
[step   315250] t/d= 630.500 | task1=4.143064e-01 | task2=2.521593e-01 | F1=1.492148e-01 | m1²=0.002431 | m2²=0.995031 | eps_w1=2.640998e+00 | eps_w2=3.614124e-02
[step   315500] t/d= 631.000 | task1=4.143358e-01 | task2=2.522317e-01 | F1=1.492442e-01 | m1²=0.002423 | m2²=0.994950 | eps_w1=2.641520e+00 | eps_w2=3.638464e-02
[step   315750] t/d= 631.500 | task1=4.142479e-01 | task2=2.522531e-01 | F1=1.491563e-01 | m1²=0.002395 | m2²=0.994990 | eps_w1=2.639042e+00 | eps_w2=3.600297e-02
[step   316000] t/d= 632.000 | task1=4.143326e-01 | task2=2.522077e-01 | F1=1.492410e-01 | m1²=0.002370 | m2²=0.995019 | eps_w1=2.641578e+00 | eps_w2=3.621640e-02
[step   316250] t/d= 632.500 | task1=4.143524e-01 | task2=2.522000e-01 | F1=1.492608e-01 | m1²=0.002394 | m2²=0.995024 | eps_w1=2.642686e+00 | eps_w2=3.633979e-02
[step   316500] t/d= 633.000 | task1=4.143624e-01 | task2=2.522217e-01 | F1=1.492707e-01 | m1²=0.002395 | m2²=0.995044 | eps_w1=2.641870e+00 | eps_w2=3.619992e-02
[step   316750] t/d= 633.500 | task1=4.143865e-01 | task2=2.522226e-01 | F1=1.492948e-01 | m1²=0.002416 | m2²=0.995073 | eps_w1=2.642524e+00 | eps_w2=3.621356e-02
[step   317000] t/d= 634.000 | task1=4.143934e-01 | task2=2.521676e-01 | F1=1.493018e-01 | m1²=0.002394 | m2²=0.995088 | eps_w1=2.642232e+00 | eps_w2=3.613858e-02
[step   317250] t/d= 634.500 | task1=4.144580e-01 | task2=2.522336e-01 | F1=1.493664e-01 | m1²=0.002418 | m2²=0.995055 | eps_w1=2.641123e+00 | eps_w2=3.609555e-02
[step   317500] t/d= 635.000 | task1=4.144964e-01 | task2=2.522351e-01 | F1=1.494048e-01 | m1²=0.002443 | m2²=0.995034 | eps_w1=2.642977e+00 | eps_w2=3.636369e-02
[step   317750] t/d= 635.500 | task1=4.144527e-01 | task2=2.521585e-01 | F1=1.493611e-01 | m1²=0.002413 | m2²=0.995053 | eps_w1=2.642137e+00 | eps_w2=3.621533e-02
[step   318000] t/d= 636.000 | task1=4.145133e-01 | task2=2.521319e-01 | F1=1.494217e-01 | m1²=0.002400 | m2²=0.995061 | eps_w1=2.642798e+00 | eps_w2=3.626678e-02
[step   318250] t/d= 636.500 | task1=4.144581e-01 | task2=2.521511e-01 | F1=1.493665e-01 | m1²=0.002366 | m2²=0.995110 | eps_w1=2.642158e+00 | eps_w2=3.607139e-02
[step   318500] t/d= 637.000 | task1=4.144602e-01 | task2=2.521823e-01 | F1=1.493686e-01 | m1²=0.002375 | m2²=0.995134 | eps_w1=2.641138e+00 | eps_w2=3.590292e-02
[step   318750] t/d= 637.500 | task1=4.142914e-01 | task2=2.522076e-01 | F1=1.491997e-01 | m1²=0.002383 | m2²=0.995165 | eps_w1=2.637999e+00 | eps_w2=3.547713e-02
[step   319000] t/d= 638.000 | task1=4.142940e-01 | task2=2.521521e-01 | F1=1.492024e-01 | m1²=0.002380 | m2²=0.995218 | eps_w1=2.637937e+00 | eps_w2=3.534642e-02
[step   319250] t/d= 638.500 | task1=4.142351e-01 | task2=2.521689e-01 | F1=1.491435e-01 | m1²=0.002403 | m2²=0.995266 | eps_w1=2.636278e+00 | eps_w2=3.505392e-02
[step   319500] t/d= 639.000 | task1=4.142174e-01 | task2=2.521744e-01 | F1=1.491257e-01 | m1²=0.002399 | m2²=0.995244 | eps_w1=2.636283e+00 | eps_w2=3.510408e-02
[step   319750] t/d= 639.500 | task1=4.141585e-01 | task2=2.521475e-01 | F1=1.490669e-01 | m1²=0.002415 | m2²=0.995238 | eps_w1=2.635210e+00 | eps_w2=3.500181e-02
[step   320000] t/d= 640.000 | task1=4.142042e-01 | task2=2.521686e-01 | F1=1.491126e-01 | m1²=0.002410 | m2²=0.995194 | eps_w1=2.636124e+00 | eps_w2=3.520541e-02
[step   320250] t/d= 640.500 | task1=4.142251e-01 | task2=2.521233e-01 | F1=1.491335e-01 | m1²=0.002402 | m2²=0.995156 | eps_w1=2.636389e+00 | eps_w2=3.532113e-02
[step   320500] t/d= 641.000 | task1=4.142925e-01 | task2=2.521488e-01 | F1=1.492009e-01 | m1²=0.002466 | m2²=0.995172 | eps_w1=2.636806e+00 | eps_w2=3.534922e-02
[step   320750] t/d= 641.500 | task1=4.143594e-01 | task2=2.520983e-01 | F1=1.492678e-01 | m1²=0.002440 | m2²=0.995163 | eps_w1=2.638902e+00 | eps_w2=3.559912e-02
[step   321000] t/d= 642.000 | task1=4.144249e-01 | task2=2.520352e-01 | F1=1.493333e-01 | m1²=0.002430 | m2²=0.995185 | eps_w1=2.640277e+00 | eps_w2=3.570261e-02
[step   321250] t/d= 642.500 | task1=4.142448e-01 | task2=2.520095e-01 | F1=1.491532e-01 | m1²=0.002398 | m2²=0.995126 | eps_w1=2.637291e+00 | eps_w2=3.549094e-02
[step   321500] t/d= 643.000 | task1=4.143869e-01 | task2=2.519946e-01 | F1=1.492953e-01 | m1²=0.002393 | m2²=0.995115 | eps_w1=2.639437e+00 | eps_w2=3.575883e-02
[step   321750] t/d= 643.500 | task1=4.144635e-01 | task2=2.518998e-01 | F1=1.493719e-01 | m1²=0.002392 | m2²=0.995133 | eps_w1=2.640557e+00 | eps_w2=3.584414e-02
[step   322000] t/d= 644.000 | task1=4.144363e-01 | task2=2.518827e-01 | F1=1.493447e-01 | m1²=0.002423 | m2²=0.995149 | eps_w1=2.641649e+00 | eps_w2=3.594033e-02
[step   322250] t/d= 644.500 | task1=4.145395e-01 | task2=2.518498e-01 | F1=1.494478e-01 | m1²=0.002414 | m2²=0.995137 | eps_w1=2.644579e+00 | eps_w2=3.630002e-02
[step   322500] t/d= 645.000 | task1=4.145380e-01 | task2=2.518757e-01 | F1=1.494464e-01 | m1²=0.002414 | m2²=0.995144 | eps_w1=2.643756e+00 | eps_w2=3.618994e-02
[step   322750] t/d= 645.500 | task1=4.145248e-01 | task2=2.519004e-01 | F1=1.494332e-01 | m1²=0.002402 | m2²=0.995114 | eps_w1=2.645223e+00 | eps_w2=3.642333e-02
[step   323000] t/d= 646.000 | task1=4.145854e-01 | task2=2.519655e-01 | F1=1.494938e-01 | m1²=0.002397 | m2²=0.995061 | eps_w1=2.646017e+00 | eps_w2=3.663473e-02
[step   323250] t/d= 646.500 | task1=4.146057e-01 | task2=2.519866e-01 | F1=1.495141e-01 | m1²=0.002362 | m2²=0.995083 | eps_w1=2.645726e+00 | eps_w2=3.654115e-02
[step   323500] t/d= 647.000 | task1=4.146169e-01 | task2=2.519788e-01 | F1=1.495252e-01 | m1²=0.002352 | m2²=0.995101 | eps_w1=2.646104e+00 | eps_w2=3.654007e-02
[step   323750] t/d= 647.500 | task1=4.147141e-01 | task2=2.519664e-01 | F1=1.496225e-01 | m1²=0.002349 | m2²=0.995111 | eps_w1=2.648584e+00 | eps_w2=3.680092e-02
[step   324000] t/d= 648.000 | task1=4.148492e-01 | task2=2.519695e-01 | F1=1.497576e-01 | m1²=0.002316 | m2²=0.995128 | eps_w1=2.651648e+00 | eps_w2=3.710636e-02
[step   324250] t/d= 648.500 | task1=4.147817e-01 | task2=2.520322e-01 | F1=1.496901e-01 | m1²=0.002331 | m2²=0.995148 | eps_w1=2.650787e+00 | eps_w2=3.696510e-02
[step   324500] t/d= 649.000 | task1=4.149371e-01 | task2=2.519902e-01 | F1=1.498455e-01 | m1²=0.002329 | m2²=0.995150 | eps_w1=2.654222e+00 | eps_w2=3.735901e-02
[step   324750] t/d= 649.500 | task1=4.150278e-01 | task2=2.519381e-01 | F1=1.499361e-01 | m1²=0.002278 | m2²=0.995183 | eps_w1=2.655237e+00 | eps_w2=3.738698e-02
[step   325000] t/d= 650.000 | task1=4.149352e-01 | task2=2.518772e-01 | F1=1.498436e-01 | m1²=0.002308 | m2²=0.995206 | eps_w1=2.654068e+00 | eps_w2=3.720431e-02
[step   325250] t/d= 650.500 | task1=4.148415e-01 | task2=2.518303e-01 | F1=1.497499e-01 | m1²=0.002348 | m2²=0.995214 | eps_w1=2.651945e+00 | eps_w2=3.695044e-02
[step   325500] t/d= 651.000 | task1=4.148095e-01 | task2=2.518475e-01 | F1=1.497178e-01 | m1²=0.002309 | m2²=0.995219 | eps_w1=2.651862e+00 | eps_w2=3.691910e-02
[step   325750] t/d= 651.500 | task1=4.147513e-01 | task2=2.518708e-01 | F1=1.496597e-01 | m1²=0.002298 | m2²=0.995209 | eps_w1=2.652089e+00 | eps_w2=3.696503e-02
[step   326000] t/d= 652.000 | task1=4.147532e-01 | task2=2.519019e-01 | F1=1.496616e-01 | m1²=0.002306 | m2²=0.995260 | eps_w1=2.653194e+00 | eps_w2=3.697790e-02
[step   326250] t/d= 652.500 | task1=4.147716e-01 | task2=2.518541e-01 | F1=1.496799e-01 | m1²=0.002331 | m2²=0.995282 | eps_w1=2.652803e+00 | eps_w2=3.688924e-02
[step   326500] t/d= 653.000 | task1=4.146284e-01 | task2=2.518595e-01 | F1=1.495368e-01 | m1²=0.002366 | m2²=0.995292 | eps_w1=2.649821e+00 | eps_w2=3.652869e-02
[step   326750] t/d= 653.500 | task1=4.145711e-01 | task2=2.518887e-01 | F1=1.494795e-01 | m1²=0.002352 | m2²=0.995286 | eps_w1=2.648492e+00 | eps_w2=3.638704e-02
[step   327000] t/d= 654.000 | task1=4.144708e-01 | task2=2.519230e-01 | F1=1.493792e-01 | m1²=0.002345 | m2²=0.995238 | eps_w1=2.646489e+00 | eps_w2=3.626495e-02
[step   327250] t/d= 654.500 | task1=4.144932e-01 | task2=2.519242e-01 | F1=1.494016e-01 | m1²=0.002367 | m2²=0.995227 | eps_w1=2.646988e+00 | eps_w2=3.635472e-02
[step   327500] t/d= 655.000 | task1=4.144849e-01 | task2=2.519054e-01 | F1=1.493932e-01 | m1²=0.002399 | m2²=0.995276 | eps_w1=2.643982e+00 | eps_w2=3.590516e-02
[step   327750] t/d= 655.500 | task1=4.144591e-01 | task2=2.519256e-01 | F1=1.493675e-01 | m1²=0.002387 | m2²=0.995253 | eps_w1=2.644288e+00 | eps_w2=3.599036e-02
[step   328000] t/d= 656.000 | task1=4.145430e-01 | task2=2.519149e-01 | F1=1.494514e-01 | m1²=0.002374 | m2²=0.995169 | eps_w1=2.645979e+00 | eps_w2=3.637445e-02
[step   328250] t/d= 656.500 | task1=4.145407e-01 | task2=2.519292e-01 | F1=1.494491e-01 | m1²=0.002354 | m2²=0.995181 | eps_w1=2.646557e+00 | eps_w2=3.640668e-02
[step   328500] t/d= 657.000 | task1=4.146194e-01 | task2=2.519530e-01 | F1=1.495278e-01 | m1²=0.002382 | m2²=0.995134 | eps_w1=2.648456e+00 | eps_w2=3.674267e-02
[step   328750] t/d= 657.500 | task1=4.145959e-01 | task2=2.519822e-01 | F1=1.495043e-01 | m1²=0.002400 | m2²=0.995138 | eps_w1=2.649266e+00 | eps_w2=3.683237e-02
[step   329000] t/d= 658.000 | task1=4.146404e-01 | task2=2.519927e-01 | F1=1.495488e-01 | m1²=0.002373 | m2²=0.995146 | eps_w1=2.650417e+00 | eps_w2=3.693997e-02
[step   329250] t/d= 658.500 | task1=4.146529e-01 | task2=2.519895e-01 | F1=1.495613e-01 | m1²=0.002324 | m2²=0.995098 | eps_w1=2.651084e+00 | eps_w2=3.711233e-02
[step   329500] t/d= 659.000 | task1=4.148248e-01 | task2=2.519619e-01 | F1=1.497331e-01 | m1²=0.002330 | m2²=0.995105 | eps_w1=2.651544e+00 | eps_w2=3.715300e-02
[step   329750] t/d= 659.500 | task1=4.148494e-01 | task2=2.520139e-01 | F1=1.497577e-01 | m1²=0.002306 | m2²=0.995189 | eps_w1=2.652042e+00 | eps_w2=3.700753e-02
[step   330000] t/d= 660.000 | task1=4.149051e-01 | task2=2.520383e-01 | F1=1.498134e-01 | m1²=0.002318 | m2²=0.995166 | eps_w1=2.652435e+00 | eps_w2=3.710995e-02
[step   330250] t/d= 660.500 | task1=4.149356e-01 | task2=2.520247e-01 | F1=1.498439e-01 | m1²=0.002340 | m2²=0.995164 | eps_w1=2.652522e+00 | eps_w2=3.713318e-02
[step   330500] t/d= 661.000 | task1=4.149292e-01 | task2=2.520144e-01 | F1=1.498376e-01 | m1²=0.002319 | m2²=0.995159 | eps_w1=2.651242e+00 | eps_w2=3.698900e-02
[step   330750] t/d= 661.500 | task1=4.149532e-01 | task2=2.519781e-01 | F1=1.498615e-01 | m1²=0.002245 | m2²=0.995196 | eps_w1=2.650674e+00 | eps_w2=3.681515e-02
[step   331000] t/d= 662.000 | task1=4.149989e-01 | task2=2.519694e-01 | F1=1.499072e-01 | m1²=0.002242 | m2²=0.995257 | eps_w1=2.650929e+00 | eps_w2=3.670218e-02
[step   331250] t/d= 662.500 | task1=4.149635e-01 | task2=2.519994e-01 | F1=1.498718e-01 | m1²=0.002297 | m2²=0.995182 | eps_w1=2.649801e+00 | eps_w2=3.676096e-02
[step   331500] t/d= 663.000 | task1=4.149363e-01 | task2=2.520130e-01 | F1=1.498447e-01 | m1²=0.002334 | m2²=0.995186 | eps_w1=2.648903e+00 | eps_w2=3.665935e-02
[step   331750] t/d= 663.500 | task1=4.148670e-01 | task2=2.520034e-01 | F1=1.497753e-01 | m1²=0.002310 | m2²=0.995202 | eps_w1=2.647589e+00 | eps_w2=3.646401e-02
[step   332000] t/d= 664.000 | task1=4.149269e-01 | task2=2.519995e-01 | F1=1.498353e-01 | m1²=0.002338 | m2²=0.995192 | eps_w1=2.649077e+00 | eps_w2=3.666828e-02
[step   332250] t/d= 664.500 | task1=4.149238e-01 | task2=2.520335e-01 | F1=1.498321e-01 | m1²=0.002352 | m2²=0.995243 | eps_w1=2.648251e+00 | eps_w2=3.645861e-02
[step   332500] t/d= 665.000 | task1=4.148996e-01 | task2=2.520663e-01 | F1=1.498080e-01 | m1²=0.002334 | m2²=0.995298 | eps_w1=2.647775e+00 | eps_w2=3.627118e-02
[step   332750] t/d= 665.500 | task1=4.148192e-01 | task2=2.520258e-01 | F1=1.497276e-01 | m1²=0.002351 | m2²=0.995327 | eps_w1=2.646225e+00 | eps_w2=3.603007e-02
[step   333000] t/d= 666.000 | task1=4.147921e-01 | task2=2.520199e-01 | F1=1.497005e-01 | m1²=0.002316 | m2²=0.995323 | eps_w1=2.647122e+00 | eps_w2=3.613149e-02
[step   333250] t/d= 666.500 | task1=4.148737e-01 | task2=2.520573e-01 | F1=1.497821e-01 | m1²=0.002297 | m2²=0.995318 | eps_w1=2.647294e+00 | eps_w2=3.615772e-02
[step   333500] t/d= 667.000 | task1=4.149521e-01 | task2=2.520589e-01 | F1=1.498604e-01 | m1²=0.002300 | m2²=0.995314 | eps_w1=2.648694e+00 | eps_w2=3.632992e-02
[step   333750] t/d= 667.500 | task1=4.149848e-01 | task2=2.520647e-01 | F1=1.498931e-01 | m1²=0.002315 | m2²=0.995317 | eps_w1=2.649202e+00 | eps_w2=3.638610e-02
[step   334000] t/d= 668.000 | task1=4.149371e-01 | task2=2.520900e-01 | F1=1.498454e-01 | m1²=0.002292 | m2²=0.995332 | eps_w1=2.649630e+00 | eps_w2=3.639239e-02
[step   334250] t/d= 668.500 | task1=4.149516e-01 | task2=2.520811e-01 | F1=1.498599e-01 | m1²=0.002315 | m2²=0.995278 | eps_w1=2.650592e+00 | eps_w2=3.663742e-02
[step   334500] t/d= 669.000 | task1=4.150239e-01 | task2=2.520917e-01 | F1=1.499322e-01 | m1²=0.002284 | m2²=0.995300 | eps_w1=2.651270e+00 | eps_w2=3.665449e-02
[step   334750] t/d= 669.500 | task1=4.148642e-01 | task2=2.521346e-01 | F1=1.497725e-01 | m1²=0.002278 | m2²=0.995292 | eps_w1=2.649571e+00 | eps_w2=3.647422e-02
[step   335000] t/d= 670.000 | task1=4.148871e-01 | task2=2.520881e-01 | F1=1.497955e-01 | m1²=0.002295 | m2²=0.995282 | eps_w1=2.649461e+00 | eps_w2=3.649057e-02
[step   335250] t/d= 670.500 | task1=4.148060e-01 | task2=2.521205e-01 | F1=1.497143e-01 | m1²=0.002257 | m2²=0.995295 | eps_w1=2.646317e+00 | eps_w2=3.608576e-02
[step   335500] t/d= 671.000 | task1=4.147941e-01 | task2=2.521464e-01 | F1=1.497025e-01 | m1²=0.002270 | m2²=0.995282 | eps_w1=2.647344e+00 | eps_w2=3.623816e-02
[step   335750] t/d= 671.500 | task1=4.148244e-01 | task2=2.522134e-01 | F1=1.497328e-01 | m1²=0.002248 | m2²=0.995300 | eps_w1=2.646159e+00 | eps_w2=3.605345e-02
[step   336000] t/d= 672.000 | task1=4.146832e-01 | task2=2.522021e-01 | F1=1.495916e-01 | m1²=0.002233 | m2²=0.995318 | eps_w1=2.642588e+00 | eps_w2=3.560021e-02
[step   336250] t/d= 672.500 | task1=4.147644e-01 | task2=2.521568e-01 | F1=1.496728e-01 | m1²=0.002217 | m2²=0.995340 | eps_w1=2.644807e+00 | eps_w2=3.579671e-02
[step   336500] t/d= 673.000 | task1=4.147120e-01 | task2=2.521360e-01 | F1=1.496203e-01 | m1²=0.002217 | m2²=0.995374 | eps_w1=2.644255e+00 | eps_w2=3.565478e-02
[step   336750] t/d= 673.500 | task1=4.147023e-01 | task2=2.521230e-01 | F1=1.496106e-01 | m1²=0.002184 | m2²=0.995350 | eps_w1=2.643015e+00 | eps_w2=3.555955e-02
[step   337000] t/d= 674.000 | task1=4.146972e-01 | task2=2.521745e-01 | F1=1.496055e-01 | m1²=0.002167 | m2²=0.995362 | eps_w1=2.642936e+00 | eps_w2=3.551859e-02
[step   337250] t/d= 674.500 | task1=4.148114e-01 | task2=2.522584e-01 | F1=1.497198e-01 | m1²=0.002156 | m2²=0.995396 | eps_w1=2.643226e+00 | eps_w2=3.546945e-02
[step   337500] t/d= 675.000 | task1=4.147536e-01 | task2=2.523078e-01 | F1=1.496619e-01 | m1²=0.002133 | m2²=0.995391 | eps_w1=2.643985e+00 | eps_w2=3.556170e-02
[step   337750] t/d= 675.500 | task1=4.147698e-01 | task2=2.523454e-01 | F1=1.496782e-01 | m1²=0.002117 | m2²=0.995336 | eps_w1=2.643231e+00 | eps_w2=3.559649e-02
[step   338000] t/d= 676.000 | task1=4.147396e-01 | task2=2.523081e-01 | F1=1.496480e-01 | m1²=0.002129 | m2²=0.995315 | eps_w1=2.643916e+00 | eps_w2=3.572838e-02
[step   338250] t/d= 676.500 | task1=4.147863e-01 | task2=2.522899e-01 | F1=1.496946e-01 | m1²=0.002105 | m2²=0.995309 | eps_w1=2.645553e+00 | eps_w2=3.592292e-02
[step   338500] t/d= 677.000 | task1=4.147021e-01 | task2=2.522724e-01 | F1=1.496105e-01 | m1²=0.002156 | m2²=0.995302 | eps_w1=2.643646e+00 | eps_w2=3.573521e-02
[step   338750] t/d= 677.500 | task1=4.145292e-01 | task2=2.522827e-01 | F1=1.494376e-01 | m1²=0.002164 | m2²=0.995251 | eps_w1=2.639644e+00 | eps_w2=3.540019e-02
[step   339000] t/d= 678.000 | task1=4.145549e-01 | task2=2.522344e-01 | F1=1.494633e-01 | m1²=0.002161 | m2²=0.995240 | eps_w1=2.640100e+00 | eps_w2=3.547627e-02
[step   339250] t/d= 678.500 | task1=4.146190e-01 | task2=2.522542e-01 | F1=1.495273e-01 | m1²=0.002141 | m2²=0.995161 | eps_w1=2.642965e+00 | eps_w2=3.597924e-02
[step   339500] t/d= 679.000 | task1=4.145529e-01 | task2=2.522172e-01 | F1=1.494612e-01 | m1²=0.002147 | m2²=0.995175 | eps_w1=2.640606e+00 | eps_w2=3.567890e-02
[step   339750] t/d= 679.500 | task1=4.145333e-01 | task2=2.522009e-01 | F1=1.494417e-01 | m1²=0.002129 | m2²=0.995186 | eps_w1=2.638716e+00 | eps_w2=3.543417e-02
[step   340000] t/d= 680.000 | task1=4.144846e-01 | task2=2.522272e-01 | F1=1.493930e-01 | m1²=0.002138 | m2²=0.995160 | eps_w1=2.639605e+00 | eps_w2=3.559937e-02
[step   340250] t/d= 680.500 | task1=4.146147e-01 | task2=2.522616e-01 | F1=1.495230e-01 | m1²=0.002141 | m2²=0.995179 | eps_w1=2.641628e+00 | eps_w2=3.578551e-02
[step   340500] t/d= 681.000 | task1=4.145999e-01 | task2=2.522701e-01 | F1=1.495083e-01 | m1²=0.002145 | m2²=0.995199 | eps_w1=2.641023e+00 | eps_w2=3.567157e-02
[step   340750] t/d= 681.500 | task1=4.146828e-01 | task2=2.523017e-01 | F1=1.495912e-01 | m1²=0.002140 | m2²=0.995214 | eps_w1=2.641177e+00 | eps_w2=3.565207e-02
[step   341000] t/d= 682.000 | task1=4.146752e-01 | task2=2.522650e-01 | F1=1.495836e-01 | m1²=0.002119 | m2²=0.995261 | eps_w1=2.642031e+00 | eps_w2=3.563467e-02
[step   341250] t/d= 682.500 | task1=4.146489e-01 | task2=2.522660e-01 | F1=1.495573e-01 | m1²=0.002180 | m2²=0.995278 | eps_w1=2.641953e+00 | eps_w2=3.560465e-02
[step   341500] t/d= 683.000 | task1=4.145958e-01 | task2=2.521926e-01 | F1=1.495042e-01 | m1²=0.002157 | m2²=0.995270 | eps_w1=2.642171e+00 | eps_w2=3.564100e-02
[step   341750] t/d= 683.500 | task1=4.145939e-01 | task2=2.522088e-01 | F1=1.495023e-01 | m1²=0.002169 | m2²=0.995275 | eps_w1=2.641445e+00 | eps_w2=3.555123e-02
[step   342000] t/d= 684.000 | task1=4.145879e-01 | task2=2.522048e-01 | F1=1.494963e-01 | m1²=0.002169 | m2²=0.995264 | eps_w1=2.640899e+00 | eps_w2=3.551461e-02
[step   342250] t/d= 684.500 | task1=4.146362e-01 | task2=2.521913e-01 | F1=1.495446e-01 | m1²=0.002173 | m2²=0.995261 | eps_w1=2.642303e+00 | eps_w2=3.568112e-02
[step   342500] t/d= 685.000 | task1=4.146060e-01 | task2=2.521707e-01 | F1=1.495144e-01 | m1²=0.002186 | m2²=0.995278 | eps_w1=2.643239e+00 | eps_w2=3.575257e-02
[step   342750] t/d= 685.500 | task1=4.145504e-01 | task2=2.521317e-01 | F1=1.494587e-01 | m1²=0.002170 | m2²=0.995274 | eps_w1=2.642706e+00 | eps_w2=3.569555e-02
[step   343000] t/d= 686.000 | task1=4.145504e-01 | task2=2.520686e-01 | F1=1.494588e-01 | m1²=0.002190 | m2²=0.995299 | eps_w1=2.643376e+00 | eps_w2=3.571998e-02
[step   343250] t/d= 686.500 | task1=4.146318e-01 | task2=2.520366e-01 | F1=1.495402e-01 | m1²=0.002201 | m2²=0.995277 | eps_w1=2.645156e+00 | eps_w2=3.597895e-02
[step   343500] t/d= 687.000 | task1=4.145763e-01 | task2=2.520430e-01 | F1=1.494846e-01 | m1²=0.002194 | m2²=0.995274 | eps_w1=2.646355e+00 | eps_w2=3.612135e-02
[step   343750] t/d= 687.500 | task1=4.145028e-01 | task2=2.520764e-01 | F1=1.494112e-01 | m1²=0.002217 | m2²=0.995285 | eps_w1=2.644649e+00 | eps_w2=3.590698e-02
[step   344000] t/d= 688.000 | task1=4.145233e-01 | task2=2.520610e-01 | F1=1.494317e-01 | m1²=0.002226 | m2²=0.995234 | eps_w1=2.644594e+00 | eps_w2=3.602236e-02
[step   344250] t/d= 688.500 | task1=4.145786e-01 | task2=2.520608e-01 | F1=1.494870e-01 | m1²=0.002201 | m2²=0.995239 | eps_w1=2.645138e+00 | eps_w2=3.606385e-02
[step   344500] t/d= 689.000 | task1=4.147314e-01 | task2=2.520715e-01 | F1=1.496398e-01 | m1²=0.002178 | m2²=0.995216 | eps_w1=2.648342e+00 | eps_w2=3.647835e-02
[step   344750] t/d= 689.500 | task1=4.148870e-01 | task2=2.521186e-01 | F1=1.497954e-01 | m1²=0.002178 | m2²=0.995266 | eps_w1=2.650541e+00 | eps_w2=3.661703e-02
[step   345000] t/d= 690.000 | task1=4.148301e-01 | task2=2.521325e-01 | F1=1.497385e-01 | m1²=0.002179 | m2²=0.995239 | eps_w1=2.649418e+00 | eps_w2=3.655018e-02
[step   345250] t/d= 690.500 | task1=4.148791e-01 | task2=2.521637e-01 | F1=1.497875e-01 | m1²=0.002169 | m2²=0.995252 | eps_w1=2.651849e+00 | eps_w2=3.679828e-02
[step   345500] t/d= 691.000 | task1=4.148252e-01 | task2=2.521278e-01 | F1=1.497336e-01 | m1²=0.002151 | m2²=0.995216 | eps_w1=2.649206e+00 | eps_w2=3.657023e-02
[step   345750] t/d= 691.500 | task1=4.148177e-01 | task2=2.521147e-01 | F1=1.497261e-01 | m1²=0.002181 | m2²=0.995246 | eps_w1=2.649094e+00 | eps_w2=3.649833e-02
[step   346000] t/d= 692.000 | task1=4.148655e-01 | task2=2.521416e-01 | F1=1.497738e-01 | m1²=0.002224 | m2²=0.995256 | eps_w1=2.650857e+00 | eps_w2=3.669143e-02
[step   346250] t/d= 692.500 | task1=4.147639e-01 | task2=2.521871e-01 | F1=1.496723e-01 | m1²=0.002266 | m2²=0.995277 | eps_w1=2.649943e+00 | eps_w2=3.654936e-02
[step   346500] t/d= 693.000 | task1=4.148197e-01 | task2=2.521666e-01 | F1=1.497281e-01 | m1²=0.002285 | m2²=0.995344 | eps_w1=2.650488e+00 | eps_w2=3.646183e-02
[step   346750] t/d= 693.500 | task1=4.147651e-01 | task2=2.521413e-01 | F1=1.496735e-01 | m1²=0.002273 | m2²=0.995287 | eps_w1=2.649979e+00 | eps_w2=3.653208e-02
[step   347000] t/d= 694.000 | task1=4.147944e-01 | task2=2.521606e-01 | F1=1.497028e-01 | m1²=0.002269 | m2²=0.995270 | eps_w1=2.651088e+00 | eps_w2=3.669854e-02
[step   347250] t/d= 694.500 | task1=4.149136e-01 | task2=2.521435e-01 | F1=1.498220e-01 | m1²=0.002270 | m2²=0.995298 | eps_w1=2.654292e+00 | eps_w2=3.700488e-02
[step   347500] t/d= 695.000 | task1=4.149764e-01 | task2=2.521528e-01 | F1=1.498848e-01 | m1²=0.002249 | m2²=0.995332 | eps_w1=2.655356e+00 | eps_w2=3.704558e-02
[step   347750] t/d= 695.500 | task1=4.149714e-01 | task2=2.521399e-01 | F1=1.498798e-01 | m1²=0.002279 | m2²=0.995249 | eps_w1=2.655319e+00 | eps_w2=3.724113e-02
[step   348000] t/d= 696.000 | task1=4.149280e-01 | task2=2.521816e-01 | F1=1.498363e-01 | m1²=0.002309 | m2²=0.995188 | eps_w1=2.654612e+00 | eps_w2=3.731155e-02
[step   348250] t/d= 696.500 | task1=4.150003e-01 | task2=2.521659e-01 | F1=1.499086e-01 | m1²=0.002320 | m2²=0.995187 | eps_w1=2.656006e+00 | eps_w2=3.747922e-02
[step   348500] t/d= 697.000 | task1=4.148902e-01 | task2=2.522091e-01 | F1=1.497985e-01 | m1²=0.002269 | m2²=0.995224 | eps_w1=2.654172e+00 | eps_w2=3.716327e-02
[step   348750] t/d= 697.500 | task1=4.149389e-01 | task2=2.522434e-01 | F1=1.498473e-01 | m1²=0.002249 | m2²=0.995261 | eps_w1=2.654609e+00 | eps_w2=3.712171e-02
[step   349000] t/d= 698.000 | task1=4.149549e-01 | task2=2.522385e-01 | F1=1.498633e-01 | m1²=0.002214 | m2²=0.995253 | eps_w1=2.653922e+00 | eps_w2=3.705175e-02
[step   349250] t/d= 698.500 | task1=4.150703e-01 | task2=2.522518e-01 | F1=1.499787e-01 | m1²=0.002235 | m2²=0.995285 | eps_w1=2.656487e+00 | eps_w2=3.728207e-02
[step   349500] t/d= 699.000 | task1=4.149961e-01 | task2=2.522066e-01 | F1=1.499045e-01 | m1²=0.002184 | m2²=0.995313 | eps_w1=2.657560e+00 | eps_w2=3.732686e-02
[step   349750] t/d= 699.500 | task1=4.149778e-01 | task2=2.522601e-01 | F1=1.498862e-01 | m1²=0.002191 | m2²=0.995302 | eps_w1=2.658753e+00 | eps_w2=3.749401e-02
[step   350000] t/d= 700.000 | task1=4.149322e-01 | task2=2.522082e-01 | F1=1.498406e-01 | m1²=0.002210 | m2²=0.995296 | eps_w1=2.658814e+00 | eps_w2=3.752237e-02
[step   350250] t/d= 700.500 | task1=4.148893e-01 | task2=2.522242e-01 | F1=1.497977e-01 | m1²=0.002174 | m2²=0.995277 | eps_w1=2.657268e+00 | eps_w2=3.737418e-02
[step   350500] t/d= 701.000 | task1=4.151004e-01 | task2=2.522376e-01 | F1=1.500088e-01 | m1²=0.002155 | m2²=0.995327 | eps_w1=2.661932e+00 | eps_w2=3.779861e-02
[step   350750] t/d= 701.500 | task1=4.150575e-01 | task2=2.522953e-01 | F1=1.499659e-01 | m1²=0.002183 | m2²=0.995351 | eps_w1=2.660413e+00 | eps_w2=3.757287e-02
[step   351000] t/d= 702.000 | task1=4.149290e-01 | task2=2.522667e-01 | F1=1.498374e-01 | m1²=0.002188 | m2²=0.995364 | eps_w1=2.658637e+00 | eps_w2=3.733474e-02
[step   351250] t/d= 702.500 | task1=4.149360e-01 | task2=2.523427e-01 | F1=1.498444e-01 | m1²=0.002194 | m2²=0.995324 | eps_w1=2.657342e+00 | eps_w2=3.727878e-02
[step   351500] t/d= 703.000 | task1=4.149424e-01 | task2=2.523078e-01 | F1=1.498508e-01 | m1²=0.002192 | m2²=0.995269 | eps_w1=2.656684e+00 | eps_w2=3.732919e-02
[step   351750] t/d= 703.500 | task1=4.149720e-01 | task2=2.523185e-01 | F1=1.498804e-01 | m1²=0.002178 | m2²=0.995252 | eps_w1=2.657480e+00 | eps_w2=3.745822e-02
[step   352000] t/d= 704.000 | task1=4.149516e-01 | task2=2.523285e-01 | F1=1.498600e-01 | m1²=0.002191 | m2²=0.995309 | eps_w1=2.656478e+00 | eps_w2=3.721074e-02
[step   352250] t/d= 704.500 | task1=4.149941e-01 | task2=2.523075e-01 | F1=1.499025e-01 | m1²=0.002195 | m2²=0.995291 | eps_w1=2.657835e+00 | eps_w2=3.741322e-02
[step   352500] t/d= 705.000 | task1=4.150880e-01 | task2=2.523109e-01 | F1=1.499964e-01 | m1²=0.002216 | m2²=0.995262 | eps_w1=2.658769e+00 | eps_w2=3.759694e-02
[step   352750] t/d= 705.500 | task1=4.150453e-01 | task2=2.522952e-01 | F1=1.499536e-01 | m1²=0.002210 | m2²=0.995248 | eps_w1=2.656539e+00 | eps_w2=3.736597e-02
[step   353000] t/d= 706.000 | task1=4.149663e-01 | task2=2.523140e-01 | F1=1.498746e-01 | m1²=0.002192 | m2²=0.995202 | eps_w1=2.655720e+00 | eps_w2=3.737321e-02
[step   353250] t/d= 706.500 | task1=4.149003e-01 | task2=2.523506e-01 | F1=1.498087e-01 | m1²=0.002206 | m2²=0.995196 | eps_w1=2.654419e+00 | eps_w2=3.723950e-02
[step   353500] t/d= 707.000 | task1=4.149709e-01 | task2=2.523435e-01 | F1=1.498793e-01 | m1²=0.002184 | m2²=0.995225 | eps_w1=2.654899e+00 | eps_w2=3.722133e-02
[step   353750] t/d= 707.500 | task1=4.149452e-01 | task2=2.524103e-01 | F1=1.498536e-01 | m1²=0.002165 | m2²=0.995224 | eps_w1=2.654311e+00 | eps_w2=3.714794e-02
[step   354000] t/d= 708.000 | task1=4.149011e-01 | task2=2.523962e-01 | F1=1.498095e-01 | m1²=0.002182 | m2²=0.995178 | eps_w1=2.653313e+00 | eps_w2=3.714475e-02
[step   354250] t/d= 708.500 | task1=4.147949e-01 | task2=2.524391e-01 | F1=1.497033e-01 | m1²=0.002199 | m2²=0.995125 | eps_w1=2.651100e+00 | eps_w2=3.701566e-02
[step   354500] t/d= 709.000 | task1=4.147082e-01 | task2=2.524589e-01 | F1=1.496165e-01 | m1²=0.002208 | m2²=0.995132 | eps_w1=2.648852e+00 | eps_w2=3.674159e-02
[step   354750] t/d= 709.500 | task1=4.146135e-01 | task2=2.524640e-01 | F1=1.495218e-01 | m1²=0.002197 | m2²=0.995144 | eps_w1=2.647375e+00 | eps_w2=3.654104e-02
[step   355000] t/d= 710.000 | task1=4.145802e-01 | task2=2.524664e-01 | F1=1.494886e-01 | m1²=0.002187 | m2²=0.995131 | eps_w1=2.648445e+00 | eps_w2=3.669051e-02
[step   355250] t/d= 710.500 | task1=4.146365e-01 | task2=2.524651e-01 | F1=1.495449e-01 | m1²=0.002214 | m2²=0.995169 | eps_w1=2.651839e+00 | eps_w2=3.700398e-02
[step   355500] t/d= 711.000 | task1=4.146666e-01 | task2=2.524741e-01 | F1=1.495750e-01 | m1²=0.002270 | m2²=0.995167 | eps_w1=2.652898e+00 | eps_w2=3.714800e-02
[step   355750] t/d= 711.500 | task1=4.146081e-01 | task2=2.524765e-01 | F1=1.495165e-01 | m1²=0.002312 | m2²=0.995203 | eps_w1=2.651720e+00 | eps_w2=3.693926e-02
[step   356000] t/d= 712.000 | task1=4.146826e-01 | task2=2.524335e-01 | F1=1.495910e-01 | m1²=0.002268 | m2²=0.995187 | eps_w1=2.653798e+00 | eps_w2=3.720476e-02
[step   356250] t/d= 712.500 | task1=4.145730e-01 | task2=2.524287e-01 | F1=1.494814e-01 | m1²=0.002251 | m2²=0.995266 | eps_w1=2.651411e+00 | eps_w2=3.674074e-02
[step   356500] t/d= 713.000 | task1=4.145759e-01 | task2=2.524066e-01 | F1=1.494843e-01 | m1²=0.002262 | m2²=0.995287 | eps_w1=2.652529e+00 | eps_w2=3.682508e-02
[step   356750] t/d= 713.500 | task1=4.145672e-01 | task2=2.523999e-01 | F1=1.494755e-01 | m1²=0.002243 | m2²=0.995261 | eps_w1=2.653628e+00 | eps_w2=3.700624e-02
[step   357000] t/d= 714.000 | task1=4.147337e-01 | task2=2.524842e-01 | F1=1.496421e-01 | m1²=0.002223 | m2²=0.995232 | eps_w1=2.658196e+00 | eps_w2=3.760243e-02
[step   357250] t/d= 714.500 | task1=4.146187e-01 | task2=2.524935e-01 | F1=1.495270e-01 | m1²=0.002260 | m2²=0.995221 | eps_w1=2.655347e+00 | eps_w2=3.730412e-02
[step   357500] t/d= 715.000 | task1=4.146641e-01 | task2=2.524024e-01 | F1=1.495724e-01 | m1²=0.002278 | m2²=0.995197 | eps_w1=2.656352e+00 | eps_w2=3.748417e-02
[step   357750] t/d= 715.500 | task1=4.147034e-01 | task2=2.524234e-01 | F1=1.496118e-01 | m1²=0.002303 | m2²=0.995255 | eps_w1=2.655460e+00 | eps_w2=3.725243e-02
[step   358000] t/d= 716.000 | task1=4.147887e-01 | task2=2.524669e-01 | F1=1.496971e-01 | m1²=0.002290 | m2²=0.995218 | eps_w1=2.657773e+00 | eps_w2=3.760460e-02
[step   358250] t/d= 716.500 | task1=4.146994e-01 | task2=2.525071e-01 | F1=1.496077e-01 | m1²=0.002321 | m2²=0.995253 | eps_w1=2.655747e+00 | eps_w2=3.729585e-02
[step   358500] t/d= 717.000 | task1=4.147531e-01 | task2=2.524810e-01 | F1=1.496615e-01 | m1²=0.002358 | m2²=0.995244 | eps_w1=2.654976e+00 | eps_w2=3.723861e-02
[step   358750] t/d= 717.500 | task1=4.146992e-01 | task2=2.524460e-01 | F1=1.496075e-01 | m1²=0.002386 | m2²=0.995269 | eps_w1=2.653026e+00 | eps_w2=3.696078e-02
[step   359000] t/d= 718.000 | task1=4.146901e-01 | task2=2.524339e-01 | F1=1.495984e-01 | m1²=0.002377 | m2²=0.995274 | eps_w1=2.653308e+00 | eps_w2=3.697832e-02
[step   359250] t/d= 718.500 | task1=4.146766e-01 | task2=2.524133e-01 | F1=1.495849e-01 | m1²=0.002370 | m2²=0.995341 | eps_w1=2.653646e+00 | eps_w2=3.686085e-02
[step   359500] t/d= 719.000 | task1=4.147024e-01 | task2=2.524878e-01 | F1=1.496107e-01 | m1²=0.002332 | m2²=0.995337 | eps_w1=2.654785e+00 | eps_w2=3.699208e-02
[step   359750] t/d= 719.500 | task1=4.145801e-01 | task2=2.524623e-01 | F1=1.494885e-01 | m1²=0.002368 | m2²=0.995323 | eps_w1=2.651085e+00 | eps_w2=3.660517e-02
[step   360000] t/d= 720.000 | task1=4.145802e-01 | task2=2.524535e-01 | F1=1.494885e-01 | m1²=0.002362 | m2²=0.995326 | eps_w1=2.651370e+00 | eps_w2=3.662991e-02
[step   360250] t/d= 720.500 | task1=4.146495e-01 | task2=2.524854e-01 | F1=1.495579e-01 | m1²=0.002352 | m2²=0.995345 | eps_w1=2.655658e+00 | eps_w2=3.708068e-02
[step   360500] t/d= 721.000 | task1=4.147146e-01 | task2=2.525057e-01 | F1=1.496230e-01 | m1²=0.002341 | m2²=0.995385 | eps_w1=2.657021e+00 | eps_w2=3.714494e-02
[step   360750] t/d= 721.500 | task1=4.147419e-01 | task2=2.524992e-01 | F1=1.496503e-01 | m1²=0.002331 | m2²=0.995397 | eps_w1=2.656831e+00 | eps_w2=3.709070e-02
[step   361000] t/d= 722.000 | task1=4.147909e-01 | task2=2.525514e-01 | F1=1.496993e-01 | m1²=0.002358 | m2²=0.995386 | eps_w1=2.657912e+00 | eps_w2=3.725051e-02
[step   361250] t/d= 722.500 | task1=4.147406e-01 | task2=2.525083e-01 | F1=1.496490e-01 | m1²=0.002347 | m2²=0.995389 | eps_w1=2.657220e+00 | eps_w2=3.715922e-02
[step   361500] t/d= 723.000 | task1=4.148559e-01 | task2=2.525321e-01 | F1=1.497642e-01 | m1²=0.002340 | m2²=0.995392 | eps_w1=2.662449e+00 | eps_w2=3.776470e-02
[step   361750] t/d= 723.500 | task1=4.148430e-01 | task2=2.524855e-01 | F1=1.497514e-01 | m1²=0.002366 | m2²=0.995349 | eps_w1=2.663778e+00 | eps_w2=3.803193e-02
[step   362000] t/d= 724.000 | task1=4.148205e-01 | task2=2.524484e-01 | F1=1.497288e-01 | m1²=0.002368 | m2²=0.995365 | eps_w1=2.663234e+00 | eps_w2=3.792919e-02
[step   362250] t/d= 724.500 | task1=4.147738e-01 | task2=2.524813e-01 | F1=1.496821e-01 | m1²=0.002322 | m2²=0.995324 | eps_w1=2.662528e+00 | eps_w2=3.792874e-02
[step   362500] t/d= 725.000 | task1=4.148405e-01 | task2=2.524992e-01 | F1=1.497489e-01 | m1²=0.002306 | m2²=0.995379 | eps_w1=2.663906e+00 | eps_w2=3.795775e-02
[step   362750] t/d= 725.500 | task1=4.148168e-01 | task2=2.525079e-01 | F1=1.497252e-01 | m1²=0.002318 | m2²=0.995321 | eps_w1=2.666018e+00 | eps_w2=3.834785e-02
[step   363000] t/d= 726.000 | task1=4.147302e-01 | task2=2.525010e-01 | F1=1.496386e-01 | m1²=0.002354 | m2²=0.995302 | eps_w1=2.663486e+00 | eps_w2=3.810212e-02
[step   363250] t/d= 726.500 | task1=4.147607e-01 | task2=2.524734e-01 | F1=1.496690e-01 | m1²=0.002379 | m2²=0.995306 | eps_w1=2.664232e+00 | eps_w2=3.818956e-02
[step   363500] t/d= 727.000 | task1=4.148586e-01 | task2=2.524412e-01 | F1=1.497670e-01 | m1²=0.002358 | m2²=0.995289 | eps_w1=2.667085e+00 | eps_w2=3.856245e-02
[step   363750] t/d= 727.500 | task1=4.149581e-01 | task2=2.523969e-01 | F1=1.498664e-01 | m1²=0.002343 | m2²=0.995272 | eps_w1=2.667457e+00 | eps_w2=3.864057e-02
[step   364000] t/d= 728.000 | task1=4.150369e-01 | task2=2.523898e-01 | F1=1.499452e-01 | m1²=0.002336 | m2²=0.995281 | eps_w1=2.669192e+00 | eps_w2=3.882582e-02
[step   364250] t/d= 728.500 | task1=4.150493e-01 | task2=2.523872e-01 | F1=1.499577e-01 | m1²=0.002366 | m2²=0.995309 | eps_w1=2.669343e+00 | eps_w2=3.878611e-02
[step   364500] t/d= 729.000 | task1=4.149687e-01 | task2=2.523976e-01 | F1=1.498771e-01 | m1²=0.002364 | m2²=0.995255 | eps_w1=2.667781e+00 | eps_w2=3.872449e-02
[step   364750] t/d= 729.500 | task1=4.148740e-01 | task2=2.523785e-01 | F1=1.497824e-01 | m1²=0.002358 | m2²=0.995296 | eps_w1=2.664879e+00 | eps_w2=3.828262e-02
[step   365000] t/d= 730.000 | task1=4.148556e-01 | task2=2.523816e-01 | F1=1.497639e-01 | m1²=0.002346 | m2²=0.995210 | eps_w1=2.665115e+00 | eps_w2=3.850711e-02
[step   365250] t/d= 730.500 | task1=4.148362e-01 | task2=2.523868e-01 | F1=1.497446e-01 | m1²=0.002316 | m2²=0.995190 | eps_w1=2.666587e+00 | eps_w2=3.872108e-02
[step   365500] t/d= 731.000 | task1=4.148097e-01 | task2=2.524288e-01 | F1=1.497181e-01 | m1²=0.002312 | m2²=0.995205 | eps_w1=2.664649e+00 | eps_w2=3.845229e-02
[step   365750] t/d= 731.500 | task1=4.148110e-01 | task2=2.524361e-01 | F1=1.497194e-01 | m1²=0.002261 | m2²=0.995209 | eps_w1=2.663757e+00 | eps_w2=3.832193e-02
[step   366000] t/d= 732.000 | task1=4.147577e-01 | task2=2.524772e-01 | F1=1.496661e-01 | m1²=0.002242 | m2²=0.995150 | eps_w1=2.661328e+00 | eps_w2=3.816573e-02
[step   366250] t/d= 732.500 | task1=4.147174e-01 | task2=2.524951e-01 | F1=1.496257e-01 | m1²=0.002228 | m2²=0.995146 | eps_w1=2.660884e+00 | eps_w2=3.811869e-02
[step   366500] t/d= 733.000 | task1=4.147473e-01 | task2=2.524970e-01 | F1=1.496557e-01 | m1²=0.002231 | m2²=0.995185 | eps_w1=2.660995e+00 | eps_w2=3.804292e-02
[step   366750] t/d= 733.500 | task1=4.146869e-01 | task2=2.525096e-01 | F1=1.495953e-01 | m1²=0.002267 | m2²=0.995186 | eps_w1=2.660214e+00 | eps_w2=3.795977e-02
[step   367000] t/d= 734.000 | task1=4.147628e-01 | task2=2.524942e-01 | F1=1.496712e-01 | m1²=0.002260 | m2²=0.995187 | eps_w1=2.661980e+00 | eps_w2=3.816329e-02
[step   367250] t/d= 734.500 | task1=4.147578e-01 | task2=2.525284e-01 | F1=1.496661e-01 | m1²=0.002268 | m2²=0.995206 | eps_w1=2.662111e+00 | eps_w2=3.813730e-02
[step   367500] t/d= 735.000 | task1=4.147346e-01 | task2=2.525514e-01 | F1=1.496430e-01 | m1²=0.002264 | m2²=0.995211 | eps_w1=2.661047e+00 | eps_w2=3.799908e-02
[step   367750] t/d= 735.500 | task1=4.147910e-01 | task2=2.525052e-01 | F1=1.496994e-01 | m1²=0.002256 | m2²=0.995170 | eps_w1=2.662039e+00 | eps_w2=3.820718e-02
[step   368000] t/d= 736.000 | task1=4.148359e-01 | task2=2.525048e-01 | F1=1.497443e-01 | m1²=0.002253 | m2²=0.995142 | eps_w1=2.663515e+00 | eps_w2=3.844822e-02
[step   368250] t/d= 736.500 | task1=4.149174e-01 | task2=2.524644e-01 | F1=1.498258e-01 | m1²=0.002289 | m2²=0.995128 | eps_w1=2.665239e+00 | eps_w2=3.869477e-02
[step   368500] t/d= 737.000 | task1=4.149730e-01 | task2=2.525262e-01 | F1=1.498814e-01 | m1²=0.002331 | m2²=0.995121 | eps_w1=2.664903e+00 | eps_w2=3.868534e-02
[step   368750] t/d= 737.500 | task1=4.148926e-01 | task2=2.525222e-01 | F1=1.498010e-01 | m1²=0.002383 | m2²=0.995125 | eps_w1=2.662575e+00 | eps_w2=3.841665e-02
[step   369000] t/d= 738.000 | task1=4.148851e-01 | task2=2.525251e-01 | F1=1.497935e-01 | m1²=0.002377 | m2²=0.995092 | eps_w1=2.662422e+00 | eps_w2=3.847115e-02
[step   369250] t/d= 738.500 | task1=4.149004e-01 | task2=2.525035e-01 | F1=1.498088e-01 | m1²=0.002333 | m2²=0.995099 | eps_w1=2.663140e+00 | eps_w2=3.852658e-02
[step   369500] t/d= 739.000 | task1=4.148346e-01 | task2=2.525288e-01 | F1=1.497430e-01 | m1²=0.002312 | m2²=0.995098 | eps_w1=2.663391e+00 | eps_w2=3.855228e-02
[step   369750] t/d= 739.500 | task1=4.146559e-01 | task2=2.525699e-01 | F1=1.495642e-01 | m1²=0.002337 | m2²=0.995166 | eps_w1=2.660589e+00 | eps_w2=3.807011e-02
[step   370000] t/d= 740.000 | task1=4.146048e-01 | task2=2.525883e-01 | F1=1.495132e-01 | m1²=0.002318 | m2²=0.995216 | eps_w1=2.659375e+00 | eps_w2=3.780710e-02
[step   370250] t/d= 740.500 | task1=4.146591e-01 | task2=2.525458e-01 | F1=1.495675e-01 | m1²=0.002325 | m2²=0.995209 | eps_w1=2.660542e+00 | eps_w2=3.796165e-02
[step   370500] t/d= 741.000 | task1=4.146812e-01 | task2=2.525478e-01 | F1=1.495895e-01 | m1²=0.002329 | m2²=0.995219 | eps_w1=2.661336e+00 | eps_w2=3.803393e-02
[step   370750] t/d= 741.500 | task1=4.147433e-01 | task2=2.524836e-01 | F1=1.496517e-01 | m1²=0.002339 | m2²=0.995261 | eps_w1=2.663964e+00 | eps_w2=3.824963e-02
[step   371000] t/d= 742.000 | task1=4.146823e-01 | task2=2.524583e-01 | F1=1.495907e-01 | m1²=0.002329 | m2²=0.995240 | eps_w1=2.662274e+00 | eps_w2=3.809646e-02
[step   371250] t/d= 742.500 | task1=4.147343e-01 | task2=2.525119e-01 | F1=1.496427e-01 | m1²=0.002338 | m2²=0.995270 | eps_w1=2.662898e+00 | eps_w2=3.810309e-02
[step   371500] t/d= 743.000 | task1=4.149173e-01 | task2=2.524839e-01 | F1=1.498257e-01 | m1²=0.002295 | m2²=0.995325 | eps_w1=2.667376e+00 | eps_w2=3.849266e-02
[step   371750] t/d= 743.500 | task1=4.149500e-01 | task2=2.524535e-01 | F1=1.498583e-01 | m1²=0.002246 | m2²=0.995323 | eps_w1=2.666644e+00 | eps_w2=3.839534e-02
[step   372000] t/d= 744.000 | task1=4.149154e-01 | task2=2.524418e-01 | F1=1.498238e-01 | m1²=0.002227 | m2²=0.995236 | eps_w1=2.666776e+00 | eps_w2=3.860827e-02
[step   372250] t/d= 744.500 | task1=4.148640e-01 | task2=2.523811e-01 | F1=1.497723e-01 | m1²=0.002229 | m2²=0.995325 | eps_w1=2.664784e+00 | eps_w2=3.816520e-02
[step   372500] t/d= 745.000 | task1=4.149021e-01 | task2=2.523920e-01 | F1=1.498104e-01 | m1²=0.002246 | m2²=0.995415 | eps_w1=2.666440e+00 | eps_w2=3.815702e-02
[step   372750] t/d= 745.500 | task1=4.149601e-01 | task2=2.524293e-01 | F1=1.498685e-01 | m1²=0.002207 | m2²=0.995467 | eps_w1=2.666371e+00 | eps_w2=3.801394e-02
[step   373000] t/d= 746.000 | task1=4.149290e-01 | task2=2.524738e-01 | F1=1.498374e-01 | m1²=0.002221 | m2²=0.995485 | eps_w1=2.666450e+00 | eps_w2=3.798726e-02
[step   373250] t/d= 746.500 | task1=4.149859e-01 | task2=2.525169e-01 | F1=1.498943e-01 | m1²=0.002225 | m2²=0.995520 | eps_w1=2.668648e+00 | eps_w2=3.816796e-02
[step   373500] t/d= 747.000 | task1=4.149398e-01 | task2=2.525042e-01 | F1=1.498481e-01 | m1²=0.002220 | m2²=0.995503 | eps_w1=2.666940e+00 | eps_w2=3.800162e-02
[step   373750] t/d= 747.500 | task1=4.148873e-01 | task2=2.524899e-01 | F1=1.497957e-01 | m1²=0.002187 | m2²=0.995422 | eps_w1=2.666414e+00 | eps_w2=3.811954e-02
[step   374000] t/d= 748.000 | task1=4.148539e-01 | task2=2.525024e-01 | F1=1.497622e-01 | m1²=0.002189 | m2²=0.995429 | eps_w1=2.667488e+00 | eps_w2=3.823019e-02
[step   374250] t/d= 748.500 | task1=4.148673e-01 | task2=2.524080e-01 | F1=1.497756e-01 | m1²=0.002155 | m2²=0.995463 | eps_w1=2.667794e+00 | eps_w2=3.817794e-02
[step   374500] t/d= 749.000 | task1=4.148831e-01 | task2=2.524084e-01 | F1=1.497915e-01 | m1²=0.002162 | m2²=0.995408 | eps_w1=2.668127e+00 | eps_w2=3.834856e-02
[step   374750] t/d= 749.500 | task1=4.149083e-01 | task2=2.523548e-01 | F1=1.498166e-01 | m1²=0.002178 | m2²=0.995406 | eps_w1=2.669085e+00 | eps_w2=3.847071e-02
[step   375000] t/d= 750.000 | task1=4.149206e-01 | task2=2.523593e-01 | F1=1.498289e-01 | m1²=0.002218 | m2²=0.995435 | eps_w1=2.669422e+00 | eps_w2=3.845754e-02
[step   375250] t/d= 750.500 | task1=4.149816e-01 | task2=2.523857e-01 | F1=1.498900e-01 | m1²=0.002186 | m2²=0.995448 | eps_w1=2.672033e+00 | eps_w2=3.872887e-02
[step   375500] t/d= 751.000 | task1=4.150117e-01 | task2=2.523696e-01 | F1=1.499201e-01 | m1²=0.002209 | m2²=0.995465 | eps_w1=2.673910e+00 | eps_w2=3.892274e-02
[step   375750] t/d= 751.500 | task1=4.150474e-01 | task2=2.523603e-01 | F1=1.499558e-01 | m1²=0.002210 | m2²=0.995482 | eps_w1=2.675833e+00 | eps_w2=3.911438e-02
[step   376000] t/d= 752.000 | task1=4.150169e-01 | task2=2.523905e-01 | F1=1.499252e-01 | m1²=0.002202 | m2²=0.995498 | eps_w1=2.675425e+00 | eps_w2=3.902535e-02
[step   376250] t/d= 752.500 | task1=4.149434e-01 | task2=2.523748e-01 | F1=1.498518e-01 | m1²=0.002202 | m2²=0.995494 | eps_w1=2.674664e+00 | eps_w2=3.894334e-02
[step   376500] t/d= 753.000 | task1=4.149068e-01 | task2=2.523698e-01 | F1=1.498152e-01 | m1²=0.002206 | m2²=0.995416 | eps_w1=2.674656e+00 | eps_w2=3.912585e-02
[step   376750] t/d= 753.500 | task1=4.148620e-01 | task2=2.524055e-01 | F1=1.497703e-01 | m1²=0.002209 | m2²=0.995353 | eps_w1=2.672962e+00 | eps_w2=3.907066e-02
[step   377000] t/d= 754.000 | task1=4.149244e-01 | task2=2.524511e-01 | F1=1.498327e-01 | m1²=0.002202 | m2²=0.995345 | eps_w1=2.673108e+00 | eps_w2=3.910457e-02
[step   377250] t/d= 754.500 | task1=4.149953e-01 | task2=2.524892e-01 | F1=1.499037e-01 | m1²=0.002190 | m2²=0.995326 | eps_w1=2.676566e+00 | eps_w2=3.956163e-02
[step   377500] t/d= 755.000 | task1=4.149998e-01 | task2=2.525185e-01 | F1=1.499081e-01 | m1²=0.002169 | m2²=0.995288 | eps_w1=2.675695e+00 | eps_w2=3.953750e-02
[step   377750] t/d= 755.500 | task1=4.150744e-01 | task2=2.525032e-01 | F1=1.499827e-01 | m1²=0.002137 | m2²=0.995273 | eps_w1=2.678475e+00 | eps_w2=3.990140e-02
[step   378000] t/d= 756.000 | task1=4.151070e-01 | task2=2.525240e-01 | F1=1.500154e-01 | m1²=0.002145 | m2²=0.995236 | eps_w1=2.677729e+00 | eps_w2=3.989964e-02
[step   378250] t/d= 756.500 | task1=4.150824e-01 | task2=2.524664e-01 | F1=1.499908e-01 | m1²=0.002143 | m2²=0.995193 | eps_w1=2.676882e+00 | eps_w2=3.989600e-02
[step   378500] t/d= 757.000 | task1=4.150972e-01 | task2=2.524811e-01 | F1=1.500056e-01 | m1²=0.002120 | m2²=0.995165 | eps_w1=2.678900e+00 | eps_w2=4.019942e-02
[step   378750] t/d= 757.500 | task1=4.149897e-01 | task2=2.524991e-01 | F1=1.498981e-01 | m1²=0.002121 | m2²=0.995151 | eps_w1=2.677319e+00 | eps_w2=4.004106e-02
[step   379000] t/d= 758.000 | task1=4.149991e-01 | task2=2.525181e-01 | F1=1.499074e-01 | m1²=0.002162 | m2²=0.995198 | eps_w1=2.675223e+00 | eps_w2=3.969002e-02
[step   379250] t/d= 758.500 | task1=4.150911e-01 | task2=2.525788e-01 | F1=1.499995e-01 | m1²=0.002166 | m2²=0.995152 | eps_w1=2.675621e+00 | eps_w2=3.984628e-02
[step   379500] t/d= 759.000 | task1=4.151144e-01 | task2=2.525825e-01 | F1=1.500227e-01 | m1²=0.002126 | m2²=0.995175 | eps_w1=2.676125e+00 | eps_w2=3.984062e-02
[step   379750] t/d= 759.500 | task1=4.151133e-01 | task2=2.525564e-01 | F1=1.500217e-01 | m1²=0.002166 | m2²=0.995182 | eps_w1=2.677584e+00 | eps_w2=4.001432e-02
[step   380000] t/d= 760.000 | task1=4.151250e-01 | task2=2.525438e-01 | F1=1.500334e-01 | m1²=0.002128 | m2²=0.995139 | eps_w1=2.679253e+00 | eps_w2=4.030692e-02
[step   380250] t/d= 760.500 | task1=4.151659e-01 | task2=2.525326e-01 | F1=1.500743e-01 | m1²=0.002115 | m2²=0.995144 | eps_w1=2.679376e+00 | eps_w2=4.030458e-02
[step   380500] t/d= 761.000 | task1=4.151410e-01 | task2=2.526382e-01 | F1=1.500494e-01 | m1²=0.002139 | m2²=0.995095 | eps_w1=2.678971e+00 | eps_w2=4.037892e-02
[step   380750] t/d= 761.500 | task1=4.150393e-01 | task2=2.526053e-01 | F1=1.499477e-01 | m1²=0.002140 | m2²=0.995090 | eps_w1=2.677139e+00 | eps_w2=4.016732e-02
[step   381000] t/d= 762.000 | task1=4.150866e-01 | task2=2.526371e-01 | F1=1.499949e-01 | m1²=0.002147 | m2²=0.995072 | eps_w1=2.678951e+00 | eps_w2=4.043119e-02
[step   381250] t/d= 762.500 | task1=4.152037e-01 | task2=2.527535e-01 | F1=1.501120e-01 | m1²=0.002150 | m2²=0.995088 | eps_w1=2.682070e+00 | eps_w2=4.077554e-02
[step   381500] t/d= 763.000 | task1=4.151355e-01 | task2=2.527833e-01 | F1=1.500439e-01 | m1²=0.002169 | m2²=0.995053 | eps_w1=2.678913e+00 | eps_w2=4.047896e-02
[step   381750] t/d= 763.500 | task1=4.150757e-01 | task2=2.527556e-01 | F1=1.499840e-01 | m1²=0.002191 | m2²=0.995102 | eps_w1=2.677769e+00 | eps_w2=4.023093e-02
[step   382000] t/d= 764.000 | task1=4.150142e-01 | task2=2.527115e-01 | F1=1.499226e-01 | m1²=0.002191 | m2²=0.995163 | eps_w1=2.675356e+00 | eps_w2=3.979663e-02
[step   382250] t/d= 764.500 | task1=4.150558e-01 | task2=2.527530e-01 | F1=1.499641e-01 | m1²=0.002182 | m2²=0.995111 | eps_w1=2.674509e+00 | eps_w2=3.981268e-02
[step   382500] t/d= 765.000 | task1=4.149626e-01 | task2=2.526800e-01 | F1=1.498709e-01 | m1²=0.002197 | m2²=0.995187 | eps_w1=2.671283e+00 | eps_w2=3.925118e-02
[step   382750] t/d= 765.500 | task1=4.149004e-01 | task2=2.526872e-01 | F1=1.498088e-01 | m1²=0.002252 | m2²=0.995202 | eps_w1=2.669518e+00 | eps_w2=3.902128e-02
[step   383000] t/d= 766.000 | task1=4.149790e-01 | task2=2.526413e-01 | F1=1.498873e-01 | m1²=0.002260 | m2²=0.995240 | eps_w1=2.670903e+00 | eps_w2=3.910213e-02
[step   383250] t/d= 766.500 | task1=4.149975e-01 | task2=2.526296e-01 | F1=1.499059e-01 | m1²=0.002268 | m2²=0.995308 | eps_w1=2.670424e+00 | eps_w2=3.888753e-02
[step   383500] t/d= 767.000 | task1=4.149603e-01 | task2=2.525844e-01 | F1=1.498686e-01 | m1²=0.002272 | m2²=0.995335 | eps_w1=2.667479e+00 | eps_w2=3.847511e-02
[step   383750] t/d= 767.500 | task1=4.148024e-01 | task2=2.525801e-01 | F1=1.497108e-01 | m1²=0.002277 | m2²=0.995338 | eps_w1=2.664104e+00 | eps_w2=3.806769e-02
[step   384000] t/d= 768.000 | task1=4.147767e-01 | task2=2.525915e-01 | F1=1.496850e-01 | m1²=0.002268 | m2²=0.995306 | eps_w1=2.663737e+00 | eps_w2=3.809577e-02
[step   384250] t/d= 768.500 | task1=4.147520e-01 | task2=2.526756e-01 | F1=1.496604e-01 | m1²=0.002301 | m2²=0.995313 | eps_w1=2.664480e+00 | eps_w2=3.817753e-02
[step   384500] t/d= 769.000 | task1=4.146473e-01 | task2=2.526773e-01 | F1=1.495557e-01 | m1²=0.002323 | m2²=0.995329 | eps_w1=2.661385e+00 | eps_w2=3.778142e-02
[step   384750] t/d= 769.500 | task1=4.147789e-01 | task2=2.526585e-01 | F1=1.496873e-01 | m1²=0.002376 | m2²=0.995323 | eps_w1=2.665469e+00 | eps_w2=3.829478e-02
[step   385000] t/d= 770.000 | task1=4.147993e-01 | task2=2.527003e-01 | F1=1.497077e-01 | m1²=0.002347 | m2²=0.995389 | eps_w1=2.665637e+00 | eps_w2=3.815196e-02
[step   385250] t/d= 770.500 | task1=4.148774e-01 | task2=2.527210e-01 | F1=1.497858e-01 | m1²=0.002328 | m2²=0.995397 | eps_w1=2.668711e+00 | eps_w2=3.849521e-02
[step   385500] t/d= 771.000 | task1=4.148786e-01 | task2=2.526306e-01 | F1=1.497870e-01 | m1²=0.002298 | m2²=0.995426 | eps_w1=2.666893e+00 | eps_w2=3.820131e-02
[step   385750] t/d= 771.500 | task1=4.150101e-01 | task2=2.526594e-01 | F1=1.499185e-01 | m1²=0.002272 | m2²=0.995402 | eps_w1=2.670422e+00 | eps_w2=3.866898e-02
[step   386000] t/d= 772.000 | task1=4.149832e-01 | task2=2.526130e-01 | F1=1.498915e-01 | m1²=0.002261 | m2²=0.995458 | eps_w1=2.669347e+00 | eps_w2=3.840810e-02
[step   386250] t/d= 772.500 | task1=4.150337e-01 | task2=2.526275e-01 | F1=1.499421e-01 | m1²=0.002269 | m2²=0.995466 | eps_w1=2.669237e+00 | eps_w2=3.837746e-02
[step   386500] t/d= 773.000 | task1=4.150749e-01 | task2=2.526371e-01 | F1=1.499833e-01 | m1²=0.002235 | m2²=0.995478 | eps_w1=2.669100e+00 | eps_w2=3.832328e-02
[step   386750] t/d= 773.500 | task1=4.150408e-01 | task2=2.526646e-01 | F1=1.499491e-01 | m1²=0.002226 | m2²=0.995480 | eps_w1=2.667683e+00 | eps_w2=3.814741e-02
[step   387000] t/d= 774.000 | task1=4.150321e-01 | task2=2.526537e-01 | F1=1.499405e-01 | m1²=0.002241 | m2²=0.995490 | eps_w1=2.667752e+00 | eps_w2=3.813502e-02
[step   387250] t/d= 774.500 | task1=4.149990e-01 | task2=2.526099e-01 | F1=1.499073e-01 | m1²=0.002246 | m2²=0.995479 | eps_w1=2.665715e+00 | eps_w2=3.792009e-02
[step   387500] t/d= 775.000 | task1=4.150568e-01 | task2=2.525490e-01 | F1=1.499652e-01 | m1²=0.002204 | m2²=0.995493 | eps_w1=2.665422e+00 | eps_w2=3.784182e-02
[step   387750] t/d= 775.500 | task1=4.150029e-01 | task2=2.525119e-01 | F1=1.499113e-01 | m1²=0.002202 | m2²=0.995460 | eps_w1=2.663859e+00 | eps_w2=3.773188e-02
[step   388000] t/d= 776.000 | task1=4.150044e-01 | task2=2.525446e-01 | F1=1.499128e-01 | m1²=0.002209 | m2²=0.995429 | eps_w1=2.663241e+00 | eps_w2=3.773205e-02
[step   388250] t/d= 776.500 | task1=4.150207e-01 | task2=2.526177e-01 | F1=1.499291e-01 | m1²=0.002191 | m2²=0.995401 | eps_w1=2.663511e+00 | eps_w2=3.782503e-02
[step   388500] t/d= 777.000 | task1=4.150195e-01 | task2=2.525822e-01 | F1=1.499279e-01 | m1²=0.002190 | m2²=0.995375 | eps_w1=2.664973e+00 | eps_w2=3.805775e-02
[step   388750] t/d= 777.500 | task1=4.150028e-01 | task2=2.526026e-01 | F1=1.499112e-01 | m1²=0.002191 | m2²=0.995329 | eps_w1=2.663664e+00 | eps_w2=3.800965e-02
[step   389000] t/d= 778.000 | task1=4.150417e-01 | task2=2.525915e-01 | F1=1.499501e-01 | m1²=0.002167 | m2²=0.995350 | eps_w1=2.663838e+00 | eps_w2=3.797446e-02
[step   389250] t/d= 778.500 | task1=4.150836e-01 | task2=2.525713e-01 | F1=1.499919e-01 | m1²=0.002153 | m2²=0.995309 | eps_w1=2.664518e+00 | eps_w2=3.814773e-02
[step   389500] t/d= 779.000 | task1=4.150172e-01 | task2=2.526268e-01 | F1=1.499256e-01 | m1²=0.002155 | m2²=0.995304 | eps_w1=2.662378e+00 | eps_w2=3.790591e-02
[step   389750] t/d= 779.500 | task1=4.150265e-01 | task2=2.525642e-01 | F1=1.499348e-01 | m1²=0.002166 | m2²=0.995313 | eps_w1=2.663928e+00 | eps_w2=3.807082e-02
[step   390000] t/d= 780.000 | task1=4.150094e-01 | task2=2.525602e-01 | F1=1.499178e-01 | m1²=0.002156 | m2²=0.995256 | eps_w1=2.663777e+00 | eps_w2=3.818284e-02
[step   390250] t/d= 780.500 | task1=4.150043e-01 | task2=2.525445e-01 | F1=1.499127e-01 | m1²=0.002160 | m2²=0.995264 | eps_w1=2.663798e+00 | eps_w2=3.816923e-02
[step   390500] t/d= 781.000 | task1=4.149478e-01 | task2=2.525696e-01 | F1=1.498561e-01 | m1²=0.002161 | m2²=0.995249 | eps_w1=2.661928e+00 | eps_w2=3.798281e-02
[step   390750] t/d= 781.500 | task1=4.151055e-01 | task2=2.525755e-01 | F1=1.500139e-01 | m1²=0.002160 | m2²=0.995255 | eps_w1=2.663800e+00 | eps_w2=3.818940e-02
[step   391000] t/d= 782.000 | task1=4.151293e-01 | task2=2.525374e-01 | F1=1.500376e-01 | m1²=0.002186 | m2²=0.995274 | eps_w1=2.663884e+00 | eps_w2=3.816339e-02
[step   391250] t/d= 782.500 | task1=4.150894e-01 | task2=2.525737e-01 | F1=1.499978e-01 | m1²=0.002231 | m2²=0.995237 | eps_w1=2.663003e+00 | eps_w2=3.815859e-02
[step   391500] t/d= 783.000 | task1=4.152628e-01 | task2=2.525676e-01 | F1=1.501711e-01 | m1²=0.002235 | m2²=0.995182 | eps_w1=2.666183e+00 | eps_w2=3.866672e-02
[step   391750] t/d= 783.500 | task1=4.152369e-01 | task2=2.525840e-01 | F1=1.501453e-01 | m1²=0.002237 | m2²=0.995208 | eps_w1=2.665453e+00 | eps_w2=3.851993e-02
[step   392000] t/d= 784.000 | task1=4.152767e-01 | task2=2.525741e-01 | F1=1.501851e-01 | m1²=0.002238 | m2²=0.995211 | eps_w1=2.663767e+00 | eps_w2=3.831236e-02
[step   392250] t/d= 784.500 | task1=4.152065e-01 | task2=2.525711e-01 | F1=1.501149e-01 | m1²=0.002228 | m2²=0.995259 | eps_w1=2.661151e+00 | eps_w2=3.788865e-02
[step   392500] t/d= 785.000 | task1=4.153424e-01 | task2=2.526492e-01 | F1=1.502508e-01 | m1²=0.002195 | m2²=0.995281 | eps_w1=2.663080e+00 | eps_w2=3.805524e-02
[step   392750] t/d= 785.500 | task1=4.152708e-01 | task2=2.526377e-01 | F1=1.501792e-01 | m1²=0.002212 | m2²=0.995302 | eps_w1=2.660577e+00 | eps_w2=3.771576e-02
[step   393000] t/d= 786.000 | task1=4.151641e-01 | task2=2.526213e-01 | F1=1.500725e-01 | m1²=0.002236 | m2²=0.995289 | eps_w1=2.658750e+00 | eps_w2=3.753695e-02
[step   393250] t/d= 786.500 | task1=4.152623e-01 | task2=2.526332e-01 | F1=1.501707e-01 | m1²=0.002230 | m2²=0.995263 | eps_w1=2.660600e+00 | eps_w2=3.781420e-02
[step   393500] t/d= 787.000 | task1=4.152393e-01 | task2=2.525500e-01 | F1=1.501476e-01 | m1²=0.002188 | m2²=0.995204 | eps_w1=2.659494e+00 | eps_w2=3.780731e-02
[step   393750] t/d= 787.500 | task1=4.152296e-01 | task2=2.524668e-01 | F1=1.501380e-01 | m1²=0.002170 | m2²=0.995146 | eps_w1=2.658840e+00 | eps_w2=3.786225e-02
[step   394000] t/d= 788.000 | task1=4.152324e-01 | task2=2.524546e-01 | F1=1.501408e-01 | m1²=0.002149 | m2²=0.995091 | eps_w1=2.658557e+00 | eps_w2=3.794855e-02
[step   394250] t/d= 788.500 | task1=4.153281e-01 | task2=2.524189e-01 | F1=1.502364e-01 | m1²=0.002134 | m2²=0.995093 | eps_w1=2.660514e+00 | eps_w2=3.816961e-02
[step   394500] t/d= 789.000 | task1=4.153075e-01 | task2=2.523991e-01 | F1=1.502159e-01 | m1²=0.002106 | m2²=0.995152 | eps_w1=2.659986e+00 | eps_w2=3.796267e-02
[step   394750] t/d= 789.500 | task1=4.154028e-01 | task2=2.523959e-01 | F1=1.503112e-01 | m1²=0.002106 | m2²=0.995160 | eps_w1=2.664427e+00 | eps_w2=3.846886e-02
[step   395000] t/d= 790.000 | task1=4.154354e-01 | task2=2.524191e-01 | F1=1.503438e-01 | m1²=0.002103 | m2²=0.995150 | eps_w1=2.664478e+00 | eps_w2=3.849634e-02
[step   395250] t/d= 790.500 | task1=4.154382e-01 | task2=2.525082e-01 | F1=1.503466e-01 | m1²=0.002105 | m2²=0.995116 | eps_w1=2.666286e+00 | eps_w2=3.879277e-02
[step   395500] t/d= 791.000 | task1=4.155488e-01 | task2=2.525395e-01 | F1=1.504572e-01 | m1²=0.002108 | m2²=0.995077 | eps_w1=2.667619e+00 | eps_w2=3.904239e-02
[step   395750] t/d= 791.500 | task1=4.155266e-01 | task2=2.525384e-01 | F1=1.504350e-01 | m1²=0.002116 | m2²=0.995060 | eps_w1=2.667574e+00 | eps_w2=3.907963e-02
[step   396000] t/d= 792.000 | task1=4.154578e-01 | task2=2.524922e-01 | F1=1.503662e-01 | m1²=0.002125 | m2²=0.995026 | eps_w1=2.666293e+00 | eps_w2=3.900868e-02
[step   396250] t/d= 792.500 | task1=4.155278e-01 | task2=2.524194e-01 | F1=1.504362e-01 | m1²=0.002141 | m2²=0.995066 | eps_w1=2.667721e+00 | eps_w2=3.908997e-02
[step   396500] t/d= 793.000 | task1=4.154964e-01 | task2=2.524610e-01 | F1=1.504047e-01 | m1²=0.002121 | m2²=0.995073 | eps_w1=2.666732e+00 | eps_w2=3.894976e-02
[step   396750] t/d= 793.500 | task1=4.155231e-01 | task2=2.524485e-01 | F1=1.504315e-01 | m1²=0.002147 | m2²=0.995075 | eps_w1=2.666172e+00 | eps_w2=3.888722e-02
[step   397000] t/d= 794.000 | task1=4.155218e-01 | task2=2.524471e-01 | F1=1.504302e-01 | m1²=0.002150 | m2²=0.995101 | eps_w1=2.667349e+00 | eps_w2=3.896682e-02
[step   397250] t/d= 794.500 | task1=4.155274e-01 | task2=2.524484e-01 | F1=1.504358e-01 | m1²=0.002132 | m2²=0.995126 | eps_w1=2.667440e+00 | eps_w2=3.891357e-02
[step   397500] t/d= 795.000 | task1=4.154791e-01 | task2=2.524085e-01 | F1=1.503875e-01 | m1²=0.002132 | m2²=0.995090 | eps_w1=2.665389e+00 | eps_w2=3.875304e-02
[step   397750] t/d= 795.500 | task1=4.155045e-01 | task2=2.524233e-01 | F1=1.504128e-01 | m1²=0.002101 | m2²=0.995080 | eps_w1=2.666496e+00 | eps_w2=3.889950e-02
[step   398000] t/d= 796.000 | task1=4.154826e-01 | task2=2.524267e-01 | F1=1.503910e-01 | m1²=0.002115 | m2²=0.995137 | eps_w1=2.666196e+00 | eps_w2=3.873490e-02
[step   398250] t/d= 796.500 | task1=4.155242e-01 | task2=2.524638e-01 | F1=1.504325e-01 | m1²=0.002111 | m2²=0.995187 | eps_w1=2.668103e+00 | eps_w2=3.884492e-02
[step   398500] t/d= 797.000 | task1=4.155155e-01 | task2=2.524706e-01 | F1=1.504238e-01 | m1²=0.002123 | m2²=0.995170 | eps_w1=2.667358e+00 | eps_w2=3.879876e-02
[step   398750] t/d= 797.500 | task1=4.155003e-01 | task2=2.524581e-01 | F1=1.504086e-01 | m1²=0.002090 | m2²=0.995222 | eps_w1=2.665983e+00 | eps_w2=3.850486e-02
[step   399000] t/d= 798.000 | task1=4.154479e-01 | task2=2.524725e-01 | F1=1.503563e-01 | m1²=0.002089 | m2²=0.995179 | eps_w1=2.664183e+00 | eps_w2=3.839095e-02
[step   399250] t/d= 798.500 | task1=4.154238e-01 | task2=2.524548e-01 | F1=1.503322e-01 | m1²=0.002078 | m2²=0.995153 | eps_w1=2.666583e+00 | eps_w2=3.873252e-02
[step   399500] t/d= 799.000 | task1=4.154890e-01 | task2=2.524530e-01 | F1=1.503974e-01 | m1²=0.002101 | m2²=0.995139 | eps_w1=2.666762e+00 | eps_w2=3.879298e-02
[step   399750] t/d= 799.500 | task1=4.154353e-01 | task2=2.523950e-01 | F1=1.503437e-01 | m1²=0.002088 | m2²=0.995203 | eps_w1=2.664252e+00 | eps_w2=3.834117e-02
[step   400000] t/d= 800.000 | task1=4.154444e-01 | task2=2.524211e-01 | F1=1.503527e-01 | m1²=0.002077 | m2²=0.995241 | eps_w1=2.664420e+00 | eps_w2=3.826959e-02
[step   400250] t/d= 800.500 | task1=4.155310e-01 | task2=2.524729e-01 | F1=1.504394e-01 | m1²=0.002079 | m2²=0.995303 | eps_w1=2.664571e+00 | eps_w2=3.814326e-02
[step   400500] t/d= 801.000 | task1=4.155019e-01 | task2=2.524633e-01 | F1=1.504103e-01 | m1²=0.002085 | m2²=0.995272 | eps_w1=2.664242e+00 | eps_w2=3.817913e-02
[step   400750] t/d= 801.500 | task1=4.154089e-01 | task2=2.524622e-01 | F1=1.503173e-01 | m1²=0.002095 | m2²=0.995306 | eps_w1=2.662702e+00 | eps_w2=3.792062e-02
[step   401000] t/d= 802.000 | task1=4.154291e-01 | task2=2.523779e-01 | F1=1.503374e-01 | m1²=0.002106 | m2²=0.995356 | eps_w1=2.662047e+00 | eps_w2=3.773115e-02
[step   401250] t/d= 802.500 | task1=4.153310e-01 | task2=2.523696e-01 | F1=1.502393e-01 | m1²=0.002115 | m2²=0.995368 | eps_w1=2.661771e+00 | eps_w2=3.767280e-02
[step   401500] t/d= 803.000 | task1=4.153592e-01 | task2=2.523055e-01 | F1=1.502676e-01 | m1²=0.002133 | m2²=0.995389 | eps_w1=2.663556e+00 | eps_w2=3.784036e-02
[step   401750] t/d= 803.500 | task1=4.153902e-01 | task2=2.523284e-01 | F1=1.502986e-01 | m1²=0.002107 | m2²=0.995348 | eps_w1=2.662607e+00 | eps_w2=3.781587e-02
[step   402000] t/d= 804.000 | task1=4.153563e-01 | task2=2.522892e-01 | F1=1.502647e-01 | m1²=0.002139 | m2²=0.995361 | eps_w1=2.664467e+00 | eps_w2=3.801455e-02
[step   402250] t/d= 804.500 | task1=4.153149e-01 | task2=2.522994e-01 | F1=1.502233e-01 | m1²=0.002138 | m2²=0.995397 | eps_w1=2.662850e+00 | eps_w2=3.773861e-02
[step   402500] t/d= 805.000 | task1=4.151673e-01 | task2=2.522990e-01 | F1=1.500757e-01 | m1²=0.002102 | m2²=0.995351 | eps_w1=2.660520e+00 | eps_w2=3.756240e-02
[step   402750] t/d= 805.500 | task1=4.150759e-01 | task2=2.523220e-01 | F1=1.499842e-01 | m1²=0.002102 | m2²=0.995267 | eps_w1=2.658824e+00 | eps_w2=3.755673e-02
[step   403000] t/d= 806.000 | task1=4.150448e-01 | task2=2.523406e-01 | F1=1.499532e-01 | m1²=0.002105 | m2²=0.995266 | eps_w1=2.658605e+00 | eps_w2=3.753488e-02
[step   403250] t/d= 806.500 | task1=4.151211e-01 | task2=2.523263e-01 | F1=1.500295e-01 | m1²=0.002047 | m2²=0.995298 | eps_w1=2.659703e+00 | eps_w2=3.757220e-02
[step   403500] t/d= 807.000 | task1=4.150853e-01 | task2=2.523114e-01 | F1=1.499936e-01 | m1²=0.002069 | m2²=0.995324 | eps_w1=2.658899e+00 | eps_w2=3.742430e-02
[step   403750] t/d= 807.500 | task1=4.150197e-01 | task2=2.522941e-01 | F1=1.499281e-01 | m1²=0.002004 | m2²=0.995334 | eps_w1=2.657473e+00 | eps_w2=3.721293e-02
[step   404000] t/d= 808.000 | task1=4.150756e-01 | task2=2.522571e-01 | F1=1.499840e-01 | m1²=0.002029 | m2²=0.995332 | eps_w1=2.659294e+00 | eps_w2=3.744015e-02
[step   404250] t/d= 808.500 | task1=4.150071e-01 | task2=2.522667e-01 | F1=1.499154e-01 | m1²=0.002020 | m2²=0.995277 | eps_w1=2.656834e+00 | eps_w2=3.727724e-02
[step   404500] t/d= 809.000 | task1=4.150230e-01 | task2=2.522460e-01 | F1=1.499313e-01 | m1²=0.002040 | m2²=0.995304 | eps_w1=2.657881e+00 | eps_w2=3.734212e-02
[step   404750] t/d= 809.500 | task1=4.151465e-01 | task2=2.522581e-01 | F1=1.500549e-01 | m1²=0.002036 | m2²=0.995321 | eps_w1=2.660024e+00 | eps_w2=3.755228e-02
[step   405000] t/d= 810.000 | task1=4.152903e-01 | task2=2.522827e-01 | F1=1.501987e-01 | m1²=0.002008 | m2²=0.995304 | eps_w1=2.663835e+00 | eps_w2=3.803212e-02
[step   405250] t/d= 810.500 | task1=4.151383e-01 | task2=2.523352e-01 | F1=1.500466e-01 | m1²=0.002009 | m2²=0.995288 | eps_w1=2.661470e+00 | eps_w2=3.779112e-02
[step   405500] t/d= 811.000 | task1=4.150852e-01 | task2=2.522795e-01 | F1=1.499936e-01 | m1²=0.002028 | m2²=0.995317 | eps_w1=2.662039e+00 | eps_w2=3.779744e-02
[step   405750] t/d= 811.500 | task1=4.151390e-01 | task2=2.523090e-01 | F1=1.500474e-01 | m1²=0.002043 | m2²=0.995236 | eps_w1=2.661267e+00 | eps_w2=3.789771e-02
[step   406000] t/d= 812.000 | task1=4.152604e-01 | task2=2.522883e-01 | F1=1.501687e-01 | m1²=0.002041 | m2²=0.995196 | eps_w1=2.664675e+00 | eps_w2=3.839504e-02
[step   406250] t/d= 812.500 | task1=4.152595e-01 | task2=2.522983e-01 | F1=1.501679e-01 | m1²=0.002058 | m2²=0.995177 | eps_w1=2.664860e+00 | eps_w2=3.846628e-02
[step   406500] t/d= 813.000 | task1=4.151131e-01 | task2=2.523114e-01 | F1=1.500214e-01 | m1²=0.002081 | m2²=0.995145 | eps_w1=2.661111e+00 | eps_w2=3.810400e-02
[step   406750] t/d= 813.500 | task1=4.150891e-01 | task2=2.523156e-01 | F1=1.499974e-01 | m1²=0.002106 | m2²=0.995166 | eps_w1=2.660347e+00 | eps_w2=3.797233e-02
[step   407000] t/d= 814.000 | task1=4.150394e-01 | task2=2.523758e-01 | F1=1.499477e-01 | m1²=0.002123 | m2²=0.995150 | eps_w1=2.659893e+00 | eps_w2=3.796116e-02
[step   407250] t/d= 814.500 | task1=4.150843e-01 | task2=2.523962e-01 | F1=1.499927e-01 | m1²=0.002088 | m2²=0.995152 | eps_w1=2.660465e+00 | eps_w2=3.801443e-02
[step   407500] t/d= 815.000 | task1=4.150204e-01 | task2=2.523411e-01 | F1=1.499288e-01 | m1²=0.002051 | m2²=0.995208 | eps_w1=2.658210e+00 | eps_w2=3.760687e-02
[step   407750] t/d= 815.500 | task1=4.150516e-01 | task2=2.524033e-01 | F1=1.499600e-01 | m1²=0.002041 | m2²=0.995184 | eps_w1=2.660666e+00 | eps_w2=3.794807e-02
[step   408000] t/d= 816.000 | task1=4.150290e-01 | task2=2.524025e-01 | F1=1.499373e-01 | m1²=0.002041 | m2²=0.995178 | eps_w1=2.660636e+00 | eps_w2=3.795783e-02
[step   408250] t/d= 816.500 | task1=4.150506e-01 | task2=2.523886e-01 | F1=1.499590e-01 | m1²=0.002072 | m2²=0.995182 | eps_w1=2.660605e+00 | eps_w2=3.795495e-02
[step   408500] t/d= 817.000 | task1=4.149946e-01 | task2=2.523569e-01 | F1=1.499030e-01 | m1²=0.002092 | m2²=0.995168 | eps_w1=2.660043e+00 | eps_w2=3.792764e-02
[step   408750] t/d= 817.500 | task1=4.150282e-01 | task2=2.523485e-01 | F1=1.499366e-01 | m1²=0.002078 | m2²=0.995133 | eps_w1=2.661673e+00 | eps_w2=3.819792e-02
[step   409000] t/d= 818.000 | task1=4.151078e-01 | task2=2.523824e-01 | F1=1.500162e-01 | m1²=0.002110 | m2²=0.995111 | eps_w1=2.661611e+00 | eps_w2=3.825149e-02
[step   409250] t/d= 818.500 | task1=4.150880e-01 | task2=2.523211e-01 | F1=1.499964e-01 | m1²=0.002169 | m2²=0.995160 | eps_w1=2.661121e+00 | eps_w2=3.809632e-02
[step   409500] t/d= 819.000 | task1=4.150448e-01 | task2=2.523568e-01 | F1=1.499532e-01 | m1²=0.002137 | m2²=0.995132 | eps_w1=2.659901e+00 | eps_w2=3.800809e-02
[step   409750] t/d= 819.500 | task1=4.151016e-01 | task2=2.523594e-01 | F1=1.500100e-01 | m1²=0.002151 | m2²=0.995177 | eps_w1=2.660457e+00 | eps_w2=3.797258e-02
[step   410000] t/d= 820.000 | task1=4.151697e-01 | task2=2.523848e-01 | F1=1.500781e-01 | m1²=0.002094 | m2²=0.995159 | eps_w1=2.662285e+00 | eps_w2=3.821447e-02
[step   410250] t/d= 820.500 | task1=4.151477e-01 | task2=2.523346e-01 | F1=1.500561e-01 | m1²=0.002100 | m2²=0.995234 | eps_w1=2.661481e+00 | eps_w2=3.794651e-02
[step   410500] t/d= 821.000 | task1=4.150223e-01 | task2=2.523239e-01 | F1=1.499307e-01 | m1²=0.002120 | m2²=0.995216 | eps_w1=2.658305e+00 | eps_w2=3.762123e-02
[step   410750] t/d= 821.500 | task1=4.150109e-01 | task2=2.523018e-01 | F1=1.499193e-01 | m1²=0.002137 | m2²=0.995217 | eps_w1=2.657832e+00 | eps_w2=3.756673e-02
[step   411000] t/d= 822.000 | task1=4.149029e-01 | task2=2.523108e-01 | F1=1.498113e-01 | m1²=0.002152 | m2²=0.995219 | eps_w1=2.654354e+00 | eps_w2=3.716039e-02
[step   411250] t/d= 822.500 | task1=4.148318e-01 | task2=2.522774e-01 | F1=1.497402e-01 | m1²=0.002168 | m2²=0.995206 | eps_w1=2.652850e+00 | eps_w2=3.702135e-02
[step   411500] t/d= 823.000 | task1=4.147625e-01 | task2=2.522553e-01 | F1=1.496709e-01 | m1²=0.002189 | m2²=0.995171 | eps_w1=2.652021e+00 | eps_w2=3.701236e-02
[step   411750] t/d= 823.500 | task1=4.147682e-01 | task2=2.522156e-01 | F1=1.496766e-01 | m1²=0.002182 | m2²=0.995166 | eps_w1=2.652672e+00 | eps_w2=3.709862e-02
[step   412000] t/d= 824.000 | task1=4.148265e-01 | task2=2.521919e-01 | F1=1.497348e-01 | m1²=0.002146 | m2²=0.995117 | eps_w1=2.655126e+00 | eps_w2=3.748569e-02
[step   412250] t/d= 824.500 | task1=4.149569e-01 | task2=2.522186e-01 | F1=1.498653e-01 | m1²=0.002145 | m2²=0.995105 | eps_w1=2.657796e+00 | eps_w2=3.782669e-02
[step   412500] t/d= 825.000 | task1=4.150817e-01 | task2=2.522251e-01 | F1=1.499901e-01 | m1²=0.002148 | m2²=0.995072 | eps_w1=2.660186e+00 | eps_w2=3.818611e-02
[step   412750] t/d= 825.500 | task1=4.151151e-01 | task2=2.522273e-01 | F1=1.500234e-01 | m1²=0.002167 | m2²=0.995087 | eps_w1=2.660946e+00 | eps_w2=3.824475e-02
[step   413000] t/d= 826.000 | task1=4.151721e-01 | task2=2.522008e-01 | F1=1.500805e-01 | m1²=0.002210 | m2²=0.995142 | eps_w1=2.661749e+00 | eps_w2=3.822534e-02
[step   413250] t/d= 826.500 | task1=4.152811e-01 | task2=2.521852e-01 | F1=1.501895e-01 | m1²=0.002206 | m2²=0.995090 | eps_w1=2.663535e+00 | eps_w2=3.855758e-02
[step   413500] t/d= 827.000 | task1=4.152562e-01 | task2=2.521625e-01 | F1=1.501645e-01 | m1²=0.002175 | m2²=0.995100 | eps_w1=2.662986e+00 | eps_w2=3.845907e-02
[step   413750] t/d= 827.500 | task1=4.152837e-01 | task2=2.521636e-01 | F1=1.501920e-01 | m1²=0.002145 | m2²=0.995186 | eps_w1=2.662309e+00 | eps_w2=3.816824e-02
[step   414000] t/d= 828.000 | task1=4.153613e-01 | task2=2.521769e-01 | F1=1.502696e-01 | m1²=0.002156 | m2²=0.995155 | eps_w1=2.662453e+00 | eps_w2=3.826157e-02
[step   414250] t/d= 828.500 | task1=4.154888e-01 | task2=2.521836e-01 | F1=1.503972e-01 | m1²=0.002142 | m2²=0.995100 | eps_w1=2.665743e+00 | eps_w2=3.877647e-02
[step   414500] t/d= 829.000 | task1=4.153991e-01 | task2=2.522194e-01 | F1=1.503074e-01 | m1²=0.002130 | m2²=0.995105 | eps_w1=2.663168e+00 | eps_w2=3.845499e-02
[step   414750] t/d= 829.500 | task1=4.153827e-01 | task2=2.521477e-01 | F1=1.502911e-01 | m1²=0.002133 | m2²=0.995089 | eps_w1=2.663364e+00 | eps_w2=3.851735e-02
[step   415000] t/d= 830.000 | task1=4.153020e-01 | task2=2.521435e-01 | F1=1.502104e-01 | m1²=0.002149 | m2²=0.995103 | eps_w1=2.659470e+00 | eps_w2=3.802857e-02
[step   415250] t/d= 830.500 | task1=4.152602e-01 | task2=2.521573e-01 | F1=1.501685e-01 | m1²=0.002184 | m2²=0.995132 | eps_w1=2.659021e+00 | eps_w2=3.792023e-02
[step   415500] t/d= 831.000 | task1=4.151773e-01 | task2=2.521420e-01 | F1=1.500856e-01 | m1²=0.002181 | m2²=0.995120 | eps_w1=2.657872e+00 | eps_w2=3.781195e-02
[step   415750] t/d= 831.500 | task1=4.152733e-01 | task2=2.521034e-01 | F1=1.501816e-01 | m1²=0.002153 | m2²=0.995067 | eps_w1=2.660065e+00 | eps_w2=3.818292e-02
[step   416000] t/d= 832.000 | task1=4.154360e-01 | task2=2.520653e-01 | F1=1.503444e-01 | m1²=0.002161 | m2²=0.995086 | eps_w1=2.663796e+00 | eps_w2=3.858321e-02
[step   416250] t/d= 832.500 | task1=4.153530e-01 | task2=2.519879e-01 | F1=1.502614e-01 | m1²=0.002208 | m2²=0.995073 | eps_w1=2.662344e+00 | eps_w2=3.845503e-02
[step   416500] t/d= 833.000 | task1=4.153870e-01 | task2=2.519602e-01 | F1=1.502954e-01 | m1²=0.002261 | m2²=0.995030 | eps_w1=2.662557e+00 | eps_w2=3.859731e-02
[step   416750] t/d= 833.500 | task1=4.153866e-01 | task2=2.519607e-01 | F1=1.502950e-01 | m1²=0.002237 | m2²=0.995066 | eps_w1=2.663046e+00 | eps_w2=3.856396e-02
[step   417000] t/d= 834.000 | task1=4.153105e-01 | task2=2.520252e-01 | F1=1.502189e-01 | m1²=0.002209 | m2²=0.995123 | eps_w1=2.662868e+00 | eps_w2=3.840248e-02
[step   417250] t/d= 834.500 | task1=4.153824e-01 | task2=2.519489e-01 | F1=1.502907e-01 | m1²=0.002224 | m2²=0.995202 | eps_w1=2.665645e+00 | eps_w2=3.855085e-02
[step   417500] t/d= 835.000 | task1=4.154205e-01 | task2=2.519796e-01 | F1=1.503288e-01 | m1²=0.002218 | m2²=0.995192 | eps_w1=2.666685e+00 | eps_w2=3.869804e-02
[step   417750] t/d= 835.500 | task1=4.153754e-01 | task2=2.519449e-01 | F1=1.502837e-01 | m1²=0.002189 | m2²=0.995189 | eps_w1=2.666415e+00 | eps_w2=3.866262e-02
[step   418000] t/d= 836.000 | task1=4.154384e-01 | task2=2.519306e-01 | F1=1.503468e-01 | m1²=0.002191 | m2²=0.995185 | eps_w1=2.667633e+00 | eps_w2=3.881875e-02
[step   418250] t/d= 836.500 | task1=4.154598e-01 | task2=2.519046e-01 | F1=1.503682e-01 | m1²=0.002220 | m2²=0.995243 | eps_w1=2.669059e+00 | eps_w2=3.886127e-02
[step   418500] t/d= 837.000 | task1=4.154660e-01 | task2=2.519200e-01 | F1=1.503744e-01 | m1²=0.002161 | m2²=0.995257 | eps_w1=2.669692e+00 | eps_w2=3.888583e-02
[step   418750] t/d= 837.500 | task1=4.154576e-01 | task2=2.518809e-01 | F1=1.503660e-01 | m1²=0.002177 | m2²=0.995252 | eps_w1=2.668894e+00 | eps_w2=3.880717e-02
[step   419000] t/d= 838.000 | task1=4.154661e-01 | task2=2.518503e-01 | F1=1.503744e-01 | m1²=0.002189 | m2²=0.995239 | eps_w1=2.667755e+00 | eps_w2=3.870534e-02
[step   419250] t/d= 838.500 | task1=4.155377e-01 | task2=2.518416e-01 | F1=1.504461e-01 | m1²=0.002211 | m2²=0.995225 | eps_w1=2.671146e+00 | eps_w2=3.915091e-02
[step   419500] t/d= 839.000 | task1=4.155106e-01 | task2=2.518533e-01 | F1=1.504189e-01 | m1²=0.002207 | m2²=0.995257 | eps_w1=2.670176e+00 | eps_w2=3.895944e-02
[step   419750] t/d= 839.500 | task1=4.156007e-01 | task2=2.518812e-01 | F1=1.505090e-01 | m1²=0.002197 | m2²=0.995257 | eps_w1=2.671044e+00 | eps_w2=3.906066e-02
[step   420000] t/d= 840.000 | task1=4.156702e-01 | task2=2.517980e-01 | F1=1.505786e-01 | m1²=0.002232 | m2²=0.995188 | eps_w1=2.672477e+00 | eps_w2=3.940289e-02
[step   420250] t/d= 840.500 | task1=4.156465e-01 | task2=2.518031e-01 | F1=1.505548e-01 | m1²=0.002259 | m2²=0.995214 | eps_w1=2.671143e+00 | eps_w2=3.919182e-02
[step   420500] t/d= 841.000 | task1=4.156430e-01 | task2=2.517889e-01 | F1=1.505514e-01 | m1²=0.002262 | m2²=0.995252 | eps_w1=2.670366e+00 | eps_w2=3.900991e-02
[step   420750] t/d= 841.500 | task1=4.156796e-01 | task2=2.518057e-01 | F1=1.505879e-01 | m1²=0.002232 | m2²=0.995164 | eps_w1=2.671441e+00 | eps_w2=3.933520e-02
[step   421000] t/d= 842.000 | task1=4.157568e-01 | task2=2.517772e-01 | F1=1.506652e-01 | m1²=0.002213 | m2²=0.995174 | eps_w1=2.672880e+00 | eps_w2=3.947923e-02
[step   421250] t/d= 842.500 | task1=4.157768e-01 | task2=2.517644e-01 | F1=1.506851e-01 | m1²=0.002205 | m2²=0.995182 | eps_w1=2.674473e+00 | eps_w2=3.965103e-02
[step   421500] t/d= 843.000 | task1=4.157342e-01 | task2=2.517661e-01 | F1=1.506426e-01 | m1²=0.002148 | m2²=0.995165 | eps_w1=2.675359e+00 | eps_w2=3.977994e-02
[step   421750] t/d= 843.500 | task1=4.157486e-01 | task2=2.517882e-01 | F1=1.506570e-01 | m1²=0.002139 | m2²=0.995137 | eps_w1=2.674521e+00 | eps_w2=3.974078e-02
[step   422000] t/d= 844.000 | task1=4.157187e-01 | task2=2.517889e-01 | F1=1.506271e-01 | m1²=0.002129 | m2²=0.995123 | eps_w1=2.675569e+00 | eps_w2=3.989764e-02
[step   422250] t/d= 844.500 | task1=4.156844e-01 | task2=2.517633e-01 | F1=1.505927e-01 | m1²=0.002109 | m2²=0.995141 | eps_w1=2.677379e+00 | eps_w2=4.006852e-02
[step   422500] t/d= 845.000 | task1=4.157253e-01 | task2=2.517919e-01 | F1=1.506337e-01 | m1²=0.002082 | m2²=0.995082 | eps_w1=2.677910e+00 | eps_w2=4.026081e-02
[step   422750] t/d= 845.500 | task1=4.157311e-01 | task2=2.517628e-01 | F1=1.506394e-01 | m1²=0.002119 | m2²=0.995109 | eps_w1=2.678704e+00 | eps_w2=4.030565e-02
[step   423000] t/d= 846.000 | task1=4.156482e-01 | task2=2.517397e-01 | F1=1.505566e-01 | m1²=0.002068 | m2²=0.995106 | eps_w1=2.678172e+00 | eps_w2=4.023341e-02
[step   423250] t/d= 846.500 | task1=4.157111e-01 | task2=2.517518e-01 | F1=1.506195e-01 | m1²=0.002081 | m2²=0.995065 | eps_w1=2.680246e+00 | eps_w2=4.058560e-02
[step   423500] t/d= 847.000 | task1=4.157402e-01 | task2=2.517993e-01 | F1=1.506485e-01 | m1²=0.002042 | m2²=0.995054 | eps_w1=2.680374e+00 | eps_w2=4.061317e-02
[step   423750] t/d= 847.500 | task1=4.157871e-01 | task2=2.517704e-01 | F1=1.506954e-01 | m1²=0.002057 | m2²=0.995073 | eps_w1=2.679573e+00 | eps_w2=4.047578e-02
[step   424000] t/d= 848.000 | task1=4.157773e-01 | task2=2.517900e-01 | F1=1.506857e-01 | m1²=0.002036 | m2²=0.995064 | eps_w1=2.680237e+00 | eps_w2=4.057259e-02
[step   424250] t/d= 848.500 | task1=4.157683e-01 | task2=2.517683e-01 | F1=1.506767e-01 | m1²=0.002021 | m2²=0.995108 | eps_w1=2.680796e+00 | eps_w2=4.053277e-02
[step   424500] t/d= 849.000 | task1=4.157914e-01 | task2=2.517289e-01 | F1=1.506998e-01 | m1²=0.002012 | m2²=0.995130 | eps_w1=2.680372e+00 | eps_w2=4.042661e-02
[step   424750] t/d= 849.500 | task1=4.158244e-01 | task2=2.517061e-01 | F1=1.507328e-01 | m1²=0.001963 | m2²=0.995153 | eps_w1=2.681607e+00 | eps_w2=4.050705e-02
[step   425000] t/d= 850.000 | task1=4.157212e-01 | task2=2.516979e-01 | F1=1.506296e-01 | m1²=0.002010 | m2²=0.995154 | eps_w1=2.678900e+00 | eps_w2=4.019147e-02
[step   425250] t/d= 850.500 | task1=4.156949e-01 | task2=2.517593e-01 | F1=1.506032e-01 | m1²=0.002000 | m2²=0.995180 | eps_w1=2.678229e+00 | eps_w2=4.004421e-02
[step   425500] t/d= 851.000 | task1=4.156085e-01 | task2=2.518090e-01 | F1=1.505169e-01 | m1²=0.002003 | m2²=0.995148 | eps_w1=2.677218e+00 | eps_w2=3.999805e-02
[step   425750] t/d= 851.500 | task1=4.155445e-01 | task2=2.517711e-01 | F1=1.504528e-01 | m1²=0.001997 | m2²=0.995156 | eps_w1=2.676922e+00 | eps_w2=3.994208e-02
[step   426000] t/d= 852.000 | task1=4.155435e-01 | task2=2.517803e-01 | F1=1.504519e-01 | m1²=0.002025 | m2²=0.995154 | eps_w1=2.675918e+00 | eps_w2=3.983402e-02
[step   426250] t/d= 852.500 | task1=4.155623e-01 | task2=2.517637e-01 | F1=1.504707e-01 | m1²=0.002031 | m2²=0.995190 | eps_w1=2.676576e+00 | eps_w2=3.983042e-02
[step   426500] t/d= 853.000 | task1=4.155134e-01 | task2=2.517665e-01 | F1=1.504218e-01 | m1²=0.002034 | m2²=0.995192 | eps_w1=2.673601e+00 | eps_w2=3.946753e-02
[step   426750] t/d= 853.500 | task1=4.155181e-01 | task2=2.517162e-01 | F1=1.504265e-01 | m1²=0.002060 | m2²=0.995205 | eps_w1=2.674447e+00 | eps_w2=3.954761e-02
[step   427000] t/d= 854.000 | task1=4.153829e-01 | task2=2.516592e-01 | F1=1.502913e-01 | m1²=0.002087 | m2²=0.995198 | eps_w1=2.671957e+00 | eps_w2=3.927312e-02
[step   427250] t/d= 854.500 | task1=4.154630e-01 | task2=2.516944e-01 | F1=1.503713e-01 | m1²=0.002076 | m2²=0.995164 | eps_w1=2.674802e+00 | eps_w2=3.969137e-02
[step   427500] t/d= 855.000 | task1=4.153730e-01 | task2=2.517004e-01 | F1=1.502813e-01 | m1²=0.002077 | m2²=0.995227 | eps_w1=2.671111e+00 | eps_w2=3.910041e-02
[step   427750] t/d= 855.500 | task1=4.153833e-01 | task2=2.517046e-01 | F1=1.502917e-01 | m1²=0.002077 | m2²=0.995267 | eps_w1=2.673519e+00 | eps_w2=3.929601e-02
[step   428000] t/d= 856.000 | task1=4.153809e-01 | task2=2.516763e-01 | F1=1.502893e-01 | m1²=0.002095 | m2²=0.995268 | eps_w1=2.674393e+00 | eps_w2=3.940441e-02
[step   428250] t/d= 856.500 | task1=4.153027e-01 | task2=2.516812e-01 | F1=1.502111e-01 | m1²=0.002079 | m2²=0.995240 | eps_w1=2.672198e+00 | eps_w2=3.920052e-02
[step   428500] t/d= 857.000 | task1=4.153313e-01 | task2=2.516385e-01 | F1=1.502397e-01 | m1²=0.002066 | m2²=0.995258 | eps_w1=2.673080e+00 | eps_w2=3.926178e-02
[step   428750] t/d= 857.500 | task1=4.153776e-01 | task2=2.516660e-01 | F1=1.502860e-01 | m1²=0.002051 | m2²=0.995330 | eps_w1=2.674069e+00 | eps_w2=3.920740e-02
[step   429000] t/d= 858.000 | task1=4.153293e-01 | task2=2.516468e-01 | F1=1.502377e-01 | m1²=0.002054 | m2²=0.995345 | eps_w1=2.672766e+00 | eps_w2=3.901652e-02
[step   429250] t/d= 858.500 | task1=4.153967e-01 | task2=2.516382e-01 | F1=1.503050e-01 | m1²=0.002067 | m2²=0.995343 | eps_w1=2.674668e+00 | eps_w2=3.925499e-02
[step   429500] t/d= 859.000 | task1=4.154290e-01 | task2=2.515805e-01 | F1=1.503374e-01 | m1²=0.002076 | m2²=0.995339 | eps_w1=2.675228e+00 | eps_w2=3.933451e-02
[step   429750] t/d= 859.500 | task1=4.154710e-01 | task2=2.515992e-01 | F1=1.503794e-01 | m1²=0.002076 | m2²=0.995350 | eps_w1=2.675723e+00 | eps_w2=3.936855e-02
[step   430000] t/d= 860.000 | task1=4.153227e-01 | task2=2.516875e-01 | F1=1.502311e-01 | m1²=0.002077 | m2²=0.995384 | eps_w1=2.671305e+00 | eps_w2=3.875792e-02
[step   430250] t/d= 860.500 | task1=4.153463e-01 | task2=2.516617e-01 | F1=1.502546e-01 | m1²=0.002102 | m2²=0.995367 | eps_w1=2.669771e+00 | eps_w2=3.862178e-02
[step   430500] t/d= 861.000 | task1=4.152762e-01 | task2=2.516013e-01 | F1=1.501846e-01 | m1²=0.002145 | m2²=0.995401 | eps_w1=2.668576e+00 | eps_w2=3.841252e-02
[step   430750] t/d= 861.500 | task1=4.152958e-01 | task2=2.515941e-01 | F1=1.502042e-01 | m1²=0.002144 | m2²=0.995422 | eps_w1=2.668263e+00 | eps_w2=3.832551e-02
[step   431000] t/d= 862.000 | task1=4.153713e-01 | task2=2.515825e-01 | F1=1.502796e-01 | m1²=0.002134 | m2²=0.995422 | eps_w1=2.670390e+00 | eps_w2=3.857649e-02
[step   431250] t/d= 862.500 | task1=4.153796e-01 | task2=2.516074e-01 | F1=1.502879e-01 | m1²=0.002127 | m2²=0.995383 | eps_w1=2.671057e+00 | eps_w2=3.874643e-02
[step   431500] t/d= 863.000 | task1=4.153750e-01 | task2=2.516121e-01 | F1=1.502833e-01 | m1²=0.002095 | m2²=0.995365 | eps_w1=2.672339e+00 | eps_w2=3.893100e-02
[step   431750] t/d= 863.500 | task1=4.152130e-01 | task2=2.516233e-01 | F1=1.501214e-01 | m1²=0.002105 | m2²=0.995383 | eps_w1=2.670217e+00 | eps_w2=3.863823e-02
[step   432000] t/d= 864.000 | task1=4.151529e-01 | task2=2.515907e-01 | F1=1.500613e-01 | m1²=0.002125 | m2²=0.995385 | eps_w1=2.668874e+00 | eps_w2=3.847855e-02
[step   432250] t/d= 864.500 | task1=4.150988e-01 | task2=2.516438e-01 | F1=1.500072e-01 | m1²=0.002137 | m2²=0.995377 | eps_w1=2.669107e+00 | eps_w2=3.852807e-02
[step   432500] t/d= 865.000 | task1=4.150279e-01 | task2=2.515917e-01 | F1=1.499363e-01 | m1²=0.002167 | m2²=0.995394 | eps_w1=2.668456e+00 | eps_w2=3.842141e-02
[step   432750] t/d= 865.500 | task1=4.150856e-01 | task2=2.516156e-01 | F1=1.499940e-01 | m1²=0.002209 | m2²=0.995371 | eps_w1=2.668622e+00 | eps_w2=3.850643e-02
[step   433000] t/d= 866.000 | task1=4.150082e-01 | task2=2.515978e-01 | F1=1.499166e-01 | m1²=0.002204 | m2²=0.995385 | eps_w1=2.664470e+00 | eps_w2=3.798000e-02
[step   433250] t/d= 866.500 | task1=4.150391e-01 | task2=2.516319e-01 | F1=1.499475e-01 | m1²=0.002234 | m2²=0.995406 | eps_w1=2.664293e+00 | eps_w2=3.791798e-02
[step   433500] t/d= 867.000 | task1=4.149814e-01 | task2=2.516431e-01 | F1=1.498897e-01 | m1²=0.002222 | m2²=0.995386 | eps_w1=2.662341e+00 | eps_w2=3.773149e-02
[step   433750] t/d= 867.500 | task1=4.150704e-01 | task2=2.516290e-01 | F1=1.499788e-01 | m1²=0.002207 | m2²=0.995393 | eps_w1=2.664793e+00 | eps_w2=3.800038e-02
[step   434000] t/d= 868.000 | task1=4.150450e-01 | task2=2.516297e-01 | F1=1.499534e-01 | m1²=0.002179 | m2²=0.995458 | eps_w1=2.664120e+00 | eps_w2=3.776065e-02
[step   434250] t/d= 868.500 | task1=4.150040e-01 | task2=2.516662e-01 | F1=1.499124e-01 | m1²=0.002165 | m2²=0.995501 | eps_w1=2.664075e+00 | eps_w2=3.765018e-02
[step   434500] t/d= 869.000 | task1=4.150346e-01 | task2=2.516687e-01 | F1=1.499430e-01 | m1²=0.002149 | m2²=0.995465 | eps_w1=2.664166e+00 | eps_w2=3.774121e-02
[step   434750] t/d= 869.500 | task1=4.150769e-01 | task2=2.516765e-01 | F1=1.499853e-01 | m1²=0.002175 | m2²=0.995439 | eps_w1=2.665391e+00 | eps_w2=3.795400e-02
[step   435000] t/d= 870.000 | task1=4.151185e-01 | task2=2.516763e-01 | F1=1.500269e-01 | m1²=0.002179 | m2²=0.995413 | eps_w1=2.666556e+00 | eps_w2=3.815452e-02
[step   435250] t/d= 870.500 | task1=4.153234e-01 | task2=2.516544e-01 | F1=1.502318e-01 | m1²=0.002156 | m2²=0.995461 | eps_w1=2.671906e+00 | eps_w2=3.867380e-02
[step   435500] t/d= 871.000 | task1=4.153224e-01 | task2=2.516663e-01 | F1=1.502308e-01 | m1²=0.002165 | m2²=0.995474 | eps_w1=2.670902e+00 | eps_w2=3.852536e-02
[step   435750] t/d= 871.500 | task1=4.153847e-01 | task2=2.516788e-01 | F1=1.502931e-01 | m1²=0.002127 | m2²=0.995456 | eps_w1=2.670428e+00 | eps_w2=3.850027e-02
[step   436000] t/d= 872.000 | task1=4.153101e-01 | task2=2.516955e-01 | F1=1.502185e-01 | m1²=0.002121 | m2²=0.995489 | eps_w1=2.667289e+00 | eps_w2=3.804728e-02
[step   436250] t/d= 872.500 | task1=4.153079e-01 | task2=2.517219e-01 | F1=1.502163e-01 | m1²=0.002092 | m2²=0.995476 | eps_w1=2.666847e+00 | eps_w2=3.801506e-02
[step   436500] t/d= 873.000 | task1=4.152456e-01 | task2=2.517571e-01 | F1=1.501539e-01 | m1²=0.002078 | m2²=0.995458 | eps_w1=2.665086e+00 | eps_w2=3.784266e-02
[step   436750] t/d= 873.500 | task1=4.153315e-01 | task2=2.517754e-01 | F1=1.502399e-01 | m1²=0.002049 | m2²=0.995514 | eps_w1=2.666854e+00 | eps_w2=3.791516e-02
[step   437000] t/d= 874.000 | task1=4.152824e-01 | task2=2.517347e-01 | F1=1.501908e-01 | m1²=0.002066 | m2²=0.995533 | eps_w1=2.666890e+00 | eps_w2=3.787911e-02
[step   437250] t/d= 874.500 | task1=4.151709e-01 | task2=2.517143e-01 | F1=1.500793e-01 | m1²=0.002063 | m2²=0.995499 | eps_w1=2.665622e+00 | eps_w2=3.780817e-02
[step   437500] t/d= 875.000 | task1=4.151641e-01 | task2=2.517332e-01 | F1=1.500724e-01 | m1²=0.002056 | m2²=0.995547 | eps_w1=2.666330e+00 | eps_w2=3.777622e-02
[step   437750] t/d= 875.500 | task1=4.151009e-01 | task2=2.517941e-01 | F1=1.500092e-01 | m1²=0.002028 | m2²=0.995523 | eps_w1=2.664534e+00 | eps_w2=3.761092e-02
[step   438000] t/d= 876.000 | task1=4.149950e-01 | task2=2.517715e-01 | F1=1.499034e-01 | m1²=0.002049 | m2²=0.995512 | eps_w1=2.661681e+00 | eps_w2=3.730810e-02
[step   438250] t/d= 876.500 | task1=4.148983e-01 | task2=2.517948e-01 | F1=1.498067e-01 | m1²=0.002063 | m2²=0.995597 | eps_w1=2.660532e+00 | eps_w2=3.697856e-02
[step   438500] t/d= 877.000 | task1=4.148899e-01 | task2=2.518314e-01 | F1=1.497982e-01 | m1²=0.002077 | m2²=0.995588 | eps_w1=2.658569e+00 | eps_w2=3.677378e-02
[step   438750] t/d= 877.500 | task1=4.149566e-01 | task2=2.518889e-01 | F1=1.498650e-01 | m1²=0.002087 | m2²=0.995622 | eps_w1=2.658812e+00 | eps_w2=3.672471e-02
[step   439000] t/d= 878.000 | task1=4.147811e-01 | task2=2.518906e-01 | F1=1.496895e-01 | m1²=0.002078 | m2²=0.995622 | eps_w1=2.655211e+00 | eps_w2=3.630281e-02
[step   439250] t/d= 878.500 | task1=4.148519e-01 | task2=2.519053e-01 | F1=1.497602e-01 | m1²=0.002090 | m2²=0.995602 | eps_w1=2.659071e+00 | eps_w2=3.680318e-02
[step   439500] t/d= 879.000 | task1=4.148038e-01 | task2=2.518860e-01 | F1=1.497122e-01 | m1²=0.002113 | m2²=0.995582 | eps_w1=2.658060e+00 | eps_w2=3.673845e-02
[step   439750] t/d= 879.500 | task1=4.149411e-01 | task2=2.518551e-01 | F1=1.498494e-01 | m1²=0.002076 | m2²=0.995561 | eps_w1=2.661847e+00 | eps_w2=3.721975e-02
[step   440000] t/d= 880.000 | task1=4.149021e-01 | task2=2.518670e-01 | F1=1.498105e-01 | m1²=0.002097 | m2²=0.995526 | eps_w1=2.660197e+00 | eps_w2=3.711496e-02
[step   440250] t/d= 880.500 | task1=4.149129e-01 | task2=2.518349e-01 | F1=1.498213e-01 | m1²=0.002092 | m2²=0.995544 | eps_w1=2.660722e+00 | eps_w2=3.713306e-02
[step   440500] t/d= 881.000 | task1=4.149251e-01 | task2=2.518111e-01 | F1=1.498334e-01 | m1²=0.002090 | m2²=0.995486 | eps_w1=2.660332e+00 | eps_w2=3.722222e-02
[step   440750] t/d= 881.500 | task1=4.148741e-01 | task2=2.518011e-01 | F1=1.497824e-01 | m1²=0.002072 | m2²=0.995541 | eps_w1=2.657651e+00 | eps_w2=3.677372e-02
[step   441000] t/d= 882.000 | task1=4.148380e-01 | task2=2.518517e-01 | F1=1.497463e-01 | m1²=0.002123 | m2²=0.995521 | eps_w1=2.656246e+00 | eps_w2=3.667199e-02
[step   441250] t/d= 882.500 | task1=4.147321e-01 | task2=2.518298e-01 | F1=1.496404e-01 | m1²=0.002135 | m2²=0.995570 | eps_w1=2.653947e+00 | eps_w2=3.629320e-02
[step   441500] t/d= 883.000 | task1=4.146770e-01 | task2=2.518743e-01 | F1=1.495854e-01 | m1²=0.002120 | m2²=0.995606 | eps_w1=2.653559e+00 | eps_w2=3.615940e-02
[step   441750] t/d= 883.500 | task1=4.145937e-01 | task2=2.518882e-01 | F1=1.495021e-01 | m1²=0.002115 | m2²=0.995625 | eps_w1=2.653485e+00 | eps_w2=3.610659e-02
[step   442000] t/d= 884.000 | task1=4.146577e-01 | task2=2.518878e-01 | F1=1.495661e-01 | m1²=0.002107 | m2²=0.995649 | eps_w1=2.652616e+00 | eps_w2=3.594651e-02
[step   442250] t/d= 884.500 | task1=4.146475e-01 | task2=2.519359e-01 | F1=1.495558e-01 | m1²=0.002083 | m2²=0.995689 | eps_w1=2.653513e+00 | eps_w2=3.595105e-02
[step   442500] t/d= 885.000 | task1=4.145667e-01 | task2=2.520001e-01 | F1=1.494750e-01 | m1²=0.002077 | m2²=0.995693 | eps_w1=2.650772e+00 | eps_w2=3.562317e-02
[step   442750] t/d= 885.500 | task1=4.145293e-01 | task2=2.520052e-01 | F1=1.494377e-01 | m1²=0.002067 | m2²=0.995684 | eps_w1=2.650447e+00 | eps_w2=3.560291e-02
[step   443000] t/d= 886.000 | task1=4.145682e-01 | task2=2.519862e-01 | F1=1.494766e-01 | m1²=0.002059 | m2²=0.995671 | eps_w1=2.652664e+00 | eps_w2=3.588796e-02
[step   443250] t/d= 886.500 | task1=4.146455e-01 | task2=2.519982e-01 | F1=1.495538e-01 | m1²=0.002037 | m2²=0.995611 | eps_w1=2.654773e+00 | eps_w2=3.626441e-02
[step   443500] t/d= 887.000 | task1=4.146904e-01 | task2=2.520406e-01 | F1=1.495988e-01 | m1²=0.002076 | m2²=0.995643 | eps_w1=2.655623e+00 | eps_w2=3.630166e-02
[step   443750] t/d= 887.500 | task1=4.145949e-01 | task2=2.520242e-01 | F1=1.495033e-01 | m1²=0.002050 | m2²=0.995641 | eps_w1=2.653257e+00 | eps_w2=3.602347e-02
[step   444000] t/d= 888.000 | task1=4.144021e-01 | task2=2.519845e-01 | F1=1.493105e-01 | m1²=0.002038 | m2²=0.995661 | eps_w1=2.650310e+00 | eps_w2=3.563313e-02
[step   444250] t/d= 888.500 | task1=4.144395e-01 | task2=2.519691e-01 | F1=1.493479e-01 | m1²=0.002004 | m2²=0.995600 | eps_w1=2.649645e+00 | eps_w2=3.568665e-02
[step   444500] t/d= 889.000 | task1=4.143059e-01 | task2=2.519815e-01 | F1=1.492143e-01 | m1²=0.002012 | m2²=0.995586 | eps_w1=2.644925e+00 | eps_w2=3.518120e-02
[step   444750] t/d= 889.500 | task1=4.143177e-01 | task2=2.519550e-01 | F1=1.492261e-01 | m1²=0.001991 | m2²=0.995558 | eps_w1=2.644302e+00 | eps_w2=3.516880e-02
[step   445000] t/d= 890.000 | task1=4.142337e-01 | task2=2.519111e-01 | F1=1.491421e-01 | m1²=0.001993 | m2²=0.995557 | eps_w1=2.641638e+00 | eps_w2=3.486928e-02
[step   445250] t/d= 890.500 | task1=4.143014e-01 | task2=2.518811e-01 | F1=1.492098e-01 | m1²=0.002005 | m2²=0.995521 | eps_w1=2.643171e+00 | eps_w2=3.512960e-02
[step   445500] t/d= 891.000 | task1=4.142569e-01 | task2=2.519184e-01 | F1=1.491653e-01 | m1²=0.001988 | m2²=0.995494 | eps_w1=2.642930e+00 | eps_w2=3.516081e-02
[step   445750] t/d= 891.500 | task1=4.142350e-01 | task2=2.518816e-01 | F1=1.491434e-01 | m1²=0.001996 | m2²=0.995479 | eps_w1=2.644623e+00 | eps_w2=3.538948e-02
[step   446000] t/d= 892.000 | task1=4.143090e-01 | task2=2.518597e-01 | F1=1.492174e-01 | m1²=0.001996 | m2²=0.995456 | eps_w1=2.646532e+00 | eps_w2=3.566132e-02
[step   446250] t/d= 892.500 | task1=4.142950e-01 | task2=2.518588e-01 | F1=1.492034e-01 | m1²=0.001975 | m2²=0.995421 | eps_w1=2.645309e+00 | eps_w2=3.559592e-02
[step   446500] t/d= 893.000 | task1=4.142898e-01 | task2=2.518002e-01 | F1=1.491981e-01 | m1²=0.001940 | m2²=0.995423 | eps_w1=2.646069e+00 | eps_w2=3.566808e-02
[step   446750] t/d= 893.500 | task1=4.143377e-01 | task2=2.517795e-01 | F1=1.492461e-01 | m1²=0.001957 | m2²=0.995471 | eps_w1=2.646517e+00 | eps_w2=3.561359e-02
[step   447000] t/d= 894.000 | task1=4.143871e-01 | task2=2.517748e-01 | F1=1.492955e-01 | m1²=0.001959 | m2²=0.995428 | eps_w1=2.647871e+00 | eps_w2=3.586792e-02
[step   447250] t/d= 894.500 | task1=4.145779e-01 | task2=2.517670e-01 | F1=1.494862e-01 | m1²=0.001947 | m2²=0.995437 | eps_w1=2.652992e+00 | eps_w2=3.643566e-02
[step   447500] t/d= 895.000 | task1=4.146220e-01 | task2=2.517916e-01 | F1=1.495304e-01 | m1²=0.001956 | m2²=0.995439 | eps_w1=2.654368e+00 | eps_w2=3.659425e-02
[step   447750] t/d= 895.500 | task1=4.146890e-01 | task2=2.517357e-01 | F1=1.495974e-01 | m1²=0.001944 | m2²=0.995428 | eps_w1=2.655501e+00 | eps_w2=3.674786e-02
[step   448000] t/d= 896.000 | task1=4.146120e-01 | task2=2.516933e-01 | F1=1.495203e-01 | m1²=0.001955 | m2²=0.995395 | eps_w1=2.653726e+00 | eps_w2=3.661988e-02
[step   448250] t/d= 896.500 | task1=4.145871e-01 | task2=2.517379e-01 | F1=1.494955e-01 | m1²=0.001959 | m2²=0.995370 | eps_w1=2.652954e+00 | eps_w2=3.659117e-02
[step   448500] t/d= 897.000 | task1=4.145347e-01 | task2=2.517534e-01 | F1=1.494430e-01 | m1²=0.001990 | m2²=0.995364 | eps_w1=2.650855e+00 | eps_w2=3.636967e-02
[step   448750] t/d= 897.500 | task1=4.145696e-01 | task2=2.517492e-01 | F1=1.494780e-01 | m1²=0.001976 | m2²=0.995414 | eps_w1=2.649137e+00 | eps_w2=3.605264e-02
[step   449000] t/d= 898.000 | task1=4.145969e-01 | task2=2.517345e-01 | F1=1.495052e-01 | m1²=0.001996 | m2²=0.995375 | eps_w1=2.649020e+00 | eps_w2=3.613602e-02
[step   449250] t/d= 898.500 | task1=4.146924e-01 | task2=2.517426e-01 | F1=1.496008e-01 | m1²=0.002023 | m2²=0.995422 | eps_w1=2.651418e+00 | eps_w2=3.630970e-02
[step   449500] t/d= 899.000 | task1=4.146500e-01 | task2=2.517019e-01 | F1=1.495584e-01 | m1²=0.002012 | m2²=0.995447 | eps_w1=2.649678e+00 | eps_w2=3.604899e-02
[step   449750] t/d= 899.500 | task1=4.146754e-01 | task2=2.516994e-01 | F1=1.495837e-01 | m1²=0.001985 | m2²=0.995383 | eps_w1=2.651733e+00 | eps_w2=3.642611e-02
[step   450000] t/d= 900.000 | task1=4.145565e-01 | task2=2.516993e-01 | F1=1.494649e-01 | m1²=0.002003 | m2²=0.995407 | eps_w1=2.646723e+00 | eps_w2=3.579809e-02
[step   450250] t/d= 900.500 | task1=4.145395e-01 | task2=2.516885e-01 | F1=1.494479e-01 | m1²=0.002001 | m2²=0.995375 | eps_w1=2.647445e+00 | eps_w2=3.595564e-02
[step   450500] t/d= 901.000 | task1=4.144657e-01 | task2=2.517099e-01 | F1=1.493741e-01 | m1²=0.002021 | m2²=0.995354 | eps_w1=2.647167e+00 | eps_w2=3.597879e-02
[step   450750] t/d= 901.500 | task1=4.144981e-01 | task2=2.517224e-01 | F1=1.494065e-01 | m1²=0.002053 | m2²=0.995390 | eps_w1=2.647129e+00 | eps_w2=3.589852e-02
[step   451000] t/d= 902.000 | task1=4.144955e-01 | task2=2.517122e-01 | F1=1.494039e-01 | m1²=0.002090 | m2²=0.995376 | eps_w1=2.647105e+00 | eps_w2=3.593920e-02
[step   451250] t/d= 902.500 | task1=4.145178e-01 | task2=2.517594e-01 | F1=1.494261e-01 | m1²=0.002069 | m2²=0.995353 | eps_w1=2.645744e+00 | eps_w2=3.583220e-02
[step   451500] t/d= 903.000 | task1=4.145178e-01 | task2=2.517596e-01 | F1=1.494262e-01 | m1²=0.002052 | m2²=0.995406 | eps_w1=2.644232e+00 | eps_w2=3.553079e-02
[step   451750] t/d= 903.500 | task1=4.144359e-01 | task2=2.517739e-01 | F1=1.493443e-01 | m1²=0.002073 | m2²=0.995429 | eps_w1=2.640825e+00 | eps_w2=3.509484e-02
[step   452000] t/d= 904.000 | task1=4.144516e-01 | task2=2.518314e-01 | F1=1.493599e-01 | m1²=0.002070 | m2²=0.995481 | eps_w1=2.640676e+00 | eps_w2=3.495842e-02
[step   452250] t/d= 904.500 | task1=4.143614e-01 | task2=2.517614e-01 | F1=1.492698e-01 | m1²=0.002065 | m2²=0.995484 | eps_w1=2.639081e+00 | eps_w2=3.476827e-02
[step   452500] t/d= 905.000 | task1=4.144239e-01 | task2=2.517647e-01 | F1=1.493323e-01 | m1²=0.002030 | m2²=0.995489 | eps_w1=2.640248e+00 | eps_w2=3.487830e-02
[step   452750] t/d= 905.500 | task1=4.144634e-01 | task2=2.518004e-01 | F1=1.493718e-01 | m1²=0.002039 | m2²=0.995525 | eps_w1=2.641107e+00 | eps_w2=3.489560e-02
[step   453000] t/d= 906.000 | task1=4.144621e-01 | task2=2.517825e-01 | F1=1.493705e-01 | m1²=0.001988 | m2²=0.995506 | eps_w1=2.640402e+00 | eps_w2=3.484492e-02
[step   453250] t/d= 906.500 | task1=4.145345e-01 | task2=2.518099e-01 | F1=1.494428e-01 | m1²=0.001946 | m2²=0.995526 | eps_w1=2.640903e+00 | eps_w2=3.484374e-02
[step   453500] t/d= 907.000 | task1=4.145604e-01 | task2=2.517772e-01 | F1=1.494688e-01 | m1²=0.001954 | m2²=0.995446 | eps_w1=2.642596e+00 | eps_w2=3.522377e-02
[step   453750] t/d= 907.500 | task1=4.146976e-01 | task2=2.518027e-01 | F1=1.496059e-01 | m1²=0.001968 | m2²=0.995436 | eps_w1=2.645690e+00 | eps_w2=3.560371e-02
[step   454000] t/d= 908.000 | task1=4.145772e-01 | task2=2.518047e-01 | F1=1.494856e-01 | m1²=0.001967 | m2²=0.995482 | eps_w1=2.644716e+00 | eps_w2=3.538447e-02
[step   454250] t/d= 908.500 | task1=4.145919e-01 | task2=2.517674e-01 | F1=1.495002e-01 | m1²=0.001936 | m2²=0.995451 | eps_w1=2.645461e+00 | eps_w2=3.553205e-02
[step   454500] t/d= 909.000 | task1=4.145664e-01 | task2=2.517885e-01 | F1=1.494748e-01 | m1²=0.001942 | m2²=0.995477 | eps_w1=2.646234e+00 | eps_w2=3.556266e-02
[step   454750] t/d= 909.500 | task1=4.145236e-01 | task2=2.517747e-01 | F1=1.494320e-01 | m1²=0.001940 | m2²=0.995452 | eps_w1=2.645169e+00 | eps_w2=3.549797e-02
[step   455000] t/d= 910.000 | task1=4.145393e-01 | task2=2.518092e-01 | F1=1.494477e-01 | m1²=0.001931 | m2²=0.995442 | eps_w1=2.644981e+00 | eps_w2=3.549750e-02
[step   455250] t/d= 910.500 | task1=4.146704e-01 | task2=2.517768e-01 | F1=1.495787e-01 | m1²=0.001959 | m2²=0.995437 | eps_w1=2.649835e+00 | eps_w2=3.607415e-02
[step   455500] t/d= 911.000 | task1=4.146867e-01 | task2=2.517390e-01 | F1=1.495951e-01 | m1²=0.001954 | m2²=0.995405 | eps_w1=2.649226e+00 | eps_w2=3.607572e-02
[step   455750] t/d= 911.500 | task1=4.146827e-01 | task2=2.517368e-01 | F1=1.495910e-01 | m1²=0.001957 | m2²=0.995359 | eps_w1=2.648058e+00 | eps_w2=3.605043e-02
[step   456000] t/d= 912.000 | task1=4.147201e-01 | task2=2.517027e-01 | F1=1.496285e-01 | m1²=0.001957 | m2²=0.995352 | eps_w1=2.648521e+00 | eps_w2=3.612007e-02
[step   456250] t/d= 912.500 | task1=4.146001e-01 | task2=2.516671e-01 | F1=1.495085e-01 | m1²=0.001949 | m2²=0.995361 | eps_w1=2.646262e+00 | eps_w2=3.583707e-02
[step   456500] t/d= 913.000 | task1=4.145875e-01 | task2=2.516620e-01 | F1=1.494959e-01 | m1²=0.001955 | m2²=0.995373 | eps_w1=2.645945e+00 | eps_w2=3.577543e-02
[step   456750] t/d= 913.500 | task1=4.144778e-01 | task2=2.516130e-01 | F1=1.493862e-01 | m1²=0.001964 | m2²=0.995387 | eps_w1=2.643659e+00 | eps_w2=3.548469e-02
[step   457000] t/d= 914.000 | task1=4.145572e-01 | task2=2.516011e-01 | F1=1.494655e-01 | m1²=0.001980 | m2²=0.995360 | eps_w1=2.643274e+00 | eps_w2=3.550606e-02
[step   457250] t/d= 914.500 | task1=4.145013e-01 | task2=2.516378e-01 | F1=1.494097e-01 | m1²=0.001986 | m2²=0.995332 | eps_w1=2.641863e+00 | eps_w2=3.541287e-02
[step   457500] t/d= 915.000 | task1=4.145187e-01 | task2=2.515858e-01 | F1=1.494270e-01 | m1²=0.001983 | m2²=0.995328 | eps_w1=2.641439e+00 | eps_w2=3.537299e-02
[step   457750] t/d= 915.500 | task1=4.146367e-01 | task2=2.515224e-01 | F1=1.495451e-01 | m1²=0.001982 | m2²=0.995291 | eps_w1=2.643795e+00 | eps_w2=3.572572e-02
[step   458000] t/d= 916.000 | task1=4.147649e-01 | task2=2.515441e-01 | F1=1.496732e-01 | m1²=0.001958 | m2²=0.995222 | eps_w1=2.646983e+00 | eps_w2=3.624467e-02
[step   458250] t/d= 916.500 | task1=4.147477e-01 | task2=2.515731e-01 | F1=1.496561e-01 | m1²=0.001940 | m2²=0.995167 | eps_w1=2.646368e+00 | eps_w2=3.629641e-02
[step   458500] t/d= 917.000 | task1=4.146823e-01 | task2=2.516115e-01 | F1=1.495907e-01 | m1²=0.001950 | m2²=0.995226 | eps_w1=2.646852e+00 | eps_w2=3.621857e-02
[step   458750] t/d= 917.500 | task1=4.147658e-01 | task2=2.516601e-01 | F1=1.496741e-01 | m1²=0.001962 | m2²=0.995193 | eps_w1=2.648531e+00 | eps_w2=3.649078e-02
[step   459000] t/d= 918.000 | task1=4.146807e-01 | task2=2.516450e-01 | F1=1.495890e-01 | m1²=0.001959 | m2²=0.995188 | eps_w1=2.646453e+00 | eps_w2=3.626155e-02
[step   459250] t/d= 918.500 | task1=4.147415e-01 | task2=2.516123e-01 | F1=1.496499e-01 | m1²=0.001927 | m2²=0.995245 | eps_w1=2.646467e+00 | eps_w2=3.612342e-02
[step   459500] t/d= 919.000 | task1=4.146914e-01 | task2=2.516322e-01 | F1=1.495998e-01 | m1²=0.001960 | m2²=0.995232 | eps_w1=2.644346e+00 | eps_w2=3.592008e-02
[step   459750] t/d= 919.500 | task1=4.146015e-01 | task2=2.516242e-01 | F1=1.495098e-01 | m1²=0.001975 | m2²=0.995271 | eps_w1=2.643794e+00 | eps_w2=3.577097e-02
[step   460000] t/d= 920.000 | task1=4.146090e-01 | task2=2.516418e-01 | F1=1.495173e-01 | m1²=0.001930 | m2²=0.995237 | eps_w1=2.643753e+00 | eps_w2=3.583189e-02
[step   460250] t/d= 920.500 | task1=4.146024e-01 | task2=2.516327e-01 | F1=1.495108e-01 | m1²=0.001954 | m2²=0.995296 | eps_w1=2.644075e+00 | eps_w2=3.573829e-02
[step   460500] t/d= 921.000 | task1=4.146368e-01 | task2=2.516026e-01 | F1=1.495451e-01 | m1²=0.001939 | m2²=0.995307 | eps_w1=2.645065e+00 | eps_w2=3.582111e-02
[step   460750] t/d= 921.500 | task1=4.146381e-01 | task2=2.516056e-01 | F1=1.495465e-01 | m1²=0.001950 | m2²=0.995349 | eps_w1=2.646930e+00 | eps_w2=3.594167e-02
[step   461000] t/d= 922.000 | task1=4.145822e-01 | task2=2.516325e-01 | F1=1.494905e-01 | m1²=0.001984 | m2²=0.995457 | eps_w1=2.646238e+00 | eps_w2=3.562219e-02
[step   461250] t/d= 922.500 | task1=4.145335e-01 | task2=2.516610e-01 | F1=1.494419e-01 | m1²=0.001970 | m2²=0.995529 | eps_w1=2.645217e+00 | eps_w2=3.533466e-02
[step   461500] t/d= 923.000 | task1=4.145579e-01 | task2=2.516488e-01 | F1=1.494663e-01 | m1²=0.001937 | m2²=0.995534 | eps_w1=2.642006e+00 | eps_w2=3.494621e-02
[step   461750] t/d= 923.500 | task1=4.145940e-01 | task2=2.516113e-01 | F1=1.495024e-01 | m1²=0.001940 | m2²=0.995590 | eps_w1=2.642152e+00 | eps_w2=3.483413e-02
[step   462000] t/d= 924.000 | task1=4.145993e-01 | task2=2.516236e-01 | F1=1.495077e-01 | m1²=0.001968 | m2²=0.995611 | eps_w1=2.642862e+00 | eps_w2=3.487597e-02
[step   462250] t/d= 924.500 | task1=4.146845e-01 | task2=2.516416e-01 | F1=1.495929e-01 | m1²=0.001929 | m2²=0.995582 | eps_w1=2.643739e+00 | eps_w2=3.503126e-02
[step   462500] t/d= 925.000 | task1=4.146787e-01 | task2=2.516509e-01 | F1=1.495871e-01 | m1²=0.001974 | m2²=0.995566 | eps_w1=2.642816e+00 | eps_w2=3.497716e-02
[step   462750] t/d= 925.500 | task1=4.146736e-01 | task2=2.516631e-01 | F1=1.495820e-01 | m1²=0.001964 | m2²=0.995554 | eps_w1=2.644238e+00 | eps_w2=3.516359e-02
[step   463000] t/d= 926.000 | task1=4.147307e-01 | task2=2.516876e-01 | F1=1.496391e-01 | m1²=0.001949 | m2²=0.995541 | eps_w1=2.645998e+00 | eps_w2=3.539022e-02
[step   463250] t/d= 926.500 | task1=4.146172e-01 | task2=2.517362e-01 | F1=1.495256e-01 | m1²=0.001995 | m2²=0.995522 | eps_w1=2.643114e+00 | eps_w2=3.511904e-02
[step   463500] t/d= 927.000 | task1=4.147008e-01 | task2=2.517599e-01 | F1=1.496092e-01 | m1²=0.001993 | m2²=0.995532 | eps_w1=2.644924e+00 | eps_w2=3.529949e-02
[step   463750] t/d= 927.500 | task1=4.146049e-01 | task2=2.517511e-01 | F1=1.495133e-01 | m1²=0.002033 | m2²=0.995540 | eps_w1=2.643145e+00 | eps_w2=3.509190e-02
[step   464000] t/d= 928.000 | task1=4.146465e-01 | task2=2.517865e-01 | F1=1.495549e-01 | m1²=0.002046 | m2²=0.995519 | eps_w1=2.644333e+00 | eps_w2=3.527845e-02
[step   464250] t/d= 928.500 | task1=4.146074e-01 | task2=2.517818e-01 | F1=1.495158e-01 | m1²=0.002028 | m2²=0.995498 | eps_w1=2.642967e+00 | eps_w2=3.516572e-02
[step   464500] t/d= 929.000 | task1=4.145401e-01 | task2=2.517833e-01 | F1=1.494485e-01 | m1²=0.002008 | m2²=0.995530 | eps_w1=2.641251e+00 | eps_w2=3.489171e-02
[step   464750] t/d= 929.500 | task1=4.145318e-01 | task2=2.518223e-01 | F1=1.494402e-01 | m1²=0.002024 | m2²=0.995544 | eps_w1=2.641160e+00 | eps_w2=3.485346e-02
[step   465000] t/d= 930.000 | task1=4.144996e-01 | task2=2.518051e-01 | F1=1.494080e-01 | m1²=0.002032 | m2²=0.995510 | eps_w1=2.641034e+00 | eps_w2=3.491975e-02
[step   465250] t/d= 930.500 | task1=4.143715e-01 | task2=2.518020e-01 | F1=1.492799e-01 | m1²=0.002044 | m2²=0.995487 | eps_w1=2.638113e+00 | eps_w2=3.464595e-02
[step   465500] t/d= 931.000 | task1=4.143048e-01 | task2=2.517822e-01 | F1=1.492132e-01 | m1²=0.002027 | m2²=0.995435 | eps_w1=2.637456e+00 | eps_w2=3.468831e-02
[step   465750] t/d= 931.500 | task1=4.143967e-01 | task2=2.518615e-01 | F1=1.493051e-01 | m1²=0.002049 | m2²=0.995407 | eps_w1=2.641142e+00 | eps_w2=3.517679e-02
[step   466000] t/d= 932.000 | task1=4.144158e-01 | task2=2.518562e-01 | F1=1.493242e-01 | m1²=0.002038 | m2²=0.995446 | eps_w1=2.641856e+00 | eps_w2=3.516397e-02
[step   466250] t/d= 932.500 | task1=4.143595e-01 | task2=2.518838e-01 | F1=1.492679e-01 | m1²=0.002036 | m2²=0.995389 | eps_w1=2.640538e+00 | eps_w2=3.514446e-02
[step   466500] t/d= 933.000 | task1=4.143947e-01 | task2=2.518896e-01 | F1=1.493031e-01 | m1²=0.002050 | m2²=0.995451 | eps_w1=2.641783e+00 | eps_w2=3.514703e-02
[step   466750] t/d= 933.500 | task1=4.142669e-01 | task2=2.518175e-01 | F1=1.491753e-01 | m1²=0.002052 | m2²=0.995434 | eps_w1=2.640376e+00 | eps_w2=3.502629e-02
[step   467000] t/d= 934.000 | task1=4.143791e-01 | task2=2.518381e-01 | F1=1.492874e-01 | m1²=0.002032 | m2²=0.995471 | eps_w1=2.643366e+00 | eps_w2=3.527656e-02
[step   467250] t/d= 934.500 | task1=4.143859e-01 | task2=2.518291e-01 | F1=1.492942e-01 | m1²=0.002074 | m2²=0.995483 | eps_w1=2.643837e+00 | eps_w2=3.531364e-02
[step   467500] t/d= 935.000 | task1=4.143894e-01 | task2=2.518891e-01 | F1=1.492977e-01 | m1²=0.002076 | m2²=0.995465 | eps_w1=2.642459e+00 | eps_w2=3.519992e-02
[step   467750] t/d= 935.500 | task1=4.144672e-01 | task2=2.518396e-01 | F1=1.493755e-01 | m1²=0.002051 | m2²=0.995414 | eps_w1=2.644055e+00 | eps_w2=3.549216e-02
[step   468000] t/d= 936.000 | task1=4.144493e-01 | task2=2.518362e-01 | F1=1.493577e-01 | m1²=0.002057 | m2²=0.995417 | eps_w1=2.643460e+00 | eps_w2=3.541834e-02
[step   468250] t/d= 936.500 | task1=4.143972e-01 | task2=2.518590e-01 | F1=1.493056e-01 | m1²=0.002053 | m2²=0.995435 | eps_w1=2.641743e+00 | eps_w2=3.517969e-02
[step   468500] t/d= 937.000 | task1=4.144974e-01 | task2=2.518863e-01 | F1=1.494058e-01 | m1²=0.002072 | m2²=0.995459 | eps_w1=2.643918e+00 | eps_w2=3.537811e-02
[step   468750] t/d= 937.500 | task1=4.145062e-01 | task2=2.518553e-01 | F1=1.494146e-01 | m1²=0.002043 | m2²=0.995433 | eps_w1=2.643651e+00 | eps_w2=3.539892e-02
[step   469000] t/d= 938.000 | task1=4.146142e-01 | task2=2.518372e-01 | F1=1.495225e-01 | m1²=0.002058 | m2²=0.995412 | eps_w1=2.646126e+00 | eps_w2=3.573475e-02
[step   469250] t/d= 938.500 | task1=4.145142e-01 | task2=2.518081e-01 | F1=1.494226e-01 | m1²=0.002080 | m2²=0.995381 | eps_w1=2.645102e+00 | eps_w2=3.569691e-02
[step   469500] t/d= 939.000 | task1=4.146767e-01 | task2=2.518694e-01 | F1=1.495850e-01 | m1²=0.002079 | m2²=0.995369 | eps_w1=2.647964e+00 | eps_w2=3.605127e-02
[step   469750] t/d= 939.500 | task1=4.147088e-01 | task2=2.518408e-01 | F1=1.496172e-01 | m1²=0.002088 | m2²=0.995358 | eps_w1=2.650047e+00 | eps_w2=3.631948e-02
[step   470000] t/d= 940.000 | task1=4.146244e-01 | task2=2.518160e-01 | F1=1.495328e-01 | m1²=0.002095 | m2²=0.995412 | eps_w1=2.648072e+00 | eps_w2=3.596890e-02
[step   470250] t/d= 940.500 | task1=4.144828e-01 | task2=2.518259e-01 | F1=1.493912e-01 | m1²=0.002137 | m2²=0.995449 | eps_w1=2.646278e+00 | eps_w2=3.568977e-02
[step   470500] t/d= 941.000 | task1=4.145028e-01 | task2=2.518218e-01 | F1=1.494112e-01 | m1²=0.002172 | m2²=0.995441 | eps_w1=2.646024e+00 | eps_w2=3.568881e-02
[step   470750] t/d= 941.500 | task1=4.145695e-01 | task2=2.517934e-01 | F1=1.494779e-01 | m1²=0.002142 | m2²=0.995455 | eps_w1=2.645809e+00 | eps_w2=3.562396e-02
[step   471000] t/d= 942.000 | task1=4.145048e-01 | task2=2.518350e-01 | F1=1.494132e-01 | m1²=0.002159 | m2²=0.995457 | eps_w1=2.643606e+00 | eps_w2=3.537234e-02
[step   471250] t/d= 942.500 | task1=4.144128e-01 | task2=2.518318e-01 | F1=1.493211e-01 | m1²=0.002170 | m2²=0.995454 | eps_w1=2.643060e+00 | eps_w2=3.532098e-02
[step   471500] t/d= 943.000 | task1=4.144563e-01 | task2=2.518614e-01 | F1=1.493647e-01 | m1²=0.002175 | m2²=0.995545 | eps_w1=2.642941e+00 | eps_w2=3.509681e-02
[step   471750] t/d= 943.500 | task1=4.145255e-01 | task2=2.518828e-01 | F1=1.494339e-01 | m1²=0.002161 | m2²=0.995484 | eps_w1=2.643936e+00 | eps_w2=3.534900e-02
[step   472000] t/d= 944.000 | task1=4.144484e-01 | task2=2.519081e-01 | F1=1.493568e-01 | m1²=0.002135 | m2²=0.995408 | eps_w1=2.642122e+00 | eps_w2=3.531059e-02
[step   472250] t/d= 944.500 | task1=4.145258e-01 | task2=2.518666e-01 | F1=1.494342e-01 | m1²=0.002126 | m2²=0.995397 | eps_w1=2.642491e+00 | eps_w2=3.537445e-02
[step   472500] t/d= 945.000 | task1=4.145904e-01 | task2=2.519137e-01 | F1=1.494988e-01 | m1²=0.002080 | m2²=0.995371 | eps_w1=2.643925e+00 | eps_w2=3.558377e-02
[step   472750] t/d= 945.500 | task1=4.146844e-01 | task2=2.519015e-01 | F1=1.495928e-01 | m1²=0.002081 | m2²=0.995369 | eps_w1=2.645784e+00 | eps_w2=3.580113e-02
[step   473000] t/d= 946.000 | task1=4.146585e-01 | task2=2.518777e-01 | F1=1.495668e-01 | m1²=0.002096 | m2²=0.995393 | eps_w1=2.645995e+00 | eps_w2=3.577502e-02
[step   473250] t/d= 946.500 | task1=4.146805e-01 | task2=2.518805e-01 | F1=1.495889e-01 | m1²=0.002150 | m2²=0.995437 | eps_w1=2.645859e+00 | eps_w2=3.567484e-02
[step   473500] t/d= 947.000 | task1=4.146060e-01 | task2=2.518750e-01 | F1=1.495144e-01 | m1²=0.002164 | m2²=0.995492 | eps_w1=2.643381e+00 | eps_w2=3.526723e-02
[step   473750] t/d= 947.500 | task1=4.146399e-01 | task2=2.518731e-01 | F1=1.495482e-01 | m1²=0.002217 | m2²=0.995582 | eps_w1=2.642339e+00 | eps_w2=3.495525e-02
[step   474000] t/d= 948.000 | task1=4.146178e-01 | task2=2.518672e-01 | F1=1.495262e-01 | m1²=0.002227 | m2²=0.995574 | eps_w1=2.642573e+00 | eps_w2=3.500355e-02
[step   474250] t/d= 948.500 | task1=4.146628e-01 | task2=2.519238e-01 | F1=1.495712e-01 | m1²=0.002202 | m2²=0.995534 | eps_w1=2.644120e+00 | eps_w2=3.526560e-02
[step   474500] t/d= 949.000 | task1=4.147054e-01 | task2=2.518976e-01 | F1=1.496137e-01 | m1²=0.002231 | m2²=0.995503 | eps_w1=2.646552e+00 | eps_w2=3.562498e-02
[step   474750] t/d= 949.500 | task1=4.145917e-01 | task2=2.519267e-01 | F1=1.495001e-01 | m1²=0.002236 | m2²=0.995497 | eps_w1=2.643942e+00 | eps_w2=3.534042e-02
[step   475000] t/d= 950.000 | task1=4.145569e-01 | task2=2.519360e-01 | F1=1.494653e-01 | m1²=0.002235 | m2²=0.995434 | eps_w1=2.643247e+00 | eps_w2=3.540591e-02
[step   475250] t/d= 950.500 | task1=4.144979e-01 | task2=2.520117e-01 | F1=1.494063e-01 | m1²=0.002252 | m2²=0.995411 | eps_w1=2.643749e+00 | eps_w2=3.552203e-02
[step   475500] t/d= 951.000 | task1=4.144488e-01 | task2=2.520534e-01 | F1=1.493572e-01 | m1²=0.002229 | m2²=0.995359 | eps_w1=2.643638e+00 | eps_w2=3.562422e-02
[step   475750] t/d= 951.500 | task1=4.145370e-01 | task2=2.520687e-01 | F1=1.494454e-01 | m1²=0.002173 | m2²=0.995354 | eps_w1=2.644307e+00 | eps_w2=3.569556e-02
[step   476000] t/d= 952.000 | task1=4.144783e-01 | task2=2.520415e-01 | F1=1.493867e-01 | m1²=0.002174 | m2²=0.995397 | eps_w1=2.640967e+00 | eps_w2=3.521586e-02
[step   476250] t/d= 952.500 | task1=4.145141e-01 | task2=2.520530e-01 | F1=1.494225e-01 | m1²=0.002197 | m2²=0.995413 | eps_w1=2.643243e+00 | eps_w2=3.544319e-02
[step   476500] t/d= 953.000 | task1=4.145428e-01 | task2=2.520481e-01 | F1=1.494512e-01 | m1²=0.002216 | m2²=0.995346 | eps_w1=2.643923e+00 | eps_w2=3.568161e-02
[step   476750] t/d= 953.500 | task1=4.145496e-01 | task2=2.520214e-01 | F1=1.494580e-01 | m1²=0.002226 | m2²=0.995395 | eps_w1=2.642780e+00 | eps_w2=3.544172e-02
[step   477000] t/d= 954.000 | task1=4.145426e-01 | task2=2.520341e-01 | F1=1.494510e-01 | m1²=0.002256 | m2²=0.995345 | eps_w1=2.642865e+00 | eps_w2=3.557491e-02
[step   477250] t/d= 954.500 | task1=4.146455e-01 | task2=2.520362e-01 | F1=1.495539e-01 | m1²=0.002270 | m2²=0.995313 | eps_w1=2.645697e+00 | eps_w2=3.597666e-02
[step   477500] t/d= 955.000 | task1=4.146353e-01 | task2=2.520462e-01 | F1=1.495436e-01 | m1²=0.002266 | m2²=0.995309 | eps_w1=2.647108e+00 | eps_w2=3.614774e-02
[step   477750] t/d= 955.500 | task1=4.146024e-01 | task2=2.520413e-01 | F1=1.495107e-01 | m1²=0.002299 | m2²=0.995261 | eps_w1=2.645914e+00 | eps_w2=3.613080e-02
[step   478000] t/d= 956.000 | task1=4.146259e-01 | task2=2.520624e-01 | F1=1.495343e-01 | m1²=0.002308 | m2²=0.995256 | eps_w1=2.646414e+00 | eps_w2=3.620390e-02
[step   478250] t/d= 956.500 | task1=4.146159e-01 | task2=2.520664e-01 | F1=1.495242e-01 | m1²=0.002252 | m2²=0.995248 | eps_w1=2.645174e+00 | eps_w2=3.606368e-02
[step   478500] t/d= 957.000 | task1=4.145998e-01 | task2=2.520960e-01 | F1=1.495082e-01 | m1²=0.002247 | m2²=0.995209 | eps_w1=2.645733e+00 | eps_w2=3.621620e-02
[step   478750] t/d= 957.500 | task1=4.146516e-01 | task2=2.521376e-01 | F1=1.495599e-01 | m1²=0.002236 | m2²=0.995214 | eps_w1=2.646628e+00 | eps_w2=3.630484e-02
[step   479000] t/d= 958.000 | task1=4.147344e-01 | task2=2.521382e-01 | F1=1.496428e-01 | m1²=0.002277 | m2²=0.995222 | eps_w1=2.647922e+00 | eps_w2=3.644623e-02
[step   479250] t/d= 958.500 | task1=4.148093e-01 | task2=2.521338e-01 | F1=1.497177e-01 | m1²=0.002290 | m2²=0.995219 | eps_w1=2.649298e+00 | eps_w2=3.661627e-02
[step   479500] t/d= 959.000 | task1=4.148641e-01 | task2=2.521274e-01 | F1=1.497725e-01 | m1²=0.002318 | m2²=0.995158 | eps_w1=2.649430e+00 | eps_w2=3.678095e-02
[step   479750] t/d= 959.500 | task1=4.148356e-01 | task2=2.521559e-01 | F1=1.497440e-01 | m1²=0.002342 | m2²=0.995104 | eps_w1=2.648564e+00 | eps_w2=3.681320e-02
[step   480000] t/d= 960.000 | task1=4.148976e-01 | task2=2.520954e-01 | F1=1.498059e-01 | m1²=0.002329 | m2²=0.995166 | eps_w1=2.649945e+00 | eps_w2=3.682611e-02
[step   480250] t/d= 960.500 | task1=4.148441e-01 | task2=2.521083e-01 | F1=1.497524e-01 | m1²=0.002270 | m2²=0.995104 | eps_w1=2.647360e+00 | eps_w2=3.665332e-02
[step   480500] t/d= 961.000 | task1=4.148052e-01 | task2=2.521696e-01 | F1=1.497135e-01 | m1²=0.002242 | m2²=0.995081 | eps_w1=2.647555e+00 | eps_w2=3.672012e-02
[step   480750] t/d= 961.500 | task1=4.148503e-01 | task2=2.522108e-01 | F1=1.497587e-01 | m1²=0.002227 | m2²=0.995024 | eps_w1=2.649431e+00 | eps_w2=3.706576e-02
[step   481000] t/d= 962.000 | task1=4.148066e-01 | task2=2.522182e-01 | F1=1.497149e-01 | m1²=0.002210 | m2²=0.994992 | eps_w1=2.649183e+00 | eps_w2=3.710459e-02
[step   481250] t/d= 962.500 | task1=4.148456e-01 | task2=2.521974e-01 | F1=1.497540e-01 | m1²=0.002231 | m2²=0.994959 | eps_w1=2.649099e+00 | eps_w2=3.717781e-02
[step   481500] t/d= 963.000 | task1=4.150152e-01 | task2=2.521803e-01 | F1=1.499236e-01 | m1²=0.002231 | m2²=0.995035 | eps_w1=2.652171e+00 | eps_w2=3.735788e-02
[step   481750] t/d= 963.500 | task1=4.150584e-01 | task2=2.521614e-01 | F1=1.499668e-01 | m1²=0.002219 | m2²=0.995029 | eps_w1=2.653050e+00 | eps_w2=3.747038e-02
[step   482000] t/d= 964.000 | task1=4.150494e-01 | task2=2.521582e-01 | F1=1.499578e-01 | m1²=0.002224 | m2²=0.995010 | eps_w1=2.652209e+00 | eps_w2=3.741796e-02
[step   482250] t/d= 964.500 | task1=4.151299e-01 | task2=2.521367e-01 | F1=1.500383e-01 | m1²=0.002185 | m2²=0.995066 | eps_w1=2.653954e+00 | eps_w2=3.748048e-02
[step   482500] t/d= 965.000 | task1=4.152049e-01 | task2=2.521438e-01 | F1=1.501132e-01 | m1²=0.002186 | m2²=0.995015 | eps_w1=2.655096e+00 | eps_w2=3.773259e-02
[step   482750] t/d= 965.500 | task1=4.152062e-01 | task2=2.521270e-01 | F1=1.501146e-01 | m1²=0.002184 | m2²=0.994986 | eps_w1=2.652548e+00 | eps_w2=3.750061e-02
[step   483000] t/d= 966.000 | task1=4.152122e-01 | task2=2.521989e-01 | F1=1.501205e-01 | m1²=0.002173 | m2²=0.995056 | eps_w1=2.652112e+00 | eps_w2=3.728448e-02
[step   483250] t/d= 966.500 | task1=4.151807e-01 | task2=2.521948e-01 | F1=1.500891e-01 | m1²=0.002150 | m2²=0.995037 | eps_w1=2.651308e+00 | eps_w2=3.722886e-02
[step   483500] t/d= 967.000 | task1=4.151659e-01 | task2=2.521682e-01 | F1=1.500743e-01 | m1²=0.002173 | m2²=0.995003 | eps_w1=2.652148e+00 | eps_w2=3.741242e-02
[step   483750] t/d= 967.500 | task1=4.151692e-01 | task2=2.521887e-01 | F1=1.500776e-01 | m1²=0.002153 | m2²=0.994990 | eps_w1=2.652004e+00 | eps_w2=3.741888e-02
[step   484000] t/d= 968.000 | task1=4.152417e-01 | task2=2.521857e-01 | F1=1.501501e-01 | m1²=0.002164 | m2²=0.994990 | eps_w1=2.653911e+00 | eps_w2=3.764544e-02
[step   484250] t/d= 968.500 | task1=4.153658e-01 | task2=2.521718e-01 | F1=1.502742e-01 | m1²=0.002192 | m2²=0.995018 | eps_w1=2.655726e+00 | eps_w2=3.780147e-02
[step   484500] t/d= 969.000 | task1=4.153576e-01 | task2=2.521960e-01 | F1=1.502660e-01 | m1²=0.002204 | m2²=0.995062 | eps_w1=2.654525e+00 | eps_w2=3.756085e-02
[step   484750] t/d= 969.500 | task1=4.154591e-01 | task2=2.522151e-01 | F1=1.503675e-01 | m1²=0.002194 | m2²=0.995098 | eps_w1=2.656464e+00 | eps_w2=3.770124e-02
[step   485000] t/d= 970.000 | task1=4.154488e-01 | task2=2.522543e-01 | F1=1.503571e-01 | m1²=0.002182 | m2²=0.995113 | eps_w1=2.656673e+00 | eps_w2=3.768771e-02
[step   485250] t/d= 970.500 | task1=4.154324e-01 | task2=2.522410e-01 | F1=1.503408e-01 | m1²=0.002122 | m2²=0.995110 | eps_w1=2.657765e+00 | eps_w2=3.780362e-02
[step   485500] t/d= 971.000 | task1=4.154587e-01 | task2=2.522337e-01 | F1=1.503671e-01 | m1²=0.002140 | m2²=0.995130 | eps_w1=2.658068e+00 | eps_w2=3.779765e-02
[step   485750] t/d= 971.500 | task1=4.154484e-01 | task2=2.522797e-01 | F1=1.503567e-01 | m1²=0.002149 | m2²=0.995113 | eps_w1=2.657906e+00 | eps_w2=3.782166e-02
[step   486000] t/d= 972.000 | task1=4.154450e-01 | task2=2.522674e-01 | F1=1.503533e-01 | m1²=0.002141 | m2²=0.995139 | eps_w1=2.657178e+00 | eps_w2=3.767381e-02
[step   486250] t/d= 972.500 | task1=4.155592e-01 | task2=2.522991e-01 | F1=1.504676e-01 | m1²=0.002103 | m2²=0.995210 | eps_w1=2.659306e+00 | eps_w2=3.774706e-02
[step   486500] t/d= 973.000 | task1=4.155474e-01 | task2=2.523760e-01 | F1=1.504558e-01 | m1²=0.002094 | m2²=0.995199 | eps_w1=2.659519e+00 | eps_w2=3.779451e-02
[step   486750] t/d= 973.500 | task1=4.155481e-01 | task2=2.523741e-01 | F1=1.504564e-01 | m1²=0.002081 | m2²=0.995201 | eps_w1=2.659307e+00 | eps_w2=3.776085e-02
[step   487000] t/d= 974.000 | task1=4.155515e-01 | task2=2.523364e-01 | F1=1.504599e-01 | m1²=0.002080 | m2²=0.995169 | eps_w1=2.659340e+00 | eps_w2=3.783859e-02
[step   487250] t/d= 974.500 | task1=4.156538e-01 | task2=2.523112e-01 | F1=1.505622e-01 | m1²=0.002086 | m2²=0.995145 | eps_w1=2.661635e+00 | eps_w2=3.816628e-02
[step   487500] t/d= 975.000 | task1=4.156006e-01 | task2=2.522748e-01 | F1=1.505090e-01 | m1²=0.002058 | m2²=0.995204 | eps_w1=2.659077e+00 | eps_w2=3.772046e-02
[step   487750] t/d= 975.500 | task1=4.156883e-01 | task2=2.522777e-01 | F1=1.505967e-01 | m1²=0.002043 | m2²=0.995227 | eps_w1=2.661106e+00 | eps_w2=3.790123e-02
[step   488000] t/d= 976.000 | task1=4.157867e-01 | task2=2.522943e-01 | F1=1.506951e-01 | m1²=0.002021 | m2²=0.995257 | eps_w1=2.663325e+00 | eps_w2=3.808638e-02
[step   488250] t/d= 976.500 | task1=4.156364e-01 | task2=2.523084e-01 | F1=1.505447e-01 | m1²=0.002027 | m2²=0.995208 | eps_w1=2.659719e+00 | eps_w2=3.777709e-02
[step   488500] t/d= 977.000 | task1=4.157202e-01 | task2=2.522686e-01 | F1=1.506285e-01 | m1²=0.002021 | m2²=0.995211 | eps_w1=2.661724e+00 | eps_w2=3.800466e-02
[step   488750] t/d= 977.500 | task1=4.157535e-01 | task2=2.521709e-01 | F1=1.506619e-01 | m1²=0.002052 | m2²=0.995196 | eps_w1=2.663316e+00 | eps_w2=3.823556e-02
[step   489000] t/d= 978.000 | task1=4.157092e-01 | task2=2.521434e-01 | F1=1.506176e-01 | m1²=0.002043 | m2²=0.995164 | eps_w1=2.662678e+00 | eps_w2=3.823287e-02
[step   489250] t/d= 978.500 | task1=4.157323e-01 | task2=2.521602e-01 | F1=1.506407e-01 | m1²=0.002040 | m2²=0.995132 | eps_w1=2.663938e+00 | eps_w2=3.845494e-02
[step   489500] t/d= 979.000 | task1=4.157093e-01 | task2=2.521667e-01 | F1=1.506177e-01 | m1²=0.002021 | m2²=0.995150 | eps_w1=2.664829e+00 | eps_w2=3.851314e-02
[step   489750] t/d= 979.500 | task1=4.157182e-01 | task2=2.521964e-01 | F1=1.506266e-01 | m1²=0.002000 | m2²=0.995170 | eps_w1=2.664960e+00 | eps_w2=3.847658e-02
[step   490000] t/d= 980.000 | task1=4.157796e-01 | task2=2.522119e-01 | F1=1.506880e-01 | m1²=0.001974 | m2²=0.995150 | eps_w1=2.666883e+00 | eps_w2=3.874409e-02
[step   490250] t/d= 980.500 | task1=4.157514e-01 | task2=2.522521e-01 | F1=1.506598e-01 | m1²=0.001981 | m2²=0.995084 | eps_w1=2.669324e+00 | eps_w2=3.919120e-02
[step   490500] t/d= 981.000 | task1=4.157854e-01 | task2=2.522095e-01 | F1=1.506938e-01 | m1²=0.001981 | m2²=0.995087 | eps_w1=2.672612e+00 | eps_w2=3.957765e-02
[step   490750] t/d= 981.500 | task1=4.157177e-01 | task2=2.522201e-01 | F1=1.506260e-01 | m1²=0.001994 | m2²=0.995168 | eps_w1=2.673780e+00 | eps_w2=3.953353e-02
[step   491000] t/d= 982.000 | task1=4.158341e-01 | task2=2.522438e-01 | F1=1.507424e-01 | m1²=0.002012 | m2²=0.995172 | eps_w1=2.675546e+00 | eps_w2=3.974264e-02
[step   491250] t/d= 982.500 | task1=4.156272e-01 | task2=2.522620e-01 | F1=1.505356e-01 | m1²=0.002027 | m2²=0.995204 | eps_w1=2.670088e+00 | eps_w2=3.901676e-02
[step   491500] t/d= 983.000 | task1=4.155900e-01 | task2=2.523364e-01 | F1=1.504984e-01 | m1²=0.002026 | m2²=0.995157 | eps_w1=2.668524e+00 | eps_w2=3.893925e-02
[step   491750] t/d= 983.500 | task1=4.153892e-01 | task2=2.523769e-01 | F1=1.502975e-01 | m1²=0.002008 | m2²=0.995204 | eps_w1=2.664800e+00 | eps_w2=3.838115e-02
[step   492000] t/d= 984.000 | task1=4.154474e-01 | task2=2.523485e-01 | F1=1.503558e-01 | m1²=0.002008 | m2²=0.995263 | eps_w1=2.666377e+00 | eps_w2=3.843079e-02
[step   492250] t/d= 984.500 | task1=4.154817e-01 | task2=2.524040e-01 | F1=1.503901e-01 | m1²=0.002003 | m2²=0.995242 | eps_w1=2.667498e+00 | eps_w2=3.861100e-02
[step   492500] t/d= 985.000 | task1=4.154660e-01 | task2=2.524407e-01 | F1=1.503743e-01 | m1²=0.002001 | m2²=0.995251 | eps_w1=2.667115e+00 | eps_w2=3.854364e-02
[step   492750] t/d= 985.500 | task1=4.155220e-01 | task2=2.524034e-01 | F1=1.504304e-01 | m1²=0.001982 | m2²=0.995236 | eps_w1=2.667148e+00 | eps_w2=3.857752e-02
[step   493000] t/d= 986.000 | task1=4.154926e-01 | task2=2.524765e-01 | F1=1.504010e-01 | m1²=0.001980 | m2²=0.995244 | eps_w1=2.665927e+00 | eps_w2=3.841246e-02
[step   493250] t/d= 986.500 | task1=4.154122e-01 | task2=2.524832e-01 | F1=1.503206e-01 | m1²=0.001991 | m2²=0.995276 | eps_w1=2.664931e+00 | eps_w2=3.822357e-02
[step   493500] t/d= 987.000 | task1=4.155660e-01 | task2=2.524271e-01 | F1=1.504743e-01 | m1²=0.001991 | m2²=0.995211 | eps_w1=2.667777e+00 | eps_w2=3.871318e-02
[step   493750] t/d= 987.500 | task1=4.155461e-01 | task2=2.524285e-01 | F1=1.504545e-01 | m1²=0.001980 | m2²=0.995174 | eps_w1=2.666223e+00 | eps_w2=3.860998e-02
[step   494000] t/d= 988.000 | task1=4.154461e-01 | task2=2.524507e-01 | F1=1.503544e-01 | m1²=0.002006 | m2²=0.995164 | eps_w1=2.665330e+00 | eps_w2=3.853504e-02
[step   494250] t/d= 988.500 | task1=4.156061e-01 | task2=2.524993e-01 | F1=1.505145e-01 | m1²=0.002002 | m2²=0.995184 | eps_w1=2.669160e+00 | eps_w2=3.894441e-02
[step   494500] t/d= 989.000 | task1=4.156074e-01 | task2=2.525016e-01 | F1=1.505158e-01 | m1²=0.002025 | m2²=0.995199 | eps_w1=2.669043e+00 | eps_w2=3.890156e-02
[step   494750] t/d= 989.500 | task1=4.154250e-01 | task2=2.525235e-01 | F1=1.503334e-01 | m1²=0.001983 | m2²=0.995182 | eps_w1=2.665805e+00 | eps_w2=3.854224e-02
[step   495000] t/d= 990.000 | task1=4.153803e-01 | task2=2.524989e-01 | F1=1.502887e-01 | m1²=0.002036 | m2²=0.995204 | eps_w1=2.665729e+00 | eps_w2=3.849874e-02
[step   495250] t/d= 990.500 | task1=4.154691e-01 | task2=2.524441e-01 | F1=1.503775e-01 | m1²=0.001986 | m2²=0.995159 | eps_w1=2.666771e+00 | eps_w2=3.871180e-02
[step   495500] t/d= 991.000 | task1=4.154307e-01 | task2=2.525406e-01 | F1=1.503391e-01 | m1²=0.001986 | m2²=0.995158 | eps_w1=2.668516e+00 | eps_w2=3.892213e-02
[step   495750] t/d= 991.500 | task1=4.153940e-01 | task2=2.525043e-01 | F1=1.503023e-01 | m1²=0.002001 | m2²=0.995206 | eps_w1=2.667245e+00 | eps_w2=3.866479e-02
[step   496000] t/d= 992.000 | task1=4.154103e-01 | task2=2.524891e-01 | F1=1.503187e-01 | m1²=0.002006 | m2²=0.995203 | eps_w1=2.667094e+00 | eps_w2=3.865400e-02
[step   496250] t/d= 992.500 | task1=4.154376e-01 | task2=2.524940e-01 | F1=1.503459e-01 | m1²=0.002003 | m2²=0.995172 | eps_w1=2.668108e+00 | eps_w2=3.884786e-02
[step   496500] t/d= 993.000 | task1=4.154118e-01 | task2=2.524604e-01 | F1=1.503201e-01 | m1²=0.002030 | m2²=0.995159 | eps_w1=2.667052e+00 | eps_w2=3.875845e-02
[step   496750] t/d= 993.500 | task1=4.154736e-01 | task2=2.524364e-01 | F1=1.503820e-01 | m1²=0.002012 | m2²=0.995115 | eps_w1=2.665939e+00 | eps_w2=3.872509e-02
[step   497000] t/d= 994.000 | task1=4.153439e-01 | task2=2.524350e-01 | F1=1.502522e-01 | m1²=0.002012 | m2²=0.995072 | eps_w1=2.664345e+00 | eps_w2=3.863485e-02
[step   497250] t/d= 994.500 | task1=4.153232e-01 | task2=2.523931e-01 | F1=1.502316e-01 | m1²=0.002019 | m2²=0.995050 | eps_w1=2.663149e+00 | eps_w2=3.854728e-02
[step   497500] t/d= 995.000 | task1=4.152749e-01 | task2=2.523991e-01 | F1=1.501832e-01 | m1²=0.002058 | m2²=0.995041 | eps_w1=2.662388e+00 | eps_w2=3.848892e-02
[step   497750] t/d= 995.500 | task1=4.153656e-01 | task2=2.523618e-01 | F1=1.502740e-01 | m1²=0.002104 | m2²=0.995084 | eps_w1=2.664145e+00 | eps_w2=3.861175e-02
[step   498000] t/d= 996.000 | task1=4.154107e-01 | task2=2.523645e-01 | F1=1.503191e-01 | m1²=0.002177 | m2²=0.995131 | eps_w1=2.666783e+00 | eps_w2=3.883749e-02
[step   498250] t/d= 996.500 | task1=4.155106e-01 | task2=2.523745e-01 | F1=1.504189e-01 | m1²=0.002163 | m2²=0.995163 | eps_w1=2.667167e+00 | eps_w2=3.880470e-02
[step   498500] t/d= 997.000 | task1=4.155026e-01 | task2=2.523281e-01 | F1=1.504110e-01 | m1²=0.002123 | m2²=0.995082 | eps_w1=2.668187e+00 | eps_w2=3.910300e-02
[step   498750] t/d= 997.500 | task1=4.154764e-01 | task2=2.522939e-01 | F1=1.503847e-01 | m1²=0.002141 | m2²=0.995092 | eps_w1=2.670581e+00 | eps_w2=3.937284e-02
[step   499000] t/d= 998.000 | task1=4.154739e-01 | task2=2.522151e-01 | F1=1.503823e-01 | m1²=0.002126 | m2²=0.995123 | eps_w1=2.670189e+00 | eps_w2=3.924888e-02
[step   499250] t/d= 998.500 | task1=4.155156e-01 | task2=2.522001e-01 | F1=1.504240e-01 | m1²=0.002122 | m2²=0.995134 | eps_w1=2.670514e+00 | eps_w2=3.925984e-02
[step   499500] t/d= 999.000 | task1=4.154911e-01 | task2=2.522165e-01 | F1=1.503995e-01 | m1²=0.002159 | m2²=0.995114 | eps_w1=2.670744e+00 | eps_w2=3.934529e-02
[step   499750] t/d= 999.500 | task1=4.155610e-01 | task2=2.522726e-01 | F1=1.504694e-01 | m1²=0.002188 | m2²=0.995086 | eps_w1=2.671117e+00 | eps_w2=3.946440e-02
[step   500000] t/d=1000.000 | task1=4.156122e-01 | task2=2.522687e-01 | F1=1.505206e-01 | m1²=0.002188 | m2²=0.995095 | eps_w1=2.672084e+00 | eps_w2=3.955909e-02
Saved checkpoint: results/quality_pretraining/finetunetask2_d500_T5/prestep_0_task1step_250000_lr0p01_task1wseed21_task1sgdseed22_task2sgdseed42/checkpoints/step_000500000

Task-2 fine-tuning completed.
Metrics: results/quality_pretraining/finetunetask2_d500_T5/prestep_0_task1step_250000_lr0p01_task1wseed21_task1sgdseed22_task2sgdseed42/metrics.csv

======================================================
Task-2 fine-tuning finished
======================================================
