step,samples_seen,step_over_d,step_over_d2,phase,phase_step,last_task,train_W,train_w,include_lora,n_S_seen,n_Sprime_seen,n_S_over_d2,n_Sprime_over_d,train_loss_last,train_loss_mean_since_log,train_loss_S_mean_since_log,train_loss_Sprime_mean_since_log,lr_W,lr_w,elapsed_sec,Q0,Q,M,rho_W,eps_W,q0,q,m,rho_w,eps_w,C_W_from_wstar,C_w_from_Wstar,C_W_w,Delta_eff,E_S,E_Sprime,E_S_W_only,grad_W_S_norm,grad_W_Sprime_norm,grad_w_S_norm,grad_w_Sprime_norm,Gamma_W,Gamma_w,F_S
0,0,0.0,0.0,initial,0,none,False,False,True,0,0,0.0,0.0,nan,nan,nan,nan,0.001,0.001,1.7099082469940186e-06,1.994584321975708,1.9937628507614136,1.0102918148040771,0.5066218122332676,1.9677635431289673,0.9436385631561279,1.1904999017715454,0.01875934563577175,0.017699058428111432,2.307039927896056,-0.00010037183528766036,-0.006856794003397226,0.0010086463298648596,1.9677635431289673,1.747550129890442,2.043030023574829,1.3237707614898682,1.022336721420288,1.2455722093582153,1.1831740140914917,0.723021388053894,0.0012609993573278189,0.12061996012926102,0.0
500,500,2.5,0.0125,train_W,500,Sprime,True,False,True,259,241,0.006475,1.205,0.8560904264450073,2.012255659490824,1.887024367235342,2.146840326271611,0.001,0.001,2.9089531172066927,1.994584321975708,1.9935826063156128,1.0103130340576172,0.5066553552508694,1.9675408601760864,0.9436385631561279,1.1904999017715454,0.01875934563577175,0.017699058428111432,2.307039927896056,-8.404731488553807e-05,-0.006856794003397226,0.0009800222469493747,1.9675408601760864,1.7474511861801147,2.042926788330078,1.3236584663391113,1.0222740173339844,1.245506763458252,1.1830430030822754,0.72295081615448,0.0012598902685567737,0.1206107884645462,0.0
1000,1000,5.0,0.025,train_W,1000,Sprime,True,False,True,492,508,0.0123,2.54,2.8102529048919678,1.920074280500412,1.818093166586667,2.009069035338998,0.001,0.001,5.650523545220494,1.994584321975708,1.993377685546875,1.0103306770324707,0.5066902449791405,1.9673006534576416,0.9436385631561279,1.1904999017715454,0.01875934563577175,0.017699058428111432,2.307039927896056,-7.040443597361445e-05,-0.006856794003397226,0.0009537696605548263,1.9673006534576416,1.7473469972610474,2.042811632156372,1.3235375881195068,1.0223557949066162,1.2454373836517334,1.1832112073898315,0.7230480313301086,0.001258463249541819,0.12060684710741043,0.0
1500,1500,7.5,0.0375,train_W,1500,Sprime,True,False,True,752,748,0.0188,3.74,1.7922286987304688,1.8868173877894878,1.7969124040351465,1.9842144535233577,0.001,0.001,8.390473891049623,1.994584321975708,1.9932060241699219,1.0103528499603271,0.506723183822899,1.9670846462249756,0.9436385631561279,1.1904999017715454,0.01875934563577175,0.017699058428111432,2.307039927896056,-5.2282619435573e-05,-0.006856794003397226,0.000927056884393096,1.9670846462249756,1.7472565174102783,2.0427069664001465,1.3234283924102783,1.0224393606185913,1.2452844381332397,1.183221459388733,0.7229553461074829,0.0012602763017639518,0.12058602273464203,0.0
2000,2000,10.0,0.05,train_W,2000,Sprime,True,False,True,1001,999,0.025025,4.995,0.5807971954345703,1.8769869526326657,1.693145278407388,2.059363752959734,0.001,0.001,11.1314183678478,1.994584321975708,1.993029236793518,1.0103741884231567,0.5067563595935123,1.9668651819229126,0.9436385631561279,1.1904999017715454,0.01875934563577175,0.017699058428111432,2.307039927896056,-3.42138773703482e-05,-0.006856794003397226,0.0008990149945020676,1.9668651819229126,1.7471611499786377,2.0425970554351807,1.3233189582824707,1.0223920345306396,1.2452890872955322,1.1832125186920166,0.7230827808380127,0.0012586609227582812,0.12056300044059753,0.0
2500,2500,12.5,0.0625,train_W,2500,Sprime,True,False,True,1263,1237,0.031575,6.185,3.5585522651672363,1.8504928311109543,1.6706622721812197,2.04845756405041,0.001,0.001,13.859797036275268,1.994584321975708,1.992853045463562,1.0103946924209595,0.5067890449684745,1.966647982597351,0.9436385631561279,1.1904999017715454,0.01875934563577175,0.017699058428111432,2.307039927896056,-1.892170803330373e-05,-0.006856794003397226,0.0008706105872988701,1.966647982597351,1.7470686435699463,2.042492151260376,1.3232049942016602,1.0226008892059326,1.2453216314315796,1.1832242012023926,0.7233357429504395,0.0012572932755574584,0.120522141456604,0.0
3000,3000,15.0,0.075,train_W,3000,Sprime,True,False,True,1517,1483,0.037925,7.415,0.36789748072624207,1.8440496686697005,1.7440517073071848,1.9472995962553876,0.001,0.001,16.604069888591766,1.994584321975708,1.9926698207855225,1.0104146003723145,0.5068223296886213,1.9664249420166016,0.9436385631561279,1.1904999017715454,0.01875934563577175,0.017699058428111432,2.307039927896056,-5.791234798380174e-06,-0.006856794003397226,0.000843679765239358,1.9664249420166016,1.7469689846038818,2.042386531829834,1.3230900764465332,1.0227737426757812,1.2454683780670166,1.183337688446045,0.7235357165336609,0.001257591531611979,0.12049759924411774,0.0
3500,3500,17.5,0.0875,train_W,3500,Sprime,True,False,True,1779,1721,0.044475,8.605,3.2720484733581543,1.8875641253739595,1.7461693548803565,2.043217192051791,0.001,0.001,19.32501376979053,1.994584321975708,1.9924876689910889,1.0104382038116455,0.5068573358143799,1.9661955833435059,0.9436385631561279,1.1904999017715454,0.01875934563577175,0.017699058428111432,2.307039927896056,7.951641237013973e-06,-0.006856794003397226,0.000819637265522033,1.9661955833435059,1.7468711137771606,2.042271137237549,1.3229737281799316,1.022789716720581,1.245550274848938,1.1833837032318115,0.7238679528236389,0.0012544958153739572,0.12046350538730621,0.0
4000,4000,20.0,0.1,train_W,4000,Sprime,True,False,True,2034,1966,0.05085,9.83,2.789520263671875,1.8759149857461452,1.6926583315811905,2.0666515033464044,0.001,0.001,22.05869037657976,1.994584321975708,1.9923057556152344,1.0104659795761108,0.5068944088925088,1.9659581184387207,0.9436385631561279,1.1904999017715454,0.01875934563577175,0.017699058428111432,2.307039927896056,2.3646211047889665e-05,-0.006856794003397226,0.0007934918976388872,1.9659581184387207,1.74676513671875,2.042147159576416,1.322849154472351,1.0226256847381592,1.245620608329773,1.1832270622253418,0.7236079573631287,0.0012556260917335749,0.1204996332526207,0.0
4500,4500,22.5,0.1125,train_W,4500,Sprime,True,False,True,2278,2222,0.05695,11.11,1.6038367748260498,1.9339079819321632,1.7507220893854,2.108507035765797,0.001,0.001,24.786444334313273,1.994584321975708,1.9921334981918335,1.0104886293411255,0.5069276863129984,1.9657405614852905,0.9436385631561279,1.1904999017715454,0.01875934563577175,0.017699058428111432,2.307039927896056,4.2762228986248374e-05,-0.006856794003397226,0.0007654006476514041,1.9657405614852905,1.7466707229614258,2.0420405864715576,1.32273530960083,1.0227560997009277,1.2455825805664062,1.18345308303833,0.7237117290496826,0.0012552635744214058,0.12048640847206116,0.0
5000,5000,25.0,0.125,train_W,5000,S,True,False,True,2532,2468,0.0633,12.34,2.424112558364868,1.8885782362520696,1.727529275898389,2.0548645611700973,0.001,0.001,27.514277482405305,1.994584321975708,1.9919559955596924,1.0105115175247192,0.5069617546335936,1.965517282485962,0.9436385631561279,1.1904999017715454,0.01875934563577175,0.017699058428111432,2.307039927896056,5.831374801346101e-05,-0.006856794003397226,0.0007389787351712584,1.965517282485962,1.746573567390442,2.041926622390747,1.3226211071014404,1.0227506160736084,1.2457345724105835,1.1833717823028564,0.7235965132713318,0.0012557914014905691,0.12049143016338348,0.0
5500,5500,27.5,0.1375,train_W,5500,S,True,False,True,2789,2711,0.069725,13.555,2.302518606185913,1.90433036211133,1.7405921293255884,2.077502073329172,0.001,0.001,30.256800305098295,1.994584321975708,1.991767168045044,1.010533332824707,0.5069967300661542,1.965284824371338,0.9436385631561279,1.1904999017715454,0.01875934563577175,0.017699058428111432,2.307039927896056,7.459954940713942e-05,-0.006856794003397226,0.000710096734110266,1.965284824371338,1.7464717626571655,2.041804790496826,1.3225045204162598,1.0226917266845703,1.2457679510116577,1.1831623315811157,0.7236529588699341,0.001256146584637463,0.12047482281923294,0.0
6000,6000,30.0,0.15,train_W,6000,Sprime,True,False,True,3033,2967,0.075825,14.835,4.802151203155518,1.97134499001503,1.771465767846733,2.161854873644188,0.001,0.001,32.98569585569203,1.994584321975708,1.9915857315063477,1.0105527639389038,0.5070295729009192,1.965064525604248,0.9436385631561279,1.1904999017715454,0.01875934563577175,0.017699058428111432,2.307039927896056,9.040279110195115e-05,-0.006856794003397226,0.0006803477881476283,1.965064525604248,1.7463780641555786,2.041696071624756,1.3223974704742432,1.0226985216140747,1.2456835508346558,1.1830734014511108,0.7236661314964294,0.0012552866246551275,0.12046293914318085,0.0
6500,6500,32.5,0.1625,train_W,6500,S,True,False,True,3281,3219,0.082025,16.095,1.3695722818374634,1.9293586972653867,1.7769282269141367,2.07936963634122,0.001,0.001,35.68200374208391,1.994584321975708,1.9913960695266724,1.0105735063552856,0.5070641249442748,1.964833378791809,0.9436385631561279,1.1904999017715454,0.01875934563577175,0.017699058428111432,2.307039927896056,0.00010771326924441382,-0.006856794003397226,0.0006530047976411879,1.964833378791809,1.7462785243988037,2.041581630706787,1.3222814798355103,1.0227404832839966,1.2455377578735352,1.1831451654434204,0.7236136794090271,0.0012539892923086882,0.12045565992593765,0.0
7000,7000,35.0,0.175,train_W,7000,Sprime,True,False,True,3550,3450,0.08875,17.25,3.7378671169281006,1.8629448370337487,1.6984906265283606,2.0544521211287674,0.001,0.001,37.755938429385424,1.994584321975708,1.9912149906158447,1.0105981826782227,0.507099562472814,1.9646029472351074,0.9436385631561279,1.1904999017715454,0.01875934563577175,0.017699058428111432,2.307039927896056,0.00012411393981892616,-0.006856794003397226,0.0006256711785681546,1.9646029472351074,1.7461726665496826,2.041463851928711,1.3221588134765625,1.0226713418960571,1.2454748153686523,1.1830244064331055,0.7237797379493713,0.0012550079263746738,0.12041943520307541,0.0
7500,7500,37.5,0.1875,train_W,7500,S,True,False,True,3797,3703,0.094925,18.515,1.9823760986328125,1.8964542838335037,1.7062213087854115,2.0821758049278865,0.001,0.001,39.82647642865777,1.994584321975708,1.9910194873809814,1.010617971420288,0.507134388669372,1.9643678665161133,0.9436385631561279,1.1904999017715454,0.01875934563577175,0.017699058428111432,2.307039927896056,0.00014009512960910797,-0.006856794003397226,0.0005994882667437196,1.9643678665161133,1.7460644245147705,2.041346549987793,1.3220396041870117,1.0228466987609863,1.2455310821533203,1.1832218170166016,0.7238408327102661,0.0012552137486636639,0.12042523175477982,0.0
8000,8000,40.0,0.2,train_W,8000,S,True,False,True,4039,3961,0.100975,19.805,1.7158688306808472,1.9452313977777957,1.7478812901564866,2.130342739034993,0.001,0.001,41.89674311503768,1.994584321975708,1.9908249378204346,1.0106418132781982,0.507171132010531,1.964125633239746,0.9436385631561279,1.1904999017715454,0.01875934563577175,0.017699058428111432,2.307039927896056,0.00015958465519361198,-0.006856794003397226,0.0005747436662204564,1.964125633239746,1.7459579706192017,2.041224479675293,1.321913719177246,1.0228229761123657,1.2453644275665283,1.1833868026733398,0.723768949508667,0.0012551165418699384,0.12042146176099777,0.0
8500,8500,42.5,0.2125,train_W,8500,S,True,False,True,4302,4198,0.10755,20.99,1.8825374841690063,1.9045668855905533,1.7099092431621405,2.1205793748676527,0.001,0.001,43.95962035283446,1.994584321975708,1.9906398057937622,1.0106651782989502,0.5072064410724313,1.9638937711715698,0.9436385631561279,1.1904999017715454,0.01875934563577175,0.017699058428111432,2.307039927896056,0.00017503781418781728,-0.006856794003397226,0.0005495281075127423,1.9638937711715698,1.7458513975143433,2.0411124229431152,1.321799874305725,1.0229071378707886,1.2452681064605713,1.1835384368896484,0.7237200140953064,0.0012568935053423047,0.12040943652391434,0.0
9000,9000,45.0,0.225,train_W,9000,Sprime,True,False,True,4558,4442,0.11395,22.21,2.5143470764160156,1.885356055855751,1.7152660165447742,2.063811179067268,0.001,0.001,46.03700510971248,1.994584321975708,1.990445613861084,1.0106911659240723,0.5072442251481187,1.9636476039886475,0.9436385631561279,1.1904999017715454,0.01875934563577175,0.017699058428111432,2.307039927896056,0.00018441757129039615,-0.006856794003397226,0.0005217109574005008,1.9636476039886475,1.7457385063171387,2.0410008430480957,1.3216722011566162,1.0230093002319336,1.2455320358276367,1.1834206581115723,0.7241518497467041,0.001254945294931531,0.1203533485531807,0.0
9500,9500,47.5,0.2375,train_W,9500,Sprime,True,False,True,4782,4718,0.11955,23.59,2.725102424621582,1.8826389329731463,1.6477958133577235,2.0732362474436346,0.001,0.001,48.777349293231964,1.994584321975708,1.9902613162994385,1.0107126235961914,0.507278479575151,1.9634203910827637,0.9436385631561279,1.1904999017715454,0.01875934563577175,0.017699058428111432,2.307039927896056,0.00020384736126288772,-0.006856794003397226,0.0004948091227561235,1.9634203910827637,1.7456321716308594,2.04089093208313,1.3215618133544922,1.023032546043396,1.245585560798645,1.1837776899337769,0.7238243222236633,0.0012575844302773476,0.12039352208375931,0.0
10000,10000,50.0,0.25,train_W,10000,S,True,False,True,5020,4980,0.1255,24.9,1.3585500717163086,1.9147155465036632,1.767191833464288,2.0487256369745457,0.001,0.001,51.506579188629985,1.994584321975708,1.9900842905044556,1.0107395648956299,0.5073145637655216,1.9631894826889038,0.9436385631561279,1.1904999017715454,0.01875934563577175,0.017699058428111432,2.307039927896056,0.00022068699763622135,-0.006856794003397226,0.00046448057400994003,1.9631894826889038,1.7455370426177979,2.0407774448394775,1.3214489221572876,1.023117184638977,1.245449423789978,1.1837871074676514,0.723788321018219,0.0012571164406836033,0.12036816030740738,0.0
10500,10500,52.5,0.2625,train_W,10500,S,True,False,True,5281,5219,0.132025,26.095,1.3359169960021973,1.8425958708226682,1.6920245507896174,2.0070273123650373,0.001,0.001,54.22663425654173,1.994584321975708,1.9899120330810547,1.0107635259628296,0.5073485483787163,1.9629693031311035,0.9436385631561279,1.1904999017715454,0.01875934563577175,0.017699058428111432,2.307039927896056,0.00023270200472325087,-0.006856794003397226,0.0004379789170343429,1.9629693031311035,1.7454277276992798,2.0406644344329834,1.3213266134262085,1.0232378244400024,1.2452913522720337,1.183923602104187,0.723753035068512,0.001257059397175908,0.12036020308732986,0.0
11000,11000,55.0,0.275,train_W,11000,Sprime,True,False,True,5532,5468,0.1383,27.34,0.816082239151001,1.8784442805498838,1.7250375753617382,2.0330831681090187,0.001,0.001,56.95745267532766,1.994584321975708,1.9897100925445557,1.010784387588501,0.5073847656847145,1.9627256393432617,0.9436385631561279,1.1904999017715454,0.01875934563577175,0.017699058428111432,2.307039927896056,0.00025001715403050184,-0.006856794003397226,0.00041543503175489604,1.9627256393432617,1.7453255653381348,2.0405519008636475,1.3212040662765503,1.023410677909851,1.2453882694244385,1.1839497089385986,0.724035918712616,0.001255639479495585,0.12031318247318268,0.0
11500,11500,57.5,0.2875,train_W,11500,S,True,False,True,5779,5721,0.144475,28.605,0.8975536823272705,1.8925706812739371,1.7689045262240206,2.0133040421329467,0.001,0.001,59.69604744575918,1.994584321975708,1.98953115940094,1.010801076889038,0.5074159595170504,1.9625133275985718,0.9436385631561279,1.1904999017715454,0.01875934563577175,0.017699058428111432,2.307039927896056,0.00026695389533415437,-0.006856794003397226,0.00038875750033184886,1.9625133275985718,1.745225429534912,2.040433168411255,1.3210928440093994,1.0234395265579224,1.2450599670410156,1.1840720176696777,0.7242788076400757,0.0012541570467874408,0.12025701254606247,0.0
12000,12000,60.0,0.3,train_W,12000,S,True,False,True,6030,5970,0.15075,29.85,0.7413247227668762,1.893522304624319,1.7277925104140286,2.0605832618403146,0.001,0.001,62.42660589516163,1.994584321975708,1.9893600940704346,1.0108247995376587,0.5074496845664459,1.9622948169708252,0.9436385631561279,1.1904999017715454,0.01875934563577175,0.017699058428111432,2.307039927896056,0.00028319223201833665,-0.006856794003397226,0.0003615787427406758,1.9622948169708252,1.7451221942901611,2.04032826423645,1.320974588394165,1.023449420928955,1.2450820207595825,1.184226632118225,0.7244658470153809,0.0012515188427641988,0.12023188918828964,0.0
12500,12500,62.5,0.3125,train_W,12500,S,True,False,True,6289,6211,0.157225,31.055,1.6781749725341797,1.9319112281799316,1.755283490686343,2.1217310788473154,0.001,0.001,65.14569989405572,1.994584321975708,1.9891808032989502,1.0108509063720703,0.5074856596497949,1.9620633125305176,0.9436385631561279,1.1904999017715454,0.01875934563577175,0.017699058428111432,2.307039927896056,0.00030243032961152494,-0.006856794003397226,0.0003361375711392611,1.9620633125305176,1.7450178861618042,2.040212631225586,1.3208518028259277,1.0235129594802856,1.2451162338256836,1.1841456890106201,0.7247154116630554,0.001250694738700986,0.12019786983728409,0.0
13000,13000,65.0,0.325,train_W,13000,S,True,False,True,6529,6471,0.163225,32.355,0.46239444613456726,1.9873135848343373,1.8428101971124609,2.1207013273468385,0.001,0.001,67.88193708471954,1.994584321975708,1.9889880418777466,1.0108706951141357,0.507520185551209,1.961830973625183,0.9436385631561279,1.1904999017715454,0.01875934563577175,0.017699058428111432,2.307039927896056,0.0003219106583856046,-0.006856794003397226,0.00031054019927978516,1.961830973625183,1.7449156045913696,2.0400962829589844,1.3207343816757202,1.0235377550125122,1.2450658082962036,1.1840434074401855,0.7250868082046509,0.0012487401254475117,0.12015639245510101,0.0
13500,13500,67.5,0.3375,train_W,13500,Sprime,True,False,True,6781,6719,0.169525,33.595,1.260754108428955,1.8667622511982918,1.7404319263758168,1.9951301619050004,0.001,0.001,70.60685369931161,1.994584321975708,1.9888050556182861,1.0108872652053833,0.5075518526118115,1.9616148471832275,0.9436385631561279,1.1904999017715454,0.01875934563577175,0.017699058428111432,2.307039927896056,0.00033725416869856417,-0.006856794003397226,0.00028341368306428194,1.9616148471832275,1.744822382926941,2.0399844646453857,1.3206228017807007,1.0235519409179688,1.2448426485061646,1.1841617822647095,0.7252123355865479,0.0012493967078626156,0.12012924253940582,0.0
14000,14000,70.0,0.35,train_W,14000,Sprime,True,False,True,7037,6963,0.175925,34.815,0.844868540763855,1.8419844568371773,1.7518584589706734,1.9365428808282634,0.001,0.001,73.33399469591677,1.994584321975708,1.9886269569396973,1.0109097957611084,0.5075858926959813,1.9613916873931885,0.9436385631561279,1.1904999017715454,0.01875934563577175,0.017699058428111432,2.307039927896056,0.0003510592505335808,-0.006856794003397226,0.00025748787447810173,1.9613916873931885,1.744731068611145,2.0398826599121094,1.3205128908157349,1.023725152015686,1.2448663711547852,1.1844290494918823,0.7253260016441345,0.0012469009961932898,0.1201254278421402,0.0
14500,14500,72.5,0.3625,train_W,14500,Sprime,True,False,True,7279,7221,0.181975,36.105,1.0446668863296509,1.889171346306801,1.799588371530052,1.9731987877640613,0.001,0.001,76.06522708758712,1.994584321975708,1.9884456396102905,1.0109328031539917,0.507620587117527,1.9611643552780151,0.9436385631561279,1.1904999017715454,0.01875934563577175,0.017699058428111432,2.307039927896056,0.0003724972775671631,-0.006856794003397226,0.00023264464107342064,1.9611643552780151,1.744625449180603,2.0397632122039795,1.3203928470611572,1.0238025188446045,1.2447036504745483,1.1846050024032593,0.7254124283790588,0.0012449049390852451,0.12010952830314636,0.0
15000,15000,75.0,0.375,train_W,15000,Sprime,True,False,True,7523,7477,0.188075,37.385,4.406989097595215,1.8782671943306923,1.754626599369479,1.9961121364030987,0.001,0.001,78.80296868085861,1.994584321975708,1.9882718324661255,1.0109598636627197,0.5076563622721824,1.960936427116394,0.9436385631561279,1.1904999017715454,0.01875934563577175,0.017699058428111432,2.307039927896056,0.0003859955759253353,-0.006856794003397226,0.00020571994537021965,1.960936427116394,1.7445327043533325,2.039651870727539,1.3202890157699585,1.0236815214157104,1.2446985244750977,1.1847459077835083,0.7256032824516296,0.0012439030688256025,0.12007558345794678,0.0
15500,15500,77.5,0.3875,train_W,15500,Sprime,True,False,True,7772,7728,0.1943,38.64,3.912527084350586,1.891954665452242,1.7148166834470258,2.067681189433512,0.001,0.001,81.52650544792414,1.994584321975708,1.9880874156951904,1.0109831094741821,0.5076915805473441,1.9607055187225342,0.9436385631561279,1.1904999017715454,0.01875934563577175,0.017699058428111432,2.307039927896056,0.0003995280130766332,-0.006856794003397226,0.00017592562653589994,1.9607055187225342,1.744426965713501,2.0395355224609375,1.3201677799224854,1.023701548576355,1.2446825504302979,1.1848173141479492,0.7258521318435669,0.0012436176184564829,0.12004745751619339,0.0
16000,16000,80.0,0.4,train_W,16000,Sprime,True,False,True,8036,7964,0.2009,39.82,2.618262767791748,1.8961132861971854,1.7361275447588977,2.0750803867891685,0.001,0.001,84.24734748154879,1.994584321975708,1.9879177808761597,1.0110059976577759,0.507724735876245,1.960490107536316,0.9436385631561279,1.1904999017715454,0.01875934563577175,0.017699058428111432,2.307039927896056,0.0004147407307755202,-0.006856794003397226,0.00014655094128102064,1.960490107536316,1.7443273067474365,2.0394339561462402,1.32005774974823,1.0237863063812256,1.2444616556167603,1.1850717067718506,0.7260022759437561,0.0012424892047420144,0.1199948713183403,0.0
16500,16500,82.5,0.4125,train_W,16500,S,True,False,True,8271,8229,0.206775,41.145,1.989320993423462,1.9900010824799537,1.7857388994795211,2.1711392447633564,0.001,0.001,86.976697223261,1.994584321975708,1.987714409828186,1.0110286474227905,0.5077620841291978,1.960241436958313,0.9436385631561279,1.1904999017715454,0.01875934563577175,0.017699058428111432,2.307039927896056,0.00043067694059573114,-0.006856794003397226,0.00012040213914588094,1.960241436958313,1.744217038154602,2.0393118858337402,1.3199255466461182,1.0237144231796265,1.2443732023239136,1.1851869821548462,0.7262001633644104,0.0012425953755155206,0.11994151771068573,0.0
17000,17000,85.0,0.425,train_W,17000,Sprime,True,False,True,8517,8483,0.212925,42.415,1.2590326070785522,1.9189979039132594,1.7641239455196915,2.068993942357424,0.001,0.001,89.74977766163647,1.994584321975708,1.9875327348709106,1.0110492706298828,0.507795648101176,1.960018515586853,0.9436385631561279,1.1904999017715454,0.01875934563577175,0.017699058428111432,2.307039927896056,0.0004437627794686705,-0.006856794003397226,9.356060036225244e-05,1.960018515586853,1.744118571281433,2.039210796356201,1.3198115825653076,1.0232702493667603,1.2444902658462524,1.1847652196884155,0.7261715531349182,0.0012420357670634985,0.11993802338838577,0.0
17500,17500,87.5,0.4375,train_W,17500,Sprime,True,False,True,8765,8735,0.219125,43.675,3.20668363571167,1.894682541012764,1.7139162812982836,2.0725794950174907,0.001,0.001,92.48143461160362,1.994584321975708,1.987339735031128,1.011066198348999,0.507828807000922,1.959791660308838,0.9436385631561279,1.1904999017715454,0.01875934563577175,0.017699058428111432,2.307039927896056,0.0004585390561260283,-0.006856794003397226,6.798114918638021e-05,1.959791660308838,1.7440153360366821,2.039102792739868,1.3196977376937866,1.0234596729278564,1.244428277015686,1.1847527027130127,0.7263771295547485,0.001241903519257903,0.11990199983119965,0.0
18000,18000,90.0,0.45,train_W,18000,S,True,False,True,9026,8974,0.22565,44.87,2.0892293453216553,1.8289056354165076,1.6892153762309488,1.981454412184001,0.001,0.001,95.19904454052448,1.994584321975708,1.987154483795166,1.0110836029052734,0.5078612196650487,1.9595715999603271,0.9436385631561279,1.1904999017715454,0.01875934563577175,0.017699058428111432,2.307039927896056,0.0004768508661072701,-0.006856794003397226,4.3301391997374594e-05,1.9595715999603271,1.7439229488372803,2.0389983654022217,1.3195828199386597,1.0233850479125977,1.244560956954956,1.1846174001693726,0.7264353036880493,0.0012422808213159442,0.11989002674818039,0.0
18500,18500,92.5,0.4625,train_W,18500,S,True,False,True,9294,9206,0.23235,46.03,3.57253360748291,1.9134534962177276,1.8016279890243687,2.042631237285918,0.001,0.001,97.93551798351109,1.994584321975708,1.9869643449783325,1.011109709739685,0.5078986324294881,1.9593292474746704,0.9436385631561279,1.1904999017715454,0.01875934563577175,0.017699058428111432,2.307039927896056,0.0004922767402604222,-0.006856794003397226,1.5077018360898364e-05,1.9593292474746704,1.7438246011734009,2.038886070251465,1.3194650411605835,1.023483157157898,1.2444490194320679,1.1847095489501953,0.7267993092536926,0.0012413079384714365,0.11984612792730331,0.0
19000,19000,95.0,0.475,train_W,19000,Sprime,True,False,True,9575,9425,0.239375,47.125,1.787752628326416,1.9164791803508996,1.7954094171577077,2.07182440161705,0.001,0.001,100.65297655202448,1.994584321975708,1.9867807626724243,1.011132001876831,0.5079332955449483,1.9591010808944702,0.9436385631561279,1.1904999017715454,0.01875934563577175,0.017699058428111432,2.307039927896056,0.0005053108325228095,-0.006856794003397226,-1.0685157576517668e-05,1.9591010808944702,1.7437223196029663,2.038776397705078,1.319345235824585,1.0235624313354492,1.2445085048675537,1.1847028732299805,0.7267459630966187,0.0012410155031830072,0.11987225711345673,0.0
19500,19500,97.5,0.4875,train_W,19500,S,True,False,True,9836,9664,0.2459,48.32,1.3538424968719482,1.8400109381973744,1.7238376450607147,1.9668780072713,0.001,0.001,103.37602349556983,1.994584321975708,1.986607313156128,1.0111536979675293,0.5079663680563562,1.9588842391967773,0.9436385631561279,1.1904999017715454,0.01875934563577175,0.017699058428111432,2.307039927896056,0.0005204634508118033,-0.006856794003397226,-3.898096110788174e-05,1.9588842391967773,1.7436258792877197,2.038668632507324,1.3192318677902222,1.0236340761184692,1.244330644607544,1.1850073337554932,0.7262231111526489,0.0012413925724104047,0.11994422227144241,0.0
20000,20000,100.0,0.5,train_W,20000,S,True,False,True,10079,9921,0.251975,49.605,1.8553866147994995,1.8637714844346047,1.6640929905965987,2.0525725505927195,0.001,0.001,106.10363264009356,1.994584321975708,1.9864327907562256,1.0111769437789917,0.5080003601670136,1.9586632251739502,0.9436385631561279,1.1904999017715454,0.01875934563577175,0.017699058428111432,2.307039927896056,0.0005393355386331677,-0.006856794003397226,-6.334228237392381e-05,1.9586632251739502,1.7435306310653687,2.0385565757751465,1.3191189765930176,1.0236765146255493,1.2444250583648682,1.184826135635376,0.7265160083770752,0.0012394508812576532,0.11989549547433853,0.0
20500,20500,102.5,0.5125,train_W,20500,Sprime,True,False,True,10319,10181,0.257975,50.905,2.8462560176849365,1.91241748970747,1.6977459819366534,2.110575804572839,0.001,0.001,108.83989874646068,1.994584321975708,1.9862550497055054,1.0111957788467407,0.5080325518779798,1.958447813987732,0.9436385631561279,1.1904999017715454,0.01875934563577175,0.017699058428111432,2.307039927896056,0.0005540541606023908,-0.006856794003397226,-9.18179503059946e-05,1.958447813987732,1.7434380054473877,2.0384607315063477,1.3190115690231323,1.0237417221069336,1.244357943534851,1.1845208406448364,0.726518452167511,0.0012386844027787447,0.11989132314920425,0.0
21000,21000,105.0,0.525,train_W,21000,Sprime,True,False,True,10563,10437,0.264075,52.185,0.6044971346855164,1.919029507726431,1.8302709348499775,2.0036275224993005,0.001,0.001,111.50135492347181,1.994584321975708,1.9860683679580688,1.0112189054489136,0.5080680472660256,1.9582148790359497,0.9436385631561279,1.1904999017715454,0.01875934563577175,0.017699058428111432,2.307039927896056,0.0005717481253668666,-0.006856794003397226,-0.00011830882431240752,1.9582148790359497,1.743334174156189,2.0383448600769043,1.318890929222107,1.0237950086593628,1.2444913387298584,1.1847178936004639,0.7263805866241455,0.0012385350419208407,0.11991745233535767,0.0
21500,21500,107.5,0.5375,train_W,21500,S,True,False,True,10788,10712,0.2697,53.56,1.9740874767303467,1.9599740463346242,1.7840316429071956,2.1039269218661567,0.001,0.001,113.57014373503625,1.994584321975708,1.9858866930007935,1.0112419128417969,0.5081028467034564,1.9579871892929077,0.9436385631561279,1.1904999017715454,0.01875934563577175,0.017699058428111432,2.307039927896056,0.0005899015231989324,-0.006856794003397226,-0.00014693984121549875,1.9579871892929077,1.7432252168655396,2.0382351875305176,1.3187706470489502,1.023972749710083,1.2443668842315674,1.1849021911621094,0.7260803580284119,0.0012406727764755487,0.11993833631277084,0.0
22000,22000,110.0,0.55,train_W,22000,Sprime,True,False,True,11053,10947,0.276325,54.735,2.5978028774261475,1.7881424780488013,1.6913312450894769,1.897312591811444,0.001,0.001,115.638257894665,1.994584321975708,1.9857044219970703,1.0112614631652832,0.5081359895521556,1.957765817642212,0.9436385631561279,1.1904999017715454,0.01875934563577175,0.017699058428111432,2.307039927896056,0.0006045613554306328,-0.006856794003397226,-0.00017258738807868212,1.957765817642212,1.74313223361969,2.038133382797241,1.3186558485031128,1.0240031480789185,1.2442976236343384,1.1848196983337402,0.7260862588882446,0.0012420781422406435,0.11990977078676224,0.0
22500,22500,112.5,0.5625,train_W,22500,S,True,False,True,11306,11194,0.28265,55.97,1.7122827768325806,1.8982890458703041,1.8028261795816685,1.9960708481821454,0.001,0.001,117.71350710466504,1.994584321975708,1.9855265617370605,1.0112824440002441,0.5081692909095197,1.9575459957122803,0.9436385631561279,1.1904999017715454,0.01875934563577175,0.017699058428111432,2.307039927896056,0.0006138300523161888,-0.006856794003397226,-0.0001992945617530495,1.9575459957122803,1.7430355548858643,2.0380334854125977,1.3185384273529053,1.0239379405975342,1.2441545724868774,1.184661626815796,0.7263762354850769,0.0012407171307131648,0.11984414607286453,0.0
23000,23000,115.0,0.575,train_W,23000,Sprime,True,False,True,11548,11452,0.2887,57.26,3.958083391189575,1.9367001493871212,1.7055318398662835,2.153532439712868,0.001,0.001,119.80466080084443,1.994584321975708,1.9853323698043823,1.0113015174865723,0.5082037280553027,1.9573136568069458,0.9436385631561279,1.1904999017715454,0.01875934563577175,0.017699058428111432,2.307039927896056,0.0006281607202254236,-0.006856794003397226,-0.00022593268658965826,1.9573136568069458,1.742935061454773,2.0379233360290527,1.3184176683425903,1.024017333984375,1.2440216541290283,1.1849184036254883,0.72676020860672,0.001240727142430842,0.11974954605102539,0.0
23500,23500,117.5,0.5875,train_W,23500,S,True,False,True,11808,11692,0.2952,58.46,1.954807996749878,1.8187600050270558,1.6563336633145809,1.9947218752155702,0.001,0.001,121.87581258453429,1.994584321975708,1.985161304473877,1.0113283395767212,0.5082391033873348,1.9570889472961426,0.9436385631561279,1.1904999017715454,0.01875934563577175,0.017699058428111432,2.307039927896056,0.000649746973067522,-0.006856794003397226,-0.00025322349392808974,1.9570889472961426,1.7428370714187622,2.0378146171569824,1.3182984590530396,1.0240371227264404,1.244167447090149,1.1850357055664062,0.7271947860717773,0.0012415883829817176,0.11970335990190506,0.0
24000,24000,120.0,0.6,train_W,24000,Sprime,True,False,True,12058,11942,0.30145,59.71,1.532860279083252,1.8821686582565307,1.803340854883194,1.9609964616298676,0.001,0.001,123.94350226782262,1.994584321975708,1.9849814176559448,1.0113525390625,0.5082742940862003,1.9568606615066528,0.9436385631561279,1.1904999017715454,0.01875934563577175,0.017699058428111432,2.307039927896056,0.000663393409922719,-0.006856794003397226,-0.0002792117011267692,1.9568606615066528,1.7427407503128052,2.0377118587493896,1.3181893825531006,1.0241726636886597,1.2440558671951294,1.1849308013916016,0.7269597053527832,0.001243716455064714,0.11973734200000763,0.0
24500,24500,122.5,0.6125,train_W,24500,Sprime,True,False,True,12298,12202,0.30745,61.01,1.8402297496795654,1.9614065263569356,1.8440514432266355,2.0697342954002895,0.001,0.001,126.02364737167954,1.994584321975708,1.9848061800003052,1.0113731622695923,0.5083070962859905,1.9566441774368286,0.9436385631561279,1.1904999017715454,0.01875934563577175,0.017699058428111432,2.307039927896056,0.0006831551436334848,-0.006856794003397226,-0.00030734320171177387,1.9566441774368286,1.7426459789276123,2.0376060009002686,1.318076491355896,1.0241934061050415,1.243872046470642,1.1848909854888916,0.7267966866493225,0.0012453349772840738,0.11974216252565384,0.0
25000,25000,125.0,0.625,train_W,25000,Sprime,True,False,True,12549,12451,0.313725,62.255,4.054463863372803,1.9016513813138007,1.8217795542274338,1.9821647491799779,0.001,0.001,128.10301489569247,1.994584321975708,1.984632134437561,1.0113970041275024,0.5083413674384,1.9564224481582642,0.9436385631561279,1.1904999017715454,0.01875934563577175,0.017699058428111432,2.307039927896056,0.0006996720330789685,-0.006856794003397226,-0.0003348123573232442,1.9564224481582642,1.7425442934036255,2.0374972820281982,1.3179640769958496,1.024200439453125,1.2438349723815918,1.184888243675232,0.727138876914978,0.0012441269354894757,0.11969400942325592,0.0
25500,25500,127.5,0.6375,train_W,25500,S,True,False,True,12794,12706,0.31985,63.53,1.9525033235549927,1.921730078190565,1.8050603303374075,2.033824541814187,0.001,0.001,130.1705026794225,1.994584321975708,1.9844515323638916,1.0114212036132812,0.5083766621513388,1.956193447113037,0.9436385631561279,1.1904999017715454,0.01875934563577175,0.017699058428111432,2.307039927896056,0.000713385408744216,-0.006856794003397226,-0.00036357305361889303,1.956193447113037,1.7424407005310059,2.0373833179473877,1.3178484439849854,1.024375319480896,1.2436583042144775,1.1850436925888062,0.7271302342414856,0.0012447190238162875,0.11969039589166641,0.0
26000,26000,130.0,0.65,train_W,26000,S,True,False,True,13033,12967,0.325825,64.835,1.772600531578064,1.873870916724205,1.7339345189317998,2.002011909338706,0.001,0.001,132.24944181367755,1.994584321975708,1.9842827320098877,1.0114437341690063,0.5084096103116288,1.955979585647583,0.9436385631561279,1.1904999017715454,0.01875934563577175,0.017699058428111432,2.307039927896056,0.0007298619020730257,-0.006856794003397226,-0.0003915335691999644,1.955979585647583,1.742346167564392,2.0372695922851562,1.317732334136963,1.0245236158370972,1.2436614036560059,1.1853691339492798,0.7273654937744141,0.0012452140217646956,0.11966906487941742,0.0
26500,26500,132.5,0.6625,train_W,26500,S,True,False,True,13281,13219,0.332025,66.095,2.352522134780884,1.8719307229220867,1.7106480498708063,2.0306533535439817,0.001,0.001,134.31880690716207,1.994584321975708,1.9841046333312988,1.01146399974823,0.5084426150199359,1.9557609558105469,0.9436385631561279,1.1904999017715454,0.01875934563577175,0.017699058428111432,2.307039927896056,0.0007495703757740557,-0.006856794003397226,-0.0004160250537097454,1.9557609558105469,1.7422549724578857,2.0371670722961426,1.3176223039627075,1.024583339691162,1.243561863899231,1.1855435371398926,0.7275673151016235,0.0012461161240935326,0.11963804811239243,0.0
27000,27000,135.0,0.675,train_W,27000,S,True,False,True,13527,13473,0.338175,67.365,1.525726318359375,1.9169431143403053,1.8316068036284874,1.9995916672344283,0.001,0.001,136.3958327639848,1.994584321975708,1.9839179515838623,1.0114868879318237,0.5084780420212716,1.9555284976959229,0.9436385631561279,1.1904999017715454,0.01875934563577175,0.017699058428111432,2.307039927896056,0.0007669240585528314,-0.006856794003397226,-0.0004431523266248405,1.9555284976959229,1.7421536445617676,2.037055492401123,1.317508578300476,1.024566411972046,1.2435758113861084,1.1856582164764404,0.7276625037193298,0.0012442910810932517,0.11962692439556122,0.0
27500,27500,137.5,0.6875,train_W,27500,S,True,False,True,13793,13707,0.344825,68.535,2.5693860054016113,1.9626860572695732,1.8596109458826537,2.0798569103846183,0.001,0.001,138.46882828883827,1.994584321975708,1.983744502067566,1.0115134716033936,0.5085136353188278,1.9553018808364868,0.9436385631561279,1.1904999017715454,0.01875934563577175,0.017699058428111432,2.307039927896056,0.0007808023365214467,-0.006856794003397226,-0.0004724586324300617,1.9553018808364868,1.7420474290847778,2.0369491577148438,1.3173907995224,1.0246883630752563,1.2436774969100952,1.1856919527053833,0.7276745438575745,0.0012445446336641908,0.11962564289569855,0.0
28000,28000,140.0,0.7,train_W,28000,S,True,False,True,14064,13936,0.3516,69.68,1.0161865949630737,1.8505148568749428,1.751713574152591,1.967436898873883,0.001,0.001,140.53627783618867,1.994584321975708,1.9835708141326904,1.0115392208099365,0.508548843738295,1.9550766944885254,0.9436385631561279,1.1904999017715454,0.01875934563577175,0.017699058428111432,2.307039927896056,0.0007958403439261019,-0.006856794003397226,-0.0005030700704082847,1.9550766944885254,1.7419471740722656,2.036837100982666,1.3172765970230103,1.024854302406311,1.2435870170593262,1.1860421895980835,0.7272699475288391,0.0012475523399189115,0.11969051510095596,0.0
28500,28500,142.5,0.7125,train_W,28500,Sprime,True,False,True,14319,14181,0.357975,70.905,1.1408714056015015,1.8528076970428229,1.7371037871229882,1.973234215530814,0.001,0.001,142.61211027763784,1.994584321975708,1.9833896160125732,1.0115585327148438,0.5085817826165555,1.9548568725585938,0.9436385631561279,1.1904999017715454,0.01875934563577175,0.017699058428111432,2.307039927896056,0.0008118374389596283,-0.006856794003397226,-0.0005299096810631454,1.9548568725585938,1.7418556213378906,2.0367281436920166,1.3171706199645996,1.024800181388855,1.2436811923980713,1.1858021020889282,0.7273039221763611,0.0012480472214519978,0.11969989538192749,0.0
29000,29000,145.0,0.725,train_W,29000,S,True,False,True,14565,14435,0.364125,72.175,1.613494634628296,1.848344872802496,1.6931647090165596,1.998637472374702,0.001,0.001,144.68241696059704,1.994584321975708,1.9832018613815308,1.0115784406661987,0.5086158659994551,1.9546293020248413,0.9436385631561279,1.1904999017715454,0.01875934563577175,0.017699058428111432,2.307039927896056,0.0008240006281994283,-0.006856794003397226,-0.0005570539506152272,1.9546293020248413,1.7417619228363037,2.036620616912842,1.3170584440231323,1.0249226093292236,1.2434791326522827,1.1858444213867188,0.7275564074516296,0.0012480878503993154,0.11965591460466385,0.0
29500,29500,147.5,0.7375,train_W,29500,Sprime,True,False,True,14817,14683,0.370425,73.415,4.068105220794678,1.8862365318834782,1.7699530188526427,2.004395585447069,0.001,0.001,146.75876776874065,1.994584321975708,1.9830323457717896,1.0116034746170044,0.5086501920126262,1.9544097185134888,0.9436385631561279,1.1904999017715454,0.01875934563577175,0.017699058428111432,2.307039927896056,0.0008403792162425816,-0.006856794003397226,-0.0005829012952744961,1.9544097185134888,1.741664171218872,2.036508560180664,1.316940426826477,1.0248510837554932,1.2434484958648682,1.185747742652893,0.7274795174598694,0.0012483741156756878,0.1196606382727623,0.0
30000,30000,150.0,0.75,train_W,30000,S,True,False,True,15082,14918,0.37705,74.59,1.863985300064087,1.8830989835858345,1.729994207845544,2.0557490498461624,0.001,0.001,148.85132551938295,1.994584321975708,1.9828577041625977,1.0116270780563354,0.508684460088431,1.9541878700256348,0.9436385631561279,1.1904999017715454,0.01875934563577175,0.017699058428111432,2.307039927896056,0.0008573645609430969,-0.006856794003397226,-0.0006099855527281761,1.9541878700256348,1.741560697555542,2.0364017486572266,1.3168177604675293,1.0247939825057983,1.243321418762207,1.1857930421829224,0.7274605631828308,0.0012489452492445707,0.11967559903860092,0.0
30500,30500,152.5,0.7625,train_W,30500,S,True,False,True,15340,15160,0.3835,75.8,2.8301730155944824,1.907907095938921,1.7765055379664252,2.047996360223648,0.001,0.001,150.92507535591722,1.994584321975708,1.9826740026474,1.0116524696350098,0.5087207936587285,1.9539533853530884,0.9436385631561279,1.1904999017715454,0.01875934563577175,0.017699058428111432,2.307039927896056,0.0008731943089514971,-0.006856794003397226,-0.0006356336525641382,1.9539533853530884,1.7414515018463135,2.0362839698791504,1.3166908025741577,1.0249724388122559,1.2433267831802368,1.1858410835266113,0.7275072932243347,0.0012495601549744606,0.11966068297624588,0.0
31000,31000,155.0,0.775,train_W,31000,S,True,False,True,15586,15414,0.38965,77.07,2.1315901279449463,1.8618951368331909,1.6531432615063055,2.0640721499450563,0.001,0.001,153.0029595438391,1.994584321975708,1.9824981689453125,1.011677861213684,0.5087561221505874,1.9537267684936523,0.9436385631561279,1.1904999017715454,0.01875934563577175,0.017699058428111432,2.307039927896056,0.0008898490923456848,-0.006856794003397226,-0.0006636410835199058,1.9537267684936523,1.7413585186004639,2.036173105239868,1.3165799379348755,1.024985671043396,1.2432003021240234,1.1861802339553833,0.7273910045623779,0.0012498705182224512,0.11967457830905914,0.0
31500,31500,157.5,0.7875,train_W,31500,Sprime,True,False,True,15857,15643,0.396425,78.215,2.7464935779571533,1.8416911607682704,1.698081624903802,2.0116395634725106,0.001,0.001,155.07312937267125,1.994584321975708,1.982317566871643,1.0116997957229614,0.5087903281307093,1.9535022974014282,0.9436385631561279,1.1904999017715454,0.01875934563577175,0.017699058428111432,2.307039927896056,0.0009035489638336003,-0.006856794003397226,-0.0006877488922327757,1.9535022974014282,1.7412614822387695,2.036067008972168,1.3164663314819336,1.0250049829483032,1.2432247400283813,1.1862142086029053,0.7274259924888611,0.0012487677158787847,0.11966715008020401,0.0
32000,32000,160.0,0.8,train_W,32000,S,True,False,True,16100,15900,0.4025,79.5,0.5729634165763855,1.880090522646904,1.6929539851691007,2.057032851857434,0.001,0.001,157.16201175935566,1.994584321975708,1.9821285009384155,1.0117173194885254,0.5088234063472156,1.9532781839370728,0.9436385631561279,1.1904999017715454,0.01875934563577175,0.017699058428111432,2.307039927896056,0.0009178867912851274,-0.006856794003397226,-0.0007129600271582603,1.9532781839370728,1.7411589622497559,2.035963296890259,1.3163483142852783,1.0248777866363525,1.2432199716567993,1.186333179473877,0.7273923754692078,0.001245677238330245,0.11968610435724258,0.0
32500,32500,162.5,0.8125,train_W,32500,S,True,False,True,16364,16136,0.4091,80.68,1.0560346841812134,1.9942878589630126,1.8427255931451465,2.1638320885219815,0.001,0.001,159.23427965678275,1.994584321975708,1.9819293022155762,1.0117398500442505,0.5088603078553732,1.9530339241027832,0.9436385631561279,1.1904999017715454,0.01875934563577175,0.017699058428111432,2.307039927896056,0.000931562390178442,-0.006856794003397226,-0.0007393817650154233,1.9530339241027832,1.74104642868042,2.035841226577759,1.316215991973877,1.0250433683395386,1.2432600259780884,1.186679482460022,0.7276583313941956,0.0012464432511478662,0.11963589489459991,0.0
33000,33000,165.0,0.825,train_W,33000,S,True,False,True,16621,16379,0.415525,81.895,1.788774013519287,1.936680035084486,1.7311774955533359,2.1540222270989124,0.001,0.001,161.3093255199492,1.994584321975708,1.981740951538086,1.0117658376693726,0.508897560340094,1.9527935981750488,0.9436385631561279,1.1904999017715454,0.01875934563577175,0.017699058428111432,2.307039927896056,0.0009447928168810904,-0.006856794003397226,-0.0007655997178517282,1.9527935981750488,1.7409461736679077,2.035729169845581,1.3160996437072754,1.0250988006591797,1.2430607080459595,1.1868433952331543,0.7277410626411438,0.0012461961014196277,0.11961811035871506,0.0
33500,33500,167.5,0.8375,train_W,33500,Sprime,True,False,True,16874,16626,0.42185,83.13,1.5148305892944336,1.9045215975046157,1.7613846294493543,2.051135576929641,0.001,0.001,163.37995323725045,1.994584321975708,1.9815552234649658,1.0117852687835693,0.5089311827793983,1.9525690078735352,0.9436385631561279,1.1904999017715454,0.01875934563577175,0.017699058428111432,2.307039927896056,0.000960857083555311,-0.006856794003397226,-0.000790243677329272,1.9525690078735352,1.740844964981079,2.0356194972991943,1.315979242324829,1.025125503540039,1.2429847717285156,1.1868813037872314,0.7277165055274963,0.0012439083075150847,0.1196281686425209,0.0
34000,34000,170.0,0.85,train_W,34000,S,True,False,True,17118,16882,0.42795,84.41,1.15663743019104,1.8843509046137332,1.7136958540096634,2.0470064997207373,0.001,0.001,165.44969249144197,1.994584321975708,1.9813621044158936,1.0118019580841064,0.5089643795619924,1.9523425102233887,0.9436385631561279,1.1904999017715454,0.01875934563577175,0.017699058428111432,2.307039927896056,0.0009801926789805293,-0.006856794003397226,-0.0008131656213663518,1.9523425102233887,1.7407351732254028,2.035510540008545,1.3158519268035889,1.0251611471176147,1.2429226636886597,1.1868888139724731,0.7276611328125,0.0012428113259375095,0.11963853240013123,0.0
34500,34500,172.5,0.8625,train_W,34500,S,True,False,True,17376,17124,0.4344,85.62,1.9109385013580322,1.921380775809288,1.7353487121042355,2.119712480089881,0.001,0.001,167.5449892114848,1.994584321975708,1.981176495552063,1.0118212699890137,0.5089979353461663,1.9521182775497437,0.9436385631561279,1.1904999017715454,0.01875934563577175,0.017699058428111432,2.307039927896056,0.0009956907015293837,-0.006856794003397226,-0.0008402843959629536,1.9521182775497437,1.7406429052352905,2.0353972911834717,1.3157366514205933,1.0253629684448242,1.2428280115127563,1.1871660947799683,0.7279092073440552,0.0012426998000591993,0.11958937346935272,0.0
35000,35000,175.0,0.875,train_W,35000,Sprime,True,False,True,17605,17395,0.440125,86.975,0.7482842206954956,1.9023816075623035,1.7299429138544866,2.0480954852711233,0.001,0.001,169.61869240552187,1.994584321975708,1.9809937477111816,1.0118447542190552,0.5090332268002415,1.9518885612487793,0.9436385631561279,1.1904999017715454,0.01875934563577175,0.017699058428111432,2.307039927896056,0.001016863971017301,-0.006856794003397226,-0.0008658692240715027,1.9518885612487793,1.7405428886413574,2.035282850265503,1.3156194686889648,1.0252333879470825,1.242865800857544,1.1871719360351562,0.7283600568771362,0.0012405808083713055,0.11953466385602951,0.0
35500,35500,177.5,0.8875,train_W,35500,Sprime,True,False,True,17853,17647,0.446325,88.235,1.0647735595703125,1.8194532031416892,1.6236916623048243,2.0121074179335245,0.001,0.001,171.6920119933784,1.994584321975708,1.9808253049850464,1.0118701457977295,0.5090676439746611,1.9516693353652954,0.9436385631561279,1.1904999017715454,0.01875934563577175,0.017699058428111432,2.307039927896056,0.001033108914270997,-0.006856794003397226,-0.0008932376513257623,1.9516693353652954,1.7404567003250122,2.0351712703704834,1.3155142068862915,1.025170087814331,1.2428778409957886,1.1870366334915161,0.7291284799575806,0.001237791497260332,0.11943036317825317,0.0
36000,36000,180.0,0.9,train_W,36000,S,True,False,True,18074,17926,0.45185,89.63,2.0930166244506836,1.8775923174917697,1.722422831738157,2.000504347425635,0.001,0.001,173.7652548197657,1.994584321975708,1.9806636571884155,1.0118954181671143,0.5091011317482744,1.951457142829895,0.9436385631561279,1.1904999017715454,0.01875934563577175,0.017699058428111432,2.307039927896056,0.0010523357195779681,-0.006856794003397226,-0.0009217549813911319,1.951457142829895,1.740357518196106,2.035066604614258,1.315400242805481,1.0252866744995117,1.2429720163345337,1.1871693134307861,0.7292075753211975,0.0012369088362902403,0.11941846460103989,0.0
36500,36500,182.5,0.9125,train_W,36500,S,True,False,True,18328,18172,0.4582,90.86,1.269258737564087,1.8924999104440212,1.7998988860704768,1.9881123502443476,0.001,0.001,175.8368382062763,1.994584321975708,1.9804936647415161,1.0119200944900513,0.5091353958069231,1.9512377977371216,0.9436385631561279,1.1904999017715454,0.01875934563577175,0.017699058428111432,2.307039927896056,0.001067502424120903,-0.006856794003397226,-0.0009487722418271005,1.9512377977371216,1.740256667137146,2.0349698066711426,1.3152819871902466,1.0254539251327515,1.2429864406585693,1.1873061656951904,0.7294479012489319,0.0012376480735838413,0.11937837302684784,0.0
37000,37000,185.0,0.925,train_W,37000,Sprime,True,False,True,18565,18435,0.464125,92.175,0.7299650311470032,1.8535279151797295,1.6693349777394708,2.0195116648882516,0.001,0.001,177.92517662234604,1.994584321975708,1.9803017377853394,1.011936902999878,0.5091685248194866,1.9510122537612915,0.9436385631561279,1.1904999017715454,0.01875934563577175,0.017699058428111432,2.307039927896056,0.0010816152207553387,-0.006856794003397226,-0.0009737949003465474,1.9510122537612915,1.740156650543213,2.0348587036132812,1.3151628971099854,1.0255500078201294,1.2429217100143433,1.187411904335022,0.7296674847602844,0.001237447140738368,0.11936226487159729,0.0
37500,37500,187.5,0.9375,train_W,37500,S,True,False,True,18817,18683,0.470425,93.415,1.728772521018982,1.9160352581143378,1.7584678471561461,2.076144078926694,0.001,0.001,179.99723967164755,1.994584321975708,1.9801210165023804,1.0119625329971313,0.5092046562716209,1.9507802724838257,0.9436385631561279,1.1904999017715454,0.01875934563577175,0.017699058428111432,2.307039927896056,0.0010977542260661721,-0.006856794003397226,-0.0010006495285779238,1.9507802724838257,1.740050196647644,2.0347442626953125,1.3150383234024048,1.0255038738250732,1.2429941892623901,1.1875355243682861,0.7300319075584412,0.001236128737218678,0.11927972733974457,0.0
38000,38000,190.0,0.95,train_W,38000,Sprime,True,False,True,19074,18926,0.47685,94.63,1.0362370014190674,1.8744437991827727,1.83602121486854,1.915080030329924,0.001,0.001,182.07394315861166,1.994584321975708,1.9799432754516602,1.0119845867156982,0.5092386092128587,1.9505584239959717,0.9436385631561279,1.1904999017715454,0.01875934563577175,0.017699058428111432,2.307039927896056,0.0011078107636421919,-0.006856794003397226,-0.0010283769806846976,1.9505584239959717,1.7399464845657349,2.0346312522888184,1.314914584159851,1.0255109071731567,1.243147611618042,1.18760085105896,0.7303159236907959,0.001235617557540536,0.1192479357123375,0.0
38500,38500,192.5,0.9625,train_W,38500,Sprime,True,False,True,19312,19188,0.4828,95.94,2.255411386489868,1.8663154768645764,1.6781497969597328,2.037244605938442,0.001,0.001,184.14684951119125,1.994584321975708,1.9797741174697876,1.012007236480713,0.5092717622306037,1.9503439664840698,0.9436385631561279,1.1904999017715454,0.01875934563577175,0.017699058428111432,2.307039927896056,0.001127304625697434,-0.006856794003397226,-0.0010562819661572576,1.9503439664840698,1.7398502826690674,2.0345237255096436,1.3148046731948853,1.0254892110824585,1.243018388748169,1.1876118183135986,0.7301223874092102,0.001236954820342362,0.119256891310215,0.0
39000,39000,195.0,0.975,train_W,39000,Sprime,True,False,True,19543,19457,0.488575,97.285,2.153409957885742,1.8972506230771542,1.7679066012948106,2.0083229986597613,0.001,0.001,186.22815313003957,1.994584321975708,1.9795960187911987,1.0120240449905396,0.5093031295047143,1.9501322507858276,0.9436385631561279,1.1904999017715454,0.01875934563577175,0.017699058428111432,2.307039927896056,0.001144298817962408,-0.006856794003397226,-0.0010833661071956158,1.9501322507858276,1.7397470474243164,2.034416437149048,1.3146930932998657,1.0254712104797363,1.2430360317230225,1.1876617670059204,0.7300128936767578,0.001237624092027545,0.11928408592939377,0.0
39500,39500,197.5,0.9875,train_W,39500,S,True,False,True,19798,19702,0.49495,98.51,2.0051422119140625,1.9302636369466781,1.816249831166922,2.0489310674521386,0.001,0.001,188.30825494416058,1.994584321975708,1.9794143438339233,1.0120456218719482,0.5093373605505118,1.9499074220657349,0.9436385631561279,1.1904999017715454,0.01875934563577175,0.017699058428111432,2.307039927896056,0.0011575886746868491,-0.006856794003397226,-0.0011102325515821576,1.9499074220657349,1.7396453619003296,2.0343148708343506,1.3145771026611328,1.0254652500152588,1.2430479526519775,1.187525749206543,0.7297295928001404,0.001239553326740861,0.11931087076663971,0.0
40000,40000,200.0,1.0,train_W,40000,Sprime,True,False,True,20045,19955,0.501125,99.775,0.6941379904747009,1.8512824757546187,1.68557991757084,2.0130553290012325,0.001,0.001,190.38214741274714,1.994584321975708,1.9792349338531494,1.012068271636963,0.5093718443362425,1.9496827125549316,0.9436385631561279,1.1904999017715454,0.01875934563577175,0.017699058428111432,2.307039927896056,0.0011734931031242013,-0.006856794003397226,-0.0011348614934831858,1.9496827125549316,1.7395457029342651,2.0342087745666504,1.3144599199295044,1.025466799736023,1.2428983449935913,1.1876163482666016,0.7296086549758911,0.001238928409293294,0.11930901557207108,0.0
40500,40500,202.5,1.0125,train_W,40500,Sprime,True,False,True,20297,20203,0.507425,101.015,3.263409376144409,1.9102881421148776,1.871801056499992,1.9493959871751647,0.001,0.001,192.47071395255625,1.994584321975708,1.9790551662445068,1.012093186378479,0.5094075183305159,1.9494531154632568,0.9436385631561279,1.1904999017715454,0.01875934563577175,0.017699058428111432,2.307039927896056,0.0011911132605746388,-0.006856794003397226,-0.0011633643880486488,1.9494531154632568,1.7394403219223022,2.034090518951416,1.3143402338027954,1.0256222486495972,1.2431474924087524,1.1878681182861328,0.7296107411384583,0.0012382016284391284,0.11930818855762482,0.0
41000,41000,205.0,1.025,train_W,41000,Sprime,True,False,True,20545,20455,0.513625,102.275,1.3845281600952148,1.8714659161865712,1.6756628782398277,2.0641609694040013,0.001,0.001,194.54596785642207,1.994584321975708,1.9788812398910522,1.0121128559112549,0.5094398045907793,1.9492398500442505,0.9436385631561279,1.1904999017715454,0.01875934563577175,0.017699058428111432,2.307039927896056,0.00120994180906564,-0.006856794003397226,-0.0011914079077541828,1.9492398500442505,1.7393453121185303,2.0339930057525635,1.3142269849777222,1.0254629850387573,1.2432221174240112,1.1877906322479248,0.7295931577682495,0.001237821183167398,0.11930188536643982,0.0
41500,41500,207.5,1.0375,train_W,41500,S,True,False,True,20805,20695,0.520125,103.475,1.0918545722961426,1.8381178117096424,1.7393548831916772,1.9451109842707714,0.001,0.001,196.6280635315925,1.994584321975708,1.9787077903747559,1.012133240699768,0.5094723933200487,1.9490256309509277,0.9436385631561279,1.1904999017715454,0.01875934563577175,0.017699058428111432,2.307039927896056,0.0012246835976839066,-0.006856794003397226,-0.001215481199324131,1.9490256309509277,1.7392457723617554,2.0338828563690186,1.3141121864318848,1.025443196296692,1.2431714534759521,1.187728762626648,0.7298960089683533,0.0012372233904898167,0.11926393210887909,0.0
42000,42000,210.0,1.05,train_W,42000,Sprime,True,False,True,21036,20964,0.5259,104.82,2.0274925231933594,1.9462022673785686,1.8152159407928392,2.0586849493165,0.001,0.001,198.7113498430699,1.994584321975708,1.9785163402557373,1.0121533870697021,0.5095071836082442,1.948793888092041,0.9436385631561279,1.1904999017715454,0.01875934563577175,0.017699058428111432,2.307039927896056,0.0012413224903866649,-0.006856794003397226,-0.001241639838553965,1.948793888092041,1.7391403913497925,2.0337626934051514,1.3139872550964355,1.0256582498550415,1.2433569431304932,1.1876813173294067,0.7303988337516785,0.0012360248947516084,0.11922474205493927,0.0
42500,42500,212.5,1.0625,train_W,42500,Sprime,True,False,True,21275,21225,0.531875,106.125,1.1567466259002686,1.8597345298528671,1.8092513989703924,1.9059623776724512,0.001,0.001,200.79809560067952,1.994584321975708,1.9783214330673218,1.0121716260910034,0.5095414634756307,1.948562502861023,0.9436385631561279,1.1904999017715454,0.01875934563577175,0.017699058428111432,2.307039927896056,0.001256043091416359,-0.006856794003397226,-0.0012637900654226542,1.948562502861023,1.7390445470809937,2.03365159034729,1.31387460231781,1.025615930557251,1.2432074546813965,1.1878174543380737,0.7305237650871277,0.0012363414280116558,0.11919655650854111,0.0
43000,43000,215.0,1.075,train_W,43000,Sprime,True,False,True,21517,21483,0.537925,107.415,1.0145533084869385,1.8233220162987709,1.7361434843421968,1.9050941276688909,0.001,0.001,202.88622631132603,1.994584321975708,1.9781304597854614,1.0121902227401733,0.5095754213039079,1.9483343362808228,0.9436385631561279,1.1904999017715454,0.01875934563577175,0.017699058428111432,2.307039927896056,0.0012722690589725971,-0.006856794003397226,-0.0012911591911688447,1.9483343362808228,1.7389439344406128,2.0335495471954346,1.3137564659118652,1.0256165266036987,1.2432130575180054,1.1879431009292603,0.7305018901824951,0.0012359216343611479,0.11918660253286362,0.0
43500,43500,217.5,1.0875,train_W,43500,Sprime,True,False,True,21759,21741,0.543975,108.705,0.5875141024589539,1.8678901996314525,1.6896765360162278,2.0350518530999966,0.001,0.001,204.96622294187546,1.994584321975708,1.9779647588729858,1.0122120380401611,0.5096077484195812,1.9481250047683716,0.9436385631561279,1.1904999017715454,0.01875934563577175,0.017699058428111432,2.307039927896056,0.001290233340114355,-0.006856794003397226,-0.0013141512172296643,1.9481250047683716,1.7388556003570557,2.033440113067627,1.313652515411377,1.0256706476211548,1.2433054447174072,1.1880759000778198,0.7303596138954163,0.001236404525116086,0.1192135289311409,0.0
44000,44000,220.0,1.1,train_W,44000,Sprime,True,False,True,22006,21994,0.55015,109.97,0.4585326910018921,1.832332657456398,1.725332086988789,1.9367956649880165,0.001,0.001,207.04589667916298,1.994584321975708,1.9777860641479492,1.0122352838516235,0.5096424735085117,1.9478998184204102,0.9436385631561279,1.1904999017715454,0.01875934563577175,0.017699058428111432,2.307039927896056,0.0013061766512691975,-0.006856794003397226,-0.0013387560611590743,1.9478998184204102,1.7387614250183105,2.033329725265503,1.3135409355163574,1.0255743265151978,1.2432963848114014,1.18802809715271,0.7307114005088806,0.0012362507404759526,0.11915301531553268,0.0
44500,44500,222.5,1.1125,train_W,44500,S,True,False,True,22272,22228,0.5568,111.14,1.0536561012268066,1.8164714453220367,1.6767004099779559,1.975356468405479,0.001,0.001,209.14108051359653,1.994584321975708,1.9776034355163574,1.0122548341751099,0.5096758490088835,1.9476780891418457,0.9436385631561279,1.1904999017715454,0.01875934563577175,0.017699058428111432,2.307039927896056,0.001320391078479588,-0.006856794003397226,-0.0013633831404149532,1.9476780891418457,1.738666296005249,2.0332229137420654,1.3134276866912842,1.025606632232666,1.243378758430481,1.188199520111084,0.7309488654136658,0.0012333147460594773,0.11914306879043579,0.0
45000,45000,225.0,1.125,train_W,45000,Sprime,True,False,True,22533,22467,0.563325,112.335,1.9690488576889038,1.883100551009178,1.7920418269789538,1.9825412496363268,0.001,0.001,211.22248590365052,1.994584321975708,1.9774237871170044,1.0122789144515991,0.5097111255391567,1.9474502801895142,0.9436385631561279,1.1904999017715454,0.01875934563577175,0.017699058428111432,2.307039927896056,0.001337326830253005,-0.006856794003397226,-0.001390053192153573,1.9474502801895142,1.7385660409927368,2.033111810684204,1.3133145570755005,1.0256065130233765,1.2434053421020508,1.1882349252700806,0.731115460395813,0.0012334842467680573,0.1191210150718689,0.0
45500,45500,227.5,1.1375,train_W,45500,Sprime,True,False,True,22790,22710,0.56975,113.55,1.5962162017822266,1.8455607745051383,1.6798412209586875,2.0208279566509733,0.001,0.001,213.30512923561037,1.994584321975708,1.9772576093673706,1.0122979879379272,0.5097421487578274,1.9472459554672241,0.9436385631561279,1.1904999017715454,0.01875934563577175,0.017699058428111432,2.307039927896056,0.0013516541803255677,-0.006856794003397226,-0.001418841420672834,1.9472459554672241,1.7384647130966187,2.0330138206481934,1.313204288482666,1.0257008075714111,1.24333655834198,1.1881879568099976,0.7316337823867798,0.0012317652581259608,0.11904443055391312,0.0
46000,46000,230.0,1.15,train_W,46000,Sprime,True,False,True,23029,22971,0.575725,114.855,3.6175427436828613,1.9492396949529647,1.8090877201267865,2.077578093357013,0.001,0.001,215.38385535404086,1.994584321975708,1.9770605564117432,1.012323260307312,0.5097802775617122,1.9469983577728271,0.9436385631561279,1.1904999017715454,0.01875934563577175,0.017699058428111432,2.307039927896056,0.0013710641069337726,-0.006856794003397226,-0.0014444991247728467,1.9469983577728271,1.7383557558059692,2.0328962802886963,1.3130731582641602,1.0256333351135254,1.2435264587402344,1.1880872249603271,0.731891393661499,0.0012326722498983145,0.11903731524944305,0.0
46500,46500,232.5,1.1625,train_W,46500,S,True,False,True,23260,23240,0.5815,116.2,1.149373173713684,1.9301809597611428,1.7886364908961507,2.0517302991953925,0.001,0.001,217.48370522260666,1.994584321975708,1.9768890142440796,1.012346625328064,0.5098141614086776,1.9467800855636597,0.9436385631561279,1.1904999017715454,0.01875934563577175,0.017699058428111432,2.307039927896056,0.0013871889095753431,-0.006856794003397226,-0.0014732538256794214,1.9467800855636597,1.7382633686065674,2.03279972076416,1.3129655122756958,1.0256755352020264,1.2434947490692139,1.1881660223007202,0.7315060496330261,0.0012351743644103408,0.1190967857837677,0.0
47000,47000,235.0,1.175,train_W,47000,S,True,False,True,23507,23493,0.587675,117.465,1.946057677268982,1.8488859922140837,1.6840283808256933,2.0098339369292315,0.001,0.001,219.56399156711996,1.994584321975708,1.9767029285430908,1.012365460395813,0.5098476433726451,1.9465563297271729,0.9436385631561279,1.1904999017715454,0.01875934563577175,0.017699058428111432,2.307039927896056,0.0014020501403138041,-0.006856794003397226,-0.001496284967288375,1.9465563297271729,1.7381675243377686,2.0326905250549316,1.312859058380127,1.0257750749588013,1.2433345317840576,1.1882718801498413,0.7315210700035095,0.0012349591124802828,0.11907827854156494,0.0
47500,47500,237.5,1.1875,train_W,47500,Sprime,True,False,True,23747,23753,0.593675,118.765,1.439529538154602,1.85208092212677,1.7081756001959245,1.984916603909089,0.001,0.001,221.64627115614712,1.994584321975708,1.9765456914901733,1.0123924016952515,0.5098814912469481,1.9463452100753784,0.9436385631561279,1.1904999017715454,0.01875934563577175,0.017699058428111432,2.307039927896056,0.001421224675141275,-0.006856794003397226,-0.001526359934359789,1.9463452100753784,1.7380727529525757,2.032585859298706,1.312752366065979,1.0258691310882568,1.2433074712753296,1.18844473361969,0.7316408753395081,0.0012335899518802762,0.11906490474939346,0.0
48000,48000,240.0,1.2,train_W,48000,S,True,False,True,24011,23989,0.600275,119.945,2.4897334575653076,1.8464172121286393,1.8067603255763198,1.8907791530176745,0.001,0.001,223.78228190355003,1.994584321975708,1.9763706922531128,1.012417197227478,0.5099165532474959,1.9461206197738647,0.9436385631561279,1.1904999017715454,0.01875934563577175,0.017699058428111432,2.307039927896056,0.001436326070688665,-0.006856794003397226,-0.001553479116410017,1.9461206197738647,1.7379812002182007,2.0324738025665283,1.3126469850540161,1.0259047746658325,1.2432795763015747,1.188600778579712,0.7317426204681396,0.0012320701498538256,0.11906206607818604,0.0
48500,48500,242.5,1.2125,train_W,48500,S,True,False,True,24268,24232,0.6067,121.16,1.6329892873764038,1.8685287907719612,1.7267425894621282,2.0184837444206325,0.001,0.001,226.52930648438632,1.994584321975708,1.9761970043182373,1.0124396085739136,0.5099502492858118,1.9459021091461182,0.9436385631561279,1.1904999017715454,0.01875934563577175,0.017699058428111432,2.307039927896056,0.0014524972066283226,-0.006856794003397226,-0.0015776887303218246,1.9459021091461182,1.737879991531372,2.0323681831359863,1.3125284910202026,1.025762677192688,1.2434147596359253,1.1887866258621216,0.7319321632385254,0.0012293929466977715,0.11904433369636536,0.0
49000,49000,245.0,1.225,train_W,49000,S,True,False,True,24498,24502,0.61245,122.51,1.6998597383499146,1.8845936497747897,1.6550777860309767,2.0801071633343344,0.001,0.001,229.27134883217514,1.994584321975708,1.976017951965332,1.0124659538269043,0.5099866230506006,1.9456703662872314,0.9436385631561279,1.1904999017715454,0.01875934563577175,0.017699058428111432,2.307039927896056,0.0014743003994226456,-0.006856794003397226,-0.0016039034817367792,1.9456703662872314,1.7377761602401733,2.032245397567749,1.31240975856781,1.025946021080017,1.2434873580932617,1.188936710357666,0.7320393919944763,0.001229705405421555,0.11902317404747009,0.0
49500,49500,247.5,1.2375,train_W,49500,Sprime,True,False,True,24740,24760,0.6185,123.8,2.5505287647247314,1.916739776223898,1.7346054802625632,2.0875789220480954,0.001,0.001,232.02050231210887,1.994584321975708,1.9758213758468628,1.0124876499176025,0.5100229209428078,1.9454303979873657,0.9436385631561279,1.1904999017715454,0.01875934563577175,0.017699058428111432,2.307039927896056,0.0014916512882336974,-0.006856794003397226,-0.0016290933126583695,1.9454303979873657,1.7376712560653687,2.0321261882781982,1.3122906684875488,1.0257630348205566,1.2434272766113281,1.1888655424118042,0.7318108081817627,0.001228443463332951,0.1190437451004982,0.0
50000,50000,250.0,1.25,train_W,50000,Sprime,True,False,True,24982,25018,0.62455,125.09,0.786611020565033,1.8965200245380402,1.7185050745394603,2.0634952877150026,0.001,0.001,234.7532080616802,1.994584321975708,1.9756382703781128,1.012512445449829,0.5100590461789932,1.9451977014541626,0.9436385631561279,1.1904999017715454,0.01875934563577175,0.017699058428111432,2.307039927896056,0.0015083728358149529,-0.006856794003397226,-0.0016562299570068717,1.9451977014541626,1.7375657558441162,2.032020330429077,1.3121691942214966,1.0257666110992432,1.243337631225586,1.188999891281128,0.7319015860557556,0.0012269294820725918,0.1189996525645256,0.0
50500,50500,252.5,1.2625,train_W,50500,Sprime,True,False,True,25239,25261,0.630975,126.305,2.778627872467041,1.8925125898718833,1.779780673493671,2.011739349169005,0.001,0.001,237.49380609579384,1.994584321975708,1.975459337234497,1.0125364065170288,0.5100942167924079,1.9449708461761475,0.9436385631561279,1.1904999017715454,0.01875934563577175,0.017699058428111432,2.307039927896056,0.0015245924005284905,-0.006856794003397226,-0.0016846988582983613,1.9449708461761475,1.737472653388977,2.031913995742798,1.3120530843734741,1.0258015394210815,1.243298053741455,1.189226746559143,0.7320266366004944,0.001227326923981309,0.11896705627441406,0.0
51000,51000,255.0,1.275,train_W,51000,S,True,False,True,25480,25520,0.637,127.6,1.1919358968734741,1.931472009420395,1.8403896209609953,2.016224347716593,0.001,0.001,240.2517084442079,1.994584321975708,1.9752910137176514,1.0125620365142822,0.5101288624470274,1.944751262664795,0.9436385631561279,1.1904999017715454,0.01875934563577175,0.017699058428111432,2.307039927896056,0.0015417069662362337,-0.006856794003397226,-0.001711627934128046,1.944751262664795,1.7373703718185425,2.0318052768707275,1.3119384050369263,1.0260204076766968,1.2432746887207031,1.1896332502365112,0.7317804098129272,0.0012291237944737077,0.1189800426363945,0.0
51500,51500,257.5,1.2875,train_W,51500,Sprime,True,False,True,25722,25778,0.64305,128.89,1.9906880855560303,1.915310380101204,1.7675032130450257,2.0539512112159137,0.001,0.001,242.99860276468098,1.994584321975708,1.9751155376434326,1.0125848054885864,0.5101629942684653,1.9445302486419678,0.9436385631561279,1.1904999017715454,0.01875934563577175,0.017699058428111432,2.307039927896056,0.001559595693834126,-0.006856794003397226,-0.0017374115996062756,1.9445302486419678,1.7372689247131348,2.03169584274292,1.3118187189102173,1.026098608970642,1.2431387901306152,1.1898084878921509,0.731458842754364,0.0012301559327170253,0.1189950555562973,0.0
52000,52000,260.0,1.3,train_W,52000,S,True,False,True,25975,26025,0.649375,130.125,0.5529950857162476,1.873692535340786,1.6790331313496993,2.0730805078498746,0.001,0.001,245.73597322031856,1.994584321975708,1.9749267101287842,1.0126070976257324,0.5101986144606735,1.9442968368530273,0.9436385631561279,1.1904999017715454,0.01875934563577175,0.017699058428111432,2.307039927896056,0.0015748718287795782,-0.006856794003397226,-0.001763820182532072,1.9442968368530273,1.7371690273284912,2.031589984893799,1.3117095232009888,1.0261410474777222,1.2431244850158691,1.189744472503662,0.7317057251930237,0.0012274333275854588,0.11894650012254715,0.0
52500,52500,262.5,1.3125,train_W,52500,Sprime,True,False,True,26211,26289,0.655275,131.445,3.146225929260254,1.8502758168876172,1.7322986581820552,1.9557402466395588,0.001,0.001,248.4929288830608,1.994584321975708,1.9747581481933594,1.0126343965530396,0.5102341438890305,1.9440736770629883,0.9436385631561279,1.1904999017715454,0.01875934563577175,0.017699058428111432,2.307039927896056,0.001589502557180822,-0.006856794003397226,-0.0017920918762683868,1.9440736770629883,1.7370753288269043,2.03147554397583,1.3115994930267334,1.0260820388793945,1.2429827451705933,1.189708948135376,0.7318007349967957,0.0012259960640221834,0.1189352497458458,0.0
53000,53000,265.0,1.325,train_W,53000,Sprime,True,False,True,26461,26539,0.661525,132.695,1.5085808038711548,1.8569654135107994,1.7756026962995528,1.938328130722046,0.001,0.001,251.23075083643198,1.994584321975708,1.9745843410491943,1.012656807899475,0.5102678922051082,1.9438550472259521,0.9436385631561279,1.1904999017715454,0.01875934563577175,0.017699058428111432,2.307039927896056,0.001607173471711576,-0.006856794003397226,-0.0018191556446254253,1.9438550472259521,1.7369778156280518,2.0313632488250732,1.3114843368530273,1.0261924266815186,1.2428776025772095,1.1896804571151733,0.7319602370262146,0.0012257263297215104,0.1188950166106224,0.0
53500,53500,267.5,1.3375,train_W,53500,S,True,False,True,26706,26794,0.66765,133.97,0.5211449265480042,1.8445094141960143,1.7067846796950517,1.9768331787165474,0.001,0.001,253.97347997687757,1.994584321975708,1.9744007587432861,1.0126796960830688,0.5103031480027979,1.9436256885528564,0.9436385631561279,1.1904999017715454,0.01875934563577175,0.017699058428111432,2.307039927896056,0.0016253473004326224,-0.006856794003397226,-0.0018444049637764692,1.9436256885528564,1.7368766069412231,2.0312485694885254,1.3113688230514526,1.0261143445968628,1.2426352500915527,1.189638614654541,0.73207688331604,0.0012244913959875703,0.11885550618171692,0.0
54000,54000,270.0,1.35,train_W,54000,Sprime,True,False,True,26953,27047,0.673825,135.235,2.8732125759124756,1.9418677317500115,1.8938839985774114,1.9887135107762257,0.001,0.001,256.73298004455864,1.994584321975708,1.9742120504379272,1.012701392173767,0.5103384699821191,1.943393588066101,0.9436385631561279,1.1904999017715454,0.01875934563577175,0.017699058428111432,2.307039927896056,0.0016382356407120824,-0.006856794003397226,-0.0018706596456468105,1.943393588066101,1.7367738485336304,2.031141996383667,1.3112484216690063,1.0259602069854736,1.2426127195358276,1.1895109415054321,0.7322695851325989,0.0012213434092700481,0.11883111298084259,0.0
54500,54500,272.5,1.3625,train_W,54500,S,True,False,True,27209,27291,0.680225,136.455,0.8556408286094666,1.9168080510497094,1.786809780751355,2.0531996789037206,0.001,0.001,259.47245339117944,1.994584321975708,1.9740318059921265,1.012724757194519,0.5103735434383301,1.9431666135787964,0.9436385631561279,1.1904999017715454,0.01875934563577175,0.017699058428111432,2.307039927896056,0.0016550502041354775,-0.006856794003397226,-0.0018979167798534036,1.9431666135787964,1.7366660833358765,2.0310256481170654,1.311120629310608,1.0259732007980347,1.2423864603042603,1.1896201372146606,0.7320141196250916,0.0012237305054441094,0.11885572224855423,0.0
55000,55000,275.0,1.375,train_W,55000,S,True,False,True,27449,27551,0.686225,137.755,0.7994450330734253,1.8419337651729584,1.6923972056557735,1.9799675124195906,0.001,0.001,262.21672591008246,1.994584321975708,1.9738601446151733,1.0127440690994263,0.510405468737517,1.9429563283920288,0.9436385631561279,1.1904999017715454,0.01875934563577175,0.017699058428111432,2.307039927896056,0.0016717923572286963,-0.006856794003397226,-0.0019257207168266177,1.9429563283920288,1.7365682125091553,2.0309205055236816,1.3110085725784302,1.0259207487106323,1.242434024810791,1.1894713640213013,0.7319005131721497,0.001222912105731666,0.11887861043214798,0.0
55500,55500,277.5,1.3875,train_W,55500,Sprime,True,False,True,27698,27802,0.69245,139.01,0.24081584811210632,1.7894577541947365,1.7048805900606285,1.8733609967022777,0.001,0.001,264.95832019113004,1.994584321975708,1.9736974239349365,1.0127685070037842,0.5104388251775605,1.9427447319030762,0.9436385631561279,1.1904999017715454,0.01875934563577175,0.017699058428111432,2.307039927896056,0.0016902589704841375,-0.006856794003397226,-0.0019518687622621655,1.9427447319030762,1.736474871635437,2.0308055877685547,1.3108972311019897,1.0258396863937378,1.2422206401824951,1.1894031763076782,0.7319404482841492,0.001223246450535953,0.11886841803789139,0.0
56000,56000,280.0,1.4,train_W,56000,S,True,False,True,27933,28067,0.698325,140.335,1.0120278596878052,1.8364381732046604,1.710433100449278,1.9481785207424525,0.001,0.001,267.7011792473495,1.994584321975708,1.9735230207443237,1.0127896070480347,0.5104720137667992,1.9425281286239624,0.9436385631561279,1.1904999017715454,0.01875934563577175,0.017699058428111432,2.307039927896056,0.0017025343840941787,-0.006856794003397226,-0.001977908657863736,1.9425281286239624,1.7363775968551636,2.030704975128174,1.3107844591140747,1.0260100364685059,1.2422198057174683,1.1894550323486328,0.7321158051490784,0.0012223689118400216,0.11885802447795868,0.0
56500,56500,282.5,1.4125,train_W,56500,S,True,False,True,28182,28318,0.70455,141.59,1.3413399457931519,1.953820677280426,1.7853476509272335,2.1209512890810034,0.001,0.001,269.85301888920367,1.994584321975708,1.973328709602356,1.0128072500228882,0.5105060388606674,1.9422985315322876,0.9436385631561279,1.1904999017715454,0.01875934563577175,0.017699058428111432,2.307039927896056,0.0017196834087371826,-0.006856794003397226,-0.002003566361963749,1.9422985315322876,1.736280083656311,2.0305981636047363,1.3106672763824463,1.0260430574417114,1.2423501014709473,1.1895569562911987,0.732193648815155,0.001220526872202754,0.11885423213243484,0.0
57000,57000,285.0,1.425,train_W,57000,Sprime,True,False,True,28427,28573,0.710675,142.865,1.9422881603240967,1.862588672414422,1.7238058398572766,1.9959290409497186,0.001,0.001,272.6004034727812,1.994584321975708,1.973144292831421,1.0128288269042969,0.5105407714647882,1.9420709609985352,0.9436385631561279,1.1904999017715454,0.01875934563577175,0.017699058428111432,2.307039927896056,0.0017351327696815133,-0.006856794003397226,-0.002028906485065818,1.9420709609985352,1.7361775636672974,2.0304818153381348,1.310547113418579,1.0258703231811523,1.242213487625122,1.1895428895950317,0.7324721813201904,0.0012176966993138194,0.11879763007164001,0.0
57500,57500,287.5,1.4375,train_W,57500,Sprime,True,False,True,28678,28822,0.71695,144.11,2.1248271465301514,1.8289594803601503,1.64955930025929,2.0098006257630256,0.001,0.001,275.334067940712,1.994584321975708,1.9729663133621216,1.0128501653671265,0.5105745553026864,1.9418503046035767,0.9436385631561279,1.1904999017715454,0.01875934563577175,0.017699058428111432,2.307039927896056,0.0017549613257870078,-0.006856794003397226,-0.0020514295902103186,1.9418503046035767,1.736078143119812,2.030379295349121,1.310427188873291,1.026037335395813,1.2422943115234375,1.1895103454589844,0.7323833107948303,0.001218993915244937,0.11880600452423096,0.0
58000,58000,290.0,1.45,train_W,58000,S,True,False,True,28923,29077,0.723075,145.385,2.1941182613372803,1.9511088201403617,1.8328376121666967,2.064741941526824,0.001,0.001,278.0888617374003,1.994584321975708,1.9727851152420044,1.0128731727600098,0.5106096011033846,1.9416230916976929,0.9436385631561279,1.1904999017715454,0.01875934563577175,0.017699058428111432,2.307039927896056,0.0017736643785610795,-0.006856794003397226,-0.00207716622389853,1.9416230916976929,1.7359724044799805,2.0302584171295166,1.3103041648864746,1.0261297225952148,1.2423521280288696,1.1896030902862549,0.7323142290115356,0.001218857360072434,0.11881572008132935,0.0
58500,58500,292.5,1.4625,train_W,58500,Sprime,True,False,True,29153,29347,0.728825,146.735,0.8893972635269165,1.9122851213812828,1.7054666555446127,2.0884638145014094,0.001,0.001,280.8388616684824,1.994584321975708,1.9726132154464722,1.012899398803711,0.510645070340425,1.9413987398147583,0.9436385631561279,1.1904999017715454,0.01875934563577175,0.017699058428111432,2.307039927896056,0.001790634705685079,-0.006856794003397226,-0.0021022814325988293,1.9413987398147583,1.7358704805374146,2.030144214630127,1.310189962387085,1.026289463043213,1.2422335147857666,1.1896518468856812,0.7324126362800598,0.0012175611918792129,0.11878126859664917,0.0
59000,59000,295.0,1.475,train_W,59000,S,True,False,True,29398,29602,0.73495,148.01,0.7839181423187256,1.8632609913051128,1.7094250072021873,2.0110641917177277,0.001,0.001,283.58188504353166,1.994584321975708,1.9724265336990356,1.0129190683364868,0.5106791516618863,1.94117271900177,0.9436385631561279,1.1904999017715454,0.01875934563577175,0.017699058428111432,2.307039927896056,0.0018071902450174093,-0.006856794003397226,-0.002124982886016369,1.94117271900177,1.7357715368270874,2.0300381183624268,1.310071587562561,1.0262649059295654,1.2420494556427002,1.189740777015686,0.7325469255447388,0.0012177721364423633,0.1187371164560318,0.0
59500,59500,297.5,1.4875,train_W,59500,S,True,False,True,29659,29841,0.741475,149.205,1.968112587928772,1.854076195985079,1.7419621362654185,1.976510378356758,0.001,0.001,286.32278536073864,1.994584321975708,1.972235918045044,1.0129380226135254,0.510713386072978,1.9409441947937012,0.9436385631561279,1.1904999017715454,0.01875934563577175,0.017699058428111432,2.307039927896056,0.0018241286743432283,-0.006856794003397226,-0.0021498510614037514,1.9409441947937012,1.735666275024414,2.029926300048828,1.3099535703659058,1.0261977910995483,1.2422046661376953,1.1896120309829712,0.7326445579528809,0.001214996911585331,0.11873848736286163,0.0
60000,60000,300.0,1.5,train_W,60000,S,True,False,True,29906,30094,0.74765,150.47,1.7410404682159424,1.8359202437996864,1.7016341358061262,1.9670217010107907,0.001,0.001,289.07461011596024,1.994584321975708,1.972046971321106,1.0129578113555908,0.510747829613718,1.9407156705856323,0.9436385631561279,1.1904999017715454,0.01875934563577175,0.017699058428111432,2.307039927896056,0.0018400357803329825,-0.006856794003397226,-0.0021753471810370684,1.9407156705856323,1.7355685234069824,2.029820680618286,1.3098372220993042,1.026166558265686,1.2422358989715576,1.1899325847625732,0.732704758644104,0.00121502042748034,0.11873957514762878,0.0
60500,60500,302.5,1.5125,train_W,60500,S,True,False,True,30162,30338,0.75405,151.69,1.47102689743042,1.832269462108612,1.6822999550495297,1.9896145186951903,0.001,0.001,291.817595269531,1.994584321975708,1.9718776941299438,1.0129789113998413,0.5107803912928787,1.9405041933059692,0.9436385631561279,1.1904999017715454,0.01875934563577175,0.017699058428111432,2.307039927896056,0.0018557938747107983,-0.006856794003397226,-0.0022022684570401907,1.9405041933059692,1.7354815006256104,2.029721736907959,1.309734582901001,1.0260989665985107,1.2422562837600708,1.1898812055587769,0.7328301072120667,0.0012162219500169158,0.11871138215065002,0.0
61000,61000,305.0,1.525,train_W,61000,Sprime,True,False,True,30409,30591,0.760225,152.955,2.5274531841278076,1.8352845016419888,1.6569770533546262,2.0093633147921017,0.001,0.001,294.55487496592104,1.994584321975708,1.971703052520752,1.013002872467041,0.5108150942877104,1.940281629562378,0.9436385631561279,1.1904999017715454,0.01875934563577175,0.017699058428111432,2.307039927896056,0.0018718638457357883,-0.006856794003397226,-0.002226784359663725,1.940281629562378,1.7353806495666504,2.029609441757202,1.3096197843551636,1.0261536836624146,1.2422517538070679,1.1900994777679443,0.7332775592803955,0.0012139453319832683,0.11863814294338226,0.0
61500,61500,307.5,1.5375,train_W,61500,S,True,False,True,30666,30834,0.76665,154.17,1.5349193811416626,1.859196439638734,1.712979362284627,2.013837546140814,0.001,0.001,297.3003886938095,1.994584321975708,1.9715265035629272,1.0130231380462646,0.510848184904665,1.940064549446106,0.9436385631561279,1.1904999017715454,0.01875934563577175,0.017699058428111432,2.307039927896056,0.0018865439342334867,-0.006856794003397226,-0.002249594544991851,1.940064549446106,1.7352843284606934,2.0295064449310303,1.309504747390747,1.0261592864990234,1.2423653602600098,1.1902014017105103,0.7337405681610107,0.0012115829158574343,0.11857177317142487,0.0
62000,62000,310.0,1.55,train_W,62000,Sprime,True,False,True,30919,31081,0.772975,155.405,2.501376152038574,1.8647932553440332,1.7063736462369268,2.0270611140650776,0.001,0.001,300.0560658611357,1.994584321975708,1.9713515043258667,1.0130444765090942,0.5108816197605797,1.9398468732833862,0.9436385631561279,1.1904999017715454,0.01875934563577175,0.017699058428111432,2.307039927896056,0.0019006734946742654,-0.006856794003397226,-0.0022765251342207193,1.9398468732833862,1.7351847887039185,2.029405355453491,1.3093892335891724,1.0263609886169434,1.2423888444900513,1.190416693687439,0.733750581741333,0.0012119211023673415,0.11858407407999039,0.0
62500,62500,312.5,1.5625,train_W,62500,Sprime,True,False,True,31162,31338,0.77905,156.69,1.4565180540084839,1.906192602455616,1.7478891619071057,2.0558725092777483,0.001,0.001,302.7981608361006,1.994584321975708,1.97117280960083,1.0130667686462402,0.510916018476949,1.9396235942840576,0.9436385631561279,1.1904999017715454,0.01875934563577175,0.017699058428111432,2.307039927896056,0.0019178050570189953,-0.006856794003397226,-0.0023053919430822134,1.9396235942840576,1.735080599784851,2.029292106628418,1.3092737197875977,1.0264683961868286,1.2424236536026,1.190649390220642,0.7336362600326538,0.0012143859639763832,0.1185961589217186,0.0
63000,63000,315.0,1.575,train_W,63000,S,True,False,True,31407,31593,0.785175,157.965,0.6626614928245544,1.8399067832231522,1.66781827381679,2.0052467236331863,0.001,0.001,305.54071699641645,1.994584321975708,1.9709995985031128,1.0130900144577026,0.5109501915733227,1.9394038915634155,0.9436385631561279,1.1904999017715454,0.01875934563577175,0.017699058428111432,2.307039927896056,0.0019321078434586525,-0.006856794003397226,-0.002331760246306658,1.9394038915634155,1.734982967376709,2.0291855335235596,1.3091624975204468,1.0265806913375854,1.2423138618469238,1.1908782720565796,0.7339973449707031,0.0012133705895394087,0.11856312304735184,0.0
63500,63500,317.5,1.5875,train_W,63500,S,True,False,True,31653,31847,0.791325,159.235,3.0805773735046387,1.8776153390705586,1.7601931316823494,1.991339209218194,0.001,0.001,308.29007400013506,1.994584321975708,1.9708127975463867,1.0131105184555054,0.5109847475237941,1.939176082611084,0.9436385631561279,1.1904999017715454,0.01875934563577175,0.017699058428111432,2.307039927896056,0.0019494943553581834,-0.006856794003397226,-0.0023570030461996794,1.939176082611084,1.7348806858062744,2.02907657623291,1.3090436458587646,1.0266754627227783,1.2423990964889526,1.191122055053711,0.7341200113296509,0.0012123084161430597,0.11854089796543121,0.0
64000,64000,320.0,1.6,train_W,64000,Sprime,True,False,True,31909,32091,0.797725,160.455,1.2199978828430176,1.8700051317214965,1.741265777265653,2.0050759298391028,0.001,0.001,311.0317860096693,1.994584321975708,1.9706377983093262,1.0131319761276245,0.5110182587317794,1.9389581680297852,0.9436385631561279,1.1904999017715454,0.01875934563577175,0.017699058428111432,2.307039927896056,0.001966965151950717,-0.006856794003397226,-0.002381480997428298,1.9389581680297852,1.7347811460494995,2.0289738178253174,1.3089241981506348,1.0267335176467896,1.242490291595459,1.1910465955734253,0.7337055206298828,0.0012140402104705572,0.11857596039772034,0.0
64500,64500,322.5,1.6125,train_W,64500,S,True,False,True,32164,32336,0.8041,161.68,2.1054210662841797,1.863237914443016,1.6768809583841586,2.057201276871623,0.001,0.001,313.77496312744915,1.994584321975708,1.9704633951187134,1.0131545066833496,0.511052237809772,1.9387387037277222,0.9436385631561279,1.1904999017715454,0.01875934563577175,0.017699058428111432,2.307039927896056,0.0019824302289634943,-0.006856794003397226,-0.0024081796873360872,1.9387387037277222,1.7346807718276978,2.0288684368133545,1.3088120222091675,1.026934266090393,1.2426894903182983,1.1911011934280396,0.7340250015258789,0.0012117098085582256,0.11854837834835052,0.0
65000,65000,325.0,1.625,train_W,65000,Sprime,True,False,True,32419,32581,0.810475,162.905,2.2250664234161377,1.9255137799829245,1.7510552031444568,2.1070931150596968,0.001,0.001,316.52069533988833,1.994584321975708,1.9702893495559692,1.0131769180297852,0.5110861143787059,1.938519835472107,0.9436385631561279,1.1904999017715454,0.01875934563577175,0.017699058428111432,2.307039927896056,0.001996715785935521,-0.006856794003397226,-0.0024337274953722954,1.938519835472107,1.7345831394195557,2.0287652015686035,1.3087046146392822,1.0268797874450684,1.2426162958145142,1.1909717321395874,0.7343035936355591,0.0012113363482058048,0.11849631369113922,0.0
65500,65500,327.5,1.6375,train_W,65500,Sprime,True,False,True,32683,32817,0.817075,164.085,2.3823931217193604,1.868533220976591,1.6935727363170097,2.0642517292398517,0.001,0.001,319.2608958426863,1.994584321975708,1.9701225757598877,1.0132031440734863,0.5111209760228882,1.938300609588623,0.9436385631561279,1.1904999017715454,0.01875934563577175,0.017699058428111432,2.307039927896056,0.002007848583161831,-0.006856794003397226,-0.0024577192962169647,1.938300609588623,1.7344893217086792,2.0286619663238525,1.3085936307907104,1.026955246925354,1.2426600456237793,1.1910698413848877,0.7349194884300232,0.0012083580950275064,0.11840151250362396,0.0
66000,66000,330.0,1.65,train_W,66000,S,True,False,True,32930,33070,0.82325,165.35,1.9174320697784424,1.9037894981503487,1.8106546274080932,1.9947156367801395,0.001,0.001,322.0032332893461,1.994584321975708,1.9699358940124512,1.0132261514663696,0.5111568006101082,1.93806791305542,0.9436385631561279,1.1904999017715454,0.01875934563577175,0.017699058428111432,2.307039927896056,0.0020287497900426388,-0.006856794003397226,-0.002482806798070669,1.93806791305542,1.7343859672546387,2.028540849685669,1.308474063873291,1.0270320177078247,1.2424356937408447,1.1910980939865112,0.7348808646202087,0.001209002803079784,0.11837873607873917,0.0
66500,66500,332.5,1.6625,train_W,66500,S,True,False,True,33191,33309,0.829775,166.545,1.002197504043579,1.8906470240056514,1.7958609561696364,1.994158169215693,0.001,0.001,324.7412011343986,1.994584321975708,1.969775676727295,1.0132520198822021,0.5111906391239788,1.9378559589385986,0.9436385631561279,1.1904999017715454,0.01875934563577175,0.017699058428111432,2.307039927896056,0.0020416739862412214,-0.006856794003397226,-0.002513512736186385,1.9378559589385986,1.7342900037765503,2.028435707092285,1.3083702325820923,1.0270321369171143,1.242407202720642,1.1910005807876587,0.7349597811698914,0.0012090265518054366,0.11833515018224716,0.0
67000,67000,335.0,1.675,train_W,67000,Sprime,True,False,True,33429,33571,0.835725,167.855,0.6274537444114685,1.878539576113224,1.7370080748776429,2.0071063596783705,0.001,0.001,327.4820615686476,1.994584321975708,1.9696125984191895,1.01327383518219,0.5112228076317545,1.9376492500305176,0.9436385631561279,1.1904999017715454,0.01875934563577175,0.017699058428111432,2.307039927896056,0.002058840123936534,-0.006856794003397226,-0.002540499670431018,1.9376492500305176,1.734204649925232,2.028334140777588,1.3082679510116577,1.0270967483520508,1.2425148487091064,1.191088318824768,0.7350383400917053,0.0012080841697752476,0.1183289960026741,0.0
67500,67500,337.5,1.6875,train_W,67500,S,True,False,True,33677,33823,0.841925,169.115,3.316105365753174,1.9347280317246913,1.797148861892281,2.0701234052105555,0.001,0.001,330.24340830370784,1.994584321975708,1.9694253206253052,1.0132935047149658,0.5112570380683462,1.9374226331710815,0.9436385631561279,1.1904999017715454,0.01875934563577175,0.017699058428111432,2.307039927896056,0.002076203702017665,-0.006856794003397226,-0.0025676696095615625,1.9374226331710815,1.734109878540039,2.0282187461853027,1.3081507682800293,1.0270960330963135,1.242355465888977,1.1912455558776855,0.7350468635559082,0.001208435627631843,0.11831142753362656,0.0
68000,68000,340.0,1.7,train_W,68000,S,True,False,True,33922,34078,0.84805,170.39,0.4001256227493286,1.8050724155902862,1.7019937591893333,1.9041087717402214,0.001,0.001,332.985559059307,1.994584321975708,1.9692661762237549,1.0133180618286133,0.5112900868178215,1.9372143745422363,0.9436385631561279,1.1904999017715454,0.01875934563577175,0.017699058428111432,2.307039927896056,0.0020933698397129774,-0.006856794003397226,-0.002594743622466922,1.9372143745422363,1.7340195178985596,2.0281195640563965,1.3080483675003052,1.02730131149292,1.242269515991211,1.1913520097732544,0.7350461483001709,0.0012080799788236618,0.11828161776065826,0.0
68500,68500,342.5,1.7125,train_W,68500,Sprime,True,False,True,34166,34334,0.85415,171.67,0.5889707803726196,1.8265536026656628,1.7293519380761952,1.919198939227499,0.001,0.001,335.7244660910219,1.994584321975708,1.9690985679626465,1.0133421421051025,0.5113239973847287,1.9369986057281494,0.9436385631561279,1.1904999017715454,0.01875934563577175,0.017699058428111432,2.307039927896056,0.002109401160851121,-0.006856794003397226,-0.00262046093121171,1.9369986057281494,1.733928918838501,2.028010845184326,1.3079450130462646,1.0272765159606934,1.242372751235962,1.1913626194000244,0.734903872013092,0.001209997688420117,0.11829368025064468,0.0
69000,69000,345.0,1.725,train_W,69000,S,True,False,True,34415,34585,0.860375,172.925,2.2108070850372314,1.9134468275234102,1.7529026790555702,2.072711739748479,0.001,0.001,338.48098933137953,1.994584321975708,1.968932032585144,1.0133689641952515,0.5113591559981276,1.9367784261703491,0.9436385631561279,1.1904999017715454,0.01875934563577175,0.017699058428111432,2.307039927896056,0.0021254755556583405,-0.006856794003397226,-0.002645783359184861,1.9367784261703491,1.7338223457336426,2.027909755706787,1.3078261613845825,1.0271508693695068,1.2423406839370728,1.1913872957229614,0.7348759770393372,0.001209436566568911,0.11827318370342255,0.0
69500,69500,347.5,1.7375,train_W,69500,S,True,False,True,34666,34834,0.86665,174.17,1.3108608722686768,1.8955469932556153,1.8033686365739283,1.988465738344384,0.001,0.001,341.2260977681726,1.994584321975708,1.9687579870224,1.0133910179138184,0.5113928876137424,1.9365602731704712,0.9436385631561279,1.1904999017715454,0.01875934563577175,0.017699058428111432,2.307039927896056,0.0021432077046483755,-0.006856794003397226,-0.002671482739970088,1.9365602731704712,1.7337231636047363,2.0277957916259766,1.3077088594436646,1.0271815061569214,1.2425366640090942,1.191628336906433,0.7351663112640381,0.001208528527058661,0.11825292557477951,0.0
70000,70000,350.0,1.75,train_W,70000,Sprime,True,False,True,34907,35093,0.872675,175.465,0.4482353925704956,1.8459153350293636,1.7612890588792034,1.9246602483582773,0.001,0.001,343.9726580437273,1.994584321975708,1.9685839414596558,1.0134170055389404,0.5114286084865937,1.936334252357483,0.9436385631561279,1.1904999017715454,0.01875934563577175,0.017699058428111432,2.307039927896056,0.002159960102289915,-0.006856794003397226,-0.002698607509955764,1.936334252357483,1.7336201667785645,2.0276882648468018,1.3075921535491943,1.027234435081482,1.2427752017974854,1.1917346715927124,0.7353351712226868,0.0012088761432096362,0.11823020130395889,0.0
70500,70500,352.5,1.7625,train_W,70500,S,True,False,True,35174,35326,0.87935,176.63,0.8153831362724304,1.9007208075523376,1.8216497886939889,1.9913300866732782,0.001,0.001,346.73111979849637,1.994584321975708,1.9684032201766968,1.013438105583191,0.5114627341484541,1.936111330986023,0.9436385631561279,1.1904999017715454,0.01875934563577175,0.017699058428111432,2.307039927896056,0.0021749273873865604,-0.006856794003397226,-0.0027226917445659637,1.936111330986023,1.733526349067688,2.0275731086730957,1.3074771165847778,1.0271588563919067,1.2428115606307983,1.1917388439178467,0.7357907295227051,0.0012078415602445602,0.1181621253490448,0.0
71000,71000,355.0,1.775,train_W,71000,S,True,False,True,35442,35558,0.88605,177.79,1.4217263460159302,1.87124789480865,1.648726174607873,2.128298847454375,0.001,0.001,349.46954845264554,1.994584321975708,1.9682385921478271,1.013461947441101,0.5114961566949715,1.935899019241333,0.9436385631561279,1.1904999017715454,0.01875934563577175,0.017699058428111432,2.307039927896056,0.0021909193601459265,-0.006856794003397226,-0.002750145271420479,1.935899019241333,1.7334260940551758,2.027472734451294,1.3073666095733643,1.0271806716918945,1.2427812814712524,1.1916860342025757,0.7361235618591309,0.0012068302603438497,0.11811796575784683,0.0
71500,71500,357.5,1.7875,train_W,71500,Sprime,True,False,True,35697,35803,0.892425,179.015,1.0634547472000122,1.853704948335886,1.7363394805029326,1.9758608434273273,0.001,0.001,352.19973199628294,1.994584321975708,1.9680583477020264,1.0134828090667725,0.5115301082072967,1.9356770515441895,0.9436385631561279,1.1904999017715454,0.01875934563577175,0.017699058428111432,2.307039927896056,0.0022035620640963316,-0.006856794003397226,-0.0027742793317884207,1.9356770515441895,1.7333356142044067,2.027369976043701,1.3072561025619507,1.027068018913269,1.2428429126739502,1.191625952720642,0.7357810139656067,0.0012074449332430959,0.11815141141414642,0.0
72000,72000,360.0,1.8,train_W,72000,S,True,False,True,35951,36049,0.898775,180.245,1.7872766256332397,1.8412074080407619,1.7449135604923165,1.9406327628265552,0.001,0.001,354.2830610703677,1.994584321975708,1.9678839445114136,1.0135085582733154,0.5115657716590112,1.9354511499404907,0.9436385631561279,1.1904999017715454,0.01875934563577175,0.017699058428111432,2.307039927896056,0.0022208907175809145,-0.006856794003397226,-0.002799817593768239,1.9354511499404907,1.7332313060760498,2.027259588241577,1.3071335554122925,1.026987910270691,1.242889642715454,1.1915515661239624,0.7361953258514404,0.001206922810524702,0.11809296160936356,0.0
72500,72500,362.5,1.8125,train_W,72500,Sprime,True,False,True,36181,36319,0.904525,181.595,1.7298105955123901,1.9126715712845326,1.7317267105631207,2.0668097859731427,0.001,0.001,356.37072984315455,1.994584321975708,1.9677037000656128,1.0135364532470703,0.5116032817563732,1.9352151155471802,0.9436385631561279,1.1904999017715454,0.01875934563577175,0.017699058428111432,2.307039927896056,0.002238077810034156,-0.006856794003397226,-0.0028254406061023474,1.9352151155471802,1.7331246137619019,2.027137279510498,1.3070098161697388,1.026918888092041,1.2428404092788696,1.1916744709014893,0.7361325025558472,0.0012061496963724494,0.11810406297445297,0.0
73000,73000,365.0,1.825,train_W,73000,Sprime,True,False,True,36437,36563,0.910925,182.815,1.2242159843444824,1.8330085202157498,1.7601067825453356,1.909495589247004,0.001,0.001,358.7549667544663,1.994584321975708,1.9675265550613403,1.0135581493377686,0.511637264215447,1.9349945783615112,0.9436385631561279,1.1904999017715454,0.01875934563577175,0.017699058428111432,2.307039927896056,0.0022522341459989548,-0.006856794003397226,-0.0028503299690783024,1.9349945783615112,1.7330247163772583,2.0270237922668457,1.3068946599960327,1.0269224643707275,1.2427282333374023,1.1917839050292969,0.7361225485801697,0.001205894397571683,0.11808709055185318,0.0
73500,73500,367.5,1.8375,train_W,73500,Sprime,True,False,True,36686,36814,0.91715,184.07,2.3793768882751465,1.860393070846796,1.7534068945540962,1.9665267676471239,0.001,0.001,360.85284335166216,1.994584321975708,1.9673696756362915,1.0135852098464966,0.5116713234697746,1.9347835779190063,0.9436385631561279,1.1904999017715454,0.01875934563577175,0.017699058428111432,2.307039927896056,0.0022664321586489677,-0.006856794003397226,-0.0028787613846361637,1.9347835779190063,1.7329221963882446,2.0269103050231934,1.3067823648452759,1.0271137952804565,1.2426445484161377,1.1920174360275269,0.7361495494842529,0.0012070073280483484,0.11807674169540405,0.0
74000,74000,370.0,1.85,train_W,74000,Sprime,True,False,True,36961,37039,0.924025,185.195,1.1964794397354126,1.8288291232585907,1.698737247206948,1.9878303050994872,0.001,0.001,362.94261800311506,1.994584321975708,1.9671891927719116,1.013607144355774,0.5117058683168919,1.9345592260360718,0.9436385631561279,1.1904999017715454,0.01875934563577175,0.017699058428111432,2.307039927896056,0.002280190121382475,-0.006856794003397226,-0.002902294509112835,1.9345592260360718,1.732826828956604,2.026798725128174,1.3066633939743042,1.0271059274673462,1.2427135705947876,1.1920228004455566,0.7364004254341125,0.0012059689033776522,0.1180325523018837,0.0
74500,74500,372.5,1.8625,train_W,74500,S,True,False,True,37219,37281,0.930475,186.405,0.5601831674575806,1.8922886675596238,1.7305297666741897,2.064742371809384,0.001,0.001,365.0226452779025,1.994584321975708,1.9670230150222778,1.0136314630508423,0.51173976027355,1.9343444108963013,0.9436385631561279,1.1904999017715454,0.01875934563577175,0.017699058428111432,2.307039927896056,0.0022975325118750334,-0.006856794003397226,-0.0029325021896511316,1.9343444108963013,1.7327187061309814,2.0266919136047363,1.3065482378005981,1.0271824598312378,1.242609977722168,1.192020297050476,0.7367978692054749,0.001204415806569159,0.11797914654016495,0.0
75000,75000,375.0,1.875,train_W,75000,S,True,False,True,37451,37549,0.936275,187.745,0.8084231615066528,1.8708697771131992,1.7015573328425144,2.0174387587206577,0.001,0.001,367.11860586330295,1.994584321975708,1.9668536186218262,1.0136590003967285,0.5117756997826394,1.9341199398040771,0.9436385631561279,1.1904999017715454,0.01875934563577175,0.017699058428111432,2.307039927896056,0.002311557997018099,-0.006856794003397226,-0.0029589736368507147,1.9341199398040771,1.7326223850250244,2.0265793800354004,1.30643630027771,1.0271923542022705,1.242577314376831,1.191952109336853,0.7365923523902893,0.0012045156909152865,0.11799149215221405,0.0
75500,75500,377.5,1.8875,train_W,75500,Sprime,True,False,True,37699,37801,0.942475,189.005,1.0155378580093384,1.8305308958888054,1.7172905998604913,1.941973726900797,0.001,0.001,369.2024110238999,1.994584321975708,1.9666796922683716,1.013683795928955,0.5118108484299057,1.9338964223861694,0.9436385631561279,1.1904999017715454,0.01875934563577175,0.017699058428111432,2.307039927896056,0.002329816110432148,-0.006856794003397226,-0.0029860911890864372,1.9338964223861694,1.7325215339660645,2.02646803855896,1.3063195943832397,1.0272477865219116,1.2426007986068726,1.1920078992843628,0.7367016077041626,0.001204223488457501,0.1179695650935173,0.0
76000,76000,380.0,1.9,train_W,76000,Sprime,True,False,True,37917,38083,0.947925,190.415,1.8043922185897827,1.8552786923050881,1.6756146749772063,1.9941678971897625,0.001,0.001,371.29363893158734,1.994584321975708,1.9665089845657349,1.0137064456939697,0.511844498859711,1.9336804151535034,0.9436385631561279,1.1904999017715454,0.01875934563577175,0.017699058428111432,2.307039927896056,0.0023465671110898256,-0.006856794003397226,-0.003012018045410514,1.9336804151535034,1.732422947883606,2.026367425918579,1.3062047958374023,1.0273311138153076,1.242682695388794,1.1920174360275269,0.7363501191139221,0.0012055893894284964,0.11801998317241669,0.0
76500,76500,382.5,1.9125,train_W,76500,S,True,False,True,38156,38344,0.9539,191.72,1.6341303586959839,1.915122429549694,1.7305580765383015,2.084129634031391,0.001,0.001,373.3824959397316,1.994584321975708,1.9663214683532715,1.0137320756912231,0.511881845850776,1.9334416389465332,0.9436385631561279,1.1904999017715454,0.01875934563577175,0.017699058428111432,2.307039927896056,0.002362385392189026,-0.006856794003397226,-0.0030387176666408777,1.9334416389465332,1.732322335243225,2.0262515544891357,1.3060836791992188,1.02731192111969,1.242588996887207,1.1920701265335083,0.7366416454315186,0.0012059565633535385,0.11798876523971558,0.0
77000,77000,385.0,1.925,train_W,77000,S,True,False,True,38428,38572,0.9607,192.86,2.2585692405700684,1.8707828397154809,1.7773531420046793,1.9822428299669634,0.001,0.001,375.46285532042384,1.994584321975708,1.9661449193954468,1.013756275177002,0.5119170474438532,1.9332166910171509,0.9436385631561279,1.1904999017715454,0.01875934563577175,0.017699058428111432,2.307039927896056,0.0023741251789033413,-0.006856794003397226,-0.003063380951061845,1.9332166910171509,1.7322298288345337,2.0261411666870117,1.3059685230255127,1.0274510383605957,1.242751955986023,1.192084789276123,0.7366459965705872,0.0012051735538989305,0.11799830198287964,0.0
77500,77500,387.5,1.9375,train_W,77500,S,True,False,True,38678,38822,0.96695,194.11,0.9037030339241028,1.83900435256958,1.7713557235002517,1.9066529816389084,0.001,0.001,377.5576956961304,1.994584321975708,1.965985655784607,1.0137810707092285,0.5119503036287382,1.933007836341858,0.9436385631561279,1.1904999017715454,0.01875934563577175,0.017699058428111432,2.307039927896056,0.0023910952731966972,-0.006856794003397226,-0.003090230282396078,1.933007836341858,1.7321323156356812,2.0260298252105713,1.3058514595031738,1.0273867845535278,1.2429169416427612,1.1920878887176514,0.736700177192688,0.001205133623443544,0.11801069229841232,0.0
78000,78000,390.0,1.95,train_W,78000,Sprime,True,False,True,38920,39080,0.973,195.4,1.9349253177642822,1.825292340427637,1.7376511501502399,1.9074984181296917,0.001,0.001,379.6439789030701,1.994584321975708,1.9658151865005493,1.0138052701950073,0.5119847215562827,1.9327889680862427,0.9436385631561279,1.1904999017715454,0.01875934563577175,0.017699058428111432,2.307039927896056,0.0024092409294098616,-0.006856794003397226,-0.003115534083917737,1.9327889680862427,1.732028841972351,2.02591872215271,1.3057373762130737,1.0273468494415283,1.2431578636169434,1.192091941833496,0.7364557981491089,0.0012050539953634143,0.1180325523018837,0.0
78500,78500,392.5,1.9625,train_W,78500,S,True,False,True,39174,39326,0.97935,196.63,1.5292679071426392,1.865635886967182,1.7690366396284478,1.9653765732437614,0.001,0.001,381.73041868023574,1.994584321975708,1.9656413793563843,1.013829231262207,0.5120194577515953,1.9325672388076782,0.9436385631561279,1.1904999017715454,0.01875934563577175,0.017699058428111432,2.307039927896056,0.002421692479401827,-0.006856794003397226,-0.003138195723295212,1.9325672388076782,1.731930136680603,2.0258145332336426,1.305619716644287,1.0275700092315674,1.2431858777999878,1.1923301219940186,0.7364959120750427,0.0012041981099173427,0.1180422231554985,0.0
79000,79000,395.0,1.975,train_W,79000,S,True,False,True,39442,39558,0.98605,197.79,0.8981513977050781,1.8919716209471227,1.769578758571575,2.033356479208531,0.001,0.001,383.8106993790716,1.994584321975708,1.9654730558395386,1.0138554573059082,0.5120546276506605,1.9323464632034302,0.9436385631561279,1.1904999017715454,0.01875934563577175,0.017699058428111432,2.307039927896056,0.0024370455648750067,-0.006856794003397226,-0.0031658723019063473,1.9323464632034302,1.731827974319458,2.0257010459899902,1.3054988384246826,1.0275830030441284,1.2432352304458618,1.1923184394836426,0.7369515895843506,0.001203065854497254,0.11798878759145737,0.0
79500,79500,397.5,1.9875,train_W,79500,Sprime,True,False,True,39685,39815,0.992125,199.075,1.1069988012313843,1.9113577702641487,1.790752384520362,2.025393212815667,0.001,0.001,385.89736228995025,1.994584321975708,1.965297818183899,1.0138745307922363,0.5120870896856723,1.9321330785751343,0.9436385631561279,1.1904999017715454,0.01875934563577175,0.017699058428111432,2.307039927896056,0.0024548019282519817,-0.006856794003397226,-0.003191285999491811,1.9321330785751343,1.7317451238632202,2.0255918502807617,1.305397868156433,1.0275603532791138,1.2431786060333252,1.1920673847198486,0.7372162938117981,0.0011992660583928227,0.11795729398727417,0.0
80000,80000,400.0,2.0,train_W,80000,Sprime,True,False,True,39928,40072,0.9982,200.36,2.2998135089874268,1.8601298069357872,1.7147087077667684,1.9976291341656376,0.001,0.001,388.05867318436503,1.994584321975708,1.9651106595993042,1.0138940811157227,0.5121213498155122,1.931906819343567,0.9436385631561279,1.1904999017715454,0.01875934563577175,0.017699058428111432,2.307039927896056,0.002473706379532814,-0.006856794003397226,-0.003214591182768345,1.931906819343567,1.7316452264785767,2.0254836082458496,1.3052767515182495,1.0277109146118164,1.2433412075042725,1.1923727989196777,0.7374888062477112,0.0011991166975349188,0.1179497241973877,0.0
80400,80400,402.0,2.01,train_w,400,Sprime,False,True,True,40121,40279,1.003025,201.395,1.767014741897583,1.8865080499649047,1.801608213797752,1.9656658682270327,0.001,0.001,390.67017792351544,1.994584321975708,1.9651106595993042,1.0138940811157227,0.5121213498155122,1.931906819343567,0.9436385631561279,1.185853362083435,0.018791327252984047,0.017763932774454306,2.295995706280091,0.002473706379532814,-0.006835268810391426,-0.003217967227101326,1.931906819343567,1.7293848991394043,2.0233983993530273,1.3052767515182495,1.0287939310073853,1.2437865734100342,1.1990861892700195,0.7342506647109985,0.0012250130530446768,0.11842486262321472,0.0
