step,samples_seen,step_over_d,step_over_d2,phase,phase_step,last_task,train_W,train_w,include_lora,n_S_seen,n_Sprime_seen,n_S_over_d2,n_Sprime_over_d,train_loss_last,train_loss_mean_since_log,train_loss_S_mean_since_log,train_loss_Sprime_mean_since_log,lr_W,lr_w,elapsed_sec,Q0,Q,M,rho_W,eps_W,q0,q,m,rho_w,eps_w,C_W_from_wstar,C_w_from_Wstar,C_W_w,Delta_eff,E_S,E_Sprime,E_S_W_only,grad_W_S_norm,grad_W_Sprime_norm,grad_w_S_norm,grad_w_Sprime_norm,Gamma_W,Gamma_w,F_S
0,0,0.0,0.0,initial,0,none,False,False,True,0,0,0.0,0.0,nan,nan,nan,nan,0.001,0.001,1.1920928955078125e-06,1.994584321975708,1.9937628507614136,1.0102918148040771,0.5066218122332676,1.9677635431289673,0.9436385631561279,1.1904999017715454,0.01875934563577175,0.017699058428111432,2.307039927896056,-0.00010037183528766036,-0.006856794003397226,0.0010086463298648596,1.9677635431289673,1.747550129890442,2.043030023574829,1.3237707614898682,1.022336721420288,1.2455722093582153,1.1831740140914917,0.723021388053894,0.0012609993573278189,0.12061996012926102,0.0
400,400,2.0,0.01,train_w,400,S,False,True,True,207,193,0.005175,0.965,2.735059976577759,2.031538434065878,1.8575593883144683,2.2181377214780125,0.001,0.001,2.1994033455848694,1.994584321975708,1.9937628507614136,1.0102918148040771,0.5066218122332676,1.9677635431289673,0.9436385631561279,1.1857140064239502,0.01860128529369831,0.017585314443709983,2.295679427276142,-0.00010037183528766036,-0.006802216172218323,0.0009931912645697594,1.9677635431289673,1.7452359199523926,2.040863037109375,1.3237707614898682,1.0242952108383179,1.2456556558609009,1.190995693206787,0.7178710103034973,0.001302032615058124,0.1208837553858757,0.0
500,500,2.5,0.0125,train_W,100,Sprime,True,False,True,259,241,0.006475,1.205,0.8558322191238403,1.9279319763183593,1.996679743895164,1.8534552281101544,0.001,0.001,3.8499509673565626,1.994584321975708,1.9937307834625244,1.0102977752685547,0.5066288754501317,1.967719554901123,0.9436385631561279,1.1857140064239502,0.01860128529369831,0.017585314443709983,2.295679427276142,-9.723891707835719e-05,-0.006802216172218323,0.0009877813281491399,1.967719554901123,1.7452127933502197,2.0408411026000977,1.323748230934143,1.0242071151733398,1.2456110715866089,1.190877914428711,0.7179874777793884,0.0013014702126383781,0.12085650861263275,0.0
1000,1000,5.0,0.025,train_W,600,Sprime,True,False,True,492,508,0.0123,2.54,2.8049821853637695,1.9181520707011224,1.8161754660596152,2.007142890481913,0.001,0.001,5.983040111139417,1.994584321975708,1.9935253858566284,1.0103154182434082,0.5066638221482109,1.96747887134552,0.9436385631561279,1.1857140064239502,0.01860128529369831,0.017585314443709983,2.295679427276142,-8.358306513400748e-05,-0.006802216172218323,0.0009616519673727453,1.96747887134552,1.7451094388961792,2.0407228469848633,1.323626160621643,1.0242893695831299,1.245543122291565,1.1910487413406372,0.7180827856063843,0.001300039584748447,0.1208527609705925,0.0
1500,1500,7.5,0.0375,train_W,1100,Sprime,True,False,True,752,748,0.0188,3.74,1.7924325466156006,1.8846248992085457,1.794655513476867,1.9820917337511976,0.001,0.001,8.10888091288507,1.994584321975708,1.9933534860610962,1.0103377103805542,0.5066968479127504,1.9672623872756958,0.9436385631561279,1.1857140064239502,0.01860128529369831,0.017585314443709983,2.295679427276142,-6.546497024828568e-05,-0.006802216172218323,0.0009350563050247729,1.9672623872756958,1.7450149059295654,2.0406205654144287,1.32351553440094,1.0243717432022095,1.2453887462615967,1.1910589933395386,0.7179926633834839,0.0013018290046602488,0.12083102017641068,0.0
2000,2000,10.0,0.05,train_W,1600,Sprime,True,False,True,1001,999,0.025025,4.995,0.5786613821983337,1.8749447693824768,1.691151482991904,2.057273567435276,0.001,0.001,10.234957600012422,1.994584321975708,1.993175983428955,1.0103588104248047,0.5067299918023288,1.9670426845550537,0.9436385631561279,1.1857140064239502,0.01860128529369831,0.017585314443709983,2.295679427276142,-4.736695336760022e-05,-0.006802216172218323,0.0009071443346329033,1.9670426845550537,1.7449239492416382,2.040511131286621,1.3234050273895264,1.0243237018585205,1.2453919649124146,1.191048502922058,0.7181211113929749,0.0013002128107473254,0.12080762535333633,0.0
2500,2500,12.5,0.0625,train_W,2100,Sprime,True,False,True,1263,1237,0.031575,6.185,3.5564329624176025,1.8482775225639343,1.66840481200746,2.0462886577143387,0.001,0.001,12.361281488090754,1.994584321975708,1.99299955368042,1.0103793144226074,0.5067627042952919,1.966825246810913,0.9436385631561279,1.1857140064239502,0.01860128529369831,0.017585314443709983,2.295679427276142,-3.206891778972931e-05,-0.006802216172218323,0.0008788633276708424,1.966825246810913,1.7448301315307617,2.0404036045074463,1.3232941627502441,1.024533748626709,1.2454246282577515,1.191062569618225,0.7183735370635986,0.0012988236267119646,0.12076667696237564,0.0
3000,3000,15.0,0.075,train_W,2600,Sprime,True,False,True,1517,1483,0.037925,7.415,0.36714133620262146,1.8420279677063227,1.7420936605533746,1.9452121710268462,0.001,0.001,14.489767339080572,1.994584321975708,1.992815613746643,1.0103989839553833,0.5067959570875041,1.9666019678115845,0.9436385631561279,1.1857140064239502,0.01860128529369831,0.017585314443709983,2.295679427276142,-1.892652471724432e-05,-0.006802216172218323,0.0008520465926267207,1.9666019678115845,1.7447313070297241,2.0403006076812744,1.323178768157959,1.0247061252593994,1.2455724477767944,1.1911756992340088,0.7185729742050171,0.0012991126859560609,0.12074179947376251,0.0
3500,3500,17.5,0.0875,train_W,3100,Sprime,True,False,True,1779,1721,0.044475,8.605,3.269526481628418,1.8854486605525016,1.7441098246410602,2.0410401521861052,0.001,0.001,16.615729942917824,1.994584321975708,1.9926331043243408,1.010422706604004,0.5068310651572964,1.966372013092041,0.9436385631561279,1.1857140064239502,0.01860128529369831,0.017585314443709983,2.295679427276142,-5.194091500015929e-06,-0.006802216172218323,0.0008281053160317242,1.966372013092041,1.7446315288543701,2.0401828289031982,1.3230620622634888,1.0247223377227783,1.2456556558609009,1.1912227869033813,0.7189072370529175,0.0012960208114236593,0.12070731073617935,0.0
4000,4000,20.0,0.1,train_W,3600,Sprime,True,False,True,2034,1966,0.05085,9.83,2.781346321105957,1.8737963309288026,1.690687852864172,2.0643786244246423,0.001,0.001,18.742188848555088,1.994584321975708,1.9924507141113281,1.0104503631591797,0.5068681356925079,1.9661343097686768,0.9436385631561279,1.1857140064239502,0.01860128529369831,0.017585314443709983,2.295679427276142,1.0534095054026693e-05,-0.006802216172218323,0.0008020822424441576,1.9661343097686768,1.7445271015167236,2.0400583744049072,1.3229360580444336,1.0245580673217773,1.245727777481079,1.191064476966858,0.7186499238014221,0.0012971480609849095,0.12074364721775055,0.0
4500,4500,22.5,0.1125,train_W,4100,Sprime,True,False,True,2278,2222,0.05695,11.11,1.602538824081421,1.9316872687637805,1.7485216175068596,2.1062670301180333,0.001,0.001,20.867046205326915,1.994584321975708,1.9922780990600586,1.0104730129241943,0.506901455465502,1.965916395187378,0.9436385631561279,1.1857140064239502,0.01860128529369831,0.017585314443709983,2.295679427276142,2.966289503092412e-05,-0.006802216172218323,0.000774096290115267,1.965916395187378,1.744431495666504,2.039952039718628,1.3228222131729126,1.024688720703125,1.2456891536712646,1.1912930011749268,0.7187527418136597,0.0012967797229066491,0.12073013186454773,0.0
5000,5000,25.0,0.125,train_W,4600,S,True,False,True,2532,2468,0.0633,12.34,2.4199273586273193,1.8866306722462178,1.7256201320863145,2.052877327533272,0.001,0.001,22.98644905537367,1.994584321975708,1.9921000003814697,1.0104957818984985,0.5069355365964516,1.9656927585601807,0.9436385631561279,1.1857140064239502,0.01860128529369831,0.017585314443709983,2.295679427276142,4.522094604908489e-05,-0.006802216172218323,0.0007477786857634783,1.9656927585601807,1.7443325519561768,2.0398411750793457,1.3227105140686035,1.0246822834014893,1.2458441257476807,1.1912117004394531,0.7186410427093506,0.001297286245971918,0.12073501199483871,0.0
5500,5500,27.5,0.1375,train_W,5100,S,True,False,True,2789,2711,0.069725,13.555,2.2957844734191895,1.902275665819645,1.7385814666516122,2.075400806503531,0.001,0.001,25.094459598883986,1.994584321975708,1.991910696029663,1.0105175971984863,0.5069705693344935,1.9654598236083984,0.9436385631561279,1.1857140064239502,0.01860128529369831,0.017585314443709983,2.295679427276142,6.15209064562805e-05,-0.006802216172218323,0.0007190339965745807,1.9654598236083984,1.7442309856414795,2.0397160053253174,1.3225919008255005,1.0246238708496094,1.2458770275115967,1.1910016536712646,0.7186996340751648,0.0012976572616025805,0.12071837484836578,0.0
6000,6000,30.0,0.15,train_W,5600,Sprime,True,False,True,3033,2967,0.075825,14.835,4.798223972320557,1.96922848123312,1.7693862107689264,2.1597031452693045,0.001,0.001,27.20283280685544,1.994584321975708,1.99172842502594,1.010537028312683,0.5070035151707147,1.9652386903762817,0.9436385631561279,1.1857140064239502,0.01860128529369831,0.017585314443709983,2.295679427276142,7.732286030659452e-05,-0.006802216172218323,0.0006893949466757476,1.9652386903762817,1.7441377639770508,2.0396056175231934,1.3224846124649048,1.0246294736862183,1.2457929849624634,1.1909103393554688,0.7187132835388184,0.001296808710321784,0.1207062155008316,0.0
6500,6500,32.5,0.1625,train_W,6100,S,True,False,True,3281,3219,0.082025,16.095,1.3714196681976318,1.9272688172161578,1.7747155931447782,2.077400561540373,0.001,0.001,29.300497099757195,1.994584321975708,1.991538643836975,1.010557770729065,0.5070380790456626,1.9650074243545532,0.9436385631561279,1.1857140064239502,0.01860128529369831,0.017585314443709983,2.295679427276142,9.463824972044677e-05,-0.006802216172218323,0.0006621707580052316,1.9650074243545532,1.7440365552902222,2.039491891860962,1.3223692178726196,1.024672508239746,1.2456468343734741,1.1909823417663574,0.7186625599861145,0.0012954914709553123,0.12069869786500931,0.0
7000,7000,35.0,0.175,train_W,6600,Sprime,True,False,True,3550,3450,0.08875,17.25,3.733582019805908,1.8607654435038568,1.6963887991293656,2.052182401671554,0.001,0.001,31.41406345553696,1.994584321975708,1.9913572072982788,1.0105823278427124,0.5070734990138814,1.964776873588562,0.9436385631561279,1.1857140064239502,0.01860128529369831,0.017585314443709983,2.295679427276142,0.00011105613521067426,-0.006802216172218323,0.0006349750328809023,1.964776873588562,1.7439327239990234,2.0393762588500977,1.322246789932251,1.0246037244796753,1.245583415031433,1.1908639669418335,0.7188293933868408,0.0012965002097189426,0.12066179513931274,0.0
7500,7500,37.5,0.1875,train_W,7100,S,True,False,True,3797,3703,0.094925,18.515,1.9800060987472534,1.8942489950060843,1.7039250516698428,2.080059327037909,0.001,0.001,33.520884511992335,1.994584321975708,1.9911611080169678,1.0106019973754883,0.5071083378808044,1.9645414352416992,0.9436385631561279,1.1857140064239502,0.01860128529369831,0.017585314443709983,2.295679427276142,0.00012703628453891724,-0.006802216172218323,0.0006088708760216832,1.9645414352416992,1.7438236474990845,2.039257526397705,1.3221274614334106,1.0247787237167358,1.2456412315368652,1.1910585165023804,0.7188910245895386,0.0012967068469151855,0.12066761404275894,0.0
8000,8000,40.0,0.2,train_W,7600,S,True,False,True,4039,3961,0.100975,19.805,1.712954044342041,1.943140578240156,1.7458136280582957,2.1282301981781804,0.001,0.001,35.63423345051706,1.994584321975708,1.9909662008285522,1.0106258392333984,0.5071451233091931,1.9642988443374634,0.9436385631561279,1.1857140064239502,0.01860128529369831,0.017585314443709983,2.295679427276142,0.00014653353719040751,-0.006802216172218323,0.0005842443206347525,1.9642988443374634,1.7437145709991455,2.039133071899414,1.3220022916793823,1.0247559547424316,1.2454742193222046,1.1912260055541992,0.7188207507133484,0.001296584727242589,0.12066329270601273,0.0
8500,8500,42.5,0.2125,train_W,8100,S,True,False,True,4302,4198,0.10755,20.99,1.8783031702041626,1.9024458920955658,1.7076028988841823,2.1186640659968057,0.001,0.001,37.74267967604101,1.994584321975708,1.9907805919647217,1.0106492042541504,0.5071804898129721,1.964066505432129,0.9436385631561279,1.1857140064239502,0.01860128529369831,0.017585314443709983,2.295679427276142,0.00016200494428630918,-0.006802216172218323,0.0005591362132690847,1.964066505432129,1.7436097860336304,2.0390238761901855,1.3218833208084106,1.0248392820358276,1.2453763484954834,1.191375494003296,0.7187691926956177,0.0012983832275494933,0.1206514835357666,0.0
9000,9000,45.0,0.225,train_W,8600,Sprime,True,False,True,4558,4442,0.11395,22.21,2.51314377784729,1.8832540261745452,1.7131709199165925,2.061701875363217,0.001,0.001,39.85381015948951,1.994584321975708,1.9905859231948853,1.0106749534606934,0.5072182115099244,1.9638203382492065,0.9436385631561279,1.1857140064239502,0.01860128529369831,0.017585314443709983,2.295679427276142,0.00017137998656835407,-0.006802216172218323,0.0005314334994181991,1.9638203382492065,1.743494987487793,2.038911819458008,1.3217605352401733,1.0249406099319458,1.2456421852111816,1.191256046295166,0.7192039489746094,0.0012964083580300212,0.12059498578310013,0.0
9500,9500,47.5,0.2375,train_W,9100,Sprime,True,False,True,4782,4718,0.11955,23.59,2.71659779548645,1.8806599930226804,1.6457398277707398,2.0713198372851247,0.001,0.001,41.9786836002022,1.994584321975708,1.9904011487960815,1.0106964111328125,0.5072525234583887,1.9635926485061646,0.9436385631561279,1.1857140064239502,0.01860128529369831,0.017585314443709983,2.295679427276142,0.0001908172998810187,-0.006802216172218323,0.0005046125152148306,1.9635926485061646,1.7433924674987793,2.038800001144409,1.3216453790664673,1.0249640941619873,1.24569571018219,1.1916154623031616,0.7188776731491089,0.0012990515679121017,0.12063515186309814,0.0
10000,10000,50.0,0.25,train_W,9600,S,True,False,True,5020,4980,0.1255,24.9,1.3540602922439575,1.9125144191533328,1.7651351346876942,2.0463933111488366,0.001,0.001,44.11303752288222,1.994584321975708,1.99022376537323,1.010723352432251,0.507288650012147,1.963361382484436,0.9436385631561279,1.1857140064239502,0.01860128529369831,0.017585314443709983,2.295679427276142,0.0002076755481539294,-0.006802216172218323,0.00047443044604733586,1.963361382484436,1.7432935237884521,2.038686990737915,1.3215343952178955,1.025048017501831,1.2455581426620483,1.1916253566741943,0.7188425660133362,0.0012985692592337728,0.1206093579530716,0.0
10500,10500,52.5,0.2625,train_W,10100,S,True,False,True,5281,5219,0.132025,26.095,1.3386269807815552,1.8404870080053806,1.6899035791670225,2.004931672971119,0.001,0.001,46.24279964528978,1.994584321975708,1.9900511503219604,1.0107473134994507,0.507322677128409,1.963140845298767,0.9436385631561279,1.1857140064239502,0.01860128529369831,0.017585314443709983,2.295679427276142,0.0002197055728174746,-0.006802216172218323,0.0004480457282625139,1.963140845298767,1.7431862354278564,2.0385773181915283,1.3214149475097656,1.0251694917678833,1.2453999519348145,1.19176185131073,0.718808114528656,0.0012984881177544594,0.12060127407312393,0.0
11000,11000,55.0,0.275,train_W,10600,Sprime,True,False,True,5532,5468,0.1383,27.34,0.8123561143875122,1.8766770564615727,1.7232359501707601,2.031350621437452,0.001,0.001,48.374311819672585,1.994584321975708,1.9898483753204346,1.010768175125122,0.507358997338974,1.9628963470458984,0.9436385631561279,1.1857140064239502,0.01860128529369831,0.017585314443709983,2.295679427276142,0.00023703445913270116,-0.006802216172218323,0.00042561357258819044,1.9628963470458984,1.7430834770202637,2.0384585857391357,1.321290135383606,1.0253419876098633,1.2454966306686401,1.1917881965637207,0.7190899848937988,0.0012970388634130359,0.12055402994155884,0.0
11500,11500,57.5,0.2875,train_W,11100,S,True,False,True,5779,5721,0.144475,28.605,0.8957509994506836,1.8903447984457016,1.7666511069304547,2.0111050427313377,0.001,0.001,50.51148830726743,1.994584321975708,1.9896693229675293,1.0107847452163696,0.5073901434954922,1.962684154510498,0.9436385631561279,1.1857140064239502,0.01860128529369831,0.017585314443709983,2.295679427276142,0.0002539808629080653,-0.006802216172218323,0.0003990621480625123,1.962684154510498,1.7429842948913574,2.0383424758911133,1.3211749792099,1.0253695249557495,1.2451610565185547,1.1919103860855103,0.7193310856819153,0.0012955517740920186,0.12049710750579834,0.0
12000,12000,60.0,0.3,train_W,11600,S,True,False,True,6030,5970,0.15075,29.85,0.7405027747154236,1.8913591898083686,1.7255050103027982,2.0585455313983214,0.001,0.001,52.616449411958456,1.994584321975708,1.9894976615905762,1.0108083486557007,0.5074238816748434,1.9624652862548828,0.9436385631561279,1.1857140064239502,0.01860128529369831,0.017585314443709983,2.295679427276142,0.00027023395523428917,-0.006802216172218323,0.00037197303026914597,1.9624652862548828,1.7428768873214722,2.038233995437622,1.3210593461990356,1.0253808498382568,1.2451834678649902,1.1920663118362427,0.7195214629173279,0.0012928914511576295,0.12047114223241806,0.0
12500,12500,62.5,0.3125,train_W,12100,S,True,False,True,6289,6211,0.157225,31.055,1.6777981519699097,1.9297569707036017,1.7532403055995587,2.1194574531183203,0.001,0.001,54.74493808671832,1.994584321975708,1.989317774772644,1.0108345746994019,0.5074599894298734,1.9622329473495483,0.9436385631561279,1.1857140064239502,0.01860128529369831,0.017585314443709983,2.295679427276142,0.00028948724502697587,-0.006802216172218323,0.00034665412385948,1.9622329473495483,1.742771029472351,2.038120746612549,1.3209373950958252,1.02544367313385,1.245217204093933,1.1919848918914795,0.719771683216095,0.0012920662993565202,0.12043680995702744,0.0
13000,13000,65.0,0.325,train_W,12600,S,True,False,True,6529,6471,0.163225,32.355,0.46264785528182983,1.9851387086212635,1.8405512652049463,2.118604041005556,0.001,0.001,56.861120112240314,1.994584321975708,1.9891245365142822,1.0108541250228882,0.5074944531840687,1.9620006084442139,0.9436385631561279,1.1857140064239502,0.01860128529369831,0.017585314443709983,2.295679427276142,0.00030897906981408596,-0.006802216172218323,0.00032112502958625555,1.9620006084442139,1.7426694631576538,2.0380022525787354,1.32081937789917,1.025469422340393,1.2451661825180054,1.1918836832046509,0.7201390862464905,0.0012901253066956997,0.12039565294981003,0.0
13500,13500,67.5,0.3375,train_W,13100,Sprime,True,False,True,6781,6719,0.169525,33.595,1.2616465091705322,1.8645866321474314,1.7381718618470052,1.9930403503559289,0.001,0.001,58.98926084302366,1.994584321975708,1.988940954208374,1.0108706951141357,0.5075261932210706,1.9617838859558105,0.9436385631561279,1.1857140064239502,0.01860128529369831,0.017585314443709983,2.295679427276142,0.00032432604348286986,-0.006802216172218323,0.00029411373543553054,1.9617838859558105,1.7425804138183594,2.037893533706665,1.3207067251205444,1.02548348903656,1.2449395656585693,1.192001461982727,0.7202649712562561,0.0012907757190987468,0.12036795169115067,0.0
14000,14000,70.0,0.35,train_W,13600,Sprime,True,False,True,7037,6963,0.175925,34.815,0.8433268666267395,1.8398452447652818,1.749736899859272,1.9343851476174887,0.001,0.001,61.12178668752313,1.994584321975708,1.9887624979019165,1.0108933448791504,0.5075603357065465,1.9615601301193237,0.9436385631561279,1.1857140064239502,0.01860128529369831,0.017585314443709983,2.295679427276142,0.00033813752816058695,-0.006802216172218323,0.0002682855410967022,1.9615601301193237,1.7424856424331665,2.0377883911132812,1.3205971717834473,1.025656819343567,1.2449638843536377,1.1922721862792969,0.7203772068023682,0.0012882710434496403,0.12036415189504623,0.0
14500,14500,72.5,0.3625,train_W,14100,Sprime,True,False,True,7279,7221,0.181975,36.105,1.0453518629074097,1.887164650976658,1.797577728355719,1.9711957954505617,0.001,0.001,63.255444433540106,1.994584321975708,1.9885808229446411,1.0109162330627441,0.5075950127784715,1.9613326787948608,0.9436385631561279,1.1857140064239502,0.01860128529369831,0.017585314443709983,2.295679427276142,0.0003595766029320657,-0.006802216172218323,0.00024355467758141458,1.9613326787948608,1.7423810958862305,2.037670135498047,1.3204772472381592,1.0257333517074585,1.2447996139526367,1.1924471855163574,0.720463216304779,0.0012862427392974496,0.12034774571657181,0.0
15000,15000,75.0,0.375,train_W,14600,Sprime,True,False,True,7523,7477,0.188075,37.385,4.407936096191406,1.8761675449609756,1.7523491631765835,1.9941819400992244,0.001,0.001,65.38577541522682,1.994584321975708,1.9884065389633179,1.0109431743621826,0.5076307858530356,1.9611045122146606,0.9436385631561279,1.1857140064239502,0.01860128529369831,0.017585314443709983,2.295679427276142,0.000373097020201385,-0.006802216172218323,0.00021676368487533182,1.9611045122146606,1.7422897815704346,2.0375585556030273,1.3203743696212769,1.02561354637146,1.2447947263717651,1.1925908327102661,0.7206562161445618,0.0012852393556386232,0.12031280249357224,0.0
15500,15500,77.5,0.3875,train_W,15100,Sprime,True,False,True,7772,7728,0.1943,38.64,3.9063973426818848,1.8896934434771537,1.7126798028926773,2.065296616805977,0.001,0.001,67.51019749604166,1.994584321975708,1.9882218837738037,1.0109663009643555,0.5076659715278955,1.9608736038208008,0.9436385631561279,1.1857140064239502,0.01860128529369831,0.017585314443709983,2.295679427276142,0.0003866370243486017,-0.006802216172218323,0.0001870708365458995,1.9608736038208008,1.7421813011169434,2.037440776824951,1.320252776145935,1.0256320238113403,1.2447792291641235,1.1926602125167847,0.7209038734436035,0.0012849419144913554,0.120284803211689,0.0
16000,16000,80.0,0.4,train_W,15600,Sprime,True,False,True,8036,7964,0.2009,39.82,2.6150317192077637,1.893802760630846,1.7338876534027583,2.072690846682605,0.001,0.001,69.6382261402905,1.994584321975708,1.9880512952804565,1.0109891891479492,0.5076992456828385,1.9606572389602661,0.9436385631561279,1.1857140064239502,0.01860128529369831,0.017585314443709983,2.295679427276142,0.00040185809484682977,-0.006802216172218323,0.00015781383262947202,1.9606572389602661,1.7420810461044312,2.0373408794403076,1.3201417922973633,1.0257176160812378,1.2445552349090576,1.1929172277450562,0.7210543751716614,0.0012838066322728992,0.12023113667964935,0.0
16500,16500,82.5,0.4125,train_W,16100,S,True,False,True,8271,8229,0.206775,41.145,1.9890189170837402,1.9878362264931202,1.7838053829492406,2.1687692386924096,0.001,0.001,71.74558392725885,1.994584321975708,1.9878475666046143,1.0110118389129639,0.5077366361781562,1.9604082107543945,0.9436385631561279,1.1857140064239502,0.01860128529369831,0.017585314443709983,2.295679427276142,0.0004178180533926934,-0.006802216172218323,0.0001317855785600841,1.9604082107543945,1.7419707775115967,2.037215232849121,1.3200092315673828,1.0256452560424805,1.2444660663604736,1.1930314302444458,0.7212520837783813,0.0012838951079174876,0.12017720937728882,0.0
17000,17000,85.0,0.425,train_W,16600,Sprime,True,False,True,8517,8483,0.212925,42.415,1.258344054222107,1.9167936284542084,1.7620481324147403,2.0666652506026697,0.001,0.001,73.85759032331407,1.994584321975708,1.9876655340194702,1.0110323429107666,0.5077701828951476,1.960185170173645,0.9436385631561279,1.1857140064239502,0.01860128529369831,0.017585314443709983,2.295679427276142,0.00043090610415674746,-0.006802216172218323,0.00010503063094802201,1.960185170173645,1.7418760061264038,2.0371158123016357,1.3198957443237305,1.0252017974853516,1.244583010673523,1.192610263824463,0.7212225198745728,0.001283389050513506,0.12017404288053513,0.0
17500,17500,87.5,0.4375,train_W,17100,Sprime,True,False,True,8765,8735,0.219125,43.675,3.2051384449005127,1.8927364721000195,1.712030555992838,2.0705740403324837,0.001,0.001,75.9815295226872,1.994584321975708,1.9874720573425293,1.0110491514205933,0.5078033396700825,1.9599580764770508,0.9436385631561279,1.1857140064239502,0.01860128529369831,0.017585314443709983,2.295679427276142,0.0004456900351215154,-0.006802216172218323,7.957591878948733e-05,1.9599580764770508,1.7417712211608887,2.0370073318481445,1.319778561592102,1.025390625,1.244520664215088,1.1925956010818481,0.7214300632476807,0.0012832320062443614,0.12013751268386841,0.0
18000,18000,90.0,0.45,train_W,17600,S,True,False,True,9026,8974,0.22565,44.87,2.092047929763794,1.8270141506195068,1.687223966665195,1.9796720502516216,0.001,0.001,78.10169931687415,1.994584321975708,1.9872863292694092,1.0110664367675781,0.5078357503300372,1.959737777709961,0.9436385631561279,1.1857140064239502,0.01860128529369831,0.017585314443709983,2.295679427276142,0.0004640091792680323,-0.006802216172218323,5.5012511438690126e-05,1.959737777709961,1.741675615310669,2.03690242767334,1.3196649551391602,1.0253156423568726,1.244654893875122,1.1924569606781006,0.7214896082878113,0.0012836250243708491,0.12012536078691483,0.0
18500,18500,92.5,0.4625,train_W,18100,S,True,False,True,9294,9206,0.23235,46.03,3.5726866722106934,1.9112969819903374,1.799421207673514,2.0405327902528745,0.001,0.001,80.20880075916648,1.994584321975708,1.9870954751968384,1.0110926628112793,0.5078733111122452,1.9594944715499878,0.9436385631561279,1.1857140064239502,0.01860128529369831,0.017585314443709983,2.295679427276142,0.00047944363905116916,-0.006802216172218323,2.6913641704595648e-05,1.9594944715499878,1.741578221321106,2.036787509918213,1.319545865058899,1.0254149436950684,1.2445433139801025,1.1925512552261353,0.721851646900177,0.0012826832244172692,0.12008141726255417,0.0
19000,19000,95.0,0.475,train_W,18600,Sprime,True,False,True,9575,9425,0.239375,47.125,1.7865595817565918,1.9144022139757872,1.7933739472273407,2.0696941909452553,0.001,0.001,82.31923176907003,1.994584321975708,1.9869112968444824,1.0111148357391357,0.5079079874408069,1.959265947341919,0.9436385631561279,1.1857140064239502,0.01860128529369831,0.017585314443709983,2.295679427276142,0.0004924947279505432,-0.006802216172218323,1.2496948329498991e-06,1.959265947341919,1.741475224494934,2.036677360534668,1.319425344467163,1.0254944562911987,1.2446030378341675,1.1925441026687622,0.721799373626709,0.0012824106961488724,0.12010792642831802,0.0
19500,19500,97.5,0.4875,train_W,19100,S,True,False,True,9836,9664,0.2459,48.32,1.348821997642517,1.8379400079250336,1.7215032874396021,1.9650947528902956,0.001,0.001,84.44708388671279,1.994584321975708,1.9867374897003174,1.011136531829834,0.5079411027492478,1.9590487480163574,0.9436385631561279,1.1857140064239502,0.01860128529369831,0.017585314443709983,2.295679427276142,0.0005076884990558028,-0.006802216172218323,-2.6923942641587928e-05,1.9590487480163574,1.741376280784607,2.0365705490112305,1.319313645362854,1.0255669355392456,1.244425654411316,1.1928507089614868,0.7212756276130676,0.0012827810132876039,0.12018046528100967,0.0
20000,20000,100.0,0.5,train_W,19600,S,True,False,True,10079,9921,0.251975,49.605,1.8522344827651978,1.8616635196805,1.6618291469513145,2.0506119732726873,0.001,0.001,86.5985893830657,1.994584321975708,1.9865628480911255,1.0111596584320068,0.5079750472595492,1.9588278532028198,0.9436385631561279,1.1857140064239502,0.01860128529369831,0.017585314443709983,2.295679427276142,0.000526559364516288,-0.006802216172218323,-5.1206872740294784e-05,1.9588278532028198,1.7412811517715454,2.0364623069763184,1.3192026615142822,1.025608777999878,1.244519591331482,1.1926699876785278,0.721568763256073,0.0012808198807761073,0.12013132870197296,0.0
20500,20500,102.5,0.5125,train_W,20100,Sprime,True,False,True,10319,10181,0.257975,50.905,2.8441808223724365,1.9102234445214272,1.6955168063441912,2.1084141874542603,0.001,0.001,88.77336268685758,1.994584321975708,1.9863841533660889,1.0111786127090454,0.5080074178784144,1.958611249923706,0.9436385631561279,1.1857140064239502,0.01860128529369831,0.017585314443709983,2.295679427276142,0.0005412845057435334,-0.006802216172218323,-7.956428453326225e-05,1.958611249923706,1.741188406944275,2.036365509033203,1.3190943002700806,1.0256738662719727,1.244452714920044,1.192362904548645,0.7215700745582581,0.0012800212716683745,0.12012768536806107,0.0
21000,21000,105.0,0.525,train_W,20600,Sprime,True,False,True,10563,10437,0.264075,52.185,0.6024670004844666,1.9168352003991604,1.8276857327608789,2.0018057867418975,0.001,0.001,90.9148021992296,1.994584321975708,1.9861972332000732,1.0112017393112183,0.5080429406479285,1.9583780765533447,0.9436385631561279,1.1857140064239502,0.01860128529369831,0.017585314443709983,2.295679427276142,0.0005589932552538812,-0.006802216172218323,-0.00010594291234156117,1.9583780765533447,1.7410838603973389,2.0362460613250732,1.3189723491668701,1.0257272720336914,1.2445889711380005,1.1925612688064575,0.7214328646659851,0.0012798542156815529,0.12015415728092194,0.0
21500,21500,107.5,0.5375,train_W,21100,S,True,False,True,10788,10712,0.2697,53.56,1.972459316253662,1.957753167808056,1.7817860333124798,2.101726277849891,0.001,0.001,93.05723391473293,1.994584321975708,1.9860155582427979,1.0112247467041016,0.5080777370541144,1.9581503868103027,0.9436385631561279,1.1857140064239502,0.01860128529369831,0.017585314443709983,2.295679427276142,0.0005771596916019917,-0.006802216172218323,-0.00013445930380839854,1.9581503868103027,1.7409772872924805,2.036137819290161,1.318853497505188,1.0259040594100952,1.2444655895233154,1.1927447319030762,0.7211346626281738,0.0012819533003494143,0.12017443776130676,0.0
22000,22000,110.0,0.55,train_W,21600,Sprime,True,False,True,11053,10947,0.276325,54.735,2.5970888137817383,1.7861300476789475,1.6894085086741537,1.8951990171949915,0.001,0.001,95.19217643141747,1.994584321975708,1.9858325719833374,1.0112440586090088,0.5081108486279627,1.9579287767410278,0.9436385631561279,1.1857140064239502,0.01860128529369831,0.017585314443709983,2.295679427276142,0.0005918522947467864,-0.006802216172218323,-0.00015999365132302046,1.9579287767410278,1.740885615348816,2.036038637161255,1.3187370300292969,1.0259342193603516,1.244396448135376,1.1926614046096802,0.7211416363716125,0.0012833679793402553,0.1201455146074295,0.0
22500,22500,112.5,0.5625,train_W,22100,S,True,False,True,11306,11194,0.28265,55.97,1.7109084129333496,1.8960654694736003,1.8004853642387353,1.9939673586412963,0.001,0.001,97.32125480659306,1.994584321975708,1.9856538772583008,1.0112650394439697,0.508144253823426,1.9577081203460693,0.9436385631561279,1.1857140064239502,0.01860128529369831,0.017585314443709983,2.295679427276142,0.0006011207005940378,-0.006802216172218323,-0.00018658561748452485,1.9577081203460693,1.740785837173462,2.03593373298645,1.3186200857162476,1.0258684158325195,1.2442517280578613,1.1925026178359985,0.7214343547821045,0.0012819921830669045,0.12007930874824524,0.0
23000,23000,115.0,0.575,train_W,22600,Sprime,True,False,True,11548,11452,0.2887,57.26,3.956587553024292,1.9346762713193892,1.7035445902219488,2.1514742047518722,0.001,0.001,99.4610739108175,1.994584321975708,1.985459327697754,1.0112839937210083,0.5081786737077281,1.9574756622314453,0.9436385631561279,1.1857140064239502,0.01860128529369831,0.017585314443709983,2.295679427276142,0.0006154802395030856,-0.006802216172218323,-0.00021309642761480063,1.9574756622314453,1.7406871318817139,2.035825252532959,1.3185007572174072,1.0259472131729126,1.2441155910491943,1.1927589178085327,0.7218191623687744,0.0012819698313251138,0.11998312175273895,0.0
23500,23500,117.5,0.5875,train_W,23100,S,True,False,True,11808,11692,0.2952,58.46,1.954394817352295,1.8165664909780026,1.6542862533376768,1.9923700817550223,0.001,0.001,101.59702113457024,1.994584321975708,1.9852877855300903,1.0113106966018677,0.5082140472556934,1.957250714302063,0.9436385631561279,1.1857140064239502,0.01860128529369831,0.017585314443709983,2.295679427276142,0.0006370767951011658,-0.006802216172218323,-0.00024026822939049453,1.957250714302063,1.7405873537063599,2.0357167720794678,1.3183802366256714,1.0259677171707153,1.2442620992660522,1.1928800344467163,0.7222543954849243,0.0012828523758798838,0.11993643641471863,0.0
24000,24000,120.0,0.6,train_W,23600,Sprime,True,False,True,12058,11942,0.30145,59.71,1.5340735912322998,1.8801219554543496,1.8012417320013046,1.9590021789073944,0.001,0.001,103.72688117064536,1.994584321975708,1.985107421875,1.0113348960876465,0.5082492960071826,1.957021951675415,0.9436385631561279,1.1857140064239502,0.01860128529369831,0.017585314443709983,2.295679427276142,0.000650734466034919,-0.006802216172218323,-0.00026615551905706525,1.957021951675415,1.7404906749725342,2.035614013671875,1.3182697296142578,1.0261025428771973,1.2441520690917969,1.192773461341858,0.7220173478126526,0.0012849998893216252,0.11997079104185104,0.0
24500,24500,122.5,0.6125,train_W,24100,Sprime,True,False,True,12298,12202,0.30745,61.01,1.8352733850479126,1.9592668684124948,1.8419305349389712,2.0675773300803626,0.001,0.001,105.875493504107,1.994584321975708,1.9849319458007812,1.0113556385040283,0.508282185787831,1.9568049907684326,0.9436385631561279,1.1857140064239502,0.01860128529369831,0.017585314443709983,2.295679427276142,0.0006705013802275062,-0.006802216172218323,-0.00029415759490802884,1.9568049907684326,1.7403955459594727,2.0355069637298584,1.3181581497192383,1.026122808456421,1.2439669370651245,1.1927322149276733,0.7218538522720337,0.0012866081669926643,0.11997561156749725,0.0
25000,25000,125.0,0.625,train_W,24600,Sprime,True,False,True,12549,12451,0.313725,62.255,4.055509567260742,1.8994187408685683,1.8195967826235342,1.9798818393404705,0.001,0.001,108.01477616652846,1.994584321975708,1.9847571849822998,1.0113794803619385,0.5083165456482371,1.9565825462341309,0.9436385631561279,1.1857140064239502,0.01860128529369831,0.017585314443709983,2.295679427276142,0.0006870184442959726,-0.006802216172218323,-0.00032153367646969855,1.9565825462341309,1.7402935028076172,2.0353965759277344,1.318045735359192,1.0261307954788208,1.2439290285110474,1.192732572555542,0.7221948504447937,0.0012854118831455708,0.11992744356393814,0.0
25500,25500,127.5,0.6375,train_W,25100,S,True,False,True,12794,12706,0.31985,63.53,1.951465368270874,1.919524414151907,1.8028514028811942,2.0316220132159253,0.001,0.001,110.12933280318975,1.994584321975708,1.9845761060714722,1.0114034414291382,0.5083517786283065,1.9563535451889038,0.9436385631561279,1.1857140064239502,0.01860128529369831,0.017585314443709983,2.295679427276142,0.000700758770108223,-0.006802216172218323,-0.0003501693718135357,1.9563535451889038,1.7401918172836304,2.035283327102661,1.3179279565811157,1.0263057947158813,1.243749976158142,1.1928879022598267,0.7221851944923401,0.0012859986163675785,0.11992362141609192,0.0
26000,26000,130.0,0.65,train_W,25600,S,True,False,True,13033,12967,0.325825,64.835,1.7706875801086426,1.8716431384384633,1.7316415603564872,1.9998438172185102,0.001,0.001,112.44525275193155,1.994584321975708,1.9844069480895996,1.0114259719848633,0.5083847698277121,1.956139326095581,0.9436385631561279,1.1857140064239502,0.01860128529369831,0.017585314443709983,2.295679427276142,0.0007172725163400173,-0.006802216172218323,-0.0003780050319619477,1.956139326095581,1.7400952577590942,2.0351686477661133,1.3178112506866455,1.0264549255371094,1.2437527179718018,1.1932140588760376,0.7224211692810059,0.0012865003664046526,0.11990165710449219,0.0
26500,26500,132.5,0.6625,train_W,26100,S,True,False,True,13281,13219,0.332025,66.095,2.3482301235198975,1.8698697539269924,1.708548096879836,2.028630749751178,0.001,0.001,114.80036688782275,1.994584321975708,1.9842281341552734,1.011446237564087,0.5084178633087801,1.9559199810028076,0.9436385631561279,1.1857140064239502,0.01860128529369831,0.017585314443709983,2.295679427276142,0.0007369954255409539,-0.006802216172218323,-0.00040239334339275956,1.9559199810028076,1.7400037050247192,2.0350654125213623,1.3177028894424438,1.0265148878097534,1.2436513900756836,1.193389654159546,0.7226224541664124,0.001287416904233396,0.11987008154392242,0.0
27000,27000,135.0,0.675,train_W,26600,S,True,False,True,13527,13473,0.338175,67.365,1.5226894617080688,1.9147472922801971,1.82919062031963,1.9976092659112976,0.001,0.001,116.98795321583748,1.994584321975708,1.9840413331985474,1.0114688873291016,0.5084531827234214,1.9556878805160522,0.9436385631561279,1.1857140064239502,0.01860128529369831,0.017585314443709983,2.295679427276142,0.0007543429965153337,-0.006802216172218323,-0.00042944791493937373,1.9556878805160522,1.7399017810821533,2.0349552631378174,1.3175876140594482,1.026497483253479,1.2436654567718506,1.1935031414031982,0.7227170467376709,0.0012855706736445427,0.1198585033416748,0.0
27500,27500,137.5,0.6875,train_W,27100,S,True,False,True,13793,13707,0.344825,68.535,2.5730268955230713,1.960314458310604,1.8571401423305498,2.077598082458871,0.001,0.001,119.17246029525995,1.994584321975708,1.9838675260543823,1.0114954710006714,0.5084888189683755,1.9554609060287476,0.9436385631561279,1.1857140064239502,0.01860128529369831,0.017585314443709983,2.295679427276142,0.0007682230207137764,-0.006802216172218323,-0.0004586402792483568,1.9554609060287476,1.7397971153259277,2.034848213195801,1.3174716234207153,1.026618480682373,1.2437686920166016,1.1935404539108276,0.722730815410614,0.0012858255067840219,0.11985749751329422,0.0
28000,28000,140.0,0.7,train_W,27600,S,True,False,True,14064,13936,0.3516,69.68,1.014588713645935,1.8482054413855076,1.749468351367215,1.96505151734602,0.001,0.001,121.3634321950376,1.994584321975708,1.9836933612823486,1.0115212202072144,0.5085240856384425,1.955235242843628,0.9436385631561279,1.1857140064239502,0.01860128529369831,0.017585314443709983,2.295679427276142,0.0007832947885617614,-0.006802216172218323,-0.000489105237647891,1.955235242843628,1.739695429801941,2.0347366333007812,1.3173553943634033,1.0267837047576904,1.2436788082122803,1.19388747215271,0.7223285436630249,0.0012888067867606878,0.11992214620113373,0.0
28500,28500,142.5,0.7125,train_W,28100,Sprime,True,False,True,14319,14181,0.357975,70.905,1.136605143547058,1.8507236810624599,1.7348397635946087,1.9713375543453255,0.001,0.001,123.55783005058765,1.994584321975708,1.9835116863250732,1.0115406513214111,0.5085571427125246,1.955014705657959,0.9436385631561279,1.1857140064239502,0.01860128529369831,0.017585314443709983,2.295679427276142,0.0007992977043613791,-0.006802216172218323,-0.0005158279091119766,1.955014705657959,1.7396047115325928,2.0346245765686035,1.3172513246536255,1.0267289876937866,1.2437753677368164,1.193644642829895,0.7223638296127319,0.001289281528443098,0.11993134021759033,0.0
29000,29000,145.0,0.725,train_W,28600,S,True,False,True,14565,14435,0.364125,72.175,1.6129308938980103,1.8461805896759034,1.6911592895422525,1.9963193291754235,0.001,0.001,125.75533435121179,1.994584321975708,1.983323335647583,1.0115604400634766,0.5085912396267747,1.954786777496338,0.9436385631561279,1.1857140064239502,0.01860128529369831,0.017585314443709983,2.295679427276142,0.0008114731754176319,-0.006802216172218323,-0.0005428550648503006,1.954786777496338,1.7395087480545044,2.0345194339752197,1.3171378374099731,1.0268503427505493,1.243571400642395,1.1936873197555542,0.7226139903068542,0.0012893025996163487,0.11988703161478043,0.0
29500,29500,147.5,0.7375,train_W,29100,Sprime,True,False,True,14817,14683,0.370425,73.415,4.06704044342041,1.8839735260605812,1.7677767083994926,2.00204448594201,0.001,0.001,127.95295433141291,1.994584321975708,1.9831531047821045,1.0115854740142822,0.5086256545923683,1.954566478729248,0.9436385631561279,1.1857140064239502,0.01860128529369831,0.017585314443709983,2.295679427276142,0.000827868701890111,-0.006802216172218323,-0.0005685739452019334,1.954566478729248,1.7394119501113892,2.0344061851501465,1.3170183897018433,1.0267794132232666,1.2435413599014282,1.1935895681381226,0.722537100315094,0.0012895922409370542,0.11989180743694305,0.0
30000,30000,150.0,0.75,train_W,29600,S,True,False,True,15082,14918,0.37705,74.59,1.8629823923110962,1.880695029705763,1.7276569373202775,2.053269899842587,0.001,0.001,130.14137104339898,1.994584321975708,1.982978105545044,1.0116089582443237,0.5086599057892386,1.9543445110321045,0.9436385631561279,1.1857140064239502,0.01860128529369831,0.017585314443709983,2.295679427276142,0.0008448570151813328,-0.006802216172218323,-0.0005955558735877275,1.9543445110321045,1.7393059730529785,2.0342984199523926,1.316896677017212,1.0267224311828613,1.2434141635894775,1.1936368942260742,0.7225185632705688,0.0012901704758405685,0.11990673840045929,0.0
30500,30500,152.5,0.7625,train_W,30100,S,True,False,True,15340,15160,0.3835,75.8,2.8322508335113525,1.905757662653923,1.7742760159479556,2.045932310794996,0.001,0.001,132.32420808821917,1.994584321975708,1.9827940464019775,1.0116342306137085,0.5086962223352609,1.9541099071502686,0.9436385631561279,1.1857140064239502,0.01860128529369831,0.017585314443709983,2.295679427276142,0.0008606939227320254,-0.006802216172218323,-0.0006211019353941083,1.9541099071502686,1.7392007112503052,2.034181833267212,1.3167688846588135,1.0269004106521606,1.2434180974960327,1.1936836242675781,0.7225648760795593,0.0012907717609778047,0.11989202350378036,0.0
31000,31000,155.0,0.775,train_W,30600,S,True,False,True,15586,15414,0.38965,77.07,2.1301088333129883,1.859850681245327,1.651249397212897,2.061881846095633,0.001,0.001,134.49538656324148,1.994584321975708,1.982617974281311,1.0116595029830933,0.5087315186271117,1.9538832902908325,0.9436385631561279,1.1857140064239502,0.01860128529369831,0.017585314443709983,2.295679427276142,0.0008773470763117075,-0.006802216172218323,-0.0006489822990261018,1.9538832902908325,1.7391048669815063,2.0340688228607178,1.3166584968566895,1.0269137620925903,1.2432923316955566,1.1940240859985352,0.7224507927894592,0.0012910781661048532,0.11990540474653244,0.0
31500,31500,157.5,0.7875,train_W,31100,Sprime,True,False,True,15857,15643,0.396425,78.215,2.741799831390381,1.8397185800373554,1.69630318473186,2.009437235617221,0.001,0.001,136.7016013879329,1.994584321975708,1.9824366569519043,1.0116815567016602,0.5087658734824153,1.953657865524292,0.9436385631561279,1.1857140064239502,0.01860128529369831,0.017585314443709983,2.295679427276142,0.000891065108589828,-0.006802216172218323,-0.0006729902816005051,1.953657865524292,1.739009141921997,2.0339653491973877,1.3165452480316162,1.0269333124160767,1.2433159351348877,1.1940569877624512,0.7224830985069275,0.0012899670982733369,0.11989808082580566,0.0
32000,32000,160.0,0.8,train_W,31600,S,True,False,True,16100,15900,0.4025,79.5,0.5732712745666504,1.8780552472770213,1.6908705677883125,2.0550430959764623,0.001,0.001,138.89298599213362,1.994584321975708,1.982246994972229,1.0116989612579346,0.5087989653539795,1.9534333944320679,0.9436385631561279,1.1857140064239502,0.01860128529369831,0.017585314443709983,2.295679427276142,0.0009054095717146993,-0.006802216172218323,-0.0006981185870245099,1.9534333944320679,1.738903522491455,2.033859968185425,1.3164259195327759,1.0268077850341797,1.243310809135437,1.194177269935608,0.7224491238594055,0.0012869004858657718,0.11991754919290543,0.0
32500,32500,162.5,0.8125,train_W,32100,S,True,False,True,16364,16136,0.4091,80.68,1.054333209991455,1.9922278433144092,1.8403799705433124,2.1620915653973314,0.001,0.001,141.08134383894503,1.994584321975708,1.982047438621521,1.0117214918136597,0.5088359096721775,1.9531887769699097,0.9436385631561279,1.1857140064239502,0.01860128529369831,0.017585314443709983,2.295679427276142,0.0009190957644023001,-0.006802216172218323,-0.0007244228036142886,1.9531887769699097,1.7387933731079102,2.0337398052215576,1.3162939548492432,1.0269744396209717,1.2433499097824097,1.194527506828308,0.7227175831794739,0.0012876462424173951,0.11986623704433441,0.0
33000,33000,165.0,0.825,train_W,32600,S,True,False,True,16621,16379,0.415525,81.895,1.7850457429885864,1.934606105953455,1.7291818588740167,2.151865494839939,0.001,0.001,143.25852453894913,1.994584321975708,1.9818583726882935,1.0117473602294922,0.5088731910350692,1.952947974205017,0.9436385631561279,1.1857140064239502,0.01860128529369831,0.017585314443709983,2.295679427276142,0.000932348775677383,-0.006802216172218323,-0.0007505217217840254,1.952947974205017,1.7386912107467651,2.0336251258850098,1.3161765336990356,1.0270297527313232,1.2431503534317017,1.1946929693222046,0.7227984070777893,0.001287381979636848,0.11984847486019135,0.0
33500,33500,167.5,0.8375,train_W,33100,Sprime,True,False,True,16874,16626,0.42185,83.13,1.5093103647232056,1.902556924343109,1.7593670788960967,2.0492250656309396,0.001,0.001,145.45470305718482,1.994584321975708,1.9816721677780151,1.011766791343689,0.508906871857268,1.9527229070663452,0.9436385631561279,1.1857140064239502,0.01860128529369831,0.017585314443709983,2.295679427276142,0.0009484282927587628,-0.006802216172218323,-0.0007750684744678438,1.9527229070663452,1.7385878562927246,2.033517599105835,1.316057562828064,1.027056097984314,1.2430731058120728,1.1947295665740967,0.7227742075920105,0.0012850782368332148,0.11985857784748077,0.0
34000,34000,170.0,0.85,train_W,33600,S,True,False,True,17118,16882,0.42795,84.41,1.1553330421447754,1.8825149428844452,1.7118883673407015,2.045143397699576,0.001,0.001,147.66079291515052,1.994584321975708,1.9814786911010742,1.011783242225647,0.5089399917442285,1.9524965286254883,0.9436385631561279,1.1857140064239502,0.01860128529369831,0.017585314443709983,2.295679427276142,0.0009677752968855202,-0.006802216172218323,-0.0007978784269653261,1.9524965286254883,1.7384802103042603,2.0334060192108154,1.31592857837677,1.0270920991897583,1.243011236190796,1.194737434387207,0.7227160334587097,0.00128397555090487,0.1198696419596672,0.0
34500,34500,172.5,0.8625,train_W,34100,S,True,False,True,17376,17124,0.4344,85.62,1.910082221031189,1.919097257807851,1.732934533885514,2.11756826099778,0.001,0.001,149.86131895147264,1.994584321975708,1.9812923669815063,1.0118025541305542,0.5089736365683037,1.952271580696106,0.9436385631561279,1.1857140064239502,0.01860128529369831,0.017585314443709983,2.295679427276142,0.0009832787327468395,-0.006802216172218323,-0.000824880669824779,1.952271580696106,1.7383885383605957,2.033294916152954,1.3158166408538818,1.0272935628890991,1.2429144382476807,1.195016860961914,0.7229655385017395,0.0012838373659178615,0.11981967836618423,0.0
35000,35000,175.0,0.875,train_W,34600,Sprime,True,False,True,17605,17395,0.440125,86.975,0.7458510994911194,1.9004409053027629,1.7280618254924967,2.0461044081682647,0.001,0.001,152.05978061817586,1.994584321975708,1.981109380722046,1.0118260383605957,0.5090089558116675,1.9520416259765625,0.9436385631561279,1.1857140064239502,0.01860128529369831,0.017585314443709983,2.295679427276142,0.0010044637601822615,-0.006802216172218323,-0.0008503434946760535,1.9520416259765625,1.7382895946502686,2.0331785678863525,1.3156970739364624,1.0271649360656738,1.2429516315460205,1.1950238943099976,0.7234106063842773,0.0012817424722015858,0.11976540833711624,0.0
35500,35500,177.5,0.8875,train_W,35100,Sprime,True,False,True,17853,17647,0.446325,88.235,1.0628656148910522,1.8171677186489106,1.6214393507088385,2.0097892870978704,0.001,0.001,154.2486424613744,1.994584321975708,1.980940580368042,1.0118513107299805,0.5090433562960022,1.951822280883789,0.9436385631561279,1.1857140064239502,0.01860128529369831,0.017585314443709983,2.295679427276142,0.0010207280283793807,-0.006802216172218323,-0.0008775712922215462,1.951822280883789,1.738197922706604,2.0330681800842285,1.3155909776687622,1.0271010398864746,1.242962121963501,1.1948857307434082,0.7241773009300232,0.0012789765605702996,0.11966072767972946,0.0
36000,36000,180.0,0.9,train_W,35600,S,True,False,True,18074,17926,0.45185,89.63,2.0762529373168945,1.8752271859049796,1.720221144041864,1.9980097495313187,0.001,0.001,156.4433269817382,1.994584321975708,1.9807780981063843,1.0118764638900757,0.5090768887576039,1.951609492301941,0.9436385631561279,1.1857140064239502,0.01860128529369831,0.017585314443709983,2.295679427276142,0.001039946568198502,-0.006802216172218323,-0.0009059709263965487,1.951609492301941,1.7381030321121216,2.0329625606536865,1.3154783248901367,1.0272194147109985,1.2430565357208252,1.1950206756591797,0.7242577075958252,0.0012780784163624048,0.11964848637580872,0.0
36500,36500,182.5,0.9125,train_W,36100,S,True,False,True,18328,18172,0.4582,90.86,1.2673355340957642,1.8901273237466811,1.7974009402389601,1.985869199400995,0.001,0.001,158.62827256321907,1.994584321975708,1.9806077480316162,1.0119013786315918,0.5091113160725489,1.9513893127441406,0.9436385631561279,1.1857140064239502,0.01860128529369831,0.017585314443709983,2.295679427276142,0.0010551131563261151,-0.006802216172218323,-0.0009328706655651331,1.9513893127441406,1.7380013465881348,2.032860040664673,1.3153564929962158,1.0273871421813965,1.2430704832077026,1.1951594352722168,0.7244999408721924,0.0012788033345714211,0.11960780620574951,0.0
37000,37000,185.0,0.925,train_W,36600,Sprime,True,False,True,18565,18435,0.464125,92.175,0.7273848056793213,1.8515506936609745,1.6674412439266841,2.0174592092010006,0.001,0.001,160.81815689615905,1.994584321975708,1.9804152250289917,1.0119178295135498,0.5091443389325299,1.9511638879776,0.9436385631561279,1.1857140064239502,0.01860128529369831,0.017585314443709983,2.295679427276142,0.0010692499345168471,-0.006802216172218323,-0.0009577620076015592,1.9511638879776,1.7378991842269897,2.0327534675598145,1.3152393102645874,1.0274841785430908,1.243004560470581,1.1952651739120483,0.7247156500816345,0.0012786167208105326,0.11959202587604523,0.0
37500,37500,187.5,0.9375,train_W,37100,S,True,False,True,18817,18683,0.470425,93.415,1.7257461547851562,1.9137973611056804,1.7564637480037553,2.0736686131286044,0.001,0.001,163.00933142751455,1.994584321975708,1.980234146118164,1.0119435787200928,0.5091805735412711,1.9509313106536865,0.9436385631561279,1.1857140064239502,0.01860128529369831,0.017585314443709983,2.295679427276142,0.0010854107094928622,-0.006802216172218323,-0.0009845085442066193,1.9509313106536865,1.7377936840057373,2.0326361656188965,1.3151129484176636,1.0274373292922974,1.2430754899978638,1.1953917741775513,0.7250828742980957,0.0012772814370691776,0.11950820684432983,0.0
38000,38000,190.0,0.95,train_W,37600,Sprime,True,False,True,19074,18926,0.47685,94.63,1.0318363904953003,1.8721446553766727,1.8335739306902608,1.9129375617322608,0.001,0.001,165.19516598246992,1.994584321975708,1.980055809020996,1.0119655132293701,0.5092145404366155,1.9507091045379639,0.9436385631561279,1.1857140064239502,0.01860128529369831,0.017585314443709983,2.295679427276142,0.0010954795870929956,-0.006802216172218323,-0.0010121179511770606,1.9507091045379639,1.7376898527145386,2.032524585723877,1.3149915933609009,1.027442455291748,1.243231177330017,1.1954542398452759,0.725368082523346,0.0012767714215442538,0.11947625130414963,0.0
38500,38500,192.5,0.9625,train_W,38100,Sprime,True,False,True,19312,19188,0.4828,95.94,2.255378007888794,1.864072876572609,1.675789194009384,2.0351091989010346,0.001,0.001,167.40735031850636,1.994584321975708,1.9798862934112549,1.0119881629943848,0.509247736858599,1.9504942893981934,0.9436385631561279,1.1857140064239502,0.01860128529369831,0.017585314443709983,2.295679427276142,0.0011149750789627433,-0.006802216172218323,-0.00103991967625916,1.9504942893981934,1.7375935316085815,2.0324180126190186,1.3148794174194336,1.0274196863174438,1.2431013584136963,1.1954659223556519,0.7251777052879333,0.001278103794902563,0.11948470771312714,0.0
39000,39000,195.0,0.975,train_W,38600,Sprime,True,False,True,19543,19457,0.488575,97.285,2.145869493484497,1.8948987853825092,1.7653764691445735,2.006124268843339,0.001,0.001,169.58137310668826,1.994584321975708,1.9797077178955078,1.0120047330856323,0.5092790428662144,1.9502825736999512,0.9436385631561279,1.1857140064239502,0.01860128529369831,0.017585314443709983,2.295679427276142,0.0011319738114252687,-0.006802216172218323,-0.0010669040493667126,1.9502825736999512,1.7374904155731201,2.0323100090026855,1.3147681951522827,1.0274018049240112,1.2431201934814453,1.19551682472229,0.7250697612762451,0.0012787601444870234,0.11951179057359695,0.0
39500,39500,197.5,0.9875,train_W,39100,S,True,False,True,19798,19702,0.49495,98.51,2.0035085678100586,1.928126993715763,1.8141134035353568,2.0467941998219,0.001,0.001,171.7056542877108,1.994584321975708,1.9795256853103638,1.0120265483856201,0.5093134371754706,1.9500569105148315,0.9436385631561279,1.1857140064239502,0.01860128529369831,0.017585314443709983,2.295679427276142,0.0011452744947746396,-0.006802216172218323,-0.0010936630424112082,1.9500569105148315,1.737391471862793,2.032205820083618,1.3146531581878662,1.0273956060409546,1.2431331872940063,1.1953790187835693,0.724787175655365,0.0012807045131921768,0.11953873187303543,0.0
40000,40000,200.0,1.0,train_W,39600,Sprime,True,False,True,20045,19955,0.501125,99.775,0.6939578056335449,1.8493877508491279,1.6837349236011505,2.011112052549722,0.001,0.001,173.83439328707755,1.994584321975708,1.979345679283142,1.0120489597320557,0.5093478749564152,1.9498320817947388,0.9436385631561279,1.1857140064239502,0.01860128529369831,0.017585314443709983,2.295679427276142,0.0011611999943852425,-0.006802216172218323,-0.0011181723093613982,1.9498320817947388,1.7372905015945435,2.0321009159088135,1.3145356178283691,1.0273962020874023,1.242983102798462,1.195468783378601,0.7246643304824829,0.0012800601543858647,0.11953675001859665,0.0
40500,40500,202.5,1.0125,train_W,40100,Sprime,True,False,True,20297,20203,0.507425,101.015,3.2659358978271484,1.9080277364253997,1.8696017433253547,1.9470735036077038,0.001,0.001,175.9539522472769,1.994584321975708,1.9791655540466309,1.0120739936828613,0.5093836522375468,1.9496018886566162,0.9436385631561279,1.1857140064239502,0.01860128529369831,0.017585314443709983,2.295679427276142,0.00117882015183568,-0.006802216172218323,-0.0011465591378509998,1.9496018886566162,1.7371824979782104,2.03198504447937,1.314414143562317,1.0275527238845825,1.243234395980835,1.195722222328186,0.7246708273887634,0.001279320102185011,0.1195356547832489,0.0
41000,41000,205.0,1.025,train_W,40600,Sprime,True,False,True,20545,20455,0.513625,102.275,1.3851369619369507,1.8692931744158268,1.6736166820290588,2.0618636907329635,0.001,0.001,178.1129219457507,1.994584321975708,1.978990912437439,1.0120935440063477,0.509415967980506,1.9493881464004517,0.9436385631561279,1.1857140064239502,0.01860128529369831,0.017585314443709983,2.295679427276142,0.0011976594105362892,-0.006802216172218323,-0.001174495555460453,1.9493881464004517,1.7370870113372803,2.0318853855133057,1.314302682876587,1.0273927450180054,1.2433099746704102,1.1956467628479004,0.7246520519256592,0.0012789430329576135,0.11952946335077286,0.0
41500,41500,207.5,1.0375,train_W,41100,S,True,False,True,20805,20695,0.520125,103.475,1.0858429670333862,1.8360546896457672,1.7370981217576906,1.9432576381911835,0.001,0.001,180.28321868740022,1.994584321975708,1.978817105293274,1.0121138095855713,0.5094485401750338,1.9491738080978394,0.9436385631561279,1.1857140064239502,0.01860128529369831,0.017585314443709983,2.295679427276142,0.0012124147033318877,-0.006802216172218323,-0.0011984925949946046,1.9491738080978394,1.7369883060455322,2.0317752361297607,1.314186930656433,1.0273733139038086,1.2432589530944824,1.1955841779708862,0.7249569296836853,0.001278343261219561,0.11949098855257034,0.0
42000,42000,210.0,1.05,train_W,41600,Sprime,True,False,True,21036,20964,0.5259,104.82,2.0243215560913086,1.9441901698708535,1.81319229775693,2.056682766370171,0.001,0.001,182.5182490479201,1.994584321975708,1.978624939918518,1.0121339559555054,0.5094834197542298,1.9489413499832153,0.9436385631561279,1.1857140064239502,0.01860128529369831,0.017585314443709983,2.295679427276142,0.0012290546437725425,-0.006802216172218323,-0.0012245560064911842,1.9489413499832153,1.7368813753128052,2.031655788421631,1.3140617609024048,1.0275883674621582,1.2434468269348145,1.1955379247665405,0.7254607677459717,0.0012771317269653082,0.11945194005966187,0.0
42500,42500,212.5,1.0625,train_W,42100,Sprime,True,False,True,21275,21225,0.531875,106.125,1.1538472175598145,1.8577856759130955,1.807189749623941,1.9041168114805587,0.001,0.001,184.77243883162737,1.994584321975708,1.9784300327301025,1.012152075767517,0.5095176368114425,1.9487102031707764,0.9436385631561279,1.1857140064239502,0.01860128529369831,0.017585314443709983,2.295679427276142,0.0012437918921932578,-0.006802216172218323,-0.0012466022744774818,1.9487102031707764,1.736788034439087,2.0315399169921875,1.3139506578445435,1.0275461673736572,1.2432951927185059,1.1956746578216553,0.725583553314209,0.0012774283532053232,0.11942322552204132,0.0
43000,43000,215.0,1.075,train_W,42600,Sprime,True,False,True,21517,21483,0.537925,107.415,1.015610933303833,1.8213558909893035,1.7340942655713105,1.9032059427379637,0.001,0.001,187.03441809490323,1.994584321975708,1.9782382249832153,1.012170672416687,0.5095516993525967,1.9484812021255493,0.9436385631561279,1.1857140064239502,0.01860128529369831,0.017585314443709983,2.295679427276142,0.0012600226327776909,-0.006802216172218323,-0.0012738530058413744,1.9484812021255493,1.7366859912872314,2.0314371585845947,1.3138301372528076,1.0275466442108154,1.2433013916015625,1.1958024501800537,0.7255626916885376,0.0012770170578733087,0.11941312998533249,0.0
43500,43500,217.5,1.0875,train_W,43100,Sprime,True,False,True,21759,21741,0.543975,108.705,0.587871789932251,1.865893244832754,1.6877421193625317,2.03299623849087,0.001,0.001,189.2982947062701,1.994584321975708,1.978072166442871,1.0121924877166748,0.5095840700781497,1.9482715129852295,0.9436385631561279,1.1857140064239502,0.01860128529369831,0.017585314443709983,2.295679427276142,0.001278004259802401,-0.006802216172218323,-0.0012967332731932402,1.9482715129852295,1.7366005182266235,2.03132700920105,1.3137274980545044,1.0276004076004028,1.2433931827545166,1.1959357261657715,0.7254226803779602,0.0012775009963661432,0.11943987756967545,0.0
44000,44000,220.0,1.1,train_W,43600,Sprime,True,False,True,22006,21994,0.55015,109.97,0.45820266008377075,1.8303064898848533,1.7232247846208604,1.934848708067487,0.001,0.001,191.5512526128441,1.994584321975708,1.9778928756713867,1.0122156143188477,0.5096188092993318,1.9480459690093994,0.9436385631561279,1.1857140064239502,0.01860128529369831,0.017585314443709983,2.295679427276142,0.0012939574662595987,-0.006802216172218323,-0.001321241958066821,1.9480459690093994,1.7365036010742188,2.0312161445617676,1.3136167526245117,1.0275044441223145,1.2433843612670898,1.1958895921707153,0.725776195526123,0.0012773411581292748,0.11937865614891052,0.0
44500,44500,222.5,1.1125,train_W,44100,S,True,False,True,22272,22228,0.5568,111.14,1.0500212907791138,1.8145037353634834,1.6748186632206565,1.9732910395942183,0.001,0.001,193.79781811125576,1.994584321975708,1.9777098894119263,1.012235164642334,0.5096522282504397,1.9478238821029663,0.9436385631561279,1.1857140064239502,0.01860128529369831,0.017585314443709983,2.295679427276142,0.001308176782913506,-0.006802216172218323,-0.0013457511086016893,1.9478238821029663,1.7364054918289185,2.0311145782470703,1.3135018348693848,1.0275367498397827,1.2434663772583008,1.196061134338379,0.7260139584541321,0.0012743911938741803,0.11936819553375244,0.0
45000,45000,225.0,1.125,train_W,44600,Sprime,True,False,True,22533,22467,0.563325,112.335,1.9670696258544922,1.8809209452271463,1.790005519015579,1.9802051554414517,0.001,0.001,196.03068118356168,1.994584321975708,1.9775300025939941,1.0122591257095337,0.5096874728365018,1.9475960731506348,0.9436385631561279,1.1857140064239502,0.01860128529369831,0.017585314443709983,2.295679427276142,0.0013251198688521981,-0.006802216172218323,-0.00137233710847795,1.9475960731506348,1.7363077402114868,2.031001091003418,1.313389778137207,1.0275368690490723,1.2434934377670288,1.1960994005203247,0.7261812090873718,0.0012745739659294486,0.11934609711170197,0.0
45500,45500,227.5,1.1375,train_W,45100,Sprime,True,False,True,22790,22710,0.56975,113.55,1.5968645811080933,1.8432141564190387,1.6776291120956843,2.018339079839212,0.001,0.001,198.30368635058403,1.994584321975708,1.9773632287979126,1.0122783184051514,0.50971863050251,1.9473909139633179,0.9436385631561279,1.1857140064239502,0.01860128529369831,0.017585314443709983,2.295679427276142,0.0013394864508882165,-0.006802216172218323,-0.0014009724836796522,1.9473909139633179,1.7362061738967896,2.0309019088745117,1.313276767730713,1.027631402015686,1.2434234619140625,1.1960489749908447,0.7266978621482849,0.0012728470610454679,0.11926903575658798,0.0
46000,46000,230.0,1.15,train_W,45600,Sprime,True,False,True,23029,22971,0.575725,114.855,3.6114726066589355,1.9471951671242713,1.8070246027353918,2.0755505881547016,0.001,0.001,200.58007667586207,1.994584321975708,1.9771655797958374,1.0123034715652466,0.509756773245343,1.9471429586410522,0.9436385631561279,1.1857140064239502,0.01860128529369831,0.017585314443709983,2.295679427276142,0.0013589214067906141,-0.006802216172218323,-0.0014265142381191254,1.9471429586410522,1.7360948324203491,2.030789375305176,1.3131450414657593,1.0275636911392212,1.2436162233352661,1.1959480047225952,0.7269546389579773,0.0012737717479467392,0.11926259100437164,0.0
46500,46500,232.5,1.1625,train_W,46100,S,True,False,True,23260,23240,0.5815,116.2,1.147957444190979,1.9279854263663292,1.7866176995106073,2.0493829910639936,0.001,0.001,202.8412923105061,1.994584321975708,1.9769936800003052,1.012326717376709,0.5097906406626096,1.9469245672225952,0.9436385631561279,1.1857140064239502,0.01860128529369831,0.017585314443709983,2.295679427276142,0.0013750443467870355,-0.006802216172218323,-0.0014551652129739523,1.9469245672225952,1.7360037565231323,2.0306859016418457,1.313038945198059,1.027605652809143,1.2435871362686157,1.1960268020629883,0.7265689969062805,0.001276281662285328,0.11932250112295151,0.0
47000,47000,235.0,1.175,train_W,46600,S,True,False,True,23507,23493,0.587675,117.465,1.9468871355056763,1.8470741364955903,1.6819956807593102,2.0082376881432626,0.001,0.001,205.0995802693069,1.994584321975708,1.9768069982528687,1.0123454332351685,0.5098241368243355,1.9467004537582397,0.9436385631561279,1.1857140064239502,0.01860128529369831,0.017585314443709983,2.295679427276142,0.0013898988254368305,-0.006802216172218323,-0.0014781052013859153,1.9467004537582397,1.73590886592865,2.03057861328125,1.312933325767517,1.0277049541473389,1.2434254884719849,1.1961332559585571,0.7265828251838684,0.0012760733952745795,0.11930384486913681,0.0
47500,47500,237.5,1.1875,train_W,47100,Sprime,True,False,True,23747,23753,0.593675,118.765,1.4391186237335205,1.8496925176084043,1.70573709414651,1.982574446957845,0.001,0.001,207.3691412061453,1.994584321975708,1.9766491651535034,1.0123724937438965,0.5098581192481377,1.9464884996414185,0.9436385631561279,1.1857140064239502,0.01860128529369831,0.017585314443709983,2.295679427276142,0.0014090960612520576,-0.006802216172218323,-0.0015080493176355958,1.9464884996414185,1.7358094453811646,2.030473470687866,1.3128266334533691,1.027799129486084,1.2433983087539673,1.1963071823120117,0.726702094078064,0.0012746794382110238,0.1192903071641922,0.0
48000,48000,240.0,1.2,train_W,47600,S,True,False,True,24011,23989,0.600275,119.945,2.487912893295288,1.8442660822868346,1.80442764147213,1.8888311177744703,0.001,0.001,209.61157280765474,1.994584321975708,1.9764738082885742,1.012397050857544,0.5098931047566354,1.9462640285491943,0.9436385631561279,1.1857140064239502,0.01860128529369831,0.017585314443709983,2.295679427276142,0.0014242171309888363,-0.006802216172218323,-0.001535052084363997,1.9462640285491943,1.735720157623291,2.0303618907928467,1.312719464302063,1.0278350114822388,1.2433691024780273,1.1964647769927979,0.7268028259277344,0.001273153000511229,0.11928725242614746,0.0
48500,48500,242.5,1.2125,train_W,48100,S,True,False,True,24268,24232,0.6067,121.16,1.6272507905960083,1.8665427941083907,1.724802785288499,2.016448893971404,0.001,0.001,211.87329781614244,1.994584321975708,1.976299524307251,1.0124194622039795,0.5099268751972079,1.946044921875,0.9436385631561279,1.1857140064239502,0.01860128529369831,0.017585314443709983,2.295679427276142,0.0014403859386220574,-0.006802216172218323,-0.0015591507544741035,1.946044921875,1.7356185913085938,2.0302553176879883,1.3126025199890137,1.0276931524276733,1.2435053586959839,1.1966525316238403,0.7269928455352783,0.001270476495847106,0.11926931142807007,0.0
49000,49000,245.0,1.225,train_W,48600,S,True,False,True,24498,24502,0.61245,122.51,1.7018547058105469,1.8824160394668579,1.6531328560217566,2.0777313438830554,0.001,0.001,214.14539617858827,1.994584321975708,1.976120114326477,1.0124459266662598,0.5099633525505706,1.9458125829696655,0.9436385631561279,1.1857140064239502,0.01860128529369831,0.017585314443709983,2.295679427276142,0.0014622136950492859,-0.006802216172218323,-0.0015852338401600718,1.9458125829696655,1.7355129718780518,2.0301320552825928,1.3124827146530151,1.0278754234313965,1.2435789108276367,1.1968026161193848,0.7271019220352173,0.0012707378482446074,0.11924784630537033,0.0
49500,49500,247.5,1.2375,train_W,49100,Sprime,True,False,True,24740,24760,0.6185,123.8,2.5471839904785156,1.9146500623822211,1.7323940143851209,2.0856034097283387,0.001,0.001,216.41293287090957,1.994584321975708,1.97592294216156,1.012467384338379,0.5099996045168913,1.9455724954605103,0.9436385631561279,1.1857140064239502,0.01860128529369831,0.017585314443709983,2.295679427276142,0.0014795850729569793,-0.006802216172218323,-0.0016103301895782351,1.9455724954605103,1.7354087829589844,2.0300142765045166,1.3123619556427002,1.0276929140090942,1.2435203790664673,1.1967334747314453,0.7268760800361633,0.0012694813776761293,0.119268037378788,0.0
50000,50000,250.0,1.25,train_W,49600,Sprime,True,False,True,24982,25018,0.62455,125.09,0.7885484099388123,1.8942483012974263,1.7163227555180385,2.0611397047028985,0.001,0.001,218.6561395842582,1.994584321975708,1.9757393598556519,1.0124921798706055,0.5100357886842415,1.945339322090149,0.9436385631561279,1.1857140064239502,0.01860128529369831,0.017585314443709983,2.295679427276142,0.0014963260618969798,-0.006802216172218323,-0.001637340523302555,1.945339322090149,1.7353025674819946,2.029907703399658,1.312240481376648,1.027696132659912,1.2434293031692505,1.196868896484375,0.7269690632820129,0.0012679363135248423,0.11922310292720795,0.0
50500,50500,252.5,1.2625,train_W,50100,Sprime,True,False,True,25239,25261,0.630975,126.305,2.774583339691162,1.8903397047519683,1.7774565009987309,2.0097264675691786,0.001,0.001,220.9262373186648,1.994584321975708,1.9755600690841675,1.0125160217285156,0.5100709428681097,1.9451123476028442,0.9436385631561279,1.1857140064239502,0.01860128529369831,0.017585314443709983,2.295679427276142,0.0015125670470297337,-0.006802216172218323,-0.0016657058149576187,1.9451123476028442,1.7352089881896973,2.029798984527588,1.3121246099472046,1.0277299880981445,1.2433884143829346,1.1970947980880737,0.727095365524292,0.0012683164095506072,0.11918976157903671,0.0
51000,51000,255.0,1.275,train_W,50600,S,True,False,True,25480,25520,0.637,127.6,1.1903016567230225,1.929137304008007,1.8380321151735377,2.0139108580972236,0.001,0.001,223.1838599536568,1.994584321975708,1.9753913879394531,1.012541651725769,0.5101056322688515,1.944892406463623,0.9436385631561279,1.1857140064239502,0.01860128529369831,0.017585314443709983,2.295679427276142,0.00152969837654382,-0.006802216172218323,-0.0016925263917073607,1.944892406463623,1.735109806060791,2.0296905040740967,1.3120102882385254,1.027949571609497,1.24336576461792,1.197504997253418,0.726854145526886,0.0012700710212811828,0.11920161545276642,0.0
51500,51500,257.5,1.2875,train_W,51100,Sprime,True,False,True,25722,25778,0.64305,128.89,1.9835691452026367,1.9129545498490335,1.7652958734961581,2.0514560989862263,0.001,0.001,225.45700178667903,1.994584321975708,1.9752154350280762,1.0125643014907837,0.5101397631331303,1.9446711540222168,0.9436385631561279,1.1857140064239502,0.01860128529369831,0.017585314443709983,2.295679427276142,0.0015476028202101588,-0.006802216172218323,-0.0017181872390210629,1.9446711540222168,1.7350080013275146,2.0295820236206055,1.311889410018921,1.0280276536941528,1.243228554725647,1.1976810693740845,0.7265318036079407,0.0012710941955447197,0.11921650171279907,0.0
52000,52000,260.0,1.3,train_W,51600,S,True,False,True,25975,26025,0.649375,130.125,0.5512412190437317,1.8716202719211579,1.676929331344107,2.071040547087125,0.001,0.001,227.731753828004,1.994584321975708,1.9750261306762695,1.0125865936279297,0.5101754422838993,1.9444372653961182,0.9436385631561279,1.1857140064239502,0.01860128529369831,0.017585314443709983,2.295679427276142,0.0015628936234861612,-0.006802216172218323,-0.0017444529803469777,1.9444372653961182,1.7349069118499756,2.029472827911377,1.3117806911468506,1.0280691385269165,1.2432132959365845,1.197615146636963,0.7267787456512451,0.0012683446984738111,0.11916732788085938,0.0
52500,52500,262.5,1.3125,train_W,52100,Sprime,True,False,True,26211,26289,0.655275,131.445,3.1378960609436035,1.8483020129203795,1.730253977101233,1.9538298025162835,0.001,0.001,229.99640791863203,1.994584321975708,1.974857211112976,1.0126138925552368,0.5102110154781273,1.9442137479782104,0.9436385631561279,1.1857140064239502,0.01860128529369831,0.017585314443709983,2.295679427276142,0.0015775255160406232,-0.006802216172218323,-0.001772620715200901,1.9442137479782104,1.734809160232544,2.029360294342041,1.311667561531067,1.028010606765747,1.2430717945098877,1.1975796222686768,0.7268742322921753,0.0012668928829953074,0.11915616691112518,0.0
53000,53000,265.0,1.325,train_W,52600,Sprime,True,False,True,26461,26539,0.661525,132.695,1.505435585975647,1.8546358489692212,1.773019325196743,1.9362523727416991,0.001,0.001,232.26326862722635,1.994584321975708,1.9746828079223633,1.0126361846923828,0.5102447783069112,1.9439947605133057,0.9436385631561279,1.1857140064239502,0.01860128529369831,0.017585314443709983,2.295679427276142,0.0015952085377648473,-0.006802216172218323,-0.0017995544476434588,1.9439947605133057,1.7347124814987183,2.0292506217956543,1.3115553855895996,1.0281206369400024,1.2429660558700562,1.1975511312484741,0.7270359992980957,0.0012665895046666265,0.11911508440971375,0.0
53500,53500,267.5,1.3375,train_W,53100,S,True,False,True,26706,26794,0.66765,133.97,0.5213102698326111,1.84240820941329,1.7048142200830032,1.9746063560247422,0.001,0.001,234.52594313956797,1.994584321975708,1.9744987487792969,1.0126590728759766,0.5102800931752857,1.9437649250030518,0.9436385631561279,1.1857140064239502,0.01860128529369831,0.017585314443709983,2.295679427276142,0.0016133917961269617,-0.006802216172218323,-0.0018246807157993317,1.9437649250030518,1.7346159219741821,2.0291357040405273,1.3114386796951294,1.0280430316925049,1.242721438407898,1.1975098848342896,0.7271525859832764,0.0012653552694246173,0.11907495558261871,0.0
54000,54000,270.0,1.35,train_W,53600,Sprime,True,False,True,26953,27047,0.673825,135.235,2.8702921867370605,1.939868449896574,1.8916426110364164,1.9869505929734868,0.001,0.001,236.73211644403636,1.994584321975708,1.9743093252182007,1.0126804113388062,0.5103153247922156,1.9435328245162964,0.9436385631561279,1.1857140064239502,0.01860128529369831,0.017585314443709983,2.295679427276142,0.0016262982971966267,-0.006802216172218323,-0.00185085937846452,1.9435328245162964,1.7345120906829834,2.029025077819824,1.311317801475525,1.0278887748718262,1.24269700050354,1.1973823308944702,0.7273446917533875,0.0012622089125216007,0.11905039846897125,0.0
54500,54500,272.5,1.3625,train_W,54100,S,True,False,True,27209,27291,0.680225,136.455,0.854726254940033,1.9145764329433441,1.7845955367665738,2.050949832210775,0.001,0.001,239.01395973563194,1.994584321975708,1.9741286039352417,1.0127040147781372,0.5103505775401975,1.9433048963546753,0.9436385631561279,1.1857140064239502,0.01860128529369831,0.017585314443709983,2.295679427276142,0.001643126248382032,-0.006802216172218323,-0.0018779762322083116,1.9433048963546753,1.7344005107879639,2.0289101600646973,1.311191201210022,1.0279004573822021,1.2424705028533936,1.1974904537200928,0.7270885705947876,0.0012645651586353779,0.11907490342855453,0.0
55000,55000,275.0,1.375,train_W,54600,S,True,False,True,27449,27551,0.686225,137.755,0.7989764213562012,1.8397647525072098,1.6900448743253946,1.9779677169827314,0.001,0.001,241.215880099684,1.994584321975708,1.9739562273025513,1.0127232074737549,0.5103825329035772,1.9430941343307495,0.9436385631561279,1.1857140064239502,0.01860128529369831,0.017585314443709983,2.295679427276142,0.0016599075170233846,-0.006802216172218323,-0.0019056445453315973,1.9430941343307495,1.7343031167984009,2.0288021564483643,1.3110783100128174,1.0278481245040894,1.2425187826156616,1.1973402500152588,0.7269768714904785,0.0012637355830520391,0.11909792572259903,0.0
55500,55500,277.5,1.3875,train_W,55100,Sprime,True,False,True,27698,27802,0.69245,139.01,0.24225643277168274,1.787174569040537,1.7026328008816425,1.8710426976125079,0.001,0.001,243.36837446317077,1.994584321975708,1.9737929105758667,1.0127474069595337,0.5104158439811252,1.9428824186325073,0.9436385631561279,1.1857140064239502,0.01860128529369831,0.017585314443709983,2.295679427276142,0.001678379368968308,-0.006802216172218323,-0.0019316764082759619,1.9428824186325073,1.7342126369476318,2.028688430786133,1.3109651803970337,1.0277669429779053,1.2423040866851807,1.1972713470458984,0.7270137667655945,0.0012640777276828885,0.119087815284729,0.0
56000,56000,280.0,1.4,train_W,55600,S,True,False,True,27933,28067,0.698325,140.335,1.0096076726913452,1.8343123620152473,1.708256318594547,1.946097909954359,0.001,0.001,245.48779215663671,1.994584321975708,1.9736182689666748,1.0127685070037842,0.5104490610383995,1.9426655769348145,0.9436385631561279,1.1857140064239502,0.01860128529369831,0.017585314443709983,2.295679427276142,0.001690689823590219,-0.006802216172218323,-0.001957586733624339,1.9426655769348145,1.7341110706329346,2.0285873413085938,1.3108534812927246,1.027937412261963,1.2423021793365479,1.1973212957382202,0.7271890044212341,0.0012631802819669247,0.11907734721899033,0.0
56500,56500,282.5,1.4125,train_W,56100,S,True,False,True,28182,28318,0.70455,141.59,1.3445290327072144,1.951739964902401,1.7833012829583332,2.118836505954484,0.001,0.001,247.7667283602059,1.994584321975708,1.9734233617782593,1.0127861499786377,0.5104831606670176,1.942435383796692,0.9436385631561279,1.1857140064239502,0.01860128529369831,0.017585314443709983,2.295679427276142,0.0017078618984669447,-0.006802216172218323,-0.001983151538297534,1.942435383796692,1.7340137958526611,2.028482675552368,1.310733675956726,1.0279700756072998,1.242433786392212,1.1974223852157593,0.7272682189941406,0.0012613243889063597,0.11907333880662918,0.0
57000,57000,285.0,1.425,train_W,56600,Sprime,True,False,True,28427,28573,0.710675,142.865,1.9415735006332397,1.8605757192522288,1.7218187969558092,1.9938911936154553,0.001,0.001,250.1073781941086,1.994584321975708,1.973238468170166,1.0128076076507568,0.5105178923918764,1.9422075748443604,0.9436385631561279,1.1857140064239502,0.01860128529369831,0.017585314443709983,2.295679427276142,0.0017233358230441809,-0.006802216172218323,-0.0020083768758922815,1.9422075748443604,1.7339098453521729,2.0283660888671875,1.3106173276901245,1.027797818183899,1.242296576499939,1.197409749031067,0.7275466918945312,0.0012584931682795286,0.11901599168777466,0.0
57500,57500,287.5,1.4375,train_W,57100,Sprime,True,False,True,28678,28822,0.71695,144.11,2.1226632595062256,1.8268924275636673,1.6475377701430682,2.007687684642263,0.001,0.001,252.3817968070507,1.994584321975708,1.973060131072998,1.0128288269042969,0.5105516600206413,1.9419867992401123,0.9436385631561279,1.1857140064239502,0.01860128529369831,0.017585314443709983,2.295679427276142,0.0017431548330932856,-0.006802216172218323,-0.002030812669545412,1.9419867992401123,1.7338141202926636,2.028258800506592,1.3104987144470215,1.0279642343521118,1.2423784732818604,1.19737708568573,0.7274609208106995,0.001259762910194695,0.11902426928281784,0.0
58000,58000,290.0,1.45,train_W,57600,S,True,False,True,28923,29077,0.723075,145.385,2.189162492752075,1.9487107987999917,1.8305367938109807,2.0622505290835513,0.001,0.001,254.60258288681507,1.994584321975708,1.9728782176971436,1.0128520727157593,0.5105869161230725,1.941758394241333,0.9436385631561279,1.1857140064239502,0.01860128529369831,0.017585314443709983,2.295679427276142,0.001761876861564815,-0.006802216172218323,-0.0020564089063555002,1.941758394241333,1.7337082624435425,2.0281407833099365,1.3103747367858887,1.028056025505066,1.2424362897872925,1.1974681615829468,0.7273913621902466,0.0012596170417964458,0.1190340593457222,0.0
58500,58500,292.5,1.4625,train_W,58100,Sprime,True,False,True,29153,29347,0.728825,146.735,0.8868420720100403,1.9100709325671197,1.7034322381019593,2.0860964871115155,0.001,0.001,256.78101459518075,1.994584321975708,1.9727058410644531,1.0128780603408813,0.5106223245289464,1.9415340423583984,0.9436385631561279,1.1857140064239502,0.01860128529369831,0.017585314443709983,2.295679427276142,0.0017788634868338704,-0.006802216172218323,-0.0020814177114516497,1.9415340423583984,1.7336055040359497,2.0280263423919678,1.310257077217102,1.0282164812088013,1.2423162460327148,1.1975189447402954,0.7274931073188782,0.0012583048082888126,0.11899920552968979,0.0
59000,59000,295.0,1.475,train_W,58600,S,True,False,True,29398,29602,0.73495,148.01,0.7829551696777344,1.8612373115718364,1.7075031471495725,2.008942685232443,0.001,0.001,258.9322729948908,1.994584321975708,1.972519040107727,1.0128977298736572,0.5106564188373264,1.9413079023361206,0.9436385631561279,1.1857140064239502,0.01860128529369831,0.017585314443709983,2.295679427276142,0.0017954264767467976,-0.006802216172218323,-0.0021040276624262333,1.9413079023361206,1.7335069179534912,2.027919054031372,1.3101415634155273,1.028191328048706,1.2421308755874634,1.1976065635681152,0.7276256680488586,0.0012585248332470655,0.11895459145307541,0.0
59500,59500,297.5,1.4875,train_W,59100,S,True,False,True,29659,29841,0.741475,149.205,1.964296817779541,1.8520719724297523,1.7399790497118486,1.9744830721342415,0.001,0.001,261.0611778385937,1.994584321975708,1.972327709197998,1.0129165649414062,0.5106906832654763,1.9410789012908936,0.9436385631561279,1.1857140064239502,0.01860128529369831,0.017585314443709983,2.295679427276142,0.001812382834032178,-0.006802216172218323,-0.00212878524325788,1.9410789012908936,1.7334011793136597,2.0278067588806152,1.3100210428237915,1.028124213218689,1.242287516593933,1.197479009628296,0.7277231812477112,0.0012557554291561246,0.11895628273487091,0.0
60000,60000,300.0,1.5,train_W,59600,S,True,False,True,29906,30094,0.74765,150.47,1.7363674640655518,1.83392519313097,1.6994407438797507,1.9652202878544924,0.001,0.001,263.2149886395782,1.994584321975708,1.9721384048461914,1.0129363536834717,0.5107251706552572,1.940850019454956,0.9436385631561279,1.1857140064239502,0.01860128529369831,0.017585314443709983,2.295679427276142,0.0018283006502315402,-0.006802216172218323,-0.0021541649475693703,1.940850019454956,1.7332991361618042,2.027700424194336,1.3099061250686646,1.0280932188034058,1.2423195838928223,1.1977994441986084,0.7277830243110657,0.0012557924492284656,0.11895737051963806,0.0
60500,60500,302.5,1.5125,train_W,60100,S,True,False,True,30162,30338,0.75405,151.69,1.4685702323913574,1.8301427091360092,1.6801528149517253,1.9875091554932907,0.001,0.001,265.3601160235703,1.994584321975708,1.9719685316085815,1.0129574537277222,0.5107578072895091,1.9406379461288452,0.9436385631561279,1.1857140064239502,0.01860128529369831,0.017585314443709983,2.295679427276142,0.0018440724816173315,-0.006802216172218323,-0.002180948853492737,1.9406379461288452,1.73321533203125,2.0276038646698,1.3098009824752808,1.0280262231826782,1.242340087890625,1.197747826576233,0.727909505367279,0.0012569946702569723,0.11892861872911453,0.0
61000,61000,305.0,1.525,train_W,60600,Sprime,True,False,True,30409,30591,0.760225,152.955,2.524027109146118,1.8331339662373065,1.6547725495056584,2.0072654679476507,0.001,0.001,267.5394849665463,1.994584321975708,1.971793293952942,1.0129814147949219,0.5107925851666789,1.9404147863388062,0.9436385631561279,1.1857140064239502,0.01860128529369831,0.017585314443709983,2.295679427276142,0.0018601579358801246,-0.006802216172218323,-0.0022053560242056847,1.9404147863388062,1.7331136465072632,2.027488946914673,1.3096864223480225,1.0280808210372925,1.2423354387283325,1.1979683637619019,0.7283596396446228,0.0012547234073281288,0.11885438859462738,0.0
61500,61500,307.5,1.5375,train_W,61100,S,True,False,True,30666,30834,0.76665,154.17,1.5329965353012085,1.8571723574846983,1.7107585783366563,2.012021498394356,0.001,0.001,269.70773057453334,1.994584321975708,1.9716161489486694,1.013001561164856,0.5108256905963738,1.9401973485946655,0.9436385631561279,1.1857140064239502,0.01860128529369831,0.017585314443709983,2.295679427276142,0.0018748658476397395,-0.006802216172218323,-0.002228079829365015,1.9401973485946655,1.733017921447754,2.02738881111145,1.3095728158950806,1.0280858278274536,1.2424488067626953,1.1980692148208618,0.7288219332695007,0.0012523657642304897,0.11878782510757446,0.0
62000,62000,310.0,1.55,train_W,61600,Sprime,True,False,True,30919,31081,0.772975,155.405,2.498800039291382,1.8627180131599308,1.704374740172634,2.0249076814424654,0.001,0.001,271.865667084232,1.994584321975708,1.9714407920837402,1.013022780418396,0.5108591093980185,1.9399795532226562,0.9436385631561279,1.1857140064239502,0.01860128529369831,0.017585314443709983,2.295679427276142,0.0018890182254835963,-0.006802216172218323,-0.0022548488341271877,1.9399795532226562,1.7329176664352417,2.02728533744812,1.3094570636749268,1.0282882452011108,1.2424732446670532,1.1982858180999756,0.7288343906402588,0.0012527004582807422,0.11879973113536835,0.0
62500,62500,312.5,1.5625,train_W,62100,Sprime,True,False,True,31162,31338,0.77905,156.69,1.4582985639572144,1.9038921366631985,1.7456339481804106,2.053529256512683,0.001,0.001,274.0294320322573,1.994584321975708,1.9712616205215454,1.013045072555542,0.5108935675818205,1.9397557973861694,0.9436385631561279,1.1857140064239502,0.01860128529369831,0.017585314443709983,2.295679427276142,0.0019061644561588764,-0.006802216172218323,-0.0022835941053926945,1.9397557973861694,1.7328130006790161,2.0271711349487305,1.3093397617340088,1.0283957719802856,1.24251127243042,1.1985212564468384,0.7287238240242004,0.0012551355175673962,0.1188112422823906,0.0
63000,63000,315.0,1.575,train_W,62600,S,True,False,True,31407,31593,0.785175,157.965,0.6626940965652466,1.8377100550532341,1.6656542159464895,2.003018606351871,0.001,0.001,276.2052614558488,1.994584321975708,1.9710878133773804,1.0130683183670044,0.510927815667088,1.9395354986190796,0.9436385631561279,1.1857140064239502,0.01860128529369831,0.017585314443709983,2.295679427276142,0.001920473063364625,-0.006802216172218323,-0.0023098508827388287,1.9395354986190796,1.732712745666504,2.0270655155181885,1.3092299699783325,1.0285080671310425,1.24239981174469,1.1987532377243042,0.7290809750556946,0.0012541183969005942,0.1187780499458313,0.0
63500,63500,317.5,1.5875,train_W,63100,S,True,False,True,31653,31847,0.791325,159.235,3.078228712081909,1.8755468860268594,1.7580796887234944,1.9893143290844488,0.001,0.001,278.37553695961833,1.994584321975708,1.9709007740020752,1.0130887031555176,0.510962340022866,1.939307689666748,0.9436385631561279,1.1857140064239502,0.01860128529369831,0.017585314443709983,2.295679427276142,0.001937863533385098,-0.006802216172218323,-0.002335003577172756,1.939307689666748,1.7326122522354126,2.026956796646118,1.3091107606887817,1.0286027193069458,1.2424848079681396,1.1989967823028564,0.7292015552520752,0.0012530653038993478,0.1187559962272644,0.0
64000,64000,320.0,1.6,train_W,63600,Sprime,True,False,True,31909,32091,0.797725,160.455,1.2205332517623901,1.8679502841234208,1.7390506095252931,2.0031892869804726,0.001,0.001,280.5462718065828,1.994584321975708,1.970725178718567,1.0131101608276367,0.510995926257014,1.9390891790390015,0.9436385631561279,1.1857140064239502,0.01860128529369831,0.017585314443709983,2.295679427276142,0.0019553478341549635,-0.006802216172218323,-0.00235935696400702,1.9390891790390015,1.7325115203857422,2.026853084564209,1.3089931011199951,1.0286611318588257,1.2425776720046997,1.1989206075668335,0.7287871837615967,0.001254829578101635,0.11879151314496994,0.0
64500,64500,322.5,1.6125,train_W,64100,S,True,False,True,32164,32336,0.8041,161.68,2.097630500793457,1.8609269963502884,1.674605608103322,2.05485333921958,0.001,0.001,282.7136396635324,1.994584321975708,1.970550298690796,1.0131325721740723,0.5110299047921111,1.9388694763183594,0.9436385631561279,1.1857140064239502,0.01860128529369831,0.017585314443709983,2.295679427276142,0.001970824785530567,-0.006802216172218323,-0.0023859096691012383,1.9388694763183594,1.7324144840240479,2.026747226715088,1.308879017829895,1.0288622379302979,1.2427780628204346,1.1989736557006836,0.7291060090065002,0.0012524786870926619,0.11876388639211655,0.0
65000,65000,325.0,1.625,train_W,64600,Sprime,True,False,True,32419,32581,0.810475,162.905,2.2225308418273926,1.923366188377142,1.7490519555760364,2.1047952878231904,0.001,0.001,284.88573535718024,1.994584321975708,1.9703757762908936,1.0131549835205078,0.511063840969435,1.938650131225586,0.9436385631561279,1.1857140064239502,0.01860128529369831,0.017585314443709983,2.295679427276142,0.00198512920178473,-0.006802216172218323,-0.00241135829128325,1.938650131225586,1.732313871383667,2.0266435146331787,1.3087706565856934,1.0288081169128418,1.2427059412002563,1.1988459825515747,0.7293850779533386,0.0012521169846877456,0.1187111958861351,0.0
65500,65500,327.5,1.6375,train_W,65100,Sprime,True,False,True,32683,32817,0.817075,164.085,2.383591651916504,1.8664287738204002,1.6914099670495049,2.0622125237675037,0.001,0.001,287.0731672625989,1.994584321975708,1.9702081680297852,1.0131810903549194,0.5110987485325518,1.9384303092956543,0.9436385631561279,1.1857140064239502,0.01860128529369831,0.017585314443709983,2.295679427276142,0.0019962650258094072,-0.006802216172218323,-0.002435244619846344,1.9384303092956543,1.7322169542312622,2.026536464691162,1.308660626411438,1.028882622718811,1.2427492141723633,1.1989415884017944,0.7300016283988953,0.001249120687134564,0.11861552298069,0.0
66000,66000,330.0,1.65,train_W,65600,S,True,False,True,32930,33070,0.82325,165.35,1.9121578931808472,1.9018948814570904,1.8087638301043376,1.9928172912757858,0.001,0.001,289.247342415154,1.994584321975708,1.9700212478637695,1.0132039785385132,0.5111345415540094,1.9381976127624512,0.9436385631561279,1.1857140064239502,0.01860128529369831,0.017585314443709983,2.295679427276142,0.0020171760115772486,-0.006802216172218323,-0.0024602115154266357,1.9381976127624512,1.732116937637329,2.0264196395874023,1.3085390329360962,1.0289582014083862,1.2425227165222168,1.1989707946777344,0.7299639582633972,0.0012497194111347198,0.11859175562858582,0.0
66500,66500,332.5,1.6625,train_W,66100,S,True,False,True,33191,33309,0.829775,166.545,0.9968578815460205,1.8881577856838703,1.7930594228807537,1.992009972678069,0.001,0.001,291.4256665799767,1.994584321975708,1.9698606729507446,1.0132298469543457,0.5111684243804896,1.9379853010177612,0.9436385631561279,1.1857140064239502,0.01860128529369831,0.017585314443709983,2.295679427276142,0.002030110452324152,-0.006802216172218323,-0.0024908247869461775,1.9379853010177612,1.7320181131362915,2.0263097286224365,1.3084359169006348,1.0289583206176758,1.2424942255020142,1.1988720893859863,0.730043351650238,0.0012497403658926487,0.1185479611158371,0.0
67000,67000,335.0,1.675,train_W,66600,Sprime,True,False,True,33429,33571,0.835725,167.855,0.6274009346961975,1.8762095932364464,1.7345483708782357,2.0048942150732945,0.001,0.001,293.61068741604686,1.994584321975708,1.9696972370147705,1.013251781463623,0.5112006973689323,1.9377779960632324,0.9436385631561279,1.1857140064239502,0.01860128529369831,0.017585314443709983,2.295679427276142,0.002047273563221097,-0.006802216172218323,-0.0025177020579576492,1.9377779960632324,1.7319356203079224,2.026212215423584,1.3083341121673584,1.0290225744247437,1.242604374885559,1.1989612579345703,0.7301239371299744,0.0012487734202295542,0.11854173988103867,0.0
67500,67500,337.5,1.6875,train_W,67100,S,True,False,True,33677,33823,0.841925,169.115,3.3178112506866455,1.932436349451542,1.7947842671025185,2.067903478112486,0.001,0.001,295.7859064824879,1.994584321975708,1.9695093631744385,1.0132712125778198,0.5112348825643874,1.9375512599945068,0.9436385631561279,1.1857140064239502,0.01860128529369831,0.017585314443709983,2.295679427276142,0.002064649248495698,-0.006802216172218323,-0.0025447651278227568,1.9375512599945068,1.7318366765975952,2.026094436645508,1.3082166910171509,1.0290217399597168,1.242443561553955,1.1991198062896729,0.7301321625709534,0.0012491003144532442,0.1185237243771553,0.0
68000,68000,340.0,1.7,train_W,67600,S,True,False,True,33922,34078,0.84805,170.39,0.3977356255054474,1.8026935358941556,1.699724809125978,1.9016242733773063,0.001,0.001,297.9672926776111,1.994584321975708,1.96934974193573,1.0132956504821777,0.511267931020998,1.9373427629470825,0.9436385631561279,1.1857140064239502,0.01860128529369831,0.017585314443709983,2.295679427276142,0.0020818396005779505,-0.006802216172218323,-0.0025717345997691154,1.9373427629470825,1.7317488193511963,2.0259952545166016,1.3081134557724,1.0292267799377441,1.2423580884933472,1.199227213859558,0.7301315665245056,0.0012487036874517798,0.11849348992109299,0.0
68500,68500,342.5,1.7125,train_W,68100,Sprime,True,False,True,34166,34334,0.85415,171.67,0.5883088707923889,1.824296120375395,1.7270330230354285,1.9170000100275502,0.001,0.001,300.2102975100279,1.994584321975708,1.969181776046753,1.0133198499679565,0.5113019460439262,1.9371263980865479,0.9436385631561279,1.1857140064239502,0.01860128529369831,0.017585314443709983,2.295679427276142,0.002097881631925702,-0.006802216172218323,-0.002597327344119549,1.9371263980865479,1.731656551361084,2.025888204574585,1.3080084323883057,1.0292022228240967,1.2424620389938354,1.1992390155792236,0.7299942970275879,0.0012506009079515934,0.11850494891405106,0.0
69000,69000,345.0,1.725,train_W,68600,S,True,False,True,34415,34585,0.860375,172.925,2.2047462463378906,1.9112124795392156,1.7506927972936248,2.070453120492013,0.001,0.001,302.47520403563976,1.994584321975708,1.9690147638320923,1.0133464336395264,0.5113370441338273,1.9369062185287476,0.9436385631561279,1.1857140064239502,0.01860128529369831,0.017585314443709983,2.295679427276142,0.002113961847499013,-0.006802216172218323,-0.002622547559440136,1.9369062185287476,1.731550931930542,2.025784730911255,1.3078904151916504,1.0290762186050415,1.2424308061599731,1.1992616653442383,0.7299687266349792,0.0012500163866207004,0.11848387867212296,0.0
69500,69500,347.5,1.7375,train_W,69100,S,True,False,True,34666,34834,0.86665,174.17,1.3114129304885864,1.893379663825035,1.8011751083501306,1.9863248181390953,0.001,0.001,304.7213990073651,1.994584321975708,1.9688400030136108,1.0133684873580933,0.5113708664759462,1.9366873502731323,0.9436385631561279,1.1857140064239502,0.01860128529369831,0.017585314443709983,2.295679427276142,0.002131716115400195,-0.006802216172218323,-0.002648128429427743,1.9366873502731323,1.7314482927322388,2.025672435760498,1.3077738285064697,1.0291074514389038,1.242628812789917,1.1995059251785278,0.7302562594413757,0.001249132677912712,0.11846419423818588,0.0
70000,70000,350.0,1.75,train_W,69600,Sprime,True,False,True,34907,35093,0.872675,175.465,0.44787997007369995,1.8437083097994327,1.7589310685875998,1.922593696409671,0.001,0.001,306.96091557480395,1.994584321975708,1.968665599822998,1.0133943557739258,0.5114065714528865,1.9364612102508545,0.9436385631561279,1.1857140064239502,0.01860128529369831,0.017585314443709983,2.295679427276142,0.0021484773606061935,-0.006802216172218323,-0.002675130032002926,1.9364612102508545,1.7313486337661743,2.0255656242370605,1.3076564073562622,1.029160737991333,1.2428697347640991,1.199613332748413,0.730426549911499,0.001249475171789527,0.11844125390052795,0.0
70500,70500,352.5,1.7625,train_W,70100,S,True,False,True,35174,35326,0.87935,176.63,0.8143378496170044,1.8985303185284137,1.8194236100724575,1.9891804951710763,0.001,0.001,309.1906292196363,1.994584321975708,1.9684842824935913,1.0134155750274658,0.511440832500589,1.9362374544143677,0.9436385631561279,1.1857140064239502,0.01860128529369831,0.017585314443709983,2.295679427276142,0.0021634604781866074,-0.006802216172218323,-0.002699096454307437,1.9362374544143677,1.731253981590271,2.0254530906677246,1.3075425624847412,1.0290836095809937,1.2429059743881226,1.1996172666549683,0.7308815121650696,0.0012484299950301647,0.11837249994277954,0.0
71000,71000,355.0,1.775,train_W,70600,S,True,False,True,35442,35558,0.88605,177.79,1.42133629322052,1.8689539363533259,1.6465004918568615,2.125926018788897,0.001,0.001,311.4346891399473,1.994584321975708,1.968319296836853,1.0134391784667969,0.5114741791400982,1.9360252618789673,0.9436385631561279,1.1857140064239502,0.01860128529369831,0.017585314443709983,2.295679427276142,0.0021794645581394434,-0.006802216172218323,-0.002726450329646468,1.9360252618789673,1.7311537265777588,2.02534818649292,1.3074294328689575,1.0291059017181396,1.242875576019287,1.1995638608932495,0.7312178611755371,0.0012474206741899252,0.11832728236913681,0.0
71500,71500,357.5,1.7875,train_W,71100,Sprime,True,False,True,35697,35803,0.892425,179.015,1.0637882947921753,1.8518199740052224,1.7343853190833447,1.9740478801484012,0.001,0.001,313.64449022337794,1.994584321975708,1.9681384563446045,1.0134600400924683,0.5115082059243374,1.935802698135376,0.9436385631561279,1.1857140064239502,0.01860128529369831,0.017585314443709983,2.295679427276142,0.002192126354202628,-0.006802216172218323,-0.0027504561003297567,1.935802698135376,1.731062412261963,2.0252432823181152,1.307319164276123,1.028993010520935,1.2429399490356445,1.1995046138763428,0.7308794260025024,0.0012480097357183695,0.11836056411266327,0.0
72000,72000,360.0,1.8,train_W,71600,S,True,False,True,35951,36049,0.898775,180.245,1.7851498126983643,1.8390434245765208,1.74274024695862,1.9384784128486625,0.001,0.001,315.87473475560546,1.994584321975708,1.9679635763168335,1.0134859085083008,0.5115439893612254,1.93557608127594,0.9436385631561279,1.1857140064239502,0.01860128529369831,0.017585314443709983,2.295679427276142,0.0022094680462032557,-0.006802216172218323,-0.0027759047225117683,1.93557608127594,1.7309578657150269,2.0251340866088867,1.3071963787078857,1.028912901878357,1.2429842948913574,1.19943106174469,0.7312942743301392,0.0012475072871893644,0.11830184608697891,0.0
72500,72500,362.5,1.8125,train_W,72100,Sprime,True,False,True,36181,36319,0.904525,181.595,1.728907585144043,1.9103679002523422,1.7294122765893523,2.064515283372667,0.001,0.001,318.09780916012824,1.994584321975708,1.967782735824585,1.0135136842727661,0.5115815145355266,1.9353396892547607,0.9436385631561279,1.1857140064239502,0.01860128529369831,0.017585314443709983,2.295679427276142,0.002226664451882243,-0.006802216172218323,-0.002801422029733658,1.9353396892547607,1.7308499813079834,2.025012254714966,1.3070734739303589,1.0288439989089966,1.2429356575012207,1.1995527744293213,0.7312303185462952,0.0012467240449041128,0.11831315606832504,0.0
73000,73000,365.0,1.825,train_W,72600,Sprime,True,False,True,36437,36563,0.910925,182.815,1.223613977432251,1.8309806546866894,1.7580902952468023,1.9074557859023087,0.001,0.001,320.3250426147133,1.994584321975708,1.9676049947738647,1.0135353803634644,0.5116155723615382,1.935118556022644,0.9436385631561279,1.1857140064239502,0.01860128529369831,0.017585314443709983,2.295679427276142,0.0022408561781048775,-0.006802216172218323,-0.0028261602856218815,1.935118556022644,1.7307493686676025,2.024900197982788,1.3069573640823364,1.0288469791412354,1.2428228855133057,1.1996642351150513,0.7312223315238953,0.0012464411556720734,0.11829563230276108,0.0
73500,73500,367.5,1.8375,train_W,73100,Sprime,True,False,True,36686,36814,0.91715,184.07,2.376553773880005,1.8581597405076027,1.7509920862185429,1.9644734692644787,0.001,0.001,322.564393106848,1.994584321975708,1.9674476385116577,1.0135623216629028,0.5116496314907869,1.93490731716156,0.9436385631561279,1.1857140064239502,0.01860128529369831,0.017585314443709983,2.295679427276142,0.00225505861453712,-0.006802216172218323,-0.0028544897213578224,1.93490731716156,1.7306478023529053,2.024787187576294,1.30684494972229,1.0290381908416748,1.2427372932434082,1.199899435043335,0.7312498092651367,0.001247535110451281,0.11828481405973434,0.0
74000,74000,370.0,1.85,train_W,73600,Sprime,True,False,True,36961,37039,0.924025,185.195,1.1939502954483032,1.8267906348407268,1.6968931313536384,1.985554250213835,0.001,0.001,324.80706918798387,1.994584321975708,1.9672667980194092,1.0135841369628906,0.511684160522624,1.934682846069336,0.9436385631561279,1.1857140064239502,0.01860128529369831,0.017585314443709983,2.295679427276142,0.002268825424835086,-0.006802216172218323,-0.002877920400351286,1.934682846069336,1.7305535078048706,2.024674415588379,1.3067288398742676,1.0290311574935913,1.2428053617477417,1.1999050378799438,0.731502115726471,0.0012464907485991716,0.11824005097150803,0.0
74500,74500,372.5,1.8625,train_W,74100,S,True,False,True,37219,37281,0.930475,186.405,0.5594916343688965,1.889861090183258,1.7281501313974692,2.0622636826077767,0.001,0.001,327.04167346283793,1.994584321975708,1.9671001434326172,1.013608455657959,0.511718112489283,1.9344675540924072,0.9436385631561279,1.1857140064239502,0.01860128529369831,0.017585314443709983,2.295679427276142,0.002286184811964631,-0.006802216172218323,-0.002907979069277644,1.9344675540924072,1.7304455041885376,2.0245652198791504,1.306609034538269,1.0291069746017456,1.242700219154358,1.1999032497406006,0.7318964600563049,0.001244921237230301,0.11818622797727585,0.0
75000,75000,375.0,1.875,train_W,74600,S,True,False,True,37451,37549,0.936275,187.745,0.8073867559432983,1.8684119581580163,1.699078696233959,2.014998961017648,0.001,0.001,329.24985266663134,1.994584321975708,1.9669300317764282,1.0136358737945557,0.5117540827916564,1.934242606163025,0.9436385631561279,1.1857140064239502,0.01860128529369831,0.017585314443709983,2.295679427276142,0.0023002231027930975,-0.006802216172218323,-0.0029343250207602978,1.934242606163025,1.7303498983383179,2.0244524478912354,1.3064956665039062,1.0291163921356201,1.242668628692627,1.199833869934082,0.7316917777061462,0.0012449852656573057,0.11819886416196823,0.0
75500,75500,377.5,1.8875,train_W,75100,Sprime,True,False,True,37699,37801,0.942475,189.005,1.0119603872299194,1.8283510856032372,1.715073083016661,1.9398310246566932,0.001,0.001,331.48872580751777,1.994584321975708,1.9667558670043945,1.0136606693267822,0.5117892603813673,1.934018850326538,0.9436385631561279,1.1857140064239502,0.01860128529369831,0.017585314443709983,2.295679427276142,0.0023184982128441334,-0.006802216172218323,-0.0029613093938678503,1.934018850326538,1.7302473783493042,2.0243418216705322,1.3063815832138062,1.029171109199524,1.242692232131958,1.1998893022537231,0.7317991852760315,0.0012446986511349678,0.11817683279514313,0.0
76000,76000,380.0,1.9,train_W,75600,Sprime,True,False,True,37917,38083,0.947925,190.415,1.803691029548645,1.8529241683483124,1.6731692637325426,1.9918836336186592,0.001,0.001,333.71883904002607,1.994584321975708,1.9665846824645996,1.0136833190917969,0.5118229708430668,1.9338023662567139,0.9436385631561279,1.1857140064239502,0.01860128529369831,0.017585314443709983,2.295679427276142,0.002335252705961466,-0.006802216172218323,-0.0029871254228055477,1.9338023662567139,1.730149507522583,2.024240016937256,1.3062686920166016,1.0292539596557617,1.2427765130996704,1.1998989582061768,0.7314487099647522,0.0012460520956665277,0.11822768300771713,0.0
76500,76500,382.5,1.9125,train_W,76100,S,True,False,True,38156,38344,0.9539,191.72,1.6345113515853882,1.9129501339495183,1.728633246785926,2.0817307317736504,0.001,0.001,335.9714838322252,1.994584321975708,1.9663968086242676,1.0137088298797607,0.5118603019717191,1.933563470840454,0.9436385631561279,1.1857140064239502,0.01860128529369831,0.017585314443709983,2.295679427276142,0.0023510886821895838,-0.006802216172218323,-0.0030137267895042896,1.933563470840454,1.730048418045044,2.024120807647705,1.3061479330062866,1.0292338132858276,1.242681622505188,1.1999506950378418,0.7317391633987427,0.0012464260216802359,0.11819614470005035,0.0
77000,77000,385.0,1.925,train_W,76600,S,True,False,True,38428,38572,0.9607,192.86,2.2565224170684814,1.8687748911380768,1.7752110669389367,1.9803948919370509,0.001,0.001,338.2146489545703,1.994584321975708,1.9662199020385742,1.0137330293655396,0.5118955480362106,1.9333381652832031,0.9436385631561279,1.1857140064239502,0.01860128529369831,0.017585314443709983,2.295679427276142,0.002362846862524748,-0.006802216172218323,-0.00303827878087759,1.9333381652832031,1.7299548387527466,2.0240120887756348,1.3060288429260254,1.0293724536895752,1.2428463697433472,1.1999647617340088,0.7317453026771545,0.0012456265976652503,0.11820581555366516,0.0
77500,77500,387.5,1.9375,train_W,77100,S,True,False,True,38678,38822,0.96695,194.11,0.8979806303977966,1.836848314076662,1.7689186035990716,1.9047780245542527,0.001,0.001,340.4284830391407,1.994584321975708,1.966059923171997,1.013757586479187,0.5119287750440555,1.933129072189331,0.9436385631561279,1.1857140064239502,0.01860128529369831,0.017585314443709983,2.295679427276142,0.0023798185866326094,-0.006802216172218323,-0.0030649970285594463,1.933129072189331,1.729858636856079,2.02390193939209,1.3059144020080566,1.0293080806732178,1.2430143356323242,1.1999679803848267,0.7318005561828613,0.0012456002878025174,0.1182185634970665,0.0
78000,78000,390.0,1.95,train_W,77600,Sprime,True,False,True,38920,39080,0.973,195.4,1.925026535987854,1.8232882573306561,1.7356791500587108,1.9054642416710077,0.001,0.001,342.65015071444213,1.994584321975708,1.9658892154693604,1.0137817859649658,0.5119632220136945,1.9329099655151367,0.9436385631561279,1.1857140064239502,0.01860128529369831,0.017585314443709983,2.295679427276142,0.0023979635443538427,-0.006802216172218323,-0.003090212121605873,1.9329099655151367,1.7297524213790894,2.023792028427124,1.3058007955551147,1.0292692184448242,1.243257999420166,1.1999744176864624,0.7315620183944702,0.0012455270625650883,0.11824022978544235,0.0
78500,78500,392.5,1.9625,train_W,78100,S,True,False,True,39174,39326,0.97935,196.63,1.5269689559936523,1.8634701892733574,1.766864558843177,1.9632174662215922,0.001,0.001,344.8866910357028,1.994584321975708,1.9657148122787476,1.013805866241455,0.5119980940063371,1.9326874017715454,0.9436385631561279,1.1857140064239502,0.01860128529369831,0.017585314443709983,2.295679427276142,0.0024104181211441755,-0.006802216172218323,-0.003112782258540392,1.9326874017715454,1.7296535968780518,2.023685932159424,1.3056780099868774,1.0294928550720215,1.2432867288589478,1.2002118825912476,0.7316009998321533,0.0012446728069335222,0.11825012415647507,0.0
79000,79000,395.0,1.975,train_W,78600,S,True,False,True,39442,39558,0.98605,197.79,0.8971535563468933,1.889607439815998,1.7672283695037685,2.0309763658663322,0.001,0.001,347.12757514603436,1.994584321975708,1.9655460119247437,1.0138318538665771,0.5120332036205254,1.9324666261672974,0.9436385631561279,1.1857140064239502,0.01860128529369831,0.017585314443709983,2.295679427276142,0.0024257937911897898,-0.006802216172218323,-0.003140329383313656,1.9324666261672974,1.729551911354065,2.023571729660034,1.305559754371643,1.029505968093872,1.2433357238769531,1.2002016305923462,0.732058048248291,0.001243543578311801,0.11819622665643692,0.0
79500,79500,397.5,1.9875,train_W,79100,Sprime,True,False,True,39685,39815,0.992125,199.075,1.1022212505340576,1.9092014970779418,1.7884916405618927,2.0233357193868913,0.001,0.001,349.36862165108323,1.994584321975708,1.9653702974319458,1.0138510465621948,0.5120657860018462,1.9322525262832642,0.9436385631561279,1.1857140064239502,0.01860128529369831,0.017585314443709983,2.295679427276142,0.002443553414195776,-0.006802216172218323,-0.0031656476203352213,1.9322525262832642,1.729467749595642,2.023463249206543,1.3054590225219727,1.0294831991195679,1.2432801723480225,1.199949026107788,0.7323212623596191,0.0012397480895742774,0.11816512048244476,0.0
80000,80000,400.0,2.0,train_W,79600,Sprime,True,False,True,39928,40072,0.9982,200.36,2.2993617057800293,1.8582443819344043,1.7125376164913177,1.9960138138514085,0.001,0.001,351.5928067918867,1.994584321975708,1.9651827812194824,1.0138704776763916,0.5121000304203861,1.9320261478424072,0.9436385631561279,1.1857140064239502,0.01860128529369831,0.017585314443709983,2.295679427276142,0.0024624704383313656,-0.006802216172218323,-0.0031888545490801334,1.9320261478424072,1.729369878768921,2.023355722427368,1.3053358793258667,1.0296345949172974,1.2434457540512085,1.20025634765625,0.7325928211212158,0.0012395913945510983,0.11815783381462097,0.0
80400,80400,402.0,2.01,train_W,80000,Sprime,True,False,True,40121,40279,1.003025,201.395,1.7672373056411743,1.88526401206851,1.800124636277016,1.9646451692074394,0.001,0.001,353.71922904253006,1.994584321975708,1.9650530815124512,1.0138907432556152,0.5121271666138588,1.9318559169769287,0.9436385631561279,1.1857140064239502,0.01860128529369831,0.017585314443709983,2.295679427276142,0.0024769760202616453,-0.006802216172218323,-0.0032104472629725933,1.9318559169769287,1.7292871475219727,2.0232627391815186,1.3052446842193604,1.0296781063079834,1.2435108423233032,1.2002954483032227,0.7327137589454651,0.0012383268913254142,0.1181277260184288,0.0
