step,samples_seen,step_over_d,step_over_d2,phase,phase_step,last_task,train_W,train_w,include_lora,n_S_seen,n_Sprime_seen,n_S_over_d2,n_Sprime_over_d,train_loss_last,train_loss_mean_since_log,train_loss_S_mean_since_log,train_loss_Sprime_mean_since_log,lr_W,lr_w,elapsed_sec,Q0,Q,M,rho_W,eps_W,q0,q,m,rho_w,eps_w,C_W_from_wstar,C_w_from_Wstar,C_W_w,Delta_eff,E_S,E_Sprime,E_S_W_only,grad_W_S_norm,grad_W_Sprime_norm,grad_w_S_norm,grad_w_Sprime_norm,Gamma_W,Gamma_w,F_S
0,0,0.0,0.0,initial,0,none,False,False,True,0,0,0.0,0.0,nan,nan,nan,nan,0.001,0.001,2.0116567611694336e-06,1.994584321975708,1.9937628507614136,1.0102918148040771,0.5066218122332676,1.9677635431289673,0.9436385631561279,1.1904999017715454,0.01875934563577175,0.017699058428111432,2.307039927896056,-0.00010037183528766036,-0.006856794003397226,0.0010086463298648596,1.9677635431289673,1.747550129890442,2.043030023574829,1.3237707614898682,1.022336721420288,1.2455722093582153,1.1831740140914917,0.723021388053894,0.0012609993573278189,0.12061996012926102,0.0
500,500,2.5,0.0125,joint,500,Sprime,True,True,True,259,241,0.006475,1.205,0.8549423217773438,2.010707984775305,1.8853813111206739,2.1453951568771696,0.001,0.001,2.4118957463651896,1.994584321975708,1.9935821294784546,1.0103130340576172,0.506655415843328,1.9675403833389282,0.9436385631561279,1.1844900846481323,0.018624424934387207,0.017616284554486557,2.292776760096828,-8.403792162425816e-05,-0.006783617194741964,0.0009690904407761991,1.9675403833389282,1.7445335388183594,2.0402321815490723,1.3236583471298218,1.0242811441421509,1.2454161643981934,1.190881609916687,0.7166947722434998,0.0013066481333225965,0.12102662771940231,0.0
1000,1000,5.0,0.025,joint,1000,Sprime,True,True,True,492,508,0.0123,2.54,2.8005850315093994,1.9164289718866347,1.8143742418340347,2.0054879685242972,0.001,0.001,4.659516338258982,1.994584321975708,1.9933764934539795,1.0103306770324707,0.5066903964863326,1.967299461364746,0.9436385631561279,1.1794945001602173,0.01868302747607231,0.01770909844070088,2.280962902752219,-7.036666647763923e-05,-0.006708106026053429,0.0008918000967241824,1.967299461364746,1.7419108152389526,2.0379130840301514,1.3235374689102173,1.0277193784713745,1.245013952255249,1.2035717964172363,0.7130900025367737,0.0013448442332446575,0.121269091963768,0.0
1500,1500,7.5,0.0375,joint,1500,Sprime,True,True,True,752,748,0.0188,3.74,1.7791146039962769,1.8803947488367558,1.7903146335138724,1.977981540436546,0.001,0.001,6.894093073904514,1.994584321975708,1.99320387840271,1.0103527307510376,0.5067233967899841,1.9670827388763428,0.9436385631561279,1.1740206480026245,0.01859954372048378,0.01767101853732262,2.2680863337586437,-5.2220915677025914e-05,-0.006651200819760561,0.0008479371899738908,1.9670827388763428,1.7391799688339233,2.03536319732666,1.3234277963638306,1.028680443763733,1.244857668876648,1.2086125612258911,0.7087569832801819,0.0013830637326464057,0.12189105153083801,0.0
2000,2000,10.0,0.05,joint,2000,Sprime,True,True,True,1001,999,0.025025,4.995,0.571082353591919,1.86772928956151,1.6844824876292164,2.049515957613865,0.001,0.001,9.129303183406591,1.994584321975708,1.9930249452590942,1.010373592376709,0.5067566062372839,1.9668620824813843,0.9436385631561279,1.1684825420379639,0.018623676151037216,0.017735827521279994,2.2551115062961062,-3.410410863580182e-05,-0.006592042278498411,0.0007925796089693904,1.9668620824813843,1.7364445924758911,2.032775402069092,1.3233169317245483,1.0302401781082153,1.2448371648788452,1.2178122997283936,0.704253613948822,0.001431202283129096,0.12215648591518402,0.0
2500,2500,12.5,0.0625,joint,2500,Sprime,True,True,True,1263,1237,0.031575,6.185,3.5538313388824463,1.8388824042081833,1.6589835270215536,2.0369223446405234,0.001,0.001,11.358214063569903,1.994584321975708,1.992846965789795,1.0103939771652222,0.5067894592555261,1.9666433334350586,0.9436385631561279,1.1631728410720825,0.018568111583590508,0.01772322579047257,2.2427352465475003,-1.8738841390586458e-05,-0.006541608367115259,0.0007179572712630033,1.9666433334350586,1.733777403831482,2.0303096771240234,1.3232028484344482,1.0334248542785645,1.2438220977783203,1.2277252674102783,0.6993175148963928,0.0014874407788738608,0.12300257384777069,0.0
3000,3000,15.0,0.075,joint,3000,Sprime,True,True,True,1517,1483,0.037925,7.415,0.36505386233329773,1.8307461427599192,1.7307766619923077,1.9339666635524937,0.001,0.001,13.585297478362918,1.994584321975708,1.9926608800888062,1.0104135274887085,0.5068229285379623,1.9664181470870972,0.9436385631561279,1.1581377983093262,0.018534664064645767,0.01772971525165502,2.2310498302041566,-5.578136097028619e-06,-0.00647767772898078,0.0006442070007324219,1.9664181470870972,1.7311675548553467,2.0279629230499268,1.3230865001678467,1.0364084243774414,1.243942141532898,1.2387820482254028,0.6945022940635681,0.001539801131002605,0.12368451058864594,0.0
3500,3500,17.5,0.0875,joint,3500,Sprime,True,True,True,1779,1721,0.044475,8.605,3.2532107830047607,1.871252722710371,1.7294805540155818,2.027321244550853,0.001,0.001,15.81028718687594,1.994584321975708,1.9924753904342651,1.01043701171875,0.5068582995758412,1.9661856889724731,0.9436385631561279,1.1527425050735474,0.018576521426439285,0.017811290988424395,2.218578846581985,8.196258022508118e-06,-0.006429549306631088,0.000643309555016458,1.9661856889724731,1.7284985780715942,2.0255134105682373,1.32296884059906,1.039131999015808,1.243873119354248,1.2534672021865845,0.6898999214172363,0.0015958247240632772,0.12384021282196045,0.0
4000,4000,20.0,0.1,joint,4000,Sprime,True,True,True,2034,1966,0.05085,9.83,2.7424163818359375,1.857351809322834,1.6748624917338877,2.0472896704868395,0.001,0.001,18.037756958976388,1.994584321975708,1.9922895431518555,1.0104641914367676,0.5068955743279012,1.9659454822540283,0.9436385631561279,1.1474764347076416,0.018679317086935043,0.01795090160619808,2.2064580723110536,2.4154662241926417e-05,-0.006352183409035206,0.0006050210795365274,1.9659454822540283,1.7258449792861938,2.023040294647217,1.322844386100769,1.0413585901260376,1.2433059215545654,1.264162540435791,0.6826968193054199,0.0016615412896499038,0.12476907670497894,0.0
4500,4500,22.5,0.1125,joint,4500,Sprime,True,True,True,2278,2222,0.05695,11.11,1.604036808013916,1.9117314097881317,1.7286034072520302,2.0862752872053534,0.001,0.001,20.286053646355867,1.994584321975708,1.9921132326126099,1.0104864835739136,0.5069291883063973,1.9657245874404907,0.9436385631561279,1.1420685052871704,0.018454141914844513,0.017776446009541126,2.194093097936607,4.3463896872708574e-05,-0.006262835115194321,0.0005497577367350459,1.9657245874404907,1.7230995893478394,2.0205249786376953,1.322727084159851,1.0450507402420044,1.2430076599121094,1.2765015363693237,0.6771985292434692,0.0017319166800007224,0.12458602339029312,0.0
5000,5000,25.0,0.125,joint,5000,S,True,True,True,2532,2468,0.0633,12.34,2.388333797454834,1.8656934210062026,1.7045948446735621,2.0320309754309616,0.001,0.001,22.514623191207647,1.994584321975708,1.9919309616088867,1.0105088949203491,0.5069636245520596,1.9654974937438965,0.9436385631561279,1.137048602104187,0.018261553719639778,0.017629718204939457,2.182666292733937,5.908088496653363e-05,-0.006177276372909546,0.0004895229358226061,1.9654974937438965,1.72052800655365,2.018209218978882,1.3226126432418823,1.0471440553665161,1.2427024841308594,1.2854589223861694,0.6734454035758972,0.0017809595447033644,0.1248653307557106,0.0
5500,5500,27.5,0.1375,joint,5500,S,True,True,True,2789,2711,0.069725,13.555,2.243568181991577,1.8785823229551315,1.716305516341317,2.050208410608425,0.001,0.001,24.755786458030343,1.994584321975708,1.9917360544204712,1.0105299949645996,0.5069990153820846,1.96526038646698,0.9436385631561279,1.131930947303772,0.018247460946440697,0.017655890861589696,2.1710554676773923,7.555542106274515e-05,-0.006113815121352673,0.00040475043351761997,1.96526038646698,1.717963695526123,2.015798807144165,1.3224936723709106,1.0502768754959106,1.2427034378051758,1.2973718643188477,0.6680600047111511,0.0018407132010906935,0.12526847422122955,0.0
6000,6000,30.0,0.15,joint,6000,Sprime,True,True,True,3033,2967,0.075825,14.835,4.75166130065918,1.9411665953099728,1.7423916812680784,2.1306239352561533,0.001,0.001,26.985261652618647,1.994584321975708,1.9915485382080078,1.010548710823059,0.5070322738026235,1.9650354385375977,0.9436385631561279,1.1263961791992188,0.018205976113677025,0.017658977123600334,2.1585591752574564,9.153485007118434e-05,-0.006045825779438019,0.00033700483618304133,1.9650354385375977,1.7151875495910645,2.013251304626465,1.3223834037780762,1.0519413948059082,1.2422343492507935,1.3093854188919067,0.6621860861778259,0.0018963319016620517,0.12546636164188385,0.0
6500,6500,32.5,0.1625,joint,6500,S,True,True,True,3281,3219,0.082025,16.095,1.3717422485351562,1.8988703622221947,1.744212621762868,2.0510732179123257,0.001,0.001,29.211731454357505,1.994584321975708,1.9913526773452759,1.0105688571929932,0.5070673166716518,1.9647992849349976,0.9436385631561279,1.1213560104370117,0.01821616105735302,0.01770851972289374,2.147229382971238,0.00010902223584707826,-0.00598897784948349,0.00027193184359930456,1.9647992849349976,1.7126632928848267,2.010849714279175,1.3222651481628418,1.053971767425537,1.241513967514038,1.3187912702560425,0.6569404602050781,0.0019499106565490365,0.1256212741136551,0.0
7000,7000,35.0,0.175,joint,7000,Sprime,True,True,True,3550,3450,0.08875,17.25,3.647800922393799,1.8297592178881168,1.6671531259681212,2.0191143638901896,0.001,0.001,31.442628970369697,1.994584321975708,1.991163969039917,1.0105923414230347,0.5071031283176999,1.9645636081695557,0.9436385631561279,1.1163250207901,0.018162155523896217,0.017695760038727745,2.1359755621308305,0.00012551764666568488,-0.005932165775448084,0.00021444720914587379,1.9645636081695557,1.7100696563720703,2.008507251739502,1.322139024734497,1.0559195280075073,1.2397617101669312,1.3302463293075562,0.6522138714790344,0.002002035267651081,0.12568356096744537,0.0
7500,7500,37.5,0.1875,joint,7500,S,True,True,True,3797,3703,0.094925,18.515,1.9534735679626465,1.86051058614254,1.6697613485911598,2.046736126360686,0.001,0.001,33.66873532347381,1.994584321975708,1.9909616708755493,1.0106114149093628,0.5071384619313779,1.9643231630325317,0.9436385631561279,1.111192226409912,0.017941255122423172,0.017520858581767714,2.124558124638443,0.00014162759180180728,-0.005889959633350372,0.00017382821533828974,1.9643231630325317,1.7074800729751587,2.0061771869659424,1.3220187425613403,1.0588274002075195,1.2407759428024292,1.3408764600753784,0.6479842066764832,0.002051529474556446,0.12575791776180267,0.0
8000,8000,40.0,0.2,joint,8000,S,True,True,True,4039,3961,0.100975,19.805,1.6738985776901245,1.907647348165512,1.7126326074531255,2.0905681514693786,0.001,0.001,35.91242180764675,1.994584321975708,1.9907597303390503,1.010634183883667,0.5071756094289503,1.9640756845474243,0.9436385631561279,1.106148362159729,0.017865896224975586,0.0174869986454763,2.1133795564881694,0.000161245625349693,-0.005811421666294336,0.00015113629342522472,1.9640756845474243,1.7048794031143188,2.0038421154022217,1.321889042854309,1.0623750686645508,1.2397056818008423,1.35194993019104,0.6438167691230774,0.0021087529603391886,0.12631288170814514,0.0
8500,8500,42.5,0.2125,joint,8500,S,True,True,True,4302,4198,0.10755,20.99,1.7798315286636353,1.8642063069343566,1.666406374070581,2.0837058104920487,0.001,0.001,38.14105459861457,1.994584321975708,1.9905667304992676,1.010656714439392,0.5072115032633617,1.9638376235961914,0.9436385631561279,1.1012014150619507,0.017947472631931305,0.017606258703827416,2.1024540708620565,0.00017691483662929386,-0.0057172756642103195,0.00011886395805049688,1.9638376235961914,1.7023826837539673,2.001518964767456,1.3217700719833374,1.0651044845581055,1.2401864528656006,1.3604378700256348,0.6413894891738892,0.0021565675269812346,0.12567657232284546,0.0
9000,9000,45.0,0.225,joint,9000,Sprime,True,True,True,4558,4442,0.11395,22.21,2.4749603271484375,1.8442029686272143,1.6751913377665915,2.0215266469072124,0.001,0.001,40.373819226399064,1.994584321975708,1.9903639554977417,1.010681390762329,0.5072497243130337,1.9635854959487915,0.9436385631561279,1.0963929891586304,0.01801024004817009,0.0177065331196505,2.0918825870583726,0.00018652796279639006,-0.005673109088093042,4.120120865991339e-05,1.9635854959487915,1.6999237537384033,1.99932062625885,1.3216418027877808,1.0668730735778809,1.241234540939331,1.3664253950119019,0.6375634074211121,0.0022020647302269936,0.12602952122688293,0.0
9500,9500,47.5,0.2375,joint,9500,Sprime,True,True,True,4782,4718,0.11955,23.59,2.5824687480926514,1.8396235128939151,1.6031463450220014,2.031547011456628,0.001,0.001,42.611768543720245,1.994584321975708,1.9901714324951172,1.010702133178711,0.5072846694921713,1.9633514881134033,0.9436385631561279,1.0915875434875488,0.017906352877616882,0.017643104762859334,2.0813758280257875,0.00020629643404390663,-0.00560595141723752,-2.4731349185458384e-05,1.9633514881134033,1.6975228786468506,1.9970241785049438,1.3215289115905762,1.0714192390441895,1.241639256477356,1.3802411556243896,0.6325240731239319,0.0022609736770391464,0.1263190060853958,0.0
10000,10000,50.0,0.25,joint,10000,S,True,True,True,5020,4980,0.1255,24.9,1.2915284633636475,1.8663687960356474,1.720840773819124,1.9985660070567641,0.001,0.001,44.848797710612416,1.994584321975708,1.9899847507476807,1.0107282400131226,0.5073215672620023,1.9631125926971436,0.9436385631561279,1.0865167379379272,0.017839962616562843,0.017618660583021164,2.0703358311623155,0.00022321824508253485,-0.005542312748730183,-0.00011114940571133047,1.9631125926971436,1.6949374675750732,1.9946664571762085,1.3214114904403687,1.075714349746704,1.2414308786392212,1.3933842182159424,0.6289669871330261,0.00231279619038105,0.12648120522499084,0.0
10500,10500,52.5,0.2625,joint,10500,S,True,True,True,5281,5219,0.132025,26.095,1.2690150737762451,1.7943157975375652,1.6446674676804707,1.9577392874651873,0.001,0.001,47.07832511141896,1.994584321975708,1.989801287651062,1.0107507705688477,0.5073562641163473,1.9628840684890747,0.9436385631561279,1.0816655158996582,0.017785625532269478,0.01760434259504879,2.0598213692106873,0.00023561553098261356,-0.005484435241669416,-0.00015845651796553284,1.9628840684890747,1.692417025566101,1.992407202720642,1.3212864398956299,1.0779047012329102,1.24138605594635,1.4029896259307861,0.624622106552124,0.002379916375502944,0.1269746720790863,0.0
11000,11000,55.0,0.275,joint,11000,Sprime,True,True,True,5532,5468,0.1383,27.34,0.7675291299819946,1.8347052077651025,1.6796829746776367,1.9909725993512624,0.001,0.001,49.314892238005996,1.994584321975708,1.989589810371399,1.010770559310913,0.5073931610114146,1.9626330137252808,0.9436385631561279,1.0775206089019775,0.017789095640182495,0.017641610815410862,2.050871496636459,0.000253223319305107,-0.005435720086097717,-0.00019995307957287878,1.9626330137252808,1.6902731657028198,1.9904203414916992,1.3211593627929688,1.0788538455963135,1.2405974864959717,1.4056671857833862,0.6209109425544739,0.002415885915979743,0.12734904885292053,0.0
11500,11500,57.5,0.2875,joint,11500,S,True,True,True,5779,5721,0.144475,28.605,0.8627687096595764,1.8383806480169296,1.7120305983885098,1.961734253780644,0.001,0.001,51.55994641594589,1.994584321975708,1.9893999099731445,1.0107862949371338,0.5074252767736879,1.962411642074585,0.9436385631561279,1.0725712776184082,0.01762942597270012,0.0175235563655448,2.040241290127092,0.00027050712378695607,-0.00538124144077301,-0.00023992365458980203,1.962411642074585,1.6877682209014893,1.9880794286727905,1.3210433721542358,1.0819746255874634,1.241246223449707,1.4150707721710205,0.6181049346923828,0.0024556757416576147,0.12750621140003204,0.0
12000,12000,60.0,0.3,joint,12000,S,True,True,True,6030,5970,0.15075,29.85,0.7197501063346863,1.8349413488507271,1.6682394516183086,2.0029822171452536,0.001,0.001,53.79456000775099,1.994584321975708,1.9892183542251587,1.0108087062835693,0.5074596838143018,1.962185263633728,0.9436385631561279,1.0674502849578857,0.017707351595163345,0.017643183115187172,2.0292767481310037,0.00028699770336970687,-0.005331628490239382,-0.0002741729549597949,1.962185263633728,1.6851553916931152,1.9857208728790283,1.320919394493103,1.0848652124404907,1.2402260303497314,1.4212287664413452,0.6145142912864685,0.0025127308908849955,0.1278855949640274,0.0
12500,12500,62.5,0.3125,joint,12500,S,True,True,True,6289,6211,0.157225,31.055,1.678825855255127,1.8742524299621581,1.6990397229618088,2.0625515632114966,0.001,0.001,56.03591374307871,1.994584321975708,1.9890265464782715,1.0108336210250854,0.5074966597822044,1.9619436264038086,0.9436385631561279,1.0626206398010254,0.017684966325759888,0.017660877301593856,2.0189908459386157,0.00030656097806058824,-0.005265519488602877,-0.0003011201915796846,1.9619436264038086,1.6826870441436768,1.9835448265075684,1.3207917213439941,1.0850491523742676,1.2391175031661987,1.4219084978103638,0.6113517880439758,0.002548589138314128,0.1280396729707718,0.0
13000,13000,65.0,0.325,joint,13000,S,True,True,True,6529,6471,0.163225,32.355,0.461933970451355,1.9245983574688434,1.778351690992713,2.059595280369887,0.001,0.001,58.26986606232822,1.994584321975708,1.98882257938385,1.0108520984649658,0.5075319599221558,1.9617027044296265,0.9436385631561279,1.0575408935546875,0.017532674595713615,0.017550793126020862,2.00823169005885,0.0003264492843300104,-0.0052275145426392555,-0.00032096452196128666,1.9617027044296265,1.680163025856018,1.9812555313110352,1.3206706047058105,1.0889551639556885,1.2380874156951904,1.4320619106292725,0.6060536503791809,0.0026209575589746237,0.12883928418159485,0.0
13500,13500,67.5,0.3375,joint,13500,Sprime,True,True,True,6781,6719,0.169525,33.595,1.270735502243042,1.8023968671560286,1.6736101478574767,1.9332607916045574,0.001,0.001,60.572067242115736,1.994584321975708,1.9886276721954346,1.0108673572540283,0.5075644927035421,1.961477279663086,0.9436385631561279,1.0526790618896484,0.017630508169531822,0.017689436457932892,1.9979652755796,0.0003421249857638031,-0.005156233906745911,-0.00036611745599657297,1.961477279663086,1.6776905059814453,1.9789166450500488,1.3205560445785522,1.0926107168197632,1.2373878955841064,1.4403384923934937,0.6034262180328369,0.00267719360999763,0.12922169268131256,0.0
14000,14000,70.0,0.35,joint,14000,Sprime,True,True,True,7037,6963,0.175925,34.815,0.7937870621681213,1.7787573972940445,1.6868233369896188,1.8752128048265566,0.001,0.001,63.441590486094356,1.994584321975708,1.9884364604949951,1.0108882188796997,0.5075993715744104,1.9612443447113037,0.9436385631561279,1.0480761528015137,0.017483500763773918,0.01758041556896024,1.9883060143486697,0.00035619945265352726,-0.005080871749669313,-0.00041105697164312005,1.9612443447113037,1.6753278970718384,1.976731538772583,1.3204425573349,1.0952816009521484,1.2380728721618652,1.446076512336731,0.601394772529602,0.002714555012062192,0.1291843056678772,0.0
14500,14500,72.5,0.3625,joint,14500,Sprime,True,True,True,7279,7221,0.181975,36.105,1.069502353668213,1.8254978732764722,1.7339550198848583,1.911363650488761,0.001,0.001,66.32822551950812,1.994584321975708,1.9882405996322632,1.0109094381332397,0.5076350280660392,1.9610060453414917,0.9436385631561279,1.0435599088668823,0.017467431724071503,0.017602223091797906,1.9788607989275473,0.00037782525760121644,-0.0050339410081505775,-0.00043846387416124344,1.9610060453414917,1.6730209589004517,1.9746174812316895,1.3203154802322388,1.097441554069519,1.2376266717910767,1.4498013257980347,0.5962579250335693,0.002772355219349265,0.12971952557563782,0.0
15000,15000,75.0,0.375,joint,15000,Sprime,True,True,True,7523,7477,0.188075,37.385,4.373928546905518,1.8091345155835152,1.68118667040692,1.9310848055174574,0.001,0.001,69.19838773086667,1.994584321975708,1.9880518913269043,1.0109343528747559,0.5076716318618544,1.9607675075531006,0.9436385631561279,1.0388551950454712,0.017475351691246033,0.017650035222078017,1.9690630783148602,0.00039166698115877807,-0.00499628996476531,-0.0004788408987224102,1.9607675075531006,1.6706702709197998,1.9724329710006714,1.3202086687088013,1.098591923713684,1.2368433475494385,1.453574776649475,0.5936160683631897,0.002807264681905508,0.1296018660068512,0.0
15500,15500,77.5,0.3875,joint,15500,Sprime,True,True,True,7772,7728,0.1943,38.64,3.6345791816711426,1.8160438260734082,1.6421557681029102,1.9885463218290018,0.001,0.001,72.06935101002455,1.994584321975708,1.987854242324829,1.0109562873840332,0.5077078853354255,1.9605259895324707,0.9436385631561279,1.0338290929794312,0.01735493540763855,0.017570971995334268,1.9586539438000283,0.0004057450278196484,-0.0049633788876235485,-0.0005471398471854627,1.9605259895324707,1.6681170463562012,1.9701597690582275,1.3200796842575073,1.1012576818466187,1.2355821132659912,1.4589368104934692,0.5884829759597778,0.002871394855901599,0.12990118563175201,0.0
16000,16000,80.0,0.4,joint,16000,Sprime,True,True,True,8036,7964,0.2009,39.82,2.5183773040771484,1.81594620770216,1.660462643612515,1.9898769743109153,0.001,0.001,74.93977971933782,1.994584321975708,1.987668752670288,1.0109773874282837,0.5077421715389369,1.9602982997894287,0.9436385631561279,1.0287561416625977,0.01734517142176628,0.017604331399550373,1.9481912269405754,0.0004210693296045065,-0.0048949443735182285,-0.0005902945413254201,1.9602982997894287,1.665519118309021,1.967782735824585,1.3199646472930908,1.1037217378616333,1.2346670627593994,1.462148666381836,0.5849586725234985,0.002908471040427685,0.13010552525520325,0.0
16500,16500,82.5,0.4125,joint,16500,S,True,True,True,8271,8229,0.206775,41.145,1.933234691619873,1.913041756927967,1.712780760450566,2.0906316972003793,0.001,0.001,77.81360126659274,1.994584321975708,1.9874495267868042,1.0109987258911133,0.5077808914366045,1.9600363969802856,0.9436385631561279,1.0240745544433594,0.01735364831984043,0.017653148074754717,1.9385801327137093,0.00043753726640716195,-0.004844328388571739,-0.000623139669187367,1.9600363969802856,1.6631463766098022,1.9655439853668213,1.3198248147964478,1.1055432558059692,1.23395836353302,1.4626548290252686,0.5811635255813599,0.0029630486387759447,0.13038067519664764,0.0
17000,17000,85.0,0.425,joint,17000,Sprime,True,True,True,8517,8483,0.212925,42.415,1.2006983757019043,1.840502223789692,1.6911250576982653,1.9851745972483177,0.001,0.001,80.71594607830048,1.994584321975708,1.9872517585754395,1.011017084121704,0.5078153785944496,1.9598019123077393,0.9436385631561279,1.01937997341156,0.017184974625706673,0.017521771251255456,1.9289986213621422,0.00045060995034873486,-0.0047967382706701756,-0.0006693588802590966,1.9598019123077393,1.6607722043991089,1.9633703231811523,1.3197073936462402,1.1070176362991333,1.2343515157699585,1.4647432565689087,0.5785121321678162,0.0030085754115134478,0.13029305636882782,0.0
17500,17500,87.5,0.4375,joint,17500,Sprime,True,True,True,8765,8735,0.219125,43.675,3.134918689727783,1.8189097279906272,1.6384639193213755,1.9964913174746528,0.001,0.001,83.59564542770386,1.994584321975708,1.9870425462722778,1.011032223701477,0.5078497161302802,1.9595624208450317,0.9436385631561279,1.0150851011276245,0.016988685354590416,0.01735824068291283,1.9202742695464867,0.00046586216194555163,-0.004733457695692778,-0.0007225009612739086,1.9595624208450317,1.6585551500320435,1.961280107498169,1.3195830583572388,1.1081303358078003,1.232571005821228,1.4648573398590088,0.5759698152542114,0.003055132459849119,0.1300119310617447,0.0
18000,18000,90.0,0.45,joint,18000,S,True,True,True,9026,8974,0.22565,44.87,2.100769519805908,1.7544748144745828,1.613482490695756,1.9084455111535523,0.001,0.001,86.46953695081174,1.994584321975708,1.9868419170379639,1.0110478401184082,0.507883201200978,1.9593305587768555,0.9436385631561279,1.0109596252441406,0.016872582957148552,0.01727475218969914,1.9119237336378432,0.0004844430659431964,-0.004680850077420473,-0.0007721069268882275,1.9593305587768555,1.656465768814087,1.9593791961669922,1.319463849067688,1.1077189445495605,1.2332022190093994,1.4612677097320557,0.5742655396461487,0.003088927362114191,0.13026297092437744,0.0
18500,18500,92.5,0.4625,joint,18500,S,True,True,True,9294,9206,0.23235,46.03,3.538411855697632,1.8262631703019143,1.712452932858645,1.9577336170036217,0.001,0.001,89.37063471414149,1.994584321975708,1.9866350889205933,1.0110722780227661,0.5079219149309835,1.959074854850769,0.9436385631561279,1.0062953233718872,0.016814831644296646,0.01725547647136785,1.9025185385890406,0.0005002402467653155,-0.004613082855939865,-0.0008276464068330824,1.959074854850769,1.6540695428848267,1.9572491645812988,1.3193391561508179,1.1092642545700073,1.2325626611709595,1.4607434272766113,0.5728685855865479,0.0031461487524211407,0.13040441274642944,0.0
19000,19000,95.0,0.475,joint,19000,Sprime,True,True,True,9575,9425,0.239375,47.125,1.7413649559020996,1.829808899179101,1.7087699345899647,1.9851146026016915,0.001,0.001,92.29893912933767,1.994584321975708,1.9864343404769897,1.0110927820205688,0.5079578804004604,1.95883309841156,0.9436385631561279,1.0017756223678589,0.01684276945888996,0.017323092892244037,1.893440777679782,0.0005137768457643688,-0.004545724019408226,-0.0008594763348810375,1.95883309841156,1.6518101692199707,1.9551496505737305,1.3192111253738403,1.109267234802246,1.2324196100234985,1.4576084613800049,0.5714581608772278,0.0031927565578371286,0.13039840757846832,0.0
19500,19500,97.5,0.4875,joint,19500,S,True,True,True,9836,9664,0.2459,48.32,1.1989364624023438,1.7517259063720703,1.6241863033095538,1.8910055565784167,0.001,0.001,95.17417303472757,1.994584321975708,1.986243486404419,1.0111128091812134,0.5079923459600794,1.9586021900177002,0.9436385631561279,0.9972959756851196,0.016714906319975853,0.017230150595119405,1.8844942248065253,0.0005298797623254359,-0.004491619765758514,-0.0009220752399414778,1.9586021900177002,1.649491786956787,1.9530173540115356,1.3190914392471313,1.1116634607315063,1.2316741943359375,1.4570399522781372,0.5681807398796082,0.0032554971985518932,0.1305733323097229,0.0
20000,20000,100.0,0.5,joint,20000,S,True,True,True,10079,9921,0.251975,49.605,1.7170330286026,1.7770915126651525,1.5733137372651218,1.969768553218489,0.001,0.001,97.40541543997824,1.994584321975708,1.9860509634017944,1.0111342668533325,0.5080277481951132,1.9583667516708374,0.9436385631561279,0.9929159283638,0.01677476055920124,0.01732994764347744,1.8757729934902714,0.0005494952783919871,-0.004433822352439165,-0.0009495284757576883,1.9583667516708374,1.6472852230072021,1.9508845806121826,1.3189716339111328,1.114195704460144,1.2325761318206787,1.4595706462860107,0.5657443404197693,0.003298704046756029,0.13048464059829712,0.0
20500,20500,102.5,0.5125,joint,20500,Sprime,True,True,True,10319,10181,0.257975,50.905,2.7671267986297607,1.8156068133413792,1.5966385687390963,2.0177313468204097,0.001,0.001,99.63894339837134,1.994584321975708,1.9858530759811401,1.0111509561538696,0.508061445365842,1.9581354856491089,0.9436385631561279,0.9882996678352356,0.016722721979022026,0.01731648753099084,1.8666306724578232,0.0005648621590808034,-0.00435704505071044,-0.000993601861409843,1.9581354856491089,1.6449388265609741,1.9487591981887817,1.3188586235046387,1.1144808530807495,1.2330541610717773,1.4583078622817993,0.5650365948677063,0.0033220986369997263,0.13010190427303314,0.0
21000,21000,105.0,0.525,joint,21000,Sprime,True,True,True,10563,10437,0.264075,52.185,0.49408140778541565,1.8248939906954766,1.723030995455433,1.921982158033643,0.001,0.001,101.87110224366188,1.994584321975708,1.985647201538086,1.0111722946166992,0.5080985051625562,1.9578869342803955,0.9436385631561279,0.9838680624961853,0.016766231507062912,0.01740059851782347,1.8578878892374624,0.0005833611940033734,-0.004306118469685316,-0.0010326284682378173,1.9578869342803955,1.6426808834075928,1.9466575384140015,1.3187299966812134,1.1163808107376099,1.2336828708648682,1.4564647674560547,0.5626683235168457,0.003363545285537839,0.13057971000671387,0.0
21500,21500,107.5,0.5375,joint,21500,S,True,True,True,10788,10712,0.2697,53.56,1.895776629447937,1.861517639771104,1.6828908472922113,2.0076668336174706,0.001,0.001,104.11109927110374,1.994584321975708,1.9854460954666138,1.0111931562423706,0.5081347203665179,1.9576441049575806,0.9436385631561279,0.9793624877929688,0.016757657751441002,0.01743165987461897,1.8490429821847656,0.0006023310124874115,-0.004255060572177172,-0.0010873127030208707,1.9576441049575806,1.6403687000274658,1.9445043802261353,1.3186031579971313,1.1173198223114014,1.2337502241134644,1.452398419380188,0.5612848997116089,0.003422026289626956,0.13029217720031738,0.0
22000,22000,110.0,0.55,joint,22000,Sprime,True,True,True,11053,10947,0.276325,54.735,2.568286418914795,1.694116881430149,1.5992964122655258,1.8010420913391925,0.001,0.001,106.3385284151882,1.994584321975708,1.9852429628372192,1.011210322380066,0.508169342800645,1.9574066400527954,0.9436385631561279,0.9752244353294373,0.016815152019262314,0.017528537028126092,1.8409509384641196,0.0006178089533932507,-0.004195279907435179,-0.0011287865927442908,1.9574066400527954,1.6382888555526733,1.9425727128982544,1.3184776306152344,1.1181426048278809,1.2325952053070068,1.4509963989257812,0.5587049126625061,0.003457768587395549,0.13064724206924438,0.0
22500,22500,112.5,0.5625,joint,22500,S,True,True,True,11306,11194,0.28265,55.97,1.6729270219802856,1.7923887527287006,1.6937008245071403,1.8934739585588818,0.001,0.001,108.61564569547772,1.994584321975708,1.9850423336029053,1.0112284421920776,0.5082041289318199,1.957169771194458,0.9436385631561279,0.9706326127052307,0.01660938933491707,0.017354950743450632,1.8320296630941864,0.0006277953507378697,-0.004130242858082056,-0.0011423637624830008,1.957169771194458,1.6360220909118652,1.9404511451721191,1.3183518648147583,1.1183431148529053,1.2344805002212524,1.447359561920166,0.5592092871665955,0.0035026243422180414,0.12969344854354858,0.0
23000,23000,115.0,0.575,joint,23000,Sprime,True,True,True,11548,11452,0.2887,57.26,3.76489520072937,1.8416803496778011,1.6142617071832508,2.054995510467263,0.001,0.001,111.49135943502188,1.994584321975708,1.9848253726959229,1.0112452507019043,0.5082403517898041,1.9569191932678223,0.9436385631561279,0.9666231274604797,0.01657322607934475,0.017353042221157258,1.8242646647714864,0.0006428448250517249,-0.0041092773899436,-0.0012048735516145825,1.9569191932678223,1.6340231895446777,1.9385759830474854,1.3182244300842285,1.1207307577133179,1.2340205907821655,1.447838544845581,0.5565174221992493,0.003535814117640257,0.12997391819953918,0.0
23500,23500,117.5,0.5875,joint,23500,S,True,True,True,11808,11692,0.2952,58.46,1.8979564905166626,1.7156185121238232,1.5561485671080075,1.88837761922429,0.001,0.001,114.36445040628314,1.994584321975708,1.9846347570419312,1.011269450187683,0.5082769213266006,1.956680178642273,0.9436385631561279,0.9624174237251282,0.016538266092538834,0.017354231897218995,1.8161540068743793,0.0006648366688750684,-0.004062097519636154,-0.0012492247624322772,1.956680178642273,1.6318730115890503,1.9366332292556763,1.3180959224700928,1.1198428869247437,1.2347365617752075,1.4427951574325562,0.5556276440620422,0.0035785287618637085,0.1299797147512436,0.0
24000,24000,120.0,0.6,joint,24000,Sprime,True,True,True,12058,11942,0.30145,59.71,1.6121855974197388,1.7773927698433398,1.693692525088787,1.8610930145978928,0.001,0.001,116.6026347707957,1.994584321975708,1.984433889389038,1.01129150390625,0.5083137300286225,1.956435203552246,0.9436385631561279,0.9581634402275085,0.016521623358130455,0.017375210674478548,1.8079849879872,0.0006790758925490081,-0.004008572548627853,-0.0012918694410473108,1.956435203552246,1.6297132968902588,1.9346948862075806,1.317978858947754,1.121120810508728,1.234427571296692,1.439900279045105,0.5535207390785217,0.0036153674591332674,0.1301967352628708,0.0
24500,24500,122.5,0.6125,joint,24500,Sprime,True,True,True,12298,12202,0.30745,61.01,1.710272192955017,1.8491847888827324,1.7345802681520581,1.9549735772495087,0.001,0.001,118.83724334277213,1.994584321975708,1.9842370748519897,1.0113099813461304,0.5083482269021935,1.956201434135437,0.9436385631561279,0.9537232518196106,0.016397768631577492,0.01728505351890123,1.7995040053045446,0.0006990053225308657,-0.003957211039960384,-0.0013345881598070264,1.956201434135437,1.62747061252594,1.9325950145721436,1.3178592920303345,1.1216551065444946,1.233633041381836,1.4354753494262695,0.5510558485984802,0.0036559980362653732,0.12958316504955292,0.0
25000,25000,125.0,0.625,joint,25000,Sprime,True,True,True,12549,12451,0.313725,62.255,4.15347146987915,1.7873845739662648,1.7109250732033376,1.8644582072654403,0.001,0.001,121.07454344630241,1.994584321975708,1.984039068222046,1.011331558227539,0.5083844392294103,1.9559602737426758,0.9436385631561279,0.9493041634559631,0.016370533034205437,0.017296462411838628,1.7910961439265396,0.0007162901456467807,-0.003913136199116707,-0.0013708742335438728,1.9559602737426758,1.6252444982528687,1.9305119514465332,1.3177367448806763,1.1213520765304565,1.2331889867782593,1.426513433456421,0.5499947667121887,0.003711652709171176,0.12930463254451752,0.0
25500,25500,127.5,0.6375,joint,25500,S,True,True,True,12794,12706,0.31985,63.53,1.892185926437378,1.8040485655069352,1.685538620121625,1.9179110620536057,0.001,0.001,123.31576881557703,1.994584321975708,1.9838323593139648,1.0113528966903687,0.5084216516979676,1.9557108879089355,0.9436385631561279,0.9449979662895203,0.016417814418673515,0.01738589550250149,1.7829358049061188,0.0007312271627597511,-0.0038449119310826063,-0.001418763305991888,1.9557108879089355,1.623092770576477,1.9285045862197876,1.3176085948944092,1.1239547729492188,1.23301362991333,1.4251070022583008,0.5485153198242188,0.003746907226741314,0.12920542061328888,0.0
26000,26000,130.0,0.65,joint,26000,S,True,True,True,13033,12967,0.325825,64.835,1.642092227935791,1.7507391812503337,1.6076684463847133,1.8817503139433733,0.001,0.001,125.614406356588,1.994584321975708,1.9836411476135254,1.0113731622695923,0.5084563438714071,1.9554791450500488,0.9436385631561279,0.9404646754264832,0.0164189413189888,0.017428943679109514,1.7743883803323293,0.000748717226088047,-0.0037955688312649727,-0.0014468025183305144,1.9554791450500488,1.6208605766296387,1.926389217376709,1.3174858093261719,1.1250543594360352,1.2316803932189941,1.4160205125808716,0.5467743277549744,0.003805606858804822,0.1287357360124588,0.0
26500,26500,132.5,0.6625,joint,26500,S,True,True,True,13281,13219,0.332025,66.095,2.1711349487304688,1.7600865103006362,1.5941642775170264,1.9233750568495855,0.001,0.001,128.47382099926472,1.994584321975708,1.9834413528442383,1.011391043663025,0.508490942098913,1.9552435874938965,0.9436385631561279,0.9363845586776733,0.01645756885409355,0.01750796697388214,1.7667280764601683,0.0007693463703617454,-0.0037384992465376854,-0.0014768987894058228,1.9552435874938965,1.6187705993652344,1.9244660139083862,1.3173677921295166,1.1250133514404297,1.232413649559021,1.407741904258728,0.5455102324485779,0.003864034079015255,0.12810125946998596,0.0
27000,27000,135.0,0.675,joint,27000,S,True,True,True,13527,13473,0.338175,67.365,1.3053258657455444,1.7908354886770248,1.693629600410539,1.884979774163464,0.001,0.001,130.70993174426258,1.994584321975708,1.9832326173782349,1.0114115476608276,0.5085280099736668,1.9549938440322876,0.9436385631561279,0.931916356086731,0.016400231048464775,0.017488745550433626,1.7583838974604462,0.0007869864930398762,-0.0036850078031420708,-0.0014996207319200039,1.9549938440322876,1.6165233850479126,1.9223785400390625,1.3172447681427002,1.1236566305160522,1.2317410707473755,1.3962805271148682,0.5437235832214355,0.003922739531844854,0.12846030294895172,0.0
27500,27500,137.5,0.6875,joint,27500,S,True,True,True,13793,13707,0.344825,68.535,2.661328077316284,1.8260364159345628,1.7234817660392676,1.9426156333369067,0.001,0.001,132.9416051134467,1.994584321975708,1.983035922050476,1.0114355087280273,0.5085652775297103,1.9547492265701294,0.9436385631561279,0.927198588848114,0.01623120903968811,0.017352483882735203,1.7496240567435155,0.0008014575578272343,-0.0036029487382620573,-0.001527206739410758,1.9547492265701294,1.6141446828842163,1.920222282409668,1.3171215057373047,1.1249358654022217,1.2307745218276978,1.3885492086410522,0.5419624447822571,0.003967690747231245,0.1281193643808365,0.0
28000,28000,140.0,0.7,joint,28000,S,True,True,True,14064,13936,0.3516,69.68,0.9564687609672546,1.7225446828603745,1.6227680047719681,1.8406210136986196,0.001,0.001,135.17901063524187,1.994584321975708,1.9828362464904785,1.0114587545394897,0.5086025725921864,1.954503059387207,0.9436385631561279,0.9229233860969543,0.016231520101428032,0.017392961203093044,1.7417143899904233,0.0008176283445209265,-0.0035664367023855448,-0.0015944100450724363,1.954503059387207,1.612005591392517,1.9182310104370117,1.3169944286346436,1.1262856721878052,1.2300105094909668,1.3853360414505005,0.5392153859138489,0.003992646001279354,0.12768763303756714,0.0
28500,28500,142.5,0.7125,joint,28500,Sprime,True,True,True,14319,14181,0.357975,70.905,1.0905529260635376,1.7275252828747034,1.6065394793071,1.8534492825062907,0.001,0.001,137.41294935904443,1.994584321975708,1.9826314449310303,1.0114755630493164,0.508637293127631,1.9542646408081055,0.9436385631561279,0.918787956237793,0.01628393866121769,0.017488355406422882,1.7340947130863376,0.0008349576964974403,-0.0034922317136079073,-0.0016305790049955249,1.9542646408081055,1.6099131107330322,1.916250228881836,1.3168830871582031,1.1263322830200195,1.230074167251587,1.377429723739624,0.5380620360374451,0.004035451449453831,0.12772195041179657,0.0
29000,29000,145.0,0.725,joint,29000,S,True,True,True,14565,14435,0.364125,72.175,1.6365810632705688,1.7231771252155303,1.5813525732212919,1.8605347621863282,0.001,0.001,139.67189685441554,1.994584321975708,1.9824175834655762,1.0114927291870117,0.5086733608028399,1.9540164470672607,0.9436385631561279,0.9148532748222351,0.016295451670885086,0.017538313897566778,1.7268791688380134,0.0008486516890116036,-0.003426832379773259,-0.0016800918383523822,1.9540164470672607,1.6079350709915161,1.9143760204315186,1.3167591094970703,1.1264716386795044,1.2289202213287354,1.3671847581863403,0.5368481874465942,0.004079259000718594,0.1271940916776657,0.0
29500,29500,147.5,0.7375,joint,29500,Sprime,True,True,True,14817,14683,0.370425,73.415,4.000619888305664,1.7552543302178383,1.6406116833289464,1.871746052056551,0.001,0.001,141.90819644369185,1.994584321975708,1.9822190999984741,1.01151442527771,0.5087097387679644,1.9537745714187622,0.9436385631561279,0.9108157157897949,0.016320690512657166,0.017604367709246286,1.7195062761274182,0.0008659530431032181,-0.003351399442180991,-0.001693220459856093,1.9537745714187622,1.6058900356292725,1.912523627281189,1.3166310787200928,1.127360224723816,1.228129267692566,1.3605777025222778,0.5359870195388794,0.0041018216870725155,0.12670525908470154,0.0
30000,30000,150.0,0.75,joint,30000,S,True,True,True,15082,14918,0.37705,74.59,1.796122670173645,1.7403091865777969,1.589773995021604,1.910061636630525,0.001,0.001,144.15511282905936,1.994584321975708,1.9820183515548706,1.0115339756011963,0.5087453331374387,1.953534722328186,0.9436385631561279,0.9064067006111145,0.01630714163184166,0.0176324819996064,1.7114949990516863,0.0008834224427118897,-0.0033116014674305916,-0.001704491558484733,1.953534722328186,1.60370934009552,1.9104509353637695,1.316499948501587,1.1284748315811157,1.2281482219696045,1.3521076440811157,0.5343627333641052,0.004145727958530188,0.12662197649478912,0.0
30500,30500,152.5,0.7625,joint,30500,S,True,True,True,15340,15160,0.3835,75.8,2.9733238220214844,1.7730920796990395,1.6360641625500465,1.9191796938496188,0.001,0.001,146.39832110144198,1.994584321975708,1.9818106889724731,1.0115563869476318,0.5087832589442874,1.9532822370529175,0.9436385631561279,0.9022212028503418,0.016230683773756027,0.017590470727266497,1.703929966556552,0.0009002965525723994,-0.0032568923197686672,-0.0017286139773204923,1.9532822370529175,1.6016072034835815,1.9084652662277222,1.3163648843765259,1.127619981765747,1.2281935214996338,1.3437691926956177,0.5335187315940857,0.004189721774309874,0.12615250051021576,0.0
31000,31000,155.0,0.775,joint,31000,S,True,True,True,15586,15414,0.38965,77.07,1.959557294845581,1.726842656493187,1.5250450590761697,1.922284424070298,0.001,0.001,148.67230390757322,1.994584321975708,1.9816073179244995,1.0115784406661987,0.5088204592632952,1.95303475856781,0.9436385631561279,0.8982941508293152,0.016178499907255173,0.0175721994713905,1.696862631571024,0.0009173252619802952,-0.0032038467470556498,-0.0017689772648736835,1.95303475856781,1.5996233224868774,1.906632423400879,1.3162450790405273,1.1277618408203125,1.2274351119995117,1.335111379623413,0.5317172408103943,0.00422025378793478,0.12534953653812408,0.0
31500,31500,157.5,0.7875,joint,31500,Sprime,True,True,True,15857,15643,0.396425,78.215,2.4016647338867188,1.7146602004766465,1.5739102723193785,1.8812245259378675,0.001,0.001,151.5468341000378,1.994584321975708,1.981398344039917,1.0115976333618164,0.5088569450322832,1.9527873992919922,0.9436385631561279,0.8945620656013489,0.01610209047794342,0.01752565198405849,1.690176472452794,0.0009313690825365484,-0.003163263900205493,-0.0017915188800543547,1.9527873992919922,1.597737431526184,1.9048899412155151,1.3161190748214722,1.1278064250946045,1.226000428199768,1.3285062313079834,0.5291900634765625,0.0042538633570075035,0.12448392808437347,0.0
32000,32000,160.0,0.8,joint,32000,S,True,True,True,16100,15900,0.4025,79.5,0.5712705254554749,1.7500384709239005,1.5610951819292311,1.9286891293896775,0.001,0.001,154.3777969442308,1.994584321975708,1.9811817407608032,1.0116124153137207,0.5088921970934284,1.9525412321090698,0.9436385631561279,0.890783965587616,0.015955694019794464,0.017403101915386895,1.6834406428800541,0.0009464498143643141,-0.003131876001134515,-0.0018367693992331624,1.9525412321090698,1.5958445072174072,1.9031997919082642,1.3159877061843872,1.1276540756225586,1.2258445024490356,1.3145074844360352,0.5277300477027893,0.004308047704398632,0.12377043068408966,0.0
32500,32500,162.5,0.8125,joint,32500,S,True,True,True,16364,16136,0.4091,80.68,0.8466094136238098,1.8580646538734436,1.691754665790182,2.044106335458109,0.001,0.001,156.61584887839854,1.994584321975708,1.9809519052505493,1.0116313695907593,0.5089312532890607,1.9522734880447388,0.9436385631561279,0.887008547782898,0.01600981131196022,0.01749925140886351,1.676725273598798,0.0009610986453481019,-0.0030731195583939552,-0.0018776744836941361,1.9522734880447388,1.5939198732376099,1.9013668298721313,1.3158460855484009,1.1283376216888428,1.2262219190597534,1.3057677745819092,0.5278298854827881,0.004356041084975004,0.12345438450574875,0.0
33000,33000,165.0,0.825,joint,33000,S,True,True,True,16621,16379,0.415525,81.895,1.602879285812378,1.7936438687741756,1.5933921326111262,2.005432742000117,0.001,0.001,158.85295742750168,1.994584321975708,1.980732798576355,1.0116533041000366,0.5089704366605665,1.9520105123519897,0.9436385631561279,0.88301020860672,0.015960555523633957,0.01748486569496383,1.6696512877137988,0.0009753459016792476,-0.0030164397321641445,-0.001903628115542233,1.9520105123519897,1.591967225074768,1.899451494216919,1.3157166242599487,1.1291483640670776,1.2260361909866333,1.2987695932388306,0.5278792381286621,0.004375861492007971,0.12284162640571594,0.0
33500,33500,167.5,0.8375,joint,33500,Sprime,True,True,True,16874,16626,0.42185,83.13,1.2997019290924072,1.7663697687983513,1.6212692689518684,1.9149949771431294,0.001,0.001,161.0865168031305,1.994584321975708,1.9805173873901367,1.0116692781448364,0.5090061521199868,1.9517631530761719,0.9436385631561279,0.8792933225631714,0.0159342922270298,0.0174929497975673,1.6631026816419903,0.0009923590114340186,-0.002969741355627775,-0.0019282500725239515,1.9517631530761719,1.590090274810791,1.8977086544036865,1.3155877590179443,1.1301180124282837,1.2255570888519287,1.2939064502716064,0.5268567204475403,0.004401106853038073,0.12253226339817047,0.0
34000,34000,170.0,0.85,joint,34000,S,True,True,True,17118,16882,0.42795,84.41,1.1081467866897583,1.7575147796571255,1.5885346186209897,1.9185739956446923,0.001,0.001,163.32256760634482,1.994584321975708,1.9802953004837036,1.0116827487945557,0.509041471361485,1.9515141248703003,0.9436385631561279,0.8759585618972778,0.01593007706105709,0.01752157957685626,1.6572496053261663,0.0010121003724634647,-0.0029213179368525743,-0.0019536251202225685,1.9515141248703003,1.5884044170379639,1.8961178064346313,1.3154479265213013,1.1308270692825317,1.225401520729065,1.2878477573394775,0.5264659523963928,0.0044284095056355,0.12208528816699982,0.0
34500,34500,172.5,0.8625,joint,34500,S,True,True,True,17376,17124,0.4344,85.62,1.8080501556396484,1.7708756744116545,1.5743175671948482,1.9804293589651092,0.001,0.001,165.56143863871694,1.994584321975708,1.9800792932510376,1.0116995573043823,0.5090776942044429,1.951264500617981,0.9436385631561279,0.8720128536224365,0.015918146818876266,0.017548024110345707,1.650353379961812,0.0010279774433001876,-0.0028686649166047573,-0.001983076333999634,1.951264500617981,1.586439847946167,1.8942975997924805,1.3153249025344849,1.131514549255371,1.2245683670043945,1.2773603200912476,0.5263559222221375,0.004463078919798136,0.12065700441598892,0.0
35000,35000,175.0,0.875,joint,35000,Sprime,True,True,True,17605,17395,0.440125,86.975,0.5655238032341003,1.7613699828088283,1.594869297339406,1.9020661339988567,0.001,0.001,167.80033256299794,1.994584321975708,1.9798632860183716,1.0117188692092896,0.509115182267403,1.9510098695755005,0.9436385631561279,0.8683912754058838,0.015963032841682434,0.01763416260295062,1.6440475082414099,0.0010502252262085676,-0.0028286809101700783,-0.0020205292385071516,1.9510098695755005,1.5845855474472046,1.8925557136535645,1.3151915073394775,1.1315709352493286,1.2242686748504639,1.2691845893859863,0.5256564021110535,0.004505097400397062,0.12051397562026978,0.0
35500,35500,177.5,0.8875,joint,35500,Sprime,True,True,True,17853,17647,0.446325,88.235,1.0006781816482544,1.670912241399288,1.481370480070191,1.8574454033422092,0.001,0.001,170.11390073411167,1.994584321975708,1.9796639680862427,1.011740803718567,0.509151849566635,1.950766682624817,0.9436385631561279,0.8646720051765442,0.015834180638194084,0.017529400176515664,1.6376099718584214,0.0010676274541765451,-0.0027864950243383646,-0.002050011418759823,1.950766682624817,1.5827008485794067,1.8908591270446777,1.3150746822357178,1.1313917636871338,1.2238729000091553,1.2620033025741577,0.5257595181465149,0.004541757050901651,0.11986706405878067,0.0
36000,36000,180.0,0.9,joint,36000,S,True,True,True,18074,17926,0.45185,89.63,1.468555212020874,1.7217482002973556,1.5829886727338462,1.831661661198917,0.001,0.001,173.00078980252147,1.994584321975708,1.9794690608978271,1.0117619037628174,0.5091875345896146,1.9505295753479004,0.9436385631561279,0.8608887791633606,0.015832951292395592,0.017566510991687864,1.6310818632714883,0.0010878819739446044,-0.0027418413665145636,-0.002090141410008073,1.9505295753479004,1.580831527709961,1.8890941143035889,1.3149508237838745,1.1320552825927734,1.2233561277389526,1.2531261444091797,0.5251075625419617,0.004571216180920601,0.11841747909784317,0.0
36500,36500,182.5,0.9125,joint,36500,S,True,True,True,18328,18172,0.4582,90.86,1.1777458190917969,1.7253075062334537,1.6261444098250133,1.827695418785258,0.001,0.001,175.88228434883058,1.994584321975708,1.9792671203613281,1.0117833614349365,0.5092243091170375,1.950284719467163,0.9436385631561279,0.8567643761634827,0.015988098457455635,0.017781290346401676,1.6239876955535926,0.0011042819824069738,-0.0026939604431390762,-0.002103023463860154,1.950284719467163,1.5787521600723267,1.8871954679489136,1.3148181438446045,1.13260817527771,1.2219133377075195,1.238053321838379,0.5240464806556702,0.0046181445941329,0.11655234545469284,0.0
37000,37000,185.0,0.925,joint,37000,Sprime,True,True,True,18565,18435,0.464125,92.175,0.614653468132019,1.7167121506929397,1.5375330648090266,1.8781777147784433,0.001,0.001,178.76570935547352,1.994584321975708,1.9790431261062622,1.0117967128753662,0.509259846174732,1.9500340223312378,0.9436385631561279,0.8535536527633667,0.015910200774669647,0.017727904650626177,1.6185013070436671,0.001119737746194005,-0.002639125334098935,-0.0021487530320882797,1.9500340223312378,1.577080488204956,1.8857158422470093,1.3146880865097046,1.1326810121536255,1.22117280960083,1.2282871007919312,0.5229355692863464,0.004649054724723101,0.11571934074163437,0.0
37500,37500,187.5,0.9375,joint,37500,S,True,True,True,18817,18683,0.470425,93.415,1.4334673881530762,1.755963972836733,1.6103082691866255,1.903968962029584,0.001,0.001,181.6489799823612,1.994584321975708,1.9788302183151245,1.011818289756775,0.5092981024820546,1.9497779607772827,0.9436385631561279,0.8498328924179077,0.015874700620770454,0.017727028187875114,1.6121656706711505,0.0011365560349076986,-0.002576060825958848,-0.0021762484684586525,1.9497779607772827,1.5751776695251465,1.8840082883834839,1.3145488500595093,1.1332061290740967,1.2216163873672485,1.2218599319458008,0.5233960747718811,0.004670174792408943,0.11482184380292892,0.0
38000,38000,190.0,0.95,joint,38000,Sprime,True,True,True,19074,18926,0.47685,94.63,0.8614429831504822,1.7080749919861555,1.658896693372773,1.760086608215124,0.001,0.001,184.53708970360458,1.994584321975708,1.978621482849121,1.011837363243103,0.5093345672110503,1.949531078338623,0.9436385631561279,0.8459287881851196,0.015917692333459854,0.017816006537212412,1.6055425066972613,0.0011473966296762228,-0.0025197179056704044,-0.00220905221067369,1.949531078338623,1.5732396841049194,1.882157325744629,1.3144171237945557,1.1328866481781006,1.223106861114502,1.2082957029342651,0.5247312188148499,0.004718477837741375,0.11387698352336884,0.0
38500,38500,192.5,0.9625,joint,38500,Sprime,True,True,True,19312,19188,0.4828,95.94,2.3065080642700195,1.700983932763338,1.5049145607387318,1.879092751625385,0.001,0.001,187.41973956301808,1.994584321975708,1.9784202575683594,1.0118569135665894,0.5093703104445981,1.9492907524108887,0.9436385631561279,0.8420844674110413,0.01589556410908699,0.01783180376958493,1.5990546502136065,0.0011675767600536346,-0.0025017722509801388,-0.0022459765896201134,1.9492907524108887,1.5713165998458862,1.8804351091384888,1.314292073249817,1.1322323083877563,1.2219083309173584,1.2022058963775635,0.5242668390274048,0.004738725256174803,0.11279594898223877,0.0
39000,39000,195.0,0.975,joint,39000,Sprime,True,True,True,19543,19457,0.488575,97.285,1.5893675088882446,1.7313107265233993,1.5901707239223248,1.85251273619198,0.001,0.001,190.3107934333384,1.994584321975708,1.97821044921875,1.0118701457977295,0.5094039830307425,1.949054479598999,0.9436385631561279,0.8382943272590637,0.015791913494467735,0.017755530486777815,1.5926923479264543,0.0011857030913233757,-0.0024523211177438498,-0.0022767826449126005,1.949054479598999,1.5694061517715454,1.8786851167678833,1.31416916847229,1.132881760597229,1.2207186222076416,1.1904929876327515,0.5232038497924805,0.004779956769198179,0.11122798919677734,0.0
39500,39500,197.5,0.9875,joint,39500,S,True,True,True,19798,19702,0.49495,98.51,2.0212700366973877,1.762524671971798,1.6497474021771374,1.8799050956356282,0.001,0.001,193.1852776762098,1.994584321975708,1.9779971837997437,1.0118882656097412,0.5094405664875853,1.9488049745559692,0.9436385631561279,0.8345385789871216,0.01586325839161873,0.017875835482544743,1.5864050917596073,0.0011999052949249744,-0.002391666639596224,-0.002306143520399928,1.9488049745559692,1.5675077438354492,1.8769493103027344,1.3140430450439453,1.1324970722198486,1.2211503982543945,1.1808192729949951,0.5234630703926086,0.004810813814401627,0.11010611802339554,0.0
40000,40000,200.0,1.0,joint,40000,Sprime,True,True,True,20045,19955,0.501125,99.775,0.6149402260780334,1.6992489057779312,1.5328918526529782,1.861660732346561,0.001,0.001,196.06732593104243,1.994584321975708,1.977784276008606,1.0119078159332275,0.5094778295446192,1.9485529661178589,0.9436385631561279,0.8311972618103027,0.015876127406954765,0.017926259676078964,1.5808385230734228,0.0012175185838714242,-0.002362084574997425,-0.002338812919333577,1.9485529661178589,1.5658354759216309,1.8754136562347412,1.3139153718948364,1.1336030960083008,1.2197126150131226,1.17657470703125,0.5223506093025208,0.004834762308746576,0.10915586352348328,0.0
40500,40500,202.5,1.0125,joint,40500,Sprime,True,True,True,20297,20203,0.507425,101.015,3.4412786960601807,1.7346441561579704,1.6914474098455339,1.7785376241851238,0.001,0.001,198.94731397368014,1.994584321975708,1.977573037147522,1.0119293928146362,0.5095159034829888,1.9482985734939575,0.9436385631561279,0.8274078965187073,0.0158548466861248,0.017943178428944766,1.5745548127699924,0.0012354596983641386,-0.0022914379369467497,-0.0023747968953102827,1.9482985734939575,1.5639082193374634,1.8736259937286377,1.3137820959091187,1.1356396675109863,1.219542384147644,1.1708674430847168,0.5224398374557495,0.004867650102823973,0.10807168483734131,0.0
41000,41000,205.0,1.025,joint,41000,Sprime,True,True,True,20545,20455,0.513625,102.275,1.4048458337783813,1.7028217625021935,1.5220473911012373,1.8807266994364678,0.001,0.001,201.83963212557137,1.994584321975708,1.9773629903793335,1.011945128440857,0.5095508880617845,1.9480570554733276,0.9436385631561279,0.8238207697868347,0.015804670751094818,0.017925292209729,1.5686348233724337,0.0012551029212772846,-0.0022463523782789707,-0.002423140686005354,1.9480570554733276,1.56208336353302,1.8719656467437744,1.3136578798294067,1.1368703842163086,1.218678593635559,1.1658647060394287,0.521016001701355,0.004890289157629013,0.10659234970808029,0.0
41500,41500,207.5,1.0375,joint,41500,S,True,True,True,20805,20695,0.520125,103.475,0.7292198538780212,1.6709197821319104,1.567297956863275,1.7831767595062653,0.001,0.001,204.72185821086168,1.994584321975708,1.9771593809127808,1.0119622945785522,0.5095857685817343,1.9478191137313843,0.9436385631561279,0.8202258348464966,0.015722138807177544,0.017870720555088374,1.5627297867276495,0.0012713794130831957,-0.0022037148009985685,-0.002435983158648014,1.9478191137313843,1.5603562593460083,1.870330572128296,1.3135300874710083,1.1393643617630005,1.2191733121871948,1.1658580303192139,0.5210868120193481,0.00490529602393508,0.10603572428226471,0.0
42000,42000,210.0,1.05,joint,42000,Sprime,True,True,True,21036,20964,0.5259,104.82,1.7046548128128052,1.776407775849104,1.639600327069109,1.8938892653218875,0.001,0.001,207.60491163097322,1.994584321975708,1.9769374132156372,1.0119798183441162,0.5096232003563682,1.9475620985031128,0.9436385631561279,0.8165920972824097,0.015784692019224167,0.017981697441511783,1.5567780782151626,0.0012897038832306862,-0.0021694491151720285,-0.0024728619027882814,1.9475620985031128,1.5585675239562988,1.868603229522705,1.3133950233459473,1.141304850578308,1.2194929122924805,1.1597814559936523,0.5214952826499939,0.00494352774694562,0.10434447228908539,0.0
42500,42500,212.5,1.0625,joint,42500,Sprime,True,True,True,21275,21225,0.531875,106.125,0.9629094004631042,1.7035244853496552,1.635927591613147,1.7654235566256147,0.001,0.001,210.4928667228669,1.994584321975708,1.976710319519043,1.0119943618774414,0.5096597978628695,1.9473059177398682,0.9436385631561279,0.8133773803710938,0.015668008476495743,0.01788401033407835,1.5515455277954655,0.0013056094758212566,-0.0021289014257490635,-0.0024827078450471163,1.9473059177398682,1.5569789409637451,1.8671098947525024,1.3132643699645996,1.1413980722427368,1.218488097190857,1.1517775058746338,0.5210975408554077,0.0049764541909098625,0.10247886925935745,0.0
43000,43000,215.0,1.075,joint,43000,Sprime,True,True,True,21517,21483,0.537925,107.415,1.0936651229858398,1.6596565753519534,1.5632323004490087,1.7501010502609171,0.001,0.001,213.32402346283197,1.994584321975708,1.9764820337295532,1.0120086669921875,0.5096964348855768,1.9470490217208862,0.9436385631561279,0.8102044463157654,0.015610537491738796,0.017853267214377057,1.5463976049436357,0.001322791795246303,-0.0020814097952097654,-0.002538299886509776,1.9470490217208862,1.555408000946045,1.8656198978424072,1.3131338357925415,1.1416876316070557,1.2169605493545532,1.145600438117981,0.5192736387252808,0.005007524508982897,0.10144296288490295,0.0
43500,43500,217.5,1.0875,joint,43500,Sprime,True,True,True,21759,21741,0.543975,108.705,0.6008475422859192,1.7027475750744343,1.5299295385268108,1.864848214006701,0.001,0.001,215.59027580544353,1.994584321975708,1.9762756824493408,1.0120253562927246,0.509731449944871,1.9468092918395996,0.9436385631561279,0.806936502456665,0.01558898575603962,0.017864684021812825,1.541114223918553,0.0013423204654827714,-0.002053052419796586,-0.0025395345874130726,1.9468092918395996,1.553836464881897,1.8641029596328735,1.3130171298980713,1.1423817873001099,1.2154656648635864,1.142988681793213,0.5187703967094421,0.005041246768087149,0.100120410323143,0.0
44000,44000,220.0,1.1,joint,44000,Sprime,True,True,True,22006,21994,0.55015,109.97,0.396745890378952,1.6658273675739765,1.5448164741399317,1.7839684374483207,0.001,0.001,217.8300437144935,1.994584321975708,1.9760655164718628,1.0120456218719482,0.5097687634655863,1.9465585947036743,0.9436385631561279,0.8035616874694824,0.015475809574127197,0.01777218910981128,1.5356861220802145,0.0013590991729870439,-0.002009074902161956,-0.0025798259302973747,1.9465585947036743,1.5521266460418701,1.8625091314315796,1.3128911256790161,1.1439056396484375,1.2147818803787231,1.1385549306869507,0.5188329219818115,0.005072088912129402,0.09775953739881516,0.0
44500,44500,222.5,1.1125,joint,44500,S,True,True,True,22272,22228,0.5568,111.14,0.7639588713645935,1.6588457969129085,1.5294636992695636,1.8059211728664546,0.001,0.001,220.0689475554973,1.994584321975708,1.975845217704773,1.0120599269866943,0.5098043871608564,1.9463096857070923,0.9436385631561279,0.8006744384765625,0.015623058192431927,0.017973606450168093,1.531045134410552,0.0013743523741140962,-0.001966997515410185,-0.002611747710034251,1.9463096857070923,1.5507336854934692,1.8611092567443848,1.3127660751342773,1.145143747329712,1.213770866394043,1.1346533298492432,0.5177268981933594,0.005100523587316275,0.09684658795595169,0.0
45000,45000,225.0,1.125,joint,45000,Sprime,True,True,True,22533,22467,0.563325,112.335,1.8215001821517944,1.6948116519153118,1.610736293982272,1.786626164135075,0.001,0.001,222.30787222087383,1.994584321975708,1.9756286144256592,1.012080192565918,0.5098425422010536,1.9460525512695312,0.9436385631561279,0.7971316576004028,0.01557635236531496,0.017959651050101506,1.5253873719181106,0.001392186968587339,-0.001902304356917739,-0.0026316519360989332,1.9460525512695312,1.5489702224731445,1.859437346458435,1.312639832496643,1.1459883451461792,1.2128905057907104,1.1267790794372559,0.5172537565231323,0.005150309298187494,0.09524211287498474,0.0
45500,45500,227.5,1.1375,joint,45500,Sprime,True,True,True,22790,22710,0.56975,113.55,1.5804284811019897,1.6587387746274471,1.5005973013342586,1.8259912793037822,0.001,0.001,224.55059284344316,1.994584321975708,1.9754198789596558,1.0120952129364014,0.5098770451146467,1.945813775062561,0.9436385631561279,0.7936477661132812,0.015709206461906433,0.01815254441889042,1.5198369561966376,0.0014082788256928325,-0.0018800001125782728,-0.002666750457137823,1.945813775062561,1.5472533702850342,1.857803463935852,1.3125107288360596,1.147423505783081,1.2117480039596558,1.121602177619934,0.5165238380432129,0.005182864144444466,0.09266480058431625,0.0
46000,46000,230.0,1.15,joint,46000,Sprime,True,True,True,23029,22971,0.575725,114.855,2.973705291748047,1.7704138724207878,1.6317410314432248,1.8973978149251463,0.001,0.001,226.78872661478817,1.994584321975708,1.9751867055892944,1.0121160745620728,0.5099176504188051,1.945538878440857,0.9436385631561279,0.7903172969818115,0.01574338786303997,0.018230333402405555,1.5145594592611862,0.0014293179847300053,-0.0018549414817243814,-0.002694406546652317,1.945538878440857,1.54561448097229,1.8562157154083252,1.3123645782470703,1.1482200622558594,1.210837960243225,1.119576096534729,0.5153504014015198,0.005206379108130932,0.09138751029968262,0.0
46500,46500,232.5,1.1625,joint,46500,S,True,True,True,23260,23240,0.5815,116.2,1.1583486795425415,1.734051544159651,1.5946528294901827,1.8537582470914244,0.001,0.001,229.02765829861164,1.994584321975708,1.9749737977981567,1.012134313583374,0.5099543245232162,1.9452894926071167,0.9436385631561279,0.7867587208747864,0.01570594310760498,0.01822805779196557,1.508949669450093,0.0014459972735494375,-0.0018014186061918736,-0.0027408432215452194,1.9452894926071167,1.5438764095306396,1.8545525074005127,1.3122446537017822,1.148585319519043,1.210836410522461,1.1141465902328491,0.5157515406608582,0.005243642255663872,0.0895293653011322,0.0
47000,47000,235.0,1.175,joint,47000,S,True,True,True,23507,23493,0.587675,117.465,1.9041717052459717,1.689302240088582,1.5134224860593375,1.8610109327574493,0.001,0.001,231.27464580722153,1.994584321975708,1.9747507572174072,1.0121490955352783,0.5099905705775292,1.9450368881225586,0.9436385631561279,0.7839155197143555,0.01571284979581833,0.018269114064917612,1.504483492626978,0.0014621979789808393,-0.0017847662093117833,-0.002767078345641494,1.9450368881225586,1.5424675941467285,1.853240728378296,1.3121216297149658,1.1493290662765503,1.2099682092666626,1.1130625009536743,0.515557587146759,0.005252065137028694,0.08811802417039871,0.0
47500,47500,237.5,1.1875,joint,47500,Sprime,True,True,True,23747,23753,0.593675,118.765,1.4984976053237915,1.6483974118232727,1.4991349859784047,1.7861781126031508,0.001,0.001,233.5489701796323,1.994584321975708,1.9745522737503052,1.0121703147888184,0.5100268945114546,1.9447959661483765,0.9436385631561279,0.7804036736488342,0.015652179718017578,0.018239474973844254,1.4989936502601076,0.001482130610384047,-0.0017215070547536016,-0.002812263322994113,1.9447959661483765,1.5407383441925049,1.8516039848327637,1.3120012283325195,1.151859164237976,1.207790732383728,1.1126654148101807,0.5136603713035583,0.005272160284221172,0.08635663241147995,0.0
48000,48000,240.0,1.2,joint,48000,S,True,True,True,24011,23989,0.600275,119.945,2.3994011878967285,1.6606002372801303,1.602521687463829,1.7255694624983657,0.001,0.001,236.43374218419194,1.994584321975708,1.974338173866272,1.0121899843215942,0.5100644596662657,1.9445425271987915,0.9436385631561279,0.7771095037460327,0.015624196268618107,0.018245414553489044,1.4938646876696862,0.0014986518071964383,-0.001670653116889298,-0.0028533516451716423,1.9445425271987915,1.539095163345337,1.8500365018844604,1.3118818998336792,1.153748869895935,1.205904245376587,1.1103017330169678,0.5125701427459717,0.005279054399579763,0.08483442664146423,0.0
48500,48500,242.5,1.2125,joint,48500,S,True,True,True,24268,24232,0.6067,121.16,1.2577091455459595,1.687025004386902,1.5472316620182898,1.8348722841759277,0.001,0.001,239.3158193770796,1.994584321975708,1.9741212129592896,1.0122077465057373,0.5101014388235537,1.944290041923523,0.9436385631561279,0.7739406228065491,0.015575801953673363,0.018226100255797458,1.4889526142925507,0.001515457988716662,-0.0016331130173057318,-0.0028652288019657135,1.944290041923523,1.537508249282837,1.84857177734375,1.3117451667785645,1.1557021141052246,1.2049386501312256,1.1079119443893433,0.511986494064331,0.005309645552188158,0.082625612616539,0.0
49000,49000,245.0,1.225,joint,49000,S,True,True,True,24498,24502,0.61245,122.51,1.8116416931152344,1.6938262326419353,1.4843298390507698,1.8722861234788541,0.001,0.001,242.2056997064501,1.994584321975708,1.9739048480987549,1.012229323387146,0.5101402690836535,1.944030523300171,0.9436385631561279,0.770596444606781,0.015501205809414387,0.018178127350808006,1.4837920435528817,0.0015387347666546702,-0.0016019545728340745,-0.002883231732994318,1.944030523300171,1.535836100578308,1.8470304012298584,1.311610460281372,1.158112645149231,1.204035758972168,1.107177972793579,0.5123618841171265,0.0053272973746061325,0.08034853637218475,0.0
49500,49500,247.5,1.2375,joint,49500,Sprime,True,True,True,24740,24760,0.6185,123.8,2.3254547119140625,1.7192170723080635,1.5271172091241711,1.8994037656821021,0.001,0.001,245.09451262280345,1.994584321975708,1.9736745357513428,1.0122466087341309,0.5101787448257684,1.943765640258789,0.9436385631561279,0.7671794891357422,0.015454449690878391,0.018163611872961026,1.4785404263954443,0.0015568488743156195,-0.0015645422972738743,-0.0029048079159110785,1.943765640258789,1.5341448783874512,1.8454490900039673,1.3114761114120483,1.1596527099609375,1.2043386697769165,1.1058157682418823,0.5130546689033508,0.0053545450791716576,0.0787142962217331,0.0
50000,50000,250.0,1.25,joint,50000,Sprime,True,True,True,24982,25018,0.62455,125.09,0.9717788696289062,1.6977953790426255,1.5177390300168478,1.8666854428575022,0.001,0.001,247.97994953766465,1.994584321975708,1.9734495878219604,1.012266755104065,0.5102179753899125,1.9435003995895386,0.9436385631561279,0.764007568359375,0.015563425607979298,0.01832962261343569,1.4736768619524565,0.001575712114572525,-0.0015136458678171039,-0.0029246772173792124,1.9435003995895386,1.532571792602539,1.843945860862732,1.311340570449829,1.1614806652069092,1.2033778429031372,1.1066185235977173,0.5131356120109558,0.005367042031139135,0.07795794308185577,0.0
50500,50500,252.5,1.2625,joint,50500,Sprime,True,True,True,25239,25261,0.630975,126.305,2.380889892578125,1.6929777434170246,1.5726273819398324,1.8202618705760305,0.001,0.001,250.86422139406204,1.994584321975708,1.9732314348220825,1.0122853517532349,0.5102555523767206,1.9432450532913208,0.9436385631561279,0.7607111930847168,0.015445980243384838,0.018230674265615383,1.4686581005483768,0.001593340071849525,-0.001485940651036799,-0.0029711660463362932,1.9432450532913208,1.5309768915176392,1.8424347639083862,1.311210036277771,1.1631624698638916,1.2033134698867798,1.1038645505905151,0.5143296122550964,0.005401916801929474,0.07618262618780136,0.0
51000,51000,255.0,1.275,joint,51000,S,True,True,True,25480,25520,0.637,127.6,0.9849202036857605,1.7235131581425667,1.6213910702105874,1.8185379581101613,0.001,0.001,253.7489060740918,1.994584321975708,1.9730192422866821,1.0123060941696167,0.5102934459424061,1.9429913759231567,0.9436385631561279,0.7572395205497742,0.0153126185759902,0.018114651719769278,1.463396476782506,0.001612209714949131,-0.001468762755393982,-0.0029926947318017483,1.9429913759231567,1.5292786359786987,1.8408492803573608,1.3110815286636353,1.1656972169876099,1.2033543586730957,1.1051377058029175,0.5141544342041016,0.005429519340395927,0.07497116178274155,0.0
51500,51500,257.5,1.2875,joint,51500,Sprime,True,True,True,25722,25778,0.64305,128.89,1.4836556911468506,1.711668588012457,1.576855892238538,1.8381208065290784,0.001,0.001,256.6241310592741,1.994584321975708,1.97279953956604,1.012324333190918,0.510331054433263,1.942735195159912,0.9436385631561279,0.7540515065193176,0.015356878750026226,0.018205374158177287,1.4585757449095282,0.0016320346621796489,-0.0014248548541218042,-0.00300267874263227,1.942735195159912,1.5276485681533813,1.8393442630767822,1.3109432458877563,1.1677824258804321,1.201512336730957,1.104358196258545,0.5125651359558105,0.0054730805568397045,0.07310142368078232,0.0
52000,52000,260.0,1.3,joint,52000,S,True,True,True,25975,26025,0.649375,130.125,0.37780681252479553,1.6793604239225388,1.488398264401515,1.8749613403550043,0.001,0.001,259.51666962355375,1.994584321975708,1.9725679159164429,1.012341856956482,0.5103698502678131,1.942468523979187,0.9436385631561279,0.7510387301445007,0.015416530892252922,0.01831271136641345,1.4540375732029223,0.0016484793741255999,-0.001379512483254075,-0.003030588151887059,1.942468523979187,1.526170015335083,1.8379634618759155,1.3108149766921997,1.1699879169464111,1.201261281967163,1.105980396270752,0.513159990310669,0.005481981672346592,0.07233835011720657,0.0
52500,52500,262.5,1.3125,joint,52500,Sprime,True,True,True,26211,26289,0.655275,131.445,1.81341552734375,1.6496974383592606,1.5312054061914904,1.7556221337819642,0.001,0.001,262.4068493861705,1.994584321975708,1.9723596572875977,1.0123640298843384,0.5104079731884406,1.942215919494629,0.9436385631561279,0.7479605078697205,0.015360459685325623,0.01828361377283891,1.4494267717646028,0.0016648848541080952,-0.0013395135756582022,-0.0030669779516756535,1.942215919494629,1.5246399641036987,1.8365106582641602,1.3106881380081177,1.171384572982788,1.1994104385375977,1.1040370464324951,0.5121620893478394,0.005481227766722441,0.07051129639148712,0.0
53000,53000,265.0,1.325,joint,53000,Sprime,True,True,True,26461,26539,0.661525,132.695,1.2446601390838623,1.6438610253930093,1.5431921867132188,1.7445298640727998,0.001,0.001,265.298835914582,1.994584321975708,1.9721444845199585,1.0123823881149292,0.5104450729652884,1.941964030265808,0.9436385631561279,0.7447009086608887,0.015233947895467281,0.018172667631540827,1.4445690348987512,0.0016832489054650068,-0.0013040584744885564,-0.003088562283664942,1.941964030265808,1.523045539855957,1.835010051727295,1.3105584383010864,1.1742866039276123,1.1975915431976318,1.1050245761871338,0.5113950371742249,0.005504288244992495,0.06814179569482803,0.0
53500,53500,267.5,1.3375,joint,53500,S,True,True,True,26706,26794,0.66765,133.97,0.5585893392562866,1.6619968408048154,1.5376528035621253,1.7814646412928898,0.001,0.001,268.1798641383648,1.994584321975708,1.9719128608703613,1.012399435043335,0.5104836464796226,1.9416983127593994,0.9436385631561279,0.7420148253440857,0.015298712067306042,0.018282927597038038,1.440571637723939,0.0017027019057422876,-0.0012471297523006797,-0.0031302780844271183,1.9416983127593994,1.5216748714447021,1.8337392807006836,1.3104232549667358,1.176450252532959,1.1961655616760254,1.1055660247802734,0.5104761123657227,0.005519087892025709,0.06660561263561249,0.0
54000,54000,270.0,1.35,joint,54000,Sprime,True,True,True,26953,27047,0.673825,135.235,2.568232297897339,1.7289381985366346,1.649729447145211,1.806268481515613,0.001,0.001,271.0674653593451,1.994584321975708,1.9716867208480835,1.012417197227478,0.5105218770320579,1.9414366483688354,0.9436385631561279,0.7385938167572021,0.015240640379488468,0.018255660114333924,1.4355100097889792,0.0017171244835481048,-0.0012184588704258204,-0.0031625714618712664,1.9414366483688354,1.520031213760376,1.832158088684082,1.310291051864624,1.178745985031128,1.1952828168869019,1.1068059206008911,0.5102413892745972,0.005544602870941162,0.06511320918798447,0.0
54500,54500,272.5,1.3625,joint,54500,S,True,True,True,27209,27291,0.680225,136.455,0.8062648773193359,1.7011508088856935,1.5785217293305323,1.8298108267796334,0.001,0.001,273.94436326250434,1.994584321975708,1.971458911895752,1.012434720993042,0.5105602095227759,1.941173791885376,0.9436385631561279,0.7354459762573242,0.015202493406832218,0.018248895964197626,1.4308722902568807,0.0017353566363453865,-0.001170479110442102,-0.0031774018425494432,1.941173791885376,1.518484115600586,1.8307057619094849,1.3101470470428467,1.1809613704681396,1.1953130960464478,1.1081527471542358,0.5111160278320312,0.0055710976012051105,0.06316804885864258,0.0
55000,55000,275.0,1.375,joint,55000,S,True,True,True,27449,27551,0.686225,137.755,0.7992783784866333,1.6372678560316563,1.4782074712216855,1.7840928266254754,0.001,0.001,276.18700303323567,1.994584321975708,1.9712327718734741,1.0124471187591553,0.5105957468642655,1.9409228563308716,0.9436385631561279,0.7326496839523315,0.015074670314788818,0.01812995805015795,1.4267748059006138,0.0017536673694849014,-0.001141848391853273,-0.0032018576748669147,1.9409228563308716,1.51707124710083,1.829415202140808,1.3100171089172363,1.182847261428833,1.19498610496521,1.1083662509918213,0.5117005705833435,0.005586294922977686,0.062028806656599045,0.0
55500,55500,277.5,1.3875,joint,55500,Sprime,True,True,True,27698,27802,0.69245,139.01,0.31592294573783875,1.5831136584281922,1.4959830247972863,1.669550024062039,0.001,0.001,278.4402042608708,1.994584321975708,1.9710253477096558,1.0124660730361938,0.5106321723523823,1.940677523612976,0.9436385631561279,0.7296580076217651,0.014999732375144958,0.018076776714946445,1.4224045620192736,0.0017732881242409348,-0.0010979053331539035,-0.0032151571940630674,1.940677523612976,1.5155644416809082,1.8279746770858765,1.309889793395996,1.1863924264907837,1.1942720413208008,1.1101579666137695,0.51224684715271,0.005594880320131779,0.06005740538239479,0.0
56000,56000,280.0,1.4,joint,56000,S,True,True,True,27933,28067,0.698325,140.335,0.9511143565177917,1.6296238096356392,1.4962328299562981,1.7479139236909038,0.001,0.001,280.6850573103875,1.994584321975708,1.9708057641983032,1.012481451034546,0.5106683746515236,1.9404271841049194,0.9436385631561279,0.7267045378684998,0.015046772547066212,0.018170278323259646,1.4181004125058652,0.001787563320249319,-0.0010609928285703063,-0.0032451471779495478,1.9404271841049194,1.5141218900680542,1.8266323804855347,1.3097590208053589,1.1909029483795166,1.1927284002304077,1.1123409271240234,0.5111140012741089,0.005607177037745714,0.058118343353271484,0.0
56500,56500,282.5,1.4125,joint,56500,S,True,True,True,28182,28318,0.70455,141.59,1.5669903755187988,1.7390244817137719,1.5774055494362091,1.8993556137341427,0.001,0.001,282.92298123054206,1.994584321975708,1.9705654382705688,1.0124939680099487,0.5107058273213577,1.9401618242263794,0.9436385631561279,0.7237024307250977,0.01511506736278534,0.018290569628431418,1.4137420155900133,0.0018074216786772013,-0.0009976045694202185,-0.003272122470661998,1.9401618242263794,1.5126067399978638,1.825253963470459,1.3096221685409546,1.1940553188323975,1.1921135187149048,1.1155202388763428,0.510442852973938,0.005635264795273542,0.05673641338944435,0.0
57000,57000,285.0,1.425,joint,57000,Sprime,True,True,True,28427,28573,0.710675,142.865,1.7033514976501465,1.6656631207317114,1.5258314818143845,1.8000111659660059,0.001,0.001,285.1700124386698,1.994584321975708,1.9703352451324463,1.012509822845459,0.5107436568914886,1.9398999214172363,0.9436385631561279,0.7209877371788025,0.014993716031312943,0.018177849439962063,1.4098274319967163,0.0018249541753903031,-0.0009821603307500482,-0.0032987201120704412,1.9398999214172363,1.5112391710281372,1.82401704788208,1.3094853162765503,1.1970007419586182,1.1908003091812134,1.1180105209350586,0.5095309019088745,0.00564638851210475,0.05561109632253647,0.0
57500,57500,287.5,1.4375,joint,57500,Sprime,True,True,True,28678,28822,0.71695,144.11,2.038266658782959,1.6304444603174926,1.4649238823300814,1.7972945208590194,0.001,0.001,287.40868821926415,1.994584321975708,1.9701085090637207,1.0125254392623901,0.5107809242013039,1.9396419525146484,0.9436385631561279,0.7183300852775574,0.015103149227797985,0.018344363400518225,1.4059956390570303,0.0018459968268871307,-0.0009324008715339005,-0.0033000719267874956,1.9396419525146484,1.5098992586135864,1.8228050470352173,1.3093546628952026,1.1992249488830566,1.190251111984253,1.118666410446167,0.5098043084144592,0.005660524126142263,0.05421515554189682,0.0
58000,58000,290.0,1.45,joint,58000,S,True,True,True,28923,29077,0.723075,145.385,1.781457781791687,1.7199034179151058,1.6125698664966894,1.8230278104543687,0.001,0.001,289.67054848745465,1.994584321975708,1.969883680343628,1.0125439167022705,0.5108193935514032,1.939380168914795,0.9436385631561279,0.7150734066963196,0.015092889778316021,0.018373599542564466,1.401328124195921,0.0018657720647752285,-0.0008866168791428208,-0.0033041187562048435,1.939380168914795,1.5082963705062866,1.8213696479797363,1.3092114925384521,1.1999951601028442,1.1897735595703125,1.1204086542129517,0.5101009011268616,0.0056815482676029205,0.05283341556787491,0.0
58500,58500,292.5,1.4625,joint,58500,Sprime,True,True,True,29153,29347,0.728825,146.735,0.7478955388069153,1.6814752768874168,1.490412053336268,1.8442328376902475,0.001,0.001,291.914655668661,1.994584321975708,1.96966552734375,1.0125652551651,0.5108584466792256,1.9391193389892578,0.9436385631561279,0.7118458151817322,0.015160994604229927,0.01849830282432244,1.3967184909523274,0.001883569872006774,-0.000845047936309129,-0.0033070784993469715,1.9391193389892578,1.5067322254180908,1.819876790046692,1.3090776205062866,1.2052477598190308,1.189012050628662,1.1254342794418335,0.5105680823326111,0.005721620749682188,0.05037358030676842,0.0
59000,59000,295.0,1.475,joint,59000,S,True,True,True,29398,29602,0.73495,148.01,0.7451245784759521,1.6620573284626008,1.5044645756483077,1.8134699733233919,0.001,0.001,294.1607082337141,1.994584321975708,1.9694335460662842,1.0125802755355835,0.5108961115311297,1.9388573169708252,0.9436385631561279,0.7091405987739563,0.015185808762907982,0.01856388678985568,1.3928729091292797,0.0019016261212527752,-0.0008065709844231606,-0.0033081918954849243,1.9388573169708252,1.50538969039917,1.818676471710205,1.3089460134506226,1.2074843645095825,1.1872106790542603,1.1289149522781372,0.5097506046295166,0.00574096804484725,0.04870603606104851,0.0
59500,59500,297.5,1.4875,joint,59500,S,True,True,True,29659,29841,0.741475,149.205,1.8204467296600342,1.6493000849187374,1.5415069632717475,1.767015585964195,0.001,0.001,296.4059911351651,1.994584321975708,1.9692010879516602,1.0125946998596191,0.5109335437005365,1.9385960102081299,0.9436385631561279,0.7063673138618469,0.014993750490248203,0.018365051132095227,1.388958894860235,0.001919945701956749,-0.0007833017152734101,-0.0033413348719477654,1.9385960102081299,1.504042387008667,1.8174357414245605,1.308809518814087,1.209452748298645,1.1870028972625732,1.12948739528656,0.5101068615913391,0.0057377563789486885,0.048095956444740295,0.0
60000,60000,300.0,1.5,joint,60000,S,True,True,True,29906,30094,0.74765,150.47,1.0029748678207397,1.6250647623240948,1.4742841044297585,1.772269594339514,0.001,0.001,298.64818001165986,1.994584321975708,1.9689667224884033,1.0126090049743652,0.5109711694051144,1.9383330345153809,0.9436385631561279,0.7036433219909668,0.014821138232946396,0.01818873235341628,1.3851283301808048,0.0019371354719623923,-0.000752003921661526,-0.0033648572862148285,1.9383330345153809,1.5026687383651733,1.816192388534546,1.3086739778518677,1.2106071710586548,1.1867703199386597,1.1320854425430298,0.5103474259376526,0.005766221322119236,0.047284580767154694,0.0
60500,60500,302.5,1.5125,joint,60500,S,True,True,True,30162,30338,0.75405,151.69,1.540999412536621,1.6148417377471924,1.4621909112902358,1.7749999818987534,0.001,0.001,300.8953902050853,1.994584321975708,1.9687501192092896,1.0126252174377441,0.5110074587343466,1.9380840063095093,0.9436385631561279,0.7008736729621887,0.014547471888363361,0.01788812466592291,1.3812543854501853,0.001954050036147237,-0.0007211853517219424,-0.0033822031691670418,1.9380840063095093,1.5013329982757568,1.8149319887161255,1.308550477027893,1.2114379405975342,1.1856876611709595,1.1309045553207397,0.5099945664405823,0.005751705262809992,0.04695683717727661,0.0
61000,61000,305.0,1.525,joint,61000,Sprime,True,True,True,30409,30591,0.760225,152.955,1.9178719520568848,1.6205107250213624,1.4378512400364587,1.798838364512553,0.001,0.001,303.1411611996591,1.994584321975708,1.968522071838379,1.0126429796218872,0.5110460211793043,1.9378204345703125,0.9436385631561279,0.6982443928718567,0.014330222271382809,0.01765413152881829,1.3775882595116549,0.001972861122339964,-0.000677607546094805,-0.003388410434126854,1.9378204345703125,1.5000298023223877,1.813717246055603,1.3084146976470947,1.2147319316864014,1.184943437576294,1.1347613334655762,0.5099654793739319,0.005769733339548111,0.045744556933641434,0.0
61500,61500,307.5,1.5375,joint,61500,S,True,True,True,30666,30834,0.76665,154.17,1.240033507347107,1.646293791025877,1.48558387496592,1.816262714595461,0.001,0.001,305.46553617715836,1.994584321975708,1.9682976007461548,1.012657642364502,0.5110825612308189,1.9375666379928589,0.9436385631561279,0.6954689025878906,0.014282923191785812,0.01763093736630154,1.3737227285523617,0.001989409327507019,-0.0006565541261807084,-0.0033912616781890392,1.9375666379928589,1.4986761808395386,1.8125007152557373,1.3082793951034546,1.2168335914611816,1.1840986013412476,1.1349226236343384,0.509788990020752,0.005781961604952812,0.045006632804870605,0.0
62000,62000,310.0,1.55,joint,62000,Sprime,True,True,True,30919,31081,0.772975,155.405,2.1266438961029053,1.6502971260249615,1.4946009022562872,1.809775444298138,0.001,0.001,308.3428862821311,1.994584321975708,1.9680739641189575,1.012673258781433,0.5111194800954593,1.9373117685317993,0.9436385631561279,0.6928202509880066,0.01425755675882101,0.017633234457645128,1.3700470822049842,0.0020061673130840063,-0.0006113802664913237,-0.0034273238852620125,1.9373117685317993,1.4973453283309937,1.8112393617630005,1.3081457614898682,1.2199269533157349,1.1832892894744873,1.1390042304992676,0.509762704372406,0.005804853979498148,0.043083541095256805,0.0
62500,62500,312.5,1.5625,joint,62500,Sprime,True,True,True,31162,31338,0.77905,156.69,1.6149816513061523,1.670730788886547,1.5117110223681838,1.821088000030369,0.001,0.001,311.22812954336405,1.994584321975708,1.9678479433059692,1.0126893520355225,0.5111569551408566,1.9370535612106323,0.9436385631561279,0.6899450421333313,0.014306719414889812,0.01773086692732697,1.3660685345988932,0.002025177236646414,-0.0005582321900874376,-0.003455967176705599,1.9370535612106323,1.4959222078323364,1.8099113702774048,1.3080095052719116,1.223227620124817,1.182377815246582,1.1420657634735107,0.5096669793128967,0.0058073243126273155,0.04207003861665726,0.0
63000,63000,315.0,1.575,joint,63000,S,True,True,True,31407,31593,0.785175,157.965,0.8121502995491028,1.6097613005042075,1.4335849175647812,1.7790288056813035,0.001,0.001,314.1171776447445,1.994584321975708,1.9676291942596436,1.0127073526382446,0.5111944543567435,1.9367988109588623,0.9436385631561279,0.6870840191841125,0.014214660041034222,0.017653414295505276,1.3621340741733912,0.0020407543051987886,-0.0005187220522202551,-0.0034797561820596457,1.9367988109588623,1.4945640563964844,1.8085907697677612,1.3078852891921997,1.224847435951233,1.182163119316101,1.1438665390014648,0.5097268223762512,0.005810481030493975,0.041480086743831635,0.0
63500,63500,317.5,1.5875,joint,63500,S,True,True,True,31653,31847,0.791325,159.235,2.668264627456665,1.6518905828893184,1.5267381869801662,1.7731011710533007,0.001,0.001,316.9946135710925,1.994584321975708,1.967400312423706,1.012723684310913,0.5112324333385443,1.936537265777588,0.9436385631561279,0.6842997670173645,0.014304213225841522,0.017800735165493124,1.3583106879833604,0.002059564460068941,-0.0004762546450365335,-0.003502130741253495,1.936537265777588,1.4932441711425781,1.807329535484314,1.3077462911605835,1.2286856174468994,1.182462453842163,1.147969365119934,0.5106062889099121,0.0058332388289272785,0.04064049944281578,0.0
64000,64000,320.0,1.6,joint,64000,Sprime,True,True,True,31909,32091,0.797725,160.455,1.1617176532745361,1.6525404957830907,1.5011823891545646,1.8113424437212162,0.001,0.001,319.8366464264691,1.994584321975708,1.967172622680664,1.0127384662628174,0.5112694811968127,1.9362800121307373,0.9436385631561279,0.6817095875740051,0.014199620112776756,0.01770411346904857,1.3547784412429875,0.002078169723972678,-0.0004382831393741071,-0.0035175622906535864,1.9362800121307373,1.491965413093567,1.8061622381210327,1.3076074123382568,1.2323949337005615,1.181617021560669,1.15455162525177,0.5106019973754883,0.005866632331162691,0.03890949860215187,0.0
64500,64500,322.5,1.6125,joint,64500,S,True,True,True,32164,32336,0.8041,161.68,1.610872745513916,1.6252972739338876,1.4421941334126043,1.815874012027468,0.001,0.001,322.0792110003531,1.994584321975708,1.9669480323791504,1.0127533674240112,0.5113061923919497,1.936025619506836,0.9436385631561279,0.6789271235466003,0.014169146306812763,0.017702282402996903,1.3509942475484946,0.002095538191497326,-0.0004087362322025001,-0.003532776143401861,1.936025619506836,1.4906021356582642,1.8048713207244873,1.307478666305542,1.2338374853134155,1.1806102991104126,1.154471755027771,0.5099782347679138,0.005874783731997013,0.03842267021536827,0.0
65000,65000,325.0,1.625,joint,65000,Sprime,True,True,True,32419,32581,0.810475,162.905,2.083001136779785,1.6848410215973855,1.519153923146865,1.857290858760172,0.001,0.001,324.33879123441875,1.994584321975708,1.9667210578918457,1.012770175933838,0.5113441824007929,1.935765027999878,0.9436385631561279,0.6759269833564758,0.014106130227446556,0.01766262126506168,1.34693305888476,0.002112249145284295,-0.0003791021299548447,-0.0035445739049464464,1.935765027999878,1.489174246788025,1.8035587072372437,1.3073514699935913,1.2376055717468262,1.1787071228027344,1.1591448783874512,0.5091116428375244,0.005890284199267626,0.0367366261780262,0.0
65500,65500,327.5,1.6375,joint,65500,Sprime,True,True,True,32683,32817,0.817075,164.085,2.5668928623199463,1.6350756434798241,1.4701831454806256,1.8195316581907919,0.001,0.001,327.218713786453,1.994584321975708,1.966508150100708,1.0127921104431152,0.5113829377406928,1.9355082511901855,0.9436385631561279,0.6730666756629944,0.014053336344659328,0.017633866797322897,1.3430774952385638,0.002124959137290716,-0.00034984483500011265,-0.0035487120039761066,1.9355082511901855,1.4877705574035645,1.8022300004959106,1.307224154472351,1.2408976554870605,1.1785320043563843,1.1643903255462646,0.5099703669548035,0.0059217121452093124,0.03559671342372894,0.0
66000,66000,330.0,1.65,joint,66000,S,True,True,True,32930,33070,0.82325,165.35,1.4547759294509888,1.6839855724573136,1.588547746541529,1.7771600507229213,0.001,0.001,330.1050007287413,1.994584321975708,1.9662691354751587,1.0128093957901,0.5114227463095815,1.9352346658706665,0.9436385631561279,0.6705657243728638,0.013981267809867859,0.017576121207395164,1.3397211768799226,0.0021460249554365873,-0.00031694918288849294,-0.0035747382789850235,1.9352346658706665,1.4865591526031494,1.8010802268981934,1.3070811033248901,1.244122862815857,1.1774989366531372,1.1683282852172852,0.5099778771400452,0.005943262483924627,0.03428450971841812,0.0
66500,66500,332.5,1.6625,joint,66500,S,True,True,True,33191,33309,0.829775,166.545,0.6629510521888733,1.630516792178154,1.5100878273847003,1.7620312683751893,0.001,0.001,332.9842728301883,1.994584321975708,1.966058373451233,1.0128278732299805,0.5114594886758678,1.93498694896698,0.9436385631561279,0.6676620841026306,0.013896138407289982,0.017507048459895824,1.3358401910983606,0.0021614893339574337,-0.0002888049930334091,-0.0036075811367481947,1.93498694896698,1.4851789474487305,1.7997410297393799,1.306957721710205,1.2467753887176514,1.1759169101715088,1.1715728044509888,0.5096492767333984,0.00595163693651557,0.03307853639125824,0.0
67000,67000,335.0,1.675,joint,67000,Sprime,True,True,True,33429,33571,0.835725,167.855,0.5744922757148743,1.6301666372716428,1.469281687330799,1.7763140345461497,0.001,0.001,335.87890300899744,1.994584321975708,1.9658392667770386,1.0128436088562012,0.5114959374136214,1.9347363710403442,0.9436385631561279,0.6649050712585449,0.013914968818426132,0.01756707981440611,1.3321652389462568,0.002179195638746023,-0.0002609514049254358,-0.00363271520473063,1.9347363710403442,1.4838497638702393,1.7985256910324097,1.3068346977233887,1.2494754791259766,1.1746572256088257,1.1746563911437988,0.5095154047012329,0.005971238017082214,0.031827379018068314,0.0
67500,67500,337.5,1.6875,joint,67500,S,True,True,True,33677,33823,0.841925,169.115,3.308948278427124,1.6780121763050557,1.533977478442173,1.8197606091224958,0.001,0.001,338.7610923573375,1.994584321975708,1.9655976295471191,1.012856364250183,0.5115338183614175,1.934469223022461,0.9436385631561279,0.6620088219642639,0.013887614011764526,0.017570855555712847,1.3283236865879946,0.0021979452576488256,-0.00022450732649303973,-0.003653076011687517,1.934469223022461,1.482466220855713,1.797258973121643,1.3066954612731934,1.2532674074172974,1.174485683441162,1.1805378198623657,0.5105705857276917,0.005998620297759771,0.03067176602780819,0.0
68000,68000,340.0,1.7,joint,68000,S,True,True,True,33922,34078,0.84805,170.39,0.31123480200767517,1.5533824483454228,1.4523480642206814,1.6504546997593899,0.001,0.001,341.6377879213542,1.994584321975708,1.9653874635696411,1.012874960899353,0.5115705602786098,1.934221863746643,0.9436385631561279,0.659241795539856,0.013799493201076984,0.01749596614740466,1.3246726308367618,0.0022175402846187353,-0.00019249104661867023,-0.0036696093156933784,1.934221863746643,1.4811325073242188,1.7960554361343384,1.3065727949142456,1.2554820775985718,1.1736078262329102,1.1826369762420654,0.5103801488876343,0.0060164229944348335,0.03029772825539112,0.0
68500,68500,342.5,1.7125,joint,68500,Sprime,True,True,True,34166,34334,0.85415,171.67,0.6129639148712158,1.5732215206325053,1.4677021140080007,1.6737947050714865,0.001,0.001,344.5192987397313,1.994584321975708,1.9651678800582886,1.012892723083496,0.5116081119706123,1.9339667558670044,0.9436385631561279,0.6564388871192932,0.013759014196693897,0.017481847530194473,1.3209871294544482,0.0022346177138388157,-0.00015685224207118154,-0.0036723329685628414,1.9339667558670044,1.4797998666763306,1.7947851419448853,1.3064496517181396,1.2590001821517944,1.1734331846237183,1.1868044137954712,0.5113018155097961,0.0060316696763038635,0.029488589614629745,0.0
69000,69000,345.0,1.725,joint,69000,S,True,True,True,34415,34585,0.860375,172.925,1.8340364694595337,1.6603440586328506,1.5064912831567856,1.812970915579226,0.001,0.001,347.39578174613416,1.994584321975708,1.9649479389190674,1.0129116773605347,0.5116463181715992,1.933708906173706,0.9436385631561279,0.6536694765090942,0.013831956312060356,0.017611715665980163,1.3173548763641973,0.002252349629998207,-0.0001347050565527752,-0.0036745802499353886,1.933708906173706,1.478518009185791,1.793555498123169,1.3063125610351562,1.2612278461456299,1.1731714010238647,1.1900850534439087,0.5118093490600586,0.006050500553101301,0.029023217037320137,0.0
69500,69500,347.5,1.7375,joint,69500,S,True,True,True,34666,34834,0.86665,174.17,1.276252269744873,1.6517122700810432,1.5545830554458724,1.7496216390506332,0.001,0.001,350.21963958628476,1.994584321975708,1.964722990989685,1.0129276514053345,0.5116836767517606,1.9334520101547241,0.9436385631561279,0.6510185599327087,0.013801747001707554,0.017608993647219306,1.3138979268116213,0.0022711174096912146,-0.00010531024599913508,-0.003687025047838688,1.9334520101547241,1.477286458015442,1.7923457622528076,1.3061829805374146,1.2646349668502808,1.1734304428100586,1.1942628622055054,0.5125359296798706,0.006063766311854124,0.028490591794252396,0.0
70000,70000,350.0,1.75,joint,70000,Sprime,True,True,True,34907,35093,0.872675,175.465,0.406064510345459,1.6114925142526626,1.5034045915880638,1.7120685349560152,0.001,0.001,353.10405208170414,1.994584321975708,1.9644948244094849,1.0129470825195312,0.5117232069422857,1.9331849813461304,0.9436385631561279,0.6487002372741699,0.01369305420666933,0.01750150750979591,1.3108907362479125,0.0022908735554665327,-8.318672189489007e-05,-0.003711813362315297,1.9331849813461304,1.4761576652526855,1.7912591695785522,1.3060444593429565,1.267526626586914,1.1735484600067139,1.197501301765442,0.5135676860809326,0.006077058147639036,0.028064411133527756,0.0
70500,70500,352.5,1.7625,joint,70500,S,True,True,True,35174,35326,0.87935,176.63,0.7858193516731262,1.6691977953910828,1.5808881738882385,1.7703937994308225,0.001,0.001,355.9884971193969,1.994584321975708,1.9642622470855713,1.0129624605178833,0.5117612703458493,1.9329216480255127,0.9436385631561279,0.6462109088897705,0.013605210930109024,0.01742269349190049,1.3076720731145994,0.00230855168774724,-6.107683293521404e-05,-0.0037223859690129757,1.9329216480255127,1.4749575853347778,1.7901259660720825,1.3059096336364746,1.271491527557373,1.1728798151016235,1.20354163646698,0.5140222311019897,0.006098603364080191,0.027037054300308228,0.0
71000,71000,355.0,1.775,joint,71000,S,True,True,True,35442,35558,0.88605,177.79,0.8544194102287292,1.6084857332408429,1.3945409888540632,1.8556288000324677,0.001,0.001,358.8672977350652,1.994584321975708,1.9640454053878784,1.01297926902771,0.5117980125700192,1.9326711893081665,0.9436385631561279,0.6434839963912964,0.013633142225444317,0.017495415052734924,1.3041536663531972,0.002326068002730608,-3.694915722007863e-05,-0.0037415686529129744,1.9326711893081665,1.4736372232437134,1.7889142036437988,1.3057788610458374,1.2735724449157715,1.1716294288635254,1.206032633781433,0.5135610699653625,0.006098558660596609,0.02636464685201645,0.0
71500,71500,357.5,1.7875,joint,71500,Sprime,True,True,True,35697,35803,0.892425,179.015,1.166951060295105,1.6347851711809636,1.5214037935523426,1.752794360141365,0.001,0.001,362.0988068152219,1.994584321975708,1.9638088941574097,1.0129930973052979,0.5118358178514378,1.932407021522522,0.9436385631561279,0.641278088092804,0.013586742803454399,0.017465833414109785,1.3013221249833091,0.0023400355130434036,-1.1409950275265146e-05,-0.003757049096748233,1.932407021522522,1.4725745916366577,1.7878787517547607,1.3056461811065674,1.277553677558899,1.1694490909576416,1.2120673656463623,0.5118640065193176,0.006129076238721609,0.025052187964320183,0.0
72000,72000,360.0,1.8,joint,72000,S,True,True,True,35951,36049,0.898775,180.245,1.7517648935317993,1.5881909245848655,1.4937453904724496,1.685707858180612,0.001,0.001,364.9907222054899,1.994584321975708,1.9635812044143677,1.0130118131637573,0.5118749494269935,1.932141900062561,0.9436385631561279,0.6387093663215637,0.013468499295413494,0.017348611638313936,1.298040591555714,0.0023582656867802143,2.0301436961744912e-05,-0.0037748622708022594,1.932141900062561,1.4713547229766846,1.786728024482727,1.3055015802383423,1.2796858549118042,1.1682929992675781,1.2147612571716309,0.5122987031936646,0.006145931780338287,0.02417786978185177,0.0
72500,72500,362.5,1.8125,joint,72500,Sprime,True,True,True,36181,36319,0.904525,181.595,1.6198759078979492,1.6560680188238621,1.4700967218564904,1.8144880125368084,0.001,0.001,367.8822237085551,1.994584321975708,1.9633458852767944,1.013033390045166,0.511916527649135,1.9318634271621704,0.9436385631561279,0.6361172795295715,0.013436800800263882,0.01734300870293994,1.2947378359599728,0.0023772360291332006,4.406557127367705e-05,-0.003773998934775591,1.9318634271621704,1.4701168537139893,1.7855770587921143,1.3053559064865112,1.2842600345611572,1.1662757396697998,1.2199742794036865,0.5105296969413757,0.006160030607134104,0.02297614887356758,0.0
73000,73000,365.0,1.825,joint,73000,Sprime,True,True,True,36437,36563,0.910925,182.815,1.277641773223877,1.6009765858054161,1.5070903258165345,1.6994802028429312,0.001,0.001,370.7643132470548,1.994584321975708,1.9631115198135376,1.0130481719970703,0.511954554450491,1.931599497795105,0.9436385631561279,0.6338787078857422,0.01346865389496088,0.017414791157085538,1.2918931449107751,0.0023941360414028168,6.212663720361888e-05,-0.003786300076171756,1.931599497795105,1.469016432762146,1.7845486402511597,1.3052220344543457,1.2860031127929688,1.1655827760696411,1.2209999561309814,0.5104264616966248,0.006158630829304457,0.02266370691359043,0.0
73500,73500,367.5,1.8375,joint,73500,Sprime,True,True,True,36686,36814,0.91715,184.07,1.7842750549316406,1.5949340503811835,1.4723887285554265,1.7165029154593252,0.001,0.001,373.6432087626308,1.994584321975708,1.9628952741622925,1.0130683183670044,0.511992935580934,1.9313429594039917,0.9436385631561279,0.6312344074249268,0.01333655696362257,0.01728007218053547,1.2885548874891721,0.0024084022734314203,9.480876906309277e-05,-0.003814532421529293,1.9313429594039917,1.467729091644287,1.7833476066589355,1.3050849437713623,1.2895950078964233,1.1637619733810425,1.2248516082763672,0.5093553066253662,0.006167522631585598,0.021755263209342957,0.0
74000,74000,370.0,1.85,joint,74000,Sprime,True,True,True,36961,37039,0.924025,185.195,0.9126326441764832,1.5874010491073132,1.4845950915054842,1.7130527750651041,0.001,0.001,376.5221124906093,1.994584321975708,1.9626621007919312,1.013083815574646,0.5120311808202336,1.9310787916183472,0.9436385631561279,0.6288449764251709,0.01344677060842514,0.017455944721533702,1.2855381109709443,0.0024229835253208876,0.00011817111953860149,-0.0038183729629963636,1.9310787916183472,1.4665685892105103,1.782283902168274,1.3049525022506714,1.291448950767517,1.1624596118927002,1.2278506755828857,0.5083191394805908,0.006179681047797203,0.02120596170425415,0.0
74500,74500,372.5,1.8625,joint,74500,S,True,True,True,37219,37281,0.930475,186.405,0.48697349429130554,1.6140562360286712,1.4610275986582735,1.777202469258269,0.001,0.001,379.36352411843836,1.994584321975708,1.9624403715133667,1.0131027698516846,0.5120696866911331,1.9308191537857056,0.9436385631561279,0.626274049282074,0.013407894410192966,0.017441166684553144,1.2823133794144974,0.002441957127302885,0.00016294574015773833,-0.0038406485691666603,1.9308191537857056,1.4652761220932007,1.78110671043396,1.304809331893921,1.2937394380569458,1.1617523431777954,1.2295948266983032,0.5086449384689331,0.0061805108562111855,0.02066340483725071,0.0
75000,75000,375.0,1.875,joint,75000,S,True,True,True,37451,37549,0.936275,187.745,0.8381435871124268,1.5994096193313598,1.4275138608725935,1.7482149027732772,0.001,0.001,381.62067337706685,1.994584321975708,1.9622175693511963,1.0131237506866455,0.5121093629258441,1.9305543899536133,0.9436385631561279,0.6236025094985962,0.013255614787340164,0.017279974904476914,1.2789824050815277,0.002457540715113282,0.00019313802476972342,-0.0038431219290941954,1.9305543899536133,1.4639970064163208,1.779971957206726,1.3046754598617554,1.2973911762237549,1.161016821861267,1.2351385354995728,0.5083368420600891,0.006203863304108381,0.02012883871793747,0.0
75500,75500,377.5,1.8875,joint,75500,Sprime,True,True,True,37699,37801,0.942475,189.005,0.7354563474655151,1.584684660702944,1.4752691292594518,1.6923634376790788,0.001,0.001,383.8596798963845,1.994584321975708,1.9619930982589722,1.0131429433822632,0.5121483592286549,1.9302915334701538,0.9436385631561279,0.6212568283081055,0.013200380839407444,0.017240427603667154,1.2760652844861977,0.0024774023331701756,0.00021201781055424362,-0.003871255787089467,1.9302915334701538,1.4628640413284302,1.778908610343933,1.3045401573181152,1.2994035482406616,1.1605627536773682,1.2367933988571167,0.5094698667526245,0.006216014735400677,0.019582822918891907,0.0
76000,76000,380.0,1.9,joint,76000,Sprime,True,True,True,37917,38083,0.947925,190.415,1.8094171285629272,1.5872604166269302,1.4034312758423866,1.7293694687227832,0.001,0.001,386.10405044443905,1.994584321975708,1.9617725610733032,1.0131604671478271,0.5121860044299633,1.930035948753357,0.9436385631561279,0.6186825037002563,0.01322608720511198,0.017309902606863905,1.272871919494665,0.002496184781193733,0.00022055987210478634,-0.0038786588702350855,1.930035948753357,1.4616408348083496,1.777829885482788,1.3044087886810303,1.3024886846542358,1.1608121395111084,1.240505576133728,0.5103407502174377,0.006237352266907692,0.019324833527207375,0.0
76500,76500,382.5,1.9125,joint,76500,S,True,True,True,38156,38344,0.9539,191.72,1.5761489868164062,1.658594241052866,1.4853791019033686,1.8172088703889957,0.001,0.001,388.3526319619268,1.994584321975708,1.96152925491333,1.0131787061691284,0.5122269899673132,1.9297561645507812,0.9436385631561279,0.6164417266845703,0.013281060382723808,0.017413412852723936,1.270101367143437,0.0025136577896773815,0.0002487630699761212,-0.0038980687968432903,1.9297561645507812,1.460517168045044,1.7768031358718872,1.3042658567428589,1.3051973581314087,1.1597230434417725,1.2436081171035767,0.5103512406349182,0.0062498608604073524,0.01867256499826908,0.0
77000,77000,385.0,1.925,joint,77000,S,True,True,True,38428,38572,0.9607,192.86,1.9663589000701904,1.6182374969124793,1.5178449381800259,1.7380040582073362,0.001,0.001,390.60961693897843,1.994584321975708,1.9612983465194702,1.0131959915161133,0.5122658813094113,1.9294906854629517,0.9436385631561279,0.6140927076339722,0.013173142448067665,0.01730491927451447,1.2672165280806706,0.002527664415538311,0.00028209140873514116,-0.003917037975043058,1.9294906854629517,1.4594241380691528,1.7757594585418701,1.3041326999664307,1.3079123497009277,1.158064842224121,1.2450982332229614,0.509810745716095,0.0062529463320970535,0.017840709537267685,0.0
77500,77500,387.5,1.9375,joint,77500,S,True,True,True,38678,38822,0.96695,194.11,0.7256551384925842,1.5791154707372188,1.477647801697254,1.6805831397771835,0.001,0.001,392.8754950687289,1.994584321975708,1.9610786437988281,1.01321280002594,0.5123030742402649,1.9292373657226562,0.9436385631561279,0.6118095517158508,0.013125604949891567,0.017274614404158135,1.2644201024355108,0.0025447711814194918,0.00029367447132244706,-0.003926459699869156,1.9292373657226562,1.4583216905593872,1.7747396230697632,1.3039968013763428,1.3095532655715942,1.1572431325912476,1.2464021444320679,0.5091561079025269,0.0062528676353394985,0.017459364607930183,0.0
78000,78000,390.0,1.95,joint,78000,Sprime,True,True,True,38920,39080,0.973,195.4,0.92302405834198,1.5717459939718246,1.4762592779333927,1.6613110532016717,0.001,0.001,395.13033134303987,1.994584321975708,1.9608573913574219,1.013230323791504,0.5123408370738545,1.928981065750122,0.9436385631561279,0.6094906330108643,0.013133781962096691,0.01731822764501295,1.2615875771460898,0.0025639808736741543,0.0003226897679269314,-0.003946857526898384,1.928981065750122,1.4571841955184937,1.7736903429031372,1.3038626909255981,1.3130643367767334,1.1562312841415405,1.2505440711975098,0.5081441402435303,0.00627266988158226,0.01707008108496666,0.0
78500,78500,392.5,1.9625,joint,78500,S,True,True,True,39174,39326,0.97935,196.63,1.6561425924301147,1.5991812621355057,1.4943766225510695,1.7073941826820374,0.001,0.001,397.3716079071164,1.994584321975708,1.960626482963562,1.0132485628128052,0.5123802292038627,1.9287136793136597,0.9436385631561279,0.6070418357849121,0.012972458265721798,0.017139972885813815,1.258616958921566,0.0025775954127311707,0.00035047309938818216,-0.003935185726732016,1.9287136793136597,1.4560075998306274,1.772621750831604,1.3037235736846924,1.3156483173370361,1.1572171449661255,1.2542383670806885,0.5101953148841858,0.0063069527968764305,0.017156535759568214,0.0
79000,79000,395.0,1.975,joint,79000,S,True,True,True,39442,39558,0.98605,197.79,0.7917718291282654,1.6142304761707782,1.4986218973549443,1.7477783172166552,0.001,0.001,399.6130832955241,1.994584321975708,1.960402488708496,1.0132681131362915,0.5124193872618032,1.928450584411621,0.9436385631561279,0.6046317219734192,0.013062844052910805,0.017293760394267464,1.2556919813024023,0.002594422549009323,0.00038758342270739377,-0.003945596050471067,1.928450584411621,1.454879641532898,1.7714921236038208,1.3035849332809448,1.317775011062622,1.1553884744644165,1.2556043863296509,0.5092648267745972,0.0063187857158482075,0.01655488833785057,0.0
79500,79500,397.5,1.9875,joint,79500,Sprime,True,True,True,39685,39815,0.992125,199.075,0.8347785472869873,1.652595986843109,1.5349925884003501,1.7637929744757568,0.001,0.001,401.85457450710237,1.994584321975708,1.9601736068725586,1.0132821798324585,0.5124564170746176,1.9281935691833496,0.9436385631561279,0.6023483276367188,0.012980198487639427,0.017216887385501516,1.2529402745765565,0.002613598247990012,0.0004130484885536134,-0.003969953861087561,1.9281935691833496,1.453792929649353,1.7704639434814453,1.3034601211547852,1.3192145824432373,1.1540896892547607,1.2562899589538574,0.5088266134262085,0.006322038825601339,0.016161829233169556,0.0
80000,80000,400.0,2.0,joint,80000,Sprime,True,True,True,39928,40072,0.9982,200.36,1.594139575958252,1.6252196973264217,1.4593818360027462,1.782023589550753,0.001,0.001,404.10295964963734,1.994584321975708,1.9599319696426392,1.0132958889007568,0.5124949397522904,1.9279245138168335,0.9436385631561279,0.6003285646438599,0.013012662529945374,0.017288958127323825,1.2505094646304822,0.0026347560342401266,0.00044585217256098986,-0.003991769161075354,1.9279245138168335,1.4527682065963745,1.7694989442825317,1.3033164739608765,1.3217943906784058,1.1538410186767578,1.2573940753936768,0.509641170501709,0.006323411129415035,0.015777412801980972,0.0
80400,80400,402.0,2.01,joint,80400,Sprime,True,True,True,40121,40279,1.003025,201.395,0.8977247476577759,1.6023026721552014,1.5031199185805,1.6947774134108409,0.001,0.001,406.1930107101798,1.994584321975708,1.9597581624984741,1.0133111476898193,0.5125253831228608,1.9277201890945435,0.9436385631561279,0.5982919335365295,0.01306709460914135,0.017390802436581414,1.2480654776871922,0.002649248344823718,0.00045074959052726626,-0.003994723781943321,1.9277201890945435,1.4518277645111084,1.7685853242874146,1.3032066822052002,1.3234226703643799,1.154064416885376,1.259889006614685,0.5104345679283142,0.006336636375635862,0.015768373385071754,0.0
